Name,Term,ES,NES,NOM p-val,FDR q-val,FWER p-val,Tag %,Gene %,Lead_genes,population,gene_set_db
prerank,HALLMARK_BILE_ACID_METABOLISM,-0.7587228418248353,-1.4860475231532206,0.012526096033402923,0.21490049637961656,0.214,14/38,9.85%,HSD17B6;PRDX5;ABCA3;IDI1;CAT;FADS1;HSD17B4;DHCR24;SCP2;ACSL1;ALDH9A1;HSD17B11;ALDH1A1;PHYH,KRT8+ DATP,Hallmark
prerank,HALLMARK_PEROXISOME,-0.7396922537062556,-1.4614830002677415,0.012320328542094456,0.1518511771938613,0.288,18/47,10.45%,PRDX5;FDPS;IDI1;CAT;FADS1;HSD17B4;SLC25A4;DHCR24;SCP2;ACSL1;ALDH9A1;HSD17B11;SOD2;ALDH1A1;RDH11;ACSL4;ECH1;CADM1,KRT8+ DATP,Hallmark
prerank,HALLMARK_CHOLESTEROL_HOMEOSTASIS,-0.7197093174822895,-1.4322800771486905,0.024691358024691357,0.15037114622705952,0.39,20/52,11.00%,FABP5;FASN;SCD;LPL;TMEM97;FDPS;IDI1;EBP;ACAT2;LGMN;SQLE;HMGCS1;HMGCR;PMVK;DHCR7;TM7SF2;CD9;ECH1;MVD;PCYT2,KRT8+ DATP,Hallmark
prerank,HALLMARK_ALLOGRAFT_REJECTION,-0.7256066305061167,-1.4226860625897748,0.01642710472279261,0.12787467553167267,0.428,12/49,9.03%,C2;RPS3A;HLA-DRA;RPL9;RPS9;RPL39;CD74;B2M;RPS19;HLA-DMA;CTSS;CCND3,KRT8+ DATP,Hallmark
prerank,HALLMARK_INTERFERON_ALPHA_RESPONSE,-0.7058423098773645,-1.376237295420078,0.03319502074688797,0.19074639100141175,0.626,5/37,6.70%,LAMP3;TXNIP;CD74;B2M;PSMA3,KRT8+ DATP,Hallmark
prerank,HALLMARK_KRAS_SIGNALING_UP,-0.6922172258339981,-1.3742291263505417,0.016260162601626018,0.16221139396147366,0.64,15/54,13.49%,SLPI;CA2;PIGR;TFPI;ETV1;RGS16;MALL;ETV5;CTSS;GADD45G;SDCCAG8;GUCY1A1;BMP2;TRIB1;ID2,KRT8+ DATP,Hallmark
prerank,HALLMARK_KRAS_SIGNALING_DN,-0.7040805642020714,-1.3638882174136684,0.08459869848156182,0.1562912700942666,0.686,4/23,7.88%,SELENOP;FGGY;BTG2;GPRC5C,KRT8+ DATP,Hallmark
prerank,HALLMARK_UV_RESPONSE_UP,-0.6667651100804903,-1.3247698846867866,0.034274193548387094,0.2184525706999408,0.826,27/75,13.94%,CA2;FOS;NFKBIA;JUNB;EPHX1;BTG1;CXCL2;BTG2;SLC25A4;CREG1;TST;ALDOA;AP2S1;TMBIM6;SULT1A1;SOD2;MAOA;AMD1;NUP58;CCND3;FOSB;BMP2;EPCAM;MRPL23;NR4A1;ACAA1;IL6ST,KRT8+ DATP,Hallmark
prerank,HALLMARK_COMPLEMENT,-0.6624508771071499,-1.3178780451279801,0.046747967479674794,0.2074016728144876,0.85,20/74,14.13%,CTSH;C2;CA2;APOC1;CD36;LGMN;CD59;SERPINA1;SERPING1;F3;CTSS;CTSC;S100A9;CPM;ANG;LAMP2;USP8;CEBPB;FDX1;C3,KRT8+ DATP,Hallmark
prerank,HALLMARK_OXIDATIVE_PHOSPHORYLATION,-0.6383856326134832,-1.3037916512922525,0.006072874493927126,0.2163213261077463,0.89,87/174,22.56%,CYB5A;LDHB;NDUFA4;ATP6V0E1;ATP5PO;NDUFC2;COX7A2;MGST3;COX7C;SLC25A5;ATP5F1E;SLC25A4;UQCR10;ACAT1;UQCRB;MTRR;COX6C;NDUFB1;ATP5F1A;NDUFB8;MPC1;SLC25A6;ATP5MG;NDUFB5;COX4I1;ALDH6A1;UQCR11;POR;ECHS1;MRPS15;SURF1;ATP5F1B;ECH1;GPX4;COX6A1;PHYH;SUCLG1;UQCRQ;HSD17B10;ATP5PB;RHOT1;NDUFA2;ACAA2;COX7B;SLC25A3;OAT;COX17;SDHB;COX5B;COX7A2L;ATP5MC2;ACAA1;FDX1;ATP6V0B;UQCRC2;UQCRFS1;BDH2;NDUFS7;MDH1;LDHA;NDUFV2;IDH3B;ATP6V1G1;SLC25A11;NDUFS4;CYCS;ETFB;TIMM13;ECI1;SDHD;ISCU;NDUFB3;ATP5PD;NDUFS8;NDUFC1;NDUFA5;NDUFB6;TOMM22;MRPL11;NDUFA8;VDAC3;NDUFA6;NDUFB7;FH;COX8A;COX11;NDUFS2,KRT8+ DATP,Hallmark
prerank,HALLMARK_XENOBIOTIC_METABOLISM,-0.6484062882150096,-1.3003117644754345,0.032520325203252036,0.20230677833483063,0.896,25/83,13.60%,CYB5A;CA2;PMM1;DCXR;EPHX1;BLVRB;TMEM97;CD36;CAT;IGFBP4;DDT;PGRMC1;ALDH9A1;ADH5;TMBIM6;FBP1;MAOA;POR;ECH1;DHRS7;SPINT2;DHPS;CES1;ID2;ASL,KRT8+ DATP,Hallmark
prerank,HALLMARK_P53_PATHWAY,-0.6380926874609812,-1.2975551288042808,0.014227642276422764,0.1929960380709504,0.91,25/111,10.92%,AK1;LDHB;FOS;RPS12;NUPR1;TXNIP;PMM1;RPL18;DCXR;RACK1;EPHX1;RPL36;BTG1;BTG2;JUN;CEBPA;RGS16;DRAM1;ALOX15B;TOB1;SAT1;CCND3;NDRG1;TSC22D1;BMP2,KRT8+ DATP,Hallmark
prerank,REACTOME_KERATINIZATION,0.9424406385290193,2.480522383075505,0.0,0.012757136022962846,0.01,4/19,0.27%,KRT8;KRT7;KRT19;KRT18,KRT8+ DATP,Reactome
prerank,REACTOME_FORMATION_OF_THE_CORNIFIED_ENVELOPE,0.9424406385290193,2.480522383075505,0.0,0.012757136022962846,0.01,4/19,0.27%,KRT8;KRT7;KRT19;KRT18,KRT8+ DATP,Reactome
prerank,REACTOME_SELENOAMINO_ACID_METABOLISM,-0.9283137520579821,-1.8721478227799304,0.0,0.0,0.0,71/89,4.61%,RPS4X;RPS27;RPL11;RPL34;RPLP1;RPS14;RPS25;RPL10;RPS23;RPL19;RPS12;RPL21;RPS6;RPS3;RPS28;RPL5;RPS3A;RPS15A;RPS13;RPL30;RPL32;RPS15;RPL23A;RPL6;RPS11;RPL7;RPL10A;RPS16;RPL9;RPL18;RPL41;RPL35A;RPL13;RPS9;RPS2;RPS24;RPL3;RPL39;RPL12;RPS29;RPL28;RPLP2;RPL37A;RPL24;RPL23;RPL18A;RPS20;RPL14;FAU;RPL8;RPS8;RPL22;RPS27A;RPS7;RPL29;RPL36;RPLP0;RPL37;RPS10;RPS5;RPL7A;RPL15;RPL31;RPL26;RPL38;UBA52;RPL27A;RPS19;RPL35;RPS17;RPL27,KRT8+ DATP,Reactome
prerank,REACTOME_RESPONSE_OF_EIF2AK4_GCN2_TO_AMINO_ACID_DEFICIENCY,-0.9285619323462082,-1.8713007637352563,0.0,0.0,0.0,71/88,4.61%,RPS4X;RPS27;RPL11;RPL34;RPLP1;RPS14;RPS25;RPL10;RPS23;RPL19;RPS12;RPL21;RPS6;RPS3;RPS28;RPL5;RPS3A;RPS15A;RPS13;RPL30;RPL32;RPS15;RPL23A;RPL6;RPS11;RPL7;RPL10A;RPS16;RPL9;RPL18;RPL41;RPL35A;RPL13;RPS9;RPS2;RPS24;RPL3;RPL39;RPL12;RPS29;RPL28;RPLP2;RPL37A;RPL24;RPL23;RPL18A;RPS20;RPL14;FAU;RPL8;RPS8;RPL22;RPS27A;RPS7;RPL29;RPL36;RPLP0;RPL37;RPS10;RPS5;RPL7A;RPL15;RPL31;RPL26;RPL38;UBA52;RPL27A;RPS19;RPL35;RPS17;RPL27,KRT8+ DATP,Reactome
prerank,REACTOME_EUKARYOTIC_TRANSLATION_ELONGATION,-0.9326683595869698,-1.8704927727990903,0.0,0.0,0.0,72/83,4.61%,RPS4X;RPS27;RPL11;EEF1A1;RPL34;RPLP1;RPS14;RPS25;RPL10;RPS23;RPL19;RPS12;RPL21;RPS6;RPS3;RPS28;RPL5;RPS3A;RPS15A;RPS13;RPL30;RPL32;RPS15;RPL23A;RPL6;RPS11;RPL7;RPL10A;RPS16;RPL9;RPL18;RPL41;RPL35A;RPL13;RPS9;RPS2;RPS24;RPL3;RPL39;RPL12;RPS29;RPL28;RPLP2;RPL37A;RPL24;RPL23;RPL18A;RPS20;RPL14;FAU;RPL8;RPS8;RPL22;RPS27A;RPS7;RPL29;RPL36;RPLP0;RPL37;RPS10;RPS5;RPL7A;RPL15;RPL31;RPL26;RPL38;UBA52;RPL27A;RPS19;RPL35;RPS17;RPL27,KRT8+ DATP,Reactome
prerank,REACTOME_NONSENSE_MEDIATED_DECAY_NMD,-0.9243796219098863,-1.870406272743845,0.0,0.0,0.0,71/99,4.61%,RPS4X;RPS27;RPL11;RPL34;RPLP1;RPS14;RPS25;RPL10;RPS23;RPL19;RPS12;RPL21;RPS6;RPS3;RPS28;RPL5;RPS3A;RPS15A;RPS13;RPL30;RPL32;RPS15;RPL23A;RPL6;RPS11;RPL7;RPL10A;RPS16;RPL9;RPL18;RPL41;RPL35A;RPL13;RPS9;RPS2;RPS24;RPL3;RPL39;RPL12;RPS29;RPL28;RPLP2;RPL37A;RPL24;RPL23;RPL18A;RPS20;RPL14;FAU;RPL8;RPS8;RPL22;RPS27A;RPS7;RPL29;RPL36;RPLP0;RPL37;RPS10;RPS5;RPL7A;RPL15;RPL31;RPL26;RPL38;UBA52;RPL27A;RPS19;RPL35;RPS17;RPL27,KRT8+ DATP,Reactome
prerank,REACTOME_EUKARYOTIC_TRANSLATION_INITIATION,-0.9120895771856998,-1.8531273623670972,0.0,0.0,0.0,74/103,5.94%,RPS4X;RPS27;RPL11;RPL34;RPLP1;RPS14;RPS25;RPL10;RPS23;RPL19;RPS12;RPL21;RPS6;RPS3;RPS28;RPL5;RPS3A;RPS15A;RPS13;RPL30;RPL32;RPS15;RPL23A;RPL6;RPS11;RPL7;RPL10A;RPS16;RPL9;RPL18;RPL41;RPL35A;RPL13;RPS9;RPS2;RPS24;RPL3;RPL39;RPL12;RPS29;RPL28;RPLP2;RPL37A;RPL24;RPL23;RPL18A;RPS20;RPL14;FAU;RPL8;RPS8;RPL22;RPS27A;RPS7;RPL29;RPL36;RPLP0;RPL37;RPS10;RPS5;RPL7A;RPL15;RPL31;RPL26;RPL38;UBA52;RPL27A;RPS19;RPL35;RPS17;RPL27;EIF3E;RPL36AL;RPS21,KRT8+ DATP,Reactome
prerank,REACTOME_INFLUENZA_INFECTION,-0.904940902936488,-1.8412560688253978,0.0,0.0,0.0,73/119,4.61%,RPS4X;RPS27;RPL11;RPL34;RPLP1;RPS14;RPS25;RPL10;RPS23;RPL19;RPS12;RPL21;RPS6;RPS3;RPS28;RPL5;RPS3A;RPS15A;RPS13;RPL30;RPL32;RPS15;RPL23A;RPL6;RPS11;RPL7;RPL10A;RPS16;RPL9;RPL18;RPL41;RPL35A;RPL13;RPS9;RPS2;RPS24;RPL3;RPL39;RPL12;RPS29;RPL28;RPLP2;RPL37A;RPL24;RPL23;RPL18A;RPS20;RPL14;FAU;RPL8;RPS8;RPL22;RPS27A;RPS7;RPL29;RPL36;RPLP0;RPL37;RPS10;RPS5;RPL7A;RPL15;RPL31;POLR2C;RPL26;RPL38;UBA52;RPL27A;RPS19;RPL35;RPS17;POLR2L;RPL27,KRT8+ DATP,Reactome
prerank,REACTOME_CELLULAR_RESPONSE_TO_STARVATION,-0.9023155700344904,-1.8404243611598683,0.0,0.0,0.0,75/113,5.94%,RPS4X;RPS27;RPL11;RPL34;RPLP1;RPS14;RPS25;RPL10;RPS23;RPL19;RPS12;RPL21;RPS6;RPS3;RPS28;RPL5;RPS3A;RPS15A;RPS13;RPL30;RPL32;RPS15;RPL23A;RPL6;RPS11;RPL7;RPL10A;RPS16;RPL9;RPL18;RPL41;RPL35A;RPL13;RPS9;RPS2;RPS24;RPL3;RPL39;RPL12;RPS29;RPL28;RPLP2;RPL37A;RPL24;RPL23;RPL18A;RPS20;RPL14;FAU;RPL8;RPS8;ATP6V0E1;RPL22;RPS27A;RPS7;RPL29;RPL36;RPLP0;RPL37;RPS10;RPS5;RPL7A;RPL15;RPL31;RPL26;RPL38;UBA52;RPL27A;RPS19;RPL35;RPS17;RPL27;FNIP2;RPL36AL;RPS21,KRT8+ DATP,Reactome
prerank,REACTOME_SRP_DEPENDENT_COTRANSLATIONAL_PROTEIN_TARGETING_TO_MEMBRANE,-0.9051822964029744,-1.8355125996507138,0.0,0.0,0.0,78/99,7.47%,RPS4X;RPS27;RPL11;RPL34;RPLP1;RPS14;RPS25;RPL10;RPS23;RPL19;RPS12;RPL21;RPS6;RPS3;RPS28;RPL5;RPS3A;RPS15A;RPS13;RPL30;RPL32;RPS15;RPL23A;RPL6;RPS11;RPL7;RPL10A;RPS16;RPL9;RPL18;RPL41;RPL35A;RPL13;RPS9;RPS2;RPS24;RPL3;RPL39;RPL12;RPS29;RPL28;RPLP2;RPL37A;RPL24;RPL23;RPL18A;RPS20;RPL14;FAU;RPL8;RPS8;RPL22;RPS27A;RPS7;RPL29;RPL36;RPLP0;RPL37;RPS10;RPS5;RPL7A;RPL15;RPL31;RPL26;RPL38;UBA52;RPL27A;RPS19;RPL35;RPS17;RPL27;SEC11C;RPL36AL;RPS21;SSR2;RPSA;SPCS2;RPS26,KRT8+ DATP,Reactome
prerank,REACTOME_RRNA_PROCESSING,-0.8990562243079422,-1.831736115933964,0.0,0.0,0.0,71/129,4.61%,RPS4X;RPS27;RPL11;RPL34;RPLP1;RPS14;RPS25;RPL10;RPS23;RPL19;RPS12;RPL21;RPS6;RPS3;RPS28;RPL5;RPS3A;RPS15A;RPS13;RPL30;RPL32;RPS15;RPL23A;RPL6;RPS11;RPL7;RPL10A;RPS16;RPL9;RPL18;RPL41;RPL35A;RPL13;RPS9;RPS2;RPS24;RPL3;RPL39;RPL12;RPS29;RPL28;RPLP2;RPL37A;RPL24;RPL23;RPL18A;RPS20;RPL14;FAU;RPL8;RPS8;RPL22;RPS27A;RPS7;RPL29;RPL36;RPLP0;RPL37;RPS10;RPS5;RPL7A;RPL15;RPL31;RPL26;RPL38;UBA52;RPL27A;RPS19;RPL35;RPS17;RPL27,KRT8+ DATP,Reactome
prerank,REACTOME_SARS_COV_1_MODULATES_HOST_TRANSLATION_MACHINERY,-0.9281283943024724,-1.8155599649337413,0.0,0.0,0.0,32/33,7.47%,RPS4X;RPS27;EEF1A1;RPS14;RPS25;RPS23;RPS12;RPS6;RPS3;RPS28;RPS3A;RPS15A;RPS13;RPS15;RPS11;RPS16;RPS9;RPS2;RPS24;RPS29;RPS20;FAU;RPS8;RPS27A;RPS7;RPS10;RPS5;RPS19;RPS17;RPS21;RPSA;RPS26,KRT8+ DATP,Reactome
prerank,REACTOME_REGULATION_OF_EXPRESSION_OF_SLITS_AND_ROBOS,-0.8878122303024717,-1.8065813737873677,0.0,0.0,0.0,72/136,4.61%,RPS4X;RPS27;RPL11;RPL34;RPLP1;RPS14;RPS25;RPL10;RPS23;RPL19;RPS12;RPL21;RPS6;RPS3;RPS28;RPL5;RPS3A;RPS15A;RPS13;RPL30;RPL32;RPS15;RPL23A;RPL6;RPS11;RPL7;RPL10A;RPS16;RPL9;RPL18;RPL41;RPL35A;RPL13;RPS9;RPS2;RPS24;RPL3;RPL39;RPL12;RPS29;RPL28;RPLP2;RPL37A;RPL24;RPL23;RPL18A;RPS20;RPL14;FAU;RPL8;RPS8;RPL22;RPS27A;RPS7;RPL29;RPL36;RPLP0;RPL37;RPS10;RPS5;RPL7A;RPL15;RPL31;RPL26;RPL38;UBA52;RPL27A;RPS19;UBB;RPL35;RPS17;RPL27,KRT8+ DATP,Reactome
prerank,REACTOME_SARS_COV_2_MODULATES_HOST_TRANSLATION_MACHINERY,-0.9123366101793937,-1.7994938287939166,0.0,0.00015493613255298573,0.002,31/39,7.47%,RPS4X;RPS27;RPS14;RPS25;RPS23;RPS12;RPS6;RPS3;RPS28;RPS3A;RPS15A;RPS13;RPS15;RPS11;RPS16;RPS9;RPS2;RPS24;RPS29;RPS20;FAU;RPS8;RPS27A;RPS7;RPS10;RPS5;RPS19;RPS17;RPS21;RPSA;RPS26,KRT8+ DATP,Reactome
prerank,REACTOME_SIGNALING_BY_ROBO_RECEPTORS,-0.8817029911237116,-1.7955653517519259,0.0,0.00014301796851044838,0.002,72/153,4.61%,RPS4X;RPS27;RPL11;RPL34;RPLP1;RPS14;RPS25;RPL10;RPS23;RPL19;RPS12;RPL21;RPS6;RPS3;RPS28;RPL5;RPS3A;RPS15A;RPS13;RPL30;RPL32;RPS15;RPL23A;RPL6;RPS11;RPL7;RPL10A;RPS16;RPL9;RPL18;RPL41;RPL35A;RPL13;RPS9;RPS2;RPS24;RPL3;RPL39;RPL12;RPS29;RPL28;RPLP2;RPL37A;RPL24;RPL23;RPL18A;RPS20;RPL14;FAU;RPL8;RPS8;RPL22;RPS27A;RPS7;RPL29;RPL36;RPLP0;RPL37;RPS10;RPS5;RPL7A;RPL15;RPL31;RPL26;RPL38;UBA52;RPL27A;RPS19;UBB;RPL35;RPS17;RPL27,KRT8+ DATP,Reactome
prerank,REACTOME_SARS_COV_1_HOST_INTERACTIONS,-0.8806108056002131,-1.7806213881542399,0.0,0.0002656047986622613,0.004,33/65,4.44%,SFTPD;RPS4X;RPS27;EEF1A1;RPS14;RPS25;RPS23;RPS12;RPS6;RPS3;RPS28;RPS3A;RPS15A;RPS13;RPS15;RPS11;RPS16;RPS9;RPS2;RPS24;RPS29;RPS20;NFKBIA;FAU;RPS8;RPS27A;RPS7;RPS10;RPS5;UBA52;RPS19;UBB;RPS17,KRT8+ DATP,Reactome
prerank,REACTOME_SURFACTANT_METABOLISM,-0.9585556842463909,-1.772221285144591,0.0,0.0002478978120847772,0.004,10/16,3.13%,SFTPC;SFTPA1;SFTPA2;SFTPD;CTSH;NAPSA;SLC34A2;SFTPB;SFTA3;ABCA3,KRT8+ DATP,Reactome
prerank,REACTOME_ACTIVATION_OF_THE_MRNA_UPON_BINDING_OF_THE_CAP_BINDING_COMPLEX_AND_EIFS_AND_SUBSEQUENT_BINDING_TO_43S,-0.883747110290195,-1.7718729679846061,0.0,0.00023240419882947862,0.004,32/50,7.47%,RPS4X;RPS27;RPS14;RPS25;RPS23;RPS12;RPS6;RPS3;RPS28;RPS3A;RPS15A;RPS13;RPS15;RPS11;RPS16;RPS9;RPS2;RPS24;RPS29;RPS20;FAU;RPS8;RPS27A;RPS7;RPS10;RPS5;RPS19;RPS17;EIF3E;RPS21;RPSA;RPS26,KRT8+ DATP,Reactome
prerank,REACTOME_METABOLISM_OF_AMINO_ACIDS_AND_DERIVATIVES,-0.8306040539248238,-1.7141201765883927,0.0,0.005249600726501164,0.062,94/204,8.95%,RPS4X;RPS27;RPL11;RPL34;RPLP1;RPS14;RPS25;RPL10;RPS23;RPL19;RPS12;RPL21;RPS6;RPS3;RPS28;RPL5;RPS3A;RPS15A;RPS13;RPL30;RPL32;RPS15;RPL23A;RPL6;RPS11;RPL7;RPL10A;RPS16;RPL9;RPL18;RPL41;RPL35A;RPL13;RPS9;RPS2;RPS24;RPL3;RPL39;RPL12;RPS29;RPL28;RPLP2;RPL37A;RPL24;RPL23;RPL18A;RPS20;RPL14;FAU;RPL8;RPS8;RPL22;RPS27A;RPS7;RPL29;RPL36;OAZ1;RPLP0;RPL37;RPS10;RPS5;RPL7A;DUOX1;RPL15;RPL31;RPL26;RPL38;UBA52;RPL27A;RPS19;RPL35;RPS17;RPL27;ACAT1;MPST;MTRR;TST;ADI1;RPL36AL;PCBD1;RPS21;QDPR;ALDH9A1;TSTD1;PSMA3;RPSA;MCCC1;RPS26;ALDH6A1;RPL13A;PSMA2;AMD1;ECHS1;SAT1,KRT8+ DATP,Reactome
prerank,REACTOME_SARS_COV_2_HOST_INTERACTIONS,-0.8490605951876629,-1.7115125595332126,0.0,0.005164537751766191,0.066,32/90,4.44%,SFTPD;RPS4X;RPS27;RPS14;RPS25;RPS23;RPS12;RPS6;RPS3;RPS28;RPS3A;RPS15A;RPS13;RPS15;RPS11;RPS16;RPS9;RPS2;RPS24;RPS29;RPS20;FAU;RPS8;RPS27A;RPS7;RPS10;RPS5;B2M;UBA52;RPS19;UBB;RPS17,KRT8+ DATP,Reactome
prerank,REACTOME_TOLL_LIKE_RECEPTOR_TLR1_TLR2_CASCADE,-0.8571509407478327,-1.700679156682316,0.0,0.006947662365007571,0.09,11/53,4.46%,SFTPA1;SFTPA2;SFTPD;FOS;NFKBIA;AGER;RPS27A;CD36;UBA52;UBB;JUN,KRT8+ DATP,Reactome
prerank,REACTOME_SARS_COV_1_INFECTION,-0.8315552611869391,-1.6926439073656228,0.0,0.008180627798797647,0.116,33/92,4.44%,SFTPD;RPS4X;RPS27;EEF1A1;RPS14;RPS25;RPS23;RPS12;RPS6;RPS3;RPS28;RPS3A;RPS15A;RPS13;RPS15;RPS11;RPS16;RPS9;RPS2;RPS24;RPS29;RPS20;NFKBIA;FAU;RPS8;RPS27A;RPS7;RPS10;RPS5;UBA52;RPS19;UBB;RPS17,KRT8+ DATP,Reactome
prerank,REACTOME_TRANSLATION,-0.8060765869104319,-1.6696984582586076,0.0,0.015050938590861472,0.196,81/219,7.47%,RPS4X;RPS27;RPL11;EEF1A1;RPL34;RPLP1;RPS14;RPS25;RPL10;RPS23;RPL19;RPS12;RPL21;RPS6;RPS3;RPS28;RPL5;RPS3A;RPS15A;RPS13;RPL30;RPL32;RPS15;RPL23A;RPL6;RPS11;RPL7;RPL10A;RPS16;RPL9;RPL18;RPL41;RPL35A;RPL13;RPS9;RPS2;RPS24;RPL3;RPL39;RPL12;RPS29;RPL28;RPLP2;RPL37A;RPL24;RPL23;RPL18A;RPS20;RPL14;FAU;RPL8;RPS8;RPL22;RPS27A;RPS7;RPL29;RPL36;RPLP0;RPL37;RPS10;RPS5;RPL7A;RPL15;RPL31;RPL26;RPL38;UBA52;RPL27A;RPS19;RPL35;RPS17;RPL27;EIF3E;SEC11C;RPL36AL;RPS21;SSR2;RPSA;MRPL57;SPCS2;RPS26,KRT8+ DATP,Reactome
prerank,REACTOME_NERVOUS_SYSTEM_DEVELOPMENT,-0.8069402862514118,-1.6674644765668842,0.0,0.015380932431623674,0.202,80/269,7.47%,RPS4X;RPS27;RPL11;RPL34;RPLP1;RPS14;RPS25;RPL10;RPS23;RPL19;RPS12;RPL21;RPS6;RPS3;RPS28;RPL5;RPS3A;RPS15A;RPS13;RPL30;RPL32;RPS15;RPL23A;RPL6;RPS11;RPL7;RPL10A;RPS16;RPL9;RPL18;RPL41;RPL35A;RPL13;RPS9;RPS2;RPS24;RPL3;RPL39;RPL12;RPS29;RPL28;RPLP2;RPL37A;RPL24;RPL23;RPL18A;RPS20;RPL14;FAU;RPL8;RPS8;RPL22;RPS27A;RPS7;RPL29;RPL36;RPLP0;RPL37;RPS10;RPS5;RPL7A;RPL15;RPL31;RPL26;RPL38;UBA52;RPL27A;RPS19;UBB;RPL35;RPS17;RPL27;RPL36AL;HMGCR;RPS21;PSMA3;RPSA;AP2S1;EFNA1;RPS26,KRT8+ DATP,Reactome
prerank,REACTOME_SARS_COV_1_ACTIVATES_MODULATES_INNATE_IMMUNE_RESPONSES,-0.87066186643179,-1.6496577977077702,0.004357298474945534,0.02271498430298556,0.282,5/18,4.26%,SFTPD;NFKBIA;RPS27A;UBA52;UBB,KRT8+ DATP,Reactome
prerank,REACTOME_TAK1_DEPENDENT_IKK_AND_NF_KAPPA_B_ACTIVATION,-0.8653436166147424,-1.6340799838941484,0.004357298474945534,0.03129709877570312,0.356,6/17,6.25%,NFKBIA;AGER;RPS27A;UBA52;UBB;HMGB1,KRT8+ DATP,Reactome
prerank,REACTOME_TOLL_LIKE_RECEPTOR_CASCADES,-0.8145269735871655,-1.625895039407219,0.0,0.03525106887845531,0.4,12/72,4.46%,SFTPA1;SFTPA2;SFTPD;FOS;NFKBIA;AGER;RPS27A;CD36;LGMN;UBA52;UBB;JUN,KRT8+ DATP,Reactome
prerank,REACTOME_CELL_CELL_COMMUNICATION,-0.8015917935961829,-1.6074696740532388,0.002044989775051125,0.047481965545468865,0.506,4/55,0.21%,SFTPA1;SFTPA2;SFTPD;CLDN18,KRT8+ DATP,Reactome
prerank,REACTOME_DISEASES_OF_METABOLISM,-0.791548839451795,-1.5694716312252448,0.0,0.08462955862560866,0.74,15/90,5.14%,SFTPC;SFTPA1;SFTPA2;SFTPD;SLC34A2;SFTPB;DCXR;SFTA3;RPS27A;ABCA3;MUC1;UBA52;UBB;MTRR;MMAB,KRT8+ DATP,Reactome
prerank,REACTOME_PLASMA_LIPOPROTEIN_CLEARANCE,-0.8302075718021367,-1.5675765321052244,0.008695652173913044,0.08426312237560239,0.75,7/19,8.58%,NPC2;APOC1;RPS27A;UBA52;UBB;AP2S1;MYLIP,KRT8+ DATP,Reactome
prerank,REACTOME_CELLULAR_RESPONSES_TO_STIMULI,-0.7482040347790934,-1.5604883268201504,0.0,0.09071777692240338,0.792,95/416,5.94%,SOD3;RPS4X;RPS27;MT-CO3;MT-CO1;RPL11;EEF1A1;RPL34;RPLP1;RPS14;RPS25;RPL10;MT-CO2;RPS23;FOS;RPL19;RPS12;RPL21;RPS6;RPS3;RPS28;RPL5;RPS3A;RPS15A;TXNIP;RPS13;RPL30;RPL32;RPS15;RPL23A;RPL6;RPS11;RPL7;RPL10A;RPS16;RPL9;RPL18;RPL41;RPL35A;RPL13;RPS9;RPS2;RPS24;RPL3;RPL39;RPL12;RPS29;RPL28;RPLP2;RPL37A;RPL24;RPL23;RPL18A;PRDX5;RPS20;RPL14;FAU;RPL8;RPS8;NDUFA4;ATP6V0E1;RPL22;BLVRB;RPS27A;RPS7;RPL29;RPL36;RPLP0;RPL37;RPS10;RPS5;COX7A2;RPL7A;RPL15;GSTP1;RPL31;CAT;RPL26;COX7C;RPL38;UBA52;RPL27A;RPS19;UBB;RPL35;RPS17;JUN;RPL27;HERPUD1;COX6C;EGLN2;CITED2;FNIP2;RPL36AL;RPS21,KRT8+ DATP,Reactome
prerank,REACTOME_SARS_COV_2_INFECTION,-0.7611226008720793,-1.556910347532212,0.0,0.09258983281366429,0.81,39/144,8.99%,SFTPD;RPS4X;RPS27;RPS14;RPS25;RPS23;RPS12;RPS6;RPS3;RPS28;RPS3A;RPS15A;RPS13;RPS15;RPS11;RPS16;RPS9;RPS2;RPS24;RPS29;RPS20;FAU;RPS8;RPS27A;RPS7;RPS10;RPS5;B2M;UBA52;RPS19;UBB;RPS17;RPS21;RPSA;RPS26;SNRPF;SDC4;NUP58;ZCRB1,KRT8+ DATP,Reactome
prerank,REACTOME_CYTOPROTECTION_BY_HMOX1,-0.7852141093636473,-1.5466858496220113,0.00408997955010225,0.10573641355777312,0.852,14/33,12.90%,MT-CO3;MT-CO1;MT-CO2;TXNIP;NDUFA4;BLVRB;COX7A2;COX7C;COX6C;COX4I1;COX6A1;COX7B;COX5B;COX7A2L,KRT8+ DATP,Reactome
prerank,REACTOME_NR1H2_AND_NR1H3_MEDIATED_SIGNALING,-0.8136530208612629,-1.537468158129001,0.010570824524312896,0.11707361516034985,0.884,3/18,1.65%,APOC1;FASN;SCD,KRT8+ DATP,Reactome
prerank,REACTOME_VIRAL_INFECTION_PATHWAYS,-0.7365259400142231,-1.5370224582652108,0.0,0.11420201479450987,0.884,98/434,8.99%,SFTPD;RPS4X;RPS27;RPL11;EEF1A1;RPL34;RPLP1;RPS14;RPS25;RPL10;RPS23;RPL19;RPS12;RPL21;RPS6;RPS3;RPS28;RPL5;RPS3A;RPS15A;RPS13;RPL30;RPL32;RPS15;RPL23A;RPL6;RPS11;RPL7;RPL10A;RPS16;RPL9;RPL18;RPL41;RPL35A;RPL13;RPS9;RPS2;RPS24;RPL3;RPL39;RPL12;RPS29;RPL28;RPLP2;RPL37A;RPL24;RPL23;RPL18A;CEBPD;RPS20;NFKBIA;RPL14;FAU;RPL8;RPS8;RPL22;RPS27A;RPS7;RPL29;RPL36;RPLP0;RPL37;RPS10;RPS5;RPL7A;RPL15;RPL31;POLR2C;RPL26;B2M;RPL38;UBA52;SLC25A5;RPL27A;RPS19;UBB;SLC25A4;RPL35;RPS17;POLR2L;RPL27;SEC11C;RPL36AL;RPS21;PSMA3;RPSA;AP2S1;SPCS2;SLC25A6;RPS26;ELOA;RAB5C;SNRPF;RPL13A;PSMA2;SDC4;NUP58;ZCRB1,KRT8+ DATP,Reactome
prerank,REACTOME_INACTIVATION_OF_CSF3_G_CSF_SIGNALING,-0.8058100813910554,-1.5093641482655886,0.034858387799564274,0.16312040590784346,0.966,4/16,4.26%,RPS27A;CSF3R;UBA52;UBB,KRT8+ DATP,Reactome
prerank,REACTOME_TNFR1_INDUCED_NF_KAPPA_B_SIGNALING_PATHWAY,-0.8108902528157236,-1.5039457350341563,0.028199566160520606,0.16849968427133857,0.972,4/17,4.26%,RACK1;RPS27A;UBA52;UBB,KRT8+ DATP,Reactome
prerank,REACTOME_PLASMA_LIPOPROTEIN_ASSEMBLY_REMODELING_AND_CLEARANCE,-0.776207128965615,-1.4976124163276963,0.022964509394572025,0.17719529026309805,0.976,9/27,9.75%,NPC2;APOC1;RPS27A;LPL;UBA52;UBB;AP2S1;MYLIP;BMP1,KRT8+ DATP,Reactome
prerank,REACTOME_SARS_COV_2_ACTIVATES_MODULATES_INNATE_AND_ADAPTIVE_IMMUNE_RESPONSES,-0.773901645204138,-1.4939838445731826,0.008298755186721992,0.18104915208272682,0.98,5/38,4.26%,SFTPD;RPS27A;B2M;UBA52;UBB,KRT8+ DATP,Reactome
prerank,REACTOME_RRNA_MODIFICATION_IN_THE_NUCLEUS_AND_CYTOSOL,-0.7620955369166534,-1.490249421686701,0.026748971193415638,0.1840151982731935,0.982,5/32,2.94%,RPS14;RPS6;RPS9;RPS2;RPS7,KRT8+ DATP,Reactome
prerank,REACTOME_ACTIVATION_OF_GENE_EXPRESSION_BY_SREBF_SREBP,-0.7716389846654818,-1.4778923490082256,0.024844720496894408,0.20966434183631733,0.992,15/29,16.72%,FASN;SCD;FDPS;IDI1;SQLE;HMGCS1;HMGCR;PMVK;DHCR7;TM7SF2;MVD;FDFT1;LSS;CYP51A1;SC5D,KRT8+ DATP,Reactome
prerank,REACTOME_SARS_COV_INFECTIONS,-0.7162369101586591,-1.4762024185728424,0.0,0.20879193222840361,0.994,42/207,8.99%,SFTPD;RPS4X;RPS27;EEF1A1;RPS14;RPS25;RPS23;RPS12;RPS6;RPS3;RPS28;RPS3A;RPS15A;RPS13;RPS15;RPS11;RPS16;RPS9;RPS2;RPS24;RPS29;RPS20;NFKBIA;FAU;RPS8;RPS27A;RPS7;RPS10;RPS5;B2M;UBA52;RPS19;UBB;RPS17;RPS21;RPSA;AP2S1;RPS26;SNRPF;SDC4;NUP58;ZCRB1,KRT8+ DATP,Reactome
prerank,REACTOME_TOLL_LIKE_RECEPTOR_9_TLR9_CASCADE,-0.749343760993016,-1.4757165481307806,0.006172839506172839,0.20469708361293004,0.994,8/46,6.25%,FOS;NFKBIA;AGER;RPS27A;UBA52;UBB;JUN;HMGB1,KRT8+ DATP,Reactome
prerank,REACTOME_METABOLISM_OF_RNA,-0.711425305811756,-1.4753003431893783,0.0,0.20084149525511322,0.994,109/426,12.88%,RPS4X;RPS27;RPL11;RPL34;RPLP1;RPS14;RPS25;RPL10;RPS23;RPL19;RPS12;RPL21;RPS6;RPS3;RPS28;RPL5;RPS3A;RPS15A;RPS13;RPL30;RPL32;RPS15;RPL23A;RPL6;RPS11;RPL7;RPL10A;RPS16;RPL9;RPL18;RPL41;RPL35A;RPL13;RPS9;RPS2;RPS24;RPL3;RPL39;RPL12;RPS29;RPL28;RPLP2;RPL37A;RPL24;RPL23;RPL18A;RPS20;RPL14;FAU;RPL8;RPS8;RPL22;RPS27A;RPS7;RPL29;RPL36;RPLP0;RPL37;RPS10;RPS5;RPL7A;RPL15;RPL31;POLR2C;RPL26;RPL38;UBA52;RPL27A;RPS19;UBB;RPL35;RPS17;POLR2L;RPL27;SF3B5;RPL36AL;RPS21;PSMA3;SNRPB2;RPSA;SNRPN;RPS26;UBL5;ZFP36;SNRPF;RPL13A;PSMA2;NUP58;ZCRB1;SYF2;PSMA4;CNOT8;POLR2G;HSD17B10;RPL4;SRSF5;SRSF7;POLR2J;C1D;SF3B6;HNRNPF;RPL36A;PQBP1;PSMD8;EIF4A2;ANP32A;POLR2K;ZBTB8OS;ZC3H11A,KRT8+ DATP,Reactome
prerank,REACTOME_SIGNALING_BY_CSF3_G_CSF,-0.7815026802102436,-1.4739569823677336,0.04219409282700422,0.19924066013139302,0.994,4/20,4.26%,RPS27A;CSF3R;UBA52;UBB,KRT8+ DATP,Reactome
prerank,REACTOME_GLUTATHIONE_CONJUGATION,-0.7874315244980868,-1.4719018760614253,0.029350104821802937,0.19927603666905838,0.994,5/16,3.72%,MGST1;GSTA4;GSTP1;MGST3;ESD,KRT8+ DATP,Reactome
prerank,REACTOME_OVARIAN_TUMOR_DOMAIN_PROTEASES,-0.7978095983243756,-1.46847499767722,0.0525164113785558,0.20348278741958795,0.994,3/15,4.26%,RPS27A;UBA52;UBB,KRT8+ DATP,Reactome
prerank,REACTOME_INTERLEUKIN_17_SIGNALING,-0.7496960569753831,-1.4670936353045558,0.016563146997929608,0.20221186204241418,0.994,5/35,4.46%,FOS;RPS27A;UBA52;UBB;JUN,KRT8+ DATP,Reactome
prerank,REACTOME_DISEASES_OF_CARBOHYDRATE_METABOLISM,-0.7784279012050854,-1.4662002587255116,0.04721030042918455,0.19988739007410306,0.996,4/17,4.26%,DCXR;RPS27A;UBA52;UBB,KRT8+ DATP,Reactome
prerank,REACTOME_CHOLESTEROL_BIOSYNTHESIS,-0.7607926749821583,-1.4654833925404847,0.03177966101694915,0.19762103707133333,0.996,17/25,16.72%,FDPS;IDI1;EBP;ACAT2;MSMO1;SQLE;DHCR24;HMGCS1;HMGCR;PMVK;DHCR7;TM7SF2;MVD;FDFT1;LSS;CYP51A1;SC5D,KRT8+ DATP,Reactome
prerank,REACTOME_SMAD2_SMAD3_SMAD4_HETEROTRIMER_REGULATES_TRANSCRIPTION,-0.7668485978910392,-1.46189151421509,0.06060606060606061,0.20345327577529215,0.998,4/18,4.26%,JUNB;RPS27A;UBA52;UBB,KRT8+ DATP,Reactome
prerank,REACTOME_COMPLEX_IV_ASSEMBLY,-0.7620343588096058,-1.4571024226125258,0.025210084033613446,0.21065116581903942,1.0,16/33,12.90%,MT-CO3;MT-CO1;MT-CO2;NDUFA4;COX7A2;COX7C;COX14;COX6C;COX4I1;PNKD;SURF1;COX6A1;COX7B;COX17;COX5B;COX7A2L,KRT8+ DATP,Reactome
prerank,REACTOME_NEGATIVE_REGULATION_OF_MAPK_PATHWAY,-0.7556056311689074,-1.455651025602971,0.04103671706263499,0.20936428452983463,1.0,5/21,5.90%,PEBP1;RPS27A;UBA52;UBB;DUSP1,KRT8+ DATP,Reactome
prerank,REACTOME_REGULATION_OF_CHOLESTEROL_BIOSYNTHESIS_BY_SREBP_SREBF,-0.7474815751561922,-1.4420975479078655,0.02663934426229508,0.24105678592436072,1.0,16/36,16.72%,FASN;SCD;FDPS;IDI1;INSIG1;SQLE;HMGCS1;HMGCR;PMVK;DHCR7;TM7SF2;MVD;FDFT1;LSS;CYP51A1;SC5D,KRT8+ DATP,Reactome
prerank,REACTOME_FCERI_MEDIATED_MAPK_ACTIVATION,-0.7970770729976904,-1.4387801715854274,0.03017241379310345,0.24541883396392944,1.0,2/15,4.46%,FOS;JUN,KRT8+ DATP,Reactome
prerank,REACTOME_SYNTHESIS_OF_ACTIVE_UBIQUITIN_ROLES_OF_E1_AND_E2_ENZYMES,-0.7597387078404336,-1.4362448998803967,0.05010893246187364,0.24727806755456525,1.0,3/18,4.26%,RPS27A;UBA52;UBB,KRT8+ DATP,Reactome
prerank,HALLMARK_EPITHELIAL_MESENCHYMAL_TRANSITION,0.7941194127742901,2.0488519127805698,0.0,0.0,0.0,48/121,4.99%,COL1A1;IL32;DST;FN1;PDLIM4;ITGA2;CALD1;PMEPA1;LAMC2;DPYSL3;VIM;CRLF1;PRSS2;TNC;ITGAV;FSTL3;TIMP1;TPM1;PLAUR;TPM4;TAGLN;TNFRSF12A;THBS1;CAPG;VCAN;CDH2;FLNA;ITGB1;FSTL1;MMP14;SDC1;GJA1;LGALS1;QSOX1;GADD45A;SPARC;COL6A2;COL4A2;MYL9;FAS;TIMP3;TGFBI;GPC1;IGFBP4;TGFB1;FUCA1;EDIL3;SERPINH1,KRT5-KRT17+ Basaloid,Hallmark
prerank,HALLMARK_OXIDATIVE_PHOSPHORYLATION,-0.7068495712127643,-1.8282740821671069,0.0,0.0,0.0,34/160,6.67%,CYB5A;COX7C;SLC25A5;ATP5F1E;SLC25A6;NDUFA4;GPX4;LDHB;UQCRB;ATP5MG;COX7A2;COX4I1;COX6C;UQCR10;SLC25A3;ATP6V0E1;UQCRQ;COX8A;COX17;ECH1;ATP5PO;COX7B;MTRR;ACAT1;UQCRH;NDUFB1;NDUFC2;MPC1;NDUFB8;SLC25A4;LDHA;MRPS15;ALDH6A1;COX7A2L,KRT5-KRT17+ Basaloid,Hallmark
prerank,HALLMARK_MYC_TARGETS_V1,-0.7084133167798782,-1.8175483383551447,0.0,0.0,0.0,17/155,3.23%,RPS3;RPS6;RPS2;RPLP0;RPL14;RPL18;RPL6;RPL34;RPS5;RACK1;RPL22;RPS10;EEF1B2;NPM1;HNRNPA1;SLC25A3;PABPC1,KRT5-KRT17+ Basaloid,Hallmark
prerank,HALLMARK_APICAL_JUNCTION,0.6860442685422296,1.7736551288989866,0.0,0.001286008230452675,0.002,32/114,5.69%,MDK;LAMB3;ITGA2;LAMC2;CDH3;MYH9;ACTN1;ZYX;CDH1;ITGB4;CD99;VCAN;JUP;ITGB1;AMIGO2;VCL;ADAM9;ITGA3;YWHAH;NECTIN2;MYL9;VASP;GNAI2;TGFBI;FSCN1;NECTIN4;B4GALT1;CAP1;NEXN;ICAM1;TJP1;MPZL1,KRT5-KRT17+ Basaloid,Hallmark
prerank,HALLMARK_ANGIOGENESIS,0.8622364766878573,1.708175202295747,0.0,0.0017146776406035662,0.004,9/22,3.55%,APP;SLCO2A1;ITGAV;TIMP1;TNFRSF21;CCND2;VCAN;FSTL1;PDGFA,KRT5-KRT17+ Basaloid,Hallmark
prerank,HALLMARK_MITOTIC_SPINDLE,0.6232773345060976,1.6286469000044226,0.0,0.008359053497942387,0.026,41/125,15.51%,DST;GSN;PALLD;MYH9;MARCKS;FLNA;NEDD9;SPTAN1;FLNB;VCL;TUBA4A;DYNC1H1;PDLIM5;STK38L;FSCN1;FGD6;CD2AP;NET1;WASF2;CYTH2;MYO1E;CSNK1D;BCAR1;CAPZB;FARP1;CDC42EP1;SYNPO;RALBP1;CTTN;ARF6;ABI1;SUN2;NOTCH2;SPTBN1;ACTN4;CDC42;PXN;HOOK3;ARHGDIA;ARHGAP29;BCR,KRT5-KRT17+ Basaloid,Hallmark
prerank,HALLMARK_COAGULATION,0.6807009064384529,1.5822084003547117,0.004081632653061225,0.018518518518518517,0.07,20/64,5.43%,MMP7;CRIP2;FN1;ITGA2;GSN;CTSE;TIMP1;PRSS23;PLAU;THBS1;MMP14;CTSB;CFH;SPARC;WDR1;ADAM9;TIMP3;GNG12;CAPN2;CSRP1,KRT5-KRT17+ Basaloid,Hallmark
prerank,HALLMARK_MYOGENESIS,0.6745809291229936,1.5762589245982919,0.0,0.017146776406035662,0.078,24/80,7.43%,COL1A1;IGFBP7;CDKN1A;GSN;APP;AGRN;MYH9;TAGLN;PDLIM7;ITGB4;ABLIM1;PLXNB2;ITGB1;SPTAN1;SPARC;COL6A2;TPM3;COL4A2;TGFB1;CKB;SVIL;FLII;CNN3;SYNGR2,KRT5-KRT17+ Basaloid,Hallmark
prerank,HALLMARK_TGF_BETA_SIGNALING,0.7075936854328928,1.5548311926702083,0.0,0.0205761316872428,0.106,19/47,13.77%,PMEPA1;THBS1;CDH1;IFNGR2;SKIL;RAB31;TGFB1;TGIF1;TJP1;CDKN1C;CTNNB1;FKBP1A;SMURF1;TGFBR1;NCOR2;BMPR2;SMAD3;SPTBN1;SERPINE1,KRT5-KRT17+ Basaloid,Hallmark
prerank,HALLMARK_E2F_TARGETS,0.6157551455552814,1.5343835340036511,0.004484304932735426,0.028292181069958847,0.162,5/99,1.26%,CDKN1A;STMN1;JPT1;CDKN2A;HMGB3,KRT5-KRT17+ Basaloid,Hallmark
prerank,HALLMARK_APOPTOSIS,0.6053887577914561,1.528455655841047,0.0,0.02686328303612254,0.174,38/103,11.34%,CDKN1A;GSN;APP;TIMP1;TNFRSF12A;CCND2;BAX;NEDD9;BCL2L1;SPTAN1;GADD45A;CCND1;TIMP2;FAS;TIMP3;TNFSF10;TGFB2;BCL10;BCAP31;IER3;ERBB2;LMNA;CTNNB1;BIK;TAP1;ATF3;EMP1;FDXR;IFNGR1;ADD1;WEE1;DNAJC3;BID;RHOB;DNAJA1;ERBB3;CAV1;VDAC2,KRT5-KRT17+ Basaloid,Hallmark
prerank,HALLMARK_GLYCOLYSIS,0.5707170225134263,1.5130932974208886,0.008438818565400843,0.03009259259259259,0.216,38/129,13.94%,STMN1;AGRN;VCAN;SDC1;DSC2;PKM;QSOX1;DDIT4;AKR1A1;TPBG;TGFBI;GPC1;SOX9;B4GALT1;CHPF;PFKP;PAM;IER3;SLC16A3;BIK;ANGPTL4;PLOD1;PGAM1;IL13RA1;MET;CLDN3;ERO1A;KIF2A;COL5A1;P4HA2;PSMC4;IGFBP3;GFUS;GPR87;MDH1;COPB2;PLOD2;CASP6,KRT5-KRT17+ Basaloid,Hallmark
prerank,HALLMARK_REACTIVE_OXYGEN_SPECIES_PATHWAY,-0.7100991037270281,-1.453698740648169,0.034782608695652174,0.14007782101167315,0.416,8/32,5.52%,MGST1;FTL;GPX4;PRDX6;SOD2;CAT;JUNB;EGLN2,KRT5-KRT17+ Basaloid,Hallmark
prerank,HALLMARK_APICAL_SURFACE,0.7450035912507448,1.4344951799686034,0.03767123287671233,0.06991208380097269,0.446,8/18,15.23%,APP;PLAUR;B4GALT1;CX3CL1;ADAM10;DCBLD2;HSPB1;EPHB4,KRT5-KRT17+ Basaloid,Hallmark
prerank,HALLMARK_BILE_ACID_METABOLISM,-0.6269218712536915,-1.4041658983066871,0.05747126436781609,0.17217898832684828,0.578,12/55,6.26%,ABCA3;PRDX5;DHCR24;HSD17B6;IDI1;ACSL1;CAT;FADS1;HSD17B4;TFCP2L1;ALDH1A1;NPC1,KRT5-KRT17+ Basaloid,Hallmark
prerank,HALLMARK_FATTY_ACID_METABOLISM,-0.5498075925285644,-1.3804978755117623,0.04887218045112782,0.1669260700389105,0.644,21/111,6.19%,FASN;DHCR24;CA2;IDI1;HMGCS1;PRDX6;MAOA;ACSL1;CD36;EPHX1;ERP29;ACAT2;ECH1;HSD17B4;ALDOA;HSDL2;ACADL;XIST;PCBD1;LDHA;ALDH1A1,KRT5-KRT17+ Basaloid,Hallmark
prerank,HALLMARK_PI3K_AKT_MTOR_SIGNALING,0.5869648887482721,1.3759039113627518,0.06382978723404255,0.11616941015089162,0.65,18/67,20.56%,CDKN1A;SFN;ACTR3;AP2M1;TNFRSF1A;GSK3B;ARHGDIA;HRAS;ACTR2;SLC2A1;MYD88;PIN1;EIF4E;CLTC;HSP90B1;CALR;PFN1;UBE2N,KRT5-KRT17+ Basaloid,Hallmark
prerank,HALLMARK_G2M_CHECKPOINT,0.5491741778902558,1.3663125639605036,0.049586776859504134,0.1179170623615068,0.68,17/101,15.90%,STMN1;JPT1;MARCKS;HMGB3;CCND1;TGFB1;PML;SMARCC1;HIF1A;ILF3;SMAD3;NOTCH2;BUB3;HMGA1;KPNB1;MAPK14;SYNCRIP,KRT5-KRT17+ Basaloid,Hallmark
prerank,HALLMARK_TNFA_SIGNALING_VIA_NFKB,0.5093966981532067,1.344754220310837,0.03349282296650718,0.1346634332745444,0.742,35/142,9.03%,LAMB3;CDKN1A;PMEPA1;TNC;PTGS2;PLAUR;PLAU;MARCKS;PHLDA2;IFNGR2;GADD45A;SPSB1;CCND1;FOSL2;PTPRE;CLCF1;PHLDA1;PDLIM5;LITAF;EDN1;B4GALT1;TGIF1;ICAM1;IER3;CCL2;TUBB2A;NINJ1;TAP1;ATF3;TNIP1;FOSL1;PLK2;RELB;KLF2;KLF4,KRT5-KRT17+ Basaloid,Hallmark
prerank,HALLMARK_INFLAMMATORY_RESPONSE,0.5318645780261256,1.3353660883025398,0.046413502109704644,0.1359739368998628,0.77,25/89,10.03%,CDKN1A;TIMP1;PLAUR;IFNGR2;MMP14;CD82;LY6E;ITGB8;PTPRE;TPBG;EDN1;TNFSF10;SRI;ICAM1;CCL2;ATP2A2;HIF1A;CX3CL1;MET;IFITM1;ADRM1;IFNAR1;IRF7;DCBLD2;EMP3,KRT5-KRT17+ Basaloid,Hallmark
prerank,HALLMARK_WNT_BETA_CATENIN_SIGNALING,0.6935426096069098,1.3288383272683661,0.17689530685920576,0.13406635802469136,0.788,7/20,15.57%,CCND2;HDAC2;CTNNB1;NCOR2;CSNK1E;NCSTN;DKK1,KRT5-KRT17+ Basaloid,Hallmark
prerank,HALLMARK_KRAS_SIGNALING_UP,0.540801717247642,1.3264519954804574,0.05714285714285714,0.12829823287339628,0.794,23/90,9.25%,ITGA2;PCSK1N;PTGS2;PLAUR;PLAU;CCND2;TSPAN1;JUP;KCNN4;EPHB2;CFH;PCP4;SEMA3B;ALDH1A3;TSPAN13;SOX9;FUCA1;PSMB8;ANGPTL4;EMP1;ERO1A;KLF4;EVI5,KRT5-KRT17+ Basaloid,Hallmark
prerank,HALLMARK_INTERFERON_GAMMA_RESPONSE,0.5033729035137645,1.3082825000527882,0.06666666666666667,0.1380315500685871,0.832,30/116,9.76%,CDKN1A;IFI27;PTGS2;CFH;LY6E;PIM1;FAS;PLSCR1;PSME2;LGALS3BP;TNFSF10;SRI;PFKP;ICAM1;PML;PSMB8;ISG15;PELI1;CCL2;STAT1;UPP1;TAP1;HIF1A;C1S;RNF213;C1R;PSMB10;PNP;IRF7;MX1,KRT5-KRT17+ Basaloid,Hallmark
prerank,HALLMARK_UV_RESPONSE_DN,0.5180639505792588,1.282265366306611,0.07954545454545454,0.15662226554039418,0.886,25/96,15.66%,COL1A1;FHL2;GJA1;ANXA2;RND3;PDLIM5;SRI;INPP4B;TJP1;ERBB2;MET;LTBP1;MAP1B;MGLL;NFIB;CAV1;RUNX1;BHLHE40;SMAD3;NOTCH2;LAMC1;SERPINE1;ABCC1;MAPK14;ANXA4,KRT5-KRT17+ Basaloid,Hallmark
prerank,HALLMARK_NOTCH_SIGNALING,0.6335225498354135,1.2324282663949215,0.20212765957446807,0.20473251028806586,0.944,7/20,16.31%,CCND1;NOTCH3;LFNG;DTX2;NOTCH2;MAML2;PSENEN,KRT5-KRT17+ Basaloid,Hallmark
prerank,HALLMARK_IL6_JAK_STAT3_SIGNALING,0.559730396567193,1.2315876938062527,0.1626984126984127,0.1959631589261219,0.946,12/44,10.10%,TNFRSF21;TNFRSF12A;IFNGR2;PIM1;FAS;TGFB1;STAT1;IL13RA1;IFNGR1;IFNAR1;TNFRSF1A;LTBR,KRT5-KRT17+ Basaloid,Hallmark
prerank,HALLMARK_P53_PATHWAY,0.45667671110483377,1.2215201293101454,0.1004566210045662,0.20085110362888142,0.952,43/155,7.85%,KRT17;CDKN1A;APP;PERP;TM4SF1;ITGB4;CCND2;ST14;CDKN2A;BAX;PLXNB2;STOM;ZMAT3;PHLDA3;SDC1;EPS8L2;SFN;GADD45A;CDKN2B;MDM2;CD82;DDIT4;PTPRE;RRAD;FAS;PDGFA;TGFB1;TM7SF3;FUCA1;TRAF4;IER3;IP6K2;STEAP3;NINJ1;TAX1BP3;UPP1;TAP1;ATF3;PROCR;SESN1;FDXR;TP63;PLK2,KRT5-KRT17+ Basaloid,Hallmark
prerank,HALLMARK_HYPOXIA,0.4532334240581908,1.2117083487297775,0.10091743119266056,0.20609679728037214,0.964,32/133,11.77%,CDKN1A;PLAUR;MYH9;IDS;TES;ANXA2;DDIT4;PIM1;FOSL2;TPBG;TGFBI;GPC1;EDN2;CSRP2;PFKP;PAM;IER3;CDKN1C;ANGPTL4;ATF3;NAGK;ERO1A;COL5A1;P4HA2;TGM2;GPI;IGFBP3;CAV1;KLF7;CCNG2;BHLHE40;TPST2,KRT5-KRT17+ Basaloid,Hallmark
prerank,HALLMARK_ESTROGEN_RESPONSE_LATE,0.45617743426394974,1.1828350847177511,0.1762295081967213,0.2354466735253772,0.976,35/113,11.82%,MDK;LAMC2;PRSS23;PERP;CDH1;ST14;ALDH3A2;SFN;FLNB;PCP4;LSR;CCND1;KRT19;RAB31;SEMA3B;TPBG;ABHD2;IGFBP4;NBL1;TSPAN13;CXCL14;MYOF;PDLIM3;PLXNB1;CKB;PKP3;FARP1;KLF4;WFS1;ARL3;NCOR2;DYNLT3;CAV1;GFUS;IDH2,KRT5-KRT17+ Basaloid,Hallmark
prerank,REACTOME_RRNA_PROCESSING,-0.964502113862121,-2.494340604092224,0.0,0.0,0.0,77/162,2.14%,RPS3;RPS27;RPS12;RPL11;RPS4X;RPL10;RPS6;RPL13;RPL19;RPLP1;RPS28;RPS2;RPS13;RPS9;RPS14;RPLP0;RPL14;RPL32;RPL18;RPS8;RPL8;RPS15A;RPL30;RPL28;RPS16;RPS25;RPL18A;RPL24;RPL9;RPS15;RPS23;RPL12;RPL23A;RPL6;RPS3A;RPL37;RPL34;RPS24;RPL3;RPL5;RPL7A;RPL21;RPS5;RPLP2;RPL29;RPL37A;RPS27A;FAU;RPL35A;RPL39;RPL26;RPS7;RPS19;RPL22;RPL36;RPL10A;RPL7;RPL15;RPL35;RPSA;RPL41;RPS11;RPL27;RPS21;RPS29;RPL23;RPS20;UBA52;RPS10;RPL31;RPL13A;RPL4;RPL27A;RPS17;RPL38;RPS26;RPL36AL,KRT5-KRT17+ Basaloid,Reactome
prerank,REACTOME_TRANSLATION,-0.9271529844024002,-2.491054929337864,0.0,0.0,0.0,86/222,3.63%,RPS3;EEF1A1;RPS27;RPS12;RPL11;RPS4X;RPL10;RPS6;RPL13;RPL19;RPLP1;RPS28;RPS2;RPS13;RPS9;RPS14;RPLP0;RPL14;RPL32;RPL18;RPS8;RPL8;RPS15A;RPL30;RPL28;RPS16;RPS25;RPL18A;RPL24;RPL9;RPS15;RPS23;RPL12;RPL23A;RPL6;RPS3A;RPL37;RPL34;RPS24;RPL3;RPL5;RPL7A;RPL21;RPS5;RPLP2;RPL29;RPL37A;RPS27A;FAU;RPL35A;RPL39;RPL26;RPS7;RPS19;RPL22;RPL36;RPL10A;RPL7;RPL15;RPL35;RPSA;RPL41;RPS11;RPL27;RPS21;RPS29;RPL23;RPS20;UBA52;RPS10;RPL31;RPL13A;EEF2;EEF1B2;RPL4;RPL27A;RPS17;RPL38;RPS26;RPL36AL;EEF1D;PABPC1;RPL36A;SSR4;MRPL14;EIF3E,KRT5-KRT17+ Basaloid,Reactome
prerank,REACTOME_METABOLISM_OF_AMINO_ACIDS_AND_DERIVATIVES,-0.9027310389095999,-2.4427253322286004,0.0,0.0,0.0,80/216,2.38%,RPS3;RPS27;RPS12;RPL11;RPS4X;RPL10;RPS6;RPL13;RPL19;RPLP1;RPS28;RPS2;RPS13;RPS9;RPS14;RPLP0;RPL14;RPL32;RPL18;RPS8;RPL8;RPS15A;RPL30;RPL28;RPS16;RPS25;RPL18A;RPL24;RPL9;RPS15;RPS23;RPL12;RPL23A;RPL6;RPS3A;RPL37;RPL34;RPS24;RPL3;RPL5;RPL7A;RPL21;RPS5;RPLP2;RPL29;RPL37A;RPS27A;FAU;RPL35A;RPL39;RPL26;RPS7;RPS19;SAT1;RPL22;RPL36;RPL10A;RPL7;RPL15;RPL35;RPSA;RPL41;RPS11;RPL27;RPS21;RPS29;RPL23;RPS20;UBA52;OAZ1;RPS10;RPL31;RPL13A;RPL4;RPL27A;RPS17;RPL38;RPS26;RPL36AL;DUOX1,KRT5-KRT17+ Basaloid,Reactome
prerank,REACTOME_INFLUENZA_INFECTION,-0.9559962050141843,-2.4255122721053723,0.0,0.0,0.0,79/136,2.58%,RPS3;RPS27;RPS12;RPL11;RPS4X;RPL10;RPS6;RPL13;RPL19;RPLP1;RPS28;RPS2;RPS13;RPS9;RPS14;RPLP0;RPL14;RPL32;RPL18;RPS8;RPL8;RPS15A;RPL30;RPL28;RPS16;RPS25;RPL18A;RPL24;RPL9;RPS15;RPS23;RPL12;RPL23A;RPL6;RPS3A;RPL37;RPL34;RPS24;RPL3;RPL5;RPL7A;RPL21;RPS5;RPLP2;RPL29;RPL37A;RPS27A;FAU;RPL35A;RPL39;RPL26;RPS7;RPS19;RPL22;RPL36;RPL10A;RPL7;RPL15;RPL35;RPSA;RPL41;RPS11;RPL27;RPS21;RPS29;RPL23;RPS20;UBA52;RPS10;RPL31;RPL13A;RPL4;RPL27A;RPS17;RPL38;RPS26;SLC25A6;RPL36AL;POLR2L,KRT5-KRT17+ Basaloid,Reactome
prerank,REACTOME_EUKARYOTIC_TRANSLATION_INITIATION,-0.9696096488276343,-2.414731832606131,0.0,0.0,0.0,77/107,2.14%,RPS3;RPS27;RPS12;RPL11;RPS4X;RPL10;RPS6;RPL13;RPL19;RPLP1;RPS28;RPS2;RPS13;RPS9;RPS14;RPLP0;RPL14;RPL32;RPL18;RPS8;RPL8;RPS15A;RPL30;RPL28;RPS16;RPS25;RPL18A;RPL24;RPL9;RPS15;RPS23;RPL12;RPL23A;RPL6;RPS3A;RPL37;RPL34;RPS24;RPL3;RPL5;RPL7A;RPL21;RPS5;RPLP2;RPL29;RPL37A;RPS27A;FAU;RPL35A;RPL39;RPL26;RPS7;RPS19;RPL22;RPL36;RPL10A;RPL7;RPL15;RPL35;RPSA;RPL41;RPS11;RPL27;RPS21;RPS29;RPL23;RPS20;UBA52;RPS10;RPL31;RPL13A;RPL4;RPL27A;RPS17;RPL38;RPS26;RPL36AL,KRT5-KRT17+ Basaloid,Reactome
prerank,REACTOME_REGULATION_OF_EXPRESSION_OF_SLITS_AND_ROBOS,-0.9421885743665527,-2.404625722429936,0.0,0.0,0.0,77/144,2.14%,RPS3;RPS27;RPS12;RPL11;RPS4X;RPL10;RPS6;RPL13;RPL19;RPLP1;RPS28;RPS2;RPS13;RPS9;RPS14;RPLP0;RPL14;RPL32;RPL18;RPS8;RPL8;RPS15A;RPL30;RPL28;RPS16;RPS25;RPL18A;RPL24;RPL9;RPS15;RPS23;RPL12;RPL23A;RPL6;RPS3A;RPL37;RPL34;RPS24;RPL3;RPL5;RPL7A;RPL21;RPS5;RPLP2;RPL29;RPL37A;RPS27A;FAU;RPL35A;RPL39;RPL26;RPS7;RPS19;RPL22;RPL36;RPL10A;RPL7;RPL15;RPL35;RPSA;RPL41;RPS11;RPL27;RPS21;RPS29;RPL23;RPS20;UBA52;RPS10;RPL31;RPL13A;RPL4;RPL27A;RPS17;RPL38;RPS26;RPL36AL,KRT5-KRT17+ Basaloid,Reactome
prerank,REACTOME_SIGNALING_BY_ROBO_RECEPTORS,-0.9234364475454319,-2.3972335929415376,0.0,0.0,0.0,77/172,2.14%,RPS3;RPS27;RPS12;RPL11;RPS4X;RPL10;RPS6;RPL13;RPL19;RPLP1;RPS28;RPS2;RPS13;RPS9;RPS14;RPLP0;RPL14;RPL32;RPL18;RPS8;RPL8;RPS15A;RPL30;RPL28;RPS16;RPS25;RPL18A;RPL24;RPL9;RPS15;RPS23;RPL12;RPL23A;RPL6;RPS3A;RPL37;RPL34;RPS24;RPL3;RPL5;RPL7A;RPL21;RPS5;RPLP2;RPL29;RPL37A;RPS27A;FAU;RPL35A;RPL39;RPL26;RPS7;RPS19;RPL22;RPL36;RPL10A;RPL7;RPL15;RPL35;RPSA;RPL41;RPS11;RPL27;RPS21;RPS29;RPL23;RPS20;UBA52;RPS10;RPL31;RPL13A;RPL4;RPL27A;RPS17;RPL38;RPS26;RPL36AL,KRT5-KRT17+ Basaloid,Reactome
prerank,REACTOME_CELLULAR_RESPONSE_TO_STARVATION,-0.9593543956980517,-2.3882025697105087,0.0,0.0,0.0,77/123,2.14%,RPS3;RPS27;RPS12;RPL11;RPS4X;RPL10;RPS6;RPL13;RPL19;RPLP1;RPS28;RPS2;RPS13;RPS9;RPS14;RPLP0;RPL14;RPL32;RPL18;RPS8;RPL8;RPS15A;RPL30;RPL28;RPS16;RPS25;RPL18A;RPL24;RPL9;RPS15;RPS23;RPL12;RPL23A;RPL6;RPS3A;RPL37;RPL34;RPS24;RPL3;RPL5;RPL7A;RPL21;RPS5;RPLP2;RPL29;RPL37A;RPS27A;FAU;RPL35A;RPL39;RPL26;RPS7;RPS19;RPL22;RPL36;RPL10A;RPL7;RPL15;RPL35;RPSA;RPL41;RPS11;RPL27;RPS21;RPS29;RPL23;RPS20;UBA52;RPS10;RPL31;RPL13A;RPL4;RPL27A;RPS17;RPL38;RPS26;RPL36AL,KRT5-KRT17+ Basaloid,Reactome
prerank,REACTOME_NONSENSE_MEDIATED_DECAY_NMD,-0.9705682622555964,-2.3770758494185853,0.0,0.0,0.0,77/105,2.14%,RPS3;RPS27;RPS12;RPL11;RPS4X;RPL10;RPS6;RPL13;RPL19;RPLP1;RPS28;RPS2;RPS13;RPS9;RPS14;RPLP0;RPL14;RPL32;RPL18;RPS8;RPL8;RPS15A;RPL30;RPL28;RPS16;RPS25;RPL18A;RPL24;RPL9;RPS15;RPS23;RPL12;RPL23A;RPL6;RPS3A;RPL37;RPL34;RPS24;RPL3;RPL5;RPL7A;RPL21;RPS5;RPLP2;RPL29;RPL37A;RPS27A;FAU;RPL35A;RPL39;RPL26;RPS7;RPS19;RPL22;RPL36;RPL10A;RPL7;RPL15;RPL35;RPSA;RPL41;RPS11;RPL27;RPS21;RPS29;RPL23;RPS20;UBA52;RPS10;RPL31;RPL13A;RPL4;RPL27A;RPS17;RPL38;RPS26;RPL36AL,KRT5-KRT17+ Basaloid,Reactome
prerank,REACTOME_SRP_DEPENDENT_COTRANSLATIONAL_PROTEIN_TARGETING_TO_MEMBRANE,-0.9655232758931636,-2.365005243621048,0.0,0.0,0.0,77/101,2.14%,RPS3;RPS27;RPS12;RPL11;RPS4X;RPL10;RPS6;RPL13;RPL19;RPLP1;RPS28;RPS2;RPS13;RPS9;RPS14;RPLP0;RPL14;RPL32;RPL18;RPS8;RPL8;RPS15A;RPL30;RPL28;RPS16;RPS25;RPL18A;RPL24;RPL9;RPS15;RPS23;RPL12;RPL23A;RPL6;RPS3A;RPL37;RPL34;RPS24;RPL3;RPL5;RPL7A;RPL21;RPS5;RPLP2;RPL29;RPL37A;RPS27A;FAU;RPL35A;RPL39;RPL26;RPS7;RPS19;RPL22;RPL36;RPL10A;RPL7;RPL15;RPL35;RPSA;RPL41;RPS11;RPL27;RPS21;RPS29;RPL23;RPS20;UBA52;RPS10;RPL31;RPL13A;RPL4;RPL27A;RPS17;RPL38;RPS26;RPL36AL,KRT5-KRT17+ Basaloid,Reactome
prerank,REACTOME_RESPONSE_OF_EIF2AK4_GCN2_TO_AMINO_ACID_DEFICIENCY,-0.977200685986714,-2.3639314354501537,0.0,0.0,0.0,77/94,2.14%,RPS3;RPS27;RPS12;RPL11;RPS4X;RPL10;RPS6;RPL13;RPL19;RPLP1;RPS28;RPS2;RPS13;RPS9;RPS14;RPLP0;RPL14;RPL32;RPL18;RPS8;RPL8;RPS15A;RPL30;RPL28;RPS16;RPS25;RPL18A;RPL24;RPL9;RPS15;RPS23;RPL12;RPL23A;RPL6;RPS3A;RPL37;RPL34;RPS24;RPL3;RPL5;RPL7A;RPL21;RPS5;RPLP2;RPL29;RPL37A;RPS27A;FAU;RPL35A;RPL39;RPL26;RPS7;RPS19;RPL22;RPL36;RPL10A;RPL7;RPL15;RPL35;RPSA;RPL41;RPS11;RPL27;RPS21;RPS29;RPL23;RPS20;UBA52;RPS10;RPL31;RPL13A;RPL4;RPL27A;RPS17;RPL38;RPS26;RPL36AL,KRT5-KRT17+ Basaloid,Reactome
prerank,REACTOME_EUKARYOTIC_TRANSLATION_ELONGATION,-0.9834515771925663,-2.360060301456731,0.0,0.0,0.0,81/87,2.18%,RPS3;EEF1A1;RPS27;RPS12;RPL11;RPS4X;RPL10;RPS6;RPL13;RPL19;RPLP1;RPS28;RPS2;RPS13;RPS9;RPS14;RPLP0;RPL14;RPL32;RPL18;RPS8;RPL8;RPS15A;RPL30;RPL28;RPS16;RPS25;RPL18A;RPL24;RPL9;RPS15;RPS23;RPL12;RPL23A;RPL6;RPS3A;RPL37;RPL34;RPS24;RPL3;RPL5;RPL7A;RPL21;RPS5;RPLP2;RPL29;RPL37A;RPS27A;FAU;RPL35A;RPL39;RPL26;RPS7;RPS19;RPL22;RPL36;RPL10A;RPL7;RPL15;RPL35;RPSA;RPL41;RPS11;RPL27;RPS21;RPS29;RPL23;RPS20;UBA52;RPS10;RPL31;RPL13A;EEF2;EEF1B2;RPL4;RPL27A;RPS17;RPL38;RPS26;RPL36AL;EEF1D,KRT5-KRT17+ Basaloid,Reactome
prerank,REACTOME_SELENOAMINO_ACID_METABOLISM,-0.9795012004050366,-2.3510475751187685,0.0,0.0,0.0,77/92,2.14%,RPS3;RPS27;RPS12;RPL11;RPS4X;RPL10;RPS6;RPL13;RPL19;RPLP1;RPS28;RPS2;RPS13;RPS9;RPS14;RPLP0;RPL14;RPL32;RPL18;RPS8;RPL8;RPS15A;RPL30;RPL28;RPS16;RPS25;RPL18A;RPL24;RPL9;RPS15;RPS23;RPL12;RPL23A;RPL6;RPS3A;RPL37;RPL34;RPS24;RPL3;RPL5;RPL7A;RPL21;RPS5;RPLP2;RPL29;RPL37A;RPS27A;FAU;RPL35A;RPL39;RPL26;RPS7;RPS19;RPL22;RPL36;RPL10A;RPL7;RPL15;RPL35;RPSA;RPL41;RPS11;RPL27;RPS21;RPS29;RPL23;RPS20;UBA52;RPS10;RPL31;RPL13A;RPL4;RPL27A;RPS17;RPL38;RPS26;RPL36AL,KRT5-KRT17+ Basaloid,Reactome
prerank,REACTOME_SARS_COV_2_HOST_INTERACTIONS,-0.8633435216396707,-2.1921250529149647,0.0,0.0,0.0,34/136,2.10%,SFTPD;RPS3;RPS27;RPS12;RPS4X;RPS6;RPS28;RPS2;RPS13;RPS9;RPS14;RPS8;RPS15A;RPS16;RPS25;RPS15;RPS23;RPS3A;RPS24;RPS5;RPS27A;FAU;RPS7;RPS19;RPSA;RPS11;RPS21;RPS29;B2M;RPS20;UBA52;RPS10;RPS17;RPS26,KRT5-KRT17+ Basaloid,Reactome
prerank,REACTOME_EXTRACELLULAR_MATRIX_ORGANIZATION,0.8049714007078611,2.1485387746152553,0.0,0.0,0.0,51/129,6.83%,MMP7;COL1A1;DST;LAMB3;FN1;ITGA2;LAMC2;APP;PRSS2;TNC;ITGAV;TIMP1;AGRN;PLEC;THBS1;ACTN1;CDH1;ITGB4;VCAN;PXDN;CEACAM6;ITGB1;MMP14;CD151;CTSB;SDC1;COL18A1;HSPG2;ITGB6;SPARC;ADAM9;COL6A2;ITGA3;ITGB8;TIMP2;COL4A2;MFAP2;LAMA5;PDGFA;LTBP3;COL6A1;TGFB1;COL4A4;TGFB2;SERPINH1;ICAM1;CAPN2;CAPN1;PLOD1;PRSS1;KDR,KRT5-KRT17+ Basaloid,Reactome
prerank,REACTOME_SARS_COV_1_INFECTION,-0.8628819871920645,-2.1399331730950872,0.0,0.0,0.0,38/116,3.31%,SFTPD;RPS3;EEF1A1;RPS27;RPS12;RPS4X;RPS6;RPS28;RPS2;RPS13;RPS9;RPS14;RPS8;RPS15A;RPS16;RPS25;RPS15;RPS23;RPS3A;RPS24;RPS5;RPS27A;FAU;RPS7;RPS19;RPSA;RPS11;RPS21;RPS29;RPS20;UBA52;RPS10;RPS17;RPS26;NPM1;NFKBIA;HNRNPA1;UBB,KRT5-KRT17+ Basaloid,Reactome
prerank,REACTOME_SARS_COV_1_HOST_INTERACTIONS,-0.8898452258225031,-2.110022257344476,0.0,0.0,0.0,38/81,3.31%,SFTPD;RPS3;EEF1A1;RPS27;RPS12;RPS4X;RPS6;RPS28;RPS2;RPS13;RPS9;RPS14;RPS8;RPS15A;RPS16;RPS25;RPS15;RPS23;RPS3A;RPS24;RPS5;RPS27A;FAU;RPS7;RPS19;RPSA;RPS11;RPS21;RPS29;RPS20;UBA52;RPS10;RPS17;RPS26;NPM1;NFKBIA;HNRNPA1;UBB,KRT5-KRT17+ Basaloid,Reactome
prerank,REACTOME_AEROBIC_RESPIRATION_AND_RESPIRATORY_ELECTRON_TRANSPORT,-0.804595824446531,-2.0893103089145897,0.0,0.0,0.0,38/167,5.89%,MT-CO1;MT-CO2;MT-CO3;MT-ND4;MT-ND1;MT-ATP6;RPS27A;MT-CYB;MT-ND2;MT-ND3;COX7C;UBA52;ATP5F1E;NDUFA4;LDHB;UQCRB;ATP5MG;COX7A2;COX4I1;COX6C;MT-ND5;UQCR10;UQCRQ;UBB;COX8A;COX14;COX17;ATP5PO;ATP5MJ;COX7B;ACAT1;UQCRH;NDUFB1;NDUFC2;MPC1;NDUFB8;SLC25A4;LDHA,KRT5-KRT17+ Basaloid,Reactome
prerank,REACTOME_SARS_COV_2_MODULATES_HOST_TRANSLATION_MACHINERY,-0.9744383303966737,-2.0883505375475107,0.0,0.0,0.0,31/40,2.10%,RPS3;RPS27;RPS12;RPS4X;RPS6;RPS28;RPS2;RPS13;RPS9;RPS14;RPS8;RPS15A;RPS16;RPS25;RPS15;RPS23;RPS3A;RPS24;RPS5;RPS27A;FAU;RPS7;RPS19;RPSA;RPS11;RPS21;RPS29;RPS20;RPS10;RPS17;RPS26,KRT5-KRT17+ Basaloid,Reactome
prerank,REACTOME_RESPIRATORY_ELECTRON_TRANSPORT,-0.8424137595521904,-2.0675404380445928,0.0,0.0,0.0,25/107,5.63%,MT-CO1;MT-CO2;MT-CO3;MT-ND4;MT-ND1;MT-CYB;MT-ND2;MT-ND3;COX7C;NDUFA4;UQCRB;COX7A2;COX4I1;COX6C;MT-ND5;UQCR10;UQCRQ;COX8A;COX14;COX17;COX7B;UQCRH;NDUFB1;NDUFC2;NDUFB8,KRT5-KRT17+ Basaloid,Reactome
prerank,REACTOME_ACTIVATION_OF_THE_MRNA_UPON_BINDING_OF_THE_CAP_BINDING_COMPLEX_AND_EIFS_AND_SUBSEQUENT_BINDING_TO_43S,-0.9494587761665844,-2.0640556531938885,0.0,0.0,0.0,33/51,3.63%,RPS3;RPS27;RPS12;RPS4X;RPS6;RPS28;RPS2;RPS13;RPS9;RPS14;RPS8;RPS15A;RPS16;RPS25;RPS15;RPS23;RPS3A;RPS24;RPS5;RPS27A;FAU;RPS7;RPS19;RPSA;RPS11;RPS21;RPS29;RPS20;RPS10;RPS17;RPS26;PABPC1;EIF3E,KRT5-KRT17+ Basaloid,Reactome
prerank,REACTOME_NERVOUS_SYSTEM_DEVELOPMENT,-0.7389752411483007,-2.046896854697417,0.0,0.0,0.0,78/355,2.14%,RPS3;RPS27;RPS12;RPL11;RPS4X;RPL10;RPS6;RPL13;RPL19;RPLP1;RPS28;RPS2;RPS13;RPS9;RPS14;RPLP0;RPL14;RPL32;RPL18;RPS8;RPL8;RPS15A;RPL30;RPL28;RPS16;RPS25;RPL18A;RPL24;RPL9;RPS15;RPS23;RPL12;RPL23A;RPL6;RPS3A;RPL37;RPL34;RPS24;RPL3;RPL5;RPL7A;RPL21;RPS5;RPLP2;RPL29;RPL37A;RPS27A;FAU;RPL35A;RPL39;RPL26;RPS7;RPS19;RPL22;RPL36;RPL10A;RPL7;RPL15;RPL35;RPSA;RPL41;RPS11;RPL27;RPS21;RPS29;RPL23;RPS20;UBA52;RPS10;RPL31;RPL13A;RPL4;RPL27A;RPS17;RPL38;ACTB;RPS26;RPL36AL,KRT5-KRT17+ Basaloid,Reactome
prerank,REACTOME_SARS_COV_2_INFECTION,-0.7579587291476759,-2.023159949264644,0.0,0.0,0.0,36/207,3.31%,SFTPD;RPS3;RPS27;RPS12;RPS4X;RPS6;RPS28;RPS2;RPS13;RPS9;RPS14;RPS8;RPS15A;RPS16;RPS25;RPS15;RPS23;RPS3A;RPS24;RPS5;RPS27A;FAU;RPS7;RPS19;RPSA;RPS11;RPS21;RPS29;B2M;RPS20;UBA52;RPS10;RPS17;RPS26;SDC4;UBB,KRT5-KRT17+ Basaloid,Reactome
prerank,REACTOME_SARS_COV_1_MODULATES_HOST_TRANSLATION_MACHINERY,-0.9742288266270971,-2.021050662333579,0.0,0.0,0.0,33/35,2.75%,RPS3;EEF1A1;RPS27;RPS12;RPS4X;RPS6;RPS28;RPS2;RPS13;RPS9;RPS14;RPS8;RPS15A;RPS16;RPS25;RPS15;RPS23;RPS3A;RPS24;RPS5;RPS27A;FAU;RPS7;RPS19;RPSA;RPS11;RPS21;RPS29;RPS20;RPS10;RPS17;RPS26;HNRNPA1,KRT5-KRT17+ Basaloid,Reactome
prerank,REACTOME_SARS_COV_INFECTIONS,-0.7027105071732335,-1.9273561967644508,0.0,0.0,0.0,41/288,3.31%,SFTPD;RPS3;EEF1A1;RPS27;RPS12;RPS4X;RPS6;RPS28;RPS2;RPS13;RPS9;RPS14;RPS8;RPS15A;RPS16;RPS25;RPS15;RPS23;RPS3A;RPS24;RPS5;RPS27A;FAU;RPS7;RPS19;RPSA;RPS11;RPS21;RPS29;B2M;RPS20;UBA52;RPS10;RPS17;RPS26;NPM1;NFKBIA;ATP1A1;HNRNPA1;SDC4;UBB,KRT5-KRT17+ Basaloid,Reactome
prerank,REACTOME_RRNA_MODIFICATION_IN_THE_NUCLEUS_AND_CYTOSOL,-0.8960817055143616,-1.9123076427407317,0.0,0.0,0.0,5/41,1.18%,RPS6;RPS2;RPS9;RPS14;RPS7,KRT5-KRT17+ Basaloid,Reactome
prerank,REACTOME_DEGRADATION_OF_THE_EXTRACELLULAR_MATRIX,0.7999255902539489,1.8384503504806158,0.0,0.0,0.0,24/60,8.41%,MMP7;COL1A1;LAMB3;FN1;LAMC2;PRSS2;TIMP1;CDH1;MMP14;CTSB;COL18A1;HSPG2;ADAM9;COL6A2;TIMP2;COL4A2;LAMA5;COL6A1;COL4A4;CAPN2;CAPN1;PRSS1;BSG;ADAM10,KRT5-KRT17+ Basaloid,Reactome
prerank,REACTOME_MITOCHONDRIAL_PROTEIN_DEGRADATION,-0.756709110342119,-1.8229352660056457,0.0,7.761987140082455e-05,0.002,15/75,4.50%,MT-CO1;MT-CO2;MT-ND1;MT-ATP6;MT-ND2;SLC25A5;SLC25A6;ATP5MG;COX4I1;MT-ND5;UQCRQ;SMDT1;ECH1;ATP5PO;ACAT1,KRT5-KRT17+ Basaloid,Reactome
prerank,REACTOME_INTEGRIN_CELL_SURFACE_INTERACTIONS,0.8501252804940023,1.8207735306534496,0.0,0.0006613006839738503,0.002,19/38,5.03%,COL1A1;FN1;ITGA2;TNC;ITGAV;AGRN;THBS1;CDH1;ITGB1;COL18A1;HSPG2;ITGB6;COL6A2;ITGA3;ITGB8;COL4A2;COL6A1;COL4A4;ICAM1,KRT5-KRT17+ Basaloid,Reactome
prerank,REACTOME_COMPLEX_I_BIOGENESIS,-0.8358397504884242,-1.8149515349924414,0.0,7.474506134894217e-05,0.002,8/48,5.63%,MT-ND4;MT-ND1;MT-ND2;MT-ND3;MT-ND5;NDUFB1;NDUFC2;NDUFB8,KRT5-KRT17+ Basaloid,Reactome
prerank,REACTOME_NON_INTEGRIN_MEMBRANE_ECM_INTERACTIONS,0.8631881953416534,1.8063093702744952,0.0,0.0009919510259607754,0.004,19/37,4.58%,COL1A1;LAMB3;FN1;ITGA2;LAMC2;TNC;ITGAV;AGRN;THBS1;ACTN1;ITGB4;ITGB1;SDC1;HSPG2;COL4A2;LAMA5;PDGFA;TGFB1;COL4A4,KRT5-KRT17+ Basaloid,Reactome
prerank,REACTOME_ECM_PROTEOGLYCANS,0.8835319207257814,1.8004267071322606,0.0,0.0007935608207686204,0.004,19/31,4.73%,COL1A1;FN1;ITGA2;APP;TNC;ITGAV;AGRN;VCAN;ITGB1;HSPG2;ITGB6;SPARC;COL6A2;COL4A2;LAMA5;COL6A1;TGFB1;COL4A4;TGFB2,KRT5-KRT17+ Basaloid,Reactome
prerank,REACTOME_COLLAGEN_FORMATION,0.827146326525038,1.7957648989773571,0.0,0.0006613006839738503,0.004,17/43,6.31%,MMP7;COL1A1;DST;LAMB3;LAMC2;PLEC;ITGB4;PXDN;CD151;CTSB;COL18A1;COL6A2;COL4A2;COL6A1;COL4A4;SERPINH1;PLOD1,KRT5-KRT17+ Basaloid,Reactome
prerank,REACTOME_REGULATION_OF_INSULIN_LIKE_GROWTH_FACTOR_IGF_TRANSPORT_AND_UPTAKE_BY_INSULIN_LIKE_GROWTH_FACTOR_BINDING_PROTEINS_IGFBPS,0.7929799937930546,1.7864457660870257,0.0,0.0005668291576918717,0.004,30/60,11.03%,FN1;IGFBP7;APP;GAS6;TNC;FSTL3;TIMP1;PRSS23;VCAN;CDH2;MXRA8;FSTL1;LGALS1;MFGE8;QSOX1;SHISA5;GOLM1;IGFBP4;RCN1;TMEM132A;VWA1;LTBP1;ADAM10;MSLN;WFS1;DNAJC3;PNPLA2;CALU;IGFBP2;IGFBP3,KRT5-KRT17+ Basaloid,Reactome
prerank,REACTOME_ASSEMBLY_OF_COLLAGEN_FIBRILS_AND_OTHER_MULTIMERIC_STRUCTURES,0.8797984811492069,1.7856674724328558,0.0,0.0007439632694705815,0.006,15/31,4.58%,MMP7;COL1A1;DST;LAMB3;LAMC2;PLEC;ITGB4;PXDN;CD151;CTSB;COL18A1;COL6A2;COL4A2;COL6A1;COL4A4,KRT5-KRT17+ Basaloid,Reactome
prerank,REACTOME_COMPLEX_IV_ASSEMBLY,-0.8912571613151093,-1.784197455791774,0.0,0.0005766047589775539,0.016,12/31,4.41%,MT-CO1;MT-CO2;MT-CO3;COX7C;NDUFA4;COX7A2;COX4I1;COX6C;COX8A;COX14;COX17;COX7B,KRT5-KRT17+ Basaloid,Reactome
prerank,REACTOME_SURFACTANT_METABOLISM,-0.9450786406056744,-1.7699457870714475,0.0,0.000835082754381285,0.024,10/20,1.46%,SFTPC;SFTPB;SFTPA1;SFTPA2;NAPSA;SFTPD;SLC34A2;CTSH;ABCA3;SFTA3,KRT5-KRT17+ Basaloid,Reactome
prerank,REACTOME_SIGNALING_BY_RHO_GTPASES_MIRO_GTPASES_AND_RHOBTB3,0.5815189109498553,1.7604270620994318,0.0,0.001983902051921551,0.018,114/398,15.95%,IL32;DST;VIM;TUBA1A;DSP;MYH9;TPM4;ACTN1;TMOD3;DSG2;CDH1;TUBB3;RHOC;JUP;FLNA;DBN1;STOM;ITGB1;RHOD;GJA1;SPTAN1;AMIGO2;ANKLE2;ALDH3A2;SFN;RND3;TUBB6;YWHAZ;TUBA4A;TPM3;YWHAH;MYH14;DYNC1H1;CCT2;MYL9;VCP;PLIN3;ACTR3;PAK2;CYBA;HMOX2;NET1;BCAP31;PLXNB1;WASF2;STEAP3;FNBP1L;CTNNB1;PPP2R1A;PLEKHG1;CKB;TUBB2A;TAX1BP3;CDC37;PPP1CB;CCT6A;RHOBTB3;TNFAIP1;EFHD2;NSFL1C;ARPC5;CAPZB;FARP1;NUDC;DYNC1I2;YWHAG;HGS;MSI2;SNAP23;SH3RF1;KIF2A;FLOT1;STK38;BAIAP2L1;DYNC1LI2;CDC42EP3;NCF2;ARFGAP3;CDC42EP1;LIMK2;RHOB;PFN2;SHKBP1;GRB7;CAV1;RALBP1;CTTN;EPHA2;DIAPH1;PLXNA1;YWHAQ;CTNNA1;ABI1;BUB3;SPTBN1;DAAM1;CDC42;CAVIN1;PPP2CA;CKAP4;MYO6;ESYT1;ARHGDIA;TUBB2B;PRAG1;GPS1;STIP1;ARHGAP29;MAPK14;BCR;RCC2;PPP1R12A;ATP6AP1;RHPN2,KRT5-KRT17+ Basaloid,Reactome
prerank,REACTOME_FORMATION_OF_THE_CORNIFIED_ENVELOPE,0.8645337310873774,1.7405391809958675,0.0,0.0021642567839144193,0.024,15/24,8.71%,KRT17;DSP;PERP;DSG2;ST14;JUP;KRT7;DSC2;KRT15;KRT19;KRT8;CAPN1;KRT80;PKP3;PRSS8,KRT5-KRT17+ Basaloid,Reactome
prerank,REACTOME_KERATINIZATION,0.8645337310873774,1.7405391809958675,0.0,0.0021642567839144193,0.024,15/24,8.71%,KRT17;DSP;PERP;DSG2;ST14;JUP;KRT7;DSC2;KRT15;KRT19;KRT8;CAPN1;KRT80;PKP3;PRSS8,KRT5-KRT17+ Basaloid,Reactome
prerank,REACTOME_ACTIVATION_OF_GENE_EXPRESSION_BY_SREBF_SREBP,-0.8656181482423911,-1.739552522692852,0.0,0.00228719887727763,0.052,11/33,6.57%,FASN;SCD;IDI1;HMGCS1;FDPS;SQLE;MVD;HMGCR;FDFT1;DHCR7;LSS,KRT5-KRT17+ Basaloid,Reactome
prerank,REACTOME_LAMININ_INTERACTIONS,0.8920946599374968,1.7234952599794444,0.0,0.003802478932849639,0.044,12/20,4.58%,LAMB3;ITGA2;LAMC2;ITGAV;ITGB4;ITGB1;COL18A1;HSPG2;ITGA3;COL4A2;LAMA5;COL4A4,KRT5-KRT17+ Basaloid,Reactome
prerank,REACTOME_APOPTOTIC_CLEAVAGE_OF_CELLULAR_PROTEINS,0.8507784803030041,1.7218978489863686,0.0,0.0038151962536952908,0.046,12/29,6.09%,GSN;VIM;DSP;PLEC;DSG2;CDH1;SPTAN1;BCAP31;TJP1;LMNA;CTNNB1;STK24,KRT5-KRT17+ Basaloid,Reactome
prerank,REACTOME_CYTOPROTECTION_BY_HMOX1,-0.8113528807997716,-1.7071208748768538,0.0,0.005077841909705554,0.104,12/39,4.41%,MT-CO1;MT-CO2;MT-CO3;COX7C;BLVRB;NDUFA4;COX7A2;COX4I1;COX6C;TXNIP;COX8A;COX7B,KRT5-KRT17+ Basaloid,Reactome
prerank,REACTOME_MET_PROMOTES_CELL_MOTILITY,0.8407682350599545,1.7050463555170237,0.0036231884057971015,0.005384876998072782,0.064,8/27,3.49%,COL1A1;LAMB3;FN1;ITGA2;LAMC2;ITGB1;ITGA3;LAMA5,KRT5-KRT17+ Basaloid,Reactome
prerank,REACTOME_RHO_GTPASE_CYCLE,0.586589541674195,1.703346422851208,0.0,0.005554925745380343,0.066,91/282,19.25%,IL32;DST;VIM;DSP;TPM4;ACTN1;TMOD3;DSG2;RHOC;JUP;DBN1;STOM;ITGB1;RHOD;GJA1;SPTAN1;AMIGO2;ANKLE2;ALDH3A2;RND3;TPM3;CCT2;VCP;PAK2;CYBA;HMOX2;NET1;BCAP31;PLXNB1;WASF2;STEAP3;FNBP1L;PLEKHG1;CKB;CDC37;CCT6A;TNFAIP1;EFHD2;NSFL1C;CAPZB;FARP1;NUDC;HGS;MSI2;SNAP23;SH3RF1;FLOT1;STK38;BAIAP2L1;CDC42EP3;NCF2;ARFGAP3;CDC42EP1;RHOB;SHKBP1;GRB7;CAV1;RALBP1;EPHA2;DIAPH1;PLXNA1;ABI1;SPTBN1;DAAM1;CDC42;CAVIN1;CKAP4;MYO6;ESYT1;ARHGDIA;PRAG1;GPS1;STIP1;ARHGAP29;BCR;ATP6AP1;RHPN2;RHOG;GOPC;ARMCX3;ARHGEF26;PKN2;ARHGAP18;CCT7;EPSTI1;FAM135A;WDR6;ARHGAP21;CLTC;RHOF;PLEKHG3,KRT5-KRT17+ Basaloid,Reactome
prerank,REACTOME_REGULATION_OF_CHOLESTEROL_BIOSYNTHESIS_BY_SREBP_SREBF,-0.7946296427671835,-1.6991769399702878,0.003952569169960474,0.005928217678237975,0.126,12/45,6.57%,FASN;SCD;IDI1;HMGCS1;FDPS;INSIG1;SQLE;MVD;HMGCR;FDFT1;DHCR7;LSS,KRT5-KRT17+ Basaloid,Reactome
prerank,REACTOME_CELL_JUNCTION_ORGANIZATION,0.7332831559255861,1.6910677825353067,0.0,0.008183595964176397,0.1,22/63,6.30%,DST;LAMB3;LAMC2;CLDN1;CDH3;PLEC;ACTN1;CDH1;ITGB4;CDH2;JUP;FLNA;ITGB1;CD151;FBLIM1;LIMS1;NECTIN2;VASP;NECTIN4;ILK;CTNNB1;ANGPTL4,KRT5-KRT17+ Basaloid,Reactome
prerank,REACTOME_TOLL_LIKE_RECEPTOR_TLR1_TLR2_CASCADE,-0.7249135447295383,-1.6826210173211396,0.004081632653061225,0.00825593177626952,0.168,11/71,3.43%,SFTPA1;SFTPA2;SFTPD;RPS27A;UBA52;NFKBIA;FOS;HMGB1;JUN;UBB;CD36,KRT5-KRT17+ Basaloid,Reactome
prerank,REACTOME_CHOLESTEROL_BIOSYNTHESIS,-0.9106438058827773,-1.680658416266382,0.0,0.008072466625685754,0.168,13/23,6.57%,DHCR24;MSMO1;IDI1;HMGCS1;FDPS;EBP;ACAT2;SQLE;MVD;HMGCR;FDFT1;DHCR7;LSS,KRT5-KRT17+ Basaloid,Reactome
prerank,REACTOME_MET_ACTIVATES_PTK2_SIGNALING,0.887562077523039,1.6752877425179082,0.003367003367003367,0.011436611828724234,0.134,8/17,3.49%,COL1A1;LAMB3;FN1;ITGA2;LAMC2;ITGB1;ITGA3;LAMA5,KRT5-KRT17+ Basaloid,Reactome
prerank,REACTOME_APOPTOTIC_EXECUTION_PHASE,0.7814230661597148,1.6748550194588026,0.0038022813688212928,0.01091146128556853,0.136,13/36,6.09%,GSN;VIM;DSP;PLEC;DSG2;CDH1;SPTAN1;PAK2;BCAP31;TJP1;LMNA;CTNNB1;STK24,KRT5-KRT17+ Basaloid,Reactome
prerank,REACTOME_COLLAGEN_DEGRADATION,0.8119259514654298,1.6682078407679495,0.0,0.011694580516590194,0.148,11/30,4.58%,MMP7;COL1A1;PRSS2;MMP14;CTSB;COL18A1;ADAM9;COL6A2;COL4A2;COL6A1;COL4A4,KRT5-KRT17+ Basaloid,Reactome
prerank,REACTOME_HEMOSTASIS,0.5779396909552716,1.6563296811079138,0.0,0.01567282621018025,0.206,75/276,11.66%,COL1A1;FN1;ITGA2;APP;GAS6;TUBA1A;ITGAV;TIMP1;PLAUR;PLAU;THBS1;ACTN1;CD99;TUBB3;FLNA;CEACAM6;ITGB1;SDC1;ANXA2;QSOX1;VCL;SPARC;WDR1;TUBB6;YWHAZ;TUBA4A;ITGA3;PSAP;HDAC2;TIMP3;PDGFA;GNAI2;GPC1;FAM3C;TGFB1;LGALS3BP;TLN1;CAP1;SRI;TGFB2;GNG12;SERPINB6;TNFRSF10B;GNG10;SLC16A3;ATP2A2;PPP2R1A;TUBB2A;MAGED2;GNB1;RAP1B;EPCAM;GLG1;PROCR;RAB27B;BCAR1;BSG;CAPZB;WEE1;KRAS;KIF2A;KIF9;TAGLN2;ANXA5;MANF;GNB2;RHOB;CALU;MGLL;EHD2;GRB7;CAV1;DGKA;JMJD1C;OLA1,KRT5-KRT17+ Basaloid,Reactome
prerank,REACTOME_SYNDECAN_INTERACTIONS,0.869052188458583,1.6409052844277912,0.0,0.020878207308317274,0.284,11/21,3.94%,COL1A1;FN1;ITGA2;TNC;ITGAV;THBS1;ACTN1;ITGB4;ITGB1;SDC1;TGFB1,KRT5-KRT17+ Basaloid,Reactome
prerank,REACTOME_DISEASES_OF_METABOLISM,-0.6493908034721394,-1.6375430748721693,0.0,0.019143277998054785,0.368,18/120,4.47%,SFTPC;SFTPB;SFTPA1;SFTPA2;SFTPD;SLC34A2;MUC1;RPS27A;ABCA3;SFTA3;UBA52;DCXR;SDC4;MAOA;UBB;MCCC1;MTRR;MMAB,KRT5-KRT17+ Basaloid,Reactome
prerank,REACTOME_L1CAM_INTERACTIONS,0.6984880836183505,1.629828878783816,0.00816326530612245,0.026241613504962333,0.35,13/59,6.19%,CD24;ITGA2;TUBA1A;ITGAV;TUBB3;ITGB1;SPTAN1;EPHB2;TUBB6;TUBA4A;LYPLA2;AP2M1;TUBB2A,KRT5-KRT17+ Basaloid,Reactome
prerank,REACTOME_HCMV_EARLY_EVENTS,0.7086703936461476,1.6293500542402695,0.00423728813559322,0.025100673787355275,0.35,12/52,12.05%,TUBA1A;TUBB3;ITGB1;TUBB6;TUBA4A;DYNC1H1;PML;TUBB2A;DYNC1I2;NCOR2;DYNC1LI2;TPR,KRT5-KRT17+ Basaloid,Reactome
prerank,REACTOME_RECRUITMENT_OF_NUMA_TO_MITOTIC_CENTROSOMES,0.7050548980278465,1.6262785766634291,0.00390625,0.026038714431470353,0.362,12/50,8.62%,TUBA1A;TUBB3;TUBB6;TUBA4A;DYNC1H1;DCTN2;ACTR1A;PPP2R1A;TUBB2A;CSNK1D;DYNC1I2;YWHAG,KRT5-KRT17+ Basaloid,Reactome
prerank,REACTOME_HSP90_CHAPERONE_CYCLE_FOR_STEROID_HORMONE_RECEPTORS_SHR_IN_THE_PRESENCE_OF_LIGAND,0.7414861250928891,1.6211204285155518,0.003787878787878788,0.02840947738351661,0.386,15/38,15.37%,TUBA1A;TUBB3;TUBB6;TUBA4A;DYNC1H1;DCTN2;ACTR1A;TUBB2A;CAPZB;DYNC1I2;DYNC1LI2;DNAJA1;DNAJA2;TUBB2B;STIP1,KRT5-KRT17+ Basaloid,Reactome
prerank,REACTOME_SEMAPHORIN_INTERACTIONS,0.775805315879215,1.6199246513867842,0.004201680672268907,0.02800354050212343,0.396,16/37,11.90%,DPYSL3;MYH9;RHOC;ITGB1;MYH14;MYL9;PAK2;TLN1;PLXNB1;ERBB2;MET;LIMK2;RHOB;SEMA7A;GSK3B;PLXNA1,KRT5-KRT17+ Basaloid,Reactome
prerank,REACTOME_DUAL_INCISION_IN_TC_NER,-0.7625990755591926,-1.6145281123932562,0.00851063829787234,0.028646044761982088,0.472,5/39,4.83%,RPS27A;UBA52;POLR2L;UBB;POLR2C,KRT5-KRT17+ Basaloid,Reactome
prerank,REACTOME_SMOOTH_MUSCLE_CONTRACTION,0.826195230859183,1.611800793189993,0.0,0.03210982209961918,0.442,9/24,4.47%,CALD1;TPM1;TPM4;ANXA2;VCL;TPM3;MYL9;PAK2;TLN1,KRT5-KRT17+ Basaloid,Reactome
prerank,REACTOME_MOLECULES_ASSOCIATED_WITH_ELASTIC_FIBRES,0.8196006480724438,1.6004125556891478,0.006644518272425249,0.04066999206439179,0.542,11/20,9.49%,FN1;ITGAV;ITGB1;ITGB6;ITGB8;MFAP2;LTBP3;TGFB1;TGFB2;LTBP1;ITGB5,KRT5-KRT17+ Basaloid,Reactome
prerank,REACTOME_FORMATION_OF_TC_NER_PRE_INCISION_COMPLEX,-0.7485354520266457,-1.5885421914394942,0.01639344262295082,0.04559852769644115,0.596,5/37,4.83%,RPS27A;UBA52;POLR2L;UBB;POLR2C,KRT5-KRT17+ Basaloid,Reactome
prerank,REACTOME_ASSEMBLY_AND_CELL_SURFACE_PRESENTATION_OF_NMDA_RECEPTORS,0.8382242204789615,1.5850649851280116,0.010344827586206896,0.05322330332396437,0.638,5/16,6.19%,TUBA1A;TUBB3;TUBB6;TUBA4A;TUBB2A,KRT5-KRT17+ Basaloid,Reactome
prerank,REACTOME_IRON_UPTAKE_AND_TRANSPORT,-0.7518963285841733,-1.584240963954035,0.007874015748031496,0.04848790808717824,0.63,7/36,3.55%,FTL;FTH1;RPS27A;UBA52;ATP6V0E1;UBB;CYBRD1,KRT5-KRT17+ Basaloid,Reactome
prerank,REACTOME_SIGNALING_BY_RECEPTOR_TYROSINE_KINASES,0.5397087149696038,1.5822353931154627,0.0,0.053962135812266186,0.664,69/310,13.88%,MDK;COL1A1;LAMB3;FN1;ITGA2;LAMC2;STMN1;ITGAV;THBS1;SPINT1;JUP;BAX;ITGB1;SPARC;COL6A2;PTPRF;ITGA3;HDAC2;COL4A2;RRAD;LAMA5;PDGFA;NRG1;COL6A1;PTPRK;PAK2;CYBA;COL4A4;AP2M1;WASF2;TCIRG1;ERBB2;CTNNB1;PPP2R1A;RALA;STAT1;ANOS1;CDC37;KDR;HIF1A;RAP1B;MUC20;FOSL1;MET;CTNND1;BCAR1;ATP6V0C;ADAM10;HGS;KRAS;GIPC1;MXD4;COL5A1;NCF2;AP2B1;ERBB3;GRB7;CAV1;DIAPH1;ARF6;CTNNA1;ABI1;RBFOX2;LAMC1;CDC42;COL4A3;PXN;PPP2CA;HSPB1,KRT5-KRT17+ Basaloid,Reactome
prerank,REACTOME_SEMA4D_IN_SEMAPHORIN_SIGNALING,0.8324672763068474,1.5821557688793026,0.006944444444444444,0.05228541859419055,0.666,9/16,10.34%,MYH9;RHOC;MYH14;MYL9;PLXNB1;ERBB2;MET;LIMK2;RHOB,KRT5-KRT17+ Basaloid,Reactome
prerank,REACTOME_CELL_SURFACE_INTERACTIONS_AT_THE_VASCULAR_WALL,0.6868630993131767,1.5814112642132407,0.012605042016806723,0.05114747477610248,0.67,18/58,8.74%,COL1A1;FN1;GAS6;ITGAV;CD99;CEACAM6;ITGB1;SDC1;ITGA3;GPC1;TGFB1;TNFRSF10B;SLC16A3;EPCAM;GLG1;PROCR;BSG;KRAS,KRT5-KRT17+ Basaloid,Reactome
prerank,REACTOME_NUCLEAR_ENVELOPE_NE_REASSEMBLY,0.6925887807352546,1.580259726349816,0.0,0.05049932495800312,0.676,11/52,7.82%,TUBA1A;TUBB3;ANKLE2;TUBB6;TUBA4A;LMNA;PPP2R1A;TUBB2A;UBE2I;CHMP4B;BANF1,KRT5-KRT17+ Basaloid,Reactome
prerank,REACTOME_GOLGI_TO_ER_RETROGRADE_TRANSPORT,0.6397399380936404,1.5620441655408064,0.0040650406504065045,0.06669411898077449,0.762,30/81,19.11%,TUBA1A;TUBB3;TUBB6;TUBA4A;DYNC1H1;PAFAH1B3;ARF5;DCTN2;ACTR1A;TUBB2A;TMED9;CAPZB;DYNC1I2;KIF2A;KIF9;TMED3;DYNC1LI2;ARFGAP3;RAB6A;RAB18;GALNT2;COPB2;TUBB2B;KIF1B;KLC1;ARF3;GALNT1;ACTR10;STX18;TMED10,KRT5-KRT17+ Basaloid,Reactome
prerank,REACTOME_RHOBTB_GTPASE_CYCLE,0.7514531055624079,1.5619592376106266,0.01171875,0.06484525563995011,0.762,9/30,9.08%,VIM;ACTN1;TMOD3;DBN1;CCT2;CDC37;CCT6A;MSI2;STK38,KRT5-KRT17+ Basaloid,Reactome
prerank,REACTOME_RHO_GTPASES_ACTIVATE_PKNS,0.8055650671652282,1.561300583005116,0.007326007326007326,0.06409105795513231,0.768,11/21,11.97%,MYH9;RHOC;SFN;YWHAZ;YWHAH;MYH14;MYL9;PPP1CB;YWHAG;RHOB;YWHAQ,KRT5-KRT17+ Basaloid,Reactome
prerank,REACTOME_ELASTIC_FIBRE_FORMATION,0.7976226773746965,1.560113777317135,0.006993006993006993,0.06375296053337091,0.774,11/23,9.49%,FN1;ITGAV;ITGB1;ITGB6;ITGB8;MFAP2;LTBP3;TGFB1;TGFB2;LTBP1;ITGB5,KRT5-KRT17+ Basaloid,Reactome
prerank,REACTOME_SEALING_OF_THE_NUCLEAR_ENVELOPE_NE_BY_ESCRT_III,0.8137905819829903,1.5594420567479028,0.003401360544217687,0.06291057822540706,0.776,6/21,6.62%,TUBA1A;TUBB3;TUBB6;TUBA4A;TUBB2A;CHMP4B,KRT5-KRT17+ Basaloid,Reactome
prerank,REACTOME_HDR_THROUGH_HOMOLOGOUS_RECOMBINATION_HRR,-0.8307048713032836,-1.5538816417147654,0.0,0.07580874106813865,0.778,3/22,3.31%,RPS27A;UBA52;UBB,KRT5-KRT17+ Basaloid,Reactome
prerank,REACTOME_JNK_C_JUN_KINASES_PHOSPHORYLATION_AND_ACTIVATION_MEDIATED_BY_ACTIVATED_HUMAN_TAK1,-0.8487820276817399,-1.5486384764853298,0.020942408376963352,0.08006877834352057,0.796,3/15,3.31%,RPS27A;UBA52;UBB,KRT5-KRT17+ Basaloid,Reactome
prerank,REACTOME_CRISTAE_FORMATION,-0.8460317946433197,-1.5486062227180104,0.004975124378109453,0.07811588131075178,0.796,5/20,4.37%,MT-ATP6;ATP5F1E;ATP5MG;ATP5PO;ATP5MJ,KRT5-KRT17+ Basaloid,Reactome
prerank,REACTOME_PROGRAMMED_CELL_DEATH,0.5781400599170795,1.543961577548444,0.0045045045045045045,0.08001738276083589,0.854,42/148,11.08%,GSN;VIM;DSP;PLEC;DSG2;CDH1;CDKN2A;BAX;BCL2L1;SPTAN1;SFN;YWHAZ;YWHAH;FAS;BBC3;PSME2;PAK2;TNFSF10;MAGED1;BCAP31;TNFRSF10B;DAPK3;PSMB8;TJP1;PELI1;LMNA;PSMD2;CTNNB1;STK24;CHMP4B;CDC37;TP63;ADD1;PSMA6;YWHAG;PSMD4;FLOT1;PSMB10;BID;UBE2L3;PSMC4;PSMD1,KRT5-KRT17+ Basaloid,Reactome
prerank,REACTOME_TRANSCRIPTION_COUPLED_NUCLEOTIDE_EXCISION_REPAIR_TC_NER,-0.6986044035181632,-1.5434474206474242,0.02040816326530612,0.08221422855088288,0.822,5/49,4.83%,RPS27A;UBA52;POLR2L;UBB;POLR2C,KRT5-KRT17+ Basaloid,Reactome
prerank,REACTOME_INFECTION_WITH_MYCOBACTERIUM_TUBERCULOSIS,-0.8168513578702461,-1.540560151248188,0.004807692307692308,0.08302438058626802,0.828,4/17,3.31%,RPS27A;B2M;UBA52;UBB,KRT5-KRT17+ Basaloid,Reactome
prerank,REACTOME_APOPTOSIS,0.584964706306791,1.5404065612145494,0.004405286343612335,0.08233193515474437,0.874,35/125,9.33%,GSN;VIM;DSP;PLEC;DSG2;CDH1;CDKN2A;BAX;BCL2L1;SPTAN1;SFN;YWHAZ;YWHAH;FAS;BBC3;PSME2;PAK2;TNFSF10;MAGED1;BCAP31;TNFRSF10B;DAPK3;PSMB8;TJP1;LMNA;PSMD2;CTNNB1;STK24;TP63;ADD1;PSMA6;YWHAG;PSMD4;PSMB10;BID,KRT5-KRT17+ Basaloid,Reactome
prerank,REACTOME_PLATELET_AGGREGATION_PLUG_FORMATION,0.8054510183837429,1.5359321191642887,0.0,0.08579166678187584,0.884,5/19,8.01%,COL1A1;FN1;TLN1;RAP1B;BCAR1,KRT5-KRT17+ Basaloid,Reactome
prerank,REACTOME_INTRINSIC_PATHWAY_FOR_APOPTOSIS,0.7379236939802916,1.535884034180223,0.003816793893129771,0.08374900804897405,0.884,10/35,9.33%,CDKN2A;BAX;BCL2L1;SFN;YWHAZ;YWHAH;BBC3;TP63;YWHAG;BID,KRT5-KRT17+ Basaloid,Reactome
prerank,REACTOME_PROTEIN_LOCALIZATION,-0.6069311581579828,-1.5344239831128093,0.0038022813688212928,0.08847606886902169,0.86,17/110,5.80%,CYB5A;RPS27A;UBA52;SERP1;SLC25A6;TOMM7;UBB;VAPA;CAT;COX17;ECH1;SEC61G;HSD17B4;PXMP4;VAMP2;NDUFB8;SLC25A4,KRT5-KRT17+ Basaloid,Reactome
prerank,REACTOME_AURKA_ACTIVATION_BY_TPX2,0.7056553290943318,1.5269220546490765,0.011811023622047244,0.09365863175350578,0.922,10/39,11.63%,TUBA1A;TUBA4A;DYNC1H1;DCTN2;ACTR1A;PPP2R1A;CSNK1D;DYNC1I2;YWHAG;CSNK1E,KRT5-KRT17+ Basaloid,Reactome
prerank,REACTOME_COMPLEX_III_ASSEMBLY,-0.8545668846886887,-1.5260721475373098,0.04145077720207254,0.09821501061250999,0.89,5/15,4.51%,MT-CYB;UQCRB;UQCR10;UQCRQ;UQCRH,KRT5-KRT17+ Basaloid,Reactome
prerank,REACTOME_FORMATION_OF_TUBULIN_FOLDING_INTERMEDIATES_BY_CCT_TRIC,0.796257713116989,1.5257276295317943,0.006644518272425249,0.09315321907431647,0.926,8/17,8.75%,TUBA1A;TUBB3;TUBB6;TUBA4A;CCT2;TUBB2A;CCT6A;CCT5,KRT5-KRT17+ Basaloid,Reactome
prerank,REACTOME_RECRUITMENT_OF_MITOTIC_CENTROSOME_PROTEINS_AND_COMPLEXES,0.6761208495730567,1.5256515549848753,0.0038314176245210726,0.09117132096386149,0.926,10/45,11.63%,TUBA1A;TUBA4A;DYNC1H1;DCTN2;ACTR1A;PPP2R1A;CSNK1D;DYNC1I2;YWHAG;CSNK1E,KRT5-KRT17+ Basaloid,Reactome
prerank,REACTOME_NUCLEAR_EVENTS_STIMULATED_BY_ALK_SIGNALING_IN_CANCER,-0.8705121051645914,-1.5254402551584008,0.010256410256410256,0.09673798320454939,0.892,4/16,6.50%,RPS6;NPM1;JUNB;STAT3,KRT5-KRT17+ Basaloid,Reactome
prerank,REACTOME_INTRAFLAGELLAR_TRANSPORT,0.7225001056696077,1.5246054052080047,0.014705882352941176,0.09078508302814922,0.928,5/34,6.19%,TUBA1A;TUBB3;TUBB6;TUBA4A;TUBB2A,KRT5-KRT17+ Basaloid,Reactome
prerank,REACTOME_COPI_DEPENDENT_GOLGI_TO_ER_RETROGRADE_TRAFFIC,0.6490890878957388,1.5225152438539185,0.011764705882352941,0.09210370802750689,0.93,18/53,19.11%,TUBA1A;TUBB3;TUBB6;TUBA4A;ARF5;TUBB2A;TMED9;KIF2A;KIF9;TMED3;ARFGAP3;COPB2;TUBB2B;KIF1B;KLC1;ARF3;STX18;TMED10,KRT5-KRT17+ Basaloid,Reactome
prerank,REACTOME_PLATELET_ACTIVATION_SIGNALING_AND_AGGREGATION,0.5817063816043526,1.5218825572816836,0.0,0.09113550051014624,0.932,45/132,13.77%,COL1A1;FN1;APP;GAS6;TIMP1;THBS1;ACTN1;FLNA;QSOX1;VCL;SPARC;WDR1;YWHAZ;TUBA4A;PSAP;TIMP3;PDGFA;GNAI2;FAM3C;TGFB1;LGALS3BP;TLN1;CAP1;TGFB2;GNG12;GNG10;MAGED2;GNB1;RAP1B;RAB27B;BCAR1;TAGLN2;ANXA5;MANF;GNB2;RHOB;CALU;MGLL;DGKA;OLA1;CYB5R1;ACTN4;CDC42;RASGRP1;SERPINE1,KRT5-KRT17+ Basaloid,Reactome
prerank,REACTOME_CONSTITUTIVE_SIGNALING_BY_AKT1_E17K_IN_CANCER,0.8105511885628873,1.5210655544123188,0.025559105431309903,0.09049022624580952,0.934,2/16,2.24%,CDKN1A;MDM2,KRT5-KRT17+ Basaloid,Reactome
prerank,REACTOME_SIGNALING_BY_TGFB_FAMILY_MEMBERS,0.6020735655682459,1.5140463289464443,0.0045662100456621,0.09931413671919286,0.954,30/104,9.89%,PMEPA1;ITGAV;FSTL3;TIMP1;ITGB1;FSTL1;MMP14;SKIL;ITGB6;CDKN2B;ITGB8;TIMP2;UBE2D1;LTBP3;DRAP1;TGFB1;BAMBI;TGIF1;TGFB2;STAT1;FKBP1A;TCF3;PPP1CB;CGN;SMURF1;LTBP1;TGFBR1;GIPC1;ITGB5;NCOR2,KRT5-KRT17+ Basaloid,Reactome
prerank,REACTOME_TOLL_LIKE_RECEPTOR_CASCADES,-0.623809573888001,-1.5112949199730532,0.007874015748031496,0.11425975367526485,0.926,11/101,3.43%,SFTPA1;SFTPA2;SFTPD;RPS27A;UBA52;NFKBIA;FOS;HMGB1;JUN;UBB;CD36,KRT5-KRT17+ Basaloid,Reactome
prerank,REACTOME_COPI_INDEPENDENT_GOLGI_TO_ER_RETROGRADE_TRAFFIC,0.724506575770764,1.510918485580681,0.014925373134328358,0.10187920537220671,0.958,15/37,13.10%,TUBA1A;TUBB3;TUBB6;TUBA4A;DYNC1H1;PAFAH1B3;DCTN2;ACTR1A;TUBB2A;CAPZB;DYNC1I2;DYNC1LI2;RAB6A;RAB18;GALNT2,KRT5-KRT17+ Basaloid,Reactome
prerank,REACTOME_PEROXISOMAL_PROTEIN_IMPORT,-0.7260263984404981,-1.5097740059571854,0.02092050209205021,0.11431789976687273,0.93,6/38,4.18%,RPS27A;UBA52;UBB;CAT;ECH1;HSD17B4,KRT5-KRT17+ Basaloid,Reactome
prerank,REACTOME_SIGNALING_BY_ALK,0.8014951977440802,1.5081357022952158,0.017605633802816902,0.10388779398812276,0.96,3/19,6.96%,MDK;HDAC2;HIF1A,KRT5-KRT17+ Basaloid,Reactome
prerank,REACTOME_ANCHORING_OF_THE_BASAL_BODY_TO_THE_PLASMA_MEMBRANE,0.6565221778061773,1.5077646634928483,0.01195219123505976,0.10237683230198948,0.962,10/53,8.62%,TUBA1A;TUBA4A;DYNC1H1;DCTN2;ACTR1A;RAB11A;PPP2R1A;CSNK1D;DYNC1I2;YWHAG,KRT5-KRT17+ Basaloid,Reactome
prerank,REACTOME_TP53_REGULATES_TRANSCRIPTION_OF_CELL_DEATH_GENES,0.7342902660415002,1.503416019644672,0.015625,0.1068735383155517,0.968,13/33,13.94%,PERP;BAX;TP53I3;FAS;BBC3;TNFRSF10B;STEAP3;TP63;BID;TP53INP1;IGFBP3;TNFRSF10C;CASP6,KRT5-KRT17+ Basaloid,Reactome
prerank,REACTOME_DUAL_INCISION_IN_GG_NER,-0.789472493936184,-1.5027096613040027,0.027522935779816515,0.12326986025855846,0.946,3/24,3.31%,RPS27A;UBA52;UBB,KRT5-KRT17+ Basaloid,Reactome
prerank,REACTOME_DNA_DAMAGE_RECOGNITION_IN_GG_NER,-0.7595217350859661,-1.5025958138646198,0.0044444444444444444,0.12088518771964415,0.946,4/30,3.31%,RPS27A;UBA52;ACTB;UBB,KRT5-KRT17+ Basaloid,Reactome
prerank,REACTOME_RHOV_GTPASE_CYCLE,0.7309339213166663,1.5025471744973617,0.03435114503816794,0.10572394389421938,0.97,9/29,13.24%,DST;TPM4;SPTAN1;TPM3;PAK2;SH3RF1;EPHA2;SPTBN1;CDC42,KRT5-KRT17+ Basaloid,Reactome
prerank,REACTOME_GAMMA_CARBOXYLATION_HYPUSINYLATION_HYDROXYLATION_AND_ARYLSULFATASE_ACTIVATION,-0.728871749259238,-1.501733440319167,0.013333333333333334,0.11982073011066895,0.946,5/36,1.87%,RPS6;RPL8;RPS23;EEF2;RPL27A,KRT5-KRT17+ Basaloid,Reactome
prerank,REACTOME_COLLAGEN_BIOSYNTHESIS_AND_MODIFYING_ENZYMES,0.7429093061214403,1.4995334753537999,0.021052631578947368,0.1082643691191475,0.974,16/28,15.80%,COL1A1;COL18A1;COL6A2;COL4A2;COL6A1;COL4A4;SERPINH1;PLOD1;COL5A1;P4HA2;COL17A1;COL7A1;COL4A3;PLOD2;COL4A1;COL12A1,KRT5-KRT17+ Basaloid,Reactome
prerank,REACTOME_SARS_COV_2_ACTIVATES_MODULATES_INNATE_AND_ADAPTIVE_IMMUNE_RESPONSES,-0.6407139875237264,-1.499039699289434,0.01646090534979424,0.12225129745629867,0.95,5/73,3.31%,SFTPD;RPS27A;B2M;UBA52;UBB,KRT5-KRT17+ Basaloid,Reactome
prerank,REACTOME_TRANSPORT_TO_THE_GOLGI_AND_SUBSEQUENT_MODIFICATION,0.5674968651667819,1.498981855096972,0.01282051282051282,0.10730473729954636,0.974,36/127,19.11%,TUBA1A;TUBB3;SPTAN1;TUBB6;TUBA4A;DYNC1H1;ARF5;DCTN2;CTSZ;FUCA1;B4GALT1;ACTR1A;MGAT4B;TUBB2A;TMED9;CSNK1D;CAPZB;DYNC1I2;LMAN2;TMED3;TFG;DYNC1LI2;ARFGAP3;SEC31A;SPTBN1;COL7A1;COPB2;TRAPPC5;TUBB2B;SEC13;GOLGB1;SPTBN2;ARF3;GOLGA2;ACTR10;TMED10,KRT5-KRT17+ Basaloid,Reactome
prerank,REACTOME_GPCR_LIGAND_BINDING,0.6865531036256766,1.4954374252038223,0.007936507936507936,0.1112011305309821,0.976,17/44,12.68%,APP;ECE1;CXCL16;PSAP;RAMP1;EDN1;GNG12;EDN2;GNG10;CCL2;GNB1;CX3CL1;SCTR;FZD6;GNB2;PTHLH;WNT7A,KRT5-KRT17+ Basaloid,Reactome
prerank,REACTOME_SARS_COV_1_TARGETS_HOST_INTRACELLULAR_SIGNALLING_AND_REGULATORY_PATHWAYS,0.8055075247113517,1.4946769190309537,0.016129032258064516,0.11042600573746394,0.976,9/15,13.77%,SFN;YWHAZ;YWHAH;UBE2I;YWHAG;CAV1;YWHAQ;SMAD3;SERPINE1,KRT5-KRT17+ Basaloid,Reactome
prerank,REACTOME_INTERLEUKIN_17_SIGNALING,-0.6873890645185057,-1.491956888706377,0.04219409282700422,0.13121566034015616,0.956,5/46,3.31%,RPS27A;UBA52;FOS;JUN;UBB,KRT5-KRT17+ Basaloid,Reactome
prerank,REACTOME_TP53_REGULATES_METABOLIC_GENES,-0.6821961159854589,-1.4875455317001847,0.040160642570281124,0.13626024683912158,0.964,11/53,4.41%,MT-CO1;MT-CO2;MT-CO3;COX7C;PRDX5;NDUFA4;COX7A2;COX4I1;COX6C;COX8A;COX7B,KRT5-KRT17+ Basaloid,Reactome
prerank,REACTOME_RAC3_GTPASE_CYCLE,0.626138583245905,1.4867769893220746,0.008264462809917356,0.12111722026981067,0.98,17/62,15.51%,IL32;DSG2;ITGB1;AMIGO2;PAK2;CYBA;WASF2;SNAP23;BAIAP2L1;NCF2;CDC42EP1;CAV1;EPHA2;ABI1;CDC42;ESYT1;BCR,KRT5-KRT17+ Basaloid,Reactome
prerank,REACTOME_DISEASES_OF_MITOTIC_CELL_CYCLE,0.7347954420441078,1.4841052917466826,0.02054794520547945,0.12316454214142482,0.984,5/27,5.70%,CDKN1A;CCND2;CCND1;UBE2D1;CDKN1C,KRT5-KRT17+ Basaloid,Reactome
prerank,REACTOME_COLLAGEN_CHAIN_TRIMERIZATION,0.795381545533204,1.4836495526958684,0.019543973941368076,0.12181798567202168,0.984,12/17,15.80%,COL1A1;COL18A1;COL6A2;COL4A2;COL6A1;COL4A4;COL5A1;COL17A1;COL7A1;COL4A3;COL4A1;COL12A1,KRT5-KRT17+ Basaloid,Reactome
prerank,REACTOME_KINESINS,0.7402174756504937,1.4807381287626296,0.03859649122807018,0.1241355855345199,0.988,7/23,9.17%,TUBA1A;TUBB3;TUBB6;TUBA4A;TUBB2A;KIF2A;KIF9,KRT5-KRT17+ Basaloid,Reactome
prerank,REACTOME_RHO_GTPASE_EFFECTORS,0.5548774631239131,1.480112506106371,0.009433962264150943,0.12337390885387144,0.988,54/149,17.43%,TUBA1A;MYH9;CDH1;TUBB3;RHOC;FLNA;ITGB1;RHOD;SFN;TUBB6;YWHAZ;TUBA4A;YWHAH;MYH14;DYNC1H1;MYL9;ACTR3;PAK2;CYBA;WASF2;CTNNB1;PPP2R1A;TUBB2A;TAX1BP3;PPP1CB;ARPC5;NUDC;DYNC1I2;YWHAG;KIF2A;DYNC1LI2;NCF2;LIMK2;RHOB;PFN2;CTTN;DIAPH1;YWHAQ;CTNNA1;ABI1;BUB3;DAAM1;CDC42;PPP2CA;TUBB2B;MAPK14;RCC2;PPP1R12A;RHPN2;SEC13;RHOG;GOPC;KLC1;ACTR2,KRT5-KRT17+ Basaloid,Reactome
prerank,REACTOME_REGULATION_OF_SIGNALING_BY_CBL,-0.8579807254730307,-1.478756900484435,0.015151515151515152,0.14739590197899852,0.97,3/15,3.31%,RPS27A;UBA52;UBB,KRT5-KRT17+ Basaloid,Reactome
prerank,REACTOME_NUCLEOTIDE_EXCISION_REPAIR,-0.6282359749052081,-1.4763902525204233,0.03187250996015936,0.14811534746235913,0.97,6/74,4.83%,RPS27A;UBA52;ACTB;POLR2L;UBB;POLR2C,KRT5-KRT17+ Basaloid,Reactome
prerank,REACTOME_MITOCHONDRIAL_BIOGENESIS,-0.6710037288936512,-1.4757616826522313,0.02390438247011952,0.14643737703436965,0.97,7/58,4.37%,MT-ATP6;ATP5F1E;ATP5MG;SOD2;ACSS2;ATP5PO;ATP5MJ,KRT5-KRT17+ Basaloid,Reactome
prerank,REACTOME_SARS_COV_1_ACTIVATES_MODULATES_INNATE_IMMUNE_RESPONSES,-0.7620944951479172,-1.474504364874224,0.019801980198019802,0.14600030155766133,0.97,5/28,3.31%,SFTPD;RPS27A;UBA52;NFKBIA;UBB,KRT5-KRT17+ Basaloid,Reactome
prerank,REACTOME_RECOGNITION_OF_DNA_DAMAGE_BY_PCNA_CONTAINING_REPLICATION_COMPLEX,-0.8301571230718862,-1.4734512239238247,0.025906735751295335,0.14568065829998147,0.97,3/16,3.31%,RPS27A;UBA52;UBB,KRT5-KRT17+ Basaloid,Reactome
prerank,REACTOME_FORMATION_OF_INCISION_COMPLEX_IN_GG_NER,-0.7152838180635449,-1.4702865614737464,0.04526748971193416,0.14863429174543893,0.974,3/31,3.31%,RPS27A;UBA52;UBB,KRT5-KRT17+ Basaloid,Reactome
prerank,REACTOME_RHO_GTPASES_ACTIVATE_PAKS,0.7933018809574223,1.4697503426453553,0.04827586206896552,0.1394835750350998,0.992,9/15,15.91%,MYH9;FLNA;MYH14;MYL9;PAK2;PPP1CB;CTTN;CDC42;PPP1R12A,KRT5-KRT17+ Basaloid,Reactome
prerank,REACTOME_NEGATIVE_REGULATION_OF_MET_ACTIVITY,-0.7974425514405662,-1.4676457851950642,0.041474654377880185,0.15036623284320388,0.974,3/17,3.31%,RPS27A;UBA52;UBB,KRT5-KRT17+ Basaloid,Reactome
prerank,REACTOME_ER_TO_GOLGI_ANTEROGRADE_TRANSPORT,0.5750810301524386,1.4674306168541724,0.021645021645021644,0.14103740041842297,0.992,33/110,19.11%,TUBA1A;TUBB3;SPTAN1;TUBB6;TUBA4A;DYNC1H1;ARF5;DCTN2;CTSZ;ACTR1A;TUBB2A;TMED9;CSNK1D;CAPZB;DYNC1I2;LMAN2;TMED3;TFG;DYNC1LI2;ARFGAP3;SEC31A;SPTBN1;COL7A1;COPB2;TRAPPC5;TUBB2B;SEC13;GOLGB1;SPTBN2;ARF3;GOLGA2;ACTR10;TMED10,KRT5-KRT17+ Basaloid,Reactome
prerank,REACTOME_MUSCLE_CONTRACTION,0.6335867906567632,1.4672457798546203,0.021739130434782608,0.13937652176708565,0.992,13/60,5.98%,CALD1;VIM;TPM1;TPM4;TMOD3;ANXA2;VCL;TPM3;MYL9;PAK2;TLN1;SRI;ATP2A2,KRT5-KRT17+ Basaloid,Reactome
prerank,REACTOME_INTRA_GOLGI_AND_RETROGRADE_GOLGI_TO_ER_TRAFFIC,0.5667209222396928,1.4666416411673966,0.004098360655737705,0.13817294291030097,0.992,41/129,21.69%,TUBA1A;TUBB3;TUBB6;TUBA4A;DYNC1H1;PAFAH1B3;ARF5;PLIN3;DCTN2;ACTR1A;TUBB2A;CYTH2;TMED9;RHOBTB3;CAPZB;DYNC1I2;KIF2A;KIF9;TMED3;DYNC1LI2;ARFGAP3;RAB6A;RAB18;GALNT2;COPB2;TUBB2B;CUX1;KIF1B;KLC1;ARF3;GALNT1;ACTR10;STX18;TMED10;IGF2R;RAB3GAP1;KIF21A;TGOLN2;GCC2;RIC1;ARL1,KRT5-KRT17+ Basaloid,Reactome
prerank,REACTOME_GPER1_SIGNALING,0.7721072773104715,1.4661625400876697,0.02867383512544803,0.1372630202300505,0.992,6/20,6.39%,FN1;ITGB1;GNAI2;GNG12;GNG10;GNB1,KRT5-KRT17+ Basaloid,Reactome
prerank,REACTOME_PYRUVATE_METABOLISM,-0.7198613525079511,-1.4650061678504802,0.03829787234042553,0.15233525729116662,0.976,6/32,5.89%,RPS27A;UBA52;LDHB;UBB;MPC1;LDHA,KRT5-KRT17+ Basaloid,Reactome
prerank,REACTOME_NOD1_2_SIGNALING_PATHWAY,-0.7855762953631791,-1.4645008473308136,0.035398230088495575,0.1508141780703513,0.976,3/21,3.31%,RPS27A;UBA52;UBB,KRT5-KRT17+ Basaloid,Reactome
prerank,REACTOME_CILIUM_ASSEMBLY,0.5702425125181336,1.4642633287559463,0.00909090909090909,0.1381646071873937,0.992,19/110,13.66%,TUBA1A;TUBB3;TUBB6;TUBA4A;DYNC1H1;CCT2;DCTN2;ACTR1A;RAB11A;PPP2R1A;TUBB2A;CSNK1D;DYNC1I2;YWHAG;CCT5;ARL3;CSNK1E;IFT22;CCT4,KRT5-KRT17+ Basaloid,Reactome
prerank,REACTOME_SIGNALING_BY_FGFR2,-0.6602383528859858,-1.4635434241978427,0.02032520325203252,0.15009742632134448,0.976,6/47,4.83%,RPS27A;UBA52;POLR2L;HNRNPA1;UBB;POLR2C,KRT5-KRT17+ Basaloid,Reactome
prerank,REACTOME_GLOBAL_GENOME_NUCLEOTIDE_EXCISION_REPAIR_GG_NER,-0.6395016424659434,-1.4602458753057068,0.032,0.15328372204234833,0.98,4/57,3.31%,RPS27A;UBA52;ACTB;UBB,KRT5-KRT17+ Basaloid,Reactome
prerank,REACTOME_DNA_DOUBLE_STRAND_BREAK_RESPONSE,-0.7214537672575948,-1.4591946876305082,0.05188679245283019,0.1529487805366672,0.982,3/30,3.31%,RPS27A;UBA52;UBB,KRT5-KRT17+ Basaloid,Reactome
prerank,REACTOME_RND3_GTPASE_CYCLE,0.7003999304428554,1.4586128733801362,0.021739130434782608,0.1452719263090161,0.992,8/32,11.73%,DST;DSP;TMOD3;RND3;CKB;TNFAIP1;CAV1;EPHA2,KRT5-KRT17+ Basaloid,Reactome
prerank,REACTOME_RHOBTB1_GTPASE_CYCLE,0.7391398242893515,1.4549719859596777,0.039285714285714285,0.1499774842862361,0.992,6/20,15.20%,VIM;DBN1;CCT2;STK38;MYO6;GPS1,KRT5-KRT17+ Basaloid,Reactome
prerank,REACTOME_PI3K_AKT_SIGNALING_IN_CANCER,0.6544835870908189,1.454414275358327,0.04435483870967742,0.14892853759630273,0.992,8/46,10.89%,CDKN1A;MDM2;PDGFA;NRG1;ERBB2;MET;GSK3B;ERBB3,KRT5-KRT17+ Basaloid,Reactome
prerank,REACTOME_APC_C_CDC20_MEDIATED_DEGRADATION_OF_CYCLIN_B,-0.7900534764231721,-1.4540811600594101,0.0392156862745098,0.15801552208338607,0.986,4/17,3.97%,RPS27A;UBA52;UBB;ANAPC16,KRT5-KRT17+ Basaloid,Reactome
prerank,REACTOME_CHONDROITIN_SULFATE_DERMATAN_SULFATE_METABOLISM,0.710209699321455,1.4504606743200117,0.025974025974025976,0.15391326594704896,0.996,8/27,7.81%,AGRN;IDS;VCAN;SDC1;HSPG2;GPC1;CHPF;DSE,KRT5-KRT17+ Basaloid,Reactome
prerank,REACTOME_RHOBTB2_GTPASE_CYCLE,0.7620909570168901,1.4498896221447948,0.021739130434782608,0.15299852624419,0.996,8/20,9.08%,ACTN1;TMOD3;DBN1;CCT2;CDC37;CCT6A;MSI2;STK38,KRT5-KRT17+ Basaloid,Reactome
prerank,REACTOME_COPI_MEDIATED_ANTEROGRADE_TRANSPORT,0.6203499581699122,1.4494112511885593,0.02032520325203252,0.1518207149207334,0.996,25/72,19.11%,TUBA1A;TUBB3;SPTAN1;TUBB6;TUBA4A;DYNC1H1;ARF5;DCTN2;ACTR1A;TUBB2A;TMED9;CAPZB;DYNC1I2;TMED3;DYNC1LI2;ARFGAP3;SPTBN1;COPB2;TUBB2B;GOLGB1;SPTBN2;ARF3;GOLGA2;ACTR10;TMED10,KRT5-KRT17+ Basaloid,Reactome
prerank,REACTOME_ACTIVATION_OF_BH3_ONLY_PROTEINS,0.7496533365281335,1.448914771511612,0.03666666666666667,0.15087961579289091,0.996,8/22,11.97%,SFN;YWHAZ;YWHAH;BBC3;TP63;YWHAG;BID;YWHAQ,KRT5-KRT17+ Basaloid,Reactome
prerank,REACTOME_INTERLEUKIN_10_SIGNALING,0.7706616484976244,1.448626863591236,0.03819444444444445,0.14942851993639886,0.996,5/17,9.40%,PTGS2;TIMP1;ICAM1;CCL2;TNFRSF1A,KRT5-KRT17+ Basaloid,Reactome
prerank,REACTOME_CLASS_A_1_RHODOPSIN_LIKE_RECEPTORS,0.7161998874235485,1.447200510368827,0.02952029520295203,0.14952092173596093,0.996,8/27,7.68%,APP;ECE1;CXCL16;PSAP;EDN1;EDN2;CCL2;CX3CL1,KRT5-KRT17+ Basaloid,Reactome
prerank,REACTOME_SIGNALING_BY_TGFBR3,0.7085726794234559,1.4444178671040446,0.046153846153846156,0.1524628726901712,0.998,11/31,16.31%,TIMP1;MMP14;TIMP2;TGFB1;TGFB2;TCF3;TGFBR1;GIPC1;SMAD3;NCSTN;PSENEN,KRT5-KRT17+ Basaloid,Reactome
prerank,REACTOME_HEPARAN_SULFATE_HEPARIN_HS_GAG_METABOLISM,0.7134256226006108,1.4436198174782484,0.03169014084507042,0.1516093049554864,0.998,6/25,3.65%,AGRN;IDS;VCAN;SDC1;HSPG2;GPC1,KRT5-KRT17+ Basaloid,Reactome
prerank,REACTOME_RAC2_GTPASE_CYCLE,0.6059246174002779,1.441627784212666,0.027237354085603113,0.15278465192542187,0.998,23/59,22.17%,DSG2;ITGB1;ANKLE2;PAK2;CYBA;WASF2;BAIAP2L1;NCF2;CDC42EP1;CAV1;EPHA2;ABI1;CDC42;ESYT1;ARHGDIA;BCR;ARMCX3;ARHGAP21;ABI2;CYFIP1;SWAP70;VAV2;EMD,KRT5-KRT17+ Basaloid,Reactome
prerank,REACTOME_PEPTIDE_LIGAND_BINDING_RECEPTORS,0.741936952985629,1.4409600760388654,0.021505376344086023,0.1520672874015049,0.998,8/23,7.68%,APP;ECE1;CXCL16;PSAP;EDN1;EDN2;CCL2;CX3CL1,KRT5-KRT17+ Basaloid,Reactome
prerank,REACTOME_SIGNALING_BY_PDGF,0.6896469271320238,1.439913709991985,0.029411764705882353,0.15226448248497904,0.998,14/35,16.06%,THBS1;COL6A2;COL4A2;PDGFA;COL6A1;COL4A4;STAT1;BCAR1;KRAS;COL5A1;GRB7;COL4A3;COL4A1;HRAS,KRT5-KRT17+ Basaloid,Reactome
prerank,REACTOME_TNFR1_INDUCED_NF_KAPPA_B_SIGNALING_PATHWAY,-0.770389057917888,-1.4392593495540291,0.03255813953488372,0.1832627993147409,1.0,4/21,3.31%,RACK1;RPS27A;UBA52;UBB,KRT5-KRT17+ Basaloid,Reactome
prerank,REACTOME_SIGNALING_BY_MET,0.6233823054776418,1.4372186029994471,0.03765690376569038,0.15504778036370426,0.998,14/59,8.74%,COL1A1;LAMB3;FN1;ITGA2;LAMC2;SPINT1;ITGB1;ITGA3;LAMA5;RAP1B;MUC20;MET;HGS;KRAS,KRT5-KRT17+ Basaloid,Reactome
prerank,REACTOME_PLASMA_LIPOPROTEIN_ASSEMBLY_REMODELING_AND_CLEARANCE,-0.7007116937331818,-1.433817963394847,0.03375527426160337,0.19025867898581822,1.0,7/33,3.69%,NPC2;RPS27A;UBA52;APOC1;UBB;LDLR;LPL,KRT5-KRT17+ Basaloid,Reactome
prerank,REACTOME_FLT3_SIGNALING,-0.7711949702274734,-1.4335823429649164,0.04090909090909091,0.18811730261642695,1.0,3/23,3.31%,RPS27A;UBA52;UBB,KRT5-KRT17+ Basaloid,Reactome
prerank,REACTOME_PLASMA_LIPOPROTEIN_CLEARANCE,-0.7377532314374374,-1.4321435251553927,0.049107142857142856,0.18862284692975584,1.0,6/24,3.45%,NPC2;RPS27A;UBA52;APOC1;UBB;LDLR,KRT5-KRT17+ Basaloid,Reactome
prerank,REACTOME_SIGNALING_BY_GPCR,0.5334276604742645,1.428871553249947,0.004739336492890996,0.16837791949971395,0.998,32/149,13.86%,FN1;APP;ECE1;RHOC;ITGB1;CXCL16;PSAP;GNAI2;RAMP1;EDN1;GNG12;EDN2;NET1;GNG10;PLXNB1;CCL2;PPP2R1A;GNB1;CX3CL1;KRAS;SCTR;RGS10;FZD6;GNB2;RHOB;MGLL;DGKA;PTHLH;WNT7A;CDC42;RASGRP1;PPP2CA,KRT5-KRT17+ Basaloid,Reactome
prerank,REACTOME_TERMINATION_OF_TRANSLESION_DNA_SYNTHESIS,-0.7830563520017936,-1.4286707752363241,0.06091370558375635,0.19177714115604838,1.0,3/17,3.31%,RPS27A;UBA52;UBB,KRT5-KRT17+ Basaloid,Reactome
prerank,REACTOME_GASTRULATION,0.6050827483853622,1.4262226258074149,0.05726872246696035,0.17152771533970007,1.0,39/64,32.27%,CDH1;PSME2;TEAD2;PSMB8;PSMD2;CTNNB1;PSMA6;PSMD4;PSMB10;PSMC4;PSMD1;LFNG;SMAD3;MAML2;PSMC1;PSMD7;PSMA5;EPHA4;PSMD6;PSMD13;PSMD9;CLDN7;PSMC3;PSMC6;TFAP2A;BMP4;PSMB2;PSMC5;PSMD11;PSMD10;PSMF1;RBPJ;PSMC2;PSME3;PSMD3;PSMD12;SNW1;PSMD14;PSMB4,KRT5-KRT17+ Basaloid,Reactome
prerank,REACTOME_METABOLISM_OF_STEROIDS,-0.5950154942013841,-1.4260745381366675,0.018518518518518517,0.19420917138850144,1.0,18/87,6.59%,FASN;SCD;DHCR24;MSMO1;IDI1;HMGCS1;FDPS;INSIG1;EBP;ACAT2;HSD17B4;SQLE;MVD;HMGCR;FDFT1;DHCR7;LSS;LRP2,KRT5-KRT17+ Basaloid,Reactome
prerank,REACTOME_RHOH_GTPASE_CYCLE,0.70949848855162,1.4257211187862129,0.03461538461538462,0.17034504436726408,1.0,7/28,11.09%,JUP;DBN1;STOM;VCP;PAK2;NSFL1C;CAV1,KRT5-KRT17+ Basaloid,Reactome
prerank,REACTOME_NCAM1_INTERACTIONS,0.7698251373185727,1.4241559672377035,0.0695364238410596,0.171373471631156,1.0,9/15,15.30%,AGRN;COL6A2;COL4A2;COL6A1;COL4A4;COL5A1;CACNB3;COL4A3;COL4A1,KRT5-KRT17+ Basaloid,Reactome
prerank,REACTOME_FORMATION_OF_PARAXIAL_MESODERM,0.6309364438740018,1.4183659351472282,0.029411764705882353,0.17971948254796005,1.0,35/49,33.25%,PSME2;PSMB8;PSMD2;CTNNB1;PSMA6;PSMD4;PSMB10;PSMC4;PSMD1;LFNG;MAML2;PSMC1;PSMD7;PSMA5;EPHA4;PSMD6;PSMD13;PSMD9;PSMC3;PSMC6;BMP4;PSMB2;PSMC5;PSMD11;PSMD10;PSMF1;RBPJ;PSMC2;PSME3;PSMD3;PSMD12;SNW1;PSMD14;PSMB4;PSMB5,KRT5-KRT17+ Basaloid,Reactome
prerank,REACTOME_SOMITOGENESIS,0.6396701505838271,1.4161715832570587,0.055776892430278883,0.18193035849764114,1.0,32/42,33.25%,PSME2;PSMB8;PSMD2;CTNNB1;PSMA6;PSMD4;PSMB10;PSMC4;PSMD1;LFNG;PSMC1;PSMD7;PSMA5;EPHA4;PSMD6;PSMD13;PSMD9;PSMC3;PSMC6;PSMB2;PSMC5;PSMD11;PSMD10;PSMF1;RBPJ;PSMC2;PSME3;PSMD3;PSMD12;PSMD14;PSMB4;PSMB5,KRT5-KRT17+ Basaloid,Reactome
prerank,REACTOME_ER_QUALITY_CONTROL_COMPARTMENT_ERQC,-0.7940112865092409,-1.416044580521569,0.05714285714285714,0.21081137505591513,1.0,3/16,3.31%,RPS27A;UBA52;UBB,KRT5-KRT17+ Basaloid,Reactome
prerank,REACTOME_APC_CDC20_MEDIATED_DEGRADATION_OF_NEK2A,-0.7650269878679932,-1.415410567527502,0.05970149253731343,0.20923833493777477,1.0,4/18,3.97%,RPS27A;UBA52;UBB;ANAPC16,KRT5-KRT17+ Basaloid,Reactome
prerank,REACTOME_RESPONSE_TO_ELEVATED_PLATELET_CYTOSOLIC_CA2,0.5922897851024813,1.4110151938020106,0.05327868852459016,0.19032521206803923,1.0,21/72,4.73%,FN1;APP;GAS6;TIMP1;THBS1;ACTN1;FLNA;QSOX1;VCL;SPARC;WDR1;TUBA4A;PSAP;TIMP3;PDGFA;FAM3C;TGFB1;LGALS3BP;TLN1;CAP1;TGFB2,KRT5-KRT17+ Basaloid,Reactome
prerank,REACTOME_RHOJ_GTPASE_CYCLE,0.6476557169392135,1.4109482922969618,0.04247104247104247,0.18840669809216276,1.0,10/38,13.24%,JUP;STOM;GJA1;PAK2;STEAP3;FNBP1L;SNAP23;CDC42EP1;CAV1;CDC42,KRT5-KRT17+ Basaloid,Reactome
prerank,REACTOME_NCAM_SIGNALING_FOR_NEURITE_OUT_GROWTH,0.7041272580927292,1.4109462402743844,0.040740740740740744,0.1864023715167142,1.0,17/28,21.31%,AGRN;SPTAN1;COL6A2;COL4A2;COL6A1;COL4A4;KRAS;COL5A1;CACNB3;SPTBN1;COL4A3;COL4A1;HRAS;SPTBN2;PTK2;COL3A1;FYN,KRT5-KRT17+ Basaloid,Reactome
prerank,REACTOME_NEUROTRANSMITTER_RECEPTORS_AND_POSTSYNAPTIC_SIGNAL_TRANSMISSION,0.5920744695407454,1.4092381688735989,0.02575107296137339,0.18780243318874218,1.0,15/68,10.40%,TUBA1A;TUBB3;MDM2;TUBB6;TUBA4A;GNAI2;NRG1;GNG12;GNG10;AP2M1;TUBB2A;GNB1;KRAS;GNB2;AP2B1,KRT5-KRT17+ Basaloid,Reactome
prerank,REACTOME_EXTRA_NUCLEAR_ESTROGEN_SIGNALING,0.6362595386785709,1.4064407078594214,0.06692913385826772,0.19146721365680386,1.0,15/43,16.06%,MMP7;CCND1;CAV2;GNAI2;GNG12;GNG10;GNB1;KRAS;GNB2;CAV1;PRMT1;HSPB1;MMP2;HBEGF;HRAS,KRT5-KRT17+ Basaloid,Reactome
prerank,REACTOME_TNF_SIGNALING,-0.6548523071832258,-1.4064333202318924,0.053061224489795916,0.2249403446913948,1.0,4/40,3.31%,RACK1;RPS27A;UBA52;UBB,KRT5-KRT17+ Basaloid,Reactome
prerank,REACTOME_NEGATIVE_REGULATION_OF_MAPK_PATHWAY,-0.7129858896546426,-1.405226449852035,0.06224066390041494,0.22429925124226843,1.0,5/30,5.04%,RPS27A;UBA52;PEBP1;UBB;PPP2R5A,KRT5-KRT17+ Basaloid,Reactome
prerank,REACTOME_CALNEXIN_CALRETICULIN_CYCLE,-0.7426155648637687,-1.404706919357602,0.0625,0.22230331169196152,1.0,3/21,3.31%,RPS27A;UBA52;UBB,KRT5-KRT17+ Basaloid,Reactome
prerank,REACTOME_INTEGRIN_SIGNALING,0.736312509577006,1.4015271962177556,0.06164383561643835,0.19912649873719815,1.0,4/18,8.01%,FN1;TLN1;RAP1B;BCAR1,KRT5-KRT17+ Basaloid,Reactome
prerank,REACTOME_RND1_GTPASE_CYCLE,0.6706449053012489,1.397968043715797,0.05090909090909091,0.20395727727662885,1.0,11/31,18.87%,DST;DSP;ALDH3A2;GRB7;CAV1;EPHA2;PLXNA1;STIP1;EPSTI1;FAM135A;WDR6,KRT5-KRT17+ Basaloid,Reactome
prerank,REACTOME_REGULATION_OF_PYRUVATE_METABOLISM,-0.7189675608712698,-1.3967872461280946,0.06696428571428571,0.2345613561931854,1.0,3/24,3.31%,RPS27A;UBA52;UBB,KRT5-KRT17+ Basaloid,Reactome
prerank,REACTOME_G_ALPHA_S_SIGNALLING_EVENTS,0.6931236437404803,1.3940773442711054,0.046511627906976744,0.2096924350637082,1.0,10/33,11.70%,FN1;ITGB1;GNAI2;RAMP1;GNG12;GNG10;GNB1;SCTR;GNB2;PTHLH,KRT5-KRT17+ Basaloid,Reactome
prerank,REACTOME_TRANSLOCATION_OF_SLC2A4_GLUT4_TO_THE_PLASMA_MEMBRANE,0.6340407272115492,1.3879172056331095,0.05603448275862069,0.2206694252352341,1.0,14/51,9.82%,TUBA1A;MYH9;TUBB3;SFN;TUBB6;YWHAZ;TUBA4A;YWHAH;RAB11A;RALA;TUBB2A;YWHAG;SNAP23;RAB10,KRT5-KRT17+ Basaloid,Reactome
prerank,REACTOME_RHOD_GTPASE_CYCLE,0.6360361683814959,1.3856802753076243,0.07053941908713693,0.22286487803071206,1.0,10/39,11.90%,ACTN1;DBN1;RHOD;PLXNB1;STEAP3;EFHD2;CAPZB;CAV1;DIAPH1;PLXNA1,KRT5-KRT17+ Basaloid,Reactome
prerank,REACTOME_DISEASES_ASSOCIATED_WITH_GLYCOSAMINOGLYCAN_METABOLISM,0.7099223763254012,1.3822003672106544,0.06930693069306931,0.2276819354881733,1.0,6/20,4.50%,AGRN;VCAN;SDC1;HSPG2;GPC1;B4GALT1,KRT5-KRT17+ Basaloid,Reactome
prerank,REACTOME_HCMV_INFECTION,0.5701978679165998,1.3817971696949014,0.06584362139917696,0.2262996622138476,1.0,17/73,15.26%,TUBA1A;TUBB3;ITGB1;TUBB6;TUBA4A;DYNC1H1;VPS37B;PML;TUBB2A;CHMP4B;DYNC1I2;NCOR2;DYNC1LI2;TPR;VPS25;TUBB2B;UBAP1,KRT5-KRT17+ Basaloid,Reactome
prerank,REACTOME_EARLY_SARS_COV_2_INFECTION_EVENTS,0.6894770976982607,1.3799268131174003,0.053763440860215055,0.2279579761582936,1.0,6/26,6.62%,AGRN;SDC1;HSPG2;VCP;GPC1;CHMP4B,KRT5-KRT17+ Basaloid,Reactome
prerank,REACTOME_GAP_JUNCTION_TRAFFICKING_AND_REGULATION,0.7164011421850912,1.3793155776213155,0.07849829351535836,0.2271473377923894,1.0,9/21,6.19%,TUBA1A;TUBB3;CLTB;GJA1;TUBB6;TUBA4A;AP2M1;TJP1;TUBB2A,KRT5-KRT17+ Basaloid,Reactome
prerank,REACTOME_G2_M_DNA_DAMAGE_CHECKPOINT,0.6899509242748242,1.3791415926329778,0.09652509652509653,0.22526646317856405,1.0,10/27,20.56%,SFN;YWHAZ;YWHAH;WEE1;YWHAG;YWHAQ;TP53BP1;HERC2;RBBP8;UBE2N,KRT5-KRT17+ Basaloid,Reactome
prerank,REACTOME_VEGFR2_MEDIATED_VASCULAR_PERMEABILITY,0.7314792933163391,1.3768141931894808,0.06514657980456026,0.2280745714082897,1.0,6/18,12.19%,JUP;PAK2;CTNNB1;CTNND1;CAV1;CTNNA1,KRT5-KRT17+ Basaloid,Reactome
prerank,REACTOME_CLASS_B_2_SECRETIN_FAMILY_RECEPTORS,0.734410798083198,1.3711027234587752,0.08873720136518772,0.2378294432058178,1.0,9/17,12.68%,RAMP1;GNG12;GNG10;GNB1;SCTR;FZD6;GNB2;PTHLH;WNT7A,KRT5-KRT17+ Basaloid,Reactome
prerank,REACTOME_NEURONAL_SYSTEM,0.5231641881976243,1.3697398096936393,0.03524229074889868,0.23810464810309845,1.0,31/111,16.24%,TUBA1A;TUBB3;KCNN4;MDM2;TUBB6;TUBA4A;PTPRF;PDLIM5;GNAI2;NRG1;GNG12;GNG10;HOMER3;AP2M1;TUBB2A;GNB1;KCNS3;KRAS;FLOT1;ARL6IP5;DLGAP4;GNB2;AP2B1;CACNB3;NPTN;MYO6;TUBB2B;COMT;KCNK1;HRAS;PPFIBP1,KRT5-KRT17+ Basaloid,Reactome
prerank,REACTOME_LYSOSOME_VESICLE_BIOGENESIS,0.6832594173056575,1.3666161012142537,0.09764309764309764,0.2423606888520164,1.0,6/25,8.68%,APP;CLTB;CTSZ;AP1S1;AP1S3;HGS,KRT5-KRT17+ Basaloid,Reactome
prerank,HALLMARK_OXIDATIVE_PHOSPHORYLATION,-0.7777858336360477,-1.421793857350194,0.0,0.02257664514473853,0.024,101/185,15.74%,COX7C;NDUFA4;SLC25A5;UQCRQ;COX6A1;COX4I1;ATP5F1E;UQCR10;CYB5A;GPX4;COX7A2;ATP5MC2;SLC25A6;ATP5MG;LDHB;UQCRB;COX6C;UQCR11;COX6B1;COX5B;COX8A;ATP6V0E1;NDUFB2;ATP6V1G1;ATP5MF;UQCRH;SLC25A3;COX7B;ATP5F1D;COX17;ATP5PF;COX5A;NDUFA1;ATP5MC3;NDUFB4;NDUFC1;ATP5PD;ATP5ME;LDHA;MGST3;ECH1;NDUFB1;NDUFS8;ATP6V0B;NDUFA3;NDUFB7;NDUFA2;NDUFV2;ISCU;ATP5F1B;ATP1B1;ATP6V1F;MRPS15;ATP5F1A;NDUFA6;SLC25A4;NDUFS6;ATP5MC1;MDH2;TIMM13;COX7A2L;NDUFAB1;NDUFS7;NDUFC2;ATP5PB;UQCRFS1;PHB2;ATP5F1C;CYCS;NDUFB3;NDUFB6;MRPL34;VDAC2;ETFB;CYC1;TIMM8B;POLR2F;MPC1;ECHS1;PRDX3;CYB5R3;NDUFA5;VDAC1;OXA1L;ATP5PO;NDUFB5;ACAT1;SURF1;SDHC;TOMM22;SUCLG1;BAX;ATP6V1E1;NDUFB8;UQCRC1;HADHA;ATP6V0C;NDUFV1;MDH1;ACADVL;SDHD,ECM-high Epithelial,Hallmark
prerank,HALLMARK_REACTIVE_OXYGEN_SPECIES_PATHWAY,-0.7891500635961587,-1.4069877242547515,0.002004008016032064,0.019754564501646213,0.042,14/36,8.35%,GPX4;TXN;MGST1;PRDX1;PRDX6;FTL;NDUFB4;LAMTOR5;PRDX2;SOD1;JUNB;CAT;NDUFA6;SELENOS,ECM-high Epithelial,Hallmark
prerank,HALLMARK_MYC_TARGETS_V1,-0.7399874770136802,-1.3383477812655165,0.0,0.06584854833882071,0.186,92/175,18.09%,RPL34;RPS3;RPL22;RPL14;RPS6;RPS5;RPL18;RPS2;PPIA;RPL6;RACK1;RPLP0;EEF1B2;RPS10;NPM1;HNRNPA1;SNRPD2;SLC25A3;COX5A;LDHA;SNRPG;PCBP1;PSMA7;CNBP;ERH;RAN;HSPE1;PABPC1;HSP90AB1;EIF4G2;LSM7;NDUFAB1;SET;PSMD8;EIF2S2;SNRPD3;YWHAE;C1QBP;ACP1;PHB2;TUFM;PGK1;SERBP1;NHP2;GLO1;SRSF3;SSBP1;PA2G4;CYC1;RSL1D1;SRSF7;SNRPD1;PSMB2;PRDX3;IMPDH2;PSMA4;VDAC1;DEK;SNRPB2;PHB1;YWHAQ;RANBP1;EIF3D;PRDX4;APEX1;CANX;XRCC6;EIF1AX;DDX21;DDX18;PSMA1;FBL;DUT;HNRNPA2B1;SRSF2;HDDC2;TXNL4A;ODC1;CDK4;EIF4H;ILF2;CCT7;CCT3;CBX3;HNRNPA3;SSB;PPM1G;UBE2L3;MRPL23;RNPS1;CCT4;HSPD1,ECM-high Epithelial,Hallmark
prerank,HALLMARK_INTERFERON_ALPHA_RESPONSE,-0.7448763633792159,-1.330713176855187,0.010040160642570281,0.05879334673108992,0.22,14/41,16.81%,CD74;LAMP3;IFITM3;HLA-C;IFITM2;B2M;PSME1;LGALS3BP;PSMA3;TXNIP;PSME2;IFITM1;LY6E;CD47,ECM-high Epithelial,Hallmark
prerank,HALLMARK_ALLOGRAFT_REJECTION,-0.7191798226199352,-1.2917398309704295,0.006012024048096192,0.09406935476974387,0.402,13/64,9.30%,RPS3A;RPL39;RPL9;RPS9;CD74;NPM1;RPS19;HLA-DRA;B2M;HLA-A;C2;EIF5A;HLA-DMA,ECM-high Epithelial,Hallmark
prerank,HALLMARK_UV_RESPONSE_UP,-0.6909061854460498,-1.2610909232779475,0.01,0.13702769344792692,0.594,43/89,21.20%,AQP3;ALDOA;TMBIM6;FOS;NFKBIA;SELENOW;EPHX1;BTG1;EPCAM;JUNB;ATP6V1F;SLC25A4;BTG3;CA2;CXCL2;BSG;AP2S1;SQSTM1;RHOB;CREG1;FOSB;MAOA;RPN1;EIF5;TST;DDX21;PDAP1;GRINA;CLTB;NR4A1;BTG2;AMD1;DNAJA1;PSMC3;POLR2H;MRPL23;DNAJB1;SULT1A1;ACAA1;ICAM1;EIF2S3;BMP2;NUP58,ECM-high Epithelial,Hallmark
prerank,HALLMARK_P53_PATHWAY,-0.6925347094373329,-1.2487787776313748,0.002,0.15212358514192867,0.686,37/124,16.01%,RPS12;RPL18;RACK1;RPL36;LDHB;HINT1;NUPR1;DCXR;AK1;VAMP8;S100A10;FOS;RPS27L;JUN;EPHX1;BTG1;ISCU;PMM1;DRAM1;CD81;TSC22D1;SAT1;SFN;TXNIP;ALOX15B;PERP;TM4SF1;EI24;S100A4;NINJ1;BAX;CTSD;FAM162A;BTG2;TOB1;MKNK2;CEBPA,ECM-high Epithelial,Hallmark
prerank,HALLMARK_CHOLESTEROL_HOMEOSTASIS,-0.6969326685510414,-1.2455141170764452,0.032,0.1406336853807671,0.71,31/56,21.74%,FABP5;S100A11;ACTG1;LGALS3;ECH1;CD9;FASN;SCD;FDPS;PNRC1;TMEM97;ANXA5;EBP;IDI1;MAL2;LGMN;SQLE;ACAT2;TM7SF2;FDFT1;PMVK;MVD;DHCR7;TNFRSF12A;LPL;HMGCS1;CXCL16;SC5D;LDLR;PCYT2;ETHE1,ECM-high Epithelial,Hallmark
prerank,HALLMARK_MTORC1_SIGNALING,-0.6713304078318686,-1.2265527851978089,0.006,0.17350569879752759,0.828,59/143,21.58%,PPIA;SERP1;GAPDH;NUPR1;TPI1;PRDX1;ALDOA;ENO1;PPA1;FKBP2;LDHA;DHCR24;CD9;XBP1;HSPE1;SCD;SEC11A;TMEM97;CALR;ATP5MC1;TCEA1;EIF2S2;EBP;SQSTM1;HSP90B1;PGK1;LTA4H;HSPA5;IDI1;PSMB5;LGMN;SQLE;RPN1;ARPC5L;TM7SF2;PSMA4;PSMA3;FADS1;INSIG1;CANX;PDAP1;CCT6A;QDPR;BTG2;UFM1;DHCR7;SDF2L1;IDH1;HSPD1;SLC1A5;CTSC;HMGCS1;RDH11;CACYBP;SC5D;LDLR;SSR1;EEF1E1;PPP1R15A,ECM-high Epithelial,Hallmark
prerank,HALLMARK_PEROXISOME,-0.6773878553870829,-1.210816625555625,0.028056112224448898,0.20676444178389705,0.898,18/61,13.18%,PRDX5;PRDX1;FIS1;SOD1;ECH1;DHCR24;CNBP;PABPC1;TSPO;CAT;FDPS;SLC25A4;SCP2;IDI1;GSTK1;FADS1;MVP;HSD17B11,ECM-high Epithelial,Hallmark
prerank,HALLMARK_ADIPOGENESIS,-0.6616605800817316,-1.1989511332880043,0.01,0.22559541625689486,0.934,59/145,21.08%,UQCRQ;COX6A1;UQCR10;GPX4;UQCR11;COX8A;COX7B;ALDOA;DDT;TKT;MGST3;SOD1;ECH1;NDUFB7;UBC;CAT;MDH2;DHRS7;CD151;TALDO1;SCP2;NDUFAB1;ALDH2;GHITM;C3;CHCHD10;APLP2;ETFB;DNAJC15;PIM3;CYC1;REEP5;ECHS1;PRDX3;CD302;NDUFA5;ATP5PO;TST;SDHC;QDPR;AK2;SUCLG1;UQCRC1;SQOR;TOB1;NDUFS3;DHCR7;CMPK1;IDH1;LPL;SULT1A1;SLC1A5;RAB34;JAGN1;MCCC1;PHYH;DNAJB9;SLC25A1;HADH,ECM-high Epithelial,Hallmark
prerank,HALLMARK_XENOBIOTIC_METABOLISM,-0.6622309447816499,-1.1958691923190594,0.026,0.21745699177605793,0.946,34/94,20.66%,CYB5A;DCXR;BLVRB;SPINT2;DDT;TMBIM6;ECH1;EPHX1;SSR3;CAT;PMM1;TMEM97;DHRS7;ALDH2;CA2;ACP1;COMT;ADH5;FBP1;MAOA;PGRMC1;NINJ1;CBR1;MT2A;GSTO1;ASL;IDH1;AHCY;PTGES3;ETS2;SLC1A5;CNDP2;SERTAD1;DHPS,ECM-high Epithelial,Hallmark
prerank,HALLMARK_ESTROGEN_RESPONSE_LATE,-0.6661373572301134,-1.1913132204913843,0.032,0.2170831263917166,0.96,38/93,20.93%,FABP5;COX6C;SERPINA1;DCXR;BLVRB;FOS;ZFP36;CD9;XBP1;AGR2;BTG3;CA2;ABCA3;KRT19;AREG;CACNA2D2;CKB;ETFB;SFN;FDFT1;BAG1;PERP;TST;CLIC3;GALE;TSPAN13;S100A9;LSR;IMPA2;TOB1;DHCR7;CD44;ASS1;CISH;CCND1;MAPK13;SCNN1A;TNNC1,ECM-high Epithelial,Hallmark
prerank,HALLMARK_UNFOLDED_PROTEIN_RESPONSE,-0.6664367700368001,-1.188781008993617,0.052,0.2113872786468673,0.966,20/79,12.70%,RPS14;EEF2;NPM1;SERP1;SPCS1;XBP1;SEC11A;CALR;ATF4;HSP90B1;BANF1;EIF4A2;HSPA5;NHP2;ATP6V0D1;PDIA6;YIF1A;HERPUD1;IMP3;LSM4,ECM-high Epithelial,Hallmark
prerank,HALLMARK_INTERFERON_GAMMA_RESPONSE,-0.6434769777290255,-1.1711429913195082,0.064,0.24399238893402317,0.988,22/91,17.34%,CD74;IFITM3;VAMP8;HLA-DRB1;IFITM2;NFKBIA;B2M;BTG1;PSME1;HLA-A;SRI;HLA-DMA;LGALS3BP;PSMB2;PSMA3;TXNIP;PSME2;MVP;SOCS3;MT2A;LY6E;SERPING1,ECM-high Epithelial,Hallmark
prerank,HALLMARK_DNA_REPAIR,-0.6474125803173638,-1.1665377878513379,0.07,0.2453550112053202,0.996,47/95,25.57%,GPX4;EDF1;AK1;COX17;APRT;DAD1;POLR1D;GUK1;RBX1;VPS28;TMED2;POLR2I;POLR2C;POLR2K;EIF1B;POLR2E;POLR2J;BCAM;POLR2F;GTF2A2;NME3;POLE4;IMPDH2;GTF2H5;BCAP31;SURF1;DUT;MPC2;MRPL40;ADRM1;POLR2H;MPG;NT5C;DGUOK;TAF9;ARL6IP1;POLR2G;POLD4;TAF10;NME4;SUPT4H1;ELOA;SEC61A1;NME1;CETN2;RPA3;SRSF6,ECM-high Epithelial,Hallmark
prerank,REACTOME_ECM_PROTEOGLYCANS,0.7349139426672325,2.673981842160092,0.0,0.0,0.0,23/37,13.31%,FN1;COL4A1;COL3A1;COL1A2;COL4A2;COL5A2;LAMA2;COL6A3;LAMA3;APP;VCAN;COL4A3;LAMC1;COL1A1;SERPINE1;LAMB1;LUM;ITGA2;ITGAV;ITGAX;COL5A1;DCN;SPARC,ECM-high Epithelial,Reactome
prerank,REACTOME_MET_ACTIVATES_PTK2_SIGNALING,0.7630349842356523,2.5268064480539607,0.0,0.0,0.0,12/18,11.59%,FN1;COL3A1;COL1A2;COL5A2;LAMA2;LAMA3;PTK2;LAMC1;COL1A1;LAMB1;ITGA2;COL5A1,ECM-high Epithelial,Reactome
prerank,REACTOME_LAMININ_INTERACTIONS,0.7456727869251432,2.522871737140894,0.0,0.0,0.0,9/19,11.15%,COL4A1;COL4A2;LAMA2;LAMA3;COL4A3;LAMC1;LAMB1;ITGA2;ITGAV,ECM-high Epithelial,Reactome
prerank,REACTOME_NCAM_SIGNALING_FOR_NEURITE_OUT_GROWTH,0.7147137158580766,2.4904370348035365,0.0,0.0,0.0,10/28,7.07%,COL4A1;COL3A1;COL4A2;COL5A2;CACNA1C;COL6A3;SOS1;FYN;PTK2;COL4A3,ECM-high Epithelial,Reactome
prerank,REACTOME_SIGNALING_BY_PDGF,0.6423343820875007,2.487077472112082,0.0,0.0,0.0,15/35,12.22%,COL4A1;COL3A1;COL4A2;RAPGEF1;COL5A2;COL6A3;SOS1;COL4A3;RASA1;PTPN12;PDGFC;PIK3CB;THBS2;COL5A1;THBS1,ECM-high Epithelial,Reactome
prerank,REACTOME_COLLAGEN_CHAIN_TRIMERIZATION,0.832843577637887,2.37525281477072,0.0,0.0,0.0,11/15,11.59%,COL4A1;COL3A1;COL1A2;COL4A2;COL5A2;COL6A3;COL8A1;COL4A3;COL1A1;COL12A1;COL5A1,ECM-high Epithelial,Reactome
prerank,REACTOME_NCAM1_INTERACTIONS,0.7519603125350471,2.3007881331656996,0.0,0.0013113236655353288,0.002,7/16,7.07%,COL4A1;COL3A1;COL4A2;COL5A2;CACNA1C;COL6A3;COL4A3,ECM-high Epithelial,Reactome
prerank,REACTOME_COLLAGEN_DEGRADATION,0.6326871154396624,2.1182042204021276,0.0,0.0057370410367170626,0.01,11/24,9.39%,COL4A1;COL3A1;COL1A2;COL4A2;COL5A2;COL6A3;COL8A1;COL4A3;COL1A1;ADAM9;COL12A1,ECM-high Epithelial,Reactome
prerank,REACTOME_MET_PROMOTES_CELL_MOTILITY,0.5633810384984566,2.101180701407942,0.0,0.006119510439164867,0.012,15/28,11.59%,FN1;TNS3;COL3A1;COL1A2;RAPGEF1;COL5A2;LAMA2;LAMA3;PTK2;LAMC1;GAB1;COL1A1;LAMB1;ITGA2;COL5A1,ECM-high Epithelial,Reactome
prerank,REACTOME_EGR2_AND_SOX10_MEDIATED_INITIATION_OF_SCHWANN_CELL_MYELINATION,0.6492690135421134,2.010993683439712,0.0,0.00826133909287257,0.016,7/15,10.94%,UTRN;LAMA2;TEAD1;LAMC1;SCD5;LAMB1;ADGRV1,ECM-high Epithelial,Reactome
prerank,REACTOME_SIGNALING_BY_ERYTHROPOIETIN,0.6820705961686129,2.0020755526241043,0.0,0.007510308266247791,0.016,10/16,17.35%,RAPGEF1;LYN;SOS1;PLCG2;JAK2;GAB1;PIK3CB;PIK3R5;STAT5B;PIK3R1,ECM-high Epithelial,Reactome
prerank,REACTOME_HDMS_DEMETHYLATE_HISTONES,0.6458961958660099,1.9429703222209562,0.0,0.01376889848812095,0.03,5/17,9.04%,KDM6A;KDM4C;KDM2A;UTY;ARID5B,ECM-high Epithelial,Reactome
prerank,REACTOME_PROTEIN_PROTEIN_INTERACTIONS_AT_SYNAPSES,0.5398709059558621,1.9268860109810895,0.0,0.014121947167303538,0.032,10/27,11.50%,SIPA1L1;SHANK2;DLG1;PPFIBP1;DLG2;EPB41L2;EPB41L3;PDLIM5;PTPRD;NRXN3,ECM-high Epithelial,Reactome
prerank,REACTOME_ASSEMBLY_OF_COLLAGEN_FIBRILS_AND_OTHER_MULTIMERIC_STRUCTURES,0.6086662804424448,1.9152112766941118,0.0,0.01508022215365628,0.036,12/26,9.39%,DST;COL4A1;COL3A1;COL1A2;COL4A2;COL5A2;COL6A3;LAMA3;COL8A1;COL4A3;COL1A1;COL12A1,ECM-high Epithelial,Reactome
prerank,REACTOME_NOTCH_HLH_TRANSCRIPTION_PATHWAY,0.6665599859720956,1.8980174790686808,0.0,0.01652267818574514,0.038,10/18,16.36%,MAML2;TBL1XR1;MAML3;HDAC4;RBPJ;NCOR1;NCOR2;HDAC9;TBL1X;HDAC8,ECM-high Epithelial,Reactome
prerank,REACTOME_NEUREXINS_AND_NEUROLIGINS,0.5998096953020526,1.8629948863357673,0.043478260869565216,0.02122705183585313,0.056,6/18,6.06%,SIPA1L1;SHANK2;DLG2;EPB41L2;EPB41L3;PDLIM5,ECM-high Epithelial,Reactome
prerank,REACTOME_PLATELET_AGGREGATION_PLUG_FORMATION,0.5667924626751263,1.7847697637650621,0.0,0.035637149028077755,0.102,5/17,8.01%,FN1;COL1A2;SOS1;PTK2;COL1A1,ECM-high Epithelial,Reactome
prerank,REACTOME_SIGNALING_BY_FGFR1_IN_DISEASE,0.5516967210524311,1.7797975546845137,0.0,0.03569714422846172,0.106,10/22,17.35%,CUX1;SOS1;GAB1;GAB2;FRS2;ZMYM2;BCR;LRRFIP1;STAT5B;PIK3R1,ECM-high Epithelial,Reactome
prerank,REACTOME_HEME_SIGNALING,0.5739377672452253,1.7688220533216046,0.0,0.035750824144594746,0.112,7/28,9.48%,RORA;NCOA1;TBL1XR1;NCOA2;BACH1;CHD9;NCOR1,ECM-high Epithelial,Reactome
prerank,REACTOME_EUKARYOTIC_TRANSLATION_ELONGATION,-0.9629328029115585,-1.749971853654003,0.0,0.0,0.0,82/88,2.93%,RPL30;RPL34;RPL12;RPL28;RPS4X;RPS13;RPS14;RPL32;RPS12;RPS15A;RPL37;RPL8;RPL18A;FAU;RPS3;RPL29;RPS8;RPS15;RPL10;RPLP1;RPL22;RPL14;RPS27;RPLP2;RPS3A;RPS6;RPS16;RPL11;RPL24;RPS23;RPS5;RPL26;RPS21;RPL18;RPL39;RPS25;RPL7A;RPS27A;RPL19;RPS26;UBA52;RPS2;RPL35A;RPL9;RPL6;RPSA;RPS28;RPS7;RPL36;RPL23A;RPL5;RPL27;RPS9;RPL10A;RPL13;RPL21;RPLP0;RPL37A;RPL36AL;RPL23;RPL15;RPS11;RPL41;RPL7;EEF1B2;RPL31;RPL35;RPL38;RPS10;RPS24;RPL3;RPS29;RPS20;RPL4;EEF1D;EEF2;RPS19;RPL27A;EEF1A1;RPS17;RPL13A;RPL36A,ECM-high Epithelial,Reactome
prerank,REACTOME_SELENOAMINO_ACID_METABOLISM,-0.9550532932484621,-1.740846130352618,0.0,0.0,0.0,78/95,2.93%,RPL30;RPL34;RPL12;RPL28;RPS4X;RPS13;RPS14;RPL32;RPS12;RPS15A;RPL37;RPL8;RPL18A;FAU;RPS3;RPL29;RPS8;RPS15;RPL10;RPLP1;RPL22;RPL14;RPS27;RPLP2;RPS3A;RPS6;RPS16;RPL11;RPL24;RPS23;RPS5;RPL26;RPS21;RPL18;RPL39;RPS25;RPL7A;RPS27A;RPL19;RPS26;UBA52;RPS2;RPL35A;RPL9;RPL6;RPSA;RPS28;RPS7;RPL36;RPL23A;RPL5;RPL27;RPS9;RPL10A;RPL13;RPL21;RPLP0;RPL37A;RPL36AL;RPL23;RPL15;RPS11;RPL41;RPL7;RPL31;RPL35;RPL38;RPS10;RPS24;RPL3;RPS29;RPS20;RPL4;RPS19;RPL27A;RPS17;RPL13A;RPL36A,ECM-high Epithelial,Reactome
prerank,REACTOME_RESPONSE_OF_EIF2AK4_GCN2_TO_AMINO_ACID_DEFICIENCY,-0.9501566437835579,-1.736806632930685,0.0,0.0,0.0,78/95,2.93%,RPL30;RPL34;RPL12;RPL28;RPS4X;RPS13;RPS14;RPL32;RPS12;RPS15A;RPL37;RPL8;RPL18A;FAU;RPS3;RPL29;RPS8;RPS15;RPL10;RPLP1;RPL22;RPL14;RPS27;RPLP2;RPS3A;RPS6;RPS16;RPL11;RPL24;RPS23;RPS5;RPL26;RPS21;RPL18;RPL39;RPS25;RPL7A;RPS27A;RPL19;RPS26;UBA52;RPS2;RPL35A;RPL9;RPL6;RPSA;RPS28;RPS7;RPL36;RPL23A;RPL5;RPL27;RPS9;RPL10A;RPL13;RPL21;RPLP0;RPL37A;RPL36AL;RPL23;RPL15;RPS11;RPL41;RPL7;RPL31;RPL35;RPL38;RPS10;RPS24;RPL3;RPS29;RPS20;RPL4;RPS19;RPL27A;RPS17;RPL13A;RPL36A,ECM-high Epithelial,Reactome
prerank,REACTOME_BMAL1_CLOCK_NPAS2_ACTIVATES_CIRCADIAN_GENE_EXPRESSION,0.5882854424936508,1.7196192001290183,0.0,0.043601511879049676,0.142,6/16,8.28%,NCOA1;TBL1XR1;NCOA2;CHD9;NAMPT;SERPINE1,ECM-high Epithelial,Reactome
prerank,REACTOME_NONSENSE_MEDIATED_DECAY_NMD,-0.9395564382391117,-1.7128122069553449,0.0,0.0,0.0,78/107,2.93%,RPL30;RPL34;RPL12;RPL28;RPS4X;RPS13;RPS14;RPL32;RPS12;RPS15A;RPL37;RPL8;RPL18A;FAU;RPS3;RPL29;RPS8;RPS15;RPL10;RPLP1;RPL22;RPL14;RPS27;RPLP2;RPS3A;RPS6;RPS16;RPL11;RPL24;RPS23;RPS5;RPL26;RPS21;RPL18;RPL39;RPS25;RPL7A;RPS27A;RPL19;RPS26;UBA52;RPS2;RPL35A;RPL9;RPL6;RPSA;RPS28;RPS7;RPL36;RPL23A;RPL5;RPL27;RPS9;RPL10A;RPL13;RPL21;RPLP0;RPL37A;RPL36AL;RPL23;RPL15;RPS11;RPL41;RPL7;RPL31;RPL35;RPL38;RPS10;RPS24;RPL3;RPS29;RPS20;RPL4;RPS19;RPL27A;RPS17;RPL13A;RPL36A,ECM-high Epithelial,Reactome
prerank,REACTOME_SARS_COV_1_MODULATES_HOST_TRANSLATION_MACHINERY,-0.9585287096036141,-1.703618173789968,0.0,0.0,0.0,34/35,4.07%,RPS4X;RPS13;RPS14;RPS12;RPS15A;FAU;RPS3;RPS8;RPS15;RPS27;RPS3A;RPS6;RPS16;RPS23;RPS5;RPS21;RPS25;RPS27A;RPS26;RPS2;RPSA;RPS28;RPS7;RPS9;RPS11;RPS10;RPS24;RPS29;RPS20;RPS19;EEF1A1;RPS17;HNRNPA1;RPS27L,ECM-high Epithelial,Reactome
prerank,REACTOME_SRP_DEPENDENT_COTRANSLATIONAL_PROTEIN_TARGETING_TO_MEMBRANE,-0.9212572440454512,-1.6802845710497625,0.0,0.0,0.0,85/107,4.21%,RPL30;RPL34;RPL12;RPL28;RPS4X;RPS13;RPS14;RPL32;RPS12;RPS15A;RPL37;RPL8;RPL18A;FAU;RPS3;RPL29;RPS8;RPS15;RPL10;RPLP1;RPL22;RPL14;RPS27;RPLP2;RPS3A;RPS6;RPS16;RPL11;RPL24;RPS23;RPS5;RPL26;RPS21;RPL18;RPL39;RPS25;RPL7A;RPS27A;RPL19;RPS26;UBA52;RPS2;RPL35A;RPL9;RPL6;RPSA;RPS28;RPS7;RPL36;RPL23A;RPL5;RPL27;RPS9;RPL10A;RPL13;RPL21;RPLP0;RPL37A;RPL36AL;RPL23;RPL15;RPS11;RPL41;RPL7;RPL31;RPL35;SSR4;RPL38;RPS10;SRP14;RPS24;RPL3;RPS29;RPS20;RPL4;SEC61B;RPS19;RPL27A;RPS17;SEC61G;RPL13A;RPL36A;SSR2;RPS27L;SPCS1,ECM-high Epithelial,Reactome
prerank,REACTOME_INFLUENZA_INFECTION,-0.9179189783404389,-1.6781319367838232,0.0,0.0,0.0,80/129,2.93%,RPL30;RPL34;RPL12;RPL28;RPS4X;RPS13;RPS14;RPL32;RPS12;RPS15A;RPL37;RPL8;RPL18A;FAU;RPS3;RPL29;RPS8;RPS15;RPL10;RPLP1;RPL22;RPL14;RPS27;RPLP2;RPS3A;RPS6;RPS16;RPL11;RPL24;RPS23;RPS5;RPL26;RPS21;RPL18;RPL39;RPS25;RPL7A;RPS27A;RPL19;RPS26;UBA52;RPS2;RPL35A;RPL9;RPL6;RPSA;RPS28;RPS7;RPL36;RPL23A;RPL5;RPL27;RPS9;RPL10A;RPL13;RPL21;RPLP0;RPL37A;RPL36AL;RPL23;RPL15;POLR2L;RPS11;RPL41;RPL7;RPL31;SLC25A6;RPL35;RPL38;RPS10;RPS24;RPL3;RPS29;RPS20;RPL4;RPS19;RPL27A;RPS17;RPL13A;RPL36A,ECM-high Epithelial,Reactome
prerank,REACTOME_CELLULAR_RESPONSE_TO_STARVATION,-0.9134423364026066,-1.6758108170712531,0.0,0.0,0.0,83/124,4.24%,RPL30;RPL34;RPL12;RPL28;RPS4X;RPS13;RPS14;RPL32;RPS12;RPS15A;RPL37;RPL8;RPL18A;FAU;RPS3;RPL29;RPS8;RPS15;RPL10;RPLP1;RPL22;RPL14;RPS27;RPLP2;RPS3A;RPS6;RPS16;RPL11;RPL24;RPS23;RPS5;RPL26;RPS21;RPL18;RPL39;RPS25;RPL7A;RPS27A;RPL19;RPS26;UBA52;RPS2;RPL35A;RPL9;RPL6;RPSA;RPS28;RPS7;RPL36;RPL23A;RPL5;RPL27;RPS9;RPL10A;RPL13;RPL21;RPLP0;RPL37A;RPL36AL;RPL23;RPL15;RPS11;RPL41;RPL7;RPL31;RPL35;RPL38;RPS10;RPS24;RPL3;RPS29;RPS20;RPL4;RPS19;RPL27A;ATP6V0E1;RPS17;RPL13A;ATP6V1G1;RPL36A;LAMTOR5;RPS27L;LAMTOR4,ECM-high Epithelial,Reactome
prerank,REACTOME_RRNA_PROCESSING,-0.9214701792945242,-1.6752093041604823,0.0,0.0,0.0,82/142,4.58%,RPL30;RPL34;RPL12;RPL28;RPS4X;RPS13;RPS14;RPL32;RPS12;RPS15A;RPL37;RPL8;RPL18A;FAU;RPS3;RPL29;RPS8;RPS15;RPL10;RPLP1;RPL22;RPL14;RPS27;RPLP2;RPS3A;RPS6;RPS16;RPL11;RPL24;RPS23;RPS5;RPL26;RPS21;RPL18;RPL39;RPS25;RPL7A;RPS27A;RPL19;RPS26;UBA52;RPS2;RPL35A;RPL9;RPL6;RPSA;RPS28;RPS7;RPL36;RPL23A;RPL5;RPL27;RPS9;RPL10A;RPL13;RPL21;RPLP0;RPL37A;RPL36AL;RPL23;RPL15;RPS11;RPL41;RPL7;RPL31;RPL35;RPL38;RPS10;RPS24;RPL3;RPS29;RPS20;RPL4;RPS19;RPL27A;RPS17;RPL13A;RPL36A;TRMT112;RPS27L;NOP10;SNU13,ECM-high Epithelial,Reactome
prerank,REACTOME_RHOB_GTPASE_CYCLE,0.4184189858963962,1.6709451051173208,0.0,0.05988378072611334,0.192,22/44,17.64%,AKAP13;ARHGAP26;ABR;ARHGAP21;ERBIN;ROCK2;STARD13;ARHGEF10;MYO9B;ROCK1;ARHGEF3;MYO9A;VAV2;DAAM1;OPHN1;ARHGEF11;PREX1;TJP2;BCR;PIK3R1;ARHGAP32;STK10,ECM-high Epithelial,Reactome
prerank,REACTOME_EUKARYOTIC_TRANSLATION_INITIATION,-0.9052275223661082,-1.6525610038225478,0.0,0.0,0.0,86/113,6.42%,RPL30;RPL34;RPL12;RPL28;RPS4X;RPS13;RPS14;RPL32;RPS12;RPS15A;RPL37;RPL8;RPL18A;FAU;RPS3;RPL29;RPS8;RPS15;RPL10;RPLP1;RPL22;RPL14;RPS27;RPLP2;RPS3A;RPS6;RPS16;RPL11;RPL24;RPS23;RPS5;RPL26;RPS21;RPL18;RPL39;RPS25;RPL7A;RPS27A;RPL19;RPS26;UBA52;RPS2;RPL35A;RPL9;RPL6;RPSA;RPS28;RPS7;RPL36;RPL23A;RPL5;RPL27;RPS9;RPL10A;RPL13;RPL21;RPLP0;RPL37A;RPL36AL;RPL23;RPL15;RPS11;RPL41;RPL7;RPL31;RPL35;RPL38;RPS10;RPS24;RPL3;RPS29;RPS20;RPL4;RPS19;RPL27A;RPS17;RPL13A;RPL36A;EIF3K;RPS27L;EIF3F;EIF3L;EIF3E;PABPC1;EIF3G;RPL17,ECM-high Epithelial,Reactome
prerank,REACTOME_SARS_COV_2_MODULATES_HOST_TRANSLATION_MACHINERY,-0.9139341038657155,-1.6318022634758917,0.0,0.0,0.0,34/41,4.09%,RPS4X;RPS13;RPS14;RPS12;RPS15A;FAU;RPS3;RPS8;RPS15;RPS27;RPS3A;RPS6;RPS16;RPS23;RPS5;RPS21;RPS25;RPS27A;RPS26;RPS2;RPSA;RPS28;RPS7;RPS9;RPS11;RPS10;RPS24;RPS29;RPS20;RPS19;RPS17;SNRPD2;RPS27L;SNRPG,ECM-high Epithelial,Reactome
prerank,REACTOME_NRAGE_SIGNALS_DEATH_THROUGH_JNK,0.4764549747497972,1.621494305257858,0.0,0.07468584331435303,0.248,18/30,14.63%,TRIO;AKAP13;FGD4;ABR;ITSN1;SOS1;ARHGEF26;ARHGEF10;ARHGEF7;KALRN;VAV3;ARHGEF3;ARHGEF18;VAV2;TIAM2;ARHGEF11;PREX1;GNA13,ECM-high Epithelial,Reactome
prerank,REACTOME_REGULATION_OF_EXPRESSION_OF_SLITS_AND_ROBOS,-0.8862216887382884,-1.612096176157331,0.0,0.0001538608231337332,0.002,90/151,6.42%,RPL30;RPL34;RPL12;RPL28;RPS4X;RPS13;RPS14;RPL32;RPS12;RPS15A;RPL37;RPL8;RPL18A;FAU;RPS3;RPL29;RPS8;RPS15;RPL10;RPLP1;RPL22;RPL14;RPS27;RPLP2;RPS3A;RPS6;RPS16;RPL11;RPL24;RPS23;RPS5;RPL26;RPS21;RPL18;RPL39;RPS25;RPL7A;RPS27A;RPL19;RPS26;UBA52;RPS2;RPL35A;RPL9;RPL6;RPSA;RPS28;RPS7;RPL36;RPL23A;RPL5;RPL27;RPS9;RPL10A;RPL13;RPL21;RPLP0;RPL37A;RPL36AL;RPL23;RPL15;RPS11;RPL41;RPL7;RPL31;RPL35;RPL38;RPS10;RPS24;RPL3;RPS29;RPS20;RPL4;RPS19;RPL27A;RPS17;RPL13A;ELOB;UBB;RPL36A;RPS27L;SEM1;PSMA7;PSME1;UBC;PSMB1;PABPC1;RBX1;PSMB6;RPL17,ECM-high Epithelial,Reactome
prerank,REACTOME_SARS_COV_1_HOST_INTERACTIONS,-0.895006257250743,-1.6105094337196952,0.0,0.00014202537520036914,0.002,43/80,5.32%,RPS4X;RPS13;RPS14;RPS12;RPS15A;FAU;RPS3;RPS8;RPS15;RPS27;RPS3A;RPS6;RPS16;RPS23;RPS5;RPS21;RPS25;RPS27A;RPS26;UBA52;RPS2;PPIA;RPSA;RPS28;RPS7;RPS9;RPS11;SFTPD;RPS10;RPS24;RPS29;RPS20;NPM1;RPS19;EEF1A1;RPS17;UBB;PPIB;HNRNPA1;PCBP2;RPS27L;NFKBIA;UBC,ECM-high Epithelial,Reactome
prerank,REACTOME_SIGNALING_BY_ROBO_RECEPTORS,-0.8738252562085833,-1.5959562662390523,0.0,0.0001318807055431999,0.002,92/178,6.42%,RPL30;RPL34;RPL12;RPL28;RPS4X;RPS13;RPS14;RPL32;RPS12;RPS15A;RPL37;RPL8;RPL18A;FAU;RPS3;RPL29;RPS8;RPS15;RPL10;RPLP1;RPL22;RPL14;RPS27;RPLP2;RPS3A;RPS6;RPS16;RPL11;RPL24;RPS23;RPS5;RPL26;RPS21;RPL18;RPL39;RPS25;RPL7A;RPS27A;RPL19;RPS26;UBA52;RPS2;RPL35A;RPL9;RPL6;RPSA;RPS28;RPS7;RPL36;RPL23A;RPL5;RPL27;RPS9;RPL10A;RPL13;RPL21;RPLP0;RPL37A;RPL36AL;RPL23;RPL15;RPS11;RPL41;RPL7;RPL31;RPL35;RPL38;RPS10;RPS24;RPL3;RPS29;RPS20;RPL4;RPS19;RPL27A;RPS17;RPL13A;ELOB;UBB;PFN1;RPL36A;RPS27L;SEM1;PSMA7;RHOA;PSME1;UBC;PSMB1;PABPC1;RBX1;PSMB6;RPL17,ECM-high Epithelial,Reactome
prerank,REACTOME_RHOC_GTPASE_CYCLE,0.32684505378751316,1.587006217090358,0.0,0.08460888346323597,0.294,12/52,7.32%,FMNL2;AKAP13;ARHGAP26;ABR;ARHGAP21;ERBIN;ROCK2;STARD13;ARHGEF10;MYO9B;ROCK1;ARHGAP18,ECM-high Epithelial,Reactome
prerank,REACTOME_INTEGRIN_CELL_SURFACE_INTERACTIONS,0.4277441845112106,1.5762107248221575,0.0,0.08682055435565154,0.304,17/38,12.22%,FN1;COL4A1;COL3A1;COL1A2;COL4A2;COL5A2;COL6A3;COL8A1;COL4A3;COL1A1;LUM;FBN1;ITGA2;ITGAV;ITGAX;COL5A1;THBS1,ECM-high Epithelial,Reactome
prerank,REACTOME_NEPHRIN_FAMILY_INTERACTIONS,0.5667931690025464,1.5726594527518771,0.05,0.08371490280777537,0.306,11/15,23.67%,MAGI2;FYN;PIK3CB;KIRREL1;ACTN1;PIK3R1;SPTBN1;PIK3CA;NCK2;CD2AP;CASK,ECM-high Epithelial,Reactome
prerank,REACTOME_RHOU_GTPASE_CYCLE,0.4838498039019129,1.5603972985180508,0.0,0.08367253696627347,0.314,2/26,1.00%,DST;PEAK1,ECM-high Epithelial,Reactome
prerank,REACTOME_MAP3K8_TPL2_DEPENDENT_MAPK1_3_ACTIVATION,-0.9211647267371552,-1.5593842761615297,0.0,0.0008616206095489061,0.01,5/15,5.32%,RPS27A;UBA52;SKP1;UBB;UBC,ECM-high Epithelial,Reactome
prerank,REACTOME_ACTIVATION_OF_THE_MRNA_UPON_BINDING_OF_THE_CAP_BINDING_COMPLEX_AND_EIFS_AND_SUBSEQUENT_BINDING_TO_43S,-0.866768406473311,-1.5545200745777434,0.0,0.0008077693214520995,0.01,42/57,9.39%,RPS4X;RPS13;RPS14;RPS12;RPS15A;FAU;RPS3;RPS8;RPS15;RPS27;RPS3A;RPS6;RPS16;RPS23;RPS5;RPS21;RPS25;RPS27A;RPS26;RPS2;RPSA;RPS28;RPS7;RPS9;RPS11;RPS10;RPS24;RPS29;RPS20;RPS19;RPS17;EIF3K;RPS27L;EIF3F;EIF3L;EIF3E;PABPC1;EIF3G;EIF2S2;EIF3H;EIF4B;EIF4A2,ECM-high Epithelial,Reactome
prerank,REACTOME_METABOLISM_OF_AMINO_ACIDS_AND_DERIVATIVES,-0.8480652885314507,-1.5526951322412683,0.0,0.0010860763985910582,0.016,90/218,6.42%,RPL30;RPL34;RPL12;RPL28;RPS4X;RPS13;RPS14;RPL32;RPS12;RPS15A;RPL37;RPL8;RPL18A;FAU;RPS3;RPL29;RPS8;RPS15;RPL10;RPLP1;RPL22;RPL14;RPS27;RPLP2;RPS3A;RPS6;RPS16;RPL11;RPL24;RPS23;RPS5;RPL26;RPS21;RPL18;RPL39;RPS25;RPL7A;RPS27A;RPL19;RPS26;UBA52;RPS2;RPL35A;RPL9;RPL6;RPSA;RPS28;RPS7;RPL36;RPL23A;RPL5;RPL27;RPS9;RPL10A;RPL13;RPL21;RPLP0;RPL37A;RPL36AL;RPL23;RPL15;RPS11;RPL41;RPL7;RPL31;RPL35;OAZ1;RPL38;RPS10;RPS24;RPL3;RPS29;RPS20;RPL4;RPS19;RPL27A;RPS17;RPL13A;TSTD1;RPL36A;PCBD1;RPS27L;SEM1;PSMA7;ADI1;MPST;PSME1;PSMB1;PSMB6;RPL17,ECM-high Epithelial,Reactome
prerank,REACTOME_RND3_GTPASE_CYCLE,0.46226506182933175,1.5486580873516265,0.0,0.08805295576353891,0.326,6/26,7.28%,DST;RASAL2;PICALM;ARHGAP21;CCDC88A;ROCK1,ECM-high Epithelial,Reactome
prerank,REACTOME_SIGNALING_BY_TYPE_1_INSULIN_LIKE_GROWTH_FACTOR_1_RECEPTOR_IGF1R,0.4605741841982307,1.5460144474284614,0.0,0.08589170009256403,0.33,7/22,11.17%,IGF1R;SOS1;GAB1;GAB2;PIK3CB;PDE3B;FRS2,ECM-high Epithelial,Reactome
prerank,REACTOME_FGFR1_MUTANT_RECEPTOR_ACTIVATION,0.5436216590161115,1.534957419238825,0.07142857142857142,0.08894391896924109,0.34,7/17,17.35%,CUX1;GAB2;ZMYM2;BCR;LRRFIP1;STAT5B;PIK3R1,ECM-high Epithelial,Reactome
prerank,REACTOME_SARS_COV_2_HOST_INTERACTIONS,-0.8476152783580931,-1.534786506511059,0.0,0.0016411821134264877,0.028,54/121,11.21%,RPS4X;RPS13;RPS14;RPS12;RPS15A;FAU;RPS3;RPS8;RPS15;RPS27;RPS3A;RPS6;RPS16;RPS23;RPS5;RPS21;RPS25;RPS27A;RPS26;UBA52;RPS2;RPSA;RPS28;RPS7;RPS9;RPS11;SFTPD;RPS10;RPS24;RPS29;RPS20;RPS19;RPS17;UBB;SNRPD2;HLA-C;RPS27L;SNRPG;B2M;CNBP;UBC;SNRPF;HLA-A;YWHAB;HSP90AB1;SNRPD3;YWHAE;SNRPE;TUFM;MAP1LC3B;SNRPB;CRB3;SNRPD1;SFN,ECM-high Epithelial,Reactome
prerank,REACTOME_SIGNALING_BY_CYTOSOLIC_FGFR1_FUSION_MUTANTS,0.571321153711439,1.5323960709725128,0.0625,0.08720302375809935,0.346,7/15,17.35%,CUX1;GAB2;ZMYM2;BCR;LRRFIP1;STAT5B;PIK3R1,ECM-high Epithelial,Reactome
prerank,REACTOME_FORMATION_OF_THE_BETA_CATENIN_TCF_TRANSACTIVATING_COMPLEX,0.5406329423842845,1.5295879569516684,0.07692307692307693,0.08646276039852296,0.358,3/16,7.49%,TCF4;TRRAP;TCF7L2,ECM-high Epithelial,Reactome
prerank,REACTOME_DEGRADATION_OF_THE_EXTRACELLULAR_MATRIX,0.398007870601683,1.5241171744852964,0.0,0.08748987580993521,0.376,17/50,10.05%,FN1;COL4A1;COL3A1;COL1A2;COL4A2;COL5A2;COL6A3;LAMA3;A2M;COL8A1;COL4A3;LAMC1;COL1A1;ADAM9;LAMB1;COL12A1;FBN1,ECM-high Epithelial,Reactome
prerank,REACTOME_SARS_COV_1_INFECTION,-0.8413564082147534,-1.522225686960356,0.0,0.0020406803910368826,0.036,42/114,4.28%,RPS4X;RPS13;RPS14;RPS12;RPS15A;FAU;RPS3;RPS8;RPS15;RPS27;RPS3A;RPS6;RPS16;RPS23;RPS5;RPS21;RPS25;RPS27A;RPS26;UBA52;RPS2;PPIA;RPSA;RPS28;RPS7;RPS9;RPS11;SFTPD;RPS10;RPS24;RPS29;RPS20;NPM1;RPS19;EEF1A1;RPS17;UBB;PPIB;HNRNPA1;PCBP2;RPS27L;NFKBIA,ECM-high Epithelial,Reactome
prerank,REACTOME_APC_C_CDC20_MEDIATED_DEGRADATION_OF_CYCLIN_B,-0.9011068964611386,-1.5205776614847941,0.0,0.0022155958531257583,0.04,6/15,5.32%,RPS27A;UBA52;UBB;ANAPC11;ANAPC16;UBC,ECM-high Epithelial,Reactome
prerank,REACTOME_TRANSLATION,-0.8257760611920917,-1.5151897507743137,0.0,0.002549693640501865,0.05,124/242,10.53%,RPL30;RPL34;RPL12;RPL28;RPS4X;RPS13;RPS14;RPL32;RPS12;RPS15A;RPL37;RPL8;RPL18A;FAU;RPS3;RPL29;RPS8;RPS15;RPL10;RPLP1;RPL22;RPL14;RPS27;RPLP2;RPS3A;RPS6;RPS16;RPL11;RPL24;RPS23;RPS5;RPL26;RPS21;RPL18;RPL39;RPS25;RPL7A;RPS27A;RPL19;RPS26;UBA52;RPS2;RPL35A;RPL9;RPL6;RPSA;RPS28;RPS7;RPL36;RPL23A;RPL5;RPL27;RPS9;RPL10A;RPL13;RPL21;RPLP0;RPL37A;RPL36AL;RPL23;RPL15;RPS11;RPL41;RPL7;EEF1B2;RPL31;RPL35;SSR4;RPL38;RPS10;SRP14;RPS24;RPL3;RPS29;RPS20;RPL4;EEF1D;EEF2;SEC61B;RPS19;RPL27A;EEF1A1;RPS17;SEC61G;RPL13A;MRPL14;RPL36A;TRMT112;PPA1;SSR2;EIF3K;RPS27L;SPCS1;EIF3F;MRPL57;SEC11C;MRPL33;MRPS21;EIF3L;AURKAIP1;SSR3;EIF3E;PABPC1;SEC11A;EIF3G;RPL17;MRPS15;MRPL20;MRPL54;MRPL41;MRPL51;EIF2S2;SPCS2;SRP9;TUFM;EIF3H;MRPL52;EIF4B;EIF4A2;MRPL34;RPL22L1;EIF3I;GADD45GIP1;RPN2,ECM-high Epithelial,Reactome
prerank,REACTOME_SARS_COV_1_ACTIVATES_MODULATES_INNATE_IMMUNE_RESPONSES,-0.8579945696398346,-1.506601984794692,0.0,0.0037765838405552704,0.082,9/27,5.32%,RPS27A;UBA52;PPIA;SFTPD;UBB;PPIB;PCBP2;NFKBIA;UBC,ECM-high Epithelial,Reactome
prerank,REACTOME_APC_CDC20_MEDIATED_DEGRADATION_OF_NEK2A,-0.8936105519026061,-1.5039886649093874,0.0,0.004013760603488693,0.084,6/16,5.32%,RPS27A;UBA52;UBB;ANAPC11;ANAPC16;UBC,ECM-high Epithelial,Reactome
prerank,REACTOME_CRISTAE_FORMATION,-0.8581983669415564,-1.5031078517811585,0.0,0.003923450989910197,0.086,16/29,8.79%,ATP5F1E;ATP5MC2;ATP5MG;ATP5MK;ATP5MJ;ATP5MF;ATP5F1D;ATP5PF;ATP5MC3;ATP5PD;ATP5ME;ATP5F1B;ATP5F1A;ATP5MC1;ATP5PB;ATP5F1C,ECM-high Epithelial,Reactome
prerank,REACTOME_FORMATION_OF_ATP_BY_CHEMIOSMOTIC_COUPLING,-0.8812530021550039,-1.5030826646410966,0.0,0.003766512950313789,0.086,16/19,8.79%,ATP5F1E;ATP5MC2;ATP5MG;ATP5MK;ATP5MJ;ATP5MF;ATP5F1D;ATP5PF;ATP5MC3;ATP5PD;ATP5ME;ATP5F1B;ATP5F1A;ATP5MC1;ATP5PB;ATP5F1C,ECM-high Epithelial,Reactome
prerank,REACTOME_CHAPERONE_MEDIATED_AUTOPHAGY,-0.8897147879550521,-1.501359635109794,0.0,0.003976710505610336,0.096,9/17,7.08%,RPS27A;UBA52;RNASE1;EEF1A1;UBB;PARK7;UBC;HSPA8;HSP90AB1,ECM-high Epithelial,Reactome
prerank,REACTOME_DISEASES_OF_CARBOHYDRATE_METABOLISM,-0.8690606516488044,-1.4891377065361717,0.0,0.005607372220873833,0.134,6/18,7.43%,RPS27A;UBA52;UBB;DCXR;UBC;TALDO1,ECM-high Epithelial,Reactome
prerank,REACTOME_OVARIAN_TUMOR_DOMAIN_PROTEASES,-0.8577292047970312,-1.4871111735874374,0.0,0.006000572102215595,0.146,5/23,5.32%,RPS27A;UBA52;UBB;RHOA;UBC,ECM-high Epithelial,Reactome
prerank,REACTOME_EVASION_BY_RSV_OF_HOST_INTERFERON_RESPONSES,-0.8748206327301201,-1.4868394958005822,0.0,0.005793655822828851,0.146,7/18,9.36%,RPS27A;UBA52;ELOB;UBB;UBC;RBX1;ELOC,ECM-high Epithelial,Reactome
prerank,REACTOME_NUCLEAR_EVENTS_STIMULATED_BY_ALK_SIGNALING_IN_CANCER,-0.8773482418699337,-1.479221501594106,0.0021231422505307855,0.007385319510419194,0.184,5/15,6.12%,RPS6;NPM1;SKP1;RBX1;JUNB,ECM-high Epithelial,Reactome
prerank,REACTOME_ER_QUALITY_CONTROL_COMPARTMENT_ERQC,-0.8750208072643285,-1.4755929169215858,0.00641025641025641,0.008100027850137182,0.206,4/15,5.32%,RPS27A;UBA52;UBB;UBC,ECM-high Epithelial,Reactome
prerank,REACTOME_TNFR1_INDUCED_NF_KAPPA_B_SIGNALING_PATHWAY,-0.8778191765260185,-1.4724997849115258,0.0,0.008596973492597344,0.22,5/20,5.32%,RPS27A;UBA52;RACK1;UBB;UBC,ECM-high Epithelial,Reactome
prerank,REACTOME_TAK1_DEPENDENT_IKK_AND_NF_KAPPA_B_ACTIVATION,-0.844079383469276,-1.4711556143389672,0.0,0.008784054266180405,0.232,6/26,5.32%,RPS27A;UBA52;UBB;NFKBIA;HMGB1;UBC,ECM-high Epithelial,Reactome
prerank,REACTOME_NEGATIVE_REGULATION_OF_MET_ACTIVITY,-0.8588130641236926,-1.4696687299978428,0.0,0.009014434108305783,0.244,4/17,5.32%,RPS27A;UBA52;UBB;UBC,ECM-high Epithelial,Reactome
prerank,REACTOME_NERVOUS_SYSTEM_DEVELOPMENT,-0.8018849713497467,-1.467514686554069,0.0,0.009811924492414073,0.266,105/347,7.40%,RPL30;RPL34;RPL12;RPL28;RPS4X;RPS13;RPS14;RPL32;RPS12;RPS15A;RPL37;RPL8;RPL18A;FAU;RPS3;RPL29;RPS8;RPS15;RPL10;RPLP1;RPL22;RPL14;RPS27;RPLP2;RPS3A;RPS6;RPS16;RPL11;RPL24;RPS23;RPS5;RPL26;RPS21;RPL18;RPL39;RPS25;RPL7A;RPS27A;RPL19;RPS26;UBA52;RPS2;RPL35A;RPL9;RPL6;RPSA;RPS28;RPS7;RPL36;RPL23A;RPL5;RPL27;RPS9;RPL10A;RPL13;RPL21;RPLP0;RPL37A;RPL36AL;RPL23;RPL15;RPS11;RPL41;RPL7;RPL31;RPL35;RPL38;RPS10;RPS24;RPL3;MYL12B;RPS29;RPS20;RPL4;RPS19;RPL27A;MYL6;RPS17;RPL13A;ELOB;MYL12A;UBB;PFN1;RPL36A;ACTG1;CFL1;ACTB;RPS27L;SEM1;CLTA;PSMA7;RHOA;ARPC3;PSME1;UBC;TUBB4B;PSMB1;PABPC1;RBX1;PSMB6;HSPA8;RPL17;HSP90AB1;ARPC2;RAC1,ECM-high Epithelial,Reactome
prerank,REACTOME_JNK_C_JUN_KINASES_PHOSPHORYLATION_AND_ACTIVATION_MEDIATED_BY_ACTIVATED_HUMAN_TAK1,-0.8753630293830185,-1.4657263530118323,0.002079002079002079,0.010103527385781816,0.272,4/16,5.32%,RPS27A;UBA52;UBB;UBC,ECM-high Epithelial,Reactome
prerank,REACTOME_CELLULAR_RESPONSES_TO_STIMULI,-0.7953096796569136,-1.4623964817937096,0.0,0.010878376035617462,0.294,159/495,10.03%,RPL30;RPL34;RPL12;RPL28;RPS4X;RPS13;RPS14;RPL32;RPS12;RPS15A;RPL37;RPL8;RPL18A;FAU;RPS3;RPL29;RPS8;RPS15;RPL10;RPLP1;RPL22;RPL14;RPS27;RPLP2;RPS3A;RPS6;RPS16;RPL11;RPL24;RPS23;RPS5;RPL26;GSTP1;RPS21;RPL18;RPL39;RPS25;RPL7A;RPS27A;RPL19;RPS26;UBA52;RPS2;RPL35A;RPL9;COX7C;RPL6;RPSA;NDUFA4;RPS28;RPS7;RPL36;RPL23A;RPL5;RPL27;RPS9;RPL10A;RPL13;RPL21;RPLP0;RPL37A;PRDX5;RPL36AL;RPL23;COX6A1;RPL15;RPS11;COX4I1;RPL41;RPL7;COX7A2;RPL31;RPL35;RPL38;RPS10;RPS24;RPL3;RPS29;COX6C;RPS20;RPL4;COX6B1;COX5B;SERP1;RPS19;RPL27A;TXN;COX8A;EEF1A1;ATP6V0E1;RPS17;RPL13A;ELOB;SKP1;UBB;PRDX1;ATP6V1G1;RPL36A;BLVRB;COX7B;PRDX6;COX5A;FOS;LAMTOR5;TKT;RPS27L;ANAPC11;LAMTOR4;PRDX2;SOD1;SEM1;JUN;DYNLL1;PSMA7;ATP6V0B;SOD3;ANAPC16;ST13;XBP1;PSME1;UBC;TUBB4B;HSBP1;PSMB1;RBX1;HSPB1;PSMB6;CITED2;HSPA8;RPL17;ATP6V1F;CAT;ID1;LAMTOR1;MT1E;CALR;MYDGF;HSP90AB1;COX7A2L;TALDO1;P4HB;PSMD8;EIF2S2;RPS19BP1;YWHAE;AREG;PHB2;SQSTM1;ATF4;HSP90B1;MAP1LC3B;CYCS;ELOC;HSPA5;TUBA1B;ATP6V0D1;RPL22L1;PDIA6;PSMB5,ECM-high Epithelial,Reactome
prerank,REACTOME_SIGNALING_BY_TGFBR3,0.46164760018253237,1.4619188875993485,0.0,0.11599253877871588,0.488,8/24,12.65%,TCF12;TCF4;TNRC6A;SMAD3;TNRC6B;AGO3;AGO4;TIMP2,ECM-high Epithelial,Reactome
prerank,REACTOME_SENESCENCE_ASSOCIATED_SECRETORY_PHENOTYPE_SASP,-0.8360659995514761,-1.4579404582025672,0.0,0.011806793690999106,0.32,8/31,5.32%,RPS27A;UBA52;UBB;FOS;ANAPC11;JUN;ANAPC16;UBC,ECM-high Epithelial,Reactome
prerank,REACTOME_DOWNSTREAM_SIGNAL_TRANSDUCTION,0.44547952158424414,1.45420834332559,0.09523809523809523,0.11771058315334773,0.506,8/19,20.80%,RAPGEF1;SOS1;RASA1;PIK3CB;STAT5B;PIK3R1;PIK3CA;NCK2,ECM-high Epithelial,Reactome
prerank,REACTOME_NEGATIVE_REGULATION_OF_FGFR2_SIGNALING,-0.8361241956503401,-1.453284224029291,0.008368200836820083,0.013255701685367785,0.356,4/17,5.32%,RPS27A;UBA52;UBB;UBC,ECM-high Epithelial,Reactome
prerank,REACTOME_NEGATIVE_REGULATION_OF_FGFR1_SIGNALING,-0.8366321105384854,-1.4492032144909592,0.00631578947368421,0.01486295551471863,0.39,4/17,5.32%,RPS27A;UBA52;UBB;UBC,ECM-high Epithelial,Reactome
prerank,REACTOME_AMYLOID_FIBER_FORMATION,-0.8350429106066182,-1.4484542831822622,0.0,0.014905736328955815,0.398,7/26,5.32%,RPS27A;UBA52;CST3;UBB;ITM2B;B2M;UBC,ECM-high Epithelial,Reactome
prerank,REACTOME_INFECTION_WITH_MYCOBACTERIUM_TUBERCULOSIS,-0.8377013196454441,-1.4476205119693653,0.0,0.014946479961562655,0.404,7/21,9.10%,RPS27A;UBA52;UBB;ENO1;B2M;UBC;PGK1,ECM-high Epithelial,Reactome
prerank,REACTOME_RESPONSE_OF_MTB_TO_PHAGOCYTOSIS,-0.8417047374967594,-1.4439147349497328,0.0,0.016273465665400437,0.434,6/18,9.10%,RPS27A;UBA52;UBB;ENO1;UBC;PGK1,ECM-high Epithelial,Reactome
prerank,REACTOME_NEGATIVE_REGULATION_OF_FGFR4_SIGNALING,-0.8441156417652373,-1.4438707331443406,0.008565310492505354,0.01555020052471597,0.434,4/15,5.32%,RPS27A;UBA52;UBB;UBC,ECM-high Epithelial,Reactome
prerank,REACTOME_NEGATIVE_REGULATION_OF_FGFR3_SIGNALING,-0.8441156417652373,-1.4438707331443406,0.008565310492505354,0.01555020052471597,0.434,4/15,5.32%,RPS27A;UBA52;UBB;UBC,ECM-high Epithelial,Reactome
prerank,REACTOME_SURFACTANT_METABOLISM,-0.8518415563121862,-1.4380727289243702,0.0020833333333333333,0.018222473139838668,0.488,9/16,7.65%,SFTPC;NAPSA;SFTPA2;CTSH;SFTPD;SFTPA1;SLC34A2;SFTA3;ABCA3,ECM-high Epithelial,Reactome
prerank,REACTOME_COMPLEX_IV_ASSEMBLY,-0.8140631300514286,-1.4370748718172028,0.0,0.01826688070396237,0.498,18/32,9.37%,COX7C;NDUFA4;COX6A1;COX4I1;COX7A2;COX6C;COX6B1;COX5B;COX8A;COX7B;COX17;COX5A;COX14;HIGD2A;COX7A2L;COA3;PET100;PNKD,ECM-high Epithelial,Reactome
prerank,REACTOME_SARS_COV_2_INFECTION,-0.7885707079992411,-1.4365238834069645,0.0,0.018040181512430222,0.502,61/189,11.21%,RPS4X;RPS13;RPS14;RPS12;RPS15A;FAU;RPS3;RPS8;RPS15;RPS27;RPS3A;RPS6;RPS16;RPS23;RPS5;RPS21;RPS25;RPS27A;RPS26;UBA52;RPS2;RPSA;RPS28;RPS7;RPS9;RPS11;SFTPD;RPS10;RPS24;RPS29;RPS20;RPS19;RPS17;UBB;SNRPD2;HLA-C;RPS27L;SNRPG;B2M;DAD1;CNBP;UBC;SDC4;SNRPF;ISCU;HLA-A;YWHAB;HSP90AB1;SNRPD3;CHMP2A;YWHAE;SNRPE;TUFM;MAP1LC3B;SUMO1;SNRPB;CRB3;RPN2;SNRPD1;RPN1;SFN,ECM-high Epithelial,Reactome
prerank,REACTOME_INTERLEUKIN_2_FAMILY_SIGNALING,0.47185032458333465,1.4350035043993203,0.08695652173913043,0.12982104288799753,0.542,8/19,17.35%,SOS1;JAK2;GAB2;PIK3CB;HAVCR2;STAT5B;IL3RA;PIK3R1,ECM-high Epithelial,Reactome
prerank,REACTOME_GAMMA_CARBOXYLATION_HYPUSINYLATION_HYDROXYLATION_AND_ARYLSULFATASE_ACTIVATION,-0.8029556944192802,-1.4316183704552938,0.0,0.0204226692584041,0.558,7/31,7.16%,RPL8;RPS6;RPS23;EEF2;RPL27A;RWDD1;EIF5A,ECM-high Epithelial,Reactome
prerank,REACTOME_REGULATION_OF_PYRUVATE_METABOLISM,-0.820867207429261,-1.427987120597954,0.0,0.022229811726361775,0.592,5/23,5.32%,RPS27A;UBA52;UBB;LDHA;UBC,ECM-high Epithelial,Reactome
prerank,REACTOME_DETOXIFICATION_OF_REACTIVE_OXYGEN_SPECIES,-0.8248287020607592,-1.426150621960021,0.004282655246252677,0.02280760437041222,0.612,14/20,14.75%,GSTP1;PRDX5;TXN;PRDX1;PRDX6;PRDX2;SOD1;SOD3;CAT;P4HB;CYCS;PRDX3;TXN2;ATOX1,ECM-high Epithelial,Reactome
prerank,REACTOME_NEGATIVE_REGULATORS_OF_DDX58_IFIH1_SIGNALING,-0.8151328693982001,-1.4249178616303542,0.0,0.023079123470059987,0.62,5/27,5.32%,RPS27A;UBA52;UBB;PCBP2;UBC,ECM-high Epithelial,Reactome
prerank,REACTOME_TP53_REGULATES_METABOLIC_GENES,-0.7868459304604901,-1.4227926143932104,0.0,0.02400228840886238,0.638,26/58,13.45%,COX7C;NDUFA4;PRDX5;COX6A1;COX4I1;COX7A2;COX6C;COX6B1;COX5B;TXN;COX8A;PRDX1;COX7B;COX5A;LAMTOR5;LAMTOR4;PRDX2;YWHAB;LAMTOR1;COX7A2L;YWHAE;CYCS;SFN;LAMTOR2;YWHAQ;RHEB,ECM-high Epithelial,Reactome
prerank,REACTOME_AEROBIC_RESPIRATION_AND_RESPIRATORY_ELECTRON_TRANSPORT,-0.7790473986134381,-1.4224171766195504,0.0,0.02383133193871379,0.64,108/195,16.26%,RPS27A;UBA52;COX7C;NDUFA4;UQCRQ;COX6A1;COX4I1;ATP5F1E;UQCR10;COX7A2;ATP5MC2;ATP5MG;LDHB;UQCRB;COX6C;UQCR11;COX6B1;COX5B;COX8A;UBB;ATP5MK;NDUFB2;ATP5MJ;NDUFB11;ATP5MF;UQCRH;NDUFS5;COX7B;ATP5F1D;COX17;ATP5PF;COX5A;NDUFA1;COX14;ATP5MC3;NDUFB4;NDUFB9;NDUFC1;ATP5PD;ATP5ME;LDHA;NDUFB1;NDUFS8;NDUFA3;NDUFB7;NDUFB10;NDUFAF3;HIGD2A;UBC;MT-CYB;NDUFA2;NDUFV2;ISCU;NDUFA11;NDUFA13;ATP5F1B;ATP5F1A;NDUFA6;SLC25A4;NDUFS6;ATP5MC1;MDH2;COX7A2L;COA3;NDUFAB1;PET100;NDUFS7;NDUFC2;ATP5PB;UQCRFS1;ATP5F1C;PYURF;CYCS;NDUFB3;PNKD;NDUFB6;GLO1;NDUFA12;ETFB;CYC1;MPC1;MT-ND1;NDUFA5;MT-ND5;VDAC1;OXA1L;ATP5PO;NDUFB5;ACAT1;SURF1;SDHC;UQCC5;HIGD1A;SUCLG1;RAB5IF;MPC2;NDUFB8;COX20;UQCRC1;MT-ND2;NDUFV3;NDUFV1;MDH1;UQCC2;SDHD;NDUFS3;NDUFAF8;MT-CO3,ECM-high Epithelial,Reactome
prerank,REACTOME_NR1H3_NR1H2_REGULATE_GENE_EXPRESSION_LINKED_TO_CHOLESTEROL_TRANSPORT_AND_EFFLUX,0.4238356751534412,1.4210651323770294,0.10714285714285714,0.13386429085673146,0.564,9/18,11.14%,ABCA1;NCOA1;TBL1XR1;TNRC6A;TNRC6B;NCOR1;AGO3;NCOR2;AGO4,ECM-high Epithelial,Reactome
prerank,REACTOME_RAS_PROCESSING,-0.8421753192596962,-1.4202130436026434,0.00423728813559322,0.024774389994042575,0.662,5/17,5.32%,RPS27A;UBA52;UBB;CALM1;UBC,ECM-high Epithelial,Reactome
prerank,REACTOME_IRON_UPTAKE_AND_TRANSPORT,-0.8037147804915926,-1.4187263918912618,0.0,0.025255155111522782,0.674,17/36,15.47%,RPS27A;UBA52;FTH1;ATP6V0E1;SKP1;UBB;ATP6V1G1;FTL;ATP6V0B;NEDD8;UBC;ATP6V1F;ATP6V0D1;STEAP4;ATP6V1E1;CYBRD1;ATP6V0C,ECM-high Epithelial,Reactome
prerank,REACTOME_FLT3_SIGNALING_IN_DISEASE,-0.8253588309343263,-1.4185537342857637,0.002074688796680498,0.024909257471545442,0.676,4/21,5.32%,RPS27A;UBA52;UBB;UBC,ECM-high Epithelial,Reactome
prerank,REACTOME_RESPIRATORY_ELECTRON_TRANSPORT,-0.780780536476586,-1.4170411097927433,0.0,0.02565761864395634,0.684,78/125,16.26%,COX7C;NDUFA4;UQCRQ;COX6A1;COX4I1;UQCR10;COX7A2;UQCRB;COX6C;UQCR11;COX6B1;COX5B;COX8A;NDUFB2;NDUFB11;UQCRH;NDUFS5;COX7B;COX17;COX5A;NDUFA1;COX14;NDUFB4;NDUFB9;NDUFC1;NDUFB1;NDUFS8;NDUFA3;NDUFB7;NDUFB10;NDUFAF3;HIGD2A;MT-CYB;NDUFA2;NDUFV2;ISCU;NDUFA11;NDUFA13;NDUFA6;NDUFS6;MDH2;COX7A2L;COA3;NDUFAB1;PET100;NDUFS7;NDUFC2;UQCRFS1;PYURF;CYCS;NDUFB3;PNKD;NDUFB6;NDUFA12;ETFB;CYC1;MT-ND1;NDUFA5;MT-ND5;OXA1L;NDUFB5;SURF1;SDHC;UQCC5;HIGD1A;RAB5IF;NDUFB8;COX20;UQCRC1;MT-ND2;NDUFV3;NDUFV1;MDH1;UQCC2;SDHD;NDUFS3;NDUFAF8;MT-CO3,ECM-high Epithelial,Reactome
prerank,REACTOME_SHC1_EVENTS_IN_ERBB2_SIGNALING,0.48946265556137125,1.4154761393412494,0.11538461538461539,0.13396766096550114,0.574,5/15,11.47%,PRKCE;SOS1;PTPN12;PRKCA;NRG1,ECM-high Epithelial,Reactome
prerank,REACTOME_RET_SIGNALING,0.46695712260745,1.4135248546999648,0.03125,0.13092531544844832,0.574,7/16,11.17%,SOS1;GAB1;GAB2;PIK3CB;PRKCA;GRB10;FRS2,ECM-high Epithelial,Reactome
prerank,REACTOME_SARS_COV_INFECTIONS,-0.7704334229005627,-1.4100471641747776,0.0,0.030354914936892453,0.758,77/269,11.69%,RPS4X;RPS13;RPS14;RPS12;RPS15A;FAU;RPS3;RPS8;RPS15;RPS27;RPS3A;RPS6;RPS16;RPS23;RPS5;RPS21;RPS25;RPS27A;RPS26;UBA52;RPS2;PPIA;RPSA;RPS28;RPS7;RPS9;RPS11;SFTPD;RPS10;RPS24;RPS29;RPS20;NPM1;RPS19;EEF1A1;RPS17;UBB;PPIB;HNRNPA1;SNRPD2;PCBP2;HLA-C;RPS27L;SNRPG;SAP18;NFKBIA;B2M;DAD1;FXYD3;CNBP;UBC;SDC4;SNRPF;ISCU;RBX1;HLA-A;YWHAB;ATP1B1;HSP90AB1;ATP1A1;SNRPD3;CHMP2A;YWHAE;COMT;AP2S1;SNRPE;TUFM;MAP1LC3B;SUMO1;SNRPB;CRB3;RPN2;SNRPD1;RPN1;SFN;FKBP1A;IMPDH2,ECM-high Epithelial,Reactome
prerank,REACTOME_REGULATION_OF_SIGNALING_BY_CBL,-0.8306748872974478,-1.409912605615665,0.002109704641350211,0.029972088346451233,0.76,4/17,5.32%,RPS27A;UBA52;UBB;UBC,ECM-high Epithelial,Reactome
prerank,REACTOME_CONSTITUTIVE_SIGNALING_BY_LIGAND_RESPONSIVE_EGFR_CANCER_VARIANTS,-0.8474011130334012,-1.4070879468977924,0.004201680672268907,0.03202322968042421,0.778,4/16,5.32%,RPS27A;UBA52;UBB;UBC,ECM-high Epithelial,Reactome
prerank,REACTOME_VASOPRESSIN_REGULATES_RENAL_WATER_HOMEOSTASIS_VIA_AQUAPORINS,-0.8306739801871474,-1.4062639800620664,0.004301075268817204,0.03173928980073011,0.794,7/16,12.41%,GNG5;AQP3;GNB2;AQP1;PRKAR1A;GNAS;AQP4,ECM-high Epithelial,Reactome
prerank,REACTOME_AQUAPORIN_MEDIATED_TRANSPORT,-0.8306739801871474,-1.4062639800620664,0.004301075268817204,0.03173928980073011,0.794,7/16,12.41%,GNG5;AQP3;GNB2;AQP1;PRKAR1A;GNAS;AQP4,ECM-high Epithelial,Reactome
prerank,REACTOME_DEACTIVATION_OF_THE_BETA_CATENIN_TRANSACTIVATING_COMPLEX,-0.8157275153620052,-1.4056621120269326,0.004158004158004158,0.03179149258000763,0.796,4/24,5.32%,RPS27A;UBA52;UBB;UBC,ECM-high Epithelial,Reactome
prerank,REACTOME_SARS_COV_2_ACTIVATES_MODULATES_INNATE_AND_ADAPTIVE_IMMUNE_RESPONSES,-0.7841847077040986,-1.403702884050638,0.0,0.0327794565962452,0.806,10/59,7.08%,RPS27A;UBA52;SFTPD;UBB;HLA-C;B2M;CNBP;UBC;HLA-A;HSP90AB1,ECM-high Epithelial,Reactome
prerank,REACTOME_TOLL_LIKE_RECEPTOR_TLR1_TLR2_CASCADE,-0.7846006313605182,-1.4030028192746844,0.0,0.03273039328481234,0.81,12/70,5.32%,SFTPA2;RPS27A;UBA52;SFTPD;SFTPA1;SKP1;UBB;FOS;NFKBIA;HMGB1;JUN;UBC,ECM-high Epithelial,Reactome
prerank,REACTOME_CYTOPROTECTION_BY_HMOX1,-0.7865757177249,-1.3996466372658476,0.004056795131845842,0.03527316781095735,0.834,12/41,3.52%,COX7C;NDUFA4;COX6A1;COX4I1;COX7A2;COX6C;COX6B1;COX5B;COX8A;BLVRB;COX7B;COX5A,ECM-high Epithelial,Reactome
prerank,REACTOME_SMAD2_SMAD3_SMAD4_HETEROTRIMER_REGULATES_TRANSCRIPTION,-0.8121673439569257,-1.3964625972572111,0.002044989775051125,0.03795837013075748,0.854,6/28,6.12%,RPS27A;UBA52;UBB;YBX1;UBC;JUNB,ECM-high Epithelial,Reactome
prerank,REACTOME_DDX58_IFIH1_MEDIATED_INDUCTION_OF_INTERFERON_ALPHA_BETA,-0.7795426605370909,-1.3954886333322947,0.0,0.03813072573314258,0.862,8/46,7.08%,RPS27A;UBA52;UBB;PCBP2;NFKBIA;HMGB1;UBC;HSP90AB1,ECM-high Epithelial,Reactome
prerank,REACTOME_BACTERIAL_INFECTION_PATHWAYS,-0.7789807191379791,-1.3954574003984312,0.0,0.03761237722092061,0.862,11/45,9.10%,RPS27A;UBA52;EEF2;UBB;ENO1;CALM1;B2M;CD9;UBC;HSP90AB1;PGK1,ECM-high Epithelial,Reactome
prerank,REACTOME_SIGNALING_BY_CSF1_M_CSF_IN_MYELOID_CELLS,-0.8024645250624697,-1.3904752311777064,0.0,0.04194549426164142,0.886,4/22,5.32%,RPS27A;UBA52;UBB;UBC,ECM-high Epithelial,Reactome
prerank,REACTOME_RUNX1_REGULATES_GENES_INVOLVED_IN_MEGAKARYOCYTE_DIFFERENTIATION_AND_PLATELET_FUNCTION,0.454538236687465,1.3902999758208872,0.14705882352941177,0.14286703217588748,0.618,7/16,12.22%,RUNX1;KMT2C;TNRC6A;TNRC6B;AGO3;AGO4;THBS1,ECM-high Epithelial,Reactome
prerank,REACTOME_SIGNALING_BY_FGFR4,-0.7960062350038248,-1.3893443099134597,0.008247422680412371,0.04241430024386579,0.898,4/22,5.32%,RPS27A;UBA52;UBB;UBC,ECM-high Epithelial,Reactome
prerank,REACTOME_LATE_ENDOSOMAL_MICROAUTOPHAGY,-0.7998503672674777,-1.386245199785451,0.0,0.045197143716161306,0.92,9/27,8.13%,RPS27A;UBA52;RNASE1;UBB;PARK7;UBC;HSPA8;VPS28;CHMP2A,ECM-high Epithelial,Reactome
prerank,REACTOME_INACTIVATION_OF_CSF3_G_CSF_SIGNALING,-0.8130708858859644,-1.385191803215592,0.008281573498964804,0.0455843876538374,0.922,8/20,9.36%,RPS27A;UBA52;ELOB;UBB;UBC;RNF7;CSF3R;ELOC,ECM-high Epithelial,Reactome
prerank,REACTOME_RRNA_MODIFICATION_IN_THE_NUCLEUS_AND_CYTOSOL,-0.7838784102498423,-1.3848979299243036,0.002008032128514056,0.04517353767206408,0.926,8/35,4.58%,RPS14;RPS6;RPS2;RPS7;RPS9;TRMT112;NOP10;SNU13,ECM-high Epithelial,Reactome
prerank,REACTOME_RHO_GTPASES_ACTIVATE_CIT,-0.8211101848758752,-1.384834308978925,0.01072961373390558,0.04462773664684231,0.926,5/15,8.98%,MYL12B;MYL6;RHOA;RAC1;RHOB,ECM-high Epithelial,Reactome
prerank,REACTOME_INTERLEUKIN_17_SIGNALING,-0.7807205947261118,-1.3845771253923014,0.002008032128514056,0.044287938752416406,0.928,7/44,5.32%,RPS27A;UBA52;SKP1;UBB;FOS;JUN;UBC,ECM-high Epithelial,Reactome
prerank,REACTOME_INTEGRIN_SIGNALING,0.4637783069378216,1.384244123488009,0.12903225806451613,0.14480291576673865,0.634,3/15,6.42%,FN1;SOS1;PTK2,ECM-high Epithelial,Reactome
prerank,REACTOME_SIGNALING_BY_CSF3_G_CSF,-0.7966888993374468,-1.3817616033477749,0.01020408163265306,0.046797361128521626,0.932,8/25,9.36%,RPS27A;UBA52;ELOB;UBB;UBC;RNF7;CSF3R;ELOC,ECM-high Epithelial,Reactome
prerank,REACTOME_MITOCHONDRIAL_BIOGENESIS,-0.7713129502762258,-1.3805419387704314,0.0,0.04763063658934911,0.942,19/64,10.29%,ATP5F1E;ATP5MC2;ATP5MG;ATP5MK;ATP5MJ;ATP5MF;ATP5F1D;ATP5PF;ATP5MC3;CALM1;ATP5PD;ATP5ME;ATP5F1B;ATP5F1A;ATP5MC1;ATP5PB;ATP5F1C;CYCS;SSBP1,ECM-high Epithelial,Reactome
prerank,REACTOME_COMPLEX_III_ASSEMBLY,-0.796381226023143,-1.3776647989703374,0.01882845188284519,0.050543280399431366,0.952,12/20,15.56%,UQCRQ;UQCR10;UQCRB;UQCR11;UQCRH;MT-CYB;ISCU;UQCRFS1;CYC1;UQCC5;UQCRC1;UQCC2,ECM-high Epithelial,Reactome
prerank,REACTOME_NOD1_2_SIGNALING_PATHWAY,-0.8112185711033754,-1.376182251612125,0.012474012474012475,0.05178841335701361,0.96,4/20,5.32%,RPS27A;UBA52;UBB;UBC,ECM-high Epithelial,Reactome
prerank,REACTOME_SYNTHESIS_OF_ACTIVE_UBIQUITIN_ROLES_OF_E1_AND_E2_ENZYMES,-0.781892058071862,-1.3754123331307078,0.004073319755600814,0.052305174459462776,0.964,4/25,5.32%,RPS27A;UBA52;UBB;UBC,ECM-high Epithelial,Reactome
prerank,REACTOME_DOWNREGULATION_OF_SMAD2_3_SMAD4_TRANSCRIPTIONAL_ACTIVITY,-0.8024039375399293,-1.3745774783409417,0.0,0.05265376891916336,0.966,4/27,5.32%,RPS27A;UBA52;UBB;UBC,ECM-high Epithelial,Reactome
prerank,REACTOME_SIGNALING_BY_EGFR_IN_CANCER,-0.8182687453130035,-1.3737650177589733,0.006172839506172839,0.05306000386354743,0.97,5/18,8.68%,RPS27A;UBA52;UBB;UBC;AREG,ECM-high Epithelial,Reactome
prerank,REACTOME_PLASMA_LIPOPROTEIN_CLEARANCE,-0.7896989697015806,-1.3732431138254442,0.006147540983606557,0.052978806723271814,0.97,8/24,8.62%,NPC2;RPS27A;UBA52;UBB;CLTA;UBC;APOC1;AP2S1,ECM-high Epithelial,Reactome
prerank,REACTOME_REGULATION_OF_MITF_M_DEPENDENT_GENES_INVOLVED_IN_LYSOSOME_BIOGENESIS_AND_AUTOPHAGY,-0.807869567596676,-1.3727371722260455,0.013071895424836602,0.05296390474477952,0.97,9/16,16.83%,ATP6V0E1;ATP6V1G1;ASAH1;ATP6V0B;ATP6V1F;ATP6V0D1;ATP6V1E1;ATP6V0C;ATP6AP2,ECM-high Epithelial,Reactome
prerank,REACTOME_SIGNALING_BY_FGFR3,-0.784093314343632,-1.3721794593806056,0.014344262295081968,0.05290690097550303,0.972,4/23,5.32%,RPS27A;UBA52;UBB;UBC,ECM-high Epithelial,Reactome
prerank,REACTOME_CYTOSOLIC_SENSORS_OF_PATHOGEN_ASSOCIATED_DNA,-0.7768206304702332,-1.368265321914217,0.0,0.05662777658699263,0.98,11/36,13.28%,RPS27A;UBA52;POLR2L;UBB;NFKBIA;UBC;POLR1D;POLR2K;POLR2E;POLR2F;XRCC6,ECM-high Epithelial,Reactome
prerank,REACTOME_INSULIN_RECEPTOR_RECYCLING,-0.790120404138787,-1.3650512937061277,0.012474012474012475,0.06061770676810361,0.986,8/20,15.47%,ATP6V0E1;ATP6V1G1;ATP6V0B;ATP6V1F;ATP6V0D1;ATP6V1E1;CTSD;ATP6V0C,ECM-high Epithelial,Reactome
prerank,REACTOME_COMPLEX_I_BIOGENESIS,-0.755868720777914,-1.3642150482830817,0.002,0.06076476774961571,0.986,42/61,19.76%,NDUFB2;NDUFB11;NDUFS5;NDUFA1;NDUFB4;NDUFB9;NDUFC1;NDUFB1;NDUFS8;NDUFA3;NDUFB7;NDUFB10;NDUFAF3;NDUFA2;NDUFV2;NDUFA11;NDUFA13;NDUFA6;NDUFS6;NDUFAB1;NDUFS7;NDUFC2;PYURF;NDUFB3;NDUFB6;NDUFA12;MT-ND1;NDUFA5;MT-ND5;OXA1L;NDUFB5;NDUFB8;MT-ND2;NDUFV3;NDUFV1;NDUFS3;NDUFAF8;NDUFA8;TMEM126B;MT-ND3;DMAC1;LYRM2,ECM-high Epithelial,Reactome
prerank,REACTOME_TRANSFERRIN_ENDOCYTOSIS_AND_RECYCLING,-0.7913380847389039,-1.3618074676887786,0.023404255319148935,0.06348534271456499,0.99,8/17,15.47%,ATP6V0E1;ATP6V1G1;ATP6V0B;ATP6V1F;ATP6V0D1;STEAP4;ATP6V1E1;ATP6V0C,ECM-high Epithelial,Reactome
prerank,REACTOME_TOLL_LIKE_RECEPTOR_9_TLR9_CASCADE,-0.7585830626726742,-1.3586298321761778,0.0,0.0677322101838717,0.992,9/63,5.32%,RPS27A;UBA52;SKP1;UBB;FOS;NFKBIA;HMGB1;JUN;UBC,ECM-high Epithelial,Reactome
prerank,REACTOME_OXIDATIVE_STRESS_INDUCED_SENESCENCE,-0.7639954652566873,-1.358017883399963,0.002004008016032064,0.06779802722602568,0.992,7/41,5.32%,RPS27A;UBA52;TXN;UBB;FOS;JUN;UBC,ECM-high Epithelial,Reactome
prerank,REACTOME_GENE_AND_PROTEIN_EXPRESSION_BY_JAK_STAT_SIGNALING_AFTER_INTERLEUKIN_12_STIMULATION,-0.7693701775585298,-1.3572961450677423,0.018404907975460124,0.06813742920650048,0.992,13/26,14.13%,PPIA;RPLP0;MIF;CFL1;SOD1;ARF1;TALDO1;HNRNPF;HNRNPDL;PSME2;CNN2;CDC42;HNRNPA2B1,ECM-high Epithelial,Reactome
prerank,REACTOME_ROS_AND_RNS_PRODUCTION_IN_PHAGOCYTES,-0.7988798569696396,-1.3561893459200103,0.021929824561403508,0.06909160752510589,0.992,7/16,15.47%,ATP6V0E1;ATP6V1G1;ATP6V0B;ATP6V1F;ATP6V0D1;ATP6V1E1;ATP6V0C,ECM-high Epithelial,Reactome
prerank,REACTOME_INTERLEUKIN_12_SIGNALING,-0.7630828499418554,-1.355823680462467,0.018367346938775512,0.06892964876391248,0.992,14/29,14.13%,PPIA;RPLP0;MIF;CFL1;SOD1;ARF1;TALDO1;P4HB;HNRNPF;HNRNPDL;PSME2;CNN2;CDC42;HNRNPA2B1,ECM-high Epithelial,Reactome
prerank,REACTOME_ONCOGENE_INDUCED_SENESCENCE,-0.7957010500943826,-1.3524729962300348,0.014522821576763486,0.07391029809009725,0.996,5/19,6.66%,RPS27A;UBA52;UBB;UBC;ID1,ECM-high Epithelial,Reactome
prerank,REACTOME_AGGREPHAGY,-0.7860267761099387,-1.3512891435725776,0.006122448979591836,0.07483288034537,0.996,9/26,10.32%,RPS27A;UBA52;UBB;PARK7;DYNLL1;UBC;TUBB4B;TUBA1B;TUBA1C,ECM-high Epithelial,Reactome
prerank,REACTOME_PROCESSING_OF_DNA_DOUBLE_STRAND_BREAK_ENDS,-0.7825172873103198,-1.3484630138543645,0.006160164271047228,0.07845969489983222,0.998,5/28,5.32%,RPS27A;UBA52;UBB;SUMO2;UBC,ECM-high Epithelial,Reactome
prerank,REACTOME_GAP_JUNCTION_TRAFFICKING_AND_REGULATION,-0.7973253130501258,-1.3470854802564634,0.023706896551724137,0.07966913421864706,0.998,8/15,14.57%,ACTG1;ACTB;CLTA;TUBB4B;TUBA1B;TUBA1C;AP2M1;CLTB,ECM-high Epithelial,Reactome
prerank,REACTOME_MITOPHAGY,-0.7593251850332929,-1.3470816515962003,0.004024144869215292,0.07888033090955154,0.998,14/33,14.40%,RPS27A;UBA52;TOMM7;UBB;UBC;TOMM20;SQSTM1;MAP1LC3B;VDAC2;MAP1LC3A;CSNK2B;VDAC1;TOMM22;TOMM5,ECM-high Epithelial,Reactome
prerank,REACTOME_RHOV_GTPASE_CYCLE,0.4307216343747128,1.346505263636141,0.0,0.16992835695095612,0.678,2/25,1.00%,DST;PEAK1,ECM-high Epithelial,Reactome
prerank,REACTOME_INTERLEUKIN_12_FAMILY_SIGNALING,-0.7560878324249308,-1.344661632972957,0.012145748987854251,0.08187205918045594,0.998,15/33,14.13%,PPIA;RPLP0;MIF;CFL1;SOD1;ARF1;TALDO1;P4HB;HNRNPF;HNRNPDL;PSME2;CANX;CNN2;CDC42;HNRNPA2B1,ECM-high Epithelial,Reactome
prerank,REACTOME_DUAL_INCISION_IN_TC_NER,-0.7608339543034357,-1.3444684042656356,0.006012024048096192,0.08132814227857255,0.998,15/43,11.90%,RPS27A;UBA52;POLR2L;UBB;UBC;RBX1;TCEA1;POLR2I;POLR2C;POLR2K;POLR2E;POLR2J;POLR2F;POLE4;GTF2H5,ECM-high Epithelial,Reactome
prerank,REACTOME_FORMATION_OF_TC_NER_PRE_INCISION_COMPLEX,-0.7642887691323671,-1.3429681035434686,0.004032258064516129,0.0828718064294154,0.998,14/40,11.90%,RPS27A;UBA52;POLR2L;UBB;UBC;RBX1;TCEA1;POLR2I;POLR2C;POLR2K;POLR2E;POLR2J;POLR2F;GTF2H5,ECM-high Epithelial,Reactome
prerank,REACTOME_INTERFERON_ALPHA_BETA_SIGNALING,-0.7641143680570964,-1.3422726039804134,0.008032128514056224,0.0832606854329402,0.998,9/38,8.53%,RPS27A;UBA52;IFITM3;UBB;HLA-C;IFITM2;UBC;HLA-A;EGR1,ECM-high Epithelial,Reactome
prerank,REACTOME_PINK1_PRKN_MEDIATED_MITOPHAGY,-0.7611119153890399,-1.3411235423761176,0.006072874493927126,0.0843389553524758,0.998,13/29,14.40%,RPS27A;UBA52;TOMM7;UBB;UBC;TOMM20;SQSTM1;MAP1LC3B;VDAC2;MAP1LC3A;VDAC1;TOMM22;TOMM5,ECM-high Epithelial,Reactome
prerank,REACTOME_CALNEXIN_CALRETICULIN_CYCLE,-0.7784911236568746,-1.3406714850574706,0.035269709543568464,0.08422370217372918,0.998,7/20,13.12%,RPS27A;UBA52;UBB;UBC;CALR;PDIA3;CANX,ECM-high Epithelial,Reactome
prerank,REACTOME_RHO_GTPASES_ACTIVATE_WASPS_AND_WAVES,-0.7604345791113194,-1.3397187667719024,0.02263374485596708,0.0853243742511625,0.998,9/27,13.61%,ACTG1;ACTB;BRK1;ARPC3;ARPC2;RAC1;ARPC1B;ARPC5;CDC42,ECM-high Epithelial,Reactome
prerank,REACTOME_MRNA_SPLICING_MINOR_PATHWAY,-0.7555167464335684,-1.3381384898995925,0.00404040404040404,0.08742117888365473,0.998,22/46,14.64%,POLR2L;SNRPD2;YBX1;SNRPG;SF3B5;SNRPF;SF3B6;SNRPD3;SNRPE;POLR2I;POLR2C;POLR2K;SNRPB;POLR2E;POLR2J;SRSF7;POLR2F;SNRPD1;SRSF2;SF3B2;ZCRB1;TXNL4A,ECM-high Epithelial,Reactome
prerank,REACTOME_MYD88_INDEPENDENT_TLR4_CASCADE,-0.748325572278181,-1.3380639890925017,0.002,0.08671036497914901,0.998,9/67,5.32%,RPS27A;UBA52;SKP1;UBB;FOS;NFKBIA;HMGB1;JUN;UBC,ECM-high Epithelial,Reactome
prerank,REACTOME_EGFR_DOWNREGULATION,-0.7796841731411959,-1.337193819461415,0.010101010101010102,0.0875925507699718,0.998,5/23,8.68%,RPS27A;UBA52;UBB;UBC;AREG,ECM-high Epithelial,Reactome
prerank,REACTOME_STIMULI_SENSING_CHANNELS,-0.7698422272737874,-1.3370893209274957,0.016359918200409,0.08697532530574034,0.998,6/28,7.94%,RPS27A;UBA52;UBB;CALM1;UBC;SRI,ECM-high Epithelial,Reactome
prerank,REACTOME_ACTIVATED_NOTCH1_TRANSMITS_SIGNAL_TO_THE_NUCLEUS,-0.8006844854818866,-1.3368397950715787,0.020876826722338204,0.08659777302040207,0.998,4/15,5.32%,RPS27A;UBA52;UBB;UBC,ECM-high Epithelial,Reactome
prerank,REACTOME_RHO_GTPASES_ACTIVATE_ROCKS,-0.8005648489304119,-1.3364760843793675,0.027837259100642397,0.0865183702295161,0.998,5/17,8.98%,MYL12B;MYL6;CFL1;RHOA;RHOB,ECM-high Epithelial,Reactome
prerank,REACTOME_PYRUVATE_METABOLISM,-0.7471597645988861,-1.3302089937265615,0.034274193548387094,0.09661924524717982,1.0,9/29,12.01%,RPS27A;UBA52;LDHB;UBB;LDHA;UBC;GLO1;MPC1;VDAC1,ECM-high Epithelial,Reactome
prerank,REACTOME_CELLULAR_RESPONSE_TO_CHEMICAL_STRESS,-0.7312849502464432,-1.3295209375710957,0.0,0.09713923485363866,1.0,53/149,13.76%,GSTP1;RPS27A;UBA52;COX7C;NDUFA4;PRDX5;COX6A1;COX4I1;COX7A2;COX6C;COX6B1;COX5B;TXN;COX8A;SKP1;UBB;PRDX1;BLVRB;COX7B;PRDX6;COX5A;TKT;PRDX2;SOD1;SEM1;PSMA7;SOD3;PSME1;UBC;PSMB1;RBX1;PSMB6;CAT;COX7A2L;TALDO1;P4HB;PSMD8;AREG;SQSTM1;ATF4;MAP1LC3B;CYCS;PSMB5;CSNK2B;PSMB2;PRDX3;PSMA4;PSMA3;TXNIP;PSME2;PSMC5;PSMA1;TXN2,ECM-high Epithelial,Reactome
prerank,REACTOME_TNF_SIGNALING,-0.7657744634073511,-1.3269810848501589,0.014198782961460446,0.1006013074335948,1.0,5/33,5.32%,RPS27A;UBA52;RACK1;UBB;UBC,ECM-high Epithelial,Reactome
prerank,REACTOME_INTERACTIONS_OF_VPR_WITH_HOST_CELLULAR_PROTEINS,-0.7715201661694744,-1.326922265709823,0.03125,0.09984263516098493,1.0,4/20,9.03%,SLC25A5;SLC25A6;SLC25A4;BANF1,ECM-high Epithelial,Reactome
prerank,REACTOME_ANTIGEN_PRESENTATION_FOLDING_ASSEMBLY_AND_PEPTIDE_LOADING_OF_CLASS_I_MHC,-0.7844614892045322,-1.32678909418982,0.027253668763102725,0.0992673828312227,1.0,9/18,14.04%,HLA-C;B2M;HLA-A;CALR;HSPA5;PDIA3;BCAP31;CANX;HLA-E,ECM-high Epithelial,Reactome
prerank,REACTOME_RECYCLING_PATHWAY_OF_L1,-0.7546161629960734,-1.3266686642053873,0.03285420944558522,0.09864017371103638,1.0,8/22,13.89%,ACTG1;ACTB;CLTA;TUBB4B;AP2S1;TUBA1B;TUBA1C;AP2M1,ECM-high Epithelial,Reactome
prerank,REACTOME_NUCLEOTIDE_BINDING_DOMAIN_LEUCINE_RICH_REPEAT_CONTAINING_RECEPTOR_NLR_SIGNALING_PATHWAYS,-0.754933711901465,-1.3265112792242422,0.014084507042253521,0.09806910845757058,1.0,6/33,7.08%,RPS27A;UBA52;TXN;UBB;UBC;HSP90AB1,ECM-high Epithelial,Reactome
prerank,REACTOME_SEMA4D_INDUCED_CELL_MIGRATION_AND_GROWTH_CONE_COLLAPSE,-0.7824915892183094,-1.3264496078415524,0.052742616033755275,0.09737120026646946,1.0,4/17,8.98%,MYL12B;MYL6;RHOA;RHOB,ECM-high Epithelial,Reactome
prerank,REACTOME_NEGATIVE_REGULATION_OF_MAPK_PATHWAY,-0.7701700377293339,-1.325480188125246,0.01026694045174538,0.0985760024896806,1.0,7/27,8.22%,RPS27A;UBA52;PEBP1;UBB;UBC;YWHAB;DUSP1,ECM-high Epithelial,Reactome
prerank,REACTOME_INTERLEUKIN_3_INTERLEUKIN_5_AND_GM_CSF_SIGNALING,-0.7473357428729436,-1.3252612432801087,0.012195121951219513,0.09824261719706824,1.0,4/29,5.32%,RPS27A;UBA52;UBB;UBC,ECM-high Epithelial,Reactome
prerank,REACTOME_FLT3_SIGNALING,-0.7553613699514866,-1.3246452080374551,0.02434077079107505,0.09837245587878368,1.0,4/26,5.32%,RPS27A;UBA52;UBB;UBC,ECM-high Epithelial,Reactome
prerank,REACTOME_SEMA4D_IN_SEMAPHORIN_SIGNALING,-0.7670668494415434,-1.3245716475552378,0.03941908713692946,0.09773825621923815,1.0,5/21,8.98%,MYL12B;MYL6;RHOA;RAC1;RHOB,ECM-high Epithelial,Reactome
prerank,REACTOME_SNRNP_ASSEMBLY,-0.7444414565614006,-1.3217146701305258,0.0326530612244898,0.10170806160411947,1.0,7/28,10.94%,SNRPD2;SNRPG;SNRPF;SNRPD3;SNRPE;SNRPB;SNRPD1,ECM-high Epithelial,Reactome
prerank,REACTOME_HOST_INTERACTIONS_OF_HIV_FACTORS,-0.7294496555414195,-1.3215469698384565,0.0,0.10114425860753788,1.0,35/98,13.89%,RPS27A;UBA52;PPIA;SLC25A5;SLC25A6;NPM1;ELOB;SKP1;UBB;B2M;SEM1;PSMA7;PSME1;UBC;RAN;PSMB1;RBX1;HLA-A;PSMB6;ARF1;SLC25A4;RAC1;PSMD8;AP2S1;BANF1;ELOC;PSMB5;PSMB2;PSMA4;PSMA3;PSME2;PSMC5;RANBP1;PSMA1;AP2M1,ECM-high Epithelial,Reactome
prerank,REACTOME_RESPIRATORY_SYNCYTIAL_VIRUS_RSV_GENOME_REPLICATION_TRANSCRIPTION_AND_TRANSLATION,-0.7883234081248608,-1.3213315561032213,0.07264957264957266,0.10081819889804808,1.0,8/16,10.97%,SPCS1;SEC11C;SEC11A;HSPA8;HSP90AB1;PPP1CA;SPCS2;CSNK2B,ECM-high Epithelial,Reactome
prerank,REACTOME_TERMINATION_OF_TRANSLESION_DNA_SYNTHESIS,-0.7747699099837589,-1.3199701666106582,0.05919661733615222,0.10286897925762736,1.0,4/17,5.32%,RPS27A;UBA52;UBB;UBC,ECM-high Epithelial,Reactome
prerank,REACTOME_SMOOTH_MUSCLE_CONTRACTION,-0.7567593100875467,-1.3198288588994191,0.026584867075664622,0.10245016702526169,1.0,5/25,7.59%,MYL12B;MYL6;MYL12A;CALM1;ALDH2,ECM-high Epithelial,Reactome
prerank,REACTOME_BUDDING_AND_MATURATION_OF_HIV_VIRION,-0.7675440007657509,-1.319045200413938,0.0205761316872428,0.1031427008898317,1.0,7/25,8.13%,RPS27A;UBA52;PPIA;UBB;UBC;VPS28;CHMP2A,ECM-high Epithelial,Reactome
prerank,REACTOME_MICRORNA_MIRNA_BIOGENESIS,-0.7767956426593121,-1.317388334939993,0.04365904365904366,0.10560173969127597,1.0,8/19,10.91%,POLR2L;RAN;POLR2I;POLR2C;POLR2K;POLR2E;POLR2J;POLR2F,ECM-high Epithelial,Reactome
prerank,REACTOME_RHO_GTPASES_ACTIVATE_PAKS,-0.784484665407612,-1.3173867862028195,0.049145299145299144,0.10481366700701272,1.0,4/16,7.40%,MYL12B;MYL6;CALM1;RAC1,ECM-high Epithelial,Reactome
prerank,REACTOME_DNA_DOUBLE_STRAND_BREAK_RESPONSE,-0.7562629555065259,-1.3167198680641663,0.024390243902439025,0.10521344998824975,1.0,6/27,9.94%,RPS27A;UBA52;UBB;UBC;UBXN1;SUMO1,ECM-high Epithelial,Reactome
prerank,REACTOME_DNA_DAMAGE_RECOGNITION_IN_GG_NER,-0.7523270063218973,-1.315476041502358,0.018329938900203666,0.10678846189146579,1.0,7/29,9.79%,RPS27A;UBA52;UBB;ACTB;UBC;RBX1;RAD23A,ECM-high Epithelial,Reactome
prerank,REACTOME_CYCLIN_D_ASSOCIATED_EVENTS_IN_G1,-0.7571876726234537,-1.315454373026082,0.02857142857142857,0.10606289150912238,1.0,5/29,5.32%,RPS27A;UBA52;SKP1;UBB;UBC,ECM-high Epithelial,Reactome
prerank,REACTOME_SIGNALING_BY_FGFR1,-0.7417493525289298,-1.315074777949449,0.02636916835699797,0.10620410556831081,1.0,4/29,5.32%,RPS27A;UBA52;UBB;UBC,ECM-high Epithelial,Reactome
prerank,REACTOME_DUAL_INCISION_IN_GG_NER,-0.7567989817410954,-1.3124799172636719,0.03497942386831276,0.11050085073233325,1.0,7/22,11.90%,RPS27A;UBA52;UBB;UBC;RBX1;POLE4;GTF2H5,ECM-high Epithelial,Reactome
prerank,REACTOME_SIGNALING_BY_FGFR2,-0.7353734423360919,-1.31099792297755,0.002008032128514056,0.11230960884058903,1.0,13/50,11.60%,RPS27A;UBA52;POLR2L;UBB;HNRNPA1;UBC;POLR2I;POLR2C;POLR2K;POLR2E;POLR2J;POLR2F;HNRNPF,ECM-high Epithelial,Reactome
prerank,REACTOME_REGULATION_OF_PLK1_ACTIVITY_AT_G2_M_TRANSITION,-0.7333748619007011,-1.310123866675292,0.012048192771084338,0.11317609313573244,1.0,9/45,10.36%,RPS27A;UBA52;SKP1;UBB;DYNLL1;UBC;TUBB4B;YWHAE;SSNA1,ECM-high Epithelial,Reactome
prerank,REACTOME_INHIBITION_OF_DNA_RECOMBINATION_AT_TELOMERE,-0.7641383322089795,-1.3096710557831497,0.07966457023060797,0.11332824798030582,1.0,7/17,10.91%,POLR2L;POLR2I;POLR2C;POLR2K;POLR2E;POLR2J;POLR2F,ECM-high Epithelial,Reactome
prerank,REACTOME_ION_CHANNEL_TRANSPORT,-0.728262320129489,-1.3079835894516818,0.004008016032064128,0.11618966831164743,1.0,14/64,9.66%,RPS27A;UBA52;ATP6V0E1;UBB;ATP6V1G1;CALM1;FXYD3;ATP6V0B;UBC;ATP1B1;ATP6V1F;ATP1A1;SRI;ATP6V0D1,ECM-high Epithelial,Reactome
prerank,REACTOME_AMINO_ACIDS_REGULATE_MTORC1,-0.735361600296233,-1.3051229228505106,0.0389344262295082,0.1209858939241589,1.0,12/29,15.47%,ATP6V0E1;ATP6V1G1;LAMTOR5;LAMTOR4;ATP6V0B;ATP6V1F;LAMTOR1;ATP6V0D1;LAMTOR2;RHEB;ATP6V1E1;ATP6V0C,ECM-high Epithelial,Reactome
prerank,REACTOME_TRANSCRIPTIONAL_ACTIVITY_OF_SMAD2_SMAD3_SMAD4_HETEROTRIMER,-0.7500976480947408,-1.304737493274175,0.010101010101010102,0.12096644025686612,1.0,6/42,6.12%,RPS27A;UBA52;UBB;YBX1;UBC;JUNB,ECM-high Epithelial,Reactome
prerank,REACTOME_SIGNALING_BY_ALK_IN_CANCER,-0.7260394826016698,-1.3033766302983814,0.008016032064128256,0.1227935829557712,1.0,12/60,10.17%,RPS6;RPS27A;UBA52;NPM1;SKP1;UBB;JUN;UBC;RBX1;JUNB;SQSTM1;PRKAR1A,ECM-high Epithelial,Reactome
prerank,REACTOME_B_WICH_COMPLEX_POSITIVELY_REGULATES_RRNA_EXPRESSION,-0.7574584787310412,-1.3030908116034574,0.060291060291060294,0.1225360155504246,1.0,10/18,17.98%,POLR2L;ACTB;POLR1D;POLR2K;POLR2E;POLR2F;DEK;DDX21;POLR2H;SMARCA5,ECM-high Epithelial,Reactome
prerank,REACTOME_REGULATION_OF_TP53_EXPRESSION_AND_DEGRADATION,-0.7563424004248638,-1.3024374568067472,0.047325102880658436,0.12298054009073044,1.0,4/23,5.32%,RPS27A;UBA52;UBB;UBC,ECM-high Epithelial,Reactome
prerank,REACTOME_HIV_ELONGATION_ARREST_AND_RECOVERY,-0.7455163376297897,-1.3022896529515822,0.04048582995951417,0.12248973718203648,1.0,10/27,10.91%,POLR2L;ELOB;TCEA1;POLR2I;POLR2C;ELOC;POLR2K;POLR2E;POLR2J;POLR2F,ECM-high Epithelial,Reactome
prerank,REACTOME_ATTENUATION_PHASE,-0.7586193979326954,-1.3008669326015614,0.052742616033755275,0.1245780312749211,1.0,8/18,18.43%,UBB;HSBP1;HSPB1;HSPA8;HSP90AB1;MRPL18;DNAJB1;PTGES3,ECM-high Epithelial,Reactome
prerank,REACTOME_TP53_REGULATES_TRANSCRIPTION_OF_DNA_REPAIR_GENES,-0.7397268374208699,-1.300695059122939,0.018072289156626505,0.12422987785738249,1.0,13/40,11.90%,POLR2L;ELOB;FOS;JUN;TCEA1;POLR2I;POLR2C;ELOC;POLR2K;POLR2E;POLR2J;POLR2F;GTF2H5,ECM-high Epithelial,Reactome
prerank,REACTOME_MITOCHONDRIAL_PROTEIN_IMPORT,-0.7160574461601908,-1.296674022430936,0.012,0.13185467645657956,1.0,24/50,18.09%,SLC25A6;TOMM7;CHCHD2;COX17;TOMM20;ATP5F1B;ATP5F1A;SLC25A4;ATP5MC1;TIMM13;CHCHD10;CHCHD5;CYC1;TIMM8B;DNAJC19;VDAC1;TOMM22;CHCHD7;TOMM5;NDUFB8;COA4;TIMM17B;TIMM10;HSPD1,ECM-high Epithelial,Reactome
prerank,REACTOME_RHO_GTPASES_ACTIVATE_PKNS,-0.73860787339098,-1.2961617933905414,0.03469387755102041,0.13212722764637216,1.0,9/27,12.76%,MYL12B;MYL6;RHOA;YWHAB;RAC1;YWHAE;RHOB;SFN;YWHAQ,ECM-high Epithelial,Reactome
prerank,REACTOME_SELECTIVE_AUTOPHAGY,-0.7232590904151136,-1.2945016953526332,0.004,0.13502186416613793,1.0,20/62,14.40%,RPS27A;UBA52;TOMM7;UBB;PARK7;DYNLL1;UBC;TOMM20;TUBB4B;HSPA8;SQSTM1;MAP1LC3B;TUBA1B;VDAC2;TUBA1C;MAP1LC3A;CSNK2B;VDAC1;TOMM22;TOMM5,ECM-high Epithelial,Reactome
prerank,REACTOME_EPH_EPHRIN_SIGNALING,-0.7182016759770781,-1.2944668478950208,0.004,0.13423413800469985,1.0,19/57,14.57%,MYL12B;MYL6;MYL12A;ACTG1;CFL1;ACTB;CLTA;RHOA;ARPC3;ARPC2;RAC1;AP2S1;ARPC1B;EFNA1;ARPC5;APH1A;CDC42;AP2M1;CLTB,ECM-high Epithelial,Reactome
prerank,REACTOME_PROTEIN_LOCALIZATION,-0.7155924543438508,-1.291642093143247,0.0,0.13961094382196287,1.0,45/105,19.13%,RPS27A;UBA52;CYB5A;SLC25A6;TOMM7;CHCHD2;SEC61B;SERP1;SEC61G;UBB;COX17;FIS1;ECH1;UBC;TOMM20;ATP5F1B;CAT;ATP5F1A;SLC25A4;ATP5MC1;TIMM13;SCP2;CHCHD10;VAPA;CHCHD5;CYC1;TIMM8B;GSTK1;DNAJC19;VDAC1;TOMM22;VAMP2;CHCHD7;EMD;TOMM5;NDUFB8;COA4;TIMM17B;TIMM10;PXMP4;HSD17B4;IDH1;HSPD1;CAMLG;ACAA1,ECM-high Epithelial,Reactome
prerank,REACTOME_RNA_POLYMERASE_I_PROMOTER_ESCAPE,-0.7662575498988299,-1.2897791084903518,0.04722792607802875,0.14273188359547415,1.0,8/17,17.55%,POLR2L;POLR1D;POLR2K;POLR2E;POLR2F;GTF2H5;CBX3;POLR2H,ECM-high Epithelial,Reactome
prerank,REACTOME_FGFR2_ALTERNATIVE_SPLICING,-0.7422735331185157,-1.2880501974360434,0.049281314168377825,0.14578994653795865,1.0,9/26,11.60%,POLR2L;HNRNPA1;POLR2I;POLR2C;POLR2K;POLR2E;POLR2J;POLR2F;HNRNPF,ECM-high Epithelial,Reactome
prerank,REACTOME_MITOCHONDRIAL_PROTEIN_DEGRADATION,-0.7140335348732535,-1.2855868265222499,0.0,0.15052813964396858,1.0,36/80,18.95%,SLC25A5;UQCRQ;COX4I1;SLC25A6;ATP5MG;CHCHD2;COX5B;SMDT1;ATP5PF;COX5A;ATP5PD;ECH1;NDUFA2;NDUFA13;ATP5F1B;ATP5F1A;MDH2;ALDH2;PRELID1;ATP5F1C;NDUFB6;SSBP1;MT-ND1;MT-ND5;ATP5PO;CLPP;ACAT1;MT-ND2;NDUFV3;NDUFV1;NDUFS3;TIMM10;HSPD1;MRPL32;MT-ATP6;HSD17B10,ECM-high Epithelial,Reactome
prerank,REACTOME_NOTCH1_INTRACELLULAR_DOMAIN_REGULATES_TRANSCRIPTION,-0.7253801595430619,-1.285270852173952,0.03024193548387097,0.15045280590132104,1.0,6/34,6.05%,RPS27A;UBA52;SKP1;UBB;UBC;RBX1,ECM-high Epithelial,Reactome
prerank,REACTOME_PLASMA_LIPOPROTEIN_ASSEMBLY_REMODELING_AND_CLEARANCE,-0.7289545400287276,-1.283436540362149,0.018218623481781375,0.15334859082814514,1.0,9/34,8.62%,NPC2;RPS27A;UBA52;UBB;CLTA;UBC;APOC1;P4HB;AP2S1,ECM-high Epithelial,Reactome
prerank,REACTOME_UPTAKE_AND_ACTIONS_OF_BACTERIAL_TOXINS,-0.7599127904805437,-1.2830581451806258,0.0824295010845987,0.15337074791930727,1.0,4/15,7.08%,EEF2;CALM1;CD9;HSP90AB1,ECM-high Epithelial,Reactome
prerank,REACTOME_RIPK1_MEDIATED_REGULATED_NECROSIS,-0.7462277240205147,-1.2825891797007136,0.0778688524590164,0.15368713975056386,1.0,4/21,5.32%,RPS27A;UBA52;UBB;UBC,ECM-high Epithelial,Reactome
prerank,REACTOME_RND1_GTPASE_CYCLE,0.36985937094130983,1.2825252949463206,0.1,0.216805512701841,0.784,2/27,0.31%,DST;RASAL2,ECM-high Epithelial,Reactome
prerank,REACTOME_SIGNALING_BY_NOTCH3,-0.7460247508089931,-1.2819419623696802,0.0389344262295082,0.1544049650692062,1.0,5/25,5.32%,RPS27A;UBA52;UBB;YBX1;UBC,ECM-high Epithelial,Reactome
prerank,REACTOME_GLUTATHIONE_CONJUGATION,-0.7692769544081395,-1.2814378014384435,0.05982905982905983,0.1548679121578813,1.0,11/16,20.50%,GSTP1;MGST1;MGST3;ESD;GSTA4;GSTK1;AKR1A1;GSTO1;CNDP2;GGCT;MGST2,ECM-high Epithelial,Reactome
prerank,REACTOME_HIV_TRANSCRIPTION_ELONGATION,-0.7278674736520204,-1.2809411243765971,0.05432595573440644,0.15514732206451412,1.0,11/32,11.90%,POLR2L;ELOB;TCEA1;POLR2I;POLR2C;ELOC;POLR2K;POLR2E;POLR2J;POLR2F;GTF2H5,ECM-high Epithelial,Reactome
prerank,REACTOME_RNA_POLYMERASE_III_TRANSCRIPTION_INITIATION_FROM_TYPE_1_PROMOTER,-0.7632713180650267,-1.28059983782098,0.07488986784140969,0.1550253745136197,1.0,9/15,19.67%,POLR2L;POLR1D;POLR2K;POLR2E;POLR2F;GTF3C6;GTF3A;POLR2H;POLR3H,ECM-high Epithelial,Reactome
prerank,REACTOME_HSF1_ACTIVATION,-0.736620860607683,-1.2803212485853608,0.06846473029045644,0.15482794830771668,1.0,10/21,20.45%,EEF1A1;UBB;HSBP1;HSPB1;HSP90AB1;YWHAE;MRPL18;DNAJB1;PTGES3;VCP,ECM-high Epithelial,Reactome
prerank,REACTOME_RECOGNITION_OF_DNA_DAMAGE_BY_PCNA_CONTAINING_REPLICATION_COMPLEX,-0.7562168490447542,-1.280081935385967,0.05439330543933055,0.1546000834200326,1.0,5/18,6.05%,RPS27A;UBA52;UBB;UBC;RBX1,ECM-high Epithelial,Reactome
prerank,REACTOME_N_GLYCAN_TRIMMING_IN_THE_ER_AND_CALNEXIN_CALRETICULIN_CYCLE,-0.7322542794735805,-1.2795690418472905,0.04878048780487805,0.15486363367509898,1.0,12/28,20.45%,RPS27A;UBA52;UBB;UBC;CALR;UBXN1;PDIA3;CANX;MLEC;PRKCSH;OS9;VCP,ECM-high Epithelial,Reactome
prerank,REACTOME_SYNDECAN_INTERACTIONS,0.38695507902514553,1.27945558568183,0.10526315789473684,0.21453865086141946,0.786,10/20,12.22%,FN1;COL3A1;COL1A2;COL5A2;COL1A1;PRKCA;ITGA2;ITGAV;COL5A1;THBS1,ECM-high Epithelial,Reactome
prerank,REACTOME_SIGNALING_BY_FGFR2_IIIA_TM,-0.7593663462741295,-1.2788372904302845,0.09071729957805907,0.15570715301133806,1.0,7/16,10.91%,POLR2L;POLR2I;POLR2C;POLR2K;POLR2E;POLR2J;POLR2F,ECM-high Epithelial,Reactome
prerank,REACTOME_TOLL_LIKE_RECEPTOR_CASCADES,-0.7135986837789536,-1.2777998199760694,0.006,0.15734594968564616,1.0,12/90,5.32%,SFTPA2;RPS27A;UBA52;SFTPD;SFTPA1;SKP1;UBB;FOS;NFKBIA;HMGB1;JUN;UBC,ECM-high Epithelial,Reactome
prerank,REACTOME_CARGO_CONCENTRATION_IN_THE_ER,-0.7345571792598299,-1.276555418559031,0.08641975308641975,0.1597448879074487,1.0,8/22,11.47%,SERPINA1;FOLR1;CD59;TMED2;AREG;TMED10;LMAN2;CNIH1,ECM-high Epithelial,Reactome
prerank,REACTOME_PHASE_II_CONJUGATION_OF_COMPOUNDS,-0.7237661723108408,-1.2753322653487629,0.03643724696356275,0.16169180847667772,1.0,18/36,20.50%,GSTP1;MGST1;TRMT112;MGST3;ESD;COMT;GSTA4;GSTK1;AKR1A1;ABHD14B;GSTO1;NNMT;AHCY;SULT1A1;MTRR;CNDP2;GGCT;MGST2,ECM-high Epithelial,Reactome
prerank,REACTOME_TRANSCRIPTION_COUPLED_NUCLEOTIDE_EXCISION_REPAIR_TC_NER,-0.7189132835672651,-1.2742152083992013,0.014028056112224449,0.16322611163670767,1.0,15/51,11.90%,RPS27A;UBA52;POLR2L;UBB;UBC;RBX1;TCEA1;POLR2I;POLR2C;POLR2K;POLR2E;POLR2J;POLR2F;POLE4;GTF2H5,ECM-high Epithelial,Reactome
prerank,REACTOME_NUCLEAR_EVENTS_MEDIATED_BY_NFE2L2,-0.7045970487165778,-1.2729949037836426,0.004,0.16539339119498445,1.0,27/80,13.64%,RPS27A;UBA52;TXN;SKP1;UBB;PRDX1;TKT;SEM1;PSMA7;SOD3;PSME1;UBC;PSMB1;RBX1;PSMB6;TALDO1;PSMD8;AREG;SQSTM1;ATF4;PSMB5;PSMB2;PSMA4;PSMA3;PSME2;PSMC5;PSMA1,ECM-high Epithelial,Reactome
prerank,REACTOME_RNA_POLYMERASE_I_TRANSCRIPTION_TERMINATION,-0.7549812124408474,-1.2719213186364355,0.06860706860706861,0.16718151948232832,1.0,6/17,11.90%,POLR2L;POLR1D;POLR2K;POLR2E;POLR2F;GTF2H5,ECM-high Epithelial,Reactome
prerank,REACTOME_NEF_MEDIATES_DOWN_MODULATION_OF_CELL_SURFACE_RECEPTORS_BY_RECRUITING_THEM_TO_CLATHRIN_ADAPTERS,-0.7309647792167513,-1.2717429160959306,0.13537117903930132,0.16675055681109405,1.0,5/16,13.89%,B2M;HLA-A;ARF1;AP2S1;AP2M1,ECM-high Epithelial,Reactome
prerank,REACTOME_ANTIGEN_PROCESSING_CROSS_PRESENTATION,-0.7127646295850718,-1.2716047895178357,0.006012024048096192,0.16625220652086117,1.0,28/72,14.42%,RPS27A;UBA52;SEC61B;SEC61G;UBB;VAMP8;HLA-C;B2M;HMGB1;SEM1;PSMA7;PSME1;UBC;PSMB1;HLA-A;PSMB6;CALR;PSMD8;PSMB5;PDIA3;PSMB2;PSMA4;PSMA3;PSME2;PSMC5;PSMA1;HLA-E;S100A9,ECM-high Epithelial,Reactome
prerank,REACTOME_FGFR2_MUTANT_RECEPTOR_ACTIVATION,-0.7569123023122875,-1.2715371309393029,0.08668076109936575,0.16554398830368802,1.0,7/17,10.91%,POLR2L;POLR2I;POLR2C;POLR2K;POLR2E;POLR2J;POLR2F,ECM-high Epithelial,Reactome
prerank,REACTOME_TRANSCRIPTIONAL_REGULATION_BY_TP53,-0.6959047729817359,-1.270829025068592,0.0,0.16613908683176443,1.0,48/208,12.76%,RPS27A;UBA52;COX7C;NDUFA4;PRDX5;COX6A1;POLR2L;COX4I1;COX7A2;COX6C;NPM1;COX6B1;COX5B;TXN;COX8A;ELOB;UBB;PRDX1;COX7B;COX5A;FOS;LAMTOR5;LAMTOR4;PRDX2;JUN;UBC;YWHAB;LAMTOR1;TMEM219;COX7A2L;TCEA1;YWHAE;PRELID1;CYCS;POLR2I;POLR2C;ELOC;POLR2K;POLR2E;POLR2J;POLR2F;CSNK2B;SFN;LAMTOR2;GTF2H5;PERP;BNIP3L;YWHAQ,ECM-high Epithelial,Reactome
prerank,REACTOME_DOWNREGULATION_OF_ERBB2_SIGNALING,-0.7475688723486846,-1.2703701929995186,0.081419624217119,0.1662609910113464,1.0,4/21,5.32%,RPS27A;UBA52;UBB;UBC,ECM-high Epithelial,Reactome
prerank,REACTOME_MTORC1_MEDIATED_SIGNALLING,-0.7441063573580864,-1.2699154850952143,0.07547169811320754,0.16657325835658593,1.0,9/20,13.45%,RPS6;LAMTOR5;LAMTOR4;YWHAB;LAMTOR1;EIF4B;FKBP1A;LAMTOR2;RHEB,ECM-high Epithelial,Reactome
prerank,REACTOME_VIRAL_MESSENGER_RNA_SYNTHESIS,-0.7316043703886888,-1.268300305127298,0.05165289256198347,0.16963155750494088,1.0,11/26,21.20%,POLR2L;POLR2I;POLR2C;POLR2K;POLR2E;POLR2J;POLR2F;POLR2H;SEC13;POLR2G;NUP58,ECM-high Epithelial,Reactome
prerank,REACTOME_TRANSCRIPTIONAL_REGULATION_BY_SMALL_RNAS,-0.7292970420652718,-1.2676541570311146,0.0577319587628866,0.17047113859117605,1.0,12/28,21.20%,POLR2L;RAN;POLR2I;POLR2C;POLR2K;POLR2E;POLR2J;POLR2F;POLR2H;SEC13;POLR2G;NUP58,ECM-high Epithelial,Reactome
prerank,REACTOME_DOWNSTREAM_SIGNALING_EVENTS_OF_B_CELL_RECEPTOR_BCR,-0.7092662043835711,-1.2669217720863122,0.014028056112224449,0.1713513244473873,1.0,22/68,13.64%,RPS27A;UBA52;PPIA;SKP1;UBB;CALM1;NFKBIA;SEM1;PSMA7;PSME1;UBC;PSMB1;PSMB6;PSMD8;PSMB5;PSMB2;FKBP1A;PSMA4;PSMA3;PSME2;PSMC5;PSMA1,ECM-high Epithelial,Reactome
prerank,REACTOME_PROCESSING_OF_CAPPED_INTRONLESS_PRE_MRNA,-0.7359165396662468,-1.2658277497919963,0.10548523206751055,0.17331804637152212,1.0,5/19,10.26%,SNRPG;SNRPF;SNRPD3;SNRPE;SNRPB,ECM-high Epithelial,Reactome
prerank,REACTOME_ION_TRANSPORT_BY_P_TYPE_ATPASES,-0.7281563679926311,-1.265043181090373,0.06391752577319587,0.17432103897598497,1.0,5/23,7.94%,CALM1;FXYD3;ATP1B1;ATP1A1;SRI,ECM-high Epithelial,Reactome
prerank,REACTOME_HDR_THROUGH_HOMOLOGOUS_RECOMBINATION_HRR,-0.7276536119734827,-1.2640409915855817,0.061601642710472276,0.17585070966541788,1.0,5/26,5.32%,RPS27A;UBA52;UBB;SEM1;UBC,ECM-high Epithelial,Reactome
prerank,REACTOME_GLUCAGON_LIKE_PEPTIDE_1_GLP1_REGULATES_INSULIN_SECRETION,-0.7507531038597809,-1.2639055506753156,0.11228813559322035,0.175226422910367,1.0,4/15,10.56%,GNG5;GNB2;PRKAR1A;GNAS,ECM-high Epithelial,Reactome
prerank,REACTOME_FORMATION_OF_INCISION_COMPLEX_IN_GG_NER,-0.728215765232084,-1.2639052753881368,0.03621730382293763,0.17430900708361116,1.0,10/31,14.36%,RPS27A;UBA52;UBB;SUMO2;UBC;RBX1;RAD23A;SUMO1;GTF2H5;SUMO3,ECM-high Epithelial,Reactome
prerank,REACTOME_TRANSLESION_SYNTHESIS_BY_Y_FAMILY_DNA_POLYMERASES_BYPASSES_LESIONS_ON_DNA_TEMPLATE,-0.7208965905824887,-1.2630698475534217,0.10612244897959183,0.17553596659269788,1.0,4/23,5.32%,RPS27A;UBA52;UBB;UBC,ECM-high Epithelial,Reactome
prerank,REACTOME_DOWNREGULATION_OF_TGF_BETA_RECEPTOR_SIGNALING,-0.7398108972616805,-1.2629417954806172,0.06570841889117043,0.17490388161786807,1.0,6/22,11.00%,RPS27A;UBA52;UBB;UBC;PPP1CA;STUB1,ECM-high Epithelial,Reactome
prerank,REACTOME_AUTOPHAGY,-0.6941016788522428,-1.2622965458813713,0.0,0.1759152652456036,1.0,33/111,15.05%,RPS27A;UBA52;RNASE1;TOMM7;EEF1A1;UBB;LAMTOR5;PARK7;LAMTOR4;DYNLL1;UBC;TOMM20;TUBB4B;GABARAPL2;HSPA8;LAMTOR1;GABARAP;VPS28;HSP90AB1;CHMP2A;SQSTM1;MAP1LC3B;TUBA1B;VDAC2;TUBA1C;MAP1LC3A;CSNK2B;LAMTOR2;VDAC1;RHEB;TOMM22;TOMM5;CHMP4B,ECM-high Epithelial,Reactome
prerank,REACTOME_SIGNALING_BY_FGFR,-0.7024550600910564,-1.2606156045399282,0.014,0.17933070708633272,1.0,13/58,11.60%,RPS27A;UBA52;POLR2L;UBB;HNRNPA1;UBC;POLR2I;POLR2C;POLR2K;POLR2E;POLR2J;POLR2F;HNRNPF,ECM-high Epithelial,Reactome
prerank,REACTOME_MRNA_CAPPING,-0.7359343261590284,-1.2580616934341606,0.08713692946058091,0.1850568900282973,1.0,8/23,11.90%,POLR2L;POLR2I;POLR2C;POLR2K;POLR2E;POLR2J;POLR2F;GTF2H5,ECM-high Epithelial,Reactome
prerank,REACTOME_RESPONSE_TO_ELEVATED_PLATELET_CYTOSOLIC_CA2,-0.6924134136860755,-1.2562711070608248,0.01603206412825651,0.18905668168042639,1.0,16/69,9.82%,PPIA;CD63;SERPINA1;PFN1;TMSB4X;SELENOP;ALDOA;CFL1;CALM1;SOD1;CD9;TAGLN2;ANXA5;HSPA5;APLP2;LGALS3BP,ECM-high Epithelial,Reactome
prerank,REACTOME_NEUTROPHIL_DEGRANULATION,-0.6864111758507832,-1.2560007222012164,0.0,0.18879189243427655,1.0,86/271,16.98%,SLPI;NPC2;GSTP1;PPIA;CST3;CTSH;FABP5;CSTB;S100A11;SRP14;CD63;FTH1;EEF2;SERPINA1;EEF1A1;MGST1;MIF;VAMP8;PIGR;ALDOA;PRDX6;FTL;APRT;HLA-C;BRI3;LGALS3;CD59;ASAH1;B2M;AGPAT2;HMGB1;DYNLL1;RHOA;TRAPPC1;TUBB4B;PSMB1;HSPA8;CAT;LAMTOR1;HSP90AB1;LPCAT1;RAC1;DYNLT1;NDUFC2;C3;LTA4H;VAPA;CREG1;SERPINB1;PA2G4;TMEM179B;CSNK2B;CPNE3;NME2;IMPDH2;CYB5R3;PGRMC1;ARPC5;LAMTOR2;MVP;PRDX4;DPP7;XRCC6;PGAM1;RAB5C;CNN2;PDAP1;CCT8;S100A9;RAB14;MLEC;HEBP2;CTSD;GDI2;LAMP1;QSOX1;ILF2;ATP6V0C;YPEL5;DDOST;GRN;SURF4;CD47;ATP6AP2;SVIP;PSMC3,ECM-high Epithelial,Reactome
prerank,REACTOME_SWITCHING_OF_ORIGINS_TO_A_POST_REPLICATIVE_STATE,-0.7047461719584099,-1.2548682359519925,0.01603206412825651,0.19080288408513912,1.0,21/61,13.64%,RPS27A;UBA52;SKP1;UBB;ANAPC11;SEM1;PSMA7;ANAPC16;PSME1;UBC;PSMB1;RBX1;PSMB6;PSMD8;PSMB5;PSMB2;PSMA4;PSMA3;PSME2;PSMC5;PSMA1,ECM-high Epithelial,Reactome
prerank,REACTOME_EPH_EPHRIN_MEDIATED_REPULSION_OF_CELLS,-0.7116095142973332,-1.2545404271968066,0.09690721649484536,0.19086435109739605,1.0,9/25,14.57%,ACTG1;ACTB;CLTA;RAC1;AP2S1;EFNA1;APH1A;AP2M1;CLTB,ECM-high Epithelial,Reactome
prerank,REACTOME_TRAF6_MEDIATED_NF_KB_ACTIVATION,-0.7296502438570107,-1.2530609468052527,0.13390928725701945,0.1936533655704695,1.0,2/16,4.57%,NFKBIA;HMGB1,ECM-high Epithelial,Reactome
prerank,REACTOME_EPHB_MEDIATED_FORWARD_SIGNALING,-0.7033414349762622,-1.25215109916592,0.08024691358024691,0.19534535714935522,1.0,10/30,13.61%,ACTG1;CFL1;ACTB;RHOA;ARPC3;ARPC2;RAC1;ARPC1B;ARPC5;CDC42,ECM-high Epithelial,Reactome
prerank,REACTOME_NUCLEAR_IMPORT_OF_REV_PROTEIN,-0.7312453874379675,-1.2519455364986374,0.13118279569892474,0.19500153978249696,1.0,2/17,5.66%,NPM1;RAN,ECM-high Epithelial,Reactome
prerank,REACTOME_PKMTS_METHYLATE_HISTONE_LYSINES,0.4368780579973306,1.2511176932897896,0.3125,0.24137296289024152,0.828,9/23,14.69%,SMYD3;KMT2C;MECOM;ASH1L;SETD2;EHMT1;NSD1;AEBP2;KMT2A,ECM-high Epithelial,Reactome
prerank,REACTOME_GPER1_SIGNALING,-0.7344723758236662,-1.251035534648874,0.1257995735607676,0.1963626128652633,1.0,4/16,10.56%,GNG5;GNB2;PRKAR1A;GNAS,ECM-high Epithelial,Reactome
prerank,REACTOME_INTERFERON_GAMMA_SIGNALING,-0.7031181572671735,-1.250368516961427,0.026262626262626262,0.197161011466569,1.0,14/44,19.64%,HLA-DRA;YBX1;HLA-DRB1;HLA-C;B2M;HLA-A;HLA-DRB5;HLA-DQB1;SUMO1;HLA-E;SOCS3;MT2A;CD44;ICAM1,ECM-high Epithelial,Reactome
prerank,REACTOME_CELLULAR_SENESCENCE,-0.6931701144616094,-1.2487239638115135,0.004,0.20039849385128977,1.0,10/78,6.66%,RPS27A;UBA52;TXN;UBB;FOS;ANAPC11;JUN;ANAPC16;UBC;ID1,ECM-high Epithelial,Reactome
prerank,REACTOME_ORC1_REMOVAL_FROM_CHROMATIN,-0.7058832676887323,-1.2476236705934256,0.02404809619238477,0.20240056803192316,1.0,19/50,13.64%,RPS27A;UBA52;SKP1;UBB;SEM1;PSMA7;PSME1;UBC;PSMB1;RBX1;PSMB6;PSMD8;PSMB5;PSMB2;PSMA4;PSMA3;PSME2;PSMC5;PSMA1,ECM-high Epithelial,Reactome
prerank,REACTOME_TRANSPORT_OF_VITAMINS_NUCLEOSIDES_AND_RELATED_MOLECULES,-0.7420526670843338,-1.2470458710893075,0.1148936170212766,0.2031939289819781,1.0,4/15,11.93%,SLC25A5;SLC25A6;SLC25A4;ARL2,ECM-high Epithelial,Reactome
prerank,REACTOME_LYSOSOME_VESICLE_BIOGENESIS,-0.6975325569348545,-1.2467668189723409,0.09836065573770492,0.2030432818510464,1.0,8/25,14.57%,VAMP8;CLTA;ARF1;HSPA8;CHMP2A;BLOC1S1;VAMP2;CLTB,ECM-high Epithelial,Reactome
prerank,REACTOME_EPHA_MEDIATED_GROWTH_CONE_COLLAPSE,-0.7377577570987076,-1.2461466091477131,0.1522198731501057,0.20375569006424382,1.0,4/15,11.14%,MYL12B;MYL6;RHOA;EFNA1,ECM-high Epithelial,Reactome
prerank,REACTOME_NEGATIVE_EPIGENETIC_REGULATION_OF_RRNA_EXPRESSION,-0.7106986172617606,-1.2457394896879987,0.07707910750507099,0.20376131530760824,1.0,9/26,17.98%,POLR2L;SAP18;POLR1D;POLR2K;POLR2E;POLR2F;GTF2H5;POLR2H;SMARCA5,ECM-high Epithelial,Reactome
prerank,REACTOME_MHC_CLASS_II_ANTIGEN_PRESENTATION,-0.6908487372264207,-1.245397572173412,0.022,0.20363625093469528,1.0,20/67,14.94%,CTSH;CD74;HLA-DRA;HLA-DRB1;CLTA;DYNLL1;TUBB4B;HLA-DRB5;ARF1;HLA-DQB1;AP2S1;HLA-DMA;TUBA1B;TUBA1C;LGMN;KIF22;CANX;DCTN3;AP2M1;CTSD,ECM-high Epithelial,Reactome
prerank,REACTOME_INSULIN_RECEPTOR_SIGNALLING_CASCADE,0.38802883317490683,1.244339920015717,0.15384615384615385,0.2437604991600672,0.834,9/24,17.35%,SOS1;GAB1;GAB2;PIK3CB;PDE3B;GRB10;FRS2;PIK3C3;PIK3R1,ECM-high Epithelial,Reactome
prerank,REACTOME_ENDOSOMAL_SORTING_COMPLEX_REQUIRED_FOR_TRANSPORT_ESCRT,-0.7148836654805788,-1.2430676000718477,0.10728744939271255,0.20883464512326202,1.0,9/28,16.20%,RPS27A;UBA52;UBB;UBC;VPS28;CHMP2A;CHMP4B;CHMP5;CHMP2B,ECM-high Epithelial,Reactome
prerank,REACTOME_POSITIVE_EPIGENETIC_REGULATION_OF_RRNA_EXPRESSION,-0.7035408250221434,-1.2426095615250545,0.09090909090909091,0.20892861829942902,1.0,12/30,17.98%,POLR2L;ACTB;POLR1D;POLR2K;POLR2E;POLR2F;DEK;DDX21;CBX3;POLR2H;RBBP4;SMARCA5,ECM-high Epithelial,Reactome
prerank,REACTOME_PEROXISOMAL_PROTEIN_IMPORT,-0.7186675561287574,-1.2425891713002455,0.05220883534136546,0.20799120760738707,1.0,13/33,20.23%,RPS27A;UBA52;UBB;ECH1;UBC;CAT;SCP2;GSTK1;HSD17B4;IDH1;ACAA1;MPV17;PHYH,ECM-high Epithelial,Reactome
prerank,REACTOME_INTERCONVERSION_OF_NUCLEOTIDE_DI_AND_TRIPHOSPHATES,-0.7177116179279937,-1.2400205328262857,0.12240663900414937,0.21431103097827553,1.0,8/17,16.65%,TXN;AK1;GUK1;NME3;NME2;DUT;AK2;CMPK1,ECM-high Epithelial,Reactome
prerank,REACTOME_TRANSLATION_OF_SARS_COV_1_STRUCTURAL_PROTEINS,-0.717473155631259,-1.2387336185380318,0.10493827160493827,0.21705011602625995,1.0,8/23,17.76%,RPS27A;UBA52;UBB;UBC;SUMO1;CANX;UBE2I;PRKCSH,ECM-high Epithelial,Reactome
prerank,REACTOME_PCP_CE_PATHWAY,-0.6908451767663977,-1.2377708979625746,0.022,0.21911192781428326,1.0,24/64,14.57%,RPS27A;UBA52;UBB;PFN1;SEM1;CLTA;PSMA7;RHOA;PSME1;UBC;PSMB1;PSMB6;RAC1;PSMD8;AP2S1;PSMB5;PSMB2;PSMA4;PSMA3;PSME2;PSMC5;PSMA1;AP2M1;CLTB,ECM-high Epithelial,Reactome
prerank,REACTOME_SIGNALING_BY_NOTCH2,-0.7416509995584307,-1.2356026981761807,0.07261410788381743,0.22473797053566721,1.0,4/18,5.32%,RPS27A;UBA52;UBB;UBC,ECM-high Epithelial,Reactome
prerank,REACTOME_SIGNALING_BY_EGFR,-0.7042544049523538,-1.2354694922364764,0.046,0.22412766232415343,1.0,5/38,8.68%,RPS27A;UBA52;UBB;UBC;AREG,ECM-high Epithelial,Reactome
prerank,REACTOME_HIV_INFECTION,-0.678292829634988,-1.2345640031761318,0.002,0.22586211873776352,1.0,48/167,13.89%,RPS27A;UBA52;PPIA;SLC25A5;POLR2L;SLC25A6;NPM1;ELOB;SKP1;UBB;B2M;SEM1;PSMA7;PSME1;UBC;RAN;PSMB1;RBX1;HLA-A;PSMB6;ARF1;SLC25A4;VPS28;RAC1;TCEA1;PSMD8;CHMP2A;AP2S1;BANF1;POLR2I;POLR2C;ELOC;POLR2K;PSMB5;POLR2E;POLR2J;POLR2F;GTF2A2;PSMB2;PSMA4;GTF2H5;PSMA3;PSME2;PSMC5;RANBP1;XRCC6;PSMA1;AP2M1,ECM-high Epithelial,Reactome
prerank,REACTOME_SCF_BETA_TRCP_MEDIATED_DEGRADATION_OF_EMI1,-0.6978054493126042,-1.2333099378778705,0.0321285140562249,0.22846253035046762,1.0,18/48,13.64%,RPS27A;UBA52;SKP1;UBB;SEM1;PSMA7;PSME1;UBC;PSMB1;PSMB6;PSMD8;PSMB5;PSMB2;PSMA4;PSMA3;PSME2;PSMC5;PSMA1,ECM-high Epithelial,Reactome
prerank,REACTOME_SYNTHESIS_OF_PC,-0.735683125664137,-1.2323259944783889,0.13859275053304904,0.23056768803380465,1.0,4/17,10.97%,MFSD2A;LPCAT1;STARD10;CSNK2B,ECM-high Epithelial,Reactome
prerank,REACTOME_RNA_POLYMERASE_III_TRANSCRIPTION_INITIATION_FROM_TYPE_3_PROMOTER,-0.7396952898455119,-1.2315969268172189,0.13695652173913042,0.23187100797723478,1.0,7/15,19.67%,POLR2L;POLR1D;POLR2K;POLR2E;POLR2F;POLR2H;POLR3H,ECM-high Epithelial,Reactome
prerank,REACTOME_DNA_DAMAGE_BYPASS,-0.7024507014750458,-1.2315082955904806,0.10183299389002037,0.23112767703385229,1.0,5/28,6.05%,RPS27A;UBA52;UBB;UBC;RBX1,ECM-high Epithelial,Reactome
prerank,REACTOME_COMPLEMENT_CASCADE,-0.7225146594932156,-1.2307881277551342,0.13978494623655913,0.2321964061118743,1.0,7/17,17.34%,CD59;C2;C4BPA;CD81;C3;CPB2;SERPING1,ECM-high Epithelial,Reactome
prerank,REACTOME_THE_ROLE_OF_GTSE1_IN_G2_M_PROGRESSION_AFTER_G2_CHECKPOINT,-0.6960901140389788,-1.2291381050183918,0.03413654618473896,0.2360618151441589,1.0,21/54,13.64%,RPS27A;UBA52;UBB;SEM1;PSMA7;PSME1;UBC;TUBB4B;PSMB1;PSMB6;HSP90AB1;PSMD8;TUBA1B;PSMB5;TUBA1C;PSMB2;PSMA4;PSMA3;PSME2;PSMC5;PSMA1,ECM-high Epithelial,Reactome
prerank,REACTOME_SEMAPHORIN_INTERACTIONS,-0.6932533443398008,-1.2287648278228602,0.058704453441295545,0.23607109031550483,1.0,7/41,8.98%,MYL12B;MYL6;CFL1;RHOA;HSP90AB1;RAC1;RHOB,ECM-high Epithelial,Reactome
prerank,REACTOME_SCF_SKP2_MEDIATED_DEGRADATION_OF_P27_P21,-0.692871463974488,-1.2273431770133527,0.036,0.23991807060212225,1.0,34/51,26.02%,RPS27A;UBA52;SKP1;UBB;SEM1;PSMA7;PSME1;UBC;PSMB1;PSMB6;PSMD8;PSMB5;PSMB2;PSMA4;PSMA3;PSME2;PSMC5;PSMA1;CDK4;PSMB4;PSMC3;PSMA5;PSMB7;CCND1;PSMD4;PSMA2;PSMB8;PSMC1;PSMD3;PSMD6;PSMC4;PSMF1;CKS1B;PSMD13,ECM-high Epithelial,Reactome
prerank,REACTOME_CIRCADIAN_CLOCK,-0.6959968575403137,-1.2269743463605949,0.03206412825651302,0.23998274648258897,1.0,6/50,8.34%,RPS27A;UBA52;SKP1;UBB;UBC;PPP1CA,ECM-high Epithelial,Reactome
prerank,REACTOME_HEDGEHOG_OFF_STATE,-0.689287089431413,-1.2263696488990117,0.01002004008016032,0.24087011771211347,1.0,25/70,14.07%,RPS27A;UBA52;SKP1;UBB;SEM1;PSMA7;PSME1;UBC;TUBB4B;PSMB1;RBX1;PSMB6;PSMD8;TUBA1B;PSMB5;PRKAR1A;TUBA1C;GNAS;PSMB2;PSMA4;PSMA3;PSME2;PSMC5;PSMA1;IFT57,ECM-high Epithelial,Reactome
prerank,REACTOME_APC_C_MEDIATED_DEGRADATION_OF_CELL_CYCLE_PROTEINS,-0.6888675829710172,-1.2260727329211263,0.026052104208416832,0.2407311744296015,1.0,20/63,13.64%,RPS27A;UBA52;SKP1;UBB;ANAPC11;SEM1;PSMA7;ANAPC16;PSME1;UBC;PSMB1;PSMB6;PSMD8;PSMB5;PSMB2;PSMA4;PSMA3;PSME2;PSMC5;PSMA1,ECM-high Epithelial,Reactome
prerank,REACTOME_SIGNALING_BY_MODERATE_KINASE_ACTIVITY_BRAF_MUTANTS,-0.6931237938587417,-1.2258657263297768,0.11316872427983539,0.24036362307891143,1.0,5/30,6.41%,PEBP1;ACTG1;CALM1;ACTB;YWHAB,ECM-high Epithelial,Reactome
prerank,REACTOME_CELLULAR_RESPONSE_TO_HYPOXIA,-0.6860430461652058,-1.225591317134783,0.032,0.2400544452831128,1.0,32/62,22.94%,RPS27A;UBA52;ELOB;UBB;SEM1;PSMA7;PSME1;UBC;PSMB1;RBX1;PSMB6;CITED2;PSMD8;ELOC;PSMB5;PSMB2;PSMA4;PSMA3;PSME2;PSMC5;PSMA1;HIGD1A;PSMB4;PSMC3;EGLN2;PSMA5;PSMB7;PSMD4;PSMA2;PSMB8;UBE2D2;PSMC1,ECM-high Epithelial,Reactome
prerank,REACTOME_SYNTHESIS_OF_DNA,-0.6833969473978319,-1.225015904472402,0.03,0.24073784587101552,1.0,40/71,26.02%,RPS27A;UBA52;SKP1;UBB;ANAPC11;SEM1;PSMA7;ANAPC16;PSME1;UBC;PSMB1;RBX1;PSMB6;PSMD8;PSMB5;PSMB2;POLE4;PSMA4;PSMA3;PSME2;PSMC5;PSMA1;PSMB4;PSMC3;PSMA5;PSMB7;PSMD4;RFC1;POLD2;CDC26;POLD4;PSMA2;PSMB8;PSMC1;PSMD3;PSMD6;PSMC4;RPA3;PSMF1;PSMD13,ECM-high Epithelial,Reactome
prerank,REACTOME_AUF1_HNRNP_D0_BINDS_AND_DESTABILIZES_MRNA,-0.6956488749656645,-1.2246146604914345,0.04408817635270541,0.24091475530068715,1.0,20/51,13.64%,RPS27A;UBA52;UBB;SEM1;PSMA7;PSME1;UBC;PSMB1;PABPC1;HSPB1;PSMB6;HSPA8;PSMD8;PSMB5;PSMB2;PSMA4;PSMA3;PSME2;PSMC5;PSMA1,ECM-high Epithelial,Reactome
prerank,REACTOME_KEAP1_NFE2L2_PATHWAY,-0.6779830143960618,-1.2242426724490254,0.008,0.2408876208667425,1.0,29/99,13.64%,RPS27A;UBA52;TXN;SKP1;UBB;PRDX1;TKT;SEM1;PSMA7;SOD3;PSME1;UBC;PSMB1;RBX1;PSMB6;TALDO1;PSMD8;AREG;SQSTM1;ATF4;MAP1LC3B;PSMB5;CSNK2B;PSMB2;PSMA4;PSMA3;PSME2;PSMC5;PSMA1,ECM-high Epithelial,Reactome
prerank,REACTOME_HSF1_DEPENDENT_TRANSACTIVATION,-0.6991624853451958,-1.2239824282371892,0.11608961303462322,0.24054264922223526,1.0,8/24,18.43%,UBB;HSBP1;HSPB1;HSPA8;HSP90AB1;MRPL18;DNAJB1;PTGES3,ECM-high Epithelial,Reactome
prerank,REACTOME_G_PROTEIN_BETA_GAMMA_SIGNALLING,-0.7203184175552568,-1.2236077759593695,0.19181034482758622,0.24064090245769656,1.0,4/15,13.61%,GNG5;RHOA;GNB2;CDC42,ECM-high Epithelial,Reactome
prerank,REACTOME_DEGRADATION_OF_GLI1_BY_THE_PROTEASOME,-0.689869199905186,-1.223353683010909,0.04417670682730924,0.2404536943933983,1.0,19/51,13.64%,RPS27A;UBA52;SKP1;UBB;SEM1;PSMA7;PSME1;UBC;PSMB1;RBX1;PSMB6;PSMD8;PSMB5;PSMB2;PSMA4;PSMA3;PSME2;PSMC5;PSMA1,ECM-high Epithelial,Reactome
prerank,REACTOME_MTOR_SIGNALLING,-0.7001715376235539,-1.2231579576955218,0.09109311740890688,0.24012247864633696,1.0,9/30,13.45%,RPS6;LAMTOR5;LAMTOR4;YWHAB;LAMTOR1;EIF4B;FKBP1A;LAMTOR2;RHEB,ECM-high Epithelial,Reactome
prerank,REACTOME_SIGNALING_BY_NOTCH1_PEST_DOMAIN_MUTANTS_IN_CANCER,-0.6927379916194949,-1.2231007397291724,0.08617234468937876,0.23920653162207955,1.0,6/38,6.05%,RPS27A;UBA52;SKP1;UBB;UBC;RBX1,ECM-high Epithelial,Reactome
prerank,REACTOME_ABORTIVE_ELONGATION_OF_HIV_1_TRANSCRIPT_IN_THE_ABSENCE_OF_TAT,-0.7155082809320621,-1.2223488762055585,0.15384615384615385,0.24045597381300027,1.0,7/20,10.91%,POLR2L;POLR2I;POLR2C;POLR2K;POLR2E;POLR2J;POLR2F,ECM-high Epithelial,Reactome
prerank,REACTOME_DECTIN_1_MEDIATED_NONCANONICAL_NF_KB_SIGNALING,-0.6883430967588113,-1.2219760238500457,0.050200803212851405,0.2405071673352087,1.0,18/54,13.64%,RPS27A;UBA52;SKP1;UBB;SEM1;PSMA7;PSME1;UBC;PSMB1;PSMB6;PSMD8;PSMB5;PSMB2;PSMA4;PSMA3;PSME2;PSMC5;PSMA1,ECM-high Epithelial,Reactome
prerank,REACTOME_NEGATIVE_REGULATION_OF_NOTCH4_SIGNALING,-0.6918842087273479,-1.2217213538329694,0.04819277108433735,0.2402263571771762,1.0,34/50,26.02%,RPS27A;UBA52;SKP1;UBB;SEM1;PSMA7;PSME1;UBC;PSMB1;RBX1;PSMB6;PSMD8;PSMB5;PSMB2;PSMA4;PSMA3;PSME2;PSMC5;PSMA1;PSMB4;PSMC3;PSMA5;PSMB7;PSMD4;PSMA2;PSMB8;PSMC1;YWHAZ;AKT1;PSMD3;PSMD6;PSMC4;PSMF1;PSMD13,ECM-high Epithelial,Reactome
prerank,REACTOME_TCR_SIGNALING,-0.681006180883106,-1.220993748606161,0.018036072144288578,0.24123125445567414,1.0,23/84,13.64%,RPS27A;UBA52;HLA-DRA;SKP1;UBB;HLA-DRB1;NFKBIA;SEM1;PSMA7;PSME1;UBC;PSMB1;PSMB6;HLA-DRB5;HLA-DQB1;PSMD8;PSMB5;PSMB2;PSMA4;PSMA3;PSME2;PSMC5;PSMA1,ECM-high Epithelial,Reactome
prerank,REACTOME_SIGNALING_BY_PTK6,-0.6836361092224333,-1.2207867761760278,0.10344827586206896,0.2409049364188156,1.0,7/36,8.70%,RPS27A;UBA52;UBB;RHOA;UBC;RAC1;LRRK2,ECM-high Epithelial,Reactome
prerank,REACTOME_SIGNALING_BY_RETINOIC_ACID,-0.7172094859418509,-1.2200832738703427,0.19742489270386265,0.24200322177992575,1.0,2/16,3.77%,FABP5;SDR16C5,ECM-high Epithelial,Reactome
prerank,REACTOME_DNA_REPLICATION,-0.679937814392371,-1.219965361152714,0.03,0.2413724103445438,1.0,40/74,26.02%,RPS27A;UBA52;SKP1;UBB;ANAPC11;SEM1;PSMA7;ANAPC16;PSME1;UBC;PSMB1;RBX1;PSMB6;PSMD8;PSMB5;PSMB2;POLE4;PSMA4;PSMA3;PSME2;PSMC5;PSMA1;PSMB4;PSMC3;PSMA5;PSMB7;PSMD4;RFC1;POLD2;CDC26;POLD4;PSMA2;PSMB8;PSMC1;PSMD3;PSMD6;PSMC4;RPA3;PSMF1;PSMD13,ECM-high Epithelial,Reactome
prerank,REACTOME_SUMOYLATION_OF_SUMOYLATION_PROTEINS,-0.7138899631810115,-1.219008680355708,0.1740976645435244,0.2430360944488749,1.0,5/17,21.20%,SUMO2;SUMO1;UBE2I;SEC13;NUP58,ECM-high Epithelial,Reactome
prerank,REACTOME_HIV_TRANSCRIPTION_INITIATION,-0.6905731002023779,-1.2178719049809585,0.1016260162601626,0.24567956805626565,1.0,13/31,22.01%,POLR2L;POLR2I;POLR2C;POLR2K;POLR2E;POLR2J;POLR2F;GTF2A2;GTF2H5;POLR2H;TAF9;POLR2G;TAF10,ECM-high Epithelial,Reactome
prerank,REACTOME_DISEASES_OF_METABOLISM,-0.675834323616076,-1.21776237084236,0.012,0.24503435089926545,1.0,21/106,11.53%,SFTPC;SFTPA2;RPS27A;UBA52;SFTPD;SFTPA1;UBB;DCXR;MUC1;APRT;SLC34A2;UBC;SDC4;SFTA3;TALDO1;ABCA3;DPM3;DPM2;MMAB;MAOA;SFTPB,ECM-high Epithelial,Reactome
prerank,REACTOME_FORMATION_OF_THE_EARLY_ELONGATION_COMPLEX,-0.7064100922823143,-1.2174424421340808,0.147239263803681,0.24496345850419082,1.0,8/25,11.90%,POLR2L;POLR2I;POLR2C;POLR2K;POLR2E;POLR2J;POLR2F;GTF2H5,ECM-high Epithelial,Reactome
prerank,REACTOME_APC_C_CDH1_MEDIATED_DEGRADATION_OF_CDC20_AND_OTHER_APC_C_CDH1_TARGETED_PROTEINS_IN_LATE_MITOSIS_EARLY_G1,-0.6829724260583743,-1.2159050508856746,0.04408817635270541,0.24857124604162872,1.0,19/58,13.64%,RPS27A;UBA52;UBB;ANAPC11;SEM1;PSMA7;ANAPC16;PSME1;UBC;PSMB1;PSMB6;PSMD8;PSMB5;PSMB2;PSMA4;PSMA3;PSME2;PSMC5;PSMA1,ECM-high Epithelial,Reactome
prerank,REACTOME_THE_ROLE_OF_NEF_IN_HIV_1_REPLICATION_AND_DISEASE_PATHOGENESIS,-0.680121362229353,-1.2154300646878435,0.17584745762711865,0.24905903972490145,1.0,6/20,13.89%,B2M;HLA-A;ARF1;RAC1;AP2S1;AP2M1,ECM-high Epithelial,Reactome
prerank,REACTOME_DEGRADATION_OF_DVL,-0.6898789970514735,-1.2149787178835472,0.05220883534136546,0.2494925369374328,1.0,18/48,13.64%,RPS27A;UBA52;UBB;SEM1;PSMA7;PSME1;UBC;PSMB1;RBX1;PSMB6;PSMD8;PSMB5;PSMB2;PSMA4;PSMA3;PSME2;PSMC5;PSMA1,ECM-high Epithelial,Reactome
