gene,gene_ens,log2FC,pvalue,padj,mean_group,mean_ref,pct_group,pct_ref
SFTPB,ENSG00000168878,-0.3238,0.0,0.0,2.3548,2.9474,0.993,0.998
SFTPC,ENSG00000168484,-0.3999,0.0,0.0,2.3106,3.0487,0.947,0.972
MALAT1,ENSG00000251562,-0.4419,0.0,0.0,2.21,3.0021,0.944,0.994
SLPI,ENSG00000124107,-0.2966,3.0074048331136645e-295,3.2675453511779964e-292,2.1134,2.5957,0.942,0.928
MT-CO1,ENSG00000198804,-0.2493,1.345962220016033e-257,1.169910361637936e-254,2.2363,2.6581,0.95,0.945
SFTPA1,ENSG00000122852,-0.3048,6.813705799322805e-253,4.935394233976152e-250,2.1798,2.6926,0.929,0.941
RPL10,ENSG00000147403,-0.1756,4.938926841749846e-251,3.0663680077492614e-248,2.2617,2.5544,0.993,0.929
RPLP1,ENSG00000137818,-0.178,2.8578434377390757e-248,1.5525234475517529e-245,2.3088,2.6121,0.997,0.931
RPS12,ENSG00000112306,-0.1858,5.3343933373833035e-248,2.575919271585315e-245,2.2709,2.5831,0.987,0.929
SFTPA2,ENSG00000185303,-0.3057,2.3270344546354444e-247,1.0113291739845642e-244,2.143,2.6488,0.924,0.938
RPL11,ENSG00000142676,-0.1657,3.0331921055922405e-247,1.1983866264458072e-244,2.2043,2.4726,0.984,0.928
EEF1A1,ENSG00000156508,-0.1729,4.1304255429956105e-247,1.495902450821577e-244,2.3203,2.6157,0.999,0.932
RPS3,ENSG00000149273,-0.1753,3.117793167645166e-241,1.0423022389681455e-238,2.143,2.4199,0.972,0.923
MT-CO2,ENSG00000198712,-0.2225,7.587585097081062e-239,2.3554032022795927e-236,2.2312,2.6033,0.954,0.942
FTL,ENSG00000087086,-0.1846,1.2899867767637524e-237,3.737521687876845e-235,2.307,2.6219,0.993,0.93
FTH1,ENSG00000167996,-0.1433,7.460113586054465e-233,2.0263533528120438e-230,2.2402,2.4742,0.995,0.928
RPS14,ENSG00000164587,-0.1598,5.1663065936867045e-232,1.320751085656613e-229,2.1993,2.457,0.984,0.924
RPL13,ENSG00000167526,-0.1518,2.4689871643869763e-229,5.961232342458777e-227,2.2436,2.4926,0.994,0.927
RPS4X,ENSG00000198034,-0.178,4.6967579220645106e-229,1.0743215752259139e-226,2.1344,2.4148,0.965,0.922
RPL19,ENSG00000108298,-0.1444,5.4282279123387506e-229,1.1795539253512106e-226,2.1974,2.4288,0.985,0.924
RPS28,ENSG00000233927,-0.1627,5.761242264617565e-227,1.192302803906092e-224,2.2223,2.4877,0.979,0.926
RPS27,ENSG00000177954,-0.1827,1.2665728798057893e-225,2.5020571525618e-223,2.2021,2.4993,0.981,0.925
RPL32,ENSG00000144713,-0.162,1.882438725836627e-225,3.5569907402112956e-223,2.1891,2.4493,0.978,0.924
TPT1,ENSG00000133112,-0.1511,2.5188932395098063e-224,4.561295841212341e-222,2.2692,2.5197,0.994,0.928
RPS2,ENSG00000140988,-0.1581,1.7874787084533747e-218,3.1073529867753465e-216,2.1293,2.376,0.976,0.917
RPS6,ENSG00000137154,-0.1634,4.377116906259533e-216,7.31651925946305e-214,2.1355,2.3916,0.972,0.919
RPL34,ENSG00000109475,-0.1663,1.0519768841938728e-215,1.6932931624839154e-213,2.1794,2.4456,0.975,0.924
RPL28,ENSG00000108107,-0.1372,2.7524169587246825e-215,4.2721443223633825e-213,2.236,2.4592,0.989,0.925
RPL18A,ENSG00000105640,-0.1571,4.1980231285547555e-213,6.291244316103093e-211,2.14,2.3862,0.971,0.92
RPL8,ENSG00000161016,-0.1323,5.449794699405446e-213,7.894935921205356e-211,2.1909,2.4013,0.985,0.924
RPS23,ENSG00000186468,-0.1453,5.524491490252303e-212,7.744980650527906e-210,2.1581,2.3867,0.973,0.921
RPS15A,ENSG00000134419,-0.1702,4.594276789530861e-211,6.239602164781599e-209,2.1355,2.4029,0.964,0.918
RPS8,ENSG00000142937,-0.1442,1.1978309785685381e-210,1.5775071008663233e-208,2.2121,2.4447,0.984,0.926
S100A6,ENSG00000197956,-0.1312,6.215567881808051e-209,7.944958239511115e-207,2.3055,2.525,0.998,0.93
MGST1,ENSG00000008394,-0.23,1.9241453987624723e-208,2.3892388294347726e-206,1.9166,2.2479,0.919,0.933
RPS13,ENSG00000110700,-0.1454,5.049682539874843e-207,6.096088977304463e-205,2.1583,2.3873,0.973,0.921
MT-CO3,ENSG00000198938,-0.2061,5.460061547961856e-207,6.413358780389791e-205,2.2049,2.5436,0.951,0.941
RPL12,ENSG00000197958,-0.1348,1.682679557004546e-206,1.924454040721515e-204,2.2238,2.4416,0.988,0.925
RPL18,ENSG00000063177,-0.1368,7.140543382606009e-205,7.957128600206593e-203,2.151,2.365,0.976,0.921
RPL14,ENSG00000188846,-0.1555,1.2489644121497782e-204,1.3569998338007342e-202,2.0976,2.3363,0.965,0.92
RPS27A,ENSG00000143947,-0.1484,6.50503146441167e-204,6.776221679945726e-202,2.1369,2.3683,0.971,0.921
RPS24,ENSG00000138326,-0.1242,6.548580546657168e-204,6.776221679945726e-202,2.2068,2.4051,0.984,0.925
RPS3A,ENSG00000145425,-0.1472,1.8645666156938436e-201,1.8845131422803359e-199,2.137,2.3666,0.972,0.922
RPL30,ENSG00000156482,-0.1427,3.7833584166170644e-200,3.736926290594946e-198,2.1438,2.3666,0.97,0.922
NEAT1,ENSG00000245532,-0.2681,5.4422760620986314e-198,5.256029281306812e-196,2.0772,2.5014,0.929,0.971
RPL5,ENSG00000122406,-0.1852,7.695203295334868e-198,7.270294243809856e-196,2.0147,2.2907,0.936,0.915
RPS15,ENSG00000115268,-0.1244,2.2615798165758818e-197,2.0912395495401665e-195,2.17,2.3655,0.981,0.924
RPL9,ENSG00000163682,-0.1513,1.5989502818556333e-196,1.4477162343634547e-194,2.0833,2.3136,0.963,0.911
RPLP2,ENSG00000177600,-0.1489,3.605478244277395e-195,3.1978384591080727e-193,2.1471,2.3806,0.976,0.922
RPL23A,ENSG00000198242,-0.1654,1.6952158178819442e-193,1.4734815889029857e-191,2.0402,2.2881,0.95,0.906
RPL7A,ENSG00000148303,-0.1241,2.4397025353710744e-190,2.0390283112928248e-188,2.1456,2.3384,0.975,0.92
RPLP0,ENSG00000089157,-0.1109,2.4278330425177366e-190,2.0390283112928248e-188,2.1842,2.3586,0.987,0.923
RPS16,ENSG00000105193,-0.1491,3.85414263288496e-190,3.160396958965667e-188,2.0736,2.2993,0.959,0.911
RPS9,ENSG00000170889,-0.1358,5.212448524234387e-190,4.1950557937634533e-188,2.1022,2.3097,0.968,0.916
NAPSA,ENSG00000131400,-0.1823,8.840289429325865e-190,6.985435974518219e-188,2.216,2.5145,0.967,0.954
RPS19,ENSG00000105372,-0.1292,1.0204124210877976e-189,7.919129253656372e-188,2.1938,2.3993,0.982,0.922
MT-ND1,ENSG00000198888,-0.1941,1.6467404285152716e-189,1.2555673512855034e-187,2.1285,2.4351,0.941,0.931
RPL6,ENSG00000089009,-0.1343,6.930915653749047e-188,5.193406798481614e-186,2.1231,2.3303,0.969,0.919
RPS25,ENSG00000118181,-0.1317,4.508607953095106e-186,3.3210864685002256e-184,2.1068,2.3081,0.969,0.916
MT-ND4,ENSG00000198886,-0.2055,1.088468774977305e-185,7.884142160085612e-184,2.1412,2.4689,0.942,0.933
RPL21,ENSG00000122026,-0.1724,1.4122287198826689e-185,1.006155084690177e-183,2.0689,2.3314,0.961,0.909
RPL24,ENSG00000114391,-0.1296,3.484960018053675e-185,2.4428445545905278e-183,2.1096,2.3079,0.968,0.915
RPL35A,ENSG00000182899,-0.1363,9.942299027679253e-185,6.858608186395878e-183,2.1128,2.3222,0.965,0.915
RPL39,ENSG00000198918,-0.1472,3.030685868923738e-181,2.058025122866026e-179,2.1687,2.4016,0.969,0.92
RPL37,ENSG00000145592,-0.121,7.247541317526403e-181,4.8458176255338075e-179,2.1802,2.371,0.979,0.921
RPL3,ENSG00000100316,-0.1161,4.468555271464647e-180,2.9424759408765693e-178,2.1199,2.2975,0.977,0.912
MT-ATP6,ENSG00000198899,-0.1996,1.3286356100158671e-178,8.618284121087997e-177,2.138,2.4553,0.942,0.936
RPS5,ENSG00000083845,-0.1487,1.1158936999824014e-177,7.131873559005171e-176,2.0523,2.2751,0.955,0.91
RPL29,ENSG00000162244,-0.1302,5.932221408334195e-176,3.73643974501745e-174,2.1231,2.3237,0.965,0.914
SFTA2,ENSG00000196260,-0.1506,1.5598599324090745e-175,9.68450180892834e-174,2.0743,2.3026,0.953,0.919
FAU,ENSG00000149806,-0.1347,8.588720118365338e-175,5.257264455551516e-173,2.0694,2.2719,0.959,0.915
MT-CYB,ENSG00000198727,-0.1818,1.5359097307518842e-174,9.270921791455123e-173,2.1639,2.4546,0.947,0.934
RPS7,ENSG00000171863,-0.1314,1.3908723183855305e-171,8.28045355575824e-170,2.0844,2.2832,0.961,0.916
RPL37A,ENSG00000197756,-0.1448,2.630405034779196e-169,1.5448297677230253e-167,2.0929,2.3139,0.963,0.911
SELENOW,ENSG00000178980,0.5432,5.998334731488478e-169,3.475835032406523e-167,2.0268,1.3908,0.946,0.718
EIF1,ENSG00000173812,-0.1125,1.202275674990105e-167,6.875118530930259e-166,2.0878,2.2571,0.97,0.917
NPC2,ENSG00000119655,-0.1131,6.7805927343052616e-167,3.82707221081697e-165,2.2503,2.4338,0.983,0.929
PTMA,ENSG00000187514,-0.1093,4.849096330584058e-165,2.7018170067587585e-163,2.1082,2.2742,0.971,0.915
RPS10,ENSG00000124614,-0.7664,2.765091118131944e-164,1.52115012650651e-162,1.0666,1.8145,0.565,0.812
RPL26,ENSG00000161970,-0.1837,8.059146450011121e-163,4.378131308968541e-161,1.9918,2.2623,0.926,0.906
RPL15,ENSG00000174748,-0.1246,6.920957281244443e-161,3.713392635097327e-159,2.058,2.2436,0.958,0.907
RPL7,ENSG00000147604,-0.1841,2.449193268741076e-160,1.2980724324327704e-158,1.9051,2.1645,0.915,0.889
RACK1,ENSG00000204628,-0.1197,3.143369772165169e-158,1.6459138590156415e-156,2.0453,2.2223,0.957,0.907
HOPX,ENSG00000171476,-0.1607,4.080461426796452e-157,2.111153019149688e-155,2.0212,2.2593,0.941,0.929
MT-ND2,ENSG00000198763,-0.1755,5.550101189327801e-157,2.83773409044925e-155,2.0857,2.3555,0.941,0.923
RPL36,ENSG00000130255,-0.1217,3.8739789880156725e-155,1.9577107769669897e-153,2.1052,2.2904,0.961,0.913
RPS17,ENSG00000182774,-0.6196,1.490497992897568e-146,7.445637100152679e-145,1.2323,1.8934,0.635,0.811
RPL35,ENSG00000136942,-0.1208,1.109999604242771e-143,5.4818844091353215e-142,2.0348,2.2125,0.952,0.904
RPL41,ENSG00000229117,-0.1393,2.629443657918358e-143,1.2839957457655263e-141,2.1596,2.3786,0.979,0.908
CTSH,ENSG00000103811,-0.1388,2.43100384574131e-142,1.173904745954637e-140,2.094,2.3055,0.958,0.938
RPL10A,ENSG00000198755,-0.129,3.196761768016836e-142,1.5267172136045243e-140,1.9927,2.179,0.938,0.897
RPL22,ENSG00000116251,-0.1154,1.6642223442419986e-136,7.861641639212745e-135,2.0395,2.2095,0.951,0.911
RPSA,ENSG00000168028,-0.1474,1.0036133068355305e-134,4.690003689792705e-133,1.9337,2.1418,0.923,0.896
CYB5A,ENSG00000166347,-0.1069,2.794455497323661e-130,1.2919897437626204e-128,2.1381,2.3026,0.972,0.929
FABP5,ENSG00000164687,-0.4178,4.318122809781145e-130,1.97542755066409e-128,1.5302,2.0442,0.743,0.867
RPS11,ENSG00000142534,-0.1491,2.3439728164076763e-128,1.0611360270945585e-126,1.8691,2.0727,0.906,0.877
CRIP1,ENSG00000213145,2.2237,1.227869087119018e-123,5.501359848061084e-122,1.0199,0.2183,0.508,0.127
MT-ATP8,ENSG00000228253,0.7615,1.7112178284010157e-120,7.588727226766137e-119,1.9119,1.1278,0.883,0.546
UBA52,ENSG00000221983,-0.136,4.355440529603818e-120,1.9119943981472923e-118,1.8881,2.0748,0.912,0.886
RPL13A,ENSG00000142541,-0.1513,5.793633614104e-119,2.517913168689598e-117,1.9649,2.1821,0.937,0.888
RPL27,ENSG00000131469,-0.1369,1.307790094594434e-118,5.627381931789515e-117,1.8952,2.0838,0.912,0.878
RPL23,ENSG00000125691,-0.1993,7.3802268113243726e-118,3.144555462942718e-116,1.7621,2.0231,0.869,0.86
NACA,ENSG00000196531,-0.1195,9.094148787416734e-114,3.837201032049818e-112,1.9641,2.1338,0.929,0.896
MT-ND3,ENSG00000198840,-0.1306,2.9851935336808973e-113,1.2474664516708826e-111,2.1552,2.3594,0.946,0.928
SLC34A2,ENSG00000157765,-0.1022,3.9808171929201934e-113,1.6476791924220154e-111,2.1416,2.2989,0.966,0.942
RPS29,ENSG00000213741,-0.1741,5.73978774459304e-111,2.3533129752831466e-109,1.8708,2.1107,0.895,0.867
RPS20,ENSG00000008988,-0.2114,1.9059175495180377e-108,7.741231467481674e-107,1.7451,2.0205,0.861,0.846
RPL31,ENSG00000071082,-0.185,9.829803307620654e-106,3.9555856643443855e-104,1.8246,2.0742,0.885,0.875
PEBP4,ENSG00000134020,-0.3959,4.834572461240379e-97,1.9276194418853843e-95,1.3878,1.826,0.712,0.847
TAGLN2,ENSG00000158710,0.4809,2.286965418741543e-96,9.035592463500678e-95,1.8239,1.3069,0.885,0.682
LY6E,ENSG00000160932,1.0376,1.188650399059201e-91,4.653941111992151e-90,1.182,0.5758,0.628,0.339
TPM1,ENSG00000140416,0.8586,1.2043079238113e-88,4.673144854360634e-87,1.24,0.6838,0.655,0.414
RPL38,ENSG00000172809,-0.1504,6.45931651704568e-87,2.4842645648743828e-85,1.7988,1.9965,0.878,0.862
GSN,ENSG00000148180,1.2955,6.508834927655458e-86,2.4813505785605807e-84,1.0094,0.4112,0.539,0.255
DSTN,ENSG00000125868,-0.1415,5.045400987463792e-83,1.9067228427406643e-81,1.8445,2.0346,0.898,0.898
RPL27A,ENSG00000166441,-0.1735,2.992595094617053e-82,1.1211912311384237e-80,1.7548,1.979,0.868,0.832
IFITM1,ENSG00000185885,0.9678,4.857016276945097e-80,1.8041532256071273e-78,1.2533,0.6408,0.655,0.343
EEF1B2,ENSG00000114942,-0.1802,1.1257962205942478e-79,4.146364724324238e-78,1.7263,1.956,0.851,0.87
ALDOA,ENSG00000149925,-0.7485,7.372389954670126e-79,2.6924711548736445e-77,0.8034,1.3497,0.445,0.697
CD24,ENSG00000272398,2.478,2.3048901688320794e-78,8.347543894786847e-77,0.7406,0.1328,0.392,0.079
NICOL1,ENSG00000243449,1.898,1.9047686896662349e-75,6.841425392801204e-74,0.7757,0.2081,0.429,0.132
CRIP2,ENSG00000182809,2.6083,2.0969798987640434e-70,7.470061180351257e-69,0.675,0.1106,0.365,0.072
CTSE,ENSG00000196188,1.7061,1.7882401648267294e-67,6.318448582387777e-66,0.7873,0.2412,0.425,0.15
SFTPD,ENSG00000133661,-0.1572,5.230804405749292e-66,1.833312576402131e-64,1.8155,2.0246,0.855,0.868
NME2,ENSG00000243678,0.7675,2.5449391359867946e-62,8.848244387998886e-61,1.4142,0.8307,0.724,0.419
SLC25A6,ENSG00000169100,-0.1714,3.8580154697314304e-62,1.3307091453533964e-60,1.6315,1.8373,0.823,0.842
PKM,ENSG00000067225,0.5404,1.0874113534865203e-61,3.7211730253956043e-60,1.3225,0.9093,0.698,0.529
SCGB1A1,ENSG00000149021,0.854,2.2644020638020187e-59,7.688352632252792e-58,1.1818,0.6538,0.591,0.346
FOS,ENSG00000170345,-0.2694,2.998910214380229e-59,1.0103305264880988e-57,1.5386,1.8545,0.751,0.813
RPS27L,ENSG00000185088,0.3991,8.21236690210733e-59,2.745457427427574e-57,1.734,1.315,0.854,0.685
SLC25A5,ENSG00000005022,-0.1383,5.061297781814629e-57,1.6791145160127007e-55,1.7262,1.8999,0.846,0.854
SCGB3A1,ENSG00000161055,0.5754,4.776175083989431e-56,1.5725194632589444e-54,1.6248,1.0903,0.788,0.537
TACC2,ENSG00000138162,-0.5982,6.2102971451487885e-56,2.029319653595236e-54,0.8828,1.3365,0.482,0.671
CDKN1A,ENSG00000124762,1.3316,1.9093654455464778e-55,6.192613601749994e-54,0.8106,0.322,0.44,0.197
KRT8,ENSG00000170421,0.3554,1.5076579236256983e-53,4.8535417304276184e-52,1.7535,1.3706,0.861,0.706
NDUFA4,ENSG00000189043,-0.1103,6.837175470235719e-53,2.184879749532679e-51,1.7754,1.9165,0.869,0.862
SDC1,ENSG00000115884,0.7934,1.0766446996958186e-52,3.415399901370823e-51,1.0081,0.5817,0.55,0.364
GDF15,ENSG00000130513,0.9377,1.5175269951857562e-51,4.779110377592243e-50,1.0182,0.5315,0.523,0.294
NFKBIA,ENSG00000100906,-0.2816,1.8782604768367163e-51,5.87260433980746e-50,1.4895,1.8106,0.744,0.826
HSPB1,ENSG00000106211,0.3987,1.0075991056009163e-50,3.1278755092439874e-49,1.7827,1.3522,0.87,0.683
TIMP1,ENSG00000102265,1.5068,1.090397852796424e-50,3.3609000484065667e-49,0.7364,0.2591,0.394,0.154
GABARAP,ENSG00000170296,0.5933,1.1325618745422482e-49,3.466277399127191e-48,1.7288,1.1459,0.858,0.561
NDNF,ENSG00000173376,1.2827,4.6901256541730794e-49,1.4254046218906437e-47,0.7611,0.3128,0.422,0.198
ATP5PO,ENSG00000241837,-1.3513,6.183465587487472e-49,1.866204266890316e-47,0.2784,0.7104,0.165,0.414
QSOX1,ENSG00000116260,0.5885,3.0139091035528236e-48,9.03341307864867e-47,1.1374,0.7564,0.615,0.457
PDLIM1,ENSG00000107438,0.414,3.82114219299336e-48,1.1374441075855576e-46,1.4101,1.0583,0.736,0.596
SFTA1P,ENSG00000225383,0.5854,3.6850942381475004e-47,1.0894843237407508e-45,1.2992,0.8659,0.678,0.472
FOLR1,ENSG00000110195,0.3887,4.526517756115948e-47,1.3292058221675617e-45,1.6195,1.237,0.81,0.652
IER2,ENSG00000160888,-0.5276,5.31079230401827e-47,1.5490404935076107e-45,0.9883,1.4247,0.516,0.698
BCAM,ENSG00000187244,0.5488,2.823589596086024e-46,8.180880256393239e-45,1.2189,0.8332,0.644,0.482
HSBP1,ENSG00000230989,0.4198,5.629761799645992e-46,1.620327468957714e-44,1.3341,0.9972,0.704,0.576
FDPS,ENSG00000160752,-0.6077,9.393870317587531e-46,2.685905289489172e-44,0.8224,1.2533,0.45,0.66
DMBT1,ENSG00000187908,0.9661,4.3203903479470145e-45,1.2272167615802435e-43,0.9595,0.4911,0.488,0.259
RASGRF1,ENSG00000058335,0.8634,7.113860454117621e-45,2.007586852830856e-43,0.9391,0.5161,0.502,0.309
AQP1,ENSG00000240583,0.5139,2.084235360972681e-44,5.843927018572433e-43,1.303,0.9126,0.662,0.502
NDUFC2,ENSG00000151366,-0.8371,2.1356698212879174e-44,5.949757079049544e-43,0.5279,0.9432,0.306,0.533
COX7A2,ENSG00000112695,-0.1636,5.887404872461602e-44,1.6297236672431923e-42,1.6007,1.7929,0.81,0.84
ANXA2,ENSG00000182718,0.3972,9.322980499405064e-44,2.5644096993933172e-42,1.5849,1.2035,0.799,0.633
APOC1,ENSG00000130208,-0.826,2.4570228939118925e-43,6.715862576692507e-42,0.5582,0.9896,0.308,0.546
TPM4,ENSG00000167460,0.6503,2.9687275291631955e-43,8.06380615108953e-42,1.027,0.6543,0.562,0.406
TFPI,ENSG00000003436,-0.4263,1.3455710771332046e-42,3.63220614982665e-41,1.0984,1.476,0.572,0.72
ROMO1,ENSG00000125995,0.345,5.526986035684767e-42,1.4827334142645679e-40,1.5362,1.2094,0.784,0.657
NNMT,ENSG00000166741,0.6179,5.5731148684973785e-42,1.485936025674209e-40,1.3108,0.8541,0.647,0.432
TMEM63B,ENSG00000137216,0.7635,9.31943979080555e-42,2.4696515445634706e-40,0.9409,0.5542,0.519,0.345
CCND1,ENSG00000110092,0.6673,2.35964654011247e-41,6.215165977775027e-40,1.0212,0.643,0.544,0.388
CHI3L2,ENSG00000064886,-1.2696,2.547317573269285e-41,6.669061550258018e-40,0.3065,0.739,0.173,0.391
JUNB,ENSG00000171223,-0.389,3.553751699327296e-41,9.248266398369118e-40,1.1547,1.5121,0.6,0.731
NDUFB8,ENSG00000166136,-1.3174,5.704749931197064e-41,1.475764476248955e-39,0.2525,0.6293,0.151,0.385
PLXNB2,ENSG00000196576,1.0372,5.889961800327679e-41,1.514661182498467e-39,0.777,0.3786,0.436,0.248
SLC22A31,ENSG00000259803,0.409,1.7339527734064416e-40,4.432799266602586e-39,1.3588,1.0233,0.708,0.571
ATP6V0C,ENSG00000185883,0.7024,3.552905746578007e-40,9.029782675221064e-39,1.2253,0.7529,0.647,0.377
STOM,ENSG00000148175,0.5519,6.035245843862218e-40,1.5249522347340232e-38,1.1134,0.7595,0.601,0.453
SDR16C5,ENSG00000170786,-0.4893,7.788481917442336e-40,1.9565747059655718e-38,0.9755,1.3694,0.523,0.709
C19orf33,ENSG00000167644,0.48,9.3680370631873e-40,2.3398556940581613e-38,1.3091,0.9386,0.667,0.513
MIF,ENSG00000240972,0.3195,2.6049347580731778e-39,6.469169404906303e-38,1.9644,1.5741,0.927,0.762
C3,ENSG00000125730,0.3402,3.473295392204519e-39,8.576671462795932e-38,1.5463,1.2215,0.769,0.641
JUN,ENSG00000177606,-0.2241,4.2109499277832296e-39,1.0339428466749103e-37,1.5008,1.753,0.739,0.789
PON2,ENSG00000105854,0.4083,4.727484712233646e-39,1.1542499190655856e-37,1.2792,0.9639,0.678,0.554
ZNF385B,ENSG00000144331,-0.6974,1.5199578462106633e-38,3.6903557539841022e-37,0.7008,1.1365,0.394,0.602
LDHB,ENSG00000111716,-0.1343,1.8764321642834948e-38,4.5305412144311494e-37,1.6352,1.7948,0.822,0.837
LMNA,ENSG00000160789,0.3948,2.1687906364270084e-38,5.207493981166729e-37,1.4484,1.1017,0.745,0.595
EBP,ENSG00000147155,-0.8482,3.30340285151816e-38,7.888235600383476e-37,0.481,0.8659,0.278,0.502
BTF3,ENSG00000145741,-0.102,6.745839566441498e-38,1.6020447407516257e-36,1.7056,1.8305,0.849,0.845
MACROD2,ENSG00000172264,-0.6749,8.58151528914375e-38,2.0269166003597142e-36,0.7365,1.1758,0.395,0.611
DPYSL2,ENSG00000092964,0.7327,1.3070798636859891e-37,3.05406940192436e-36,0.9237,0.5558,0.508,0.346
PGC,ENSG00000096088,-0.1639,1.306930405490794e-37,3.05406940192436e-36,1.654,1.853,0.788,0.793
BLVRB,ENSG00000090013,-0.3224,2.7529002503211814e-37,6.397916838446981e-36,1.2241,1.5307,0.653,0.768
IFI27,ENSG00000165949,1.2449,4.696985704670757e-37,1.0858031847073995e-35,0.6971,0.2941,0.378,0.175
ENSG00000277196,ENSG00000277196,1.5769,1.4152268943393052e-36,3.2542730596818095e-35,0.5905,0.1979,0.329,0.125
TMEM97,ENSG00000109084,-0.788,1.7689394643835987e-36,4.0462162695847996e-35,0.5291,0.9136,0.298,0.522
ARPC1A,ENSG00000241685,-1.3402,7.625302356525205e-36,1.735055708976887e-34,0.2242,0.5679,0.131,0.355
NUPR1,ENSG00000176046,-0.1631,9.42952617509562e-36,2.13441253942529e-34,1.5819,1.7712,0.793,0.823
LGALS3BP,ENSG00000108679,0.4445,1.6217980451451186e-35,3.6519866861143448e-34,1.1774,0.8652,0.63,0.508
HSPA1A,ENSG00000204389,0.6829,4.229928595779536e-35,9.475912204772095e-34,1.0371,0.646,0.528,0.355
MICAL2,ENSG00000133816,1.0361,4.3956353587309406e-35,9.796631420022906e-34,0.7145,0.3484,0.403,0.209
HLA-A,ENSG00000206503,0.2987,4.90876819303687e-35,1.0884442125988897e-33,1.777,1.4447,0.869,0.727
FADS1,ENSG00000149485,-1.0353,5.290544171049162e-35,1.167142384130947e-33,0.3384,0.6938,0.197,0.417
RNASEK,ENSG00000219200,0.6996,1.1520035396552477e-34,2.5285895875463165e-33,1.0028,0.6175,0.535,0.338
TTN,ENSG00000155657,-0.7579,1.492944538892474e-34,3.260470837199343e-33,0.583,0.9859,0.325,0.51
DMKN,ENSG00000161249,0.3962,2.3549449263809343e-34,5.11729532502577e-33,1.2629,0.9596,0.671,0.552
CLU,ENSG00000120885,0.9985,5.000437926913492e-34,1.0811892154410964e-32,0.7588,0.3798,0.412,0.231
PEBP1,ENSG00000089220,-0.1223,7.14152732849643e-34,1.536488998497301e-32,1.637,1.7817,0.82,0.833
TPPP3,ENSG00000159713,0.9473,1.016951802951224e-33,2.177178588978335e-32,0.7907,0.41,0.424,0.24
ACAT2,ENSG00000120437,-0.9421,3.284152589100638e-33,6.996532917760477e-32,0.3811,0.7324,0.216,0.434
CLIC3,ENSG00000169583,0.6435,3.475744108483782e-33,7.368577509985618e-32,0.994,0.6362,0.534,0.369
PLA2G1B,ENSG00000170890,-0.4404,3.8924383700289874e-33,8.211911240847562e-32,0.9593,1.3018,0.505,0.642
RPL36A,ENSG00000241343,-0.2741,4.1395781237844625e-33,8.691114263752306e-32,1.3016,1.5739,0.674,0.759
CRTAC1,ENSG00000095713,-0.8851,8.086563821148232e-33,1.6896253060918373e-31,0.4217,0.7789,0.236,0.458
ZDHHC3,ENSG00000163812,0.5915,1.9990871878841842e-32,4.1569535495429015e-31,0.9899,0.6569,0.525,0.401
HMGCS1,ENSG00000112972,-0.7068,2.841133847266961e-32,5.879794142962959e-31,0.6038,0.9855,0.325,0.531
TM4SF1,ENSG00000169908,0.5001,6.430666635665397e-32,1.3245344643887116e-30,1.2859,0.9091,0.662,0.479
SMIM22,ENSG00000267795,0.4694,2.921175912720645e-31,5.988410621077322e-30,1.1148,0.8051,0.591,0.472
ITGB6,ENSG00000115221,0.4387,4.619317370464849e-31,9.425142390629218e-30,1.1562,0.853,0.614,0.495
HMGN3,ENSG00000118418,0.2561,5.316674634427371e-31,1.079732147720624e-29,1.7128,1.4342,0.854,0.743
DCXR,ENSG00000169738,-0.2735,1.537068411246712e-30,3.1070229373387027e-29,1.2763,1.5426,0.671,0.77
S100A10,ENSG00000197747,0.2962,2.4434157837673613e-30,4.9162430538208114e-29,2.0676,1.6838,0.953,0.791
LCN2,ENSG00000148346,0.9596,9.345133758844012e-30,1.8716106597205564e-28,0.741,0.381,0.401,0.215
AGRN,ENSG00000188157,1.376,2.0747408221495498e-29,4.136157620670616e-28,0.5605,0.2159,0.32,0.145
CEACAM6,ENSG00000086548,0.8464,2.283247397415222e-29,4.531047118340893e-28,0.8437,0.4692,0.427,0.262
BAX,ENSG00000087088,0.5932,3.733108615084962e-29,7.374586382345112e-28,0.9262,0.6139,0.509,0.381
BCL2L1,ENSG00000171552,0.7464,5.105552892689577e-29,1.0040150620646562e-27,0.8087,0.482,0.451,0.304
XIST,ENSG00000229807,-1.4787,7.597751328839963e-29,1.4873796069882198e-27,0.2068,0.5765,0.112,0.3
VIM,ENSG00000026025,0.5768,2.0288025416084547e-28,3.953890513825266e-27,0.9895,0.6633,0.519,0.384
YBX1,ENSG00000065978,-0.1457,2.680244176890963e-28,5.200152318200056e-27,1.5174,1.6787,0.772,0.802
FMO5,ENSG00000131781,-0.885,3.2721949719609974e-28,6.32042637695222e-27,0.3881,0.7168,0.224,0.415
TSPAN13,ENSG00000106537,0.4034,3.5676840179325654e-28,6.86068793890926e-27,1.1209,0.8475,0.607,0.502
AGR3,ENSG00000173467,0.3758,4.0033001430500285e-28,7.6644680271786e-27,1.4604,1.1255,0.742,0.587
MT-ND6,ENSG00000198695,0.4754,6.349190301497301e-28,1.2102447829082136e-26,1.1372,0.8179,0.59,0.458
EGLN2,ENSG00000269858,-1.2239,1.0019110729511093e-27,1.9014434598452058e-26,0.2099,0.4904,0.124,0.322
EIF4G2,ENSG00000110321,0.282,1.0931655459261876e-27,2.0656075924327006e-26,1.4689,1.208,0.766,0.657
COA3,ENSG00000183978,0.3966,1.4735798686840574e-27,2.7723714758878414e-26,1.1304,0.8587,0.609,0.509
KRT7,ENSG00000135480,0.417,1.528064604469244e-27,2.8624865392341957e-26,1.4162,1.0606,0.717,0.544
SNHG25,ENSG00000266402,-2.4854,2.483086500969345e-27,4.631542460606341e-26,0.069,0.3866,0.039,0.226
ATP6V0E1,ENSG00000113732,-0.1422,3.32926258727511e-27,6.183322736879329e-26,1.582,1.7459,0.801,0.833
S100A13,ENSG00000189171,0.3405,9.056680291590088e-27,1.6749077679681072e-25,1.2688,1.002,0.667,0.566
CLN3,ENSG00000188603,-2.8328,1.2158566911026012e-26,2.239031008276231e-25,0.0441,0.3149,0.029,0.213
COX6A1,ENSG00000111775,-0.1376,1.2432289770337314e-26,2.2797776937504626e-25,1.6343,1.7978,0.815,0.847
PRR13,ENSG00000205352,0.3254,1.331817709210898e-26,2.4319662874918335e-25,1.2655,1.0099,0.674,0.579
CKB,ENSG00000166165,0.4438,4.1862992014346033e-26,7.612408506039659e-25,1.1187,0.8224,0.595,0.468
GNG10,ENSG00000242616,1.1424,5.964038134097563e-26,1.0799879054495004e-24,0.5736,0.2598,0.331,0.162
SELENOP,ENSG00000250722,-0.1193,9.215552781676271e-26,1.6618586053595464e-24,1.5933,1.7306,0.804,0.819
SCTR,ENSG00000080293,1.1722,2.7912829046177355e-25,5.012775001433338e-24,0.5686,0.2522,0.322,0.158
BLOC1S1,ENSG00000135441,-0.8561,3.325656411963749e-25,5.947861220738458e-24,0.3631,0.6574,0.21,0.398
TXNDC17,ENSG00000129235,0.2878,4.241018572452763e-25,7.553879801590043e-24,1.3329,1.0919,0.694,0.608
TRAM1,ENSG00000067167,0.3034,4.258993326196822e-25,7.55493265128628e-24,1.2648,1.025,0.668,0.58
BCAP31,ENSG00000185825,0.4214,4.619636185520796e-25,8.16135726108674e-24,1.0408,0.7771,0.57,0.469
KRT19,ENSG00000171345,0.272,5.324447866854565e-25,9.368441469372444e-24,1.5736,1.3032,0.79,0.676
MMP7,ENSG00000137673,1.4848,5.936926757669134e-25,1.0403985358399216e-23,0.5148,0.1839,0.283,0.117
COX16,ENSG00000133983,0.7781,6.758977752411336e-25,1.1796994904409505e-23,0.7414,0.4323,0.417,0.269
AK1,ENSG00000106992,-0.2365,8.597926797520474e-25,1.494663594480959e-23,1.3251,1.5612,0.68,0.759
ISCU,ENSG00000136003,0.2941,1.5402704254765378e-24,2.6669383542314875e-23,1.269,1.035,0.674,0.59
DUSP6,ENSG00000139318,0.4724,2.0352541771322655e-24,3.5100058150066767e-23,1.1168,0.805,0.569,0.436
PIGR,ENSG00000162896,-0.2696,2.763945083181906e-24,4.747867719963859e-23,1.2526,1.5099,0.641,0.732
ZC3H11A,ENSG00000058673,-2.4441,5.947152975064452e-24,1.0175719224263823e-22,0.0567,0.3092,0.035,0.21
RAB27B,ENSG00000041353,1.1027,1.2477125606572947e-23,2.1264936425947464e-22,0.573,0.2668,0.327,0.172
GAS6,ENSG00000183087,2.242,1.582803146593741e-23,2.6870556543345306e-22,0.3852,0.0814,0.221,0.053
NECAB1,ENSG00000123119,-1.2482,1.6144734492278172e-23,2.730156268616379e-22,0.1945,0.4621,0.114,0.293
ALDH3A2,ENSG00000072210,0.9558,3.346939722610186e-23,5.61613900944551e-22,0.6205,0.3198,0.355,0.213
HHIP-AS1,ENSG00000248890,-0.7189,3.335854147862149e-23,5.61613900944551e-22,0.4466,0.7351,0.252,0.441
ICAM1,ENSG00000090339,0.4104,4.3076909227203456e-23,7.200471057747162e-22,1.2977,0.9764,0.659,0.504
SMARCA5,ENSG00000153147,0.4123,5.674592970450612e-23,9.448958256543433e-22,1.0282,0.7726,0.556,0.463
ANXA4,ENSG00000196975,0.3247,6.81411997790184e-23,1.1303116574031067e-21,1.1926,0.9523,0.635,0.546
PHLDA2,ENSG00000181649,0.5879,7.010065130071869e-23,1.1583932720643476e-21,0.9289,0.618,0.495,0.345
NKX2-1,ENSG00000136352,0.257,1.682574583796468e-22,2.7698746746891856e-21,1.4759,1.2351,0.759,0.659
MYL9,ENSG00000101335,0.7754,2.6300780729997513e-22,4.3133280397195925e-21,0.7167,0.4187,0.396,0.26
SERPINB1,ENSG00000021355,0.3506,3.766250665054291e-22,6.1534305978668984e-21,1.2205,0.9572,0.638,0.533
ARF5,ENSG00000004059,0.45,3.862822150354595e-22,6.2875749308768054e-21,0.9966,0.7296,0.547,0.433
SH3BGRL3,ENSG00000142669,0.3039,5.946331352493479e-22,9.64281942460323e-21,1.2253,0.9926,0.647,0.564
SYNGR2,ENSG00000108639,0.2932,8.261049376247269e-22,1.3346661929059713e-20,1.2778,1.0428,0.68,0.586
BCAT1,ENSG00000060982,0.8262,8.982840320867684e-22,1.4459045938700355e-20,0.6631,0.374,0.375,0.239
IGFBP7,ENSG00000163453,1.634,9.075945362072741e-22,1.455500315260817e-20,0.4482,0.1443,0.249,0.091
PHPT1,ENSG00000054148,0.2489,9.789641676391316e-22,1.5641831884410537e-20,1.3911,1.1706,0.721,0.64
ALPL,ENSG00000162551,0.257,1.0834052564920347e-21,1.7247176720565505e-20,1.4272,1.1944,0.726,0.633
DDT,ENSG00000099977,-0.3676,1.0931738196037912e-21,1.733917306568641e-20,0.9813,1.2661,0.536,0.678
ATP5IF1,ENSG00000130770,0.236,1.4051270151135276e-21,2.2206116391575968e-20,1.5925,1.3521,0.813,0.71
GNB2,ENSG00000172354,0.3478,1.651794633936165e-21,2.6009780721328162e-20,1.0809,0.8494,0.588,0.506
CD151,ENSG00000177697,0.2916,1.6602778929670818e-21,2.6048980948862593e-20,1.2379,1.0113,0.658,0.575
CYSTM1,ENSG00000120306,0.2366,1.728926839109876e-21,2.7028474973998273e-20,1.3346,1.1327,0.698,0.631
ABHD2,ENSG00000140526,0.5111,2.1229912402282383e-21,3.306996390692446e-20,0.8724,0.6121,0.486,0.377
MGLL,ENSG00000074416,0.332,2.425594051564099e-21,3.764868481463419e-20,1.1227,0.8919,0.603,0.518
CDH1,ENSG00000039068,0.5934,2.9086527824585648e-21,4.4985782891690114e-20,0.799,0.5295,0.449,0.333
SFN,ENSG00000175793,0.4142,3.0396773088128354e-21,4.684552334787441e-20,1.1624,0.8723,0.606,0.471
HLA-DRB1,ENSG00000196126,0.2481,4.208080187971855e-21,6.462302649090346e-20,1.8145,1.5278,0.876,0.749
S100A14,ENSG00000189334,-0.1186,4.332942337721307e-21,6.630622323850986e-20,1.5319,1.6632,0.78,0.798
FN1,ENSG00000115414,1.7275,5.349886181554048e-21,8.158107138608384e-20,0.418,0.1262,0.237,0.082
IFI27L2,ENSG00000119632,0.9387,6.626964726013109e-21,1.0070205838899642e-19,0.5965,0.3112,0.342,0.201
ARPC2,ENSG00000163466,-0.1147,7.464720673933266e-21,1.1303719877670375e-19,1.5137,1.6389,0.78,0.794
APP,ENSG00000142192,0.6408,1.1871967576419234e-20,1.7915128849693746e-19,0.7511,0.4817,0.426,0.311
SQLE,ENSG00000104549,-0.5468,1.2056571905599284e-20,1.8130747924475602e-19,0.6037,0.882,0.347,0.507
LENG8,ENSG00000167615,0.7611,1.466611093704171e-20,2.1978937287028713e-19,0.6891,0.4066,0.385,0.26
MT-ND4L,ENSG00000212907,0.2331,1.841050529105545e-20,2.749555188829106e-19,2.0183,1.7172,0.915,0.794
MDK,ENSG00000110492,2.4575,2.5913663769661654e-20,3.8568761213338885e-19,0.3541,0.0644,0.197,0.042
RPS4Y1,ENSG00000129824,0.5215,3.425032690338375e-20,5.080270331812484e-19,1.3599,0.9473,0.671,0.434
YWHAZ,ENSG00000164924,0.293,4.033636313277064e-20,5.962647420919088e-19,1.1501,0.9387,0.62,0.549
DNAJB1,ENSG00000132002,0.3979,5.3060531293481626e-20,7.816985389880378e-19,1.0542,0.8001,0.558,0.457
PSMA2,ENSG00000106588,-1.0922,5.443205129554699e-20,7.99194915305565e-19,0.2091,0.4459,0.127,0.291
TXNIP,ENSG00000265972,-0.3615,5.474289231039502e-20,8.010525588585076e-19,0.9558,1.228,0.502,0.624
OCIAD2,ENSG00000145247,0.4591,7.554697921720206e-20,1.1017690324763763e-18,0.8827,0.6421,0.488,0.404
CHD3,ENSG00000170004,0.9731,8.067753386004029e-20,1.1726573985141642e-18,0.5583,0.2844,0.325,0.188
CXCL2,ENSG00000081041,-0.347,9.946535815941305e-20,1.4409214885360303e-18,1.0196,1.2969,0.498,0.583
ETFB,ENSG00000105379,0.3667,1.0115871991200426e-19,1.4605840423175102e-18,1.0041,0.7787,0.546,0.474
LIMCH1,ENSG00000064042,-0.4913,1.108993808897217e-19,1.5959228786315579e-18,0.7401,1.0404,0.417,0.571
SELENOM,ENSG00000198832,0.2938,1.4073084841243877e-19,2.018535535315046e-18,1.2088,0.9861,0.639,0.557
IDI1,ENSG00000067064,-0.5073,1.7125754234009921e-19,2.4483068388489185e-18,0.6704,0.9529,0.373,0.534
IFITM2,ENSG00000185201,0.2412,1.9816594718558588e-19,2.823702316290348e-18,1.6901,1.4298,0.837,0.719
IL32,ENSG00000008517,1.3865,2.226142382477973e-19,3.1617041811272127e-18,0.4769,0.1823,0.258,0.112
STEAP4,ENSG00000127954,0.3774,2.322693409459406e-19,3.2880865008177783e-18,1.1297,0.8696,0.589,0.476
PPP1R1B,ENSG00000131771,0.9083,3.1474570610317497e-19,4.441184541312982e-18,0.5875,0.313,0.333,0.199
COMT,ENSG00000093010,0.2933,3.176115587069008e-19,4.467119204337187e-18,1.1747,0.9586,0.634,0.552
ERG28,ENSG00000133935,-0.4195,3.4664753656034873e-19,4.8597748190041145e-18,0.8054,1.0772,0.45,0.599
CD99,ENSG00000002586,0.5257,8.012316163023919e-19,1.1196632168650147e-17,0.8216,0.5707,0.46,0.357
CTSB,ENSG00000164733,0.4413,9.456664042678061e-19,1.3172648054320145e-17,0.903,0.665,0.498,0.409
NDUFA11,ENSG00000174886,-0.4697,1.08240807544131e-18,1.5029218836638766e-17,0.7204,0.9977,0.4,0.566
NBEAL1,ENSG00000144426,-0.4659,1.088745737682026e-18,1.506907317186651e-17,0.7278,1.0052,0.408,0.546
TNC,ENSG00000041982,2.0211,1.721181128194043e-18,2.374683550200416e-17,0.3574,0.088,0.201,0.054
HSPG2,ENSG00000142798,0.8949,2.224315063858329e-18,3.0591371099773096e-17,0.5802,0.312,0.33,0.201
FXYD3,ENSG00000089356,0.2555,2.3244269286540454e-18,3.186737991145262e-17,1.3457,1.1273,0.705,0.618
TMEM30A,ENSG00000112697,0.4519,2.474114496270311e-18,3.3812898115694255e-17,0.8742,0.6391,0.483,0.402
DUSP1,ENSG00000120129,-0.1797,2.541172114244185e-18,3.4620482785282846e-17,1.3787,1.5617,0.693,0.74
MYLK,ENSG00000065534,-2.7521,3.0909049365023876e-18,4.197835266887306e-17,0.04,0.27,0.025,0.175
EGR1,ENSG00000120738,-0.3946,3.249350101696481e-18,4.399275869773491e-17,0.8793,1.1559,0.453,0.575
RRAD,ENSG00000166592,1.038,4.2106693568034206e-18,5.683095970393684e-17,0.5518,0.2687,0.296,0.157
RHOB,ENSG00000143878,0.3401,4.639881170058064e-18,6.243010391663266e-17,1.236,0.9764,0.638,0.522
FLNA,ENSG00000196924,0.4636,5.996355608193375e-18,8.043259713953211e-17,0.8693,0.6304,0.48,0.387
TMEM245,ENSG00000106771,-0.5707,6.8177574287146544e-18,9.11691501082889e-17,0.5443,0.8085,0.311,0.465
PTP4A3,ENSG00000184489,0.8835,1.0647006813899229e-17,1.419383178319204e-16,0.5835,0.3163,0.328,0.203
PHLDA3,ENSG00000174307,1.322,1.774696756618455e-17,2.358664252068442e-16,0.4346,0.1738,0.255,0.121
GNAS,ENSG00000087460,0.2497,2.5271631616163916e-17,3.348491189141719e-16,1.676,1.4095,0.847,0.719
ASS1,ENSG00000130707,0.592,3.0911633329444965e-17,4.083342202120602e-16,0.745,0.4942,0.418,0.307
CRYM,ENSG00000103316,1.1403,4.6922555331791534e-17,6.179558347635334e-16,0.484,0.2195,0.274,0.144
FKBP8,ENSG00000105701,0.3613,4.861147939263506e-17,6.382643185510332e-16,0.9474,0.7375,0.523,0.455
C1R,ENSG00000159403,0.7725,5.606092689947887e-17,7.338577960998047e-16,0.6165,0.3609,0.348,0.232
SERPIND1,ENSG00000099937,2.6171,7.15185802404112e-17,9.333926418162975e-16,0.3072,0.05,0.171,0.028
RRM2B,ENSG00000048392,1.1738,7.34507078766579e-17,9.557388515926802e-16,0.46,0.2038,0.268,0.138
CFL1,ENSG00000172757,0.2184,8.201812444833403e-17,1.064032145828238e-15,1.735,1.4913,0.869,0.755
TRIM22,ENSG00000132274,1.2391,1.118657309320128e-16,1.4469299602099035e-15,0.4506,0.1909,0.26,0.13
RAB1B,ENSG00000174903,0.4691,1.3514633067759048e-16,1.7428663297472053e-15,0.8273,0.5976,0.463,0.376
CAPN2,ENSG00000162909,0.2841,1.5178410999328936e-16,1.951638290032058e-15,1.0819,0.8884,0.587,0.52
MFSD14A,ENSG00000156875,-2.128,1.8798798104171875e-16,2.4100170076911787e-15,0.059,0.2582,0.037,0.18
POLD4,ENSG00000175482,0.6437,1.9362702530871334e-16,2.475008976446083e-15,0.6809,0.4358,0.389,0.262
FAM177A1,ENSG00000151327,-0.1888,2.349835587740032e-16,2.9948344470141285e-15,1.3212,1.5059,0.697,0.761
PAM,ENSG00000145730,0.6024,2.4833173182663165e-16,3.1557008962530446e-15,0.7,0.461,0.397,0.282
C4BPA,ENSG00000123838,0.2494,2.627491697465431e-16,3.3291775268760243e-15,1.4653,1.2327,0.736,0.636
WNK1,ENSG00000060237,0.3712,3.9916834125408027e-16,5.042981427587886e-15,0.9363,0.7239,0.519,0.435
EEF1G,ENSG00000254772,0.4908,4.030160344904255e-16,5.076833872160549e-15,0.9673,0.6883,0.509,0.358
MYH9,ENSG00000100345,0.5388,4.1857144695701225e-16,5.257547712355998e-15,0.7507,0.5167,0.422,0.331
TSPAN1,ENSG00000117472,1.8069,4.2676726249945305e-16,5.345044734359144e-15,0.3624,0.1035,0.202,0.068
PBXIP1,ENSG00000163346,1.1618,4.591664968957486e-16,5.734303435370469e-15,0.4551,0.2034,0.265,0.14
CCND2,ENSG00000118971,0.9057,4.61915214808908e-16,5.752101786703478e-15,0.5472,0.292,0.307,0.189
CYP4B1,ENSG00000142973,0.3943,4.90250240037286e-16,6.087507266291557e-15,1.0024,0.7626,0.535,0.429
EPHX1,ENSG00000143819,0.2581,5.489855001734907e-16,6.7974102101253296e-15,1.3594,1.1367,0.7,0.609
PLD3,ENSG00000105223,0.2152,5.878737036126573e-16,7.258236124717638e-15,1.4262,1.2286,0.736,0.658
HLA-DMA,ENSG00000204257,0.3339,6.085447597813844e-16,7.49216862892322e-15,1.043,0.8274,0.569,0.484
FAAP20,ENSG00000162585,0.3796,6.256838546896402e-16,7.681418170850779e-15,0.9207,0.7077,0.51,0.436
IFT57,ENSG00000114446,0.237,6.912647222678463e-16,8.462637980214254e-15,1.2597,1.0689,0.666,0.593
SERPINA1,ENSG00000197249,0.2013,8.933306882349684e-16,1.0905660592890934e-14,2.112,1.837,0.949,0.829
TMEM213,ENSG00000214128,2.0495,1.2105533640619502e-15,1.4736876527207945e-14,0.3312,0.0799,0.185,0.05
PSAP,ENSG00000197746,0.2147,1.2483369082843443e-15,1.515439162961944e-14,1.2624,1.0878,0.671,0.611
PTP4A1,ENSG00000112245,0.2312,1.301255431534478e-15,1.575280252214162e-14,1.2746,1.0858,0.667,0.599
BBLN,ENSG00000171159,0.3448,1.5086842875338975e-15,1.8213171982284218e-14,0.9595,0.7555,0.526,0.459
ABCC3,ENSG00000108846,2.48,1.7360366325477191e-15,2.089976511094844e-14,0.2901,0.0519,0.169,0.034
MALL,ENSG00000144063,0.2237,1.825047160642147e-15,2.1910649061189976e-14,1.5622,1.3378,0.793,0.692
IGFBP4,ENSG00000141753,0.406,1.8407083517302313e-15,2.2037792001706846e-14,0.8842,0.6673,0.489,0.405
BTG1,ENSG00000133639,-0.2479,1.864671082480282e-15,2.2263353089173916e-14,1.1434,1.3577,0.606,0.695
INSIG1,ENSG00000186480,-0.4813,2.1334003768053802e-15,2.5402076815332006e-14,0.629,0.8782,0.347,0.499
SNHG7,ENSG00000233016,-0.3754,2.152484034221031e-15,2.555927763039508e-14,0.8344,1.0824,0.456,0.591
ODC1,ENSG00000115758,0.4839,2.3526982500804375e-15,2.7860562928745454e-14,0.8038,0.5747,0.445,0.357
TMEM219,ENSG00000149932,0.2408,2.5466762370862015e-15,3.0075692734719105e-14,1.1361,0.9615,0.611,0.559
SPTSSA,ENSG00000165389,-0.2487,4.080433573172113e-15,4.805843986180489e-14,1.1647,1.3838,0.616,0.715
RAB31,ENSG00000168461,0.8325,4.239253023114391e-15,4.9794036860689575e-14,0.5388,0.3025,0.311,0.193
MSLN,ENSG00000102854,0.6006,4.6147296149397744e-15,5.4058261203580213e-14,0.7429,0.4899,0.387,0.276
HSD17B6,ENSG00000025423,-0.4715,4.629195030016121e-15,5.408193978615608e-14,0.6271,0.8696,0.348,0.498
FBP1,ENSG00000165140,0.3041,4.784984389029347e-15,5.575212373919984e-14,1.0406,0.8428,0.569,0.494
CYB5R3,ENSG00000100243,0.2706,7.489131167065259e-15,8.702610709108454e-14,1.0559,0.8753,0.576,0.519
GSTA4,ENSG00000170899,-0.4569,8.337547374335754e-15,9.662661570363516e-14,0.6465,0.8874,0.363,0.512
CYBA,ENSG00000051523,0.7825,8.5061840082919e-15,9.831881835116118e-14,0.596,0.3465,0.325,0.217
ZFP36,ENSG00000128016,-0.1051,1.0016629696403729e-14,1.1547021925880798e-13,1.5554,1.673,0.763,0.773
SOX4,ENSG00000124766,0.8729,1.0749952171925143e-14,1.2359601095022928e-13,0.5549,0.303,0.302,0.184
LTBP3,ENSG00000168056,1.0046,1.0780949421652312e-14,1.2362534613852493e-13,0.4821,0.2403,0.278,0.161
TMPRSS2,ENSG00000184012,0.3902,1.1096057367255611e-14,1.2690385610024444e-13,0.8781,0.67,0.489,0.405
MCCC1,ENSG00000078070,-0.6586,1.2202918825498996e-14,1.3919654912235862e-13,0.3739,0.5903,0.219,0.363
GCHFR,ENSG00000137880,-0.5804,1.4106951471110124e-14,1.604942698781272e-13,0.4398,0.6577,0.251,0.402
ZNF90,ENSG00000213988,-2.1856,1.5251055402176888e-14,1.7305766782731266e-13,0.0557,0.2538,0.033,0.166
BEX2,ENSG00000133134,-0.4722,1.9332281313317636e-14,2.1879712132207928e-13,0.5957,0.8264,0.338,0.487
FGGY,ENSG00000172456,-0.2508,2.1173547275125835e-14,2.3901360118882304e-13,1.1722,1.3948,0.618,0.718
ZNF428,ENSG00000131116,0.5499,2.6098210811661365e-14,2.9384151343906815e-13,0.7042,0.481,0.401,0.313
ACADVL,ENSG00000072778,0.298,2.688505834233585e-14,3.019185104800817e-13,1.0032,0.816,0.551,0.488
TSPAN3,ENSG00000140391,0.1603,3.2143075723416396e-14,3.6003558529373106e-13,1.633,1.4613,0.823,0.753
CNPY2,ENSG00000257727,-0.6822,3.242215583396062e-14,3.6222799294188394e-13,0.3363,0.5397,0.197,0.341
CAT,ENSG00000121691,0.2216,3.4196438049385e-14,3.8107107631442874e-13,1.2727,1.0914,0.672,0.603
TJP2,ENSG00000119139,-2.2294,3.5402143595678915e-14,3.934979950558071e-13,0.051,0.2398,0.032,0.163
CHPT1,ENSG00000111666,-0.732,3.731112934172492e-14,4.1365859214065436e-13,0.3024,0.5023,0.182,0.323
AGER,ENSG00000204305,0.5926,4.1780850320368623e-14,4.620345432374607e-13,0.7072,0.469,0.381,0.274
HMGN2,ENSG00000198830,0.1906,4.724278975923953e-14,5.211095540448096e-13,1.45,1.2705,0.748,0.677
RAD50,ENSG00000113522,-1.4093,4.9377993915613285e-14,5.432829406512793e-13,0.112,0.2976,0.07,0.202
WBP1,ENSG00000239779,1.1817,5.0712861871000266e-14,5.565608527559777e-13,0.4057,0.1788,0.237,0.114
ALCAM,ENSG00000170017,-0.4486,5.449111492990422e-14,5.965198626835358e-13,0.6725,0.9178,0.38,0.514
CALR,ENSG00000179218,0.2117,8.662690850275583e-14,9.459310159622535e-13,1.3916,1.2016,0.72,0.642
PEG10,ENSG00000242265,-0.5403,1.1263795526905477e-13,1.2268785804494036e-12,0.519,0.7548,0.285,0.405
MMP24OS,ENSG00000126005,0.286,1.2011146424174434e-13,1.305011058986552e-12,1.0022,0.8219,0.551,0.489
UCP2,ENSG00000175567,1.0324,1.2100973177035447e-13,1.3114920056707244e-12,0.4524,0.2211,0.263,0.15
CREG1,ENSG00000143162,-0.498,1.372445673881004e-13,1.4837435071360307e-12,0.5203,0.7348,0.302,0.447
APLP2,ENSG00000084234,0.1788,1.5515924848359948e-13,1.6732558161531597e-12,1.7266,1.5253,0.855,0.765
AQP4,ENSG00000171885,0.3056,1.98513183756331e-13,2.135490833180729e-12,0.9806,0.7934,0.528,0.467
LPL,ENSG00000175445,-0.6497,2.0210955627873466e-13,2.168810201450323e-12,0.3677,0.5769,0.208,0.346
SELENOH,ENSG00000211450,0.1877,2.340636123266376e-13,2.505518372343761e-12,1.3186,1.1578,0.701,0.643
PTPRF,ENSG00000142949,0.642,2.5430414318998555e-13,2.7154933815815164e-12,0.6055,0.388,0.353,0.255
NOP53,ENSG00000105373,-0.2265,2.972059585120971e-13,3.1658262149352305e-12,1.1249,1.3162,0.607,0.689
HSP90B1,ENSG00000166598,0.2001,3.6774967793555417e-13,3.907677506865326e-12,1.3714,1.1938,0.711,0.641
KRTCAP2,ENSG00000163463,0.2149,3.7755289986468726e-13,4.002060738565685e-12,1.2785,1.1016,0.675,0.607
PTMS,ENSG00000159335,0.2987,4.000881011471474e-13,4.230615298261564e-12,0.9958,0.8096,0.544,0.478
CD55,ENSG00000196352,0.1898,4.2438695519181596e-13,4.4766643380185244e-12,1.4144,1.24,0.728,0.659
TRAPPC5,ENSG00000181029,0.7327,4.300908578638643e-13,4.5258471386836665e-12,0.5549,0.3339,0.316,0.201
DPP4,ENSG00000197635,0.6937,4.3777511580823675e-13,4.595581288170524e-12,0.5681,0.3512,0.33,0.23
NDUFB2,ENSG00000090266,0.1686,4.478239423535982e-13,4.68974181558732e-12,1.629,1.4493,0.824,0.748
WFDC2,ENSG00000101443,0.1966,4.5042777323670504e-13,4.705670919439231e-12,1.9108,1.6673,0.904,0.796
RPL17,ENSG00000265681,0.1958,4.5316495693967925e-13,4.722913436114739e-12,1.5475,1.3511,0.776,0.696
HLA-DQA1,ENSG00000196735,0.7796,5.502326709420762e-13,5.7208401624743136e-12,0.5449,0.3174,0.304,0.194
ANXA5,ENSG00000164111,0.1888,5.544784147342443e-13,5.751224798174285e-12,1.3453,1.1802,0.709,0.648
FKBP1A,ENSG00000088832,0.2397,6.074784683399844e-13,6.285955770013267e-12,1.0721,0.908,0.581,0.533
MRPL12,ENSG00000262814,-1.3023,7.214492088104673e-13,7.447549314703778e-12,0.1208,0.298,0.076,0.202
MLEC,ENSG00000110917,0.3624,7.713484963157317e-13,7.943792808028839e-12,0.8357,0.65,0.465,0.407
CALCOCO1,ENSG00000012822,0.801,7.806924458115811e-13,8.021015057912842e-12,0.5125,0.2941,0.298,0.192
AFF3,ENSG00000144218,-1.0955,7.997493700051758e-13,8.197431042553053e-12,0.2057,0.4396,0.122,0.245
ZMAT3,ENSG00000172667,1.4988,8.900258531120706e-13,9.101299665000139e-12,0.3418,0.1209,0.201,0.086
MGST3,ENSG00000143198,-0.2279,8.949433642721925e-13,9.130102960391899e-12,1.1659,1.3654,0.624,0.713
LBH,ENSG00000213626,2.3662,9.470735257147284e-13,9.639301036899788e-12,0.2723,0.0527,0.157,0.037
ATP1B3,ENSG00000069849,-0.6156,1.1569093220377523e-12,1.1747495125177738e-11,0.3603,0.5521,0.212,0.349
NRGN,ENSG00000154146,-0.4089,1.2676118250026751e-12,1.2841587392684443e-11,0.6773,0.8993,0.378,0.515
MDM2,ENSG00000135679,0.9448,1.3295487612972281e-12,1.343771841069245e-11,0.4576,0.2377,0.265,0.156
REXO2,ENSG00000076043,0.3809,1.3578174421905114e-12,1.3691588407795737e-11,0.8273,0.6353,0.463,0.395
AKAP13,ENSG00000170776,-0.1833,1.4450679798155746e-12,1.4537651482126128e-11,1.3918,1.5804,0.721,0.774
NDUFB9,ENSG00000147684,-0.2471,1.4692135604100117e-12,1.474642525067416e-11,1.1188,1.3278,0.605,0.707
NEDD9,ENSG00000111859,0.4051,1.5046838587087106e-12,1.506764066808308e-11,0.8248,0.6228,0.449,0.367
TRAPPC1,ENSG00000170043,0.1986,1.5345070894409097e-12,1.533096048439125e-11,1.1862,1.0336,0.634,0.588
FLOT1,ENSG00000137312,0.4841,1.5835830048616807e-12,1.5784981053047854e-11,0.7193,0.5142,0.407,0.33
ATXN7,ENSG00000163635,-3.6375,1.6791690517197645e-12,1.669947070657688e-11,0.0159,0.1989,0.009,0.131
BSG,ENSG00000172270,0.2191,1.7827556148130885e-12,1.7689168725976445e-11,1.1108,0.9543,0.607,0.557
C4orf3,ENSG00000164096,0.1741,1.875091919801598e-12,1.8562982878035865e-11,1.369,1.2133,0.719,0.662
VKORC1,ENSG00000167397,-1.003,1.9839423387898725e-12,1.9595939555410878e-11,0.1688,0.3385,0.102,0.229
YWHAB,ENSG00000166913,0.1746,2.1191725614640593e-12,2.0884181297330614e-11,1.3234,1.1726,0.701,0.647
MPST,ENSG00000128309,-0.3394,2.2300718406868493e-12,2.1927357962952595e-11,0.8457,1.07,0.472,0.603
EIF3E,ENSG00000104408,-0.2071,2.2367335124793075e-12,2.1943214097596095e-11,1.1807,1.363,0.629,0.706
CCDC141,ENSG00000163492,-0.6771,2.2575996948649712e-12,2.209803665289001e-11,0.3677,0.588,0.21,0.335
DYNLRB1,ENSG00000125971,0.1967,2.284156323041035e-12,2.2307737932441207e-11,1.155,1.0078,0.623,0.582
ECH1,ENSG00000104823,-0.3096,2.3537105141428513e-12,2.2935484068306796e-11,0.9348,1.1586,0.514,0.638
INSR,ENSG00000171105,-1.1252,2.5732818576485695e-12,2.5018977524252088e-11,0.1556,0.3396,0.094,0.217
MUC5B,ENSG00000117983,3.6859,2.654422558640592e-12,2.5750268838955384e-11,0.2593,0.0201,0.131,0.011
NFIX,ENSG00000008441,0.3476,3.031746945180984e-12,2.93451497188342e-11,0.8647,0.6796,0.48,0.419
HSPA6,ENSG00000173110,2.7485,3.098249684902717e-12,2.992220695686046e-11,0.2731,0.0406,0.144,0.026
CD81,ENSG00000110651,0.2151,3.139746188739291e-12,3.025573600057862e-11,1.327,1.1431,0.695,0.621
RRBP1,ENSG00000125844,0.263,3.404556157099739e-12,3.273495809459174e-11,1.009,0.8409,0.547,0.494
ISG20,ENSG00000172183,-0.7942,3.5653260676517688e-12,3.4205092913939485e-11,0.2396,0.4155,0.143,0.271
FASN,ENSG00000169710,-0.2467,3.919916594166673e-12,3.7524135502749693e-11,1.1346,1.3462,0.597,0.697
DDX21,ENSG00000165732,-0.4208,4.456792337947932e-12,4.256971318839937e-11,0.618,0.8273,0.353,0.48
TIMP3,ENSG00000100234,1.8736,5.208613051372728e-12,4.964173754663569e-11,0.2999,0.0818,0.165,0.048
FAM210B,ENSG00000124098,0.6514,5.432566100087978e-12,5.1662871490114564e-11,0.5808,0.3698,0.336,0.25
ESRRA,ENSG00000173153,-0.9855,6.187033634033632e-12,5.870927548801345e-11,0.1707,0.338,0.1,0.226
WASHC1,ENSG00000181404,1.0425,6.437838717246518e-12,6.095609382386356e-11,0.4102,0.1991,0.241,0.133
ADGRF5,ENSG00000069122,0.1576,7.933182236124301e-12,7.495132608303525e-11,1.417,1.2703,0.733,0.677
ENSG00000214708,ENSG00000214708,-0.8837,8.414272628100238e-12,7.932414065449812e-11,0.2005,0.37,0.118,0.243
RPN2,ENSG00000118705,0.2399,9.100672656893798e-12,8.560935793692737e-11,1.0474,0.887,0.569,0.518
COBLL1,ENSG00000082438,-0.4669,1.122099717774255e-11,1.0532711389734151e-10,0.5582,0.7715,0.316,0.452
PTPRG,ENSG00000144724,-0.8528,1.1490588567123808e-11,1.0762521101879326e-10,0.2761,0.4987,0.161,0.28
ATP11A,ENSG00000068650,0.2239,1.618147369096054e-11,1.51235880991214e-10,1.0673,0.9138,0.574,0.513
TCEAL9,ENSG00000185222,-0.4341,1.8737920697559e-11,1.7475322607637643e-10,0.5776,0.7804,0.329,0.456
ARHGDIB,ENSG00000111348,0.636,2.0590120407560578e-11,1.9161598135173077e-10,0.5834,0.3754,0.331,0.243
PCYT2,ENSG00000185813,-0.7585,2.126824960271849e-11,1.9708275644651292e-10,0.2364,0.4,0.141,0.267
LGMN,ENSG00000100600,0.2076,2.1256211509695885e-11,1.9708275644651292e-10,1.0996,0.9522,0.591,0.548
SDCBP,ENSG00000137575,0.3217,2.2145600736213902e-11,2.0477612936082045e-10,0.8757,0.7006,0.489,0.428
CREB3L1,ENSG00000157613,0.4137,2.2663273838903027e-11,2.0911802145195873e-10,0.7649,0.5742,0.426,0.358
PET100,ENSG00000229833,0.2524,2.358833293944553e-11,2.171925740568438e-10,1.043,0.8756,0.569,0.512
POLR1D,ENSG00000186184,-0.2917,2.5830087117069985e-11,2.373309907204781e-10,0.9505,1.1635,0.522,0.64
MAGED1,ENSG00000179222,0.7554,2.7264878151961777e-11,2.499855705662993e-10,0.4982,0.2951,0.292,0.194
CALM3,ENSG00000160014,0.4403,2.7548201742702372e-11,2.520515468921779e-10,0.7219,0.532,0.412,0.34
CAPN8,ENSG00000203697,0.4525,3.057783554902026e-11,2.7918334726059256e-10,0.7356,0.5375,0.407,0.329
SCP2,ENSG00000116171,0.1897,3.224038114219559e-11,2.9374569485111534e-10,1.193,1.046,0.64,0.591
STX10,ENSG00000104915,-0.5301,3.3796527905304235e-11,3.072797286118247e-10,0.4,0.5777,0.235,0.366
PNPLA2,ENSG00000177666,0.4761,3.789013860889445e-11,3.4377983798383146e-10,0.6936,0.4986,0.395,0.313
PSME2,ENSG00000100911,0.3381,3.805927954590292e-11,3.4459506022186266e-10,0.8692,0.6876,0.483,0.413
NDUFAF8,ENSG00000224877,0.4324,4.129824841250484e-11,3.731438411657922e-10,0.7347,0.5444,0.413,0.347
RPN1,ENSG00000163902,0.2767,4.1579126780826076e-11,3.7490225101549817e-10,0.928,0.7661,0.514,0.464
SOD2,ENSG00000291237,-0.2519,4.1970479724704066e-11,3.7764742211917983e-10,1.0696,1.2736,0.565,0.652
PMF1,ENSG00000160783,-0.7952,4.220533688455424e-11,3.789760208683321e-10,0.2149,0.3729,0.124,0.248
C1S,ENSG00000182326,0.9474,4.300322898371697e-11,3.8534439827470917e-10,0.4251,0.2204,0.249,0.148
SCEL,ENSG00000136155,1.335,4.524098505212987e-11,4.0456238896410786e-10,0.3416,0.1353,0.195,0.086
HIF1A,ENSG00000100644,0.3873,4.7445195171351214e-11,4.2253446355469753e-10,0.7835,0.599,0.436,0.368
RBPMS,ENSG00000157110,0.2076,4.7414082884874436e-11,4.2253446355469753e-10,1.079,0.9344,0.585,0.53
MRPS24,ENSG00000062582,0.562,5.1284584180143626e-11,4.5579305285665483e-10,0.6039,0.409,0.345,0.237
DYNC1H1,ENSG00000197102,0.493,5.148238967726564e-11,4.5661727660693155e-10,0.676,0.4803,0.381,0.308
PDLIM4,ENSG00000131435,3.1007,5.316567626476161e-11,4.705866172029612e-10,0.217,0.0252,0.129,0.017
PTPN1,ENSG00000196396,0.3214,5.418611368520921e-11,4.78644004219348e-10,0.8743,0.6997,0.483,0.415
TOMM5,ENSG00000175768,0.4058,5.576880291710537e-11,4.916251875816226e-10,0.7819,0.5902,0.438,0.354
TMC4,ENSG00000167608,0.7274,6.111241219591169e-11,5.37640776120308e-10,0.501,0.3025,0.296,0.202
ITPR3,ENSG00000096433,0.3312,6.292621082824024e-11,5.524794187061254e-10,0.8434,0.6704,0.471,0.409
ZBTB20,ENSG00000181722,0.4107,6.39979319273342e-11,5.607560728955534e-10,0.7219,0.543,0.404,0.308
TPM3,ENSG00000143549,0.2876,6.90042409212379e-11,6.034052938505028e-10,0.9086,0.7443,0.507,0.453
HSPA1B,ENSG00000204388,0.4195,7.337622315955707e-11,6.400464367695794e-10,0.7921,0.5922,0.425,0.339
RAB11A,ENSG00000103769,0.2904,7.348899492591352e-11,6.400464367695794e-10,0.9016,0.7372,0.504,0.449
CIB1,ENSG00000185043,0.2011,7.44896023821835e-11,6.474636239059389e-10,1.0846,0.9434,0.587,0.55
HLA-DOA,ENSG00000204252,1.5179,7.839852253494094e-11,6.800797982771524e-10,0.303,0.1057,0.179,0.072
CHI3L1,ENSG00000133048,0.5463,8.023650231408859e-11,6.946371295956753e-10,0.6519,0.4464,0.353,0.258
ANXA11,ENSG00000122359,0.2479,9.359238427603104e-11,8.086530856135803e-10,0.9596,0.8081,0.531,0.487
SLC27A3,ENSG00000143554,-0.5578,9.560927412084223e-11,8.244402883515483e-10,0.3822,0.5626,0.218,0.343
ANK3,ENSG00000151150,-0.4952,9.741863181990654e-11,8.383789581966611e-10,0.5814,0.8195,0.331,0.45
ARL6IP5,ENSG00000144746,0.2147,1.0209772712754294e-10,8.769105179768807e-10,1.0627,0.9158,0.582,0.537
ARL5A,ENSG00000162980,-0.4341,1.025757413050737e-10,8.792784451910262e-10,0.5367,0.7252,0.308,0.445
PHLDA1,ENSG00000139289,2.8804,1.0284470575702202e-10,8.798486047638144e-10,0.2261,0.0306,0.131,0.022
MVD,ENSG00000167508,-0.5031,1.0330796932126172e-10,8.820755101575706e-10,0.4251,0.6026,0.239,0.373
TYMP,ENSG00000025708,0.5327,1.0374083756848576e-10,8.823046576763975e-10,0.6388,0.4415,0.361,0.282
MSN,ENSG00000147065,0.2175,1.0356666848597232e-10,8.823046576763975e-10,1.0384,0.8931,0.563,0.521
AHI1,ENSG00000135541,-0.6291,1.0450773111066561e-10,8.870910144667045e-10,0.3268,0.5055,0.191,0.312
VCP,ENSG00000165280,0.3924,1.0914373248613457e-10,9.246367668318535e-10,0.7598,0.5789,0.428,0.367
NENF,ENSG00000117691,0.3488,1.1765508344009594e-10,9.948034876082819e-10,0.8097,0.6358,0.452,0.397
PSMA6,ENSG00000100902,0.4139,1.2267373110332914e-10,1.0352233696603272e-09,0.7734,0.5805,0.43,0.338
RAB14,ENSG00000119396,0.3057,1.2629715219713586e-10,1.0637353167611482e-09,0.8705,0.7043,0.491,0.437
CYC1,ENSG00000179091,-0.441,1.277473043374364e-10,1.073868055416825e-09,0.5117,0.6946,0.304,0.432
PDE4C,ENSG00000105650,-6.9305,1.3359037135993804e-10,1.120818057780484e-09,0.0013,0.1697,0.001,0.111
JUND,ENSG00000130522,0.2272,1.4096060102985742e-10,1.180375283382968e-09,1.5173,1.2962,0.763,0.656
SPIRE1,ENSG00000134278,-0.8215,1.4555048554699427e-10,1.2146022147624252e-09,0.2401,0.4243,0.144,0.258
C18orf32,ENSG00000177576,0.4894,1.4560693830907123e-10,1.2146022147624252e-09,0.6706,0.4777,0.379,0.294
CTSA,ENSG00000064601,0.5496,1.5774079332328809e-10,1.3132978693161113e-09,0.6107,0.4172,0.353,0.274
EIF4EBP1,ENSG00000187840,-1.0299,1.6625534333556064e-10,1.3815405776985592e-09,0.1763,0.3601,0.103,0.213
CPM,ENSG00000135678,0.1927,1.833047684923485e-10,1.5203101600529513e-09,1.2878,1.1267,0.676,0.607
MYO1B,ENSG00000128641,0.2648,1.8413033588169397e-10,1.5242484566511276e-09,0.951,0.7915,0.523,0.463
LANCL1-AS1,ENSG00000234281,-1.1261,1.9060600258500163e-10,1.5748549186966105e-09,0.1548,0.3379,0.09,0.202
RTL8C,ENSG00000134590,0.7214,1.9256241158595462e-10,1.5880004568359749e-09,0.4991,0.3027,0.292,0.201
ERBB2,ENSG00000141736,0.8732,2.0237364091602757e-10,1.6657497034489693e-09,0.4414,0.2409,0.258,0.164
CFH,ENSG00000000971,1.5427,2.0385094095686433e-10,1.6747375981068665e-09,0.2934,0.1006,0.173,0.067
ITGA3,ENSG00000005884,0.544,2.0762636883999727e-10,1.7025362244879777e-09,0.6211,0.4259,0.352,0.269
SERINC2,ENSG00000168528,0.7713,2.0993885312113781e-10,1.718256602004642e-09,0.4851,0.2842,0.283,0.195
KIF22,ENSG00000079616,0.3398,2.3220507116261996e-10,1.8969233820916286e-09,0.8418,0.6651,0.462,0.402
AK3,ENSG00000147853,0.5348,2.3564157224426915e-10,1.9213851275301948e-09,0.6142,0.4239,0.352,0.28
TACSTD2,ENSG00000184292,0.287,2.5445833994775503e-10,2.070928736728358e-09,0.9823,0.8051,0.527,0.457
MSMO1,ENSG00000052802,-0.2517,2.5743659207186653e-10,2.091251269428658e-09,1.038,1.2359,0.548,0.645
VSIG10,ENSG00000176834,-1.0684,2.6575768325677946e-10,2.154818827302171e-09,0.1391,0.2918,0.082,0.196
GUK1,ENSG00000143774,0.1518,2.8760292140974205e-10,2.327602041800259e-09,1.2941,1.1649,0.684,0.644
C1GALT1,ENSG00000106392,-0.6773,2.898953627626263e-10,2.341794138599208e-09,0.2632,0.421,0.155,0.274
ZBTB16,ENSG00000109906,-1.0411,3.026762829202085e-10,2.4405030159020896e-09,0.1767,0.3638,0.107,0.217
COMMD7,ENSG00000149600,-1.1595,3.212362971786963e-10,2.585357310256693e-09,0.1177,0.2631,0.071,0.184
GOLIM4,ENSG00000173905,-0.578,3.258053257469988e-10,2.6172827092355947e-09,0.3271,0.4884,0.191,0.314
NDUFC1,ENSG00000109390,0.1495,3.430772543512592e-10,2.750947873451241e-09,1.3421,1.21,0.707,0.664
HLA-C,ENSG00000204525,0.1968,3.5496606185942906e-10,2.84103592051764e-09,1.7488,1.5258,0.863,0.752
ADGRE5,ENSG00000123146,0.4649,3.792284263317871e-10,3.0277005207530843e-09,0.6673,0.4834,0.381,0.308
SOD3,ENSG00000109610,-0.1774,3.796817266015718e-10,3.0277005207530843e-09,1.1178,1.2641,0.596,0.649
TMEM98,ENSG00000006042,0.7178,4.17064466579886e-10,3.319710937282389e-09,0.494,0.3003,0.289,0.204
TMEM238,ENSG00000233493,-0.6492,4.3553783434020797e-10,3.458150942189741e-09,0.3229,0.5064,0.187,0.294
PSMA7,ENSG00000101182,-0.2498,4.3604848511734424e-10,3.458150942189741e-09,1.0187,1.2112,0.555,0.655
TAOK3,ENSG00000135090,-0.4488,4.697618515230068e-10,3.718734074169376e-09,0.5075,0.6927,0.29,0.419
EPS8L2,ENSG00000177106,0.7531,4.768682234518825e-10,3.7681259984034205e-09,0.4963,0.2944,0.28,0.191
LMO4,ENSG00000143013,-0.737,5.018953152172009e-10,3.958687912765799e-09,0.2241,0.3736,0.133,0.249
DYNLT1,ENSG00000146425,0.1745,5.244792856292272e-10,4.129324230696778e-09,1.1602,1.0281,0.622,0.585
RFC1,ENSG00000035928,-0.4341,5.388185203281122e-10,4.234548443663608e-09,0.5026,0.6791,0.29,0.416
MYO1G,ENSG00000136286,2.2358,5.420090342488674e-10,4.251933687446892e-09,0.2237,0.0474,0.137,0.032
VWA1,ENSG00000179403,0.6561,5.473744297202548e-10,4.286286975791401e-09,0.524,0.3325,0.306,0.224
LSR,ENSG00000105699,0.3626,5.768264341069359e-10,4.508790796094862e-09,0.7621,0.5927,0.431,0.377
GNS,ENSG00000135677,0.6617,5.960831060496471e-10,4.650946461206043e-09,0.5209,0.3292,0.304,0.224
NME4,ENSG00000103202,0.5476,6.395432604662322e-10,4.9811021684341314e-09,0.6073,0.4154,0.345,0.269
PRDX3,ENSG00000165672,0.3051,6.45232318923492e-10,5.016421570736129e-09,0.8466,0.6852,0.473,0.424
OTUB1,ENSG00000167770,0.4599,6.603078223960171e-10,5.124460350237662e-09,0.6667,0.4847,0.382,0.308
NDUFA3,ENSG00000170906,0.1703,6.680613632633954e-10,5.175391594906802e-09,1.2559,1.1161,0.666,0.62
NCOA4,ENSG00000266412,0.4752,6.75069994536451e-10,5.220381132127074e-09,0.6554,0.4714,0.372,0.308
ZNF664,ENSG00000179195,0.5223,7.003397427404411e-10,5.406174994582516e-09,0.6183,0.4304,0.353,0.285
RAB5B,ENSG00000111540,0.5068,7.026989332026854e-10,5.414768729962537e-09,0.6258,0.4404,0.36,0.287
TMED10,ENSG00000170348,0.1926,7.118278238772431e-10,5.475404818708847e-09,1.0682,0.9348,0.583,0.546
PCSK9,ENSG00000169174,-1.2732,7.776280088517945e-10,5.970974075035157e-09,0.1047,0.2532,0.062,0.171
EIF4A1,ENSG00000161960,-0.4444,8.178536835571612e-10,6.268769151215912e-09,0.4882,0.6643,0.279,0.403
NDUFS4,ENSG00000164258,-0.5249,8.840414043272539e-10,6.752274065388832e-09,0.3639,0.5237,0.217,0.338
DDOST,ENSG00000244038,0.3668,8.838936090370973e-10,6.752274065388832e-09,0.7372,0.5717,0.424,0.364
DDIT4,ENSG00000168209,1.1966,9.13157308040483e-10,6.962423966217438e-09,0.3521,0.1536,0.2,0.102
PARD3,ENSG00000148498,-1.0842,9.17676967943205e-10,6.984630652681557e-09,0.1689,0.3582,0.098,0.205
RNF10,ENSG00000022840,0.5631,9.574998845399536e-10,7.274990381487131e-09,0.589,0.3986,0.338,0.266
PHGDH,ENSG00000092621,-1.6121,1.0378199400024857e-09,7.87149294808168e-09,0.0763,0.2334,0.046,0.152
CAPNS1,ENSG00000126247,0.3141,1.045896565385442e-09,7.918931137918346e-09,0.8091,0.6508,0.455,0.408
CNN3,ENSG00000117519,0.269,1.0765492435333637e-09,8.13684002155826e-09,0.8975,0.7448,0.493,0.454
ABLIM1,ENSG00000099204,0.6491,1.1683262663398045e-09,8.815183947070816e-09,0.5108,0.3257,0.295,0.206
RAC1,ENSG00000136238,0.1574,1.1720825509163268e-09,8.828198901702523e-09,1.4296,1.2818,0.745,0.683
CDK2AP2,ENSG00000167797,0.1909,1.1967649122677227e-09,8.998512644836546e-09,1.1453,1.0033,0.613,0.567
DUOXA1,ENSG00000140254,-0.3988,1.2246362485583543e-09,9.192174673980324e-09,0.5839,0.7699,0.329,0.457
VMP1,ENSG00000062716,0.2771,1.2419041879595314e-09,9.305716553227798e-09,0.961,0.7931,0.521,0.45
CCDC14,ENSG00000175455,-0.601,1.5136447631392378e-09,1.132237545714824e-08,0.3091,0.4689,0.18,0.295
SMDT1,ENSG00000183172,-0.2192,1.6265898947021491e-09,1.2146322478308489e-08,1.1137,1.2965,0.601,0.693
ZFAND5,ENSG00000107372,0.1859,1.7366599715387974e-09,1.294601069692558e-08,1.1525,1.0131,0.616,0.569
SUB1,ENSG00000113387,0.152,1.9737825333974807e-09,1.4688457003673718e-08,1.234,1.1106,0.662,0.623
CHMP4B,ENSG00000101421,0.2873,2.109077856651584e-09,1.566846558120989e-08,0.8542,0.6999,0.477,0.431
RSL24D1,ENSG00000137876,-0.3499,2.1242323986518935e-09,1.575411946167428e-08,0.677,0.8628,0.385,0.51
NUCB1,ENSG00000104805,0.259,2.31033480540027e-09,1.710513639568922e-08,0.902,0.7537,0.503,0.458
SULT1A1,ENSG00000196502,0.4028,2.5386873083175025e-09,1.8763835105353513e-08,0.6994,0.529,0.4,0.333
KCNQ1OT1,ENSG00000269821,-0.71,2.6169776713740433e-09,1.9309651884196253e-08,0.2789,0.4563,0.157,0.263
GRN,ENSG00000030582,0.3036,2.7639168223349485e-09,2.0359292389606245e-08,0.8205,0.6648,0.462,0.414
DDX17,ENSG00000100201,0.1499,2.8222164293917065e-09,2.0753557702430384e-08,1.3768,1.2409,0.721,0.666
KANK1,ENSG00000107104,-0.7488,2.8467528593475603e-09,2.0898628254602194e-08,0.2427,0.4079,0.141,0.25
MRPL23,ENSG00000214026,-0.5768,2.913413316198471e-09,2.135192963271257e-08,0.3153,0.4704,0.187,0.299
RAP1B,ENSG00000127314,0.563,2.922141595608195e-09,2.1379844064837063e-08,0.5565,0.3766,0.324,0.243
ASRGL1,ENSG00000162174,-0.6966,3.0296511440056845e-09,2.2129182977896984e-08,0.2364,0.3833,0.139,0.249
ANP32E,ENSG00000143401,-0.5513,3.575954185270631e-09,2.607566592145329e-08,0.3261,0.4779,0.197,0.309
HMGCR,ENSG00000113161,-0.5117,3.639112493197041e-09,2.6491763643943617e-08,0.37,0.5276,0.211,0.33
WLS,ENSG00000116729,0.6125,3.6842385599194006e-09,2.6775419366905878e-08,0.5166,0.3379,0.304,0.223
SEC11A,ENSG00000140612,-0.2309,3.998401640621549e-09,2.901010606033598e-08,1.0655,1.2504,0.58,0.675
TRIM8,ENSG00000171206,0.5607,4.216950578131777e-09,3.054477868760117e-08,0.561,0.3803,0.325,0.253
HLA-DQB1,ENSG00000179344,0.1829,4.224331729075406e-09,3.0547330606591873e-08,1.103,0.9716,0.588,0.553
SF3B5,ENSG00000169976,-0.2711,4.297764885125991e-09,3.1026721247105574e-08,0.9191,1.1091,0.509,0.616
RAB11B,ENSG00000185236,0.292,4.429391527620191e-09,3.1923939600393615e-08,0.8277,0.676,0.466,0.42
PLS3,ENSG00000102024,0.3424,4.6739774383771666e-09,3.363097011123703e-08,0.7611,0.6003,0.431,0.373
NUMA1,ENSG00000137497,0.6222,4.7792554116287785e-09,3.4331643006510204e-08,0.5344,0.3471,0.305,0.23
BAG1,ENSG00000107262,0.2802,4.791084957777892e-09,3.435982710644013e-08,0.8398,0.6916,0.465,0.429
HM13,ENSG00000101294,0.2787,5.396631770608091e-09,3.863881659812646e-08,0.8672,0.7148,0.482,0.432
TNFRSF12A,ENSG00000006327,0.3765,5.646827198875532e-09,4.029739081496398e-08,0.7923,0.6103,0.426,0.35
SYTL1,ENSG00000142765,1.1829,5.646127377441384e-09,4.029739081496398e-08,0.325,0.1431,0.192,0.099
TMC6,ENSG00000141524,0.8709,5.684340605419482e-09,4.0498597165824704e-08,0.4059,0.2219,0.239,0.153
NDUFAF2,ENSG00000164182,-0.6046,6.042230016601161e-09,4.297795687749369e-08,0.2927,0.4452,0.176,0.284
CDC42,ENSG00000070831,0.1803,6.120457540701937e-09,4.3463249137076176e-08,1.0788,0.952,0.587,0.552
PLIN2,ENSG00000147872,-0.4969,6.288088471074914e-09,4.458080341809392e-08,0.4084,0.5764,0.234,0.341
PRPF38B,ENSG00000134186,-0.5037,6.360648199892713e-09,4.502178676992464e-08,0.3531,0.5007,0.202,0.322
ESD,ENSG00000139684,-0.3175,6.714033015870911e-09,4.744583331215444e-08,0.7666,0.9553,0.435,0.557
AGR2,ENSG00000106541,0.2195,6.744982573406726e-09,4.7587166013028625e-08,1.3553,1.164,0.694,0.601
SUSD2,ENSG00000099994,0.1917,7.23295541299953e-09,5.094720295769198e-08,1.1551,1.0114,0.615,0.56
CCNB1IP1,ENSG00000100814,-0.5372,8.004011938632402e-09,5.6287113083003914e-08,0.3109,0.4512,0.181,0.296
ADIPOR1,ENSG00000159346,0.2389,8.193837108090308e-09,5.752894357311871e-08,0.909,0.7703,0.505,0.47
MBNL1,ENSG00000152601,0.139,8.224479959962674e-09,5.765095146128674e-08,1.2385,1.1247,0.659,0.609
SPINK5,ENSG00000133710,0.8412,8.286245455435746e-09,5.7990374797622794e-08,0.4422,0.2468,0.239,0.152
FXYD5,ENSG00000089327,0.4204,8.51560702264247e-09,5.9499723666244655e-08,0.6881,0.5141,0.386,0.317
EMB,ENSG00000170571,2.1981,8.780884571132575e-09,6.115660952907399e-08,0.2205,0.048,0.131,0.033
SLC40A1,ENSG00000138449,0.5668,8.775663843523736e-09,6.115660952907399e-08,0.5682,0.3836,0.319,0.252
DONSON,ENSG00000159147,-2.8768,9.43011755250596e-09,6.557326541310544e-08,0.0272,0.2007,0.019,0.116
ETV1,ENSG00000006468,0.2823,1.0001060732176913e-08,6.943228425246145e-08,0.8677,0.7135,0.477,0.424
DDX46,ENSG00000145833,-0.4155,1.0497577271465604e-08,7.276311135851597e-08,0.4842,0.6458,0.285,0.402
ITGB1,ENSG00000150093,0.2034,1.059632340791622e-08,7.333060753312721e-08,0.9829,0.8536,0.538,0.507
IER3IP1,ENSG00000134049,-0.4179,1.0803668545781696e-08,7.464665103333426e-08,0.4794,0.6406,0.282,0.4
OTULINL,ENSG00000145569,-1.0821,1.0930266690682452e-08,7.540149053604117e-08,0.1257,0.2662,0.075,0.176
EHD2,ENSG00000024422,0.8015,1.1563098292226281e-08,7.96406104247471e-08,0.428,0.2455,0.249,0.166
GABPB1,ENSG00000104064,-1.2172,1.2501629624768371e-08,8.596848472981542e-08,0.0986,0.2294,0.058,0.159
ANG,ENSG00000214274,-0.7745,1.2840314533077924e-08,8.815798887955239e-08,0.1967,0.3365,0.118,0.221
PRDX4,ENSG00000123131,0.3228,1.2971849963149907e-08,8.892059927421055e-08,0.7777,0.6218,0.438,0.384
SEM1,ENSG00000127922,0.1264,1.3205250842290074e-08,9.037798450487033e-08,1.3619,1.2476,0.715,0.68
ARF3,ENSG00000134287,0.4543,1.3813304301362476e-08,9.439091272597693e-08,0.6258,0.4567,0.359,0.302
NR1D1,ENSG00000126368,-0.9375,1.4306902891273345e-08,9.76103610133029e-08,0.1687,0.3232,0.102,0.201
PSME1,ENSG00000092010,0.1531,1.4790570667875392e-08,1.0075206915765902e-07,1.1975,1.0769,0.638,0.605
CYP20A1,ENSG00000119004,-0.6984,1.4896737991484328e-08,1.0131646840530656e-07,0.2175,0.353,0.13,0.236
EPB41L4A-AS1,ENSG00000224032,-0.7844,1.495512304697747e-08,1.0155463244088139e-07,0.1854,0.3194,0.11,0.214
C2,ENSG00000166278,-0.2699,1.5301958926491937e-08,1.0374775896183145e-07,0.8822,1.0638,0.486,0.592
KLF2,ENSG00000127528,0.9891,1.5925003657135466e-08,1.0780384095624725e-07,0.3692,0.186,0.208,0.118
LAMB3,ENSG00000196878,0.7168,1.6630555201560833e-08,1.1240496563916545e-07,0.4638,0.2821,0.265,0.184
TBC1D4,ENSG00000136111,-0.9366,1.8099728085760825e-08,1.2214505941105052e-07,0.1642,0.3144,0.099,0.199
ECI1,ENSG00000167969,-0.6351,1.93872280848758e-08,1.3063084225871354e-07,0.2418,0.3756,0.145,0.251
MRPL32,ENSG00000106591,-0.4816,2.0036831392097214e-08,1.3479886877717416e-07,0.3557,0.4968,0.211,0.325
NEBL,ENSG00000078114,-0.5113,2.007795426674933e-08,1.3486675308082316e-07,0.396,0.5645,0.231,0.337
KDELR1,ENSG00000105438,0.1476,2.01480512806929e-08,1.3512875133625208e-07,1.1682,1.0546,0.627,0.598
EID1,ENSG00000255302,0.1542,2.134208727864411e-08,1.4291635025113606e-07,1.1454,1.0293,0.62,0.587
TM7SF3,ENSG00000064115,0.5916,2.1377421744094567e-08,1.4293273061513076e-07,0.521,0.3457,0.302,0.232
CCNL2,ENSG00000221978,0.568,2.242642238001066e-08,1.4971617767054733e-07,0.5454,0.3679,0.312,0.24
LAMA5,ENSG00000130702,1.1172,2.2491056905331963e-08,1.49917382378179e-07,0.3301,0.1521,0.191,0.102
ST6GAL1,ENSG00000073849,0.8638,2.3101000718488544e-08,1.5374724214785792e-07,0.3605,0.198,0.213,0.12
AHCYL2,ENSG00000158467,0.3225,2.3764936312244545e-08,1.5792417922479325e-07,0.764,0.6109,0.425,0.365
GALE,ENSG00000117308,-0.4155,2.4069019685517173e-08,1.5970070160802691e-07,0.4589,0.6121,0.267,0.382
CKS1B,ENSG00000173207,-0.7304,2.519709926514949e-08,1.6693078263161537e-07,0.1927,0.3197,0.113,0.218
ANKRD65,ENSG00000235098,0.7474,2.588162918107943e-08,1.7120481038199572e-07,0.4332,0.258,0.255,0.174
HLA-DRB5,ENSG00000198502,0.2217,2.6210626157320606e-08,1.731176007290507e-07,1.2664,1.086,0.649,0.558
SLC38A1,ENSG00000111371,-0.4878,2.6464181775603833e-08,1.7452706221058308e-07,0.3694,0.518,0.221,0.328
TEN1,ENSG00000257949,1.728,2.8257173434960933e-08,1.8606920567930338e-07,0.2344,0.0707,0.139,0.045
CNIH1,ENSG00000100528,0.2683,2.932587577745458e-08,1.9281430579246234e-07,0.8443,0.701,0.474,0.432
LGALS1,ENSG00000100097,0.9498,2.989350176076782e-08,1.9624948436902863e-07,0.3881,0.2009,0.209,0.12
MED13L,ENSG00000123066,-0.6455,3.0119964718790726e-08,1.9743795877505958e-07,0.2834,0.4434,0.167,0.268
EIF5A,ENSG00000132507,-0.2923,3.071959185778746e-08,2.0106528044268718e-07,0.7982,0.9775,0.442,0.555
PLXNB1,ENSG00000164050,0.9963,3.140219310652449e-08,2.0522395675331644e-07,0.3562,0.1785,0.205,0.119
NMT1,ENSG00000136448,-0.8767,3.1677625103229266e-08,2.0671315119915073e-07,0.1609,0.2954,0.097,0.197
ERP27,ENSG00000139055,1.5325,3.192149084844613e-08,2.0799220273965052e-07,0.2553,0.0882,0.153,0.061
RCN2,ENSG00000117906,0.3047,3.304856354855897e-08,2.150135586557444e-07,0.7824,0.6335,0.445,0.399
SET,ENSG00000119335,-0.2573,3.3684242674605206e-08,2.1882170203861618e-07,0.8833,1.0557,0.495,0.59
PDIA3,ENSG00000167004,0.1525,3.418486341181527e-08,2.2174241251902858e-07,1.2579,1.1317,0.666,0.62
TRIR,ENSG00000123144,0.1378,3.533585846004542e-08,2.2882977256786932e-07,1.2187,1.1076,0.657,0.623
RAB25,ENSG00000132698,0.2131,3.538279042006631e-08,2.2882977256786932e-07,0.9365,0.8079,0.522,0.487
ZFAS1,ENSG00000177410,-0.1009,3.5612974282410526e-08,2.2997620539577437e-07,1.3312,1.4276,0.702,0.717
NDUFV3,ENSG00000160194,-0.4173,3.77497812073272e-08,2.434132776365638e-07,0.4376,0.5845,0.26,0.372
CD38,ENSG00000004468,0.6798,3.8068841539066975e-08,2.451069412278297e-07,0.4409,0.2752,0.255,0.169
MYH14,ENSG00000105357,0.4784,3.906665173992928e-08,2.5104045854802356e-07,0.583,0.4184,0.338,0.269
GFUS,ENSG00000104522,0.5847,3.910593429291577e-08,2.5104045854802356e-07,0.5161,0.3441,0.3,0.23
LAMB2,ENSG00000172037,0.7363,3.971308477793004e-08,2.545620449039586e-07,0.4382,0.263,0.256,0.178
CDH3,ENSG00000062038,2.2367,4.0972743013273416e-08,2.6224969239423603e-07,0.2032,0.043,0.123,0.03
PCMT1,ENSG00000120265,-0.4635,4.142748869360223e-08,2.647703909741107e-07,0.3776,0.5208,0.227,0.336
MFSD2A,ENSG00000168389,-0.2346,4.627184851421173e-08,2.952972887558945e-07,1.0548,1.241,0.555,0.656
MMP28,ENSG00000271447,0.3384,4.8320193651316823e-08,3.0791724576044414e-07,0.7443,0.5886,0.422,0.36
WDR83OS,ENSG00000105583,0.1142,4.851195345248118e-08,3.083173839972132e-07,1.4672,1.3556,0.757,0.717
PROS1,ENSG00000184500,0.6525,4.852487129638606e-08,3.083173839972132e-07,0.4654,0.296,0.274,0.198
RPS6KA2,ENSG00000071242,-0.3717,4.9361868819676384e-08,3.131776377960782e-07,0.5819,0.7529,0.332,0.446
SCAND1,ENSG00000171222,0.1772,4.9565876023207626e-08,3.1401355276510253e-07,1.0377,0.9177,0.573,0.539
SLC51B,ENSG00000186198,-2.2981,5.06369279459e-08,3.2033200706387395e-07,0.0361,0.1778,0.023,0.117
SEPHS2,ENSG00000179918,0.92,5.3467712901809284e-08,3.3774808178962666e-07,0.356,0.1881,0.21,0.123
LMAN1,ENSG00000074695,0.222,5.4104729708624075e-08,3.4127598739285954e-07,0.9221,0.7906,0.513,0.475
RHOA,ENSG00000067560,0.1256,5.503847502124331e-08,3.4666262672800497e-07,1.6438,1.5068,0.828,0.768
DHCR7,ENSG00000172893,-0.4638,5.935661267817885e-08,3.733195929079092e-07,0.3715,0.5125,0.218,0.328
EEF1E1,ENSG00000124802,-0.568,5.982563686464312e-08,3.7572574828575e-07,0.2724,0.4039,0.163,0.268
PTTG1IP,ENSG00000183255,0.2752,6.170222120699982e-08,3.869521693587608e-07,0.8152,0.6736,0.46,0.416
HTRA1,ENSG00000166033,1.3221,7.055139811738577e-08,4.418103403719864e-07,0.2807,0.1122,0.167,0.08
AMD1,ENSG00000123505,-0.3422,7.374931167794795e-08,4.611719547515997e-07,0.6119,0.7757,0.352,0.462
MIR200CHG,ENSG00000257084,1.0256,7.525766284914358e-08,4.6992787750341667e-07,0.3371,0.1655,0.196,0.111
SESTD1,ENSG00000187231,-0.6057,7.564156648387542e-08,4.716474145465173e-07,0.2763,0.4206,0.164,0.264
SDCCAG8,ENSG00000054282,-0.3568,7.719243697603445e-08,4.806279815155382e-07,0.6082,0.7789,0.348,0.457
NINJ2,ENSG00000171840,0.6035,7.754137484452161e-08,4.821098928101443e-07,0.5029,0.3309,0.287,0.218
TMOD3,ENSG00000138594,0.4707,7.823614267895187e-08,4.857346801181783e-07,0.5869,0.4235,0.337,0.269
ANP32B,ENSG00000136938,-0.284,7.99314142513677e-08,4.955519633900771e-07,0.8038,0.9787,0.453,0.564
EIF5B,ENSG00000158417,-0.3548,8.116366570556888e-08,5.024747737270689e-07,0.5783,0.7396,0.334,0.443
WDR6,ENSG00000178252,0.642,8.408978804360085e-08,5.198495289295723e-07,0.4853,0.311,0.279,0.209
COL8A1,ENSG00000144810,0.532,8.437360319120509e-08,5.208631810638882e-07,0.5193,0.3591,0.295,0.213
PIP5K1B,ENSG00000107242,-0.447,9.023682911007015e-08,5.562684529253402e-07,0.4442,0.6056,0.255,0.36
GIPC1,ENSG00000123159,0.4049,9.175418765454396e-08,5.648211041737224e-07,0.6419,0.4848,0.367,0.315
SESN3,ENSG00000149212,1.3386,9.385914170745726e-08,5.769615698169862e-07,0.267,0.1055,0.161,0.074
ZNG1E,ENSG00000147996,0.8267,9.714954614252388e-08,5.96344530417244e-07,0.4043,0.2279,0.233,0.156
FDFT1,ENSG00000079459,-0.2541,1.0083480006277343e-07,6.180931467881711e-07,0.8936,1.0657,0.496,0.596
TSC22D3,ENSG00000157514,0.2194,1.0580020946607948e-07,6.476164934360302e-07,1.0003,0.8591,0.537,0.486
HLA-E,ENSG00000204592,0.1763,1.0669375423532012e-07,6.52167448532632e-07,1.018,0.9009,0.555,0.525
HDLBP,ENSG00000115677,0.1798,1.1654874362713556e-07,7.11405673881364e-07,0.9949,0.8783,0.546,0.519
DOK4,ENSG00000125170,0.6798,1.1688124593522076e-07,7.124346351114578e-07,0.4522,0.2822,0.265,0.192
RAB11FIP1,ENSG00000156675,0.2487,1.2249396349175764e-07,7.456005116739198e-07,0.8902,0.7493,0.487,0.435
ATP6V1F,ENSG00000128524,0.1607,1.2269406687353796e-07,7.457740064788754e-07,1.0453,0.9351,0.569,0.547
EZR,ENSG00000092820,0.1391,1.2487583923675948e-07,7.579754152555261e-07,1.4802,1.3441,0.76,0.696
CIMAP1B,ENSG00000177989,0.5552,1.2592482744745333e-07,7.632765691584828e-07,0.5241,0.3567,0.301,0.231
NGRN,ENSG00000182768,0.607,1.267488696174742e-07,7.672013751497812e-07,0.4731,0.3106,0.276,0.197
HNRNPU,ENSG00000153187,0.1493,1.3788789243898383e-07,8.334642288453737e-07,1.1193,1.0092,0.603,0.572
LIFR,ENSG00000113594,-0.6569,1.402040638512421e-07,8.462873076354142e-07,0.2278,0.3592,0.131,0.23
RORA,ENSG00000069667,-0.7249,1.415093163772051e-07,8.52981260714748e-07,0.2248,0.3716,0.133,0.229
FLRT3,ENSG00000125848,0.3236,1.6377930496902625e-07,9.858516058107868e-07,0.7745,0.6189,0.423,0.367
DNAJC15,ENSG00000120675,0.1822,1.6619267092989236e-07,9.989949486325203e-07,0.9738,0.8583,0.537,0.51
IGBP1,ENSG00000089289,-0.4439,1.6671199002307737e-07,1.000732470497644e-06,0.3671,0.4994,0.219,0.324
CCNL1,ENSG00000163660,-0.2775,1.713200373619426e-07,1.0269750101724172e-06,0.8537,1.0349,0.46,0.567
TMEM41B,ENSG00000166471,-0.305,1.781009211284182e-07,1.0661523460387128e-06,0.7169,0.8857,0.405,0.517
YIPF3,ENSG00000137207,0.2916,1.8162561204587637e-07,1.0857564098368347e-06,0.7614,0.622,0.431,0.393
GOLGA8B,ENSG00000215252,0.8543,1.998968502269105e-07,1.1933402624809796e-06,0.3783,0.2092,0.216,0.136
NUDT14,ENSG00000183828,0.2922,2.096232299451673e-07,1.2496880073274308e-06,0.7774,0.6348,0.44,0.396
ABCC6,ENSG00000091262,0.5849,2.122954589942426e-07,1.2638850202588744e-06,0.4816,0.321,0.283,0.211
RNH1,ENSG00000023191,-0.2866,2.1385755390721252e-07,1.2714431317110063e-06,0.7805,0.952,0.44,0.553
ALKBH7,ENSG00000125652,-0.2749,2.1514730068512354e-07,1.2773636185485612e-06,0.855,1.0345,0.473,0.59
LMO3,ENSG00000048540,0.1569,2.2631569210714728e-07,1.3418390148672062e-06,1.1115,0.997,0.594,0.561
MPZL2,ENSG00000149573,0.2144,2.282879630353137e-07,1.3516886748657675e-06,0.9022,0.7776,0.504,0.469
MEGF6,ENSG00000162591,0.7171,2.4413478456207994e-07,1.4435507125262577e-06,0.4298,0.2614,0.244,0.169
PRTG,ENSG00000166450,-0.8333,2.465915085028499e-07,1.4560960542844913e-06,0.164,0.2922,0.097,0.19
CADM1,ENSG00000182985,0.1674,2.469928777854266e-07,1.4564871734809554e-06,1.0439,0.9296,0.569,0.528
WIF1,ENSG00000156076,0.1804,2.596917169643746e-07,1.5292956665679837e-06,1.4304,1.2622,0.723,0.639
PTK7,ENSG00000112655,0.5524,2.680591915511759e-07,1.5764347043050208e-06,0.5154,0.3514,0.297,0.232
ACADL,ENSG00000115361,-0.4615,2.7240214199054724e-07,1.59981041769043e-06,0.3827,0.5269,0.22,0.32
PHACTR1,ENSG00000112137,-0.586,2.827423349532441e-07,1.658297149401888e-06,0.301,0.4518,0.175,0.27
RCAN1,ENSG00000159200,0.9972,2.833384061774648e-07,1.6595535218965795e-06,0.3283,0.1644,0.19,0.108
PLEC,ENSG00000178209,1.0562,2.859324395225522e-07,1.6702451373185643e-06,0.3262,0.1568,0.188,0.108
LPCAT1,ENSG00000153395,0.1428,2.856271287709783e-07,1.6702451373185643e-06,1.8066,1.6363,0.878,0.796
TMEM125,ENSG00000179178,0.1493,2.8650799729608193e-07,1.6713607466426472e-06,1.1242,1.0137,0.607,0.576
FOSL2,ENSG00000075426,0.786,3.051834771460028e-07,1.7779187555985631e-06,0.4023,0.2333,0.229,0.154
ST14,ENSG00000149418,0.7877,3.1225058516949173e-07,1.8166546762337498e-06,0.3942,0.2283,0.232,0.158
NPR1,ENSG00000169418,-0.9676,3.130929013476783e-07,1.819119985637714e-06,0.1308,0.256,0.081,0.171
MMAB,ENSG00000139428,-0.3332,3.159939958948769e-07,1.8310798748788466e-06,0.5961,0.751,0.341,0.458
ANXA1,ENSG00000135046,0.1778,3.1589011657683553e-07,1.8310798748788466e-06,1.3006,1.1498,0.672,0.603
NPDC1,ENSG00000107281,2.0219,3.1827773882395047e-07,1.8418575937801448e-06,0.1991,0.0489,0.121,0.034
PLEKHB2,ENSG00000115762,0.5146,3.209789900807441e-07,1.855019535759194e-06,0.5437,0.3806,0.311,0.256
MYADM,ENSG00000179820,0.8556,3.344755351531626e-07,1.9304524246688504e-06,0.3785,0.2091,0.215,0.138
ARHGEF2,ENSG00000116584,0.568,3.39630232352937e-07,1.957603434755788e-06,0.4954,0.3341,0.284,0.215
ERBB4,ENSG00000178568,-1.1375,3.4817124691816735e-07,2.0041751511342454e-06,0.1539,0.3388,0.089,0.175
NCL,ENSG00000115053,-0.2054,3.510512695527535e-07,2.018080446397178e-06,1.061,1.2234,0.576,0.662
UBA1,ENSG00000130985,0.522,3.5825174785484313e-07,2.0567530993093108e-06,0.5394,0.3756,0.31,0.252
SBDS,ENSG00000126524,-0.2959,3.7194612499623236e-07,2.1325565425245724e-06,0.7467,0.9167,0.42,0.539
RAB4B,ENSG00000167578,-1.6156,4.1194791539946533e-07,2.358795310047531e-06,0.0559,0.1715,0.033,0.121
ADIRF,ENSG00000148671,-0.2378,4.1455676064680693e-07,2.3706101075934513e-06,0.8912,1.0509,0.479,0.559
CDC37,ENSG00000105401,0.2623,4.4542796441463566e-07,2.5437975471038193e-06,0.797,0.6645,0.45,0.413
TCIRG1,ENSG00000110719,0.9469,4.5761029272003177e-07,2.6099400684530947e-06,0.3384,0.1755,0.198,0.12
LARP1,ENSG00000155506,-0.5331,4.886704405723464e-07,2.7797928465018553e-06,0.2788,0.4035,0.168,0.265
U2AF1,ENSG00000160201,-1.0276,4.880680009330698e-07,2.7797928465018553e-06,0.1147,0.2339,0.07,0.159
EMC10,ENSG00000161671,0.2617,4.921180647791443e-07,2.795745241215897e-06,0.7866,0.6561,0.445,0.411
HSPB8,ENSG00000152137,0.6997,4.945666895438385e-07,2.805988032320525e-06,0.4174,0.257,0.245,0.173
GPI,ENSG00000105220,0.5552,4.975941552369958e-07,2.819483961747045e-06,0.4951,0.3369,0.29,0.226
DAZAP2,ENSG00000183283,0.1331,5.002925257993304e-07,2.8310824441717314e-06,1.1846,1.0802,0.641,0.611
CAP1,ENSG00000131236,0.2934,5.220319108738804e-07,2.950260968345753e-06,0.7286,0.5945,0.42,0.377
STK17A,ENSG00000164543,0.4561,5.28770907990789e-07,2.9844654105558036e-06,0.5776,0.421,0.328,0.264
VPS13C,ENSG00000129003,0.4745,5.428265546398936e-07,3.0598238734954313e-06,0.5609,0.4036,0.319,0.255
BAG3,ENSG00000151929,0.5392,5.884940746052553e-07,3.3129472127389115e-06,0.5232,0.36,0.296,0.236
TNS1,ENSG00000079308,0.4717,5.932629906165509e-07,3.335473424604826e-06,0.5602,0.404,0.32,0.259
TNFRSF10B,ENSG00000120889,0.6505,6.366374542312189e-07,3.574711080218188e-06,0.4357,0.2775,0.254,0.183
FCHO2,ENSG00000157107,-0.4181,6.435677070895978e-07,3.6089616193695383e-06,0.4196,0.5607,0.247,0.345
SIL1,ENSG00000120725,0.3898,6.614600367792332e-07,3.7045171647455506e-06,0.6046,0.4614,0.353,0.295
ST6GALNAC1,ENSG00000070526,1.8002,6.625909240102951e-07,3.706074846523478e-06,0.2035,0.0583,0.124,0.04
NUDT16,ENSG00000198585,-0.3412,6.778451694352647e-07,3.7865232729635735e-06,0.5362,0.6792,0.302,0.412
MIR4458HG,ENSG00000247516,-0.9114,7.104984640282824e-07,3.963833536157786e-06,0.1343,0.2526,0.079,0.168
TCEAL8,ENSG00000180964,-0.3162,7.212222162818416e-07,4.018502246103697e-06,0.6113,0.7612,0.349,0.461
NR4A1,ENSG00000123358,0.2303,7.315235374688806e-07,4.070680273802503e-06,1.0274,0.8758,0.531,0.464
CDK2AP1,ENSG00000111328,0.7376,7.378641292780053e-07,4.100712923071881e-06,0.368,0.2206,0.219,0.137
TUBA1B,ENSG00000123416,-0.2551,7.422821487378434e-07,4.119997724667519e-06,0.8104,0.9671,0.445,0.538
CCDC59,ENSG00000133773,-0.4794,7.69622075544529e-07,4.2662978830567895e-06,0.3044,0.4244,0.184,0.282
IMPDH2,ENSG00000178035,-0.3473,7.947939916076325e-07,4.400222531881237e-06,0.5157,0.6562,0.301,0.407
MKKS,ENSG00000125863,-0.4798,8.092484402633663e-07,4.474546719318817e-06,0.2916,0.4066,0.173,0.271
GDE1,ENSG00000006007,0.3315,8.224363208554879e-07,4.541687738802987e-06,0.6804,0.5407,0.387,0.349
CYCS,ENSG00000172115,-0.2956,8.388952711167758e-07,4.6266990460323705e-06,0.6694,0.8216,0.38,0.484
MLF2,ENSG00000089693,0.1887,8.860835314601753e-07,4.880759223987227e-06,0.9067,0.7956,0.505,0.483
KLF3,ENSG00000109787,-0.6246,8.96315105014111e-07,4.930867653659906e-06,0.2066,0.3185,0.123,0.215
TOX,ENSG00000198846,-0.7714,9.040803812719575e-07,4.967298782563751e-06,0.2157,0.3683,0.128,0.214
NUCB2,ENSG00000070081,0.3836,9.072757199586491e-07,4.978560958257941e-06,0.6293,0.4823,0.36,0.304
TMEM141,ENSG00000244187,-0.2807,9.223872227033128e-07,5.055100718623704e-06,0.7401,0.899,0.419,0.527
KLF13,ENSG00000169926,-0.3771,9.387015743097068e-07,5.13803153897983e-06,0.4503,0.5849,0.264,0.364
TPP1,ENSG00000166340,0.4979,9.634921297044554e-07,5.267090309051023e-06,0.5348,0.3787,0.31,0.253
IGFBP2,ENSG00000115457,2.6368,9.876498919437771e-07,5.392369887421678e-06,0.1899,0.0304,0.102,0.018
ARFGEF3,ENSG00000112379,-0.3577,9.89492104988741e-07,5.395649546149396e-06,0.5537,0.7095,0.314,0.416
PNKD,ENSG00000127838,0.1435,1.0279482977953117e-06,5.5983249401233395e-06,1.0741,0.9724,0.591,0.565
MYO6,ENSG00000196586,0.2137,1.112512488146423e-06,6.043724091855442e-06,0.8618,0.7431,0.479,0.44
PARL,ENSG00000175193,-1.2523,1.1113312811889914e-06,6.043724091855442e-06,0.0755,0.18,0.044,0.131
CTTN,ENSG00000085733,0.3298,1.116631176956552e-06,6.058525711676873e-06,0.6916,0.5503,0.391,0.349
GPRC5A,ENSG00000013588,0.1551,1.1201946996018243e-06,6.070282000585447e-06,1.2834,1.1526,0.664,0.608
MID1IP1,ENSG00000165175,-0.1872,1.1241221700848735e-06,6.0839787686038106e-06,1.1127,1.2669,0.583,0.657
MRPS5,ENSG00000144029,-0.3852,1.1336429129486668e-06,6.1278757458643105e-06,0.4013,0.5242,0.234,0.337
SNRNP70,ENSG00000104852,0.2982,1.1376327474826125e-06,6.1418036280241415e-06,0.7222,0.5873,0.411,0.369
PSMB10,ENSG00000205220,0.8551,1.161700818876916e-06,6.2639599985596495e-06,0.3499,0.1934,0.203,0.128
ANKRD12,ENSG00000101745,-0.3327,1.2334016496126956e-06,6.642334038682497e-06,0.5804,0.7309,0.334,0.431
ATP2B1,ENSG00000070961,-0.5668,1.2502761357871592e-06,6.724876344221527e-06,0.2424,0.3592,0.144,0.236
ATN1,ENSG00000111676,0.5027,1.2940554751592506e-06,6.951749190410511e-06,0.5204,0.3673,0.302,0.243
AREG,ENSG00000109321,0.2292,1.3112787316552101e-06,7.0280512003236705e-06,1.3064,1.1144,0.651,0.545
RAB20,ENSG00000139832,-0.4555,1.3114932175477444e-06,7.0280512003236705e-06,0.3271,0.4486,0.193,0.289
YWHAH,ENSG00000128245,0.5203,1.4374409762726573e-06,7.693495668572622e-06,0.5194,0.3621,0.297,0.241
RTL8A,ENSG00000203950,0.4107,1.4572072706589318e-06,7.789695938848362e-06,0.608,0.4574,0.345,0.296
SLC25A39,ENSG00000013306,0.3295,1.4631749477183253e-06,7.81198811152806e-06,0.6766,0.5384,0.386,0.347
PLLP,ENSG00000102934,-0.444,1.5050549272700854e-06,8.02572848333226e-06,0.3446,0.4688,0.207,0.301
PPP3CA,ENSG00000138814,-0.4544,1.6276137877896058e-06,8.668639119771603e-06,0.3729,0.511,0.219,0.311
ABCA3,ENSG00000167972,-0.1487,1.6904810709992222e-06,8.99244887951361e-06,1.4519,1.6096,0.728,0.789
TBCA,ENSG00000171530,-0.1679,1.722656769662479e-06,9.151725284601472e-06,1.2163,1.3664,0.646,0.723
ECE1,ENSG00000117298,2.4269,1.7246348384925462e-06,9.151725284601472e-06,0.1764,0.0327,0.104,0.022
CACNA2D2,ENSG00000007402,0.1625,1.8229679843923292e-06,9.661730317279345e-06,1.0336,0.9235,0.554,0.522
VSIG2,ENSG00000019102,0.4285,1.8461239676983897e-06,9.772539297950305e-06,0.5769,0.4286,0.328,0.271
CUX1,ENSG00000257923,0.3201,1.930773189022816e-06,1.0208199853398002e-05,0.6735,0.5395,0.382,0.329
SARAF,ENSG00000133872,0.1365,1.936550903056728e-06,1.0226306469847558e-05,1.0392,0.9453,0.571,0.553
C1QB,ENSG00000173369,-1.6414,1.9597709178356786e-06,1.0336364573924586e-05,0.0636,0.1987,0.037,0.119
COPS9,ENSG00000172428,0.1449,1.964999082325818e-06,1.035137698398546e-05,1.0313,0.9327,0.559,0.543
DNPH1,ENSG00000112667,0.2953,2.013277577314118e-06,1.0592862410420288e-05,0.722,0.5883,0.411,0.369
TP53INP1,ENSG00000164938,1.1187,2.046632379826734e-06,1.0755337754204336e-05,0.2696,0.1241,0.163,0.086
CCNYL1,ENSG00000163249,-0.8299,2.0813381946437177e-06,1.0924511828407726e-05,0.1496,0.2659,0.093,0.178
FMN1,ENSG00000248905,-0.6996,2.0918505332782303e-06,1.0966444412095523e-05,0.2131,0.3462,0.123,0.209
MCL1,ENSG00000143384,0.1622,2.1246863419741663e-06,1.112516487014425e-05,1.1102,0.9921,0.591,0.55
LDLR,ENSG00000130164,-0.2253,2.130398564546902e-06,1.1141651217233256e-05,0.974,1.1387,0.519,0.608
RBMX,ENSG00000147274,-0.3061,2.1654564704181994e-06,1.131138680341045e-05,0.6069,0.7504,0.343,0.452
SNHG19,ENSG00000260260,-0.678,2.2409261999777965e-06,1.1691554940100244e-05,0.1841,0.2946,0.109,0.197
VAMP8,ENSG00000118640,0.1167,2.2437342335508456e-06,1.1692169039582703e-05,1.5678,1.4459,0.8,0.744
BPIFB1,ENSG00000125999,1.9023,2.2605548019967535e-06,1.1765713975422624e-05,0.2028,0.0542,0.112,0.031
C1QA,ENSG00000173372,-1.72,2.3414475313273243e-06,1.2172166233431283e-05,0.0554,0.1829,0.03,0.112
KCNJ15,ENSG00000157551,0.2311,2.352705381943535e-06,1.221607836311422e-05,0.8285,0.7059,0.457,0.423
RNASEH2C,ENSG00000172922,-0.3556,2.409708649365121e-06,1.2497128627853002e-05,0.447,0.572,0.26,0.363
SMYD3,ENSG00000185420,-0.8088,2.450873857859872e-06,1.269546816002265e-05,0.2115,0.3706,0.123,0.205
C1orf122,ENSG00000197982,-0.3814,2.522595088031802e-06,1.3051426491174062e-05,0.3992,0.52,0.239,0.336
GTF2I,ENSG00000263001,0.1984,2.5464301757134908e-06,1.3159079124436184e-05,0.8857,0.7719,0.495,0.464
MRPL41,ENSG00000182154,0.1473,2.6984874894727684e-06,1.3928297659440203e-05,0.9964,0.8997,0.546,0.53
CCSER2,ENSG00000107771,-0.4751,2.7095080834323432e-06,1.3968590902250254e-05,0.3151,0.4381,0.187,0.279
MRPL54,ENSG00000183617,0.1563,2.7219480482482005e-06,1.401609741432071e-05,0.9749,0.8748,0.541,0.521
TGM2,ENSG00000198959,1.4066,2.7980294194026585e-06,1.4390811664762075e-05,0.2326,0.0877,0.135,0.056
HNRNPUL1,ENSG00000105323,0.3165,2.908415137982018e-06,1.4940865472422991e-05,0.6762,0.543,0.389,0.348
TESC,ENSG00000088992,2.3993,2.917859770799529e-06,1.497168661616854e-05,0.1727,0.0326,0.102,0.022
RSRP1,ENSG00000117616,0.4118,2.965440622651835e-06,1.5197883191090652e-05,0.5922,0.4451,0.333,0.281
HES1,ENSG00000114315,-0.654,3.0496593167443357e-06,1.56110946885405e-05,0.1998,0.3144,0.117,0.202
UQCC5,ENSG00000168273,-0.3116,3.1036233498425523e-06,1.5868643621665568e-05,0.5702,0.7076,0.325,0.428
RUFY3,ENSG00000018189,-0.4377,3.138513520765561e-06,1.602817833284034e-05,0.3735,0.5059,0.214,0.306
NDUFA2,ENSG00000131495,0.1234,3.1674512058983984e-06,1.615697528266953e-05,1.1086,1.0177,0.601,0.584
SUCLG2,ENSG00000172340,-0.3824,3.2662851854295583e-06,1.6641588998683308e-05,0.4055,0.5286,0.241,0.337
CLDN1,ENSG00000163347,0.8463,3.27477486232892e-06,1.6665306266605956e-05,0.3355,0.1866,0.192,0.118
SULT1A2,ENSG00000197165,0.8639,3.2835211069757816e-06,1.6690272199902627e-05,0.3285,0.1805,0.194,0.122
ANXA3,ENSG00000138772,0.5402,3.340920166769378e-06,1.69621951457707e-05,0.4882,0.3357,0.275,0.211
CCNI,ENSG00000118816,-0.1029,3.4068332575013376e-06,1.7276659669895933e-05,1.3632,1.464,0.709,0.745
GABARAPL2,ENSG00000034713,0.122,3.670472372269871e-06,1.8591926491707293e-05,1.1124,1.0221,0.606,0.588
NINJ1,ENSG00000131669,0.2928,3.878243871150004e-06,1.962147597673797e-05,0.7106,0.5801,0.403,0.364
SELENON,ENSG00000162430,0.8802,3.904563664068196e-06,1.9731667074465556e-05,0.338,0.1836,0.199,0.131
SDHB,ENSG00000117118,-0.381,3.988240136253247e-06,2.0131116878230673e-05,0.3703,0.4823,0.22,0.319
EBPL,ENSG00000123179,-0.2819,4.0012518833426445e-06,2.017336506381338e-05,0.6796,0.8264,0.389,0.494
IMP4,ENSG00000136718,-0.5095,4.066634245276019e-06,2.0479249629165214e-05,0.2454,0.3494,0.149,0.238
TIMM44,ENSG00000104980,-0.9415,4.1309269886188336e-06,2.077894524599242e-05,0.1149,0.2207,0.072,0.154
RHOC,ENSG00000155366,0.5259,4.1660394706564936e-06,2.0931338195922683e-05,0.4859,0.3374,0.283,0.227
DNALI1,ENSG00000163879,0.8658,4.303630773139034e-06,2.1595923361404595e-05,0.324,0.1777,0.194,0.123
CHMP4A,ENSG00000254505,-0.5929,4.313221692981866e-06,2.1595923361404595e-05,0.1913,0.2886,0.113,0.2
TGFB1,ENSG00000105329,1.3079,4.311815374534717e-06,2.1595923361404595e-05,0.2252,0.0909,0.136,0.058
DPH5,ENSG00000117543,-1.2973,4.354196634515718e-06,2.1775993755587237e-05,0.0708,0.174,0.042,0.123
ITGA6,ENSG00000091409,0.7958,4.374482772966842e-06,2.18523013003608e-05,0.3566,0.2053,0.205,0.136
NDUFA1,ENSG00000125356,0.1141,4.546877185513322e-06,2.2687403270081396e-05,1.3292,1.2281,0.703,0.669
FRG1,ENSG00000109536,-0.6289,4.574876149920681e-06,2.277481299834511e-05,0.1974,0.3053,0.12,0.205
BCL3,ENSG00000069399,0.531,4.5742291575384105e-06,2.277481299834511e-05,0.5097,0.3527,0.282,0.226
JPT1,ENSG00000189159,0.4778,4.615291837858211e-06,2.2949723486649642e-05,0.5266,0.3781,0.301,0.249
TMEM106C,ENSG00000134291,0.6533,4.884177815685981e-06,2.4259013470824312e-05,0.4032,0.2563,0.242,0.178
NFATC3,ENSG00000072736,-0.4182,5.076393756735105e-06,2.5184939802249733e-05,0.3475,0.4644,0.204,0.296
ACAT1,ENSG00000075239,-0.3036,5.120682176938847e-06,2.537569525766959e-05,0.5496,0.6784,0.317,0.42
HMGA1,ENSG00000137309,-0.4086,5.1351174631081726e-06,2.541824657707075e-05,0.3463,0.4597,0.205,0.297
MGRN1,ENSG00000102858,0.4428,5.157859504228403e-06,2.550177179223736e-05,0.5449,0.4008,0.314,0.26
ARSA,ENSG00000100299,0.8993,5.173996434963226e-06,2.5552486939034296e-05,0.303,0.1624,0.185,0.114
SERINC1,ENSG00000111897,0.2889,5.227841972639938e-06,2.5789104668664215e-05,0.7045,0.5766,0.402,0.368
SC5D,ENSG00000109929,-0.3864,5.298956531425209e-06,2.6110277874800405e-05,0.3687,0.482,0.215,0.311
SNRPD3,ENSG00000100028,0.1494,5.305589243110633e-06,2.6113353171640782e-05,0.9844,0.8876,0.546,0.526
CD47,ENSG00000196776,0.1058,5.383384132751152e-06,2.646627538567478e-05,1.1945,1.1101,0.638,0.619
NAMPT,ENSG00000105835,-0.2758,5.408089061713003e-06,2.655768933582453e-05,0.718,0.8693,0.396,0.487
SLC16A4,ENSG00000168679,1.0618,5.455220560821458e-06,2.6758903563577942e-05,0.2728,0.1306,0.163,0.09
PDIA4,ENSG00000155660,0.3684,5.6634045678932394e-06,2.7748766913262705e-05,0.612,0.4741,0.351,0.304
C14orf132,ENSG00000227051,-0.7,5.688939595216147e-06,2.7842490406316862e-05,0.1683,0.2734,0.1,0.184
PPM1G,ENSG00000115241,-0.3436,5.762493963900227e-06,2.8170752268965565e-05,0.4415,0.5603,0.261,0.361
CD44,ENSG00000026508,0.1109,5.787564903558582e-06,2.8261524798725394e-05,1.315,1.2177,0.696,0.657
ATP2A2,ENSG00000174437,0.4787,5.799408639113486e-06,2.828757569650641e-05,0.5133,0.3683,0.297,0.244
SERPINH1,ENSG00000149257,0.4058,5.8471796559583366e-06,2.8488612987438263e-05,0.5803,0.438,0.33,0.284
TST,ENSG00000128311,0.2536,5.978534822284691e-06,2.9095982460973424e-05,0.7755,0.6505,0.434,0.396
TCIM,ENSG00000176907,0.2017,6.020811469495687e-06,2.9268955980344807e-05,1.3871,1.2061,0.698,0.599
PRKCA,ENSG00000154229,-1.2978,6.044253004552457e-06,2.9350082187469248e-05,0.0833,0.205,0.048,0.127
BHLHE40,ENSG00000134107,0.2606,6.164498298591948e-06,2.990056875633996e-05,0.7794,0.6506,0.43,0.387
HHIP,ENSG00000164161,-0.2314,6.368411332949061e-06,3.085520139687472e-05,0.8828,1.0364,0.463,0.55
LAPTM4B,ENSG00000104341,0.3072,6.415826007947431e-06,3.1050311615300156e-05,0.6758,0.5461,0.385,0.351
RAN,ENSG00000132341,0.1119,6.427284356418655e-06,3.107116553169686e-05,1.2522,1.1587,0.663,0.635
DBNDD2,ENSG00000244274,0.8388,6.5251103870030045e-06,3.150903304657229e-05,0.3098,0.1732,0.183,0.109
GOLGA4,ENSG00000144674,-0.2291,6.558095337725387e-06,3.16331657466754e-05,0.8971,1.0515,0.494,0.581
KLHL24,ENSG00000114796,-0.3691,6.58720263012399e-06,3.173833994514286e-05,0.4147,0.5357,0.237,0.333
TIMM10,ENSG00000134809,-0.3869,6.648656720002734e-06,3.19989613567352e-05,0.3599,0.4706,0.212,0.306
C1orf116,ENSG00000182795,0.3651,6.854312679602153e-06,3.295225985127318e-05,0.6084,0.4724,0.345,0.301
HEBP2,ENSG00000051620,-0.3241,7.085493652255127e-06,3.402602808033235e-05,0.4844,0.6065,0.279,0.378
COLEC12,ENSG00000158270,-0.4739,7.1074588538849765e-06,3.409383684214581e-05,0.3168,0.44,0.187,0.274
CBX3,ENSG00000122565,-0.2975,7.116342166077877e-06,3.409881262819675e-05,0.5687,0.699,0.328,0.426
GGTLC1,ENSG00000149435,0.7421,7.654586385192694e-06,3.6637480649831996e-05,0.3642,0.2177,0.208,0.138
PERP,ENSG00000112378,0.2173,7.863547515955602e-06,3.7554920334442906e-05,0.8006,0.6887,0.448,0.428
DLG2,ENSG00000150672,-1.8945,7.861917833009238e-06,3.7554920334442906e-05,0.0707,0.2631,0.043,0.118
SGK1,ENSG00000118515,0.4356,8.193570705987598e-06,3.908809910891559e-05,0.5759,0.4258,0.313,0.26
AKAP1,ENSG00000121057,-0.4178,8.224365048001687e-06,3.9191985195850144e-05,0.338,0.4515,0.203,0.292
RIDA,ENSG00000132541,-0.5298,8.234124491208943e-06,3.9195514828909166e-05,0.2143,0.3095,0.125,0.212
POLR2C,ENSG00000102978,-0.2876,8.324294587107582e-06,3.958138323366472e-05,0.6305,0.7696,0.358,0.465
PSENEN,ENSG00000205155,-0.3943,8.581346939437504e-06,4.075905333201682e-05,0.3394,0.4462,0.196,0.289
CARMIL1,ENSG00000079691,-0.6935,8.703956383947366e-06,4.1296282144798314e-05,0.1833,0.2964,0.107,0.188
TSPO,ENSG00000100300,0.1138,8.779217030123594e-06,4.1607935891948896e-05,1.1527,1.0652,0.624,0.601
TM9SF2,ENSG00000125304,0.2255,8.910034048848367e-06,4.218192590010349e-05,0.8134,0.6957,0.457,0.425
PYCARD,ENSG00000103490,0.7014,9.057377050217244e-06,4.283281899917752e-05,0.3545,0.218,0.214,0.145
PRSS8,ENSG00000052344,0.2145,9.098508862675904e-06,4.298056469259726e-05,0.8209,0.7075,0.457,0.431
TMEM35B,ENSG00000243749,0.7039,9.315926123285616e-06,4.3959842488381424e-05,0.324,0.1989,0.197,0.122
KRT18,ENSG00000111057,0.1414,9.34330559927615e-06,4.404122140396328e-05,1.7333,1.5714,0.852,0.769
ABCA7,ENSG00000064687,0.992,9.438187955580663e-06,4.444026528163983e-05,0.2873,0.1444,0.168,0.097
KDSR,ENSG00000119537,-0.4191,9.571679306281912e-06,4.5020041412447174e-05,0.2899,0.3877,0.172,0.262
PPP4R1,ENSG00000154845,0.4289,9.596884266528387e-06,4.508979353765662e-05,0.5324,0.3954,0.305,0.25
CHCHD10,ENSG00000250479,0.174,9.99275615109417e-06,4.689904776744629e-05,0.9482,0.8405,0.518,0.493
CTNNBIP1,ENSG00000178585,-0.3316,1.035730122959e-05,4.855753089945862e-05,0.4572,0.5754,0.268,0.362
SCARB2,ENSG00000138760,0.2935,1.04030603334205e-05,4.871950453560937e-05,0.6798,0.5546,0.387,0.352
IFI6,ENSG00000126709,0.6731,1.0457997819763423e-05,4.892406730322049e-05,0.3676,0.2305,0.215,0.146
OLFM1,ENSG00000130558,0.7606,1.0829128266195936e-05,5.060579725256724e-05,0.361,0.213,0.205,0.139
STK3,ENSG00000104375,-0.738,1.1158345459342912e-05,5.208825925489183e-05,0.1816,0.303,0.11,0.188
TBCB,ENSG00000105254,0.455,1.1184026683648221e-05,5.2142306950824895e-05,0.5263,0.3839,0.304,0.257
SGSM3,ENSG00000100359,-0.7659,1.1193919094597246e-05,5.2142306950824895e-05,0.1362,0.2317,0.081,0.162
NSRP1,ENSG00000126653,-0.3988,1.1327901934280908e-05,5.270991628092594e-05,0.3538,0.4664,0.209,0.297
SUCLG1,ENSG00000163541,-0.3158,1.1374808703136204e-05,5.287157072067373e-05,0.4909,0.6111,0.289,0.387
MPC1,ENSG00000060762,-0.2885,1.1401894984487221e-05,5.294085000275797e-05,0.5966,0.7287,0.342,0.446
LARP1B,ENSG00000138709,-0.6693,1.1585203632592481e-05,5.373457309204581e-05,0.1731,0.2753,0.104,0.184
EMG1,ENSG00000126749,-0.6679,1.2049164226765861e-05,5.582693787795782e-05,0.1612,0.2562,0.098,0.179
COX20,ENSG00000203667,0.2548,1.225732302322303e-05,5.667055942439073e-05,0.7446,0.624,0.42,0.39
TNFRSF1A,ENSG00000067182,0.2862,1.2247364963198121e-05,5.667055942439073e-05,0.7026,0.5761,0.397,0.361
MAGEH1,ENSG00000187601,-0.658,1.2338936894183202e-05,5.698726858886312e-05,0.1735,0.2739,0.11,0.19
PTOV1,ENSG00000104960,0.4369,1.2376418568734963e-05,5.709969755809146e-05,0.5278,0.3898,0.307,0.257
TMA16,ENSG00000198498,-0.675,1.2746225069005157e-05,5.87434720571542e-05,0.1667,0.2662,0.103,0.182
SECISBP2,ENSG00000187742,-0.3498,1.2769684657389006e-05,5.8789247373954046e-05,0.4015,0.5118,0.233,0.328
POLR2A,ENSG00000181222,0.6481,1.3031530188387076e-05,5.993124888754522e-05,0.402,0.2565,0.234,0.175
SLC5A8,ENSG00000256870,1.2959,1.3051259163922604e-05,5.995853311459581e-05,0.2153,0.0876,0.127,0.052
LSM6,ENSG00000164167,-0.3744,1.3138973390071219e-05,6.029775961272388e-05,0.3573,0.4632,0.213,0.304
LMBRD1,ENSG00000168216,0.48,1.3195505095822889e-05,6.049331766502772e-05,0.4882,0.35,0.285,0.228
AIDA,ENSG00000186063,-0.3533,1.3523177632795862e-05,6.193016859023267e-05,0.3795,0.4849,0.222,0.316
C1orf21,ENSG00000116667,-0.2708,1.3620155646420408e-05,6.230862783088746e-05,0.7305,0.8814,0.412,0.513
IFRD2,ENSG00000214706,-0.4034,1.3901974313603914e-05,6.347366744530805e-05,0.2965,0.3922,0.175,0.264
ECM1,ENSG00000143369,2.0324,1.3904033918070239e-05,6.347366744530805e-05,0.1677,0.0409,0.102,0.028
ATP2B4,ENSG00000058668,0.3774,1.3924645976059972e-05,6.35010612927142e-05,0.5701,0.4389,0.325,0.273
S100A16,ENSG00000188643,0.2981,1.4005688924899339e-05,6.38036939912081e-05,0.6676,0.5429,0.382,0.342
SLC25A29,ENSG00000197119,1.0633,1.4404328186630503e-05,6.55510055487918e-05,0.2632,0.1259,0.155,0.085
ELOVL5,ENSG00000012660,-0.3137,1.4522149633800333e-05,6.601805680805047e-05,0.5119,0.6363,0.298,0.395
CAV2,ENSG00000105971,0.4631,1.592929143290401e-05,7.233929003908132e-05,0.5113,0.3709,0.29,0.235
SCAPER,ENSG00000140386,-0.699,1.5961298003140968e-05,7.240897820631592e-05,0.1971,0.3201,0.12,0.196
RNF11,ENSG00000123091,0.3829,1.6189447757733204e-05,7.336740349854902e-05,0.5755,0.4414,0.33,0.29
BANF1,ENSG00000175334,0.1726,1.6478512520436417e-05,7.459959938939236e-05,0.8901,0.7898,0.495,0.477
TMEM243,ENSG00000135185,0.1023,1.6670014859881935e-05,7.538801725395098e-05,1.171,1.0909,0.623,0.607
ADGRF1,ENSG00000153292,1.0003,1.671816500182107e-05,7.552717785645985e-05,0.2674,0.1336,0.159,0.09
ADAR,ENSG00000160710,0.4318,1.6813516539526192e-05,7.587906841202578e-05,0.5386,0.3992,0.31,0.266
FAM133B,ENSG00000234545,-0.35,1.6831705306115685e-05,7.588235607923109e-05,0.4196,0.5349,0.245,0.335
SEC31A,ENSG00000138674,0.3116,1.7206553762664885e-05,7.749189912180475e-05,0.6498,0.5236,0.371,0.333
RRAGD,ENSG00000025039,-0.6475,1.7630630778929766e-05,7.931958733460534e-05,0.1693,0.2653,0.104,0.182
RBM26,ENSG00000139746,-0.4394,1.822296401454186e-05,8.189969142419745e-05,0.2998,0.4066,0.175,0.259
GNPTG,ENSG00000090581,0.4375,1.8915664435867343e-05,8.492508020483417e-05,0.5089,0.3757,0.297,0.242
IFNGR2,ENSG00000159128,0.5067,1.9598308250510967e-05,8.789912038877262e-05,0.4752,0.3344,0.274,0.221
RAD1,ENSG00000113456,-0.5199,1.9750806321065843e-05,8.849175698077542e-05,0.2166,0.3106,0.129,0.211
GCSH,ENSG00000140905,-0.4431,2.021858758968687e-05,9.049431685353155e-05,0.2545,0.346,0.15,0.235
COMMD3,ENSG00000148444,-0.6873,2.0672026336359595e-05,9.242862804302346e-05,0.1425,0.2296,0.084,0.163
TPGS2,ENSG00000134779,0.4469,2.0788743981782076e-05,9.285496541091973e-05,0.5205,0.3818,0.299,0.252
PDE4D,ENSG00000113448,-0.3335,2.085009257378193e-05,9.303336994420562e-05,0.6992,0.881,0.39,0.477
ENY2,ENSG00000120533,0.1487,2.0997145706611116e-05,9.359343101634043e-05,0.9221,0.8318,0.511,0.501
PCF11,ENSG00000165494,-0.4766,2.105379598203402e-05,9.374979235442608e-05,0.2533,0.3525,0.147,0.23
SLC7A2,ENSG00000003989,-0.59,2.1457272552916483e-05,9.544862488738488e-05,0.2108,0.3174,0.121,0.2
JAK1,ENSG00000162434,-0.211,2.1611249343083443e-05,9.603526548572664e-05,0.8921,1.0326,0.502,0.58
MACROD1,ENSG00000133315,-0.5257,2.2604984515619788e-05,0.00010034858294676568,0.2205,0.3176,0.132,0.213
SSH2,ENSG00000141298,-0.3632,2.3035482138241324e-05,0.00010215531160489468,0.4297,0.5528,0.248,0.334
C11orf54,ENSG00000182919,-0.3665,2.3407251755237654e-05,0.00010369818157824958,0.3601,0.4642,0.21,0.296
CRTAP,ENSG00000170275,0.3275,2.3509573961713638e-05,0.00010404542610754325,0.6281,0.5005,0.357,0.322
CMTM8,ENSG00000170293,-0.3029,2.4045264909302998e-05,0.000106307956557305,0.5237,0.646,0.302,0.398
TNFRSF14,ENSG00000157873,0.8253,2.4276018801539873e-05,0.00010721908304013444,0.3224,0.1819,0.19,0.126
DDX18,ENSG00000088205,-0.2921,2.5670459927920954e-05,0.000113262760250502,0.5346,0.6546,0.316,0.406
C11orf96,ENSG00000187479,-0.2055,2.635320794753782e-05,0.00011615724314401559,0.8892,1.0253,0.463,0.534
CAMTA1,ENSG00000171735,0.2073,2.696756140373896e-05,0.0001187447029996449,0.8042,0.6965,0.454,0.427
RPL22L1,ENSG00000163584,0.1805,2.735766427608837e-05,0.00012034049488246968,0.912,0.8047,0.507,0.471
TMEM126B,ENSG00000171204,-0.3421,2.8454322391781757e-05,0.00012503790203709152,0.3738,0.4738,0.219,0.31
RNF181,ENSG00000168894,0.1568,2.857231743509957e-05,0.0001254295874474169,0.9146,0.8204,0.509,0.49
BFAR,ENSG00000103429,-0.2811,2.8712433745887462e-05,0.00012591749451021887,0.5707,0.6935,0.329,0.423
SMC5,ENSG00000198887,-0.4304,2.99915318479793e-05,0.00013139435222915126,0.3054,0.4116,0.181,0.263
ATF3,ENSG00000162772,0.3436,3.1015730571998046e-05,0.000135744577105643,0.6394,0.5039,0.339,0.292
HAX1,ENSG00000143575,-0.2927,3.134780272348231e-05,0.00013705991009683514,0.5121,0.6274,0.298,0.396
CRIM1,ENSG00000150938,-0.8281,3.161605370509676e-05,0.00013809383859532718,0.1427,0.2535,0.088,0.161
UXS1,ENSG00000115652,-0.3562,3.1791708354061105e-05,0.00013872165111119435,0.3693,0.4727,0.221,0.308
ELF3,ENSG00000163435,-0.1206,3.2108398100933476e-05,0.00013996298710798082,1.2305,1.3378,0.637,0.673
TRIM2,ENSG00000109654,0.6615,3.5430850763054946e-05,0.0001542910595353074,0.3653,0.2309,0.214,0.153
EIF3J,ENSG00000104131,-0.3533,3.617710612305081e-05,0.00015738308629707588,0.3803,0.4859,0.224,0.308
MED30,ENSG00000164758,-0.5614,3.635476946096625e-05,0.0001579978280773593,0.1881,0.2776,0.115,0.192
TRIB3,ENSG00000101255,-0.8517,3.679239407895015e-05,0.0001597400046624549,0.1171,0.2113,0.069,0.143
SFRP5,ENSG00000120057,1.5575,3.727855126864419e-05,0.0001616892054027222,0.1888,0.0641,0.111,0.041
FMC1,ENSG00000164898,-0.2884,3.739071805496858e-05,0.00016201401861106027,0.5242,0.6403,0.298,0.396
MDM4,ENSG00000198625,-0.419,3.8149660619721257e-05,0.0001651378735590723,0.2937,0.3927,0.168,0.251
CDS1,ENSG00000163624,-0.3543,3.831144572316413e-05,0.0001656731772267376,0.3733,0.4773,0.222,0.307
C15orf61,ENSG00000189227,-0.3426,3.879524884001295e-05,0.00016759856009810765,0.3724,0.4722,0.219,0.307
POLR2E,ENSG00000099817,0.1768,4.0004398729793756e-05,0.00017265056293910987,0.8345,0.7383,0.469,0.454
MRPL1,ENSG00000169288,-0.707,4.045101033999556e-05,0.00017440485212065544,0.1505,0.2458,0.093,0.167
B4GALT1,ENSG00000086062,0.3315,4.061944667266398e-05,0.00017495749775956162,0.6021,0.4785,0.342,0.295
DUOX1,ENSG00000137857,-0.1967,4.178525454560433e-05,0.0001798007091635608,0.9874,1.1317,0.535,0.614
TIMM23,ENSG00000265354,0.6922,4.2118831734570884e-05,0.0001810568177234867,0.3416,0.2114,0.205,0.144
SELENOK,ENSG00000113811,-0.2445,4.318429267333403e-05,0.0001854534940299503,0.7608,0.9013,0.426,0.528
SMAGP,ENSG00000170545,-0.2957,4.348356106179883e-05,0.00018655434982682895,0.4879,0.5989,0.282,0.376
HMGB2,ENSG00000164104,-0.4985,4.383891553323824e-05,0.00018789341904088105,0.223,0.3151,0.131,0.21
BDP1,ENSG00000145734,-0.3782,4.404032653809114e-05,0.00018857069865472326,0.3436,0.4466,0.204,0.286
ETS2,ENSG00000157557,-0.226,4.4155410806882754e-05,0.0001888773773294414,0.8155,0.9539,0.448,0.535
DDX1,ENSG00000079785,-0.448,4.429557975760678e-05,0.00018929064860035306,0.2461,0.3357,0.15,0.229
USP53,ENSG00000145390,-0.4591,4.4529566380173684e-05,0.00019010363014561378,0.262,0.3602,0.154,0.233
KGD4,ENSG00000134056,-0.2196,4.5138608938649884e-05,0.0001925146167295117,0.8846,1.0301,0.488,0.587
ITGA2,ENSG00000164171,1.4904,4.5346254925260706e-05,0.00019321061167174808,0.1983,0.0705,0.113,0.045
SHISA5,ENSG00000164054,0.5236,4.5430490638636006e-05,0.0001933799337076514,0.4398,0.3059,0.26,0.21
FKBP5,ENSG00000096060,-0.6818,4.57189329411022e-05,0.00019441730191979467,0.1605,0.2576,0.094,0.169
TMEM50A,ENSG00000183726,0.1764,4.585623020397573e-05,0.00019481053418033092,0.837,0.7406,0.469,0.456
AQP3,ENSG00000165272,0.1484,4.6264596346542415e-05,0.00019635345285358723,1.6901,1.5249,0.833,0.75
EPN1,ENSG00000063245,0.3918,4.810443367468571e-05,0.0002039627987806674,0.5598,0.4266,0.319,0.283
EIF3K,ENSG00000178982,-0.1366,4.8384420744176095e-05,0.00020494999274287457,1.2199,1.341,0.653,0.71
UBTD1,ENSG00000165886,-0.3074,4.979193428824882e-05,0.0002107066664233003,0.4618,0.5715,0.271,0.359
SEC61A1,ENSG00000058262,0.289,5.0010332667474335e-05,0.00021142500561560648,0.6475,0.5299,0.373,0.34
PQBP1,ENSG00000102103,-0.3263,5.057948475497629e-05,0.00021362336321197956,0.3974,0.4982,0.235,0.322
HLA-DRA,ENSG00000204287,0.166,5.216709484122527e-05,0.000220114751631034,1.8847,1.6798,0.899,0.79
FOXP1,ENSG00000114861,-0.2644,5.248467067695719e-05,0.00022123994060335202,0.7485,0.8991,0.42,0.508
LURAP1L,ENSG00000153714,-0.5064,5.2673038345878856e-05,0.00022181882233642393,0.2328,0.3308,0.136,0.213
FAM241A,ENSG00000174749,-0.8294,5.27847684886744e-05,0.00022207415668129617,0.112,0.1992,0.067,0.14
APOH,ENSG00000091583,-0.832,5.4020547856277e-05,0.00022705348257580254,0.1309,0.2331,0.078,0.149
SMIM14,ENSG00000163683,0.1938,5.4153397395082656e-05,0.0002273919469362601,0.7881,0.689,0.447,0.428
TANK,ENSG00000136560,-0.331,5.531153412042692e-05,0.00023203081784495697,0.4008,0.5042,0.237,0.325
SREBF1,ENSG00000072310,0.4498,5.785158379926583e-05,0.00024245224994369268,0.484,0.3543,0.278,0.228
CEBPA,ENSG00000245848,-0.3323,5.868867203695332e-05,0.0002457234765631976,0.4129,0.5199,0.244,0.327
OGT,ENSG00000147162,0.4058,5.881761742743313e-05,0.00024578977436502344,0.5264,0.3973,0.299,0.252
SNRPE,ENSG00000182004,-0.2542,5.88139295530632e-05,0.00024578977436502344,0.6474,0.7721,0.373,0.463
FKBP4,ENSG00000004478,-0.5483,5.905335702075196e-05,0.0002465378382441767,0.1858,0.2717,0.111,0.187
ACOXL,ENSG00000153093,-0.4824,5.9321957162940965e-05,0.0002474215219099246,0.3544,0.4952,0.206,0.278
ZNF593,ENSG00000142684,0.1845,5.987838401057831e-05,0.0002495028350047683,0.8278,0.7284,0.463,0.445
TP53TG1,ENSG00000182165,0.7196,6.050335720514218e-05,0.00025186550805895395,0.3423,0.2078,0.201,0.143
DESI1,ENSG00000100418,-0.3564,6.118731555534385e-05,0.00025435616126275723,0.332,0.4251,0.199,0.283
NR4A2,ENSG00000153234,-0.7499,6.1218717137792e-05,0.00025435616126275723,0.1432,0.2409,0.081,0.153
PCYOX1,ENSG00000116005,0.3916,6.245691018448238e-05,0.0002592528478144799,0.5282,0.4026,0.307,0.264
FAS,ENSG00000026103,1.3478,6.525171141240125e-05,0.00027033740495547746,0.2024,0.0795,0.122,0.055
ARHGAP32,ENSG00000134909,-0.689,6.521184819608577e-05,0.00027033740495547746,0.1709,0.2757,0.102,0.174
CRYZ,ENSG00000116791,0.5854,6.5496275220279e-05,0.0002710922020069834,0.3846,0.2563,0.23,0.174
FCGRT,ENSG00000104870,0.1727,6.70186868310741e-05,0.00027686617202266924,0.8454,0.75,0.477,0.456
RAB5IF,ENSG00000101084,-0.3053,6.698531029994124e-05,0.00027686617202266924,0.4477,0.5532,0.265,0.351
BACE2,ENSG00000182240,0.8074,6.783459062619555e-05,0.000279970684578771,0.311,0.1777,0.181,0.12
FILIP1,ENSG00000118407,-0.3484,6.925494558691688e-05,0.00028529098911918554,0.3973,0.5059,0.231,0.313
IL34,ENSG00000157368,-1.3873,6.923428600165543e-05,0.00028529098911918554,0.058,0.1519,0.034,0.103
NORAD,ENSG00000260032,0.2125,6.96988076413849e-05,0.0002868475549331996,0.7587,0.6548,0.43,0.409
S100A9,ENSG00000163220,-0.3123,7.012096477982615e-05,0.00028831193276549144,0.4998,0.6206,0.277,0.352
SLC39A8,ENSG00000138821,-0.1171,7.226111370037033e-05,0.00029655033063438096,1.2935,1.4028,0.681,0.722
MUC15,ENSG00000169550,-0.699,7.222706380541841e-05,0.00029655033063438096,0.1478,0.2401,0.087,0.159
USP8,ENSG00000138592,-0.3007,7.248910059567013e-05,0.0002972053124422475,0.4734,0.5832,0.276,0.363
PNRC1,ENSG00000146278,0.1182,7.344244588138727e-05,0.00030083022601367493,1.256,1.1571,0.656,0.619
MYDGF,ENSG00000074842,-0.2106,7.408397242953135e-05,0.00030317226382179215,0.8494,0.9829,0.473,0.56
LDAF1,ENSG00000011638,0.7521,7.534192429108548e-05,0.0003080301062738076,0.3236,0.1921,0.191,0.133
PLPP2,ENSG00000141934,1.592,7.56820223825432e-05,0.0003091297643557639,0.181,0.06,0.105,0.038
CLIC4,ENSG00000169504,-0.3952,7.849430504024875e-05,0.0003203157274224611,0.2879,0.3786,0.168,0.248
GADD45A,ENSG00000116717,0.8767,7.972647489697751e-05,0.00032503870534921603,0.2757,0.1501,0.163,0.099
LSS,ENSG00000160285,-0.3684,8.04088655179876e-05,0.00032751352346876674,0.3318,0.4284,0.194,0.275
SLC1A5,ENSG00000105281,-0.3335,8.212643164967677e-05,0.00033419613478417155,0.3813,0.4805,0.224,0.307
ACTN4,ENSG00000130402,0.1223,8.407801627745005e-05,0.00034149818573999806,0.9636,0.8852,0.53,0.52
PTRHD1,ENSG00000184924,0.1737,8.403148793559226e-05,0.00034149818573999806,0.8641,0.7661,0.482,0.461
EIF3D,ENSG00000100353,-0.2722,8.437014868373216e-05,0.0003423647676746032,0.5071,0.6124,0.297,0.39
SARNP,ENSG00000205323,1.0081,8.45883169192135e-05,0.00034292987437584127,0.2471,0.1228,0.147,0.084
PFN1,ENSG00000108518,0.1493,8.473614220522597e-05,0.0003432090158657149,1.9349,1.7447,0.927,0.828
C9orf152,ENSG00000188959,-0.4802,8.512456112530905e-05,0.00034446121289626925,0.226,0.3153,0.139,0.213
PPP1R9A,ENSG00000158528,-0.4395,8.559246395143085e-05,0.0003457108255882142,0.3214,0.4358,0.191,0.266
ARRDC1,ENSG00000197070,0.387,8.55777395460431e-05,0.0003457108255882142,0.5378,0.4112,0.311,0.269
PABPN1,ENSG00000100836,0.2829,8.612837180478793e-05,0.00034728115691320754,0.6605,0.5429,0.375,0.341
ARMC9,ENSG00000135931,-0.3187,8.614106929416423e-05,0.00034728115691320754,0.442,0.5512,0.26,0.34
LTV1,ENSG00000135521,-0.6524,8.673452483075081e-05,0.00034934962457316315,0.1475,0.232,0.09,0.162
MAP2K3,ENSG00000034152,0.3233,8.724612056352161e-05,0.00035108485182320826,0.6005,0.4799,0.343,0.308
DSG2,ENSG00000046604,0.4558,8.771857348171312e-05,0.0003526595007877199,0.4731,0.3449,0.279,0.234
GTF2A2,ENSG00000140307,0.1835,8.900411614024035e-05,0.0003574971245337195,0.7905,0.6961,0.449,0.433
ZNF280D,ENSG00000137871,-0.6595,9.066106415674442e-05,0.0003638162371423926,0.1513,0.2391,0.09,0.162
SERPINF1,ENSG00000132386,1.5278,9.106059145454139e-05,0.00036508240817475726,0.2009,0.0696,0.108,0.042
STRBP,ENSG00000165209,-0.5928,9.215519459251903e-05,0.0003691303923493896,0.1813,0.2735,0.106,0.178
VPS37B,ENSG00000139722,0.4256,9.226917491605985e-05,0.0003692230831530766,0.4974,0.3703,0.284,0.238
DCTN1,ENSG00000204843,0.5477,9.234824928379988e-05,0.0003692230831530766,0.4271,0.2922,0.247,0.198
SIK3,ENSG00000160584,-1.0408,9.500202361009245e-05,0.0003794841862219318,0.1108,0.228,0.065,0.133
TRA2B,ENSG00000136527,-0.2469,9.554204887792509e-05,0.0003812908580564394,0.6568,0.7795,0.377,0.469
ZFAND1,ENSG00000104231,-0.2974,9.614365002725055e-05,0.0003833397275398448,0.4191,0.515,0.245,0.333
OCIAD1,ENSG00000109180,0.1344,9.851871708183352e-05,0.00039244944494743215,0.8981,0.8181,0.499,0.494
LITAF,ENSG00000189067,0.3488,9.957513263037952e-05,0.0003962944381058877,0.5701,0.4476,0.33,0.295
SNX29,ENSG00000048471,-0.8518,9.989352821821873e-05,0.0003971978715794864,0.1327,0.2395,0.082,0.15
ENSG00000272831,ENSG00000272831,-0.8507,0.00010027760444566374,0.00039836057488195123,0.1011,0.1824,0.059,0.129
MAGI1,ENSG00000151276,-0.6565,0.00010046098744305801,0.0003987246131758266,0.2271,0.358,0.136,0.202
C1orf210,ENSG00000253313,-0.3692,0.00010170774672189659,0.00040330462340635274,0.3001,0.3876,0.177,0.258
TMEM14A,ENSG00000096092,0.6594,0.00010237706461640351,0.00040558862609196865,0.3439,0.2177,0.206,0.149
FOXO3,ENSG00000118689,-0.4067,0.00010447986422597456,0.00041354234055199034,0.3054,0.4049,0.182,0.259
REV3L,ENSG00000009413,-0.4837,0.00010802599892511085,0.00042718925507600705,0.2578,0.3605,0.153,0.225
RHBDD2,ENSG00000005486,0.3565,0.00011355533987120066,0.0004486468246183982,0.5447,0.4254,0.32,0.281
PSMG1,ENSG00000183527,-0.4567,0.00011816875718260385,0.00046644997158546445,0.2151,0.2953,0.131,0.206
SLC25A23,ENSG00000125648,0.5124,0.00011849433922482386,0.0004673107062351039,0.4345,0.3046,0.255,0.208
SEMA3B,ENSG00000012171,1.3526,0.00011893837366422068,0.0004686366019444271,0.2029,0.0794,0.117,0.052
ALOX15B,ENSG00000179593,0.1347,0.00012034808487302517,0.0004737615732410936,0.9744,0.8876,0.521,0.503
EVPL,ENSG00000167880,0.8937,0.00012059934219397677,0.0004743210327375774,0.2868,0.1543,0.164,0.105
PSMA3-AS1,ENSG00000257621,-0.3157,0.00012451642348420468,0.00048904228336444,0.3969,0.4939,0.231,0.315
NHSL1,ENSG00000135540,0.3972,0.00012456737406452717,0.00048904228336444,0.4876,0.3702,0.279,0.225
PPIC,ENSG00000168938,0.3029,0.00012713246747418373,0.0004986621874032513,0.6002,0.4865,0.348,0.315
ARID4A,ENSG00000032219,-0.3813,0.00013046717358193607,0.0005112807361470642,0.33,0.4299,0.194,0.27
SMS,ENSG00000102172,0.3452,0.00013109328013703205,0.0005132715274554426,0.5633,0.4434,0.326,0.292
CSF2,ENSG00000164400,-0.9649,0.00013391627180522677,0.0005238524907880428,0.1013,0.1977,0.061,0.128
RCAN2,ENSG00000172348,0.9375,0.0001353580673054599,0.0005290163313934611,0.2342,0.1222,0.138,0.074
COX7B,ENSG00000131174,-0.1069,0.00013635838350193564,0.0005324470212932725,1.2934,1.3929,0.682,0.724
C1orf167,ENSG00000215910,0.9134,0.00013807079250602452,0.000538649608825119,0.2653,0.1408,0.153,0.091
TMEM256,ENSG00000205544,0.1421,0.00013839649532596836,0.0005394360257279449,0.9141,0.8284,0.504,0.491
RMDN2,ENSG00000115841,-0.4711,0.00014085822883675139,0.000548539303337385,0.2251,0.312,0.133,0.206
DNAJA1,ENSG00000086061,0.1791,0.00014252336831638664,0.0005545269102086092,0.8401,0.742,0.47,0.441
CDKL2,ENSG00000138769,-0.3417,0.00014455497309138798,0.0005619283658811915,0.3611,0.4576,0.214,0.292
RABAC1,ENSG00000105404,-0.1647,0.0001453207988658332,0.0005644005289284281,1.0913,1.2232,0.591,0.664
COL1A1,ENSG00000108821,1.6235,0.00014890051221470968,0.0005777871661474359,0.1835,0.0595,0.106,0.043
BOD1,ENSG00000145919,-0.4344,0.0001493479898885184,0.0005790065691842114,0.2118,0.2863,0.129,0.203
LGALSL,ENSG00000119862,0.4465,0.00014979138376732809,0.0005802079802609696,0.485,0.3559,0.274,0.232
PRRC2C,ENSG00000117523,-0.2511,0.00015141697830264238,0.0005859823577055065,0.6537,0.778,0.369,0.463
CCDC50,ENSG00000152492,-0.3853,0.00015311559294757765,0.0005920287962190146,0.2762,0.3607,0.16,0.237
ACSL1,ENSG00000151726,-0.2439,0.000156314140645558,0.00060385889355164,0.6801,0.8053,0.383,0.477
CHD1,ENSG00000153922,-0.3842,0.0001591388681489755,0.0006142251518432038,0.2904,0.3791,0.169,0.245
STEAP3,ENSG00000115107,1.4108,0.0001594033579374611,0.0006147000830489848,0.1895,0.0712,0.113,0.051
TMEM160,ENSG00000130748,0.294,0.00016164720804658344,0.0006228003246191948,0.6112,0.4985,0.354,0.323
VCL,ENSG00000035403,0.4919,0.0001639265775985202,0.0006310229461852691,0.4287,0.3048,0.249,0.2
PGP,ENSG00000184207,-0.5608,0.000165482504206237,0.0006364486400710674,0.1607,0.2371,0.096,0.167
SEC63,ENSG00000025796,-0.2664,0.00016672067042914113,0.0006406437079443389,0.5374,0.6465,0.312,0.402
EMD,ENSG00000102119,0.2386,0.00016696342229669678,0.0006410097467327245,0.6993,0.5927,0.398,0.372
HP1BP3,ENSG00000127483,0.2067,0.00016774127447853965,0.0006434276953960576,0.7485,0.6486,0.425,0.401
GABARAPL1,ENSG00000139112,0.4684,0.00016836919427481957,0.00064526677100385,0.4537,0.3279,0.265,0.221
FHIT,ENSG00000189283,-0.7742,0.00017091920290316612,0.0006544624280327401,0.1735,0.2968,0.105,0.169
MRPS15,ENSG00000116898,-0.2205,0.00017126679044817498,0.0006552160838800779,0.8145,0.949,0.456,0.553
DHRS4L2,ENSG00000187630,-0.5927,0.00017805945405735752,0.0006796087645641523,0.1486,0.2242,0.09,0.16
CMTM6,ENSG00000091317,0.3041,0.000178111915057195,0.0006796087645641523,0.5997,0.4857,0.344,0.317
PCSK1N,ENSG00000102109,1.1264,0.00017781412963474517,0.0006796087645641523,0.2104,0.0963,0.121,0.057
HNRNPD,ENSG00000138668,-0.2554,0.00017975178381107078,0.0006852642565288716,0.5891,0.7032,0.336,0.434
RRP9,ENSG00000114767,-0.7864,0.00018142078774923922,0.0006910208094287411,0.1047,0.1806,0.061,0.129
SYT15,ENSG00000204176,-0.8508,0.0001820260445519383,0.000692719080230056,0.1034,0.1866,0.063,0.13
CMSS1,ENSG00000184220,-0.8085,0.00018488083385028096,0.0007029677199591611,0.1185,0.2077,0.072,0.139
LGI3,ENSG00000168481,0.3676,0.00018628345813571356,0.0007076817386868979,0.5422,0.4202,0.306,0.27
SLC4A2,ENSG00000164889,0.4686,0.00018651564211625388,0.0007079449612552309,0.4526,0.3271,0.264,0.221
SLC44A1,ENSG00000070214,-0.402,0.00018699400784426444,0.0007091413246868877,0.2863,0.3783,0.172,0.244
RPP25,ENSG00000178718,-0.7652,0.00018974367848526878,0.0007189416100235206,0.112,0.1904,0.067,0.135
LAMTOR2,ENSG00000116586,0.2043,0.000190133838161393,0.0007197923873252735,0.7442,0.646,0.42,0.405
FN3K,ENSG00000167363,0.55,0.00019086266130330625,0.0007219226510219052,0.3792,0.259,0.221,0.165
GOLM1,ENSG00000135052,0.9527,0.00019403390189742635,0.000733279424040187,0.2389,0.1234,0.148,0.089
DST,ENSG00000151914,1.411,0.0001959282046746881,0.0007397949413694132,0.1818,0.0683,0.108,0.045
PSMA1,ENSG00000129084,-0.247,0.00019896406491663407,0.0007506057518469545,0.6019,0.7143,0.343,0.44
ARPC5,ENSG00000162704,0.1382,0.00019934401521555357,0.000751386895166345,0.8748,0.7949,0.485,0.483
FBL,ENSG00000105202,-0.2717,0.00020054660963604725,0.0007552647881094119,0.4665,0.5631,0.272,0.36
LYSET,ENSG00000153485,-0.5896,0.00020115281260366552,0.0007568918818835761,0.153,0.2303,0.093,0.162
FOXN3,ENSG00000053254,-0.4674,0.0002025360936505295,0.0007614375977553644,0.2508,0.3468,0.149,0.219
TATDN1,ENSG00000147687,-0.3761,0.00020352825784274243,0.0007645063168405866,0.2722,0.3533,0.159,0.235
CTNND1,ENSG00000198561,0.2863,0.00020527194253740807,0.0007703902092120686,0.6107,0.5007,0.347,0.31
CXCL16,ENSG00000161921,0.3487,0.00020619238267792657,0.0007731769586870309,0.5546,0.4355,0.317,0.286
RALGAPA2,ENSG00000188559,-0.4691,0.00020720377913157885,0.0007762996759533118,0.2746,0.3801,0.166,0.234
HSP90AA1,ENSG00000080824,0.1628,0.00020890630282241465,0.0007820041275333454,1.6804,1.5011,0.838,0.735
LAMP1,ENSG00000185896,0.1372,0.00020939200456140315,0.0007831477210188107,0.8757,0.7962,0.491,0.482
SNRPB,ENSG00000125835,-0.2463,0.00020972210428511987,0.0007837078806733715,0.598,0.7093,0.342,0.437
CWF19L2,ENSG00000152404,-0.7948,0.00021136022632449255,0.0007891508106582858,0.1216,0.211,0.073,0.139
ACOT13,ENSG00000112304,-0.306,0.00021327122440405113,0.0007956023530128808,0.3635,0.4493,0.213,0.294
TBC1D2,ENSG00000095383,0.6892,0.00021404564452572332,0.0007978064932322414,0.3287,0.2038,0.192,0.138
FAM3B,ENSG00000183844,0.4943,0.0002150781367000021,0.000800967936673701,0.423,0.3003,0.244,0.196
TIMM8B,ENSG00000150779,0.1818,0.00021777998203178331,0.000810335446840865,0.7839,0.6911,0.439,0.425
SERTAD1,ENSG00000197019,0.3605,0.00022068302417055667,0.0008204349213389557,0.5527,0.4305,0.311,0.272
UFC1,ENSG00000143222,0.1515,0.0002230097979387605,0.0008283765656767976,0.8499,0.7651,0.477,0.467
TFRC,ENSG00000072274,-0.3886,0.00022396567860554363,0.0008312167713233926,0.2629,0.3442,0.154,0.229
PCLO,ENSG00000186472,-0.9098,0.00022658264231401778,0.000840211743597885,0.1001,0.1882,0.059,0.124
MYC,ENSG00000136997,-0.406,0.00022761630114333508,0.0008433251873562951,0.2716,0.3599,0.153,0.225
COPRS,ENSG00000172301,-0.4312,0.00023174429169770728,0.0008578881530819726,0.2195,0.296,0.135,0.206
SIPA1L1,ENSG00000197555,-0.5786,0.00023412876735146325,0.0008659775514123058,0.1999,0.2986,0.118,0.185
BNIP3,ENSG00000176171,-0.2414,0.00023478083756524928,0.0008676509524307597,0.593,0.7011,0.342,0.432
MRPS12,ENSG00000128626,-0.2944,0.0002485756475012514,0.0009178502668143064,0.378,0.4636,0.224,0.306
UBXN1,ENSG00000162191,-0.2224,0.0002513048100649033,0.0009271398170985312,0.7315,0.8535,0.414,0.506
SPG21,ENSG00000090487,0.152,0.00025207725370089695,0.0009292008011739593,0.8442,0.7597,0.474,0.463
RGS16,ENSG00000143333,-0.2892,0.000253123293217385,0.00093182041680084,0.4896,0.5983,0.274,0.346
TRIO,ENSG00000038382,-0.738,0.00025321673084256605,0.00093182041680084,0.1618,0.27,0.097,0.161
DNAJB11,ENSG00000090520,-0.4005,0.00025414995728443516,0.0009344633793216203,0.2557,0.3375,0.155,0.227
GCNT2,ENSG00000111846,-0.4262,0.00025505112290779365,0.0009369840914262648,0.2522,0.3389,0.15,0.22
FBXO34,ENSG00000178974,-0.4786,0.0002610407260978581,0.0009581782057612258,0.2357,0.3285,0.141,0.209
FCGR2A,ENSG00000143226,1.2506,0.00026222418545531525,0.0009617099662352742,0.2021,0.0849,0.117,0.056
SPINT1,ENSG00000166145,0.2447,0.0002685812601936665,0.0009841940613842114,0.6616,0.5584,0.378,0.357
MAP7,ENSG00000135525,-0.4175,0.00027000446640725983,0.0009885757464245587,0.2753,0.3678,0.165,0.235
IL6ST,ENSG00000134352,0.1403,0.0002744740569371107,0.0010040944877514168,0.8887,0.8064,0.49,0.476
GPATCH4,ENSG00000160818,-0.6696,0.00027471668379783405,0.001004136844226566,0.1358,0.2161,0.084,0.15
ENSG00000273877,ENSG00000273877,-0.8367,0.00028807824045657825,0.0010520907840540245,0.1033,0.1846,0.06,0.125
CDK5RAP3,ENSG00000108465,0.5453,0.00029265347792737544,0.0010679026155099695,0.3961,0.2714,0.231,0.184
PNN,ENSG00000100941,-0.2858,0.0002940816002919266,0.001071694380456582,0.4167,0.5081,0.244,0.327
CPNE3,ENSG00000085719,0.1406,0.00029418577908069544,0.001071694380456582,0.8707,0.7898,0.486,0.477
DPM1,ENSG00000000419,-0.4504,0.00029637138141742697,0.0010787521136014552,0.2084,0.2848,0.128,0.198
ACBD6,ENSG00000230124,-0.3864,0.0002994424316384982,0.001089018249289467,0.2682,0.3506,0.159,0.23
BOLA3,ENSG00000163170,0.2478,0.00030075740363342147,0.0010928860168819814,0.6647,0.5598,0.377,0.356
MTCH1,ENSG00000137409,-0.2219,0.0003036458573331937,0.0011024602305514284,0.8094,0.9441,0.451,0.551
ATOX1,ENSG00000177556,0.2221,0.0003098888165773381,0.0011241876434433318,0.7044,0.6039,0.4,0.378
EIF4G1,ENSG00000114867,0.2198,0.00031222610412566515,0.0011317219754213017,0.6956,0.5973,0.397,0.378
RNF220,ENSG00000187147,-0.5765,0.0003151458290081473,0.00114135314405784,0.1607,0.2397,0.098,0.164
PITHD1,ENSG00000057757,-0.3343,0.00031887311209007405,0.0011538905454983029,0.279,0.3517,0.166,0.243
TMEM53,ENSG00000126106,-0.4789,0.00032460412955560185,0.00117365186942483,0.2012,0.2805,0.124,0.192
MISP,ENSG00000099812,1.3255,0.00032887968069590797,0.0011881222712422411,0.1744,0.0695,0.108,0.048
SF1,ENSG00000168066,0.1663,0.00033296625121018235,0.0012018864848500437,0.8059,0.7182,0.449,0.442
IL10RB,ENSG00000243646,-0.9801,0.0003364479880452183,0.001213446436551468,0.079,0.1559,0.049,0.113
CLSTN1,ENSG00000171603,0.9803,0.00033810587042441945,0.0012184146872840189,0.239,0.1211,0.142,0.085
SPSB2,ENSG00000111671,-0.3868,0.00033874968092779674,0.0012197233747408488,0.2749,0.3594,0.168,0.237
CLIC5,ENSG00000112782,1.1983,0.0003414677760812988,0.0012274763894535357,0.205,0.0893,0.116,0.056
OSBPL9,ENSG00000117859,0.3483,0.0003413364100362649,0.0012274763894535357,0.5203,0.4087,0.303,0.263
SOCS1,ENSG00000185338,0.8492,0.00034276077115907443,0.0012303956619305139,0.262,0.1454,0.155,0.099
EI24,ENSG00000149547,0.1679,0.00034284609907911926,0.0012303956619305139,0.7655,0.6813,0.433,0.425
SCNN1B,ENSG00000168447,0.8363,0.0003462677254635191,0.001241649781241299,0.2496,0.1397,0.151,0.093
AK2,ENSG00000004455,0.233,0.0003468907653071465,0.0012428584221144754,0.67,0.5701,0.385,0.364
EIF5,ENSG00000100664,0.1273,0.00035288010067519986,0.0012632758793528983,0.9272,0.8489,0.517,0.498
CLTC,ENSG00000141367,0.1916,0.0003593833517531826,0.0012854979808389559,0.7428,0.6504,0.419,0.403
GIGYF2,ENSG00000204120,-0.4427,0.00036037779875265294,0.0012879949945551231,0.2373,0.3226,0.143,0.211
CDKL5,ENSG00000008086,-0.4018,0.00036368800802190007,0.0012987576687454214,0.2661,0.3516,0.154,0.224
SLC35B1,ENSG00000121073,-0.3265,0.00036567704519688976,0.0013047885372953062,0.3055,0.3831,0.183,0.259
GPD1L,ENSG00000152642,-0.4015,0.0003696190784839742,0.0013177723667689514,0.2495,0.3296,0.15,0.22
PSMB8,ENSG00000204264,0.3418,0.00037020212896014045,0.0013187692233285002,0.5359,0.4229,0.311,0.278
CCNY,ENSG00000108100,-0.5405,0.00037339909699983135,0.0013290683665530443,0.1897,0.2759,0.114,0.18
PTPRM,ENSG00000173482,-0.4893,0.00037458563708432164,0.001332200637290067,0.2823,0.3962,0.167,0.231
SH3BGRL,ENSG00000131171,0.2452,0.00038436962688801195,0.0013658793119013081,0.6488,0.5474,0.376,0.351
RNF19A,ENSG00000034677,0.454,0.00038959980137791717,0.0013833339352846636,0.4376,0.3194,0.252,0.206
MRPL51,ENSG00000111639,0.1267,0.00039025166172569056,0.0013845173239672255,0.9042,0.8282,0.503,0.497
ESF1,ENSG00000089048,-0.3994,0.00039058454661958166,0.0013845680584084028,0.2465,0.3252,0.148,0.217
NME3,ENSG00000103024,0.1765,0.00039166825591876694,0.0013872781093911663,0.7874,0.6968,0.441,0.427
EPB41L5,ENSG00000115109,-0.375,0.00039432130332418017,0.0013955377721880187,0.2775,0.3599,0.162,0.234
ILF3-DT,ENSG00000267100,-0.383,0.0003991364673550377,0.0014114296884662277,0.2449,0.3194,0.145,0.215
EIF1AX,ENSG00000173674,-0.2153,0.00040052933468624205,0.001415203649224722,0.7386,0.8575,0.416,0.504
PSMB7,ENSG00000136930,-0.2597,0.0004050796448230193,0.0014301187135668902,0.4876,0.5838,0.289,0.373
ROS1,ENSG00000047936,0.1585,0.00041852627464601715,0.0014763921993600573,0.7926,0.7101,0.437,0.394
SCN1A,ENSG00000144285,-0.4962,0.0004200572706120575,0.0014805911582157353,0.2293,0.3235,0.13,0.195
C11orf98,ENSG00000278615,0.5536,0.000425535359755071,0.0014986845004015708,0.3315,0.2258,0.196,0.139
MYO1C,ENSG00000197879,0.4205,0.0004261338769900251,0.0014995771897964771,0.4553,0.3402,0.27,0.23
UPF2,ENSG00000151461,-0.4993,0.0004285740426961355,0.00150572577975538,0.2004,0.2834,0.121,0.186
MVB12A,ENSG00000141971,-0.3836,0.00042850714628029485,0.00150572577975538,0.2473,0.3227,0.15,0.22
RAPGEF2,ENSG00000109756,-0.6801,0.00043119062148811447,0.001513695025030166,0.1633,0.2618,0.099,0.161
CEP112,ENSG00000154240,-0.7952,0.00043417507203474055,0.0015229417780976454,0.1313,0.228,0.077,0.139
SLC12A7,ENSG00000113504,1.1551,0.00043597304508436244,0.0015280152047876122,0.2118,0.0951,0.123,0.066
HIVEP3,ENSG00000127124,-1.1106,0.0004370473758283208,0.0015305462492746834,0.0858,0.1855,0.051,0.112
KRT15,ENSG00000171346,1.2926,0.00043834861938518433,0.0015338672301513777,0.1889,0.077,0.111,0.053
RGS2,ENSG00000116741,1.2009,0.0004433431696047158,0.0015500960700740908,0.2171,0.0944,0.122,0.065
SORL1,ENSG00000137642,1.1159,0.00044681823827380523,0.0015602916701939608,0.208,0.0959,0.123,0.066
CCDC28A,ENSG00000024862,0.6347,0.0004469772502051268,0.0015602916701939608,0.3311,0.2132,0.199,0.15
MRPL27,ENSG00000108826,0.2492,0.0004478627184866136,0.0015621279089428756,0.645,0.5427,0.37,0.347
ISY1,ENSG00000240682,-0.9001,0.0004482711814131663,0.0015622987605626469,0.0892,0.1665,0.058,0.12
FAM107B,ENSG00000065809,0.3761,0.00044975352620892165,0.0015662089943140813,0.5082,0.3915,0.289,0.252
TACC1,ENSG00000147526,0.1311,0.0004545106652602258,0.0015815078872865823,0.8761,0.8,0.485,0.469
MFSD10,ENSG00000109736,0.2636,0.00045697021961373796,0.0015875240403207876,0.6372,0.5308,0.361,0.34
TRIM28,ENSG00000130726,0.3206,0.00045670139449681055,0.0015875240403207876,0.5669,0.4539,0.325,0.299
TIMM9,ENSG00000100575,-0.4145,0.00045812327405679457,0.0015902585855038572,0.2108,0.281,0.127,0.196
HACD2,ENSG00000206527,-0.312,0.0004596972138190343,0.001594448596374719,0.3399,0.422,0.205,0.278
AFDN,ENSG00000130396,-0.2871,0.0004615782617572009,0.0015996962724057376,0.4207,0.5133,0.241,0.317
MZT2B,ENSG00000152082,-0.1863,0.00046204451847336076,0.001600036236880658,0.8717,0.9919,0.485,0.563
NPC1,ENSG00000141458,-0.2776,0.0004654444963379199,0.0016105268957679936,0.4808,0.5828,0.277,0.353
PRKCZ,ENSG00000067606,0.2761,0.00046647782482546723,0.0016128183187680831,0.6037,0.4985,0.343,0.313
SCIN,ENSG00000006747,-0.6459,0.00046921610489594474,0.0016209961779632559,0.1388,0.2173,0.085,0.149
PAPSS1,ENSG00000138801,0.7989,0.00048277059570686723,0.0016664980213995592,0.2808,0.1614,0.166,0.113
LRRC23,ENSG00000010626,-0.3782,0.0004841930665566716,0.0016700817994089638,0.2723,0.354,0.162,0.23
ZNF511,ENSG00000198546,-0.3311,0.00048569462662876553,0.0016739324721083385,0.2998,0.3772,0.18,0.252
TMEM126A,ENSG00000171202,-0.3605,0.0004928810834972334,0.0016973543493494264,0.2692,0.3457,0.164,0.234
CEBPG,ENSG00000153879,-0.4053,0.0004942275938968272,0.0017006438029102224,0.2224,0.2945,0.132,0.2
AUTS2,ENSG00000158321,-0.4839,0.0004958402689646788,0.0017048432032598843,0.3141,0.4393,0.182,0.244
BRD10,ENSG00000183354,-0.6167,0.0005021129926337223,0.0017250459019653415,0.1437,0.2204,0.085,0.149
DOCK9,ENSG00000088387,-0.3964,0.0005082074796688869,0.0017446048235710762,0.2957,0.3892,0.172,0.239
SMC3,ENSG00000108055,-0.4041,0.0005144161955274273,0.0017645246927878444,0.2279,0.3016,0.138,0.206
TP53I13,ENSG00000167543,0.735,0.0005315323454468758,0.0018217977707508848,0.2911,0.1748,0.174,0.122
MGP,ENSG00000111341,0.9712,0.0005321635751884861,0.0018225239541128139,0.2331,0.1189,0.13,0.073
YPEL5,ENSG00000119801,0.2032,0.0005344194801853681,0.0018288087093587479,0.7193,0.6248,0.407,0.388
SAMD5,ENSG00000203727,-0.9924,0.000544260599268877,0.0018610201136290633,0.0902,0.1795,0.058,0.118
GALNT1,ENSG00000141429,0.5721,0.0005565219491831927,0.0019014499930425752,0.3569,0.24,0.211,0.165
CCT8,ENSG00000156261,-0.2385,0.000558916735483725,0.001908132075736268,0.5283,0.6233,0.312,0.394
PHF5A,ENSG00000100410,-0.3474,0.0005627116908044709,0.0019195800692592077,0.2716,0.3455,0.165,0.235
TGOLN2,ENSG00000152291,0.2981,0.0005656138722167881,0.0019279669714934596,0.5642,0.4589,0.331,0.301
APEX1,ENSG00000100823,-0.2391,0.0005669274978112589,0.0019309301767145228,0.5268,0.6218,0.306,0.394
RSBN1L,ENSG00000187257,-0.2767,0.0005675108631242445,0.0019314034542975464,0.388,0.4701,0.223,0.302
DCBLD2,ENSG00000057019,0.3601,0.0005740339073917732,0.0019520746177814135,0.5139,0.4004,0.293,0.259
NCOA1,ENSG00000084676,-0.5499,0.0005769967246922748,0.0019606159229965804,0.1932,0.2829,0.118,0.18
TMEM134,ENSG00000172663,0.2816,0.0005799167554595923,0.0019689986087713975,0.5923,0.4873,0.343,0.314
CITED2,ENSG00000164442,0.1132,0.0005828760010529366,0.0019775012494738973,1.1544,1.0673,0.597,0.57
ANAPC13,ENSG00000129055,0.2409,0.0005938364777178123,0.002013114923683005,0.6622,0.5603,0.371,0.359
BMP3,ENSG00000152785,0.682,0.0006056082957013631,0.0020514213975979145,0.3164,0.1972,0.184,0.135
THOC2,ENSG00000125676,-0.2332,0.0006067041771146503,0.002053532985779027,0.6402,0.7525,0.364,0.446
CAVIN1,ENSG00000177469,0.3114,0.0006138123963419576,0.0020723728040820547,0.5656,0.4558,0.324,0.292
SLC9A1,ENSG00000090020,0.8132,0.0006145675846249,0.0020723728040820547,0.2609,0.1485,0.156,0.103
TLCD1,ENSG00000160606,-0.574,0.0006146545201246591,0.0020723728040820547,0.1564,0.2329,0.097,0.16
DAB2,ENSG00000153071,0.4225,0.0006135586333025059,0.0020723728040820547,0.4507,0.3362,0.26,0.218
EIF3M,ENSG00000149100,-0.2316,0.0006146010200014373,0.0020723728040820547,0.6043,0.7095,0.348,0.441
ATP5MC1,ENSG00000159199,-0.2079,0.000615819220495989,0.0020746901800585797,0.7621,0.8803,0.428,0.516
ACTMAP,ENSG00000188493,-0.6277,0.0006203636634574841,0.0020883814728011045,0.1347,0.2082,0.081,0.144
SGF29,ENSG00000176476,-0.661,0.000622261864790286,0.002093150204627386,0.1343,0.2124,0.082,0.144
C5,ENSG00000106804,0.7245,0.0006250615577900431,0.0021009416319841667,0.2869,0.1736,0.167,0.114
TXNRD1,ENSG00000198431,-0.2684,0.0006305454516304166,0.002117736114981291,0.4327,0.5212,0.251,0.324
NUDT8,ENSG00000167799,-0.3854,0.0006459208383082582,0.002167700357751112,0.2325,0.3038,0.136,0.203
GHITM,ENSG00000165678,-0.2133,0.0006540928403557567,0.002193431700760894,0.7226,0.8377,0.412,0.5
METTL26,ENSG00000130731,0.1076,0.0006631643238822078,0.0022221373566631264,0.9885,0.9174,0.546,0.536
TCERG1,ENSG00000113649,-0.5107,0.0006849063072502005,0.0022932225048608408,0.1783,0.254,0.107,0.17
C15orf40,ENSG00000169609,-0.4102,0.0006880488689499743,0.002301971042691754,0.2269,0.3015,0.137,0.203
GTF2F2,ENSG00000188342,-0.3861,0.000693924917656874,0.0023198443785667497,0.2315,0.3026,0.139,0.206
LTBR,ENSG00000111321,0.2626,0.0006974819251617853,0.0023299434640685003,0.6146,0.5123,0.356,0.327
IDS,ENSG00000010404,0.4513,0.0007036451025240384,0.002348726279239225,0.4544,0.3323,0.259,0.223
TECR,ENSG00000099797,0.1061,0.0007065781248003892,0.0023567064699788884,0.9891,0.919,0.546,0.533
SMIM1,ENSG00000235169,-0.3914,0.000718516973584793,0.002394689238649931,0.2354,0.3088,0.139,0.205
TBC1D22A-DT,ENSG00000260708,-0.5063,0.0007212824617020056,0.0024020640448712003,0.1737,0.2467,0.1,0.164
PEF1,ENSG00000162517,-0.2659,0.0007241123538685882,0.002407798232527073,0.3616,0.4348,0.214,0.291
PPFIA1,ENSG00000131626,-0.4183,0.0007236840997917523,0.002407798232527073,0.2194,0.2932,0.131,0.196
ABHD5,ENSG00000011198,0.4728,0.0007294030924828206,0.002423536574870289,0.4012,0.289,0.237,0.194
TMEM192,ENSG00000170088,-0.4749,0.0007368087301841717,0.002446272529702376,0.174,0.2418,0.106,0.17
GPHN,ENSG00000171723,-0.596,0.0007384092438538084,0.002449714941823398,0.2175,0.3288,0.126,0.185
KAT6A,ENSG00000083168,-0.6747,0.000739909677709663,0.0024528203351077004,0.1337,0.2135,0.082,0.143
ZNF277,ENSG00000198839,-0.458,0.0007472138048156301,0.002473260621270928,0.1986,0.2728,0.12,0.184
GADD45G,ENSG00000130222,-0.2692,0.0007467808890230599,0.002473260621270928,0.4502,0.5426,0.256,0.325
DOCK5,ENSG00000147459,-0.5459,0.0007491406963217676,0.0024777514963579923,0.2061,0.3009,0.121,0.182
PDS5B,ENSG00000083642,-0.6,0.0007530971807044774,0.0024870519356699535,0.1449,0.2196,0.084,0.146
PARP14,ENSG00000173193,0.2469,0.0007528468095497028,0.0024870519356699535,0.6356,0.5356,0.359,0.329
JOSD2,ENSG00000161677,0.4518,0.0007560103848949773,0.0024928840157462605,0.4217,0.3083,0.248,0.207
TMEM205,ENSG00000105518,0.1774,0.0007556213539814756,0.0024928840157462605,0.7501,0.6633,0.426,0.412
ABHD14A,ENSG00000248487,-0.7101,0.0007570568272447912,0.0024944419796860216,0.1027,0.1681,0.062,0.123
TTC28,ENSG00000100154,-1.0216,0.000759951665202195,0.0025020832855823785,0.102,0.2071,0.062,0.119
DAPK2,ENSG00000035664,-0.3731,0.0007615661601256072,0.002505500781155101,0.2877,0.3726,0.164,0.231
SUMO1,ENSG00000116030,0.1085,0.0007815077445652863,0.002569162373586032,0.8915,0.827,0.495,0.501
CXCL3,ENSG00000163734,-0.4928,0.0007834747049801984,0.0025736818351050207,0.2585,0.3637,0.133,0.192
MCRIP2,ENSG00000172366,-0.2638,0.0007877087132019921,0.002585636002700799,0.405,0.4863,0.237,0.313
NSDHL,ENSG00000147383,-0.7004,0.0007937856649707395,0.0026036169811040257,0.1177,0.1913,0.074,0.134
TP53I11,ENSG00000175274,0.4348,0.0007963425989031442,0.002610033887506082,0.4536,0.3355,0.261,0.227
TIPARP,ENSG00000163659,0.2348,0.0008099161307085979,0.0026525211032852798,0.6494,0.5519,0.366,0.335
CLOCK,ENSG00000134852,-0.4736,0.0008127206225452502,0.002659701675889802,0.1948,0.2706,0.115,0.178
NDUFS6,ENSG00000145494,-0.1981,0.0008143694205523916,0.002663092175862072,0.8116,0.931,0.454,0.546
PELI1,ENSG00000197329,0.4772,0.0008167003703542621,0.0026687066237290396,0.3847,0.2763,0.22,0.171
CYB5R1,ENSG00000159348,0.3721,0.0008176937691464363,0.002669855230378144,0.4771,0.3686,0.283,0.249
CLEC11A,ENSG00000105472,-0.6511,0.0008195091756383903,0.002669855230378144,0.1274,0.2002,0.075,0.136
GPR160,ENSG00000173890,-0.2434,0.0008183217564153691,0.002669855230378144,0.4679,0.5539,0.268,0.351
DHRS7,ENSG00000100612,0.1073,0.0008191947033113634,0.002669855230378144,0.965,0.8959,0.528,0.519
ZNHIT1,ENSG00000106400,0.1093,0.0008214596540502851,0.002674204986144224,0.8978,0.8323,0.5,0.5
GRSF1,ENSG00000132463,0.2921,0.0008298525757505318,0.002697486383105319,0.5698,0.4654,0.329,0.305
OSBPL8,ENSG00000091039,-0.3496,0.0008295079151649037,0.002697486383105319,0.2668,0.3399,0.159,0.227
COA1,ENSG00000106603,-0.3169,0.0008314538940366268,0.0027006716169530494,0.315,0.3924,0.188,0.258
STARD4,ENSG00000164211,-0.4415,0.0008331911505085444,0.0027042933085213846,0.196,0.2662,0.118,0.182
TUBA1C,ENSG00000167553,-0.2097,0.0008353852435601713,0.0027093912451585855,0.7263,0.84,0.408,0.495
S100A2,ENSG00000196754,1.1752,0.0008400308560776512,0.00272242662230684,0.2134,0.0944,0.118,0.064
CKLF,ENSG00000217555,-0.5982,0.0008416235167873382,0.0027255557406540773,0.1412,0.2138,0.086,0.147
ARRDC3,ENSG00000113369,0.2367,0.0008479590807426117,0.0027440284176525618,0.6542,0.5552,0.365,0.333
ZFAND6,ENSG00000086666,-0.2173,0.0008609002865182333,0.0027838338133989895,0.685,0.7964,0.389,0.477
SF3B1,ENSG00000115524,0.1587,0.0008635837781312235,0.002790435018407656,0.7804,0.699,0.442,0.43
SRSF1,ENSG00000136450,0.338,0.0008713663595180921,0.002813490489201804,0.528,0.4177,0.305,0.277
MAP1LC3B,ENSG00000140941,0.1136,0.0008720695093230653,0.0028136704435917166,0.9044,0.836,0.502,0.499
USP32,ENSG00000170832,-0.8545,0.0008769132720371172,0.0028271996144460763,0.1048,0.1895,0.062,0.12
ALDH6A1,ENSG00000119711,-0.2835,0.0008808660148647569,0.0028378381768734123,0.3288,0.4003,0.193,0.266
NDUFAF4,ENSG00000123545,-0.4464,0.0008826426449795034,0.0028414555074673495,0.1949,0.2657,0.12,0.183
PDLIM2,ENSG00000120913,0.4395,0.0008842257015771883,0.002844444780943346,0.44,0.3244,0.25,0.208
TMEM259,ENSG00000182087,0.3457,0.000887493780348229,0.0028507375974821903,0.5261,0.4139,0.301,0.272
SAMHD1,ENSG00000101347,1.186,0.0008871833964571221,0.0028507375974821903,0.1808,0.0794,0.109,0.054
STAT6,ENSG00000166888,0.368,0.0008891225921138099,0.0028538602550418155,0.4985,0.3862,0.288,0.255
CHCHD7,ENSG00000170791,-0.2404,0.0008907258575848826,0.0028568963668368264,0.479,0.5658,0.272,0.353
MRPL21,ENSG00000197345,-0.2556,0.0008961210894312993,0.002872081308752527,0.3774,0.4506,0.221,0.297
SLIRP,ENSG00000119705,0.1042,0.0009097708460726692,0.00291368024836538,0.9861,0.9174,0.545,0.532
VEZT,ENSG00000028203,0.3782,0.0009145181590216461,0.0029267274809337807,0.4658,0.3583,0.274,0.236
EXOSC8,ENSG00000120699,-0.5082,0.0009201440634716414,0.0029425651948842926,0.1691,0.2406,0.105,0.167
PCDH9,ENSG00000184226,-0.3497,0.000921545800563357,0.0029448809185649632,0.3363,0.4286,0.189,0.254
MET,ENSG00000105976,-0.2358,0.0009539949269730687,0.003046335012950005,0.5661,0.6666,0.325,0.404
VAMP2,ENSG00000220205,-0.2296,0.0009594914290119328,0.00306163711489417,0.5271,0.618,0.301,0.385
NUTF2,ENSG00000102898,0.3087,0.0009645497138400726,0.0030732647040681493,0.5584,0.4508,0.32,0.294
MTURN,ENSG00000180354,-0.5343,0.0009645090684585833,0.0030732647040681493,0.1529,0.2215,0.091,0.153
TMUB1,ENSG00000164897,0.4072,0.0009923918941550948,0.0031573463923850967,0.4578,0.3452,0.267,0.234
ELAPOR2,ENSG00000164659,-0.2592,0.0009917661048907621,0.0031573463923850967,0.4786,0.5729,0.269,0.348
DTD1,ENSG00000125821,-0.3766,0.0010029810376589298,0.0031887019675681852,0.2273,0.2951,0.139,0.204
APOE,ENSG00000130203,0.7365,0.0010039929550818283,0.0031895858061298434,0.283,0.1698,0.156,0.104
YIF1A,ENSG00000174851,-0.2237,0.0010097556296753665,0.003205550012103099,0.5921,0.6914,0.343,0.425
HEXA,ENSG00000213614,0.3362,0.0010108269318632721,0.0032062887522286442,0.5195,0.4115,0.301,0.272
MLLT10,ENSG00000078403,-0.4389,0.0010114638470560219,0.0032062887522286442,0.2329,0.3157,0.14,0.202
ZCCHC7,ENSG00000147905,-0.7277,0.0010166152304242123,0.003220269527276696,0.1328,0.22,0.081,0.139
MYO9A,ENSG00000066933,-0.3071,0.0010241192887983403,0.0032416769330790873,0.3985,0.493,0.232,0.3
MAN2C1,ENSG00000140400,0.6045,0.0010296109121332578,0.0032566877904884562,0.3247,0.2135,0.192,0.145
TMEM54,ENSG00000121900,0.3628,0.0010419304205221847,0.0032932578964286656,0.4827,0.3753,0.283,0.247
M6PR,ENSG00000003056,-0.2624,0.001045165610855412,0.003301082663355829,0.3712,0.4452,0.221,0.297
COQ8A,ENSG00000163050,-0.5648,0.0010510255899484878,0.0033171802570197005,0.1431,0.2117,0.085,0.145
ACTR3,ENSG00000115091,0.2738,0.0010573362820435093,0.0033346759664449137,0.5869,0.4855,0.338,0.315
YEATS4,ENSG00000127337,-0.5409,0.0010674483080631346,0.0033641264299074567,0.1418,0.2063,0.087,0.148
HDAC7,ENSG00000061273,0.598,0.001070309091360462,0.003370698051487368,0.341,0.2253,0.197,0.152
MTHFR,ENSG00000177000,-0.4773,0.0010782353864109329,0.003393201295685673,0.1773,0.2468,0.104,0.165
ZNF22,ENSG00000165512,-0.3046,0.0010832479685160214,0.0034040460384458632,0.2758,0.3407,0.164,0.233
SYNPO,ENSG00000171992,1.0058,0.001082852051358615,0.0034040460384458632,0.2044,0.1017,0.123,0.07
TNFAIP3,ENSG00000118503,-0.556,0.0010883275471557329,0.0034101452919530033,0.1678,0.2468,0.09,0.151
TMEM191B,ENSG00000278558,1.0885,0.0010881003112754861,0.0034101452919530033,0.1914,0.0899,0.117,0.063
PA2G4,ENSG00000170515,-0.2022,0.001088168477431623,0.0034101452919530033,0.7005,0.8059,0.403,0.482
INO80E,ENSG00000169592,0.4759,0.0010863974403751702,0.0034101452919530033,0.3787,0.2722,0.227,0.182
HSPA9,ENSG00000113013,-0.2304,0.0011008014539221197,0.003446745762784966,0.5111,0.5997,0.299,0.379
SGMS1,ENSG00000198964,-0.3894,0.0011117143449178356,0.0034784093182238397,0.2641,0.346,0.16,0.223
CRB3,ENSG00000130545,0.164,0.001115091335342363,0.003486465426904971,0.7624,0.6804,0.429,0.423
CSNK1A1,ENSG00000113712,0.1059,0.0011182447571086037,0.0034938114409733944,0.9085,0.8442,0.505,0.499
TWIST2,ENSG00000233608,-0.9683,0.0011269328264768173,0.003518426770020293,0.0795,0.1556,0.044,0.102
DHCR7-DT,ENSG00000254682,-0.5259,0.0011366173451791916,0.0035461155650744914,0.1562,0.2249,0.092,0.152
HSD17B11,ENSG00000198189,0.1665,0.0011502355955327114,0.0035860286213666884,0.7965,0.7097,0.439,0.419
MXI1,ENSG00000119950,-0.769,0.0011526417269871177,0.0035909540827856728,0.094,0.1603,0.056,0.114
ERBB3,ENSG00000065361,0.2909,0.001153900510353634,0.0035923005859576597,0.5662,0.4628,0.325,0.299
EIF2AK1,ENSG00000086232,0.3669,0.0011658558776440012,0.003626921721002741,0.4929,0.3822,0.287,0.258
RRP15,ENSG00000067533,-0.446,0.0011693481709657326,0.003635183942072299,0.193,0.263,0.117,0.178
DPM2,ENSG00000136908,-0.2158,0.0011714871065375508,0.0036392301393939927,0.6014,0.6984,0.349,0.434
VTI1B,ENSG00000100568,0.273,0.0011832055315399532,0.0036730080286233122,0.5911,0.4892,0.339,0.319
LINC02256,ENSG00000261064,1.0297,0.0011886182411516718,0.003687176927940875,0.2014,0.0986,0.12,0.067
DYNC1LI2,ENSG00000135720,0.296,0.0012076057842092035,0.003738073175337036,0.5502,0.4482,0.321,0.296
FOXP2,ENSG00000128573,-0.9292,0.001206555418106455,0.003738073175337036,0.1188,0.2262,0.071,0.126
GALNT5,ENSG00000136542,0.722,0.0012073306067137096,0.003738073175337036,0.2746,0.1664,0.162,0.112
C22orf39,ENSG00000242259,-0.2429,0.0012130712676085222,0.003752318668346361,0.3892,0.4606,0.225,0.302
PTPA,ENSG00000119383,0.5047,0.0012220709923097834,0.0037774683730997997,0.3846,0.271,0.226,0.186
EIF3A,ENSG00000107581,-0.203,0.0012347793443282676,0.0038140376904411168,0.7685,0.8847,0.434,0.517
LSM14A,ENSG00000257103,-0.2465,0.0012367728163225184,0.003817482002654592,0.4117,0.4884,0.239,0.316
FBXL5,ENSG00000118564,0.2951,0.0012396019895876038,0.003823499110537776,0.5414,0.4412,0.317,0.287
PARM1,ENSG00000169116,0.1051,0.0012430794047173844,0.003831505739646633,0.9022,0.8388,0.497,0.491
FREM2,ENSG00000150893,-0.5165,0.0012568716426048343,0.0038712715512123383,0.206,0.2947,0.122,0.181
BTG2,ENSG00000159388,-0.2119,0.0012591840388029869,0.003875647190253386,0.6205,0.7187,0.344,0.416
EBNA1BP2,ENSG00000117395,-0.3209,0.0012718413497999654,0.003911834753171019,0.2811,0.3511,0.171,0.236
ALS2CL,ENSG00000178038,1.1658,0.0012732067797374032,0.003913264967990633,0.1935,0.0862,0.112,0.059
SDC2,ENSG00000169439,-0.3184,0.0012761654670108865,0.003919586656981847,0.2685,0.3349,0.161,0.229
BBX,ENSG00000114439,0.321,0.0012859410828499039,0.003946821995809097,0.5168,0.4137,0.297,0.267
DERA,ENSG00000023697,-0.2822,0.0012887012419211367,0.003952502185878094,0.3022,0.3675,0.178,0.248
CDCA7L,ENSG00000164649,-0.4068,0.001321395756952301,0.00404991957666763,0.2139,0.2837,0.133,0.194
SEC23B,ENSG00000101310,-0.2797,0.0013300675830133866,0.004070839851999366,0.3203,0.3888,0.189,0.259
LASP1,ENSG00000002834,0.6624,0.001330094935535918,0.004070839851999366,0.2985,0.1886,0.179,0.133
TMEM179B,ENSG00000185475,0.131,0.001332627289390225,0.004075720056080167,0.8285,0.7565,0.463,0.46
SMIM19,ENSG00000176209,-0.2426,0.0013457844328198364,0.00411306550283756,0.3913,0.4629,0.228,0.305
TPRKB,ENSG00000144034,-0.4294,0.0013550489290344633,0.004135563655606585,0.1826,0.2459,0.112,0.173
LMAN2,ENSG00000169223,0.1435,0.0013547428763486464,0.004135563655606585,0.7909,0.716,0.449,0.441
STMP1,ENSG00000243317,0.1903,0.0013564408816063133,0.004136906716814763,0.7022,0.6154,0.4,0.388
SACM1L,ENSG00000211456,-0.3062,0.001368831318454083,0.004171767819075347,0.2991,0.3699,0.175,0.242
SEC13,ENSG00000157020,0.2129,0.0013716989415046609,0.004177577855486515,0.6721,0.5799,0.382,0.365
GLRX3,ENSG00000108010,-0.2844,0.0013737546606290793,0.004180908792082618,0.331,0.4031,0.198,0.267
GGPS1,ENSG00000152904,-0.6556,0.0013774084428261018,0.004189095236194709,0.1015,0.16,0.061,0.119
FNIP2,ENSG00000052795,-0.2218,0.0014041136709489542,0.00426732728247843,0.6462,0.7536,0.362,0.439
SYF2,ENSG00000117614,-0.2257,0.001406948554697137,0.004272954869820935,0.5026,0.5878,0.293,0.372
DHX36,ENSG00000174953,-0.2392,0.0014087068130727116,0.004275307129618718,0.4182,0.4937,0.246,0.32
CYBRD1,ENSG00000071967,-0.2191,0.0014146884752576732,0.004290464838429761,0.5986,0.6968,0.343,0.419
OPTN,ENSG00000123240,1.0693,0.001426196953469777,0.004322351436387484,0.2033,0.0969,0.12,0.068
CAPN1,ENSG00000014216,0.2808,0.0014289121873360536,0.004327562624503477,0.5723,0.4711,0.329,0.304
NAA20,ENSG00000173418,-0.253,0.0014421178571625076,0.004364515464643634,0.3884,0.4629,0.233,0.305
RAPGEF5,ENSG00000136237,-0.4658,0.0014552576213562485,0.004401217552132398,0.266,0.3675,0.159,0.216
BLVRA,ENSG00000106605,0.1961,0.0014577559009079312,0.00440570733334205,0.6863,0.5991,0.392,0.38
LAP3,ENSG00000002549,0.4663,0.0014594832096700898,0.0044078624247576165,0.3984,0.2883,0.234,0.196
PFN2,ENSG00000070087,1.0137,0.0014608246622684854,0.004408849987651971,0.2009,0.0995,0.121,0.069
MRPS35,ENSG00000061794,-0.2928,0.001479000586500702,0.004460608292111069,0.3126,0.3829,0.19,0.256
NAF1,ENSG00000145414,-0.8176,0.0014850145501596693,0.004475640246181639,0.0896,0.158,0.056,0.112
ANKHD1,ENSG00000131503,-0.619,0.0014885912524475224,0.0044833108684247626,0.1609,0.2471,0.097,0.154
R3HDM2,ENSG00000179912,-0.4669,0.001494367032448243,0.004497589420374005,0.2051,0.2836,0.121,0.179
MRM2,ENSG00000122687,-0.6773,0.0015065941182556143,0.004531251237327958,0.1105,0.1768,0.07,0.127
CSNK1D,ENSG00000141551,0.381,0.0015195316968194463,0.004567001904825251,0.4632,0.3557,0.271,0.239
UBE2V1,ENSG00000244687,0.4534,0.0015261008867615065,0.004583575987467524,0.4004,0.2924,0.227,0.182
SECISBP2L,ENSG00000138593,-0.1645,0.0015474745852818148,0.00464456115168147,0.9765,1.0945,0.525,0.596
SPRY1,ENSG00000164056,-0.6344,0.0015521354322976418,0.004655335119921016,0.1238,0.1922,0.073,0.131
MARK3,ENSG00000075413,-0.2532,0.001555055022780446,0.004660875261381943,0.4556,0.543,0.263,0.336
TYROBP,ENSG00000011600,-0.8806,0.0015679613976213361,0.004696319940773485,0.0976,0.1797,0.053,0.108
CARD16,ENSG00000204397,0.9417,0.001584771412962153,0.0047433998352159204,0.2149,0.1118,0.127,0.075
GTPBP6,ENSG00000178605,-0.3387,0.0015913900812172346,0.004759932066737854,0.2244,0.2838,0.131,0.195
SPTLC1,ENSG00000090054,0.6945,0.0016169898887374392,0.004833176104850696,0.2629,0.1624,0.157,0.107
NACC1,ENSG00000160877,0.7066,0.0016260842562138547,0.0048570186786978786,0.2821,0.1728,0.167,0.12
YAP1,ENSG00000137693,-0.231,0.0016308635938325788,0.004867948611810706,0.5909,0.6936,0.338,0.414
APRT,ENSG00000198931,-0.106,0.0016333407345344294,0.004871996453182313,1.2091,1.3013,0.648,0.692
ITSN2,ENSG00000198399,-0.2259,0.0016514121640781704,0.004922522129687057,0.5809,0.6794,0.334,0.411
TIMM13,ENSG00000099800,-0.1798,0.0016582194928232183,0.00493942557629178,0.8239,0.9332,0.463,0.541
CRACR2B,ENSG00000177685,0.8545,0.001687460933794875,0.005023085765940087,0.223,0.1233,0.134,0.083
SPTAN1,ENSG00000197694,0.4111,0.0016931915973701817,0.00503669451209501,0.443,0.3331,0.256,0.22
IFITM3,ENSG00000142089,0.1443,0.0016986660101022085,0.005049522900071271,2.0423,1.8479,0.953,0.845
PMVK,ENSG00000163344,-0.2174,0.0017120436523662909,0.005085811150501641,0.5024,0.5841,0.291,0.374
EDEM1,ENSG00000134109,0.3239,0.0017322395428881366,0.005135274934100847,0.5092,0.4068,0.297,0.269
POLR1F,ENSG00000105849,-0.5406,0.0017315593445084677,0.005135274934100847,0.1334,0.1941,0.081,0.139
CTSZ,ENSG00000101160,0.299,0.00173206510962738,0.005135274934100847,0.5475,0.445,0.313,0.292
SRP19,ENSG00000153037,0.3244,0.001757597962215908,0.00520689893918905,0.5139,0.4104,0.298,0.268
CDK4,ENSG00000135446,-0.2241,0.00176859029457695,0.005235894700430126,0.4672,0.5457,0.272,0.352
TAOK2,ENSG00000149930,0.6142,0.0017748591943318424,0.005250876826797949,0.3122,0.2039,0.185,0.14
ABCC4,ENSG00000125257,-0.3535,0.0017817212860434973,0.0052675923191462855,0.3053,0.3901,0.181,0.241
CLDN4,ENSG00000189143,-0.1186,0.001796763093115777,0.005308451667356334,1.1765,1.2773,0.621,0.67
DMAC1,ENSG00000137038,-0.2493,0.0018180761125151702,0.005367770913716664,0.376,0.447,0.22,0.292
SLC12A4,ENSG00000124067,1.0411,0.0018224396051144496,0.0053770010345060406,0.2032,0.0987,0.12,0.07
YPEL3,ENSG00000090238,0.2544,0.001825860427046993,0.005383439223844119,0.5973,0.5007,0.341,0.315
CAMK1D,ENSG00000183049,0.3069,0.0018307732838162426,0.005394264875569757,0.352,0.2846,0.209,0.154
PCSK2,ENSG00000125851,0.5274,0.001833234264584123,0.005397856445719918,0.3406,0.2363,0.191,0.143
SNRPF,ENSG00000139343,-0.1726,0.001837318102307533,0.005406218329470912,0.8895,1.0025,0.491,0.57
SLAIN2,ENSG00000109171,-0.333,0.0018398056026238505,0.005409874931666613,0.2544,0.3204,0.153,0.216
PEX11B,ENSG00000131779,0.6051,0.0018456218084124702,0.005423307896795534,0.3023,0.1987,0.182,0.136
KIFC3,ENSG00000140859,0.4497,0.00184793450495885,0.005426434701723758,0.3947,0.289,0.23,0.19
STX11,ENSG00000135604,-0.7314,0.0018660651223630354,0.005468590034922287,0.0923,0.1533,0.053,0.109
PDP2,ENSG00000172840,-0.557,0.0018643287165000127,0.005468590034922287,0.133,0.1958,0.081,0.138
XRN2,ENSG00000088930,-0.2258,0.0018658783407934966,0.005468590034922287,0.5019,0.587,0.293,0.372
SCD,ENSG00000099194,-0.1057,0.0018685322493885326,0.00547213015892356,1.2514,1.3465,0.639,0.682
MAGOH,ENSG00000162385,-0.2261,0.0018735317371125645,0.005483076720196097,0.4857,0.5682,0.289,0.364
SMPDL3A,ENSG00000172594,0.618,0.00188905733741008,0.005524793531887085,0.2845,0.1853,0.172,0.124
STARD10,ENSG00000214530,0.1184,0.0018908716076816233,0.005526380636842188,0.8893,0.8192,0.491,0.487
YAF2,ENSG00000015153,-0.413,0.0018921955218743187,0.005526533426119482,0.1973,0.2628,0.119,0.178
COQ4,ENSG00000167113,0.2871,0.001907996517703299,0.005568940809898279,0.5583,0.4575,0.321,0.298
CTSC,ENSG00000109861,-0.2199,0.001912500541021493,0.005578340504214368,0.5179,0.6032,0.302,0.378
PDK4,ENSG00000004799,0.8654,0.001914450215449692,0.005580282116931161,0.2356,0.1293,0.136,0.086
PXMP2,ENSG00000176894,-0.4011,0.0019210774219507163,0.00559584616340336,0.19,0.251,0.114,0.174
RPA3,ENSG00000106399,-0.2516,0.001934665381912226,0.005631651540382139,0.3754,0.4469,0.221,0.291
ANKRD11,ENSG00000167522,-0.2324,0.0019388402006474987,0.005640026447131211,0.4724,0.5549,0.267,0.345
SLC25A24,ENSG00000085491,-0.3247,0.001957319560388501,0.005689973785584231,0.258,0.3232,0.154,0.216
FGF7,ENSG00000140285,-0.6044,0.0019731667802522553,0.005732207772042983,0.1228,0.1867,0.074,0.131
PGRMC1,ENSG00000101856,0.1557,0.001980690507066566,0.005750221071283431,0.7349,0.6597,0.416,0.413
TRMT10C,ENSG00000174173,-0.3772,0.0019841657895113625,0.005756235373299259,0.1998,0.2596,0.119,0.18
ETV5,ENSG00000244405,0.1875,0.001985411142332165,0.005756235373299259,0.7127,0.6258,0.396,0.376
R3HDM4,ENSG00000198858,0.558,0.001995221049599585,0.005780820454373198,0.3293,0.2236,0.198,0.155
NPTN,ENSG00000156642,0.3406,0.002000968998652537,0.005793611770915341,0.4829,0.3813,0.283,0.252
HIP1,ENSG00000127946,0.3943,0.0020111495248835553,0.005819211607952018,0.4167,0.317,0.245,0.204
KMT2E,ENSG00000005483,-0.2182,0.002016057052857442,0.0058295302406642996,0.5894,0.6856,0.336,0.417
HCFC1R1,ENSG00000103145,0.32,0.002038753275393114,0.005891237855623985,0.5138,0.4116,0.295,0.265
NECTIN2,ENSG00000130202,0.265,0.002041591512986788,0.005895519412252878,0.5697,0.4741,0.331,0.306
SNRPB2,ENSG00000125870,-0.2061,0.0020577979406849376,0.005938373074513107,0.5767,0.6653,0.334,0.412
MLLT1,ENSG00000130382,0.5019,0.002115789669836705,0.006100769310159606,0.3754,0.265,0.219,0.182
RTN3,ENSG00000133318,0.2117,0.0021168799171009402,0.006100769310159606,0.6449,0.5568,0.369,0.361
SERTAD4-AS1,ENSG00000203706,1.0564,0.0021267153512232683,0.0061250529598517725,0.1844,0.0886,0.111,0.06
CISD2,ENSG00000145354,-0.2484,0.0021396403006575695,0.006158196520965429,0.3855,0.458,0.229,0.298
CSNK2A2,ENSG00000070770,-0.4618,0.0021416106780349107,0.006159788224182476,0.162,0.2231,0.099,0.156
UHMK1,ENSG00000152332,0.448,0.002150061854972852,0.006180005834465618,0.4248,0.3113,0.245,0.213
OBSL1,ENSG00000124006,0.6692,0.002154831732712622,0.0061896224126695674,0.2913,0.1831,0.171,0.126
SHMT2,ENSG00000182199,-0.3323,0.002172612007298795,0.0062365731728669495,0.2593,0.3265,0.154,0.215
BLTP1,ENSG00000138688,-0.2983,0.002182080715434441,0.006259619002823816,0.3306,0.4066,0.193,0.256
TSPAN12,ENSG00000106025,-0.3177,0.0021918903393818873,0.006283611751288709,0.2355,0.2935,0.139,0.201
S100A4,ENSG00000196154,-0.2234,0.0021958775441407027,0.006290892423754446,0.5852,0.6833,0.324,0.382
TXN2,ENSG00000100348,-0.2165,0.0022138149621219313,0.006338102651766741,0.5157,0.5992,0.304,0.382
LNX2,ENSG00000139517,-0.3057,0.002231842546742526,0.00638550869528836,0.2953,0.365,0.175,0.238
AFF4,ENSG00000072364,0.2108,0.0022600045355774005,0.00646182875764433,0.6436,0.5561,0.368,0.347
SNRNP27,ENSG00000124380,-0.3696,0.0022678104254734966,0.006479884358387782,0.2194,0.2835,0.136,0.195
PRPF8,ENSG00000174231,0.2485,0.002275372121653695,0.006497218949216135,0.6056,0.5098,0.343,0.325
PWWP2A,ENSG00000170234,-0.4441,0.0022791616251385807,0.006503766528465051,0.1772,0.2411,0.107,0.164
WBP11,ENSG00000084463,-0.3209,0.002282956909364367,0.0065103220000640016,0.2444,0.3053,0.149,0.21
FAM204A,ENSG00000165669,-0.2285,0.0023139832757783623,0.006594472994447713,0.3879,0.4545,0.224,0.298
TNKS2,ENSG00000107854,0.4347,0.002327215136273584,0.00662783550605832,0.4046,0.2993,0.236,0.198
TNIP1,ENSG00000145901,0.4591,0.0023427475355356528,0.006667701892231793,0.3939,0.2865,0.232,0.196
SYS1,ENSG00000204070,-0.3332,0.0023456257690891774,0.006671524602396312,0.2262,0.285,0.136,0.198
VKORC1L1,ENSG00000196715,-0.2523,0.0023489224390356713,0.006676531667788769,0.4033,0.4804,0.242,0.31
SRP72,ENSG00000174780,-0.2222,0.002380091140082536,0.006760703329933792,0.4207,0.4907,0.247,0.322
TAGLN,ENSG00000149591,1.1449,0.002395546948925934,0.006800161358610131,0.1842,0.0832,0.104,0.054
NAPA,ENSG00000105402,0.1069,0.0024302067958515863,0.006894046171521537,0.9031,0.8386,0.502,0.497
SUPT5H,ENSG00000196235,0.401,0.0024704901037155926,0.007000143421697594,0.4392,0.3326,0.254,0.222
G3BP2,ENSG00000138757,-0.2304,0.0024708283499503244,0.007000143421697594,0.4041,0.4741,0.236,0.309
PML,ENSG00000140464,0.7606,0.002484635839978845,0.007034675804917303,0.2515,0.1484,0.149,0.102
TBCD,ENSG00000141556,0.4752,0.002531122814406252,0.007161627442323939,0.3703,0.2663,0.216,0.176
EIF2A,ENSG00000144895,-0.2038,0.002575365884332436,0.007282069052250336,0.5058,0.5826,0.293,0.373
MYOF,ENSG00000138119,0.2509,0.002600598675820256,0.00734863579006166,0.5729,0.4814,0.326,0.297
FERMT2,ENSG00000073712,-0.3498,0.0026470306133993247,0.00747498053660394,0.2391,0.3048,0.143,0.202
CAPRIN1,ENSG00000135387,0.3498,0.002653961083436655,0.007489684979620586,0.4654,0.3652,0.274,0.243
MPHOSPH6,ENSG00000135698,-0.4449,0.0026662135110376494,0.007519379571038043,0.1686,0.2296,0.1,0.157
DMAC2,ENSG00000105341,-0.4936,0.0026683383671429945,0.007520491921921825,0.1438,0.2026,0.088,0.144
IST1,ENSG00000182149,0.4704,0.0026724369667022563,0.007527162059162674,0.3828,0.2763,0.224,0.187
ADIPOR2,ENSG00000006831,-0.2918,0.002706588755655838,0.007618416277254063,0.2865,0.3508,0.169,0.233
PON3,ENSG00000105852,0.2496,0.0027102413793757547,0.007623759893053093,0.5806,0.4883,0.335,0.312
CAPZB,ENSG00000077549,0.1144,0.0027332056272770713,0.007683383994919891,0.8215,0.7589,0.462,0.464
SLC39A1,ENSG00000143570,-0.2439,0.002747122605120941,0.007708670345688092,0.334,0.3955,0.199,0.268
ENSA,ENSG00000143420,-0.1473,0.0027462974742884665,0.007708670345688092,1.0417,1.1537,0.569,0.639
DDX39A,ENSG00000123136,-0.4235,0.0027475219432744717,0.007708670345688092,0.1802,0.2417,0.109,0.166
QPRT,ENSG00000103485,-0.7173,0.0027543454951159596,0.007722829368886426,0.1034,0.17,0.061,0.114
ZYX,ENSG00000159840,0.5819,0.002758564627957828,0.007729672387559459,0.3022,0.2019,0.18,0.135
TGFB1I1,ENSG00000140682,-0.6889,0.0027839228025048094,0.0077957013528904,0.1063,0.1714,0.064,0.118
TTC32,ENSG00000183891,-0.7212,0.002801732248141061,0.007840520508963974,0.1012,0.1669,0.063,0.116
ARRB1,ENSG00000137486,-0.4878,0.0028100372059884295,0.007858701220865969,0.1675,0.2349,0.1,0.156
RASD1,ENSG00000108551,-0.3536,0.0028188006798417066,0.007878140035107431,0.2743,0.3505,0.155,0.212
MAGI3,ENSG00000081026,-0.3425,0.0028222366534816465,0.00788267384063704,0.3582,0.4542,0.211,0.269
MVP-DT,ENSG00000238045,0.4368,0.0028395013959056957,0.007925801584204337,0.3886,0.2871,0.22,0.179
PNPLA4,ENSG00000006757,-0.4254,0.0028525062892596352,0.007956991227934772,0.1607,0.2159,0.096,0.153
GULP1,ENSG00000144366,-0.5877,0.002872961332609649,0.008006248248217529,0.1415,0.2127,0.085,0.138
AK6,ENSG00000085231,-0.2933,0.0028738488879934067,0.008006248248217529,0.2512,0.3079,0.15,0.212
SYPL1,ENSG00000008282,-0.1956,0.0028925454677735177,0.008049414664304767,0.6665,0.7633,0.381,0.465
TP53I3,ENSG00000115129,0.2676,0.0028930477923709264,0.008049414664304767,0.5613,0.4663,0.323,0.302
SEZ6L2,ENSG00000174938,0.3786,0.002906192262610458,0.008075646786000671,0.4399,0.3383,0.255,0.221
SVIL,ENSG00000197321,-0.3484,0.0029043991771059477,0.008075646786000671,0.2873,0.3659,0.17,0.227
MRPS11,ENSG00000181991,-0.3684,0.0029147794250737585,0.008094333151035499,0.2062,0.2662,0.127,0.186
NAA15,ENSG00000164134,-0.532,0.002927929316533988,0.008125658243714374,0.1561,0.2258,0.097,0.151
AZGP1,ENSG00000160862,-0.5167,0.0029376220494540728,0.008147355090572687,0.2215,0.317,0.118,0.168
TAF15,ENSG00000270647,0.2757,0.0029645352574434046,0.008216753972480253,0.5506,0.4548,0.316,0.29
CCT6A,ENSG00000146731,-0.2001,0.002981789215800288,0.008259309070661601,0.5836,0.6704,0.334,0.419
TBC1D24,ENSG00000162065,0.6809,0.002993918567184313,0.008287624263046512,0.2945,0.1837,0.168,0.127
GNAI3,ENSG00000065135,-0.305,0.0030258344698120237,0.008370640742077056,0.2328,0.2876,0.138,0.199
DUT,ENSG00000128951,0.1549,0.0030373976222691657,0.008397283757240328,0.7523,0.6757,0.424,0.416
TNFRSF21,ENSG00000146072,0.8207,0.003052516351409139,0.008433716505546165,0.217,0.1228,0.13,0.082
EIF3I,ENSG00000084623,-0.1901,0.0030672326380097844,0.008468991769244297,0.6449,0.7358,0.377,0.452
WDR33,ENSG00000136709,-0.2294,0.003085948380696829,0.008515258198418044,0.4348,0.5097,0.256,0.325
IQCN,ENSG00000130518,-0.9116,0.003091873971118604,0.008526195608173512,0.0888,0.1671,0.051,0.103
ACAA1,ENSG00000060971,0.2418,0.0030978099348317805,0.008537147734165453,0.5774,0.4883,0.338,0.318
SMCO4,ENSG00000166002,-0.2701,0.0031228246975263173,0.008600631264543331,0.3354,0.4045,0.2,0.263
CKS2,ENSG00000123975,0.1495,0.0031456730171348724,0.008658071521512448,0.7911,0.7132,0.435,0.418
ABCA5,ENSG00000154265,-0.5301,0.003174348964186766,0.008731468733136509,0.1466,0.2118,0.088,0.142
RASSF8,ENSG00000123094,-0.6175,0.0031833513253583298,0.008750692511073561,0.1304,0.2001,0.077,0.131
PRKAB1,ENSG00000111725,0.3915,0.0031928960202931636,0.008765840874411932,0.4315,0.3289,0.251,0.219
RAD23A,ENSG00000179262,-0.1879,0.003191827428477239,0.008765840874411932,0.7318,0.8336,0.414,0.499
SNAP23,ENSG00000092531,0.4236,0.003252173109036443,0.008922944653959838,0.4018,0.2996,0.237,0.204
STAT1,ENSG00000115415,0.5211,0.0032619990418522346,0.008944257309709661,0.3426,0.2387,0.201,0.162
SQOR,ENSG00000137767,-0.2036,0.003289003112418641,0.009006936059591313,0.5573,0.6418,0.318,0.404
GKN2,ENSG00000183607,-0.1474,0.00328712127045105,0.009006936059591313,0.8639,0.9568,0.467,0.524
GJA1,ENSG00000152661,0.4608,0.0033266564312369137,0.009104312877931755,0.3639,0.2644,0.212,0.171
MXD4,ENSG00000123933,0.5564,0.003337513651861641,0.009128278370667521,0.3359,0.2284,0.195,0.157
AVPI1,ENSG00000119986,-0.4009,0.0033407898338202184,0.00913149221244193,0.1765,0.2331,0.105,0.162
NFE2L2,ENSG00000116044,0.1806,0.0033473191069656716,0.009143588207965311,0.6879,0.6069,0.389,0.378
MTSS1,ENSG00000170873,0.5076,0.003389640320587411,0.00925337740783473,0.3144,0.2211,0.187,0.143
RABGAP1,ENSG00000011454,-0.3351,0.003410626390867479,0.009304822532774678,0.2626,0.3313,0.154,0.213
LHPP,ENSG00000107902,0.636,0.003431078546211113,0.0093547474039106,0.2725,0.1753,0.165,0.122
USP44,ENSG00000136014,-0.3713,0.003439172992984474,0.009370937822890611,0.2086,0.2698,0.124,0.181
CPAMD8,ENSG00000160111,0.8254,0.0034640869285103666,0.00942700174784349,0.214,0.1207,0.123,0.075
CDV3,ENSG00000091527,-0.2051,0.00346231132154345,0.00942700174784349,0.4425,0.5101,0.255,0.33
ARAP1,ENSG00000186635,0.5208,0.0034858558587831804,0.009480306359369025,0.3476,0.2422,0.201,0.162
PRKAG2,ENSG00000106617,-0.4814,0.0034902907863578227,0.009486431368049468,0.1721,0.2403,0.107,0.161
UVRAG,ENSG00000198382,-0.3722,0.003502098084113819,0.009512573920974161,0.2359,0.3054,0.14,0.196
F3,ENSG00000117525,-0.1632,0.003514808128849684,0.009541134371006075,0.8799,0.9854,0.477,0.543
UBALD2,ENSG00000185262,-0.3653,0.0035433746701370285,0.009612675603255634,0.2046,0.2636,0.126,0.182
ATF4,ENSG00000128272,-0.154,0.003555951455582476,0.009640776684941635,0.8566,0.9531,0.474,0.535
IMPA2,ENSG00000141401,-0.2136,0.0035854327443835517,0.009714645079233739,0.4605,0.534,0.269,0.343
ANOS1,ENSG00000011201,1.1051,0.003596477362340276,0.009738498826623577,0.1765,0.082,0.104,0.055
TXNL4A,ENSG00000141759,-0.1994,0.003604823752199715,0.009755021187459502,0.5267,0.6048,0.303,0.382
SRM,ENSG00000116649,-0.3285,0.0036162988781974926,0.009779984396170692,0.2445,0.307,0.146,0.204
CLIC6,ENSG00000159212,0.8591,0.0036242758277709977,0.00979546190764475,0.2152,0.1186,0.125,0.078
UBE2L3,ENSG00000185651,0.1652,0.0036343639974779967,0.009816622705431556,0.7095,0.6327,0.406,0.399
MPLKIP,ENSG00000168303,-0.2557,0.0036445121413160235,0.0098379191094158,0.3204,0.3825,0.193,0.256
SLC7A1,ENSG00000139514,-0.7921,0.003652097015281202,0.009852274133092554,0.0889,0.154,0.055,0.106
NPM3,ENSG00000107833,-0.7118,0.0036658552248196663,0.00988325484309322,0.0981,0.1608,0.063,0.115
DHPS,ENSG00000095059,-0.2341,0.0036854325008483634,0.009929875789638554,0.3744,0.4404,0.225,0.291
KITLG,ENSG00000049130,0.5117,0.00371532719395862,0.010004220560684115,0.317,0.2223,0.19,0.147
PAQR5,ENSG00000137819,-0.5707,0.003720377814118768,0.010011617325176574,0.1301,0.1933,0.077,0.13
DHX30,ENSG00000132153,0.3746,0.0037288797217281885,0.010028286677370487,0.4448,0.343,0.259,0.228
AUP1,ENSG00000115307,0.2066,0.0037571110455210084,0.010097962030818988,0.6318,0.5475,0.364,0.349
NQO2,ENSG00000124588,-0.5266,0.0037612915666783296,0.010102950030150817,0.1234,0.1778,0.073,0.127
UBE2H,ENSG00000186591,0.2956,0.003782222032656186,0.010152894968451998,0.5127,0.4177,0.293,0.267
SNF8,ENSG00000159210,-0.2115,0.0038381338787994994,0.010296623356334952,0.3779,0.4376,0.223,0.294
PACSIN3,ENSG00000165912,-0.4456,0.0038541217983815044,0.010329581619644786,0.1547,0.2108,0.093,0.147
ASL,ENSG00000126522,-0.2167,0.0038551728916391722,0.010329581619644786,0.4801,0.5579,0.279,0.349
PLA2G4F,ENSG00000168907,0.1969,0.003925123554742769,0.010510528015349399,0.6477,0.5651,0.363,0.352
ID4,ENSG00000172201,-0.2251,0.003947547058345796,0.010564063741115043,0.4536,0.5302,0.256,0.321
AP1G2,ENSG00000213983,0.7385,0.003956593522665395,0.01058175719969465,0.2539,0.1521,0.147,0.103
OSTC,ENSG00000198856,-0.1853,0.003972619146494997,0.010618082909389457,0.712,0.8096,0.403,0.483
SVIP,ENSG00000198168,-0.2089,0.0039872084373031155,0.010650527270140958,0.4554,0.5263,0.268,0.337
SNTB1,ENSG00000172164,-0.3734,0.004023235263105665,0.01074015998369608,0.2535,0.3284,0.146,0.202
RYBP,ENSG00000163602,-0.2895,0.00403160842495823,0.010755905595376591,0.2713,0.3316,0.158,0.217
CA12,ENSG00000074410,-0.6202,0.0040668573981993,0.010843289725505618,0.1262,0.194,0.076,0.127
LYPLA2,ENSG00000011009,0.3987,0.004105301685986114,0.010939081009991202,0.4243,0.3218,0.249,0.22
POLD2,ENSG00000106628,-0.2303,0.004132362269503793,0.011004440210333017,0.3473,0.4075,0.205,0.272
PXMP4,ENSG00000101417,0.2201,0.004160788761219702,0.011066577696610052,0.6212,0.5333,0.35,0.334
RREB1,ENSG00000124782,-0.4622,0.00415841959977385,0.011066577696610052,0.1746,0.2405,0.104,0.157
RNF213,ENSG00000173821,0.331,0.004206271526013337,0.01118070706547643,0.4623,0.3675,0.267,0.235
TSR3,ENSG00000007520,-0.312,0.004209018705963508,0.01118117071889817,0.202,0.2508,0.121,0.178
FBXO7,ENSG00000100225,0.3755,0.004224039154896387,0.011214217573109163,0.4408,0.3397,0.26,0.232
SLC25A38,ENSG00000144659,-0.2642,0.004233816661512018,0.011233313315586833,0.2723,0.327,0.161,0.222
GPRC5C,ENSG00000170412,0.2133,0.004258667702813627,0.011292354994769995,0.6109,0.5269,0.353,0.337
NDUFV1,ENSG00000167792,0.171,0.004272654732381439,0.011322535040810813,0.6866,0.6098,0.392,0.389
PSMA4,ENSG00000041357,-0.1877,0.0042870426432996414,0.011338615370412062,0.6438,0.7332,0.37,0.445
PAM16,ENSG00000217930,0.3299,0.0042854063505750675,0.011338615370412062,0.4476,0.356,0.255,0.212
TMCO1,ENSG00000143183,0.1635,0.004283092562264033,0.011338615370412062,0.7075,0.6317,0.403,0.397
KDM6B,ENSG00000132510,0.3911,0.004289158690510223,0.011338615370412062,0.4338,0.3308,0.244,0.211
DNAJB9,ENSG00000128590,-0.2289,0.004294712823679903,0.011346396311071648,0.3776,0.4426,0.222,0.29
SLC30A5,ENSG00000145740,-0.3266,0.00430383732381348,0.01136359478085868,0.2232,0.2799,0.135,0.191
CSKMT,ENSG00000214756,-0.5263,0.004331638719995645,0.011423120071056477,0.1426,0.2054,0.084,0.136
ODAM,ENSG00000109205,-0.6482,0.004331517843123365,0.011423120071056477,0.1048,0.1642,0.062,0.113
ZDHHC1,ENSG00000159714,0.8084,0.004426654110777822,0.011666609318035424,0.2134,0.1218,0.13,0.084
REEP3,ENSG00000165476,0.25,0.0044358676505366484,0.011683806551049863,0.558,0.4692,0.321,0.299
AHNAK,ENSG00000124942,0.2665,0.004442047143252575,0.011685918211002235,0.5496,0.4569,0.311,0.286
AGAP1,ENSG00000157985,-0.776,0.00444163493449676,0.011685918211002235,0.1294,0.2217,0.076,0.125
NFIB,ENSG00000147862,-0.3164,0.004455380144235181,0.011713903270929278,0.2836,0.3532,0.168,0.225
PIEZO1,ENSG00000103335,1.0022,0.004466884632796916,0.011737049948086697,0.1955,0.0976,0.113,0.068
GBA1,ENSG00000177628,0.7938,0.004472481048688943,0.01174465416169314,0.2291,0.1321,0.137,0.093
SRSF4,ENSG00000116350,-0.1943,0.00448805999874465,0.011778447315546045,0.5895,0.6745,0.335,0.416
UBA7,ENSG00000182179,1.1238,0.00450072540124715,0.011798641102158792,0.1749,0.0802,0.104,0.057
CFAP68,ENSG00000137720,-0.2169,0.00450118429530126,0.011798641102158792,0.3981,0.4627,0.236,0.302
RASEF,ENSG00000165105,0.2447,0.004541817482163604,0.011897973946644378,0.5591,0.4719,0.318,0.29
SERBP1,ENSG00000142864,-0.171,0.004545351817970646,0.011900059639096643,0.876,0.9862,0.487,0.568
ATXN1,ENSG00000124788,-0.4515,0.004561456077866994,0.011935031977369028,0.2303,0.3149,0.137,0.188
CMPK1,ENSG00000162368,0.1505,0.004589486937576261,0.0120011493566224,0.7227,0.6511,0.412,0.411
RETSAT,ENSG00000042445,0.5771,0.004613235224885015,0.012055995362207021,0.304,0.2037,0.182,0.143
AP2M1,ENSG00000161203,0.1814,0.004709692946122533,0.012300676408562819,0.6561,0.5786,0.379,0.373
TOM1L2,ENSG00000175662,0.642,0.0047374982649733164,0.012365866342086506,0.2701,0.173,0.159,0.116
KANSL1,ENSG00000120071,0.3264,0.0047559714266254315,0.012406633745566702,0.4177,0.3331,0.243,0.203
MPHOSPH10,ENSG00000124383,-0.3823,0.004781379331881864,0.012457958379111858,0.1759,0.2293,0.108,0.162
C1QBP,ENSG00000108561,-0.1803,0.004780365948491208,0.012457958379111858,0.74,0.8386,0.416,0.5
PGAM1,ENSG00000171314,0.1705,0.004786316847333229,0.012463351119538774,0.6768,0.6014,0.387,0.381
LIPA,ENSG00000107798,0.5924,0.004824561614597614,0.012555416034156426,0.2819,0.187,0.172,0.131
ERICH1,ENSG00000104714,-0.3172,0.0048874342736578355,0.012711423909824628,0.2443,0.3044,0.145,0.201
ZNF219,ENSG00000165804,0.7267,0.004898232517434477,0.012731889067446314,0.2592,0.1566,0.151,0.11
CEBPZ,ENSG00000115816,-0.202,0.004918492202944427,0.012776908017929755,0.4285,0.4929,0.249,0.318
NFKBIZ,ENSG00000144802,-0.1698,0.004961562384177548,0.01288109326262582,0.7388,0.831,0.401,0.459
ITPKC,ENSG00000086544,0.3935,0.004980686930418075,0.012923024119162359,0.4221,0.3213,0.233,0.198
MLX,ENSG00000108788,-0.2039,0.005037952999358921,0.01306380891122546,0.4402,0.5071,0.26,0.328
BDH1,ENSG00000161267,-0.6228,0.005066622936817217,0.01313031799845416,0.1028,0.1584,0.062,0.113
IMP3,ENSG00000177971,-0.1987,0.0050727092806456195,0.013138256575498131,0.5261,0.6038,0.303,0.383
MRPL20,ENSG00000242485,-0.1721,0.005128300891949781,0.013274327383212478,0.8822,0.9939,0.491,0.573
CLTB,ENSG00000175416,0.183,0.00513976730537947,0.013296088517368559,0.6608,0.5821,0.375,0.372
CMTM7,ENSG00000153551,0.2944,0.005187382725129318,0.013411282167407503,0.5007,0.4083,0.29,0.262
OVCA2,ENSG00000262664,0.7862,0.005198588205945423,0.013432261797288231,0.1898,0.11,0.119,0.072
HNRNPF,ENSG00000169813,-0.1843,0.005205055530505569,0.013440981185726205,0.7456,0.8473,0.423,0.506
CD83,ENSG00000112149,-0.3532,0.005266281586200133,0.01359100936676115,0.2286,0.292,0.121,0.175
PFKL,ENSG00000141959,0.4181,0.005370881413278115,0.013852730339529192,0.3846,0.2878,0.229,0.196
ZDHHC4,ENSG00000136247,-0.2409,0.005375435290391574,0.013856252533832611,0.2937,0.347,0.176,0.237
VBP1,ENSG00000155959,-0.2342,0.005392850442334052,0.013892903392047297,0.2688,0.3162,0.158,0.218
ADSL,ENSG00000239900,-0.4261,0.005413618659555696,0.013921648931614825,0.1568,0.2108,0.096,0.148
LRPAP1,ENSG00000163956,0.1318,0.005408493731879563,0.013921648931614825,0.7541,0.6883,0.431,0.425
FAH,ENSG00000103876,-0.2751,0.00541174558172242,0.013921648931614825,0.2759,0.3339,0.167,0.224
ZBTB43,ENSG00000169155,-0.2691,0.005464314090423582,0.014042687717110796,0.2873,0.3462,0.17,0.228
CSRP1,ENSG00000159176,0.2981,0.0054671485543836785,0.014042687717110796,0.52,0.4229,0.299,0.282
SLC25A37,ENSG00000147454,0.4167,0.005477353652527525,0.014060590061361266,0.3809,0.2853,0.224,0.186
PTPN12,ENSG00000127947,-0.2371,0.00552647741688628,0.01417831809550636,0.4155,0.4898,0.241,0.303
SLC35D2,ENSG00000130958,-0.7233,0.005541160981934146,0.014207602140109615,0.0872,0.144,0.053,0.103
HNRNPR,ENSG00000125944,-0.2017,0.005545190015963826,0.014209549415907304,0.4784,0.5502,0.281,0.353
DKC1,ENSG00000130826,-0.3785,0.005566840844763171,0.014256623636617997,0.1778,0.2312,0.107,0.16
LYRM4,ENSG00000214113,-0.3737,0.005584966791391369,0.01429462053909711,0.1915,0.2481,0.117,0.17
SLC25A33,ENSG00000171612,-0.3722,0.005650467242248415,0.01445375552372667,0.1628,0.2107,0.098,0.151
FAM20A,ENSG00000108950,0.2208,0.005680669881850694,0.014520506802001718,0.5815,0.4989,0.329,0.306
SIVA1,ENSG00000184990,-0.1527,0.005683244838979503,0.014520506802001718,0.9915,1.1021,0.544,0.62
ABCF1,ENSG00000204574,-0.2375,0.005701144066388489,0.01455768044214123,0.3151,0.3716,0.186,0.247
AIMP1,ENSG00000164022,-0.193,0.005705329584807747,0.014559813491235741,0.4961,0.5672,0.288,0.361
AGO3,ENSG00000126070,-0.3999,0.0057369912330084575,0.014623439236747658,0.186,0.2454,0.11,0.163
UXT,ENSG00000126756,-0.1723,0.005735900401737426,0.014623439236747658,0.8301,0.9354,0.464,0.547
ID3,ENSG00000117318,0.2008,0.005749731428013525,0.014647322852372087,0.6654,0.579,0.363,0.332
ARL2,ENSG00000213465,-0.1832,0.0057886812867694,0.0147379079509665,0.5485,0.6227,0.312,0.394
LYZ,ENSG00000090382,-0.6675,0.005795073688920355,0.014745544644056125,0.1126,0.1789,0.062,0.111
WTAP,ENSG00000146457,-0.197,0.005819864937739168,0.014799960807147116,0.4566,0.5234,0.266,0.336
PIK3C2A,ENSG00000011405,-0.2483,0.005836832433333847,0.014834429096648479,0.3109,0.3694,0.183,0.243
ZC3H13,ENSG00000123200,-0.2318,0.0058749336209936035,0.014913820979461567,0.3573,0.4195,0.21,0.272
KCTD14,ENSG00000151364,-0.4185,0.0058748274745862965,0.014913820979461567,0.1663,0.2223,0.102,0.154
WWC2,ENSG00000151718,-0.2442,0.00591155073239871,0.014998014876243313,0.3609,0.4275,0.21,0.271
MTRR,ENSG00000124275,-0.2065,0.005951164902012784,0.015089709839059254,0.446,0.5147,0.254,0.323
CEP57,ENSG00000166037,-0.2408,0.006050267895274419,0.015332049138695406,0.3191,0.3771,0.191,0.252
MAFG,ENSG00000197063,-0.4822,0.006080035537697414,0.015391615135042284,0.1278,0.1785,0.077,0.128
GRAMD4,ENSG00000075240,0.6818,0.00608085669279052,0.015391615135042284,0.255,0.1589,0.152,0.111
CBX5,ENSG00000094916,0.3651,0.006091156978652022,0.015408712589768152,0.4378,0.3398,0.256,0.23
SLC4A4,ENSG00000080493,0.3042,0.0061224826935310185,0.015478946937804425,0.4229,0.3425,0.242,0.203
BMP2,ENSG00000125845,-0.2215,0.006190853344240578,0.015642702694226487,0.4427,0.5162,0.248,0.308
CADPS2,ENSG00000081803,-0.3254,0.006230302168284776,0.01572579073366881,0.3336,0.418,0.198,0.25
TMEM50B,ENSG00000142188,0.2311,0.006230973686925378,0.01572579073366881,0.5705,0.4861,0.334,0.317
UGDH,ENSG00000109814,-0.2426,0.0062508128245189806,0.01576670489573969,0.2798,0.3311,0.162,0.221
BCL9L,ENSG00000186174,0.4914,0.0062771281149671026,0.015823897208611964,0.3283,0.2335,0.193,0.155
C8orf82,ENSG00000213563,-0.4018,0.006289532974082631,0.01584091771308662,0.1542,0.2037,0.094,0.147
SERINC5,ENSG00000164300,0.4268,0.006291169805059252,0.01584091771308662,0.3732,0.2776,0.217,0.182
ERRFI1,ENSG00000116285,0.1463,0.006386936233828004,0.016072741674705564,0.7815,0.7062,0.424,0.403
RSL1D1,ENSG00000171490,-0.1743,0.006397358246707544,0.016089652164462377,0.6907,0.7794,0.397,0.472
P4HA1,ENSG00000122884,-0.283,0.006431479504349166,0.016166113317467597,0.2807,0.3416,0.168,0.224
RBPMS-AS1,ENSG00000254109,-0.3032,0.006461021717449424,0.0162309828809452,0.2456,0.3031,0.141,0.196
EXOC4,ENSG00000131558,-0.5841,0.006484302462486524,0.01627385973786823,0.1696,0.2543,0.103,0.15
TRADD,ENSG00000102871,0.482,0.006485578708234646,0.01627385973786823,0.3238,0.2318,0.199,0.162
ACADSB,ENSG00000196177,0.4307,0.006513072701703206,0.016333418327525755,0.3694,0.274,0.219,0.185
PBRM1,ENSG00000163939,-0.2356,0.006527821785459107,0.01636096509781158,0.3407,0.4012,0.201,0.261
CXCL8,ENSG00000169429,-0.446,0.006568668825137656,0.016453852861122914,0.2288,0.3117,0.113,0.161
WDR43,ENSG00000163811,-0.3778,0.006580180028006299,0.016463708924418754,0.1871,0.2431,0.113,0.164
TLE4,ENSG00000106829,-0.3429,0.006576419274785513,0.016463708924418754,0.2173,0.2756,0.125,0.178
HIBADH,ENSG00000106049,0.8461,0.006594535648019749,0.016490133444357784,0.2053,0.1142,0.124,0.081
CNOT4,ENSG00000080802,-0.309,0.006600427230636373,0.016495374781107346,0.2456,0.3043,0.147,0.201
PLP2,ENSG00000102007,0.1399,0.006662872407653498,0.016641864071070173,0.7583,0.6882,0.422,0.416
CUTA,ENSG00000112514,-0.127,0.006694741445782011,0.01671185888763275,1.1278,1.2316,0.611,0.673
NSMCE2,ENSG00000156831,-0.5279,0.0067059129939542,0.016730136550932806,0.161,0.2321,0.099,0.147
ZNF503,ENSG00000165655,-0.2785,0.006764673302242246,0.016867051159807685,0.2454,0.2976,0.146,0.202
CEBPB,ENSG00000172216,-0.1749,0.006803457431374271,0.01695402866786272,0.687,0.7755,0.382,0.451
DMTN,ENSG00000158856,0.8967,0.006811820254090836,0.01696514087351219,0.1937,0.104,0.118,0.074
NARF,ENSG00000141562,0.5938,0.006899514507281864,0.017173705640691282,0.2861,0.1895,0.17,0.132
CUL1,ENSG00000055130,-0.3326,0.006909457128294403,0.017188609433066673,0.2157,0.2717,0.127,0.181
ATXN2,ENSG00000204842,0.3187,0.006927041575049759,0.017222495815312502,0.4415,0.354,0.256,0.224
DHRS1,ENSG00000157379,0.547,0.006940533754409552,0.01724617478368434,0.3099,0.2121,0.182,0.146
CCDC85B,ENSG00000175602,-0.2803,0.006970992979362111,0.017311963136175848,0.23,0.2793,0.136,0.191
UBE2K,ENSG00000078140,-0.213,0.007029277544670468,0.01743678094128873,0.3806,0.4412,0.224,0.288
VPS4A,ENSG00000132612,-0.2794,0.00702877860349889,0.01743678094128873,0.2161,0.2622,0.129,0.184
ZDHHC9,ENSG00000188706,0.2908,0.007121499651549985,0.017655469187470754,0.4711,0.385,0.278,0.249
SF3A2,ENSG00000104897,0.5462,0.007169032451926464,0.017753057000611062,0.3106,0.2126,0.182,0.146
PSMG4,ENSG00000180822,-0.295,0.007165795535070345,0.017753057000611062,0.2699,0.3312,0.165,0.219
CCZ1,ENSG00000122674,-0.6413,0.007180594504150477,0.017771562480089962,0.0921,0.1436,0.056,0.104
GFPT1,ENSG00000198380,-0.1967,0.007208552096224979,0.01783060182708808,0.498,0.5707,0.289,0.354
SPINT1-AS1,ENSG00000261183,0.1888,0.007213146710121508,0.01783181774868491,0.6503,0.5706,0.371,0.363
HSPH1,ENSG00000120694,0.211,0.007238656202702701,0.017884707138684446,0.5993,0.5177,0.34,0.321
MYCBP2,ENSG00000005810,-0.2791,0.007271958860283661,0.017956780231132268,0.305,0.3702,0.182,0.237
RNF168,ENSG00000163961,-0.5314,0.0072769757504435074,0.017958964572076935,0.1297,0.1875,0.08,0.128
RIF1,ENSG00000080345,-0.3556,0.007297074383222453,0.0179983457829085,0.1908,0.2442,0.114,0.166
ACTR1B,ENSG00000115073,-0.3479,0.007303074950536855,0.018002928947835038,0.1801,0.2293,0.11,0.162
PRNP,ENSG00000171867,-0.2386,0.007341570564370252,0.018087565574123082,0.2926,0.3452,0.178,0.236
RAB5C,ENSG00000108774,-0.18,0.007370024738560807,0.01814738102764038,0.604,0.6843,0.344,0.428
GCAT,ENSG00000100116,-0.4837,0.007468221605036119,0.018368359420196365,0.1326,0.1854,0.081,0.131
RAB32,ENSG00000118508,-0.3057,0.007466114549014566,0.018368359420196365,0.216,0.2671,0.13,0.183
MED13,ENSG00000108510,-0.2929,0.007489981747136722,0.01839649281825849,0.294,0.3602,0.175,0.229
SDR39U1,ENSG00000100445,0.495,0.007492359017100213,0.01839649281825849,0.326,0.2313,0.193,0.157
RHOD,ENSG00000173156,0.4049,0.007484041531290948,0.01839649281825849,0.3758,0.2838,0.226,0.193
KDM5B,ENSG00000117139,0.4822,0.0075060414548587485,0.018419681627790018,0.3387,0.2424,0.197,0.162
PLPP5,ENSG00000147535,0.2858,0.00758159601584845,0.0185945915828879,0.4672,0.3832,0.28,0.251
RAB13,ENSG00000143545,0.1047,0.007594154246282636,0.01861488683268152,0.808,0.7515,0.453,0.461
DNM2,ENSG00000079805,-0.2147,0.0076061955555035985,0.018633892832141286,0.4765,0.5529,0.275,0.341
DLD,ENSG00000091140,-0.3207,0.007641346641639497,0.018709460565952258,0.2046,0.2556,0.126,0.178
AIG1,ENSG00000146416,0.3576,0.007731356565889572,0.018919186731619412,0.4171,0.3255,0.246,0.215
UBAC2,ENSG00000134882,-0.3917,0.007755164910065389,0.018966767979259527,0.184,0.2415,0.111,0.161
CD302,ENSG00000241399,-0.1636,0.00778546201720836,0.019019459205614125,0.7466,0.8362,0.421,0.491
PTPRK,ENSG00000152894,0.1867,0.007785325306311426,0.019019459205614125,0.5732,0.5037,0.325,0.293
NASP,ENSG00000132780,-0.2216,0.0077971587558650236,0.01903733255785921,0.3394,0.3957,0.199,0.259
COX7A2L,ENSG00000115944,-0.1574,0.007808597080566281,0.019054555256676618,0.9432,1.0519,0.519,0.599
UBAP2L,ENSG00000143569,0.3472,0.007821697664080661,0.019075812597134992,0.4232,0.3326,0.248,0.218
CCDC91,ENSG00000123106,-0.3154,0.007858635763514832,0.019155149202599808,0.2461,0.3063,0.146,0.2
SETD5,ENSG00000168137,-0.2474,0.0078649107532379,0.019159698505365422,0.3259,0.3869,0.191,0.247
ZNF704,ENSG00000164684,-0.5546,0.007875125817247367,0.019169823193425594,0.1179,0.1731,0.067,0.116
EIF2S2,ENSG00000125977,-0.1092,0.007877888684642915,0.019169823193425594,1.0783,1.1631,0.588,0.632
PARP3,ENSG00000041880,1.0453,0.00790424855003544,0.019223203244798,0.1738,0.0842,0.103,0.06
NDUFA9,ENSG00000139180,-0.3081,0.007976744299560228,0.019388663716940018,0.2034,0.2518,0.123,0.177
HYCC2,ENSG00000155744,-0.5373,0.008022549049534982,0.01946733566123899,0.1267,0.184,0.078,0.126
GLMP,ENSG00000198715,0.4121,0.008020161971801196,0.01946733566123899,0.3503,0.2633,0.214,0.177
ACSL5,ENSG00000197142,0.2798,0.008021425639605013,0.01946733566123899,0.4983,0.4104,0.29,0.267
ACYP2,ENSG00000170634,-0.26,0.008104301711198863,0.01965474064557492,0.3261,0.3905,0.194,0.248
FGFR1,ENSG00000077782,-0.3662,0.008109334012247378,0.019655976362089853,0.1863,0.2401,0.113,0.163
BOD1L1,ENSG00000038219,-0.2713,0.008172081559531672,0.019797027010994787,0.2726,0.3291,0.162,0.216
NCOR2,ENSG00000196498,0.2872,0.008218027841376251,0.019897241781961665,0.4899,0.4015,0.282,0.256
ACOX1,ENSG00000161533,0.4891,0.008271707408551248,0.02001085442097788,0.3271,0.233,0.195,0.16
PLK3,ENSG00000173846,0.6271,0.008274161388517545,0.02001085442097788,0.2727,0.1765,0.16,0.123
MRPL36,ENSG00000171421,-0.193,0.008305687858209053,0.020075928493757812,0.3502,0.4003,0.205,0.268
ARPC1B,ENSG00000130429,-0.1417,0.008313513756049799,0.020083674699161995,0.9855,1.0872,0.538,0.605
WWTR1,ENSG00000018408,-0.2187,0.008339865840682798,0.02013614274644858,0.4597,0.535,0.268,0.328
NDUFB3,ENSG00000119013,0.1011,0.008350267464786022,0.02014484904084391,0.8317,0.7754,0.468,0.47
GMPPB,ENSG00000173540,-0.3381,0.008352742285227963,0.02014484904084391,0.2128,0.2691,0.132,0.183
CIR1,ENSG00000138433,-0.2223,0.008365417816744951,0.020158321115745097,0.3507,0.4091,0.21,0.268
ANKRD17,ENSG00000132466,-0.2814,0.008367604991441362,0.020158321115745097,0.3087,0.3752,0.182,0.236
RBBP6,ENSG00000122257,-0.1988,0.008373148123530034,0.020160499581640734,0.3973,0.456,0.231,0.294
KIDINS220,ENSG00000134313,-0.2172,0.00840735459523319,0.020231651755749414,0.4548,0.5287,0.261,0.323
PEDS1,ENSG00000240849,-0.3486,0.008453599127740019,0.02033167781359055,0.1866,0.2377,0.114,0.165
SNU13,ENSG00000100138,-0.1426,0.008485588669995136,0.020397327632632113,1.0349,1.1424,0.561,0.633
TSC22D1,ENSG00000102804,-0.1058,0.008513390580987717,0.020441544455785977,1.128,1.2139,0.601,0.641
UQCC3,ENSG00000204922,-0.2002,0.008509096682420888,0.020441544455785977,0.3495,0.4016,0.203,0.265
CASP4,ENSG00000196954,-0.1984,0.008573708923689334,0.02057500772079174,0.4586,0.5262,0.27,0.336
PPP2R5E,ENSG00000154001,-0.224,0.008582506119504788,0.020578763012148102,0.3571,0.4171,0.214,0.272
PXN,ENSG00000089159,0.5445,0.008584743980907618,0.020578763012148102,0.312,0.2139,0.183,0.149
SLC2A3,ENSG00000059804,-0.3136,0.008593252612445838,0.020587803667965608,0.2487,0.3092,0.141,0.192
UGCG,ENSG00000148154,0.3934,0.008606852194234065,0.020597676011090995,0.3894,0.2964,0.229,0.198
PSMC1,ENSG00000100764,-0.2075,0.008603413121671318,0.020597676011090995,0.4022,0.4644,0.242,0.303
EIF1AY,ENSG00000198692,0.478,0.008620321250383093,0.020618555946155706,0.3345,0.2402,0.194,0.16
HMGN4,ENSG00000182952,0.766,0.008628861394810455,0.02062022981764372,0.2107,0.1239,0.126,0.084
SSRP1,ENSG00000149136,-0.2121,0.008630510363160131,0.02062022981764372,0.2907,0.3368,0.172,0.233
PIGS,ENSG00000087111,-0.3732,0.008700927916047917,0.02076564125378597,0.1687,0.2186,0.103,0.153
TOMM40,ENSG00000130204,-0.2551,0.008698889469801041,0.02076564125378597,0.2304,0.275,0.136,0.191
LINC03040,ENSG00000181577,-0.4026,0.00873087421241179,0.02082567471303054,0.1533,0.2027,0.09,0.139
CDK16,ENSG00000102225,0.4053,0.008756583192662815,0.020864095699184536,0.3983,0.3007,0.232,0.204
SORBS1,ENSG00000095637,0.5537,0.008753622082869878,0.020864095699184536,0.2549,0.1736,0.149,0.106
ST3GAL1,ENSG00000008513,0.3813,0.008780228190151047,0.020908970802409013,0.3945,0.3028,0.229,0.197
PDZK1IP1,ENSG00000162366,0.1869,0.008814847753096393,0.020979916941378383,0.6438,0.5656,0.368,0.352
GPN3,ENSG00000111231,-0.2607,0.008835341166682532,0.021017182654845257,0.2514,0.3012,0.154,0.208
ANKRD10,ENSG00000088448,0.2634,0.008871844874997172,0.02109247145882807,0.5203,0.4334,0.301,0.28
MRPL34,ENSG00000130312,-0.1695,0.008899079882119606,0.021134098998738693,0.6661,0.7491,0.383,0.459
SLC22A18,ENSG00000110628,0.9418,0.008897385137239866,0.021134098998738693,0.171,0.089,0.106,0.063
NR3C2,ENSG00000151623,-0.8079,0.008945411502234189,0.021220937985103595,0.1172,0.2053,0.073,0.117
IMMP2L,ENSG00000184903,-0.6735,0.008944173201841054,0.021220937985103595,0.1553,0.2477,0.096,0.14
MPHOSPH8,ENSG00000196199,-0.1815,0.00897354661595082,0.02127606851768809,0.5021,0.5694,0.289,0.361
MINK1,ENSG00000141503,0.9238,0.008993669261330595,0.021312151913709252,0.184,0.0969,0.109,0.067
MRPL55,ENSG00000162910,-0.1804,0.009005108138951556,0.02132762941247055,0.5323,0.6032,0.309,0.382
CDC42EP1,ENSG00000128283,0.2136,0.009063672234719761,0.02145464026802401,0.5995,0.517,0.34,0.327
PCP4L1,ENSG00000248485,0.9917,0.009086172568507075,0.021496192696097847,0.1747,0.0878,0.102,0.059
GGCX,ENSG00000115486,0.3061,0.009097009287624911,0.021510120981511352,0.4747,0.3839,0.275,0.253
USP1,ENSG00000162607,-0.2877,0.009119189774612011,0.021550842175347362,0.2172,0.2652,0.132,0.184
SERINC3,ENSG00000132824,0.2418,0.009176594206099642,0.021674716532450566,0.5442,0.4602,0.319,0.305
PLIN5,ENSG00000214456,-0.4552,0.009185704172639647,0.02168444885078322,0.1455,0.1996,0.086,0.135
SNHG18,ENSG00000250786,0.2814,0.009200138181776863,0.021706732105321525,0.4787,0.3939,0.28,0.25
PRPF40A,ENSG00000196504,-0.1828,0.009206489203291627,0.02170993059007347,0.4721,0.5359,0.276,0.345
PABPC4,ENSG00000090621,-0.1917,0.009230977183497384,0.02175420690137842,0.4967,0.5673,0.289,0.351
MAT2A,ENSG00000168906,0.2428,0.009235276514736122,0.02175420690137842,0.5372,0.454,0.312,0.296
EMC4,ENSG00000128463,-0.1798,0.009260710894682233,0.021802302030492406,0.6072,0.6878,0.35,0.429
BRD2,ENSG00000204256,0.1566,0.009370493944508201,0.02204881791165817,0.6907,0.6197,0.386,0.384
CUL3,ENSG00000036257,-0.2874,0.009426225152992665,0.022158250026548656,0.2544,0.3105,0.152,0.205
MESP1,ENSG00000166823,0.7162,0.009427198412123439,0.022158250026548656,0.2374,0.1445,0.14,0.101
IRX3,ENSG00000177508,0.1113,0.009439371716382566,0.022174869988864126,0.8678,0.8034,0.474,0.465
RPA2,ENSG00000117748,-0.6328,0.0094566005646374,0.022203342006436595,0.0892,0.1384,0.054,0.101
IL13RA1,ENSG00000131724,0.46,0.00947499804880099,0.02223452565879541,0.3264,0.2373,0.197,0.163
NDUFA8,ENSG00000119421,-0.1826,0.009540624579244563,0.022376445991039867,0.4204,0.4771,0.248,0.316
TXLNG,ENSG00000086712,-0.3306,0.009562699520371075,0.022416123039661645,0.2009,0.2526,0.119,0.17
ANKRD50,ENSG00000151458,0.715,0.00959560892769283,0.022481140916308918,0.2119,0.129,0.129,0.087
ROGDI,ENSG00000067836,0.754,0.009615403006894513,0.02251537794610105,0.2205,0.1307,0.133,0.093
ELOA,ENSG00000011007,-0.1939,0.009683640020934428,0.022650753245953188,0.3806,0.4353,0.226,0.289
EXOSC6,ENSG00000223496,-0.5487,0.009680982004648054,0.022650753245953188,0.1199,0.1754,0.076,0.123
DENR,ENSG00000139726,0.3992,0.009724422220140938,0.022721687617598126,0.3812,0.289,0.226,0.195
USP22,ENSG00000124422,0.2966,0.009720087064315238,0.022721687617598126,0.4872,0.3966,0.282,0.262
ACSS2,ENSG00000131069,-0.183,0.009751639601896483,0.022773039070307425,0.5628,0.6389,0.323,0.392
THAP12,ENSG00000137492,-0.4141,0.009768203525431942,0.02279946966784491,0.1428,0.1903,0.086,0.134
UPF1,ENSG00000005007,0.6596,0.009793096426352154,0.02284530170098039,0.2541,0.1608,0.15,0.112
MAN2B1,ENSG00000104774,0.7287,0.00980308620212094,0.02285633725022404,0.1914,0.1155,0.119,0.076
EIF3H,ENSG00000147677,-0.1277,0.009870226912017409,0.023000539495778904,1.1048,1.2071,0.595,0.66
ANAPC10,ENSG00000164162,-0.3859,0.009919938532638709,0.023103994031536883,0.1705,0.2229,0.104,0.152
SLC29A1,ENSG00000112759,0.7274,0.009933527176050507,0.02312325072689636,0.2113,0.1276,0.131,0.09
IP6K2,ENSG00000068745,0.4341,0.010061901277407198,0.023409541194652935,0.3769,0.2789,0.22,0.192
NISCH,ENSG00000010322,0.5729,0.010095647226495651,0.023463132373347198,0.2974,0.1999,0.17,0.135
BOLA1,ENSG00000178096,-0.4956,0.010095733441822194,0.023463132373347198,0.1237,0.1744,0.077,0.124
NEDD8,ENSG00000129559,-0.1264,0.01015754547948056,0.023594170312037685,1.0729,1.1712,0.586,0.646
NRBF2,ENSG00000148572,-0.2507,0.010182711991722028,0.023639992690183725,0.2253,0.2681,0.133,0.187
CDCP1,ENSG00000163814,0.8614,0.010191576848780103,0.023647940728669686,0.1792,0.0986,0.112,0.07
PDPK1,ENSG00000140992,-0.2255,0.010213159286020493,0.023685373669714547,0.2861,0.3345,0.17,0.226
NOA1,ENSG00000084092,-0.5172,0.010223965754693838,0.023697789423946358,0.1099,0.1574,0.067,0.114
KIAA0319L,ENSG00000142687,0.2787,0.010243512921619229,0.02373044091543559,0.4728,0.3897,0.278,0.251
PSMG3,ENSG00000157778,-0.2755,0.01030130080507068,0.023851600052656994,0.2302,0.2786,0.141,0.193
SASH1,ENSG00000111961,-0.7071,0.010404102165664005,0.0240767987284216,0.093,0.1519,0.055,0.101
ATXN2L,ENSG00000168488,0.4994,0.01043025535000393,0.024124475652537027,0.3443,0.2435,0.199,0.168
EMP3,ENSG00000142227,0.3534,0.010465543652850998,0.024193219529409806,0.4093,0.3204,0.233,0.199
SURF4,ENSG00000148248,0.1416,0.010507458016850836,0.0242771996497787,0.6994,0.634,0.398,0.401
CLEC16A,ENSG00000038532,0.5657,0.01051460722994362,0.024280809256819857,0.2379,0.1607,0.141,0.099
XPOT,ENSG00000184575,-0.4992,0.010557772884056614,0.024367541664423818,0.1333,0.1885,0.083,0.129
DEGS1,ENSG00000143753,-0.225,0.010616594055184322,0.02449029605298889,0.316,0.3694,0.193,0.248
POLE4,ENSG00000115350,-0.1758,0.01065678408209365,0.024569964785559152,0.5719,0.646,0.33,0.4
SMC1A,ENSG00000072501,-0.2932,0.010684408142688088,0.024620592676629072,0.2193,0.2688,0.132,0.183
ACSS3,ENSG00000111058,0.3734,0.010738389946040507,0.024731872127976708,0.3697,0.2854,0.214,0.181
PIBF1,ENSG00000083535,-0.4591,0.010750601129005822,0.024746881624289885,0.181,0.2488,0.107,0.153
ADAM10,ENSG00000137845,0.5147,0.010781000305794038,0.02480372013180566,0.3164,0.2215,0.186,0.152
TAF3,ENSG00000165632,-0.6242,0.01085719485560203,0.024965803620342026,0.1006,0.155,0.061,0.106
WDR45B,ENSG00000141580,-0.2262,0.010953782987226565,0.02517458533182795,0.2809,0.3286,0.168,0.224
RAD21,ENSG00000164754,-0.17,0.010976702227499063,0.025213925941179136,0.6903,0.7767,0.394,0.466
RSRC1,ENSG00000174891,-0.4665,0.011044501749906744,0.025356262337609462,0.1534,0.212,0.094,0.14
GOLGA3,ENSG00000090615,0.4496,0.011087814816494568,0.025442261453265783,0.345,0.2526,0.204,0.172
AAK1,ENSG00000115977,-0.3593,0.011095313985411219,0.025446034079470794,0.192,0.2464,0.117,0.165
PTPN4,ENSG00000088179,-0.3207,0.011105632699443245,0.025456265670770223,0.2453,0.3064,0.145,0.195
SCRN1,ENSG00000136193,0.9722,0.011195860338624589,0.025649556685114636,0.162,0.0825,0.1,0.059
TXLNA,ENSG00000084652,0.7415,0.011259824469926632,0.02578250639952642,0.2313,0.1383,0.136,0.098
COPS6,ENSG00000168090,-0.1778,0.011313041678008173,0.02589072097557847,0.4286,0.4848,0.251,0.317
DDAH1,ENSG00000153904,0.1946,0.011327359737098381,0.025909844956541875,0.576,0.5033,0.338,0.322
RABL6,ENSG00000196642,0.4241,0.011502952667677186,0.02629764981258551,0.3824,0.285,0.223,0.196
GAB2,ENSG00000033327,-0.4044,0.011514867051011768,0.026311047425708278,0.2161,0.286,0.131,0.178
MFSD13A,ENSG00000138111,-0.3172,0.011534166361033597,0.026327461662317236,0.1938,0.2414,0.118,0.167
HAS3,ENSG00000103044,0.6454,0.011534166361033597,0.026327461662317236,0.2484,0.1587,0.145,0.108
ARSD,ENSG00000006756,0.4455,0.011572656432649637,0.026401451368134026,0.3578,0.2627,0.21,0.18
TMEM223,ENSG00000168569,-0.377,0.011607941472255707,0.026468055424146538,0.1615,0.2097,0.099,0.146
ZNF622,ENSG00000173545,-0.309,0.011626694903362907,0.026496914551659777,0.1881,0.233,0.114,0.164
C1orf198,ENSG00000119280,0.4846,0.011671930551972243,0.026586064035047888,0.3452,0.2467,0.2,0.17
TIMP2,ENSG00000035862,0.6901,0.011710434685081046,0.026645837246786507,0.242,0.1499,0.141,0.103
GOLT1A,ENSG00000174567,-0.1811,0.01170659887577166,0.026645837246786507,0.4639,0.5259,0.266,0.334
CDK11B,ENSG00000248333,-0.3893,0.011756057884578525,0.02673565021788502,0.1588,0.2081,0.097,0.144
ADAM9,ENSG00000168615,0.4252,0.011813333327957929,0.02685185493896713,0.3669,0.2732,0.214,0.186
USP13,ENSG00000058056,-0.2348,0.011838040740074223,0.026893949323765067,0.335,0.3942,0.196,0.25
TIA1,ENSG00000116001,0.4773,0.011872548781664327,0.026958253398700713,0.324,0.2327,0.191,0.158
MRPL48,ENSG00000175581,-0.3351,0.011897266216280964,0.027000271005721707,0.1857,0.2343,0.115,0.163
MYCBP,ENSG00000214114,0.6846,0.011918032139569336,0.02703328166939892,0.232,0.1443,0.137,0.099
UBE2S,ENSG00000108106,-0.437,0.01197119095928165,0.027139695309879006,0.1341,0.1816,0.084,0.13
ABHD12,ENSG00000100997,-0.3403,0.012007048572888888,0.027198540246855273,0.1947,0.2465,0.121,0.169
TAF7,ENSG00000178913,-0.2024,0.012009663767536878,0.027198540246855273,0.3511,0.404,0.211,0.27
PYCR1,ENSG00000183010,-0.5144,0.012026372686029645,0.027222195673690018,0.1272,0.1817,0.081,0.126
PLAGL1,ENSG00000118495,-0.238,0.012123407363304785,0.0274132822065154,0.2847,0.3358,0.164,0.218
RDH11,ENSG00000072042,-0.1831,0.012117930801226291,0.0274132822065154,0.4372,0.4964,0.256,0.322
WDR70,ENSG00000082068,-0.6905,0.01214777418696244,0.027454096004440338,0.1026,0.1656,0.061,0.105
SEMA4B,ENSG00000185033,0.4647,0.012199391833780745,0.02755642251019289,0.3166,0.2294,0.182,0.147
KIF1C,ENSG00000129250,0.2253,0.01223984366045928,0.027633434051094044,0.5614,0.4802,0.324,0.313
TULP4,ENSG00000130338,-0.3181,0.012247518362990303,0.027636404364255376,0.1827,0.2278,0.104,0.154
CYP51A1,ENSG00000001630,-0.2002,0.012296532057143874,0.027718220083167672,0.4774,0.5484,0.269,0.317
SLC46A2,ENSG00000119457,-0.307,0.01229160234335691,0.027718220083167672,0.2415,0.2988,0.137,0.186
RSF1,ENSG00000048649,0.1997,0.012308247147889004,0.0277302447406561,0.5843,0.5088,0.338,0.323
CNTLN,ENSG00000044459,-0.6842,0.012376265881492427,0.027869042238842533,0.0964,0.1549,0.058,0.102
BSPRY,ENSG00000119411,-0.5154,0.012414439467179744,0.027940525077350165,0.1112,0.159,0.069,0.115
MAN1A2,ENSG00000198162,-0.322,0.01243548454597834,0.027973403642247343,0.2205,0.2757,0.138,0.186
DAP3,ENSG00000132676,-0.1825,0.012524156656378047,0.028158295307097254,0.356,0.404,0.211,0.273
LTBP4,ENSG00000090006,0.8083,0.01255111828121745,0.02820432267330457,0.1953,0.1115,0.118,0.078
SMIM30,ENSG00000214194,-0.1785,0.01258001783183165,0.028254655037281834,0.4833,0.547,0.281,0.349
AP1S1,ENSG00000106367,0.396,0.012632101353851692,0.02835697958876005,0.3654,0.2777,0.22,0.191
KPNA4,ENSG00000186432,-0.2526,0.012651997868079846,0.028386981277581318,0.2629,0.3133,0.156,0.208
NDN,ENSG00000182636,-0.4609,0.012698425298554299,0.028476448063734255,0.1288,0.1773,0.081,0.126
BRD7,ENSG00000166164,-0.2009,0.012725401070715426,0.028492835164002698,0.3336,0.3835,0.196,0.253
MANF,ENSG00000145050,-0.2208,0.012721589654240006,0.028492835164002698,0.3437,0.4005,0.203,0.256
CALM1,ENSG00000198668,0.1126,0.01271661515893314,0.028492835164002698,1.6619,1.5371,0.841,0.767
SHC1,ENSG00000160691,0.555,0.012746806103537714,0.02852606556435371,0.2904,0.1976,0.173,0.14
ENSG00000274213,ENSG00000274213,0.9049,0.012758687967308663,0.028537960836810834,0.1765,0.0942,0.103,0.062
PHYH,ENSG00000107537,-0.1931,0.01279609480531474,0.028605992587695243,0.3461,0.3957,0.205,0.264
SLC33A1,ENSG00000169359,-0.5463,0.01280226773655482,0.028605992587695243,0.1082,0.158,0.067,0.112
SOCS3,ENSG00000184557,-0.1576,0.012861790352575326,0.028724224497580865,0.6727,0.7504,0.367,0.41
TNFAIP8,ENSG00000145779,-0.4861,0.01295142586602088,0.028909551522201718,0.1362,0.1908,0.08,0.125
BICDL2,ENSG00000162069,0.5482,0.012989116510088128,0.02897879894909805,0.285,0.1949,0.168,0.133
CACNB1,ENSG00000067191,0.705,0.013049839911752702,0.02906998737134688,0.2102,0.1289,0.127,0.087
NADSYN1,ENSG00000172890,0.6817,0.013043777938988792,0.02906998737134688,0.212,0.1321,0.131,0.092
HSCB,ENSG00000100209,-0.308,0.013050056456856364,0.02906998737134688,0.181,0.2241,0.108,0.156
RNF126,ENSG00000070423,-0.2841,0.013063054980355716,0.0290840353199928,0.182,0.2216,0.109,0.159
TRIM24,ENSG00000122779,-0.2908,0.013074329628461093,0.029094232752325606,0.2235,0.2734,0.132,0.182
SNRPD1,ENSG00000167088,-0.1638,0.013115816173855006,0.029171615707049056,0.6225,0.6974,0.359,0.428
APBB1IP,ENSG00000077420,-0.6882,0.013153820522581884,0.029241178512092514,0.0927,0.1494,0.058,0.101
PRMT1,ENSG00000126457,-0.1694,0.013197170187329119,0.029322546847715927,0.4777,0.5372,0.277,0.343
HADH,ENSG00000138796,-0.1873,0.01320876600194174,0.029333314790208894,0.3883,0.4421,0.231,0.29
MED15,ENSG00000099917,0.5015,0.013229792679612579,0.02936500458917072,0.3095,0.2186,0.182,0.148
RIC3,ENSG00000166405,0.5203,0.013237685309844607,0.029367524429088653,0.3005,0.2095,0.175,0.141
LIPH,ENSG00000163898,-0.2103,0.013253702590294073,0.029388056866029612,0.3551,0.4108,0.208,0.263
IDH3B,ENSG00000101365,-0.2299,0.013265122606873575,0.029398379831449543,0.26,0.3049,0.159,0.212
VGLL4,ENSG00000144560,-0.2077,0.01327259424336218,0.029399946269955166,0.2704,0.3122,0.16,0.215
BIRC6,ENSG00000115760,-0.251,0.013347294568056806,0.029535306615465825,0.3161,0.3762,0.185,0.236
TANC2,ENSG00000170921,-0.2576,0.013344202257817989,0.029535306615465825,0.4746,0.5674,0.275,0.324
NCOA7,ENSG00000111912,-0.1592,0.013413821677117944,0.02966741425381913,0.7754,0.8659,0.419,0.485
THRA,ENSG00000126351,-0.3902,0.013474291728626195,0.02978599789044224,0.1395,0.1828,0.082,0.129
TDG,ENSG00000139372,-0.3252,0.013485768105023187,0.0297962115833405,0.1797,0.2251,0.108,0.156
NCOA2,ENSG00000140396,-0.4267,0.013615839056412029,0.030023040910407948,0.1868,0.2512,0.113,0.158
SPCS3,ENSG00000129128,-0.1661,0.0136061746258484,0.030023040910407948,0.5576,0.6256,0.322,0.392
PDAP1,ENSG00000106244,-0.1665,0.013616063882745989,0.030023040910407948,0.5543,0.6221,0.32,0.394
ST7,ENSG00000004866,-0.2298,0.013598986424884807,0.030023040910407948,0.3002,0.3521,0.179,0.233
ARFGAP1,ENSG00000101199,0.7734,0.013649487018321601,0.03006796651892325,0.2127,0.1244,0.125,0.087
STK38,ENSG00000112079,0.9729,0.013650275642391987,0.03006796651892325,0.1755,0.0894,0.101,0.061
CNIH4,ENSG00000143771,-0.1356,0.013659967737639226,0.030074072840820705,0.9806,1.0772,0.541,0.605
PNO1,ENSG00000115946,-0.4706,0.01369879693183631,0.030144289349752204,0.1259,0.1745,0.078,0.124
SRA1,ENSG00000213523,0.2372,0.01374089632349294,0.030221627237803805,0.5219,0.4428,0.306,0.291
ACSM3,ENSG00000005187,0.5496,0.013764599036118114,0.030258445832559093,0.2833,0.1935,0.168,0.133
EML3,ENSG00000149499,0.8149,0.013822020227469643,0.030369312390588002,0.1948,0.1107,0.118,0.079
POP7,ENSG00000172336,-0.252,0.013850753001178277,0.030417065458878623,0.2542,0.3027,0.155,0.208
PPP2R2A,ENSG00000221914,-0.2156,0.01397633213249251,0.03067734315546083,0.3499,0.4063,0.207,0.262
PRKCQ,ENSG00000065675,-0.6713,0.013985767936551634,0.030682558027386876,0.1011,0.1611,0.059,0.103
UQCRC2,ENSG00000140740,-0.1708,0.014112658488582395,0.030945314728243738,0.4959,0.5582,0.293,0.359
GUCY1A1,ENSG00000164116,-0.215,0.014139250592078394,0.030987989446884873,0.2874,0.3336,0.166,0.221
TIMM10B,ENSG00000132286,-0.2416,0.01415518053520736,0.03100726542641693,0.1903,0.2251,0.111,0.161
ADRB2,ENSG00000169252,-0.2785,0.01440052484672472,0.031528806540990245,0.2373,0.2878,0.14,0.188
AKR1A1,ENSG00000117448,0.128,0.0145308467514753,0.03179811680861614,0.7138,0.6532,0.41,0.408
ATP13A4-AS1,ENSG00000225473,0.6296,0.014563499802737991,0.0318535330360842,0.2079,0.1343,0.109,0.066
SENP6,ENSG00000112701,-0.1911,0.014642418869710933,0.03201003642241635,0.4738,0.5409,0.275,0.336
VDAC1,ENSG00000213585,0.1153,0.014692235056018818,0.03210279213346294,0.7437,0.6865,0.424,0.427
RPP25L,ENSG00000164967,-0.4055,0.014837729691260374,0.0324044086624209,0.1541,0.2041,0.098,0.143
SNW1,ENSG00000100603,-0.2197,0.014898959477070055,0.03252178698510621,0.2731,0.3181,0.164,0.216
ECHS1,ENSG00000127884,0.1109,0.01493075516873195,0.032569655159439014,0.7482,0.6929,0.427,0.43
MRPS2,ENSG00000122140,-0.2974,0.014935877296999989,0.032569655159439014,0.194,0.2385,0.12,0.168
ACVR1B,ENSG00000135503,0.62,0.015092478387966677,0.03289463945541784,0.2564,0.1668,0.15,0.114
SMCHD1,ENSG00000101596,-0.296,0.015177133140821053,0.033062566731833734,0.237,0.291,0.141,0.189
CIMAP3,ENSG00000173947,0.5601,0.015187156367653961,0.03306782643979164,0.2668,0.1809,0.16,0.125
EPDR1,ENSG00000086289,-0.1716,0.015232395108766337,0.033149719150074364,0.5521,0.6218,0.319,0.386
MRPS14,ENSG00000120333,-0.2522,0.01524245046329336,0.033154999856593065,0.2489,0.2964,0.152,0.202
PGRMC2,ENSG00000164040,-0.2038,0.015261211234393947,0.033179201613144624,0.2436,0.2806,0.143,0.196
ATOSA,ENSG00000047346,0.6022,0.01527277599553065,0.0331877422382881,0.2565,0.1689,0.149,0.113
TUSC2,ENSG00000114383,0.265,0.01537908376950342,0.033368695987150206,0.5001,0.4162,0.293,0.277
SH3BP5,ENSG00000131370,-0.4993,0.015367573241596733,0.033368695987150206,0.1187,0.1678,0.072,0.116
SCRIB,ENSG00000180900,0.9501,0.015378583154006125,0.033368695987150206,0.172,0.089,0.104,0.065
ADAM17,ENSG00000151694,-0.3697,0.01544679868634492,0.03349889575391967,0.177,0.2287,0.105,0.151
RBM6,ENSG00000004534,-0.2541,0.015507588100196932,0.033613954056586466,0.3281,0.3914,0.194,0.243
NECTIN3,ENSG00000177707,-0.6437,0.015581876682615212,0.03372917858797822,0.0942,0.1472,0.059,0.102
RBMS2,ENSG00000076067,-0.2229,0.015582762953335594,0.03372917858797822,0.3129,0.3653,0.186,0.239
MTIF3,ENSG00000122033,-0.1828,0.015584029131307011,0.03372917858797822,0.3899,0.4425,0.229,0.287
ZMIZ2,ENSG00000122515,0.6683,0.015610639788287391,0.0337699554603768,0.2218,0.1395,0.133,0.095
TOB1,ENSG00000141232,-0.1695,0.015652028871990402,0.033842645511278746,0.52,0.5849,0.299,0.363
DENND4A,ENSG00000174485,-0.6424,0.01566448984801654,0.033852746334898,0.1206,0.1883,0.073,0.116
NCOA3,ENSG00000124151,-0.3853,0.01570804451165173,0.033930000719502196,0.1719,0.2246,0.1,0.145
ZFX,ENSG00000005889,-0.5241,0.015718758430698355,0.03393627627412571,0.1119,0.1609,0.067,0.11
VEGFB,ENSG00000173511,-0.2204,0.015751705670935076,0.033990522763596744,0.296,0.3449,0.176,0.228
TMBIM4,ENSG00000155957,-0.1616,0.015833184014420142,0.034149388449960266,0.8094,0.9053,0.451,0.529
PDXK,ENSG00000160209,0.1303,0.01593800668213298,0.03435842115106643,0.6918,0.6321,0.399,0.397
KCMF1,ENSG00000176407,-0.2993,0.015984300923818036,0.03444113624933723,0.1937,0.2383,0.116,0.164
INO80,ENSG00000128908,-0.4349,0.016002955386922937,0.034464243861034236,0.1767,0.2389,0.109,0.153
TMEM263,ENSG00000151135,0.4868,0.016048765722525553,0.034545782976768726,0.295,0.2105,0.179,0.146
TSNAX,ENSG00000116918,-0.3662,0.016058773647717357,0.034550213006425565,0.1304,0.1681,0.077,0.123
RPF2,ENSG00000197498,-0.2447,0.016095733445043815,0.034612596512696894,0.2078,0.2463,0.121,0.17
TTC39A,ENSG00000085831,-0.216,0.016202344177711856,0.03482462304467642,0.2799,0.3252,0.167,0.22
TMEM248,ENSG00000106609,0.2181,0.016242745541371045,0.03489420273000423,0.5517,0.4743,0.323,0.314
SFT2D2,ENSG00000213064,0.5717,0.016390936310780774,0.03519516265150852,0.2782,0.1871,0.165,0.133
GRAMD2A,ENSG00000175318,0.7642,0.01641292250048806,0.035224968487467215,0.2047,0.1205,0.119,0.082
NR1H2,ENSG00000131408,-0.1665,0.016446879699760344,0.03528042407460931,0.5011,0.5624,0.29,0.358
TMED9,ENSG00000184840,0.1087,0.016544316820140133,0.035471929403221025,0.7805,0.7239,0.441,0.441
NAPG,ENSG00000134265,-0.2189,0.016582791490758243,0.03553688945701939,0.2535,0.295,0.15,0.202
MRPS9,ENSG00000135972,-0.3579,0.016598042742161614,0.035552042265862185,0.1526,0.1956,0.091,0.137
INTS12,ENSG00000138785,-0.5919,0.016696803769025353,0.035745965113391225,0.1073,0.1617,0.067,0.109
MRPL3,ENSG00000114686,-0.1737,0.016782831654098093,0.035912450206159685,0.4093,0.4617,0.241,0.303
UNC50,ENSG00000115446,-0.2021,0.016810150306949777,0.03595320533169475,0.3385,0.3894,0.208,0.262
ATAD3C,ENSG00000215915,-0.2593,0.01700110934304979,0.03634373891042518,0.1811,0.2168,0.106,0.154
ZSWIM7,ENSG00000214941,-0.1635,0.01702217039998322,0.036370871464270926,0.4659,0.5219,0.269,0.334
MCMBP,ENSG00000197771,-0.4457,0.017043665301320295,0.03639890388183686,0.1243,0.1693,0.077,0.121
FARS2,ENSG00000145982,-0.685,0.017159212742250005,0.03662767120718002,0.1076,0.1731,0.066,0.107
LSM4,ENSG00000130520,-0.1635,0.01719079451816297,0.036677070680381084,0.5682,0.6364,0.327,0.4
MEA1,ENSG00000124733,0.2356,0.01722090662840068,0.036702289517034435,0.5217,0.4431,0.306,0.289
HNRNPA0,ENSG00000177733,-0.1637,0.017226575081342788,0.036702289517034435,0.6684,0.7487,0.384,0.458
CLK1,ENSG00000013441,0.2952,0.017236395053904115,0.036702289517034435,0.4641,0.3782,0.266,0.248
RAP1A,ENSG00000116473,-0.1634,0.017234043345893273,0.036702289517034435,0.7384,0.8269,0.419,0.497
EIF2S1,ENSG00000134001,-0.213,0.01747901319613397,0.03720068136650256,0.2437,0.2825,0.147,0.198
PTPRU,ENSG00000060656,0.588,0.01753497162825461,0.037301510864608194,0.2591,0.1724,0.153,0.119
FHDC1,ENSG00000137460,-0.1892,0.017559564306649397,0.03732536342075701,0.4446,0.5069,0.257,0.313
RAB4A,ENSG00000168118,0.2753,0.017563361296697673,0.03732536342075701,0.4917,0.4063,0.286,0.272
TMEM60,ENSG00000135211,-0.2558,0.017610672971844564,0.037407617172842855,0.2437,0.291,0.151,0.198
EGFR,ENSG00000146648,-0.1989,0.017627032685981467,0.03742407623511258,0.4205,0.4826,0.247,0.302
FBXL15,ENSG00000107872,-0.1837,0.017647642293602966,0.03744953779687426,0.3415,0.3878,0.204,0.26
UBR5,ENSG00000104517,-0.4003,0.017799473250919778,0.03775329953562584,0.1873,0.2472,0.114,0.158
PIP4P1,ENSG00000165782,-0.2393,0.017818977474937877,0.037776232246868297,0.2078,0.2453,0.123,0.172
STAG1,ENSG00000118007,-0.5108,0.017831943183635228,0.037785287701647345,0.1506,0.2146,0.089,0.131
HSD17B10,ENSG00000072506,-0.1831,0.01790347395612671,0.03791837125405784,0.3908,0.4437,0.235,0.294
NAE1,ENSG00000159593,-0.2334,0.017924509670696323,0.03794443206470834,0.2182,0.2565,0.131,0.18
HNRNPH1,ENSG00000169045,0.1047,0.01793324513144868,0.03794444174356181,0.7897,0.7344,0.439,0.435
WDR26,ENSG00000162923,0.3914,0.018040809547802288,0.03815345902420863,0.3707,0.2826,0.216,0.19
RNF169,ENSG00000166439,-0.4554,0.018178922013745498,0.03839072641024863,0.148,0.203,0.09,0.133
PACSIN2,ENSG00000100266,-0.1888,0.018179501829795598,0.03839072641024863,0.5673,0.6467,0.329,0.392
CCNQ,ENSG00000262919,-0.3549,0.018166749616692898,0.03839072641024863,0.1459,0.1867,0.09,0.134
SGMS2,ENSG00000164023,-0.1732,0.01825370663157538,0.03852870763517562,0.6662,0.7512,0.366,0.424
SLC3A2,ENSG00000168003,-0.1652,0.018337376089957245,0.03868652256648262,0.4925,0.5522,0.286,0.349
SUGP2,ENSG00000064607,0.503,0.018478943731153972,0.03896627338942026,0.3038,0.2143,0.176,0.145
FXR1,ENSG00000114416,-0.165,0.018644276705599802,0.039295842173878145,0.4543,0.5093,0.266,0.327
RARRES2,ENSG00000106538,0.8762,0.01867720131995883,0.0393461545984203,0.1724,0.0939,0.1,0.062
LIMK2,ENSG00000182541,0.8062,0.018759139510225023,0.039499622243913735,0.1868,0.1068,0.113,0.075
PPIE,ENSG00000084072,-0.2765,0.018775535007485543,0.039515000069022845,0.2006,0.243,0.123,0.17
PCNP,ENSG00000081154,0.1342,0.01878925722935204,0.03952473955409679,0.6969,0.635,0.394,0.402
PSMD14,ENSG00000115233,-0.2033,0.018842738088986583,0.03961806469992051,0.3098,0.3568,0.187,0.238
N4BP2L1,ENSG00000139597,-0.4298,0.018873272725639646,0.0396630770143278,0.1326,0.1787,0.081,0.124
EIF2D,ENSG00000143486,-0.2844,0.01898409800680495,0.039876698858179946,0.1825,0.2223,0.109,0.156
ATP6V0B,ENSG00000117410,-0.1169,0.019037157897551116,0.03996883489022084,1.0693,1.1596,0.584,0.64
CREBRF,ENSG00000164463,-0.2123,0.0190967025461085,0.04007449022954492,0.3154,0.3654,0.184,0.236
RICTOR,ENSG00000164327,-0.2379,0.01914048214984886,0.04012919950698871,0.2731,0.3221,0.158,0.207
HMGXB4,ENSG00000100281,-0.3537,0.01914124035388578,0.04012919950698871,0.1468,0.1876,0.088,0.133
AP1M2,ENSG00000129354,0.2209,0.019193315867627653,0.04021897336581957,0.5388,0.4623,0.316,0.303
MAN1B1,ENSG00000177239,0.6875,0.019361005012990495,0.040550808571786355,0.2331,0.1447,0.136,0.102
FBXO9,ENSG00000112146,0.2214,0.01938015878497785,0.040571372870671356,0.5529,0.4743,0.316,0.304
ICA1,ENSG00000003147,-0.2394,0.01947740791761432,0.04075532730378037,0.2535,0.2992,0.152,0.201
FLOT2,ENSG00000132589,0.4077,0.019524880606726466,0.04081600397659693,0.351,0.2645,0.208,0.18
PTP4A2,ENSG00000184007,-0.1439,0.019525189200953755,0.04081600397659693,0.8919,0.9854,0.496,0.564
RAB3IP,ENSG00000127328,-0.1774,0.019545720282078304,0.04083927901245784,0.3584,0.4053,0.209,0.265
TPD52L2,ENSG00000101150,0.4343,0.019591016954852998,0.0409142526121053,0.3321,0.2457,0.2,0.172
AARD,ENSG00000205002,-0.3631,0.01962741328616967,0.040952272034002105,0.1745,0.2245,0.105,0.149
MAP3K8,ENSG00000107968,0.2953,0.019637490777464423,0.040952272034002105,0.4535,0.3695,0.258,0.236
MRTO4,ENSG00000053372,-0.3417,0.019630978651217816,0.040952272034002105,0.1561,0.1978,0.094,0.138
REL,ENSG00000162924,0.177,0.01973757990110305,0.041016541034175284,0.619,0.5475,0.346,0.333
SAR1A,ENSG00000079332,-0.1622,0.019736956857207114,0.041016541034175284,0.5748,0.6432,0.333,0.401
NT5DC1,ENSG00000178425,-0.1982,0.019725900685634245,0.041016541034175284,0.3696,0.424,0.224,0.277
SRSF9,ENSG00000111786,-0.1572,0.01972870314681417,0.041016541034175284,0.721,0.804,0.411,0.486
ATG4B,ENSG00000168397,0.4806,0.01974381128474337,0.041016541034175284,0.2967,0.2126,0.178,0.147
OAT,ENSG00000065154,-0.1591,0.01972091939078357,0.041016541034175284,0.3175,0.3545,0.186,0.242
NDUFB5,ENSG00000136521,0.1396,0.019717651013053724,0.041016541034175284,0.6646,0.6032,0.385,0.384
SUZ12,ENSG00000178691,-0.2268,0.01972449958541302,0.041016541034175284,0.2749,0.3217,0.168,0.218
DPYD,ENSG00000188641,-0.2618,0.019959691354843368,0.041429005937592946,0.4357,0.5225,0.255,0.301
NFIL3,ENSG00000165030,-0.3993,0.01996142163675095,0.041429005937592946,0.1367,0.1803,0.08,0.123
KCNS3,ENSG00000170745,0.5585,0.020025060950026145,0.04154124815695161,0.2586,0.1756,0.154,0.121
NUBP2,ENSG00000095906,-0.1819,0.020048102838920483,0.04156920560016623,0.3093,0.3508,0.185,0.239
RPIA,ENSG00000153574,-0.2914,0.02012813951212003,0.041715257186301216,0.1743,0.2133,0.106,0.152
JPT2,ENSG00000206053,0.6318,0.020171913296101022,0.04176614348968797,0.2437,0.1573,0.145,0.112
PTPN2,ENSG00000175354,-0.1667,0.020162390196112327,0.04176614348968797,0.4985,0.5596,0.284,0.352
GTPBP4,ENSG00000107937,-0.2114,0.020204957103504256,0.04181463979610928,0.2349,0.2719,0.139,0.189
KPNA3,ENSG00000102753,-0.2512,0.020278521488275192,0.04194690832367634,0.2491,0.2965,0.152,0.199
ECSIT,ENSG00000130159,-0.2222,0.02032705486209757,0.04202729801649669,0.2296,0.2679,0.136,0.184
NOB1,ENSG00000141101,-0.2882,0.020340003536298307,0.042034072928555606,0.1936,0.2364,0.12,0.166
SLC36A4,ENSG00000180773,-0.4014,0.02036544223101999,0.04204665650166882,0.1367,0.1806,0.081,0.124
PEAK1,ENSG00000173517,-0.6609,0.02035583946500568,0.04204665650166882,0.1024,0.1619,0.062,0.103
SIAE,ENSG00000110013,0.3572,0.02042009303456694,0.0421394702413238,0.3826,0.2987,0.227,0.202
LBR,ENSG00000143815,-0.3417,0.020603241186631264,0.04249724072002823,0.1746,0.2213,0.11,0.154
PHF14,ENSG00000106443,-0.216,0.02062200676162836,0.0425157691584615,0.2865,0.3328,0.17,0.22
DAPK1,ENSG00000196730,0.2221,0.02068228658409466,0.04261982811497173,0.4964,0.4256,0.286,0.261
GRAMD1A,ENSG00000089351,0.219,0.02071800818475725,0.04267320548386493,0.5396,0.4636,0.313,0.303
PRP4K,ENSG00000112739,-0.1708,0.02079874154648785,0.042806390309438246,0.4756,0.5354,0.277,0.335
SNX27,ENSG00000143376,-0.1889,0.020804611885743805,0.042806390309438246,0.3275,0.3733,0.198,0.251
SPG7,ENSG00000197912,0.4137,0.02082206836496835,0.042806390309438246,0.3427,0.2573,0.2,0.172
OARD1,ENSG00000124596,-0.2044,0.02081668322992765,0.042806390309438246,0.2605,0.3002,0.155,0.206
AKAP9,ENSG00000127914,-0.1512,0.020926092078273867,0.042999903627507434,0.8051,0.894,0.447,0.517
TPD52L1,ENSG00000111907,-0.1988,0.020947738570202844,0.04302404150571907,0.291,0.334,0.173,0.224
NDUFAF6,ENSG00000156170,-0.301,0.02113268827059845,0.043383402562126056,0.1904,0.2346,0.115,0.16
INF2,ENSG00000203485,0.9635,0.021225446505389493,0.04355325331087004,0.173,0.0887,0.101,0.065
ZDHHC24,ENSG00000174165,0.4575,0.02125002035306907,0.04357275934390171,0.3002,0.2186,0.183,0.154
SPSB3,ENSG00000162032,0.3521,0.021255004558000834,0.04357275934390171,0.3928,0.3077,0.23,0.205
FUCA1,ENSG00000179163,0.3854,0.02128127151099128,0.04360603771181901,0.3392,0.2596,0.208,0.18
TSPAN6,ENSG00000000003,0.6137,0.021408515928741458,0.04384609341484938,0.2219,0.145,0.135,0.099
ATXN7L3B,ENSG00000253719,-0.2071,0.021434445867864634,0.04387852178131874,0.2477,0.2859,0.147,0.196
FAM8A1,ENSG00000137414,0.4697,0.021540792589355387,0.04407546355618574,0.3185,0.23,0.187,0.16
IFRD1,ENSG00000006652,-0.1767,0.021571742500248757,0.04407653639213968,0.3404,0.3848,0.195,0.249
SLX9,ENSG00000160256,-0.2812,0.021568544794163546,0.04407653639213968,0.1829,0.2223,0.11,0.156
LLPH,ENSG00000139233,-0.2646,0.021567703361151654,0.04407653639213968,0.1921,0.2308,0.114,0.16
OXR1,ENSG00000164830,-0.3099,0.02163173377327249,0.04417834350500106,0.1964,0.2434,0.12,0.164
TMEM147,ENSG00000105677,-0.1479,0.021655703362908525,0.04419886423539506,0.7253,0.8037,0.415,0.483
CHD9,ENSG00000177200,-0.1725,0.021662121680025653,0.04419886423539506,0.4599,0.5183,0.265,0.323
SRPK2,ENSG00000135250,-0.2448,0.02170641936839392,0.04426846484046925,0.2995,0.3549,0.179,0.227
ZC3H6,ENSG00000188177,-0.3236,0.0218095209467721,0.04444810707124739,0.1742,0.218,0.104,0.148
SAV1,ENSG00000151748,-0.2051,0.021814959130918243,0.04444810707124739,0.2559,0.295,0.15,0.2
PPCS,ENSG00000127125,0.129,0.021861061083964028,0.04451452747812078,0.6952,0.6357,0.396,0.4
ADGRD1,ENSG00000111452,-0.2298,0.02186804329631566,0.04451452747812078,0.3131,0.3672,0.185,0.234
SLC6A20,ENSG00000163817,-0.4324,0.02192943389261865,0.044597716283257205,0.1317,0.1778,0.078,0.12
RCOR1,ENSG00000089902,-0.2026,0.02192636080530814,0.044597716283257205,0.3374,0.3883,0.198,0.249
SNX25,ENSG00000109762,-0.1975,0.021948905482556635,0.044616437430865824,0.6873,0.7881,0.384,0.443
NFKBIB,ENSG00000104825,-0.2661,0.021960356328438565,0.04461884460186723,0.191,0.2297,0.115,0.161
SMARCE1,ENSG00000073584,-0.1808,0.02205077783963018,0.04478162639767886,0.3207,0.3635,0.191,0.243
SEC24D,ENSG00000150961,-0.2319,0.022099375581894568,0.04485935837408398,0.2512,0.295,0.149,0.197
FBXL17,ENSG00000145743,-0.688,0.022122591052370258,0.04488551854043004,0.1045,0.1684,0.062,0.102
TNFSF13,ENSG00000161955,0.5644,0.0221515110370036,0.04492322303631248,0.2105,0.1423,0.128,0.09
ELF1,ENSG00000120690,-0.1936,0.02216839620827962,0.04493649716473098,0.383,0.4381,0.228,0.282
ZNF33A,ENSG00000189180,-0.2537,0.022207205542057844,0.044994179620411835,0.2147,0.2559,0.127,0.173
CCS,ENSG00000173992,0.3685,0.02223691295718217,0.04503337544823566,0.3774,0.2923,0.223,0.197
CDC40,ENSG00000168438,-0.2623,0.022247284136385312,0.04503339397146277,0.2156,0.2587,0.131,0.177
KEAP1,ENSG00000079999,-0.2803,0.022288810927716517,0.04509644892544506,0.2004,0.2434,0.124,0.169
SEC23A,ENSG00000100934,-0.4666,0.022312892670758908,0.04512416544770508,0.1238,0.1711,0.076,0.117
USP34,ENSG00000115464,-0.1833,0.02235574123138367,0.04518979134492718,0.4872,0.5532,0.281,0.336
THAP7,ENSG00000184436,-0.2258,0.022459427599016004,0.04537827631116855,0.229,0.2678,0.137,0.185
ZNF787,ENSG00000142409,-0.5021,0.022674733564530244,0.04579200375067307,0.1059,0.15,0.064,0.105
C8orf33,ENSG00000182307,-0.2994,0.02268950259779757,0.045800547278229554,0.1828,0.225,0.113,0.157
SPART,ENSG00000133104,-0.1886,0.022817674695367385,0.046037889612844315,0.2797,0.3188,0.166,0.217
PPTC7,ENSG00000196850,-0.2611,0.02282969539088278,0.04604076852379423,0.2033,0.2436,0.123,0.169
RANBP9,ENSG00000010017,0.4345,0.022939017195557902,0.04623978141553555,0.2841,0.2102,0.167,0.133
METTL23,ENSG00000181038,-0.1903,0.02304273232814674,0.046427313258287306,0.2815,0.3212,0.169,0.22
PHF20,ENSG00000025293,-0.2065,0.023098939810380133,0.04651899555881003,0.266,0.307,0.155,0.205
NUBP1,ENSG00000103274,-0.2302,0.02319736532542324,0.04669557651889273,0.2179,0.2557,0.131,0.177
NFU1,ENSG00000169599,-0.1857,0.02327528885428924,0.0468307432225653,0.266,0.3026,0.159,0.211
KDM6A,ENSG00000147050,-0.6613,0.02336317926697432,0.04698582928934308,0.1047,0.1657,0.062,0.101
PCNA,ENSG00000132646,-0.239,0.023385196832843038,0.04700835589062713,0.2176,0.2569,0.13,0.177
MAP4K4,ENSG00000071054,0.5229,0.023538735238476743,0.04729511943893663,0.2609,0.1816,0.154,0.12
PIGH,ENSG00000100564,-0.3169,0.02381705288661801,0.04781012094468447,0.153,0.1906,0.094,0.137
USP11,ENSG00000102226,0.521,0.023808799540021713,0.04781012094468447,0.2912,0.2029,0.168,0.139
NUDT5,ENSG00000165609,-0.1558,0.023862215061602157,0.04787866420024144,0.5411,0.6028,0.314,0.382
PEX16,ENSG00000121680,-0.3562,0.02389107689023136,0.047906365147073735,0.1376,0.1762,0.083,0.126
HNRNPL,ENSG00000104824,0.2205,0.023898067105120997,0.047906365147073735,0.5306,0.4554,0.306,0.289
H6PD,ENSG00000049239,-0.3787,0.02392972921555182,0.047937798119198814,0.1442,0.1875,0.09,0.132
BAMBI,ENSG00000095739,0.8633,0.023935808080686016,0.047937798119198814,0.169,0.0929,0.102,0.066
CRYBG1,ENSG00000112297,0.5315,0.024107858493789745,0.04826013496730089,0.2578,0.1783,0.154,0.121
NKTR,ENSG00000114857,-0.166,0.024135493255010774,0.04829321072112192,0.545,0.6115,0.309,0.37
NRDC,ENSG00000078618,-0.1767,0.024174674027147697,0.048349348054295395,0.3624,0.4097,0.215,0.269
FAM114A1,ENSG00000197712,0.5824,0.024242022582109595,0.0484617433955144,0.24,0.1603,0.145,0.112
CGN,ENSG00000143375,0.4181,0.024267926122281257,0.04849122157583188,0.3289,0.2461,0.194,0.165
TMEM18,ENSG00000151353,-0.1653,0.024334939104915056,0.04860277819391583,0.3738,0.4191,0.219,0.275
KYAT3,ENSG00000137944,-0.5374,0.024453676934660298,0.04881749194213765,0.1014,0.1472,0.063,0.104
SUMO3,ENSG00000184900,0.1384,0.024532612242545392,0.0489525862286971,0.668,0.6069,0.381,0.384
TMED4,ENSG00000158604,0.1537,0.024586489699630752,0.04903757881349025,0.6467,0.5814,0.371,0.373
MEF2C,ENSG00000081189,-0.2095,0.024599692095432727,0.04904140451685808,0.352,0.407,0.21,0.257
C12orf76,ENSG00000174456,0.3635,0.02467657633694672,0.04917212322804697,0.3837,0.2982,0.224,0.2
USP12,ENSG00000152484,-0.2588,0.02472428461146031,0.04924461087140536,0.2172,0.2599,0.128,0.173
SFSWAP,ENSG00000061936,-0.2686,0.024844285533832854,0.04946095507560127,0.209,0.2518,0.125,0.169
ZYG11B,ENSG00000162378,-0.301,0.025019297575718948,0.04978656926010739,0.1886,0.2323,0.113,0.157
UBE2F,ENSG00000184182,-0.3724,0.025275028247820124,0.050272436048066936,0.1346,0.1742,0.081,0.123
MOB4,ENSG00000115540,-0.2201,0.025323543131532955,0.05034589133103487,0.2295,0.2674,0.14,0.187
SGSH,ENSG00000181523,0.8156,0.02533766815716299,0.05035094001418855,0.1886,0.1071,0.111,0.076
BCAP29,ENSG00000075790,-0.1573,0.02539404255007489,0.050439903529536326,0.5283,0.5892,0.307,0.372
LSM10,ENSG00000181817,-0.1916,0.02560245939313056,0.05083064802309065,0.2687,0.3069,0.162,0.212
USP16,ENSG00000156256,-0.1537,0.025666974960289003,0.05093546720429955,0.5684,0.6323,0.325,0.398
TXNRD2,ENSG00000184470,0.3917,0.02571398365275832,0.05098219569109839,0.3569,0.272,0.208,0.182
AZIN1,ENSG00000155096,-0.1779,0.025707319563902157,0.05098219569109839,0.2587,0.2926,0.15,0.2
RBM7,ENSG00000076053,-0.2134,0.025729473628661285,0.05098964541275055,0.2233,0.2589,0.133,0.18
TMEM220,ENSG00000187824,-0.2717,0.025812157646884118,0.051130190124593605,0.1831,0.221,0.109,0.153
RRP7A,ENSG00000189306,0.3457,0.025836161237438992,0.051154422204059156,0.3721,0.2928,0.225,0.201
SLCO4C1,ENSG00000173930,-0.1694,0.025858411288243684,0.051175161866442186,0.4562,0.513,0.263,0.32
RDX,ENSG00000137710,-0.1645,0.02589014130923717,0.05119133490898305,0.5004,0.5609,0.293,0.352
MRPS18C,ENSG00000163319,-0.1539,0.02588777517814051,0.05119133490898305,0.438,0.4873,0.258,0.317
SEC24C,ENSG00000176986,0.5492,0.026015220110811338,0.05141525538953437,0.2708,0.185,0.159,0.129
POP5,ENSG00000167272,-0.1817,0.026060994910837416,0.05148231085568155,0.3179,0.3606,0.19,0.24
DYNC1I2,ENSG00000077380,-0.1796,0.026076467053129774,0.05148410421663444,0.3361,0.3807,0.198,0.249
TUSC3,ENSG00000104723,0.5348,0.026085595371612758,0.05148410421663444,0.2471,0.1706,0.149,0.115
THUMPD3-AS1,ENSG00000206573,-0.1619,0.026233021756980123,0.05175157174572657,0.3417,0.3823,0.199,0.252
UBE2E2,ENSG00000182247,-0.2951,0.026261155949518444,0.0517835679476439,0.2827,0.3468,0.171,0.213
ZPR1,ENSG00000109917,-0.2409,0.026294911427701552,0.05181650889331594,0.1843,0.2178,0.11,0.155
CCNG1,ENSG00000113328,0.2773,0.026301706999230314,0.05181650889331594,0.471,0.3886,0.271,0.26
RAP2B,ENSG00000181467,0.6454,0.02641485576232334,0.052015841931607264,0.2242,0.1433,0.136,0.104
PCMTD1,ENSG00000168300,0.2801,0.026499641014000166,0.05215916659730286,0.4573,0.3766,0.264,0.246
ENSG00000238142,ENSG00000238142,0.2721,0.026566912504370568,0.05224425418280293,0.4485,0.3714,0.26,0.238
DNPEP,ENSG00000123992,-0.224,0.02656126731879675,0.05224425418280293,0.2171,0.2536,0.133,0.179
ANO6,ENSG00000177119,0.7445,0.026860265350430314,0.052797247043405764,0.1797,0.1072,0.109,0.073
IFIT5,ENSG00000152778,0.5762,0.026916700829192827,0.05288425940491502,0.2508,0.1682,0.15,0.119
LAGE3,ENSG00000196976,-0.1636,0.027113287618927284,0.053246429277839125,0.3627,0.4062,0.215,0.27
ASCC2,ENSG00000100325,0.4978,0.027187455062581425,0.05336796734506724,0.2798,0.1981,0.168,0.138
ZNF706,ENSG00000120963,-0.1469,0.027275820716142544,0.05351725364891896,0.4645,0.5143,0.271,0.333
TXNDC12,ENSG00000117862,-0.1878,0.02739878931236495,0.05373426820917783,0.2847,0.3243,0.173,0.222
RRP36,ENSG00000124541,-0.3934,0.02744168198360632,0.05379411362235141,0.1195,0.157,0.071,0.113
TUBA4A,ENSG00000127824,-0.228,0.027532423448042447,0.053947661093414104,0.2352,0.2755,0.141,0.187
STXBP2,ENSG00000076944,0.2003,0.027556761953662866,0.053971017327903936,0.5701,0.4962,0.325,0.321
DLGAP1-AS1,ENSG00000177337,0.8389,0.02763552092116174,0.05407653035721248,0.1691,0.0945,0.101,0.065
ATF6,ENSG00000118217,-0.209,0.02763134892111523,0.05407653035721248,0.3292,0.3806,0.196,0.245
TLK2,ENSG00000146872,-0.4235,0.027675599771237718,0.0541305835309627,0.1351,0.1812,0.081,0.122
PPP1R11,ENSG00000204619,-0.1515,0.02773120850224592,0.05421494923560988,0.3253,0.3613,0.192,0.246
TYW3,ENSG00000162623,-0.2285,0.02779383106014161,0.054312699186257286,0.2167,0.2539,0.13,0.175
ATF1,ENSG00000123268,-0.2741,0.027806202413580873,0.054312699186257286,0.1853,0.2241,0.113,0.155
DCTN3,ENSG00000137100,-0.152,0.02795165850239504,0.05457228564753317,0.5148,0.5721,0.303,0.366
HACD1,ENSG00000165996,-0.1629,0.027982009133459516,0.054607010190397424,0.4648,0.5204,0.275,0.332
CCDC66,ENSG00000180376,-0.416,0.028014287801853607,0.05462094876036598,0.1343,0.1792,0.082,0.123
TM7SF2,ENSG00000149809,-0.1466,0.028009855496923988,0.05462094876036598,0.5848,0.6473,0.334,0.398
CHPF,ENSG00000123989,0.2497,0.02813906179874854,0.054839624474152984,0.4741,0.3987,0.279,0.264
JUP,ENSG00000173801,0.3399,0.028179557224838787,0.054893929044889905,0.3954,0.3124,0.232,0.21
REST,ENSG00000084093,-0.2217,0.028239013020620422,0.0549604794391475,0.2386,0.2782,0.145,0.192
ACTR2,ENSG00000138071,0.1984,0.028237312784664865,0.0549604794391475,0.5557,0.4843,0.323,0.319
PGLS,ENSG00000130313,-0.1457,0.02829666064589538,0.05504802469429782,0.746,0.8253,0.421,0.493
CNPPD1,ENSG00000115649,0.4215,0.028378092585493578,0.05518174066065104,0.3232,0.2413,0.192,0.166
ZNF609,ENSG00000180357,-0.4292,0.028486482844990342,0.05536773454576387,0.1741,0.2344,0.104,0.144
ARHGEF17,ENSG00000110237,0.783,0.02854606700866308,0.05545874261048267,0.1847,0.1073,0.108,0.073
SNX6,ENSG00000129515,0.277,0.028613496175552103,0.05556490365457973,0.4395,0.3627,0.26,0.24
CDK10,ENSG00000185324,0.4414,0.02864618628971476,0.05559524052024858,0.3113,0.2292,0.184,0.155
EIF1B,ENSG00000114784,-0.1493,0.028657592376581633,0.05559524052024858,0.7133,0.7911,0.404,0.479
MED24,ENSG00000008838,0.4049,0.028667495169322838,0.05559524052024858,0.3252,0.2456,0.184,0.153
OSBPL3,ENSG00000070882,0.5007,0.02874121272379079,0.055697283029094345,0.219,0.1547,0.13,0.094
MVK,ENSG00000110921,-0.2522,0.02874574455459241,0.055697283029094345,0.2017,0.2403,0.122,0.166
AP1S2,ENSG00000182287,0.4258,0.02877467644300763,0.05572849546404241,0.3099,0.2307,0.183,0.154
ORMDL3,ENSG00000172057,0.4293,0.02884819825332724,0.055845999825817456,0.3348,0.2486,0.196,0.172
FOXP4,ENSG00000137166,0.474,0.028872885862297464,0.055868905591070696,0.2856,0.2056,0.17,0.14
URI1,ENSG00000105176,-0.2106,0.029009210596453214,0.05610771217275731,0.2643,0.3059,0.159,0.205
MBNL2,ENSG00000139793,0.2883,0.029337070924693412,0.05671659708128005,0.3845,0.3148,0.227,0.198
RGL3,ENSG00000205517,0.5934,0.02939488304643353,0.05680309547345492,0.2375,0.1574,0.136,0.104
INSIG2,ENSG00000125629,0.3725,0.02943648913816174,0.05685821413086707,0.3636,0.2808,0.216,0.194
MSRA,ENSG00000175806,-0.3908,0.02951720371734644,0.05698879047338411,0.1558,0.2044,0.097,0.137
SNRPA1,ENSG00000131876,-0.2044,0.02954547666058043,0.057018046876946074,0.2372,0.2733,0.141,0.188
TGIF1,ENSG00000177426,0.2646,0.029770053217455676,0.05742594375635258,0.484,0.4029,0.273,0.258
EPAS1,ENSG00000116016,-0.1576,0.030208518738131823,0.058245883955599334,0.6732,0.7509,0.38,0.445
PTDSS1,ENSG00000156471,-0.3677,0.030577110430101074,0.058930431010740254,0.1293,0.1669,0.08,0.12
BAZ1B,ENSG00000009954,-0.1663,0.030882011176321077,0.05949167578559016,0.3766,0.4227,0.221,0.274
CRELD1,ENSG00000163703,0.585,0.0309559977456095,0.05960778298733668,0.2248,0.1498,0.137,0.105
DCTD,ENSG00000129187,-0.1898,0.031034515819897177,0.059685411315492806,0.2739,0.3125,0.166,0.213
UNC13B,ENSG00000198722,0.1148,0.031015388659513435,0.059685411315492806,0.6582,0.6079,0.369,0.355
CCT4,ENSG00000115484,-0.1526,0.031037512557067125,0.059685411315492806,0.5469,0.608,0.323,0.386
SYNE4,ENSG00000181392,-0.2511,0.031069800854045006,0.05972107674112322,0.1966,0.234,0.117,0.16
FBLN5,ENSG00000140092,0.7307,0.0311145908584556,0.05978073027004775,0.1855,0.1117,0.113,0.079
LDOC1,ENSG00000182195,0.7365,0.031259265580749006,0.060010982702656895,0.1817,0.109,0.11,0.076
REEP4,ENSG00000168476,0.6344,0.03126204897349637,0.060010982702656895,0.2282,0.147,0.135,0.103
YTHDC1,ENSG00000083896,-0.1439,0.031388220213879076,0.060226580595813886,0.4263,0.471,0.244,0.303
EEF1AKMT2,ENSG00000203791,-0.4791,0.03145228556762637,0.06030207639500795,0.1039,0.1448,0.062,0.102
SLC39A3,ENSG00000141873,-0.3444,0.03145531688621331,0.06030207639500795,0.1359,0.1726,0.084,0.125
OS9,ENSG00000135506,0.144,0.03154263297021067,0.06044280550640898,0.6308,0.5709,0.364,0.364
DYRK1A,ENSG00000157540,-0.2786,0.031583326768043214,0.06047418212935096,0.2245,0.2724,0.131,0.173
YDJC,ENSG00000161179,-0.3639,0.031586836961257865,0.06047418212935096,0.1444,0.1859,0.09,0.131
ZNF207,ENSG00000010244,0.1555,0.03161703843733498,0.06050534964714127,0.6282,0.564,0.358,0.358
ARID5B,ENSG00000150347,-0.1946,0.03167868871063443,0.06059664662694421,0.3837,0.4392,0.224,0.27
HMBS,ENSG00000256269,-0.3084,0.031742087077386454,0.060664516463641835,0.1575,0.1951,0.097,0.138
ECHDC2,ENSG00000121310,0.1701,0.03173104325085175,0.060664516463641835,0.6005,0.5337,0.343,0.336
FLNB,ENSG00000136068,0.3533,0.03200102915590312,0.061132515477606564,0.3534,0.2766,0.209,0.182
TSC2,ENSG00000103197,0.6232,0.03208323802517722,0.06123572791278884,0.2175,0.1412,0.13,0.097
TMEM184B,ENSG00000198792,0.5595,0.032070432834060275,0.06123572791278884,0.2437,0.1653,0.146,0.115
ARAP2,ENSG00000047365,0.3964,0.032121679894598694,0.0612743145401882,0.2801,0.2128,0.166,0.133
PSMD8,ENSG00000099341,-0.1453,0.03213165274668406,0.0612743145401882,0.8428,0.9322,0.469,0.543
CAVIN2,ENSG00000168497,0.3682,0.03218964277135571,0.06133107737146511,0.3363,0.2605,0.196,0.166
HDDC3,ENSG00000184508,-0.2865,0.0321891670789692,0.06133107737146511,0.1667,0.2033,0.101,0.143
LYST,ENSG00000143669,-0.246,0.03234360696909356,0.06159742151081534,0.2178,0.2583,0.128,0.171
ARL6IP6,ENSG00000177917,-0.4527,0.032595685377608145,0.0620503060232523,0.1056,0.1445,0.063,0.102
HOOK2,ENSG00000095066,-0.1473,0.03276000250690594,0.0622650447500152,0.4917,0.5446,0.284,0.345
IFT27,ENSG00000100360,0.5412,0.03276579782404159,0.0622650447500152,0.2442,0.1678,0.148,0.117
CMTR2,ENSG00000180917,-0.4422,0.032742139137452116,0.0622650447500152,0.1032,0.1403,0.062,0.101
ST13,ENSG00000100380,-0.1035,0.03274310451170079,0.0622650447500152,1.1499,1.2355,0.618,0.672
BAIAP2,ENSG00000175866,0.1606,0.033233254010772775,0.06312575259214095,0.5978,0.5348,0.344,0.337
CEP350,ENSG00000135837,-0.2126,0.03342315453445511,0.06345872853068671,0.2801,0.3246,0.168,0.212
ABCE1,ENSG00000164163,-0.222,0.03357845522914101,0.06372574953093747,0.2292,0.2673,0.141,0.184
MBOAT7,ENSG00000125505,0.4247,0.033732639674591745,0.06399041991522292,0.3131,0.2332,0.188,0.162
SLC38A10,ENSG00000157637,0.3351,0.033848178366326996,0.06418158079409124,0.3543,0.2808,0.214,0.188
SLC27A5,ENSG00000083807,-0.3587,0.03391378378650637,0.0642779347301163,0.1284,0.1647,0.076,0.116
NT5DC2,ENSG00000168268,0.6627,0.03396505137956352,0.06434704154123064,0.2095,0.1323,0.126,0.094
TRIM33,ENSG00000197323,-0.2044,0.033997438802949566,0.06438033509264436,0.2344,0.2701,0.136,0.181
TMX1,ENSG00000139921,-0.1983,0.034103754969899654,0.06455353619302434,0.2527,0.29,0.153,0.198
THRB,ENSG00000151090,-0.571,0.03423466777243079,0.06477312413538712,0.1182,0.1756,0.069,0.106
CRYL1,ENSG00000165475,0.4457,0.034319250002711035,0.06490490013567544,0.2866,0.2104,0.174,0.145
MYO10,ENSG00000145555,-0.325,0.03437657599691624,0.06498503666054718,0.1786,0.2237,0.108,0.148
TENT5A,ENSG00000112773,-0.2023,0.034406276829597196,0.06501290395714322,0.2919,0.3359,0.165,0.211
SYMPK,ENSG00000125755,0.4094,0.034554099193017926,0.06526384836716902,0.3265,0.2458,0.191,0.165
GNL1,ENSG00000204590,0.4036,0.03468014909099951,0.06547347000411984,0.3195,0.2415,0.193,0.167
MAP3K13,ENSG00000073803,-0.147,0.03470855169491914,0.06549863902132808,0.682,0.7552,0.385,0.454
PPP4C,ENSG00000149923,0.1329,0.03477151388209967,0.0655605203173992,0.6522,0.5948,0.378,0.38
CALM2,ENSG00000143933,0.1254,0.03477151388209967,0.0655605203173992,1.8237,1.6719,0.896,0.805
RAD54L2,ENSG00000164080,-0.3762,0.0348513720446561,0.06568194391338628,0.1238,0.1607,0.07,0.109
CDIPT,ENSG00000103502,0.2948,0.034866140038698146,0.06568194391338628,0.4101,0.3343,0.246,0.228
NREP,ENSG00000134986,0.7176,0.03490741688293337,0.06573121047366916,0.1819,0.1106,0.108,0.074
DIS3,ENSG00000083520,-0.2345,0.035229885581211644,0.06628098819737914,0.1964,0.2311,0.117,0.159
BNIP2,ENSG00000140299,0.3894,0.0352296286489564,0.06628098819737914,0.3442,0.2628,0.204,0.18
BECN1,ENSG00000126581,0.3115,0.03527333011240463,0.06633400807810928,0.3922,0.316,0.235,0.215
SLC48A1,ENSG00000211584,-0.304,0.035308582008561476,0.066371581924398,0.1545,0.1908,0.095,0.135
FGG,ENSG00000171557,0.3543,0.035328150767484585,0.06637965552766452,0.3638,0.2845,0.177,0.141
POLR2G,ENSG00000168002,-0.1591,0.035410905158072256,0.06645525657972087,0.3757,0.4195,0.227,0.279
FBXO25,ENSG00000147364,-0.257,0.03539052348306376,0.06645525657972087,0.1801,0.2153,0.109,0.151
CCPG1,ENSG00000260916,0.1672,0.03541426006411265,0.06645525657972087,0.5927,0.5278,0.341,0.339
RTF1,ENSG00000137815,-0.1438,0.03558027857040131,0.06673797611867245,0.4683,0.5174,0.274,0.334
WDR74,ENSG00000133316,-0.2296,0.03574071750600389,0.06698109455847041,0.1968,0.2307,0.119,0.162
ARGLU1,ENSG00000134884,-0.1469,0.03572537392405083,0.06698109455847041,0.7516,0.8322,0.421,0.488
TMEM37,ENSG00000171227,0.5079,0.03579485497789254,0.06705363781634524,0.2653,0.1865,0.157,0.128
BRMS1,ENSG00000174744,-0.1681,0.03611458944706719,0.06759431771617314,0.2508,0.2818,0.15,0.196
HGS,ENSG00000185359,0.389,0.03609963376437435,0.06759431771617314,0.3451,0.2635,0.204,0.181
PFKFB3,ENSG00000170525,0.457,0.036243900309408,0.06780714194777752,0.2887,0.2103,0.168,0.139
MBD3,ENSG00000071655,0.4533,0.03634219759009817,0.06796178602692197,0.3108,0.227,0.181,0.155
CNKSR1,ENSG00000142675,0.5423,0.0367435204796812,0.06868272688373957,0.2584,0.1774,0.15,0.122
SIRT2,ENSG00000068903,-0.2498,0.036813351797593014,0.06878367451089391,0.1778,0.2114,0.108,0.149
SRSF8,ENSG00000263465,-0.16,0.036907883560323825,0.06888594148195608,0.299,0.3341,0.178,0.227
FASTK,ENSG00000164896,0.4557,0.036910022257874486,0.06888594148195608,0.3112,0.2269,0.184,0.16
LACTB2,ENSG00000147592,0.1813,0.036915636841112674,0.06888594148195608,0.5638,0.4972,0.329,0.323
CLIP1,ENSG00000130779,-0.1681,0.03702191612814268,0.06905461265790046,0.3863,0.434,0.228,0.279
KATNBL1,ENSG00000134152,-0.184,0.03704872777222353,0.0690749767902546,0.242,0.2749,0.144,0.189
PAPSS2,ENSG00000198682,0.3194,0.03723741133151196,0.06939699384509047,0.3914,0.3136,0.226,0.206
KMT2E-AS1,ENSG00000239569,0.8178,0.03730210589355029,0.06948776348622784,0.1886,0.107,0.108,0.076
COPS3,ENSG00000141030,-0.1781,0.03754095213076899,0.06990273263081492,0.2403,0.2718,0.145,0.19
MAP1LC3A,ENSG00000101460,0.1022,0.037683577475652076,0.07013825597823722,0.7515,0.7001,0.42,0.422
PKIG,ENSG00000168734,0.8004,0.037806740173122896,0.07033736848989389,0.1715,0.0984,0.103,0.07
TMEM41A,ENSG00000163900,0.1863,0.037873914978733415,0.07043219276746916,0.5585,0.4908,0.321,0.315
SRSF6,ENSG00000124193,0.2506,0.0379214901432213,0.07046887826812946,0.4842,0.407,0.279,0.268
SCML1,ENSG00000047634,-0.2459,0.03794228604404577,0.07046887826812946,0.185,0.2194,0.11,0.152
EPHX2,ENSG00000120915,0.6162,0.03794146496937779,0.07046887826812946,0.2152,0.1403,0.128,0.097
EIF4H,ENSG00000106682,-0.1478,0.037972950314004404,0.0704957035731154,0.6097,0.6755,0.349,0.425
ZNF292,ENSG00000188994,-0.2144,0.03803187382841822,0.07057494605393065,0.268,0.311,0.158,0.202
STAU2,ENSG00000040341,-0.4061,0.03816507991328577,0.07079190665947074,0.1464,0.194,0.087,0.125
PEPD,ENSG00000124299,-0.1589,0.03822563395573192,0.07087397831553366,0.3637,0.4061,0.221,0.272
PPP2R1A,ENSG00000105568,0.13,0.03834422546763132,0.07106354110120498,0.6596,0.6027,0.377,0.384
ANKRD9,ENSG00000156381,-0.3589,0.03838898517122393,0.07111616775538755,0.1183,0.1517,0.07,0.109
CTDSP2,ENSG00000175215,0.2181,0.03841193481363195,0.07112836331488898,0.5178,0.4451,0.301,0.297
KMT2C,ENSG00000055609,-0.1806,0.03857235396270805,0.07139499587816404,0.4286,0.4858,0.25,0.299
HCFC1,ENSG00000172534,0.5451,0.0385984514781131,0.07141288638734761,0.2573,0.1763,0.152,0.124
ABRACL,ENSG00000146386,0.2224,0.038656252513563125,0.07145898486769262,0.4985,0.4272,0.292,0.28
HEXIM1,ENSG00000186834,0.4227,0.038655696384352026,0.07145898486769262,0.3224,0.2405,0.187,0.162
NARS2,ENSG00000137513,-0.2783,0.03881446860065895,0.07172095260989107,0.1929,0.234,0.116,0.156
RNPC3,ENSG00000185946,-0.2872,0.038924539971028856,0.07189377420913362,0.1934,0.236,0.113,0.152
VDAC2,ENSG00000165637,-0.1434,0.03922705579500543,0.0724217436215351,0.7237,0.7993,0.407,0.483
KANSL1L,ENSG00000144445,-0.4232,0.03964762262339309,0.07316712013641884,0.1654,0.2218,0.097,0.134
ELF2,ENSG00000109381,-0.241,0.03983294526848969,0.07347792026182352,0.2396,0.2832,0.142,0.183
AACS,ENSG00000081760,-0.2779,0.03985748209191856,0.07349198861751297,0.1536,0.1862,0.091,0.131
MRPS17,ENSG00000239789,-0.4264,0.0399094511483298,0.07355660504268079,0.1198,0.161,0.076,0.113
DHRS4,ENSG00000157326,0.2878,0.04004134435405609,0.07376841142972775,0.3907,0.32,0.23,0.204
UBQLN4,ENSG00000160803,0.7767,0.040085199664228986,0.07381791429692337,0.1809,0.1055,0.107,0.075
RETREG2,ENSG00000144567,-0.2498,0.040243186106254894,0.07407746159160684,0.1786,0.2123,0.109,0.15
UBA2,ENSG00000126261,-0.1532,0.0404106504815319,0.07435422819336902,0.2974,0.3308,0.177,0.226
DCP1A,ENSG00000272886,-0.2263,0.04052252488808852,0.07452852017081367,0.2026,0.237,0.122,0.163
PRKG1,ENSG00000185532,-0.7524,0.0406715184767602,0.0747709049492385,0.1338,0.2255,0.078,0.111
ACBD3,ENSG00000182827,-0.173,0.04071624888303248,0.07482148737660006,0.3003,0.3386,0.178,0.224
PIN4,ENSG00000102309,0.2491,0.04098667673419028,0.07528660062839855,0.4787,0.4028,0.277,0.266
RRAGC,ENSG00000116954,-0.232,0.041034625758345204,0.07534283208524219,0.1919,0.2255,0.12,0.161
CLN5,ENSG00000102805,-0.2473,0.041057740109795904,0.07535343687380618,0.1565,0.1857,0.09,0.131
ARHGAP1,ENSG00000175220,0.4969,0.0411520671811013,0.07549467453316432,0.2668,0.189,0.159,0.132
ZNF652,ENSG00000198740,-0.1998,0.04122337338620831,0.0755935783698149,0.2042,0.2346,0.117,0.159
PTTG1,ENSG00000164611,-0.4542,0.041271262922366575,0.07564947644901102,0.1225,0.1678,0.074,0.111
IKBKB,ENSG00000104365,0.5103,0.04139369771158053,0.07581588637631827,0.2493,0.175,0.148,0.118
GTF2H1,ENSG00000110768,-0.3523,0.041396939339853486,0.07581588637631827,0.1256,0.1603,0.076,0.114
NCOR1,ENSG00000141027,-0.1498,0.04150314770690489,0.07597838244911906,0.5189,0.5757,0.301,0.36
SYNJ2BP,ENSG00000213463,-0.2152,0.041619059140942855,0.07615849727433163,0.1784,0.2071,0.106,0.148
NCK1,ENSG00000158092,-0.3405,0.041962476667186686,0.07675459747289282,0.1405,0.1779,0.085,0.123
TBC1D22A,ENSG00000054611,-0.3612,0.04202720834182535,0.0768406594251464,0.1839,0.2362,0.112,0.149
ASH1L,ENSG00000116539,-0.1599,0.04213747603426049,0.07700986999364848,0.4947,0.5527,0.283,0.338
TUBA1A,ENSG00000167552,0.2534,0.042230901405829635,0.0770899324307338,0.4725,0.3964,0.269,0.254
WDTC1,ENSG00000142784,0.5184,0.042218314714960826,0.0770899324307338,0.2415,0.1686,0.146,0.117
STX16,ENSG00000124222,0.4335,0.042234498186280986,0.0770899324307338,0.3096,0.2292,0.18,0.155
C1RL,ENSG00000139178,0.3055,0.04227587979243103,0.07713307035176545,0.4059,0.3284,0.236,0.217
EEA1,ENSG00000102189,-0.1794,0.04245288711988143,0.07740476480416038,0.3094,0.3504,0.184,0.23
MGMT,ENSG00000170430,0.2344,0.04246041401130197,0.07740476480416038,0.4646,0.3949,0.274,0.257
ELOVL1,ENSG00000066322,0.1989,0.042605451320621414,0.07760406179355434,0.5094,0.4438,0.302,0.287
SELENOT,ENSG00000198843,0.1136,0.04259548736792201,0.07760406179355434,0.6692,0.6185,0.389,0.394
COMMD1,ENSG00000173163,0.2221,0.042783624585952994,0.07789594991644394,0.4971,0.4261,0.287,0.276
HMGXB3,ENSG00000113716,-0.3699,0.04280666050654105,0.07790525400394782,0.1333,0.1722,0.081,0.119
RAD23B,ENSG00000119318,0.1474,0.04338045645880976,0.07883310072794338,0.6214,0.5611,0.357,0.359
SPRING1,ENSG00000111412,-0.1385,0.043359611605532034,0.07883310072794338,0.4773,0.5254,0.277,0.336
C19orf48P,ENSG00000167747,-0.2934,0.043377083923355764,0.07883310072794338,0.1455,0.1783,0.087,0.126
IFI16,ENSG00000163565,0.6997,0.04338904209416487,0.07883310072794338,0.1926,0.1185,0.114,0.083
GON7,ENSG00000170270,-0.2588,0.04343506101831373,0.07888373388449288,0.1703,0.2038,0.104,0.144
TSG101,ENSG00000074319,-0.1406,0.04359737578296272,0.07914544492596325,0.3654,0.4029,0.216,0.268
LMF2,ENSG00000100258,0.4761,0.04380346238421998,0.07948636639741964,0.2777,0.1996,0.165,0.138
DCTN6,ENSG00000104671,-0.1459,0.043958876705978055,0.07973509105349777,0.3032,0.3355,0.182,0.23
KCNK1,ENSG00000135750,0.3636,0.04403272171723631,0.07980242226151334,0.3364,0.2614,0.196,0.173
ALYREF,ENSG00000183684,-0.4099,0.04401844099337597,0.07980242226151334,0.1254,0.1666,0.076,0.113
TMPO,ENSG00000120802,-0.3309,0.04408739712407396,0.07986820671164044,0.1416,0.1781,0.086,0.124
FCHSD2,ENSG00000137478,-0.4964,0.04424428473865681,0.08005231535145815,0.1254,0.1769,0.074,0.11
HTATSF1,ENSG00000102241,-0.1856,0.04424054385062157,0.08005231535145815,0.2171,0.2469,0.129,0.172
PDCD2,ENSG00000071994,-0.1523,0.04423368624921911,0.08005231535145815,0.2973,0.3304,0.18,0.227
SPRYD7,ENSG00000123178,-0.2157,0.04429543697071845,0.08011151438815746,0.2099,0.2438,0.127,0.168
DDB2,ENSG00000134574,0.762,0.04447893373573079,0.08040991930760649,0.1777,0.1047,0.105,0.074
SYT17,ENSG00000103528,0.7364,0.04455696488990724,0.08051749247880952,0.1819,0.1091,0.106,0.074
MPV17,ENSG00000115204,0.2129,0.04459210088009791,0.08054749394218849,0.518,0.4469,0.3,0.293
PLOD1,ENSG00000083444,0.6907,0.04479301166548449,0.08086765149241695,0.1772,0.1097,0.11,0.079
ZNF37A,ENSG00000075407,-0.3281,0.044806558857280264,0.08086765149241695,0.1345,0.1689,0.08,0.117
MFAP1,ENSG00000140259,-0.2984,0.04492706011030914,0.08102126071966027,0.1554,0.1912,0.094,0.133
ZFHX3,ENSG00000140836,0.3932,0.044928954977998446,0.08102126071966027,0.3024,0.2302,0.18,0.153
MED31,ENSG00000108590,-0.2024,0.04511529615040739,0.08132354917862733,0.2511,0.2889,0.151,0.193
TRAF7,ENSG00000131653,-0.1925,0.045210139473723515,0.08146072394394792,0.2169,0.2479,0.132,0.175
CISH,ENSG00000114737,0.2145,0.04525142809831182,0.08150132885008833,0.5143,0.4433,0.293,0.283
CYP1B1,ENSG00000138061,-0.3194,0.045273355739899684,0.08150704392941342,0.1863,0.2325,0.113,0.151
LPGAT1,ENSG00000123684,0.7499,0.04546153792598102,0.08180103482415654,0.1849,0.1099,0.108,0.077
DDX39B,ENSG00000198563,0.5349,0.04547429823634658,0.08180103482415654,0.2236,0.1543,0.135,0.104
SLC25A26,ENSG00000144741,-0.407,0.045675031139766335,0.0820878452774019,0.1232,0.1634,0.076,0.113
DCAF10,ENSG00000122741,-0.272,0.04569040444685577,0.0820878452774019,0.1765,0.2131,0.108,0.147
TNRC6C,ENSG00000078687,-0.4278,0.04567855380431176,0.0820878452774019,0.1175,0.158,0.071,0.107
EBAG9,ENSG00000147654,-0.1353,0.04572821569334962,0.08212182867904855,0.5471,0.6009,0.313,0.38
GLIS3,ENSG00000107249,-0.3301,0.04575194127867562,0.08213049847051808,0.2215,0.2785,0.131,0.167
COASY,ENSG00000068120,-0.2019,0.04584758985170534,0.08226821861912115,0.2218,0.2552,0.134,0.176
HBEGF,ENSG00000113070,0.5258,0.04592345785950794,0.08237034579340549,0.2753,0.1912,0.15,0.123
EHF,ENSG00000135373,-0.1406,0.0460000758864673,0.08244549726902935,0.4283,0.4722,0.247,0.301
PKN1,ENSG00000123143,-0.1802,0.04600329748674555,0.08244549726902935,0.1959,0.2219,0.113,0.155
INPPL1,ENSG00000165458,0.5279,0.04610326139072843,0.08256927714904722,0.2638,0.1829,0.152,0.125
KRTCAP3,ENSG00000157992,0.1439,0.0461103625496405,0.08256927714904722,0.6217,0.5627,0.361,0.359
ASB3,ENSG00000115239,-0.5662,0.046191768820796654,0.08268098323524804,0.1165,0.1725,0.071,0.106
PIGQ,ENSG00000007541,0.4456,0.04627135354634075,0.08278933821012635,0.2955,0.217,0.174,0.149
RSBN1,ENSG00000081019,-0.1823,0.046379267978420444,0.08294827104288693,0.2734,0.3102,0.166,0.209
RANBP17,ENSG00000204764,0.4276,0.04644385847043167,0.08302962110756727,0.212,0.1576,0.126,0.092
CFAP36,ENSG00000163001,-0.1346,0.04657196454647075,0.08322440703904682,0.3435,0.3771,0.203,0.252
TRIB1,ENSG00000173334,0.1318,0.046597360883555344,0.08323556531028833,0.6887,0.6286,0.372,0.369
FGFR1OP2,ENSG00000111790,-0.1305,0.04667655497453567,0.08334277235798358,0.2649,0.29,0.154,0.201
TMEM11,ENSG00000178307,-0.1513,0.04669743151249387,0.08334580589457839,0.2683,0.298,0.163,0.209
CHCHD3,ENSG00000106554,-0.1574,0.046758475174197914,0.08342049799140565,0.3755,0.4188,0.224,0.273
ATP2C2,ENSG00000064270,-0.1656,0.04693185158806699,0.08369545629944158,0.299,0.3354,0.173,0.219
PRPF19,ENSG00000110107,-0.2633,0.04696593602206597,0.08372188595237845,0.1538,0.1846,0.094,0.133
DTX3L,ENSG00000163840,0.4467,0.04702071132602698,0.08378516253501979,0.2811,0.2062,0.169,0.143
CDC42SE1,ENSG00000197622,-0.1583,0.047058133707147856,0.08381747913576416,0.2741,0.3059,0.161,0.206
HP,ENSG00000257017,-0.4444,0.047198855448452676,0.0840336852842996,0.2031,0.2763,0.108,0.141
FAF1,ENSG00000185104,-0.3278,0.04726176829176476,0.08411123873710469,0.2244,0.2816,0.136,0.173
SENP5,ENSG00000119231,-0.4932,0.04736997164733445,0.08417063680929751,0.1121,0.1578,0.068,0.104
RHOT1,ENSG00000126858,-0.1685,0.047350822980023535,0.08417063680929751,0.3078,0.346,0.182,0.227
MTR,ENSG00000116984,-0.3954,0.047372613353783184,0.08417063680929751,0.1251,0.1646,0.076,0.113
KRIT1,ENSG00000001631,-0.1738,0.047315184185826524,0.08417063680929751,0.2633,0.297,0.155,0.199
CNOT8,ENSG00000155508,-0.1435,0.04744134121665435,0.08425830360751116,0.4122,0.4553,0.241,0.294
IPO5,ENSG00000065150,-0.1784,0.04749923006421759,0.08432665598819022,0.2276,0.2576,0.136,0.179
AGO2,ENSG00000123908,-0.2223,0.04786679605678953,0.08494450619142806,0.2276,0.2655,0.134,0.174
TNRC6A,ENSG00000090905,-0.2201,0.04795747531995143,0.08507068887367712,0.2456,0.2861,0.146,0.187
EIF4EBP2,ENSG00000148730,-0.1373,0.04803092439938773,0.08516621682567894,0.3622,0.3983,0.214,0.266
AKT1S1,ENSG00000204673,-0.2724,0.04805765658023834,0.08517886439547953,0.1665,0.2012,0.104,0.142
TMX4,ENSG00000125827,-0.166,0.048127888039086957,0.08526856967707783,0.2462,0.2762,0.146,0.19
IRS2,ENSG00000185950,-0.2814,0.0483337262683431,0.08559835956080647,0.1506,0.1831,0.09,0.128
UTP11,ENSG00000183520,-0.1445,0.048390847848661954,0.08566461293290625,0.2966,0.3279,0.178,0.224
SGSM2,ENSG00000141258,0.6525,0.04843524017185506,0.08570828737250899,0.1956,0.1244,0.115,0.084
ZNG1B,ENSG00000136682,0.5182,0.048468220227381904,0.08573173997077808,0.2244,0.1566,0.136,0.106
UFL1,ENSG00000014123,-0.1854,0.04855210133730592,0.08584517185188427,0.2815,0.3201,0.173,0.215
DDX49,ENSG00000105671,-0.363,0.048633403532873064,0.08595395353959591,0.1149,0.1478,0.072,0.109
MTHFD2L,ENSG00000163738,-0.1366,0.048894949555596326,0.08638107754822018,0.3966,0.436,0.23,0.283
SLC15A2,ENSG00000163406,0.6816,0.04892038866821567,0.08639090172777948,0.184,0.1147,0.111,0.08
LSM1,ENSG00000175324,-0.1351,0.049052851213004074,0.0865896390624353,0.3114,0.342,0.187,0.236
TNIK,ENSG00000154310,-0.1894,0.049112727685342236,0.08666013581830993,0.3778,0.4309,0.216,0.261
EMC7,ENSG00000134153,-0.1386,0.04915426895284571,0.08669823574231635,0.5428,0.5975,0.319,0.381
BSCL2,ENSG00000168000,0.4929,0.04945478513665295,0.08719289906851671,0.2192,0.1557,0.134,0.103
APTX,ENSG00000137074,0.5432,0.049559300335603934,0.08734173530354204,0.2274,0.156,0.138,0.109
RTF2,ENSG00000022277,-0.1333,0.049585372282657615,0.0873501048723328,0.3695,0.4053,0.224,0.275
ATG12,ENSG00000145782,-0.1255,0.0496042473136027,0.0873501048723328,0.2926,0.3192,0.17,0.218
MGAT1,ENSG00000131446,-0.1469,0.04965816010428715,0.08738995405649146,0.3389,0.3753,0.204,0.253
MGST2,ENSG00000085871,0.2048,0.04966709307858581,0.08738995405649146,0.5102,0.4427,0.297,0.288
NRP2,ENSG00000118257,0.3005,0.04970593281818198,0.08742289924233869,0.4128,0.3352,0.233,0.215
ZNF331,ENSG00000130844,-0.3897,0.049746518315011944,0.08745888697291339,0.1167,0.1529,0.071,0.107
ZCCHC9,ENSG00000131732,-0.3009,0.04976854240944626,0.087462226167187,0.148,0.1823,0.09,0.127
PHB2,ENSG00000215021,-0.1393,0.04988016490520425,0.08762295742846309,0.7759,0.8545,0.435,0.509
SEH1L,ENSG00000085415,-0.2831,0.05008223720493275,0.08791233320600768,0.1384,0.1685,0.082,0.12
MTHFD2,ENSG00000065911,-0.2623,0.050085351361729175,0.08791233320600768,0.1952,0.2342,0.114,0.152
CLPTM1,ENSG00000104853,0.2946,0.05011373226816597,0.08792663723756533,0.4012,0.3271,0.239,0.224
SMARCA2,ENSG00000080503,0.3856,0.05020415637491402,0.08801604844940025,0.3181,0.2435,0.187,0.164
APOL6,ENSG00000221963,0.4846,0.050205196526935864,0.08801604844940025,0.277,0.1979,0.163,0.138
TLE2,ENSG00000065717,0.5525,0.05037011526287419,0.08826956489211742,0.2344,0.1598,0.138,0.11
ZNF462,ENSG00000148143,-0.4078,0.05061921722088879,0.08858279976695108,0.1257,0.1668,0.076,0.111
GLUD1,ENSG00000148672,0.3405,0.05062166107375008,0.08858279976695108,0.3767,0.2975,0.217,0.199
SUGT1,ENSG00000165416,-0.1595,0.05057978012809162,0.08858279976695108,0.2807,0.3136,0.169,0.213
PDIA6,ENSG00000143870,-0.1264,0.05063038992662367,0.08858279976695108,0.8638,0.9429,0.479,0.542
TMEM170A,ENSG00000166822,-0.2849,0.05074328014215786,0.08874458571340767,0.1431,0.1744,0.087,0.125
SMARCA1,ENSG00000102038,0.4079,0.05091950111516016,0.08894539865212463,0.3078,0.232,0.179,0.154
RB1CC1,ENSG00000023287,-0.1534,0.050907222649382286,0.08894539865212463,0.452,0.5027,0.261,0.313
NGLY1,ENSG00000151092,-0.2537,0.05089494666340418,0.08894539865212463,0.1731,0.2064,0.106,0.144
MED16,ENSG00000175221,0.4963,0.0511550246288941,0.08932090680481067,0.2636,0.1868,0.157,0.131
SUCO,ENSG00000094975,-0.2093,0.05123396999056571,0.08942282473052152,0.2329,0.2692,0.14,0.18
PKN2,ENSG00000065243,-0.1459,0.05125936693732124,0.08943123593319877,0.3841,0.425,0.224,0.273
SUPT20H,ENSG00000102710,0.4446,0.051292539923893876,0.08945320164897384,0.2924,0.2148,0.172,0.147
STOML2,ENSG00000165283,-0.1356,0.051480269695150065,0.08974458567794712,0.4902,0.5385,0.291,0.348
ARMC6,ENSG00000105676,-0.4578,0.05177450395053384,0.09014903612540867,0.1028,0.1413,0.065,0.1
TCTN1,ENSG00000204852,0.5688,0.051750316074220426,0.09014903612540867,0.2159,0.1455,0.13,0.101
DDX6,ENSG00000110367,0.2964,0.051758140528747,0.09014903612540867,0.4015,0.3269,0.235,0.219
SSR1,ENSG00000124783,-0.1337,0.051882040898841755,0.0903001000185688,0.5336,0.5855,0.31,0.371
GABPB1-AS1,ENSG00000244879,-0.1664,0.05190663680548801,0.09030674281691388,0.2554,0.2866,0.15,0.193
ELOF1,ENSG00000130165,-0.1245,0.05211877919697096,0.09063954157264337,0.3489,0.3804,0.207,0.257
G6PC3,ENSG00000141349,0.417,0.05216602030041805,0.09068540969024674,0.2768,0.2073,0.169,0.144
RAI14,ENSG00000039560,0.1119,0.0523679130580426,0.09099998006807403,0.6703,0.6203,0.381,0.381
DBT,ENSG00000137992,-0.3652,0.052418937547233535,0.0910522392407182,0.116,0.1494,0.07,0.106
USO1,ENSG00000138768,0.168,0.052518950913469954,0.09118951684775886,0.5707,0.5079,0.326,0.326
FBXW5,ENSG00000159069,0.2341,0.052540917621980356,0.09119122523367677,0.4907,0.4171,0.284,0.279
ENOPH1,ENSG00000145293,-0.2028,0.05256937772470148,0.09120419784093918,0.1966,0.2263,0.122,0.161
CMBL,ENSG00000164237,-0.2652,0.052695621858578755,0.09138674086088718,0.1621,0.1949,0.098,0.135
TRAF3IP2,ENSG00000056972,-0.2854,0.052745106379942217,0.09139961416556175,0.1446,0.1762,0.087,0.124
FUT3,ENSG00000171124,-0.3279,0.05272631936260601,0.09139961416556175,0.1308,0.1642,0.081,0.117
MRPL22,ENSG00000082515,-0.1461,0.05286192801181326,0.09154410396881588,0.3736,0.4134,0.226,0.274
MMP15,ENSG00000102996,0.5565,0.05287061688028713,0.09154410396881588,0.2282,0.1551,0.136,0.109
PPHLN1,ENSG00000134283,-0.1561,0.0529974652205546,0.09172719388631234,0.2416,0.2692,0.144,0.186
HYAL2,ENSG00000068001,-0.2134,0.05305626391501234,0.09179240564277215,0.1868,0.2166,0.113,0.153
SMPDL3B,ENSG00000130768,-0.2377,0.053139109961286034,0.09189915316026626,0.1728,0.2037,0.104,0.142
CRLS1,ENSG00000088766,-0.1313,0.05340874120139846,0.09231219652298084,0.4176,0.4573,0.247,0.299
UCHL3,ENSG00000118939,-0.158,0.05342042665791459,0.09231219652298084,0.2702,0.3015,0.16,0.204
STAT2,ENSG00000170581,0.5628,0.05357546064466012,0.09253941095374422,0.2273,0.1539,0.134,0.106
COG4,ENSG00000103051,0.5919,0.05359450008526788,0.09253941095374422,0.2107,0.1398,0.127,0.098
RNF44,ENSG00000146083,0.7707,0.05368501460044367,0.09265888540648459,0.1694,0.0992,0.102,0.072
ZNRF3,ENSG00000183579,-0.2696,0.05370665435136286,0.09265943620921914,0.1889,0.2277,0.111,0.149
RAB28,ENSG00000157869,-0.4076,0.05374922153771708,0.0926960780963962,0.1235,0.1639,0.075,0.11
TRAPPC3,ENSG00000054116,-0.1307,0.053957324265360235,0.09301806079224735,0.4871,0.5333,0.289,0.347
RANBP1,ENSG00000099901,-0.1349,0.05399489830382334,0.09304592705329748,0.557,0.6115,0.325,0.385
MAGIX,ENSG00000269313,-0.4256,0.05413876518774803,0.0932211899653488,0.1084,0.1457,0.068,0.103
CWC22,ENSG00000163510,-0.3047,0.0541395037902762,0.0932211899653488,0.1465,0.181,0.089,0.125
BABAM1,ENSG00000105393,-0.1518,0.05421858286251522,0.09332038064177867,0.2397,0.2663,0.144,0.187
PTGES2,ENSG00000148334,-0.1587,0.05431108700195573,0.09342662994744974,0.2553,0.285,0.154,0.197
NAPRT,ENSG00000147813,0.5069,0.05432330738085722,0.09342662994744974,0.2428,0.1709,0.145,0.117
MAF1,ENSG00000179632,-0.1214,0.054495005032898655,0.09364780224317025,0.4568,0.4969,0.265,0.325
SDHAF3,ENSG00000196636,-0.185,0.05448535128156215,0.09364780224317025,0.2112,0.2401,0.128,0.169
PUM3,ENSG00000080608,-0.1658,0.05471445477629468,0.09398775512165086,0.3445,0.3865,0.201,0.244
ARAF,ENSG00000078061,0.3515,0.05476104285618692,0.09403061724732847,0.3531,0.2767,0.21,0.191
SNX5,ENSG00000089006,0.1108,0.05486888116596427,0.09417857723036364,0.6754,0.6254,0.388,0.393
OSBPL1A,ENSG00000141447,-0.2277,0.05514768950826939,0.09461976257518308,0.203,0.2378,0.123,0.162
PGD,ENSG00000142657,-0.1294,0.05540282576112581,0.0950200002990737,0.4371,0.4782,0.255,0.308
TMEM70,ENSG00000175606,-0.2233,0.055567172086402356,0.09526427214497224,0.1679,0.196,0.104,0.142
TBL1XR1,ENSG00000177565,0.2326,0.05566159046077081,0.09538851425177836,0.4462,0.3797,0.26,0.242
SDHA,ENSG00000073578,-0.1498,0.05574554598564557,0.09549473506252094,0.279,0.3096,0.167,0.21
SLCO3A1,ENSG00000176463,-0.2493,0.05591377352398447,0.0957451772006448,0.2736,0.3252,0.164,0.202
ZNF524,ENSG00000171443,-0.1473,0.05602691996836567,0.09590113989071176,0.3181,0.3523,0.19,0.235
SKIC8,ENSG00000140395,-0.1311,0.0561105731924256,0.09600651617885105,0.3355,0.3674,0.2,0.248
EIF3L,ENSG00000100129,-0.1047,0.05616804989534886,0.09606703850656677,1.062,1.142,0.577,0.632
MBD6,ENSG00000166987,0.595,0.05636903164649997,0.0963591168495833,0.2148,0.1422,0.128,0.1
GLRX,ENSG00000173221,-0.1228,0.056383164783361785,0.0963591168495833,0.3421,0.3725,0.197,0.246
CACNB4,ENSG00000182389,-0.3525,0.05643781518234029,0.09641460093649801,0.1933,0.2468,0.113,0.149
SUN1,ENSG00000164828,0.3712,0.05709397791020879,0.09749722121719741,0.3337,0.258,0.196,0.176
SPEN,ENSG00000065526,-0.1743,0.0571256388483578,0.09751297189118736,0.2381,0.2687,0.137,0.178
GOT2,ENSG00000125166,-0.1943,0.057274099095793424,0.09770214989155128,0.1936,0.2216,0.116,0.155
NIPBL,ENSG00000164190,-0.168,0.057283388505588805,0.09770214989155128,0.4361,0.49,0.257,0.303
ACTL6A,ENSG00000136518,-0.2439,0.05730390705788408,0.09770214989155128,0.1727,0.2045,0.107,0.144
LRRC8B,ENSG00000197147,-0.3359,0.05745391653780876,0.09789235281241412,0.125,0.1578,0.076,0.111
USE1,ENSG00000053501,-0.1512,0.0574605135813319,0.09789235281241412,0.2605,0.2893,0.154,0.197
ATP13A4,ENSG00000127249,0.2587,0.05771439483056363,0.09828634793637521,0.3535,0.2954,0.204,0.176
SRFBP1,ENSG00000151304,-0.2898,0.05781378966181918,0.09841705047797343,0.1569,0.1919,0.097,0.133
USP4,ENSG00000114316,0.4425,0.05800322739132193,0.09867421709035466,0.2609,0.192,0.156,0.13
JADE1,ENSG00000077684,-0.264,0.058010267985700914,0.09867421709035466,0.1461,0.1755,0.086,0.123
DPAGT1,ENSG00000172269,0.56,0.058100293666920814,0.0987886839892167,0.2018,0.1368,0.126,0.097
CHMP5,ENSG00000086065,0.1258,0.05812889129403315,0.09879865528504814,0.6358,0.5827,0.366,0.372
HNF1B,ENSG00000275410,-0.341,0.05836595628997283,0.09916280142150974,0.1254,0.1589,0.076,0.111
SCAF1,ENSG00000126461,0.563,0.0587424243387607,0.09976341390240485,0.231,0.1564,0.136,0.11
USP15,ENSG00000135655,-0.2093,0.05885476743107159,0.09991516377165514,0.2574,0.2976,0.154,0.193
ST6GALNAC4,ENSG00000136840,-0.1403,0.059079194511626375,0.10025700091664513,0.3198,0.3525,0.191,0.238
WAPL,ENSG00000062650,-0.1402,0.05910858900796781,0.10026773139290714,0.302,0.3328,0.177,0.221
SPATS2L,ENSG00000196141,0.2724,0.05920321038117271,0.10038905669784494,0.4127,0.3417,0.242,0.226
MAP3K5,ENSG00000197442,-0.3972,0.059289592341033925,0.10049632149537185,0.1464,0.1928,0.087,0.121
PPIP5K2,ENSG00000145725,-0.2966,0.059330630507797646,0.10052667453679866,0.1319,0.162,0.077,0.113
SMIM15,ENSG00000188725,0.3035,0.05971265430571522,0.10113452673914199,0.4134,0.3349,0.242,0.231
BDH2,ENSG00000164039,0.1669,0.059809682040766934,0.1012593993569042,0.5555,0.4948,0.325,0.32
RNF141,ENSG00000110315,0.2254,0.060131365987448726,0.10176437561583028,0.4963,0.4245,0.286,0.282
NAA10,ENSG00000102030,-0.1238,0.06016361313398379,0.10177931595184646,0.4471,0.4872,0.26,0.317
PPP1R12A,ENSG00000058272,-0.1598,0.0602656891206699,0.101833081228006,0.2758,0.3081,0.161,0.203
WIPF2,ENSG00000171475,-0.1498,0.06026124805072771,0.101833081228006,0.2804,0.311,0.167,0.21
RBM4,ENSG00000173933,0.2948,0.06022411517946266,0.101833081228006,0.3767,0.3071,0.219,0.198
RNF167,ENSG00000108523,0.207,0.060454483156795476,0.10211239168264018,0.5032,0.4359,0.293,0.288
NOP14,ENSG00000087269,-0.3457,0.06055331982142317,0.10223959904580616,0.1264,0.1607,0.078,0.113
TMX2,ENSG00000213593,-0.146,0.06062915820672001,0.1023278918704486,0.2494,0.276,0.148,0.19
BTBD2,ENSG00000133243,0.5715,0.0607111683027331,0.10240391000651161,0.2055,0.1383,0.123,0.095
CDC42EP3,ENSG00000163171,0.245,0.060721324456231116,0.10240391000651161,0.4284,0.3615,0.254,0.237
RHOBTB3,ENSG00000164292,0.3891,0.06096997882963396,0.10272653313693132,0.3112,0.2376,0.182,0.159
SURF2,ENSG00000148291,-0.1442,0.06100300606546368,0.10272653313693132,0.2479,0.2739,0.147,0.189
PCED1A,ENSG00000132635,0.6102,0.0610540031033775,0.10272653313693132,0.185,0.1211,0.112,0.082
IGFBP6,ENSG00000167779,0.6126,0.061071962461521426,0.10272653313693132,0.1851,0.121,0.11,0.08
ANKRD13A,ENSG00000076513,0.3747,0.06107808597004844,0.10272653313693132,0.3315,0.2557,0.194,0.173
CPB2,ENSG00000080618,-0.1413,0.06107073782084051,0.10272653313693132,0.5446,0.6007,0.302,0.343
CFAP97,ENSG00000164323,-0.1232,0.061037272184529756,0.10272653313693132,0.3798,0.4137,0.223,0.272
CFAP20,ENSG00000070761,-0.2017,0.06111606307512604,0.10275064221450592,0.1835,0.211,0.112,0.15
MAPK1,ENSG00000100030,-0.1361,0.06127144162475562,0.1029466735825032,0.4438,0.4877,0.263,0.313
CFL2,ENSG00000165410,-0.1437,0.0612800378642282,0.1029466735825032,0.3242,0.3582,0.195,0.239
LSM5,ENSG00000106355,-0.1259,0.061492394797092155,0.10326350378213388,0.677,0.7387,0.386,0.451
POLD3,ENSG00000077514,-0.4514,0.06181495851592609,0.10376508679421197,0.1065,0.1457,0.067,0.1
CDC26,ENSG00000176386,-0.1073,0.06187435688192468,0.10378462177107088,0.3756,0.4046,0.218,0.271
COMTD1,ENSG00000165644,-0.168,0.06185496472466967,0.10378462177107088,0.2421,0.2721,0.141,0.181
VPS13A,ENSG00000197969,0.2401,0.06190077131406959,0.10378887042088983,0.4555,0.3856,0.259,0.245
MRPL18,ENSG00000112110,-0.1314,0.06195610675690755,0.10384158887987667,0.5462,0.5983,0.32,0.383
PCID2,ENSG00000126226,-0.2781,0.06216045832393206,0.10414392901920151,0.1528,0.1853,0.095,0.131
VPS45,ENSG00000136631,0.6592,0.06218655940231651,0.10414750950384107,0.1917,0.1214,0.11,0.081
SPRY4,ENSG00000187678,0.2591,0.06224169145663298,0.10419968839388558,0.4531,0.3786,0.249,0.235
SPAG7,ENSG00000091640,-0.1125,0.06233422165155228,0.10427425992980995,0.4758,0.5144,0.273,0.336
RALGAPA1,ENSG00000174373,-0.2073,0.062328824393011996,0.10427425992980995,0.2531,0.2923,0.147,0.185
ATP6V1A,ENSG00000114573,-0.1259,0.06242977555560312,0.10439392249505625,0.3672,0.4007,0.219,0.268
ATG101,ENSG00000123395,-0.1636,0.06251254818692718,0.10449212862322521,0.2465,0.2761,0.151,0.193
MRPL37,ENSG00000116221,-0.1563,0.06266627129512693,0.10470881009174227,0.3081,0.3434,0.187,0.23
NXT1,ENSG00000132661,-0.1411,0.06286628584584351,0.1050026434611975,0.2238,0.2468,0.132,0.174
LIMS1,ENSG00000169756,-0.1324,0.06292275262138569,0.105056581979463,0.396,0.4341,0.233,0.282
RARS2,ENSG00000146282,-0.2766,0.0633120451674491,0.10566595556748608,0.1478,0.179,0.089,0.124
TAP1,ENSG00000168394,0.7105,0.06343368524329664,0.10582832862470909,0.1784,0.109,0.108,0.079
RPS19BP1,ENSG00000187051,-0.1285,0.06362685285866058,0.10610986282568645,0.7823,0.8552,0.445,0.51
FADS2,ENSG00000134824,-0.1303,0.0636589538334325,0.10612267486002977,0.3137,0.3433,0.182,0.227
CCDC92,ENSG00000119242,0.3443,0.0637494152999626,0.10623272963713093,0.3443,0.2712,0.201,0.182
PPA2,ENSG00000138777,-0.1241,0.06381796606691367,0.10630620181173125,0.5527,0.6024,0.318,0.381
ZMYND8,ENSG00000101040,-0.1596,0.0638459116063734,0.1063120045368961,0.359,0.401,0.209,0.252
ODR4,ENSG00000157181,-0.284,0.06398621520694589,0.10650482240114395,0.1553,0.1892,0.097,0.132
CCL20,ENSG00000115009,-0.5158,0.06401294833847576,0.10650852736562622,0.1656,0.2368,0.081,0.112
C14orf119,ENSG00000179933,-0.117,0.06408513138482641,0.10658782280844072,0.4773,0.5176,0.279,0.336
IMMP1L,ENSG00000148950,-0.2099,0.06415312975165657,0.10666010019154533,0.1987,0.2298,0.121,0.158
NUTM2A-AS1,ENSG00000223482,0.4196,0.06439841729127618,0.1070269680871458,0.2721,0.2034,0.16,0.135
ZBED5-AS1,ENSG00000247271,0.5987,0.06483553748163916,0.10771224995994028,0.2036,0.1344,0.121,0.093
MBP,ENSG00000197971,-0.1257,0.06508985989697164,0.10801089389547107,0.3675,0.401,0.214,0.263
CEP170,ENSG00000143702,-0.3046,0.06508297551480059,0.10801089389547107,0.1675,0.2069,0.103,0.137
FAM53C,ENSG00000120709,0.7143,0.06508297551480059,0.10801089389547107,0.198,0.1206,0.114,0.087
OSGEP,ENSG00000092094,-0.2104,0.0651354841018721,0.10804534881936494,0.1921,0.2223,0.116,0.153
MRPS22,ENSG00000175110,-0.2443,0.06521301959130127,0.10812860083093029,0.1641,0.1944,0.102,0.138
MFGE8,ENSG00000140545,0.4002,0.06523543289891837,0.10812860083093029,0.2649,0.2007,0.16,0.134
KAT5,ENSG00000172977,-0.1717,0.06526216476077241,0.1081316691003877,0.1871,0.2108,0.113,0.151
TPST1,ENSG00000169902,-0.276,0.06545645718512366,0.10841225721286107,0.2063,0.2498,0.124,0.16
FH,ENSG00000091483,-0.1664,0.06560097349828194,0.10861022126610793,0.2206,0.2476,0.135,0.174
MORF4L2,ENSG00000123562,-0.131,0.06582128095550674,0.10893346802461246,0.6445,0.7058,0.369,0.433
COMMD10,ENSG00000145781,-0.2415,0.06609490783128198,0.10934467812514333,0.2131,0.252,0.127,0.163
C2orf74,ENSG00000237651,0.5712,0.06615986277181334,0.10941048843466543,0.2208,0.1486,0.13,0.104
ARL13B,ENSG00000169379,-0.1856,0.06650425802652576,0.10993819147329059,0.228,0.2593,0.138,0.177
HIRIP3,ENSG00000149929,-0.1907,0.06707035650645896,0.11070557135475527,0.1773,0.2024,0.104,0.141
ELMO3,ENSG00000102890,0.5347,0.06705271631738104,0.11070557135475527,0.2307,0.1592,0.136,0.11
CPD,ENSG00000108582,0.3452,0.06705359823612024,0.11070557135475527,0.3148,0.2478,0.188,0.166
TSPAN14,ENSG00000108219,0.3007,0.06704301584142904,0.11070557135475527,0.376,0.3053,0.223,0.206
PCK2,ENSG00000100889,-0.1703,0.06710608958972142,0.11072250013550845,0.2293,0.258,0.136,0.176
UNC119,ENSG00000109103,-0.3762,0.06715022612105642,0.11075327617537427,0.1198,0.1555,0.076,0.109
ITGAV,ENSG00000138448,0.4814,0.06729162361400566,0.1109443840009365,0.2459,0.1761,0.146,0.121
ATP8A1,ENSG00000124406,-0.1561,0.06748688847584161,0.1112241248828243,0.4988,0.5558,0.287,0.333
PSMG2,ENSG00000128789,0.1133,0.0676648467157988,0.11145924169238414,0.6436,0.595,0.37,0.379
MCRIP1,ENSG00000225663,-0.1063,0.06768084188361752,0.11145924169238414,0.323,0.3477,0.189,0.237
MIS18BP1,ENSG00000129534,-0.3402,0.06777554361792588,0.11157292142557042,0.1234,0.1562,0.075,0.109
NOP16,ENSG00000048162,-0.2142,0.06782805439085884,0.11161708609718764,0.1935,0.2244,0.115,0.152
PLEKHA3,ENSG00000116095,-0.1994,0.06786144727278917,0.11162976905660171,0.163,0.1872,0.097,0.134
SLC2A4RG,ENSG00000125520,-0.1472,0.06800987500745143,0.11183159923661895,0.2099,0.2325,0.123,0.162
MZF1,ENSG00000099326,0.5234,0.06819120203190639,0.11208735402067517,0.2269,0.1578,0.132,0.105
BTBD7,ENSG00000011114,-0.1924,0.0682896239949605,0.11220669409531127,0.197,0.2251,0.116,0.153
GOLGA7,ENSG00000147533,-0.1478,0.06834604551626901,0.11225695911326723,0.2483,0.2751,0.151,0.191
WEE1,ENSG00000166483,0.5799,0.06848053672966453,0.11243536555614736,0.2073,0.1386,0.122,0.094
PDXDC1,ENSG00000179889,0.2179,0.06857525912988227,0.11254836713688382,0.4779,0.4109,0.276,0.268
SEC23IP,ENSG00000107651,-0.2341,0.06867548560547297,0.11267031349240678,0.1858,0.2185,0.114,0.15
DTYMK,ENSG00000168393,-0.2871,0.06876727801237023,0.11277833594028717,0.1374,0.1677,0.084,0.118
KRR1,ENSG00000111615,-0.1153,0.06879339425294757,0.11277860860932107,0.3218,0.3486,0.191,0.238
LACTB,ENSG00000103642,-0.2793,0.06900352066643993,0.1130804301720769,0.1282,0.1556,0.077,0.112
SEC22C,ENSG00000093183,-0.1851,0.0691074253135016,0.11320801749433772,0.1886,0.2145,0.114,0.152
CREBBP,ENSG00000005339,-0.2248,0.06918068744211181,0.1132853306795094,0.2234,0.2611,0.136,0.172
GALNT10,ENSG00000164574,0.1954,0.06950979428762985,0.11370242075439384,0.4955,0.4327,0.284,0.273
PDE4DIP,ENSG00000178104,0.2886,0.06947392016699895,0.11370242075439384,0.4016,0.3288,0.235,0.222
ENSG00000280071,ENSG00000280071,0.5194,0.06951388217773227,0.11370242075439384,0.1873,0.1306,0.115,0.086
FTX,ENSG00000230590,0.1666,0.06967983524857778,0.11393098720478519,0.2655,0.2365,0.155,0.121
KIAA1191,ENSG00000122203,0.3449,0.07005201922592769,0.1144964556434305,0.3636,0.2862,0.213,0.198
ZNF444,ENSG00000167685,0.3069,0.0701123784840093,0.11455202890658059,0.3802,0.3074,0.221,0.205
FNIP1,ENSG00000217128,-0.178,0.07017094942553889,0.11460463968560392,0.2572,0.291,0.152,0.191
LAMTOR3,ENSG00000109270,0.2507,0.0706170337661881,0.11528986804953173,0.4472,0.3759,0.26,0.253
COA6,ENSG00000168275,-0.119,0.07069897554748905,0.1153803033155792,0.293,0.3182,0.173,0.217
SBNO1,ENSG00000139697,-0.1828,0.07087601441512047,0.11562581030334593,0.1895,0.2151,0.114,0.151
TGS1,ENSG00000137574,-0.1774,0.07134432759890752,0.11634613423821842,0.2271,0.2568,0.138,0.176
JAGN1,ENSG00000171135,-0.1121,0.07140281250416387,0.11639783313694531,0.3805,0.4112,0.225,0.275
USP47,ENSG00000170242,-0.1612,0.07192907822306248,0.11716653339807431,0.363,0.4059,0.214,0.256
POLR3GL,ENSG00000121851,-0.1145,0.07195524105832038,0.11716653339807431,0.2948,0.3192,0.175,0.219
ZDHHC20,ENSG00000180776,0.4245,0.071947765167268,0.11716653339807431,0.2537,0.189,0.152,0.127
CAB39,ENSG00000135932,0.3958,0.0721123818058935,0.11737843120914349,0.2887,0.2194,0.172,0.149
CAMLG,ENSG00000164615,-0.1133,0.07231764786153227,0.1176684753299211,0.4269,0.4618,0.251,0.304
RBM5,ENSG00000003756,0.2712,0.07245005844877336,0.1178398031505872,0.396,0.3281,0.23,0.213
SMIM26,ENSG00000232388,-0.1272,0.07250928474717112,0.11789201328514991,0.8721,0.9525,0.488,0.558
CFDP1,ENSG00000153774,-0.1352,0.07255443614474258,0.11790015747150367,0.4419,0.4854,0.26,0.306
GRPEL1,ENSG00000109519,-0.1185,0.0725685506756264,0.11790015747150367,0.2587,0.2808,0.153,0.195
ARHGAP24,ENSG00000138639,-0.3013,0.07275648777185112,0.11816132132154894,0.2074,0.2556,0.123,0.157
AASS,ENSG00000008311,-0.3216,0.07283290667529446,0.11824124483034357,0.1673,0.2091,0.102,0.135
RNF13,ENSG00000082996,-0.1189,0.07295427388754219,0.11839405314236684,0.4737,0.5144,0.275,0.33
CDC73,ENSG00000134371,-0.2246,0.07307249412205549,0.11854164220024381,0.2049,0.2395,0.125,0.16
FRY,ENSG00000073910,-0.1695,0.07319087105311253,0.11868937522269668,0.295,0.3318,0.174,0.214
SPTLC2,ENSG00000100596,0.5717,0.07324869593064154,0.11873884092300192,0.2032,0.1367,0.122,0.096
C19orf25,ENSG00000119559,-0.2208,0.07337870114530301,0.11886091508665182,0.1685,0.1964,0.103,0.138
MTMR3,ENSG00000100330,0.585,0.07337775151880817,0.11886091508665182,0.1876,0.125,0.111,0.083
CES2,ENSG00000172831,0.546,0.07351935674191569,0.1189819066909426,0.2286,0.1566,0.137,0.113
NAP1L4,ENSG00000205531,0.257,0.07353552723697004,0.1189819066909426,0.4324,0.3618,0.251,0.24
IL20RA,ENSG00000016402,-0.1506,0.07350794402581218,0.1189819066909426,0.268,0.2975,0.152,0.192
P2RX4,ENSG00000135124,-0.2217,0.07357311108895036,0.1189984148837284,0.1791,0.2089,0.11,0.146
GTF2F1,ENSG00000125651,-0.1492,0.07363927777343666,0.11906112395958175,0.2834,0.3143,0.173,0.214
PSMB1,ENSG00000008018,-0.1121,0.07383186586173755,0.11932811046303883,1.0031,1.0842,0.551,0.61
CETN3,ENSG00000153140,-0.201,0.07392592563756843,0.11943571480329829,0.1986,0.2282,0.118,0.155
SP100,ENSG00000067066,0.2709,0.07401434505310649,0.1195341299148275,0.3937,0.3263,0.233,0.216
MFSD1,ENSG00000118855,0.2999,0.0743045839284948,0.11995829188456107,0.3463,0.2813,0.21,0.189
B4GALNT3,ENSG00000139044,0.4097,0.07445725918532738,0.12016013680632484,0.2384,0.1795,0.141,0.113
NOP56,ENSG00000101361,-0.1761,0.07453802122994244,0.12017562871326179,0.2232,0.2522,0.136,0.174
PRSS22,ENSG00000005001,0.4076,0.07452792206206582,0.12017562871326179,0.2645,0.1994,0.156,0.13
MRPL46,ENSG00000259494,-0.2248,0.07457746678317236,0.12017562871326179,0.1803,0.2107,0.111,0.146
QKI,ENSG00000112531,-0.1554,0.07457746678317236,0.12017562871326179,0.3314,0.3691,0.195,0.236
FOXA2,ENSG00000125798,-0.1113,0.07465159354490307,0.12025049130694912,0.3952,0.4269,0.228,0.279
SLC11A2,ENSG00000110911,-0.1449,0.07472385278939928,0.12032229130149286,0.2545,0.2814,0.149,0.188
PIAS2,ENSG00000078043,-0.3057,0.07488785194129144,0.12054170538401947,0.1357,0.1677,0.082,0.115
PPP1R12B,ENSG00000077157,0.5019,0.07500669334726569,0.12064363038016901,0.217,0.1532,0.127,0.099
PPP1R15B,ENSG00000158615,-0.2047,0.07499460894260437,0.12064363038016901,0.1792,0.2066,0.108,0.144
RSU1,ENSG00000148484,0.2369,0.07505359589255657,0.12067440908214978,0.4242,0.36,0.253,0.239
PRPF38A,ENSG00000134748,-0.152,0.07517216772881724,0.12068645768357582,0.2035,0.2261,0.122,0.16
IRX2,ENSG00000170561,0.1393,0.07510245801167816,0.12068645768357582,0.6059,0.5502,0.341,0.346
CWC25,ENSG00000273559,-0.1092,0.07515667211674242,0.12068645768357582,0.3107,0.3351,0.18,0.224
SPRED2,ENSG00000198369,-0.3273,0.07515909313419766,0.12068645768357582,0.173,0.2171,0.105,0.138
DLGAP4,ENSG00000080845,0.4733,0.07526907441386393,0.12079741410733112,0.2217,0.1597,0.137,0.111
CDC42SE2,ENSG00000158985,-0.1649,0.07537773095848392,0.12091598967249345,0.2178,0.2442,0.127,0.165
SDF4,ENSG00000078808,0.1633,0.07539860377645129,0.12091598967249345,0.5189,0.4634,0.311,0.305
FAM3A,ENSG00000071889,-0.1411,0.07554679061534032,0.12110894578172962,0.2486,0.2742,0.15,0.19
INIP,ENSG00000148153,-0.3355,0.07583607282337705,0.12152292610518281,0.1134,0.1431,0.07,0.103
NT5C,ENSG00000125458,-0.1158,0.07586095226032236,0.12152292610518281,0.4297,0.4656,0.253,0.304
LTA4H,ENSG00000111144,-0.1202,0.07609397074891724,0.1218512884579198,0.9353,1.0166,0.515,0.582
NAB2,ENSG00000166886,0.4933,0.07616443057957145,0.12191919532184807,0.2552,0.1812,0.147,0.124
GPC4,ENSG00000076716,0.2296,0.0766207663408303,0.1226045104997233,0.4244,0.3619,0.251,0.236
GNG12,ENSG00000172380,0.4102,0.07667685732986429,0.12264910635097173,0.269,0.2024,0.164,0.141
ZNF770,ENSG00000198146,-0.2013,0.07679209634763862,0.12278824530052886,0.1855,0.2133,0.114,0.15
RAB18,ENSG00000099246,0.2032,0.07687985131100533,0.12283817419030485,0.4909,0.4264,0.288,0.284
COPB2,ENSG00000184432,0.196,0.07687048031295438,0.12283817419030485,0.5122,0.4471,0.296,0.295
ANAPC15,ENSG00000110200,0.299,0.0770516533158048,0.12306743304317812,0.3763,0.3058,0.223,0.207
VPS4B,ENSG00000119541,0.314,0.07711047344330617,0.12311613430735072,0.3473,0.2793,0.209,0.191
PPP1CB,ENSG00000213639,0.1134,0.07727724665878552,0.12333709657696727,0.6577,0.608,0.376,0.382
MOB1B,ENSG00000173542,0.4637,0.07749344855312311,0.12363675749334545,0.2451,0.1777,0.146,0.122
EPN2,ENSG00000072134,-0.223,0.07759577025871588,0.12375457524564373,0.1962,0.2291,0.115,0.15
ZNF33B,ENSG00000196693,-0.1675,0.07771661157849326,0.12390183195896247,0.195,0.219,0.115,0.152
RPUSD3,ENSG00000156990,-0.2085,0.07776937224254413,0.12394048102900505,0.1676,0.1937,0.1,0.135
PPIL4,ENSG00000131013,-0.127,0.078007156329245,0.12427386415208899,0.3082,0.3366,0.183,0.225
IAH1,ENSG00000134330,0.2232,0.07822802102777246,0.12453442468377257,0.4479,0.3836,0.267,0.256
NUP58,ENSG00000139496,-0.1261,0.07820301082613218,0.12453442468377257,0.6414,0.7,0.357,0.415
PSMD7,ENSG00000103035,-0.1182,0.07830309070157213,0.12460828714354905,0.469,0.5091,0.277,0.331
GAK,ENSG00000178950,0.3436,0.07880354514817431,0.1253587874136038,0.3296,0.2597,0.194,0.175
DTX3,ENSG00000178498,0.5995,0.07888057488997807,0.12543541107641593,0.1802,0.1189,0.11,0.083
STYXL1,ENSG00000127952,0.5937,0.07910849772107617,0.12570586146098614,0.1758,0.1165,0.109,0.082
ATF7IP,ENSG00000171681,0.3779,0.07910496386366228,0.12570586146098614,0.2822,0.2171,0.166,0.142
SPPL2A,ENSG00000138600,0.2179,0.07928029686058699,0.12593281072957277,0.4625,0.3976,0.273,0.264
SERTAD3,ENSG00000167565,-0.2476,0.07931469307022301,0.1259414161794626,0.1551,0.1842,0.094,0.129
SEC11C,ENSG00000166562,-0.1074,0.07946709265003221,0.12613732091199414,0.9774,1.053,0.532,0.588
DIS3L2,ENSG00000144535,-0.3653,0.07950104785565702,0.12614091997312718,0.137,0.1764,0.081,0.113
PDCD6IP,ENSG00000170248,0.2058,0.07952740927896192,0.12614091997312718,0.4784,0.4148,0.281,0.273
REX1BD,ENSG00000006015,0.136,0.07959334392919978,0.12619944280054807,0.5905,0.5374,0.343,0.343
TIMM50,ENSG00000105197,-0.1433,0.07977718076830118,0.1264447949011805,0.2344,0.2589,0.142,0.181
TMEM9,ENSG00000116857,0.1494,0.07989568914152613,0.1265864619063334,0.579,0.522,0.334,0.336
RALBP1,ENSG00000017797,0.2458,0.07999599879435054,0.12669920217210184,0.4328,0.365,0.254,0.244
BMI1,ENSG00000168283,-0.2605,0.0802418580445852,0.12704230056894983,0.1276,0.1529,0.075,0.108
DGLUCY,ENSG00000133943,-0.4694,0.08080216539234558,0.12788281529320245,0.1074,0.1487,0.069,0.1
HK2,ENSG00000159399,-0.1274,0.08094762382929938,0.12806638993889155,0.3066,0.3349,0.181,0.223
URM1,ENSG00000167118,-0.1692,0.08105312396732613,0.12818663637627342,0.2294,0.258,0.141,0.179
NONO,ENSG00000147140,0.1078,0.08120719988245424,0.1283835906471976,0.6496,0.6028,0.373,0.384
DNAJA3,ENSG00000103423,-0.2646,0.08185131112450243,0.12935483568985004,0.1303,0.1565,0.079,0.112
BPTF,ENSG00000171634,-0.138,0.08188764891890088,0.12936522072029924,0.4562,0.502,0.265,0.311
FRYL,ENSG00000075539,-0.3265,0.08243898596077019,0.1301888927999663,0.1315,0.165,0.076,0.108
EMC8,ENSG00000131148,-0.1622,0.08259780933065355,0.1303923281333165,0.1956,0.2189,0.118,0.155
PRKCE,ENSG00000171132,-0.5372,0.08268568649226998,0.13048365776884724,0.1226,0.178,0.071,0.101
BABAM2,ENSG00000158019,-0.1905,0.08276735455213376,0.130517751409134,0.2909,0.332,0.176,0.213
UBA3,ENSG00000144744,0.3747,0.08275583330357449,0.130517751409134,0.3044,0.2347,0.181,0.161
DDX54,ENSG00000123064,-0.1069,0.08286900730064344,0.13063065133427507,0.254,0.2736,0.15,0.191
HIPK3,ENSG00000110422,-0.1729,0.08296184057518236,0.13072957184182107,0.3284,0.3703,0.196,0.235
ARB2A,ENSG00000113391,-0.4203,0.08300330182585082,0.13074749899787882,0.1367,0.183,0.082,0.113
UTP18,ENSG00000011260,-0.2376,0.08314933695525967,0.13093007913317337,0.1565,0.1846,0.097,0.131
MED10,ENSG00000133398,-0.1138,0.08332137843933984,0.13115346276616116,0.3247,0.3514,0.195,0.239
SLC12A2,ENSG00000064651,-0.1538,0.08350162010280052,0.1313895876056376,0.2904,0.3231,0.17,0.209
TNKS1BP1,ENSG00000149115,0.2566,0.08355121549426951,0.13142004434965449,0.4107,0.3438,0.24,0.228
MCFD2,ENSG00000180398,-0.118,0.08403893799545825,0.13211158519207686,0.5277,0.5727,0.308,0.366
WWC1,ENSG00000113645,-0.1541,0.0840516643019081,0.13211158519207686,0.3483,0.3876,0.206,0.247
SMAD4,ENSG00000141646,-0.1783,0.08413017766667033,0.13218718443215807,0.1998,0.2261,0.118,0.153
LUC7L,ENSG00000007392,0.3291,0.08416733303845536,0.13219776992595844,0.33,0.2627,0.193,0.173
SEL1L3,ENSG00000091490,0.2065,0.08437724448477636,0.1324795897871525,0.4533,0.3928,0.268,0.255
ATP13A1,ENSG00000105726,0.5251,0.08446398955571757,0.13256789404447403,0.1858,0.1291,0.118,0.091
NHERF1,ENSG00000109062,0.5962,0.08456519450415986,0.13267882141338583,0.21,0.1389,0.124,0.1
PRRG4,ENSG00000135378,-0.1494,0.08486939812528986,0.13310804917088045,0.2413,0.2676,0.148,0.186
SCAF11,ENSG00000139218,-0.1177,0.08515840688731575,0.13351314442001236,0.5807,0.63,0.334,0.393
HAGH,ENSG00000063854,-0.1128,0.08549658902665075,0.1339950147529117,0.5,0.5407,0.293,0.348
IRAK1,ENSG00000184216,-0.1821,0.08553046686483497,0.1339997869482959,0.1704,0.1933,0.104,0.138
GRK3,ENSG00000100077,0.4084,0.08562247569637715,0.13409559617169553,0.2147,0.1618,0.126,0.098
INTS6,ENSG00000102786,-0.145,0.08586552603316071,0.134427801203212,0.2721,0.3008,0.153,0.191
SUPT16H,ENSG00000092201,-0.1016,0.08595458605972131,0.1345007640185246,0.2672,0.2867,0.157,0.198
SIAH2,ENSG00000181788,-0.2635,0.08597402725344255,0.1345007640185246,0.1314,0.1578,0.08,0.113
FBXO2,ENSG00000116661,0.5547,0.08602426678163218,0.1345309332252513,0.1971,0.1342,0.12,0.094
ARPC4,ENSG00000241553,-0.1116,0.08611237822412385,0.13457525956713942,0.331,0.3577,0.199,0.243
TMEM87A,ENSG00000103978,-0.1185,0.08611454138431081,0.13457525956713942,0.9993,1.0848,0.55,0.607
MAN1A1,ENSG00000111885,-0.176,0.0864622979365914,0.13507014623739258,0.2432,0.2748,0.145,0.182
TCEAL4,ENSG00000133142,-0.1174,0.08658770240725766,0.13521744687816808,0.8019,0.8699,0.449,0.511
HDDC2,ENSG00000111906,-0.11,0.08675187258866965,0.13542515742469766,0.4915,0.5304,0.288,0.343
BAIAP2L1,ENSG00000006453,0.2935,0.08679703620637359,0.13544700874430868,0.3263,0.2662,0.193,0.172
HSDL2,ENSG00000119471,0.1033,0.08683514075832405,0.1354578326402284,0.6565,0.6111,0.379,0.382
PPP1R15A,ENSG00000087074,-0.1166,0.08696970330278936,0.1356190637079019,0.7178,0.7782,0.401,0.453
PURB,ENSG00000146676,-0.1404,0.0870455027663401,0.1356885778416478,0.1987,0.219,0.118,0.154
LRRCC1,ENSG00000133739,-0.3191,0.08720272458983148,0.13577122893841495,0.1136,0.1417,0.07,0.102
PPP2R3A,ENSG00000073711,-0.3482,0.08722348623931306,0.13577122893841495,0.1474,0.1876,0.09,0.121
SMAD5,ENSG00000113658,-0.1118,0.08721419763990981,0.13577122893841495,0.2766,0.2989,0.161,0.202
ELP5,ENSG00000170291,0.37,0.08718633663122992,0.13577122893841495,0.2783,0.2153,0.168,0.146
RSRC2,ENSG00000111011,-0.1152,0.08726611475426951,0.13578894905909605,0.5573,0.6036,0.32,0.378
WDR18,ENSG00000065268,-0.1826,0.08746417490821182,0.1360484266825657,0.188,0.2133,0.115,0.15
MRPL15,ENSG00000137547,-0.1672,0.08775865026906031,0.136457636518546,0.1875,0.2105,0.115,0.151
GAB1,ENSG00000109458,-0.3252,0.08825563206770992,0.13718132223400117,0.1487,0.1864,0.087,0.119
HIGD1A,ENSG00000181061,0.1539,0.08841903375700276,0.1373861711504948,0.5795,0.5208,0.328,0.34
ADD1,ENSG00000087274,0.2177,0.08866237875476911,0.13771504577134616,0.4703,0.4044,0.271,0.265
CWC27,ENSG00000153015,-0.2986,0.08873327128421063,0.13777591890002835,0.1389,0.1708,0.086,0.118
FGFBP1,ENSG00000137440,-0.3448,0.08892069145503385,0.13801761609413468,0.1359,0.1727,0.077,0.109
SPRY2,ENSG00000136158,-0.1613,0.08915847391360553,0.13833728226652253,0.2206,0.2467,0.135,0.171
TLR2,ENSG00000137462,-0.1752,0.0894480573803577,0.13873706544433784,0.2912,0.3288,0.176,0.211
RBFOX2,ENSG00000100320,-0.2206,0.08950718069303149,0.13877923913375487,0.2313,0.2696,0.14,0.174
STAG2,ENSG00000101972,-0.1021,0.08961993677080621,0.1389045097025406,0.3544,0.3804,0.206,0.251
TIFA,ENSG00000145365,-0.176,0.09021069589074582,0.13977029744783648,0.1935,0.2186,0.113,0.148
EIF4A3,ENSG00000141543,-0.1129,0.090303934151267,0.1398648958736302,0.309,0.3342,0.184,0.227
SLC7A6,ENSG00000103064,0.4252,0.09059031086650399,0.14025845779331184,0.2615,0.1947,0.154,0.132
MEAF6,ENSG00000163875,0.1452,0.09062411651785138,0.14026082990975144,0.5873,0.5311,0.337,0.342
SLC17A5,ENSG00000119899,-0.2132,0.09098364596946981,0.14076715036785895,0.1757,0.2037,0.108,0.142
AADAC,ENSG00000114771,-0.3344,0.09103510082342048,0.1407966363624859,0.1512,0.1906,0.09,0.12
NCSTN,ENSG00000162736,0.4579,0.09113242006098098,0.14089701088047787,0.2355,0.1714,0.144,0.121
NR1D2,ENSG00000174738,-0.1662,0.09154298361871031,0.14148143912052455,0.2005,0.225,0.119,0.155
FMNL2,ENSG00000157827,-0.3151,0.09163334761036344,0.14157075318686083,0.202,0.2514,0.122,0.152
MYO1D,ENSG00000176658,0.2903,0.09175223698091821,0.14170405896200092,0.2936,0.2401,0.173,0.148
PILRB,ENSG00000121716,0.5462,0.09185074153678267,0.1417985240732562,0.199,0.1363,0.118,0.093
TOM1L1,ENSG00000141198,-0.1165,0.09187865710775182,0.1417985240732562,0.2676,0.2901,0.159,0.198
RCC1,ENSG00000180198,-0.1851,0.09208338937712711,0.14206404339119433,0.2516,0.286,0.153,0.187
RMDN3,ENSG00000137824,-0.1521,0.0922478962079663,0.14226733744493314,0.2141,0.238,0.131,0.168
ACOT2,ENSG00000119673,-0.2739,0.0924132114410649,0.1424717335661114,0.1725,0.2085,0.104,0.136
TOMM70,ENSG00000154174,0.4924,0.09248707942922894,0.14253505219837906,0.2457,0.1746,0.146,0.125
FAHD2A,ENSG00000115042,-0.2252,0.09278187709143049,0.14293868764245193,0.1329,0.1554,0.079,0.111
DPY30,ENSG00000162961,-0.1148,0.09282035953538088,0.1429473006877269,0.5841,0.6325,0.336,0.397
SLC44A2,ENSG00000129353,0.3067,0.09287954410158152,0.1429877784858212,0.3515,0.2842,0.209,0.192
TSR2,ENSG00000158526,-0.1017,0.0932520082107176,0.14351034974638055,0.281,0.3015,0.168,0.209
CHCHD6,ENSG00000159685,-0.309,0.09339624852679186,0.14367944497405521,0.1254,0.1554,0.077,0.109
ZNF91,ENSG00000167232,-0.2006,0.09342800540650714,0.14367944497405521,0.1848,0.2124,0.112,0.146
CPNE2,ENSG00000140848,-0.3029,0.09354124583005557,0.1438027075972485,0.1217,0.1502,0.074,0.105
GTF3C6,ENSG00000155115,0.1114,0.09395063541274294,0.1443809977028928,0.6253,0.5788,0.36,0.371
DGCR2,ENSG00000070413,0.3445,0.09404464383384892,0.14447438038243457,0.3215,0.2532,0.188,0.169
PDGFA,ENSG00000197461,0.5739,0.09427824981989268,0.14478207551846417,0.1845,0.1239,0.111,0.085
NUFIP2,ENSG00000108256,-0.1128,0.09431722933901118,0.14479077312163285,0.3837,0.4149,0.22,0.265
PCGF3,ENSG00000185619,0.5943,0.09445871122951882,0.14495676518484774,0.1853,0.1227,0.109,0.084
HMGB3,ENSG00000029993,0.318,0.09492920683717765,0.14562736777775293,0.3363,0.2698,0.196,0.177
KIF13A,ENSG00000137177,0.2488,0.09502399918887759,0.14572134808569584,0.3638,0.3062,0.211,0.191
FAT1,ENSG00000083857,0.5414,0.09515988323934552,0.14587825487061573,0.1972,0.1354,0.116,0.09
CACHD1,ENSG00000158966,-0.3598,0.09530061669129197,0.146042482419025,0.157,0.2015,0.092,0.122
DVL3,ENSG00000161202,0.4587,0.09534404311226241,0.14605752956147072,0.2332,0.1696,0.141,0.118
NFKB1,ENSG00000109320,-0.1442,0.09593303198289464,0.14690801867429884,0.298,0.3293,0.173,0.211
PARP4,ENSG00000102699,0.374,0.09613552200315253,0.14711442909355665,0.2574,0.1986,0.155,0.132
GRB7,ENSG00000141738,0.3652,0.09611425335358065,0.14711442909355665,0.2588,0.2009,0.157,0.133
SRP68,ENSG00000167881,-0.1204,0.0966055722320703,0.14773877418003054,0.2531,0.2751,0.152,0.19
SYNE2,ENSG00000054654,0.1547,0.09661150396218288,0.14773877418003054,0.5256,0.4721,0.298,0.287
CLPTM1L,ENSG00000049656,0.1675,0.096875166551204,0.14808986065126015,0.5367,0.4779,0.309,0.311
PBDC1,ENSG00000102390,-0.1312,0.0972598111160445,0.14862557633977827,0.2347,0.257,0.142,0.179
GLS,ENSG00000115419,-0.1295,0.09730752996273603,0.14864623030511454,0.7765,0.8495,0.428,0.478
B3GNT8,ENSG00000177191,-0.1144,0.09738988896031689,0.14871976718957736,0.3907,0.423,0.231,0.274
ITPRIPL2,ENSG00000205730,-0.1613,0.09746035605505961,0.1487750991975023,0.2158,0.2413,0.131,0.165
PMEPA1,ENSG00000124225,0.4969,0.09762533653775565,0.1489746181857746,0.2296,0.1627,0.136,0.114
IPO9,ENSG00000198700,-0.1564,0.09773604616776739,0.14908729060793446,0.2209,0.2463,0.133,0.168
NDUFS1,ENSG00000023228,-0.1369,0.09776778146171497,0.14908729060793446,0.2623,0.2884,0.16,0.198
SLC12A2-DT,ENSG00000245937,-0.1058,0.09812281863014916,0.14952376219026237,0.2545,0.2738,0.145,0.184
PMM1,ENSG00000100417,-0.1066,0.0981216174487743,0.14952376219026237,0.8896,0.9578,0.487,0.542
PIP5K1A,ENSG00000143398,0.3696,0.0987309175255177,0.15039767527721695,0.2695,0.2086,0.161,0.138
SMG5,ENSG00000198952,0.5727,0.09899072256318711,0.1507406027538932,0.1964,0.132,0.117,0.092
ZNHIT3,ENSG00000273611,-0.1083,0.0990705860418836,0.15080937545990408,0.2919,0.3147,0.175,0.215
SERTAD2,ENSG00000179833,-0.2471,0.09921350041191365,0.1509740450945997,0.1452,0.1723,0.088,0.119
RIOK3,ENSG00000101782,0.2147,0.09932261345063655,0.15098148935168465,0.4578,0.3945,0.265,0.258
RAB3GAP1,ENSG00000115839,0.3115,0.0993013895307603,0.15098148935168465,0.3182,0.2564,0.187,0.167
DYNC1LI1,ENSG00000144635,-0.1328,0.09928986948983483,0.15098148935168465,0.2958,0.3243,0.18,0.218
LRMDA,ENSG00000148655,-0.2398,0.09941482789869333,0.1510688258908116,0.383,0.4523,0.221,0.25
TMED5,ENSG00000117500,0.1136,0.0997557634498862,0.151533920990285,0.6321,0.5843,0.363,0.372
LRRC47,ENSG00000130764,-0.1982,0.0999207915302957,0.15171927940506783,0.1701,0.1951,0.104,0.137
GAR1,ENSG00000109534,-0.168,0.09994760629008495,0.15171927940506783,0.1923,0.2161,0.116,0.15
SRF,ENSG00000112658,0.6381,0.1000695638940287,0.15185137035036617,0.1869,0.12,0.111,0.087
MAPKAP1,ENSG00000119487,-0.1603,0.10036886153697384,0.1522523812354933,0.2301,0.2572,0.139,0.174
LINC02967,ENSG00000274173,-0.168,0.1006186167124012,0.1525779861242483,0.1648,0.1851,0.1,0.134
TBPL1,ENSG00000028839,-0.2891,0.1008308067969892,0.15284642006965996,0.1219,0.1489,0.075,0.105
BAZ2B,ENSG00000123636,-0.1409,0.10087377876088226,0.15285824354769675,0.3721,0.4102,0.215,0.256
COA4,ENSG00000181924,0.1489,0.1009493219861392,0.1529193981707079,0.5572,0.5026,0.324,0.327
SLC5A3,ENSG00000198743,0.3392,0.10106179897444863,0.15303643844702222,0.3347,0.2645,0.189,0.172
ZNF131,ENSG00000172262,-0.3041,0.10119591823383235,0.1531328205585778,0.1221,0.1508,0.073,0.104
SUSD6,ENSG00000100647,0.285,0.10118791632314132,0.1531328205585778,0.3371,0.2766,0.204,0.186
CKAP4,ENSG00000136026,-0.111,0.10147568588600274,0.15346237549002073,0.2936,0.3171,0.177,0.217
PRRC2A,ENSG00000204469,0.3202,0.10148432286201556,0.15346237549002073,0.3497,0.2801,0.205,0.191
AGAP3,ENSG00000133612,0.4229,0.10163185870036541,0.1535698357038851,0.2717,0.2026,0.159,0.139
ZER1,ENSG00000160445,0.5295,0.10169672967229207,0.1535698357038851,0.1906,0.132,0.115,0.09
SMIM12,ENSG00000163866,-0.1166,0.10166954163421403,0.1535698357038851,0.253,0.2743,0.154,0.192
ERC1,ENSG00000082805,-0.3321,0.10162629986478611,0.1535698357038851,0.1666,0.2098,0.099,0.129
SCCPDH,ENSG00000143653,0.416,0.10187483071272461,0.15378051531685963,0.2529,0.1895,0.154,0.132
ANKRD37,ENSG00000186352,0.564,0.10190701429189042,0.15378051531685963,0.1844,0.1247,0.108,0.082
UPF3A,ENSG00000169062,-0.1083,0.10200856936569307,0.15388033407264912,0.4204,0.4532,0.249,0.296
FUBP3,ENSG00000107164,-0.2353,0.10226094736516826,0.15415403303816208,0.148,0.1742,0.09,0.122
MIB2,ENSG00000197530,0.4671,0.10225660251604679,0.15415403303816208,0.2222,0.1607,0.134,0.111
MZT1,ENSG00000204899,-0.1401,0.10279897825227821,0.15491135904452188,0.1772,0.1953,0.104,0.139
DNAJC19,ENSG00000205981,-0.1046,0.1031185020231618,0.1553389981950299,0.572,0.6151,0.329,0.389
YBEY,ENSG00000182362,-0.1667,0.10364819506827054,0.15608283290599578,0.1853,0.2081,0.112,0.145
PMPCB,ENSG00000105819,-0.1002,0.10370781077048107,0.15611851250727768,0.3614,0.3874,0.215,0.26
CFAP298,ENSG00000159079,-0.1026,0.10386419598361286,0.156204855769278,0.2987,0.3207,0.177,0.219
SURF6,ENSG00000148296,-0.1657,0.10383780462508771,0.156204855769278,0.178,0.1996,0.106,0.139
MAP4K3,ENSG00000011566,-0.3454,0.10387299428743982,0.156204855769278,0.1466,0.1862,0.088,0.117
MIR23AHG,ENSG00000267519,0.4547,0.10391322264680376,0.156211299074026,0.2156,0.1573,0.124,0.1
DDX19B,ENSG00000157349,-0.2497,0.10399749086700069,0.1562440739195441,0.1278,0.1519,0.077,0.108
PIGA,ENSG00000165195,-0.1026,0.10400692725477244,0.1562440739195441,0.3391,0.3641,0.191,0.233
STXBP3,ENSG00000116266,-0.2051,0.104133440494076,0.15638007338882318,0.142,0.1637,0.085,0.116
CLCN7,ENSG00000103249,0.5182,0.10423738598750837,0.15648210000059115,0.2358,0.1646,0.136,0.115
CSNK2B,ENSG00000204435,-0.121,0.10429222678700094,0.15651036519900072,0.6386,0.6945,0.358,0.43
MAP3K4,ENSG00000085511,-0.3466,0.10448656002429443,0.15674787361601092,0.1202,0.1529,0.073,0.103
RRS1,ENSG00000179041,-0.1812,0.10463123435152602,0.15680253258335589,0.1294,0.1468,0.074,0.106
ENAH,ENSG00000154380,0.296,0.10462048887310899,0.15680253258335589,0.3431,0.2794,0.201,0.185
AIFM1,ENSG00000156709,-0.1862,0.10458257065910975,0.15680253258335589,0.1947,0.2215,0.122,0.154
ELP2,ENSG00000134759,-0.2393,0.10496731393561684,0.15719777614203678,0.1617,0.1909,0.101,0.132
DGCR6L,ENSG00000128185,0.1725,0.10495717473781264,0.15719777614203678,0.51,0.4525,0.297,0.298
NR3C1,ENSG00000113580,-0.1065,0.10534046907314014,0.15770226613567587,0.4102,0.4416,0.237,0.283
JMJD8,ENSG00000161999,0.3842,0.10549689698634986,0.1578820641538142,0.3003,0.2301,0.178,0.162
DHX32,ENSG00000089876,0.3645,0.10561274678026851,0.15800103184407813,0.2505,0.1945,0.154,0.13
PEX2,ENSG00000164751,-0.1027,0.105650961133058,0.15800381179775294,0.2354,0.2528,0.141,0.178
UBE2G2,ENSG00000184787,0.2129,0.10591621574041227,0.15829156588990087,0.4785,0.4128,0.274,0.273
HERC1,ENSG00000103657,-0.1723,0.10588622063025008,0.15829156588990087,0.2617,0.2949,0.151,0.186
PSMC3,ENSG00000165916,-0.1049,0.10612125618566948,0.1585233682918322,0.456,0.4904,0.268,0.319
USP54,ENSG00000166348,-0.1425,0.10614427099153974,0.1585233682918322,0.3576,0.3948,0.204,0.243
AP2B1,ENSG00000006125,0.1929,0.10626260395689281,0.1586455777384597,0.4631,0.4052,0.272,0.264
GRK2,ENSG00000173020,0.6161,0.10649125024912431,0.15893233982922195,0.1822,0.1188,0.108,0.084
NF1,ENSG00000196712,-0.1623,0.10679671842531235,0.15933351811754465,0.2872,0.3215,0.169,0.204
CDC16,ENSG00000130177,0.4333,0.10699024023383899,0.1595357448133403,0.2611,0.1934,0.155,0.135
KLF10,ENSG00000155090,-0.1008,0.10700568249675264,0.1595357448133403,0.3177,0.3406,0.181,0.221
ST3GAL5,ENSG00000115525,0.1046,0.10709450978199485,0.1596134223294066,0.6391,0.5944,0.364,0.367
STIM2,ENSG00000109689,-0.2534,0.10744330203307317,0.1600235060437752,0.152,0.1812,0.092,0.123
PREB,ENSG00000138073,-0.1224,0.10742329151584991,0.1600235060437752,0.1887,0.2054,0.111,0.145
IMPA1,ENSG00000133731,-0.1864,0.10760284616045834,0.16020622453352243,0.1903,0.2166,0.116,0.148
STX5,ENSG00000162236,-0.1106,0.1077257000276912,0.16033420969874862,0.2466,0.2662,0.148,0.186
ABI2,ENSG00000138443,0.3822,0.1082454969374404,0.16105269760017665,0.2423,0.1859,0.146,0.123
CLDN12,ENSG00000157224,-0.1732,0.10832734091903803,0.16110476755617428,0.1981,0.2234,0.122,0.154
PAK1IP1,ENSG00000111845,-0.2785,0.10835463312625343,0.16110476755617428,0.1155,0.1401,0.07,0.1
HIP1R,ENSG00000130787,0.455,0.10848987474414201,0.16125068250275007,0.2278,0.1661,0.136,0.113
CD58,ENSG00000116815,-0.3436,0.10897732850722354,0.1619198186982542,0.123,0.1561,0.078,0.107
APEH,ENSG00000164062,0.3169,0.10904132091100974,0.16195952859851276,0.3325,0.2669,0.199,0.182
TSFM,ENSG00000123297,-0.1559,0.10932507313815379,0.16232551003020715,0.174,0.1939,0.106,0.139
SERPINB6,ENSG00000124570,0.1642,0.10937089425340032,0.16233808279551837,0.5269,0.4702,0.305,0.306
TRMT11,ENSG00000066651,-0.1938,0.10957531019753518,0.162585967264762,0.201,0.23,0.118,0.15
CRELD2,ENSG00000184164,-0.1267,0.10985490413717092,0.16288959856026775,0.2526,0.2758,0.153,0.189
LPCAT3,ENSG00000111684,-0.1046,0.1098181178505376,0.16288959856026775,0.432,0.4644,0.256,0.303
USP3,ENSG00000140455,-0.1187,0.10995677410398019,0.16291582097013418,0.3353,0.3641,0.197,0.237
COL4A3,ENSG00000169031,0.4592,0.10992850592457057,0.16291582097013418,0.194,0.1411,0.114,0.088
CPSF7,ENSG00000149532,0.4396,0.10998504802723738,0.16291582097013418,0.262,0.1932,0.154,0.134
SSNA1,ENSG00000176101,-0.1141,0.11018246784351764,0.16315264233319512,0.671,0.7262,0.384,0.448
MED28,ENSG00000118579,-0.1048,0.1104072082228727,0.1633740983781426,0.3585,0.3855,0.217,0.261
MAP7D1,ENSG00000116871,0.5291,0.11037357301655232,0.1633740983781426,0.2198,0.1523,0.13,0.108
MIDN,ENSG00000167470,0.1239,0.11048044224686855,0.16342682164904382,0.6237,0.5723,0.347,0.35
STK26,ENSG00000134602,0.5372,0.11052796590893295,0.16344149024845955,0.2027,0.1396,0.121,0.098
ARL1,ENSG00000120805,0.1595,0.11066006079797362,0.16352554377014394,0.5165,0.4624,0.303,0.303
POR,ENSG00000127948,-0.1056,0.1106461849793639,0.16352554377014394,0.4945,0.5321,0.288,0.341
WASL,ENSG00000106299,0.1355,0.11121224084234835,0.16428565557472669,0.59,0.5371,0.337,0.345
RAB11FIP2,ENSG00000107560,-0.1341,0.11131045645183409,0.164374870451808,0.2152,0.2361,0.126,0.16
B9D1,ENSG00000108641,0.4164,0.11137685709512998,0.16441705874165588,0.2232,0.1672,0.137,0.114
SMIM7,ENSG00000214046,-0.1063,0.11144063111850529,0.16445534222106076,0.5272,0.5675,0.305,0.363
CFI,ENSG00000205403,0.2141,0.1115496450693898,0.16456033858505364,0.4443,0.383,0.257,0.249
SDAD1,ENSG00000198301,-0.1902,0.11189585552152313,0.16501506212980643,0.1914,0.2184,0.121,0.153
ENTPD6,ENSG00000197586,0.4368,0.1119585300819512,0.16505148294985073,0.2572,0.19,0.152,0.132
TMEM165,ENSG00000134851,-0.1175,0.11217476951829894,0.16531419068380035,0.7565,0.8207,0.428,0.484
SBNO2,ENSG00000064932,0.47,0.11260019725168689,0.16588197029490867,0.2191,0.1581,0.127,0.104
ATIC,ENSG00000138363,-0.1367,0.11263637697659352,0.16588197029490867,0.2135,0.2347,0.13,0.164
MED25,ENSG00000104973,0.5367,0.11288183670954388,0.16618714848905072,0.1863,0.1284,0.113,0.089
NFYB,ENSG00000120837,-0.2391,0.11313242457775335,0.16647100410590793,0.1198,0.1414,0.071,0.101
PEA15,ENSG00000162734,-0.1197,0.11315125313595308,0.16647100410590793,0.2239,0.2432,0.131,0.167
GPATCH8,ENSG00000186566,-0.1553,0.11341309111476319,0.166743333553708,0.222,0.2473,0.128,0.161
FAM120A,ENSG00000048828,0.1127,0.11340635408923118,0.166743333553708,0.6144,0.5682,0.351,0.359
TFCP2L1,ENSG00000115112,-0.112,0.11353036583486802,0.16685930670217666,0.4435,0.4793,0.251,0.298
PITPNA,ENSG00000174238,-0.1555,0.11378141148807397,0.16711036389985434,0.2243,0.2499,0.136,0.169
PSMD3,ENSG00000108344,-0.1016,0.11381653868927033,0.16711036389985434,0.3561,0.3821,0.214,0.258
AKTIP,ENSG00000166971,-0.1431,0.11378006061238811,0.16711036389985434,0.1814,0.2004,0.109,0.142
NME1,ENSG00000239672,-0.1373,0.1140071849572722,0.16733374732330464,0.3106,0.3416,0.182,0.217
MID1,ENSG00000101871,0.4806,0.11423534366734021,0.16757433514639247,0.1885,0.1351,0.112,0.087
COL4A4,ENSG00000081052,0.4743,0.11424821791043739,0.16757433514639247,0.2135,0.1536,0.126,0.103
SLC26A9,ENSG00000174502,0.2618,0.11438109256048161,0.16771262762073316,0.3737,0.3117,0.214,0.2
VPS13D,ENSG00000048707,-0.189,0.11507454762278763,0.16867250724068636,0.2191,0.2497,0.127,0.16
MPP7,ENSG00000150054,-0.1341,0.11532281500068484,0.16897446642791428,0.3816,0.4188,0.224,0.265
TPMT,ENSG00000137364,-0.1769,0.11535831612784667,0.16897446642791428,0.1526,0.1726,0.093,0.125
SMUG1,ENSG00000123415,-0.2418,0.11541021784899831,0.16899353327889038,0.1311,0.155,0.081,0.111
TBL2,ENSG00000106638,-0.2503,0.11551202582604977,0.1690856396901355,0.1185,0.1409,0.072,0.102
EHD1,ENSG00000110047,0.5168,0.11612916189522476,0.16993176350055447,0.1937,0.1353,0.115,0.091
ITGB3BP,ENSG00000142856,-0.3093,0.11685231042036691,0.17093239349946637,0.1273,0.1577,0.077,0.106
NGDN,ENSG00000129460,-0.1517,0.11720794871067387,0.1713949344201173,0.2054,0.2281,0.124,0.157
GSDMD,ENSG00000104518,0.2799,0.11730615750172935,0.17143835340488714,0.3678,0.3029,0.219,0.208
MAPRE1,ENSG00000101367,-0.1056,0.11731653544089607,0.17143835340488714,0.2473,0.2661,0.15,0.186
TDRP,ENSG00000180190,0.5673,0.11784398931567876,0.17215125296334113,0.1866,0.1259,0.11,0.087
OSBP,ENSG00000110048,-0.1846,0.11791482734436597,0.1721968547172764,0.1757,0.1997,0.108,0.139
LYPLAL1,ENSG00000143353,0.2704,0.1184053569743801,0.17285511636232984,0.3373,0.2796,0.204,0.187
MRPL44,ENSG00000135900,-0.2487,0.11877377932392277,0.1733347363807147,0.1275,0.1515,0.079,0.109
NBDY,ENSG00000204272,0.1541,0.1191038868134948,0.17375813766077491,0.5315,0.4776,0.311,0.311
GLB1,ENSG00000170266,0.2917,0.11927411638147484,0.17394809053486232,0.3199,0.2613,0.196,0.178
SH3GLB2,ENSG00000148341,0.3943,0.11943822128736678,0.17412898682150152,0.2653,0.2018,0.159,0.14
AMOTL2,ENSG00000114019,-0.1789,0.11960390792470257,0.17431206701567986,0.1655,0.1874,0.099,0.13
RNF130,ENSG00000113269,0.2754,0.11981056596732886,0.1745547166255485,0.3387,0.2798,0.206,0.19
RPL26L1,ENSG00000037241,-0.1028,0.11991399981411571,0.17458835617827365,0.4849,0.5207,0.284,0.334
EIF6,ENSG00000242372,0.1067,0.11990766512052009,0.17458835617827365,0.6307,0.5857,0.359,0.37
NFX1,ENSG00000086102,-0.1525,0.12010063884749328,0.17480153262933884,0.2437,0.2709,0.145,0.179
MTERF4,ENSG00000122085,-0.1428,0.1202303634702427,0.1748732127314842,0.1941,0.2143,0.113,0.146
RBMX2,ENSG00000134597,-0.155,0.12021202616407639,0.1748732127314842,0.1664,0.1853,0.101,0.133
DLG1,ENSG00000075711,-0.1805,0.12049014181301688,0.1751924243289968,0.2462,0.279,0.145,0.177
IFT43,ENSG00000119650,0.318,0.12059686268821741,0.17528895158628524,0.2954,0.237,0.177,0.158
VPS36,ENSG00000136100,0.2301,0.1207730076912271,0.17548628934338784,0.4231,0.3607,0.248,0.241
ACSF2,ENSG00000167107,0.4251,0.12128134511779558,0.17616601800866966,0.2494,0.1857,0.146,0.126
MCUR1,ENSG00000050393,-0.1041,0.12133319426591725,0.1761824464683182,0.5662,0.6086,0.325,0.383
C3orf52,ENSG00000114529,0.4512,0.1218982629988842,0.1769438380070644,0.226,0.1653,0.134,0.112
CHID1,ENSG00000177830,0.2903,0.12194960505989116,0.17695925996336792,0.3538,0.2893,0.212,0.202
EFNA5,ENSG00000184349,-0.4815,0.12203093122784676,0.1770181665941996,0.1636,0.2285,0.101,0.126
C5orf24,ENSG00000181904,0.1985,0.12211943940027659,0.17708744865986054,0.4688,0.4085,0.274,0.272
MRFAP1,ENSG00000179010,-0.1217,0.12245250749226182,0.17745201652596526,0.8041,0.8749,0.45,0.518
SLC25A36,ENSG00000114120,-0.1098,0.12241530594783094,0.17745201652596526,0.6496,0.701,0.367,0.427
MTRF1L,ENSG00000112031,-0.1949,0.12260999639942148,0.17762101478396192,0.1344,0.1539,0.078,0.108
PSMD9,ENSG00000110801,0.2513,0.12288885266107165,0.17796566266744998,0.3704,0.3112,0.22,0.206
SH3KBP1,ENSG00000147010,-0.1115,0.12303959779664579,0.1781246142652307,0.377,0.4073,0.219,0.259
EXOSC3,ENSG00000107371,-0.2132,0.12315095466948804,0.17822645654132369,0.1316,0.1526,0.081,0.111
TRIP6,ENSG00000087077,0.2483,0.12368584243769158,0.17888872197356778,0.3984,0.3354,0.235,0.226
GTF3C1,ENSG00000077235,0.4903,0.12369089036598509,0.17888872197356778,0.2206,0.157,0.129,0.107
CLPP,ENSG00000125656,-0.104,0.12384601221051537,0.179026281300162,0.5681,0.6105,0.33,0.388
PRPF18,ENSG00000165630,-0.1968,0.12386839113428143,0.179026281300162,0.1323,0.1516,0.078,0.108
ACOT8,ENSG00000101473,0.4283,0.12411549070721742,0.17932377746461667,0.2225,0.1653,0.136,0.113
RSAD1,ENSG00000136444,-0.1963,0.12466234991436033,0.18005402882280158,0.1454,0.1666,0.087,0.117
ZNF581,ENSG00000171425,-0.2081,0.12501608796174513,0.18050495623978216,0.142,0.1641,0.088,0.118
GOLM2,ENSG00000166734,0.2789,0.1251310210534024,0.1806108992022872,0.3586,0.2956,0.212,0.199
SORT1,ENSG00000134243,0.1624,0.12533344504514934,0.1807230100086991,0.51,0.4557,0.296,0.294
ZNF800,ENSG00000048405,-0.1347,0.12527079742717118,0.1807230100086991,0.1932,0.2121,0.115,0.148
ABO,ENSG00000175164,-0.1843,0.12532761632985318,0.1807230100086991,0.2026,0.2302,0.122,0.153
KIF9,ENSG00000088727,0.3976,0.12558573921552027,0.18102674050767864,0.2811,0.2134,0.164,0.147
ZBTB18,ENSG00000179456,0.5171,0.1256353695397912,0.18103823475461955,0.2096,0.1464,0.124,0.103
RUVBL2,ENSG00000183207,-0.1332,0.12575366806213223,0.18114863818297205,0.2185,0.2397,0.132,0.166
METTL25B,ENSG00000143303,-0.209,0.12584866172478193,0.18122540883230692,0.1399,0.1617,0.084,0.114
UNC45A,ENSG00000140553,0.4433,0.1259583392515828,0.18132326677289795,0.2297,0.1689,0.138,0.117
PHF21A,ENSG00000135365,0.4517,0.12617205837301196,0.1813811396723692,0.1991,0.1455,0.118,0.094
ZNF791,ENSG00000173875,-0.1767,0.12620721729619064,0.1813811396723692,0.1616,0.1827,0.098,0.128
PCCB,ENSG00000114054,-0.1881,0.12604613487074373,0.1813811396723692,0.1821,0.2075,0.113,0.144
NFYC,ENSG00000066136,-0.1426,0.1261530171416193,0.1813811396723692,0.2167,0.2392,0.132,0.165
NCAPH2,ENSG00000025770,-0.2123,0.12608712246857112,0.1813811396723692,0.1371,0.1588,0.082,0.112
GMFB,ENSG00000197045,0.4134,0.12640219464972394,0.18160130180089262,0.2566,0.1926,0.154,0.135
BET1L,ENSG00000177951,0.3825,0.1269605653286509,0.1823432309710234,0.2929,0.2247,0.173,0.157
RNASEH1,ENSG00000171865,-0.1622,0.12704374991251788,0.1824024238915767,0.1392,0.1558,0.084,0.114
TMED3,ENSG00000166557,0.1127,0.12716234280064617,0.18245214321941508,0.5998,0.5547,0.347,0.355
ATP6AP1-DT,ENSG00000197180,0.26,0.1271505533183534,0.18245214321941508,0.365,0.3048,0.214,0.201
EPS15,ENSG00000085832,-0.1377,0.127267011733215,0.1825420570932516,0.277,0.3047,0.164,0.198
ZZZ3,ENSG00000036549,-0.2804,0.12731052064488144,0.18254421732849052,0.1409,0.1711,0.085,0.114
ISG15,ENSG00000187608,0.5584,0.12766861735450408,0.1829972991499587,0.1809,0.1228,0.108,0.084
EIF2B1,ENSG00000111361,-0.153,0.12783575039862438,0.18311607489532683,0.1629,0.1812,0.098,0.129
USP9X,ENSG00000124486,0.2648,0.12782539208289795,0.18311607489532683,0.3705,0.3083,0.217,0.205
STRN3,ENSG00000196792,-0.1882,0.12793788872950457,0.18320199816093144,0.2075,0.2364,0.121,0.151
PPP2R5A,ENSG00000066027,0.1067,0.12799268469062083,0.18322009475146184,0.616,0.5721,0.354,0.363
PRKAG1,ENSG00000181929,-0.1264,0.12823726723160786,0.1835097673324227,0.1996,0.2179,0.121,0.154
ALDH5A1,ENSG00000112294,0.4607,0.1284005240090405,0.18368290893459185,0.2081,0.1512,0.127,0.106
COMMD5,ENSG00000170619,-0.1389,0.12865612198270993,0.18388942108460046,0.1727,0.1901,0.104,0.136
RABEP1,ENSG00000029725,-0.1509,0.12867843123508718,0.18388942108460046,0.2382,0.2645,0.144,0.176
MTRFR,ENSG00000130921,-0.1119,0.12871413229161405,0.18388942108460046,0.2948,0.3186,0.177,0.213
BRD4,ENSG00000141867,-0.1018,0.12859367206639713,0.18388942108460046,0.4514,0.4844,0.26,0.308
MED19,ENSG00000156603,-0.1785,0.12887637145805259,0.1840607000843564,0.1975,0.2236,0.122,0.153
SLC39A7,ENSG00000112473,0.1907,0.12900448876964618,0.1841831498662557,0.4632,0.4059,0.274,0.27
TAX1BP3,ENSG00000213977,0.2123,0.1301394925419507,0.18566028384359928,0.448,0.3867,0.262,0.26
GNPTAB,ENSG00000111670,0.175,0.13016725376701496,0.18566028384359928,0.4754,0.4211,0.276,0.27
TNFSF10,ENSG00000121858,0.2146,0.13009598419336865,0.18566028384359928,0.4219,0.3636,0.242,0.229
DYNC2I1,ENSG00000126870,-0.1849,0.130415808690073,0.18595377446425762,0.201,0.2284,0.119,0.15
EAF1,ENSG00000144597,-0.1676,0.13076636196327823,0.18639245952522374,0.1781,0.2001,0.111,0.141
B4GAT1-DT,ENSG00000255468,-0.2127,0.13112066416395407,0.18683619883821126,0.16,0.1855,0.095,0.125
TRPT1,ENSG00000149743,0.3106,0.13151352496706045,0.18733457210974916,0.3337,0.269,0.198,0.184
NIT1,ENSG00000158793,0.4622,0.1317542236840888,0.18761594237583548,0.222,0.1611,0.134,0.113
REV1,ENSG00000135945,-0.1144,0.131824681189555,0.18764402853736828,0.4077,0.4413,0.238,0.279
STXBP1,ENSG00000136854,0.1482,0.13186029985115572,0.18764402853736828,0.5398,0.4871,0.305,0.307
MECP2,ENSG00000169057,-0.1221,0.13199602219515155,0.18777568329300445,0.2455,0.2672,0.146,0.18
PRELID1,ENSG00000169230,-0.1094,0.13237494814413,0.18825311669973463,0.807,0.8706,0.455,0.517
KMT5A,ENSG00000183955,-0.2144,0.13251184145581893,0.18838615079064086,0.1538,0.1785,0.094,0.124
PIK3CA,ENSG00000121879,-0.2396,0.13259098532828809,0.18843702493026163,0.132,0.1559,0.08,0.108
DAPK3,ENSG00000167657,0.4986,0.13264427585050123,0.18845113528809362,0.2135,0.1511,0.127,0.106
UVSSA,ENSG00000163945,0.5114,0.13283625907107358,0.18866221631466856,0.1809,0.1269,0.109,0.086
ZSWIM6,ENSG00000130449,-0.3692,0.13291936605637336,0.18871857722345595,0.154,0.1989,0.089,0.115
PLRG1,ENSG00000171566,-0.1774,0.13369212177138562,0.1897537430497851,0.1623,0.1835,0.101,0.131
CIAO1,ENSG00000144021,0.3658,0.13398961000006612,0.19011388999682904,0.2849,0.2211,0.171,0.154
ESCO1,ENSG00000141446,-0.1911,0.13409093397628402,0.19019556105121746,0.1633,0.1864,0.099,0.128
TLK1,ENSG00000198586,-0.1588,0.13444988166000735,0.19058029539934504,0.2349,0.2622,0.141,0.173
SGTA,ENSG00000104969,-0.106,0.13442833925690037,0.19058029539934504,0.1742,0.1875,0.102,0.134
GOPC,ENSG00000047932,0.3125,0.1347093692966821,0.19088585554723847,0.315,0.2537,0.19,0.175
GTF2IRD2B,ENSG00000174428,0.4198,0.13496692874763652,0.19118848511643688,0.2233,0.1669,0.132,0.111
CHST11,ENSG00000171310,-0.3041,0.13506110218356956,0.1912595471129988,0.131,0.1617,0.079,0.107
TBC1D17,ENSG00000104946,0.3587,0.1355218926749909,0.1918495588161272,0.2907,0.2267,0.17,0.153
HSPA4,ENSG00000170606,0.2765,0.135713988393288,0.19193393867791397,0.3723,0.3074,0.218,0.208
CAMSAP3,ENSG00000076826,-0.1615,0.13566749435027592,0.19193393867791397,0.1776,0.1986,0.106,0.136
PTPN3,ENSG00000070159,-0.1561,0.13571243839362288,0.19193393867791397,0.2227,0.2481,0.135,0.166
CYB561A3,ENSG00000162144,-0.229,0.13582252234811412,0.1920249453887131,0.1284,0.1505,0.08,0.108
GYG1,ENSG00000163754,0.4454,0.13594043509112766,0.19207545884492522,0.2292,0.1683,0.139,0.119
WBP4,ENSG00000120688,-0.1186,0.13594664321375746,0.19207545884492522,0.2319,0.2517,0.137,0.17
TRPM7,ENSG00000092439,-0.1685,0.13610036401609635,0.19223015340070027,0.2305,0.259,0.136,0.166
RERE,ENSG00000142599,-0.1483,0.13623245356358735,0.1923542050641165,0.3906,0.4329,0.226,0.261
SCAP,ENSG00000114650,0.4711,0.13630864425745567,0.19239927507077048,0.2104,0.1517,0.127,0.106
P4HA2,ENSG00000072682,0.4875,0.1365919262544371,0.19273652970837132,0.1957,0.1396,0.121,0.099
DCAF8,ENSG00000132716,0.314,0.13726615078482748,0.19362502152251224,0.3319,0.2669,0.192,0.179
RNF24,ENSG00000101236,-0.1963,0.1378519248320637,0.19438821068142403,0.1691,0.1937,0.103,0.132
LRP6,ENSG00000070018,-0.1182,0.1380104451341943,0.19454861970587364,0.3079,0.3342,0.182,0.217
ARMC1,ENSG00000104442,-0.1571,0.13826814367089138,0.1947855275182152,0.1563,0.1743,0.094,0.124
SF3B4,ENSG00000143368,0.268,0.13822726431103843,0.1947855275182152,0.3471,0.2882,0.208,0.194
BCKDHA,ENSG00000248098,-0.2919,0.1385041680630958,0.19505480051918805,0.1711,0.2095,0.105,0.132
ZNF639,ENSG00000121864,-0.2534,0.1386096925236055,0.1951401761281469,0.1238,0.1476,0.076,0.104
PRKCSH,ENSG00000130175,0.1288,0.13869478715364436,0.19519674383735053,0.5774,0.5281,0.332,0.342
GDI1,ENSG00000203879,0.3932,0.13885405363858672,0.1953576293665581,0.2428,0.1849,0.149,0.129
WDR1,ENSG00000071127,0.1621,0.13891243402564615,0.19537651724124858,0.5144,0.4597,0.299,0.304
LMTK2,ENSG00000164715,-0.2066,0.13900082948450368,0.19541877520463546,0.1691,0.1951,0.101,0.13
SNX24,ENSG00000064652,-0.1464,0.13903240978663894,0.19541877520463546,0.1942,0.2149,0.116,0.147
TMEM203,ENSG00000187713,-0.2391,0.13916036651306204,0.19553538728282174,0.1166,0.1376,0.073,0.101
DDA1,ENSG00000130311,0.3241,0.13992366396168576,0.19647643119067643,0.3357,0.2682,0.196,0.186
SUN2,ENSG00000100242,-0.1778,0.1399657227258017,0.19647643119067643,0.1455,0.1646,0.087,0.116
TMEM91,ENSG00000142046,-0.1513,0.13996334178135594,0.19647643119067643,0.2355,0.2616,0.141,0.172
ARHGEF35,ENSG00000213214,-0.2689,0.14012452265740918,0.19657236135219508,0.1225,0.1476,0.076,0.103
MAFB,ENSG00000204103,-0.1935,0.14011101927550854,0.19657236135219508,0.1355,0.155,0.076,0.105
PDSS2,ENSG00000164494,-0.1914,0.14045765783642167,0.19697611518460426,0.1914,0.2186,0.114,0.144
CEBPZOS,ENSG00000218739,0.2549,0.14053805114923895,0.19702528074019113,0.3561,0.2984,0.215,0.202
NFE2L1,ENSG00000082641,0.2949,0.14085200297383854,0.1973615713488895,0.3477,0.2834,0.205,0.194
DICER1,ENSG00000100697,-0.101,0.14086875157023818,0.1973615713488895,0.3604,0.3865,0.212,0.251
SSBP2,ENSG00000145687,-0.3082,0.14104111172702335,0.19753937208045233,0.1299,0.1609,0.077,0.104
MRPL39,ENSG00000154719,-0.2796,0.141176879519775,0.19766582422453033,0.1151,0.1397,0.075,0.102
SNX1,ENSG00000028528,0.167,0.14151433725537602,0.19807449588143772,0.5019,0.447,0.289,0.289
PHKG2,ENSG00000156873,0.4233,0.141730571150676,0.19831328468153184,0.2344,0.1748,0.141,0.121
EFCAB2,ENSG00000203666,-0.1733,0.14247892913938623,0.19924787052967424,0.1944,0.2192,0.115,0.145
TMEM164,ENSG00000157600,0.1098,0.14249019365076565,0.19924787052967424,0.5472,0.5071,0.316,0.312
CEMIP2,ENSG00000135048,-0.1181,0.14262139507381263,0.19936718655219998,0.3419,0.3711,0.196,0.231
PPIL3,ENSG00000240344,-0.1888,0.14302201115659238,0.1997986693945839,0.1335,0.1521,0.08,0.108
ZBED5,ENSG00000236287,-0.1327,0.14301878343889018,0.1997986693945839,0.182,0.1995,0.108,0.139
ZFAND2B,ENSG00000158552,-0.1232,0.1432173920881816,0.20000732198433074,0.2127,0.2317,0.131,0.162
P3H2,ENSG00000090530,-0.1334,0.14328040972689152,0.2000310506498781,0.6319,0.6931,0.354,0.405
COLCA1,ENSG00000196167,0.3739,0.14398798584800873,0.20095433092339304,0.2661,0.2053,0.157,0.139
LRRFIP2,ENSG00000093167,0.1593,0.14461195482265113,0.20176037099815147,0.4845,0.4338,0.283,0.28
SIPA1L3,ENSG00000105738,0.3477,0.1449752616509594,0.2022023386184434,0.2256,0.1773,0.133,0.11
HAT1,ENSG00000128708,-0.191,0.14503071509901733,0.20221360230577878,0.1618,0.1847,0.099,0.128
TNFRSF19,ENSG00000127863,0.5145,0.14507639484340043,0.20221360230577878,0.1789,0.1252,0.107,0.085
UBP1,ENSG00000153560,0.3569,0.14517594958625177,0.20228748858667847,0.2581,0.2015,0.156,0.137
SUDS3,ENSG00000111707,0.3139,0.14523064534668817,0.20229884124253422,0.3218,0.2588,0.189,0.175
SEC14L1,ENSG00000129657,0.5951,0.1463106335674581,0.2037379088382483,0.1685,0.1115,0.101,0.079
GATAD2B,ENSG00000143614,-0.1878,0.14642891087704166,0.20383729874171141,0.1879,0.214,0.111,0.14
ECHDC1,ENSG00000093144,-0.1087,0.1469159307163418,0.2044497710192832,0.7598,0.8193,0.429,0.49
COIL,ENSG00000121058,-0.2276,0.1472721046769723,0.20487982295970603,0.1326,0.1553,0.082,0.11
PHAX,ENSG00000164902,-0.1423,0.14739345317979974,0.2049830232062111,0.1723,0.1902,0.105,0.135
WBP1L,ENSG00000166272,0.5328,0.14768351281951295,0.20532071232041052,0.1732,0.1197,0.106,0.084
QTRT1,ENSG00000213339,0.3673,0.14808751124048608,0.2058165410460993,0.2679,0.2077,0.16,0.143
DLG3,ENSG00000082458,0.4479,0.14824171628609695,0.2059649932798521,0.2262,0.1658,0.134,0.115
UBR1,ENSG00000159459,-0.192,0.1486169623186694,0.20642036377019404,0.2169,0.2478,0.131,0.159
ELAVL1,ENSG00000066044,0.2072,0.1486876094535308,0.20645250820608463,0.4441,0.3847,0.26,0.258
BZW2,ENSG00000136261,-0.1017,0.14873832496480227,0.20645696592048246,0.3605,0.3868,0.213,0.252
SHROOM4,ENSG00000158352,0.3932,0.1488431234112582,0.2065364669046386,0.1951,0.1486,0.114,0.091
SLC25A25,ENSG00000148339,-0.1507,0.1489662919865934,0.20664139960859715,0.1675,0.1859,0.098,0.127
DGAT1,ENSG00000185000,0.5715,0.14916702351708244,0.20678784185175128,0.188,0.1265,0.11,0.089
EGLN1,ENSG00000135766,-0.2047,0.1491470244039281,0.20678784185175128,0.1318,0.1519,0.081,0.108
RGCC,ENSG00000102760,0.4406,0.14958330224946792,0.20729879833424347,0.2103,0.155,0.118,0.097
TCEAL3,ENSG00000196507,0.1806,0.14965262889383096,0.20732876161064373,0.4747,0.4188,0.276,0.276
ABR,ENSG00000159842,0.3613,0.15021231372115887,0.2080378315590046,0.2472,0.1924,0.147,0.128
STT3B,ENSG00000163527,0.2206,0.15043445332810082,0.20827911250841866,0.4449,0.3818,0.256,0.255
VPS26C,ENSG00000157538,-0.1762,0.1506476070420991,0.20839714688209207,0.1482,0.1675,0.09,0.119
LYN,ENSG00000254087,-0.1331,0.15057792914164161,0.20839714688209207,0.3514,0.3854,0.209,0.243
SIGIRR,ENSG00000185187,0.2115,0.15066356086137442,0.20839714688209207,0.4177,0.3607,0.247,0.242
STAM,ENSG00000136738,-0.1081,0.15078283545138094,0.20849576928784652,0.3043,0.328,0.181,0.216
TRIP10,ENSG00000125733,0.3972,0.1510771294135557,0.20883626095143545,0.2704,0.2053,0.157,0.141
GNL2,ENSG00000134697,-0.1324,0.15145024881788544,0.2092854630723466,0.1883,0.2064,0.115,0.145
OSER1,ENSG00000132823,-0.1939,0.15159024396713913,0.20941233321080313,0.1377,0.1575,0.085,0.113
STARD13,ENSG00000133121,-0.2917,0.15173287037721042,0.2095427564853373,0.1644,0.2012,0.097,0.123
FBXW2,ENSG00000119402,0.26,0.15207000917118407,0.20994163273760036,0.3903,0.3259,0.228,0.223
GCA,ENSG00000115271,-0.151,0.15217997697991875,0.2100032544290266,0.2012,0.2234,0.123,0.153
ABCC9,ENSG00000069431,-0.2706,0.15221128657419092,0.2100032544290266,0.1577,0.1902,0.094,0.121
MBD5,ENSG00000204406,-0.422,0.1524619398829041,0.21016762220285345,0.1463,0.196,0.086,0.111
SZRD1,ENSG00000055070,0.2451,0.1524754976543021,0.21016762220285345,0.3945,0.3329,0.232,0.226
KLF4,ENSG00000136826,0.4749,0.1524517721564721,0.21016762220285345,0.2128,0.1531,0.122,0.102
ANKRD29,ENSG00000154065,0.2915,0.1527773954535945,0.21051698181398915,0.3293,0.269,0.192,0.179
TBC1D5,ENSG00000131374,-0.2261,0.153064449445119,0.21084567267463936,0.2558,0.2992,0.154,0.181
FLII,ENSG00000177731,0.3031,0.15403393753163241,0.2119795733098399,0.3244,0.2629,0.194,0.181
SAFB2,ENSG00000130254,-0.103,0.153966485246788,0.2119795733098399,0.2619,0.2813,0.159,0.193
PNPT1,ENSG00000138035,-0.2445,0.15400148932595556,0.2119795733098399,0.1186,0.1406,0.073,0.1
CDKN2AIPNL,ENSG00000237190,-0.1417,0.15437410207395827,0.21238045191941202,0.1758,0.1939,0.108,0.137
BCL7C,ENSG00000099385,0.3699,0.1547131234228876,0.2127795045556549,0.3076,0.238,0.177,0.165
FZD6,ENSG00000164930,0.4394,0.15483482934048634,0.2128795217696152,0.214,0.1578,0.129,0.109
AGA,ENSG00000038002,0.37,0.1554917499408749,0.21365090178833643,0.2703,0.2091,0.163,0.147
ARID1B,ENSG00000049618,0.1677,0.15554336246164208,0.21365090178833643,0.3791,0.3375,0.222,0.203
BTD,ENSG00000169814,-0.3776,0.15553734033092692,0.21365090178833643,0.1461,0.1898,0.09,0.115
AKT2,ENSG00000105221,0.3609,0.1556354370611282,0.21370982921569137,0.2888,0.2248,0.17,0.156
ICE2,ENSG00000128915,-0.1537,0.15596707573623517,0.21409757143072586,0.1506,0.1676,0.089,0.117
RNF128,ENSG00000133135,-0.1537,0.15656018860671056,0.2148438837021674,0.1985,0.2208,0.122,0.152
RPH3AL,ENSG00000181031,-0.1294,0.15671587178958915,0.21498963977195532,0.264,0.2887,0.159,0.191
RPS6KA3,ENSG00000177189,0.1422,0.15705185473171482,0.2153825688431785,0.4856,0.44,0.282,0.276
RHOT2,ENSG00000140983,0.3754,0.1571489409822841,0.2154477279208223,0.2881,0.2221,0.168,0.154
CLUH,ENSG00000132361,-0.1456,0.15732415797111576,0.21561992763874777,0.1754,0.1941,0.105,0.134
SETD7,ENSG00000145391,0.4047,0.15753600360040387,0.21578845738090485,0.2366,0.1787,0.144,0.126
GNAI2,ENSG00000114353,0.3047,0.15754642781169148,0.21578845738090485,0.3517,0.2847,0.206,0.199
PPP1R14B,ENSG00000173457,0.2628,0.1576854672417689,0.21591085086097278,0.3534,0.2946,0.208,0.196
CLN8-AS1,ENSG00000253982,0.4495,0.1579220475975549,0.21616668310518852,0.2069,0.1515,0.125,0.105
THAP5,ENSG00000177683,-0.1609,0.15828613986442608,0.21659684000339915,0.1305,0.146,0.078,0.106
RC3H1,ENSG00000135870,0.3277,0.15835240669472594,0.21660482261092465,0.2938,0.2341,0.17,0.154
NDUFB10,ENSG00000140990,-0.1033,0.15839165353371343,0.21660482261092465,0.9716,1.0438,0.539,0.596
ARHGAP35,ENSG00000160007,-0.1201,0.15854085869174772,0.21674066432033207,0.2711,0.2946,0.163,0.195
TAF11,ENSG00000064995,-0.1103,0.1587539438236666,0.21696372322567767,0.2165,0.2338,0.129,0.16
NEK9,ENSG00000119638,0.4914,0.1589488791904179,0.21716184500520472,0.1992,0.1416,0.117,0.096
LAMTOR1,ENSG00000149357,-0.1112,0.15909148013542418,0.2172883635036309,0.8906,0.962,0.497,0.561
ATL3,ENSG00000184743,0.3393,0.1593121334402734,0.21752137352542514,0.301,0.2379,0.18,0.166
AMN,ENSG00000166126,-0.1453,0.15982789145482235,0.2181364826702546,0.1519,0.168,0.088,0.116
SSBP4,ENSG00000130511,0.4632,0.1598630228496919,0.2181364826702546,0.2078,0.1507,0.127,0.108
BAZ1A,ENSG00000198604,-0.1145,0.15997372491131645,0.21821902337243604,0.4342,0.4701,0.252,0.288
CPT2,ENSG00000157184,-0.1869,0.16040126157712786,0.2186913682203126,0.1317,0.1499,0.08,0.107
COPG1,ENSG00000181789,0.2117,0.16042063550077235,0.2186913682203126,0.4239,0.366,0.248,0.245
D2HGDH,ENSG00000180902,0.508,0.16057745320651828,0.21883650411901173,0.1951,0.1372,0.114,0.094
NCOA6,ENSG00000198646,-0.2335,0.16081554385743657,0.21909227385718474,0.1339,0.1574,0.081,0.108
CABIN1,ENSG00000099991,0.1635,0.16158542483042893,0.2200032131306529,0.4608,0.4114,0.271,0.263
CDC37L1,ENSG00000106993,0.3886,0.16153495731673762,0.2200032131306529,0.2397,0.1831,0.145,0.127
DRAP1,ENSG00000175550,0.1409,0.16176082554164017,0.2201041164070032,0.5204,0.472,0.306,0.308
PHYKPL,ENSG00000175309,0.2917,0.16174398792809253,0.2201041164070032,0.2958,0.2417,0.178,0.162
ESRP2,ENSG00000103067,0.4653,0.1620605790193177,0.22044296601500932,0.2144,0.1552,0.128,0.11
RWDD1,ENSG00000111832,-0.1114,0.16249498777213356,0.2209647111569751,0.8859,0.957,0.49,0.556
BIN1,ENSG00000136717,-0.1469,0.16343430744929166,0.2221725055285022,0.1621,0.1795,0.099,0.128
RCN1,ENSG00000049449,0.2394,0.16425934070576054,0.22322423224116178,0.3733,0.3162,0.223,0.214
RIT1,ENSG00000143622,-0.1284,0.16513790931824213,0.2243463908582259,0.1553,0.1698,0.092,0.12
RNF216,ENSG00000011275,-0.1409,0.1651883227672165,0.2243463908582259,0.1503,0.1658,0.09,0.117
GATA6,ENSG00000141448,-0.1306,0.16534684045088321,0.22449152408607886,0.1944,0.2128,0.114,0.144
BORCS8,ENSG00000254901,-0.1281,0.1656515874548945,0.2248350403119836,0.1431,0.1564,0.085,0.112
TNNC1,ENSG00000114854,0.1823,0.1658754574580975,0.22499835771313725,0.4684,0.4127,0.262,0.257
RRAS2,ENSG00000133818,0.2297,0.16583572198777108,0.22499835771313725,0.4041,0.3446,0.235,0.231
TBC1D14,ENSG00000132405,-0.2174,0.16602181796464754,0.22512662117764687,0.1445,0.168,0.089,0.115
MED6,ENSG00000133997,-0.1999,0.16637456569886366,0.22553457970282642,0.1329,0.1527,0.081,0.108
DSP,ENSG00000096696,-0.1625,0.16780212561183916,0.22739882691270752,0.1474,0.1649,0.09,0.117
INTS1,ENSG00000164880,0.4563,0.16804459199733068,0.22765642045523665,0.2372,0.1728,0.137,0.12
ENC1,ENSG00000171617,0.5044,0.16941772757575135,0.22944513681652084,0.201,0.1416,0.117,0.097
RHEB,ENSG00000106615,-0.1098,0.16985217341385628,0.22996185222947646,0.8357,0.9018,0.469,0.531
SHROOM1,ENSG00000164403,0.5626,0.1703841939003522,0.23061031039891955,0.1738,0.1176,0.103,0.083
PICK1,ENSG00000100151,0.4555,0.1712224831787008,0.23167276210916365,0.205,0.1495,0.126,0.107
CPQ,ENSG00000104324,0.4446,0.17146679338377357,0.2319311185950451,0.1932,0.1419,0.116,0.096
LLGL2,ENSG00000073350,0.1747,0.17293440995103215,0.23377074514686957,0.4635,0.4106,0.27,0.267
STT3A,ENSG00000134910,-0.1224,0.17291204701660734,0.23377074514686957,0.2305,0.2509,0.141,0.17
TMEM42,ENSG00000169964,-0.2092,0.17316282196003407,0.2340067239546978,0.134,0.1549,0.084,0.11
XPA,ENSG00000136936,-0.1043,0.17370912587981424,0.23467201152429987,0.2331,0.2506,0.142,0.173
SPAG16,ENSG00000144451,0.3567,0.17381199336869757,0.2347380121753759,0.2443,0.1908,0.147,0.129
TYK2,ENSG00000105397,0.5605,0.17420143101787344,0.23519087269452563,0.1722,0.1167,0.102,0.082
CTSF,ENSG00000174080,0.5116,0.17437013953330738,0.23534553615271858,0.187,0.1312,0.111,0.091
TNFSF15,ENSG00000181634,0.5501,0.1749728602038485,0.23608570333620787,0.1759,0.1201,0.103,0.083
PDHX,ENSG00000110435,-0.1636,0.17553378575246437,0.23676903565493798,0.1853,0.2076,0.117,0.144
MCEE,ENSG00000124370,-0.118,0.1757883373574768,0.23703881916090416,0.2271,0.2465,0.14,0.169
PARD6B,ENSG00000124171,0.1366,0.17590627851130203,0.2370507554760058,0.5465,0.4971,0.309,0.309
RBM47,ENSG00000163694,-0.1165,0.17587702360416424,0.2370507554760058,0.699,0.7577,0.397,0.448
LEMD3,ENSG00000174106,-0.1787,0.1774334886084501,0.23896062643084104,0.1336,0.1513,0.079,0.105
TBC1D15,ENSG00000121749,-0.1105,0.1773860001091384,0.23896062643084104,0.2014,0.2174,0.121,0.15
ENTPD4,ENSG00000197217,0.5452,0.17798599935607218,0.23963046877369568,0.192,0.1315,0.112,0.093
DDX19A,ENSG00000168872,-0.186,0.17804884396954923,0.2396408410937321,0.1328,0.1511,0.081,0.107
ACTN1,ENSG00000072110,0.5052,0.17811075253345154,0.23964994752643357,0.2002,0.141,0.119,0.101
MAPK8,ENSG00000107643,-0.2361,0.17817362992859043,0.23966035149169113,0.1808,0.213,0.11,0.135
CAMK2D,ENSG00000145349,-0.116,0.1787822966765752,0.24040466007314226,0.4457,0.483,0.262,0.299
SNTB2,ENSG00000168807,-0.1552,0.17901357442890298,0.24064119841262369,0.1632,0.1818,0.1,0.127
DENND2D,ENSG00000162777,0.3825,0.17907668877989258,0.24065160464978763,0.2289,0.1755,0.141,0.123
MTREX,ENSG00000039123,-0.1169,0.1795074550167164,0.2411405930747475,0.2021,0.2192,0.119,0.148
NHERF2,ENSG00000065054,0.1902,0.1795515322572211,0.2411405930747475,0.4469,0.3917,0.261,0.259
FAM50A,ENSG00000071859,0.1287,0.18039918377435238,0.2421293553685409,0.5374,0.4915,0.312,0.318
KIN,ENSG00000151657,-0.1563,0.18039437558178306,0.2421293553685409,0.1471,0.164,0.089,0.115
C6orf62,ENSG00000112308,0.1201,0.1810684491701945,0.24295260268405844,0.5637,0.5186,0.323,0.332
UBE2W,ENSG00000104343,-0.1543,0.18116682720478217,0.24300957747900717,0.1756,0.1954,0.104,0.131
MMGT1,ENSG00000169446,-0.1785,0.18128068658296648,0.24304076076113132,0.1593,0.1803,0.099,0.126
SNAPC1,ENSG00000023608,-0.2098,0.181301920475745,0.24304076076113132,0.1262,0.146,0.076,0.102
CDK5RAP2,ENSG00000136861,-0.2045,0.18151049674366126,0.24324533421151767,0.1623,0.187,0.1,0.126
UBALD1,ENSG00000153443,0.3339,0.18162354987910367,0.24326624193569718,0.2695,0.2138,0.163,0.147
CNOT11,ENSG00000158435,-0.151,0.18163804764872005,0.24326624193569718,0.1488,0.1653,0.091,0.118
COBL,ENSG00000106078,0.3422,0.18183723723326417,0.24345798922235554,0.2376,0.1874,0.139,0.12
CYTH1,ENSG00000108669,0.2558,0.18245711245875873,0.24421269194510792,0.3499,0.293,0.203,0.192
TNRC18,ENSG00000182095,0.2424,0.18289389946140822,0.24472194798623156,0.3139,0.2653,0.187,0.171
TBC1D20,ENSG00000125875,-0.1187,0.18343756473835982,0.2453738554487263,0.1869,0.203,0.115,0.144
DDB1,ENSG00000167986,0.2193,0.18357975659711379,0.24541298744111245,0.4059,0.3486,0.24,0.236
CCDC6,ENSG00000108091,0.2285,0.18357488566310998,0.24541298744111245,0.3858,0.3293,0.227,0.218
KDM5A,ENSG00000073614,0.2474,0.18384390445928622,0.2456905316051839,0.3408,0.2871,0.203,0.192
ALKBH3,ENSG00000166199,-0.199,0.18400682203875918,0.24583266172162538,0.1223,0.1404,0.076,0.101
MCCC2,ENSG00000131844,0.2845,0.18437988571906117,0.2462553728749354,0.3095,0.2541,0.187,0.175
CHCHD1,ENSG00000172586,0.1174,0.18455391278410027,0.24640297948354153,0.5793,0.534,0.332,0.345
HPRT1,ENSG00000165704,-0.17,0.18460379687032014,0.24640297948354153,0.1521,0.1712,0.094,0.121
RPF1,ENSG00000117133,-0.1394,0.18486609686313826,0.24667732789904787,0.1741,0.1918,0.109,0.136
PDE8A,ENSG00000073417,-0.2141,0.18496110173875058,0.246728345045,0.1999,0.2318,0.117,0.143
SF3B6,ENSG00000115128,-0.1078,0.18533069053554685,0.24696015404831825,0.9376,1.0104,0.518,0.581
COMMD4,ENSG00000140365,0.1794,0.18535619953815463,0.24696015404831825,0.4579,0.4043,0.269,0.269
TMEM68,ENSG00000167904,-0.1625,0.18541900199255923,0.24696015404831825,0.1521,0.1702,0.094,0.121
DAXX,ENSG00000204209,-0.1092,0.18541311359401536,0.24696015404831825,0.1589,0.1714,0.094,0.122
PLOD2,ENSG00000152952,0.4479,0.18525810220171302,0.24696015404831825,0.1896,0.139,0.116,0.097
BCR,ENSG00000186716,0.4928,0.18605182780817753,0.2477270967078246,0.1845,0.1311,0.109,0.09
GTF2E2,ENSG00000197265,-0.1172,0.1864328800345474,0.24815843694644502,0.1911,0.2073,0.115,0.143
NPEPPS,ENSG00000141279,0.1744,0.18663299058204208,0.24834873762080678,0.4705,0.4169,0.27,0.269
CEP170B,ENSG00000099814,0.5069,0.186852999314445,0.24856539180305415,0.1724,0.1213,0.105,0.086
DTWD1,ENSG00000104047,-0.1269,0.18719177224842132,0.2489398537918112,0.1621,0.177,0.097,0.124
GPAT4,ENSG00000158669,0.449,0.1873657792320088,0.24909503718027234,0.2191,0.1605,0.13,0.113
PTBP1,ENSG00000011304,0.1656,0.1878330238767325,0.24963740635270723,0.4782,0.4264,0.28,0.282
ADCY7,ENSG00000121281,-0.1871,0.1879598823878854,0.24963740635270723,0.1306,0.1487,0.076,0.102
SOS1,ENSG00000115904,-0.2774,0.18800350460018656,0.24963740635270723,0.1367,0.1657,0.084,0.108
NAA60,ENSG00000122390,0.3465,0.1879797097401822,0.24963740635270723,0.2903,0.2283,0.17,0.158
TOR3A,ENSG00000186283,-0.1694,0.18852755397713594,0.25023576082016863,0.1349,0.1517,0.084,0.109
ERO1A,ENSG00000197930,0.3377,0.1885692859378859,0.25023576082016863,0.2844,0.225,0.169,0.156
MIIP,ENSG00000116691,-0.1866,0.18883772552379197,0.2505154930178266,0.1317,0.1499,0.08,0.105
FOXK2,ENSG00000141568,-0.1081,0.1892478873349538,0.25098300834840076,0.2181,0.235,0.126,0.155
CDK7,ENSG00000134058,-0.2069,0.18958486936384855,0.25135321606323546,0.1222,0.1411,0.076,0.101
TMEM43,ENSG00000170876,0.2487,0.18994227313040013,0.2517502650273617,0.3694,0.3109,0.216,0.209
PVR,ENSG00000073008,-0.1455,0.1901321581924047,0.2519251096049362,0.1505,0.1665,0.091,0.117
EIF4E2,ENSG00000135930,0.1142,0.19088908588111053,0.25271549700825147,0.579,0.5349,0.333,0.343
HTATIP2,ENSG00000109854,0.3477,0.19090312394801878,0.25271549700825147,0.2636,0.2071,0.16,0.146
TTC39B,ENSG00000155158,-0.1876,0.19084898130537054,0.25271549700825147,0.167,0.1902,0.103,0.128
STK11,ENSG00000118046,0.5074,0.19096329569875092,0.25271817390583784,0.2072,0.1457,0.121,0.104
SCMH1,ENSG00000010803,-0.32,0.191141887358648,0.25272365149397147,0.1277,0.1594,0.077,0.101
MEGF9,ENSG00000106780,-0.1062,0.19109572268454567,0.25272365149397147,0.5221,0.562,0.303,0.344
HIBCH,ENSG00000198130,0.32,0.19109873317402004,0.25272365149397147,0.2777,0.2224,0.166,0.152
ORC4,ENSG00000115947,-0.1206,0.19134068986604436,0.2528326659038701,0.1761,0.1915,0.104,0.131
MAPKAPK2,ENSG00000162889,0.1731,0.19132160626131411,0.2528326659038701,0.4422,0.3922,0.258,0.255
UAP1,ENSG00000117143,0.3738,0.1922079566573015,0.2539014527758761,0.295,0.2277,0.168,0.158
POLR2J,ENSG00000005075,-0.1001,0.19241967688396244,0.25410389417736273,0.6668,0.7147,0.383,0.444
SH3BGRL2,ENSG00000198478,0.3791,0.19264368176148272,0.25432243041780195,0.2616,0.2011,0.154,0.139
RLIM,ENSG00000131263,0.4643,0.19285373405592976,0.25452241974098716,0.2002,0.1451,0.122,0.104
VASP,ENSG00000125753,0.299,0.19309833357292072,0.2545360502602103,0.2895,0.2353,0.177,0.163
PLPP1,ENSG00000067113,0.3667,0.19302048174470665,0.2545360502602103,0.2278,0.1767,0.135,0.117
HDAC5,ENSG00000108840,0.4436,0.19297095168037137,0.2545360502602103,0.2086,0.1534,0.124,0.107
GRB2,ENSG00000177885,0.2039,0.19308923281819723,0.2545360502602103,0.4241,0.3682,0.25,0.247
RARA,ENSG00000131759,0.5178,0.1934383206047745,0.25490689549677076,0.1774,0.1239,0.108,0.089
RNPEPL1,ENSG00000142327,0.2903,0.19418458995505317,0.25581273960129164,0.3237,0.2647,0.194,0.185
AVL9,ENSG00000105778,-0.2277,0.1945219130487752,0.2561794648818112,0.1412,0.1654,0.086,0.111
NOPCHAP1,ENSG00000151131,-0.1118,0.195171348992909,0.256956886617141,0.1723,0.1862,0.101,0.128
SLC37A1,ENSG00000160190,-0.2215,0.19549564217653947,0.25730589367027273,0.1337,0.1558,0.081,0.106
TEAD1,ENSG00000187079,0.1596,0.19578968239569694,0.25739588513044137,0.3975,0.3559,0.233,0.22
EVA1A,ENSG00000115363,0.139,0.1957089932867634,0.25739588513044137,0.5164,0.469,0.297,0.302
SLC22A23,ENSG00000137266,0.2182,0.1958009195216841,0.25739588513044137,0.218,0.1874,0.13,0.108
METTL15,ENSG00000169519,-0.2619,0.19578355325347696,0.25739588513044137,0.1531,0.1836,0.091,0.115
S100P,ENSG00000163993,-0.2619,0.19614848200889168,0.2577425820587087,0.1402,0.1681,0.079,0.103
MCTP2,ENSG00000140563,0.2675,0.19618326310405165,0.2577425820587087,0.2803,0.2328,0.161,0.144
ZNF76,ENSG00000065029,0.4983,0.19635416526610971,0.25788915147975605,0.1815,0.1284,0.109,0.09
BAIAP2-DT,ENSG00000226137,0.329,0.19709018475123707,0.2587776262625004,0.2426,0.1931,0.15,0.134
CORO1C,ENSG00000110880,-0.1549,0.1972349603573702,0.25883424544850175,0.1309,0.1458,0.077,0.102
ARHGAP44,ENSG00000006740,0.2965,0.19725242082959915,0.25883424544850175,0.2294,0.1868,0.138,0.119
PSME4,ENSG00000068878,-0.1183,0.19740036668520544,0.25895019426921306,0.2321,0.252,0.137,0.165
AGPAT1,ENSG00000204310,0.5357,0.19797545384858106,0.2596262288551398,0.174,0.12,0.105,0.087
KAT8,ENSG00000103510,-0.1109,0.19804240390884065,0.2596356824699311,0.2085,0.2251,0.127,0.155
DIMT1,ENSG00000086189,-0.2105,0.19812894851517215,0.25967081129280406,0.1214,0.1405,0.076,0.101
SMARCC2,ENSG00000139613,0.349,0.19856621495840976,0.2601654417272381,0.2569,0.2016,0.154,0.14
SCYL1,ENSG00000142186,0.2498,0.19933519839266078,0.26109426528466056,0.3517,0.2958,0.211,0.202
ADK,ENSG00000156110,-0.1208,0.1997287972179329,0.26153098906572353,0.7592,0.8255,0.427,0.48
KLHL20,ENSG00000076321,-0.1254,0.2003846708579582,0.26227258485135446,0.1663,0.1814,0.098,0.124
PLPP3,ENSG00000162407,0.2507,0.20041584314112937,0.26227258485135446,0.2935,0.2467,0.171,0.155
ZFAND3,ENSG00000156639,-0.1658,0.20095256056920507,0.2628957941703086,0.349,0.3915,0.205,0.232
PELO,ENSG00000152684,0.5056,0.2010608630435533,0.262958324040711,0.1805,0.1271,0.11,0.092
ALG3,ENSG00000214160,0.2903,0.20115670457008938,0.2630045240859231,0.3115,0.2547,0.187,0.176
VPS53,ENSG00000141252,-0.1438,0.20170739614708943,0.2635659481825769,0.1744,0.1927,0.103,0.129
UROD,ENSG00000126088,0.2194,0.20166355093376764,0.2635659481825769,0.3696,0.3174,0.22,0.212
CHKA,ENSG00000110721,0.2031,0.20180137358038341,0.2636094889030196,0.3782,0.3285,0.223,0.213
CASZ1,ENSG00000130940,-0.1183,0.20198524391799888,0.26377039365012717,0.223,0.2421,0.132,0.16
FKBP11,ENSG00000134285,0.265,0.20220061087998664,0.2639723204819531,0.3197,0.2661,0.188,0.175
RAP1GAP,ENSG00000076864,0.1837,0.2025124572476933,0.26430004180134387,0.4205,0.3702,0.246,0.241
ABHD13,ENSG00000139826,-0.1911,0.20275547947107941,0.264537770573795,0.1421,0.1623,0.089,0.113
TENT5B,ENSG00000158246,-0.1942,0.20301234988554007,0.2647934191484265,0.1264,0.1446,0.077,0.102
EPB41L1,ENSG00000088367,0.3285,0.20323271310228297,0.26500131147390393,0.233,0.1855,0.141,0.124
XIAP,ENSG00000101966,0.2104,0.20390642272478976,0.2658000339417925,0.4126,0.3566,0.241,0.238
OAZ2,ENSG00000180304,0.2193,0.2043634911577079,0.2663159617905243,0.4101,0.3523,0.241,0.24
SNUPN,ENSG00000169371,-0.1502,0.2047664119482624,0.26676103906689097,0.1305,0.1448,0.077,0.102
SUPT7L,ENSG00000119760,0.4854,0.2049987225601395,0.26698365245620803,0.1892,0.1351,0.114,0.096
NXN,ENSG00000167693,0.3454,0.20567562467288003,0.2677849804758348,0.2015,0.1586,0.12,0.101
HBS1L,ENSG00000112339,-0.1022,0.20648367742766793,0.2687565325249011,0.1794,0.1926,0.107,0.133
MIGA1,ENSG00000180488,-0.1888,0.20684709528465428,0.2691489449422478,0.1318,0.1503,0.08,0.104
TRAP1,ENSG00000126602,-0.131,0.2076755467162431,0.2701460419122396,0.1775,0.1944,0.111,0.137
CLK4,ENSG00000113240,0.4293,0.20785155548218448,0.2702940933948455,0.2002,0.1487,0.12,0.102
C8orf34-AS1,ENSG00000248801,0.2092,0.20818359941229214,0.2704830861123533,0.3419,0.2957,0.2,0.185
HERPUD2,ENSG00000122557,-0.1653,0.20807572306889055,0.2704830861123533,0.1553,0.1741,0.097,0.122
SCRN2,ENSG00000141295,0.337,0.20814941638132034,0.2704830861123533,0.2632,0.2084,0.157,0.143
UBE2E3,ENSG00000170035,0.223,0.2083171658779036,0.2705757330858844,0.3967,0.3399,0.232,0.229
FAM174B,ENSG00000185442,-0.1494,0.20848394395498204,0.27071144918683954,0.2524,0.28,0.153,0.179
TMEM218,ENSG00000150433,0.4462,0.20871609745063224,0.2709319472880668,0.1951,0.1432,0.121,0.104
TOR1A,ENSG00000136827,-0.1173,0.2093675528178861,0.27169644208615495,0.1419,0.1539,0.087,0.112
POLR2D,ENSG00000144231,-0.1422,0.20943299384796432,0.27170023619798594,0.127,0.1401,0.076,0.1
CEP70,ENSG00000114107,-0.114,0.20991083977919078,0.2722388868040475,0.423,0.4578,0.247,0.281
MTMR14,ENSG00000163719,-0.1179,0.21033673222165183,0.27270985627544714,0.1463,0.1587,0.088,0.113
CDKN1B,ENSG00000111276,0.3729,0.21084194355208719,0.2732833542133525,0.2779,0.2146,0.163,0.152
ZFP36L2,ENSG00000152518,0.2231,0.21144741035186165,0.27398641782623456,0.4116,0.3526,0.233,0.23
VPS35,ENSG00000069329,0.1605,0.21187122700046968,0.2743747785653761,0.4798,0.4292,0.279,0.283
RBBP8,ENSG00000101773,-0.1042,0.21187339090322188,0.2743747785653761,0.2125,0.2285,0.129,0.156
TENT4B,ENSG00000121274,-0.1056,0.21239535730823533,0.274886903770575,0.194,0.2087,0.116,0.143
ZNF146,ENSG00000167635,-0.1068,0.21237693191637763,0.274886903770575,0.1505,0.1621,0.09,0.116
WDR45,ENSG00000196998,0.2262,0.21259919746239064,0.2750688038617296,0.3604,0.3081,0.216,0.208
WDR77,ENSG00000116455,0.4167,0.2136705878588656,0.2763727306055446,0.211,0.158,0.129,0.113
NMD3,ENSG00000169251,-0.1255,0.21387095335625617,0.27654958741038066,0.1352,0.1475,0.081,0.106
ARIH2,ENSG00000177479,0.2312,0.21403875473354828,0.27668424392385504,0.3932,0.3349,0.228,0.224
CANT1,ENSG00000171302,0.47,0.21430263444111153,0.27694298224236413,0.1845,0.1332,0.113,0.095
PLCXD1,ENSG00000182378,0.3595,0.21444011919165584,0.27703827526960056,0.262,0.2042,0.15,0.137
RNF4,ENSG00000063978,0.493,0.21525323049351464,0.27800610393010833,0.1902,0.1351,0.112,0.095
CCDC115,ENSG00000136710,0.2668,0.2154250979453749,0.27814541760861533,0.3327,0.2765,0.2,0.193
PPP2R3C,ENSG00000092020,-0.1794,0.2156956882141119,0.2784120763226998,0.1595,0.1807,0.097,0.121
CAMSAP2,ENSG00000118200,-0.151,0.21576803311404702,0.27842276481996686,0.1719,0.1909,0.103,0.128
TBRG1,ENSG00000154144,0.1858,0.21731886175336368,0.2803406866073371,0.4479,0.3938,0.26,0.26
RALGDS,ENSG00000160271,0.3416,0.21771250773529283,0.2807651509250987,0.2542,0.2006,0.147,0.132
KDM5C,ENSG00000126012,0.4285,0.21780961962828949,0.2808070622677384,0.2335,0.1735,0.135,0.121
GATC,ENSG00000257218,-0.1605,0.2178890979731043,0.280826221764861,0.1266,0.1415,0.077,0.101
HERC4,ENSG00000148634,-0.1659,0.2181188191830311,0.28096062964337687,0.2262,0.2538,0.136,0.161
GUSB,ENSG00000169919,0.2623,0.21815417635174184,0.28096062964337687,0.3461,0.2885,0.204,0.197
RBBP7,ENSG00000102054,0.2005,0.21818732743819536,0.28096062964337687,0.4214,0.3667,0.25,0.249
EYA3,ENSG00000158161,-0.2493,0.21856771868941927,0.2813670928389266,0.129,0.1534,0.079,0.101
SPR,ENSG00000116096,0.3288,0.21868060064426875,0.28142904660941426,0.2657,0.2115,0.16,0.147
TRAPPC6B,ENSG00000182400,0.4356,0.2199906471359372,0.2830311878190595,0.2052,0.1517,0.123,0.107
SPIDR,ENSG00000164808,-0.2111,0.2204946371847295,0.28359564758947453,0.2797,0.3237,0.164,0.187
SIK2,ENSG00000170145,-0.2324,0.22072298411393843,0.2838053517630699,0.1524,0.1791,0.087,0.11
DCAF12,ENSG00000198876,0.3434,0.2209749191376219,0.284045252461433,0.2672,0.2106,0.159,0.146
EPB41,ENSG00000159023,0.2097,0.22253456892391654,0.28596547502759945,0.365,0.3156,0.213,0.203
CXCL1,ENSG00000163739,-0.1864,0.22263770385716097,0.286013438061845,0.266,0.3027,0.131,0.152
SLC16A5,ENSG00000170190,0.3283,0.22315613793528843,0.28659473270294433,0.2557,0.2036,0.152,0.137
ATP6V1C1,ENSG00000155097,0.3573,0.22371143584770947,0.2872230133512985,0.2649,0.2068,0.158,0.146
ABTB1,ENSG00000114626,0.4087,0.22390275862974607,0.2873509106017014,0.1889,0.1423,0.117,0.099
CENPB,ENSG00000125817,0.3465,0.2239432890492321,0.2873509106017014,0.2683,0.211,0.16,0.149
TMX3,ENSG00000166479,0.4018,0.22420010352941577,0.28759552831724944,0.2176,0.1647,0.129,0.113
SATB1,ENSG00000182568,-0.1427,0.22462408189873428,0.2880543700005604,0.1542,0.1703,0.094,0.119
MORN2,ENSG00000188010,0.2685,0.22576353072035327,0.28943017832172724,0.3468,0.2879,0.203,0.197
KLHDC10,ENSG00000128607,-0.1047,0.22709127222045433,0.2910464963344425,0.2015,0.2167,0.121,0.147
ACADS,ENSG00000122971,0.3355,0.22720273693712678,0.29107308542655275,0.2787,0.2208,0.166,0.155
RAB34,ENSG00000109113,0.1318,0.22724596844277345,0.29107308542655275,0.5138,0.4689,0.3,0.307
FIP1L1,ENSG00000145216,-0.1032,0.22755786395254796,0.29138670499050484,0.1906,0.2047,0.116,0.142
CUEDC1,ENSG00000180891,-0.1421,0.22778229845274423,0.2915881794037191,0.1612,0.1779,0.099,0.123
FUCA2,ENSG00000001036,0.2406,0.22786322466905407,0.2916058817466752,0.347,0.2937,0.21,0.204
JDP2,ENSG00000140044,-0.1021,0.22800689064105617,0.2917038406611805,0.2609,0.2801,0.15,0.178
USP40,ENSG00000085982,0.3666,0.2282270755331296,0.29181373058752025,0.2282,0.177,0.133,0.117
CRCP,ENSG00000241258,-0.1083,0.22822365181161464,0.29181373058752025,0.2042,0.2201,0.124,0.15
STRN4,ENSG00000090372,0.4313,0.22847367963386678,0.2920431210849368,0.1891,0.1402,0.115,0.098
CTSS,ENSG00000163131,0.1076,0.2287467635805821,0.29230621420794173,0.565,0.5244,0.328,0.336
ARL16,ENSG00000214087,0.3147,0.22883822432480716,0.2923371319563821,0.2817,0.2265,0.169,0.158
FBXL20,ENSG00000108306,-0.1439,0.23011681715350207,0.2938841279309785,0.1859,0.2054,0.111,0.135
EML2,ENSG00000125746,0.3323,0.23077987037654513,0.2946443350929686,0.2633,0.2091,0.156,0.143
PTER,ENSG00000165983,-0.1239,0.23110557253933883,0.2949735149063044,0.1511,0.1647,0.091,0.115
KIF13B,ENSG00000197892,-0.1198,0.23146848712585677,0.29526329470178264,0.1827,0.1985,0.108,0.134
PTPMT1,ENSG00000110536,0.1272,0.23146041796226935,0.29526329470178264,0.5171,0.4734,0.303,0.306
HDAC8,ENSG00000147099,-0.1786,0.23230299274531585,0.29624084696923203,0.2072,0.2345,0.122,0.146
NDUFS3,ENSG00000213619,0.1042,0.2326799681512356,0.2966345384527046,0.5734,0.5335,0.332,0.345
SAFB,ENSG00000160633,0.279,0.23297630200243746,0.2969252224347781,0.3176,0.2618,0.187,0.178
LRP11,ENSG00000120256,-0.1321,0.23378331257855112,0.29769184777802027,0.1578,0.173,0.096,0.12
CELSR1,ENSG00000075275,0.3581,0.2337113434192275,0.29769184777802027,0.2275,0.1775,0.134,0.118
HBP1,ENSG00000105856,0.1997,0.2337600950046118,0.29769184777802027,0.3934,0.3426,0.234,0.23
EXPH5,ENSG00000110723,0.2065,0.23474595503743412,0.29883008804706757,0.3574,0.3097,0.211,0.202
EXOC1,ENSG00000090989,-0.1062,0.2355549672581987,0.2997721486688526,0.1635,0.176,0.098,0.122
PRCP,ENSG00000137509,0.4334,0.23583519954634669,0.3000409183923954,0.1681,0.1245,0.104,0.087
EVL,ENSG00000196405,0.3018,0.2369819290495745,0.30132342412213303,0.2782,0.2257,0.161,0.149
PAK4,ENSG00000130669,-0.1509,0.2369350467577236,0.30132342412213303,0.1327,0.1473,0.081,0.105
SNX17,ENSG00000115234,0.1598,0.23718242477061335,0.3014901485969832,0.4718,0.4223,0.276,0.282
SLC35B3,ENSG00000124786,0.5224,0.23737717267292657,0.30156129565522916,0.1676,0.1167,0.1,0.083
CYB5B,ENSG00000103018,0.1675,0.2373548765267085,0.30156129565522916,0.4715,0.4198,0.274,0.279
GID8,ENSG00000101193,0.2526,0.23803381105201804,0.3023071136271392,0.3163,0.2655,0.195,0.185
PNP,ENSG00000198805,0.3292,0.23842911547386414,0.3027206940839654,0.2588,0.206,0.155,0.143
ABCD4,ENSG00000119688,0.5008,0.23881781170445937,0.30312564534684006,0.1735,0.1226,0.104,0.087
UBE2L6,ENSG00000156587,0.2628,0.23936273725056678,0.30372860031852944,0.3067,0.2556,0.185,0.174
ATG13,ENSG00000175224,0.4751,0.240519172415265,0.3051069244940869,0.1765,0.127,0.106,0.089
FAM110A,ENSG00000125898,-0.1408,0.24101937962775122,0.3056522392361269,0.1497,0.1651,0.093,0.116
RFXANK,ENSG00000064490,0.206,0.24137542238627496,0.30592522184040566,0.4068,0.3527,0.24,0.239
LHFPL6,ENSG00000183722,0.2894,0.2413516746892167,0.30592522184040566,0.2303,0.1884,0.133,0.116
AGL,ENSG00000162688,0.2999,0.24213978756291465,0.3067151025206724,0.2843,0.2309,0.166,0.154
NMI,ENSG00000123609,-0.1629,0.24210289734053303,0.3067151025206724,0.1355,0.1517,0.085,0.107
SH3RF1,ENSG00000154447,0.1528,0.24352303924663732,0.3083773684632534,0.3729,0.3354,0.219,0.207
ENO2,ENSG00000111674,0.4009,0.24380274613153108,0.3086416355046997,0.1711,0.1296,0.107,0.089
PCYT1A,ENSG00000161217,-0.131,0.24431253532560593,0.3091969360876772,0.1287,0.1409,0.079,0.102
MFSD14B,ENSG00000148110,-0.1107,0.24438559452220043,0.3091993577273604,0.165,0.1781,0.101,0.125
AATF,ENSG00000275700,-0.1054,0.24472594092014277,0.3094861808744419,0.1885,0.2028,0.116,0.14
PPP1R13B,ENSG00000088808,-0.1234,0.2447547178245414,0.3094861808744419,0.264,0.2875,0.157,0.183
NBR1,ENSG00000188554,0.3196,0.2453187442344944,0.3101091513796139,0.2803,0.2246,0.168,0.157
PSMD2,ENSG00000175166,0.184,0.24702111926507486,0.31217033565746305,0.4261,0.375,0.252,0.254
ICMT,ENSG00000116237,0.415,0.24718287576151354,0.3122839471103308,0.2321,0.1741,0.136,0.124
PSMD10,ENSG00000101843,0.3676,0.24889550422015116,0.31435625147944696,0.2215,0.1716,0.135,0.12
DCAF13,ENSG00000164934,-0.1476,0.24900350097818125,0.31440128275745954,0.1387,0.1536,0.086,0.109
MCTP1,ENSG00000175471,-0.196,0.24950872925908596,0.3149477018181782,0.1767,0.2024,0.104,0.126
PECR,ENSG00000115425,0.4725,0.2502898376303093,0.315841937962057,0.1935,0.1394,0.115,0.1
SLC16A7,ENSG00000118596,-0.1259,0.2508554390670684,0.31646378466922476,0.1728,0.1885,0.105,0.129
LRRC36,ENSG00000159708,0.1273,0.2516981761124374,0.3173704474895343,0.4638,0.4246,0.257,0.251
MTG1,ENSG00000148824,0.4016,0.2517201869526978,0.3173704474895343,0.1699,0.1286,0.103,0.085
CAV1,ENSG00000105974,0.1221,0.2518596201156298,0.3174541499485287,0.5431,0.4991,0.292,0.286
KCTD10,ENSG00000110906,0.4631,0.2520529586264597,0.31760572867225106,0.1709,0.1239,0.106,0.09
ILF3,ENSG00000129351,0.1023,0.25247793227262927,0.31804901265415847,0.5591,0.5208,0.324,0.335
GNB1,ENSG00000078369,0.1383,0.25256249660781116,0.31806334693061356,0.4907,0.4459,0.283,0.289
GALK2,ENSG00000156958,-0.1757,0.2528077221417774,0.31827994218660616,0.1455,0.1643,0.089,0.111
TFDP1,ENSG00000198176,0.356,0.25310834944341565,0.3185063477071793,0.2304,0.18,0.138,0.124
CYBC1,ENSG00000178927,0.4418,0.25313412907975086,0.3185063477071793,0.1941,0.1429,0.118,0.104
ICAM4,ENSG00000105371,0.2922,0.25342888338896474,0.31878492828030125,0.2677,0.2186,0.15,0.136
UROS,ENSG00000188690,0.2117,0.2539821917098798,0.3193884852925746,0.4136,0.3571,0.242,0.244
EIF3J-DT,ENSG00000179523,-0.1282,0.254201287787883,0.31957153506686126,0.1295,0.1415,0.078,0.101
SENP2,ENSG00000163904,-0.1214,0.25518761296477854,0.32067564871435716,0.1499,0.163,0.091,0.114
MAPK1IP1L,ENSG00000168175,0.1061,0.25522712123860136,0.32067564871435716,0.5547,0.5154,0.32,0.332
FLYWCH2,ENSG00000162076,0.2878,0.25589817561195694,0.3214258587310881,0.313,0.2564,0.184,0.177
P4HTM,ENSG00000178467,0.2803,0.25598600990990283,0.3214432820191961,0.295,0.2429,0.177,0.166
CARHSP1,ENSG00000153048,0.282,0.25645398734652325,0.32193790554823515,0.2851,0.2345,0.172,0.161
MAST4,ENSG00000069020,-0.1214,0.2568183803040728,0.32230224683843495,0.6728,0.7319,0.378,0.421
UBAP1,ENSG00000165006,0.2299,0.25814387272242045,0.3238721913543993,0.362,0.3087,0.205,0.199
GBE1,ENSG00000114480,-0.2616,0.2583467781691191,0.3240332172937927,0.1422,0.1705,0.091,0.112
TNFAIP1,ENSG00000109079,0.4321,0.2585024553914045,0.32413493108224,0.1767,0.1309,0.108,0.092
EIF2B3,ENSG00000070785,-0.1467,0.26118401104480204,0.32740285895607435,0.15,0.1661,0.091,0.113
AXIN2,ENSG00000168646,-0.1584,0.26227458212578714,0.32867512512072405,0.1451,0.1619,0.09,0.112
FBXW11,ENSG00000072803,-0.1029,0.26248602319127523,0.32881673412864754,0.3991,0.4286,0.237,0.266
IMPACT,ENSG00000154059,0.42,0.26253890184684925,0.32881673412864754,0.2096,0.1566,0.126,0.112
ATF5,ENSG00000169136,0.4435,0.2630504414626834,0.32936249455396777,0.1952,0.1435,0.117,0.102
ARHGEF38,ENSG00000236699,-0.1468,0.2647006000175447,0.3313331819344036,0.2874,0.3182,0.168,0.191
TBC1D9B,ENSG00000197226,0.3854,0.26600196678105614,0.33286626767361643,0.2266,0.1735,0.136,0.123
UPP1,ENSG00000183696,0.2562,0.2662790418742613,0.33311707426181336,0.311,0.2604,0.184,0.175
ORAI1,ENSG00000276045,-0.1057,0.26638840134278563,0.3331579833771932,0.1596,0.1717,0.099,0.122
HAUS4,ENSG00000092036,-0.1129,0.2668643473138832,0.3336572075449184,0.2048,0.2215,0.125,0.148
HIPK2,ENSG00000064393,0.2863,0.2674237569964988,0.33416436110028286,0.2516,0.2063,0.153,0.139
LIN7C,ENSG00000148943,0.4239,0.26734852751563654,0.33416436110028286,0.2002,0.1492,0.122,0.108
SGPP2,ENSG00000163082,-0.155,0.2689992562566448,0.3359398757733846,0.2282,0.2541,0.134,0.157
DDX3Y,ENSG00000067048,0.4044,0.2689915741975988,0.3359398757733846,0.2162,0.1633,0.127,0.113
ABCB8,ENSG00000197150,0.4387,0.2692515675180561,0.3361583776022614,0.1941,0.1432,0.115,0.101
SNX14,ENSG00000135317,0.2337,0.27016354417123467,0.33720010424129404,0.3295,0.2802,0.193,0.185
FHOD1,ENSG00000135723,0.4187,0.27102744187012273,0.338181240989823,0.2134,0.1596,0.123,0.11
PAK2,ENSG00000180370,0.1504,0.27196030493984613,0.3392478430736427,0.4783,0.4309,0.277,0.282
BSDC1,ENSG00000160058,0.3081,0.27358903251017164,0.3411816170126846,0.2641,0.2133,0.16,0.149
CD40,ENSG00000101017,0.3252,0.274037450781086,0.34164278861004005,0.231,0.1844,0.141,0.128
TMEM161A,ENSG00000064545,-0.1089,0.2746395857521702,0.34222141700685316,0.1606,0.1732,0.098,0.12
HYOU1,ENSG00000149428,0.2916,0.2746590663874606,0.34222141700685316,0.2733,0.2233,0.163,0.152
DNAJC5,ENSG00000101152,0.3008,0.2753909219990899,0.3430192993590192,0.2814,0.2284,0.167,0.157
AP3S1,ENSG00000177879,0.1607,0.27545728365461963,0.3430192993590192,0.4635,0.4146,0.271,0.277
PTPRE,ENSG00000132334,0.1562,0.27558873795926175,0.3430846906820257,0.4102,0.3681,0.236,0.23
CPLANE1,ENSG00000197603,0.3556,0.2768625402281806,0.34457176398386963,0.1977,0.1545,0.115,0.099
LZTFL1,ENSG00000163818,0.3615,0.2798836551973921,0.3482319969905142,0.2367,0.1842,0.141,0.128
PPP1R12C,ENSG00000125503,0.4645,0.2803943933187427,0.34876761115147564,0.1948,0.1412,0.113,0.099
NOL8,ENSG00000198000,-0.1065,0.2806697696026651,0.34901024855312807,0.1325,0.1426,0.081,0.102
UBR4,ENSG00000127481,0.2313,0.2816053087860524,0.350073418759778,0.3036,0.2586,0.182,0.171
ROCK1,ENSG00000067900,0.144,0.28318559190917636,0.3519372554867831,0.4418,0.3998,0.26,0.261
HNRNPLL,ENSG00000143889,0.3061,0.28340311759530556,0.352106903679016,0.2538,0.2053,0.151,0.14
MYSM1,ENSG00000162601,-0.1311,0.284189273744344,0.35298273326462387,0.1426,0.1561,0.085,0.107
RASA2,ENSG00000155903,-0.1705,0.2843129086522448,0.35303540028647307,0.1515,0.1705,0.089,0.109
ATP13A3,ENSG00000133657,0.2628,0.2856619562189876,0.3546092150036333,0.2878,0.2399,0.173,0.163
DHX40,ENSG00000108406,0.472,0.28586875617879515,0.35476459576043506,0.1847,0.1331,0.108,0.095
KMT2D,ENSG00000167548,0.3844,0.287062161012546,0.3561439200001498,0.1749,0.134,0.106,0.09
PACS2,ENSG00000179364,0.4106,0.2874397233877193,0.35640885530471555,0.1924,0.1448,0.115,0.101
ACTR10,ENSG00000131966,0.1418,0.2873888266623462,0.35640885530471555,0.4721,0.4279,0.279,0.283
FKBP3,ENSG00000100442,0.1704,0.2876554322513005,0.3565745888659875,0.4108,0.365,0.245,0.245
USF2,ENSG00000105698,0.2485,0.28845893524131483,0.3574686434441843,0.3272,0.2754,0.196,0.191
WDFY3,ENSG00000163625,-0.1939,0.2889224068119137,0.3579409293057517,0.1674,0.1915,0.099,0.119
CTNNAL1,ENSG00000119326,0.2352,0.2893931078434808,0.3583197853811304,0.3101,0.2635,0.184,0.175
ACSL3,ENSG00000123983,0.1003,0.28933256022127773,0.3583197853811304,0.5531,0.5159,0.318,0.328
TRAF4,ENSG00000076604,0.1771,0.29019718059788324,0.35921302958655665,0.4475,0.3958,0.258,0.264
TET2,ENSG00000168769,-0.1933,0.2913418965919963,0.3605273014205056,0.149,0.1704,0.087,0.107
TSPAN15,ENSG00000099282,0.316,0.29189102958908975,0.36089855322736386,0.2495,0.2004,0.152,0.142
TNPO3,ENSG00000064419,0.3667,0.2917935956987274,0.36089855322736386,0.1992,0.1545,0.121,0.107
GPS1,ENSG00000169727,0.2514,0.29185584260713593,0.36089855322736386,0.3309,0.278,0.196,0.192
LZTS2,ENSG00000107816,0.4733,0.2925126845234759,0.36156431369141817,0.1711,0.1233,0.104,0.089
MRFAP1L1,ENSG00000178988,0.2362,0.2929235448885713,0.36196921412730476,0.3281,0.2786,0.196,0.189
VAMP7,ENSG00000124333,0.4713,0.29308229756624127,0.36206244037034807,0.1765,0.1273,0.107,0.093
TMEM163,ENSG00000152128,-0.1169,0.2936757561780813,0.36269247978117114,0.5683,0.6162,0.325,0.362
NUDT3,ENSG00000272325,0.3061,0.29429859796717306,0.36335843942196994,0.2741,0.2217,0.164,0.155
PPP6R3,ENSG00000110075,0.1873,0.29542003328885724,0.36463943898704165,0.3381,0.2969,0.199,0.189
ADAM15,ENSG00000143537,0.2984,0.29629818607478664,0.3656195106987572,0.2622,0.2132,0.159,0.149
WWP2,ENSG00000198373,0.2816,0.2963884218071069,0.3656270454651396,0.2437,0.2005,0.144,0.131
SLC25A13,ENSG00000004864,-0.1057,0.29659083543910925,0.3657729202095258,0.2075,0.2233,0.124,0.146
MFSD11,ENSG00000092931,0.4559,0.2969439126969229,0.3660006365799282,0.1754,0.1278,0.104,0.09
DOCK1,ENSG00000150760,-0.2811,0.2968809403564131,0.3660006365799282,0.1563,0.19,0.093,0.111
PSMB6,ENSG00000142507,-0.1001,0.2994288284355452,0.36895880022140043,0.8944,0.9587,0.495,0.556
PEX19,ENSG00000162735,0.4372,0.3000019021966447,0.3695601663680889,0.1874,0.1383,0.113,0.1
MAGED2,ENSG00000102316,0.2223,0.3004045924366888,0.36995136263243117,0.3502,0.3002,0.208,0.204
RIMKLB,ENSG00000166532,0.3382,0.30131887455685624,0.3709721894685828,0.2136,0.169,0.124,0.11
DPH6,ENSG00000134146,-0.1788,0.3017199739661731,0.371255664455546,0.1601,0.1813,0.096,0.116
VPS72,ENSG00000163159,0.3638,0.3016992187325922,0.371255664455546,0.2381,0.185,0.141,0.131
RP9,ENSG00000164610,0.2667,0.30237355750184813,0.3719545657806487,0.2815,0.234,0.168,0.158
NR0B2,ENSG00000131910,0.4005,0.30262859926561103,0.372162957670726,0.2009,0.1522,0.118,0.104
CHM,ENSG00000188419,-0.148,0.3028144262154434,0.3721961963242027,0.1428,0.1582,0.088,0.108
HK1,ENSG00000156515,0.2308,0.302826909848684,0.3721961963242027,0.3231,0.2754,0.192,0.186
NBAS,ENSG00000151779,-0.1723,0.30321962532785196,0.37257350626939345,0.1447,0.1631,0.086,0.106
LAMA3,ENSG00000053747,0.2579,0.3041034291696718,0.37355384487602983,0.2281,0.1907,0.134,0.119
NECAB3,ENSG00000125967,0.1302,0.3044151129910386,0.3738310486179864,0.4906,0.4482,0.283,0.289
SCAMP2,ENSG00000140497,0.1407,0.3051422703940656,0.37461816585666924,0.4616,0.4187,0.273,0.277
HGSNAT,ENSG00000165102,0.2737,0.30525660283685896,0.3746526958285764,0.2795,0.2312,0.165,0.155
DPP3,ENSG00000254986,0.436,0.3053695688801563,0.37468552974397495,0.182,0.1345,0.11,0.097
PLGRKT,ENSG00000107020,0.2847,0.3058873356019044,0.3752148914834537,0.2739,0.2248,0.166,0.158
UBQLN2,ENSG00000188021,0.3299,0.30664339655829764,0.3760361742218853,0.2462,0.1958,0.148,0.138
BCKDK,ENSG00000103507,0.3398,0.3089358688194156,0.37874056019440905,0.223,0.1762,0.139,0.128
LEPROT,ENSG00000213625,0.1126,0.3097321039624703,0.3796096231869419,0.5209,0.4818,0.303,0.316
ZBTB7B,ENSG00000160685,0.3631,0.30998842493983314,0.3798166604985945,0.2217,0.1723,0.133,0.122
PPP6R2,ENSG00000100239,-0.1173,0.31263583108189685,0.38295245825307883,0.2547,0.2763,0.155,0.177
PLCH1,ENSG00000114805,-0.2688,0.31433034345636435,0.3849196034548773,0.1768,0.213,0.106,0.123
LINC02471,ENSG00000223914,0.2836,0.31530948350840815,0.386009863472547,0.2391,0.1964,0.139,0.126
RUNX1,ENSG00000159216,0.1519,0.31555743198393904,0.38620461824900004,0.4043,0.3639,0.236,0.232
PMAIP1,ENSG00000141682,0.408,0.3157769874349938,0.38636452347761346,0.1845,0.139,0.109,0.096
ZNF429,ENSG00000197013,0.417,0.3165947855788981,0.38725610417278106,0.1719,0.1287,0.102,0.087
CNOT1,ENSG00000125107,0.1992,0.317837690926259,0.3886670244134839,0.3671,0.3197,0.215,0.212
MAVS,ENSG00000088888,0.2851,0.3195851354621648,0.3906939518195691,0.2937,0.241,0.173,0.167
SINHCAF,ENSG00000139146,0.2289,0.31996184240718206,0.3909345423395033,0.3408,0.2908,0.203,0.199
PTPN11,ENSG00000179295,0.1435,0.3199359524912515,0.3909345423395033,0.4464,0.4042,0.26,0.265
IRF6,ENSG00000117595,0.4141,0.32304962964000017,0.39459631546246227,0.1888,0.1417,0.113,0.101
VPS25,ENSG00000131475,0.17,0.32405515425252684,0.3957133184550384,0.3835,0.3409,0.233,0.23
VAMP3,ENSG00000049245,0.1774,0.3254785273141285,0.39733979767056254,0.4195,0.3709,0.247,0.252
SMAD3,ENSG00000166949,0.3625,0.3263694687614954,0.39831556058339207,0.1758,0.1368,0.106,0.092
KPNB1,ENSG00000108424,0.1101,0.326544348829361,0.3984030802547985,0.5245,0.4859,0.304,0.316
MACO1,ENSG00000204178,0.3765,0.32662452253747054,0.3984030802547985,0.2198,0.1693,0.13,0.119
RNASE4,ENSG00000258818,-0.1272,0.32671928976956865,0.3984068555944291,0.2179,0.238,0.132,0.152
ITFG2,ENSG00000111203,-0.1061,0.32734374151451073,0.39905635361067704,0.1374,0.1479,0.081,0.101
CCDC90B,ENSG00000137500,0.4873,0.3277117715339479,0.39939297787059386,0.1712,0.1221,0.1,0.087
RAPH1,ENSG00000173166,0.2623,0.3279163486409009,0.3995302638613275,0.2507,0.209,0.148,0.136
ANKRD44,ENSG00000065413,-0.1887,0.3281063872771036,0.39953778624440806,0.1674,0.1908,0.099,0.118
CENATAC,ENSG00000186166,0.3613,0.3280829940517257,0.39953778624440806,0.2171,0.1689,0.127,0.115
ATL2,ENSG00000119787,0.2024,0.32863302090628277,0.3998429756043407,0.2901,0.2521,0.172,0.161
COP1,ENSG00000143207,-0.1632,0.3286037491121345,0.3998429756043407,0.1543,0.1728,0.093,0.112
ARHGAP27,ENSG00000159314,0.3781,0.3285788694163425,0.3998429756043407,0.1822,0.1401,0.11,0.097
GSE1,ENSG00000131149,0.1953,0.32878818963963474,0.39991980749338163,0.3727,0.3255,0.218,0.216
CC2D1B,ENSG00000154222,0.4087,0.32955741406696837,0.400743290860393,0.171,0.1288,0.104,0.09
FAAH,ENSG00000117480,0.3449,0.3303366144938007,0.401578441004212,0.1899,0.1495,0.116,0.102
SYVN1,ENSG00000162298,0.3427,0.3307420932370716,0.4019589309866648,0.2199,0.1734,0.133,0.122
BLCAP,ENSG00000166619,0.2476,0.3315628486938743,0.40284376304824654,0.3082,0.2596,0.184,0.179
CAND1,ENSG00000111530,0.2384,0.33276546179147304,0.40419192200831244,0.337,0.2856,0.198,0.195
PRKCD,ENSG00000163932,0.1955,0.3334934036916306,0.4049629316691329,0.3576,0.3123,0.212,0.209
CD276,ENSG00000103855,0.4494,0.33363527245514735,0.4050220374553269,0.1675,0.1226,0.1,0.087
GLTP,ENSG00000139433,0.1344,0.3350264607592216,0.4065970954829169,0.4983,0.454,0.286,0.301
GLG1,ENSG00000090863,0.1706,0.33511983341459006,0.4065970954829169,0.4062,0.3609,0.237,0.237
ZSWIM8,ENSG00000214655,0.3668,0.33556469505478015,0.4069528196316763,0.2066,0.1602,0.122,0.11
MRPL38,ENSG00000204316,0.2418,0.3356003004049535,0.4069528196316763,0.2313,0.1956,0.139,0.126
ELF5,ENSG00000135374,0.3349,0.336093090631556,0.4074367006652001,0.1859,0.1474,0.112,0.098
ARHGEF1,ENSG00000076928,0.1168,0.3379645726976991,0.40959119714004466,0.4922,0.4539,0.283,0.288
ACAD8,ENSG00000151498,0.3349,0.3388356394209746,0.41053239167091043,0.2195,0.174,0.132,0.121
LEPROTL1,ENSG00000104660,0.233,0.33893417242993484,0.4105373225698152,0.3035,0.2582,0.183,0.177
MFF,ENSG00000168958,0.157,0.3392089675875465,0.4107556904807682,0.4532,0.4065,0.263,0.271
GSS,ENSG00000100983,0.294,0.33974702353834496,0.41129263629460927,0.2503,0.2041,0.152,0.143
PLEKHB1,ENSG00000021300,0.2922,0.34046228744336327,0.4119326604849392,0.2552,0.2084,0.152,0.143
PLIN3,ENSG00000105355,0.3415,0.34046528220476335,0.4119326604849392,0.2009,0.1585,0.126,0.114
PHF11,ENSG00000136147,0.2821,0.3419347453833813,0.4135954365255149,0.254,0.2089,0.154,0.144
EXT1,ENSG00000182197,-0.3708,0.3424394939776062,0.41409071809312087,0.1383,0.1789,0.085,0.1
IFNAR1,ENSG00000142166,0.2308,0.34618731066143804,0.4183898921397691,0.326,0.2778,0.196,0.192
RAB3D,ENSG00000105514,0.317,0.34616763664259154,0.4183898921397691,0.2387,0.1916,0.144,0.134
DVL1,ENSG00000107404,0.3887,0.34638409002112425,0.4185113303396736,0.183,0.1398,0.112,0.099
STX6,ENSG00000135823,0.3805,0.3478530967253496,0.42016941588892975,0.2125,0.1632,0.125,0.114
OGDH,ENSG00000105953,0.1632,0.3497448025711346,0.42233701360771075,0.407,0.3635,0.239,0.24
ARRB2,ENSG00000141480,0.3425,0.35113273352422636,0.4238936453789292,0.2229,0.1758,0.133,0.123
JKAMP,ENSG00000050130,0.2204,0.35122895007122046,0.4238936453789292,0.3081,0.2644,0.186,0.179
TMBIM1,ENSG00000135926,0.172,0.3517133407938091,0.4243604050777053,0.3975,0.3529,0.237,0.238
CLCN5,ENSG00000171365,-0.1414,0.3523098590859671,0.4249621558666703,0.1419,0.1565,0.086,0.104
PEX26,ENSG00000215193,0.5074,0.35250424805499203,0.42507865206631396,0.1728,0.1215,0.1,0.088
MTPN,ENSG00000105887,0.1564,0.35331621010280856,0.4259395975330946,0.4385,0.3934,0.258,0.265
RIC8A,ENSG00000177963,0.3555,0.3535630967238481,0.42611902894116577,0.2404,0.1878,0.142,0.134
PUM2,ENSG00000055917,0.1339,0.3546285638766504,0.42728465167949065,0.4308,0.3927,0.251,0.25
GPATCH2,ENSG00000092978,-0.1365,0.35490985303568967,0.42750505024753527,0.1578,0.1735,0.097,0.115
PGM1,ENSG00000079739,0.1515,0.35540052433223146,0.4279774670955605,0.4147,0.3734,0.243,0.245
CSNK2A1,ENSG00000101266,0.2274,0.35587160161548725,0.4284260334129938,0.3491,0.2982,0.203,0.202
DRG2,ENSG00000108591,-0.1148,0.3573165308680486,0.4300464256861089,0.1429,0.1548,0.092,0.11
SUCLA2,ENSG00000136143,0.2574,0.3585856108135602,0.431454336820524,0.2527,0.2114,0.152,0.142
KANSL3,ENSG00000114982,0.3827,0.3587187111350113,0.4314950231366618,0.1811,0.1389,0.108,0.095
CTSO,ENSG00000256043,0.3514,0.3623085798461534,0.43569260874692384,0.2082,0.1632,0.126,0.115
PCGF2,ENSG00000277258,0.3224,0.36330939895047754,0.4367752829429531,0.2214,0.177,0.132,0.122
PITRM1,ENSG00000107959,0.3053,0.36390884571551096,0.4373749567144941,0.2467,0.1996,0.148,0.14
IFNGR1,ENSG00000027697,0.1375,0.3640525549607597,0.43742670828295876,0.4571,0.4155,0.267,0.273
C11orf71,ENSG00000180425,0.3205,0.36506890273668147,0.4385266587323432,0.2139,0.1712,0.129,0.118
MPZL1,ENSG00000197965,0.1779,0.36707393069052163,0.4408132917328011,0.397,0.3509,0.233,0.237
KIF3A,ENSG00000131437,0.2856,0.36729538898467606,0.44095739241088455,0.2169,0.178,0.133,0.122
PIGT,ENSG00000124155,0.2081,0.3679618359279174,0.44163057428084546,0.3403,0.2946,0.205,0.203
HAPSTR1,ENSG00000182831,0.2775,0.368059351137879,0.44163057428084546,0.2959,0.2441,0.173,0.17
MPDU1,ENSG00000129255,0.1831,0.36821509426296706,0.44169550087409737,0.3632,0.3199,0.22,0.22
BBIP1,ENSG00000214413,0.2698,0.3684999427908472,0.4419152183689354,0.2692,0.2233,0.161,0.154
RABGGTA,ENSG00000100949,0.3227,0.370729941090862,0.44446684799472724,0.2229,0.1782,0.134,0.124
HRAS,ENSG00000174775,0.3758,0.37178001032974606,0.44549516318221777,0.2202,0.1697,0.13,0.121
DCAF11,ENSG00000100897,0.2139,0.37179267300089824,0.44549516318221777,0.3546,0.3057,0.21,0.21
RETREG3,ENSG00000141699,0.3448,0.37196997847848123,0.445584764737453,0.1994,0.157,0.121,0.11
PTPN23,ENSG00000076201,0.4018,0.3725085483146544,0.4461069581084288,0.1764,0.1335,0.106,0.094
NUP50,ENSG00000093000,0.2865,0.37329826639911845,0.4469295497990548,0.26,0.2131,0.156,0.149
FAM83H,ENSG00000180921,0.3408,0.3739110897297171,0.4474167389772441,0.2241,0.1769,0.132,0.123
GGA1,ENSG00000100083,0.2734,0.3738412028041469,0.4474167389772441,0.2689,0.2224,0.162,0.155
YIPF4,ENSG00000119820,0.2017,0.3740937869097153,0.44751213815293767,0.3489,0.3034,0.209,0.209
RAB6A,ENSG00000175582,0.1187,0.37448796525759387,0.44786040093822316,0.4806,0.4426,0.281,0.291
CLCN3,ENSG00000109572,0.2308,0.3752627640855748,0.4486635413248715,0.3133,0.267,0.186,0.181
CCL2,ENSG00000108691,0.32,0.3768536364072682,0.45044166771891847,0.1934,0.1549,0.101,0.087
IFI27L1,ENSG00000165948,0.257,0.37748603536053216,0.45107349729911267,0.2586,0.2164,0.159,0.15
ENSG00000257550,ENSG00000257550,0.2582,0.37788241606966744,0.4514230292025219,0.2724,0.2278,0.161,0.154
DENND3,ENSG00000105339,0.2533,0.37828225282921113,0.45177649650886276,0.2716,0.2279,0.16,0.152
AP1B1,ENSG00000100280,0.3227,0.37916281032750443,0.45270372903388306,0.2387,0.1908,0.142,0.134
PRR15L,ENSG00000167183,0.1054,0.3794865314546155,0.4529657966772203,0.5061,0.4704,0.295,0.302
PLEKHA1,ENSG00000107679,0.2204,0.3800478366660346,0.4535112295855536,0.3198,0.2745,0.19,0.186
COPB1,ENSG00000129083,0.1304,0.3803896806189392,0.45379455173480915,0.4647,0.4245,0.27,0.279
LAD1,ENSG00000159166,0.1597,0.3805068818607693,0.4538097992774159,0.4274,0.3826,0.247,0.252
EXOC7,ENSG00000182473,0.2721,0.38065461912773413,0.45386144711361665,0.2467,0.2043,0.15,0.142
HPS1,ENSG00000107521,0.2114,0.38134881298610457,0.4545644380794324,0.3655,0.3157,0.213,0.214
CDC25B,ENSG00000101224,0.2296,0.38205666046803777,0.45528331406473593,0.3088,0.2634,0.18,0.174
PARVA,ENSG00000197702,0.1969,0.3865573009425014,0.46052029328292515,0.3398,0.2964,0.2,0.198
MBD4,ENSG00000129071,0.2233,0.38833666475935835,0.46251333106170767,0.3064,0.2625,0.184,0.179
COPA,ENSG00000122218,0.1339,0.38851227314549763,0.46259570933981714,0.4518,0.4117,0.265,0.273
ZFTRAF1,ENSG00000187954,0.2014,0.3889677793097165,0.46301122127637023,0.3538,0.3077,0.208,0.207
TPP2,ENSG00000134900,0.2044,0.3891923983115372,0.46315174234992895,0.2975,0.2582,0.178,0.172
EMP1,ENSG00000134531,0.2326,0.3897054112327544,0.4636352907795101,0.3032,0.258,0.174,0.168
GPAA1,ENSG00000197858,0.1255,0.39054829478051956,0.46451091656161414,0.4665,0.4276,0.274,0.284
USP25,ENSG00000155313,-0.1077,0.39100525082536997,0.46492717375842896,0.2161,0.2328,0.13,0.148
TCEAL2,ENSG00000184905,0.3922,0.3913677823638113,0.46510374135989174,0.1991,0.1517,0.115,0.106
CC2D2A,ENSG00000048342,0.3443,0.3913514477268687,0.46510374135989174,0.1822,0.1435,0.108,0.097
C2orf68,ENSG00000168887,0.3266,0.39252532640767124,0.46635185034656623,0.2152,0.1716,0.127,0.118
MOSPD3,ENSG00000106330,0.3631,0.39374232321006153,0.4676698925036697,0.1887,0.1467,0.113,0.103
ENSG00000235584,ENSG00000235584,-0.1138,0.39506673378692303,0.4691147609393354,0.2016,0.2182,0.113,0.13
GOLPH3L,ENSG00000143457,-0.1029,0.3953477163942638,0.4693201790356379,0.1423,0.1528,0.09,0.107
MROH1,ENSG00000179832,0.2414,0.39639548021455073,0.47043548798810414,0.3039,0.2571,0.175,0.171
FAM234A,ENSG00000167930,0.3747,0.3981526262808909,0.47239184106381427,0.2061,0.159,0.122,0.113
ARL6IP1,ENSG00000170540,0.1078,0.39893875632616616,0.4731953698126414,0.5129,0.476,0.293,0.31
UBE2Z,ENSG00000159202,0.3117,0.3994413111284506,0.4736621932235324,0.2285,0.1841,0.138,0.13
CMAS,ENSG00000111726,0.3063,0.3998697749264227,0.47404092794059827,0.2274,0.1839,0.14,0.132
UBL7,ENSG00000138629,0.2015,0.4000005196410109,0.4740666098608763,0.308,0.2678,0.187,0.182
MARF1,ENSG00000166783,0.3206,0.40077392786790145,0.47485373241927475,0.1903,0.1524,0.115,0.104
HIVEP2,ENSG00000010818,0.1291,0.40105237565616014,0.47505413589579504,0.1802,0.1648,0.11,0.096
ACP5,ENSG00000102575,0.1018,0.4029166485680793,0.4770023848207226,0.482,0.4491,0.282,0.285
MDFIC,ENSG00000135272,0.3127,0.4028568051353104,0.4770023848207226,0.1836,0.1478,0.113,0.101
DCBLD1,ENSG00000164465,0.347,0.40333736516868,0.47737042184724493,0.1776,0.1396,0.107,0.096
TRIP12,ENSG00000153827,0.1594,0.4039997362417268,0.4780241910445262,0.3792,0.3396,0.222,0.222
FARP1,ENSG00000152767,0.1649,0.4053214250126229,0.47945751581514945,0.3566,0.3181,0.21,0.207
RUVBL1,ENSG00000175792,0.3512,0.4080127394422073,0.482509759351247,0.1836,0.1439,0.113,0.102
ITFG1,ENSG00000129636,0.1452,0.40874004201641256,0.483238363058577,0.3545,0.3206,0.213,0.209
PSME3,ENSG00000131467,0.2542,0.4090284951586296,0.48331643283289943,0.2901,0.2432,0.173,0.171
KIAA1958,ENSG00000165185,-0.1576,0.4090133986772917,0.48331643283289943,0.1529,0.1706,0.092,0.108
VPS39,ENSG00000166887,0.2467,0.4098156483662757,0.48411492465339334,0.2369,0.1996,0.141,0.132
RND1,ENSG00000172602,0.1591,0.4112916719620705,0.4857265234639017,0.3446,0.3086,0.189,0.18
GOLGA5,ENSG00000066455,0.2998,0.4116333879676244,0.485866025015561,0.2527,0.2053,0.15,0.144
EMC9,ENSG00000100908,0.389,0.4115677250250642,0.485866025015561,0.1751,0.1337,0.105,0.095
CAMK2G,ENSG00000148660,0.2797,0.41182536143625126,0.4859606355693587,0.2562,0.211,0.151,0.145
DALRD3,ENSG00000178149,-0.1043,0.4121757656398988,0.486242094861835,0.1442,0.155,0.093,0.109
OTUD7B,ENSG00000264522,-0.1046,0.41267978128966265,0.48670456702438913,0.1384,0.1488,0.085,0.102
GALNT12,ENSG00000119514,0.3435,0.41317066211270703,0.4871513015577387,0.1966,0.155,0.118,0.109
PDLIM5,ENSG00000163110,0.2202,0.41484663971505664,0.4889947101170698,0.2491,0.2139,0.15,0.141
SCAMP3,ENSG00000116521,0.1246,0.414975206752214,0.48901362487665995,0.4138,0.3796,0.251,0.25
CDC42BPA,ENSG00000143776,0.1808,0.4159435982578499,0.4900219241064287,0.2969,0.262,0.177,0.169
CRYZL1,ENSG00000205758,0.3579,0.41607067153165433,0.49003879091505953,0.1784,0.1392,0.108,0.098
TVP23B,ENSG00000171928,0.2585,0.4182939115650327,0.4925237983369364,0.2481,0.2074,0.148,0.14
XAB2,ENSG00000076924,0.1442,0.41891971148296514,0.4931270493242054,0.4338,0.3926,0.251,0.256
STAMBP,ENSG00000124356,0.255,0.41917835472099996,0.4931643556084098,0.2656,0.2225,0.159,0.154
DNAJC30,ENSG00000176410,0.3014,0.41907284416531054,0.4931643556084098,0.2191,0.1778,0.133,0.125
MPPE1,ENSG00000154889,0.3165,0.42039625831075467,0.49446336633789983,0.2146,0.1723,0.131,0.123
CUL5,ENSG00000166266,0.1657,0.42186389913836964,0.49605533161670845,0.351,0.3129,0.21,0.208
ARID2,ENSG00000189079,-0.1533,0.42359649104223274,0.4979578983147264,0.1467,0.1631,0.089,0.104
CIT,ENSG00000122966,0.2629,0.4260957686749549,0.5007058488724092,0.2411,0.2009,0.141,0.133
THOC3,ENSG00000051596,0.3354,0.4261645041369171,0.5007058488724092,0.1764,0.1398,0.109,0.099
HUWE1,ENSG00000086758,0.1672,0.42649452438069035,0.5009581629617514,0.3796,0.338,0.219,0.221
IFT81,ENSG00000122970,0.3541,0.4266767868885495,0.5010368321582372,0.1767,0.1382,0.104,0.094
APH1B,ENSG00000138613,0.3721,0.4273546511543955,0.5016972755043227,0.1831,0.1414,0.108,0.098
DNAJB6,ENSG00000105993,0.1137,0.4295145626945547,0.5040967565407871,0.4786,0.4423,0.281,0.293
MKRN1,ENSG00000133606,0.2001,0.43054589359470274,0.5051707488019919,0.3532,0.3074,0.21,0.213
CNKSR3,ENSG00000153721,-0.1048,0.4306703722486106,0.505180415058694,0.1804,0.194,0.104,0.12
SHKBP1,ENSG00000160410,0.3607,0.4308294586912833,0.5052306604080726,0.217,0.1689,0.128,0.121
TM9SF3,ENSG00000077147,0.116,0.4312861568445536,0.5056297916499677,0.4773,0.4404,0.279,0.288
C8orf34,ENSG00000165084,-0.2998,0.43151114919107636,0.5057571344078797,0.1752,0.2157,0.106,0.118
NT5C2,ENSG00000076685,0.2003,0.43254698990481955,0.5068345155368956,0.2347,0.2043,0.141,0.132
TXNDC11,ENSG00000153066,0.1392,0.43385509954032586,0.5082302594615246,0.4424,0.4017,0.254,0.263
CCDC124,ENSG00000007080,0.1072,0.43430148914513145,0.5086160797156404,0.4906,0.4555,0.286,0.295
OTUD5,ENSG00000068308,0.3488,0.43678490249238155,0.5113866342219532,0.2098,0.1647,0.123,0.115
AGPAT3,ENSG00000160216,0.2165,0.4396910715050961,0.5146505243094931,0.2633,0.2266,0.16,0.154
RFX2,ENSG00000087903,0.1853,0.4431494881712633,0.5185588787270626,0.1918,0.1687,0.112,0.1
DCAF6,ENSG00000143164,0.2013,0.44417314063564795,0.519616815397719,0.2755,0.2396,0.165,0.159
PUF60,ENSG00000179950,0.1201,0.44562474125750096,0.5211746839357102,0.4822,0.4437,0.279,0.294
PPME1,ENSG00000214517,0.3556,0.44966776934190456,0.5257155642604565,0.1832,0.1431,0.108,0.099
DUSP3,ENSG00000108861,0.2225,0.44974930232866484,0.5257155642604565,0.3403,0.2917,0.199,0.201
MFN2,ENSG00000116688,0.3584,0.4507159286032786,0.5267037982548666,0.1923,0.15,0.116,0.108
ASF1A,ENSG00000111875,0.2909,0.45092714647980714,0.5268089727422693,0.2275,0.186,0.138,0.131
SLC39A4,ENSG00000147804,0.1239,0.4514367847540939,0.5272626354585573,0.416,0.3818,0.246,0.248
MAEA,ENSG00000090316,0.3009,0.45178146341017944,0.5275234390060827,0.2126,0.1725,0.13,0.122
CPSF2,ENSG00000165934,0.3316,0.45212273514935486,0.5277801254254892,0.1894,0.1505,0.113,0.105
TFE3,ENSG00000068323,0.3837,0.4556755873133006,0.5317846676862525,0.1906,0.1461,0.113,0.106
IGF2R,ENSG00000197081,0.1031,0.4560470984822472,0.5320753530211668,0.4674,0.4352,0.273,0.28
TRAFD1,ENSG00000135148,0.32,0.45642235463922554,0.5323702504729131,0.1913,0.1532,0.115,0.106
SWAP70,ENSG00000133789,0.1834,0.458471444900293,0.5346168230578678,0.3525,0.3104,0.205,0.206
ESYT3,ENSG00000158220,0.1436,0.4598828448962524,0.5361187886049124,0.3813,0.3452,0.221,0.221
ANKLE2,ENSG00000176915,0.2238,0.4601413563871941,0.5362763032605914,0.2665,0.2282,0.161,0.156
ZBTB38,ENSG00000177311,0.1217,0.46067479304465675,0.5367540618155705,0.4492,0.4128,0.26,0.267
DMAP1,ENSG00000178028,0.38,0.4609281617500697,0.5368661167137887,0.1665,0.1279,0.101,0.092
FAM13A,ENSG00000138640,0.1139,0.46101802751400356,0.5368661167137887,0.4081,0.3771,0.233,0.232
CREBL2,ENSG00000111269,0.2496,0.4614135531909994,0.5371827758285784,0.2948,0.248,0.173,0.172
RHOF,ENSG00000139725,0.2753,0.46198200343992235,0.5377005321237018,0.2122,0.1753,0.127,0.119
RDH10,ENSG00000121039,0.2324,0.4630552070326617,0.5388053359475095,0.2856,0.2431,0.167,0.163
MICU1,ENSG00000107745,0.1378,0.463933167618791,0.5396824267856707,0.3607,0.3279,0.214,0.211
NADK,ENSG00000008130,0.2632,0.46636273379517534,0.5423635111249216,0.2763,0.2302,0.164,0.161
DCTN4,ENSG00000132912,0.201,0.466507465507906,0.5423866894321454,0.3124,0.2718,0.183,0.181
AASDHPPT,ENSG00000149313,0.203,0.46703413731403787,0.5427086526114462,0.2925,0.2541,0.177,0.175
MAP4K5,ENSG00000012983,0.2589,0.46700336047816937,0.5427086526114462,0.2373,0.1983,0.141,0.135
PRMT2,ENSG00000160310,0.105,0.4677350671413121,0.5433778673606369,0.495,0.4602,0.284,0.297
MTCH2,ENSG00000109919,0.1024,0.4703446559817367,0.5462634620247535,0.4892,0.4556,0.288,0.301
PIGC,ENSG00000135845,0.2897,0.4709773899360774,0.5468328143648234,0.2482,0.203,0.147,0.143
DYNLT3,ENSG00000165169,0.2931,0.47108652944820506,0.5468328143648234,0.2515,0.2053,0.15,0.146
ME1,ENSG00000065833,0.264,0.4718891328865702,0.5476182033444683,0.1977,0.1646,0.122,0.113
WDR11,ENSG00000120008,-0.1161,0.4753995415969501,0.5515446897438188,0.144,0.1561,0.089,0.103
PHC2,ENSG00000134686,0.1811,0.4767406861776535,0.552953034995485,0.3598,0.3173,0.211,0.214
BLTP2,ENSG00000007202,0.267,0.47746426215154114,0.5536445259633399,0.2036,0.1692,0.127,0.119
FOXA1,ENSG00000129514,0.3078,0.47869847182046865,0.5549275963008153,0.2516,0.2032,0.146,0.143
SNX4,ENSG00000114520,0.2061,0.4795246946296343,0.5557371527627709,0.2939,0.2547,0.177,0.175
SKI,ENSG00000157933,0.2938,0.4800502092583905,0.5561978697512571,0.2147,0.1751,0.126,0.119
PRRG2,ENSG00000126460,0.3153,0.4803847910836282,0.5564371807168039,0.1738,0.1397,0.108,0.099
SEC16A,ENSG00000148396,0.2355,0.48124388712406085,0.5572837552467809,0.2541,0.2158,0.154,0.149
CNPY3,ENSG00000137161,0.2566,0.4827212006394175,0.5588455881669975,0.2394,0.2003,0.146,0.141
SCNM1,ENSG00000163156,0.3324,0.4844798603017697,0.5607322164770949,0.1781,0.1415,0.107,0.098
MAML2,ENSG00000184384,0.1366,0.4853854530006356,0.5616307717627163,0.1916,0.1743,0.111,0.099
ZNF358,ENSG00000198816,0.2565,0.4868974257533635,0.563230293405408,0.2223,0.1861,0.136,0.13
KLHL9,ENSG00000198642,0.3041,0.4889241477002102,0.5654242538331862,0.1842,0.1492,0.113,0.104
TARDBP,ENSG00000120948,0.1916,0.4905461885990303,0.5671491714954471,0.3535,0.3096,0.207,0.212
TMTC2,ENSG00000179104,0.1057,0.49101680469534137,0.5675422960654132,0.1876,0.1743,0.113,0.101
PLEKHJ1,ENSG00000104886,0.1561,0.4921170934744047,0.5686628259079402,0.3795,0.3405,0.225,0.229
TRIAP1,ENSG00000170855,0.242,0.4927749183439841,0.5692716095488982,0.274,0.2317,0.165,0.164
FNBP1L,ENSG00000137942,0.1236,0.49309188590858355,0.5694864034437163,0.394,0.3616,0.233,0.234
SOCS2,ENSG00000120833,0.1571,0.494921238439463,0.5714473172842471,0.3588,0.3217,0.195,0.192
MAZ,ENSG00000103495,0.2229,0.49626381762182004,0.5726931894276235,0.3079,0.2638,0.182,0.182
KANSL1-AS1,ENSG00000214401,0.2746,0.4961478080197108,0.5726931894276235,0.1803,0.149,0.108,0.099
MAT2B,ENSG00000038274,0.1643,0.4965370586647365,0.5728563995107366,0.3574,0.3189,0.213,0.215
NOL3,ENSG00000140939,0.1688,0.49788572112113005,0.5742599108260168,0.3551,0.3159,0.21,0.212
PI4KA,ENSG00000241973,0.1923,0.4985532793374755,0.574877302202353,0.2635,0.2306,0.157,0.152
ARID1A,ENSG00000117713,0.1595,0.5000889643652326,0.5764951297430506,0.3478,0.3114,0.205,0.206
PPP1R16A,ENSG00000160972,0.2157,0.5005155707892888,0.5766809837354848,0.2832,0.2438,0.169,0.167
SHISA2,ENSG00000180730,0.2438,0.5004159493816793,0.5766809837354848,0.2372,0.2003,0.141,0.135
NQO1,ENSG00000181019,-0.1107,0.5010025511544396,0.5770890769459831,0.1513,0.1634,0.095,0.108
QRICH1,ENSG00000198218,0.3059,0.5012884634464099,0.5772654112713559,0.1845,0.1492,0.113,0.105
GLT8D1,ENSG00000016864,0.3683,0.5017438441837769,0.5774824958259495,0.1677,0.1299,0.103,0.095
GPR107,ENSG00000148358,0.3399,0.5017701952227773,0.5774824958259495,0.1848,0.146,0.11,0.103
EPHA4,ENSG00000116106,0.2866,0.5018756067037762,0.5774824958259495,0.1674,0.1372,0.1,0.091
MMS19,ENSG00000155229,0.276,0.5022389896249796,0.5777476572022661,0.1954,0.1613,0.118,0.11
PLSCR1,ENSG00000188313,0.1831,0.5034355574947962,0.5789708740069818,0.3314,0.2919,0.193,0.193
EFR3A,ENSG00000132294,0.1655,0.5053645289891625,0.5810355140176985,0.3757,0.3349,0.216,0.221
ATP6V1B2,ENSG00000147416,0.2263,0.505640413756953,0.5811989521787141,0.2499,0.2136,0.155,0.151
B4GALT5,ENSG00000158470,0.1375,0.5067636660326554,0.5823360371702593,0.3733,0.3393,0.216,0.217
PI4KB,ENSG00000143393,0.2362,0.5072481653982651,0.5826194936736093,0.242,0.2055,0.148,0.143
CMIP,ENSG00000153815,0.217,0.5072784546849833,0.5826194936736093,0.1961,0.1687,0.119,0.111
NDFIP2,ENSG00000102471,0.1601,0.5077480600783507,0.583004773870677,0.3557,0.3184,0.213,0.216
ZBTB4,ENSG00000174282,0.2179,0.5093043077045818,0.5846372216809594,0.3082,0.265,0.181,0.182
MIA2,ENSG00000150527,0.1832,0.5106692581009429,0.5860492726978341,0.238,0.2096,0.144,0.136
EXOSC7,ENSG00000075914,0.1163,0.5117983490153166,0.5871899748734335,0.4305,0.3972,0.254,0.26
DOCK8,ENSG00000107099,0.2605,0.5136220818600841,0.5891268323473015,0.1781,0.1487,0.106,0.097
PPP1R2,ENSG00000184203,0.1563,0.5139727472177924,0.5892180320254619,0.4139,0.3714,0.24,0.252
SHARPIN,ENSG00000179526,0.1272,0.5139498739421199,0.5892180320254619,0.4295,0.3933,0.256,0.265
MTA3,ENSG00000057935,0.2467,0.5160793518868825,0.5914770209125505,0.1859,0.1567,0.113,0.104
ZMPSTE24,ENSG00000084073,0.172,0.5164003142836728,0.5915328850492467,0.2984,0.2649,0.183,0.181
BAZ2A,ENSG00000076108,0.1875,0.5162933153215296,0.5915328850492467,0.3404,0.2989,0.201,0.205
CREB3L2,ENSG00000182158,0.2538,0.5167729896427549,0.5918037978886463,0.2436,0.2043,0.145,0.141
NET1,ENSG00000173848,0.2167,0.5181176879085045,0.592875058359758,0.279,0.2401,0.165,0.162
SLC35F6,ENSG00000213699,0.3609,0.5180851489767648,0.592875058359758,0.1784,0.1389,0.108,0.102
UBE2A,ENSG00000077721,0.125,0.5179588313756169,0.592875058359758,0.4366,0.4003,0.258,0.269
RSPRY1,ENSG00000159579,0.2587,0.5184910041651609,0.593146065833585,0.2086,0.1744,0.128,0.122
MGC32805,ENSG00000250328,0.1413,0.5187533658844317,0.5932900337194053,0.2615,0.2371,0.152,0.143
VPS41,ENSG00000006715,0.2252,0.5199568938639538,0.5945100396560756,0.2847,0.2435,0.165,0.164
IL4R,ENSG00000077238,0.216,0.5211234633515903,0.5956871572135748,0.2514,0.2164,0.147,0.142
DIDO1,ENSG00000101191,0.2679,0.521714936673227,0.5962064461692991,0.2177,0.1808,0.129,0.123
GCLM,ENSG00000023909,0.3213,0.5243230561889894,0.5990294432695448,0.18,0.144,0.109,0.102
DR1,ENSG00000117505,0.2511,0.5249298795146466,0.599565113369423,0.2502,0.2102,0.153,0.15
CYB561,ENSG00000008283,0.2186,0.5253114952637126,0.5998433416752745,0.3087,0.2653,0.182,0.184
TRIM5,ENSG00000132256,0.3023,0.5260828689821202,0.6002884433953698,0.1836,0.1489,0.11,0.103
COG3,ENSG00000136152,0.2323,0.5259748418225483,0.6002884433953698,0.2053,0.1747,0.127,0.119
HAGLR,ENSG00000224189,0.1605,0.5261156651847592,0.6002884433953698,0.3672,0.3285,0.215,0.22
TMEM87B,ENSG00000153214,0.2659,0.5277490773069392,0.6019940918572068,0.2113,0.1757,0.126,0.119
MAP2K1,ENSG00000169032,0.184,0.5288317160151997,0.6029125492660173,0.2824,0.2486,0.169,0.166
ACTR3C,ENSG00000106526,-0.1143,0.5288278474379365,0.6029125492660173,0.1698,0.1838,0.106,0.118
SEC24A,ENSG00000113615,0.3768,0.529450873847439,0.6034601357831025,0.1758,0.1354,0.101,0.094
SHANK2,ENSG00000162105,-0.1469,0.5297431669087592,0.6036349772903691,0.1989,0.2202,0.117,0.128
FXR2,ENSG00000129245,0.3663,0.5319079057095475,0.6057840037247624,0.1834,0.1422,0.107,0.101
DELE1,ENSG00000081791,0.2307,0.5318341883822206,0.6057840037247624,0.262,0.2233,0.157,0.154
APMAP,ENSG00000101474,0.1756,0.5323968989452348,0.6060232904180174,0.3242,0.287,0.198,0.199
OSBPL2,ENSG00000130703,0.2894,0.5323968989452348,0.6060232904180174,0.2001,0.1637,0.12,0.114
ACP2,ENSG00000134575,0.2665,0.5365430238586262,0.6105828703036369,0.2087,0.1734,0.127,0.122
GALNT11,ENSG00000178234,0.1748,0.5377030196324649,0.6117427547965164,0.3138,0.2779,0.186,0.185
RBM33,ENSG00000184863,0.157,0.5385909242120185,0.6125925560391082,0.336,0.3013,0.193,0.193
DCUN1D3,ENSG00000188215,0.335,0.5388525570803149,0.6127297784068677,0.1721,0.1364,0.103,0.096
ZNF580,ENSG00000213015,0.12,0.5396378377631436,0.6133017894661668,0.452,0.416,0.26,0.272
ERLIN2,ENSG00000147475,0.3088,0.5396261129450125,0.6133017894661668,0.1786,0.1441,0.108,0.102
NUDT4,ENSG00000173598,0.1524,0.5408735658086464,0.6145454946416673,0.3979,0.358,0.233,0.243
KCNQ3,ENSG00000184156,-0.1642,0.5411181414447045,0.614662687589829,0.1503,0.1684,0.09,0.101
WNT7B,ENSG00000188064,0.2794,0.5414762997938528,0.6149088055667845,0.199,0.1639,0.119,0.113
SAP30BP,ENSG00000161526,0.1648,0.5422791604647599,0.6156596738191866,0.3632,0.324,0.215,0.22
NUTM2B-AS1,ENSG00000225484,0.1362,0.5443948874521862,0.6177389506180683,0.4159,0.3784,0.238,0.247
ARFRP1,ENSG00000101246,0.313,0.5443556337243469,0.6177389506180683,0.1992,0.1604,0.118,0.113
BCL10,ENSG00000142867,0.2826,0.545875778466703,0.6192576698554663,0.1857,0.1526,0.113,0.107
GLCE,ENSG00000138604,0.2511,0.5466287725332054,0.6199500640473149,0.2096,0.1761,0.125,0.119
SKA2,ENSG00000182628,0.274,0.5473330804099477,0.6205868947199668,0.2093,0.1731,0.127,0.122
BCL6,ENSG00000113916,0.1174,0.5479039380841839,0.6207483094144587,0.3783,0.3487,0.219,0.22
PITPNB,ENSG00000180957,0.2506,0.5478684969742542,0.6207483094144587,0.2599,0.2185,0.15,0.148
TRIM38,ENSG00000112343,0.3183,0.5476519370397117,0.6207483094144587,0.1964,0.1575,0.117,0.111
NHSL3,ENSG00000162522,0.1539,0.5487666875459726,0.6215334334500958,0.349,0.3137,0.21,0.213
DNAJC4,ENSG00000110011,0.1022,0.548882953884369,0.6215334334500958,0.4913,0.4577,0.279,0.296
NELFB,ENSG00000188986,0.2806,0.549032738606908,0.6215410997618188,0.2051,0.1689,0.125,0.12
TM9SF4,ENSG00000101337,0.2507,0.5508337009308122,0.6234175167305493,0.209,0.1757,0.127,0.122
SUMF1,ENSG00000144455,0.1463,0.5520544005309044,0.6243075667997294,0.239,0.2159,0.145,0.138
ANAPC5,ENSG00000089053,0.138,0.5521097387493021,0.6243075667997294,0.3929,0.357,0.234,0.243
ASXL1,ENSG00000171456,0.1634,0.5521947277446295,0.6243075667997294,0.2862,0.2556,0.171,0.167
CHD8,ENSG00000100888,0.2523,0.5519555890585943,0.6243075667997294,0.2229,0.1871,0.132,0.127
MAP9,ENSG00000164114,0.1869,0.5526296556288784,0.6246330361958562,0.2779,0.2441,0.169,0.167
CERS4,ENSG00000090661,0.1472,0.5527700545810545,0.6246330361958562,0.3195,0.2885,0.193,0.192
EPHB4,ENSG00000196411,0.3017,0.5538978347012656,0.6257447334576814,0.1814,0.1471,0.109,0.103
ERF,ENSG00000105722,0.364,0.55405225008964,0.6257565173829458,0.171,0.1329,0.101,0.095
EDEM2,ENSG00000088298,0.2793,0.558151917995504,0.6302229762557705,0.17,0.1401,0.107,0.1
GPR108,ENSG00000125734,0.1451,0.5593984132315817,0.6314663646505075,0.3763,0.3403,0.224,0.23
MAFK,ENSG00000198517,0.3464,0.5616841674114927,0.6338819505505966,0.1867,0.1468,0.108,0.102
SLFN5,ENSG00000166750,0.2642,0.5622782451420283,0.6343876566425896,0.2686,0.2237,0.154,0.153
NSL1,ENSG00000117697,0.2651,0.563415413019611,0.6355056799852657,0.2165,0.1802,0.131,0.126
NAGK,ENSG00000124357,0.2792,0.5640423261381966,0.6360477294749877,0.2073,0.1708,0.125,0.12
SLC35B2,ENSG00000157593,0.2282,0.5642340608777728,0.6360532485844713,0.2818,0.2406,0.168,0.169
SMARCC1,ENSG00000173473,0.155,0.5643399278743031,0.6360532485844713,0.3107,0.279,0.186,0.185
PLA2G12A,ENSG00000123739,0.1069,0.5675183727626637,0.6394697557756123,0.4514,0.4191,0.265,0.28
PIP4K2C,ENSG00000166908,0.3055,0.5680673147546107,0.6399223820434261,0.1771,0.1433,0.109,0.104
PHF23,ENSG00000040633,0.3059,0.5687448265197941,0.6405195688144663,0.1645,0.1331,0.102,0.095
SMIM20,ENSG00000250317,0.1055,0.5692903233319211,0.6409678096374428,0.4755,0.442,0.276,0.292
PJA2,ENSG00000198961,0.1024,0.5722065315204743,0.644084326855214,0.4526,0.4216,0.265,0.276
SMIM29,ENSG00000186577,0.1209,0.5750774104884893,0.6471482200888075,0.4503,0.4141,0.258,0.274
TIMM17A,ENSG00000134375,0.143,0.5757790500563718,0.647770062527826,0.3649,0.3305,0.219,0.224
KIF3B,ENSG00000101350,0.2824,0.576069501871975,0.6479291032959636,0.1851,0.1522,0.114,0.109
PPP1R14C,ENSG00000198729,0.1387,0.5763600228253656,0.64808813950816,0.3862,0.3507,0.225,0.232
ARPIN,ENSG00000242498,0.3045,0.5768282296938073,0.6484468407266649,0.1648,0.1335,0.101,0.095
STMN1,ENSG00000117632,0.2988,0.5800418762000995,0.651890869916119,0.1918,0.1559,0.108,0.102
AKAP11,ENSG00000023516,0.2567,0.5805884223059437,0.6523364227873917,0.2004,0.1677,0.121,0.116
AKAP8L,ENSG00000011243,0.2297,0.5841041980408549,0.6561170443746589,0.2254,0.1922,0.136,0.132
NPEPL1,ENSG00000215440,0.2905,0.5845225315848009,0.656417292575593,0.1753,0.1433,0.104,0.098
CYTH2,ENSG00000105443,0.2017,0.5846809660902197,0.6564255950989654,0.318,0.2765,0.186,0.19
NSD1,ENSG00000165671,0.2102,0.585272224826487,0.6567500875538117,0.2894,0.2501,0.166,0.166
FPGS,ENSG00000136877,0.1493,0.5851482609840867,0.6567500875538117,0.368,0.3318,0.216,0.223
CSF3,ENSG00000108342,-0.1341,0.5857051778239311,0.6570662629898824,0.186,0.2042,0.093,0.102
MYL6B,ENSG00000196465,0.1533,0.5871697804324283,0.6585393201959571,0.3586,0.3225,0.213,0.218
FBXO3,ENSG00000110429,0.2658,0.5882448988780151,0.6595749046759168,0.2015,0.1676,0.122,0.118
GTF2B,ENSG00000137947,0.1893,0.5884465848218183,0.6596308634603102,0.2731,0.2395,0.164,0.163
HTT,ENSG00000197386,0.1867,0.5890599877070749,0.6600168362265654,0.2811,0.247,0.165,0.164
EPHA2,ENSG00000142627,0.1776,0.5890946405252755,0.6600168362265654,0.3507,0.3101,0.197,0.202
IRF2BPL,ENSG00000119669,0.3037,0.5897124337821619,0.6605387209322875,0.2043,0.1655,0.119,0.116
YIF1B,ENSG00000167645,0.1863,0.5901163015319119,0.6606551207285446,0.2187,0.1922,0.137,0.132
SP1,ENSG00000185591,0.249,0.5901203816539831,0.6606551207285446,0.1957,0.1647,0.119,0.114
MIOS-DT,ENSG00000272894,0.2533,0.5912326987759814,0.6615595542946486,0.2191,0.1838,0.131,0.128
SLBP,ENSG00000163950,0.1415,0.5911142779271271,0.6615595542946486,0.3575,0.3241,0.215,0.22
C6orf226,ENSG00000221821,0.271,0.5917207893612448,0.6619352768504427,0.2061,0.1708,0.124,0.12
CCNT2,ENSG00000082258,0.2452,0.5921579814225482,0.662253882465876,0.2098,0.177,0.124,0.12
COMMD8,ENSG00000169019,0.3094,0.5925830577737234,0.6625587777423726,0.1711,0.138,0.106,0.101
NDEL1,ENSG00000166579,0.2971,0.5931739008299147,0.6630488099297349,0.1713,0.1394,0.104,0.098
PARP6,ENSG00000137817,0.325,0.59364022341781,0.6633994371236314,0.1735,0.1385,0.102,0.096
RPL7L1,ENSG00000146223,0.1225,0.5951200653845237,0.664882211866617,0.4101,0.3767,0.245,0.257
SOX5,ENSG00000134532,-0.2454,0.598244903006027,0.66820158017584,0.1764,0.2091,0.106,0.092
CDK12,ENSG00000167258,0.1942,0.5986678599800033,0.6684267568795933,0.2785,0.2434,0.164,0.164
IL6R,ENSG00000160712,0.1119,0.598754110568858,0.6684267568795933,0.4329,0.4006,0.248,0.259
ATP6V1H,ENSG00000047249,0.1584,0.599070410929806,0.6686081165641851,0.3177,0.2847,0.193,0.195
DENND4C,ENSG00000137145,0.2038,0.5998183308410379,0.6692709796752633,0.2179,0.1892,0.129,0.124
DPP8,ENSG00000074603,0.2866,0.600015654852259,0.6693193110851945,0.2205,0.1807,0.129,0.127
RIMOC1,ENSG00000205765,0.2392,0.6027606704784123,0.6720363965877835,0.201,0.1703,0.122,0.116
FNTA,ENSG00000168522,0.1875,0.6027318328831923,0.6720363965877835,0.2811,0.2468,0.17,0.171
AP1M1,ENSG00000072958,0.2808,0.6042466454746873,0.6735203696417007,0.1964,0.1616,0.118,0.115
PRKRIP1,ENSG00000128563,0.2563,0.604601378866549,0.6737429724497492,0.1839,0.154,0.11,0.105
SORBS3,ENSG00000120896,0.2477,0.6047952842653285,0.6737862869564516,0.205,0.1727,0.123,0.119
UNC93B1,ENSG00000110057,0.3102,0.6059448487071148,0.67489398064611,0.1787,0.1441,0.108,0.103
C6orf89,ENSG00000198663,0.1507,0.606665630276956,0.6755236559527673,0.3406,0.3068,0.205,0.21
SNX2,ENSG00000205302,0.1088,0.6077237447669714,0.6765285334931501,0.4498,0.4171,0.263,0.279
FAR1,ENSG00000197601,0.1945,0.6102007063863586,0.6791119769411305,0.2218,0.1938,0.134,0.13
FBXO38,ENSG00000145868,0.1704,0.6111848683562775,0.6800331382171997,0.2665,0.2368,0.159,0.157
HOXD1,ENSG00000128645,0.2798,0.6117010572729873,0.6804332723082679,0.1754,0.1445,0.106,0.101
ACO2,ENSG00000100412,0.1189,0.6134770564793968,0.6822342086641398,0.3732,0.3437,0.224,0.23
TPCN1,ENSG00000186815,0.2538,0.6159497992347818,0.6840956997677109,0.1805,0.1514,0.107,0.101
ZNF117,ENSG00000152926,0.2674,0.6159643577223148,0.6840956997677109,0.1963,0.163,0.113,0.109
VDAC3,ENSG00000078668,0.1307,0.6159539587872297,0.6840956997677109,0.3977,0.3632,0.236,0.247
SMIM27,ENSG00000235453,0.2402,0.6159789163609486,0.6840956997677109,0.2519,0.2133,0.148,0.147
SLC41A1,ENSG00000133065,0.262,0.616072511216901,0.6840956997677109,0.2231,0.186,0.133,0.131
CFAP221,ENSG00000163075,0.1062,0.6160953909090705,0.6840956997677109,0.3427,0.3184,0.201,0.201
ERBIN,ENSG00000112851,0.1331,0.6173002208273679,0.6852584316004448,0.3425,0.3123,0.2,0.203
FUT8,ENSG00000033170,0.1487,0.6194022913410366,0.6874163325250626,0.1965,0.1773,0.117,0.11
SLC25A46,ENSG00000164209,0.2195,0.6206328953610069,0.6886062198720796,0.2355,0.2023,0.144,0.141
PER3,ENSG00000049246,0.2782,0.6209459303440832,0.688777696088664,0.2001,0.165,0.116,0.112
PBX2,ENSG00000204304,0.2488,0.6211630082320683,0.6888426725635541,0.2469,0.2078,0.145,0.145
MIR22HG,ENSG00000186594,0.1177,0.6214719836285598,0.6890095002167655,0.3961,0.3651,0.23,0.236
PHKB,ENSG00000102893,0.1462,0.6228882776242679,0.6901326450379638,0.3677,0.3322,0.213,0.219
NT5C3A,ENSG00000122643,0.2466,0.6229614280911027,0.6901326450379638,0.2243,0.1891,0.135,0.133
TMEM168,ENSG00000146802,0.2562,0.622873647977483,0.6901326450379638,0.1701,0.1424,0.104,0.098
GALNT7,ENSG00000109586,0.1835,0.625191162087684,0.6924262972561352,0.2623,0.231,0.154,0.153
CCAR1,ENSG00000060339,0.1452,0.6258150986671409,0.692940743645196,0.3402,0.3076,0.2,0.204
BTBD9,ENSG00000183826,-0.1991,0.6271916368702539,0.6942880422409892,0.299,0.3433,0.176,0.183
RNF40,ENSG00000103549,0.2684,0.627510290553559,0.6944638968030984,0.1952,0.162,0.119,0.116
EPC1,ENSG00000120616,0.1273,0.6281603916587547,0.6950063803841517,0.3958,0.3623,0.23,0.239
MIA3,ENSG00000154305,0.1962,0.6312533567902692,0.6982507224765869,0.2771,0.2418,0.164,0.165
OGA,ENSG00000198408,0.1158,0.6333841843574555,0.700251250373315,0.381,0.3516,0.223,0.228
IBTK,ENSG00000005700,0.1271,0.6333799743874533,0.700251250373315,0.3697,0.3385,0.22,0.227
CHMP1A,ENSG00000131165,0.2787,0.634003179027133,0.7007573285991657,0.2222,0.1831,0.132,0.131
MACC1,ENSG00000183742,0.1795,0.6347656943945579,0.7014217411235059,0.2754,0.2432,0.157,0.156
KLHDC3,ENSG00000124702,0.2268,0.6358237466707006,0.7022338000078436,0.2672,0.2283,0.159,0.161
BLOC1S2,ENSG00000196072,0.2112,0.6357077882958393,0.7022338000078436,0.2875,0.2484,0.171,0.174
KIAA2013,ENSG00000116685,0.29,0.6361273890610709,0.7023906587549325,0.1941,0.1587,0.116,0.113
BCCIP,ENSG00000107949,0.1268,0.6367264185397923,0.7028735115504031,0.3956,0.3623,0.232,0.241
IKBKG,ENSG00000269335,0.3298,0.6393425646624631,0.7054030936844541,0.181,0.144,0.105,0.102
OTUD4,ENSG00000164164,0.2864,0.6393087519918075,0.7054030936844541,0.1734,0.1422,0.104,0.099
APC,ENSG00000134982,0.2563,0.6404482286148938,0.7057271809230042,0.1793,0.1501,0.108,0.103
ALG13,ENSG00000101901,0.1406,0.6401479501506848,0.7057271809230042,0.3762,0.3413,0.218,0.226
ACSS1,ENSG00000154930,0.2494,0.640422850691905,0.7057271809230042,0.2127,0.1789,0.125,0.123
UBE2J1,ENSG00000198833,0.1548,0.6400020614607473,0.7057271809230042,0.3684,0.3309,0.217,0.226
EIF2B5,ENSG00000145191,0.2285,0.6399111523588759,0.7057271809230042,0.2439,0.2082,0.147,0.146
CYP27A1,ENSG00000135929,0.2512,0.6419547371043925,0.7072079309139899,0.1769,0.1486,0.108,0.103
MFSD5,ENSG00000182544,0.2765,0.6426026507050584,0.7075629896032894,0.1686,0.1392,0.104,0.1
SLC43A2,ENSG00000167703,0.2744,0.6424925285429408,0.7075629896032894,0.2008,0.166,0.118,0.116
IGSF3,ENSG00000143061,0.2581,0.643585626775542,0.7084658394038768,0.209,0.1748,0.123,0.121
MGAT4B,ENSG00000161013,0.228,0.6439798398892201,0.7087202796045963,0.2623,0.224,0.154,0.155
TMEM131,ENSG00000075568,0.1827,0.6458590242993569,0.7106084353430393,0.23,0.2027,0.136,0.133
MARVELD2,ENSG00000152939,0.2283,0.6461986219292126,0.7108021288039378,0.199,0.1699,0.122,0.119
GTF3C2,ENSG00000115207,0.2792,0.6464066618960922,0.7108510507592147,0.1824,0.1503,0.109,0.106
LGALS8,ENSG00000116977,0.2186,0.646691169456771,0.7109840178242162,0.2272,0.1953,0.14,0.138
TTC1,ENSG00000113312,0.1306,0.6485438521338995,0.7128405618042305,0.3795,0.3467,0.226,0.234
BOK,ENSG00000176720,0.1702,0.6502880408985015,0.7145769470909955,0.3245,0.2884,0.191,0.196
C1GALT1C1,ENSG00000171155,0.2047,0.6509117348035767,0.7150814963236461,0.1841,0.1597,0.115,0.11
CMTM4,ENSG00000183723,0.2326,0.6523281923655673,0.7164564882539185,0.1968,0.1675,0.118,0.114
SPAG1,ENSG00000104450,0.2514,0.6537821636403752,0.7178686039629284,0.1996,0.1677,0.116,0.112
CHIA,ENSG00000134216,0.1467,0.6539442713044716,0.7178686039629284,0.1992,0.18,0.12,0.114
PHF1,ENSG00000112511,0.1812,0.6547977384858858,0.7186239826918333,0.308,0.2717,0.182,0.186
UGGT1,ENSG00000136731,0.2475,0.6550495975548345,0.7187188969889701,0.18,0.1516,0.11,0.106
METTL9,ENSG00000197006,0.125,0.6566000338782483,0.7200564590549753,0.3908,0.3584,0.234,0.245
ANTXR1,ENSG00000169604,0.2083,0.6564825246921726,0.7200564590549753,0.1674,0.1448,0.102,0.097
ZDHHC16,ENSG00000171307,0.1576,0.6586054053701047,0.7218913220021375,0.3282,0.2943,0.196,0.201
TRPC4AP,ENSG00000100991,0.1646,0.6585626212227307,0.7218913220021375,0.273,0.2436,0.164,0.164
USP33,ENSG00000077254,0.2148,0.6604890125870739,0.723773385956486,0.2286,0.197,0.136,0.134
SNAPC5,ENSG00000174446,0.2468,0.6611273590873978,0.7242902703790852,0.2525,0.2128,0.148,0.15
CUL4A,ENSG00000139842,0.1591,0.6620767659827802,0.725147586935777,0.2848,0.2551,0.171,0.172
NCLN,ENSG00000125912,0.2646,0.6629859624705113,0.7259604416469746,0.2149,0.1788,0.127,0.125
KIAA0232,ENSG00000170871,0.2013,0.6655296256191454,0.7285621543931502,0.2367,0.2059,0.14,0.138
ARHGAP12,ENSG00000165322,0.1141,0.6664836884363836,0.7294228430985956,0.3229,0.2983,0.191,0.192
TOM1,ENSG00000100284,0.1026,0.6705853982871304,0.7337271251147706,0.4072,0.3792,0.239,0.248
TMEM116,ENSG00000198270,0.192,0.6727025093397776,0.7358583200580602,0.2617,0.2291,0.154,0.155
PTCD3,ENSG00000132300,0.2327,0.6733972810729356,0.7364329601265672,0.228,0.194,0.136,0.135
POLR2M,ENSG00000255529,0.2885,0.674450758313801,0.7373994957564224,0.1613,0.132,0.1,0.096
DFFA,ENSG00000160049,0.1017,0.6785606421675212,0.7417063759708368,0.21,0.1957,0.127,0.14
AP2A2,ENSG00000183020,0.1405,0.679026068496906,0.7420284872234231,0.3529,0.3202,0.206,0.213
ACAD9,ENSG00000177646,0.1015,0.6796995296633808,0.7425777164195708,0.1546,0.1441,0.092,0.103
TMCO3,ENSG00000150403,0.2623,0.6827061426586352,0.7456750178422791,0.1805,0.1505,0.11,0.107
ECI2,ENSG00000198721,0.2151,0.683068491137713,0.7458833322825378,0.2444,0.2106,0.148,0.148
RNPEP,ENSG00000176393,0.115,0.690491926246111,0.7538000279993967,0.393,0.3629,0.235,0.246
ARL3,ENSG00000138175,0.1411,0.691671041988686,0.7543578547718609,0.3554,0.3223,0.211,0.219
CLASRP,ENSG00000104859,0.2102,0.6916972046170883,0.7543578547718609,0.2018,0.1744,0.119,0.116
TCAIM,ENSG00000179152,0.2393,0.6913505796689747,0.7543578547718609,0.1849,0.1566,0.112,0.109
KMT2A,ENSG00000118058,0.1357,0.6912786467445052,0.7543578547718609,0.355,0.3232,0.205,0.211
PLS1,ENSG00000120756,0.1833,0.6926632989890776,0.7552219511807656,0.2657,0.234,0.159,0.161
ZDHHC7,ENSG00000153786,0.1633,0.6932589065466424,0.7556817677079778,0.2838,0.2534,0.172,0.175
ASCC3,ENSG00000112249,0.1163,0.6938045010491195,0.7560868509426963,0.2661,0.2455,0.16,0.158
ARFGEF1,ENSG00000066777,0.1458,0.6946210067566568,0.7564837346092164,0.2519,0.2277,0.15,0.149
FUNDC1,ENSG00000069509,0.1084,0.6946734149569672,0.7564837346092164,0.1709,0.1585,0.103,0.114
RCC1L,ENSG00000274523,0.1535,0.6946908846814042,0.7564837346092164,0.1543,0.1387,0.09,0.102
CYP4V2,ENSG00000145476,0.2757,0.695595164053785,0.7572787031507389,0.1653,0.1365,0.1,0.097
AKAP17A,ENSG00000197976,0.1036,0.6960540221269834,0.7574207974687939,0.1808,0.1683,0.106,0.118
SPRYD3,ENSG00000167778,0.2318,0.6962485241343377,0.7574207974687939,0.2194,0.1868,0.13,0.129
IFT20,ENSG00000109083,0.1022,0.6960802459511078,0.7574207974687939,0.4374,0.4075,0.256,0.272
GK,ENSG00000198814,0.1613,0.6986409975845189,0.7598332771527325,0.2799,0.2503,0.163,0.164
CGGBP1,ENSG00000163320,0.1138,0.7005435546082357,0.7617118559738285,0.3786,0.3499,0.225,0.234
EGFL7,ENSG00000172889,0.1742,0.7014900601694198,0.7625502254868181,0.2438,0.216,0.145,0.145
CLSTN3,ENSG00000139182,0.2032,0.7029194595396707,0.7637219927898522,0.2241,0.1947,0.132,0.131
POMGNT1,ENSG00000085998,0.2715,0.7028514734647195,0.7637219927898522,0.1941,0.1608,0.117,0.116
DHX9,ENSG00000135829,0.1158,0.7035467979265448,0.7642026568342037,0.4017,0.3707,0.234,0.246
DNAJB2,ENSG00000135924,0.1849,0.7037135371952332,0.7642026568342037,0.2785,0.245,0.168,0.173
TEX261,ENSG00000144043,0.1177,0.7042972367828746,0.764645463666843,0.1531,0.1411,0.093,0.103
GMDS,ENSG00000112699,0.1944,0.7046923203181295,0.7648833227029447,0.1771,0.1547,0.106,0.102
MSL1,ENSG00000188895,0.1836,0.7052411796145982,0.7652879317365902,0.2683,0.2363,0.16,0.163
E2F4,ENSG00000205250,0.1119,0.7055046865968968,0.7653827678357747,0.2097,0.194,0.125,0.138
FAM111A,ENSG00000166801,0.2016,0.705941746860294,0.7656657928262635,0.255,0.2217,0.15,0.152
MED8,ENSG00000159479,0.1482,0.7078206708578217,0.7675121346177878,0.3341,0.3015,0.2,0.207
MECOM,ENSG00000085276,-0.1004,0.7087443038926085,0.7683219617653471,0.6614,0.7091,0.374,0.394
FAM135A,ENSG00000082269,0.1187,0.7096353558180191,0.769096073911499,0.2477,0.2281,0.143,0.14
STX17,ENSG00000136874,0.2159,0.7122183439768881,0.7717030473506746,0.2467,0.2124,0.145,0.147
DIP2B,ENSG00000066084,0.1684,0.7132542300605327,0.7726328224932889,0.1711,0.1522,0.1,0.096
AP5M1,ENSG00000053770,0.1095,0.7139377637189885,0.7731805435142598,0.1668,0.1546,0.1,0.111
CCDC32,ENSG00000128891,0.1209,0.7155526955975238,0.7747364262747479,0.1721,0.1583,0.103,0.114
PHACTR4,ENSG00000204138,0.1257,0.716091289636874,0.7751264619581206,0.2545,0.2333,0.156,0.155
EXOC3,ENSG00000180104,0.276,0.7178161808089125,0.77680008012837,0.1662,0.1373,0.1,0.098
SLMAP,ENSG00000163681,0.1363,0.7184106191870481,0.7770659462131521,0.3004,0.2733,0.178,0.182
ARFIP1,ENSG00000164144,0.1331,0.7184194597064991,0.7770659462131521,0.2846,0.2595,0.172,0.174
FILIP1L,ENSG00000168386,0.1654,0.7196619268576973,0.7782161567861539,0.1825,0.1627,0.109,0.106
SCAMP4,ENSG00000227500,0.1444,0.7223328581695787,0.7809100999017385,0.3339,0.3021,0.197,0.205
MSRB2,ENSG00000148450,0.1304,0.723127932816159,0.7813111127633707,0.365,0.3334,0.217,0.227
IRF2,ENSG00000168310,0.195,0.723243121639908,0.7813111127633707,0.2556,0.2233,0.152,0.154
FURIN,ENSG00000140564,0.1258,0.7229285823692979,0.7813111127633707,0.3775,0.346,0.222,0.233
HECTD4,ENSG00000173064,0.1566,0.7241072375228925,0.7820502122948536,0.173,0.1552,0.104,0.1
PMPCA,ENSG00000165688,0.1886,0.7257921652281909,0.783675217411607,0.2499,0.2193,0.15,0.152
RB1,ENSG00000139687,0.1793,0.7260982553228681,0.7838109830186748,0.1787,0.1578,0.109,0.106
TSPYL2,ENSG00000184205,0.1282,0.7271233098481449,0.7841384378660143,0.3657,0.3346,0.208,0.218
CDS2,ENSG00000101290,0.1848,0.7270301028569469,0.7841384378660143,0.2653,0.2334,0.157,0.16
SWI5,ENSG00000175854,0.1544,0.7270079113115222,0.7841384378660143,0.2862,0.2571,0.174,0.178
GNA11,ENSG00000088256,0.1854,0.7267638194303123,0.7841384378660143,0.2913,0.2562,0.173,0.179
SPG11,ENSG00000104133,0.1522,0.7289527574383079,0.7859163194807457,0.2197,0.1977,0.132,0.131
FBXO22,ENSG00000167196,0.2559,0.7299058367887015,0.7867487020544882,0.2009,0.1682,0.118,0.118
ITGAE,ENSG00000083457,0.1403,0.73040364789672,0.7870900703593219,0.3237,0.2937,0.194,0.2
USP6NL,ENSG00000148429,0.1738,0.7310371878255657,0.7875774958576868,0.1841,0.1632,0.109,0.106
SIN3A,ENSG00000169375,0.2299,0.7314774394034271,0.7878564935928858,0.187,0.1594,0.113,0.112
EIF4G3,ENSG00000075151,0.131,0.7320245418115893,0.7882504109794765,0.2002,0.1828,0.122,0.119
ARMCX3,ENSG00000102401,0.1344,0.7336844730214844,0.7898421401415336,0.3559,0.3243,0.213,0.222
DDX42,ENSG00000198231,0.1544,0.73808059874381,0.7941861025448146,0.3331,0.2993,0.194,0.202
RBM15B,ENSG00000259956,0.1176,0.7380850594060069,0.7941861025448146,0.1612,0.1486,0.097,0.106
PPP4R3A,ENSG00000100796,0.1536,0.7400307463111251,0.7960825800663737,0.3319,0.2983,0.192,0.2
LCOR,ENSG00000196233,0.1726,0.7434195774944758,0.7995301865357565,0.1854,0.1645,0.109,0.106
WIPI1,ENSG00000070540,0.126,0.7438175397563177,0.7997138859859705,0.188,0.1723,0.112,0.123
BRWD1,ENSG00000185658,0.1426,0.7439584079708419,0.7997138859859705,0.3309,0.2997,0.191,0.197
TMEM64,ENSG00000180694,0.1729,0.7464663964174334,0.8022114141518708,0.2217,0.1967,0.136,0.136
HPS4,ENSG00000100099,0.1143,0.7482063402331213,0.8038825104210494,0.1851,0.171,0.108,0.119
NUMB,ENSG00000133961,0.1054,0.7510373234288718,0.8067247176524658,0.3406,0.3166,0.2,0.205
EHD4,ENSG00000103966,0.2055,0.7521230886531951,0.8076913623145011,0.2437,0.2113,0.145,0.148
MRS2,ENSG00000124532,0.1442,0.7527918412173962,0.8082098176706531,0.1836,0.1662,0.108,0.118
ZDHHC6,ENSG00000023041,0.1151,0.7552777212563756,0.8106784333366778,0.1801,0.1663,0.108,0.119
ZNF721,ENSG00000182903,0.165,0.7568127335059979,0.812125466621498,0.2653,0.2366,0.155,0.158
MTX2,ENSG00000128654,0.1379,0.7627865421986333,0.8183338218699729,0.3417,0.3105,0.202,0.212
METRN,ENSG00000103260,0.1029,0.763748994945474,0.8191641490703431,0.1684,0.1568,0.1,0.109
YKT6,ENSG00000106636,0.2402,0.7643104065467874,0.8195640332722275,0.2088,0.1768,0.126,0.127
STX4,ENSG00000103496,0.1118,0.765108771217095,0.8202177404315478,0.2111,0.1954,0.127,0.139
ZNF281,ENSG00000162702,0.185,0.7679253310859275,0.8230341526262492,0.2819,0.248,0.165,0.171
MRPL50,ENSG00000136897,0.158,0.7692534294652897,0.8242542910394844,0.3136,0.2811,0.187,0.195
PCNX1,ENSG00000100731,0.1446,0.7719478394962525,0.8269374686839323,0.1645,0.1488,0.1,0.097
DUSP16,ENSG00000111266,0.1097,0.7729385928402438,0.8277070934839925,0.2983,0.2764,0.175,0.178
TRIOBP,ENSG00000100106,0.1956,0.7730471910841062,0.8277070934839925,0.289,0.2523,0.168,0.174
GRIPAP1,ENSG00000068400,0.2305,0.7737305568900703,0.8282347291241984,0.1788,0.1524,0.108,0.107
NSMCE1,ENSG00000169189,0.1195,0.7741900040430219,0.8285224716993285,0.3194,0.294,0.194,0.2
TJP3,ENSG00000105289,0.2172,0.7744389986104503,0.8285849059480593,0.2224,0.1913,0.13,0.131
PRAF2,ENSG00000243279,0.1382,0.7747581983041683,0.8287224045852609,0.1631,0.1482,0.098,0.107
MANBA,ENSG00000109323,0.1473,0.780287923978701,0.834431918703601,0.2561,0.2313,0.151,0.153
NIPAL3,ENSG00000001461,0.1106,0.781109272815812,0.8350255151464935,0.1703,0.1577,0.103,0.112
ZC3H7B,ENSG00000100403,0.1141,0.7812272767109163,0.8350255151464935,0.194,0.1792,0.116,0.126
GMPR2,ENSG00000100938,0.1591,0.7815677007780301,0.8351839753089055,0.2954,0.2645,0.177,0.183
RGP1,ENSG00000107185,0.1415,0.7824620805310125,0.8359341696135153,0.1799,0.1631,0.106,0.116
RGS3,ENSG00000138835,0.1324,0.7832341115847419,0.8365533175097783,0.1699,0.155,0.1,0.109
DCAF7,ENSG00000136485,0.1414,0.7847560910896858,0.8379729660628438,0.3364,0.305,0.198,0.208
HDGFL3,ENSG00000166503,0.2205,0.7850151369004137,0.8380436710806185,0.1698,0.1457,0.103,0.102
PTAR1,ENSG00000188647,0.1754,0.786888244674206,0.8398370116291992,0.267,0.2365,0.156,0.16
POGK,ENSG00000143157,0.2039,0.7874931769076262,0.839990026698965,0.2549,0.2213,0.15,0.155
DNAL4,ENSG00000100246,0.2211,0.7876114493323245,0.839990026698965,0.1984,0.1702,0.121,0.121
LRCH4,ENSG00000077454,0.2587,0.7872611952344696,0.839990026698965,0.2049,0.1713,0.119,0.121
ALG2,ENSG00000119523,0.1325,0.787820712542467,0.8400070698502359,0.3312,0.3021,0.196,0.206
ZNF302,ENSG00000089335,0.1363,0.7897275308423797,0.8418336642239348,0.1876,0.1707,0.109,0.119
CARS2,ENSG00000134905,0.2132,0.7926858131996576,0.8447799274560353,0.1874,0.1617,0.112,0.111
DPP9,ENSG00000142002,0.1922,0.7929113942219818,0.844813169720209,0.226,0.1978,0.134,0.136
TFDP2,ENSG00000114126,0.1635,0.7934628874275962,0.8451935560687092,0.2098,0.1873,0.127,0.127
CTR9,ENSG00000198730,0.1671,0.7939187449120497,0.8454719101660789,0.2637,0.2348,0.158,0.162
ANKRD39,ENSG00000213337,0.2152,0.7969337267157637,0.8482669547652972,0.1809,0.1558,0.112,0.111
EXOC5,ENSG00000070367,0.1962,0.796892655059653,0.8482669547652972,0.1942,0.1695,0.118,0.119
STARD3,ENSG00000131748,0.1174,0.7972897046128083,0.8484380647030522,0.1547,0.1426,0.094,0.102
SPIN1,ENSG00000106723,0.2069,0.7988373282835203,0.8498768736157108,0.2148,0.1861,0.126,0.127
COX11,ENSG00000166260,0.1149,0.7993990512503719,0.8502663428130486,0.2392,0.2208,0.144,0.157
RTCB,ENSG00000100220,0.1618,0.8010939815306171,0.8518606419701643,0.3137,0.2804,0.185,0.195
UBXN2A,ENSG00000173960,0.221,0.8031465106219794,0.8538343285624076,0.1925,0.1651,0.114,0.115
RPS6KB1,ENSG00000108443,0.2112,0.8044454718732642,0.8550061190416254,0.1812,0.1565,0.109,0.109
MANSC1,ENSG00000111261,0.2247,0.804870953507602,0.8552491843383957,0.1604,0.1373,0.101,0.1
PARN,ENSG00000140694,0.106,0.80531479700616,0.855302567885819,0.3124,0.2903,0.185,0.189
RXYLT1,ENSG00000118600,0.1122,0.8052232777438042,0.855302567885819,0.1696,0.1569,0.103,0.111
SYBU,ENSG00000147642,0.1271,0.8084692560901631,0.858443045924224,0.2599,0.2379,0.154,0.156
EIF2B4,ENSG00000115211,0.1243,0.809978915429179,0.8598359468625335,0.1637,0.1502,0.099,0.107
NUP54,ENSG00000138750,0.1089,0.8105036821951894,0.8601829066716222,0.1706,0.1582,0.104,0.112
USP38,ENSG00000170185,0.1845,0.8116153687624964,0.8611524396098167,0.2025,0.1782,0.123,0.124
STX7,ENSG00000079950,0.1147,0.8119157040026732,0.8612608370992476,0.352,0.3251,0.208,0.218
RAB8A,ENSG00000167461,0.1784,0.8130622757541941,0.8622666301678202,0.281,0.2483,0.169,0.177
OXLD1,ENSG00000204237,0.1604,0.8143010233735894,0.8633696627425274,0.3011,0.2694,0.177,0.184
NOSIP,ENSG00000142546,0.1216,0.8153749805064392,0.8642974793368255,0.3393,0.3119,0.201,0.21
CHST12,ENSG00000136213,0.2248,0.8159442267688317,0.8646324082106329,0.1971,0.1686,0.118,0.12
CDC34,ENSG00000099804,0.2089,0.8160888491670539,0.8646324082106329,0.1935,0.1674,0.117,0.117
NSD2,ENSG00000109685,0.1799,0.8168166473084504,0.865181153298808,0.2157,0.1904,0.126,0.127
POLDIP3,ENSG00000100227,0.1309,0.8170049362950547,0.865181153298808,0.1668,0.1524,0.1,0.108
GNPAT,ENSG00000116906,0.1596,0.8184633846077922,0.8657299575924313,0.2547,0.228,0.154,0.158
ABHD11,ENSG00000106077,0.1764,0.8183967645741647,0.8657299575924313,0.2619,0.2318,0.156,0.161
PARP9,ENSG00000138496,0.1202,0.8187183906361926,0.8657299575924313,0.3343,0.3076,0.196,0.205
MAP3K11,ENSG00000173327,0.1437,0.8186127101337639,0.8657299575924313,0.1795,0.1625,0.108,0.117
MAX,ENSG00000125952,0.108,0.817758197751021,0.8657299575924313,0.289,0.2681,0.17,0.186
ZC3H18,ENSG00000158545,0.208,0.8180567931105629,0.8657299575924313,0.1828,0.1583,0.111,0.111
CASC3,ENSG00000108349,0.1132,0.8208533797000381,0.8677764018915995,0.2599,0.2402,0.153,0.166
BCL7A,ENSG00000110987,0.2,0.8212327151459355,0.8679662889163997,0.1787,0.1555,0.108,0.108
MAPK9,ENSG00000050748,0.2272,0.8216304875110783,0.8681755649703734,0.1947,0.1663,0.117,0.118
SEL1L,ENSG00000071537,0.1657,0.8223548728229265,0.8685186579072754,0.2285,0.2037,0.139,0.141
CRKL,ENSG00000099942,0.136,0.8223548728229265,0.8685186579072754,0.2066,0.188,0.122,0.132
RNASET2,ENSG00000026297,0.1633,0.8265915125149108,0.8726123165004496,0.1958,0.1748,0.122,0.122
RDH14,ENSG00000240857,0.1669,0.8266951334692813,0.8726123165004496,0.2419,0.2155,0.148,0.152
PKP3,ENSG00000184363,0.1057,0.8268332994359989,0.8726123165004496,0.2279,0.2118,0.138,0.149
GSK3A,ENSG00000105723,0.1403,0.8273721978926477,0.8729690633749568,0.1963,0.1781,0.118,0.127
FAM219B,ENSG00000178761,0.1361,0.8285470015109911,0.8739964244094096,0.1856,0.1689,0.11,0.119
ARMC10,ENSG00000170632,0.1585,0.8301923704948473,0.8748826484409812,0.3156,0.2827,0.187,0.198
TIAL1,ENSG00000151923,0.1024,0.8301808457049447,0.8748826484409812,0.3813,0.3552,0.227,0.241
ERAL1,ENSG00000132591,0.1043,0.8298512521865317,0.8748826484409812,0.1825,0.1698,0.112,0.12
HMG20B,ENSG00000064961,0.1314,0.8299687960935324,0.8748826484409812,0.3146,0.2872,0.191,0.199
RPS6KA1,ENSG00000117676,0.142,0.8306211186139442,0.8751222743021094,0.2174,0.197,0.129,0.14
GON4L,ENSG00000116580,0.1292,0.8321428889995066,0.8765130866679243,0.2112,0.1931,0.122,0.131
NPLOC4,ENSG00000182446,0.1577,0.8328809439724294,0.8770779216147754,0.2106,0.1888,0.127,0.127
MOGS,ENSG00000115275,0.2241,0.8341752017641756,0.8782280588340861,0.1852,0.1585,0.11,0.111
NECAP2,ENSG00000157191,0.2306,0.8355530070449164,0.8794655772868023,0.1692,0.1442,0.104,0.105
MTFR1L,ENSG00000117640,0.1705,0.8377788688095392,0.8815949065003045,0.1688,0.15,0.101,0.11
RAB3GAP2,ENSG00000118873,0.2107,0.8380860662078747,0.8817046825803495,0.2056,0.1776,0.12,0.122
APOO,ENSG00000184831,0.1976,0.8388275991019762,0.882271235647916,0.164,0.143,0.103,0.103
UBE2D4,ENSG00000078967,0.2187,0.8415084703397471,0.8848767994426666,0.2172,0.1866,0.127,0.131
LRP5,ENSG00000162337,0.179,0.8450796498977637,0.8884170678412389,0.2097,0.1852,0.124,0.126
CEP104,ENSG00000116198,0.151,0.845287913480642,0.8884211056800171,0.1855,0.167,0.109,0.118
BIRC3,ENSG00000023445,0.1448,0.8466905023991844,0.8896377179028093,0.2757,0.2493,0.154,0.157
LNPEP,ENSG00000113441,0.1587,0.8468548640045841,0.8896377179028093,0.2257,0.2022,0.136,0.139
MEF2D,ENSG00000116604,0.1862,0.8482973641596743,0.8909377343252645,0.1932,0.1698,0.116,0.117
CABLES1,ENSG00000134508,0.1843,0.848735077266897,0.8911820840304263,0.2091,0.184,0.122,0.124
DMTF1,ENSG00000135164,0.1573,0.850620785760684,0.8928766379694512,0.1934,0.1734,0.113,0.114
NKAPD1,ENSG00000150776,0.1501,0.8507598154237224,0.8928766379694512,0.182,0.164,0.108,0.117
CIZ1,ENSG00000148337,0.2391,0.8525653035102303,0.8937337392526088,0.1938,0.1642,0.114,0.116
TNPO1,ENSG00000083312,0.1462,0.8526047130559862,0.8937337392526088,0.2705,0.2444,0.159,0.165
SAMM50,ENSG00000100347,0.1205,0.852136458740743,0.8937337392526088,0.1803,0.1658,0.11,0.118
RBM42,ENSG00000126254,0.1219,0.8518930797949442,0.8937337392526088,0.3343,0.3073,0.199,0.21
RELA,ENSG00000173039,0.1389,0.8524633040423157,0.8937337392526088,0.2366,0.2148,0.141,0.152
SPNS1,ENSG00000169682,0.1152,0.8528203129633114,0.8937441717237886,0.1999,0.1846,0.122,0.13
SVBP,ENSG00000177868,0.1035,0.8536712283673697,0.8942799624434635,0.1921,0.1788,0.117,0.124
INTS10,ENSG00000104613,0.1233,0.8537431118679084,0.8942799624434635,0.3323,0.305,0.197,0.208
AKIP1,ENSG00000166452,0.1008,0.8542579259355495,0.8946036014737103,0.195,0.1818,0.119,0.127
DYNLL2,ENSG00000264364,0.1534,0.8546243629523959,0.894771737265987,0.3219,0.2894,0.187,0.199
AFMID,ENSG00000183077,0.1671,0.8559697797502512,0.8959645141605471,0.1873,0.1668,0.113,0.113
GPBP1L1,ENSG00000159592,0.1018,0.858139564417422,0.8980193948851712,0.3566,0.3323,0.212,0.223
CHMP1B,ENSG00000255112,0.1114,0.8584343668971457,0.8981116414383715,0.3507,0.3246,0.21,0.222
EXOSC4,ENSG00000178896,0.1113,0.8593955134129114,0.8989008186022895,0.305,0.2823,0.185,0.192
INTS3,ENSG00000143624,0.1284,0.8605287265469685,0.8994367112970479,0.2625,0.2401,0.156,0.161
SLC25A16,ENSG00000122912,0.1242,0.8602128840802467,0.8994367112970479,0.2728,0.2503,0.164,0.168
PYGB,ENSG00000100994,0.1515,0.8604311845782455,0.8994367112970479,0.2817,0.2536,0.168,0.176
ERGIC2,ENSG00000087502,0.1046,0.8616575808620321,0.9004000592513566,0.3774,0.351,0.224,0.239
IFI35,ENSG00000068079,0.1305,0.8618991831852826,0.90043602166424,0.1563,0.1428,0.097,0.103
BLOC1S4,ENSG00000186222,0.1095,0.8626589207243331,0.9010131385407238,0.1783,0.1652,0.112,0.119
JMJD6,ENSG00000070495,0.1451,0.8639905098923839,0.902187111002475,0.1767,0.1598,0.108,0.116
TWF1,ENSG00000151239,0.132,0.8645530076300785,0.9025576197838868,0.351,0.3203,0.206,0.22
FBXL3,ENSG00000005812,0.157,0.8657433113938309,0.903583196762149,0.2231,0.2001,0.131,0.141
ARHGEF7,ENSG00000102606,0.1717,0.8661758020037881,0.9038175355362456,0.1868,0.1658,0.111,0.112
AKIRIN2,ENSG00000135334,0.1458,0.8671083507193088,0.904573425882409,0.2936,0.2654,0.173,0.181
KPNA1,ENSG00000114030,0.1298,0.8676944860446398,0.9049676593112562,0.2561,0.2341,0.153,0.157
CREBZF,ENSG00000137504,0.1054,0.8681620509084074,0.9052380693972981,0.2385,0.2217,0.141,0.15
NFATC2IP,ENSG00000176953,0.1232,0.8689018745269153,0.9057921675927018,0.2441,0.2241,0.144,0.155
PCGF1,ENSG00000115289,0.1596,0.8707938307879786,0.9075467598572075,0.244,0.2184,0.145,0.149
GOT1,ENSG00000120053,0.1563,0.8714293035571633,0.907773670484044,0.2679,0.2404,0.16,0.167
RBM12,ENSG00000244462,0.2249,0.8713059268804451,0.907773670484044,0.1681,0.1438,0.102,0.103
CRIPT,ENSG00000119878,0.1625,0.8725957164765894,0.9079006425202915,0.256,0.2288,0.153,0.158
RING1,ENSG00000204227,0.1619,0.8725468193367064,0.9079006425202915,0.2771,0.2477,0.163,0.17
SKIL,ENSG00000136603,0.1377,0.8720252801803191,0.9079006425202915,0.313,0.2845,0.178,0.187
KIFAP3,ENSG00000075945,0.1938,0.8725118931063384,0.9079006425202915,0.1786,0.1561,0.105,0.106
MON2,ENSG00000061987,0.1021,0.8719926858277058,0.9079006425202915,0.2519,0.2346,0.148,0.15
METTL17,ENSG00000165792,0.1176,0.8736925370160408,0.9086067877175671,0.2017,0.1859,0.12,0.128
ENDOV,ENSG00000173818,0.2419,0.8735295121835054,0.9086067877175671,0.1728,0.1461,0.103,0.104
ATOH8,ENSG00000168874,0.1617,0.874461154774102,0.9091885594852266,0.26,0.2324,0.152,0.158
CDK9,ENSG00000136807,0.1066,0.8763203004936975,0.9107923524669925,0.179,0.1662,0.111,0.118
VPS26B,ENSG00000151502,0.1465,0.876422829732389,0.9107923524669925,0.1655,0.1495,0.101,0.108
STK19,ENSG00000204344,0.204,0.8783712773540601,0.9125989890941298,0.1899,0.1649,0.115,0.117
VPS37A,ENSG00000155975,0.113,0.8791126273913497,0.9131509270178789,0.2451,0.2266,0.146,0.157
MED29,ENSG00000063322,0.1545,0.8807309094718273,0.9142393267238388,0.3098,0.2783,0.181,0.192
SH3GL1,ENSG00000141985,0.2186,0.8805490026506904,0.9142393267238388,0.1832,0.1574,0.109,0.111
HIPK1,ENSG00000163349,0.1078,0.8807915464778446,0.9142393267238388,0.2238,0.2077,0.133,0.142
UBXN7,ENSG00000163960,0.2311,0.8815728933704512,0.9148318516208168,0.1786,0.1521,0.105,0.107
ERI3,ENSG00000117419,0.1137,0.8833109277125225,0.9164166368676588,0.3269,0.3021,0.195,0.205
XPC,ENSG00000154767,0.1649,0.8851919034241265,0.9181489289454066,0.2645,0.236,0.154,0.16
TOP2B,ENSG00000077097,0.1286,0.8858991875512475,0.9182251059140762,0.2967,0.2714,0.176,0.184
NMRK1,ENSG00000106733,0.1311,0.8858058114888719,0.9182251059140762,0.3441,0.3142,0.199,0.212
SHTN1,ENSG00000187164,0.1072,0.8858641713421239,0.9182251059140762,0.2901,0.2693,0.173,0.179
PNKP,ENSG00000039650,0.1453,0.8863917724713423,0.9182976503362225,0.2367,0.214,0.137,0.148
TOR1AIP1,ENSG00000143337,0.1038,0.8863217340193843,0.9182976503362225,0.2541,0.2365,0.153,0.164
DNM1L,ENSG00000087470,0.1772,0.8866742698962367,0.9183713958458162,0.2181,0.1928,0.13,0.134
MANBAL,ENSG00000101363,0.1394,0.8869170891094231,0.9184040193637247,0.2905,0.2637,0.176,0.185
CHORDC1,ENSG00000110172,0.1211,0.8887432412587226,0.9200757804931893,0.1852,0.1703,0.112,0.118
TARBP2,ENSG00000139546,0.1328,0.8895210536880869,0.9206617050079604,0.1791,0.1633,0.108,0.115
MYL12B,ENSG00000118680,0.1008,0.8906704484866363,0.9216318497911719,1.865,1.7391,0.911,0.827
MRPL58,ENSG00000167862,0.1543,0.8927782674061505,0.9234312555732355,0.3041,0.2732,0.178,0.189
UCHL5,ENSG00000116750,0.1027,0.8928343616932203,0.9234312555732355,0.2444,0.2276,0.148,0.158
RC3H2,ENSG00000056586,0.1374,0.8932130121401892,0.923603081313648,0.1808,0.1643,0.108,0.114
TMEM181,ENSG00000146433,0.1209,0.8938090852733975,0.9239995919596065,0.2354,0.2165,0.143,0.146
SRRT,ENSG00000087087,0.1075,0.896720179810614,0.9256006515108006,0.1955,0.1815,0.118,0.124
NKIRAS2,ENSG00000168256,0.3101,0.8965424341832078,0.9256006515108006,0.1757,0.1417,0.1,0.104
FBXO33,ENSG00000165355,0.1736,0.8959975359083011,0.9256006515108006,0.1759,0.1559,0.107,0.108
CDC27,ENSG00000004897,0.1149,0.8970289082149525,0.9256006515108006,0.1959,0.1809,0.118,0.125
MIB1,ENSG00000101752,0.1648,0.897061653051885,0.9256006515108006,0.1778,0.1586,0.108,0.11
TCEA2,ENSG00000171703,0.1954,0.8964348538253433,0.9256006515108006,0.1686,0.1473,0.098,0.105
TRABD,ENSG00000170638,0.1321,0.89664533891415,0.9256006515108006,0.2477,0.2261,0.147,0.158
PDIA5,ENSG00000065485,0.1417,0.8968464759068641,0.9256006515108006,0.2397,0.2172,0.145,0.149
PNPLA8,ENSG00000135241,0.1242,0.8974850127807882,0.9258176751828402,0.3059,0.2806,0.182,0.191
YPEL2,ENSG00000175155,0.2332,0.8978335462876057,0.9259574257631549,0.1722,0.1465,0.1,0.102
NUB1,ENSG00000013374,0.1169,0.9004306198376978,0.9284155335266038,0.3302,0.3045,0.195,0.205
NOTCH2,ENSG00000134250,0.1427,0.9014042136942962,0.9291989356535606,0.1787,0.1618,0.104,0.11
SMARCD2,ENSG00000108604,0.103,0.902054919286979,0.929428800194692,0.2539,0.2364,0.155,0.166
DCUN1D1,ENSG00000043093,0.1859,0.9019051107134701,0.929428800194692,0.2002,0.176,0.119,0.122
UCKL1,ENSG00000198276,0.182,0.9024575470966131,0.9295355588445657,0.1651,0.1455,0.099,0.1
RAB9A,ENSG00000123595,0.1273,0.9025862996603929,0.9295355588445657,0.2973,0.2722,0.181,0.19
CBX6,ENSG00000183741,0.1436,0.9034782739502949,0.9300134008972007,0.2238,0.2026,0.133,0.142
TSC22D4,ENSG00000166925,0.1441,0.90346890875604,0.9300134008972007,0.2449,0.2216,0.143,0.154
PI4K2B,ENSG00000038210,0.1969,0.9050494743408284,0.9314101386420176,0.1878,0.1639,0.113,0.116
KDM1A,ENSG00000004487,0.1432,0.9055717293642738,0.931642497714819,0.1815,0.1643,0.108,0.115
PAFAH1B2,ENSG00000168092,0.1226,0.9058762018237257,0.931642497714819,0.291,0.2673,0.175,0.183
SF3B3,ENSG00000189091,0.1516,0.9059183606403187,0.931642497714819,0.2432,0.2189,0.145,0.15
EPM2AIP1,ENSG00000178567,0.1231,0.9066866342791197,0.9321359818521704,0.342,0.3141,0.2,0.213
PGGT1B,ENSG00000164219,0.1277,0.9068271816086002,0.9321359818521704,0.1849,0.1692,0.113,0.119
ERVK3-1,ENSG00000142396,0.1545,0.9074503098486675,0.9323354720100021,0.1781,0.16,0.106,0.107
RPS6KB2,ENSG00000175634,0.133,0.907436253695066,0.9323354720100021,0.3492,0.3185,0.203,0.219
IDH2,ENSG00000182054,0.138,0.9085608372105409,0.9332558256953464,0.3381,0.3072,0.198,0.213
MON1B,ENSG00000103111,0.1189,0.9092567651917942,0.9337499767305145,0.1719,0.1583,0.107,0.112
RAD51C,ENSG00000108384,0.1369,0.9097043516635719,0.9339889233002323,0.1648,0.1499,0.102,0.108
NMRAL1,ENSG00000153406,0.1014,0.9129085866900106,0.9368360608629955,0.3073,0.2865,0.182,0.197
NFKB2,ENSG00000077150,0.2184,0.9128781080603916,0.9368360608629955,0.1806,0.1552,0.104,0.107
NUDCD3,ENSG00000015676,0.1085,0.9145616568810656,0.9383108972627741,0.268,0.2485,0.156,0.167
BROX,ENSG00000162819,0.139,0.9157717982596042,0.9393303503548335,0.3058,0.2777,0.181,0.192
PPP1R35,ENSG00000160813,0.1677,0.9159875804886756,0.9393303503548335,0.1883,0.1676,0.114,0.117
FARSA,ENSG00000179115,0.1901,0.9163863247971173,0.9395175672489436,0.2289,0.2006,0.136,0.141
PRKD3,ENSG00000115825,0.1299,0.9166818782766831,0.9395989252336002,0.1607,0.1469,0.096,0.101
ARV1,ENSG00000173409,0.1195,0.9170595466987492,0.9397643928207414,0.292,0.2688,0.176,0.184
PTPN18,ENSG00000072135,0.1438,0.9186877218937134,0.9412109475129841,0.2563,0.232,0.153,0.159
TSC22D2,ENSG00000196428,0.1112,0.9208348995030189,0.9431884216922273,0.2222,0.2057,0.134,0.137
ZMAT5,ENSG00000100319,0.1247,0.9221023581494818,0.9435430697781554,0.2416,0.2216,0.147,0.152
ING2,ENSG00000168556,0.1751,0.9216282113951701,0.9435430697781554,0.2584,0.2289,0.15,0.158
TSN,ENSG00000211460,0.1935,0.9222666728986664,0.9435430697781554,0.2249,0.1966,0.135,0.141
CNOT9,ENSG00000144580,0.1294,0.9219497831449394,0.9435430697781554,0.1693,0.1548,0.104,0.109
ISCA1,ENSG00000135070,0.1239,0.9222666728986664,0.9435430697781554,0.2764,0.2536,0.165,0.178
DYRK4,ENSG00000010219,0.1489,0.9230366489475327,0.9438864179590534,0.2113,0.1906,0.131,0.134
ME2,ENSG00000082212,0.1753,0.9229051844963139,0.9438864179590534,0.1916,0.1697,0.115,0.118
SH2D3A,ENSG00000125731,0.1783,0.9237738277498841,0.944418032322041,0.2005,0.1772,0.119,0.123
IFT25,ENSG00000081870,0.1068,0.9245392482554992,0.9449782626807148,0.3244,0.3012,0.193,0.203
SLC35A1,ENSG00000164414,0.1113,0.9265000748231147,0.9467597754952402,0.3078,0.285,0.182,0.192
FUBP1,ENSG00000162613,0.1026,0.9269674519195953,0.947014702877894,0.3055,0.2845,0.182,0.19
CSNK1G2,ENSG00000133275,0.1556,0.9272727872600403,0.9470733468525496,0.2059,0.1848,0.126,0.129
TPRA1,ENSG00000163870,0.12,0.9274606912573519,0.9470733468525496,0.1896,0.1744,0.118,0.123
AKIRIN1,ENSG00000174574,0.155,0.9284237625143074,0.9478340784325064,0.3123,0.2805,0.182,0.195
KIAA0408,ENSG00000189367,0.1223,0.9305428863927505,0.9495513933465353,0.1989,0.1827,0.118,0.12
PDZD11,ENSG00000120509,0.1431,0.9304723975528968,0.9495513933465353,0.2446,0.2215,0.149,0.155
RCOR3,ENSG00000117625,0.1195,0.9312431050331089,0.9500428484680495,0.2498,0.2299,0.148,0.153
AAGAB,ENSG00000103591,0.1706,0.9314780896844602,0.9500595582653518,0.1662,0.1477,0.1,0.102
RUSF1,ENSG00000140688,0.1571,0.9325050424240344,0.9508838372536024,0.2302,0.2064,0.135,0.144
PYROXD1,ENSG00000121350,0.1749,0.9335368083072352,0.9517126363835899,0.1923,0.1704,0.117,0.12
ZNF330,ENSG00000109445,0.1196,0.9356970604196027,0.95322454806033,0.3424,0.3151,0.2,0.215
TSEN15,ENSG00000198860,0.1082,0.9359392077053621,0.95322454806033,0.2435,0.2259,0.147,0.156
PPRC1,ENSG00000148840,0.145,0.9357323242179177,0.95322454806033,0.1668,0.1508,0.099,0.104
THUMPD2,ENSG00000138050,0.1761,0.9365457773549662,0.95322454806033,0.1814,0.1606,0.106,0.112
TMEM128,ENSG00000132406,0.11,0.9364964040251218,0.95322454806033,0.244,0.2261,0.15,0.158
FZD5,ENSG00000163251,0.1074,0.9354220071276157,0.95322454806033,0.3306,0.3069,0.193,0.21
FAIM,ENSG00000158234,0.1533,0.9365551818264171,0.95322454806033,0.252,0.2265,0.146,0.156
NECAP1,ENSG00000089818,0.1599,0.9373922150825209,0.9538530945325769,0.1692,0.1514,0.103,0.108
AMZ2,ENSG00000196704,0.145,0.9380153325639701,0.9541384587633087,0.2311,0.209,0.14,0.148
TRAK2,ENSG00000115993,0.2068,0.9381117428199766,0.9541384587633087,0.2001,0.1733,0.118,0.123
API5,ENSG00000166181,0.1081,0.9384856350642409,0.9542954071102459,0.2634,0.2444,0.159,0.17
LRRC41,ENSG00000132128,0.1174,0.9390664882492563,0.9545589300345124,0.2838,0.2616,0.173,0.181
ACO1,ENSG00000122729,0.1376,0.9391840738213473,0.9545589300345124,0.2083,0.1894,0.126,0.133
MAPRE3,ENSG00000084764,0.1846,0.9398660962071224,0.9550287711283969,0.1673,0.1472,0.099,0.102
LYSMD2,ENSG00000140280,0.1587,0.9428816271802698,0.9578689929232007,0.1779,0.1593,0.11,0.112
AP2A1,ENSG00000196961,0.1849,0.9439756086577625,0.958756250345089,0.1713,0.1507,0.104,0.106
IFT22,ENSG00000128581,0.1331,0.9442744134563438,0.9588356544115118,0.266,0.2426,0.16,0.168
KRT10-AS1,ENSG00000167920,0.1527,0.946556878928473,0.9609288007061769,0.2011,0.1809,0.122,0.126
OGFOD3,ENSG00000181396,0.1206,0.9479689340555835,0.9621375496042891,0.2674,0.246,0.16,0.171
PLEKHM1,ENSG00000225190,0.1573,0.9484208264274051,0.9623714479695313,0.1848,0.1657,0.109,0.115
CNOT6L,ENSG00000138767,0.1454,0.9487409269045476,0.9624715378914949,0.1775,0.1605,0.11,0.113
COPS4,ENSG00000138663,0.1654,0.9495129678751951,0.9630299552825199,0.2172,0.1937,0.131,0.139
NR2F6,ENSG00000160113,0.1193,0.9507652811363567,0.9638502243570344,0.3314,0.3051,0.194,0.208
LRRC8A,ENSG00000136802,0.1289,0.9506099122945029,0.9638502243570344,0.2206,0.2017,0.134,0.138
ZC3H12A,ENSG00000163874,0.113,0.9512290446963279,0.9640954823344777,0.2854,0.2639,0.159,0.166
MLLT6,ENSG00000275023,0.1352,0.9515233194904485,0.9641688847063393,0.2744,0.2498,0.162,0.17
ARFGAP2,ENSG00000149182,0.1527,0.9523991202317633,0.9648313698198703,0.2738,0.2463,0.16,0.169
MAGOHB,ENSG00000111196,0.1074,0.9538494968376705,0.9660754866596402,0.2686,0.2494,0.164,0.173
SLC35F5,ENSG00000115084,0.1207,0.9541320556732185,0.9661365130372338,0.2248,0.2068,0.136,0.14
PEMT,ENSG00000133027,0.1144,0.9565363900464583,0.9683454812815998,0.2712,0.2505,0.163,0.17
TMED1,ENSG00000099203,0.1148,0.9581096665256237,0.9697122987238846,0.2809,0.2594,0.171,0.18
PDCD4,ENSG00000150593,0.1499,0.9590094283073199,0.9703969675025873,0.1728,0.1558,0.102,0.104
MYEF2,ENSG00000104177,0.1356,0.9617773425656595,0.9725184576059461,0.1823,0.1659,0.109,0.112
ANKFY1,ENSG00000185722,0.1342,0.9616477700831063,0.9725184576059461,0.2255,0.2055,0.135,0.14
MRPL19,ENSG00000115364,0.1119,0.9617302251822876,0.9725184576059461,0.3315,0.3068,0.198,0.211
ENSG00000283103,ENSG00000283103,0.1379,0.962250879653573,0.9727709520759312,0.2682,0.2438,0.158,0.166
PAWR,ENSG00000177425,0.1209,0.9629765244534169,0.9732781337847789,0.3153,0.2899,0.181,0.195
OGFR,ENSG00000060491,0.1638,0.9646022676938938,0.9746945955353783,0.1932,0.1724,0.117,0.121
GMPPA,ENSG00000144591,0.1454,0.9648449638931894,0.9747132062017204,0.1906,0.1724,0.115,0.121
B3GNT2,ENSG00000170340,0.1507,0.9659618792980272,0.9755522684569072,0.1714,0.1544,0.104,0.108
SHB,ENSG00000107338,0.1267,0.966124473869887,0.9755522684569072,0.1755,0.1607,0.104,0.108
SH2D4A,ENSG00000104611,0.1129,0.9672249694676892,0.9762098739680858,0.2729,0.2523,0.162,0.172
THUMPD3,ENSG00000134077,0.1473,0.9671966904178405,0.9762098739680858,0.1916,0.173,0.118,0.123
WHAMM,ENSG00000156232,0.1825,0.9682029783912163,0.9767433017846393,0.1951,0.1719,0.118,0.123
STK40,ENSG00000196182,0.1483,0.9680167994679661,0.9767433017846393,0.2215,0.1999,0.131,0.138
MTA1,ENSG00000182979,0.155,0.9684787149143771,0.9767947308001586,0.2237,0.2009,0.135,0.141
UFSP2,ENSG00000109775,0.1389,0.9687568119768316,0.9768485162068006,0.2108,0.1915,0.127,0.132
NXF1,ENSG00000162231,0.1916,0.9690844057606615,0.9769521752344781,0.2288,0.2003,0.131,0.138
FIBP,ENSG00000172500,0.1038,0.9694544280322043,0.9769646225771528,0.3442,0.3203,0.205,0.22
KRCC1,ENSG00000172086,0.1032,0.9695463454153843,0.9769646225771528,0.3195,0.2974,0.191,0.202
PPL,ENSG00000118898,0.1183,0.9702699142298291,0.9774670948638936,0.2426,0.2235,0.144,0.15
CNST,ENSG00000162852,0.1378,0.9715662709557339,0.9782589964248499,0.1742,0.1583,0.102,0.106
CYFIP2,ENSG00000055163,0.1313,0.9715332718381964,0.9782589964248499,0.2338,0.2135,0.142,0.148
SLC39A9,ENSG00000029364,0.1717,0.9717312672724522,0.9782589964248499,0.1718,0.1525,0.104,0.108
IER5,ENSG00000162783,0.1467,0.9741922091801377,0.980509342542121,0.2876,0.2598,0.16,0.173
TOLLIP,ENSG00000078902,0.1136,0.9760451506856135,0.982146845306709,0.3436,0.3176,0.202,0.219
WAC-AS1,ENSG00000254635,0.2095,0.9801569591466888,0.9858278510649178,0.1866,0.1613,0.109,0.114
OSTM1,ENSG00000081087,0.1944,0.9799871944015418,0.9858278510649178,0.1974,0.1725,0.118,0.123
ATG5,ENSG00000057663,0.1431,0.9806238168065393,0.9860692058864461,0.2581,0.2337,0.152,0.16
PRPSAP2,ENSG00000141127,0.1478,0.9811001127720372,0.9863199375681874,0.2148,0.1939,0.131,0.136
ILVBL,ENSG00000105135,0.1759,0.9829016085055489,0.9874528744023537,0.1858,0.1644,0.113,0.117
ACOT9,ENSG00000123130,0.1967,0.9827577684798201,0.9874528744023537,0.1623,0.1416,0.097,0.1
SMPD1,ENSG00000166311,0.1558,0.9829086826195542,0.9874528744023537,0.176,0.1579,0.108,0.113
UBA6,ENSG00000033178,0.1996,0.9833496383561855,0.9876675591162427,0.1793,0.1561,0.104,0.109
YY1AP1,ENSG00000163374,0.136,0.9838613420224644,0.987724969376214,0.2428,0.221,0.145,0.151
ARL4A,ENSG00000122644,0.1129,0.9836679785549125,0.987724969376214,0.2715,0.2511,0.164,0.173
CLK3,ENSG00000179335,0.1555,0.986872739547853,0.9902906779207964,0.1952,0.1752,0.118,0.122
DPY19L1,ENSG00000173852,0.1108,0.9868397239171747,0.9902906779207964,0.1903,0.1762,0.113,0.116
RAP1GDS1,ENSG00000138698,0.1497,0.9880566001547929,0.9912497655292544,0.1643,0.1481,0.098,0.101
SNRNP25,ENSG00000161981,0.1377,0.9886839156040469,0.9916501955262377,0.2472,0.2247,0.15,0.158
PRKAA1,ENSG00000132356,0.1345,0.9896083931167795,0.9923484255850309,0.2501,0.2279,0.15,0.159
SF3A1,ENSG00000099995,0.1235,0.9904338312950812,0.9929470428623813,0.2975,0.2731,0.177,0.188
DDX50,ENSG00000107625,0.141,0.991294656288906,0.993580852451934,0.194,0.1759,0.118,0.123
SNAP29,ENSG00000099940,0.1556,0.992709732627025,0.9947697712697835,0.2358,0.2117,0.14,0.148
SIGMAR1,ENSG00000147955,0.1407,0.9929573734698088,0.9947885535038703,0.2388,0.2166,0.144,0.152
INPP5K,ENSG00000132376,0.1702,0.9936696394021229,0.9952727017381024,0.1648,0.1464,0.101,0.105
EIF2AK2,ENSG00000055332,0.1361,0.9942215310730285,0.9955960308855718,0.2602,0.2367,0.155,0.165
NT5C3B,ENSG00000141698,0.1544,0.9960281687551498,0.9969994136632724,0.2571,0.231,0.152,0.161
NOTCH1,ENSG00000148400,0.1398,0.9961083594798671,0.9969994136632724,0.2163,0.1963,0.129,0.135
CDC42BPB,ENSG00000198752,0.124,0.996311195016013,0.9969994136632724,0.2018,0.1852,0.119,0.123
PCIF1,ENSG00000100982,0.1363,0.9972121648644369,0.9976712864873026,0.2361,0.2148,0.141,0.147
HINT3,ENSG00000111911,0.1453,0.9984409800325482,0.9986707708219689,0.2532,0.2289,0.153,0.162
RETREG1,ENSG00000154153,0.1295,0.9986744790072548,0.9986744790072548,0.1712,0.1565,0.104,0.107
