gene,gene_ens,log2FC,pvalue,padj,mean_group,mean_ref,pct_group,pct_ref
UQCRQ,ENSG00000164405,-5.155,0.0,0.0,0.0499,1.7825,0.03,0.839
RPS14,ENSG00000164587,-3.3007,0.0,0.0,0.2493,2.457,0.121,0.924
RPL14,ENSG00000188846,-3.1797,0.0,0.0,0.2577,2.3363,0.128,0.92
RPS24,ENSG00000138326,-2.2698,0.0,0.0,0.4986,2.4051,0.231,0.925
PFDN5,ENSG00000123349,-4.5473,0.0,0.0,0.079,1.8493,0.046,0.849
TMSB4X,ENSG00000205542,-2.7392,0.0,0.0,0.3511,2.3451,0.155,0.906
S100A6,ENSG00000197956,-2.6895,0.0,0.0,0.3913,2.525,0.172,0.93
TPT1,ENSG00000133112,-2.5029,0.0,0.0,0.4444,2.5197,0.196,0.928
SLPI,ENSG00000124107,-3.0748,0.0,0.0,0.308,2.5957,0.145,0.928
RPL12,ENSG00000197958,-3.2332,0.0,0.0,0.2596,2.4416,0.127,0.925
ATP5F1E,ENSG00000124172,-4.1475,0.0,0.0,0.1186,2.1042,0.063,0.896
NDUFA4,ENSG00000189043,-4.9682,0.0,0.0,0.0611,1.9165,0.037,0.862
RPL35,ENSG00000136942,-2.8353,0.0,0.0,0.3099,2.2125,0.142,0.904
RPL34,ENSG00000109475,-3.1509,0.0,0.0,0.2753,2.4456,0.135,0.924
RPS23,ENSG00000186468,-3.9806,0.0,0.0,0.1511,2.3867,0.074,0.921
RPS3,ENSG00000149273,-2.3943,0.0,0.0,0.4602,2.4199,0.209,0.923
RACK1,ENSG00000204628,-2.6696,0.0,0.0,0.3492,2.2223,0.163,0.907
S100A11,ENSG00000163191,-3.6994,0.0,0.0,0.1478,1.9207,0.072,0.867
COX7A2,ENSG00000112695,-3.9998,0.0,0.0,0.112,1.7929,0.062,0.84
EEF1B2,ENSG00000114942,-3.6127,0.0,0.0,0.1598,1.956,0.077,0.87
FTL,ENSG00000087086,-2.8342,0.0,0.0,0.3676,2.6219,0.148,0.93
COX4I1,ENSG00000131143,-4.7472,0.0,0.0,0.07,1.8823,0.036,0.862
UBA52,ENSG00000221983,-4.0887,0.0,0.0,0.1218,2.0748,0.063,0.886
RPL10A,ENSG00000198755,-3.1249,0.0,0.0,0.2497,2.179,0.126,0.897
FABP5,ENSG00000164687,-4.3925,0.0,0.0,0.0972,2.0442,0.046,0.867
FTH1,ENSG00000167996,-3.784,0.0,0.0,0.1795,2.4742,0.078,0.928
RPS4X,ENSG00000198034,-2.9527,0.0,0.0,0.3118,2.4148,0.145,0.922
TMSB10,ENSG00000034510,-4.3861,0.0,0.0,0.0986,2.0629,0.046,0.888
FAU,ENSG00000149806,-4.094,0.0,0.0,0.1329,2.2719,0.065,0.915
RPS13,ENSG00000110700,-4.3151,0.0,0.0,0.1198,2.3873,0.062,0.921
TXN,ENSG00000136810,-4.3391,0.0,0.0,0.088,1.7822,0.047,0.835
RPL10,ENSG00000147403,-2.785,0.0,0.0,0.3705,2.5544,0.168,0.929
RPL23A,ENSG00000198242,-3.0366,0.0,0.0,0.2788,2.2881,0.128,0.906
RPL11,ENSG00000142676,-2.7434,0.0,0.0,0.3691,2.4726,0.173,0.928
RPL29,ENSG00000162244,-3.5553,0.0,0.0,0.1976,2.3237,0.091,0.914
RPS25,ENSG00000118181,-3.516,0.0,0.0,0.2017,2.3081,0.101,0.916
RPL24,ENSG00000114391,-3.1463,0.0,0.0,0.2606,2.3079,0.125,0.915
HINT1,ENSG00000169567,-3.9101,0.0,0.0,0.1222,1.8387,0.065,0.851
OAZ1,ENSG00000104904,-3.7888,0.0,0.0,0.1403,1.9408,0.076,0.862
RPL18,ENSG00000063177,-2.7537,0.0,0.0,0.3506,2.365,0.16,0.921
RPL30,ENSG00000156482,-4.0613,0.0,0.0,0.1417,2.3666,0.072,0.922
RPL7,ENSG00000147604,-3.5638,0.0,0.0,0.183,2.1645,0.094,0.889
RPS3A,ENSG00000145425,-3.3754,0.0,0.0,0.228,2.3666,0.114,0.922
RPLP0,ENSG00000089157,-2.6095,0.0,0.0,0.3864,2.3586,0.178,0.923
RPL6,ENSG00000089009,-2.8858,0.0,0.0,0.3152,2.3303,0.148,0.919
RPL26,ENSG00000161970,-3.2118,0.0,0.0,0.2441,2.2623,0.118,0.906
RPS26,ENSG00000197728,-3.4637,0.0,0.0,0.1967,2.1715,0.095,0.901
ATP5MG,ENSG00000167283,-4.4641,0.0,0.0,0.0823,1.8181,0.044,0.847
RPL22,ENSG00000116251,-3.129,0.0,0.0,0.2525,2.2095,0.125,0.911
PPDPF,ENSG00000125534,-3.7215,0.0,0.0,0.1522,2.0086,0.08,0.879
RPS5,ENSG00000083845,-2.9402,0.0,0.0,0.2964,2.2751,0.139,0.91
RPL18A,ENSG00000105640,-3.4393,0.0,0.0,0.2199,2.3862,0.104,0.92
RPL32,ENSG00000144713,-3.5737,0.0,0.0,0.2056,2.4493,0.1,0.924
RPL31,ENSG00000071082,-3.1343,0.0,0.0,0.2361,2.0742,0.119,0.875
POLR2L,ENSG00000177700,-4.6716,0.0,0.0,0.0718,1.8324,0.04,0.847
RPS27A,ENSG00000143947,-2.81,0.0,0.0,0.3376,2.3683,0.154,0.921
RPS15,ENSG00000115268,-3.2901,0.0,0.0,0.2417,2.3655,0.117,0.924
RPL39,ENSG00000198918,-3.8331,0.0,0.0,0.1684,2.4016,0.086,0.92
SFTA2,ENSG00000196260,-3.3182,0.0,0.0,0.2308,2.3026,0.112,0.919
DBI,ENSG00000155368,-4.1385,0.0,0.0,0.1142,2.0138,0.06,0.868
PPIA,ENSG00000196262,-3.1999,0.0,0.0,0.2194,2.0171,0.107,0.886
RPS8,ENSG00000142937,-2.4933,0.0,0.0,0.4341,2.4447,0.198,0.926
GSTP1,ENSG00000084207,-3.5476,0.0,0.0,0.1915,2.2399,0.1,0.912
TMA7,ENSG00000232112,-3.9444,0.0,0.0,0.1176,1.8124,0.064,0.849
RPL15,ENSG00000174748,-2.7474,0.0,0.0,0.334,2.2436,0.159,0.907
CSTB,ENSG00000160213,-3.1539,0.0,0.0,0.2244,1.9979,0.11,0.884
RPL27,ENSG00000131469,-3.3497,0.0,0.0,0.2043,2.0838,0.098,0.878
RPLP2,ENSG00000177600,-2.9658,0.0,0.0,0.3046,2.3806,0.14,0.922
RPS16,ENSG00000105193,-2.9864,0.0,0.0,0.2901,2.2993,0.137,0.911
RPS12,ENSG00000112306,-2.8796,0.0,0.0,0.3509,2.5831,0.159,0.929
RPL7A,ENSG00000148303,-2.5959,0.0,0.0,0.3867,2.3384,0.173,0.92
RPS21,ENSG00000171858,-3.0962,0.0,0.0,0.2591,2.2166,0.126,0.914
RPL35A,ENSG00000182899,-3.3619,0.0,0.0,0.2258,2.3222,0.112,0.915
BTF3,ENSG00000145741,-4.9632,0.0,0.0,0.0586,1.8305,0.033,0.845
COX7C,ENSG00000127184,-4.009,0.0,0.0,0.1291,2.0795,0.067,0.892
MYL6,ENSG00000092841,-4.0431,0.0,0.0,0.1209,1.9942,0.067,0.879
RPL8,ENSG00000161016,-2.5875,0.0,0.0,0.3994,2.4013,0.175,0.924
RPS27,ENSG00000177954,-2.3965,0.0,0.0,0.4746,2.4993,0.205,0.925
COX6A1,ENSG00000111775,-4.4706,0.0,0.0,0.081,1.7978,0.046,0.847
CST3,ENSG00000101439,-4.2876,0.0,0.0,0.0972,1.9001,0.051,0.864
RPL36AL,ENSG00000165502,-4.6652,0.0,0.0,0.0727,1.8463,0.04,0.85
RPL37,ENSG00000145592,-2.745,0.0,0.0,0.3536,2.371,0.166,0.921
RPL19,ENSG00000108298,-3.3375,0.0,0.0,0.2402,2.4288,0.113,0.924
RPL9,ENSG00000163682,-2.9616,0.0,0.0,0.2969,2.3136,0.14,0.911
PRDX5,ENSG00000126432,-5.0878,0.0,0.0,0.0562,1.9148,0.033,0.861
NACA,ENSG00000196531,-3.2631,0.0,0.0,0.2222,2.1338,0.107,0.896
RPS15A,ENSG00000134419,-3.6967,0.0,0.0,0.1852,2.4029,0.091,0.918
RPS2,ENSG00000140988,-2.5126,0.0,0.0,0.4163,2.376,0.185,0.917
SERF2,ENSG00000140264,-3.6467,0.0,0.0,0.1727,2.1636,0.087,0.904
RPL36,ENSG00000130255,-2.7203,0.0,0.0,0.3475,2.2904,0.158,0.913
EIF1,ENSG00000173812,-3.2357,0.0,0.0,0.2395,2.2571,0.119,0.917
RPLP1,ENSG00000137818,-2.7853,0.0,0.0,0.3788,2.6121,0.166,0.931
RPS6,ENSG00000137154,-2.6956,0.0,0.0,0.3691,2.3916,0.168,0.919
TOMM7,ENSG00000196683,-4.257,0.0,0.0,0.0942,1.803,0.053,0.838
SLC25A5,ENSG00000005022,-4.5149,0.0,0.0,0.083,1.8999,0.046,0.854
RPS7,ENSG00000171863,-3.1321,0.0,0.0,0.2603,2.2832,0.132,0.916
COX6C,ENSG00000164919,-4.1347,2.068606670848744e-309,1.3595224254289424e-307,0.1014,1.7821,0.049,0.841
OST4,ENSG00000228474,-4.69,6.80174741176817e-309,4.424606096941031e-307,0.0663,1.7127,0.036,0.82
PFN1,ENSG00000108518,-4.4433,8.842233786428196e-309,5.693862665503005e-307,0.0801,1.7447,0.042,0.828
CD63,ENSG00000135404,-2.7668,9.398835159640195e-309,5.991757414270624e-307,0.3096,2.1079,0.148,0.894
UQCR10,ENSG00000184076,-3.9175,5.713753965298363e-308,3.6064536167106e-306,0.1195,1.8075,0.062,0.84
RNASE1,ENSG00000129538,-3.1664,6.928180582514849e-308,4.3301128640717806e-306,0.2306,2.0711,0.109,0.871
RPL28,ENSG00000108107,-2.2797,1.430879042423803e-307,8.856168830535674e-306,0.5063,2.4592,0.218,0.925
GNG5,ENSG00000174021,-3.818,1.842974707819592e-307,1.1297080540721057e-305,0.1267,1.7876,0.063,0.848
RPL5,ENSG00000122406,-2.3346,3.0832594951614726e-307,1.8719789792051796e-305,0.4541,2.2907,0.213,0.915
ACTB,ENSG00000075624,-2.8153,5.613185919894081e-307,3.37585473955894e-305,0.3207,2.2582,0.135,0.916
UQCRB,ENSG00000156467,-4.2127,1.3477764266383524e-305,8.02997637366308e-304,0.0948,1.7592,0.051,0.826
SRP14,ENSG00000140319,-4.1345,2.304792330984447e-305,1.360467695372764e-303,0.0984,1.7293,0.054,0.829
ATP5MC2,ENSG00000135390,-3.6855,1.837356528609396e-304,1.074600722007789e-302,0.1398,1.8004,0.072,0.846
RPL37A,ENSG00000197756,-2.3898,2.870946491492156e-304,1.6638439893874997e-302,0.4414,2.3139,0.202,0.911
RPS10,ENSG00000124614,-4.8866,1.6550146429862192e-303,9.505151665799233e-302,0.0612,1.8145,0.035,0.812
RPS11,ENSG00000142534,-2.8446,9.577356121294692e-302,5.4513968993976484e-300,0.2885,2.0727,0.137,0.877
UBL5,ENSG00000198258,-5.9,5.726619828149313e-301,3.23072578800459e-299,0.0268,1.6069,0.018,0.794
RPL21,ENSG00000122026,-2.4382,6.411843077795347e-299,3.585570142188187e-297,0.4301,2.3314,0.19,0.909
SSR4,ENSG00000180879,-4.0686,8.254968107964516e-299,4.576123625067286e-297,0.1026,1.7238,0.055,0.822
RPL3,ENSG00000100316,-2.2916,6.520609960225914e-297,3.583524870382776e-295,0.4692,2.2975,0.212,0.912
RPS9,ENSG00000170889,-2.2298,3.655955064699408e-296,1.992026798073395e-294,0.4923,2.3097,0.225,0.916
GPX4,ENSG00000167468,-3.1355,7.151137774977512e-296,3.86343248436285e-294,0.2186,1.9221,0.105,0.864
RPL4,ENSG00000174444,-3.246,6.388801950429414e-295,3.422572473444329e-293,0.1998,1.8966,0.1,0.85
IFITM3,ENSG00000142089,-3.3785,4.262238224891318e-293,2.264314056973513e-291,0.1776,1.8479,0.09,0.845
MACROD2,ENSG00000172264,1.209,5.832253502782058e-293,3.0727781884492247e-291,2.7183,1.1758,0.901,0.611
COX6B1,ENSG00000126267,-5.3591,2.9114846744809134e-290,1.521370065558674e-288,0.0381,1.568,0.023,0.786
UBB,ENSG00000170315,-4.2631,4.7639907068939605e-290,2.469141524914553e-288,0.0892,1.7143,0.045,0.809
CHCHD2,ENSG00000106153,-4.3364,8.985408586077272e-289,4.619514494858275e-287,0.0815,1.6483,0.047,0.801
UQCR11,ENSG00000127540,-4.3967,1.0802056464667735e-288,5.509048796980545e-287,0.0777,1.6385,0.042,0.802
COX5B,ENSG00000135940,-5.0109,6.615352418674827e-287,3.347053307067621e-285,0.0484,1.5622,0.028,0.785
RPL38,ENSG00000172809,-2.9374,1.5990503602205637e-286,8.026729170398499e-285,0.2605,1.9965,0.122,0.862
PEBP1,ENSG00000089220,-3.2499,2.4481658782555954e-283,1.2193013651468297e-281,0.1872,1.7817,0.098,0.833
COX8A,ENSG00000176340,-4.763,9.661041926511576e-283,4.774352114845837e-281,0.0579,1.5749,0.035,0.784
ELOB,ENSG00000103363,-5.1038,2.913321895405543e-282,1.428648237170026e-280,0.0449,1.5483,0.024,0.78
RPL23,ENSG00000125691,-2.698,4.4457089545923956e-282,2.1634652355363756e-280,0.3117,2.0231,0.151,0.86
RPL41,ENSG00000229117,-2.1459,6.637128341783723e-282,3.205431301429639e-280,0.5374,2.3786,0.236,0.908
SEC61G,ENSG00000132432,-4.6816,3.269993167428714e-280,1.5673839430344403e-278,0.0616,1.5822,0.036,0.781
GAPDH,ENSG00000111640,-3.7041,7.082537580051695e-280,3.369490826330564e-278,0.1308,1.7053,0.068,0.81
RPSA,ENSG00000168028,-2.2957,3.7307230116683966e-279,1.761730311065632e-277,0.4361,2.1418,0.203,0.896
TMEM258,ENSG00000134825,-5.4252,4.75546822062307e-276,2.2291257284170642e-274,0.0353,1.5212,0.021,0.768
RPS28,ENSG00000233927,-1.9734,1.684412152534343e-274,7.838049249931706e-273,0.6334,2.4877,0.262,0.926
SLC25A6,ENSG00000169100,-2.8886,1.884830364914217e-274,8.707096794440676e-273,0.248,1.8373,0.122,0.842
RPS20,ENSG00000008988,-2.7619,1.612621300232299e-271,7.396014956101372e-270,0.2978,2.0205,0.141,0.846
MYL12B,ENSG00000118680,-3.2039,3.063004428924023e-267,1.3947609453136177e-265,0.1887,1.7391,0.092,0.827
PTMA,ENSG00000187514,-2.0579,7.896682869588667e-266,3.570308744228919e-264,0.5461,2.2742,0.24,0.915
ACTG1,ENSG00000184009,-2.8412,2.65750116761437e-265,1.1930683058832118e-263,0.2612,1.8727,0.121,0.847
SUMO2,ENSG00000188612,-4.1206,1.4848094412999845e-264,6.619342789012168e-263,0.089,1.5497,0.045,0.776
S100A14,ENSG00000189334,-3.4735,4.740859016343267e-264,2.0988177936936337e-262,0.1496,1.6632,0.077,0.798
NUPR1,ENSG00000176046,-3.1188,1.14953039034851e-263,5.053969819635691e-262,0.2038,1.7712,0.101,0.823
YBX1,ENSG00000065978,-3.5072,2.6087244390949407e-263,1.1390834451527566e-261,0.1476,1.6787,0.073,0.802
NPC2,ENSG00000119655,-1.8702,5.759355131407057e-263,2.4976795212734687e-261,0.6657,2.4338,0.282,0.929
SERPINA1,ENSG00000197249,-2.8651,1.807456795373535e-261,7.785498020612355e-260,0.252,1.837,0.126,0.829
RPS29,ENSG00000213741,-2.4306,7.139104532602872e-261,3.0544826439827727e-259,0.3914,2.1107,0.178,0.867
RPL13,ENSG00000167526,-1.8535,2.0419526697666287e-260,8.678298846508172e-259,0.6897,2.4926,0.282,0.927
S100A10,ENSG00000197747,-3.4426,1.9867912960811171e-259,8.38794338577293e-258,0.1548,1.6838,0.08,0.791
SEC61B,ENSG00000106803,-3.4877,2.726360085800407e-259,1.143456943880105e-257,0.1434,1.6095,0.074,0.793
HNRNPA1,ENSG00000135486,-2.8696,5.122010548385598e-259,2.1341710618273327e-257,0.2364,1.7286,0.123,0.818
B2M,ENSG00000166710,-2.1581,7.433471170966246e-259,3.077167449020118e-257,0.5196,2.3195,0.208,0.921
EEF1A1,ENSG00000156508,-1.6818,1.89890456900569e-258,7.810010727362112e-257,0.8152,2.6157,0.326,0.932
ATP5MK,ENSG00000173915,-4.9313,2.309172395448234e-258,9.43652180832211e-257,0.0477,1.4592,0.028,0.748
NDUFB11,ENSG00000147123,-5.2739,3.3423558482315176e-258,1.3571667855080205e-256,0.0369,1.433,0.022,0.744
SLC25A3,ENSG00000075415,-3.2551,9.001863425837644e-258,3.6320809708680367e-256,0.1724,1.6472,0.089,0.801
MYL12A,ENSG00000101608,-3.9142,1.3275563937976424e-257,5.322749692113189e-256,0.1029,1.5531,0.056,0.772
RPL27A,ENSG00000166441,-2.6736,4.4217489139229105e-257,1.7617905828911598e-255,0.3101,1.979,0.145,0.832
PRDX1,ENSG00000117450,-4.3734,5.7486047798162514e-257,2.276233259088733e-255,0.0732,1.5184,0.039,0.76
PPIB,ENSG00000166794,-3.325,3.118393834697659e-254,1.2271457219875047e-252,0.161,1.6141,0.089,0.788
TSTD1,ENSG00000215845,-4.7045,6.156526574569718e-254,2.407843982385396e-252,0.0561,1.4658,0.03,0.749
MIF,ENSG00000240972,-3.9242,9.130589198273068e-253,3.549238179206757e-251,0.1036,1.5741,0.056,0.762
CXCL17,ENSG00000189377,-2.5162,2.1026574716639258e-251,8.12390386779244e-250,0.3314,1.8966,0.157,0.85
NDUFS5,ENSG00000168653,-4.6547,4.3836699643066424e-251,1.683487712196075e-249,0.0571,1.4412,0.035,0.741
EDF1,ENSG00000107223,-3.6491,5.274803615934979e-251,2.0135852126697897e-249,0.1215,1.5253,0.068,0.769
DCXR,ENSG00000169738,-3.754,6.02556134969876e-251,2.2864853335910473e-249,0.1142,1.5426,0.058,0.77
SELENOP,ENSG00000250722,-2.8572,2.7061561612438856e-250,1.0208133448479153e-248,0.2387,1.7306,0.118,0.819
ATP6V1G1,ENSG00000136888,-3.6438,1.7227792978009325e-248,6.460422366753496e-247,0.1222,1.5283,0.062,0.771
RPS19,ENSG00000105372,-1.8252,7.470129045302903e-248,2.784916530047135e-246,0.677,2.3993,0.28,0.922
EEF1D,ENSG00000104529,-2.2494,8.934782761524184e-247,3.3115837270184114e-245,0.4092,1.946,0.191,0.872
HLA-DRA,ENSG00000204287,-3.2807,4.728689525036323e-246,1.742508423243154e-244,0.1728,1.6798,0.081,0.79
TPI1,ENSG00000111669,-3.5406,6.7125388785010814e-245,2.4593353649680686e-243,0.1314,1.5303,0.073,0.768
FOS,ENSG00000170345,-2.8702,7.505461510930378e-245,2.734132407553209e-243,0.2535,1.8545,0.118,0.813
NDUFB2,ENSG00000090266,-4.1005,1.6633258758147837e-244,6.024830942226844e-243,0.0844,1.4493,0.045,0.748
COX7B,ENSG00000131174,-5.0094,9.04791795303994e-243,3.258784008510148e-241,0.0431,1.3929,0.027,0.724
SNRPD2,ENSG00000125743,-4.7169,5.765003771099443e-241,2.0647134292561207e-239,0.0529,1.3924,0.028,0.727
NPM1,ENSG00000181163,-2.509,1.3596379332111628e-240,4.842285935319085e-239,0.3169,1.8045,0.155,0.836
UBC,ENSG00000150991,-2.3663,4.736700749443834e-239,1.6775815154280244e-237,0.3718,1.9175,0.172,0.862
CFL1,ENSG00000172757,-3.6211,6.911546641412827e-239,2.4343154607186063e-237,0.1211,1.4913,0.065,0.755
SKP1,ENSG00000113558,-3.0847,1.0774169518808884e-238,3.773919268264101e-237,0.1842,1.5631,0.094,0.784
NEAT1,ENSG00000245532,0.3145,3.1445875788026845e-237,1.095450590976345e-235,3.1107,2.5014,0.967,0.971
ATP5MF,ENSG00000241468,-4.403,3.808926463700449e-237,1.3196688155483894e-235,0.0661,1.3994,0.035,0.729
COMMD6,ENSG00000188243,-4.352,6.051993489720807e-236,2.0854842430794673e-234,0.0679,1.3877,0.039,0.727
ATP5F1D,ENSG00000099624,-4.2945,1.3307402349610252e-235,4.56100483756803e-234,0.0706,1.3865,0.039,0.726
MRPL14,ENSG00000180992,-3.126,1.802741933809824e-234,6.145711137988036e-233,0.1778,1.5529,0.089,0.775
C12orf57,ENSG00000111678,-4.8894,2.7619297680909977e-233,9.365586314670271e-232,0.0458,1.3617,0.023,0.713
UQCRH,ENSG00000173660,-4.088,3.772510673762943e-233,1.2724738383724213e-231,0.084,1.4303,0.041,0.735
ATP5MJ,ENSG00000156411,-3.8588,8.776621755898893e-233,2.944787562834497e-231,0.0981,1.4245,0.055,0.737
AK1,ENSG00000106992,-3.3493,9.915558829416307e-233,3.3095124365198407e-231,0.1531,1.5612,0.078,0.759
ITM2B,ENSG00000136156,-2.8681,7.324180798100117e-231,2.4318569056191793e-229,0.2184,1.5952,0.109,0.792
RPS17,ENSG00000182774,-2.4949,1.7616983498966076e-230,5.819081337093717e-229,0.3358,1.8934,0.158,0.811
CALM1,ENSG00000198668,-3.1699,2.1988878727256567e-230,7.22572690135364e-229,0.1707,1.5371,0.086,0.767
WDR83OS,ENSG00000105583,-4.3305,2.7961143384744036e-229,9.141143029627858e-228,0.0673,1.3556,0.037,0.717
PDE4D,ENSG00000113448,1.4808,4.6127637109354024e-229,1.5003249314904689e-227,2.459,0.881,0.847,0.477
ALDOA,ENSG00000149925,-5.9644,4.970411758389537e-229,1.6084454294280862e-227,0.0215,1.3497,0.009,0.697
EIF3K,ENSG00000178982,-4.449,1.2318541513807188e-226,3.9661970783091323e-225,0.0613,1.341,0.033,0.71
LDHB,ENSG00000111716,-2.3015,1.4074506496027952e-226,4.5087929101597084e-225,0.364,1.7948,0.176,0.837
VAMP8,ENSG00000118640,-3.4878,2.5316649585261185e-225,8.069682055302003e-224,0.1288,1.4459,0.064,0.744
SMDT1,ENSG00000183172,-5.5457,2.7351239810461e-225,8.67483352197457e-224,0.0277,1.2965,0.015,0.693
ATP5MC3,ENSG00000154518,-5.0293,2.0821187217981645e-224,6.5710429957739104e-223,0.04,1.3085,0.024,0.697
APRT,ENSG00000198931,-5.2958,3.3025992526933624e-224,1.0371463170404032e-222,0.033,1.3013,0.019,0.692
SERP1,ENSG00000120742,-2.2896,8.331839597496768e-224,2.60369987421774e-222,0.3568,1.7446,0.173,0.834
SFTPC,ENSG00000168484,-1.3204,3.6826089423588374e-223,1.145201561343297e-221,1.2207,3.0487,0.429,0.972
LGALS3,ENSG00000131981,-2.5826,5.2593491141456505e-223,1.6275898350814816e-221,0.2785,1.6688,0.132,0.806
ANAPC11,ENSG00000141552,-5.976,1.0171010781790741e-222,3.13237650888483e-221,0.0201,1.2688,0.013,0.684
ATP5PF,ENSG00000154723,-5.36,4.519374820958834e-222,1.3851449270967579e-220,0.031,1.2772,0.018,0.688
ZFP36,ENSG00000128016,-2.9328,5.863548574593806e-221,1.7885225915327996e-219,0.219,1.673,0.099,0.773
KRT18,ENSG00000111057,-2.9605,4.6282478255226355e-220,1.4050038041765141e-218,0.2018,1.5714,0.099,0.769
BEX3,ENSG00000166681,-3.8384,5.2018768887062774e-219,1.5716571168484606e-217,0.0973,1.3926,0.051,0.719
ATP5IF1,ENSG00000130770,-3.9767,3.5433299068740206e-218,1.0655060451095227e-216,0.0858,1.3521,0.049,0.71
ATP6V0E1,ENSG00000113732,-2.2556,8.375328391010957e-217,2.506700398718068e-215,0.3655,1.7459,0.177,0.833
ERP29,ENSG00000089248,-3.221,1.2525536258564056e-215,3.731322133100273e-214,0.1533,1.4303,0.08,0.739
CD74,ENSG00000019582,-1.9276,3.012775407953401e-215,8.933229407303689e-214,0.5554,2.1132,0.236,0.883
JUNB,ENSG00000171223,-3.3,2.5839558797129423e-214,7.626258672763892e-213,0.1534,1.5121,0.08,0.731
SFTPD,ENSG00000133661,-1.8682,4.87193385307732e-214,1.4312708900169547e-212,0.5545,2.0246,0.252,0.868
DDT,ENSG00000099977,-5.3183,5.5837778072554086e-214,1.6328708037272124e-212,0.0316,1.2661,0.017,0.678
COX5A,ENSG00000178741,-4.5958,6.412242579882555e-214,1.8665774633219766e-212,0.0531,1.2857,0.026,0.69
NDUFB9,ENSG00000147684,-3.8483,1.2422192657384712e-213,3.5996126450376156e-212,0.0921,1.3278,0.046,0.707
C19orf53,ENSG00000104979,-6.4012,3.566321051891217e-213,1.0287464572763125e-211,0.0144,1.2218,0.01,0.666
RPL36A,ENSG00000241343,-2.8121,4.519264691259207e-213,1.2977618201251102e-211,0.224,1.5739,0.113,0.759
PRDX6,ENSG00000117592,-2.9596,2.023672408001507e-212,5.785162152919106e-211,0.1894,1.4739,0.098,0.749
TRMT112,ENSG00000173113,-4.7205,3.7184427894805275e-211,1.0582621778097483e-209,0.0477,1.259,0.028,0.681
CUTA,ENSG00000112514,-5.1898,4.422621586765039e-211,1.2530761162500945e-209,0.0336,1.2316,0.019,0.673
COX17,ENSG00000138495,-3.9971,6.440699588073647e-211,1.816790259910155e-209,0.0825,1.3185,0.044,0.699
BLVRB,ENSG00000090013,-2.8447,8.826955276638807e-211,2.4789356779106783e-209,0.213,1.5307,0.096,0.768
HLA-DRB1,ENSG00000196126,-2.9188,2.617943077145838e-210,7.319906630177508e-209,0.2019,1.5278,0.1,0.749
COX14,ENSG00000178449,-5.756,9.277321452475324e-210,2.5826604480144185e-208,0.0227,1.2318,0.014,0.666
NDUFB4,ENSG00000065518,-4.5924,1.636786543893046e-209,4.5367453118774645e-208,0.052,1.2562,0.031,0.68
IER2,ENSG00000160888,-3.7258,1.598608297150716e-207,4.4117436772016504e-206,0.1076,1.4247,0.059,0.698
C16orf89,ENSG00000153446,-3.228,4.0424935222956674e-207,1.1108144915790896e-205,0.1539,1.443,0.077,0.726
NDUFA1,ENSG00000125356,-4.9482,6.003295226013803e-207,1.642532492096051e-205,0.0397,1.2281,0.023,0.669
CEBPD,ENSG00000221869,-2.3149,1.5290655648601328e-206,4.165723494009977e-205,0.3471,1.7277,0.167,0.799
JUN,ENSG00000177606,-2.4849,6.502089629216334e-206,1.763864739840601e-204,0.3131,1.753,0.141,0.789
ATP5PD,ENSG00000167863,-5.7259,1.1155133583826406e-205,3.0133040930887004e-204,0.0227,1.209,0.013,0.661
CLTA,ENSG00000122705,-4.8158,2.747723317001624e-205,7.391027909656265e-204,0.0433,1.2217,0.028,0.667
FKBP2,ENSG00000173486,-7.2054,5.9352819000368055e-205,1.589807651795573e-203,0.008,1.1962,0.004,0.652
MECOM,ENSG00000085276,1.66,9.157146278380512e-205,2.442544247894383e-203,2.2411,0.7091,0.798,0.394
WFDC2,ENSG00000101443,-2.3616,3.3611710685916744e-204,8.928110650946636e-203,0.3243,1.6673,0.155,0.796
RPL13A,ENSG00000142541,-1.7287,1.0986305951635916e-202,2.9061286490323224e-201,0.6583,2.1821,0.277,0.888
IFITM2,ENSG00000185201,-3.1961,3.2358397230862287e-202,8.524164559782937e-201,0.1559,1.4298,0.078,0.719
ATP5ME,ENSG00000169020,-3.458,6.703271315756983e-202,1.7585742649362456e-200,0.1241,1.3649,0.063,0.704
SPINT2,ENSG00000167642,-2.4638,4.596866629919049e-201,1.2010256051530304e-199,0.2773,1.5303,0.14,0.772
ROMO1,ENSG00000125995,-5.1251,6.4434285822998795e-201,1.676606416822928e-199,0.0346,1.2094,0.021,0.657
EEF2,ENSG00000167658,-1.9321,3.546780890801129e-200,9.191352918234634e-199,0.5109,1.95,0.222,0.868
MGST3,ENSG00000143198,-3.157,4.375976345543897e-200,1.1294270932324835e-198,0.153,1.3654,0.081,0.713
NAPSA,ENSG00000131400,-1.2241,3.303277542596905e-197,8.4912880379255115e-196,1.0763,2.5145,0.447,0.954
NFKBIA,ENSG00000100906,-2.1328,1.8380448162438463e-196,4.705837631949607e-195,0.4128,1.8106,0.18,0.826
PARK7,ENSG00000116288,-3.5584,1.4020312081894312e-195,3.57517958088305e-194,0.109,1.2858,0.059,0.687
PGC,ENSG00000096088,-2.2802,2.5589435142690803e-195,6.499308726480234e-194,0.3814,1.853,0.164,0.793
RABAC1,ENSG00000105404,-4.2337,1.3483042245083164e-193,3.4108886631906813e-192,0.0649,1.2232,0.035,0.664
DSTN,ENSG00000125868,-1.5936,2.405520771249189e-193,6.061341864313668e-192,0.6741,2.0346,0.304,0.898
BTG1,ENSG00000133639,-3.4029,3.7182809698521023e-193,9.332299678270532e-192,0.1283,1.3577,0.062,0.695
FIS1,ENSG00000214253,-3.9174,4.0773337914985263e-193,1.0193334478746316e-191,0.0813,1.2301,0.042,0.672
PLA2G1B,ENSG00000170890,-5.5045,4.3226003500521946e-193,1.0764287981087008e-191,0.0286,1.3018,0.014,0.642
DUSP1,ENSG00000120129,-2.7658,2.5335481100873873e-192,6.284579455956067e-191,0.2295,1.5617,0.104,0.74
LAMTOR5,ENSG00000134248,-4.0676,3.6816402370731755e-192,9.097076167186625e-191,0.0731,1.2271,0.039,0.664
NOP10,ENSG00000182117,-6.2498,6.392958846281415e-192,1.5735564727816224e-190,0.0148,1.1375,0.009,0.634
ANK3,ENSG00000151150,1.4463,7.614010104604248e-192,1.8668967083404644e-190,2.2333,0.8195,0.804,0.45
PCBD1,ENSG00000166228,-4.4147,9.379263151909049e-191,2.290911976759394e-189,0.0564,1.2059,0.031,0.655
BRI3,ENSG00000164713,-2.334,3.3875646325131384e-190,8.242642951248571e-189,0.3085,1.556,0.153,0.766
HLA-C,ENSG00000204525,-2.5604,5.885618807600842e-190,1.4266471444279606e-188,0.2586,1.5258,0.122,0.752
NDUFC1,ENSG00000109390,-3.9769,9.31736585077045e-190,2.249932094646273e-188,0.0767,1.21,0.041,0.664
SOD1,ENSG00000142168,-4.862,1.206230102573452e-189,2.9017799637380216e-188,0.0399,1.1631,0.022,0.644
NDUFB1,ENSG00000183648,-4.5499,2.820018788614284e-189,6.758503675720324e-188,0.0513,1.2035,0.028,0.647
SSR2,ENSG00000163479,-3.2059,2.913204064107254e-188,6.955683860930241e-187,0.141,1.3015,0.076,0.691
SAP18,ENSG00000150459,-4.5891,1.1492845784518108e-187,2.7338392491157813e-186,0.0484,1.1663,0.028,0.644
SPTSSA,ENSG00000165389,-2.8361,1.5464414110774295e-187,3.6648936786686295e-186,0.1937,1.3838,0.101,0.715
HMGN2,ENSG00000198830,-3.3814,4.6148331111239965e-184,1.0896133734598325e-182,0.1218,1.2705,0.064,0.677
BTBD9,ENSG00000183826,2.4709,3.056642903391941e-183,7.19044225428916e-182,1.9035,0.3433,0.72,0.183
SPCS1,ENSG00000114902,-4.2172,6.6815133241715135e-183,1.5659796853526984e-181,0.0623,1.1603,0.033,0.644
PRDX2,ENSG00000167815,-4.0139,5.8180547412900796e-182,1.3586116840924637e-180,0.0732,1.184,0.044,0.646
ZFAS1,ENSG00000177410,-2.6309,1.5218886689550922e-180,3.5408906075141285e-179,0.2304,1.4276,0.114,0.717
C4orf3,ENSG00000164096,-3.5754,1.8159874857050895e-180,4.209789171407253e-179,0.1017,1.2133,0.053,0.662
PCBP1,ENSG00000169564,-3.0155,4.338113999170429e-180,1.0020100269823003e-178,0.16,1.2947,0.08,0.693
FTX,ENSG00000230590,2.9041,5.047078257352427e-180,1.1615568191560188e-178,1.7708,0.2365,0.685,0.121
LAMTOR4,ENSG00000188186,-4.2869,6.839751054996211e-180,1.5684680926475123e-178,0.0581,1.1368,0.032,0.636
HSPA8,ENSG00000109971,-2.9524,1.877603177933298e-179,4.29022231517017e-178,0.1732,1.3417,0.083,0.694
TMBIM6,ENSG00000139644,-1.8982,4.696728187708227e-179,1.0693443641657123e-177,0.4629,1.7257,0.214,0.824
ASAH1,ENSG00000104763,-1.859,5.121520861415774e-179,1.1619108715845394e-177,0.4707,1.7079,0.223,0.82
PSMA7,ENSG00000101182,-3.6564,2.3159559991800282e-178,5.235538827933574e-177,0.096,1.2112,0.049,0.655
SEM1,ENSG00000127922,-3.1967,3.50995170132999e-178,7.906693320133811e-177,0.136,1.2476,0.068,0.68
AKAP13,ENSG00000170776,0.6038,4.698815559491773e-178,1.0547517321042272e-176,2.4018,1.5804,0.859,0.774
MRPL57,ENSG00000173141,-5.1578,1.918970746947605e-177,4.292434565540695e-176,0.0307,1.0984,0.021,0.618
FHIT,ENSG00000189283,2.5971,2.037881893901523e-177,4.5424814942735e-176,1.7962,0.2968,0.693,0.169
SELENOH,ENSG00000211450,-3.8981,5.977667343035145e-177,1.3277919620853325e-175,0.0776,1.1578,0.041,0.643
DYNLL1,ENSG00000088986,-3.6715,1.0443106007322098e-176,2.3116250276624432e-175,0.0951,1.2125,0.053,0.648
DAD1,ENSG00000129562,-3.8451,2.6824815191101124e-176,5.917238645095836e-175,0.0813,1.1698,0.046,0.644
ECH1,ENSG00000104823,-3.9132,7.114081288894303e-176,1.5638713178172822e-174,0.0768,1.1586,0.042,0.638
LDHA,ENSG00000134333,-2.9746,1.0174220880872528e-175,2.2288885950365077e-174,0.1672,1.3152,0.083,0.686
SNRPG,ENSG00000143977,-3.7326,1.9694657471381087e-175,4.299775389727892e-174,0.0891,1.1852,0.045,0.649
NDUFA3,ENSG00000170906,-4.6224,2.3851092509214584e-175,5.1871335529953895e-174,0.0452,1.1161,0.027,0.62
ARL6IP4,ENSG00000182196,-3.2395,2.3921839444402266e-175,5.1871335529953895e-174,0.1289,1.2187,0.071,0.666
FOLR1,ENSG00000110195,-3.5723,3.120470601076285e-175,6.743389858258074e-174,0.1039,1.237,0.051,0.652
CD9,ENSG00000010278,-1.78,3.3371862237618476e-175,7.18735208664925e-174,0.5332,1.8314,0.235,0.851
RAN,ENSG00000132341,-3.9467,4.428677666314999e-174,9.5060000413327e-173,0.0751,1.1587,0.041,0.635
LRMDA,ENSG00000148655,2.0837,1.302259268048982e-173,2.785873434165188e-172,1.9175,0.4523,0.725,0.25
PHPT1,ENSG00000054148,-3.7854,1.6764141964121013e-173,3.5742944823167715e-172,0.0848,1.1706,0.045,0.64
NEDD8,ENSG00000129559,-3.6339,1.802639852836612e-173,3.8306096872778e-172,0.0943,1.1712,0.05,0.646
MID1IP1,ENSG00000165175,-3.3009,3.398320964538375e-173,7.197440581040578e-172,0.1285,1.2669,0.069,0.657
SPIDR,ENSG00000164808,2.4629,1.0227982512312832e-172,2.159052599867361e-171,1.7852,0.3237,0.692,0.187
SMYD3,ENSG00000185420,2.3219,2.327993861393528e-172,4.898006886595294e-171,1.8536,0.3706,0.709,0.205
SOD3,ENSG00000109610,-3.4694,4.020783973652935e-172,8.43174270790706e-171,0.114,1.2641,0.055,0.649
HOPX,ENSG00000171476,-1.3563,5.812108321982407e-172,1.214825919758618e-170,0.8824,2.2593,0.367,0.929
SF3B5,ENSG00000169976,-4.4919,3.3399950767597965e-171,6.95832307658291e-170,0.0492,1.1091,0.027,0.616
CLDN18,ENSG00000066405,-3.3355,1.1692705794379655e-170,2.4280455843377946e-169,0.1293,1.306,0.062,0.656
ATP6V0B,ENSG00000117410,-3.6399,1.4573402936990532e-170,3.0164105104972287e-169,0.0929,1.1596,0.05,0.64
HIGD2A,ENSG00000146066,-5.1136,1.433906243412351e-169,2.9583017157779084e-168,0.0307,1.0676,0.018,0.604
ERH,ENSG00000100632,-4.1344,1.8687382947563383e-168,3.842969880345696e-167,0.0624,1.0982,0.036,0.618
CALM2,ENSG00000143933,-1.8738,3.029412667492041e-168,6.209808924521466e-167,0.4561,1.6719,0.211,0.805
NOP53,ENSG00000105373,-2.6434,1.1234960126172502e-165,2.2956048334727465e-164,0.2106,1.3162,0.109,0.689
SIVA1,ENSG00000184990,-3.9022,5.76222862152287e-165,1.1736168518277411e-163,0.0736,1.1021,0.041,0.62
HSPE1,ENSG00000115541,-2.9304,6.170222145431391e-165,1.2527122986345578e-163,0.1646,1.2555,0.08,0.672
NDUFS8,ENSG00000110717,-3.8279,7.403564749803124e-165,1.4983404850792037e-163,0.0782,1.1116,0.042,0.621
TAGLN2,ENSG00000158710,-2.6999,2.0989436364649843e-164,4.2344195197671756e-163,0.201,1.3069,0.099,0.682
PTP4A1,ENSG00000112245,-4.8365,4.8359832390258606e-164,9.725360614760209e-163,0.0379,1.0858,0.017,0.599
LAPTM4A,ENSG00000068697,-2.5617,9.768124157673187e-164,1.958232437269389e-162,0.2201,1.2999,0.11,0.691
NDUFB10,ENSG00000140990,-4.9221,1.1266793839315408e-163,2.2515928127158536e-162,0.0343,1.0438,0.022,0.596
BRK1,ENSG00000254999,-4.0356,2.0023727076483515e-163,3.9891018785182004e-162,0.0664,1.0912,0.036,0.613
ROS1,ENSG00000047936,1.5081,2.394716931510367e-163,4.755863064915449e-162,2.0201,0.7101,0.748,0.394
SELENBP1,ENSG00000143416,-2.1935,3.814143055575087e-163,7.55129254015254e-162,0.3247,1.4854,0.149,0.743
PCBP2,ENSG00000197111,-1.8279,9.391581124332569e-163,1.853601537697218e-161,0.4562,1.6198,0.217,0.8
ALKBH7,ENSG00000125652,-5.2028,9.511937535799265e-163,1.8715617836642072e-161,0.028,1.0345,0.018,0.59
CD59,ENSG00000085063,-1.9755,1.9785330349410963e-162,3.880968645461381e-161,0.3976,1.5641,0.185,0.773
AURKAIP1,ENSG00000175756,-5.3718,2.1185712897184766e-162,4.142911647839046e-161,0.0247,1.0249,0.017,0.588
KRT8,ENSG00000170421,-2.492,8.082618434726631e-162,1.5757398324581737e-160,0.2435,1.3706,0.112,0.706
SEC11A,ENSG00000140612,-2.7629,1.0697536404379354e-161,2.0791705663999507e-160,0.1841,1.2504,0.092,0.675
CIRBP,ENSG00000099622,-1.9641,8.80015650930483e-161,1.7051974999032916e-159,0.4041,1.5769,0.184,0.781
NDUFB7,ENSG00000099795,-4.2857,1.130920499424718e-160,2.1847327829795687e-159,0.0541,1.0575,0.032,0.601
KRTCAP2,ENSG00000163463,-4.0851,1.2687095340941094e-160,2.4435115649093496e-159,0.0648,1.1016,0.032,0.607
EIF3F,ENSG00000175390,-3.2481,1.508364599864263e-160,2.8963326277514087e-159,0.1218,1.158,0.065,0.636
HMGB1,ENSG00000189403,-1.6393,2.1534414900448444e-160,4.122579429139905e-159,0.5803,1.808,0.263,0.849
MRPS21,ENSG00000266472,-4.2488,8.803662011366033e-160,1.6803396803131275e-158,0.0554,1.0555,0.03,0.601
FXYD3,ENSG00000089356,-3.6825,9.583508336708179e-160,1.8237273327317802e-158,0.0877,1.1273,0.046,0.618
ARPC3,ENSG00000111229,-2.5685,1.760204790622611e-159,3.3396742679223646e-158,0.216,1.2818,0.104,0.687
PSME1,ENSG00000092010,-3.9956,1.8234324416623837e-159,3.449371458634331e-158,0.0674,1.0769,0.039,0.605
YWHAB,ENSG00000166913,-3.0123,2.271158504250623e-159,4.283619959940154e-158,0.1452,1.1726,0.078,0.647
NDUFA2,ENSG00000131495,-5.1667,3.5933127912590967e-159,6.757336001261575e-158,0.0282,1.0177,0.015,0.584
NDUFAF3,ENSG00000178057,-4.4654,6.014320655051043e-159,1.1276851228220704e-157,0.0472,1.0442,0.023,0.595
MALAT1,ENSG00000251562,0.2169,9.629067820262475e-159,1.800155640884847e-157,3.4893,3.0021,0.986,0.994
TBCA,ENSG00000171530,-2.2168,2.8985220365455753e-158,5.4029467786485506e-157,0.2938,1.3664,0.148,0.723
ZBTB20,ENSG00000181722,1.7896,7.857075316114237e-158,1.4603164763914946e-156,1.8776,0.543,0.719,0.308
RPS27L,ENSG00000185088,-2.4915,8.63561470358048e-158,1.6003501085850455e-156,0.2337,1.315,0.118,0.685
MBNL1,ENSG00000152601,0.9313,2.0668271694811672e-157,3.8191371609978093e-156,2.1448,1.1247,0.792,0.609
TMEM59,ENSG00000116209,-2.5272,6.753358182504577e-157,1.2442964859383433e-155,0.219,1.2629,0.113,0.68
TXNDC17,ENSG00000129235,-3.7939,2.0596337743824534e-156,3.783909311725689e-155,0.0786,1.0919,0.041,0.608
CNBP,ENSG00000169714,-2.8767,2.8144982668720504e-156,5.155869669916471e-155,0.1606,1.18,0.082,0.649
MACF1,ENSG00000127603,1.2665,2.864086708354763e-156,5.23167701024688e-155,1.9988,0.8308,0.759,0.469
GABARAPL2,ENSG00000034713,-4.5103,3.52333415615423e-156,6.41750149870949e-155,0.0448,1.0221,0.03,0.588
FAM177A1,ENSG00000151327,-1.9366,4.878275779564715e-156,8.860116266303435e-155,0.3933,1.5059,0.191,0.761
TRIR,ENSG00000123144,-3.4084,5.76448229986663e-156,1.043993598342323e-154,0.1042,1.1076,0.055,0.623
DYNLRB1,ENSG00000125971,-4.8331,3.0212368434251047e-155,5.456199681822958e-154,0.0353,1.0078,0.022,0.582
ST13,ENSG00000100380,-2.604,4.028032722564466e-155,7.25387248766906e-154,0.2031,1.2355,0.098,0.672
ADI1,ENSG00000182551,-3.5839,3.2280724058836125e-154,5.796890588030431e-153,0.0903,1.0833,0.053,0.607
SUB1,ENSG00000113387,-3.3331,4.4131748170886596e-154,7.902806027792192e-153,0.1101,1.1106,0.059,0.623
SF3B6,ENSG00000115128,-4.5784,1.4420516412662126e-153,2.575092216546808e-152,0.0422,1.0104,0.027,0.581
ANAPC16,ENSG00000166295,-2.1988,3.543528204602639e-153,6.310053716296599e-152,0.2945,1.3525,0.144,0.714
TRAPPC1,ENSG00000170043,-4.2352,2.3012441836025197e-152,4.086471217400017e-151,0.0548,1.0336,0.031,0.588
POMP,ENSG00000132963,-4.5171,2.6766990711176722e-152,4.7399879384375444e-151,0.0443,1.017,0.026,0.58
KRT10,ENSG00000186395,-4.1941,3.868716472225572e-152,6.831874656631031e-151,0.0557,1.022,0.031,0.586
NAA38,ENSG00000183011,-2.5825,3.880542822084794e-152,6.833828864859271e-151,0.2059,1.2339,0.105,0.669
ANXA5,ENSG00000164111,-2.7926,4.589763032128816e-152,8.060534250639449e-151,0.1702,1.1802,0.087,0.648
SNU13,ENSG00000100138,-3.0454,5.278761666954159e-152,9.245083963415594e-151,0.1383,1.1424,0.069,0.633
TSPO,ENSG00000100300,-3.6527,1.035951903497417e-151,1.8093680506290502e-150,0.0846,1.0652,0.044,0.601
HSP90AB1,ENSG00000096384,-1.6614,4.769832313904805e-151,8.308109563153861e-150,0.5359,1.6953,0.241,0.812
GUK1,ENSG00000143774,-2.8209,6.745790345591867e-151,1.1717823829195681e-149,0.1648,1.1649,0.082,0.644
CD81,ENSG00000110651,-3.1614,9.236892481026387e-151,1.6001410208299788e-149,0.1277,1.1431,0.067,0.621
MRPL33,ENSG00000243147,-2.9264,2.308241121084132e-150,3.9878149449624236e-149,0.1511,1.149,0.073,0.636
ENO1,ENSG00000074800,-1.6863,1.1959113583574324e-149,2.0605229485212517e-148,0.521,1.6771,0.241,0.806
HMGN1,ENSG00000205581,-2.4159,1.6247257802618682e-149,2.7918131668920242e-148,0.2371,1.2657,0.113,0.681
SH3BGRL3,ENSG00000142669,-5.464,1.721024442179356e-149,2.9493362416380094e-148,0.0224,0.9926,0.014,0.564
PSMB6,ENSG00000142507,-6.7915,2.130621387701813e-149,3.641477572814761e-148,0.0086,0.9587,0.004,0.556
RHOA,ENSG00000067560,-1.8563,2.174722093393614e-149,3.70691265919366e-148,0.4161,1.5068,0.203,0.768
SMIM26,ENSG00000232388,-6.2896,4.462498864716498e-149,7.586248070018047e-148,0.0121,0.9525,0.008,0.558
RBM3,ENSG00000102317,-2.8474,5.006286502242782e-149,8.488052247818546e-148,0.166,1.1954,0.078,0.641
CLDN4,ENSG00000189143,-2.483,6.196290251055386e-149,1.0477811764052543e-147,0.2284,1.2773,0.113,0.67
PSMB1,ENSG00000008018,-3.3544,1.0983146626242811e-148,1.8523163952988868e-147,0.1059,1.0842,0.056,0.61
ERG28,ENSG00000133935,-3.5668,1.7712139466923652e-148,2.9792846728664453e-147,0.0908,1.0772,0.042,0.599
ATP11A,ENSG00000068650,1.1332,1.8707148031434234e-148,3.138370228957717e-147,2.0046,0.9138,0.751,0.513
PNRC1,ENSG00000146278,-3.071,4.255225410432554e-148,7.119963777298565e-147,0.1376,1.1571,0.069,0.619
TUBB4B,ENSG00000188229,-4.0388,6.350864650351745e-148,1.0598628834029418e-146,0.064,1.0531,0.033,0.583
MPST,ENSG00000128309,-3.4768,1.0173710916331526e-147,1.6934048848985242e-146,0.096,1.07,0.047,0.603
HSBP1,ENSG00000230989,-4.3561,1.0908575911350706e-147,1.8109940477828321e-146,0.0486,0.9972,0.026,0.576
JTB,ENSG00000143543,-3.4795,1.7048426518859567e-147,2.822953741759214e-146,0.0951,1.0621,0.049,0.6
ARPC2,ENSG00000163466,-1.7429,1.7382145096963177e-147,2.8707558288378303e-146,0.4896,1.6389,0.225,0.794
CDK2AP2,ENSG00000167797,-4.8427,4.5707818570603423e-147,7.529388718025757e-146,0.0349,1.0033,0.021,0.567
TMEM14C,ENSG00000111843,-4.2414,3.4823377468264142e-146,5.721624519592368e-145,0.0522,0.989,0.028,0.573
CYB5A,ENSG00000166347,-1.079,4.482059076683606e-146,7.345276764487914e-145,1.0899,2.3026,0.463,0.929
CLDN7,ENSG00000181885,-2.6604,2.4306536995237732e-145,3.97318393191386e-144,0.1888,1.194,0.094,0.645
KGD4,ENSG00000134056,-3.6781,8.223503044058009e-145,1.3407885397920668e-143,0.0804,1.0301,0.037,0.587
ADIRF,ENSG00000148671,-4.9406,1.0136323073196217e-144,1.6484453977455584e-143,0.0341,1.0509,0.019,0.559
APOC1,ENSG00000130208,-7.0427,1.1323771374886782e-144,1.8368713108117873e-143,0.0074,0.9896,0.004,0.546
SEC11C,ENSG00000166562,-3.629,1.3624179105699076e-144,2.2044198426099396e-143,0.085,1.053,0.041,0.588
NDUFA13,ENSG00000186010,-3.4747,1.8750515287046935e-144,3.0261907583525116e-143,0.0957,1.0654,0.05,0.593
PABPC1,ENSG00000070756,-1.6359,3.058141341830046e-144,4.923144205597612e-143,0.5376,1.671,0.245,0.805
SNHG8,ENSG00000269893,-2.9916,1.0190386900373099e-143,1.6363656546568894e-142,0.1422,1.1315,0.073,0.616
FNDC3B,ENSG00000075420,1.8649,1.695362381158399e-143,2.715561602986129e-142,1.7463,0.4794,0.678,0.289
NDUFV2,ENSG00000178127,-2.4702,3.5443621612732196e-143,5.6629846561696174e-142,0.218,1.2086,0.109,0.662
DPYD,ENSG00000188641,1.7992,3.871998980288178e-143,6.1709983748342836e-142,1.8187,0.5225,0.689,0.301
EIF3L,ENSG00000100129,-2.764,8.093509825600156e-143,1.2866864124239648e-141,0.168,1.142,0.085,0.632
RBX1,ENSG00000100387,-2.6717,1.4000268193903494e-142,2.2201917844809645e-141,0.1801,1.148,0.086,0.637
TOMM20,ENSG00000173726,-2.7622,3.4850475479031024e-141,5.512947423792128e-140,0.1679,1.1399,0.085,0.631
SELENOW,ENSG00000178980,-2.007,3.610495253808942e-141,5.697254268077229e-140,0.346,1.3908,0.166,0.718
SNRPF,ENSG00000139343,-3.9519,4.170068700724033e-141,6.56399702891746e-140,0.0647,1.0025,0.037,0.57
MAST4,ENSG00000069020,1.3861,5.076761671223861e-141,7.971516170948796e-140,1.9131,0.7319,0.721,0.421
NDUFA6,ENSG00000184983,-6.5896,7.272300292759357e-141,1.1390888050698012e-139,0.0095,0.9255,0.006,0.54
LINC02889,ENSG00000236039,3.8068,7.508840369037804e-141,1.173256307662157e-139,1.4516,0.1036,0.576,0.044
KDELR1,ENSG00000105438,-3.2135,1.1635892377452276e-140,1.8136629316933562e-139,0.1136,1.0546,0.062,0.598
CNIH4,ENSG00000143771,-3.0733,2.1844325217466075e-140,3.396526177106005e-139,0.1279,1.0772,0.063,0.605
EID1,ENSG00000255302,-3.4092,3.983848515771664e-140,6.179327077383056e-139,0.0968,1.0293,0.054,0.587
LRBA,ENSG00000198589,2.1986,9.67147283055625e-140,1.4964960993882548e-138,1.6367,0.3565,0.651,0.209
SELENOM,ENSG00000198832,-4.5381,9.905965626159679e-140,1.529068543989539e-138,0.0423,0.9861,0.023,0.557
MT1E,ENSG00000169715,-3.7408,1.0702432729407592e-139,1.648019532608053e-138,0.0824,1.1031,0.042,0.574
MZT2B,ENSG00000152082,-4.0265,1.1237139599354685e-139,1.726187107129786e-138,0.0608,0.9919,0.033,0.563
S100A13,ENSG00000189171,-4.1033,1.1823016826641162e-139,1.8118204872557067e-138,0.0582,1.002,0.032,0.566
ATP6V1F,ENSG00000128524,-5.0403,3.300281330742819e-139,5.045394120739921e-138,0.0283,0.9351,0.014,0.547
EGR1,ENSG00000120738,-3.7467,9.106823327965407e-139,1.3888994908081211e-137,0.086,1.1559,0.041,0.575
PPA1,ENSG00000180817,-1.7821,1.3429346118396877e-138,2.0432477686105034e-137,0.4302,1.4797,0.205,0.751
CCNI,ENSG00000118816,-1.8311,4.173563499313898e-138,6.334873168601452e-137,0.4114,1.464,0.194,0.745
COX7A2L,ENSG00000115944,-3.1153,4.3599495861957827e-138,6.602061428028056e-137,0.1213,1.0519,0.064,0.599
ATP5F1B,ENSG00000110955,-3.6541,8.220725186264558e-138,1.2418749540861742e-136,0.0793,0.9991,0.04,0.573
COPS9,ENSG00000172428,-5.2656,1.0188768308578992e-137,1.5355413231014438e-136,0.0241,0.9327,0.014,0.543
RWDD1,ENSG00000111832,-4.2575,1.244633775854041e-137,1.871353849308847e-136,0.0499,0.957,0.026,0.556
PRR13,ENSG00000205352,-3.4392,7.602841233109552e-137,1.1404261849664328e-135,0.093,1.0099,0.051,0.579
HLA-DRB5,ENSG00000198502,-4.1209,1.094465399302011e-136,1.6378443475470232e-135,0.0623,1.086,0.032,0.558
AUTS2,ENSG00000158321,1.9972,1.1011208295970104e-136,1.6439450324779722e-135,1.7539,0.4393,0.668,0.244
ISCU,ENSG00000136003,-3.1499,1.2071951610745342e-135,1.798100269123868e-134,0.1165,1.035,0.06,0.59
GABARAP,ENSG00000170296,-3.8139,2.171055097521861e-135,3.2262182393244436e-134,0.0814,1.1459,0.045,0.561
ATRAID,ENSG00000138085,-4.8866,3.736568434395275e-135,5.539679946341833e-134,0.0311,0.9215,0.017,0.542
MRPL20,ENSG00000242485,-3.5541,3.913906405232456e-135,5.7891307037951055e-134,0.0845,0.9939,0.047,0.573
LPP,ENSG00000145012,1.6084,4.891142538276568e-135,7.217831870720631e-134,1.7467,0.5728,0.682,0.347
AGPAT2,ENSG00000169692,-2.3157,1.2239284865348486e-134,1.801973233639644e-133,0.2423,1.2069,0.122,0.652
SFTPA1,ENSG00000122852,-0.9249,1.263993502565287e-134,1.8566724836068445e-133,1.4182,2.6926,0.531,0.941
RPL17,ENSG00000265681,-2.0134,1.2753941554471478e-133,1.8691121243621993e-132,0.3346,1.3511,0.159,0.696
NDUFA11,ENSG00000174886,-3.6359,1.302730394906983e-133,1.9047950154889948e-132,0.0802,0.9977,0.044,0.566
SNHG7,ENSG00000233016,-2.9969,1.6212882796474719e-133,2.3651516665337833e-132,0.1355,1.0824,0.072,0.591
ID1,ENSG00000125968,-3.2793,2.8981564966497062e-133,4.2182072297127575e-132,0.1159,1.1261,0.059,0.578
GPHN,ENSG00000171723,2.2709,5.056780504908857e-133,7.343274651205914e-132,1.5875,0.3288,0.635,0.185
AQP3,ENSG00000165272,-1.7483,6.853754381998515e-133,9.930155496645577e-132,0.4538,1.5249,0.211,0.75
EPHX1,ENSG00000143819,-2.7111,1.0534954615687983e-132,1.5229101060093172e-131,0.1735,1.1367,0.092,0.609
EIF3G,ENSG00000130811,-3.508,1.1940379744544496e-132,1.7221701554631485e-131,0.0863,0.9833,0.051,0.567
FOSB,ENSG00000125740,-5.1765,4.2889971609513944e-132,6.172089593919896e-131,0.0291,1.0557,0.014,0.533
TMEM141,ENSG00000244187,-5.8345,7.061968904993653e-132,1.013965129939967e-130,0.0157,0.899,0.009,0.527
ADK,ENSG00000156110,1.1858,1.5849723868631032e-131,2.2706065092701756e-130,1.8781,0.8255,0.719,0.48
POLR1D,ENSG00000186184,-2.4165,1.9020549655143158e-131,2.718744485460485e-130,0.2179,1.1635,0.107,0.64
NSA2,ENSG00000164346,-3.0483,2.6431004141426473e-131,3.769522402720218e-130,0.1244,1.0299,0.067,0.585
XBP1,ENSG00000100219,-2.0792,3.7669801946582177e-131,5.3603791832469056e-130,0.3051,1.2897,0.144,0.679
GKN2,ENSG00000183607,-5.8952,4.4371999788284757e-131,6.30003337751259e-130,0.016,0.9568,0.01,0.524
EPCAM,ENSG00000119888,-2.4805,5.073640332055585e-131,7.187657137078746e-130,0.203,1.1335,0.104,0.626
EIF3E,ENSG00000104408,-1.8533,5.090522649488879e-130,7.195583567736497e-129,0.3772,1.363,0.187,0.706
ZFAND3,ENSG00000156639,2.0369,6.862936393575407e-130,9.679473342708677e-129,1.607,0.3915,0.644,0.232
LRRK2,ENSG00000188906,0.4386,1.1931135216419019e-129,1.679050485754332e-128,2.3591,1.7407,0.811,0.815
MRPS15,ENSG00000116898,-3.7774,1.2744188329904516e-129,1.7895198370735967e-128,0.0691,0.949,0.04,0.553
NDUFAB1,ENSG00000004779,-3.6697,1.3889689289628124e-129,1.9460828400303142e-128,0.0747,0.9523,0.042,0.557
TIMM13,ENSG00000099800,-4.1038,2.142354815209329e-129,2.9950684094209366e-128,0.0542,0.9332,0.033,0.541
NCL,ENSG00000115053,-2.1504,2.3549469590248116e-129,3.2850737119875656e-128,0.2755,1.2234,0.135,0.662
TUBA1B,ENSG00000123416,-4.3609,2.4740574354648305e-129,3.4436934827703697e-128,0.047,0.9671,0.027,0.538
SCAND1,ENSG00000171222,-4.2595,2.704500642555319e-129,3.7562508924379436e-128,0.0478,0.9177,0.031,0.539
UXT,ENSG00000126756,-3.9562,2.850548088758987e-129,3.950487840399683e-128,0.0602,0.9354,0.032,0.547
SEC62,ENSG00000008952,-1.7602,6.92909398376295e-129,9.581990053468287e-128,0.4082,1.383,0.193,0.728
DYNLT1,ENSG00000146425,-3.0173,7.307290777859383e-129,1.008311227464363e-127,0.1269,1.0281,0.065,0.585
PSAP,ENSG00000197746,-2.6109,1.0405933100348016e-128,1.4327823653286956e-127,0.178,1.0878,0.078,0.611
HLA-A,ENSG00000206503,-1.8505,1.5181529132824122e-128,2.084540330661083e-127,0.4005,1.4447,0.176,0.727
SELENOK,ENSG00000113811,-4.9211,1.520488241188084e-128,2.084540330661083e-127,0.0297,0.9013,0.018,0.528
MIEN1,ENSG00000141741,-5.634,5.18881120971674e-128,7.0984273523485435e-127,0.0176,0.8768,0.01,0.52
ARF1,ENSG00000143761,-1.9864,5.558585085848451e-128,7.588004266013678e-127,0.3225,1.2783,0.153,0.687
NDUFC2,ENSG00000151366,-4.4812,6.095417023329443e-128,8.303052034984016e-127,0.0421,0.9432,0.024,0.533
TMEM97,ENSG00000109084,-5.2781,8.087676036562308e-128,1.0993376275711028e-126,0.0234,0.9136,0.012,0.522
RBM8A,ENSG00000265241,-4.3139,1.6033628187594066e-127,2.1747740360832374e-126,0.0458,0.9132,0.023,0.534
EIF5A,ENSG00000132507,-3.5186,1.6168469817778592e-127,2.188407539030542e-126,0.0852,0.9775,0.047,0.555
MYDGF,ENSG00000074842,-3.4192,2.6684096433950796e-127,3.604049041661786e-126,0.0918,0.9829,0.049,0.56
LAMTOR1,ENSG00000149357,-3.3315,3.5332546195200057e-127,4.7620503592896485e-126,0.0955,0.962,0.049,0.561
SNRPD3,ENSG00000100028,-4.6929,2.409650775858616e-126,3.240827783987062e-125,0.0342,0.8876,0.018,0.526
HSPB1,ENSG00000106211,-2.0257,3.693557033325557e-126,4.957142334200089e-125,0.332,1.3522,0.15,0.683
CIB1,ENSG00000185043,-3.542,1.2052941560493554e-125,1.6142332447089581e-124,0.0809,0.9434,0.044,0.55
CALR,ENSG00000179218,-2.2543,1.2521813278751153e-125,1.6735127809651698e-124,0.2518,1.2016,0.125,0.642
MALL,ENSG00000144063,-1.8967,1.2749922561455658e-125,1.7004342328301217e-124,0.3592,1.3378,0.178,0.692
CTSH,ENSG00000103811,-1.0318,1.2791009055841366e-125,1.702352457849451e-124,1.1276,2.3055,0.467,0.938
ATP5MC1,ENSG00000159199,-5.3791,2.2575141631706175e-125,2.9982609979609765e-124,0.0211,0.8803,0.014,0.516
COPE,ENSG00000105669,-2.9876,3.28184386220456e-125,4.349637135458226e-124,0.1275,1.0122,0.063,0.576
ESD,ENSG00000139684,-3.3975,3.7819910695567845e-125,5.002114744486412e-124,0.0906,0.9553,0.053,0.557
VPS28,ENSG00000160948,-3.7606,5.756930323252007e-125,7.598432880068643e-124,0.0684,0.9278,0.04,0.542
MRPL54,ENSG00000183617,-4.7037,3.5919677153941845e-124,4.731155823478911e-123,0.0335,0.8748,0.018,0.521
TKT,ENSG00000163931,-1.5638,4.670926029170951e-124,6.139619265147383e-123,0.5188,1.5339,0.241,0.766
LSM7,ENSG00000130332,-3.9036,5.965314483911005e-124,7.824872394019066e-123,0.0613,0.9186,0.033,0.536
PSMD8,ENSG00000099341,-3.6549,9.862862060372752e-124,1.2910830725847288e-122,0.0739,0.9322,0.039,0.543
MRPL41,ENSG00000182154,-4.0624,1.7963404378598117e-123,2.3466537482287502e-122,0.0538,0.8997,0.028,0.53
CD151,ENSG00000177697,-2.9147,4.3178280953367796e-123,5.629070369687519e-122,0.134,1.0113,0.065,0.575
ATP5F1A,ENSG00000152234,-2.8277,6.605339824359303e-123,8.593681914345013e-122,0.1423,1.0112,0.076,0.582
CHMP2A,ENSG00000130724,-4.5558,1.0191981984293905e-122,1.3232970498955936e-121,0.0373,0.88,0.023,0.52
MDH2,ENSG00000146701,-4.0909,2.2357654430685334e-122,2.8969521747077034e-121,0.0526,0.8972,0.03,0.529
PIGR,ENSG00000162896,-1.6869,3.6532116554243943e-122,4.723980588910854e-121,0.4689,1.5099,0.214,0.732
COA3,ENSG00000183978,-5.3584,3.7168523087089474e-122,4.7965452364412025e-121,0.0208,0.8587,0.012,0.509
SAT2,ENSG00000141504,-3.3977,4.5911594567399147e-122,5.912856876104435e-121,0.0889,0.9375,0.045,0.547
RAC1,ENSG00000136238,-1.8978,8.560948164177933e-122,1.1003234787627887e-120,0.3439,1.2818,0.166,0.683
HLA-DQB1,ENSG00000179344,-3.2258,9.659167582866418e-122,1.2389777332147567e-120,0.1038,0.9716,0.055,0.553
TMEM219,ENSG00000149932,-3.1211,2.130428547466545e-121,2.7272052188954263e-120,0.1104,0.9615,0.062,0.559
PMM1,ENSG00000100417,-3.5263,3.884060376102241e-121,4.9621011818941456e-120,0.083,0.9578,0.04,0.542
SOX5,ENSG00000134532,2.8118,5.030294483096888e-121,6.413625465948532e-120,1.469,0.2091,0.579,0.092
CXCL2,ENSG00000081041,-2.6664,6.818382680863489e-121,8.676085746607733e-120,0.2042,1.2969,0.1,0.583
GADD45B,ENSG00000099860,-3.1692,7.3014510034447995e-121,9.272260985450318e-120,0.1199,1.0796,0.055,0.558
IMMP2L,ENSG00000184903,2.5565,2.3731084953850904e-120,3.0076673276500893e-119,1.4579,0.2477,0.587,0.14
TALDO1,ENSG00000177156,-3.1928,2.967384218786328e-120,3.753387776738659e-119,0.1045,0.9563,0.056,0.553
DAZAP2,ENSG00000183283,-2.418,3.5295606907379085e-120,4.4556335452384494e-119,0.202,1.0802,0.105,0.611
DPM3,ENSG00000179085,-5.1664,5.7958188322434e-120,7.302044477381755e-119,0.0239,0.8611,0.013,0.507
SLC25A4,ENSG00000151729,-3.5496,1.153004085457386e-119,1.4497832435484883e-118,0.0789,0.9255,0.042,0.537
P4HB,ENSG00000185624,-1.7971,1.219690558005013e-118,1.530615611669677e-117,0.3812,1.325,0.181,0.697
DLG2,ENSG00000150672,2.5636,3.2253824310791206e-118,4.0396489190823955e-117,1.5557,0.2631,0.593,0.118
ZNHIT1,ENSG00000106400,-5.2841,1.116796859600006e-117,1.3959960745000074e-116,0.0213,0.8323,0.015,0.5
PET100,ENSG00000229833,-4.3935,2.0222614029516672e-117,2.5228799302968453e-116,0.0416,0.8756,0.024,0.512
SBDS,ENSG00000126524,-3.3362,3.099946938860651e-117,3.859797213913408e-116,0.0907,0.9167,0.045,0.539
C1orf43,ENSG00000143612,-3.21,4.347329728270319e-117,5.402383434254051e-116,0.1001,0.9274,0.055,0.543
SAMD12,ENSG00000177570,2.9835,5.473679490747273e-117,6.788853453991024e-116,1.3497,0.1706,0.553,0.099
DANT2,ENSG00000235244,3.368,8.937271958267521e-117,1.1063127909505914e-115,1.3097,0.1268,0.538,0.067
PARD3,ENSG00000148498,2.0918,1.6546677177529973e-116,2.0442842443169297e-115,1.5273,0.3582,0.614,0.205
NDUFS6,ENSG00000145494,-3.121,1.6636596429824134e-116,2.0514178383003645e-115,0.1069,0.931,0.059,0.546
TMED2,ENSG00000086598,-3.0087,2.5814109230614233e-116,3.1769294661228906e-115,0.1195,0.9627,0.06,0.553
METTL26,ENSG00000130731,-3.33,4.3791495318535196e-116,5.379013153288283e-115,0.0911,0.9174,0.045,0.536
CYSTM1,ENSG00000120306,-2.1119,1.0299368917849646e-115,1.2626630163709903e-114,0.262,1.1327,0.131,0.631
ERGIC3,ENSG00000125991,-2.8232,1.880060767465285e-115,2.3004582327430313e-114,0.1361,0.9639,0.071,0.561
CITED2,ENSG00000164442,-2.6924,1.9402460950151565e-115,2.369553420636326e-114,0.165,1.0673,0.086,0.57
PRELID1,ENSG00000169230,-3.9123,2.181332422878452e-115,2.6588899036042317e-114,0.0577,0.8706,0.036,0.517
EIF3H,ENSG00000147677,-1.9114,2.690921088079493e-115,3.273782812310452e-114,0.3208,1.2071,0.162,0.66
RNH1,ENSG00000023191,-2.9435,3.212294634751245e-115,3.900643485055083e-114,0.1237,0.952,0.059,0.553
CA2,ENSG00000104267,-4.3697,4.5019520630261485e-115,5.456263194256976e-114,0.0438,0.9073,0.021,0.506
SNX3,ENSG00000112335,-2.365,6.139981977658706e-115,7.427397553619402e-114,0.2032,1.0474,0.098,0.597
UQCRFS1,ENSG00000169021,-4.8945,9.726590461439987e-115,1.1743752687818166e-113,0.0278,0.8284,0.017,0.499
PRKG1,ENSG00000185532,2.6947,1.0364308323185767e-114,1.2490069104028215e-113,1.4606,0.2255,0.567,0.111
C1QBP,ENSG00000108561,-4.726,1.3964202871084675e-114,1.679656477418204e-113,0.0316,0.8386,0.022,0.5
CTSD,ENSG00000117984,-2.4349,2.4545943689198896e-114,2.9469000191834836e-113,0.1982,1.072,0.086,0.591
TECR,ENSG00000099797,-3.3683,2.9595791251542207e-114,3.546488143394391e-113,0.0889,0.919,0.047,0.533
NDUFS7,ENSG00000115286,-4.6229,3.4422716828650685e-114,4.1171635981735105e-113,0.0336,0.831,0.018,0.5
TMEM256,ENSG00000205544,-5.505,3.746933313439743e-114,4.473164770258121e-113,0.0181,0.8284,0.012,0.491
MAGI3,ENSG00000081026,1.8108,6.773389187613227e-114,8.071094592716695e-113,1.5939,0.4542,0.63,0.269
RPS19BP1,ENSG00000187051,-4.0356,6.855679758177176e-114,8.153910160145429e-113,0.0521,0.8552,0.03,0.51
C11orf96,ENSG00000187479,-3.3077,7.523401598055889e-114,8.931412511658528e-113,0.1035,1.0253,0.054,0.534
ERLEC1,ENSG00000068912,-2.3576,1.3323066793443968e-113,1.5787091228290948e-112,0.2051,1.0516,0.105,0.595
EIF2S2,ENSG00000125977,-2.0648,1.381391351340193e-113,1.6338348543216567e-112,0.2779,1.1631,0.137,0.632
DHRS7,ENSG00000100612,-3.6721,1.5326975273574547e-113,1.8094345809081064e-112,0.0702,0.8959,0.042,0.519
RNF7,ENSG00000114125,-4.0418,2.8709062679638296e-113,3.382999530179189e-112,0.0513,0.8472,0.027,0.508
CADPS2,ENSG00000081803,1.8972,3.5325445836857745e-113,4.1549763322872347e-112,1.5572,0.418,0.617,0.25
SSR3,ENSG00000114850,-2.0301,3.8968691293181837e-113,4.575053535801735e-112,0.2868,1.1715,0.14,0.64
UBXN1,ENSG00000162191,-4.1529,4.4794076612251136e-113,5.24930585299818e-112,0.0479,0.8535,0.03,0.506
RTRAF,ENSG00000087302,-3.2533,4.721404642086252e-113,5.522743962073368e-112,0.0944,0.9014,0.051,0.534
PPP1CA,ENSG00000172531,-3.8461,9.041026051939455e-113,1.0556143055149089e-111,0.0594,0.856,0.032,0.512
SRI,ENSG00000075142,-3.5735,9.196883892889835e-113,1.0718488997654972e-111,0.0731,0.871,0.037,0.519
SET,ENSG00000119335,-2.3822,1.7139824094840295e-112,1.9939120183322423e-111,0.2024,1.0557,0.103,0.59
MAGI1,ENSG00000151276,2.0735,3.159153912400376e-112,3.6684164283337696e-111,1.5072,0.358,0.606,0.202
BSG,ENSG00000172270,-2.7391,3.867761521450556e-112,4.483087218044963e-111,0.1428,0.9543,0.076,0.557
RNF181,ENSG00000168894,-5.0826,4.1072243164242124e-112,4.752006355209501e-111,0.0241,0.8204,0.012,0.49
UTRN,ENSG00000152818,1.3253,4.630274810114513e-112,5.347464114942033e-111,1.7211,0.6867,0.67,0.398
MRPL51,ENSG00000111639,-4.4528,5.343144709708599e-112,6.1595926807219375e-111,0.0377,0.8282,0.023,0.497
WIF1,ENSG00000156076,-1.9939,8.263383258921067e-111,9.508857089462419e-110,0.3168,1.2622,0.141,0.639
EBP,ENSG00000147155,-4.0307,5.670242839694838e-110,6.513116775325152e-109,0.0529,0.8659,0.03,0.502
CENPX,ENSG00000169689,-4.6834,6.993415111802885e-110,8.018529017579747e-109,0.0316,0.8147,0.018,0.49
SCGB3A2,ENSG00000164265,-2.4691,1.2191642003796878e-109,1.3953629761975782e-108,0.2295,1.271,0.101,0.575
SELENOS,ENSG00000131871,-3.1337,2.710110215158428e-109,3.0962280683933654e-108,0.1036,0.9098,0.056,0.53
CHCHD10,ENSG00000250479,-4.3188,4.470197799486793e-109,5.0979447176615934e-108,0.042,0.8405,0.023,0.493
MRFAP1,ENSG00000179010,-3.37,6.836182570804433e-109,7.78226140872826e-108,0.0845,0.8749,0.047,0.518
C2,ENSG00000166278,-2.2855,3.06984988562937e-108,3.4884657791242844e-107,0.2181,1.0638,0.109,0.592
ATP5PB,ENSG00000116459,-3.416,3.3863146934769327e-108,3.84123775283193e-107,0.081,0.8657,0.045,0.515
TANC2,ENSG00000170921,1.5475,4.3589369052865e-108,4.9357411671760995e-107,1.6587,0.5674,0.646,0.324
RSL24D1,ENSG00000137876,-3.5046,5.94630554088015e-108,6.721223018282085e-107,0.0759,0.8628,0.041,0.51
SPCS2,ENSG00000118363,-2.2993,6.139837651319756e-108,6.927692925161672e-107,0.2121,1.0444,0.104,0.586
AP2S1,ENSG00000042753,-4.1007,3.3499283091021247e-107,3.7731082986795133e-106,0.0475,0.8159,0.027,0.492
PHB2,ENSG00000215021,-3.5079,3.3684895358808637e-107,3.7873228908713416e-106,0.075,0.8545,0.041,0.509
C19orf33,ENSG00000167644,-3.359,4.0404586206256636e-107,4.534845722973345e-106,0.0914,0.9386,0.046,0.513
GNB2,ENSG00000172354,-3.6081,4.1666271329111044e-107,4.668233387048908e-106,0.0696,0.8494,0.039,0.506
CELF2,ENSG00000048740,1.0314,9.726503120313229e-107,1.0878325858245058e-105,1.8091,0.885,0.703,0.501
SFTPA2,ENSG00000185303,-0.8485,9.931120109842294e-107,1.1087721663790651e-105,1.4709,2.6488,0.539,0.938
SCP2,ENSG00000116171,-2.2525,1.0179322688857973e-106,1.1344961912844331e-105,0.2194,1.046,0.107,0.591
ARPC1B,ENSG00000130429,-2.0905,2.963649963041008e-106,3.297254540032535e-105,0.2552,1.0872,0.125,0.605
SDR16C5,ENSG00000170786,-1.546,6.056598577026431e-106,6.726622984066811e-105,0.4689,1.3694,0.227,0.709
RAB25,ENSG00000132698,-4.2634,7.454641996326358e-106,8.264929169840093e-105,0.042,0.8079,0.024,0.487
SYNGR2,ENSG00000108639,-2.2629,8.849801675068723e-106,9.79470237475054e-105,0.2172,1.0428,0.104,0.586
BEX2,ENSG00000133134,-4.2356,1.9478531893477947e-105,2.152090828785475e-104,0.0438,0.8264,0.023,0.487
ATP5F1C,ENSG00000165629,-2.6742,2.2750479789089218e-105,2.50924409438484e-104,0.1465,0.9359,0.078,0.547
TMEM147,ENSG00000105677,-4.4828,2.9686680811817327e-105,3.2686112292804054e-104,0.0358,0.8037,0.023,0.483
LSM3,ENSG00000170860,-7.7546,3.752385466693279e-105,4.124389198305113e-104,0.0034,0.7604,0.004,0.463
HNRNPK,ENSG00000165119,-1.7798,4.287635030288731e-105,4.7045909325457245e-104,0.3491,1.199,0.172,0.658
TRIO,ENSG00000038382,2.3443,4.82720629438521e-105,5.2875326678188516e-104,1.3714,0.27,0.565,0.161
EFNA5,ENSG00000184349,2.5833,7.613471562066986e-105,8.325194032277364e-104,1.3697,0.2285,0.548,0.126
EIF4G2,ENSG00000110321,-1.7569,1.0133173173075059e-104,1.1061469003142724e-103,0.3574,1.208,0.172,0.657
SRP9,ENSG00000143742,-2.7886,1.1796251012378891e-104,1.2854888923746228e-103,0.1309,0.9049,0.064,0.534
MRPL52,ENSG00000172590,-3.846,1.6762035911781363e-104,1.8235149989352594e-103,0.0576,0.8292,0.031,0.493
SSU72,ENSG00000160075,-2.9724,1.907810880771133e-104,2.0719411183843225e-103,0.1127,0.8854,0.059,0.523
ERBB4,ENSG00000178568,2.1464,8.222679441464921e-104,8.914894802608652e-103,1.5001,0.3388,0.587,0.175
PGLS,ENSG00000130313,-3.6831,3.4990229836181053e-103,3.787142872761532e-102,0.0642,0.8253,0.035,0.493
PTRHD1,ENSG00000184924,-6.6414,8.1396737684026e-103,8.794986487045183e-102,0.0076,0.7661,0.005,0.461
NDUFB3,ENSG00000119013,-4.9112,3.212344587652305e-102,3.4650925120614966e-101,0.0257,0.7754,0.015,0.47
TUFM,ENSG00000178952,-2.9239,6.1687961857142704e-102,6.642918189852783e-101,0.1152,0.8748,0.062,0.519
HERPUD1,ENSG00000051108,-2.7171,6.622031686107176e-102,7.11896323759414e-101,0.1433,0.9426,0.073,0.535
FOXP1,ENSG00000114861,1.001,6.8847124374326895e-102,7.388895924012357e-101,1.7996,0.8991,0.697,0.508
PYURF,ENSG00000145337,-4.9401,7.385673967457418e-102,7.91322210799009e-101,0.025,0.7697,0.017,0.469
PATJ,ENSG00000132849,1.87,8.239813517963116e-102,8.81355892231793e-101,1.4486,0.3962,0.594,0.24
ENY2,ENSG00000120533,-3.2744,8.302275019569523e-102,8.865494681701123e-101,0.0859,0.8318,0.042,0.501
AGR2,ENSG00000106541,-2.0387,9.488806842926913e-102,1.0115575856799175e-100,0.2832,1.164,0.136,0.601
CYCS,ENSG00000172115,-3.9071,1.3866081115300195e-101,1.4757306696166734e-100,0.0547,0.8216,0.027,0.484
HSPA5,ENSG00000044574,-2.0196,2.6515313657214024e-101,2.81725207607899e-100,0.2748,1.1146,0.135,0.603
PTPRG,ENSG00000144724,1.6622,3.156046702491015e-101,3.3477200879168415e-100,1.5786,0.4987,0.625,0.28
UFC1,ENSG00000143222,-4.9964,3.334322253333522e-101,3.5309475689370767e-100,0.0239,0.7651,0.017,0.467
FKBP1A,ENSG00000088832,-2.7016,5.566010376647943e-101,5.884463706655163e-100,0.1395,0.908,0.069,0.533
TCEA1,ENSG00000187735,-1.8457,1.3081925208909712e-100,1.3807495564039638e-99,0.312,1.1217,0.155,0.625
NDUFB6,ENSG00000165264,-4.2628,1.3337192768734733e-100,1.405365353730313e-99,0.0409,0.7872,0.023,0.475
HSP90B1,ENSG00000166598,-1.8159,4.3369189983021634e-100,4.562352906629751e-99,0.339,1.1938,0.157,0.641
RPL22L1,ENSG00000163584,-4.3606,7.840899271012652e-100,8.234881853823009e-99,0.0391,0.8047,0.023,0.471
TUBA1C,ENSG00000167553,-3.4001,1.7611282638112915e-99,1.846577743716609e-98,0.0795,0.84,0.042,0.495
TXNIP,ENSG00000265972,-1.8557,1.914843035494616e-99,2.004453916466039e-98,0.3392,1.228,0.155,0.624
FGGY,ENSG00000172456,-1.4591,1.9597479668339948e-99,2.0480972604207732e-98,0.5072,1.3948,0.235,0.718
CHD2,ENSG00000173575,1.3818,2.1651919250193624e-99,2.259099594435096e-98,1.6462,0.6316,0.638,0.368
MAP1LC3B,ENSG00000140941,-3.2416,2.4323130940761406e-99,2.5336594729959796e-98,0.0883,0.836,0.046,0.499
BANF1,ENSG00000175334,-3.995,2.7420776787260196e-99,2.8516713216767334e-98,0.0494,0.7898,0.028,0.477
TCEAL4,ENSG00000133142,-2.9799,2.8466841918887504e-99,2.955637088483841e-98,0.1102,0.8699,0.056,0.511
SARAF,ENSG00000133872,-2.3876,6.6319874868393395e-99,6.874621175382243e-98,0.1806,0.9453,0.091,0.553
HINT2,ENSG00000137133,-5.6117,1.5978184086282346e-98,1.6514282268475494e-97,0.0152,0.7478,0.01,0.456
POLR2I,ENSG00000105258,-4.6988,1.598323476023432e-98,1.6514282268475494e-97,0.0294,0.7656,0.017,0.464
ELOC,ENSG00000154582,-3.2994,1.6031295681244773e-98,1.6537137535264632e-97,0.0832,0.82,0.04,0.495
PDCD5,ENSG00000105185,-3.8629,1.8473659303335548e-98,1.9025779977183217e-97,0.0546,0.7956,0.028,0.478
EIF1B,ENSG00000114784,-3.8253,2.1108061718012564e-98,2.1703853782633886e-97,0.0557,0.7911,0.028,0.479
SLIRP,ENSG00000119705,-2.6218,2.8917520310657103e-98,2.968586022229292e-97,0.149,0.9174,0.077,0.532
SNRPE,ENSG00000182004,-4.6101,3.708350550689471e-98,3.800761215537842e-97,0.0315,0.7721,0.017,0.463
KLF6,ENSG00000067082,-1.9342,5.4946902821984834e-98,5.62257633210519e-97,0.323,1.2347,0.142,0.608
AREG,ENSG00000109321,-2.435,6.242677107369502e-98,6.377735025557784e-97,0.206,1.1144,0.096,0.545
POLR2K,ENSG00000147669,-5.518,1.282932471994808e-97,1.3085911214347042e-96,0.016,0.7382,0.009,0.453
BBLN,ENSG00000171159,-4.8491,2.839175021682271e-97,2.8913323902914504e-96,0.0261,0.7555,0.014,0.459
TCEAL8,ENSG00000180964,-4.6718,3.902604438763451e-97,3.967959058551356e-96,0.0298,0.7612,0.019,0.461
PFDN2,ENSG00000143256,-4.0561,4.291139379679377e-97,4.356053112333762e-96,0.0464,0.7734,0.026,0.471
YWHAE,ENSG00000108953,-1.4735,4.332394553486003e-97,4.390940425830409e-96,0.4793,1.3313,0.225,0.71
MT2A,ENSG00000125148,-3.4524,4.630296522013498e-97,4.685419099656516e-96,0.0874,0.9573,0.04,0.487
MRPL34,ENSG00000130312,-4.7691,6.945892193766061e-97,7.017442588789008e-96,0.0274,0.7491,0.015,0.459
DDX24,ENSG00000089737,-2.11,7.000521057480415e-97,7.061443313518616e-96,0.2315,0.9998,0.112,0.576
NHP2,ENSG00000145912,-4.695,1.1827151076109256e-96,1.1911230349162165e-95,0.0295,0.7654,0.019,0.459
DUSP23,ENSG00000158716,-4.1546,2.2316015204040157e-96,2.2439210871570347e-95,0.0435,0.7763,0.024,0.466
GHITM,ENSG00000165678,-3.0311,3.1286306708018924e-96,3.140948114387727e-95,0.1024,0.8377,0.053,0.5
COMT,ENSG00000093010,-2.2783,3.4630752371298974e-96,3.471242867406147e-95,0.1975,0.9586,0.095,0.552
ACP1,ENSG00000143727,-2.9789,4.388853455701758e-96,4.392298395619891e-95,0.1057,0.8337,0.054,0.502
VDAC2,ENSG00000165637,-3.4123,7.504800140357766e-96,7.498918635545574e-95,0.075,0.7993,0.037,0.483
GPC5,ENSG00000179399,3.5637,9.186795874100281e-96,9.165230625569529e-95,1.2382,0.1046,0.481,0.047
SMIM22,ENSG00000267795,-3.7637,1.4850341396154035e-95,1.4792332250075308e-94,0.0592,0.8051,0.033,0.472
ELF3,ENSG00000163435,-1.5726,1.9567513082294527e-95,1.9460670187149392e-94,0.4497,1.3378,0.203,0.673
SUSD2,ENSG00000099994,-2.1685,4.057058633069175e-95,4.028621306201868e-94,0.2249,1.0114,0.109,0.56
BTG3,ENSG00000154640,-1.8143,4.096292072710246e-95,4.0612538045921954e-94,0.3188,1.1215,0.15,0.618
RAD23A,ENSG00000179262,-2.9921,4.8167764674744654e-95,4.7681599348058566e-94,0.1047,0.8336,0.053,0.499
ARF4,ENSG00000168374,-1.947,6.015858145250056e-95,5.945906306351799e-94,0.274,1.0567,0.137,0.596
MLF2,ENSG00000089693,-3.3423,2.6443176192094525e-94,2.6095239663251176e-93,0.0784,0.7956,0.046,0.483
RHOB,ENSG00000143878,-2.6117,3.035116595782354e-94,2.9905515143914226e-93,0.1597,0.9764,0.077,0.522
ZNF593,ENSG00000142684,-5.5509,3.2496056879327863e-94,3.196950040211653e-93,0.0154,0.7284,0.01,0.445
PSMB5,ENSG00000100804,-3.7581,3.7984878797297495e-94,3.73118031329386e-93,0.0569,0.7709,0.031,0.469
LSM5,ENSG00000106355,-4.8398,1.3132619858384747e-93,1.2880069476492732e-92,0.0257,0.7387,0.015,0.451
POLR2J,ENSG00000005075,-5.4857,1.8947972325638545e-93,1.8555042023954795e-92,0.0159,0.7147,0.008,0.444
NDUFA12,ENSG00000184752,-4.4333,2.551499852692623e-93,2.4947563743735386e-92,0.0343,0.7422,0.019,0.455
MAPK10,ENSG00000109339,2.3509,3.036847718065969e-93,2.9647632775912024e-92,1.3385,0.2623,0.535,0.144
ANXA1,ENSG00000135046,-1.8403,1.1678751329891696e-92,1.1384103933954062e-91,0.321,1.1498,0.146,0.603
PDIA6,ENSG00000143870,-2.2662,1.4569016025685672e-92,1.4179767505915443e-91,0.1959,0.9429,0.103,0.542
LGALS3BP,ENSG00000108679,-2.7022,4.5623179295270645e-92,4.433655000112048e-91,0.1329,0.8652,0.069,0.508
SERPINB1,ENSG00000021355,-2.3419,1.0066025379539684e-91,9.76726206918805e-91,0.1887,0.9572,0.092,0.533
HSD17B6,ENSG00000025423,-2.8242,3.30713330915711e-91,3.2040995206499357e-90,0.1227,0.8696,0.058,0.498
DDRGK1,ENSG00000198171,-3.4329,1.8640979276913848e-90,1.8032813792158695e-89,0.0712,0.77,0.039,0.467
PARD3B,ENSG00000116117,3.1171,6.8017113017015515e-90,6.569834780052635e-89,1.1541,0.1329,0.483,0.069
CHCHD5,ENSG00000125611,-4.9701,7.019008183425635e-90,6.769467045285692e-89,0.0228,0.7172,0.014,0.439
NEDD4L,ENSG00000049759,0.8524,7.037027817818192e-90,6.7765940088506e-89,1.7961,0.9947,0.685,0.551
CREG1,ENSG00000143162,-4.256,7.752394317603091e-90,7.454225305387588e-89,0.0384,0.7348,0.019,0.447
RSL1D1,ENSG00000171490,-3.2694,1.4011190673979767e-89,1.345200911846702e-88,0.0807,0.7794,0.044,0.472
PTPRK,ENSG00000152894,1.5823,2.2667462540226662e-89,2.1730086269766162e-88,1.5084,0.5037,0.599,0.293
RERE,ENSG00000142599,1.7199,2.3733113855543922e-89,2.2717507631995872e-88,1.4261,0.4329,0.578,0.261
SQSTM1,ENSG00000161011,-1.2138,3.203484111946263e-89,3.0618007816577855e-88,0.6983,1.6198,0.299,0.795
SUMO1,ENSG00000116030,-2.6364,3.687161138035932e-89,3.518810217811237e-88,0.1329,0.827,0.069,0.501
ETFB,ENSG00000105379,-3.182,3.85304963375147e-89,3.6716280142250554e-88,0.0857,0.7787,0.047,0.474
KDELR2,ENSG00000136240,-2.746,5.5801414069408896e-89,5.309462905857936e-88,0.1247,0.8372,0.068,0.496
OSTC,ENSG00000198856,-2.9635,6.580349783075757e-89,6.251822632952005e-88,0.1037,0.8096,0.053,0.483
GADD45GIP1,ENSG00000179271,-4.1116,8.190829050922004e-89,7.770317738039847e-88,0.042,0.7281,0.022,0.446
NAXE,ENSG00000163382,-5.6396,1.0584897763637459e-88,1.0026556202554057e-87,0.0139,0.6966,0.006,0.43
SSNA1,ENSG00000176101,-4.1138,1.327699058146751e-88,1.2557984414963704e-87,0.0419,0.7262,0.022,0.448
ADH5,ENSG00000197894,-2.7363,1.404689809916234e-88,1.32665148714311e-87,0.124,0.8271,0.062,0.493
EIF3I,ENSG00000084623,-3.8384,1.8036746487527343e-88,1.70095057482229e-87,0.0513,0.7358,0.027,0.452
HNRNPA0,ENSG00000177733,-3.6519,2.1901697433233844e-88,2.062382882376156e-87,0.0595,0.7487,0.037,0.458
FBP1,ENSG00000165140,-2.7357,2.7158706662316044e-88,2.553639453868212e-87,0.1265,0.8428,0.065,0.494
PTMS,ENSG00000159335,-3.0307,2.934030073971046e-88,2.754704229980179e-87,0.099,0.8096,0.051,0.478
SRSF7,ENSG00000115875,-2.1733,4.6289754186822e-88,4.339664455014562e-87,0.2117,0.9551,0.107,0.543
TMEM50A,ENSG00000183726,-3.628,8.058746731451154e-88,7.543980971072115e-87,0.0598,0.7406,0.036,0.456
COPZ1,ENSG00000111481,-3.7486,1.1014394626004747e-87,1.0295713451727312e-86,0.0552,0.7431,0.03,0.453
PGK1,ENSG00000102144,-2.053,1.6849835444477214e-87,1.572733542584806e-86,0.2294,0.9523,0.119,0.551
EIF4A2,ENSG00000156976,-1.6564,2.2735801021788955e-87,2.1190165426009445e-86,0.3541,1.1164,0.18,0.617
ANP32B,ENSG00000136938,-1.9638,2.9779646352059387e-87,2.77146343787414e-86,0.2508,0.9787,0.126,0.564
SRSF9,ENSG00000111786,-2.8397,3.518787379436297e-87,3.270010137595684e-86,0.1122,0.804,0.06,0.486
BAD,ENSG00000002330,-3.9188,4.458250341257915e-87,4.137022696582126e-86,0.0476,0.7216,0.027,0.446
ARL6IP5,ENSG00000144746,-2.1483,9.87674978988605e-87,9.151784870715635e-86,0.2065,0.9158,0.101,0.537
POLR2E,ENSG00000099817,-3.6325,1.6087755572417786e-86,1.4885260054305282e-85,0.0594,0.7383,0.039,0.454
WWOX,ENSG00000186153,2.7321,1.879607464074043e-86,1.7365938526771049e-85,1.2077,0.1817,0.493,0.098
EXT1,ENSG00000182197,2.7278,2.36344339511926e-86,2.1804560989703737e-85,1.1853,0.1789,0.493,0.1
STARD10,ENSG00000214530,-2.7132,2.6252578889119555e-86,2.418499861533774e-85,0.1248,0.8192,0.067,0.487
HYI,ENSG00000178922,-3.3701,4.475796378905603e-86,4.117345153755154e-85,0.0731,0.757,0.035,0.459
HLA-DMA,ENSG00000204257,-2.8034,6.3152488277248975e-86,5.801111134977842e-85,0.1184,0.8274,0.064,0.484
AGAP1,ENSG00000157985,2.4529,8.464741772864456e-86,7.764421410361281e-85,1.2142,0.2217,0.508,0.125
CYC1,ENSG00000179091,-4.6909,1.0886131376531498e-85,9.971133265141998e-85,0.0268,0.6946,0.017,0.432
EBPL,ENSG00000123179,-2.5893,1.3721622843581606e-85,1.2550264795958784e-84,0.1372,0.8264,0.071,0.494
ARPC5,ENSG00000162704,-2.7793,1.3955740356435485e-85,1.2746109566228684e-84,0.1157,0.7949,0.059,0.483
EXOC4,ENSG00000131558,2.2828,1.4351304037169552e-85,1.3088635656216867e-84,1.2378,0.2543,0.519,0.15
TMEM179B,ENSG00000185475,-3.1986,2.1571773432818615e-85,1.9645722233459812e-84,0.0823,0.7565,0.037,0.46
HLA-E,ENSG00000204592,-2.2029,2.223472064865401e-85,2.022059117477451e-84,0.1956,0.9009,0.094,0.525
LMNA,ENSG00000160789,-1.7129,2.578919141089207e-85,2.3419671687241726e-84,0.336,1.1017,0.159,0.595
POLR2F,ENSG00000100142,-4.0446,3.42702374730529e-85,3.1077206812334596e-84,0.0436,0.7204,0.024,0.441
ATF4,ENSG00000128272,-2.1205,3.8748919096373887e-85,3.5088687391957887e-84,0.2191,0.9531,0.109,0.535
TRAPPC2L,ENSG00000167515,-4.4112,3.973337232676904e-85,3.592911327420604e-84,0.033,0.7042,0.019,0.434
SNRPB,ENSG00000125835,-4.2275,4.4088381297133615e-85,3.9810684244932973e-84,0.0378,0.7093,0.024,0.437
ARF5,ENSG00000004059,-4.4643,4.478574611427394e-85,4.038318691350727e-84,0.033,0.7296,0.018,0.433
MTUS1,ENSG00000129422,0.7594,7.763996733829657e-85,6.990886889571196e-84,1.765,1.0426,0.687,0.575
RBPMS,ENSG00000157110,0.8837,8.64247187473614e-85,7.770910888778969e-84,1.7241,0.9344,0.669,0.53
PDLIM1,ENSG00000107438,-1.7066,8.737898133228576e-85,7.845647971736926e-84,0.3242,1.0583,0.155,0.596
DLEU2,ENSG00000231607,3.4909,9.411820616200981e-85,8.438868695960795e-84,1.0642,0.0946,0.454,0.05
MBD5,ENSG00000204406,2.6106,1.1351665499226233e-84,1.0163885892916746e-83,1.1976,0.196,0.494,0.111
CRB3,ENSG00000130545,-5.1772,1.9281739417726238e-84,1.723998440224471e-83,0.0187,0.6804,0.01,0.423
CERS2,ENSG00000143418,-3.1954,3.3242551144176193e-84,2.96808492358716e-83,0.0822,0.7542,0.044,0.46
PA2G4,ENSG00000170515,-2.7621,3.418441102772441e-84,3.0479107734509525e-83,0.1187,0.8059,0.064,0.482
POLR2C,ENSG00000102978,-3.0865,4.346266439512571e-84,3.8697553843425475e-83,0.0905,0.7696,0.044,0.465
PTPRM,ENSG00000173482,1.8119,1.0630809055539602e-83,9.452079181180608e-83,1.3915,0.3962,0.558,0.231
GLO1,ENSG00000124767,-2.2862,1.5729767914557367e-83,1.3966193656727467e-82,0.1768,0.8626,0.087,0.513
GLUL,ENSG00000135821,-2.3994,2.4164961758390268e-83,2.1425817970756324e-82,0.1584,0.8362,0.067,0.495
MRPS34,ENSG00000074071,-4.2204,2.5637173409529837e-83,2.2699580623021207e-82,0.0372,0.6954,0.022,0.431
FKBP8,ENSG00000105701,-3.2326,2.9960097583278738e-83,2.649037754416116e-82,0.0784,0.7375,0.042,0.455
EMC4,ENSG00000128463,-4.3202,3.039564291593474e-83,2.683825811483157e-82,0.0343,0.6878,0.018,0.429
REEP5,ENSG00000129625,-2.0212,5.951497979622755e-83,5.247690127260728e-82,0.2253,0.9149,0.116,0.538
LIMCH1,ENSG00000064042,0.7735,1.4105295130579467e-82,1.24200630466083e-81,1.7785,1.0404,0.683,0.571
HHIP-AS1,ENSG00000248890,-3.6477,2.3065194617164058e-82,2.0281464232333913e-81,0.0586,0.7351,0.035,0.441
CSNK2B,ENSG00000204435,-4.169,2.4207234594738842e-82,2.1256352691661174e-81,0.0385,0.6945,0.024,0.43
DMKN,ENSG00000161249,-1.9348,3.381878366267295e-82,2.965539832868501e-81,0.2509,0.9596,0.126,0.552
SSBP1,ENSG00000106028,-2.1106,3.709142892448559e-82,3.2480475191427973e-81,0.2065,0.892,0.099,0.524
CCSER1,ENSG00000184305,3.2182,3.880517492232043e-82,3.393456654729667e-81,1.0869,0.1167,0.457,0.059
PAM,ENSG00000145730,1.5904,3.8897528233783456e-82,3.3968731847995825e-81,1.3885,0.461,0.571,0.282
SERBP1,ENSG00000142864,-1.8321,5.71086616244402e-82,4.980406537015134e-81,0.2769,0.9862,0.137,0.568
GTF2A2,ENSG00000140307,-3.9837,5.888632161402843e-82,5.128419402861083e-81,0.0439,0.6961,0.024,0.433
TMEM125,ENSG00000179178,-1.7505,1.0071284231094648e-81,8.759131919949302e-81,0.3012,1.0137,0.153,0.576
SRSF5,ENSG00000100650,-1.4445,1.0186263334637263e-81,8.84706113873468e-81,0.4389,1.1947,0.204,0.653
MGST1,ENSG00000008394,-0.7913,1.2543358419371883e-81,1.0879443527006224e-80,1.2989,2.2479,0.533,0.933
BCAP31,ENSG00000185825,-2.7868,1.6746133960639102e-81,1.450497336943944e-80,0.1125,0.7771,0.054,0.469
AGR3,ENSG00000173467,-1.6845,2.88484487680178e-81,2.4953712468943484e-80,0.3501,1.1255,0.166,0.587
TM4SF1,ENSG00000169908,-2.6411,3.1627748631366434e-81,2.7320717821810436e-80,0.1457,0.9091,0.071,0.479
ADIPOR1,ENSG00000159346,-2.7673,3.6586971318893866e-81,3.156183249769261e-80,0.1131,0.7703,0.056,0.47
ALDH2,ENSG00000111275,-1.4428,6.084894194672673e-81,5.24205412041058e-80,0.4399,1.196,0.207,0.648
RAB13,ENSG00000143545,-2.9206,6.2395258869447715e-81,5.368013161845198e-80,0.0992,0.7515,0.051,0.461
ATP6V0D1,ENSG00000159720,-2.2134,1.2789583178177416e-80,1.0988354819525746e-79,0.184,0.8537,0.091,0.508
CD302,ENSG00000241399,-2.4368,1.5195175992127005e-80,1.3037583707915162e-79,0.1544,0.8362,0.08,0.491
DPM2,ENSG00000136908,-3.7195,3.259914671292468e-80,2.7932736598776186e-79,0.0529,0.6984,0.032,0.434
YIF1A,ENSG00000174851,-4.0848,3.826454272461309e-80,3.2743148975759524e-79,0.0407,0.6914,0.022,0.425
RBMS3,ENSG00000144642,3.4578,5.390619028216938e-80,4.606594678938737e-79,1.0808,0.0983,0.443,0.06
TSPAN3,ENSG00000140391,-1.1965,8.01431018330595e-80,6.839521742781183e-79,0.6376,1.4613,0.29,0.753
TACSTD2,ENSG00000184292,-2.9782,9.050484514428372e-80,7.713481120251454e-79,0.1021,0.8051,0.054,0.457
TIMM8B,ENSG00000150779,-4.0954,1.1918252687788734e-79,1.0144040171515778e-78,0.0403,0.6911,0.026,0.425
PHACTR1,ENSG00000112137,1.6275,1.539622850423152e-79,1.3086794228596792e-78,1.3963,0.4518,0.565,0.27
MED13L,ENSG00000123066,1.6192,1.9474410427500342e-79,1.6531207253703685e-78,1.3625,0.4434,0.565,0.268
MORF4L1,ENSG00000185787,-1.3446,5.420992733866361e-79,4.595588919999741e-78,0.4864,1.2355,0.227,0.674
BEX4,ENSG00000102409,-4.0446,1.0725435535232869e-78,9.080299008912289e-78,0.0414,0.6839,0.022,0.422
PLD3,ENSG00000105223,-1.3674,1.489215351375099e-78,1.2591177539809359e-77,0.4761,1.2286,0.221,0.658
ECHS1,ENSG00000127884,-3.6744,1.8683486206404236e-78,1.5775791333222119e-77,0.0542,0.6929,0.033,0.43
TMEM208,ENSG00000168701,-4.0934,2.018274145611895e-78,1.7019176823116179e-77,0.0395,0.676,0.027,0.421
KRT19,ENSG00000171345,-1.35,2.2428772299674225e-78,1.8888166897017593e-77,0.5112,1.3032,0.232,0.676
ATP1A1,ENSG00000163399,-1.053,7.6184978407437645e-78,6.407377801417084e-77,0.8029,1.6659,0.361,0.811
MAP1LC3A,ENSG00000101460,-3.8895,9.959276804203152e-78,8.365005220921619e-77,0.0471,0.7001,0.023,0.422
CKB,ENSG00000166165,-2.679,1.142279575207276e-77,9.581621436771557e-77,0.1283,0.8224,0.065,0.468
TCEAL9,ENSG00000185222,-2.8008,2.0212245784891648e-77,1.6932071863164818e-76,0.1119,0.7804,0.059,0.456
TMCO1,ENSG00000143183,-6.9327,3.9442134841420635e-77,3.2997849030716083e-76,0.0051,0.6317,0.004,0.397
PNKD,ENSG00000127838,-1.6979,4.025100406937485e-77,3.363042607369131e-76,0.2997,0.9724,0.149,0.565
GRINA,ENSG00000178719,-3.7765,6.991799188739234e-77,5.834125631965003e-76,0.0507,0.6959,0.028,0.422
ATP5PO,ENSG00000241837,-4.2641,9.692012832359668e-77,8.076677360299724e-76,0.0369,0.7104,0.022,0.414
PSMA1,ENSG00000129084,-3.11,1.7614233759142506e-76,1.4659365563255023e-75,0.0826,0.7143,0.041,0.44
PDIA3,ENSG00000167004,-1.4849,1.7970146957998813e-76,1.4936073905768244e-75,0.4042,1.1317,0.187,0.62
DIAPH2,ENSG00000147202,1.6462,2.4134557064656934e-76,2.003356787593593e-75,1.3778,0.4401,0.557,0.255
HNRNPDL,ENSG00000152795,-1.2429,2.557430135352208e-76,2.1201062565501074e-75,0.5502,1.3022,0.259,0.696
SNRPD1,ENSG00000167088,-3.4199,3.967290905501469e-76,3.284607730204138e-75,0.0651,0.6974,0.032,0.428
LAMTOR2,ENSG00000116586,-4.7685,8.647129110330886e-76,7.149863563989546e-75,0.0236,0.646,0.017,0.405
CYB5R3,ENSG00000100243,-1.9124,8.906833174242065e-76,7.355059777952483e-75,0.2325,0.8753,0.108,0.519
MCL1,ENSG00000143384,-1.7516,9.94433870158666e-76,8.2011848929644185e-75,0.2945,0.9921,0.145,0.55
EIF5,ENSG00000100664,-2.1642,1.1339518807737426e-75,9.339719948233345e-75,0.1893,0.8489,0.095,0.498
BAG1,ENSG00000107262,-3.3517,1.2542789537849692e-75,1.0317455910166682e-74,0.0677,0.6916,0.037,0.429
EIF1AX,ENSG00000173674,-2.1111,1.5534249646074444e-75,1.2761706378057291e-74,0.1984,0.8575,0.1,0.504
RPN1,ENSG00000163902,-2.5668,1.8063600251509724e-75,1.482052144187574e-74,0.1292,0.7661,0.071,0.464
ARID1B,ENSG00000049618,1.8976,3.742884634306195e-75,3.0669523835092534e-74,1.2576,0.3375,0.521,0.203
HNRNPA2B1,ENSG00000122566,-1.0445,7.790339972935878e-75,6.375278219186935e-74,0.7843,1.6179,0.35,0.804
TMEM230,ENSG00000089063,-3.2162,8.186444275175142e-75,6.690843878748914e-74,0.0743,0.6918,0.039,0.431
FMC1,ENSG00000164898,-5.4581,8.824013079883166e-75,7.202699537036516e-74,0.0145,0.6403,0.009,0.396
TMEM163,ENSG00000152128,1.2914,9.80680302182287e-75,7.994676376486036e-74,1.5084,0.6162,0.592,0.362
SRSF3,ENSG00000112081,-1.816,1.4880781897224418e-74,1.211557913088195e-73,0.263,0.9263,0.126,0.533
POLE4,ENSG00000115350,-4.8285,2.2687677410626876e-74,1.8448207078156423e-73,0.0226,0.646,0.015,0.4
GCHFR,ENSG00000137880,-4.6215,2.3335260216628736e-74,1.89506094115934e-73,0.0266,0.6577,0.017,0.402
MMAB,ENSG00000139428,-2.5966,2.7468192623177137e-74,2.227859134513413e-73,0.1241,0.751,0.063,0.458
NDUFA5,ENSG00000128609,-2.8911,3.080825230823283e-74,2.4955858763022145e-73,0.0953,0.7075,0.044,0.44
PLP2,ENSG00000102007,-3.7775,3.268411294446651e-74,2.6441779190478936e-73,0.0501,0.6882,0.028,0.416
PSMA3,ENSG00000100567,-1.9506,3.712035055034572e-74,2.999267867661014e-73,0.2305,0.8912,0.117,0.52
PRDX3,ENSG00000165672,-3.3956,4.512938440785611e-74,3.6417699443048446e-73,0.065,0.6852,0.036,0.424
NEBL,ENSG00000078114,1.3595,5.834978173743464e-74,4.702653079344448e-73,1.4486,0.5645,0.58,0.337
NENF,ENSG00000117691,-4.9441,1.0772452194202976e-73,8.671007921470199e-73,0.0206,0.6358,0.014,0.397
BLOC1S1,ENSG00000135441,-4.7554,1.3580798554724701e-73,1.0917728976843628e-72,0.0242,0.6574,0.015,0.398
FCGRT,ENSG00000104870,-2.5646,1.5248739974379154e-73,1.2243163392527343e-72,0.1267,0.75,0.064,0.456
CNIH1,ENSG00000100528,-3.1135,1.9595713301410962e-73,1.5713543685093697e-72,0.0809,0.701,0.042,0.432
ZNF385B,ENSG00000144331,0.6963,2.176145861997515e-73,1.7428303857078088e-72,1.8416,1.1365,0.678,0.602
NAALADL2,ENSG00000177694,2.9465,2.474101169018861e-73,1.9789705084686624e-72,1.0537,0.1366,0.443,0.07
SNRPB2,ENSG00000125870,-3.7201,2.9994727976737734e-73,2.3961953740814915e-72,0.0504,0.6653,0.023,0.412
DOCK9,ENSG00000088387,1.7201,3.0485811157189665e-73,2.4323785497757715e-72,1.2825,0.3892,0.535,0.239
ACOXL,ENSG00000153093,1.5219,4.661214383501888e-73,3.714405211853067e-72,1.4222,0.4952,0.562,0.278
TSPAN4,ENSG00000214063,-2.4876,5.81766622965018e-73,4.630165070414469e-72,0.1371,0.7692,0.071,0.464
SYPL1,ENSG00000008282,-2.4351,7.172416099523616e-73,5.701265914521577e-72,0.1411,0.7633,0.074,0.465
SDC4,ENSG00000124145,-1.0652,9.08610226214798e-73,7.213437350086348e-72,0.7862,1.6451,0.336,0.804
HMGN3,ENSG00000118418,-1.1273,1.0025498674360131e-72,7.949322642916149e-72,0.6565,1.4342,0.297,0.743
HNRNPF,ENSG00000169813,-2.0121,1.0624335506073204e-72,8.413681844871636e-72,0.21,0.8473,0.108,0.506
USP34,ENSG00000115464,1.3545,1.0881247257963239e-72,8.606445566937425e-72,1.4147,0.5532,0.574,0.336
LMAN2,ENSG00000169223,-2.7758,1.134295532637808e-72,8.960513036636961e-72,0.1045,0.716,0.053,0.441
NME2,ENSG00000243678,-3.4595,1.195209573683563e-72,9.430026029990982e-72,0.0754,0.8307,0.041,0.419
MTCH1,ENSG00000137409,-1.6519,2.1845542075726193e-72,1.7214503180810194e-71,0.3004,0.9441,0.148,0.551
STUB1,ENSG00000103266,-3.327,2.3139402001772e-72,1.821156639028352e-71,0.067,0.673,0.039,0.421
S100A4,ENSG00000196154,-9.0973,2.6678488146537244e-72,2.097106805600184e-71,0.0011,0.6833,0.001,0.382
PRKAR1A,ENSG00000108946,-1.2574,2.843934683834801e-72,2.2327689174195636e-71,0.5187,1.2403,0.252,0.674
ENSG00000282012,ENSG00000282012,-7.1391,4.89363840114219e-72,3.837262583921459e-71,0.0046,0.6563,0.004,0.383
ATP13A4,ENSG00000127249,2.0294,5.146557813542318e-72,4.030627280261951e-71,1.2062,0.2954,0.499,0.176
XRCC6,ENSG00000196419,-2.0726,5.193573996656939e-72,4.062458187569078e-71,0.1946,0.8191,0.098,0.492
MMP24OS,ENSG00000126005,-2.0967,6.459384981511285e-72,5.046394516805691e-71,0.1921,0.8219,0.094,0.489
TMEM205,ENSG00000105518,-3.6252,6.593816824986289e-72,5.14511410762394e-71,0.0537,0.6633,0.032,0.412
TCF12,ENSG00000140262,2.1817,7.994256552379855e-72,6.2302427287801444e-71,1.1611,0.2559,0.487,0.155
MCTP2,ENSG00000140563,2.2844,9.969232896899206e-72,7.759934031469163e-71,1.1346,0.2328,0.478,0.144
PGRMC1,ENSG00000101856,-3.514,1.4196419444129598e-71,1.1036850482478803e-70,0.0577,0.6597,0.032,0.413
ARPC5L,ENSG00000136950,-2.6005,1.971810795843255e-71,1.5310954718027708e-70,0.121,0.7345,0.064,0.447
CRTAC1,ENSG00000095713,-2.4644,2.8658570130385424e-71,2.2226080849295266e-70,0.141,0.7789,0.065,0.458
TMED9,ENSG00000184840,-2.7032,3.3242819349018783e-71,2.5750057515187697e-70,0.1111,0.7239,0.062,0.441
HAX1,ENSG00000143575,-4.3559,3.540514295618162e-71,2.739172164389051e-70,0.0305,0.6274,0.017,0.396
SAT1,ENSG00000130066,-0.7733,4.138186926772163e-71,3.1976898979603074e-70,1.3634,2.3303,0.543,0.946
CANX,ENSG00000127022,-1.4321,4.953608319614958e-71,3.823154120768203e-70,0.4011,1.0825,0.187,0.605
TMED10,ENSG00000170348,-1.671,5.677714102055147e-71,4.376714316880479e-70,0.2935,0.9348,0.145,0.546
OXA1L,ENSG00000155463,-5.1193,6.526890554799021e-71,5.025232764111565e-70,0.0176,0.6154,0.01,0.387
KIF22,ENSG00000079616,-3.9852,7.0393261501377446e-71,5.413233318109544e-70,0.0419,0.6651,0.026,0.402
PSME2,ENSG00000100911,-3.3785,7.339508780757523e-71,5.6372733105215916e-70,0.066,0.6876,0.033,0.413
TSPAN13,ENSG00000106537,-1.9424,8.761247110636853e-71,6.721173324947044e-70,0.2204,0.8475,0.109,0.502
NRGN,ENSG00000154146,-1.8934,9.160859706810671e-71,7.019288537369954e-70,0.242,0.8993,0.11,0.515
DPP7,ENSG00000176978,-2.7317,1.7657485207920988e-70,1.3513381536674226e-69,0.1063,0.7069,0.056,0.439
RHEB,ENSG00000106615,-1.777,1.7988779504544564e-70,1.3750415988186044e-69,0.2631,0.9018,0.132,0.531
MT-CYB,ENSG00000198727,-0.7896,2.3240066934119822e-70,1.774316487485196e-69,1.4199,2.4546,0.533,0.934
CAMK1D,ENSG00000183049,2.0845,2.577598081858666e-70,1.965572699981937e-69,1.2072,0.2846,0.49,0.154
DNAJC19,ENSG00000205981,-4.7394,2.635880444761521e-70,2.0076150340925565e-69,0.0229,0.6151,0.013,0.389
APLP2,ENSG00000084234,-1.0507,3.823023416809067e-70,2.908326286653676e-69,0.7363,1.5253,0.329,0.765
C11orf58,ENSG00000110696,-1.5116,4.044397038366136e-70,3.0730668795690246e-69,0.3533,1.0074,0.169,0.583
TMTC2,ENSG00000179104,2.628,4.2307723271745974e-70,3.2108539983021496e-69,1.0783,0.1743,0.451,0.101
LRPAP1,ENSG00000163956,-2.9217,4.2942100425613024e-70,3.255123545936778e-69,0.0907,0.6883,0.046,0.425
SCGB3A1,ENSG00000161055,-1.7274,6.486528824228165e-70,4.911118913830707e-69,0.3292,1.0903,0.136,0.537
EIF3M,ENSG00000149100,-2.6651,6.552280605500536e-70,4.955016472131187e-69,0.1118,0.7095,0.059,0.441
PSMC5,ENSG00000087191,-3.6301,8.204902804600642e-70,6.197423623143257e-69,0.0522,0.6478,0.031,0.405
TRAPPC9,ENSG00000167632,2.8537,1.0353331070599962e-69,7.810945038470386e-69,1.0207,0.1411,0.436,0.08
IRX2-DT,ENSG00000186493,-3.1382,1.6577261368438786e-69,1.2491730641110789e-68,0.0769,0.6782,0.039,0.417
ENSA,ENSG00000143420,-1.306,1.740893794433005e-69,1.3102949161169311e-68,0.4665,1.1537,0.217,0.639
TPM3,ENSG00000143549,-2.4005,3.753660395568096e-69,2.8218850261493645e-68,0.1409,0.7443,0.071,0.453
RAB5C,ENSG00000108774,-2.8679,4.1353844216736125e-69,3.105191482705451e-68,0.0937,0.6843,0.053,0.428
NUDT14,ENSG00000183828,-3.9014,4.5151152531086467e-69,3.386336439831485e-68,0.0424,0.6348,0.022,0.396
PSMB2,ENSG00000126067,-2.7536,5.329741968190597e-69,3.992609288744425e-68,0.1045,0.7053,0.058,0.436
ARL2,ENSG00000213465,-4.0276,7.43719508455513e-69,5.564802660098468e-68,0.0381,0.6227,0.022,0.394
MAML2,ENSG00000184384,2.6219,8.593243020424907e-69,6.4222654460971615e-68,1.0736,0.1743,0.447,0.099
MRPL43,ENSG00000055950,-4.2805,1.1543432579173155e-68,8.61702373445303e-68,0.0315,0.6137,0.019,0.39
YWHAQ,ENSG00000134308,-1.6616,2.2081458191057405e-68,1.6464245142455082e-67,0.2898,0.9172,0.142,0.538
MICAL2,ENSG00000133816,1.8309,2.8002043913799612e-68,2.085432592879352e-67,1.2396,0.3484,0.507,0.209
PPCS,ENSG00000127125,-3.5741,3.0265800082811173e-68,2.251394113511333e-67,0.0533,0.6357,0.027,0.4
TST,ENSG00000128311,-3.765,4.480660669003499e-68,3.329162210360991e-67,0.0478,0.6505,0.027,0.396
VPS29,ENSG00000111237,-2.5786,5.263957321822382e-68,3.906603949548042e-67,0.119,0.7116,0.064,0.44
RASSF7,ENSG00000099849,-2.8733,5.5733239693359185e-68,4.131388407501917e-67,0.0943,0.6916,0.049,0.424
TBC1D5,ENSG00000131374,1.9734,6.985494032223641e-68,5.17218634790078e-67,1.1754,0.2992,0.493,0.181
HSBP1L1,ENSG00000226742,-2.118,7.094544809323511e-68,5.246835633345404e-67,0.1816,0.7886,0.089,0.473
MPC1,ENSG00000060762,-2.4447,7.221792832631912e-68,5.334754265124964e-67,0.1338,0.7287,0.064,0.446
EMP2,ENSG00000213853,-1.1627,7.460693046447668e-68,5.504851640174061e-67,0.5926,1.3268,0.264,0.693
VIM,ENSG00000026025,-4.5056,7.921907063264553e-68,5.838399714255668e-67,0.0291,0.6633,0.014,0.384
CRNDE,ENSG00000245694,-1.4988,1.4505962151883551e-67,1.0678465209960466e-66,0.3547,1.0027,0.168,0.578
SPG21,ENSG00000090487,-2.2022,1.759541583381839e-67,1.293780576016058e-66,0.165,0.7597,0.078,0.463
CLPP,ENSG00000125656,-4.1109,2.7815559427709305e-67,2.0429054303185118e-66,0.0352,0.6105,0.021,0.388
GRN,ENSG00000030582,-2.9221,3.41250013744619e-67,2.503416383914783e-66,0.0876,0.6648,0.04,0.414
NFIA,ENSG00000162599,1.3677,4.090526767682884e-67,2.9973687521814236e-66,1.3585,0.5264,0.558,0.318
MRPS33,ENSG00000090263,-4.3993,4.715968927896083e-67,3.451699416227041e-66,0.0287,0.6072,0.014,0.383
GTF2H5,ENSG00000272047,-3.8952,9.294939068246736e-67,6.795325293586348e-66,0.0417,0.6213,0.024,0.391
PIGP,ENSG00000185808,-5.3481,1.0834814812338651e-66,7.912021125848671e-66,0.0144,0.5896,0.008,0.374
PSMA4,ENSG00000041357,-2.394,1.1925507696608857e-66,8.698525350787352e-66,0.1394,0.7332,0.072,0.445
RAB11B,ENSG00000185236,-2.8117,1.2555441267087779e-66,9.147535780306809e-66,0.0962,0.676,0.047,0.42
IMP3,ENSG00000177971,-4.271,1.4145347235535655e-66,1.029413112175112e-65,0.0312,0.6038,0.017,0.383
GSTK1,ENSG00000197448,-2.5295,1.4259316763591738e-66,1.03652388104786e-65,0.1235,0.7138,0.067,0.438
RANBP1,ENSG00000099901,-4.1834,1.5344976599403403e-66,1.1141711369156799e-65,0.0336,0.6115,0.021,0.385
ANXA2,ENSG00000182718,-1.2797,1.5579054494855106e-66,1.1298802321353958e-65,0.4956,1.2035,0.217,0.633
NR3C2,ENSG00000151623,2.3913,2.2537423355244316e-66,1.6326826578373013e-65,1.0774,0.2053,0.454,0.117
ATP1B1,ENSG00000143153,-1.0968,2.2827612798623322e-66,1.6518278273691677e-65,0.6733,1.4401,0.303,0.732
NUCKS1,ENSG00000069275,-1.3495,2.447885520317332e-66,1.7693050104334455e-65,0.4309,1.0981,0.202,0.611
JMJD1C,ENSG00000171988,1.2555,2.6451621851406576e-66,1.9097292106762958e-65,1.423,0.596,0.576,0.346
NR4A1,ENSG00000123358,-2.176,3.6428110015364886e-66,2.6270271645695832e-65,0.1937,0.8758,0.083,0.464
DPY30,ENSG00000162961,-3.5517,3.778030445283066e-66,2.721462608890344e-65,0.0538,0.6325,0.033,0.397
SCAPER,ENSG00000140386,1.8681,4.3167531035897464e-66,3.1060159182149696e-65,1.1687,0.3201,0.497,0.196
CUX1,ENSG00000257923,1.3299,5.096459744199526e-66,3.662900887178352e-65,1.3563,0.5395,0.558,0.329
EMC7,ENSG00000134153,-4.3582,5.186573017856729e-66,3.723468805049172e-65,0.029,0.5975,0.017,0.381
EMC6,ENSG00000127774,-5.0047,5.805924120327285e-66,4.1634157780749655e-65,0.0183,0.5899,0.013,0.375
OCIAD2,ENSG00000145247,-3.2541,6.049078687218429e-66,4.332907486631178e-65,0.0672,0.6421,0.037,0.404
F3,ENSG00000117525,-1.5751,6.876014404861645e-66,4.9197072762057225e-65,0.3306,0.9854,0.148,0.543
BCAM,ENSG00000187244,-1.9692,7.442040686433125e-66,5.318723024216499e-65,0.2127,0.8332,0.105,0.482
DCTN3,ENSG00000137100,-6.5522,8.233683752785364e-66,5.877909733931321e-65,0.006,0.5721,0.004,0.366
CAT,ENSG00000121691,-1.3497,9.166227870195093e-66,6.536320209451198e-65,0.4282,1.0914,0.202,0.603
FAAP20,ENSG00000162585,-2.4763,9.955803309063853e-66,7.0914241447242534e-65,0.1271,0.7077,0.067,0.436
RPN2,ENSG00000118705,-1.7037,1.1672567558147996e-65,8.304979707945701e-65,0.2722,0.887,0.135,0.518
CHI3L2,ENSG00000064886,-3.754,1.5371741330531662e-65,1.0924732550963137e-64,0.0547,0.739,0.027,0.391
RANBP17,ENSG00000204764,2.6738,2.461408462996617e-65,1.7473807295772194e-64,1.0062,0.1576,0.431,0.092
RALGAPA2,ENSG00000188559,1.6903,2.6396752121243267e-65,1.8718497750047367e-64,1.2268,0.3801,0.513,0.234
PPP1R15A,ENSG00000087074,-2.2076,2.7664375967233875e-65,1.959559964345733e-64,0.1684,0.7782,0.076,0.453
EIF4B,ENSG00000063046,-1.3461,2.775314337852059e-65,1.9636658050840038e-64,0.4213,1.0713,0.199,0.603
APEX1,ENSG00000100823,-3.5154,3.0575809887555383e-65,2.1609843462656935e-64,0.0543,0.6218,0.028,0.394
SELENOF,ENSG00000183291,-1.716,3.520591731238072e-65,2.485467584345815e-64,0.259,0.8512,0.132,0.509
LAMP1,ENSG00000185896,-1.9567,6.034150209134914e-65,4.255277387526004e-64,0.2051,0.7962,0.101,0.482
DDX21,ENSG00000165732,-1.958,6.8873221450864426e-65,4.8515667044117205e-64,0.2129,0.8273,0.104,0.48
CTSB,ENSG00000164733,-2.8612,9.547456072026385e-65,6.717994752667572e-64,0.0914,0.665,0.042,0.409
YBX3,ENSG00000060138,-1.4124,1.1320051979904848e-64,7.956486369558259e-64,0.3873,1.0311,0.184,0.572
NME3,ENSG00000103024,-2.5611,1.222166866359322e-64,8.580742040793698e-64,0.118,0.6968,0.058,0.427
SNRPC,ENSG00000124562,-4.1106,1.5909918749157615e-64,1.1157946317478524e-63,0.0347,0.6016,0.021,0.38
VDAC1,ENSG00000213585,-2.5721,1.688818206393057e-64,1.1831006665665647e-63,0.1154,0.6865,0.063,0.427
DNAJC15,ENSG00000120675,-1.7351,1.892187626596409e-64,1.3241159296983652e-63,0.2578,0.8583,0.132,0.51
DNPH1,ENSG00000112667,-5.0295,2.2550429377574712e-64,1.5763046851100744e-63,0.0179,0.5883,0.01,0.369
CLDN3,ENSG00000165215,-4.3297,2.9264889488032166e-64,2.0434136964535053e-63,0.0302,0.6098,0.017,0.376
TMBIM4,ENSG00000155957,-1.5967,4.045608188177603e-64,2.821745317246414e-63,0.2993,0.9053,0.148,0.529
PTGES3,ENSG00000110958,-1.3549,5.046033501345263e-64,3.515679078806126e-63,0.3989,1.0206,0.181,0.585
DOCK1,ENSG00000150760,2.4569,6.336816244592282e-64,4.410175061056309e-63,1.0436,0.19,0.442,0.111
MYO6,ENSG00000196586,1.005,7.627692266661953e-64,5.302784972733909e-63,1.4916,0.7431,0.599,0.44
MRPL55,ENSG00000162910,-3.7245,1.0838865371418666e-63,7.526989841262963e-63,0.0455,0.6032,0.024,0.382
CPNE3,ENSG00000085719,-1.9293,1.5254867747431314e-63,1.0582130782358501e-62,0.2073,0.7898,0.103,0.477
IDI1,ENSG00000067064,-1.6049,1.6147519029668043e-63,1.11891775884928e-62,0.3132,0.9529,0.144,0.534
SFTA1P,ENSG00000225383,-1.9986,1.9240887016203493e-63,1.331820355356105e-62,0.2166,0.8659,0.108,0.472
IMPDH2,ENSG00000178035,-2.8443,3.4842306998340097e-63,2.409107452434036e-62,0.0913,0.6562,0.047,0.407
ALCAM,ENSG00000170017,0.804,4.7211164438184367e-63,3.2607927767435033e-62,1.6025,0.9178,0.634,0.514
PHB1,ENSG00000167085,-3.8226,4.7809227436549193e-63,3.2985262435930856e-62,0.0422,0.5985,0.024,0.381
BUD31,ENSG00000106245,-4.6727,4.8002197451991505e-63,3.308259554123739e-62,0.0222,0.5694,0.012,0.368
PTK2,ENSG00000169398,1.8797,6.01357724096142e-63,4.140016729063613e-62,1.141,0.31,0.483,0.2
MAML3,ENSG00000196782,2.5547,6.032895690662636e-63,4.148836033222687e-62,1.0136,0.1724,0.431,0.091
THSD4,ENSG00000187720,2.6264,6.478381019198953e-63,4.4503964436846255e-62,0.9967,0.1613,0.427,0.096
CLIC3,ENSG00000169583,-4.5365,6.664698563303431e-63,4.57346107008174e-62,0.0273,0.6362,0.015,0.369
UQCC5,ENSG00000168273,-2.463,1.3406293618284947e-62,9.189798044792102e-62,0.1283,0.7076,0.063,0.428
SDCBP,ENSG00000137575,-2.3454,1.5264134789014255e-62,1.0452079407085486e-61,0.1378,0.7006,0.063,0.428
ATOX1,ENSG00000177556,-3.8859,2.256149926952391e-62,1.5432355991761256e-61,0.0408,0.6039,0.024,0.378
CEBPB,ENSG00000172216,-2.1363,2.7831611549119814e-62,1.9016776380025597e-61,0.1763,0.7755,0.087,0.451
SQLE,ENSG00000104549,-1.686,2.7938003437902233e-62,1.906903339578445e-61,0.274,0.882,0.122,0.507
TM7SF2,ENSG00000149809,-3.038,4.384469445483654e-62,2.9894109855570368e-61,0.0787,0.6473,0.041,0.398
TTC28,ENSG00000100154,2.3357,5.397178485351969e-62,3.6759629106964534e-61,1.046,0.2071,0.443,0.119
PRDX4,ENSG00000123131,-3.4595,5.849528162383826e-62,3.979801711333713e-61,0.0564,0.6218,0.03,0.384
CAPNS1,ENSG00000126247,-2.7736,1.0636999417741376e-61,7.229303975277321e-61,0.0951,0.6508,0.053,0.408
TOMM22,ENSG00000100216,-4.2219,1.2533142766325926e-61,8.508922804614247e-61,0.0308,0.5764,0.017,0.369
MPC2,ENSG00000143158,-3.7163,1.2948416375054675e-61,8.781505786273782e-61,0.0442,0.582,0.019,0.375
PMVK,ENSG00000163344,-3.9347,1.8086790005311373e-61,1.2253271656095644e-60,0.0381,0.5841,0.023,0.374
BTG2,ENSG00000159388,-2.6165,2.1088389882125847e-61,1.4271601432967334e-60,0.1171,0.7187,0.058,0.416
EIF6,ENSG00000242372,-4.1568,2.189835626941341e-61,1.480403194247195e-60,0.0327,0.5857,0.021,0.37
NF1,ENSG00000196712,1.8272,6.094215946329491e-61,4.11553248494179e-60,1.141,0.3215,0.483,0.204
CDKAL1,ENSG00000145996,3.0494,6.892731021779908e-61,4.64985822897851e-60,0.9287,0.1121,0.401,0.063
SFN,ENSG00000175793,-1.9033,7.007890948330731e-61,4.72254807564571e-60,0.2331,0.8723,0.107,0.471
YIPF3,ENSG00000137207,-2.9614,7.669760486222875e-61,5.163117539563974e-60,0.0798,0.622,0.04,0.393
DHCR24,ENSG00000116133,-1.0195,1.1767893464473851e-60,7.91353595316675e-60,0.7474,1.5154,0.318,0.761
DUT,ENSG00000128951,-2.4953,1.2489074071472648e-60,8.38965723979327e-60,0.1198,0.6757,0.058,0.416
NAPA,ENSG00000105402,-1.6811,1.2662078059828516e-60,8.496920803305978e-60,0.2614,0.8386,0.123,0.497
ZSWIM6,ENSG00000130449,2.3578,1.3624779798934564e-60,9.133330306856766e-60,1.0202,0.1989,0.436,0.115
TXN2,ENSG00000100348,-3.3399,1.8822548034456503e-60,1.2604384844502122e-59,0.0591,0.5992,0.033,0.382
EMD,ENSG00000102119,-3.6921,2.142131935393983e-60,1.4329581414623968e-59,0.0458,0.5927,0.022,0.372
MRPL18,ENSG00000112110,-3.3611,2.4588332859181076e-60,1.64308828068427e-59,0.0581,0.5983,0.033,0.383
CDC42,ENSG00000070831,-1.3949,2.8729500882678266e-60,1.917806996095015e-59,0.362,0.952,0.175,0.552
CLEC16A,ENSG00000038532,2.5845,3.193860668336926e-60,2.129797255297898e-59,0.9642,0.1607,0.421,0.099
GTF3C6,ENSG00000155115,-3.7229,3.844308539846789e-60,2.560863839239632e-59,0.0437,0.5788,0.023,0.371
NDUFB5,ENSG00000136521,-3.3318,3.9467337791157407e-60,2.6263494615723223e-59,0.0598,0.6032,0.036,0.384
PTP4A2,ENSG00000184007,-1.3773,4.1009547280997067e-60,2.7261299678452168e-59,0.3792,0.9854,0.181,0.564
ARHGDIA,ENSG00000141522,-2.5449,5.887480171388225e-60,3.9096548013124937e-59,0.1135,0.6628,0.062,0.413
DNAJB1,ENSG00000132002,-2.0151,6.444131280251385e-60,4.274852956462287e-59,0.1979,0.8001,0.094,0.457
RER1,ENSG00000157916,-2.4438,7.120534516912688e-60,4.718649432985279e-59,0.1244,0.6776,0.071,0.421
EIF3D,ENSG00000100353,-2.9752,8.015571314160086e-60,5.306258268719683e-59,0.0778,0.6124,0.04,0.39
YWHAZ,ENSG00000164924,-1.4293,9.84352030408457e-60,6.5095894127115295e-59,0.3485,0.9387,0.168,0.549
DNAJC8,ENSG00000126698,-2.5657,1.3035670342555066e-59,8.611647506092078e-59,0.1102,0.6528,0.055,0.408
ATXN1,ENSG00000124788,1.8386,1.3383029150724016e-59,8.831967995431221e-59,1.1265,0.3149,0.479,0.188
SDHC,ENSG00000143252,-2.1518,2.1944558092181036e-59,1.44670690628391e-58,0.1584,0.7044,0.082,0.435
SPINT1-AS1,ENSG00000261183,-4.0718,2.7415483161283016e-59,1.8055134829873887e-58,0.0338,0.5706,0.017,0.363
BOLA3,ENSG00000163170,-4.9619,2.807196719941354e-59,1.8468399473298382e-58,0.0179,0.5598,0.013,0.356
STOX2,ENSG00000173320,2.6066,2.8188623410409614e-59,1.8526028272305285e-58,0.9802,0.1608,0.416,0.089
TOMM5,ENSG00000175768,-5.2201,3.4710402249513507e-59,2.278875533889275e-58,0.0157,0.5902,0.013,0.354
SRSF2,ENSG00000161547,-2.1248,3.6524309505105033e-59,2.395498694393463e-58,0.1626,0.7097,0.082,0.436
FMNL2,ENSG00000157827,2.1114,4.459750543536268e-59,2.9219845544752012e-58,1.0865,0.2514,0.452,0.152
HEBP2,ENSG00000051620,-3.3656,4.895040748677141e-59,3.203889607065377e-58,0.0587,0.6065,0.031,0.378
S100A9,ENSG00000163220,-5.2299,5.006206392494801e-59,3.2732887950927544e-58,0.0164,0.6206,0.009,0.352
LGMN,ENSG00000100600,-1.3783,5.147062066738259e-59,3.3619385937967625e-58,0.3662,0.9522,0.163,0.548
EBAG9,ENSG00000147654,-3.2381,5.854127603829034e-59,3.819863201065516e-58,0.0636,0.6009,0.032,0.38
BNIP3,ENSG00000176171,-2.1795,6.504289236634337e-59,4.239759088296922e-58,0.1547,0.7011,0.08,0.432
ZFAND5,ENSG00000107372,-1.326,7.448376789750423e-59,4.8501942834176654e-58,0.404,1.0131,0.195,0.569
NOL7,ENSG00000225921,-2.4223,8.662537779908809e-59,5.6350692190733326e-58,0.1234,0.6619,0.059,0.413
NAV2,ENSG00000166833,1.9916,1.2778213337402985e-58,8.303884814061573e-58,1.0944,0.2751,0.458,0.169
TMEM243,ENSG00000135185,-1.2534,1.6303732478561936e-58,1.0573376861732691e-57,0.4575,1.0909,0.213,0.607
JUND,ENSG00000130522,-1.1341,1.6288923487958283e-58,1.0573376861732691e-57,0.5905,1.2962,0.254,0.656
RNASEH2C,ENSG00000172922,-4.0199,1.8733858565245076e-58,1.2137027271690789e-57,0.0352,0.572,0.019,0.363
FADS1,ENSG00000149485,-2.346,1.893456506746326e-58,1.2254604294931805e-57,0.1364,0.6938,0.063,0.417
LSM4,ENSG00000130520,-2.6869,2.2253077696232487e-58,1.4387765751874452e-57,0.0987,0.6364,0.053,0.4
PNRC2,ENSG00000189266,-2.6345,2.441274417841183e-58,1.5768109841679376e-57,0.1013,0.6297,0.049,0.398
TCIM,ENSG00000176907,-1.25,2.6950076377114052e-58,1.7389345840496162e-57,0.507,1.2061,0.226,0.599
SURF1,ENSG00000148290,-4.7712,2.9888798214982097e-58,1.9266035249798876e-57,0.0199,0.5448,0.014,0.354
PEG10,ENSG00000242265,-2.605,3.0766733433563814e-58,1.981191168070397e-57,0.124,0.7548,0.062,0.405
MAL2,ENSG00000147676,-1.2969,3.115403881883706e-58,2.0041069371350782e-57,0.4243,1.0426,0.205,0.589
HSD17B12,ENSG00000149084,-2.0711,5.587057141766137e-58,3.5904727095523313e-57,0.169,0.7103,0.083,0.438
NUDC,ENSG00000090273,-2.2112,5.633061402915722e-58,3.6163913840471026e-57,0.1474,0.6829,0.073,0.425
ZDHHC21,ENSG00000175893,1.4656,7.656990635949183e-58,4.9107963082672067e-57,1.2081,0.4374,0.51,0.275
SOCS3,ENSG00000184557,-2.5013,9.558133138548734e-58,6.123929523442028e-57,0.1325,0.7504,0.067,0.41
GMDS-DT,ENSG00000250903,2.7015,1.333214842227425e-57,8.533378131726741e-57,0.9328,0.1433,0.404,0.08
CBX3,ENSG00000122565,-2.2052,1.566872088187963e-57,1.0018866160680304e-56,0.1515,0.699,0.076,0.426
ITPR2,ENSG00000123104,1.7458,1.787711944855611e-57,1.1419502653762043e-56,1.1326,0.3376,0.479,0.208
IFITM1,ENSG00000185885,-5.875,2.6262307209974423e-57,1.6758979826184882e-56,0.0108,0.6408,0.005,0.343
DEK,ENSG00000124795,-1.6752,3.329416672968045e-57,2.122503129017129e-56,0.2527,0.8072,0.126,0.482
GSTO1,ENSG00000148834,-3.0939,3.5918167616347864e-57,2.287495689852324e-56,0.0695,0.5944,0.036,0.377
STX10,ENSG00000104915,-3.5297,3.8794512817978455e-57,2.4682137646168924e-56,0.0499,0.5777,0.027,0.366
RPS4Y1,ENSG00000129824,-2.1104,4.4903018182926213e-57,2.8540053929825984e-56,0.2193,0.9473,0.105,0.434
SNRPN,ENSG00000128739,-3.0912,4.581454459725547e-57,2.9090410538595977e-56,0.0694,0.592,0.036,0.377
CNN2,ENSG00000064666,-2.2092,5.43193726786461e-57,3.4456318490185954e-56,0.1493,0.6908,0.077,0.423
PRSS8,ENSG00000052344,-2.1054,6.164432207220404e-57,3.9063872088499077e-56,0.1643,0.7075,0.082,0.431
SYF2,ENSG00000117614,-3.3065,6.262046760186003e-57,3.964304676880414e-56,0.0593,0.5878,0.035,0.372
SRPK2,ENSG00000135250,1.6696,7.685378303893582e-57,4.860544314218412e-56,1.1293,0.3549,0.485,0.227
AKR1A1,ENSG00000117448,-2.3984,1.0730779954026032e-56,6.779853538842016e-56,0.1238,0.6532,0.063,0.408
EIF4H,ENSG00000106682,-2.1394,1.3859258562223925e-56,8.747799340017576e-56,0.1532,0.6755,0.076,0.425
IER3IP1,ENSG00000134049,-2.5468,1.4620490050968278e-56,9.219151738370205e-56,0.1095,0.6406,0.059,0.4
SNX25,ENSG00000109762,0.9328,1.7470230600205147e-56,1.1005209493706306e-55,1.5046,0.7881,0.599,0.443
CHP1,ENSG00000187446,-1.3354,1.8218535497567159e-56,1.1465267897037575e-55,0.3819,0.9639,0.18,0.553
ARL15,ENSG00000185305,3.0053,1.9979079773671891e-56,1.2560811987885436e-55,0.8819,0.1098,0.386,0.059
CKS2,ENSG00000123975,-2.216,2.0319338499472145e-56,1.2762146101885214e-55,0.1534,0.7132,0.071,0.418
AP2M1,ENSG00000161203,-3.2384,2.1793415760107574e-56,1.367451038097301e-55,0.0612,0.5786,0.036,0.373
FDPS,ENSG00000160752,-1.1008,2.492611217815179e-56,1.5624775332912257e-55,0.5843,1.2533,0.254,0.66
STMP1,ENSG00000243317,-2.7961,2.67201804195536e-56,1.6732922414013183e-55,0.0885,0.6154,0.049,0.388
ZNF609,ENSG00000180357,2.1138,4.174937716594633e-56,2.6118967559657294e-55,1.0151,0.2344,0.44,0.144
SF3B2,ENSG00000087365,-2.0512,5.290832403078062e-56,3.3067702519237886e-55,0.1656,0.6867,0.08,0.426
PPP4C,ENSG00000149923,-2.8809,5.898213127431285e-56,3.682772643229622e-55,0.0807,0.5948,0.044,0.38
KRTCAP3,ENSG00000157992,-3.7222,7.9849837730454e-56,4.980848488567948e-55,0.0425,0.5627,0.023,0.359
MRPS26,ENSG00000125901,-3.632,9.035235452563794e-56,5.630461975571279e-55,0.0458,0.5685,0.028,0.361
ANAPC13,ENSG00000129055,-3.7097,9.537871974408262e-56,5.937884163755144e-55,0.0427,0.5603,0.023,0.359
CAPZA2,ENSG00000198898,-1.8251,1.2134257022975701e-55,7.546915953314154e-55,0.2089,0.7406,0.103,0.454
SFT2D1,ENSG00000198818,-2.1672,1.3675674648428304e-55,8.497312464301213e-55,0.1496,0.6723,0.077,0.421
ATP6V1E1,ENSG00000131100,-2.662,1.5135439264510107e-55,9.395172863802526e-55,0.0968,0.613,0.05,0.389
SMIM30,ENSG00000214194,-4.194,1.6778997777077924e-55,1.0405263699306591e-54,0.0298,0.547,0.013,0.349
MAGOH,ENSG00000162385,-3.3925,2.134625521671771e-55,1.3224720797529193e-54,0.054,0.5682,0.031,0.364
HSPD1,ENSG00000144381,-1.21,2.5340680122585923e-55,1.5684158813736435e-54,0.4393,1.0163,0.196,0.574
TNIK,ENSG00000154310,1.4976,2.672554430780044e-55,1.6525251693717536e-54,1.2168,0.4309,0.502,0.261
STOML2,ENSG00000165283,-4.2201,3.169367842789189e-55,1.957821705211345e-54,0.0288,0.5385,0.017,0.348
MRPL27,ENSG00000108826,-4.3244,3.8294408711809955e-55,2.3632803053028892e-54,0.027,0.5427,0.017,0.347
ODC1,ENSG00000115758,-3.7411,3.8888576956508284e-55,2.3976274477537747e-54,0.0429,0.5747,0.024,0.357
VAPA,ENSG00000101558,-0.943,4.54125735102608e-55,2.7971512669363537e-54,0.7889,1.5167,0.35,0.773
REX1BD,ENSG00000006015,-4.6248,5.578707675704024e-55,3.432843767626752e-54,0.0217,0.5374,0.013,0.343
HNRNPAB,ENSG00000197451,-2.8208,5.792857917474772e-55,3.5611831459885897e-54,0.086,0.608,0.046,0.382
GNAS,ENSG00000087460,-0.9854,5.901598564055102e-55,3.6245366903517605e-54,0.7119,1.4095,0.317,0.719
PDAP1,ENSG00000106244,-2.5351,6.731730910275392e-55,4.13039312348466e-54,0.1072,0.6221,0.056,0.394
ZBTB16,ENSG00000109906,1.6707,7.684394235847389e-55,4.710385889762221e-54,1.1584,0.3638,0.481,0.217
MPZL2,ENSG00000149573,-1.7131,8.082028109330193e-55,4.949368798941401e-54,0.2371,0.7776,0.116,0.469
UQCC2,ENSG00000137288,-3.3632,8.43270031754155e-55,5.1591616626033955e-54,0.057,0.5879,0.031,0.365
SERPING1,ENSG00000149131,-3.3038,1.0320530836297376e-54,6.308090515953573e-54,0.0606,0.5991,0.033,0.364
VAMP2,ENSG00000220205,-2.6793,1.0361083374571774e-54,6.326810968668109e-54,0.0964,0.618,0.049,0.385
UQCRC1,ENSG00000010256,-2.8008,1.0891456420842347e-54,6.644309539030619e-54,0.0855,0.5965,0.042,0.378
SNTB1,ENSG00000172164,1.7525,1.1205640873344444e-54,6.829441736861456e-54,1.1067,0.3284,0.47,0.202
MCUR1,ENSG00000050393,-2.7164,1.2274974114372948e-54,7.474017189983528e-54,0.0925,0.6086,0.046,0.383
EI24,ENSG00000149547,-2.1404,1.2289341891426469e-54,7.475625434908753e-54,0.1545,0.6813,0.086,0.425
RGS16,ENSG00000143333,-4.3576,1.3752792778970078e-54,8.357869777496116e-54,0.0291,0.5983,0.017,0.346
SCGB1A1,ENSG00000149021,-4.1917,1.6048177850681157e-54,9.743536552199274e-54,0.0357,0.6538,0.013,0.346
BIRC6,ENSG00000115760,1.5902,2.3103043580020834e-54,1.4013501695778573e-53,1.133,0.3762,0.485,0.236
NDUFB8,ENSG00000166136,-2.6684,2.6914081903254354e-54,1.6309626628635598e-53,0.0989,0.6293,0.049,0.385
CLTB,ENSG00000175416,-2.9581,2.751378662062057e-54,1.6657206999663452e-53,0.0748,0.5821,0.04,0.372
PGAM1,ENSG00000171314,-2.7927,2.907360455611427e-54,1.7584841465391697e-53,0.0867,0.6014,0.05,0.381
TXNL4A,ENSG00000141759,-2.7155,5.595422105598483e-54,3.3811199927194623e-53,0.092,0.6048,0.05,0.382
FOXP2,ENSG00000128573,2.1511,6.599377658560109e-54,3.9839992967159743e-53,1.0051,0.2262,0.427,0.126
FBL,ENSG00000105202,-3.3937,7.088894172081774e-54,4.2754683393586865e-53,0.0535,0.5631,0.03,0.36
AFF1,ENSG00000172493,2.0241,8.069641070006892e-54,4.862378243978633e-53,1.0116,0.2486,0.439,0.159
MT1X,ENSG00000187193,-4.3953,8.565209212396898e-54,5.156110361570371e-53,0.0279,0.5898,0.015,0.342
CCT6A,ENSG00000146731,-2.0671,9.914561573338842e-54,5.962766983965578e-53,0.1599,0.6704,0.08,0.419
HERC4,ENSG00000148634,1.9951,1.070006460174381e-53,6.429115158917699e-53,1.0122,0.2538,0.44,0.161
CD164,ENSG00000135535,-1.837,1.22534574203938e-53,7.355535880886109e-53,0.1982,0.7083,0.098,0.438
IRX3,ENSG00000177508,-1.6992,1.3861697591690466e-53,8.313106504894329e-53,0.2473,0.8034,0.119,0.465
RBM47,ENSG00000163694,0.9066,1.9486936424543303e-53,1.167567854384056e-52,1.4206,0.7577,0.582,0.448
KMT2C,ENSG00000055609,1.3363,2.1333641501738813e-53,1.276996338433601e-52,1.2267,0.4858,0.515,0.299
PHLDA2,ENSG00000181649,-4.1272,2.1353381910121077e-53,1.276996338433601e-52,0.0353,0.618,0.021,0.345
BFAR,ENSG00000103429,-1.992,2.1482138688963367e-53,1.283492353722038e-52,0.1743,0.6935,0.083,0.423
SLC3A2,ENSG00000168003,-3.7742,2.5301586230885813e-53,1.5102772679952908e-52,0.0403,0.5522,0.022,0.349
ILF2,ENSG00000143621,-3.1546,2.589447362447752e-53,1.5442214158657081e-52,0.0637,0.5682,0.036,0.363
PERP,ENSG00000112378,-1.9661,3.0962742037930954e-53,1.8447428083346712e-52,0.1762,0.6887,0.09,0.428
MDH1,ENSG00000014641,-3.3421,3.226336747129173e-53,1.920438539957841e-52,0.0555,0.5633,0.032,0.358
PDZK1IP1,ENSG00000162366,-3.6086,3.592638541099389e-53,2.1364804757004296e-52,0.0463,0.5656,0.026,0.352
CHURC1,ENSG00000258289,-2.2445,3.6570311132806234e-53,2.172746817070268e-52,0.1373,0.651,0.068,0.406
ID3,ENSG00000117318,-5.5933,3.665477669740615e-53,2.1757374436309517e-52,0.0119,0.579,0.008,0.332
CHCHD1,ENSG00000172586,-4.0631,3.9046264717973225e-53,2.315534303042598e-52,0.0319,0.534,0.019,0.345
NINJ1,ENSG00000131669,-3.0694,4.1073662705080985e-53,2.4334999976291013e-52,0.069,0.5801,0.036,0.364
ANKHD1,ENSG00000131503,2.032,6.062732094917418e-53,3.588664540863374e-52,1.011,0.2471,0.436,0.154
TMED4,ENSG00000158604,-2.8489,8.172615516804524e-53,4.833063443379299e-52,0.0806,0.5814,0.044,0.373
CDC37,ENSG00000105401,-2.0509,8.355964187450238e-53,4.936911185819765e-52,0.1603,0.6645,0.078,0.413
SMAGP,ENSG00000170545,-2.7428,1.0277033752348273e-52,6.066304645483356e-52,0.0894,0.5989,0.045,0.376
CDK4,ENSG00000135446,-3.5527,1.0820839951248868e-52,6.381392663201807e-52,0.0464,0.5457,0.027,0.352
PIM3,ENSG00000198355,-1.4812,1.093826553523312e-52,6.4446804794002894e-52,0.3015,0.8419,0.145,0.495
PIBF1,ENSG00000083535,2.0229,1.4791480019293762e-52,8.706896133240787e-52,1.0114,0.2488,0.434,0.153
ZCRB1,ENSG00000139168,-3.2638,1.5365424975966105e-52,9.036400758467152e-52,0.0576,0.5538,0.031,0.356
KCNQ3,ENSG00000184156,2.491,1.5489239590119626e-52,9.100820496498859e-52,0.9472,0.1684,0.399,0.101
NUDT16,ENSG00000198585,-2.1369,2.3208444060851954e-52,1.3623741334063646e-51,0.1544,0.6792,0.078,0.412
BZW1,ENSG00000082153,-2.0484,2.6660781368266585e-52,1.5635922835574932e-51,0.161,0.6663,0.081,0.415
ACAT2,ENSG00000120437,-1.8811,3.664640504425153e-52,2.147250295561613e-51,0.1987,0.7324,0.091,0.434
PLEKHA7,ENSG00000166689,2.8923,5.502861826381544e-52,3.2213722812839615e-51,0.842,0.1133,0.375,0.064
S100A16,ENSG00000188643,-3.9658,5.524238257328057e-52,3.230919164262969e-51,0.0347,0.5429,0.021,0.342
CHMP4B,ENSG00000101421,-1.8791,6.3709854515250594e-52,3.7227343953686764e-51,0.1902,0.6999,0.096,0.431
ACADVL,ENSG00000072778,-1.5028,6.732218457796532e-52,3.930209951323525e-51,0.2879,0.816,0.136,0.488
DDX18,ENSG00000088205,-2.1648,7.584063440014624e-52,4.423458776769737e-51,0.1459,0.6546,0.076,0.406
RPL26L1,ENSG00000037241,-4.5654,8.307276118818208e-52,4.84084874382688e-51,0.0219,0.5207,0.012,0.334
LSR,ENSG00000105699,-2.6023,8.44264130178895e-52,4.915236374329184e-51,0.0975,0.5927,0.05,0.377
TNFRSF12A,ENSG00000006327,-3.5859,8.467663300679034e-52,4.925305980093873e-51,0.0507,0.6103,0.03,0.35
ARHGEF38,ENSG00000236699,1.7484,1.0530663107909567e-51,6.119687995708613e-51,1.0694,0.3182,0.457,0.191
DDOST,ENSG00000244038,-2.9571,1.0741703274179222e-51,6.236644660554875e-51,0.0735,0.5717,0.041,0.364
METAP2,ENSG00000111142,-1.53,1.3108478280705123e-51,7.603871614148787e-51,0.2822,0.8151,0.142,0.485
C1orf122,ENSG00000197982,-4.318,1.6145391737111467e-51,9.356988393098691e-51,0.026,0.52,0.015,0.336
ATP6V0C,ENSG00000185883,-2.7086,1.7347911322809873e-51,1.0044771542498904e-50,0.1151,0.7529,0.059,0.377
CBR1,ENSG00000159228,-3.5058,2.2339819150694026e-51,1.292344347419913e-50,0.0486,0.5528,0.027,0.348
APH1A,ENSG00000117362,-2.4664,2.40121584973721e-51,1.3878287436151146e-50,0.1072,0.5931,0.056,0.383
MRPS6,ENSG00000243927,-1.5136,2.6407925232390253e-51,1.5249141608377523e-50,0.2845,0.8123,0.136,0.485
SFTPB,ENSG00000168878,0.1141,2.703894584613357e-51,1.5599391834307828e-50,3.19,2.9474,0.99,0.998
CTSC,ENSG00000109861,-2.5049,2.920644627303016e-51,1.6834637883414763e-50,0.1062,0.6032,0.051,0.378
HIGD1A,ENSG00000181061,-3.8045,3.2702832406743205e-51,1.883293194155266e-50,0.0372,0.5208,0.018,0.34
ACAT1,ENSG00000075239,-1.9267,3.9712699772259837e-51,2.2849139083768635e-50,0.1784,0.6784,0.087,0.42
STK3,ENSG00000104375,1.804,4.6394980770161656e-51,2.6669792823244414e-50,1.0582,0.303,0.452,0.188
FAM162A,ENSG00000114023,-2.9039,5.2166458630355286e-51,2.996046610527162e-50,0.0756,0.5666,0.041,0.363
WBP2,ENSG00000132471,-2.2948,5.555266657635128e-51,3.1876530101191666e-50,0.1269,0.6231,0.071,0.394
GNAQ,ENSG00000156052,0.8827,5.961341864266894e-51,3.4175858259623607e-50,1.4032,0.761,0.582,0.442
RAPGEF5,ENSG00000136237,1.6136,6.092611354886379e-51,3.489703269308236e-50,1.1247,0.3675,0.471,0.216
PLCG2,ENSG00000197943,3.0603,6.32840237874013e-51,3.621504951927139e-50,0.8237,0.0987,0.367,0.065
CSDE1,ENSG00000009307,-1.1037,6.58589568045556e-51,3.765478472009345e-50,0.4811,1.0341,0.223,0.59
HDDC2,ENSG00000111906,-3.5849,7.137820761630061e-51,4.077384171630075e-50,0.0441,0.5304,0.023,0.343
ABHD14B,ENSG00000114779,-3.9727,8.921592939295811e-51,5.091777528022452e-50,0.0332,0.5225,0.021,0.338
TRIB1,ENSG00000173334,-2.7238,9.056786536162547e-51,5.164312537391435e-50,0.0951,0.6286,0.047,0.369
TRAPPC3,ENSG00000054116,-3.3699,1.4804694514224053e-50,8.4343098774064645e-50,0.0515,0.5333,0.028,0.347
PCAT1,ENSG00000253438,2.9225,2.212191910438673e-50,1.259171734736298e-49,0.853,0.1124,0.366,0.052
SUMO3,ENSG00000184900,-2.3816,2.371285043334688e-50,1.3485229394521532e-49,0.1164,0.6069,0.06,0.384
EIF4G3,ENSG00000075151,2.3221,3.3221355693807643e-50,1.8875770280572524e-49,0.9147,0.1828,0.402,0.119
RAB5IF,ENSG00000101084,-3.125,4.0132436382895494e-50,2.278221566704887e-49,0.0633,0.5532,0.032,0.351
DUSP6,ENSG00000139318,-1.7972,4.641521334767824e-50,2.632535454550256e-49,0.2315,0.805,0.108,0.436
CCT8,ENSG00000156261,-2.14,5.804396623299349e-50,3.2891580865362977e-49,0.1413,0.6233,0.067,0.394
CHMP2B,ENSG00000083937,-2.2594,9.051900829448677e-50,5.124855043315748e-49,0.1255,0.6014,0.06,0.384
C8orf34,ENSG00000165084,2.1731,1.3402203591726854e-49,7.581104516172023e-49,0.9731,0.2157,0.408,0.118
CD99,ENSG00000002586,-2.8935,1.560579791757871e-49,8.819766110333712e-49,0.0767,0.5707,0.041,0.357
ZNF638,ENSG00000075292,1.3875,1.634756210842087e-49,9.230797913302307e-49,1.1793,0.4507,0.494,0.282
REXO2,ENSG00000076043,-2.1168,1.7327435733489033e-49,9.775433876194035e-49,0.1464,0.6353,0.072,0.395
FBXL17,ENSG00000145743,2.4237,1.7669828952339237e-49,9.959784223798641e-49,0.9038,0.1684,0.393,0.102
AQP4,ENSG00000171885,-1.5717,2.3086251423084475e-49,1.3001312086763562e-48,0.2668,0.7934,0.13,0.467
MMADHC,ENSG00000168288,-3.0958,2.783250621725376e-49,1.5660390744483027e-48,0.0638,0.5463,0.036,0.352
SH3YL1,ENSG00000035115,-1.3049,2.855340398429279e-49,1.6051847477942375e-48,0.3616,0.8936,0.176,0.523
COA4,ENSG00000181924,-4.2597,2.944926135769765e-49,1.6540884683288326e-48,0.0261,0.5026,0.013,0.327
SUCLG1,ENSG00000163541,-2.2144,3.0805606876449357e-49,1.728747745047224e-48,0.1316,0.6111,0.062,0.387
COX20,ENSG00000203667,-2.212,3.1676814024251812e-49,1.7760746649481558e-48,0.1346,0.624,0.068,0.39
FUNDC2,ENSG00000165775,-3.5672,3.3056378137292287e-49,1.8517962269353104e-48,0.0438,0.5198,0.023,0.338
OCIAD1,ENSG00000109180,-1.3763,3.4115497638330516e-49,1.9094494946826782e-48,0.3151,0.8181,0.153,0.494
FAF1,ENSG00000185104,1.8335,4.9473067723308356e-49,2.766586024000796e-48,1.0039,0.2816,0.439,0.173
NDUFS3,ENSG00000213619,-3.2215,4.968703280719868e-49,2.776115987255842e-48,0.0571,0.5335,0.031,0.345
TSC22D1,ENSG00000102804,-1.0142,6.2135497194249765e-49,3.468597150729792e-48,0.6009,1.2139,0.277,0.641
QDPR,ENSG00000151552,-2.8183,6.338766347398401e-49,3.535401178010919e-48,0.0794,0.5605,0.045,0.36
ERC1,ENSG00000082805,2.1742,7.006250677826155e-49,3.9042699362886133e-48,0.9473,0.2098,0.408,0.129
GALE,ENSG00000117308,-2.2664,9.543117191364216e-49,5.313307606545579e-48,0.1271,0.6121,0.063,0.382
MUC1,ENSG00000185499,-0.7259,1.0049836537362261e-48,5.590550429815394e-48,1.2521,2.071,0.512,0.907
STARD3NL,ENSG00000010270,-2.1224,1.0263792283383197e-48,5.704592485315421e-48,0.1453,0.6328,0.073,0.395
SLC27A3,ENSG00000143554,-3.2327,1.4332633328927397e-48,7.959106051560292e-48,0.0598,0.5626,0.028,0.343
GSTA4,ENSG00000170899,-1.3233,1.4921211126170997e-48,8.278739854598791e-48,0.3546,0.8874,0.169,0.512
PSMB4,ENSG00000159377,-3.4442,1.654322642432245e-48,9.170701604787445e-48,0.048,0.5238,0.027,0.339
SELENOT,ENSG00000198843,-2.1348,1.6664733143421904e-48,9.230032475179377e-48,0.1408,0.6185,0.074,0.394
UFM1,ENSG00000120686,-1.9853,1.730475014616303e-48,9.576196369946988e-48,0.1629,0.6453,0.082,0.404
C14orf119,ENSG00000179933,-3.5403,2.3201468442374926e-48,1.2828218674773648e-47,0.0444,0.5176,0.024,0.336
LTA4H,ENSG00000111144,-1.116,2.3430747311348152e-48,1.2943762054579244e-47,0.469,1.0166,0.223,0.582
PIN1,ENSG00000127445,-3.296,2.4885974678316466e-48,1.3735765244525322e-47,0.0526,0.5173,0.024,0.337
SRRM1,ENSG00000133226,-1.1691,2.4977713402049234e-48,1.377447430260068e-47,0.4272,0.9608,0.198,0.557
CHMP5,ENSG00000086065,-2.4844,3.413609805623227e-48,1.8808783501165145e-47,0.104,0.5827,0.056,0.372
CHCHD7,ENSG00000170791,-2.8573,3.489121972891324e-48,1.9208249203093428e-47,0.078,0.5658,0.04,0.353
PDCD6,ENSG00000249915,-1.6872,4.2506462823842765e-48,2.3380388309059326e-47,0.2182,0.7028,0.112,0.438
NUCB1,ENSG00000104805,-1.5489,5.539758518233236e-48,3.044479358080766e-47,0.2575,0.7537,0.127,0.458
WDFY3,ENSG00000163625,2.2464,7.184806797559293e-48,3.945145851372997e-47,0.9089,0.1915,0.398,0.119
CPB2,ENSG00000080618,-3.237,8.941734379850289e-48,4.905641710115799e-47,0.0636,0.6007,0.032,0.343
HSD17B11,ENSG00000198189,-1.8244,9.094347411711069e-48,4.985078654312817e-47,0.2003,0.7097,0.096,0.419
CAP1,ENSG00000131236,-2.3035,9.566872211794658e-48,5.239588518057642e-47,0.1204,0.5945,0.06,0.377
SLC25A39,ENSG00000013306,-3.0311,1.0876803189988849e-47,5.951898741302911e-47,0.0658,0.5384,0.037,0.347
NFAT5,ENSG00000102908,1.3623,1.3727597251758535e-47,7.505440178384276e-47,1.1546,0.449,0.493,0.278
THOC7,ENSG00000163634,-3.1321,1.4234830048484161e-47,7.77609610617708e-47,0.0602,0.5288,0.032,0.343
MT-ND4L,ENSG00000212907,-0.8321,1.6908530614254522e-47,9.228757077557585e-47,0.9645,1.7172,0.388,0.794
TIMM17B,ENSG00000126768,-4.2662,1.8548436058932646e-47,1.0115165087741286e-46,0.026,0.5014,0.014,0.321
NDUFV1,ENSG00000167792,-2.1068,1.8568630448959696e-47,1.0117523001035732e-46,0.1415,0.6098,0.073,0.389
CCDC47,ENSG00000108588,-1.8508,1.892147770870453e-47,1.0300975268402338e-46,0.1861,0.6715,0.098,0.417
FXYD5,ENSG00000089327,-4.9832,1.9477067199535835e-47,1.059439448780213e-46,0.0162,0.5141,0.012,0.317
NDUFAF8,ENSG00000224877,-2.9395,3.39195606439891e-47,1.8434543828254947e-46,0.0709,0.5444,0.039,0.347
UST,ENSG00000111962,2.623,4.168349435573947e-47,2.2634776534739277e-46,0.8664,0.1406,0.37,0.075
NDUFA8,ENSG00000119421,-4.5856,4.615364100134458e-47,2.504080522413376e-46,0.0198,0.4771,0.01,0.316
PRKCSH,ENSG00000130175,-3.0627,5.978240365249383e-47,3.2407553000395256e-46,0.0631,0.5281,0.036,0.342
SPAG7,ENSG00000091640,-3.2948,6.356821579065678e-47,3.4430533191625912e-46,0.0523,0.5144,0.028,0.336
BAX,ENSG00000087088,-2.2407,6.451384870549178e-47,3.491305479605349e-46,0.1298,0.6139,0.068,0.381
DNAJA1,ENSG00000086061,-1.5566,7.508295933683158e-47,4.0598292262281706e-46,0.2522,0.742,0.114,0.441
PRKCE,ENSG00000171132,2.3077,1.1100666224934112e-46,5.997181964741946e-46,0.8817,0.178,0.388,0.101
CALM3,ENSG00000160014,-3.0901,1.1213215044623289e-46,6.0528574013102e-46,0.0624,0.532,0.032,0.34
TIMM10,ENSG00000134809,-7.015,1.6998573765911981e-46,9.168012500650497e-46,0.0035,0.4706,0.004,0.306
GDI2,ENSG00000057608,-1.635,1.8084092828528733e-46,9.745231765162355e-46,0.2273,0.7062,0.116,0.436
HADHA,ENSG00000084754,-1.7681,2.0905858543599814e-46,1.1256321639818313e-45,0.1964,0.6692,0.098,0.415
NDUFV3,ENSG00000160194,-2.3071,2.094299610373735e-46,1.1266801701377687e-45,0.118,0.5845,0.06,0.372
SDHD,ENSG00000204370,-2.9639,2.9609398532141474e-46,1.5915675855177227e-45,0.0671,0.5246,0.031,0.338
HHIP,ENSG00000164161,-1.1738,3.643823938834663e-46,1.9569821069983975e-45,0.4593,1.0364,0.203,0.55
UBE2B,ENSG00000119048,-1.2868,4.401379529903725e-46,2.361851389152883e-45,0.3451,0.8422,0.168,0.505
RPAIN,ENSG00000129197,-2.2301,4.615870723212551e-46,2.4748676081143828e-45,0.126,0.5913,0.064,0.375
ORMDL2,ENSG00000123353,-3.6381,5.2012064957223784e-46,2.7863606227084167e-45,0.0406,0.5072,0.023,0.327
PSMG2,ENSG00000128789,-2.1986,5.705010886324014e-46,3.053689706155801e-45,0.1295,0.595,0.068,0.379
RASAL2,ENSG00000075391,2.5523,5.996133603002892e-46,3.206824808652973e-45,0.8445,0.1439,0.371,0.087
MRPL40,ENSG00000185608,-4.1299,6.102950097235852e-46,3.2612159991515975e-45,0.0276,0.4849,0.014,0.317
MRPS16,ENSG00000182180,-3.2963,8.041958429982694e-46,4.293759211988247e-45,0.0522,0.5132,0.027,0.332
PQBP1,ENSG00000102103,-3.8745,1.0673660749063139e-45,5.694107721780545e-45,0.0339,0.4982,0.019,0.322
PRMT1,ENSG00000126457,-2.8749,1.224845120624396e-45,6.528752210686057e-45,0.0731,0.5372,0.041,0.343
PLIN2,ENSG00000147872,-2.9461,1.3039606831226832e-45,6.944652760991734e-45,0.0747,0.5764,0.039,0.341
ADRM1,ENSG00000130706,-3.486,1.324839275391627e-45,7.049958581487164e-45,0.0452,0.5071,0.024,0.327
EFNA1,ENSG00000169242,-1.3781,1.427542775394821e-45,7.59014611604836e-45,0.3211,0.8347,0.159,0.483
CCT3,ENSG00000163468,-2.2509,1.4599258265723924e-45,7.755855953665835e-45,0.1213,0.5778,0.062,0.369
CTSS,ENSG00000163131,-3.0775,1.4738363747063326e-45,7.823236376979909e-45,0.062,0.5244,0.033,0.336
TEAD1,ENSG00000187079,1.5756,1.6066572807399415e-45,8.52116486249345e-45,1.0609,0.3559,0.452,0.22
EXOC6B,ENSG00000144036,3.0191,1.919159931087824e-45,1.0170111854268395e-44,0.8044,0.0991,0.347,0.056
GADD45G,ENSG00000130222,-3.4877,1.9455816430977082e-45,1.0301563932514859e-44,0.0483,0.5426,0.022,0.325
VPS13B,ENSG00000132549,2.5178,2.477296546754896e-45,1.3106029448599554e-44,0.8232,0.1437,0.368,0.082
MRPL32,ENSG00000106591,-3.4686,2.5122933947239013e-45,1.3280157870120125e-44,0.0448,0.4968,0.023,0.325
NNMT,ENSG00000166741,-1.6708,2.58624178898764e-45,1.3659727758737536e-44,0.2682,0.8541,0.13,0.432
UBE2L3,ENSG00000185651,-1.8397,2.7137559747523387e-45,1.4321352929673974e-44,0.1767,0.6327,0.089,0.399
KRT7,ENSG00000135480,-1.158,3.0358193334381106e-45,1.600773221726051e-44,0.4753,1.0606,0.205,0.544
GPR39,ENSG00000183840,3.5165,3.380254369685374e-45,1.7809191410532448e-44,0.7739,0.0675,0.331,0.039
TBL1XR1,ENSG00000177565,1.5147,4.123320814297655e-45,2.170616861366437e-44,1.0852,0.3797,0.46,0.242
PAIP2,ENSG00000120727,-1.8032,4.2703345880414764e-45,2.246153712769341e-44,0.1828,0.6381,0.085,0.403
PPM1G,ENSG00000115241,-2.3593,4.6028119061650914e-45,2.4190375846498316e-44,0.1091,0.5603,0.056,0.361
PSMB7,ENSG00000136930,-2.1892,4.818870338766247e-45,2.5305023401676136e-44,0.1279,0.5838,0.065,0.373
CHMP3,ENSG00000115561,-1.7625,5.105753355541239e-45,2.678944661858058e-44,0.1942,0.659,0.099,0.412
BCAS3,ENSG00000141376,2.9574,5.65975237803345e-45,2.9671810370035564e-44,0.7673,0.0987,0.345,0.054
AIMP1,ENSG00000164022,-2.3764,5.825357851013848e-45,3.051491889910705e-44,0.1092,0.5672,0.059,0.361
FUS,ENSG00000089280,-1.2367,6.039080385989802e-45,3.16084872419417e-44,0.3682,0.8678,0.178,0.511
TMEM160,ENSG00000130748,-3.5414,6.522555085149502e-45,3.411098332061368e-44,0.0427,0.4985,0.023,0.323
NR6A1,ENSG00000148200,2.4936,6.889833571860563e-45,3.600220411525499e-44,0.8419,0.1494,0.368,0.084
ETS2,ENSG00000157557,-1.164,6.975967189137939e-45,3.6422433112820935e-44,0.4256,0.9539,0.198,0.535
MRPS12,ENSG00000128626,-5.208,7.469409497934625e-45,3.8966845785051744e-44,0.0124,0.4636,0.009,0.306
ID4,ENSG00000172201,-3.5547,9.319691287534943e-45,4.85797481259487e-44,0.045,0.5302,0.022,0.321
LY6E,ENSG00000160932,-2.9188,9.444496686278705e-45,4.919008690770158e-44,0.076,0.5758,0.04,0.339
SVIP,ENSG00000198168,-2.9816,9.586132501800365e-45,4.988701608079781e-44,0.0665,0.5263,0.037,0.337
TMEM134,ENSG00000172663,-4.1897,9.719616340686271e-45,5.054041938978383e-44,0.0266,0.4873,0.017,0.314
CFAP68,ENSG00000137720,-5.9014,1.3141332333033703e-44,6.827709341735114e-44,0.0076,0.4627,0.005,0.302
DRAP1,ENSG00000175550,-4.7107,1.3552746497385617e-44,7.035729553813787e-44,0.0179,0.472,0.012,0.308
DGCR6L,ENSG00000128185,-8.5029,1.4182431453355333e-44,7.356631449563893e-44,0.0011,0.4525,0.001,0.298
GOLT1A,ENSG00000174567,-3.0836,1.7881441175661254e-44,9.267820121531749e-44,0.062,0.5259,0.035,0.334
NCOA2,ENSG00000140396,1.8992,1.8752448633063612e-44,9.711361497626363e-44,0.9372,0.2512,0.413,0.158
SSB,ENSG00000138385,-2.4556,1.917740897844795e-44,9.923375181623836e-44,0.1013,0.5563,0.053,0.355
GTF3A,ENSG00000122034,-3.1667,2.8444135200999103e-44,1.4706517591757442e-43,0.0563,0.5065,0.03,0.329
C15orf61,ENSG00000189227,-4.5892,3.3069040083003245e-44,1.7083884159574206e-43,0.0195,0.4722,0.01,0.307
AUP1,ENSG00000115307,-2.5673,3.3729472665230896e-44,1.7410962610594896e-43,0.0923,0.5475,0.047,0.349
PPIC,ENSG00000168938,-3.8196,3.516548628074425e-44,1.8137538433636294e-43,0.0344,0.4865,0.018,0.315
SLC50A1,ENSG00000169241,-3.2558,3.810848977708665e-44,1.9639581433219678e-43,0.053,0.5068,0.026,0.324
RNASEK,ENSG00000219200,-2.9143,4.4024280065337735e-44,2.267001497710243e-43,0.0818,0.6175,0.045,0.338
UBE2I,ENSG00000103275,-1.6938,4.424388766564552e-44,2.276471217663359e-43,0.2014,0.6517,0.1,0.411
FAM200B,ENSG00000237765,-2.8374,4.569216225596705e-44,2.3490930192079834e-43,0.0726,0.5194,0.032,0.334
TSEN34,ENSG00000170892,-3.3982,5.814185648465324e-44,2.9867392029787626e-43,0.0464,0.4901,0.024,0.322
MEAF6,ENSG00000163875,-2.7185,6.170068959241564e-44,3.1670039947797884e-43,0.0806,0.5311,0.041,0.342
CCT7,ENSG00000135624,-3.0346,7.68205810407523e-44,3.939913146699887e-43,0.0618,0.5069,0.032,0.33
UBE2N,ENSG00000177889,-2.5348,1.2481374761125537e-43,6.396202902104123e-43,0.0938,0.5439,0.05,0.348
HAGH,ENSG00000063854,-2.5312,1.595695201629006e-43,8.170728442076236e-43,0.0934,0.5407,0.049,0.348
SSH2,ENSG00000141298,1.142,1.9539029716717186e-43,9.996895220230502e-43,1.22,0.5528,0.51,0.334
TMEM9B,ENSG00000175348,-2.7118,2.2360802785210726e-43,1.1431444888189124e-42,0.0783,0.5133,0.04,0.337
ANP32A,ENSG00000140350,-1.646,2.5411637852387203e-43,1.2980704431808366e-42,0.2155,0.6748,0.11,0.419
VTI1A,ENSG00000151532,2.5995,2.5758261372540364e-43,1.3147231084863478e-42,0.8156,0.1345,0.358,0.082
EMC3,ENSG00000125037,-1.7866,3.0954610432035988e-43,1.5786851320338355e-42,0.1873,0.6464,0.099,0.405
RCN2,ENSG00000117906,-1.7994,3.268996987034983e-43,1.6658557787648295e-42,0.1819,0.6335,0.098,0.399
PTPMT1,ENSG00000110536,-4.4003,3.756454347257382e-43,1.912731346946151e-42,0.0223,0.4734,0.014,0.306
FHIP1A,ENSG00000164142,2.9871,4.237127346284188e-43,2.155761119917135e-42,0.768,0.0968,0.336,0.05
MRPS7,ENSG00000125445,-3.6087,5.204758764466503e-43,2.6459598982036646e-42,0.0389,0.4759,0.023,0.315
CAMKMT,ENSG00000143919,2.4585,5.3405413767286e-43,2.7128248029199063e-42,0.8342,0.1517,0.365,0.091
MAF1,ENSG00000179632,-3.1581,5.894791280179115e-43,2.991982039103651e-42,0.0556,0.4969,0.032,0.325
TMEM14B,ENSG00000137210,-1.2718,7.357100058078304e-43,3.7312261631065386e-42,0.3273,0.7904,0.157,0.481
EZR,ENSG00000092820,-0.8572,1.1390560849266463e-42,5.772243673614761e-42,0.742,1.3441,0.329,0.696
ZC3H15,ENSG00000065548,-1.9044,1.1810517883791267e-42,5.98030591812306e-42,0.1646,0.6165,0.086,0.386
SPCS3,ENSG00000129128,-1.854,1.2435844079741471e-42,6.291944921297769e-42,0.173,0.6256,0.091,0.392
BNIP3L,ENSG00000104765,-1.042,1.2507755709265294e-42,6.323310281250297e-42,0.4692,0.9662,0.214,0.555
SMIM19,ENSG00000176209,-4.0193,1.806504549994948e-42,9.12556775453074e-42,0.0285,0.4629,0.014,0.305
YPEL5,ENSG00000119801,-1.8676,1.9199944709143732e-42,9.691183493332643e-42,0.1711,0.6248,0.083,0.388
ZCCHC7,ENSG00000147905,2.0396,2.0327307035579585e-42,1.0252103034162965e-41,0.9048,0.22,0.393,0.139
CORO1B,ENSG00000172725,-4.3007,2.1143785488550006e-42,1.0655465018933304e-41,0.0232,0.4586,0.015,0.304
RAB1B,ENSG00000174903,-1.9998,2.1781670222013473e-42,1.0968258109426216e-41,0.1493,0.5976,0.08,0.376
MFSD10,ENSG00000109736,-2.5865,2.2374296309334278e-42,1.1257785238516654e-41,0.0883,0.5308,0.047,0.34
DHCR7,ENSG00000172893,-2.9154,2.275411756084457e-42,1.143986588725427e-41,0.0678,0.5125,0.035,0.328
IGFBP4,ENSG00000141753,-1.7007,2.8456128902583992e-42,1.429533662363853e-41,0.2052,0.6673,0.105,0.405
MRPL21,ENSG00000197345,-5.0843,2.888226703116978e-42,1.449798837194546e-41,0.0132,0.4506,0.009,0.297
NDFIP1,ENSG00000131507,-1.2036,3.333413550727648e-42,1.6719521153334976e-41,0.3561,0.8204,0.168,0.496
ARL5A,ENSG00000162980,-1.4566,3.701367905821448e-42,1.8550487735543816e-41,0.2642,0.7252,0.134,0.445
SOD2,ENSG00000291237,-0.9091,4.732202285604623e-42,2.369818505163352e-41,0.6782,1.2736,0.297,0.652
IFT57,ENSG00000114446,-0.9711,4.981638648788945e-42,2.492774441603573e-41,0.5452,1.0689,0.249,0.593
MFSD2A,ENSG00000168389,-0.9047,6.851295864728428e-42,3.425647932364214e-41,0.6628,1.241,0.291,0.656
ADGRV1,ENSG00000164199,1.7002,7.3154264305699e-42,3.654846668877987e-41,0.9837,0.3027,0.424,0.173
MRPL23,ENSG00000214026,-4.5033,7.360709457844413e-42,3.6745906651337615e-41,0.0206,0.4704,0.012,0.299
TMCC1,ENSG00000172765,2.3296,7.405138263958015e-42,3.6938776551433757e-41,0.8245,0.1639,0.367,0.101
COPS6,ENSG00000168090,-3.2589,7.678151329518575e-42,3.827069173235412e-41,0.0506,0.4848,0.027,0.317
PLA2G10,ENSG00000069764,-2.7047,7.912620754138183e-42,3.940856039658666e-41,0.0865,0.5642,0.045,0.336
MRPS18C,ENSG00000163319,-3.2583,8.750991912286514e-42,4.355001829884975e-41,0.0508,0.4873,0.028,0.317
CCT2,ENSG00000166226,-2.5791,1.0425524918348978e-41,5.184299637634535e-41,0.0877,0.5244,0.045,0.337
NUDT5,ENSG00000165609,-1.8995,1.2505900093121954e-41,6.21396049054189e-41,0.1615,0.6028,0.083,0.382
SLC22A3,ENSG00000146477,1.2529,1.6752270963079514e-41,8.317424251528965e-41,1.1271,0.4729,0.48,0.293
UNC13B,ENSG00000198722,1.0534,1.7873337994201647e-41,8.867122934866576e-41,1.2618,0.6079,0.521,0.355
NONO,ENSG00000147140,-1.8596,1.883627609552605e-41,9.337578546576872e-41,0.166,0.6028,0.087,0.384
TMEM9,ENSG00000116857,-2.5733,1.961754497135641e-41,9.717315399564656e-41,0.0876,0.522,0.045,0.336
AFF3,ENSG00000144218,1.398,2.0029831102681062e-41,9.913833329160851e-41,1.1587,0.4396,0.466,0.245
MZT2A,ENSG00000173272,-3.4818,2.01889543411113e-41,9.984839714863037e-41,0.043,0.4816,0.026,0.312
RALY,ENSG00000125970,-1.2438,2.258761459300323e-41,1.116248395584462e-40,0.3412,0.8081,0.168,0.485
PTPRJ,ENSG00000149177,2.5094,2.2711612948030075e-41,1.1215068361246455e-40,0.8007,0.1405,0.354,0.086
NAA10,ENSG00000102030,-3.2035,2.4278056724761773e-41,1.1979304304981138e-40,0.0528,0.4872,0.03,0.317
DLG1,ENSG00000075711,1.7432,2.472497785032015e-41,1.2190389311352743e-40,0.9343,0.279,0.415,0.177
TOB1,ENSG00000141232,-2.0779,2.4954025733647456e-41,1.2293810977743627e-40,0.1385,0.5849,0.069,0.363
C22orf39,ENSG00000242259,-4.0471,2.509856893348609e-41,1.2355473123627324e-40,0.0278,0.4606,0.015,0.302
UBXN4,ENSG00000144224,-1.1259,3.24416295379965e-41,1.5957977492648743e-40,0.4023,0.8782,0.198,0.521
PSENEN,ENSG00000205155,-5.4796,3.472909251004765e-41,1.7070004992409695e-40,0.0099,0.4462,0.004,0.289
TXNL1,ENSG00000091164,-1.7404,3.6097077362556273e-41,1.7728726362580603e-40,0.1848,0.6177,0.094,0.394
PSMC3,ENSG00000165916,-3.1338,3.6689567613994705e-41,1.8005850156983545e-40,0.0558,0.4904,0.032,0.319
MCFD2,ENSG00000180398,-2.0792,4.1498699768937116e-41,2.0350323925151856e-40,0.1355,0.5727,0.072,0.366
MLLT3,ENSG00000171843,1.8356,4.968703410603361e-41,2.4347028626130996e-40,0.9384,0.2628,0.406,0.166
SHANK2,ENSG00000162105,2.0232,6.453895266687546e-41,3.1600293644495473e-40,0.8955,0.2202,0.386,0.128
RILP,ENSG00000167705,-4.2708,6.990165164698775e-41,3.4199772006872365e-40,0.0236,0.4582,0.013,0.298
RAPGEF2,ENSG00000109756,1.8453,7.783332891859145e-41,3.805118649202611e-40,0.9409,0.2618,0.404,0.161
TSC22D3,ENSG00000157514,-1.201,8.592996560776398e-41,4.197728204976976e-40,0.3736,0.8591,0.163,0.486
DOCK4,ENSG00000128512,3.0114,8.742160308052163e-41,4.2673255715032564e-40,0.7745,0.096,0.329,0.053
MLX,ENSG00000108788,-2.7262,9.045525568962051e-41,4.412029495189983e-40,0.0765,0.5071,0.039,0.328
NT5C,ENSG00000125458,-3.6669,9.169690415487107e-41,4.469172507548189e-40,0.0366,0.4656,0.018,0.304
FGD4,ENSG00000139132,1.5535,1.0299778024177055e-40,5.016125661125189e-40,1.0215,0.3479,0.436,0.212
PPP2R1A,ENSG00000105568,-1.8161,1.3482428407805089e-40,6.5611054274623994e-40,0.1711,0.6027,0.089,0.384
PSMD7,ENSG00000103035,-2.5896,1.3961759580817352e-40,6.78918515085512e-40,0.0845,0.5091,0.042,0.331
IRF2BP2,ENSG00000168264,-1.3141,1.6466340430117474e-40,8.0009847745426e-40,0.3099,0.7706,0.149,0.457
CNN3,ENSG00000117519,-1.3203,1.6738549169850144e-40,8.127056432429144e-40,0.2982,0.7448,0.144,0.454
WWC1,ENSG00000113645,1.4394,1.7662698355415104e-40,8.569231508049565e-40,1.0513,0.3876,0.451,0.247
L3MBTL4,ENSG00000154655,2.4258,1.8109104864997244e-40,8.779128784361782e-40,0.7914,0.1472,0.353,0.082
MEA1,ENSG00000124733,-5.3199,1.8373290375622425e-40,8.900435117370286e-40,0.011,0.4431,0.008,0.289
CCDC124,ENSG00000007080,-4.3697,1.8864000358256106e-40,9.13120746270939e-40,0.0219,0.4555,0.013,0.295
ANKRD17,ENSG00000132466,1.4649,2.4265589245746257e-40,1.1736959896937207e-39,1.0359,0.3752,0.445,0.236
ATP6AP1,ENSG00000071553,-2.9877,2.622720915841353e-40,1.2676153023873106e-39,0.0607,0.482,0.032,0.316
ACP5,ENSG00000102575,-5.9256,2.9969626048797855e-40,1.4473967125839872e-39,0.0073,0.4491,0.004,0.285
PTPRD,ENSG00000153707,3.0188,3.383130450947156e-40,1.632661364480554e-39,0.7631,0.0941,0.322,0.042
MCU,ENSG00000156026,1.8895,3.4902139082055486e-40,1.683064573737547e-39,0.9109,0.2458,0.395,0.145
SDF2L1,ENSG00000128228,-2.8752,3.54660620548815e-40,1.7089655752068748e-39,0.0699,0.5135,0.039,0.32
SNX5,ENSG00000089006,-1.6697,3.5830931107478698e-40,1.7252430952430264e-39,0.1965,0.6254,0.095,0.393
DMAC1,ENSG00000137038,-4.4955,3.645160523535322e-40,1.753803648116051e-39,0.0197,0.447,0.009,0.292
FDX1,ENSG00000137714,-1.861,4.109382535248737e-40,1.9756646804080467e-39,0.1631,0.5927,0.085,0.377
SULT1A1,ENSG00000196502,-2.5177,6.796694804626892e-40,3.265179305161751e-39,0.0923,0.529,0.047,0.333
LARGE1,ENSG00000133424,2.3289,7.182503345541519e-40,3.4479261165532516e-39,0.8228,0.1637,0.357,0.089
BORCS7,ENSG00000166275,-3.3659,8.631458446699816e-40,4.1403722797374965e-39,0.0454,0.4693,0.026,0.307
ST6GAL1,ENSG00000073849,2.1361,9.633760067949385e-40,4.6176857468554384e-39,0.8708,0.198,0.372,0.12
TRAM1,ENSG00000067167,-0.9811,1.036559727943964e-39,4.964739493345433e-39,0.5192,1.025,0.24,0.58
RUNX1,ENSG00000159216,1.4922,1.0418202458603026e-39,4.982448662685243e-39,1.0239,0.3639,0.44,0.232
ZNF428,ENSG00000131116,-3.0987,1.0416134518223543e-39,4.982448662685243e-39,0.0561,0.481,0.031,0.313
MYO9A,ENSG00000066933,1.2298,1.0557164537406823e-39,5.045121733580847e-39,1.1565,0.493,0.483,0.3
MCRIP2,ENSG00000172366,-3.0908,1.1194263681562756e-39,5.345575353555249e-39,0.057,0.4863,0.032,0.313
HEBP1,ENSG00000013583,-2.7862,1.149417694465161e-39,5.484683983694163e-39,0.0716,0.4947,0.039,0.321
KANSL1,ENSG00000120071,1.5618,1.5360742888558634e-39,7.324213606175116e-39,0.9837,0.3331,0.429,0.203
EPS8,ENSG00000151491,0.6491,1.5460710084636092e-39,7.366369715213385e-39,1.444,0.9207,0.58,0.528
HSD17B10,ENSG00000072506,-4.0953,1.6206081808390874e-39,7.71574096553337e-39,0.0259,0.4437,0.014,0.294
ESAM,ENSG00000149564,-2.5763,1.7164638624090264e-39,8.166012778251898e-39,0.0854,0.5098,0.041,0.326
RTL8A,ENSG00000203950,-3.848,2.060868936536625e-39,9.797195727383286e-39,0.0317,0.4574,0.017,0.296
RAB7A,ENSG00000075785,-1.0263,2.0639276476818412e-39,9.80442530102216e-39,0.4494,0.9154,0.213,0.541
LPL,ENSG00000175445,-2.2029,2.4897177371430925e-39,1.1818280397831134e-38,0.1252,0.5769,0.058,0.346
ASB3,ENSG00000115239,2.2254,2.492054876513832e-39,1.1820572795964048e-38,0.8071,0.1725,0.362,0.106
SQOR,ENSG00000137767,-1.6234,3.175949759428789e-39,1.505329346941155e-38,0.2082,0.6418,0.108,0.404
PCCA,ENSG00000175198,2.491,3.6663642503352323e-39,1.736483810987155e-38,0.777,0.1381,0.345,0.083
AKAP13-AS1,ENSG00000259367,3.0976,3.793895001593787e-39,1.7955516432932733e-38,0.704,0.0822,0.313,0.033
BUD23,ENSG00000071462,-2.2805,5.472200275182853e-39,2.5879285426031665e-38,0.1075,0.5227,0.056,0.34
LSM6,ENSG00000164167,-3.2338,5.906825719049258e-39,2.7914020725677555e-38,0.0491,0.4632,0.024,0.304
DHPS,ENSG00000095059,-4.0558,6.402430179188971e-39,3.0233698068392365e-38,0.0264,0.4404,0.013,0.291
CAMK2D,ENSG00000145349,1.2107,8.144764450568739e-39,3.843291885446019e-38,1.1181,0.483,0.478,0.299
HSP90AA1,ENSG00000080824,-0.7985,8.402815995028897e-39,3.962126624874942e-38,0.863,1.5011,0.335,0.735
PTPRE,ENSG00000132334,1.4928,8.470665540124546e-39,3.991167244515446e-38,1.0362,0.3681,0.435,0.23
LSM8,ENSG00000128534,-2.106,1.2268389245148218e-38,5.776291095850804e-38,0.126,0.5426,0.065,0.348
MSMO1,ENSG00000052802,-0.8652,1.332968498533657e-38,6.271346256938792e-38,0.6784,1.2359,0.291,0.645
TMED5,ENSG00000117500,-1.8391,1.402580574303864e-38,6.593990531848918e-38,0.1632,0.5843,0.087,0.372
TANC1,ENSG00000115183,1.7174,1.412075969852743e-38,6.63373935726694e-38,0.9287,0.2823,0.406,0.178
MALSU1,ENSG00000156928,-2.7304,1.4993626192782803e-38,7.038613179601647e-38,0.0731,0.4854,0.04,0.318
MKLN1,ENSG00000128585,1.5155,1.5065612028952128e-38,7.067202110711538e-38,1.0074,0.3523,0.433,0.22
AQP1,ENSG00000240583,-1.1452,1.725379665121913e-38,8.087717180258967e-38,0.4125,0.9126,0.187,0.502
MRPL11,ENSG00000174547,-4.3475,1.8184503335508464e-38,8.51772290697035e-38,0.0216,0.4421,0.015,0.289
CCT4,ENSG00000115484,-1.6783,1.871402170345839e-38,8.759316325957947e-38,0.1899,0.608,0.096,0.386
BMP2,ENSG00000125845,-2.9821,2.0069575188916122e-38,9.386906957398406e-38,0.0652,0.5162,0.031,0.308
CACYBP,ENSG00000116161,-3.1778,2.0825634248043906e-38,9.733388440709671e-38,0.0512,0.4638,0.026,0.304
DDX3X,ENSG00000215301,-1.2384,2.0922366034273415e-38,9.771434686336486e-38,0.3242,0.7649,0.153,0.458
CACHD1,ENSG00000158966,2.0961,2.1234919440420364e-38,9.910147249830147e-38,0.8619,0.2015,0.37,0.122
SMS,ENSG00000102172,-3.9469,2.2258152492425695e-38,1.0380082087725954e-37,0.0287,0.4434,0.018,0.292
AK2,ENSG00000004455,-1.9005,2.3171704110537645e-38,1.0798217376072917e-37,0.1526,0.5701,0.081,0.364
TBC1D22A,ENSG00000054611,1.9141,2.336225527510009e-38,1.08790633585656e-37,0.8904,0.2362,0.386,0.149
SVIL,ENSG00000197321,1.4642,2.389084748645556e-38,1.111709143986527e-37,1.0097,0.3659,0.436,0.227
PAXX,ENSG00000310560,-4.2075,2.711608602596124e-38,1.260868332717016e-37,0.0236,0.4372,0.013,0.287
SNHG9,ENSG00000255198,-3.0954,3.818982550950934e-38,1.7744907990023473e-37,0.0567,0.4852,0.027,0.305
OTUB1,ENSG00000167770,-3.075,3.9289344075829464e-38,1.8242503167036624e-37,0.0574,0.4847,0.033,0.308
ATP6AP2,ENSG00000182220,-2.2236,4.4289880126506494e-38,2.054934394515858e-37,0.1123,0.5247,0.059,0.339
NUTF2,ENSG00000102898,-3.7054,6.64509684287318e-38,3.0809085362412015e-37,0.0345,0.4508,0.021,0.294
YAP1,ENSG00000137693,0.8709,7.425248055846818e-38,3.440113107269147e-37,1.2685,0.6936,0.533,0.414
OS9,ENSG00000135506,-1.8572,8.199804752363851e-38,3.796205903872153e-37,0.1575,0.5709,0.081,0.364
STRAP,ENSG00000023734,-1.8537,1.2915616516437095e-37,5.975112865913387e-37,0.1543,0.5578,0.076,0.36
PKM,ENSG00000067225,-1.0175,1.3407092310524093e-37,6.197985023900732e-37,0.4491,0.9093,0.209,0.529
FTO,ENSG00000140718,2.2194,1.3739722450494647e-37,6.347154392891549e-37,0.8085,0.1735,0.356,0.105
SHROOM3,ENSG00000138771,1.1661,1.3771573077562375e-37,6.357261286709641e-37,1.1637,0.5185,0.481,0.308
SCD,ENSG00000099194,-0.8458,1.383682950564682e-37,6.382763248805967e-37,0.7492,1.3465,0.32,0.682
PPP1CC,ENSG00000186298,-2.5512,1.4264424491205642e-37,6.575249901043815e-37,0.0836,0.4903,0.046,0.322
CMPK1,ENSG00000162368,-1.4554,1.4755581849737792e-37,6.796736581797574e-37,0.2374,0.6511,0.118,0.411
TPM4,ENSG00000167460,-1.485,1.4880616533142278e-37,6.849381256229749e-37,0.2337,0.6543,0.114,0.406
HMGA1,ENSG00000137309,-3.3261,1.51134383664851e-37,6.9515273871819995e-37,0.0458,0.4597,0.024,0.297
SDHB,ENSG00000117118,-2.5923,1.6808843277726822e-37,7.72576610638129e-37,0.0799,0.4823,0.042,0.319
EMC10,ENSG00000161671,-1.4225,1.8759893895903745e-37,8.616305733889509e-37,0.2447,0.6561,0.119,0.411
RTN4,ENSG00000115310,-0.8131,2.4925595689943105e-37,1.1439933227025723e-36,0.7237,1.2716,0.326,0.68
EIF2A,ENSG00000144895,-1.7715,2.5380150138115377e-37,1.1640176771977376e-36,0.1706,0.5826,0.087,0.373
NAP1L1,ENSG00000187109,-0.9545,2.563143999745658e-37,1.1746975555987469e-36,0.5204,1.0086,0.237,0.558
CWC15,ENSG00000150316,-3.2425,2.6189240670005455e-37,1.1993994918914136e-36,0.0475,0.4504,0.027,0.299
SSR1,ENSG00000124783,-1.7348,2.812456320897401e-37,1.287107612758143e-36,0.1758,0.5855,0.086,0.371
MRPS23,ENSG00000181610,-2.9032,3.3428872656857625e-37,1.528759420283123e-36,0.0626,0.4689,0.036,0.308
RRAGA,ENSG00000155876,-3.5326,3.753790883236531e-37,1.715442070296264e-36,0.0379,0.4401,0.022,0.293
RAB34,ENSG00000109113,-2.8695,4.094029068560494e-37,1.8695870567387643e-36,0.0641,0.4689,0.035,0.307
PUF60,ENSG00000179950,-3.4762,4.340481284489805e-37,1.9807135424926634e-36,0.0398,0.4437,0.024,0.294
MPG,ENSG00000103152,-2.7599,4.533861076353905e-37,2.0674795680798386e-36,0.07,0.4746,0.039,0.312
NCOA1,ENSG00000084676,1.6915,4.558464189159094e-37,2.0772129525296088e-36,0.9141,0.2829,0.403,0.18
LRP10,ENSG00000197324,-1.9857,4.836856699182044e-37,2.2024972469489666e-36,0.1366,0.5414,0.069,0.348
CEBPA,ENSG00000245848,-2.3449,5.398904580614151e-37,2.456674996532135e-36,0.1023,0.5199,0.051,0.327
SEC13,ENSG00000157020,-1.7936,6.023516101977367e-37,2.7389383131316485e-36,0.1672,0.5799,0.085,0.365
SETD5,ENSG00000168137,1.3919,6.1427490017115806e-37,2.7911635699152763e-36,1.0156,0.3869,0.442,0.247
PPP1R9A,ENSG00000158528,1.2892,7.988770209893449e-37,3.627379635902474e-36,1.0653,0.4358,0.456,0.266
LYN,ENSG00000254087,1.4222,8.931530409946108e-37,4.052562730491561e-36,1.033,0.3854,0.436,0.243
ENSG00000233635,ENSG00000233635,3.1848,9.150999792513705e-37,4.149190873205894e-36,0.6701,0.0736,0.3,0.029
ARMT1,ENSG00000146476,-2.6247,1.0640640744355908e-36,4.82118583832757e-36,0.0791,0.4885,0.044,0.315
COP1,ENSG00000143207,2.2051,1.1319868415510896e-36,5.125295536142185e-36,0.7972,0.1728,0.354,0.112
KIAA1217,ENSG00000120549,2.0882,1.155461861088588e-36,5.227870379304292e-36,0.8439,0.1984,0.365,0.126
PLCH1,ENSG00000114805,1.9718,1.212789569202312e-36,5.4833570947976865e-36,0.8359,0.213,0.368,0.123
SF1,ENSG00000168066,-1.2596,1.2903261018662564e-36,5.829786604817424e-36,0.2999,0.7182,0.145,0.442
RANGRF,ENSG00000108961,-5.1251,1.292415534508478e-36,5.835091382784382e-36,0.0119,0.4187,0.006,0.274
TAF9,ENSG00000273841,-4.0022,1.3087541995376243e-36,5.904676590270598e-36,0.0265,0.4263,0.014,0.283
SLCO3A1,ENSG00000176463,1.5729,1.325928864749175e-36,5.9779324701386073e-36,0.9676,0.3252,0.415,0.202
SIK3,ENSG00000160584,1.9171,1.3269386582993427e-36,5.978257206118947e-36,0.8615,0.228,0.376,0.133
ALDH1A1,ENSG00000165092,-3.3372,1.392385606034436e-36,6.268685196659272e-36,0.0455,0.4607,0.023,0.294
AKR7A2,ENSG00000053371,-4.7624,1.50532407849369e-36,6.772364855608521e-36,0.0152,0.4159,0.01,0.278
PTTG1IP,ENSG00000183255,-1.4371,1.5948233872736934e-36,7.169957047863044e-36,0.2487,0.6736,0.131,0.416
SDF4,ENSG00000078808,-2.8733,1.6492376271758195e-36,7.409365661202149e-36,0.0632,0.4634,0.036,0.305
SMIM20,ENSG00000250317,-3.4088,1.7515575194275507e-36,7.863506469261011e-36,0.0415,0.442,0.022,0.292
SAR1A,ENSG00000079332,-1.4445,2.2173396690454493e-36,9.947600556062448e-36,0.2362,0.6432,0.112,0.401
MRPL36,ENSG00000171421,-6.4167,2.2463425432556762e-36,1.0070628490333991e-35,0.0046,0.4003,0.001,0.268
C1D,ENSG00000197223,-2.6519,2.459495614647578e-36,1.1018471218115467e-35,0.0747,0.4702,0.039,0.31
NAA20,ENSG00000173418,-2.7425,2.4791584879963447e-36,1.1098760787202736e-35,0.0691,0.4629,0.035,0.305
DNAJC4,ENSG00000110011,-3.1368,2.955215281647836e-36,1.3220699944214001e-35,0.052,0.4577,0.027,0.296
ARHGAP44,ENSG00000006740,2.1248,3.161579832765067e-36,1.4133991187852248e-35,0.815,0.1868,0.358,0.119
SON,ENSG00000159140,-0.8013,3.423790591536387e-36,1.5295490554340903e-35,0.7004,1.2206,0.312,0.666
COG5,ENSG00000164597,2.4971,4.433913004811846e-36,1.979425448576717e-35,0.7491,0.1326,0.332,0.083
CHD9,ENSG00000177200,1.1129,4.5665079026736005e-36,2.037192993669993e-35,1.1212,0.5183,0.48,0.323
ARL6IP1,ENSG00000170540,-2.7042,4.884958795313511e-36,2.177735127281373e-35,0.073,0.476,0.042,0.31
ASH1L,ENSG00000116539,1.0702,4.910385637462591e-36,2.1875407714062908e-35,1.1606,0.5527,0.489,0.338
ANXA11,ENSG00000122359,-1.0742,5.030715033445011e-36,2.2395815878639625e-35,0.3837,0.8081,0.182,0.487
POLR2G,ENSG00000168002,-4.1675,5.1556767217952695e-36,2.2936105444134573e-35,0.0233,0.4195,0.013,0.279
MLLT10,ENSG00000078403,1.5789,5.515192304188509e-36,2.4518375829289917e-35,0.9433,0.3157,0.411,0.202
ACAA2,ENSG00000167315,-2.892,6.067703686741337e-36,2.6955826482910123e-35,0.0621,0.4618,0.033,0.302
ZNF706,ENSG00000120963,-2.1397,6.417393412808392e-36,2.848947284585898e-35,0.1166,0.5143,0.062,0.333
TFPI,ENSG00000003436,-0.7912,6.549963229958917e-36,2.905777007027703e-35,0.8529,1.476,0.361,0.72
MYO1D,ENSG00000176658,1.8542,7.572997176541103e-36,3.357291863730844e-35,0.8684,0.2401,0.379,0.148
MTDH,ENSG00000147649,-0.8749,7.60371321175921e-36,3.368566485404097e-35,0.5906,1.0833,0.273,0.607
PSMD4,ENSG00000159352,-2.4045,8.864436317148117e-36,3.9243598279041144e-35,0.0918,0.4866,0.049,0.318
ACAA1,ENSG00000060971,-2.3761,9.184318324473602e-36,4.0631526244635126e-35,0.094,0.4883,0.049,0.318
PRR15L,ENSG00000167183,-2.816,9.799312682031538e-36,4.332220412479269e-35,0.0667,0.4704,0.035,0.302
JAGN1,ENSG00000171135,-4.436,9.868628062858137e-36,4.359840880160819e-35,0.0189,0.4112,0.01,0.275
KDM4C,ENSG00000107077,2.4917,9.903002898752428e-36,4.3719974708827376e-35,0.7391,0.1313,0.33,0.079
ABRACL,ENSG00000146386,-3.9001,1.238152113766441e-35,5.462435796028416e-35,0.0285,0.4272,0.015,0.28
CCDC59,ENSG00000133773,-3.8046,1.3023200671591283e-35,5.741556312682879e-35,0.0303,0.4244,0.017,0.282
CDC42EP1,ENSG00000128283,-2.2563,1.3162607535515262e-35,5.79900642977953e-35,0.1081,0.517,0.059,0.327
KXD1,ENSG00000105700,-3.0151,1.3267357025927957e-35,5.841118856373669e-35,0.0554,0.4484,0.03,0.296
USP16,ENSG00000156256,-1.4491,1.550088724744937e-35,6.819748530192529e-35,0.2315,0.6323,0.116,0.398
DGUOK,ENSG00000114956,-2.3945,1.5644627388417836e-35,6.878241351804393e-35,0.0936,0.4925,0.053,0.32
TMEM126B,ENSG00000171204,-2.482,1.7041606574985595e-35,7.487266844626683e-35,0.0847,0.4738,0.04,0.31
MAP3K5,ENSG00000197442,2.0845,1.742733169668975e-35,7.6514627800549e-35,0.8182,0.1928,0.358,0.121
TMEM18,ENSG00000151353,-4.4712,2.523160950283112e-35,1.1070303549934506e-34,0.0188,0.4191,0.013,0.275
RNPS1,ENSG00000205937,-1.5619,2.6227696707696366e-35,1.149941998016261e-34,0.2002,0.5912,0.096,0.376
ATP8A1,ENSG00000124406,1.0773,2.725139330801649e-35,1.1940043459697946e-34,1.1729,0.5558,0.483,0.333
ENSG00000227307,ENSG00000227307,2.7896,2.8460531943360885e-35,1.2461256259541597e-34,0.7122,0.1029,0.309,0.05
VTI1B,ENSG00000100568,-2.3555,2.9646778080525e-35,1.2971737149165881e-34,0.0955,0.4892,0.051,0.319
PTPN13,ENSG00000163629,0.6397,3.202343091666426e-35,1.4002014546895382e-34,1.425,0.9146,0.567,0.509
AP1M2,ENSG00000129354,-2.718,3.256866083977514e-35,1.4230652011896266e-34,0.0702,0.4623,0.037,0.303
SERTAD1,ENSG00000197019,-4.807,3.276976046746321e-35,1.4308713902745064e-34,0.0153,0.4305,0.01,0.272
LAGE3,ENSG00000196976,-5.2384,3.2837067466861446e-35,1.432828919241901e-34,0.0107,0.4062,0.008,0.27
CISD2,ENSG00000145354,-2.8489,3.3012093439975736e-35,1.439480818603593e-34,0.0635,0.458,0.032,0.298
MKKS,ENSG00000125863,-4.8461,4.2718049391116556e-35,1.8614324324563776e-34,0.014,0.4066,0.009,0.271
HDGF,ENSG00000143321,-1.9662,4.485352089428303e-35,1.953150243859661e-34,0.1365,0.5338,0.073,0.343
VPS13C,ENSG00000129003,1.3321,5.196801621760799e-35,2.2614068490597336e-34,1.0164,0.4036,0.436,0.255
ITGB1,ENSG00000150093,-1.0063,5.721655574562994e-35,2.488100565336909e-34,0.4249,0.8536,0.2,0.507
OPHN1,ENSG00000079482,2.2191,5.86675375294655e-35,2.5494584304726825e-34,0.7699,0.1653,0.341,0.096
TP53I3,ENSG00000115129,-2.6957,6.378318894440474e-35,2.769876222892236e-34,0.0719,0.4663,0.037,0.302
RAB14,ENSG00000119396,-1.2292,6.949964810129883e-35,3.0160670976567735e-34,0.3003,0.7043,0.149,0.437
ITFG1,ENSG00000129636,1.5704,7.568269693923618e-35,3.2821577754260587e-34,0.9522,0.3206,0.409,0.209
DNAJB9,ENSG00000128590,-3.1679,7.922372420882126e-35,3.433387096065503e-34,0.0492,0.4426,0.027,0.29
SMIM29,ENSG00000186577,-4.2797,8.847202719283219e-35,3.8315840581134867e-34,0.0212,0.4141,0.013,0.274
STK39,ENSG00000198648,2.7844,8.90065463803217e-35,3.852116314830623e-34,0.7101,0.103,0.315,0.068
COMMD4,ENSG00000140365,-5.0913,9.223897236238332e-35,3.989304266012168e-34,0.0118,0.4043,0.009,0.269
PGD,ENSG00000142657,-2.4967,1.0726706772735124e-34,4.636119028893994e-34,0.0846,0.4782,0.042,0.308
SLC25A1,ENSG00000100075,-3.3025,1.081242715464213e-34,4.67000156577531e-34,0.0448,0.443,0.024,0.286
MLEC,ENSG00000110917,-1.3658,1.2109964898322166e-34,5.226880584076087e-34,0.2522,0.65,0.123,0.407
PNPLA2,ENSG00000177666,-2.3213,1.2173406989386377e-34,5.250708359765774e-34,0.0997,0.4986,0.046,0.313
CAMLG,ENSG00000164615,-2.7107,1.2912527213410763e-34,5.5657444885391216e-34,0.0705,0.4618,0.041,0.304
CRTAP,ENSG00000170275,-2.2624,1.3279905402443254e-34,5.720229523011875e-34,0.1042,0.5005,0.056,0.322
ARPC1A,ENSG00000241685,-1.8088,1.4821248979319707e-34,6.379842150112298e-34,0.162,0.5679,0.086,0.355
COL8A1,ENSG00000144810,1.4571,1.4967060250487546e-34,6.438259723134825e-34,0.9862,0.3591,0.416,0.213
SNX17,ENSG00000115234,-3.5022,1.552809135848655e-34,6.675089845606996e-34,0.0372,0.4223,0.021,0.282
IER3,ENSG00000137331,-2.7949,1.5557510839134577e-34,6.683229892148445e-34,0.0749,0.5202,0.035,0.298
C4BPA,ENSG00000123838,-0.8359,1.729409089000632e-34,7.424230937628976e-34,0.6905,1.2327,0.306,0.636
BDH2,ENSG00000164039,-2.2491,1.8316286786702494e-34,7.857760986892893e-34,0.104,0.4948,0.055,0.32
SCOC,ENSG00000153130,-2.2568,1.927990870295217e-34,8.26559636727102e-34,0.1013,0.4847,0.053,0.318
SPINT1,ENSG00000166145,-1.7702,1.9541188120536173e-34,8.371980797608744e-34,0.1636,0.5584,0.085,0.357
FCHSD2,ENSG00000137478,2.1519,2.2878249711193286e-34,9.795086763522982e-34,0.7866,0.1769,0.347,0.11
TMEM167A,ENSG00000174695,-2.0697,2.4018082467010784e-34,1.0276193001825083e-33,0.1218,0.5117,0.065,0.33
GPRC5C,ENSG00000170412,-1.9199,2.4886900096188625e-34,1.0640777204104795e-33,0.1392,0.5269,0.071,0.337
CSRNP1,ENSG00000144655,-3.944,2.5104317150385183e-34,1.0726543018344877e-33,0.0277,0.4277,0.013,0.273
RAD21,ENSG00000164754,-1.1454,2.6025327636216714e-34,1.1112623153441497e-33,0.3511,0.7767,0.178,0.466
LINC01473,ENSG00000237877,3.4654,2.7250547260313757e-34,1.1627994563888901e-33,0.638,0.0577,0.286,0.029
POLR2H,ENSG00000163882,-2.1972,2.9768567956716147e-34,1.2693954563482638e-33,0.1085,0.498,0.058,0.323
DIP2B,ENSG00000066084,2.2705,3.1934231874802153e-34,1.3608337446648644e-33,0.7348,0.1522,0.336,0.096
AMD1,ENSG00000123505,-1.1159,3.7635475740657385e-34,1.6027131452684757e-33,0.3579,0.7757,0.172,0.462
TPM1,ENSG00000140416,-1.2908,3.809077341591251e-34,1.6210192291484796e-33,0.2794,0.6838,0.131,0.414
RFX7,ENSG00000181827,2.7332,3.91595474127645e-34,1.6653910257263087e-33,0.6804,0.1022,0.312,0.065
ASL,ENSG00000126522,-1.7384,4.163480177040024e-34,1.7694790752420103e-33,0.1671,0.5579,0.078,0.349
RNF167,ENSG00000108523,-3.0886,4.215747430061414e-34,1.79049899178158e-33,0.0512,0.4359,0.027,0.288
C18orf32,ENSG00000177576,-2.9131,4.297540190604382e-34,1.8240225509389437e-33,0.0633,0.4777,0.033,0.294
SURF4,ENSG00000148248,-1.3772,4.471006114005719e-34,1.896384828794841e-33,0.244,0.634,0.122,0.401
INSIG1,ENSG00000186480,-1.0014,4.646950655277277e-34,1.9697014911830212e-33,0.4386,0.8782,0.186,0.499
ID2,ENSG00000115738,-4.9959,5.286871348525229e-34,2.2394554715513843e-33,0.0136,0.4369,0.006,0.265
SIPA1L1,ENSG00000197555,1.6221,5.5906013242723655e-34,2.3649690406261665e-33,0.9193,0.2986,0.395,0.185
IGBP1,ENSG00000089289,-2.0666,5.5895776984287744e-34,2.3649690406261665e-33,0.1191,0.4994,0.058,0.324
CYBRD1,ENSG00000071967,-1.3024,5.693909916600856e-34,2.4070739866266884e-33,0.2825,0.6968,0.135,0.419
SLC22A31,ENSG00000259803,-0.8715,6.025268097306068e-34,2.54546614448815e-33,0.5593,1.0233,0.259,0.571
REV3L,ENSG00000009413,1.4382,6.113574459145444e-34,2.581062064705444e-33,0.977,0.3605,0.42,0.225
CNDP2,ENSG00000133313,-1.5043,6.6315303120954944e-34,2.797882577075366e-33,0.2081,0.5905,0.101,0.377
TMEM238,ENSG00000233493,-3.0042,6.662532315267103e-34,2.8091034067346416e-33,0.063,0.5064,0.039,0.294
ATXN2,ENSG00000204842,1.4324,7.110032768664083e-34,2.9958003238753156e-33,0.9555,0.354,0.42,0.224
VCP,ENSG00000165280,-1.5844,8.228483520736856e-34,3.464767664775262e-33,0.193,0.5789,0.096,0.367
EGLN2,ENSG00000269858,-2.2009,8.448907118893853e-34,3.555233193593948e-33,0.1066,0.4904,0.059,0.322
CYP4B1,ENSG00000142973,-1.2624,8.931925689085182e-34,3.756004371234699e-33,0.3178,0.7626,0.151,0.429
ASCC3,ENSG00000112249,1.7877,9.505027821889664e-34,3.994367327920014e-33,0.8477,0.2455,0.375,0.158
TM9SF2,ENSG00000125304,-1.2204,1.0379532069384932e-33,4.3589932109571106e-33,0.2985,0.6957,0.142,0.425
TUSC2,ENSG00000114383,-3.6635,1.0688762614622901e-33,4.485902677302238e-33,0.0328,0.4162,0.021,0.277
IK,ENSG00000113141,-2.7618,1.1051372952213543e-33,4.635033063839562e-33,0.0668,0.4537,0.035,0.294
LAPTM4B,ENSG00000104341,-1.7615,1.1819033234699618e-33,4.9537368094155204e-33,0.161,0.5461,0.082,0.351
PSMA5,ENSG00000143106,-1.8845,1.199693299643319e-33,5.0249965737359786e-33,0.1414,0.5222,0.071,0.338
BCAT2,ENSG00000105552,-1.8486,1.2830968748390921e-33,5.370809308666587e-33,0.1496,0.5391,0.073,0.339
RABGAP1L,ENSG00000152061,1.001,1.3428510956646853e-33,5.617241295841449e-33,1.183,0.591,0.489,0.353
RBMX,ENSG00000147274,-1.1311,1.618063035098306e-33,6.764033999181443e-33,0.3426,0.7504,0.167,0.452
TEX264,ENSG00000164081,-4.1173,1.648273858189738e-33,6.885809859737602e-33,0.0231,0.4021,0.012,0.268
ZDHHC12,ENSG00000160446,-4.1175,1.6574383451350868e-33,6.919560871143535e-33,0.0232,0.404,0.014,0.27
LGI3,ENSG00000168481,-4.1558,1.7041803668621298e-33,7.110045705985652e-33,0.0235,0.4202,0.013,0.27
PSMC1,ENSG00000100764,-2.5505,1.7847674594911218e-33,7.441394737904448e-33,0.0792,0.4644,0.044,0.303
ANP32E,ENSG00000143401,-2.3354,2.2307457048171307e-33,9.294773770071378e-33,0.0946,0.4779,0.049,0.309
SMIM7,ENSG00000214046,-1.6398,2.382026580311895e-33,9.918627987908772e-33,0.182,0.5675,0.092,0.363
POLR3H,ENSG00000100413,-2.4155,2.4588245156902385e-33,1.0231727341726677e-32,0.0896,0.4782,0.047,0.307
PXMP4,ENSG00000101417,-1.9607,2.4954248802252536e-33,1.0377256106611867e-32,0.1369,0.5333,0.073,0.334
RHBDD2,ENSG00000005486,-3.3211,2.5496087773192368e-33,1.0595668810567233e-32,0.0425,0.4254,0.024,0.281
ADCY9,ENSG00000162104,2.0122,2.6576511892074446e-33,1.1037476437262189e-32,0.83,0.2057,0.356,0.133
AIP,ENSG00000110711,-4.5967,2.7050207474050525e-33,1.1226892750460423e-32,0.0162,0.3946,0.01,0.265
EIF4E2,ENSG00000135930,-1.8082,2.9600996481447136e-33,1.22775766147837e-32,0.1527,0.5349,0.078,0.343
HCFC1R1,ENSG00000103145,-4.5431,3.1150105634075694e-33,1.291169853167962e-32,0.0176,0.4116,0.01,0.265
SNF8,ENSG00000159210,-2.6566,3.220350363637161e-33,1.333965793904282e-32,0.0693,0.4376,0.033,0.294
GPAA1,ENSG00000197858,-3.1366,3.491926089880725e-33,1.445521352142183e-32,0.0485,0.4276,0.028,0.284
KANK1,ENSG00000107104,1.3164,3.503630089382409e-33,1.4494251667626774e-32,1.0161,0.4079,0.434,0.25
ZMYM2,ENSG00000121741,1.5373,4.222887920429907e-33,1.7458437414228703e-32,0.8968,0.3089,0.399,0.197
ELOVL1,ENSG00000066322,-2.9022,4.2961710160452365e-33,1.7749896453200507e-32,0.0593,0.4438,0.031,0.287
FBXL15,ENSG00000107872,-5.4135,4.7577899418550774e-33,1.9644372331169764e-32,0.009,0.3878,0.006,0.26
SRPRA,ENSG00000182934,-2.2408,4.897620559640553e-33,2.020862852278869e-32,0.1035,0.4895,0.056,0.314
PPP1R12B,ENSG00000077157,2.3009,4.944685674192121e-33,2.0389632065313563e-32,0.7552,0.1532,0.331,0.099
AHCY,ENSG00000101444,-2.6693,5.4101823258473435e-33,2.229470738673356e-32,0.0708,0.4506,0.039,0.295
CCNB1IP1,ENSG00000100814,-2.574,5.583371518698548e-33,2.2993535808593826e-32,0.0757,0.4512,0.037,0.296
CDC26,ENSG00000176386,-3.9008,5.891501852818485e-33,2.4246820085034114e-32,0.027,0.4046,0.017,0.271
TRA2B,ENSG00000136527,-1.0246,6.25611836486744e-33,2.5730809403890276e-32,0.3831,0.7795,0.18,0.469
SUPT4H1,ENSG00000213246,-4.9777,6.3844859195926e-33,2.624184251283225e-32,0.0122,0.3877,0.008,0.261
CLASP1,ENSG00000074054,2.6884,6.832386778325401e-33,2.806473306174254e-32,0.6856,0.1063,0.309,0.071
ISG20,ENSG00000172183,-3.72,6.83792465385624e-33,2.806939450633196e-32,0.0314,0.4155,0.017,0.271
LINC02888,ENSG00000236318,3.6215,7.324648937857826e-33,3.0048028943914826e-32,0.6,0.0487,0.275,0.02
TNRC6B,ENSG00000100354,1.2036,7.446920600397969e-33,3.0529979953400033e-32,1.0366,0.45,0.447,0.281
RBM6,ENSG00000004534,1.3368,7.88360497324492e-33,3.2299474103108203e-32,0.9887,0.3914,0.429,0.243
SLC1A5,ENSG00000105281,-2.378,8.446091112902003e-33,3.458177960484924e-32,0.0924,0.4805,0.05,0.307
LEPROT,ENSG00000213625,-2.1739,8.553819809927752e-33,3.500038593600091e-32,0.1067,0.4818,0.058,0.316
PHF21A,ENSG00000135365,2.3248,9.78608803806284e-33,4.0016876999775886e-32,0.7296,0.1455,0.327,0.094
VSIG2,ENSG00000019102,-3.7496,1.0969277200543964e-32,4.4826373175299847e-32,0.0318,0.4286,0.018,0.271
UQCRC2,ENSG00000140740,-1.6005,1.1066654775990626e-32,4.5195339011492785e-32,0.184,0.5582,0.094,0.359
RBFOX2,ENSG00000100320,1.6699,1.2417376984309057e-32,5.067911541291309e-32,0.858,0.2696,0.383,0.174
TMED3,ENSG00000166557,-1.6058,1.296913153505505e-32,5.28971295815585e-32,0.1822,0.5547,0.09,0.355
ARL1,ENSG00000120805,-2.4446,1.4376647676837128e-32,5.860046607406438e-32,0.0849,0.4624,0.047,0.303
CD55,ENSG00000196352,-0.7427,1.6947601329969618e-32,6.903575621632992e-32,0.741,1.24,0.32,0.659
GGCT,ENSG00000006625,-2.3291,1.8323031524675406e-32,7.459088503819011e-32,0.0953,0.4791,0.054,0.309
CCDC107,ENSG00000159884,-3.3157,1.922238093199857e-32,7.820209217708416e-32,0.041,0.4094,0.021,0.274
PSD3,ENSG00000156011,2.9167,2.040752470122695e-32,8.297064411372564e-32,0.6792,0.0899,0.297,0.054
XPR1,ENSG00000143324,2.2447,2.059986507909491e-32,8.369926059861699e-32,0.7474,0.1576,0.331,0.101
PPP1R7,ENSG00000115685,-2.0666,2.106509447043462e-32,8.553501735606414e-32,0.1162,0.487,0.06,0.318
TMEM41A,ENSG00000163900,-2.1807,2.51321456702997e-32,1.0198435941958026e-31,0.1082,0.4908,0.059,0.315
CXCL16,ENSG00000161921,-2.8386,2.544459641306473e-32,1.031865789651957e-31,0.0608,0.4355,0.032,0.286
SLC22A23,ENSG00000137266,2.0442,2.548207598646456e-32,1.0327287629606585e-31,0.7731,0.1874,0.341,0.108
NDUFA7,ENSG00000267855,-4.0791,2.549913027386875e-32,1.0327633767211772e-31,0.0244,0.4134,0.015,0.266
SAMD4A,ENSG00000020577,3.358,2.644770260698076e-32,1.0705022483777926e-31,0.6544,0.0637,0.282,0.037
CTSZ,ENSG00000101160,-2.6102,2.682538476091268e-32,1.0851004305254973e-31,0.0728,0.445,0.039,0.292
B3GNT8,ENSG00000177191,-3.3268,2.6934445827348575e-32,1.0888211296724613e-31,0.0421,0.423,0.022,0.274
PSMA2,ENSG00000106588,-2.7351,3.118055704632505e-32,1.2596707932213067e-31,0.0669,0.4459,0.039,0.291
MYL9,ENSG00000101335,-4.7087,3.7275361731730085e-32,1.5049425651664298e-31,0.0159,0.4187,0.009,0.26
GRHPR,ENSG00000137106,-3.067,3.742822312660368e-32,1.5101577369120157e-31,0.0495,0.4155,0.028,0.28
CNOT7,ENSG00000198791,-2.2904,5.119259965380554e-32,2.06421772797603e-31,0.0937,0.4589,0.046,0.303
NME4,ENSG00000103202,-3.4831,5.757691458223378e-32,2.320182240592543e-31,0.0371,0.4154,0.018,0.269
EFEMP1,ENSG00000115380,-1.4705,6.028352153501844e-32,2.4277160441297695e-31,0.2124,0.5887,0.103,0.367
MAGI2,ENSG00000187391,2.4295,6.148454703467764e-32,2.47452012213428e-31,0.732,0.1358,0.315,0.077
AGER,ENSG00000204305,-3.391,6.222480877156729e-32,2.502732844913195e-31,0.0446,0.469,0.023,0.274
UQCC3,ENSG00000204922,-3.7832,6.447910410079386e-32,2.5917672676075718e-31,0.0291,0.4016,0.015,0.265
CISD1,ENSG00000122873,-2.2143,8.072498324836236e-32,3.242733259031569e-31,0.1004,0.4663,0.046,0.303
METTL5,ENSG00000138382,-2.6093,8.49676798549919e-32,3.411013596193787e-31,0.0694,0.4241,0.031,0.285
SGK1,ENSG00000118515,-4.0702,9.224227519547322e-32,3.7007206064892495e-31,0.0253,0.4258,0.01,0.26
ZNF580,ENSG00000213015,-3.4374,9.673445885716123e-32,3.878504246631464e-31,0.0383,0.416,0.023,0.272
EIF4A1,ENSG00000161960,-1.2905,1.0299685090527145e-31,4.126995125839758e-31,0.2715,0.6643,0.131,0.403
CXADR,ENSG00000154639,-1.2929,1.040851546105606e-31,4.167982792979421e-31,0.2566,0.6289,0.125,0.394
DLGAP1,ENSG00000170579,2.5709,1.1584594710844653e-31,4.636019540592258e-31,0.7349,0.1236,0.303,0.059
ERBIN,ENSG00000112851,1.5316,1.2461517406631347e-31,4.98382518615275e-31,0.9032,0.3123,0.395,0.203
SLC25A11,ENSG00000108528,-3.5208,1.271522301579979e-31,5.082103242992079e-31,0.0345,0.3966,0.018,0.268
TNRC6A,ENSG00000090905,1.6129,1.453716148909922e-31,5.806666948183428e-31,0.8753,0.2861,0.385,0.187
OTUD6B-AS1,ENSG00000253738,-3.567,1.60458188880476e-31,6.405265836650184e-31,0.0341,0.4056,0.021,0.269
ATG7,ENSG00000197548,2.7658,1.7755052792737143e-31,7.083132763060031e-31,0.6463,0.0949,0.297,0.057
TNNC1,ENSG00000114854,-4.5107,1.8366732519805146e-31,7.322571595607117e-31,0.018,0.4127,0.009,0.257
PRICKLE2,ENSG00000163637,2.8984,2.0086765407599127e-31,8.003320592090277e-31,0.638,0.0855,0.289,0.045
BAZ2B,ENSG00000123636,1.2816,2.089535071387733e-31,8.320291118111679e-31,0.9974,0.4102,0.429,0.256
MRPL4,ENSG00000105364,-2.5798,2.693103008592603e-31,1.0716936129699028e-30,0.0726,0.4347,0.037,0.288
RAB2A,ENSG00000104388,-0.7639,2.7990691428227907e-31,1.1131669236116838e-30,0.6579,1.1173,0.299,0.629
GDE1,ENSG00000006007,-1.6229,2.9440676721216004e-31,1.170101708838853e-30,0.1755,0.5407,0.089,0.349
MCTS1,ENSG00000232119,-2.8059,3.013786395235584e-31,1.1970646896963769e-30,0.0612,0.4283,0.031,0.281
CTNND1,ENSG00000198561,1.0814,3.5128066543980055e-31,1.3944048830502669e-30,1.0597,0.5007,0.461,0.31
SPRING1,ENSG00000111412,-1.7849,3.6056575154633284e-31,1.4303712919152904e-30,0.1524,0.5254,0.081,0.336
EGFR,ENSG00000146648,1.1461,3.6130824521440976e-31,1.4324254124638447e-30,1.0683,0.4826,0.449,0.302
GLTP,ENSG00000139433,-2.3086,3.7811534472148772e-31,1.4981263658169574e-30,0.0916,0.454,0.05,0.301
HDLBP,ENSG00000115677,-0.8956,4.216195931767826e-31,1.6694564636658314e-30,0.4721,0.8783,0.226,0.519
BCAP29,ENSG00000075790,-1.436,4.863805131763779e-31,1.9246901126625756e-30,0.2177,0.5892,0.109,0.372
ANXA7,ENSG00000138279,-1.5382,5.114280908154352e-31,2.022552158156575e-30,0.1916,0.5566,0.099,0.36
LRRC59,ENSG00000108829,-2.3367,5.172661620861618e-31,2.0443718433349542e-30,0.0896,0.4531,0.046,0.296
PON2,ENSG00000105854,-0.8658,5.2342164831343895e-31,2.067418220568881e-30,0.5289,0.9639,0.249,0.554
COQ4,ENSG00000167113,-2.2825,5.552826934399547e-31,2.1919053688419265e-30,0.094,0.4575,0.046,0.298
C7orf50,ENSG00000146540,-1.5513,6.481689093408079e-31,2.5569782159948334e-30,0.186,0.5454,0.091,0.351
C1orf210,ENSG00000253313,-4.2128,6.59423033214863e-31,2.5997661328044228e-30,0.0208,0.3876,0.013,0.258
HSPA1B,ENSG00000204388,-1.7517,6.730376479462639e-31,2.6518016104186847e-30,0.1758,0.5922,0.083,0.339
FLRT3,ENSG00000125848,-1.5098,6.764478332018163e-31,2.663591684164039e-30,0.2173,0.6189,0.107,0.367
PPP3CA,ENSG00000138814,1.0724,7.411713769991295e-31,2.9166466224502786e-30,1.0747,0.511,0.462,0.311
PPP6R3,ENSG00000110075,1.5581,7.5274842154920205e-31,2.9603770434152764e-30,0.8744,0.2969,0.386,0.189
ZNF511,ENSG00000198546,-4.9091,7.650375937333518e-31,3.006852441461232e-30,0.0125,0.3772,0.006,0.252
PEF1,ENSG00000162517,-2.4996,8.012627236545301e-31,3.14728888681308e-30,0.0768,0.4348,0.044,0.291
CSRP1,ENSG00000159176,-2.6733,8.061588445348467e-31,3.164570587382788e-30,0.0662,0.4229,0.033,0.282
SNED1,ENSG00000162804,2.4647,9.360462326051601e-31,3.6721813740663974e-30,0.6933,0.1255,0.306,0.07
CDC42BPA,ENSG00000143776,1.6687,1.0018299723477244e-30,3.927838913724934e-30,0.8331,0.262,0.372,0.169
KDM6A,ENSG00000147050,2.1413,1.121136582460076e-30,4.392898410069443e-30,0.7312,0.1657,0.327,0.101
SLC34A2,ENSG00000157765,-0.5621,1.479352246696026e-30,5.792918042191134e-30,1.5571,2.2989,0.606,0.942
MKNK2,ENSG00000099875,-1.1846,1.6721988209547914e-30,6.544056159353465e-30,0.2941,0.6685,0.144,0.412
PCYT2,ENSG00000185813,-3.3216,2.026898253979102e-30,7.927286116022562e-30,0.0399,0.4,0.023,0.267
CEP112,ENSG00000154240,1.8186,2.1983060604598863e-30,8.592397998425366e-30,0.8043,0.228,0.354,0.139
MTIF3,ENSG00000122033,-2.5246,2.2056290610842248e-30,8.615738519860253e-30,0.0768,0.4425,0.041,0.287
POLD2,ENSG00000106628,-3.0896,2.207821143488313e-30,8.619020079447639e-30,0.0478,0.4075,0.028,0.272
SRP72,ENSG00000174780,-1.8617,2.4759533838341546e-30,9.659854848190168e-30,0.135,0.4907,0.071,0.322
SIPA1L3,ENSG00000105738,2.0771,2.5998804781272718e-30,1.0137148653248536e-29,0.7484,0.1773,0.331,0.11
ETV6,ENSG00000139083,2.004,2.6485520173938652e-30,1.0320610703475484e-29,0.7401,0.1844,0.336,0.115
ACOT13,ENSG00000112304,-2.3612,3.2265297883386154e-30,1.2565135858679702e-29,0.0874,0.4493,0.047,0.294
IMPA2,ENSG00000141401,-1.5925,3.279764980996376e-30,1.276465308537967e-29,0.177,0.534,0.087,0.343
EEF1G,ENSG00000254772,-1.5848,3.455598915308555e-30,1.3440782846303868e-29,0.2294,0.6883,0.113,0.358
ZNF407,ENSG00000215421,2.7188,3.463193275269809e-30,1.3462108006003067e-29,0.6439,0.0977,0.291,0.057
MTHFS,ENSG00000136371,-1.5389,3.7337442949282586e-30,1.450494812929168e-29,0.1987,0.5775,0.099,0.353
MPV17,ENSG00000115204,-2.3249,4.2522191007512205e-30,1.6509072330870298e-29,0.0891,0.4469,0.045,0.293
SERINC1,ENSG00000111897,-1.4131,4.359724800042503e-30,1.691615678653132e-29,0.2165,0.5766,0.11,0.368
WDR1,ENSG00000071127,-2.057,4.560311647408474e-30,1.768369023858213e-29,0.1104,0.4597,0.054,0.304
NUDCD2,ENSG00000170584,-3.65,4.78503054456355e-30,1.8543811380907373e-29,0.0306,0.3857,0.018,0.26
MARK3,ENSG00000075413,0.9977,5.13250983141095e-30,1.9878341540245935e-29,1.0844,0.543,0.47,0.336
ANKUB1,ENSG00000206199,3.5601,5.530579621822941e-30,2.140707048519809e-29,0.5816,0.0492,0.263,0.022
RREB1,ENSG00000124782,1.7409,6.022188780942458e-30,2.329578487773554e-29,0.8042,0.2405,0.361,0.157
ZDHHC3,ENSG00000163812,-1.2205,6.566694504702844e-30,2.538670555941821e-29,0.2819,0.6569,0.136,0.401
SDK1,ENSG00000146555,3.3233,6.899408164929818e-30,2.6656804273592476e-29,0.6403,0.0639,0.27,0.031
UBR5,ENSG00000104517,1.7167,7.079861592141971e-30,2.7337442549912217e-29,0.8126,0.2472,0.362,0.158
BLVRA,ENSG00000106605,-1.2886,7.3240088809558e-30,2.826304879908791e-29,0.2452,0.5991,0.116,0.38
NLGN1,ENSG00000169760,4.0939,7.904991127688615e-30,3.048658102783722e-29,0.5757,0.0336,0.257,0.018
HACD1,ENSG00000165996,-1.6854,8.106673924161763e-30,3.1245493510599296e-29,0.1617,0.5204,0.08,0.332
PAN3,ENSG00000152520,2.1495,8.544458490405725e-30,3.291294433615499e-29,0.7184,0.1618,0.322,0.099
MVP,ENSG00000013364,-0.8842,8.94432682446209e-30,3.443241757605424e-29,0.4911,0.9065,0.235,0.524
TBCB,ENSG00000105254,-3.7462,9.553867580580118e-30,3.6756732544476916e-29,0.0285,0.3839,0.015,0.257
MRPL22,ENSG00000082515,-2.9512,9.944800017370894e-30,3.823769608609134e-29,0.0534,0.4134,0.032,0.274
ARB2A,ENSG00000113391,2.0204,1.0268854096156773e-29,3.9459882376732625e-29,0.7426,0.183,0.331,0.113
TUBA1A,ENSG00000167552,-3.9691,1.4676666720153e-29,5.636370502468396e-29,0.0252,0.3964,0.014,0.254
PSMB8,ENSG00000204264,-2.6342,1.5258965487113284e-29,5.856466284187066e-29,0.068,0.4229,0.036,0.278
CDV3,ENSG00000091527,-1.6955,1.6109047766275276e-29,6.179012004212087e-29,0.1574,0.5101,0.08,0.33
ZFAND1,ENSG00000104231,-1.6721,1.6811941828881788e-29,6.444746191167854e-29,0.1615,0.515,0.082,0.333
TNKS,ENSG00000173273,2.2009,1.9363435478892937e-29,7.41838348425135e-29,0.7007,0.1523,0.317,0.095
CNPY2,ENSG00000257727,-1.6008,1.961013342505313e-29,7.508384419502325e-29,0.1779,0.5397,0.091,0.341
MVD,ENSG00000167508,-1.2819,2.1708543543625096e-29,8.306840641693278e-29,0.2477,0.6026,0.112,0.373
UBE2E2,ENSG00000182247,1.4177,2.259018809823426e-29,8.639019143745856e-29,0.9268,0.3468,0.397,0.213
SLC39A4,ENSG00000147804,-4.5953,2.263432668106599e-29,8.650709387997344e-29,0.0157,0.3818,0.009,0.248
TAF10,ENSG00000166337,-2.5615,2.3178577503302342e-29,8.853411119445921e-29,0.0734,0.4337,0.037,0.278
TTN,ENSG00000155657,0.5871,2.842728374489885e-29,1.085173256728923e-28,1.4811,0.9859,0.56,0.51
DYNC2I2,ENSG00000119333,-2.4363,3.4869527266309753e-29,1.3303006362820148e-28,0.0793,0.4294,0.039,0.281
PHYH,ENSG00000107537,-3.0813,3.878114598191675e-29,1.478647162887077e-28,0.0467,0.3957,0.024,0.264
GUCD1,ENSG00000138867,-2.0225,4.16687488007629e-29,1.587796016765472e-28,0.1141,0.4639,0.06,0.303
PAIP1,ENSG00000172239,-2.1696,4.2525606673625957e-29,1.619478748771598e-28,0.0972,0.4378,0.051,0.294
ARF6,ENSG00000165527,-2.5192,4.6920627025338024e-29,1.785785058427044e-28,0.0729,0.4184,0.04,0.279
MRPS5,ENSG00000144029,-1.5786,5.070525906943124e-29,1.9286755761791418e-28,0.1754,0.5242,0.087,0.337
ZFP36L1,ENSG00000185650,-0.7292,5.501470917010971e-29,2.091346278827963e-28,0.7876,1.3057,0.34,0.672
ALDH9A1,ENSG00000143149,-3.0416,5.880399892726893e-29,2.2340613418435007e-28,0.0477,0.3934,0.028,0.266
FUT8,ENSG00000033170,2.0487,6.30906875731657e-29,2.39549215770656e-28,0.7337,0.1773,0.325,0.11
ABCC3,ENSG00000108846,3.5166,7.012481585264434e-29,2.6609863158369502e-28,0.5953,0.0519,0.264,0.034
SLC39A1,ENSG00000143570,-2.9488,7.374203129228667e-29,2.7965820909478143e-28,0.0511,0.3955,0.03,0.268
ENSG00000214708,ENSG00000214708,-4.8998,7.544799148356059e-29,2.8595775606878647e-28,0.0123,0.37,0.006,0.243
NANS,ENSG00000095380,-2.199,7.773681351419665e-29,2.9445762694771456e-28,0.0971,0.4461,0.051,0.292
AIDA,ENSG00000186063,-1.76,7.852155822805878e-29,2.9725352357712277e-28,0.1431,0.4849,0.069,0.316
CHPF,ENSG00000123989,-3.1528,8.270011584476004e-29,3.128861949616292e-28,0.0447,0.3987,0.027,0.264
NSMCE2,ENSG00000156831,1.7662,8.376645529572404e-29,3.167325934224441e-28,0.7899,0.2321,0.352,0.147
YPEL3,ENSG00000090238,-1.8229,8.812184000165779e-29,3.330033965682089e-28,0.1415,0.5007,0.071,0.315
HM13,ENSG00000101294,-1.0546,9.442947339927605e-29,3.5662789864951705e-28,0.3441,0.7148,0.169,0.432
FOCAD,ENSG00000188352,2.6349,1.0778034325352984e-28,4.068085779995576e-28,0.6204,0.0998,0.289,0.063
ENSG00000238142,ENSG00000238142,-5.884,1.1103603857358035e-28,4.188489620748964e-28,0.0062,0.3714,0.003,0.238
C5orf24,ENSG00000181904,-2.8165,1.121302737641438e-28,4.227264903881825e-28,0.0579,0.4085,0.035,0.272
RPS6KA2,ENSG00000071242,0.7277,1.1346319067903454e-28,4.274987237463624e-28,1.2469,0.7529,0.517,0.446
CCT5,ENSG00000150753,-2.2945,1.2051858597815515e-28,4.538133405851973e-28,0.0889,0.4364,0.047,0.286
ETHE1,ENSG00000105755,-2.541,1.3414140339899827e-28,5.04811951988556e-28,0.0731,0.4256,0.035,0.274
AGTRAP,ENSG00000177674,-3.7636,1.399666307265234e-28,5.264231686617031e-28,0.0277,0.3781,0.017,0.252
EIF2S3,ENSG00000130741,-1.2078,1.414498913224613e-28,5.316881233376714e-28,0.2698,0.6234,0.136,0.392
IFT20,ENSG00000109083,-2.6806,1.4456005339236752e-28,5.430585388192946e-28,0.0635,0.4075,0.033,0.272
DST,ENSG00000151914,3.2236,1.5236767317373038e-28,5.720517764914789e-28,0.639,0.0683,0.271,0.045
M6PR,ENSG00000003056,-2.0442,1.5279503698627992e-28,5.7331863495440525e-28,0.1079,0.4452,0.054,0.297
ALG5,ENSG00000120697,-1.7078,1.5753573838562912e-28,5.907590189461092e-28,0.1523,0.4978,0.078,0.324
NUMB,ENSG00000133961,1.458,1.7686164106516924e-28,6.628412473782799e-28,0.8699,0.3166,0.388,0.205
CTNNBIP1,ENSG00000178585,-1.3596,1.8127240994960722e-28,6.789727458453267e-28,0.2242,0.5754,0.109,0.362
ARID4B,ENSG00000054267,1.2145,1.825634398429876e-28,6.834068872572202e-28,0.9815,0.4229,0.424,0.271
PRELID3B,ENSG00000101166,-2.7235,1.8372549399540895e-28,6.873533005990211e-28,0.0606,0.401,0.032,0.27
AAMP,ENSG00000127837,-2.3114,1.846095528726148e-28,6.902556595676946e-28,0.0858,0.4261,0.041,0.282
SLC35B1,ENSG00000121073,-3.1446,1.9169959275579037e-28,7.1634519567301505e-28,0.0432,0.3831,0.022,0.259
GPR160,ENSG00000173890,-1.3737,1.9443859297686535e-28,7.2615467500147425e-28,0.2137,0.5539,0.096,0.351
GLIS3,ENSG00000107249,1.5973,2.0274688010241077e-28,7.567396725133892e-28,0.8428,0.2785,0.367,0.167
NECAB3,ENSG00000125967,-2.2447,2.300163027348133e-28,8.58018683402244e-28,0.0945,0.4482,0.049,0.289
TMEM50B,ENSG00000142188,-1.7562,2.4885673981844487e-28,9.27755389674027e-28,0.1438,0.4861,0.073,0.317
DYRK1A,ENSG00000157540,1.6071,2.528467105921462e-28,9.420793571156821e-28,0.8299,0.2724,0.367,0.173
XAB2,ENSG00000076924,-3.2489,2.7264313213555947e-28,1.0152453080398315e-27,0.0412,0.3926,0.021,0.256
MESD,ENSG00000117899,-2.5489,2.9050022721993834e-28,1.0811085513876864e-27,0.072,0.4218,0.04,0.276
CTSA,ENSG00000064601,-2.5939,3.4324138870638847e-28,1.2766416878665267e-27,0.069,0.4172,0.039,0.274
HNRNPA3,ENSG00000170144,-0.7487,4.4811276392260975e-28,1.6657252886336076e-27,0.6391,1.0739,0.302,0.604
XKR6,ENSG00000171044,3.3593,4.549614826798981e-28,1.690197815899971e-27,0.5706,0.0555,0.261,0.03
PCNP,ENSG00000081154,-1.1218,4.742863274542326e-28,1.7609640870825468e-27,0.2917,0.635,0.145,0.402
ELOA,ENSG00000011007,-2.1416,5.276517091836899e-28,1.9579625413539132e-27,0.0986,0.4353,0.051,0.289
ISCA2,ENSG00000165898,-5.0204,5.775761731446653e-28,2.141970973704038e-27,0.0108,0.3539,0.005,0.238
MPLKIP,ENSG00000168303,-3.2347,5.915486149267689e-28,2.1925130349756698e-27,0.0405,0.3825,0.022,0.256
QKI,ENSG00000112531,1.3134,5.9498307178678515e-28,2.203961117164878e-27,0.9174,0.3691,0.404,0.236
PLLP,ENSG00000102934,-1.966,5.974730610474459e-28,2.211899398477043e-27,0.1199,0.4688,0.062,0.301
TCEAL3,ENSG00000196507,-2.4942,6.051052738780639e-28,2.2388543940642235e-27,0.0742,0.4188,0.04,0.276
TRIM28,ENSG00000130726,-1.9439,6.383520362357979e-28,2.3604954936213522e-27,0.1179,0.4539,0.06,0.299
ARHGDIB,ENSG00000111348,-4.2555,7.787682605522316e-28,2.8780566150843342e-27,0.0196,0.3754,0.01,0.243
ELOF1,ENSG00000130165,-3.1921,8.105289544827596e-28,2.9936976157749666e-27,0.0415,0.3804,0.024,0.257
VAMP3,ENSG00000049245,-3.4709,8.726150464230555e-28,3.2211470300793162e-27,0.0334,0.3709,0.019,0.252
ZSWIM7,ENSG00000214941,-1.5639,8.73910915029415e-28,3.2240637056206716e-27,0.1764,0.5219,0.091,0.334
PPP1R13B,ENSG00000088808,1.5433,9.04471973751251e-28,3.3348807592042944e-27,0.8382,0.2875,0.371,0.183
DPYD-AS1,ENSG00000232878,3.3096,9.141013878094784e-28,3.368437194962673e-27,0.5584,0.0562,0.257,0.024
LMAN1,ENSG00000074695,-0.9021,9.277994829231202e-28,3.416939170210798e-27,0.423,0.7906,0.2,0.475
CCDC25,ENSG00000147419,-3.5991,1.023724818746843e-27,3.76804025375931e-27,0.0307,0.3736,0.018,0.251
CMIP,ENSG00000153815,2.107,1.1320830536352859e-27,4.1644717062463636e-27,0.7272,0.1687,0.318,0.111
APBB2,ENSG00000163697,2.465,1.1352539320634887e-27,4.173727691409884e-27,0.6433,0.1164,0.291,0.071
NIPBL,ENSG00000164190,1.0568,1.1575076481309783e-27,4.253090061576361e-27,1.0194,0.49,0.445,0.303
PFDN6,ENSG00000204220,-3.2413,1.309633451124928e-27,4.809281826567636e-27,0.0403,0.3821,0.024,0.256
SYAP1,ENSG00000169895,-1.587,1.3619176839461387e-27,4.99840255334291e-27,0.1665,0.5004,0.082,0.324
SYNE1,ENSG00000131018,0.5233,1.5086863677846841e-27,5.533875485976618e-27,1.4245,0.9911,0.57,0.536
PHF5A,ENSG00000100410,-5.4506,1.5428043923417837e-27,5.655766533167839e-27,0.0078,0.3455,0.005,0.235
SMURF1,ENSG00000198742,1.7413,1.5938187325854343e-27,5.839422080593186e-27,0.7789,0.2329,0.345,0.141
MSLN,ENSG00000102854,-2.4525,1.70189562612648e-27,6.231811956666462e-27,0.0894,0.4899,0.042,0.276
STEAP4,ENSG00000127954,-0.9321,1.727763744844608e-27,6.322901190232133e-27,0.4557,0.8696,0.205,0.476
TPPP3,ENSG00000159713,-4.5152,1.9055186019501277e-27,6.969409688716043e-27,0.0178,0.41,0.01,0.24
ARL2BP,ENSG00000102931,-2.4488,2.0355344441132146e-27,7.440672064920725e-27,0.0735,0.4016,0.036,0.27
FAM13A,ENSG00000138640,1.3374,2.076006761660595e-27,7.584265390020798e-27,0.953,0.3771,0.398,0.232
MAPK13,ENSG00000156711,-1.8827,2.1846862296607354e-27,7.976732367747531e-27,0.1251,0.4615,0.067,0.304
FAM50A,ENSG00000071859,-1.6377,2.765699709227109e-27,1.0092350112377116e-26,0.1579,0.4915,0.078,0.318
POLD4,ENSG00000175482,-2.8915,2.8270039472518275e-27,1.0310154555909839e-26,0.0586,0.4358,0.031,0.262
ICAM1,ENSG00000090339,-0.8535,2.8294285045335956e-27,1.0313097036250242e-26,0.5403,0.9764,0.239,0.504
QSOX1,ENSG00000116260,-0.9306,2.8414662627368087e-27,1.0351055671398373e-26,0.3968,0.7564,0.187,0.457
HNRNPUL1,ENSG00000105323,-1.3823,2.8877690126141997e-27,1.0513722133304125e-26,0.2082,0.543,0.104,0.348
PSMD6,ENSG00000163636,-3.551,2.915718600113946e-27,1.0609421276099548e-26,0.0316,0.3716,0.018,0.248
TMEM126A,ENSG00000171202,-5.2999,2.9342211012702824e-27,1.0670655744779263e-26,0.0087,0.3457,0.005,0.234
MRPL47,ENSG00000136522,-3.7915,2.9823874800545217e-27,1.0839635225397706e-26,0.026,0.3609,0.017,0.246
CSTPP1,ENSG00000149179,1.4925,3.0810847873338515e-27,1.1191974654845188e-26,0.8689,0.3088,0.376,0.197
CTDNEP1,ENSG00000175826,-2.3626,3.2734507021366076e-27,1.1883968238109837e-26,0.0802,0.4129,0.044,0.276
NDUFS2,ENSG00000158864,-1.9691,3.701401788910393e-27,1.3429958112864973e-26,0.1144,0.4481,0.063,0.297
STOM,ENSG00000148175,-0.9519,3.7159029963453776e-27,1.3474904210296805e-26,0.3926,0.7595,0.189,0.453
SRA1,ENSG00000213523,-1.9973,5.0952357271812885e-27,1.8466246595099893e-26,0.1108,0.4428,0.054,0.291
BCL7B,ENSG00000106635,-3.177,5.285147634530315e-27,1.914364555121066e-26,0.0409,0.3711,0.024,0.253
CREB3L1,ENSG00000157613,-1.35,5.307946630737819e-27,1.9215309353182053e-26,0.2252,0.5742,0.112,0.358
FLNA,ENSG00000196924,-1.1737,5.458757287388536e-27,1.9750044101646944e-26,0.2794,0.6304,0.135,0.387
STRN3,ENSG00000196792,1.7031,5.5052704212497554e-27,1.9907032861864545e-26,0.7701,0.2364,0.347,0.151
PPP1R11,ENSG00000204619,-3.509,5.5368718749835674e-27,2.0009953629830068e-26,0.0316,0.3613,0.017,0.246
STAU1,ENSG00000124214,-0.9402,6.211078071713775e-27,2.2433780570637572e-26,0.3788,0.7269,0.178,0.445
TBCK,ENSG00000145348,2.5996,6.567437458869478e-27,2.3707482333121702e-26,0.6164,0.1016,0.28,0.061
RALGAPA1,ENSG00000174373,1.5139,7.558984571696217e-27,2.727137897258822e-26,0.8348,0.2923,0.37,0.185
PIN4,ENSG00000102309,-2.5544,7.583200003765194e-27,2.7343269244345653e-26,0.0685,0.4028,0.035,0.266
ARID5B,ENSG00000150347,1.1596,8.182381849897969e-27,2.9487102483380187e-26,0.9812,0.4392,0.421,0.27
HACD3,ENSG00000074696,-1.2007,8.274260859647733e-27,2.980136326568039e-26,0.2581,0.5935,0.126,0.375
NBDY,ENSG00000204272,-1.6571,1.0237706498339668e-26,3.685227494461626e-26,0.1514,0.4776,0.072,0.311
EFCAB14,ENSG00000159658,-1.2737,1.3118807033848723e-26,4.719661108396479e-26,0.2381,0.5759,0.122,0.366
ANKRD11,ENSG00000167522,0.9577,1.4553133889392485e-26,5.232725806253643e-26,1.0779,0.5549,0.458,0.345
CCNY,ENSG00000108100,1.577,1.515579277303045e-26,5.446346050060266e-26,0.8234,0.2759,0.362,0.18
HEXB,ENSG00000049860,-3.3609,1.56264791227333e-26,5.612327008869002e-26,0.0355,0.3658,0.019,0.247
CCDC12,ENSG00000160799,-1.6641,1.5996698609552222e-26,5.742058200219337e-26,0.1513,0.4797,0.077,0.313
MIR99AHG,ENSG00000215386,2.314,1.7009216311865045e-26,6.102068316721421e-26,0.6515,0.1309,0.291,0.076
HSPA9,ENSG00000113013,-1.1554,1.7269687805173503e-26,6.192028107872951e-26,0.2692,0.5997,0.13,0.379
FOXA2,ENSG00000125798,-2.1966,1.8961790433246648e-26,6.794908038895301e-26,0.0931,0.4269,0.047,0.279
CAVIN3,ENSG00000170955,-7.4943,2.2017612125691497e-26,7.885521196701308e-26,0.0018,0.3384,0.001,0.226
DYM,ENSG00000141627,1.9402,2.212918861309076e-26,7.921031858981112e-26,0.7298,0.1901,0.322,0.121
MAGEF1,ENSG00000177383,-2.5248,2.31756607707339e-26,8.29095608380632e-26,0.0678,0.3908,0.035,0.264
EPDR1,ENSG00000086289,-1.1686,2.3707639860446746e-26,8.476511728006057e-26,0.2765,0.6218,0.14,0.386
NUDT16L1,ENSG00000168101,-3.3412,2.500982502106375e-26,8.937087136170483e-26,0.0363,0.3684,0.021,0.247
EPN1,ENSG00000063245,-2.0347,2.5180784132105677e-26,8.993137190037741e-26,0.1041,0.4266,0.05,0.283
LITAF,ENSG00000189067,-1.8597,2.711237212466221e-26,9.6775684375544e-26,0.1233,0.4476,0.064,0.295
UBE2D3,ENSG00000109332,-0.6939,2.7636315524209236e-26,9.859066114540228e-26,0.7011,1.1342,0.316,0.631
VPS13D,ENSG00000048707,1.6751,2.8255001280299553e-26,1.0074140557153783e-25,0.7977,0.2497,0.348,0.16
PVT1,ENSG00000249859,3.7872,3.153146334115502e-26,1.1236058065950994e-25,0.5597,0.0404,0.245,0.024
ECHDC1,ENSG00000093144,-0.8547,3.4030899642213105e-26,1.2119943308330087e-25,0.453,0.8193,0.211,0.49
BRD2,ENSG00000204256,-1.1351,3.538013896472574e-26,1.2593433048583282e-25,0.2821,0.6197,0.136,0.384
LYPLA1,ENSG00000120992,-1.3846,3.845559169298796e-26,1.3680490906406154e-25,0.1977,0.5164,0.096,0.337
TAX1BP3,ENSG00000213977,-2.7929,4.0547422935691225e-26,1.4416610218350896e-25,0.0557,0.3867,0.036,0.26
MRPL17,ENSG00000158042,-3.7464,4.0626786953523185e-26,1.4436776300374042e-25,0.0265,0.3567,0.017,0.241
ZNF524,ENSG00000171443,-4.3244,4.3505419732457017e-26,1.545108918074727e-25,0.0175,0.3523,0.01,0.235
LMO3,ENSG00000048540,0.4662,4.506275236167495e-26,1.5995269838846202e-25,1.3774,0.997,0.551,0.561
ATP1B3,ENSG00000069849,-1.2854,4.5699588639790387e-26,1.6212291462363033e-25,0.2265,0.5521,0.108,0.349
ANKIB1,ENSG00000001629,2.1378,4.893031902659896e-26,1.7348764393468765e-25,0.6684,0.1518,0.306,0.103
PARP14,ENSG00000173193,0.9985,5.044439066986369e-26,1.7875652613695443e-25,1.0701,0.5356,0.449,0.329
NCOR2,ENSG00000196498,1.238,5.208986283956508e-26,1.8448493089012634e-25,0.9471,0.4015,0.406,0.256
MYO5C,ENSG00000128833,1.1709,5.834414320745673e-26,2.064390126733328e-25,0.9403,0.4176,0.415,0.269
LACTB2,ENSG00000147592,-1.4944,5.835342758232874e-26,2.064390126733328e-25,0.1764,0.4972,0.086,0.323
CEBPZ,ENSG00000115816,-1.5614,7.879232176998962e-26,2.7859181990220954e-25,0.1669,0.4929,0.085,0.318
GRHL2,ENSG00000083307,2.2539,8.364234071142203e-26,2.9557645345638327e-25,0.6326,0.1326,0.293,0.084
LAMTOR3,ENSG00000109270,-2.8542,8.37020630350522e-26,2.9562362983294057e-25,0.0519,0.3759,0.028,0.253
IDH3G,ENSG00000067829,-2.8389,8.556099724535761e-26,3.020217926019683e-25,0.0521,0.3737,0.028,0.253
METTL9,ENSG00000197006,-3.0094,8.948756816870502e-26,3.157073863173738e-25,0.0444,0.3584,0.021,0.245
TMEM54,ENSG00000121900,-3.268,9.553666434348907e-26,3.368618557465392e-25,0.0389,0.3753,0.024,0.247
PDCD10,ENSG00000114209,-1.5635,1.0260223322903306e-25,3.6157503418191587e-25,0.1627,0.4812,0.082,0.316
TRAPPC4,ENSG00000196655,-3.7126,1.032050419109004e-25,3.6349842109502215e-25,0.0268,0.3531,0.014,0.237
IRX2,ENSG00000170561,-1.3466,1.05559641618823e-25,3.715862591496392e-25,0.2163,0.5502,0.109,0.346
ETV5,ENSG00000244405,-1.1709,1.2826261540184965e-25,4.512550624651167e-25,0.2779,0.6258,0.131,0.376
LAMP2,ENSG00000005893,-1.6891,1.4085124574886418e-25,4.952712033364639e-25,0.1443,0.4656,0.073,0.305
PABPC4,ENSG00000090621,-1.3034,1.4779829766907551e-25,5.194124297907147e-25,0.2298,0.5673,0.114,0.351
PCMT1,ENSG00000120265,-1.3495,1.511474871012837e-25,5.308899340334345e-25,0.2043,0.5208,0.098,0.336
UBE2A,ENSG00000077721,-2.2105,1.5318211610536594e-25,5.377400826936717e-25,0.0864,0.4003,0.044,0.269
MRPL28,ENSG00000086504,-2.896,1.5879779951052395e-25,5.571469300382995e-25,0.0501,0.3739,0.026,0.25
MTCH2,ENSG00000109919,-1.7219,1.634342770753414e-25,5.730987438698027e-25,0.1381,0.4556,0.073,0.301
POLDIP2,ENSG00000004142,-2.8716,1.7214086609928189e-25,6.03297427918044e-25,0.05,0.3664,0.028,0.251
LAMP3,ENSG00000078081,-0.6403,1.788882275898675e-25,6.266002477392337e-25,1.0862,1.6931,0.462,0.813
IMP4,ENSG00000136718,-3.7773,1.8852890798054362e-25,6.600064735727433e-25,0.0254,0.3494,0.017,0.238
SLC38A2,ENSG00000134294,-1.1945,1.8995929177253825e-25,6.646490038693367e-25,0.2627,0.6013,0.126,0.366
DOCK5,ENSG00000147459,1.4751,1.9572754343349028e-25,6.844558910523864e-25,0.8368,0.3009,0.365,0.182
IFRD2,ENSG00000214706,-2.358,2.042243035370525e-25,7.137773766714416e-25,0.0764,0.3922,0.04,0.264
SOS1,ENSG00000115904,2.0427,2.1781350961553244e-25,7.608554103008326e-25,0.6831,0.1657,0.308,0.108
SHARPIN,ENSG00000179526,-2.2626,2.31096486124859e-25,8.068127596089682e-25,0.0819,0.3933,0.039,0.265
CAVIN1,ENSG00000177469,-1.938,2.3496043652910114e-25,8.198537399414449e-25,0.1189,0.4558,0.067,0.292
CCNG1,ENSG00000113328,-2.4567,2.373728731161474e-25,8.278184169121661e-25,0.0707,0.3886,0.035,0.26
TMEM183A,ENSG00000163444,-3.0582,2.3851330814114888e-25,8.31340808857203e-25,0.0429,0.3582,0.022,0.245
ANG,ENSG00000214274,-7.7104,2.3924528251426977e-25,8.33436434988235e-25,0.0015,0.3365,0.001,0.221
DCTN6,ENSG00000104671,-4.2972,2.618589742795937e-25,9.11715434752818e-25,0.017,0.3355,0.009,0.23
IAH1,ENSG00000134330,-2.6456,2.7017926678582085e-25,9.401707564189999e-25,0.0612,0.3836,0.033,0.256
SCAMP2,ENSG00000140497,-2.0477,2.7686505631770654e-25,9.629103840836766e-25,0.1012,0.4187,0.051,0.277
RABGGTB,ENSG00000137955,-1.6353,2.7739780681733263e-25,9.642371965433453e-25,0.1523,0.4734,0.08,0.309
CCDC57,ENSG00000176155,-1.0946,2.978869021374278e-25,1.0348931886245789e-24,0.2927,0.6252,0.142,0.387
TSPYL1,ENSG00000189241,-2.3748,3.0124575968041487e-25,1.0459922211125516e-24,0.0769,0.3991,0.045,0.267
NT5C2,ENSG00000076685,1.8134,3.025475978571349e-25,1.0499406294715487e-24,0.7182,0.2043,0.326,0.132
TOX,ENSG00000198846,1.2875,3.07955745874128e-25,1.0681272469790893e-24,0.8992,0.3683,0.389,0.214
ZMAT2,ENSG00000146007,-2.8532,3.447902395560385e-25,1.1952353328818624e-24,0.051,0.3693,0.028,0.25
BTF3L4,ENSG00000134717,-1.5618,3.600745953286765e-25,1.2475410571849524e-24,0.1601,0.4729,0.076,0.309
ETFRF1,ENSG00000205707,-3.0076,3.945022332490699e-25,1.3660791618483546e-24,0.0454,0.3656,0.024,0.246
RBCK1,ENSG00000125826,-1.4537,3.9682314290687288e-25,1.3733699978454476e-24,0.1789,0.4901,0.085,0.318
MAP2K3,ENSG00000034152,-1.5739,4.0765886237538756e-25,1.4101059401210503e-24,0.1611,0.4799,0.077,0.308
POP5,ENSG00000167272,-3.2511,4.1068211826122242e-25,1.4197931149215255e-24,0.0378,0.3606,0.019,0.24
ZDHHC4,ENSG00000136247,-3.3883,4.278535904056971e-25,1.478355901808303e-24,0.0331,0.347,0.017,0.237
SNX29,ENSG00000048471,1.6668,4.644861899366125e-25,1.6040625465037403e-24,0.7607,0.2395,0.339,0.15
ESYT2,ENSG00000117868,1.6241,4.677075862182553e-25,1.614312865263334e-24,0.7973,0.2586,0.348,0.17
MGAT1,ENSG00000131446,-2.5906,4.840173787887606e-25,1.6697028083216174e-24,0.0622,0.3753,0.032,0.253
STAG1,ENSG00000118007,1.7804,5.485890612976584e-25,1.8914306467131275e-24,0.7374,0.2146,0.326,0.131
PHYHD1,ENSG00000175287,-2.462,5.709307578900666e-25,1.9673965305671213e-24,0.0725,0.3997,0.037,0.26
PUM2,ENSG00000055917,1.2161,6.737551462565954e-25,2.3204695069615318e-24,0.9124,0.3927,0.402,0.25
PHC3,ENSG00000173889,1.7092,6.941934115742153e-25,2.3895696537719347e-24,0.7163,0.219,0.332,0.142
IDH1,ENSG00000138413,-1.367,8.103032984154507e-25,2.7877407055577433e-24,0.2022,0.5217,0.1,0.333
NCOA4,ENSG00000266412,-1.6194,8.55153711202263e-25,2.940455722176066e-24,0.1534,0.4714,0.08,0.308
VPS25,ENSG00000131475,-4.1507,9.114382201757916e-25,3.1323011609814943e-24,0.0191,0.3409,0.013,0.23
SLC39A7,ENSG00000112473,-2.0993,9.579951688257215e-25,3.2905275868879173e-24,0.0946,0.4059,0.049,0.27
ZHX2,ENSG00000178764,2.4924,1.0241121043050394e-24,3.515732183599691e-24,0.6102,0.1084,0.273,0.065
EHBP1,ENSG00000115504,2.0617,1.033203852050739e-24,3.545034745330172e-24,0.6495,0.1555,0.299,0.097
BBS9,ENSG00000122507,2.82,1.0409220524851394e-24,3.56959552694608e-24,0.5719,0.0809,0.258,0.045
TRAPPC6A,ENSG00000007255,-3.0882,1.125405869582348e-24,3.857237859455629e-24,0.042,0.3582,0.022,0.241
TAF7,ENSG00000178913,-2.1482,1.1478560259052189e-24,3.93206994365705e-24,0.0911,0.404,0.047,0.27
ETF1,ENSG00000120705,-1.3939,1.1831900069640189e-24,4.050932488934275e-24,0.1921,0.5049,0.095,0.326
NHERF2,ENSG00000065054,-2.3415,1.2074827132866148e-24,4.1318852910371284e-24,0.0772,0.3917,0.037,0.259
MRPL37,ENSG00000116221,-4.1271,1.4271851597726645e-24,4.881065125295459e-24,0.0196,0.3434,0.014,0.23
NUBP2,ENSG00000095906,-3.2976,1.4403727255292199e-24,4.923526072519451e-24,0.0356,0.3508,0.022,0.239
PSMF1,ENSG00000125818,-1.4599,1.5123435742640285e-24,5.1667686419791976e-24,0.1771,0.4873,0.09,0.318
ATP9B,ENSG00000166377,2.0298,1.5163211430272757e-24,5.1775829066946346e-24,0.6592,0.1614,0.3,0.1
COX16,ENSG00000133983,-2.1951,1.5234833636449562e-24,5.199253984602032e-24,0.0943,0.4323,0.047,0.269
VKORC1,ENSG00000167397,-3.8927,1.5377897151634095e-24,5.245269895220297e-24,0.0227,0.3385,0.012,0.229
VPS51,ENSG00000149823,-1.4232,1.5712256596191398e-24,5.3564511123379764e-24,0.1794,0.4814,0.085,0.315
ALDH6A1,ENSG00000119711,-2.1682,1.6188241533557987e-24,5.5157690954800736e-24,0.089,0.4003,0.044,0.266
RBM17,ENSG00000134453,-1.5366,1.8539926825279434e-24,6.313677003801089e-24,0.1637,0.4751,0.083,0.311
MT-ND5,ENSG00000198786,-0.639,1.937427543786692e-24,6.594287555600728e-24,1.2589,1.9604,0.488,0.871
LTBR,ENSG00000111321,-1.3995,1.9431103078530327e-24,6.610100433598231e-24,0.1941,0.5123,0.099,0.327
GSK3B,ENSG00000082701,1.5089,1.9721526793639822e-24,6.705319109837539e-24,0.8084,0.284,0.357,0.184
NIPSNAP2,ENSG00000146729,-1.371,2.126641900151103e-24,7.226728205470833e-24,0.1928,0.4989,0.095,0.325
SYNE2,ENSG00000054654,1.0823,2.2585201735581852e-24,7.670786417918715e-24,0.9998,0.4721,0.422,0.287
FBXO11,ENSG00000138081,1.5184,2.2865030780047003e-24,7.761691758402537e-24,0.7971,0.2782,0.353,0.175
CYB5R1,ENSG00000159348,-2.6698,2.3476540083808975e-24,7.965031561164567e-24,0.0578,0.3686,0.03,0.249
PRKRA,ENSG00000180228,-1.9501,2.3960057958651855e-24,8.124753696085403e-24,0.1047,0.4049,0.05,0.273
STARD7,ENSG00000084090,-1.7657,2.4593947545784268e-24,8.33526930379451e-24,0.1312,0.4463,0.069,0.293
FAM210B,ENSG00000124098,-2.604,2.5633632534015693e-24,8.683018459317218e-24,0.0607,0.3698,0.031,0.25
EAPP,ENSG00000129518,-1.8038,3.2602973365575867e-24,1.1037915836725764e-23,0.1226,0.4285,0.058,0.282
PFDN4,ENSG00000101132,-3.7925,3.326471156188001e-24,1.1255973259394112e-23,0.0245,0.3413,0.013,0.229
CD320,ENSG00000167775,-4.2222,3.462304982610991e-24,1.170938687753054e-23,0.0179,0.3364,0.013,0.227
SH3BGRL,ENSG00000131171,-1.2058,3.564083471851577e-24,1.2047206857398622e-23,0.2372,0.5474,0.116,0.351
SMIM15,ENSG00000188725,-3.6798,3.639427893766128e-24,1.2295364505966649e-23,0.026,0.3349,0.015,0.231
JPT1,ENSG00000189159,-2.6422,3.7007241965990694e-24,1.2495824551546115e-23,0.0605,0.3781,0.031,0.249
HNRNPD,ENSG00000138668,-0.8923,3.913523615826477e-24,1.3207365299573207e-23,0.3788,0.7032,0.186,0.434
PITHD1,ENSG00000057757,-3.0014,3.922823747301987e-24,1.3231746766693211e-23,0.0438,0.3517,0.027,0.243
NKX2-1,ENSG00000136352,-0.6601,3.9423951559036545e-24,1.329072930665563e-23,0.7816,1.2351,0.347,0.659
EHMT1,ENSG00000181090,1.6216,3.94949475201218e-24,1.330762634464992e-23,0.7642,0.2483,0.339,0.161
ARFGEF1,ENSG00000066777,1.7091,4.3461247548179805e-24,1.4636315537223786e-23,0.7447,0.2277,0.331,0.149
GAB1,ENSG00000109458,1.9086,4.3798304753879816e-24,1.474203763495163e-23,0.6999,0.1864,0.311,0.119
PCYOX1,ENSG00000116005,-2.2487,4.4602832127471744e-24,1.5004910544202237e-23,0.0846,0.4026,0.046,0.264
PEPD,ENSG00000124299,-2.0524,4.522792023938813e-24,1.52071725488449e-23,0.0978,0.4061,0.053,0.272
RDH11,ENSG00000072042,-1.3693,4.703692727657987e-24,1.5807085471175365e-23,0.1921,0.4964,0.092,0.322
MOCS2,ENSG00000164172,-3.2671,5.1675419804337975e-24,1.7356733469581382e-23,0.0365,0.3519,0.022,0.237
SPECC1L,ENSG00000100014,2.0963,5.176231007773264e-24,1.7376762861798083e-23,0.6377,0.1491,0.294,0.096
ASS1,ENSG00000130707,-1.5596,5.27921593837319e-24,1.7713158740594256e-23,0.1676,0.4942,0.081,0.307
ADAMTS9-AS2,ENSG00000241684,2.8268,5.377657689546839e-24,1.8033965160894846e-23,0.5983,0.0842,0.254,0.045
PSMD3,ENSG00000108344,-2.3662,5.529794083371781e-24,1.8534404459250842e-23,0.074,0.3821,0.041,0.258
STXBP2,ENSG00000076944,-1.365,5.5511467635308405e-24,1.8596195805312198e-23,0.1926,0.4962,0.094,0.321
MRPL13,ENSG00000172172,-2.6115,5.719695342551e-24,1.9150765655862723e-23,0.0608,0.372,0.033,0.249
ZFP36L2,ENSG00000152518,-3.6626,5.973177248942301e-24,1.998897898268093e-23,0.0278,0.3526,0.015,0.23
CEP70,ENSG00000114107,1.0879,6.200800641886098e-24,2.0739823762866673e-23,0.9731,0.4578,0.418,0.281
METTL15,ENSG00000169519,1.8683,6.415219696021431e-24,2.1445739676002425e-23,0.6704,0.1836,0.309,0.115
CFL2,ENSG00000165410,-3.0082,6.446584916396941e-24,2.1539297087018082e-23,0.0444,0.3582,0.023,0.239
ARHGAP24,ENSG00000138639,1.589,6.453958082755637e-24,2.155263634236102e-23,0.7692,0.2556,0.34,0.157
FAM135A,ENSG00000082269,1.7073,6.508283782265509e-24,2.1722674927718647e-23,0.7451,0.2281,0.327,0.14
ISOC2,ENSG00000063241,-3.5972,6.926202101422933e-24,2.3105462269268026e-23,0.0284,0.3446,0.015,0.23
SYNCRIP,ENSG00000135316,-1.1501,6.93068689536262e-24,2.3108331044945973e-23,0.2539,0.5636,0.128,0.36
FBXW5,ENSG00000159069,-1.8076,7.550364448393412e-24,2.5161303376115002e-23,0.1191,0.4171,0.056,0.279
YWHAH,ENSG00000128245,-2.8438,8.252116191456424e-24,2.7485496719192633e-23,0.0504,0.3621,0.026,0.241
RAB20,ENSG00000139832,-1.7736,8.272530762499106e-24,2.753910371328031e-23,0.1311,0.4486,0.069,0.289
MRPS24,ENSG00000062582,-3.2407,8.369628379236758e-24,2.784779797371312e-23,0.0432,0.409,0.024,0.237
SCAMP3,ENSG00000116521,-2.5325,8.954580362184135e-24,2.977853406829623e-23,0.0655,0.3796,0.035,0.25
AHCYL1,ENSG00000168710,-0.9512,9.25327276938233e-24,3.075579452805649e-23,0.3404,0.6583,0.167,0.408
PEBP4,ENSG00000134020,-0.6011,9.270505089516035e-24,3.079701404151367e-23,1.2038,1.826,0.501,0.847
GSPT1,ENSG00000103342,-0.7606,9.79619560488631e-24,3.252643071934908e-23,0.5027,0.8518,0.234,0.503
KIF13A,ENSG00000137177,1.4319,1.0384425481742488e-23,3.4461588988083476e-23,0.8262,0.3062,0.359,0.191
NECAB1,ENSG00000123119,-1.6989,1.1222474563370037e-23,3.7223348252593127e-23,0.1423,0.4621,0.071,0.293
MED11,ENSG00000161920,-3.665,1.1374048538522424e-23,3.770647916436841e-23,0.0265,0.3369,0.014,0.228
RTF2,ENSG00000022277,-1.942,1.2258587292092989e-23,4.0617720367511853e-23,0.1054,0.4053,0.059,0.275
ARPP19,ENSG00000128989,-1.2359,1.31294630799933e-23,4.3480689420757033e-23,0.2296,0.541,0.117,0.347
YY1,ENSG00000100811,-1.0573,1.323121051715362e-23,4.379489462453495e-23,0.2817,0.5864,0.135,0.373
MYC,ENSG00000136997,-4.0582,1.336202113312945e-23,4.420492201541268e-23,0.0215,0.3599,0.013,0.225
FAM204A,ENSG00000165669,-1.5857,1.406422569289538e-23,4.6503858294713727e-23,0.1514,0.4545,0.077,0.298
UROD,ENSG00000126088,-11.6327,1.4537876490009248e-23,4.8045081712705525e-23,0.0,0.3174,0.0,0.212
GLRX5,ENSG00000182512,-3.1367,1.504209227351597e-23,4.968566748376389e-23,0.0388,0.3422,0.022,0.235
MRPL16,ENSG00000166902,-3.2249,1.5235461344473456e-23,5.0298325256871194e-23,0.0374,0.3509,0.022,0.235
NFKBIZ,ENSG00000144802,-0.8446,1.64106192346083e-23,5.414994700860658e-23,0.4627,0.831,0.208,0.459
PIAS1,ENSG00000033800,1.2282,1.738571981585823e-23,5.73377981511103e-23,0.8772,0.3744,0.39,0.238
PARP8,ENSG00000151883,2.1268,1.8125242348934738e-23,5.974582211709356e-23,0.6422,0.147,0.29,0.097
APIP,ENSG00000149089,-3.0786,1.843692911388403e-23,6.074182072403653e-23,0.042,0.3553,0.024,0.237
SMCHD1,ENSG00000101596,1.459,1.868826252317896e-23,6.153805453784395e-23,0.8003,0.291,0.354,0.189
UBE2D2,ENSG00000131508,-0.7202,1.8722829186423062e-23,6.162004959393237e-23,0.5542,0.913,0.258,0.538
CAV1,ENSG00000105974,-1.806,1.9054027188148452e-23,6.267772101364623e-23,0.1426,0.4991,0.069,0.286
PRKD1,ENSG00000184304,2.0167,1.9607134415836376e-23,6.446388958275239e-23,0.651,0.1608,0.291,0.091
VPS13A,ENSG00000197969,1.2049,2.2160938795136607e-23,7.282267258711127e-23,0.889,0.3856,0.393,0.245
SNAPIN,ENSG00000143553,-6.0156,2.3331086248598158e-23,7.662837446409751e-23,0.0048,0.3169,0.003,0.214
VPS35,ENSG00000069329,-1.7102,2.335304615515786e-23,7.666100372766804e-23,0.1311,0.4292,0.064,0.283
FRMD4B,ENSG00000114541,0.8415,2.3455208223937886e-23,7.695674340072261e-23,1.129,0.63,0.466,0.367
SNHG18,ENSG00000250786,-2.5024,2.4228368759870126e-23,7.945259817087041e-23,0.0694,0.3939,0.036,0.25
PLA2G4F,ENSG00000168907,-1.1192,2.535164221316013e-23,8.309342884776135e-23,0.2601,0.5651,0.118,0.352
EBNA1BP2,ENSG00000117395,-2.979,2.5943677076552923e-23,8.499020625026972e-23,0.0444,0.3511,0.023,0.236
MED21,ENSG00000152944,-1.8065,2.5966118301170475e-23,8.502003295837791e-23,0.1219,0.4268,0.062,0.28
EIF4A3,ENSG00000141543,-3.4608,2.600225973982774e-23,8.509466418963133e-23,0.0303,0.3342,0.015,0.227
RNF141,ENSG00000110315,-1.815,2.6167972568092793e-23,8.559303495207366e-23,0.1206,0.4245,0.064,0.282
CUEDC2,ENSG00000107874,-3.7837,2.6436880562498322e-23,8.642826337739836e-23,0.024,0.3321,0.013,0.225
ALPK1,ENSG00000073331,2.1597,2.6644360691878966e-23,8.706191666362296e-23,0.64,0.1432,0.286,0.091
SH3D19,ENSG00000109686,2.0312,2.6964686702940883e-23,8.806346195248368e-23,0.6461,0.158,0.295,0.103
RBBP4,ENSG00000162521,-1.1207,2.724784214286317e-23,8.894264908384675e-23,0.2623,0.5705,0.13,0.36
DESI1,ENSG00000100418,-1.8095,2.734424984210615e-23,8.92116646588673e-23,0.1212,0.4251,0.065,0.283
GFUS,ENSG00000104522,-3.28,2.957497794669237e-23,9.644014547834469e-23,0.0353,0.3441,0.018,0.23
CD44,ENSG00000026508,-0.6231,3.1160122325567276e-23,1.0155714715004671e-22,0.7906,1.2177,0.347,0.657
CECR2,ENSG00000099954,2.0885,3.409016320948079e-23,1.1104996957610632e-22,0.6564,0.1543,0.29,0.096
KTN1,ENSG00000126777,-0.6148,3.508718019341705e-23,1.142394145725402e-22,0.7467,1.1435,0.33,0.635
PARP4,ENSG00000102699,1.8038,3.6585644383546325e-23,1.190574185528881e-22,0.6936,0.1986,0.315,0.132
LUC7L3,ENSG00000108848,0.7161,3.904052527985261e-23,1.2698130033625532e-22,1.179,0.7176,0.499,0.431
ZMYM4,ENSG00000146463,1.6807,4.5717426285536106e-23,1.486224337431375e-22,0.7388,0.2304,0.327,0.15
CCNL1,ENSG00000163660,-0.6728,4.662867907470997e-23,1.5150755815559432e-22,0.6491,1.0349,0.286,0.567
LYRM2,ENSG00000083099,-1.5909,4.805451010075924e-23,1.56060877173887e-22,0.147,0.443,0.071,0.291
UBTD1,ENSG00000165886,-1.0662,5.2478454452068623e-23,1.7034121544396002e-22,0.2729,0.5715,0.125,0.359
COA6,ENSG00000168275,-4.6204,5.51388760226036e-23,1.7888566648554606e-22,0.0128,0.3182,0.008,0.217
BRAF,ENSG00000157764,1.2597,6.07850985845415e-23,1.9710325710908042e-22,0.8629,0.3603,0.38,0.219
NBEA,ENSG00000172915,2.675,6.167058842147894e-23,1.9987290350123449e-22,0.5729,0.0896,0.254,0.051
SMARCB1,ENSG00000099956,-2.0962,6.89186546129844e-23,2.232502150191949e-22,0.0914,0.3913,0.049,0.262
AMBRA1,ENSG00000110497,2.3368,7.351855622976815e-23,2.380298608251762e-22,0.5894,0.1166,0.271,0.072
LSM10,ENSG00000181817,-5.3979,7.506625825309617e-23,2.429174600829889e-22,0.0072,0.3069,0.003,0.212
ATF3,ENSG00000162772,-1.6294,8.242133644530638e-23,2.665834702378631e-22,0.1628,0.5039,0.073,0.292
MGST2,ENSG00000085871,-1.7122,8.804297692460607e-23,2.846216926442006e-22,0.135,0.4427,0.071,0.288
ZNF22,ENSG00000165512,-3.001,9.274057475900013e-23,2.996559371964652e-22,0.0425,0.3407,0.023,0.233
MYL6B,ENSG00000196465,-4.1035,9.499102699470394e-23,3.067719336835044e-22,0.0187,0.3225,0.009,0.218
PIP5K1B,ENSG00000107242,0.8666,9.611860642783097e-23,3.102562612543911e-22,1.1042,0.6056,0.454,0.36
RICTOR,ENSG00000164327,1.3713,1.064903595405634e-22,3.4356075003597758e-22,0.8334,0.3221,0.362,0.207
ATG3,ENSG00000144848,-1.9758,1.0773300981849068e-22,3.4739399979407083e-22,0.0972,0.3827,0.045,0.259
FASN,ENSG00000169710,-0.618,1.1370061879938744e-22,3.6645169102431493e-22,0.8771,1.3462,0.37,0.697
RFXANK,ENSG00000064490,-2.6659,1.1728928048456428e-22,3.778267625513377e-22,0.0555,0.3527,0.03,0.239
SMARCA5,ENSG00000153147,-0.7888,1.1752405788447811e-22,3.7839185303714543e-22,0.4471,0.7726,0.209,0.463
FARS2,ENSG00000145982,1.9219,1.1866978362695576e-22,3.8188787007664966e-22,0.6562,0.1731,0.298,0.107
UTP11,ENSG00000183520,-3.39,1.215601949765442e-22,3.9099204993716918e-22,0.0312,0.3279,0.015,0.224
SDC1,ENSG00000115884,-1.0766,1.2281757697916035e-22,3.9483714233088616e-22,0.2757,0.5817,0.135,0.364
MRPL42,ENSG00000198015,-1.6212,1.2470474959635968e-22,4.007020053814481e-22,0.1393,0.4288,0.071,0.286
MCRIP1,ENSG00000225663,-2.7373,1.2795820688460072e-22,4.1094890120369244e-22,0.0521,0.3477,0.027,0.237
EVA1A,ENSG00000115363,-1.5515,1.3500851932903482e-22,4.333732682389713e-22,0.1599,0.469,0.086,0.302
LAD1,ENSG00000159166,-2.2785,1.3605091932445492e-22,4.364995524375442e-22,0.0788,0.3826,0.04,0.252
KHDRBS1,ENSG00000121774,-0.9534,1.3877396368988075e-22,4.450120817520069e-22,0.3168,0.6136,0.153,0.392
PFDN1,ENSG00000113068,-1.6025,1.4374406455737704e-22,4.607181556326187e-22,0.1468,0.4461,0.076,0.291
MANF,ENSG00000145050,-2.2271,1.5359929225242902e-22,4.920580342257463e-22,0.0855,0.4005,0.046,0.256
MEF2A,ENSG00000068305,1.42,1.5801167622423938e-22,5.059389432092044e-22,0.7739,0.2891,0.352,0.186
ORMDL1,ENSG00000128699,-1.3318,1.5824519849680116e-22,5.064322994061784e-22,0.1904,0.4793,0.091,0.314
DNAJA2,ENSG00000069345,-2.4352,1.588304997693145e-22,5.080503943950728e-22,0.0662,0.3585,0.031,0.241
FBXW11,ENSG00000072803,1.1052,1.6192671273416607e-22,5.176944802809973e-22,0.9221,0.4286,0.406,0.266
VWA8,ENSG00000102763,2.5587,1.6908992591998627e-22,5.403249512480764e-22,0.5499,0.0933,0.258,0.059
CETN2,ENSG00000147400,-3.9026,1.796733202236782e-22,5.738564210550844e-22,0.0216,0.3251,0.012,0.219
SPATA6L,ENSG00000106686,2.2893,1.7995177789104832e-22,5.744579789962108e-22,0.584,0.1194,0.27,0.072
ARF3,ENSG00000134287,-1.4898,1.8375302882071253e-22,5.8629907844446565e-22,0.1626,0.4567,0.087,0.302
FARP1,ENSG00000152767,1.3784,1.9655036116690792e-22,6.268176850620499e-22,0.8271,0.3181,0.361,0.207
LSM1,ENSG00000175324,-2.6776,2.0058022539021926e-22,6.393494684313239e-22,0.0534,0.342,0.026,0.236
GCSH,ENSG00000140905,-2.7179,2.0339949159072484e-22,6.480118735086811e-22,0.0525,0.346,0.026,0.235
ARHGAP26,ENSG00000145819,2.5782,2.2361229816680356e-22,7.120521482584279e-22,0.5755,0.0963,0.255,0.056
ILK,ENSG00000166333,-2.3509,2.240734552366497e-22,7.131643919788527e-22,0.0706,0.3607,0.035,0.245
CYBA,ENSG00000051523,-4.2128,2.2623522416496704e-22,7.196854062134056e-22,0.0186,0.3465,0.01,0.217
SIGIRR,ENSG00000185187,-2.5527,2.305275972208456e-22,7.329742804403445e-22,0.0614,0.3607,0.033,0.242
TCF7L2,ENSG00000148737,1.5835,2.3173463514672684e-22,7.364448150849371e-22,0.7318,0.2441,0.33,0.157
TPP1,ENSG00000166340,-2.2352,2.61885236956347e-22,8.318477257582022e-22,0.0804,0.3787,0.044,0.253
RAB5B,ENSG00000111540,-1.6742,2.75376635799196e-22,8.742659627589017e-22,0.1379,0.4404,0.074,0.287
POP7,ENSG00000172336,-6.9078,2.79378089584648e-22,8.86528283276322e-22,0.0024,0.3027,0.003,0.208
ZC3H11A,ENSG00000058673,-5.2988,2.833746750508415e-22,8.987629619149824e-22,0.0078,0.3092,0.004,0.21
MAPK1IP1L,ENSG00000168175,-1.1338,3.510007327021322e-22,1.112695012917003e-21,0.2348,0.5154,0.109,0.332
CDK14,ENSG00000058091,2.8894,3.8166239968626234e-22,1.209293140159007e-21,0.5467,0.0737,0.243,0.042
DEGS1,ENSG00000143753,-2.3389,3.8497202732397107e-22,1.2191737079932019e-21,0.0729,0.3694,0.041,0.248
DDIT3,ENSG00000175197,-3.2877,4.002934859883837e-22,1.2670660244170536e-21,0.0353,0.3459,0.018,0.224
PHIP,ENSG00000146247,0.9536,4.1122717162002e-22,1.3010288928424948e-21,0.985,0.5085,0.427,0.317
OAT,ENSG00000065154,-2.4976,4.145478674208426e-22,1.3108842533769204e-21,0.0627,0.3545,0.035,0.242
RILPL2,ENSG00000150977,-1.4629,4.337668835259873e-22,1.37097862294406e-21,0.1617,0.4458,0.073,0.291
CCDC69,ENSG00000198624,-1.5217,4.826127313287298e-22,1.5246066215166762e-21,0.1604,0.4607,0.083,0.298
GNPTG,ENSG00000090581,-2.4212,4.872496492106575e-22,1.5384925773739187e-21,0.0701,0.3757,0.033,0.242
TSIX,ENSG00000270641,2.9672,5.000381299304058e-22,1.5780906328249193e-21,0.5822,0.0744,0.235,0.031
TMUB1,ENSG00000164897,-2.7056,5.245881509819566e-22,1.654749857748626e-21,0.0528,0.3452,0.027,0.234
GAB2,ENSG00000033327,1.444,5.277732553247282e-22,1.663973542381376e-21,0.7782,0.286,0.345,0.178
PDIA4,ENSG00000155660,-1.4238,5.717541001750218e-22,1.8017461139969173e-21,0.1766,0.4741,0.089,0.304
MORF4L2,ENSG00000123562,-0.8452,5.727131316936957e-22,1.803876588215074e-21,0.3928,0.7058,0.194,0.433
CDIPT,ENSG00000103502,-3.116,5.8133164898309775e-22,1.8301181542060485e-21,0.0385,0.3343,0.023,0.228
FKBP3,ENSG00000100442,-2.3706,5.993046252637931e-22,1.8857685024958938e-21,0.0705,0.365,0.037,0.245
VBP1,ENSG00000155959,-3.8611,6.067705170541578e-22,1.9083187203849313e-21,0.0217,0.3162,0.014,0.218
SDF2,ENSG00000132581,-2.7103,6.208032498879625e-22,1.9514895059347937e-21,0.0528,0.3458,0.03,0.236
MSN,ENSG00000147065,-0.6839,6.417556219269477e-22,2.0163588416876745e-21,0.5559,0.8931,0.249,0.521
SEMA4A,ENSG00000196189,-1.8604,6.834665896673853e-22,2.1463544379948677e-21,0.1139,0.4138,0.054,0.265
WDR13,ENSG00000101940,-2.0027,6.92296328196901e-22,2.173012846999135e-21,0.0959,0.3848,0.051,0.261
CCND1,ENSG00000110092,-0.9669,7.04740273615424e-22,2.210983880068075e-21,0.3289,0.643,0.154,0.388
ZFHX3,ENSG00000140836,1.659,7.259035053837701e-22,2.2762591474773905e-21,0.7272,0.2302,0.322,0.153
MFF,ENSG00000168958,-1.7897,7.289171677702605e-22,2.2845855184539873e-21,0.1175,0.4065,0.059,0.271
BMPR1A,ENSG00000107779,2.1098,7.655049587729742e-22,2.3980806448047718e-21,0.5955,0.1379,0.279,0.09
ENSG00000225885,ENSG00000225885,3.5954,8.488257818138153e-22,2.657791924883631e-21,0.4679,0.0386,0.222,0.019
SCPEP1,ENSG00000121064,-1.3217,8.692691422766907e-22,2.720466756020571e-21,0.192,0.4801,0.091,0.31
PMPCB,ENSG00000105819,-1.9933,8.825168761124708e-22,2.760571680675663e-21,0.0972,0.3874,0.051,0.26
PSMD13,ENSG00000185627,-2.187,8.892315834040935e-22,2.7802115469353095e-21,0.0803,0.3658,0.042,0.25
TRAF4,ENSG00000076604,-1.9074,9.026166220747154e-22,2.8206769439834856e-21,0.1054,0.3958,0.056,0.264
HNRNPH2,ENSG00000126945,-2.2911,9.475098316269418e-22,2.959517479971462e-21,0.0747,0.366,0.041,0.247
PUM1,ENSG00000134644,1.0716,9.576241698744795e-22,2.989644506831443e-21,0.9181,0.4368,0.407,0.28
KIAA1328,ENSG00000150477,2.225,1.0039857192417016e-21,3.1328482428614037e-21,0.6123,0.1309,0.27,0.077
GMDS,ENSG00000112699,2.0266,1.0614438773910832e-21,3.3105208993973363e-21,0.6308,0.1547,0.286,0.102
PTS,ENSG00000150787,-2.2607,1.0905718361315755e-21,3.3997043791387745e-21,0.0754,0.3618,0.037,0.244
DHRS4,ENSG00000157326,-6.3074,1.0974601725053598e-21,3.419505669463182e-21,0.0039,0.32,0.001,0.204
FCHO2,ENSG00000157107,0.8831,1.1059110569457564e-21,3.444153877884317e-21,1.0341,0.5607,0.44,0.345
CKS1B,ENSG00000173207,-3.7408,1.124917486305635e-21,3.501635241796105e-21,0.0238,0.3197,0.015,0.218
C9orf78,ENSG00000136819,-3.5504,1.1568134763957401e-21,3.599163451450875e-21,0.0271,0.3181,0.015,0.219
PTOV1,ENSG00000104960,-2.0288,1.1806486224186204e-21,3.671529252643271e-21,0.0955,0.3898,0.049,0.257
ANAPC15,ENSG00000110200,-5.4048,1.2366049701598723e-21,3.843664887747043e-21,0.0071,0.3058,0.005,0.207
ARRDC1,ENSG00000197070,-1.8211,1.2534765559176907e-21,3.894207136440194e-21,0.1163,0.4112,0.06,0.269
GINM1,ENSG00000055211,-2.0735,1.2632977504161425e-21,3.922807188944427e-21,0.09,0.3793,0.046,0.253
RHOC,ENSG00000155366,-2.8814,1.3038675955910928e-21,4.0468139833949446e-21,0.0457,0.3374,0.023,0.227
ARHGAP32,ENSG00000134909,1.4935,1.3460662024055354e-21,4.1757528176814056e-21,0.7764,0.2757,0.339,0.174
MAP2K2,ENSG00000126934,-1.3678,1.4000366077531756e-21,4.3410668163552986e-21,0.1774,0.4581,0.086,0.3
IGF1R,ENSG00000140443,2.1243,1.4063161649723711e-21,4.358417866649911e-21,0.6283,0.144,0.279,0.091
CAPG,ENSG00000042493,-2.3798,1.5180901146757656e-21,4.70253862053353e-21,0.0699,0.3642,0.035,0.24
HELZ,ENSG00000198265,1.3388,1.5531926914268174e-21,4.8089380319795824e-21,0.815,0.3222,0.361,0.21
MSRB2,ENSG00000148450,-2.9518,1.7029184120833317e-21,5.269953823801573e-21,0.043,0.3334,0.023,0.227
REV1,ENSG00000135945,1.069,1.713932077542403e-21,5.3014638497490635e-21,0.926,0.4413,0.406,0.279
PRNP,ENSG00000171867,-2.533,1.798714581890313e-21,5.561011377085715e-21,0.0596,0.3452,0.032,0.236
RNF11,ENSG00000123091,-1.4674,1.888051461820151e-21,5.834381032042397e-21,0.1596,0.4414,0.077,0.29
MED10,ENSG00000133398,-2.3258,1.9373111555425412e-21,5.983700880127762e-21,0.07,0.3514,0.033,0.239
UNC50,ENSG00000115446,-1.8692,1.9505247943203522e-21,6.0215959146693685e-21,0.1065,0.3894,0.053,0.262
SHMT2,ENSG00000182199,-3.7913,1.9624862205880594e-21,6.055590346683871e-21,0.0235,0.3265,0.013,0.215
NDUFS4,ENSG00000164258,-1.1486,2.2015172283943156e-21,6.78987534156447e-21,0.2361,0.5237,0.119,0.338
FIBP,ENSG00000172500,-3.3376,2.268857885559882e-21,6.994182311626813e-21,0.0316,0.3203,0.018,0.22
SUPT3H,ENSG00000196284,2.4276,2.383652256183609e-21,7.344506105930646e-21,0.5643,0.1048,0.255,0.061
CELF1,ENSG00000149187,0.8621,2.557282505697696e-21,7.875688876242904e-21,1.0435,0.574,0.444,0.351
NDUFA10,ENSG00000130414,-1.0684,2.62340645821606e-21,8.07543030957382e-21,0.253,0.5306,0.119,0.341
MRPS35,ENSG00000061794,-2.0424,2.6662587744915214e-21,8.203378227501664e-21,0.0929,0.3829,0.051,0.256
SCMH1,ENSG00000010803,1.9777,2.791003428189341e-21,8.583042380466498e-21,0.6281,0.1594,0.285,0.101
ECI1,ENSG00000167969,-2.078,2.8950657818443456e-21,8.898767772062539e-21,0.0889,0.3756,0.045,0.251
BRWD1,ENSG00000185658,1.4039,2.9586790363604107e-21,9.08991752134825e-21,0.7933,0.2997,0.349,0.197
POLR3GL,ENSG00000121851,-3.224,2.9948057409705992e-21,9.196477166997866e-21,0.0341,0.3192,0.017,0.219
FAAH2,ENSG00000165591,2.4103,3.224140220313866e-21,9.895952770583001e-21,0.5748,0.1081,0.257,0.065
MGAT5,ENSG00000152127,2.733,3.2816125928367847e-21,1.0067507352903996e-20,0.529,0.0795,0.243,0.048
SERPINB6,ENSG00000124570,-1.3168,3.8809876576384845e-21,1.1900575429266638e-20,0.1887,0.4702,0.092,0.306
SMIM1,ENSG00000235169,-5.0169,3.9978227826324155e-21,1.2252942422731561e-20,0.0094,0.3088,0.005,0.205
PIH1D1,ENSG00000104872,-2.4943,4.092066978022318e-21,1.2535765009558998e-20,0.06,0.3386,0.028,0.232
TSR2,ENSG00000158526,-4.2022,4.137130907459149e-21,1.2667727922695522e-20,0.0163,0.3015,0.009,0.209
MAP4K3,ENSG00000011566,1.8298,4.454696223747374e-21,1.3633551812957037e-20,0.6623,0.1862,0.297,0.117
PRDM16,ENSG00000142611,2.1445,4.514796870540524e-21,1.3810858948990325e-20,0.5956,0.1346,0.272,0.086
ATP6V1D,ENSG00000100554,-1.3869,4.5649505770893765e-21,1.3957582699733705e-20,0.1723,0.4508,0.085,0.298
RAB4A,ENSG00000168118,-1.6307,4.5717878461587135e-21,1.397178692198552e-20,0.1311,0.4063,0.063,0.272
SUMF2,ENSG00000129103,-1.5224,4.816551269692011e-21,1.4712752440961464e-20,0.1519,0.4367,0.076,0.286
PKP4,ENSG00000144283,1.9253,4.872447582976529e-21,1.4876366542852188e-20,0.6335,0.1667,0.289,0.108
TCEA3,ENSG00000204219,-0.9504,5.109063127781436e-21,1.5591324767643205e-20,0.3059,0.5913,0.145,0.37
CHI3L1,ENSG00000133048,-2.014,5.310361030013291e-21,1.6197871562839585e-20,0.1104,0.4464,0.055,0.258
CADM1,ENSG00000182985,0.4823,5.313006586079778e-21,1.6198190811218835e-20,1.2986,0.9296,0.533,0.528
MED13,ENSG00000108510,1.2059,5.614114338140686e-21,1.710802050939143e-20,0.8311,0.3602,0.374,0.229
EIF4EBP1,ENSG00000187840,-3.9746,5.632908388246222e-21,1.715709076687514e-20,0.0228,0.3601,0.014,0.213
MYG1,ENSG00000139637,-4.2733,5.900345369782767e-21,1.7963085832075044e-20,0.0159,0.3084,0.01,0.209
SERPINF2,ENSG00000167711,-1.5596,6.226821726259975e-21,1.8947965873464127e-20,0.154,0.4541,0.077,0.284
RNF213,ENSG00000173821,1.2317,6.2718734440045795e-21,1.9075950956836445e-20,0.8632,0.3675,0.374,0.235
FMO5,ENSG00000131781,-0.8754,6.400785689160926e-21,1.9458754777492084e-20,0.3907,0.7168,0.182,0.415
RTN3,ENSG00000133318,-0.9727,6.470469013519927e-21,1.9661220191224754e-20,0.2837,0.5568,0.137,0.361
CD2AP,ENSG00000198087,1.2129,6.7625407774259926e-21,2.05389220848455e-20,0.8584,0.3703,0.377,0.242
CHPT1,ENSG00000111666,-1.207,6.88210794420661e-21,2.0892113402055782e-20,0.2175,0.5023,0.107,0.323
RAP1A,ENSG00000116473,-0.6947,6.965119300359308e-21,2.1134048329267298e-20,0.5109,0.8269,0.236,0.497
DENND4C,ENSG00000137145,1.8,7.225775059364884e-21,2.1914517603925373e-20,0.659,0.1892,0.299,0.124
ZNF608,ENSG00000168916,2.2162,7.960313419704382e-21,2.4130764646036824e-20,0.5885,0.1266,0.267,0.082
ARHGEF12,ENSG00000196914,0.9851,8.362495657718636e-21,2.5337884894465922e-20,0.9516,0.4807,0.416,0.299
DLC1,ENSG00000164741,0.3943,8.491349074880775e-21,2.5716080927489283e-20,1.4051,1.0691,0.558,0.581
GRSF1,ENSG00000132463,-1.3115,1.1335293061191488e-20,3.4312674864717827e-20,0.1874,0.4654,0.095,0.305
TGIF1,ENSG00000177426,-1.8239,1.1987411868311823e-20,3.626945925984237e-20,0.1137,0.4029,0.054,0.258
NUCB2,ENSG00000070081,-1.3904,1.2176956344687457e-20,3.682547281659513e-20,0.1839,0.4823,0.095,0.304
PDHB,ENSG00000168291,-2.8222,1.222469594754466e-20,3.695231705338891e-20,0.046,0.3259,0.023,0.222
MRPL3,ENSG00000114686,-1.3521,1.2254033200120048e-20,3.7023441540647065e-20,0.1808,0.4617,0.092,0.303
BCAS2,ENSG00000116752,-3.1654,1.249477339001605e-20,3.7732913482402806e-20,0.0347,0.3119,0.018,0.217
UBE2M,ENSG00000130725,-2.9752,1.2884635687321834e-20,3.8891833573237066e-20,0.0415,0.3271,0.023,0.222
ZNHIT3,ENSG00000273611,-3.3731,1.3321661895722624e-20,4.019195200436901e-20,0.0303,0.3147,0.017,0.215
CISH,ENSG00000114737,-1.5533,1.3480217640562639e-20,4.065108205231165e-20,0.151,0.4433,0.078,0.283
DCTN2,ENSG00000175203,-1.6767,1.3944570885378923e-20,4.203150798784427e-20,0.1243,0.3978,0.063,0.267
INVS,ENSG00000119509,2.9893,1.4778128527327774e-20,4.4522953384553195e-20,0.5043,0.0634,0.23,0.036
RAB17,ENSG00000124839,-1.171,1.4972759612994633e-20,4.5088021980557766e-20,0.2214,0.4987,0.105,0.321
PLEKHJ1,ENSG00000104886,-2.6292,1.526141658032142e-20,4.5935566902525513e-20,0.055,0.3405,0.031,0.229
MIR22HG,ENSG00000186594,-2.3022,1.5329719389398084e-20,4.6119377587264175e-20,0.0739,0.3651,0.036,0.236
STK33,ENSG00000130413,1.981,1.6180132163310432e-20,4.865487855712453e-20,0.6083,0.154,0.279,0.098
NUDT8,ENSG00000167799,-4.7621,1.669171162710662e-20,5.016957172220872e-20,0.0111,0.3038,0.006,0.203
FRMD5,ENSG00000171877,5.4048,1.8058795221036103e-20,5.425297810278283e-20,0.4322,0.0101,0.202,0.005
CDK8,ENSG00000132964,2.6178,1.8152838245671256e-20,5.450981809522103e-20,0.5296,0.0862,0.244,0.055
RSRC2,ENSG00000111011,-0.9109,1.906272292433882e-20,5.72150935229096e-20,0.321,0.6036,0.15,0.378
PSMD2,ENSG00000175166,-1.9684,1.9949022506053734e-20,5.98470675181612e-20,0.0958,0.375,0.054,0.254
EPB41L4A-AS1,ENSG00000224032,-3.2686,2.0313133964307647e-20,6.091073801620943e-20,0.0331,0.3194,0.017,0.214
EIF3J,ENSG00000104131,-1.2757,2.071282764616609e-20,6.208005465176719e-20,0.2006,0.4859,0.098,0.308
MT-CO1,ENSG00000198804,-0.4244,2.1630939388386836e-20,6.480133392902541e-20,1.9807,2.6581,0.688,0.945
ARPC4,ENSG00000241553,-1.9944,2.1900788122467758e-20,6.557892169127851e-20,0.0897,0.3577,0.042,0.243
ATP6AP1-DT,ENSG00000197180,-5.1546,2.2773471773076035e-20,6.816003875744587e-20,0.0085,0.3048,0.005,0.201
NME1,ENSG00000239672,-3.3261,2.4293070931314954e-20,7.267401557350202e-20,0.034,0.3416,0.022,0.217
HIKESHI,ENSG00000149196,-1.8653,2.4489292110413114e-20,7.322665910125873e-20,0.1034,0.377,0.053,0.256
PSMC4,ENSG00000013275,-2.4301,2.4851660808048215e-20,7.427535754866731e-20,0.0623,0.3361,0.03,0.229
GPN3,ENSG00000111231,-3.9336,2.5651491354561473e-20,7.662992379818621e-20,0.0196,0.3012,0.013,0.208
IFI27L2,ENSG00000119632,-5.2868,2.6536042884455288e-20,7.92352568563946e-20,0.0079,0.3112,0.006,0.201
FAM136A,ENSG00000035141,-3.3356,2.883418361730498e-20,8.605707891400713e-20,0.0311,0.315,0.019,0.215
BLTP1,ENSG00000138688,1.1036,2.898455816179125e-20,8.646539928938662e-20,0.8738,0.4066,0.388,0.256
TMEM135,ENSG00000166575,2.2049,2.9127572787204953e-20,8.685139219758259e-20,0.5668,0.1229,0.262,0.078
COA5,ENSG00000183513,-3.1208,3.1355135502059395e-20,9.340606954468628e-20,0.0369,0.3221,0.019,0.217
GRK3,ENSG00000100077,1.9542,3.1352948380581495e-20,9.340606954468628e-20,0.6272,0.1618,0.279,0.098
WASHC3,ENSG00000120860,-1.3107,3.266991148181843e-20,9.727729364623656e-20,0.1882,0.4669,0.095,0.303
CDK13,ENSG00000065883,1.6694,3.399649099208735e-20,1.0118003271454568e-19,0.6716,0.2111,0.307,0.136
ASPSCR1,ENSG00000169696,-1.8065,3.503905556245917e-20,1.0423424134889278e-19,0.1129,0.3951,0.059,0.26
ATRX,ENSG00000085224,0.7078,3.550343497098905e-20,1.055664169496526e-19,1.1389,0.6973,0.478,0.418
KLHDC2,ENSG00000165516,-1.3408,3.563102357864996e-20,1.0589639874773589e-19,0.181,0.4585,0.092,0.3
SC5D,ENSG00000109929,-1.2318,3.576653820148228e-20,1.0624961837579196e-19,0.2052,0.482,0.1,0.311
EIF4E,ENSG00000151247,-1.1912,4.0154359358492186e-20,1.1922871025169432e-19,0.2152,0.4916,0.104,0.315
DNAH14,ENSG00000185842,1.9832,4.067438210678424e-20,1.2071656700686663e-19,0.6067,0.1534,0.276,0.095
FER,ENSG00000151422,1.9466,4.3045695017462083e-20,1.2769488400945594e-19,0.5905,0.1531,0.275,0.091
EEF1E1,ENSG00000124802,-1.6225,4.399227781206873e-20,1.3044221909392471e-19,0.1311,0.4039,0.065,0.268
CALCOCO2,ENSG00000136436,-1.1244,4.7091097590508224e-20,1.3956566580171545e-19,0.2283,0.4979,0.109,0.322
ZMYND8,ENSG00000101040,1.1315,5.0039649337614076e-20,1.4823548537513464e-19,0.8787,0.401,0.381,0.252
SRSF10,ENSG00000188529,-0.7805,5.13905771279948e-20,1.521667111894876e-19,0.394,0.6769,0.187,0.419
PSMG1,ENSG00000183527,-3.9027,5.203617359755278e-20,1.5400678119052877e-19,0.0197,0.2953,0.012,0.206
MED28,ENSG00000118579,-1.6834,5.2790355331790505e-20,1.5616636438058677e-19,0.12,0.3855,0.059,0.261
KLF5,ENSG00000102554,-0.7772,5.782144537391436e-20,1.709701828658182e-19,0.4179,0.7162,0.195,0.429
KAZN,ENSG00000189337,2.3774,6.099237497533133e-20,1.802625825070641e-19,0.5899,0.1134,0.243,0.05
SSRP1,ENSG00000149136,-2.2655,6.461608948340295e-20,1.9088395294564122e-19,0.07,0.3368,0.035,0.233
PON3,ENSG00000105852,-1.1914,7.077630103043551e-20,2.089851408379001e-19,0.2138,0.4883,0.104,0.312
PAPOLA,ENSG00000090060,-0.7295,7.68662163346832e-20,2.2686209682111364e-19,0.4383,0.7268,0.211,0.448
DNAJB11,ENSG00000090520,-2.6145,8.150475729149742e-20,2.404409198210532e-19,0.055,0.3375,0.032,0.227
PDCD2,ENSG00000071994,-2.5233,8.262001108888622e-20,2.436182103106613e-19,0.0574,0.3304,0.032,0.227
PDZD2,ENSG00000133401,1.2083,8.663452559470876e-20,2.5533754076110423e-19,0.8338,0.3608,0.366,0.227
GPR108,ENSG00000125734,-2.2883,9.69046937122656e-20,2.8547477930484896e-19,0.0696,0.3403,0.032,0.23
HMOX2,ENSG00000103415,-2.0495,1.0078952847935897e-19,2.9678209887109164e-19,0.0859,0.3558,0.044,0.241
CCNDBP1,ENSG00000166946,-2.4149,1.0263731898947134e-19,3.020835219565465e-19,0.0643,0.3432,0.037,0.232
EMP3,ENSG00000142227,-4.8046,1.0614149989044719e-19,3.1225291269109406e-19,0.0114,0.3204,0.006,0.199
LGALSL,ENSG00000119862,-2.3505,1.16815925109332e-19,3.4349701225645366e-19,0.0697,0.3559,0.037,0.232
DNAAF9,ENSG00000088854,2.2209,1.187904930291593e-19,3.491421821396452e-19,0.5705,0.1223,0.258,0.077
NIFK,ENSG00000155438,-3.2521,1.1890069948892936e-19,3.493050503419008e-19,0.0326,0.3113,0.015,0.209
MIDN,ENSG00000167470,-0.9911,1.3927295070406098e-19,4.08965942302344e-19,0.2879,0.5723,0.136,0.35
PYM1,ENSG00000170473,-3.2972,1.397751532894004e-19,4.102516584806296e-19,0.0313,0.3081,0.018,0.21
SMCO4,ENSG00000166002,-1.7481,1.421571436974206e-19,4.1705098530651464e-19,0.1204,0.4045,0.065,0.263
UROS,ENSG00000188690,-1.9406,1.4679044931792056e-19,4.3044577479381033e-19,0.093,0.3571,0.046,0.244
USP32,ENSG00000170832,1.7792,1.4842880397641835e-19,4.350499426895021e-19,0.6508,0.1895,0.291,0.12
ENSG00000240499,ENSG00000240499,3.5699,1.4947473732565165e-19,4.379142695087451e-19,0.4308,0.0362,0.208,0.015
CIMAP1B,ENSG00000177989,-2.2695,1.5712130274886275e-19,4.60104871393661e-19,0.0739,0.3567,0.036,0.231
SKIC8,ENSG00000140395,-1.8457,1.60986317479858e-19,4.712065077750665e-19,0.1021,0.3674,0.05,0.248
PPP6C,ENSG00000119414,-1.3172,1.6441564073722462e-19,4.810232720054185e-19,0.181,0.4511,0.091,0.295
POR,ENSG00000127948,-1.0069,1.6544825444416577e-19,4.838223037071361e-19,0.2647,0.5321,0.128,0.341
PTEN,ENSG00000171862,1.2437,1.7517259724680465e-19,5.120244417461621e-19,0.816,0.3445,0.359,0.224
RTF1,ENSG00000137815,-1.0469,1.7533436866399708e-19,5.122624199051245e-19,0.2504,0.5174,0.123,0.334
TCF7L1,ENSG00000152284,1.3057,1.7791855113999402e-19,5.195743305164736e-19,0.8058,0.3259,0.348,0.2
IDH3B,ENSG00000101365,-3.0473,1.8588634545805612e-19,5.42594071563694e-19,0.0368,0.3049,0.019,0.212
SRP19,ENSG00000153037,-1.6165,1.9251621399055122e-19,5.616891826955441e-19,0.1338,0.4104,0.069,0.268
PARP1,ENSG00000143799,-1.617,1.968367681274205e-19,5.74032203482299e-19,0.132,0.4051,0.072,0.269
SLC41A2,ENSG00000136052,2.3503,1.9936602826875411e-19,5.811424006462311e-19,0.5386,0.1056,0.249,0.068
TMT1A,ENSG00000185432,-1.498,2.108485971060872e-19,6.143326355353317e-19,0.152,0.4294,0.077,0.276
TCP1,ENSG00000120438,-1.7467,2.1419030329102167e-19,6.237840034172056e-19,0.1112,0.3734,0.055,0.253
MED8,ENSG00000159479,-3.4507,2.1954437047063934e-19,6.390846400686419e-19,0.0275,0.3015,0.015,0.207
RPL7L1,ENSG00000146223,-1.7634,2.2073026241457083e-19,6.422434609278362e-19,0.1109,0.3767,0.06,0.257
USP9Y,ENSG00000114374,2.4927,2.302047534696236e-19,6.695051566463733e-19,0.5488,0.0974,0.244,0.063
RNPEP,ENSG00000176393,-1.8459,2.3225333845195177e-19,6.751550536393948e-19,0.1009,0.3629,0.049,0.246
EIF5B,ENSG00000158417,-0.7117,2.347914162192108e-19,6.822220958967497e-19,0.4515,0.7396,0.208,0.443
USP25,ENSG00000155313,1.5505,2.391830416111924e-19,6.946660092352399e-19,0.6822,0.2328,0.312,0.148
ACSS2,ENSG00000131069,0.7871,2.448368739966799e-19,7.10762783118777e-19,1.1026,0.6389,0.451,0.392
AK6,ENSG00000085231,-2.963,2.801323677071665e-19,8.12855641389707e-19,0.0394,0.3079,0.019,0.212
ANKS1A,ENSG00000064999,2.2845,3.0175498421044686e-19,8.751992831399449e-19,0.5473,0.1122,0.253,0.074
MRPS25,ENSG00000131368,-0.8805,3.0466947860735934e-19,8.832505348439816e-19,0.3244,0.5974,0.157,0.375
MVB12A,ENSG00000141971,-2.6129,3.0627752619152165e-19,8.87508740668614e-19,0.0527,0.3227,0.028,0.22
KIF5B,ENSG00000170759,-0.6578,3.108142511687848e-19,9.002457297596561e-19,0.5191,0.8191,0.246,0.492
NBAS,ENSG00000151779,1.9014,3.1699533820718415e-19,9.177317352728425e-19,0.6096,0.1631,0.277,0.106
RBM42,ENSG00000126254,-3.0934,3.183865204049683e-19,9.213409294515083e-19,0.0359,0.3073,0.019,0.21
NTN4,ENSG00000074527,0.7986,3.225744639387355e-19,9.330363918373134e-19,1.0527,0.6051,0.444,0.362
TMEM101,ENSG00000091947,-2.6249,3.2658400750427237e-19,9.442054638728963e-19,0.0522,0.3226,0.028,0.22
PPP1R2,ENSG00000184203,-1.7845,3.772420453650858e-19,1.0901713686321044e-18,0.1077,0.3714,0.056,0.252
GTF2F1,ENSG00000125651,-2.7348,3.87131425377737e-19,1.1182432427653255e-18,0.0471,0.3143,0.022,0.214
FAM20A,ENSG00000108950,0.9641,3.958000914477431e-19,1.1427652096826821e-18,0.9735,0.4989,0.408,0.306
ALAS1,ENSG00000023330,-2.6047,4.033476988234211e-19,1.1640296876411543e-18,0.054,0.3288,0.027,0.219
TOX4,ENSG00000092203,-1.5628,4.0392151825593104e-19,1.1651582257382625e-18,0.1365,0.4036,0.072,0.27
HDAC8,ENSG00000147099,1.571,4.1532978683335523e-19,1.1975248263512617e-18,0.6969,0.2345,0.308,0.146
FAM174A,ENSG00000174132,-2.194,4.46128262392702e-19,1.2857448791833071e-18,0.0744,0.3409,0.036,0.229
RNF187,ENSG00000168159,-2.5482,4.482295952673139e-19,1.291217202814788e-18,0.0544,0.3184,0.028,0.22
MAT2A,ENSG00000168906,-1.261,4.590699565900593e-19,1.3218477747342493e-18,0.1894,0.454,0.095,0.296
KDM2A,ENSG00000173120,1.4039,4.703122251807674e-19,1.35360742010266e-18,0.7372,0.2785,0.331,0.18
HMGB2,ENSG00000164104,-3.1139,4.761153292984684e-19,1.3696909856848989e-18,0.0363,0.3151,0.021,0.21
ASRGL1,ENSG00000162174,-1.8226,4.99385589438129e-19,1.4359869791015213e-18,0.1083,0.3833,0.054,0.249
CLNS1A,ENSG00000074201,-1.5026,5.05662384800452e-19,1.4533803891356543e-18,0.1445,0.4095,0.073,0.271
FURIN,ENSG00000140564,-2.2167,5.270227890456115e-19,1.5140920595609616e-18,0.0744,0.346,0.042,0.233
BRMS1,ENSG00000174744,-4.5586,5.34633608740044e-19,1.5352654305035049e-18,0.0119,0.2818,0.008,0.196
MORN2,ENSG00000188010,-4.3861,5.546342928688052e-19,1.5919827181623743e-18,0.0137,0.2879,0.008,0.197
EWSR1,ENSG00000182944,-0.8353,5.931105027876745e-19,1.7016559204641878e-18,0.344,0.6139,0.166,0.385
GORASP2,ENSG00000115806,-1.2989,6.087366672762891e-19,1.7457023184374013e-18,0.1831,0.4507,0.096,0.296
HADH,ENSG00000138796,-1.3337,6.109548897649417e-19,1.7512758193576904e-18,0.1754,0.4421,0.09,0.29
SCAF8,ENSG00000213079,1.9081,6.340930486595455e-19,1.8167834540245403e-18,0.6084,0.162,0.276,0.106
SLC25A38,ENSG00000144659,-2.4535,7.12027729186365e-19,2.0391629710525953e-18,0.0596,0.327,0.031,0.222
MFSD4B,ENSG00000173214,2.5258,7.1288991022615945e-19,2.040715391868777e-18,0.4995,0.0867,0.234,0.051
ZNF664,ENSG00000179195,-1.367,7.262398798161493e-19,2.0779978607845386e-18,0.1668,0.4304,0.087,0.285
MMP28,ENSG00000271447,-0.9384,7.393894129564485e-19,2.11467362386602e-18,0.3071,0.5886,0.148,0.36
TMEM248,ENSG00000106609,-1.1439,7.446747975952272e-19,2.1288349034392706e-18,0.2146,0.4743,0.109,0.314
C9orf152,ENSG00000188959,-2.7993,7.641105390209089e-19,2.1834176092596565e-18,0.0452,0.3153,0.023,0.213
MRPL12,ENSG00000262814,-3.7075,7.742624178468379e-19,2.2114349972103905e-18,0.0227,0.298,0.014,0.202
FMN1,ENSG00000248905,1.2302,7.939540275121741e-19,2.266662304249937e-18,0.8122,0.3462,0.353,0.209
KLF10,ENSG00000155090,-2.593,8.3741374992635205e-19,2.3896654681201852e-18,0.0564,0.3406,0.032,0.221
ST6GALNAC4,ENSG00000136840,-2.0125,8.780251011175049e-19,2.504434013254628e-18,0.0873,0.3525,0.046,0.238
SAR1B,ENSG00000152700,-1.2677,8.86306469285794e-19,2.5269247503116893e-18,0.1881,0.4531,0.096,0.296
CHMP1B,ENSG00000255112,-2.3619,8.891635173111238e-19,2.53393715818436e-18,0.0631,0.3246,0.032,0.222
SNHG15,ENSG00000232956,-2.5923,9.410382727176098e-19,2.6805714872988216e-18,0.0549,0.3315,0.031,0.219
MPP7,ENSG00000150054,1.0493,9.973012516742604e-19,2.8395692181435505e-18,0.8668,0.4188,0.385,0.265
PSMD11,ENSG00000108671,-1.3389,1.0156956182112735e-18,2.8906515920075307e-18,0.1695,0.429,0.091,0.287
SEZ6L2,ENSG00000174938,-2.3728,1.0187596581248882e-18,2.89807801006076e-18,0.0652,0.3383,0.031,0.221
MRPL50,ENSG00000136897,-4.3872,1.0240923011544832e-18,2.9119484477519316e-18,0.0133,0.2811,0.008,0.195
DTNB,ENSG00000138101,1.7456,1.0414751095568152e-18,2.9600552043801592e-18,0.6395,0.1906,0.288,0.121
PTBP2,ENSG00000117569,2.4353,1.0461548658104805e-18,2.972030868779774e-18,0.5102,0.0943,0.239,0.059
MTX1,ENSG00000173171,-3.4863,1.0486428491322063e-18,2.977772010342011e-18,0.0261,0.2932,0.014,0.202
ARFIP2,ENSG00000132254,-3.3187,1.0853277440971942e-18,3.080571847114699e-18,0.0296,0.296,0.017,0.205
EPB41,ENSG00000159023,1.2715,1.1017824729506495e-18,3.125884853164393e-18,0.762,0.3156,0.345,0.203
MAGEH1,ENSG00000187601,-5.5245,1.1639407180352411e-18,3.300766048698693e-18,0.0059,0.2739,0.003,0.19
SLC9C1,ENSG00000172139,3.3076,1.2650344829602802e-18,3.5858580830910566e-18,0.4411,0.0445,0.207,0.019
EXOSC4,ENSG00000178896,-5.0543,1.2922157898369064e-18,3.661278071204568e-18,0.0084,0.2823,0.005,0.192
RAPGEF6,ENSG00000158987,2.0283,1.2990899099523425e-18,3.6791195806069225e-18,0.5511,0.135,0.261,0.085
MAGED2,ENSG00000102316,-3.4464,1.3352078936860657e-18,3.779729272756958e-18,0.0274,0.3002,0.017,0.204
MEGF9,ENSG00000106780,0.8414,1.4400849974363355e-18,4.074807749070856e-18,1.007,0.562,0.425,0.344
TMEM11,ENSG00000178307,-2.8787,1.4621820952169664e-18,4.135497274626514e-18,0.0404,0.298,0.021,0.209
ITPA,ENSG00000125877,-2.026,1.4909078873813398e-18,4.2148726306235216e-18,0.0859,0.3501,0.046,0.237
PRPF6,ENSG00000101161,-1.4269,1.7451135600699106e-18,4.931338185037979e-18,0.1532,0.4122,0.073,0.269
NCBP2,ENSG00000114503,-2.4291,1.75856604995923e-18,4.967150451258348e-18,0.0599,0.3229,0.033,0.221
SRSF8,ENSG00000263465,-2.1802,1.7611985570720977e-18,4.972382994390887e-18,0.0736,0.3341,0.039,0.227
MRPS14,ENSG00000120333,-3.3911,1.81563850941609e-18,5.12381385459388e-18,0.0282,0.2964,0.015,0.202
KRR1,ENSG00000111615,-1.9011,1.8273798553974852e-18,5.154666627503968e-18,0.0933,0.3486,0.047,0.238
DGKD,ENSG00000077044,0.9893,1.967065480173714e-18,5.546237256128893e-18,0.9035,0.455,0.393,0.285
EIF4EBP2,ENSG00000148730,-1.4697,1.98582792772727e-18,5.5966635894170405e-18,0.1438,0.3983,0.072,0.266
METTL23,ENSG00000181038,-2.3907,2.2525445797999273e-18,6.3455464852958626e-18,0.0612,0.3212,0.032,0.22
HERC1,ENSG00000103657,1.3474,2.4248228941885098e-18,6.827847151259607e-18,0.7505,0.2949,0.334,0.186
SURF2,ENSG00000148291,-5.3271,2.4457035095109437e-18,6.883602592994378e-18,0.0067,0.2739,0.004,0.189
KDSR,ENSG00000119537,-1.5179,2.5882607112833672e-18,7.281624904868254e-18,0.1353,0.3877,0.068,0.262
EIF4G1,ENSG00000114867,-0.8083,2.602684366456304e-18,7.318973461031733e-18,0.341,0.5973,0.163,0.378
RPA3,ENSG00000106399,-1.2494,2.6066475216172844e-18,7.326886221477155e-18,0.1879,0.4469,0.091,0.291
MT-ND4,ENSG00000198886,-0.4923,2.7231266639001107e-18,7.650917797427592e-18,1.7551,2.4689,0.621,0.933
YIPF6,ENSG00000181704,-1.4093,2.8715596288567206e-18,8.064402041392773e-18,0.1557,0.4137,0.081,0.275
TMEM60,ENSG00000135211,-3.4757,3.0980405729801338e-18,8.696613233266558e-18,0.0261,0.291,0.013,0.198
USE1,ENSG00000053501,-3.5705,3.188376173259691e-18,8.946257968543366e-18,0.0243,0.2893,0.012,0.197
NELFE,ENSG00000204356,-2.7759,3.2056740230298117e-18,8.990836734190519e-18,0.0442,0.303,0.022,0.209
FHDC1,ENSG00000137460,-1.1089,3.2503970061075383e-18,9.112260736119418e-18,0.235,0.5069,0.113,0.313
CAST,ENSG00000153113,-0.5539,3.3494208443095407e-18,9.385739728559702e-18,0.7915,1.1621,0.352,0.639
MAP2K5,ENSG00000137764,2.2679,3.354283567732551e-18,9.395236267264944e-18,0.5349,0.111,0.245,0.07
SPSB2,ENSG00000111671,-1.9406,3.3787019292051997e-18,9.4594750982359e-18,0.0936,0.3594,0.047,0.237
ISOC1,ENSG00000066583,-3.1943,3.4363249298339114e-18,9.616580960356096e-18,0.032,0.2941,0.021,0.205
NFIB,ENSG00000147862,1.1897,3.488474179490739e-18,9.75823733841749e-18,0.8058,0.3532,0.358,0.225
MSI2,ENSG00000153944,1.6114,3.553443277998028e-18,9.935614428612906e-18,0.6933,0.2268,0.302,0.147
TPGS1,ENSG00000141933,-3.595,3.768112393749109e-18,1.0531221617777541e-17,0.0242,0.294,0.013,0.198
LCN2,ENSG00000148346,-2.631,3.961803246829346e-18,1.1067701883670938e-17,0.0614,0.381,0.03,0.215
SS18L2,ENSG00000008324,-2.9518,4.07950716906603e-18,1.1391527903108165e-17,0.038,0.2949,0.021,0.206
GRPEL1,ENSG00000109519,-3.8203,4.3040966507255264e-18,1.2013404618377948e-17,0.0198,0.2808,0.01,0.195
SLC40A1,ENSG00000138449,-1.705,4.340176317797229e-18,1.2108807013548068e-17,0.1176,0.3836,0.063,0.252
NUDT22,ENSG00000149761,-2.4214,4.3493142498330504e-18,1.2128993150781144e-17,0.0583,0.3127,0.027,0.214
SH3GLB1,ENSG00000097033,-1.0732,4.399624280229771e-18,1.2263928634221596e-17,0.2319,0.4881,0.116,0.317
AHNAK,ENSG00000124942,-1.2167,4.515302676183097e-18,1.2580880489802116e-17,0.1965,0.4569,0.09,0.286
VDAC3,ENSG00000078668,-1.6674,4.542972067371861e-18,1.2652445141763046e-17,0.1143,0.3632,0.056,0.247
PPT1,ENSG00000131238,-2.3618,4.560912046996343e-18,1.2696862139564055e-17,0.0621,0.3196,0.031,0.217
RNF114,ENSG00000124226,-1.3611,4.608186585457257e-18,1.2822867517367966e-17,0.1569,0.4032,0.076,0.269
ABCA1,ENSG00000165029,3.0214,4.969855410120185e-18,1.3823223490190304e-17,0.4888,0.0601,0.217,0.04
BOD1,ENSG00000145919,-3.0424,5.073792957263521e-18,1.4106162277607915e-17,0.0347,0.2863,0.018,0.203
AHSA1,ENSG00000100591,-2.3347,5.347234750991995e-18,1.4859904767904954e-17,0.0632,0.319,0.035,0.22
DAB2,ENSG00000153071,-2.2678,5.477412773397856e-18,1.521503548166071e-17,0.0697,0.3362,0.031,0.218
TOLLIP,ENSG00000078902,-2.3932,5.564229514603777e-18,1.5449461304703432e-17,0.0604,0.3176,0.033,0.219
VEGFB,ENSG00000173511,-2.135,5.652034045623204e-18,1.5686424484478855e-17,0.0784,0.3449,0.041,0.228
HSPA1A,ENSG00000204389,-0.9398,5.661297259665361e-18,1.5705295922700905e-17,0.3367,0.646,0.145,0.355
CEBPZOS,ENSG00000218739,-3.0954,5.811182547918608e-18,1.6114088187464603e-17,0.0348,0.2984,0.017,0.202
CHRAC1,ENSG00000104472,-3.3802,5.8512727875871726e-18,1.6218201748203575e-17,0.0277,0.2895,0.014,0.198
COMMD2,ENSG00000114744,-2.5422,6.207105296356767e-18,1.719699968025832e-17,0.0528,0.3079,0.027,0.213
PDGFC,ENSG00000145431,2.1245,6.355428363229566e-18,1.76002848894824e-17,0.5384,0.1234,0.25,0.078
FRG1,ENSG00000109536,-2.9933,6.489403095903491e-18,1.7963501839507057e-17,0.0383,0.3053,0.021,0.205
LMO4,ENSG00000143013,-1.6785,6.7472252083383915e-18,1.8669080166300885e-17,0.1166,0.3736,0.059,0.249
AP3S1,ENSG00000177879,-1.2505,6.8453748182521155e-18,1.893243577716149e-17,0.1742,0.4146,0.083,0.277
TWF1,ENSG00000151239,-2.3775,6.8693460952795754e-18,1.8990494951174023e-17,0.0616,0.3203,0.036,0.22
PICALM,ENSG00000073921,1.2636,6.889572992464121e-18,1.9038156838733752e-17,0.7696,0.3205,0.344,0.21
PDSS2,ENSG00000164494,1.6078,6.969248770314585e-18,1.9249983063585562e-17,0.6663,0.2186,0.298,0.144
GDF15,ENSG00000130513,-1.2773,7.131105742535272e-18,1.968852278417599e-17,0.2192,0.5315,0.104,0.294
RASA1,ENSG00000145715,2.1287,7.14509061772672e-18,1.971859423723283e-17,0.523,0.1195,0.249,0.077
EDNRB,ENSG00000136160,-3.5967,7.222021099133481e-18,1.9922278021192532e-17,0.0242,0.2942,0.014,0.197
CMTM6,ENSG00000091317,-1.0821,7.3116931827315e-18,2.0160918702384647e-17,0.2293,0.4857,0.117,0.317
MOB1A,ENSG00000114978,-1.4617,7.468467898614728e-18,2.0584298682952394e-17,0.1416,0.3903,0.072,0.263
MBIP,ENSG00000151332,-0.569,7.480175785129157e-18,2.0607658007864466e-17,0.8233,1.2214,0.363,0.659
LSM12,ENSG00000161654,-2.0362,7.945747362934518e-18,2.188083777050002e-17,0.0836,0.3431,0.049,0.233
ABCF1,ENSG00000204574,-1.7601,8.051104212069673e-18,2.2161394366124422e-17,0.1096,0.3716,0.059,0.247
CD2BP2,ENSG00000169217,-3.2256,8.621082515425381e-18,2.3720069501871735e-17,0.0304,0.2857,0.017,0.2
MYOF,ENSG00000138119,0.9553,9.151579408628719e-18,2.5168817398622984e-17,0.9336,0.4814,0.399,0.297
C4orf19,ENSG00000154274,1.7188,9.254010243725826e-18,2.5439549505714592e-17,0.6152,0.1868,0.279,0.113
PSMA6,ENSG00000100902,-0.975,9.273303884107458e-18,2.5481600112579762e-17,0.2953,0.5805,0.137,0.338
NUDT4,ENSG00000173598,-1.6869,9.364578034417767e-18,2.5721320538308172e-17,0.1111,0.358,0.054,0.243
FBXW7,ENSG00000109670,1.9276,9.796117191801856e-18,2.6895024589895275e-17,0.584,0.1534,0.266,0.1
CCDC115,ENSG00000136710,-4.1589,1.0315097013711841e-17,2.830768121498622e-17,0.0154,0.2765,0.012,0.193
RIDA,ENSG00000132541,-2.4815,1.1971856775490605e-17,3.2840183710736925e-17,0.0553,0.3095,0.027,0.212
C11orf54,ENSG00000182919,-1.1906,1.2689650742203774e-17,3.4794203647978094e-17,0.2033,0.4642,0.101,0.296
KLHL29,ENSG00000119771,2.5246,1.3129648913922774e-17,3.598517275419505e-17,0.4761,0.0827,0.225,0.047
PDE8A,ENSG00000073417,1.5438,1.3855645439015403e-17,3.7958633293392003e-17,0.6761,0.2318,0.299,0.143
PLEKHA5,ENSG00000052126,1.3244,1.429012118362858e-17,3.91320973134159e-17,0.736,0.2938,0.329,0.185
PRKN,ENSG00000185345,3.2244,1.4960868830956926e-17,4.095128329641494e-17,0.4519,0.0483,0.204,0.025
ATG101,ENSG00000123395,-3.8555,1.557583708321187e-17,4.261629244870201e-17,0.019,0.2761,0.012,0.193
ARID2,ENSG00000189079,1.8489,1.6623001452954453e-17,4.546187656052537e-17,0.5879,0.1631,0.268,0.104
SAP30BP,ENSG00000161526,-2.1777,1.705466570533547e-17,4.6622424473204814e-17,0.0715,0.324,0.036,0.22
NSMCE1,ENSG00000169189,-3.1256,1.7597046482381306e-17,4.808451406994463e-17,0.0336,0.294,0.019,0.2
CALCRL-AS1,ENSG00000224063,2.7738,1.8775699952276292e-17,5.128324215756699e-17,0.4594,0.0671,0.211,0.03
FAM32A,ENSG00000105058,-2.7795,2.0322034974316673e-17,5.54830719320209e-17,0.0428,0.2943,0.021,0.202
SDC2,ENSG00000169439,-1.7704,2.0411241426283764e-17,5.570276716291053e-17,0.0981,0.3349,0.041,0.229
PMF1,ENSG00000160783,-1.5825,2.0904115613600504e-17,5.702342192413488e-17,0.1245,0.3729,0.059,0.248
GLOD4,ENSG00000167699,-2.4323,2.0919600433719366e-17,5.704125439048801e-17,0.0581,0.3141,0.032,0.214
RASD1,ENSG00000108551,-2.5562,2.192817862168016e-17,5.976577114716161e-17,0.0595,0.3505,0.031,0.212
DDX46,ENSG00000145833,-0.7233,2.1994597145467974e-17,5.992117812066595e-17,0.3911,0.6458,0.185,0.402
RTL8C,ENSG00000134590,-3.0269,2.2745012292218787e-17,6.193910865565775e-17,0.037,0.3027,0.021,0.201
MALRD1,ENSG00000204740,3.324,2.283735946248483e-17,6.216403354967583e-17,0.4452,0.0444,0.202,0.023
SPRY4,ENSG00000187678,-1.9061,2.379365129612653e-17,6.47394481488718e-17,0.101,0.3786,0.051,0.235
USP54,ENSG00000166348,1.0756,2.445013746172354e-17,6.649728085259709e-17,0.8321,0.3948,0.367,0.243
DCTD,ENSG00000129187,-2.5487,2.498768399440316e-17,6.793027098691691e-17,0.0533,0.3125,0.032,0.213
THOC2,ENSG00000125676,0.6007,2.680597242379427e-17,7.284231636900617e-17,1.1412,0.7525,0.485,0.446
IFT25,ENSG00000081870,-2.8754,2.6997598342133825e-17,7.333178075462427e-17,0.041,0.3012,0.023,0.203
ALG2,ENSG00000119523,-2.8145,2.7524943170776328e-17,7.473233079799791e-17,0.0429,0.3021,0.026,0.206
CASK,ENSG00000147044,1.3492,2.906791322361804e-17,7.888801481505534e-17,0.7076,0.2777,0.321,0.173
CAMTA1,ENSG00000171735,-0.674,2.926610067816928e-17,7.935831213242414e-17,0.4365,0.6965,0.204,0.427
DAP,ENSG00000112977,-0.9049,2.9256722327746155e-17,7.935831213242414e-17,0.2859,0.5354,0.141,0.343
MGLL,ENSG00000074416,-0.5839,2.9704533010971997e-17,8.051292429632079e-17,0.595,0.8919,0.272,0.518
B3GAT3,ENSG00000149541,-2.9453,3.187106151240072e-17,8.634849857269637e-17,0.0381,0.294,0.021,0.201
KIF1C,ENSG00000129250,-1.0068,3.4489858971330995e-17,9.340392988200302e-17,0.2389,0.4802,0.119,0.313
RWDD4,ENSG00000182552,-2.992,3.537327555669434e-17,9.57556822394592e-17,0.037,0.2949,0.023,0.202
TRIP6,ENSG00000087077,-2.0167,3.605131550796155e-17,9.754971832056658e-17,0.0828,0.3354,0.044,0.226
RAI14,ENSG00000039560,0.7412,3.710907686143541e-17,1.0036926813392055e-16,1.0368,0.6203,0.445,0.381
SGPP2,ENSG00000163082,1.4713,3.7759573737566645e-17,1.0208536156784874e-16,0.7046,0.2541,0.307,0.157
TLN1,ENSG00000137076,-1.6594,3.8366145232912254e-17,1.0368129540475439e-16,0.1165,0.3683,0.062,0.245
SRSF6,ENSG00000124193,-1.3468,3.8825822571900734e-17,1.0487907580333355e-16,0.16,0.407,0.078,0.268
CFAP36,ENSG00000163001,-1.5686,4.1342588559315956e-17,1.1163024229802593e-16,0.1271,0.3771,0.068,0.252
PSMG3,ENSG00000157778,-3.2178,4.153293579226488e-17,1.1209672551891981e-16,0.0299,0.2786,0.014,0.193
PDHA1,ENSG00000131828,-2.2597,4.1670946171254995e-17,1.124216173684937e-16,0.0648,0.3105,0.032,0.214
NSD2,ENSG00000109685,1.6933,4.196572197961116e-17,1.1316898376481435e-16,0.6159,0.1904,0.282,0.127
CFAP97,ENSG00000164323,-1.3101,4.2340798688844075e-17,1.141321740555522e-16,0.1668,0.4137,0.083,0.272
BMP1,ENSG00000168487,-1.3323,4.3698595061336235e-17,1.1774241061539241e-16,0.1893,0.4769,0.089,0.275
MRPS18A,ENSG00000096080,-3.4324,4.675827007337802e-17,1.2588005562406456e-16,0.0257,0.2788,0.014,0.193
CTSL,ENSG00000135047,-3.8195,4.67523139182258e-17,1.2588005562406456e-16,0.0194,0.2745,0.008,0.186
EXOSC7,ENSG00000075914,-1.3863,4.928168291600784e-17,1.326174455844449e-16,0.1519,0.3972,0.072,0.26
RABGEF1,ENSG00000154710,2.3045,5.0998070050765744e-17,1.3717835298465469e-16,0.5106,0.1033,0.234,0.064
CAPN1,ENSG00000014216,-1.1023,5.2447194335817045e-17,1.4101681311296233e-16,0.2194,0.4711,0.112,0.304
NFU1,ENSG00000169599,-2.4038,5.401068661150796e-17,1.4515941279441959e-16,0.0571,0.3026,0.031,0.211
GOLGA7,ENSG00000147533,-3.6242,5.4124107476601016e-17,1.4540294360022398e-16,0.0222,0.2751,0.013,0.191
ILF3-DT,ENSG00000267100,-2.1357,5.63833644775024e-17,1.5140857141705048e-16,0.0726,0.3194,0.033,0.215
NAMPT,ENSG00000105835,-0.598,5.727322202025394e-17,1.537333854227869e-16,0.5743,0.8693,0.245,0.487
ENSG00000247925,ENSG00000247925,2.8182,5.898224074822734e-17,1.5825411816917057e-16,0.4479,0.0634,0.204,0.025
CLIC2,ENSG00000155962,-1.3057,6.016215723329853e-17,1.6135202034593107e-16,0.1614,0.3991,0.074,0.263
UBL7,ENSG00000138629,-5.449,6.027300423332542e-17,1.6158132968353638e-16,0.006,0.2678,0.005,0.182
SF3B4,ENSG00000143368,-3.3668,6.357666960654317e-17,1.703662331827292e-16,0.0279,0.2882,0.017,0.194
TIMM9,ENSG00000100575,-3.1604,6.503453594492816e-17,1.7419964985248616e-16,0.0313,0.281,0.018,0.196
TFRC,ENSG00000072274,-1.6943,6.546687444861398e-17,1.7528405065515083e-16,0.1063,0.3442,0.046,0.229
SPSB3,ENSG00000162032,-2.5421,6.713959590279261e-17,1.7968720565923718e-16,0.0527,0.3077,0.026,0.205
SYS1,ENSG00000204070,-3.0594,6.883264457140528e-17,1.8414104454163183e-16,0.0341,0.285,0.021,0.198
ARAP2,ENSG00000047365,1.5973,7.19258394690579e-17,1.9233524606344133e-16,0.6441,0.2128,0.288,0.133
YIPF5,ENSG00000145817,-3.1721,7.294163699992173e-17,1.9496978443375303e-16,0.0311,0.2812,0.018,0.196
TRPT1,ENSG00000149743,-4.2618,7.419196063072412e-17,1.9822872968183832e-16,0.0139,0.269,0.006,0.184
WASL,ENSG00000106299,-0.8711,7.453082150809802e-17,1.9905068584588391e-16,0.2936,0.5371,0.145,0.345
CEBPG,ENSG00000153879,-2.7446,7.718972862905335e-17,2.060655443928874e-16,0.0439,0.2945,0.022,0.2
CAPN8,ENSG00000203697,0.8377,7.838035478799584e-17,2.0915645114000565e-16,0.9607,0.5375,0.415,0.329
COPRS,ENSG00000172301,-2.5541,8.095426152045911e-17,2.1593448418114095e-16,0.0503,0.296,0.027,0.206
MRPL58,ENSG00000167862,-3.3625,8.139041802180706e-17,2.1700707439942282e-16,0.0265,0.2732,0.012,0.189
RFC1,ENSG00000035928,-0.6927,8.180820553355413e-17,2.180298119884647e-16,0.4201,0.6791,0.196,0.416
FLOT1,ENSG00000137312,-0.9249,8.188580534775343e-17,2.1814542795316678e-16,0.2708,0.5142,0.134,0.33
POLR1H,ENSG00000066379,-3.9842,8.40670677608744e-17,2.2386280575420816e-16,0.0169,0.2696,0.009,0.186
RPTOR,ENSG00000141564,2.5414,8.595471611594356e-17,2.287938685758414e-16,0.4803,0.0824,0.221,0.049
MED30,ENSG00000164758,-3.1112,8.618032256256078e-17,2.29298646217164e-16,0.032,0.2776,0.014,0.192
NR1D1,ENSG00000126368,-2.8468,8.812865995390635e-17,2.343847339199637e-16,0.0448,0.3232,0.023,0.201
MRPL24,ENSG00000143314,-3.2068,8.911342708918835e-17,2.3690496150691233e-16,0.0314,0.2911,0.021,0.197
MIR34AHG,ENSG00000228526,3.9912,9.229623158478826e-17,2.4526405850480416e-16,0.4104,0.0257,0.19,0.015
AFDN,ENSG00000130396,0.8759,9.359224433440957e-17,2.486043990132754e-16,0.9421,0.5133,0.406,0.317
DESI2,ENSG00000121644,-0.6321,9.451786509774512e-17,2.509585131187527e-16,0.4984,0.7725,0.23,0.463
GSDMD,ENSG00000104518,-2.4203,1.0053313703623024e-16,2.668187962556069e-16,0.0565,0.3029,0.031,0.208
CCDC85B,ENSG00000175602,-3.1363,1.0273953210160141e-16,2.7256118066904247e-16,0.0317,0.2793,0.014,0.191
TGOLN2,ENSG00000152291,-1.0772,1.0587022641199016e-16,2.8074987245276094e-16,0.2174,0.4589,0.11,0.301
ACTR10,ENSG00000131966,-1.1462,1.1447579013898724e-16,3.034441422603092e-16,0.1933,0.4279,0.094,0.283
TCF25,ENSG00000141002,-0.5728,1.1569933635092633e-16,3.0655996227645694e-16,0.5412,0.8051,0.25,0.483
PRPF8,ENSG00000174231,-0.923,1.189494575502841e-16,3.1504062811926096e-16,0.2688,0.5098,0.128,0.325
ACADL,ENSG00000115361,-0.9901,1.2653039031955297e-16,3.349797501192484e-16,0.2652,0.5269,0.126,0.32
COPS5,ENSG00000121022,-1.814,1.2911170446590387e-16,3.4167169612708066e-16,0.0932,0.328,0.045,0.225
MAP4K4,ENSG00000071054,1.7461,1.295015237604054e-16,3.4256108463592712e-16,0.6094,0.1816,0.275,0.12
PRKCA,ENSG00000154229,1.6421,1.3103952098035042e-16,3.4648566829105515e-16,0.6399,0.205,0.281,0.127
PACS1,ENSG00000175115,3.3106,1.372530300528095e-16,3.6276453838584595e-16,0.4428,0.0445,0.202,0.03
FAH,ENSG00000103876,-1.9469,1.4349562668866776e-16,3.7910676342323123e-16,0.0865,0.3339,0.045,0.224
POU2F1,ENSG00000143190,1.9624,1.4452516458873815e-16,3.816685684561747e-16,0.5498,0.141,0.253,0.092
AEBP2,ENSG00000139154,1.6998,1.4972209657808413e-16,3.952291369297252e-16,0.608,0.1871,0.277,0.123
KIF1B,ENSG00000054523,1.51,1.527884055686118e-16,4.0315649234267394e-16,0.6516,0.2287,0.297,0.148
TERF2IP,ENSG00000166848,-0.8474,1.5995709867814473e-16,4.2189760201620714e-16,0.2884,0.5189,0.137,0.336
CES1,ENSG00000198848,-3.7739,1.6189673786836666e-16,4.2683693296560687e-16,0.0218,0.3,0.013,0.188
HEXA,ENSG00000213614,-1.2188,1.777098289655314e-16,4.683340883237961e-16,0.1767,0.4115,0.083,0.272
RBBP7,ENSG00000102054,-1.5223,1.810969077005043e-16,4.770631349548409e-16,0.1276,0.3667,0.067,0.249
THAP7,ENSG00000184436,-3.7582,2.088979646997084e-16,5.500720879639162e-16,0.0197,0.2678,0.01,0.185
CIR1,ENSG00000138433,-1.2804,2.153537629736109e-16,5.668374231861146e-16,0.1684,0.4091,0.083,0.268
PBDC1,ENSG00000102390,-5.0244,2.155485635215715e-16,5.671160100908041e-16,0.0078,0.257,0.005,0.179
UBR2,ENSG00000024048,1.5973,2.156561140317438e-16,5.671649038582371e-16,0.6397,0.2114,0.288,0.139
ZNF503,ENSG00000165655,-2.6884,2.1987154059271787e-16,5.78012812898382e-16,0.0461,0.2976,0.027,0.202
MT-ND2,ENSG00000198763,-0.504,2.223662096466135e-16,5.843300026781372e-16,1.661,2.3555,0.602,0.923
HMG20B,ENSG00000064961,-2.7106,2.224701797413601e-16,5.843623386284181e-16,0.0438,0.2872,0.023,0.199
MT-ND1,ENSG00000198888,-0.5041,2.2432888596220007e-16,5.890019143365015e-16,1.7169,2.4351,0.612,0.931
TMEM123,ENSG00000152558,-1.0103,2.3139132738513535e-16,6.072950646686858e-16,0.2338,0.4711,0.118,0.31
TAX1BP1,ENSG00000106052,-0.5593,2.3395649003272165e-16,6.137747423697945e-16,0.5889,0.8679,0.275,0.514
UBR1,ENSG00000159459,1.4112,2.4982232299215066e-16,6.551284693850104e-16,0.6593,0.2478,0.306,0.159
MON2,ENSG00000061987,1.4624,2.513424962814954e-16,6.588439201457785e-16,0.6468,0.2346,0.298,0.15
PRPF31,ENSG00000105618,-2.3021,2.5505994446296643e-16,6.683136645916199e-16,0.0609,0.3006,0.03,0.206
SLMAP,ENSG00000163681,1.3517,2.5806003936082406e-16,6.758967752363407e-16,0.6978,0.2733,0.317,0.182
FNIP1,ENSG00000217128,1.3185,2.841221503837575e-16,7.438516257480304e-16,0.7258,0.291,0.322,0.191
ARIH1,ENSG00000166233,1.0433,2.855905570237296e-16,7.473890808810658e-16,0.8006,0.3884,0.362,0.238
PTBP1,ENSG00000011304,-1.1649,2.8980678186468895e-16,7.581117088171489e-16,0.1901,0.4264,0.095,0.282
LIMASI,ENSG00000266978,3.1857,2.9547506954370034e-16,7.726224644549179e-16,0.4484,0.0492,0.194,0.02
WDR70,ENSG00000082068,1.7743,2.986279409720458e-16,7.805465861815465e-16,0.5666,0.1656,0.263,0.105
NDUFAF4,ENSG00000123545,-3.8074,3.1039772695979845e-16,8.109776677740635e-16,0.0189,0.2657,0.009,0.183
CHTF8,ENSG00000168802,-6.7451,3.510536356948785e-16,9.168238130089514e-16,0.0023,0.2551,0.001,0.174
TMEM108,ENSG00000144868,2.5976,3.5572499606779904e-16,9.286432636905073e-16,0.4732,0.0781,0.216,0.048
XRN1,ENSG00000114127,1.4709,3.589880116841761e-16,9.367779674525675e-16,0.6435,0.2321,0.297,0.152
PDLIM2,ENSG00000120913,-2.1881,3.713943707514554e-16,9.687557747710836e-16,0.0711,0.3244,0.032,0.208
SMURF2,ENSG00000108854,1.4392,3.747873995265441e-16,9.772064098084739e-16,0.6662,0.2456,0.302,0.158
WDR45,ENSG00000196998,-2.3247,3.8579444601815707e-16,1.0054945189557447e-15,0.0614,0.3081,0.032,0.208
SREK1IP1,ENSG00000153006,-1.4189,3.9265289833463195e-16,1.0229514617422472e-15,0.1424,0.381,0.073,0.254
PLPP5,ENSG00000147535,-1.4062,4.0427668221018196e-16,1.0528038599223488e-15,0.1445,0.3832,0.068,0.251
DNASE2,ENSG00000105612,-3.4435,4.1436672467988046e-16,1.0786393915207178e-15,0.0245,0.2671,0.014,0.187
SDCCAG8,ENSG00000054282,0.5322,4.152892179731872e-16,1.0805994957465584e-15,1.1264,0.7789,0.481,0.457
UXS1,ENSG00000115652,-0.9824,4.1600811179103224e-16,1.0820284425409344e-15,0.2392,0.4727,0.117,0.308
TSSC4,ENSG00000184281,-4.1781,4.303937861090961e-16,1.1189887383546035e-15,0.0143,0.2601,0.008,0.18
NCOR1,ENSG00000141027,0.7623,4.488833367853488e-16,1.1665842935208311e-15,0.9766,0.5757,0.426,0.36
MYLK,ENSG00000065534,-6.0845,4.546247614724129e-16,1.1810239830426376e-15,0.0039,0.27,0.003,0.175
FBXL20,ENSG00000108306,1.6041,4.589358009747255e-16,1.191737568722556e-15,0.6245,0.2054,0.282,0.135
RPS6KB2,ENSG00000175634,-1.8848,4.792232153567098e-16,1.243912051261818e-15,0.0862,0.3185,0.044,0.219
CLU,ENSG00000120885,-1.6949,4.909421530487592e-16,1.2738120576661946e-15,0.1172,0.3798,0.051,0.231
CYP51A1,ENSG00000001630,-0.9577,4.951192885103078e-16,1.2841275281746185e-15,0.2823,0.5484,0.127,0.317
RCN1,ENSG00000049449,-2.1348,5.029279070273738e-16,1.303849291297075e-15,0.0719,0.3162,0.04,0.214
CACNA2D2,ENSG00000007402,-0.5703,5.162975816047702e-16,1.3379662937928497e-15,0.6219,0.9235,0.272,0.522
TNRC18,ENSG00000182095,1.3621,5.28323584216931e-16,1.368574908323013e-15,0.6821,0.2653,0.311,0.171
NUDT21,ENSG00000167005,-1.8234,5.593342325704608e-16,1.4483167070010917e-15,0.0939,0.3327,0.051,0.227
FUCA2,ENSG00000001036,-2.3793,5.601260185043204e-16,1.4497780625111827e-15,0.0564,0.2937,0.03,0.204
MRPL9,ENSG00000143436,-4.1805,5.703449250766772e-16,1.4756286109431076e-15,0.0141,0.2581,0.009,0.181
DERL1,ENSG00000136986,-2.0875,5.787695301761916e-16,1.4968177504556679e-15,0.0738,0.3138,0.041,0.216
CFAP298,ENSG00000159079,-1.9294,5.959699721878514e-16,1.5406766312642143e-15,0.0841,0.3207,0.042,0.219
ARHGEF1,ENSG00000076928,-1.1093,6.051576255754315e-16,1.5637940263653733e-15,0.2103,0.4539,0.101,0.288
RAB32,ENSG00000118508,-3.7035,6.090736436161636e-16,1.5732757204428862e-15,0.0204,0.2671,0.012,0.183
GLCCI1,ENSG00000106415,1.2045,6.154290677722814e-16,1.5890483220122697e-15,0.767,0.3328,0.332,0.2
PLPBP,ENSG00000147471,-2.6926,6.176252450951796e-16,1.5940732540412026e-15,0.044,0.2848,0.024,0.197
PTCHD4,ENSG00000244694,5.8276,6.18726227827041e-16,1.596268596680448e-15,0.3773,0.0065,0.175,0.003
JOSD2,ENSG00000161677,-2.2903,6.346561888703416e-16,1.6367043705697522e-15,0.0629,0.3083,0.032,0.207
ARL3,ENSG00000138175,-1.8798,6.943186608668858e-16,1.7898428884053364e-15,0.0875,0.3223,0.044,0.219
GABARAPL1,ENSG00000139112,-1.7679,7.541243233149426e-16,1.943226580894406e-15,0.0962,0.3279,0.045,0.221
SLC38A4-AS1,ENSG00000257261,2.6927,7.963956483790183e-16,2.0513221246126227e-15,0.4554,0.0704,0.207,0.039
HAGLR,ENSG00000224189,-1.9006,8.153256114631588e-16,2.0992329455079312e-15,0.0879,0.3285,0.045,0.22
AKR1C1,ENSG00000187134,-3.2393,8.207541716310789e-16,2.1123568204069955e-15,0.0317,0.3002,0.015,0.187
BBX,ENSG00000114439,1.0064,8.248048096422318e-16,2.121925206404047e-15,0.8311,0.4137,0.37,0.267
ACADM,ENSG00000117054,-1.4568,8.980178457644263e-16,2.308412809172668e-15,0.1303,0.3579,0.064,0.242
MAT2B,ENSG00000038274,-2.0458,8.976613974494281e-16,2.308412809172668e-15,0.0772,0.3189,0.041,0.215
UTY,ENSG00000183878,2.1058,9.001319773868751e-16,2.3129146940110152e-15,0.5437,0.1262,0.236,0.076
TYMP,ENSG00000025708,-1.2189,9.150967572317392e-16,2.3504197531637137e-15,0.1896,0.4415,0.101,0.282
HDAC2,ENSG00000196591,-1.3764,9.284343275934453e-16,2.3837168096690348e-15,0.1464,0.3803,0.076,0.254
ZFTRAF1,ENSG00000187954,-2.1207,9.45678826910354e-16,2.4270138975658238e-15,0.0707,0.3077,0.033,0.207
CXCL3,ENSG00000163734,-3.0565,9.820479313055378e-16,2.519338254355253e-15,0.0436,0.3637,0.022,0.192
BABAM2,ENSG00000158019,1.1682,1.008879239957624e-15,2.5871299898350175e-15,0.7462,0.332,0.338,0.213
MTPN,ENSG00000105887,-1.2446,1.010387438308861e-15,2.5899557375227136e-15,0.166,0.3934,0.085,0.265
YTHDF2,ENSG00000198492,-0.8457,1.0418789901515122e-15,2.669605531437255e-15,0.287,0.5159,0.14,0.334
UFD1,ENSG00000070010,-2.0396,1.0449630112410192e-15,2.676431979373844e-15,0.0751,0.3091,0.039,0.213
B4GALT5,ENSG00000158470,1.1626,1.0598725747968963e-15,2.7135291824619334e-15,0.7598,0.3393,0.34,0.217
APMAP,ENSG00000101474,-2.6378,1.0790591706559875e-15,2.761542437949386e-15,0.046,0.287,0.028,0.199
F11R,ENSG00000158769,-0.695,1.0900575844780327e-15,2.7885702652678406e-15,0.3762,0.6092,0.181,0.384
BPTF,ENSG00000171634,0.8571,1.1134031081112914e-15,2.8471499455312806e-15,0.9093,0.502,0.402,0.311
SNRNP200,ENSG00000144028,-2.0474,1.1631728038021425e-15,2.9732263930387564e-15,0.077,0.3186,0.044,0.216
OAZ2,ENSG00000180304,-1.6121,1.2097507910631552e-15,3.0910466104319095e-15,0.1152,0.3523,0.065,0.24
ZDHHC20,ENSG00000180776,1.6906,1.2122544570511402e-15,3.0962027899443182e-15,0.6103,0.189,0.272,0.127
SND1,ENSG00000197157,0.8062,1.2506557125852255e-15,3.1930036714981227e-15,0.9647,0.5516,0.415,0.346
LINC00513,ENSG00000233559,1.9371,1.2622622406170582e-15,3.221345790205663e-15,0.4941,0.129,0.232,0.064
FGD5-AS1,ENSG00000225733,-2.1847,1.2890794755810715e-15,3.288468049951713e-15,0.066,0.3002,0.035,0.207
SEC61A1,ENSG00000058262,-0.8269,1.3535398342657751e-15,3.4515265773777267e-15,0.2987,0.5299,0.146,0.34
OSBPL3,ENSG00000070882,1.8296,1.4052691671232197e-15,3.582003574734317e-15,0.5503,0.1547,0.252,0.094
CLPTM1,ENSG00000104853,-1.8176,1.4273933854409264e-15,3.636943578011953e-15,0.0927,0.3271,0.05,0.224
PSMD12,ENSG00000197170,-1.3634,1.4323369708905751e-15,3.648081577877513e-15,0.1443,0.3715,0.072,0.25
ZSCAN16-AS1,ENSG00000269293,-2.852,1.4473569076986885e-15,3.684864331700934e-15,0.0392,0.284,0.019,0.191
CAPZB,ENSG00000077549,-0.5562,1.4508720899150044e-15,3.6923391509812985e-15,0.5161,0.7589,0.235,0.464
AKT1,ENSG00000142208,-1.1643,1.4851386087405687e-15,3.778036165491271e-15,0.186,0.417,0.096,0.276
LINC02997,ENSG00000249364,3.264,1.5412565124271897e-15,3.919230261955857e-15,0.3946,0.041,0.19,0.022
LYPLA2,ENSG00000011009,-1.7865,1.5575894341474581e-15,3.959183669334149e-15,0.0932,0.3218,0.046,0.22
CYB5B,ENSG00000103018,-1.1235,1.5590998430072964e-15,3.9614434034163074e-15,0.1926,0.4198,0.096,0.279
SERINC3,ENSG00000132824,-0.9937,1.5719490936195256e-15,3.992500187977878e-15,0.2311,0.4602,0.121,0.305
CD36,ENSG00000135218,-0.7683,1.5799191491542762e-15,4.011144793253091e-15,0.3837,0.6535,0.184,0.38
GMPPB,ENSG00000173540,-3.4033,1.6060612336573285e-15,4.0758918648747886e-15,0.0253,0.2691,0.014,0.183
NXT1,ENSG00000132661,-4.549,1.6816690381375798e-15,4.266072470404724e-15,0.0104,0.2468,0.005,0.174
RASA2,ENSG00000155903,1.7286,1.6853871179364476e-15,4.2738038491825195e-15,0.5653,0.1705,0.262,0.109
MRPL2,ENSG00000112651,-3.4592,1.689317702324154e-15,4.282067734519476e-15,0.0239,0.2636,0.012,0.181
BABAM1,ENSG00000105393,-3.145,1.7019872316582852e-15,4.312467647782817e-15,0.03,0.2663,0.018,0.187
TTC17,ENSG00000052841,0.9702,1.7689968674302258e-15,4.480474783419821e-15,0.8412,0.4293,0.374,0.269
TMEM30B,ENSG00000182107,-1.9526,1.790191413473162e-15,4.532355147296031e-15,0.0798,0.3092,0.04,0.212
TTC6,ENSG00000139865,2.7272,1.899858748175215e-15,4.808098261062722e-15,0.4449,0.0671,0.202,0.035
MIPOL1,ENSG00000151338,2.1363,1.902040136212164e-15,4.8117086779176775e-15,0.4818,0.1095,0.23,0.069
MLST8,ENSG00000167965,-2.5714,1.9985718874470135e-15,5.053905506733325e-15,0.0468,0.2789,0.023,0.193
PBX3,ENSG00000167081,1.9275,2.0252201889329258e-15,5.1192619763867574e-15,0.5278,0.1387,0.244,0.087
DIP2C,ENSG00000151240,2.5174,2.1842422547845043e-15,5.5190425581653645e-15,0.4598,0.0802,0.212,0.049
THYN1,ENSG00000151500,-2.4778,2.24657890675401e-15,5.674302904341051e-15,0.0508,0.2837,0.026,0.196
NOSIP,ENSG00000142546,-2.0422,2.2558686371476852e-15,5.6955099254718786e-15,0.0756,0.3119,0.039,0.21
THADA,ENSG00000115970,2.0572,2.2701134832257764e-15,5.729205643532987e-15,0.5087,0.1221,0.234,0.074
TXNDC12,ENSG00000117862,-1.7824,2.2937526688241426e-15,5.7865743030288524e-15,0.0942,0.3243,0.05,0.222
ILRUN-AS1,ENSG00000272288,-4.6434,2.404538252946872e-15,6.063659557965313e-15,0.0103,0.2588,0.005,0.173
SLC43A3,ENSG00000134802,-1.347,2.4071443746480887e-15,6.067831312131896e-15,0.1527,0.3887,0.08,0.255
FKBP5,ENSG00000096060,1.395,2.4114940933921967e-15,6.076393219515911e-15,0.6776,0.2576,0.303,0.169
TFAM,ENSG00000108064,-2.8614,2.432700277152852e-15,6.1274058739033704e-15,0.0378,0.2752,0.024,0.193
TMED1,ENSG00000099203,-3.7386,2.484466800527145e-15,6.255322216967042e-15,0.0193,0.2594,0.012,0.18
COPG1,ENSG00000181789,-1.4361,2.51983144440463e-15,6.34185766209219e-15,0.1352,0.366,0.071,0.245
ATP10A,ENSG00000206190,2.4188,2.529244038523198e-15,6.363035021935828e-15,0.4659,0.0871,0.216,0.054
TMEM106C,ENSG00000134291,-3.7311,2.5354875055207683e-15,6.376225975422051e-15,0.0192,0.2563,0.01,0.178
ARAF,ENSG00000078061,-2.7524,2.5423575619826597e-15,6.390981647334171e-15,0.041,0.2767,0.022,0.191
C1orf53,ENSG00000203724,-4.6967,2.608779330548704e-15,6.555367848737874e-15,0.0098,0.2556,0.006,0.174
MPDU1,ENSG00000129255,-1.6924,2.680772032164946e-15,6.7336176930857095e-15,0.0989,0.3199,0.047,0.22
WBP11,ENSG00000084463,-1.9063,2.6919081440489808e-15,6.7589265137110086e-15,0.0814,0.3053,0.039,0.21
SNRPA,ENSG00000077312,-1.559,2.7383897809207328e-15,6.8729271076258544e-15,0.117,0.3451,0.053,0.227
MAOA,ENSG00000189221,-0.5272,2.7783947545372953e-15,6.970588965043392e-15,0.7527,1.0847,0.339,0.604
PSMC2,ENSG00000161057,-1.9936,2.798402460136429e-15,7.0180234789023345e-15,0.0766,0.3053,0.042,0.213
ESRRA,ENSG00000173153,-1.642,2.826261527909222e-15,7.085103122462167e-15,0.1082,0.338,0.053,0.226
ITCH,ENSG00000078747,1.6329,2.894242383730303e-15,7.252671067720393e-15,0.5761,0.1857,0.268,0.12
PPIG,ENSG00000138398,-0.5797,3.0172852294419312e-15,7.558032745655131e-15,0.4796,0.7169,0.223,0.44
DNTTIP1,ENSG00000101457,-1.9,3.039259042111333e-15,7.610084993503436e-15,0.0852,0.3182,0.044,0.216
ITSN2,ENSG00000198399,0.6292,3.0577214158562746e-15,7.65330743073567e-15,1.0509,0.6794,0.456,0.411
NRXN3,ENSG00000021645,2.1956,3.072239211410937e-15,7.686626755394319e-15,0.4823,0.1052,0.22,0.055
TUBA4A,ENSG00000127824,-3.0213,3.0960915151689404e-15,7.743265362574341e-15,0.0338,0.2755,0.019,0.187
SRPRB,ENSG00000144867,-2.499,3.1981248469103027e-15,7.995312117275756e-15,0.0531,0.3007,0.032,0.2
TMEM92,ENSG00000167105,-3.2123,3.4653244816763993e-15,8.659915159030595e-15,0.0289,0.2686,0.014,0.182
SOCS2,ENSG00000120833,-2.678,3.4800794279144116e-15,8.693380232348893e-15,0.0502,0.3217,0.023,0.192
NKTR,ENSG00000114857,0.706,3.525770962682648e-15,8.804069677674061e-15,0.9975,0.6115,0.435,0.37
SMIM10L1,ENSG00000256537,-3.699,3.584467023434421e-15,8.947132840405026e-15,0.0197,0.2565,0.009,0.177
ABL1,ENSG00000097007,1.8817,3.719851137224743e-15,9.281428962742755e-15,0.5347,0.145,0.246,0.092
LRG1,ENSG00000171236,-2.5981,3.902933615546175e-15,9.7344294988681e-15,0.0486,0.2946,0.027,0.195
TSPYL2,ENSG00000184205,-1.8474,4.0315724440276995e-15,1.0051339198543834e-14,0.0929,0.3346,0.047,0.218
PLA2G12A,ENSG00000123739,-1.0714,4.108836573083765e-15,1.0239966049026193e-14,0.1994,0.4191,0.101,0.28
COPS2,ENSG00000166200,-1.0498,4.260895724482914e-15,1.0614775398037739e-14,0.2068,0.4281,0.1,0.281
BCL6,ENSG00000113916,1.1459,4.2825549745779776e-15,1.0664565610521332e-14,0.7718,0.3487,0.338,0.22
ERCC1,ENSG00000012061,-1.6656,4.2968837897380554e-15,1.0696069566411598e-14,0.1024,0.3252,0.045,0.218
SNRNP27,ENSG00000124380,-2.4674,4.347407316747537e-15,1.0817611883007629e-14,0.0512,0.2835,0.027,0.195
ME1,ENSG00000065833,1.7872,4.590978125051494e-15,1.1419229632151104e-14,0.5683,0.1646,0.259,0.113
JAZF1,ENSG00000153814,2.9717,4.612226736232809e-15,1.1467607427255912e-14,0.4355,0.0554,0.196,0.034
CEP192,ENSG00000101639,2.5969,4.690364514745258e-15,1.1657338706238215e-14,0.4452,0.0735,0.209,0.049
ITGAE,ENSG00000083457,-2.2345,4.705054658700192e-15,1.1689292069062245e-14,0.0623,0.2937,0.031,0.2
FOXN3,ENSG00000053254,1.1486,4.818333234123007e-15,1.1966059356265747e-14,0.769,0.3468,0.338,0.219
GPS1,ENSG00000169727,-2.6575,4.820628844902937e-15,1.1967098475956473e-14,0.044,0.278,0.024,0.192
TIPARP,ENSG00000163659,-0.8441,4.990406511081886e-15,1.2383745234778911e-14,0.3074,0.5519,0.149,0.335
MRFAP1L1,ENSG00000178988,-2.8446,5.163609724504941e-15,1.2808564978100779e-14,0.0387,0.2786,0.022,0.189
TOMM40,ENSG00000130204,-2.6558,5.3664398294160115e-15,1.3306516496509948e-14,0.0436,0.275,0.024,0.191
COPS3,ENSG00000141030,-2.7114,5.732427059238005e-15,1.4208484643329036e-14,0.0414,0.2718,0.023,0.19
PLEKHB2,ENSG00000115762,-1.1534,5.836309173851601e-15,1.4460346281890385e-14,0.171,0.3806,0.078,0.256
CNOT8,ENSG00000155508,-1.0723,5.877681134660074e-15,1.4557193952392374e-14,0.2165,0.4553,0.116,0.294
PCNA,ENSG00000132646,-3.8884,5.934819158446315e-15,1.4692998887415635e-14,0.0173,0.2569,0.012,0.177
YIPF2,ENSG00000130733,-1.6902,5.997484019240982e-15,1.4842376018113844e-14,0.1,0.323,0.05,0.221
TSG101,ENSG00000074319,-1.1286,6.057564794128179e-15,1.498524468861744e-14,0.1842,0.4029,0.09,0.268
RANBP9,ENSG00000010017,1.5296,6.113884350352937e-15,1.51187016033747e-14,0.6069,0.2102,0.277,0.133
SRD5A3,ENSG00000128039,-2.1395,6.163403760343186e-15,1.5235245820933624e-14,0.0663,0.2924,0.031,0.2
ATAD2B,ENSG00000119778,1.859,6.216635055320078e-15,1.5360871502971123e-14,0.5236,0.1443,0.245,0.092
RRP7A,ENSG00000189306,-2.2518,6.4071023176175074e-15,1.582536895575808e-14,0.0614,0.2928,0.035,0.201
TPRKB,ENSG00000144034,-4.2216,6.435267069089845e-15,1.5888779072597895e-14,0.0131,0.2459,0.008,0.173
DCAF11,ENSG00000100897,-1.9088,6.9576060424585495e-15,1.7171791916636954e-14,0.0813,0.3057,0.041,0.21
RAD1,ENSG00000113456,-1.9342,7.024022990875952e-15,1.732900408933212e-14,0.0812,0.3106,0.042,0.211
SORBS1,ENSG00000095637,1.7506,7.41563034746003e-15,1.8288063235999104e-14,0.5844,0.1736,0.255,0.106
UBXN6,ENSG00000167671,-1.7114,7.474626419735956e-15,1.8426428238908244e-14,0.0991,0.3247,0.05,0.22
NORAD,ENSG00000260032,-0.625,7.680459585322184e-15,1.89265287423382e-14,0.4245,0.6548,0.198,0.409
LINC01876,ENSG00000226383,4.1473,7.96776002835786e-15,1.962692047170841e-14,0.4035,0.0227,0.175,0.01
PTGES2,ENSG00000148334,-2.4128,8.159680489350123e-15,2.009191314005679e-14,0.0534,0.285,0.031,0.197
HMCN1,ENSG00000143341,4.006,8.25124805026105e-15,2.030409797015759e-14,0.4128,0.0256,0.177,0.014
NKAP,ENSG00000101882,-1.8701,8.252222406380913e-15,2.030409797015759e-14,0.0847,0.31,0.04,0.21
USP24,ENSG00000162402,1.8245,8.278084144228908e-15,2.0359871303803738e-14,0.5385,0.152,0.249,0.098
C15orf40,ENSG00000169609,-2.2065,8.62850346706462e-15,2.1213540147526783e-14,0.0652,0.3015,0.036,0.203
COMTD1,ENSG00000165644,-3.2456,8.683911051141341e-15,2.1341531592531244e-14,0.0286,0.2721,0.017,0.181
FAM3B,ENSG00000183844,-2.2867,8.980529680681812e-15,2.205349642309189e-14,0.0615,0.3003,0.028,0.196
MYLIP,ENSG00000007944,-1.6124,8.977882589545049e-15,2.205349642309189e-14,0.1138,0.3483,0.056,0.227
GMPR2,ENSG00000100938,-3.032,9.005449911865392e-15,2.210617758496029e-14,0.0323,0.2645,0.018,0.183
VMA21,ENSG00000160131,-2.7832,9.042957911666384e-15,2.2189706192022017e-14,0.0391,0.2696,0.024,0.189
HES1,ENSG00000114315,-2.1587,9.345854800309908e-15,2.2924134033080285e-14,0.0703,0.3144,0.035,0.202
TIMM17A,ENSG00000134375,-1.6482,9.404407270066012e-15,2.305888321025801e-14,0.1054,0.3305,0.054,0.224
TENT2,ENSG00000164329,1.6138,9.786401695025867e-15,2.3985532334598086e-14,0.5988,0.1956,0.27,0.128
GOLGA4,ENSG00000144674,0.3246,9.789859628960662e-15,2.3985532334598086e-14,1.3168,1.0515,0.543,0.581
RBPMS-AS1,ENSG00000254109,-2.4297,9.985435013131672e-15,2.4455300886943684e-14,0.0562,0.3031,0.03,0.196
TTTY14,ENSG00000176728,2.4012,1.0127480667914156e-14,2.4793659469259887e-14,0.4849,0.0917,0.214,0.058
UVRAG,ENSG00000198382,1.2407,1.0284212760597695e-14,2.516769917420741e-14,0.7218,0.3054,0.32,0.196
CKAP4,ENSG00000136026,-1.837,1.0574979668179018e-14,2.586933821359986e-14,0.0887,0.3171,0.05,0.217
HLA-DQA1,ENSG00000196735,-2.5097,1.0652997153012012e-14,2.6050194419045484e-14,0.0556,0.3174,0.028,0.194
TPGS2,ENSG00000134779,-1.3186,1.1133464516910822e-14,2.7214661156175803e-14,0.153,0.3818,0.08,0.252
TSR3,ENSG00000007520,-3.3682,1.1791346399293001e-14,2.881174139344304e-14,0.0242,0.2508,0.014,0.178
SMARCE1,ENSG00000073584,-1.4349,1.2042797919060398e-14,2.941487997471649e-14,0.1344,0.3635,0.074,0.243
HPS1,ENSG00000107521,-1.7562,1.2234393441659963e-14,2.987141255862975e-14,0.0934,0.3157,0.046,0.214
CRELD2,ENSG00000184164,-2.6471,1.2357381962822123e-14,3.016014931584649e-14,0.0439,0.2758,0.024,0.189
TRMT10C,ENSG00000174173,-3.158,1.261848420469302e-14,3.078562449480214e-14,0.029,0.2596,0.015,0.18
NGRN,ENSG00000182768,-2.3863,1.290844952059759e-14,3.148101212464026e-14,0.0593,0.3106,0.033,0.197
NSMCE4A,ENSG00000107672,-2.1901,1.3393146439874366e-14,3.265059600542986e-14,0.0617,0.2819,0.028,0.195
RAB8A,ENSG00000167461,-3.4325,1.3520061548416965e-14,3.2947397695396844e-14,0.0229,0.2483,0.013,0.177
ARHGAP12,ENSG00000165322,1.2259,1.4027339327947646e-14,3.417053428187476e-14,0.698,0.2983,0.317,0.192
GLMP,ENSG00000198715,-3.5283,1.4059401488795825e-14,3.423555557336646e-14,0.0227,0.2633,0.014,0.177
COPS7A,ENSG00000111652,-2.897,1.4349125293259496e-14,3.49277104790108e-14,0.0352,0.2629,0.018,0.183
FLYWCH2,ENSG00000162076,-3.3351,1.4731072424172876e-14,3.5843735383245066e-14,0.0253,0.2564,0.013,0.177
NTHL1,ENSG00000065057,-2.7917,1.5513427998592587e-14,3.7732965849304744e-14,0.0387,0.2686,0.021,0.185
ATXN7L3B,ENSG00000253719,-2.3996,1.5756926743459415e-14,3.831060564056208e-14,0.0541,0.2859,0.032,0.196
CMC2,ENSG00000103121,-1.779,1.5790106588643787e-14,3.8376641060847936e-14,0.0913,0.3137,0.044,0.212
TADA3,ENSG00000171148,-2.2798,1.5819657485038247e-14,3.843380962923736e-14,0.0576,0.2799,0.031,0.196
TPST1,ENSG00000169902,1.4024,1.6513099843157167e-14,4.0103242476238835e-14,0.6604,0.2498,0.293,0.16
BCCIP,ENSG00000107949,-1.3416,1.692346588055006e-14,4.1084194588159415e-14,0.1429,0.3623,0.069,0.241
SERPINH1,ENSG00000149257,-0.9573,1.8333416935961202e-14,4.4490115328036795e-14,0.2255,0.438,0.104,0.284
RAP1GAP,ENSG00000076864,-1.3713,1.8630706280133527e-14,4.519435028000428e-14,0.1431,0.3702,0.069,0.241
SRM,ENSG00000116649,-2.0586,1.8831528627306587e-14,4.56641289460173e-14,0.0736,0.307,0.04,0.204
CCDC7,ENSG00000216937,2.8915,1.9537663506595378e-14,4.73584048876599e-14,0.4265,0.0574,0.193,0.033
NRBF2,ENSG00000148572,-2.6585,1.9802207484805846e-14,4.798140354072112e-14,0.0424,0.2681,0.023,0.187
SLBP,ENSG00000163950,-1.6274,2.0369153467284534e-14,4.9336380453624205e-14,0.1048,0.3241,0.053,0.22
TM2D1,ENSG00000162604,-1.1821,2.043444575985782e-14,4.947572796015709e-14,0.1673,0.3798,0.081,0.254
FKBP11,ENSG00000134285,-3.5215,2.0749518701679186e-14,5.021950710827821e-14,0.0231,0.2661,0.013,0.175
ATF7IP,ENSG00000171681,1.5079,2.093257054289302e-14,5.064331582957989e-14,0.6177,0.2171,0.279,0.142
MED29,ENSG00000063322,-2.407,2.1087757214451192e-14,5.099941283843944e-14,0.0524,0.2783,0.028,0.192
OSMR,ENSG00000145623,0.9538,2.1592752145617162e-14,5.220090820186174e-14,0.8342,0.4307,0.368,0.265
CLN3,ENSG00000188603,-1.8078,2.166190072856843e-14,5.2348224846331975e-14,0.0899,0.3149,0.047,0.213
COPS8,ENSG00000198612,-2.8515,2.2741494594944057e-14,5.4936350148832265e-14,0.0365,0.2637,0.021,0.183
C1orf116,ENSG00000182795,-0.9308,2.4072924737115775e-14,5.813064212087616e-14,0.2477,0.4724,0.125,0.301
RHOD,ENSG00000173156,-2.4578,2.43440300769628e-14,5.876304117403932e-14,0.0516,0.2838,0.031,0.193
TRAPPC5,ENSG00000181029,-2.218,2.4710419075328104e-14,5.962487570220161e-14,0.0717,0.3339,0.039,0.201
UPF3A,ENSG00000169062,-0.9401,2.5997930511095344e-14,6.270783466070103e-14,0.2362,0.4532,0.121,0.296
IFT22,ENSG00000128581,-4.6098,2.6127074326644876e-14,6.299549880195201e-14,0.0098,0.2426,0.006,0.168
BCL3,ENSG00000069399,-1.602,2.6503711322462926e-14,6.387945545584164e-14,0.1161,0.3527,0.06,0.226
NOS1AP,ENSG00000198929,3.1119,2.6982414951181204e-14,6.500865280188215e-14,0.3941,0.0455,0.187,0.029
CCNC,ENSG00000112237,-0.8424,2.7632336818043666e-14,6.654935671138209e-14,0.2685,0.4815,0.132,0.317
HNRNPR,ENSG00000125944,-0.6916,2.7704424587733285e-14,6.669777445120834e-14,0.3406,0.5502,0.162,0.353
CCDC91,ENSG00000123106,1.2311,2.862707704039643e-14,6.889302232258483e-14,0.7191,0.3063,0.32,0.2
TBC1D22A-DT,ENSG00000260708,-5.8232,2.936090538223947e-14,7.063236672142513e-14,0.0043,0.2467,0.003,0.164
SMC3,ENSG00000108055,-1.8645,2.942125540880375e-14,7.075084995515802e-14,0.0827,0.3016,0.04,0.206
ECSIT,ENSG00000130159,-2.83,3.026857528774415e-14,7.276099828784652e-14,0.0376,0.2679,0.023,0.184
PCK2,ENSG00000100889,-3.3468,3.0386042678816383e-14,7.301583945625874e-14,0.0253,0.258,0.014,0.176
SESTD1,ENSG00000187231,0.9649,3.106260241093712e-14,7.461344776553284e-14,0.821,0.4206,0.365,0.264
MDM2,ENSG00000135679,1.4423,3.157288295378678e-14,7.581059466304736e-14,0.646,0.2377,0.288,0.156
OXLD1,ENSG00000204237,-2.6046,3.399069328561128e-14,8.158534250593822e-14,0.0442,0.2694,0.022,0.184
SGMS2,ENSG00000164023,-0.6241,3.402896039023483e-14,8.164645182075537e-14,0.4874,0.7512,0.226,0.424
ZNF330,ENSG00000109445,-1.7327,3.4195274681203784e-14,8.20146260694786e-14,0.0947,0.3151,0.05,0.215
DNAJC21,ENSG00000168724,-0.8163,3.4266373066181e-14,8.21542415558119e-14,0.2941,0.5179,0.148,0.33
GNS,ENSG00000135677,-1.5714,3.452632134142015e-14,8.274635283892987e-14,0.1107,0.3292,0.059,0.224
NPNT,ENSG00000168743,0.6654,3.4715044395464433e-14,8.316738369826597e-14,0.9976,0.629,0.431,0.375
SORBS2,ENSG00000154556,1.1013,3.4992463711621896e-14,8.380050945213734e-14,0.7481,0.3486,0.334,0.217
ADRB2,ENSG00000169252,-2.4635,3.571823144973646e-14,8.550646845364999e-14,0.0521,0.2878,0.026,0.188
CDK16,ENSG00000102225,-1.9592,3.85252627809863e-14,9.219164798377915e-14,0.0773,0.3007,0.041,0.204
CINP,ENSG00000100865,-3.6481,3.8775625946553965e-14,9.275595324926137e-14,0.0195,0.2457,0.01,0.171
MIR4458HG,ENSG00000247516,-4.3544,4.055019285907675e-14,9.69645459402154e-14,0.0123,0.2526,0.008,0.168
DYNC2I1,ENSG00000126870,1.467,4.1653014897338346e-14,9.95642932022992e-14,0.6317,0.2284,0.282,0.15
WAC,ENSG00000095787,0.8118,4.238993516433604e-14,1.0128779485481345e-13,0.8991,0.5121,0.395,0.323
AP1S1,ENSG00000106367,-2.2441,4.404645791512224e-14,1.0520650775904993e-13,0.0585,0.2777,0.028,0.191
NIT2,ENSG00000114021,-2.6868,4.431805630403441e-14,1.0581558387199227e-13,0.0416,0.2683,0.022,0.184
MRPS2,ENSG00000122140,-4.0976,4.510778401704316e-14,1.0766084728889935e-13,0.0138,0.2385,0.008,0.168
FOXO3,ENSG00000118689,1.03,4.639089893889226e-14,1.106818790177538e-13,0.8269,0.4049,0.354,0.259
XRCC5,ENSG00000079246,-0.5947,4.643485935031641e-14,1.1074531551001388e-13,0.4351,0.6571,0.205,0.41
LINC00571,ENSG00000223685,3.174,4.726708130977441e-14,1.1268797432678082e-13,0.3832,0.0424,0.18,0.02
TMBIM1,ENSG00000135926,-1.3411,4.734580744934049e-14,1.12833466351232e-13,0.1392,0.3529,0.071,0.238
PDS5A,ENSG00000121892,0.9525,4.8885960514752013e-14,1.1646038799758747e-13,0.8347,0.4313,0.367,0.274
CCPG1,ENSG00000260916,-0.7579,5.0020220941215735e-14,1.191180084050244e-13,0.3121,0.5278,0.153,0.339
MBNL2,ENSG00000139793,1.2166,5.184450217700595e-14,1.2341624397998988e-13,0.7318,0.3148,0.317,0.198
DGKH,ENSG00000102780,3.164,5.5046610996039086e-14,1.3098997577444913e-13,0.401,0.0446,0.185,0.028
TMEM98,ENSG00000006042,-1.9093,5.5269186802980956e-14,1.3147054696604612e-13,0.0799,0.3003,0.042,0.204
GLRX,ENSG00000173221,-1.2228,5.564848339459254e-14,1.3232341724749252e-13,0.1595,0.3725,0.077,0.246
SCYL1,ENSG00000142186,-1.9708,5.6374436630706367e-14,1.3399963964233897e-13,0.0754,0.2958,0.04,0.202
OARD1,ENSG00000124596,-1.9835,5.691238643477884e-14,1.3522790291528702e-13,0.0758,0.3002,0.044,0.206
VPS53,ENSG00000141252,1.5781,5.725198331367094e-14,1.359841257915992e-13,0.5756,0.1927,0.266,0.129
GGCX,ENSG00000115486,-1.2016,5.730440550961361e-14,1.3605794604237867e-13,0.1669,0.3839,0.085,0.253
SMIM12,ENSG00000163866,-2.2758,5.764630192043267e-14,1.3681875455798894e-13,0.0566,0.2743,0.031,0.192
FH,ENSG00000091483,-3.2716,5.843294141272239e-14,1.3863416505623567e-13,0.0256,0.2476,0.014,0.174
HECTD4,ENSG00000173064,1.7836,6.239520916223167e-14,1.479797092296231e-13,0.5345,0.1552,0.245,0.1
SEC22B,ENSG00000265808,-1.1548,6.303457114416255e-14,1.4944045780737683e-13,0.1721,0.3834,0.085,0.255
TMX1,ENSG00000139921,-2.0075,6.415845667422601e-14,1.520483870996992e-13,0.072,0.29,0.037,0.198
FAM193A,ENSG00000125386,2.0352,6.483222668390137e-14,1.5358805095127138e-13,0.4857,0.1184,0.226,0.077
VPS26A,ENSG00000122958,-1.1866,6.547557259145297e-14,1.5505452276022017e-13,0.1593,0.3628,0.078,0.247
PIGT,ENSG00000124155,-1.9429,6.744734869763619e-14,1.5966462976139276e-13,0.0766,0.2946,0.041,0.203
MED31,ENSG00000108590,-2.1949,6.85135947285536e-14,1.6212849532090913e-13,0.063,0.2889,0.032,0.193
TCEAL1,ENSG00000172465,-3.4742,6.86172131641306e-14,1.6231344486876903e-13,0.0219,0.2443,0.01,0.17
ISCA1,ENSG00000135070,-2.9504,6.871118920608893e-14,1.6247545667240983e-13,0.0327,0.2536,0.018,0.178
CLDND1,ENSG00000080822,-2.5293,6.898404245178352e-14,1.630601670856952e-13,0.0463,0.2678,0.024,0.185
HIVEP3,ENSG00000127124,1.6246,7.095439060823724e-14,1.676553892244301e-13,0.5721,0.1855,0.255,0.112
BRD7,ENSG00000166164,-1.1781,7.312985551493415e-14,1.7273168910993152e-13,0.1694,0.3835,0.085,0.253
ALDH3B1,ENSG00000006534,-1.7251,7.599995470470358e-14,1.794443374972168e-13,0.0973,0.322,0.053,0.214
EPB41L5,ENSG00000115109,1.0715,7.662549320663512e-14,1.8085432032295406e-13,0.7564,0.3599,0.338,0.234
OSTF1,ENSG00000134996,-1.4742,8.100990867778774e-14,1.91131816365987e-13,0.1206,0.3353,0.063,0.228
ZNF292,ENSG00000188994,1.1814,8.313521539903601e-14,1.9607362122414153e-13,0.7054,0.311,0.318,0.202
G3BP2,ENSG00000138757,-0.8477,8.366613184058435e-14,1.972528071315552e-13,0.2634,0.4741,0.131,0.309
CSNK1G1,ENSG00000169118,1.972,8.431050669999178e-14,1.986985139417551e-13,0.501,0.1276,0.231,0.085
RNGTT,ENSG00000111880,2.2139,8.524262558304865e-14,2.0082104142347937e-13,0.4547,0.0979,0.214,0.063
DCTN1,ENSG00000204843,-2.1232,8.535651617157179e-14,2.0101506856068347e-13,0.067,0.2922,0.039,0.198
TRIAP1,ENSG00000170855,-4.0767,8.819778755529471e-14,2.0762957742429977e-13,0.0136,0.2317,0.005,0.164
SLC6A14,ENSG00000268104,-0.6963,9.701294386585342e-14,2.282973485215266e-13,0.3944,0.639,0.181,0.371
UBR3,ENSG00000144357,1.4455,9.706245447979616e-14,2.28329574652657e-13,0.6096,0.2238,0.277,0.143
PXMP2,ENSG00000176894,-3.0626,9.833061324835895e-14,2.312274656799293e-13,0.03,0.251,0.015,0.174
FUCA1,ENSG00000179163,-2.7666,9.841424635241624e-14,2.3133879811823506e-13,0.0381,0.2596,0.021,0.18
PPP5C,ENSG00000011485,-5.4858,9.933039359054345e-14,2.3340628792470124e-13,0.0051,0.2338,0.005,0.162
MAPRE1,ENSG00000101367,-2.3843,9.950222094489841e-14,2.337238977611376e-13,0.0509,0.2661,0.027,0.186
MANBAL,ENSG00000101363,-2.478,1.0121083774798736e-13,2.376497571430642e-13,0.0473,0.2637,0.026,0.185
UBA1,ENSG00000130985,-1.1625,1.0125671689407469e-13,2.3766994484526e-13,0.1677,0.3756,0.085,0.252
SLC39A11,ENSG00000133195,2.3162,1.0309122283763631e-13,2.418868404821242e-13,0.4707,0.0944,0.211,0.061
IL18,ENSG00000150782,-1.0228,1.047595057139595e-13,2.457107611944414e-13,0.205,0.4167,0.096,0.268
CDCA7L,ENSG00000164649,-2.0773,1.073679857605671e-13,2.517362667243896e-13,0.0671,0.2837,0.033,0.194
PPP1R10,ENSG00000204569,-1.4033,1.0779110237094677e-13,2.526353961819065e-13,0.1349,0.3569,0.068,0.232
TMEM106B,ENSG00000106460,-1.2963,1.0826791884614908e-13,2.5365967756126436e-13,0.1469,0.3609,0.077,0.242
TMEM259,ENSG00000182087,-0.9823,1.1576221378115584e-13,2.711183368313257e-13,0.2095,0.4139,0.1,0.272
KIAA1191,ENSG00000122203,-1.9487,1.172866544055154e-13,2.745877421355713e-13,0.0741,0.2862,0.039,0.198
PTPN4,ENSG00000088179,1.1874,1.213335417898187e-13,2.839579034178026e-13,0.6979,0.3064,0.313,0.195
NBEAL1,ENSG00000144426,0.3558,1.2178661228041098e-13,2.84913634233989e-13,1.2864,1.0052,0.534,0.546
DDA1,ENSG00000130311,-2.476,1.2382861154186506e-13,2.8958451892127283e-13,0.0481,0.2682,0.027,0.186
PPP1R1B,ENSG00000131771,-2.043,1.2683490777289343e-13,2.965062475438928e-13,0.0759,0.313,0.04,0.199
RBM33,ENSG00000184863,1.187,1.2924773033180459e-13,3.020360267101372e-13,0.6862,0.3013,0.313,0.193
NUBP1,ENSG00000103274,-2.8295,1.3636754376985377e-13,3.185573805543488e-13,0.0359,0.2557,0.019,0.177
PIK3CB,ENSG00000051382,1.667,1.389349380090353e-13,3.244359816145055e-13,0.5288,0.1665,0.25,0.11
ALG3,ENSG00000214160,-3.1212,1.3927977986521298e-13,3.251221518274378e-13,0.0292,0.2547,0.019,0.176
PIP4P1,ENSG00000165782,-3.0471,1.4113583937952254e-13,3.293341786399913e-13,0.0296,0.2453,0.014,0.172
GOLGA2,ENSG00000167110,-1.0762,1.4126706778276536e-13,3.295197794054626e-13,0.1969,0.4153,0.103,0.27
SETD2,ENSG00000181555,1.1373,1.4436332928545797e-13,3.366189554479863e-13,0.7193,0.3269,0.323,0.209
ZBTB8OS,ENSG00000176261,-0.9197,1.4962487328288867e-13,3.487599879994206e-13,0.2305,0.4361,0.113,0.287
CHID1,ENSG00000177830,-1.8127,1.521246239360911e-13,3.5445704590372103e-13,0.0823,0.2893,0.041,0.202
MFSD1,ENSG00000118855,-2.1885,1.5421376138098685e-13,3.5919354358925507e-13,0.0616,0.2813,0.031,0.189
RNF111,ENSG00000157450,1.9327,1.5991311198833116e-13,3.7233239186472286e-13,0.48,0.1257,0.227,0.08
DERL2,ENSG00000072849,-2.4754,1.6705788488410307e-13,3.8868394749494786e-13,0.0481,0.2677,0.027,0.184
NSD1,ENSG00000165671,1.3427,1.6705788488410307e-13,3.8868394749494786e-13,0.6346,0.2501,0.291,0.166
MRPS11,ENSG00000181991,-2.3069,1.6743358333580278e-13,3.894159408120185e-13,0.0537,0.2662,0.027,0.186
PPIE,ENSG00000084072,-3.225,1.6787608989257913e-13,3.9030272540670747e-13,0.0259,0.243,0.013,0.17
STK32A,ENSG00000169302,2.679,1.6888304713075206e-13,3.9250070195353423e-13,0.4082,0.0637,0.193,0.04
ILF3,ENSG00000129351,-0.7171,1.705122788060014e-13,3.961427760161294e-13,0.3168,0.5208,0.154,0.335
GIGYF2,ENSG00000204120,1.1573,1.735394084186209e-13,4.0302868075362776e-13,0.7196,0.3226,0.322,0.211
PRKAB1,ENSG00000111725,-1.5592,1.7367581583046392e-13,4.0319858919126273e-13,0.1115,0.3289,0.058,0.219
SNX2,ENSG00000205302,-0.9523,1.7581844837276697e-13,4.0802424767979235e-13,0.2155,0.4171,0.108,0.279
CYTH2,ENSG00000105443,-2.1771,1.766044594422593e-13,4.096992099506561e-13,0.0611,0.2765,0.031,0.19
NR2F6,ENSG00000160113,-1.7076,1.81902872987064e-13,4.218373282257304e-13,0.0933,0.3051,0.047,0.208
DAPK1,ENSG00000196730,0.9768,1.8363482562303215e-13,4.256989139443018e-13,0.8377,0.4256,0.357,0.261
SEC24D,ENSG00000150961,1.2276,1.8554932731272645e-13,4.299807203266562e-13,0.691,0.295,0.311,0.197
SHROOM4,ENSG00000158352,1.7823,1.857106189534462e-13,4.3019810894920766e-13,0.5113,0.1486,0.236,0.091
CDC42EP3,ENSG00000163171,-1.3475,1.8729438541002502e-13,4.337093014852559e-13,0.142,0.3615,0.073,0.237
ECHDC3,ENSG00000134463,-2.6345,1.8996885631930431e-13,4.397427229613526e-13,0.0414,0.2576,0.024,0.181
CREB3,ENSG00000107175,-2.9745,1.9474247797805289e-13,4.506291459564745e-13,0.0305,0.2404,0.014,0.171
TMX4,ENSG00000125827,-2.2063,1.9952215960379178e-13,4.615216863113834e-13,0.0598,0.2762,0.031,0.19
SF3A1,ENSG00000099995,-2.2955,2.0985201125622546e-13,4.852399607393679e-13,0.0556,0.2731,0.031,0.188
ZFPL1,ENSG00000162300,-4.5109,2.127533180145497e-13,4.917702691598094e-13,0.0101,0.2319,0.005,0.161
AASS,ENSG00000008311,1.504,2.1329534654778562e-13,4.928444488010632e-13,0.5931,0.2091,0.268,0.135
UMAD1,ENSG00000219545,1.5366,2.1858299039236684e-13,5.048791897649777e-13,0.5789,0.1995,0.263,0.128
NMRAL1,ENSG00000153406,-1.8621,2.2424979449558093e-13,5.177806736361204e-13,0.0787,0.2865,0.037,0.197
DDX54,ENSG00000123064,-2.0675,2.249776415216028e-13,5.19273158834257e-13,0.0652,0.2736,0.032,0.191
ADGRE5,ENSG00000123146,-0.8812,2.278295769151761e-13,5.256654190496734e-13,0.2624,0.4834,0.136,0.308
RALBP1,ENSG00000017797,-1.2018,2.3502056751666317e-13,5.420608241384688e-13,0.1586,0.365,0.08,0.244
SMG6,ENSG00000070366,1.9403,2.359143949026913e-13,5.43925594034234e-13,0.4695,0.1223,0.226,0.081
SLC35B2,ENSG00000157593,-3.5342,2.381635986704252e-13,5.489128494302098e-13,0.0207,0.2406,0.014,0.169
DNTTIP2,ENSG00000067334,-2.1667,2.454487655110793e-13,5.654990531742431e-13,0.0619,0.2784,0.035,0.192
CTBP2,ENSG00000175029,1.4555,2.487009798806849e-13,5.727849518567075e-13,0.6205,0.2262,0.279,0.153
TIMM50,ENSG00000105197,-2.6108,2.4950671048452287e-13,5.74433109187011e-13,0.0423,0.2589,0.024,0.181
LMO7,ENSG00000136153,0.2916,2.553613740699081e-13,5.876999132475322e-13,1.3458,1.0995,0.544,0.601
UBE3C,ENSG00000009335,1.4331,2.664524043394403e-13,6.130039977134363e-13,0.5785,0.2142,0.273,0.142
CTDSP1,ENSG00000144579,-2.006,2.6784365691386665e-13,6.159824360843795e-13,0.0705,0.2834,0.039,0.197
ENSG00000258234,ENSG00000258234,3.5798,2.691371041792987e-13,6.187338763588277e-13,0.3611,0.0301,0.168,0.013
PIGA,ENSG00000165195,-1.3837,2.6965469753574354e-13,6.19700323284198e-13,0.1395,0.3641,0.072,0.233
PWP1,ENSG00000136045,-1.8565,2.7086622068953293e-13,6.222602367191973e-13,0.0783,0.2838,0.037,0.196
CDS1,ENSG00000163624,-0.7825,2.7490766031430514e-13,6.313171233802937e-13,0.2774,0.4773,0.131,0.307
ZFYVE21,ENSG00000100711,-2.2202,2.8101854963712734e-13,6.451182045144712e-13,0.0575,0.2681,0.031,0.187
KLF13,ENSG00000169926,-0.6611,2.8169178465440186e-13,6.464309313073477e-13,0.3698,0.5849,0.176,0.364
PHF1,ENSG00000112511,-2.2127,2.819976107643954e-13,6.468998807567545e-13,0.0585,0.2717,0.028,0.186
PPP2CA,ENSG00000113575,-0.839,2.962507514677287e-13,6.793519930240181e-13,0.248,0.4437,0.119,0.292
MT-CO2,ENSG00000198712,-0.4217,2.9858204115889535e-13,6.844518203480611e-13,1.9434,2.6033,0.668,0.942
CHSY3,ENSG00000198108,3.4448,3.0323981824520725e-13,6.948791665396105e-13,0.38,0.0348,0.172,0.018
AZGP1,ENSG00000160862,-3.5651,3.045993859495333e-13,6.97743832349362e-13,0.0267,0.317,0.014,0.168
MTRFR,ENSG00000130921,-1.6457,3.1252736219485676e-13,7.156472464052486e-13,0.1017,0.3186,0.054,0.213
FKBP4,ENSG00000004478,-2.2315,3.1377093691650124e-13,7.182368843241276e-13,0.0578,0.2717,0.03,0.187
DUSP3,ENSG00000108861,-1.8546,3.1494940013045113e-13,7.206756733063984e-13,0.0806,0.2917,0.044,0.201
PYCR2,ENSG00000143811,-2.8719,3.151856138830594e-13,7.206988122326053e-13,0.0333,0.2445,0.017,0.172
GFER,ENSG00000127554,-3.4431,3.151681106026439e-13,7.206988122326053e-13,0.0221,0.2418,0.012,0.167
FN3K,ENSG00000167363,-3.6391,3.204265609952807e-13,7.324199807618912e-13,0.0207,0.259,0.01,0.165
DBNL,ENSG00000136279,-1.7966,3.3284279859750974e-13,7.605279000211916e-13,0.0847,0.2946,0.045,0.203
RHOG,ENSG00000177105,-5.3892,3.350474335639924e-13,7.652910745146727e-13,0.0053,0.2265,0.004,0.158
LYSET,ENSG00000153485,-4.3896,3.4486014048471073e-13,7.874224196239366e-13,0.0109,0.2303,0.008,0.162
YIPF4,ENSG00000119820,-1.7905,3.5249470960082494e-13,8.045663350179946e-13,0.0876,0.3034,0.051,0.209
OSBPL10,ENSG00000144645,2.0232,3.6104450306655015e-13,8.237862229954392e-13,0.4403,0.1082,0.216,0.068
ARMCX3,ENSG00000102401,-1.4793,3.630099177403816e-13,8.279743204275252e-13,0.1162,0.3243,0.063,0.222
MT-CO3,ENSG00000198938,-0.4431,3.653600273348675e-13,8.330365430113664e-13,1.8709,2.5436,0.65,0.941
TIMP1,ENSG00000102265,-11.3398,3.826894421456856e-13,8.722363938787078e-13,0.0,0.2591,0.0,0.154
PCNX1,ENSG00000100731,1.7766,3.8962291728769016e-13,8.877219791669139e-13,0.51,0.1488,0.237,0.097
FAM3A,ENSG00000071889,-2.1421,3.9339136770853794e-13,8.959878417798962e-13,0.062,0.2742,0.033,0.19
BECN1,ENSG00000126581,-1.5433,4.055064290672849e-13,9.232512447514076e-13,0.1084,0.316,0.056,0.215
WTAP,ENSG00000146457,-0.6825,4.1168354001590673e-13,9.369805667980741e-13,0.326,0.5234,0.154,0.336
ROR1,ENSG00000185483,1.9526,4.204196234167192e-13,9.565221624845056e-13,0.4801,0.124,0.222,0.077
DPH3,ENSG00000154813,-3.4229,4.2256189625142946e-13,9.610531889414424e-13,0.0225,0.2421,0.013,0.167
MT-ND6,ENSG00000198695,0.537,4.2839025513508675e-13,9.739614395457126e-13,1.1868,0.8179,0.463,0.458
COQ10B,ENSG00000115520,-1.6982,4.5128167792037683e-13,1.0256401770917654e-12,0.0917,0.2977,0.047,0.206
TAF15,ENSG00000270647,0.8736,4.571203179880589e-13,1.0385395677740112e-12,0.8334,0.4548,0.371,0.29
PEMT,ENSG00000133027,-3.1395,4.633268839121006e-13,1.0522653669182904e-12,0.0283,0.2505,0.015,0.17
VPS8,ENSG00000156931,1.8742,4.637103371174004e-13,1.0527611820240128e-12,0.5129,0.1398,0.231,0.091
TXNDC9,ENSG00000115514,-2.1705,4.704714303677403e-13,1.0677306402970255e-12,0.0582,0.2622,0.027,0.183
LARP4B,ENSG00000107929,0.8866,4.737641032292475e-13,1.0748206968279191e-12,0.8094,0.4377,0.365,0.273
CLASP2,ENSG00000163539,1.6797,4.789765288692704e-13,1.0862594704879397e-12,0.5258,0.1641,0.244,0.105
COMMD7,ENSG00000149600,-2.2414,4.859694732577121e-13,1.1017266685696707e-12,0.0556,0.2631,0.028,0.184
SLC4A2,ENSG00000164889,-1.4129,5.164336927947978e-13,1.170374970340148e-12,0.1228,0.3271,0.063,0.221
BMPR2,ENSG00000204217,1.6042,5.169456114452783e-13,1.1711187892550281e-12,0.5587,0.1837,0.257,0.125
SREBF2,ENSG00000198911,0.7639,5.429180071608296e-13,1.2295212417940635e-12,0.9257,0.5451,0.404,0.34
ZNF644,ENSG00000122482,1.0682,5.484993311877992e-13,1.241719899262152e-12,0.7449,0.3552,0.334,0.23
TP53I11,ENSG00000175274,-1.325,5.776109225773607e-13,1.30715996855899e-12,0.1339,0.3355,0.068,0.227
NT5C3B,ENSG00000141698,-3.7643,6.001960613365773e-13,1.357789173534663e-12,0.0169,0.231,0.008,0.161
U2AF1,ENSG00000160201,-4.339,6.127270173348942e-13,1.385645525189766e-12,0.0115,0.2339,0.006,0.159
STAG2,ENSG00000101972,-1.1418,6.389320501361187e-13,1.4443942622758002e-12,0.1724,0.3804,0.087,0.251
URM1,ENSG00000167118,-2.5185,6.522920816864058e-13,1.4740737400747383e-12,0.0449,0.258,0.026,0.179
PSMD9,ENSG00000110801,-1.6267,6.786124579962379e-13,1.533010070774634e-12,0.1007,0.3112,0.05,0.206
ZDHHC16,ENSG00000171307,-1.6674,6.926157182022624e-13,1.5640896930709965e-12,0.0926,0.2943,0.045,0.201
ARHGEF3,ENSG00000163947,2.1651,6.958843730950931e-13,1.5709146170259273e-12,0.4576,0.1019,0.211,0.067
PAM16,ENSG00000217930,-1.6655,7.041994837774418e-13,1.5891227288782979e-12,0.1122,0.356,0.058,0.212
RBM7,ENSG00000076053,-2.2678,7.102567828295039e-13,1.6022246958733501e-12,0.0537,0.2589,0.026,0.18
CHMP4A,ENSG00000254505,-1.7143,7.291957342211964e-13,1.6443660437425282e-12,0.0879,0.2886,0.044,0.2
ALPL,ENSG00000162551,-0.4736,7.360273150957677e-13,1.6591846300337764e-12,0.8601,1.1944,0.372,0.633
ARMC10,ENSG00000170632,-1.6942,7.411162039289948e-13,1.6700656769343733e-12,0.0873,0.2827,0.041,0.198
MYCBP2,ENSG00000005810,1.0349,7.427592409501507e-13,1.6731767353559047e-12,0.7586,0.3702,0.336,0.237
SZRD1,ENSG00000055070,-1.3269,7.609455328216119e-13,1.7135385982825065e-12,0.1326,0.3329,0.067,0.226
APEH,ENSG00000164062,-2.4219,7.63736995500621e-13,1.7192172833038342e-12,0.0497,0.2669,0.03,0.182
THRB,ENSG00000151090,1.6122,7.756391084714801e-13,1.7453933344531188e-12,0.537,0.1756,0.245,0.106
DNPEP,ENSG00000123992,-2.4548,8.501358916007635e-13,1.9123557900334746e-12,0.0462,0.2536,0.027,0.179
TSPAN12,ENSG00000106025,-1.7204,8.55531364962538e-13,1.923813915921051e-12,0.089,0.2935,0.046,0.201
PDZD11,ENSG00000120509,-5.3545,8.877458660397823e-13,1.9955500338517675e-12,0.0053,0.2215,0.004,0.155
DCAF6,ENSG00000143164,1.3437,9.4066449272045e-13,2.1137596549499008e-12,0.6082,0.2396,0.282,0.159
ZZZ3,ENSG00000036549,1.6654,9.504439361228295e-13,2.134982414652233e-12,0.5429,0.1711,0.248,0.114
TMEM53,ENSG00000126106,-1.9404,9.537085685595148e-13,2.141561156945018e-12,0.073,0.2805,0.037,0.192
JAK1,ENSG00000162434,-0.467,9.761274322286717e-13,2.191131119879501e-12,0.7471,1.0326,0.332,0.58
KDM6B,ENSG00000132510,-1.615,9.90192304577769e-13,2.221920430018753e-12,0.1079,0.3308,0.055,0.211
EIF4EBP3,ENSG00000243056,-3.7181,1.005384907958734e-12,2.255217729851136e-12,0.0207,0.2733,0.014,0.165
DHX30,ENSG00000132153,-1.3487,1.0233061894371237e-12,2.2946102559485274e-12,0.1346,0.343,0.071,0.228
NECTIN2,ENSG00000130202,-0.7845,1.0438354174944458e-12,2.339820951662128e-12,0.2752,0.4741,0.136,0.306
SCAI,ENSG00000173611,1.316,1.0693180465993224e-12,2.396099313557357e-12,0.642,0.2578,0.285,0.162
STAU2,ENSG00000040341,1.5311,1.0777423052493341e-12,2.4141276162911123e-12,0.5609,0.194,0.257,0.125
CXCL8,ENSG00000169429,-3.7809,1.0790891854362005e-12,2.4162955943645162e-12,0.0226,0.3117,0.01,0.161
PLEKHM3,ENSG00000178385,2.4686,1.085465254752583e-12,2.429719451912822e-12,0.4046,0.073,0.19,0.042
SLC2A13,ENSG00000151229,1.6152,1.1248410110756776e-12,2.5169748843830977e-12,0.5355,0.1747,0.246,0.112
TMEM120A,ENSG00000189077,-3.169,1.1671669916295322e-12,2.6107682707502695e-12,0.0274,0.2468,0.018,0.169
IL6ST,ENSG00000134352,-0.4953,1.1719864482648508e-12,2.6206291152888194e-12,0.572,0.8064,0.266,0.476
EOLA2-DT,ENSG00000235703,3.234,1.1764426946623612e-12,2.629671170572424e-12,0.3786,0.0402,0.169,0.019
ARV1,ENSG00000173409,-2.0651,1.228467297915609e-12,2.744997905437086e-12,0.0642,0.2688,0.031,0.184
IL20RA,ENSG00000016402,-1.9943,1.2446416782135747e-12,2.7801649259325643e-12,0.0746,0.2975,0.04,0.192
THUMPD1,ENSG00000066654,-1.8336,1.2712728539818079e-12,2.8386565478578025e-12,0.0818,0.2919,0.045,0.198
POP4,ENSG00000105171,-3.9991,1.324646073758985e-12,2.956799271783449e-12,0.014,0.2247,0.008,0.158
BUB3,ENSG00000154473,-1.6057,1.3284850237464828e-12,2.9643304257556275e-12,0.0998,0.304,0.056,0.211
KRAS,ENSG00000133703,-0.8386,1.3410824847800954e-12,2.991392876302697e-12,0.2378,0.4253,0.113,0.281
CDK19,ENSG00000155111,2.0125,1.3440593091322103e-12,2.9969842937103324e-12,0.4701,0.1164,0.217,0.077
GTF2IRD1,ENSG00000006704,2.0407,1.3524070134016117e-12,3.014543605047299e-12,0.4674,0.1135,0.216,0.075
UBE2H,ENSG00000186591,0.9333,1.3711811972406114e-12,3.0553233598073743e-12,0.7977,0.4177,0.354,0.267
POLR3K,ENSG00000161980,-5.188,1.3750780941826647e-12,3.0629360064341327e-12,0.0059,0.217,0.004,0.154
ARHGAP10,ENSG00000071205,2.3218,1.3808132065610614e-12,3.074636462391466e-12,0.4278,0.0855,0.2,0.057
UBE2V2,ENSG00000169139,-1.09,1.389272186752711e-12,3.092391826308845e-12,0.1733,0.3691,0.091,0.252
CCS,ENSG00000173992,-1.7948,1.3945754263315858e-12,3.1031128596383454e-12,0.0842,0.2923,0.044,0.197
STARD13,ENSG00000133121,1.4791,1.3964230427655967e-12,3.1061398805410602e-12,0.5611,0.2012,0.257,0.123
DCTPP1,ENSG00000179958,-4.5913,1.4058111460098563e-12,3.1259316553236253e-12,0.0089,0.2162,0.004,0.154
HADHB,ENSG00000138029,-0.8023,1.411977106352178e-12,3.1385474382828226e-12,0.2616,0.4562,0.13,0.3
SNRNP25,ENSG00000161981,-4.2815,1.4378001545858427e-12,3.1948330378127387e-12,0.0115,0.2247,0.008,0.158
SLC39A8,ENSG00000138821,-0.5006,1.5811730565027707e-12,3.5121875383990116e-12,0.9915,1.4028,0.415,0.722
DNAJB12,ENSG00000148719,-1.9602,1.6828811611862139e-12,3.7368050862285314e-12,0.0705,0.2747,0.037,0.189
HNRNPH3,ENSG00000096746,-0.6973,1.754003758869494e-12,3.89337533523434e-12,0.3115,0.5051,0.153,0.329
ENSG00000283103,ENSG00000283103,-2.9767,1.8017721337039437e-12,3.9980150895797566e-12,0.0309,0.2438,0.015,0.166
RRAS,ENSG00000126458,-2.2775,1.849175241438689e-12,4.101771803817551e-12,0.0548,0.2659,0.028,0.18
THUMPD3-AS1,ENSG00000206573,-1.1598,1.890524587961268e-12,4.192032782001073e-12,0.1711,0.3823,0.094,0.252
CARMIL1,ENSG00000079691,1.1933,1.8998924782168187e-12,4.211340246395069e-12,0.6779,0.2964,0.302,0.188
GATAD2B,ENSG00000143614,1.4631,1.9114610200100614e-12,4.235510602212075e-12,0.5902,0.214,0.266,0.14
TATDN1,ENSG00000147687,-1.1959,1.913104618273531e-12,4.237679618309159e-12,0.1542,0.3533,0.077,0.235
EIF3A,ENSG00000107581,-0.4546,1.913824128376442e-12,4.237800909482396e-12,0.6455,0.8847,0.291,0.517
DENND4A,ENSG00000174485,1.5448,1.9286327205313288e-12,4.267627071637355e-12,0.5497,0.1883,0.249,0.116
LMBR1,ENSG00000105983,1.9159,1.928063077999972e-12,4.267627071637355e-12,0.4659,0.1234,0.221,0.082
CRLS1,ENSG00000088766,-0.8055,1.9294097718646642e-12,4.2678651268692695e-12,0.2616,0.4573,0.131,0.299
HTATSF1,ENSG00000102241,-2.7378,1.9739480794774913e-12,4.364869582611518e-12,0.0369,0.2469,0.022,0.172
IDS,ENSG00000010404,-1.2922,1.9847864375734026e-12,4.3873139873545225e-12,0.1356,0.3323,0.065,0.223
TMEM131L,ENSG00000121210,2.4908,2.013488612852069e-12,4.449216605522336e-12,0.4174,0.0742,0.193,0.049
TLCD1,ENSG00000160606,-3.6427,2.0672906045912802e-12,4.566520306399658e-12,0.0186,0.2329,0.01,0.16
XPO1,ENSG00000082898,1.1809,2.0795792577395864e-12,4.592074045060569e-12,0.6834,0.3014,0.308,0.2
G6PD,ENSG00000160211,-3.0286,2.1222175695462686e-12,4.6846042264049385e-12,0.0298,0.2443,0.019,0.168
ASNSD1,ENSG00000138381,-3.2882,2.1635669324567425e-12,4.774226097061867e-12,0.024,0.2354,0.014,0.164
EIF2S1,ENSG00000134001,-1.711,2.250216230185214e-12,4.9637122724673836e-12,0.0862,0.2825,0.045,0.198
KANSL1L,ENSG00000144445,1.4049,2.2639341317558425e-12,4.992244929070736e-12,0.5876,0.2218,0.264,0.134
ARL4A,ENSG00000122644,-2.4294,2.445654461040958e-12,5.391095155302942e-12,0.0465,0.2511,0.023,0.173
GCNT2,ENSG00000111846,1.0585,2.480481250251204e-12,5.465975793415632e-12,0.7059,0.3389,0.322,0.22
LAP3,ENSG00000002549,-1.719,2.4865875349345995e-12,5.477538194612326e-12,0.0875,0.2883,0.044,0.196
VEZF1,ENSG00000136451,-1.1019,2.527989683257837e-12,5.566816660023735e-12,0.1664,0.3573,0.083,0.242
TIMMDC1,ENSG00000113845,-1.3613,2.5688324616639953e-12,5.65480212123894e-12,0.1187,0.3051,0.054,0.21
GUSB,ENSG00000169919,-1.7776,2.600305116510376e-12,5.722107393080306e-12,0.0841,0.2885,0.045,0.197
ING2,ENSG00000168556,-3.561,2.639050738349319e-12,5.805365237052074e-12,0.0193,0.2289,0.009,0.158
MYO10,ENSG00000145555,1.4231,2.6499213781275857e-12,5.827267604540655e-12,0.6,0.2237,0.271,0.148
CMC1,ENSG00000187118,-1.0765,2.6557984288386475e-12,5.8381775806366824e-12,0.1743,0.3676,0.085,0.244
APOH,ENSG00000091583,-7.5399,2.6849460406893398e-12,5.900217514441414e-12,0.0012,0.2331,0.001,0.149
TGFBR2,ENSG00000163513,-0.4763,2.8136189889618653e-12,6.1808480546629536e-12,0.6391,0.8891,0.29,0.513
NSFL1C,ENSG00000088833,-1.8821,2.8398427648380782e-12,6.2363064505142096e-12,0.0745,0.2748,0.039,0.19
NXN,ENSG00000167693,1.7309,2.938141513431346e-12,6.4499490868198446e-12,0.5266,0.1586,0.235,0.101
ETFA,ENSG00000140374,-0.6399,3.14418363194795e-12,6.8998866277687376e-12,0.3203,0.4992,0.15,0.326
GNAI2,ENSG00000114353,-1.7266,3.2107789211095292e-12,7.04360482521447e-12,0.086,0.2847,0.047,0.199
SIK2,ENSG00000170145,1.5747,3.2739666350454394e-12,7.17728242724026e-12,0.5336,0.1791,0.244,0.11
PEAK1,ENSG00000173517,1.7018,3.273531510956738e-12,7.17728242724026e-12,0.527,0.1619,0.236,0.103
GPRC5A,ENSG00000013588,-0.4689,3.346366393367074e-12,7.333477400383327e-12,0.8327,1.1526,0.352,0.608
DDX39A,ENSG00000123136,-2.7009,3.375835567449834e-12,7.395516062712265e-12,0.0371,0.2417,0.017,0.166
CARD19,ENSG00000165233,-3.7703,3.401761952338032e-12,7.449753502629664e-12,0.0163,0.2238,0.009,0.157
NOB1,ENSG00000141101,-2.947,3.696724796262431e-12,8.092932890169297e-12,0.0306,0.2364,0.018,0.166
COMMD3,ENSG00000148444,-3.0285,3.7473541911837355e-12,8.200955361756373e-12,0.0281,0.2296,0.014,0.163
TMEM109,ENSG00000110108,-3.0599,3.769873900383243e-12,8.247407726473294e-12,0.028,0.2346,0.017,0.165
EVA1C,ENSG00000166979,1.4821,3.820371305666981e-12,8.355014433491254e-12,0.5836,0.2088,0.259,0.134
WDPCP,ENSG00000143951,2.7703,4.082759294348275e-12,8.925785494331362e-12,0.3961,0.058,0.177,0.032
ZNF254,ENSG00000213096,2.0705,4.090438856436945e-12,8.939508985185303e-12,0.4421,0.1052,0.208,0.069
KMT2E,ENSG00000005483,0.5781,4.105731828854112e-12,8.969856205944128e-12,1.0236,0.6856,0.439,0.417
NINJ2,ENSG00000171840,-1.4121,4.282338784146112e-12,9.352487067122803e-12,0.1243,0.3309,0.065,0.218
COBL,ENSG00000106078,1.5301,4.60559698517396e-12,1.0055027664549313e-11,0.5415,0.1874,0.249,0.12
CPLANE1,ENSG00000197603,1.7082,4.6258282288060584e-12,1.0095739458623287e-11,0.5051,0.1545,0.232,0.099
STK38,ENSG00000112079,2.2368,4.6303494615241244e-12,1.0102148465850888e-11,0.4216,0.0894,0.2,0.061
TM2D3,ENSG00000184277,-1.8684,4.645901264514545e-12,1.013261052387281e-11,0.0747,0.2731,0.041,0.19
CWC25,ENSG00000273559,-1.2714,4.723808187199106e-12,1.0299000408137585e-11,0.1388,0.3351,0.071,0.224
TXNDC15,ENSG00000113621,-1.8258,4.768270754842821e-12,1.0392384978503585e-11,0.0754,0.2675,0.036,0.186
UTP3,ENSG00000132467,-2.8832,4.860352778872755e-12,1.0589456242417572e-11,0.032,0.237,0.019,0.166
MUC15,ENSG00000169550,-3.3817,4.923053030566571e-12,1.072239940890396e-11,0.0229,0.2401,0.013,0.159
MT-ATP6,ENSG00000198899,-0.4838,5.005116483129933e-12,1.0897410375667119e-11,1.7558,2.4553,0.616,0.936
ATOSA,ENSG00000047346,1.6271,5.072720572962896e-12,1.1040830881747511e-11,0.5219,0.1689,0.241,0.113
RAB11FIP1,ENSG00000156675,-0.5104,5.099528304719432e-12,1.1095390082793986e-11,0.526,0.7493,0.239,0.435
PRPF40A,ENSG00000196504,-0.6331,5.454891491352398e-12,1.18645285763806e-11,0.3455,0.5359,0.172,0.345
STK16,ENSG00000115661,-3.1845,5.460061985822157e-12,1.1871724133566251e-11,0.0247,0.2254,0.012,0.158
CFAP20,ENSG00000070761,-4.7847,5.544613024039335e-12,1.2051451765513386e-11,0.0076,0.211,0.004,0.15
UBE2L6,ENSG00000156587,-2.2256,5.711422585894332e-12,1.2409788338471835e-11,0.0546,0.2556,0.026,0.174
UBE2J1,ENSG00000198833,-1.2215,5.729019257747701e-12,1.2443781181649607e-11,0.1419,0.3309,0.071,0.226
LINC00578,ENSG00000228221,3.5252,5.937189291561901e-12,1.2891546912025587e-11,0.3381,0.0293,0.16,0.015
SUGT1,ENSG00000165416,-1.4281,6.343973268499654e-12,1.3770115623658595e-11,0.1165,0.3136,0.063,0.213
SHC3,ENSG00000148082,1.4456,6.404343488526779e-12,1.3896422647841462e-11,0.5624,0.2064,0.259,0.135
ARCN1,ENSG00000095139,-1.1207,6.492464372352558e-12,1.4082837827066198e-11,0.1635,0.3556,0.086,0.241
UPP1,ENSG00000183696,-2.3492,6.629397521052102e-12,1.4374969114526242e-11,0.051,0.2604,0.028,0.175
NASP,ENSG00000132780,-0.9186,6.707881810248292e-12,1.4540206236087338e-11,0.2093,0.3957,0.1,0.259
NCAM2,ENSG00000154654,4.7834,6.7933258983470174e-12,1.4720412169259766e-11,0.3253,0.0117,0.151,0.006
SDHAF3,ENSG00000196636,-2.5405,6.8394029363030905e-12,1.481522042777173e-11,0.0412,0.2401,0.022,0.169
PTPN12,ENSG00000127947,0.8079,6.882540183133999e-12,1.4903598392486157e-11,0.8575,0.4898,0.376,0.303
HIP1,ENSG00000127946,1.1602,6.991187002205811e-12,1.5133723986099167e-11,0.7086,0.317,0.307,0.204
CTDSP2,ENSG00000175215,-0.7542,7.183402783150503e-12,1.5544532499180062e-11,0.2639,0.4451,0.132,0.297
MRPL19,ENSG00000115364,-1.4048,7.2681182832424135e-12,1.5722515797648587e-11,0.1158,0.3068,0.06,0.211
USP1,ENSG00000162607,-1.9637,7.297464739024971e-12,1.5780643728386767e-11,0.0679,0.2652,0.037,0.184
EVI5,ENSG00000067208,1.1397,7.557964080101395e-12,1.633842692799132e-11,0.6825,0.3097,0.306,0.198
KLF9,ENSG00000119138,-1.3791,7.724345954573139e-12,1.6692442528950427e-11,0.1163,0.3028,0.053,0.204
RAB9A,ENSG00000123595,-1.7322,7.72777860258937e-12,1.6694201488142067e-11,0.0819,0.2722,0.041,0.19
PFKFB2,ENSG00000123836,-0.7937,7.84538219603925e-12,1.6942517445714845e-11,0.2621,0.4544,0.128,0.291
PAFAH1B3,ENSG00000079462,-3.4119,7.880509871365934e-12,1.701261443615233e-11,0.0209,0.2235,0.01,0.156
SLC25A23,ENSG00000125648,-1.4728,7.970774097275458e-12,1.720165364594822e-11,0.1097,0.3046,0.058,0.208
AARD,ENSG00000205002,-5.0423,8.164576833275842e-12,1.761393479260017e-11,0.0067,0.2245,0.004,0.149
ZFAND2B,ENSG00000158552,-2.9525,8.19960587085283e-12,1.7683520780340593e-11,0.0298,0.2317,0.017,0.162
KCTD14,ENSG00000151364,-3.833,8.22661841345512e-12,1.773577693127372e-11,0.0155,0.2223,0.009,0.154
ATG12,ENSG00000145782,-1.2658,8.243814470008396e-12,1.776684153019051e-11,0.1327,0.3192,0.064,0.218
INTS11,ENSG00000127054,-1.5856,8.299512046733303e-12,1.788083450419899e-11,0.0983,0.2953,0.053,0.202
ARFGEF2,ENSG00000124198,1.6352,8.456684093257589e-12,1.8213297667066597e-11,0.5387,0.1734,0.241,0.115
BAG3,ENSG00000151929,-1.053,8.637918999076262e-12,1.859734333641039e-11,0.1735,0.36,0.081,0.236
R3HDM2,ENSG00000179912,1.1945,8.686253387698918e-12,1.869509295968285e-11,0.6491,0.2836,0.293,0.179
ARMCX6,ENSG00000198960,-3.4852,8.747842296937246e-12,1.8820831093585416e-11,0.0198,0.2232,0.013,0.158
CDC42SE1,ENSG00000197622,-1.4816,8.750579350805831e-12,1.8820831093585416e-11,0.1095,0.3059,0.056,0.206
HMBOX1,ENSG00000147421,1.8997,8.814912437926974e-12,1.8952804988797458e-11,0.4442,0.119,0.214,0.079
LRRC36,ENSG00000159708,-0.9815,8.880866039091016e-12,1.9088172959947815e-11,0.215,0.4246,0.092,0.251
KEAP1,ENSG00000079999,-2.368,9.07549230024102e-12,1.9499920260881866e-11,0.0471,0.2434,0.023,0.169
TTLL5,ENSG00000119685,2.1234,9.085900565493141e-12,1.9515706234844603e-11,0.4204,0.0964,0.2,0.062
OGFOD3,ENSG00000181396,-2.561,9.108412857304408e-12,1.9557471190742875e-11,0.0416,0.246,0.026,0.171
THOC6,ENSG00000131652,-2.9338,9.304772553947498e-12,1.9972365330442862e-11,0.0304,0.2333,0.018,0.163
SCAMP4,ENSG00000227500,-1.5171,9.39043525765199e-12,2.013589800455144e-11,0.1055,0.3021,0.055,0.205
IRF1,ENSG00000125347,-1.1611,9.38847982470179e-12,2.013589800455144e-11,0.1678,0.3754,0.076,0.229
ERGIC2,ENSG00000087502,-1.0801,9.38579175577577e-12,2.013589800455144e-11,0.166,0.351,0.085,0.239
CNPPD1,ENSG00000115649,-2.7146,9.40486890378788e-12,2.0153290508116887e-11,0.0367,0.2413,0.021,0.166
KCNJ8,ENSG00000121361,-1.9251,9.404134465360944e-12,2.0153290508116887e-11,0.0695,0.2644,0.031,0.179
LLPH,ENSG00000139233,-3.1568,9.463067461988549e-12,2.0271187859602488e-11,0.0258,0.2308,0.015,0.16
SNHG12,ENSG00000197989,-1.4359,9.494646184472031e-12,2.033200182264333e-11,0.1169,0.3165,0.058,0.208
ATPAF1,ENSG00000123472,-1.4108,9.585013505335916e-12,2.0518623605277523e-11,0.1138,0.3028,0.058,0.208
EIF1AY,ENSG00000198692,-3.1348,9.62900927954144e-12,2.0605885920468843e-11,0.0273,0.2402,0.015,0.16
SPRY4-AS1,ENSG00000231185,2.4786,1.0015214310027694e-11,2.1425164841082734e-11,0.3843,0.0689,0.176,0.032
TAF12,ENSG00000120656,-1.6571,1.0359370404274144e-11,2.2153970589482612e-11,0.0901,0.2843,0.045,0.194
IDH2,ENSG00000182054,-1.2777,1.0422807903405401e-11,2.2282159753256013e-11,0.1267,0.3072,0.062,0.213
DHRS4L2,ENSG00000187630,-3.0627,1.0434185685921603e-11,2.229900561439833e-11,0.0267,0.2242,0.015,0.16
BTRC,ENSG00000166167,2.4207,1.0523186972558835e-11,2.2481674581120165e-11,0.3861,0.072,0.186,0.047
OCLN,ENSG00000197822,-0.616,1.0550004681015768e-11,2.2531417032320107e-11,0.3618,0.5545,0.176,0.352
RBM26,ENSG00000139746,0.9213,1.0862979641442742e-11,2.319206135773526e-11,0.7701,0.4066,0.348,0.259
C1orf35,ENSG00000143793,-2.8968,1.1083371382660798e-11,2.3654667748397252e-11,0.0319,0.2384,0.021,0.165
RNPEPL1,ENSG00000142327,-1.8263,1.1214676959891976e-11,2.3926896124267518e-11,0.0746,0.2647,0.039,0.185
HIVEP2,ENSG00000010818,1.6207,1.1603959939744557e-11,2.4749161798551874e-11,0.507,0.1648,0.23,0.096
VWA1,ENSG00000179403,-1.193,1.1626238472234416e-11,2.478838470250649e-11,0.1454,0.3325,0.073,0.224
MAFF,ENSG00000185022,-2.9101,1.1734003252910078e-11,2.500978627124766e-11,0.0326,0.2459,0.017,0.161
CS,ENSG00000062485,-1.0303,1.1759573222942957e-11,2.5055908855702322e-11,0.1722,0.3519,0.083,0.238
SLC25A37,ENSG00000147454,-1.7878,1.2034491624044852e-11,2.5633105280082168e-11,0.0826,0.2853,0.039,0.186
C6orf62,ENSG00000112308,-0.6513,1.236682035189048e-11,2.6332157562893058e-11,0.3302,0.5186,0.164,0.332
MED4,ENSG00000136146,-1.009,1.2392136337170001e-11,2.6377251802824295e-11,0.1842,0.3709,0.098,0.251
B4GALT3,ENSG00000158850,-2.4855,1.2896567750306729e-11,2.744179553010861e-11,0.0426,0.2392,0.023,0.168
RRAGD,ENSG00000025039,-1.8463,1.2988281370727251e-11,2.7627725638433843e-11,0.0737,0.2653,0.036,0.182
HNRNPM,ENSG00000099783,-0.4918,1.3263500149776554e-11,2.820374031181639e-11,0.4671,0.6569,0.222,0.408
COMMD10,ENSG00000145781,1.2927,1.3915019340328087e-11,2.957927585681612e-11,0.6175,0.252,0.279,0.163
PPP2R3A,ENSG00000073711,1.5136,1.4525718982317899e-11,3.086715283742554e-11,0.5359,0.1876,0.246,0.121
PPP2R5E,ENSG00000154001,0.9117,1.4570760754127175e-11,3.0952549086158194e-11,0.7848,0.4171,0.349,0.272
ATP8B1,ENSG00000081923,1.3834,1.4579033236812355e-11,3.0959805757721106e-11,0.5687,0.2179,0.263,0.142
SPRY2,ENSG00000136158,-2.398,1.466806425178484e-11,3.113849803700578e-11,0.0467,0.2467,0.026,0.171
DECR1,ENSG00000104325,-0.7646,1.5588176458716248e-11,3.3080767285058615e-11,0.2508,0.4261,0.117,0.279
NOLC1,ENSG00000166197,-2.3012,1.5767898016560714e-11,3.3451031565914995e-11,0.0496,0.245,0.026,0.17
PEA15,ENSG00000162734,-2.6358,1.60795414633272e-11,3.410082396164701e-11,0.0391,0.2432,0.023,0.167
MRPL15,ENSG00000137547,-3.7439,1.6088651970331603e-11,3.410879824105885e-11,0.0156,0.2105,0.008,0.151
RALA,ENSG00000006451,-0.9772,1.6158805995289175e-11,3.423475846459571e-11,0.1785,0.3515,0.085,0.24
FNBP1L,ENSG00000137942,1.0077,1.6157974021150975e-11,3.423475846459571e-11,0.7272,0.3616,0.326,0.234
GID8,ENSG00000101193,-1.927,1.6731357766445798e-11,3.543601520302059e-11,0.0697,0.2655,0.041,0.185
EXOSC8,ENSG00000120699,-2.3018,1.689874749013373e-11,3.5778650033079555e-11,0.0487,0.2406,0.022,0.167
MRPL48,ENSG00000175581,-2.6919,1.7003377749088395e-11,3.5988224817542665e-11,0.0362,0.2343,0.019,0.163
FRYL,ENSG00000075539,1.6353,1.722251344761672e-11,3.6439934692517954e-11,0.5127,0.165,0.235,0.108
BTAF1,ENSG00000095564,1.6524,1.735942474324701e-11,3.671742957471788e-11,0.4797,0.1525,0.23,0.099
SNRNP70,ENSG00000104852,-0.5382,1.75952568657983e-11,3.720390133315561e-11,0.4044,0.5873,0.193,0.369
DOK4,ENSG00000125170,-1.7129,1.760204081883475e-11,3.7205905245381805e-11,0.086,0.2822,0.046,0.192
NTMT1,ENSG00000148335,-2.4606,1.789894496905581e-11,3.78209394026287e-11,0.0428,0.2363,0.023,0.167
MIR646HG,ENSG00000228340,3.7739,1.7917807272043944e-11,3.7848250947408925e-11,0.3472,0.0253,0.155,0.014
GIPC1,ENSG00000123159,-0.643,1.8218989200848307e-11,3.847169796469293e-11,0.3104,0.4848,0.149,0.315
SOX6,ENSG00000110693,2.3014,1.8394797259696834e-11,3.8830076996876594e-11,0.4046,0.082,0.187,0.049
RUVBL2,ENSG00000183207,-2.4617,1.8537495330204403e-11,3.911834913275507e-11,0.0434,0.2397,0.022,0.166
MOAP1,ENSG00000165943,-2.4068,1.88232521995164e-11,3.9708217330217424e-11,0.0447,0.2375,0.024,0.168
ZNF32,ENSG00000169740,-3.418,2.017998387644374e-11,4.2556201525745564e-11,0.0203,0.2174,0.012,0.154
CHTOP,ENSG00000160679,-1.3038,2.025147055060801e-11,4.269283226194645e-11,0.1286,0.3176,0.068,0.217
MAGOHB,ENSG00000111196,-2.1658,2.0475812514795973e-11,4.315150571299978e-11,0.0555,0.2494,0.03,0.173
PSME3,ENSG00000131467,-2.2774,2.1031745129214633e-11,4.4308451817165657e-11,0.0501,0.2432,0.027,0.171
ABT1,ENSG00000146109,-3.593,2.111483193048368e-11,4.446879866429913e-11,0.0174,0.2116,0.008,0.15
C14orf132,ENSG00000227051,-1.7587,2.1409818064275163e-11,4.5075161875744444e-11,0.0807,0.2734,0.037,0.184
STK25,ENSG00000115694,-1.4699,2.2188302311819014e-11,4.6698721438707894e-11,0.1039,0.288,0.051,0.198
ZNF248,ENSG00000198105,2.3164,2.2399237487427608e-11,4.712710857503334e-11,0.4103,0.0823,0.19,0.055
SSBP2,ENSG00000145687,1.6742,2.2471516587489036e-11,4.7263582396978755e-11,0.5138,0.1609,0.231,0.104
ZNF622,ENSG00000173545,-2.4929,2.265611045060233e-11,4.763611613541882e-11,0.0413,0.233,0.021,0.164
SLU7,ENSG00000164609,-1.7818,2.294223659087249e-11,4.822181281464297e-11,0.0752,0.2589,0.036,0.182
VPS4A,ENSG00000132612,-1.8486,2.3235461086389983e-11,4.882203837367704e-11,0.0727,0.2622,0.04,0.184
HSD17B14,ENSG00000087076,-2.5716,2.3560621291994666e-11,4.948894917181746e-11,0.0412,0.2454,0.022,0.165
THAP4,ENSG00000176946,-1.9995,2.4588147442886694e-11,5.16302503123856e-11,0.0656,0.2627,0.036,0.18
PPP1R14B,ENSG00000173457,-1.6431,2.5480854400762448e-11,5.348714086429391e-11,0.0942,0.2946,0.051,0.196
SLC44A2,ENSG00000129353,-1.6193,2.5658193088139428e-11,5.38416658778436e-11,0.0924,0.2842,0.047,0.192
CAVIN2,ENSG00000168497,-2.6258,2.5756506416009273e-11,5.403018374533041e-11,0.0421,0.2605,0.024,0.166
UBLCP1,ENSG00000164332,-0.978,2.5824886688283938e-11,5.415580678875332e-11,0.1924,0.3791,0.099,0.25
LYRM1,ENSG00000102897,-1.7933,2.6585510689512424e-11,5.573253227413407e-11,0.0761,0.2642,0.041,0.185
PNPLA4,ENSG00000006757,-3.4964,2.663500090784983e-11,5.581792596566162e-11,0.019,0.2159,0.012,0.153
PHGDH,ENSG00000092621,-3.5555,2.7487464181009255e-11,5.758546965295235e-11,0.0198,0.2334,0.01,0.152
WDR74,ENSG00000133316,-2.5331,2.7650995733527578e-11,5.790903344324518e-11,0.0398,0.2307,0.019,0.162
DTD1,ENSG00000125821,-1.3701,2.830893521860109e-11,5.926747521135697e-11,0.1141,0.2951,0.058,0.204
PAFAH1B1,ENSG00000007168,0.7476,2.8726806913680513e-11,6.012258505407527e-11,0.8737,0.5204,0.385,0.327
PRMT2,ENSG00000160310,-0.7438,2.9098872626414146e-11,6.088129733947823e-11,0.2748,0.4602,0.137,0.297
PEX2,ENSG00000164751,-1.965,2.9449438776599505e-11,6.159454468530901e-11,0.0647,0.2528,0.033,0.178
HYAL1,ENSG00000114378,-3.2219,2.982990339357017e-11,6.236983736766475e-11,0.0239,0.2234,0.014,0.156
RPP25L,ENSG00000164967,-6.3113,3.136619465097552e-11,6.556048881966194e-11,0.0025,0.2041,0.003,0.143
HDAC4,ENSG00000068024,2.1515,3.181687241050547e-11,6.64806822736717e-11,0.4033,0.0907,0.193,0.057
DENND1B,ENSG00000213047,1.5939,3.2292725346519486e-11,6.74528584810163e-11,0.5019,0.1662,0.235,0.11
FAM120AOS,ENSG00000188938,-1.7553,3.31223278891529e-11,6.916306593296748e-11,0.08,0.2703,0.045,0.188
USF2,ENSG00000105698,-1.6556,3.626501338707335e-11,7.570054366162168e-11,0.0874,0.2754,0.047,0.191
TAOK1,ENSG00000160551,1.1465,3.693553390503634e-11,7.707496845977306e-11,0.6485,0.2929,0.298,0.192
PDCL3,ENSG00000115539,-4.2888,3.701036473815121e-11,7.720584921652944e-11,0.0104,0.2057,0.005,0.146
TMED7,ENSG00000134970,-1.7232,3.7186801646214e-11,7.754853140157483e-11,0.0826,0.2731,0.047,0.191
GALNT3,ENSG00000115339,-0.7691,3.759630645958506e-11,7.837686516672818e-11,0.2618,0.4463,0.131,0.288
SRP68,ENSG00000167881,-1.6311,3.766292120522644e-11,7.849006952707373e-11,0.0888,0.2751,0.046,0.19
TIMM10B,ENSG00000132286,-2.5026,3.8058305606230815e-11,7.928813667964754e-11,0.0396,0.2251,0.019,0.161
ACTR1A,ENSG00000138107,-1.3957,3.848497976645255e-11,8.015084809249755e-11,0.1116,0.2938,0.056,0.202
SLCO4C1,ENSG00000173930,-0.6529,3.885638711163638e-11,8.089793201720508e-11,0.3262,0.513,0.151,0.32
RALGPS1,ENSG00000136828,2.0614,3.940713819079338e-11,8.20177949612497e-11,0.4368,0.1046,0.199,0.067
MRPL46,ENSG00000259494,-4.5758,4.034377497762649e-11,8.393980596683058e-11,0.0087,0.2107,0.006,0.146
GEM,ENSG00000164949,-2.8314,4.105066843196974e-11,8.53827116651899e-11,0.0368,0.2628,0.017,0.158
YME1L1,ENSG00000136758,-0.6349,4.137626120148328e-11,8.60318542594442e-11,0.2947,0.4577,0.136,0.299
NMRK1,ENSG00000106733,-1.3184,4.19354713954241e-11,8.716616568171784e-11,0.1259,0.3142,0.067,0.212
GON7,ENSG00000170270,-4.7977,4.374928256990741e-11,9.09066741796479e-11,0.0072,0.2038,0.004,0.144
IER5,ENSG00000162783,-2.0519,4.5365875028921586e-11,9.423507765049694e-11,0.0626,0.2598,0.031,0.173
PGP,ENSG00000184207,-2.5382,4.6976974427493713e-11,9.753777871792412e-11,0.0407,0.2371,0.027,0.167
AVL9,ENSG00000105778,1.6293,4.698643426552862e-11,9.753777871792412e-11,0.5119,0.1654,0.234,0.111
ZPR1,ENSG00000109917,-3.1995,4.767126327871672e-11,9.892718209694631e-11,0.0236,0.2178,0.015,0.155
ZNF106,ENSG00000103994,-0.4903,4.772286721802447e-11,9.900204312232541e-11,0.4664,0.6552,0.217,0.399
MAPK8,ENSG00000107643,1.3787,4.807474244926949e-11,9.969957160510506e-11,0.554,0.213,0.255,0.135
PCIF1,ENSG00000100982,-3.838,4.9429449243245005e-11,1.0247568745550793e-10,0.0149,0.2148,0.008,0.147
OCEL1,ENSG00000099330,-3.6703,4.979488068334586e-11,1.031997283343075e-10,0.017,0.2173,0.009,0.149
KIAA1143,ENSG00000163807,-2.9292,5.0859801815842617e-11,1.0537251757425956e-10,0.0289,0.2207,0.015,0.155
POLE3,ENSG00000148229,-3.2117,5.122656503472674e-11,1.0609790516451689e-10,0.0237,0.2205,0.014,0.154
ZNF24,ENSG00000172466,-0.9496,5.133993487931605e-11,1.0629817630907432e-10,0.1851,0.3576,0.094,0.243
WDR18,ENSG00000065268,-3.2952,5.179067048611452e-11,1.0719659881460392e-10,0.0216,0.2133,0.01,0.15
TYW3,ENSG00000162623,-1.9504,5.188831762967903e-11,1.0736385098643422e-10,0.0656,0.2539,0.033,0.175
HAPSTR1,ENSG00000182831,-2.179,5.193133940769443e-11,1.0741800412850486e-10,0.0538,0.2441,0.028,0.17
DSG2,ENSG00000046604,-1.0583,5.201879402456174e-11,1.0756399996969869e-10,0.1656,0.3449,0.085,0.234
SNAPC5,ENSG00000174446,-3.5692,5.339893829283089e-11,1.103820465683518e-10,0.0178,0.2128,0.01,0.15
GANC,ENSG00000214013,0.9752,5.4816257177048487e-11,1.1327508573863342e-10,0.7556,0.3843,0.33,0.242
TMEM131,ENSG00000075568,1.4577,5.5075364103271093e-11,1.1377363777004317e-10,0.5568,0.2027,0.252,0.133
PPP1R16A,ENSG00000160972,-2.1445,5.5847289603619166e-11,1.1533089446811538e-10,0.0551,0.2438,0.026,0.167
USP47,ENSG00000170242,0.9016,5.6377668251525864e-11,1.1638848287029708e-10,0.7583,0.4059,0.343,0.256
SCFD2,ENSG00000184178,2.4203,5.71946689781276e-11,1.1803690991763142e-10,0.3818,0.0712,0.178,0.043
UBALD2,ENSG00000185262,-1.8623,5.752095430761404e-11,1.186718717511455e-10,0.0724,0.2636,0.041,0.182
SMNDC1,ENSG00000119953,-2.2235,6.206848939692371e-11,1.2801249430779317e-10,0.0535,0.2503,0.03,0.17
SWI5,ENSG00000175854,-1.8079,6.444409371054258e-11,1.3286904831976357e-10,0.0734,0.2571,0.036,0.178
CFAP221,ENSG00000163075,1.1018,6.563057020262463e-11,1.3527154382209245e-10,0.6834,0.3184,0.3,0.201
SLX9,ENSG00000160256,-2.9866,6.764779005896422e-11,1.3938418281379992e-10,0.028,0.2223,0.017,0.156
BHLHE40,ENSG00000134107,-0.4963,6.829605671584423e-11,1.4067443023053537e-10,0.4612,0.6506,0.209,0.387
SIGMAR1,ENSG00000147955,-3.0931,6.963866690326455e-11,1.433935728386019e-10,0.0253,0.2166,0.013,0.152
MACROD1,ENSG00000133315,-1.2152,7.211531534038667e-11,1.4844531330157086e-10,0.1367,0.3176,0.067,0.213
HIRIP3,ENSG00000149929,-5.0735,7.252462660932092e-11,1.4923966902337664e-10,0.0059,0.2024,0.003,0.141
GTPBP6,ENSG00000178605,-1.4681,7.289440349714562e-11,1.4995218531600623e-10,0.1025,0.2838,0.053,0.195
STN1,ENSG00000107960,-1.3374,7.330255687640705e-11,1.5074316131841772e-10,0.1235,0.3123,0.069,0.213
ZNF710,ENSG00000140548,1.8291,7.36229809571423e-11,1.5135327429918806e-10,0.4539,0.1277,0.211,0.082
RNASE4,ENSG00000258818,-3.4753,7.410341689970888e-11,1.5229183840607484e-10,0.0213,0.238,0.014,0.152
NOP56,ENSG00000101361,-2.1148,7.459621084402713e-11,1.532551866357309e-10,0.0581,0.2522,0.035,0.174
CBFA2T2,ENSG00000078699,1.7343,7.775635561535731e-11,1.5969612340460787e-10,0.4666,0.1402,0.217,0.09
PRPF38A,ENSG00000134748,-2.4922,7.998386178464377e-11,1.6421807371243287e-10,0.0401,0.2261,0.021,0.16
TES,ENSG00000135269,-0.933,8.05048475942662e-11,1.6523451494315745e-10,0.2057,0.3928,0.107,0.255
HMOX1,ENSG00000100292,-1.0589,8.386982234776903e-11,1.7208565093885662e-10,0.1722,0.3588,0.08,0.227
FBXO9,ENSG00000112146,-0.6713,8.508302500665861e-11,1.7451875303006714e-10,0.2978,0.4743,0.144,0.304
G6PC3,ENSG00000141349,-4.5549,8.53561248420003e-11,1.7502261044314955e-10,0.0087,0.2073,0.006,0.144
JARID2,ENSG00000008083,1.8445,8.599455943565092e-11,1.762750213512137e-10,0.4676,0.1301,0.212,0.085
DYNC1I2,ENSG00000077380,-0.8726,8.695233795454769e-11,1.781810203986633e-10,0.2079,0.3807,0.099,0.249
WDR7,ENSG00000091157,2.2026,8.987530224514722e-11,1.841115205054028e-10,0.377,0.0818,0.184,0.05
SERINC5,ENSG00000164300,1.1962,9.201390638235389e-11,1.8843194769916674e-10,0.6361,0.2776,0.286,0.182
MED19,ENSG00000156603,-3.2215,9.248974943931743e-11,1.8934558531652172e-10,0.0239,0.2236,0.015,0.153
PFKL,ENSG00000141959,-1.5997,9.36550754931249e-11,1.9166969703649156e-10,0.0949,0.2878,0.056,0.196
RUFY3,ENSG00000018189,0.7409,9.502767005393627e-11,1.9441636604423738e-10,0.8456,0.5059,0.375,0.306
TBRG1,ENSG00000154144,-0.8201,9.519265928136008e-11,1.9469143500759402e-10,0.223,0.3938,0.107,0.26
TOM1L2,ENSG00000175662,1.5596,9.743796011469736e-11,1.9921969074124298e-10,0.5102,0.173,0.236,0.116
COASY,ENSG00000068120,-1.8229,9.780062420614065e-11,1.9989707576599763e-10,0.0721,0.2552,0.036,0.176
NCOA3,ENSG00000124151,1.3649,9.805527392754982e-11,2.003533241308109e-10,0.5786,0.2246,0.259,0.145
PPP1CB,ENSG00000213639,-0.4766,9.82472947446991e-11,2.0068135341155293e-10,0.4369,0.608,0.203,0.382
PCGF1,ENSG00000115289,-3.5704,9.846893893465777e-11,2.0106966230251226e-10,0.0183,0.2184,0.012,0.149
ARHGAP42,ENSG00000165895,3.473,9.897739149427022e-11,2.0197851177207832e-10,0.3181,0.0286,0.153,0.017
HSPB8,ENSG00000152137,-1.9855,9.895778825115207e-11,2.0197851177207832e-10,0.0648,0.257,0.033,0.173
DHCR7-DT,ENSG00000254682,-2.8926,9.91490818945177e-11,2.022641270648161e-10,0.0302,0.2249,0.014,0.152
PLEKHB1,ENSG00000021300,-4.056,9.955739818148826e-11,2.0303212201119247e-10,0.0124,0.2084,0.005,0.143
YEATS4,ENSG00000127337,-3.509,9.961656771562727e-11,2.0308782193384198e-10,0.018,0.2063,0.01,0.148
COL4A5,ENSG00000188153,2.119,1.0097699853715687e-10,2.0579551332300994e-10,0.4022,0.0925,0.187,0.055
NFKBIB,ENSG00000104825,-2.4987,1.0368330551264622e-10,2.1124355149987843e-10,0.0406,0.2297,0.023,0.161
LARP7,ENSG00000174720,-1.0035,1.0375000325177842e-10,2.113119075814976e-10,0.1772,0.3553,0.087,0.235
KIAA0825,ENSG00000185261,3.0254,1.0412016627017734e-10,2.1199810283372102e-10,0.3356,0.0411,0.159,0.024
BAIAP2,ENSG00000175866,-0.5614,1.0484621985476737e-10,2.1340825401473243e-10,0.3624,0.5348,0.171,0.337
PSME4,ENSG00000068878,1.2617,1.0505382905646011e-10,2.1376257907275239e-10,0.6043,0.252,0.273,0.165
UGGT2,ENSG00000102595,1.7203,1.0555634190796493e-10,2.1471655381725476e-10,0.4737,0.1437,0.218,0.093
TRAF7,ENSG00000131653,-1.8281,1.072316278382341e-10,2.180283174474821e-10,0.0697,0.2479,0.035,0.175
ENSG00000257550,ENSG00000257550,-2.9834,1.0725283192396923e-10,2.180283174474821e-10,0.0287,0.2278,0.017,0.154
NPR1,ENSG00000169418,-1.9465,1.0799222531228099e-10,2.1946140783098223e-10,0.0663,0.256,0.032,0.171
FOXK2,ENSG00000141568,1.2754,1.097052869850357e-10,2.2287163942944632e-10,0.5691,0.235,0.267,0.155
GNA14,ENSG00000156049,4.5306,1.1200216492963375e-10,2.2746537159172193e-10,0.3064,0.0132,0.144,0.008
BOK,ENSG00000176720,-1.3949,1.1446743828616803e-10,2.3239806339946534e-10,0.1096,0.2884,0.055,0.196
APPL1,ENSG00000157500,-1.0198,1.1901697072908254e-10,2.415578441254063e-10,0.1742,0.3533,0.091,0.237
NAA60,ENSG00000122390,-2.6752,1.208381938721461e-10,2.451761572039883e-10,0.0357,0.2283,0.021,0.158
MVP-DT,ENSG00000238045,1.1578,1.2518710430322954e-10,2.539191186551347e-10,0.6406,0.2871,0.282,0.179
RIN2,ENSG00000132669,2.0557,1.2834567431871377e-10,2.602428987855599e-10,0.4245,0.102,0.195,0.066
TAOK3,ENSG00000135090,0.5416,1.2840887499466184e-10,2.6028826012431454e-10,1.0083,0.6927,0.436,0.419
ANKRD12,ENSG00000101745,0.5082,1.2966333936924292e-10,2.6274754878541756e-10,1.0397,0.7309,0.443,0.431
FAIM,ENSG00000158234,-2.6346,1.306433784298461e-10,2.646493604989733e-10,0.0364,0.2265,0.019,0.156
NOP16,ENSG00000048162,-3.0804,1.3126845639059452e-10,2.658311338913723e-10,0.0264,0.2244,0.015,0.152
VPS54,ENSG00000143952,1.7571,1.3148177741402058e-10,2.66178574472652e-10,0.4764,0.1409,0.217,0.093
C11orf98,ENSG00000278615,-5.0855,1.3261217617585365e-10,2.6838178511779905e-10,0.0066,0.2258,0.003,0.139
IGF2R,ENSG00000197081,0.871,1.340154669291817e-10,2.711357034825558e-10,0.796,0.4352,0.35,0.28
CALU,ENSG00000128595,-0.6073,1.3561985482893832e-10,2.742945985198229e-10,0.307,0.4678,0.145,0.304
ABHD11,ENSG00000106077,-2.2473,1.364290729141327e-10,2.7584374875597713e-10,0.0487,0.2318,0.023,0.161
LINC00467,ENSG00000153363,-1.5068,1.3772281566287852e-10,2.783712586717979e-10,0.0995,0.2829,0.047,0.188
PIGS,ENSG00000087111,-2.8307,1.3807186964863456e-10,2.7898832615215384e-10,0.0306,0.2186,0.015,0.153
EIF2AK1,ENSG00000086232,-0.8587,1.3825181670492192e-10,2.7926341302087364e-10,0.2107,0.3822,0.109,0.258
TRIM2,ENSG00000109654,1.3477,1.386737208043168e-10,2.800269148329172e-10,0.5878,0.2309,0.262,0.153
KRCC1,ENSG00000172086,-1.2886,1.4034981963838475e-10,2.833217543365113e-10,0.1217,0.2974,0.059,0.202
AZI2,ENSG00000163512,-1.1059,1.4154771463956344e-10,2.8564947161355393e-10,0.1518,0.3268,0.077,0.22
CHD4,ENSG00000111642,-0.6152,1.441433207060159e-10,2.90795465031915e-10,0.3117,0.4775,0.149,0.308
TTC1,ENSG00000113312,-0.9374,1.45462079287936e-10,2.9336309884865295e-10,0.181,0.3467,0.086,0.234
HDDC3,ENSG00000184508,-3.7519,1.4555493985415902e-10,2.934575400285464e-10,0.015,0.2033,0.006,0.143
SDR39U1,ENSG00000100445,-2.5771,1.461420123352224e-10,2.9454800146602685e-10,0.0387,0.2313,0.019,0.157
TMEM164,ENSG00000157600,0.7664,1.462137646518692e-10,2.9459947839938877e-10,0.8626,0.5071,0.371,0.312
ZMPSTE24,ENSG00000084073,-1.8026,1.4817868517174442e-10,2.98464176293798e-10,0.0759,0.2649,0.044,0.181
PSMA3-AS1,ENSG00000257621,-0.6084,1.5159404328416268e-10,3.052470075604981e-10,0.3239,0.4939,0.154,0.315
C1R,ENSG00000159403,-1.0823,1.530544016209751e-10,3.080902463952372e-10,0.1704,0.3609,0.089,0.232
TOB2,ENSG00000183864,-0.9484,1.5717533080053087e-10,3.162855851809925e-10,0.1853,0.3577,0.091,0.238
SLC35A4,ENSG00000176087,-2.5783,1.6120711443047534e-10,3.2429641984672776e-10,0.0367,0.2198,0.019,0.156
CACFD1,ENSG00000160325,-1.4705,1.660576485955112e-10,3.339487412606889e-10,0.1048,0.2907,0.056,0.196
AASDHPPT,ENSG00000149313,-1.8909,1.7202385012320212e-10,3.4583792006793237e-10,0.0685,0.2541,0.037,0.175
UCHL3,ENSG00000118939,-1.3186,1.725968348100283e-10,3.4688046088081033e-10,0.1208,0.3015,0.063,0.204
ANXA4,ENSG00000196975,-0.4169,1.7360404834990253e-10,3.487947709519788e-10,0.7132,0.9523,0.325,0.546
TMEM33,ENSG00000109133,-1.0682,1.7379088386962865e-10,3.490601400973165e-10,0.1607,0.337,0.083,0.227
SNHG19,ENSG00000260260,-1.4276,1.7595796393835014e-10,3.5330142365574243e-10,0.1094,0.2946,0.056,0.197
GSTZ1,ENSG00000100577,-4.3282,1.777253810248572e-10,3.5673781613144353e-10,0.0099,0.2016,0.006,0.142
LEPROTL1,ENSG00000104660,-1.7704,1.818312119732665e-10,3.648643299746849e-10,0.0756,0.2582,0.039,0.177
ALKBH5,ENSG00000091542,-1.2688,1.846633383858559e-10,3.7043070554116784e-10,0.1266,0.3053,0.071,0.211
MRPL10,ENSG00000159111,-2.9542,1.8513275197094748e-10,3.7125551865831715e-10,0.0272,0.2118,0.015,0.151
ABHD5,ENSG00000011198,-1.355,1.861205012544047e-10,3.7311892940151884e-10,0.1129,0.289,0.053,0.194
ZNF148,ENSG00000163848,1.0831,1.8707687079570275e-10,3.749182808307466e-10,0.6647,0.3137,0.3,0.206
TTC39A,ENSG00000085831,-1.0902,1.8919781511493022e-10,3.790496767308863e-10,0.1527,0.3252,0.077,0.22
CXCL1,ENSG00000163739,-3.1588,1.9254070696037967e-10,3.856258268527868e-10,0.0338,0.3027,0.017,0.152
TMEM241,ENSG00000134490,1.6963,1.9339719503768773e-10,3.8721957235089805e-10,0.4655,0.1436,0.217,0.094
ICAM4,ENSG00000105371,-7.4534,1.9404910011675886e-10,3.884028299040307e-10,0.0011,0.2186,0.001,0.136
AHR,ENSG00000106546,0.7706,1.9669743422424885e-10,3.935800826050177e-10,0.8419,0.4935,0.366,0.305
C5orf15,ENSG00000113583,-1.5155,1.9700453527901157e-10,3.940708855989014e-10,0.0962,0.2752,0.051,0.19
CASP4,ENSG00000196954,-0.5696,2.041786665226754e-10,4.0829328703954067e-10,0.3545,0.5262,0.172,0.336
TIFA,ENSG00000145365,-3.1627,2.0573096773523475e-10,4.112683974011042e-10,0.0243,0.2186,0.013,0.148
PLXND1,ENSG00000004399,-1.3077,2.0773939767552845e-10,4.151531850098727e-10,0.1211,0.2999,0.059,0.2
OSMR-DT,ENSG00000249740,2.6016,2.1137105340760152e-10,4.2227842854072694e-10,0.362,0.0596,0.169,0.038
CLEC11A,ENSG00000105472,-6.6363,2.168823424762008e-10,4.3315317458827693e-10,0.0019,0.2002,0.001,0.136
HLF,ENSG00000108924,-1.8671,2.1737345194820833e-10,4.3399804452547076e-10,0.0728,0.2659,0.039,0.176
EPB41L4A,ENSG00000129595,4.0737,2.18752217094953e-10,4.3661408390116635e-10,0.3283,0.0194,0.146,0.013
CYP1B1,ENSG00000138061,-2.8935,2.193594431253174e-10,4.3768902971014034e-10,0.0312,0.2325,0.015,0.151
BLOC1S2,ENSG00000196072,-1.9469,2.1958357277192668e-10,4.3799914781634314e-10,0.0643,0.2484,0.039,0.174
UBE4B,ENSG00000130939,1.6768,2.2273956072055313e-10,4.4415536427698663e-10,0.4734,0.148,0.22,0.099
HTT,ENSG00000197386,1.2175,2.2341731941033008e-10,4.4536754572884746e-10,0.5745,0.247,0.272,0.164
SPR,ENSG00000116096,-3.2004,2.240317466606597e-10,4.46452761788592e-10,0.0229,0.2115,0.012,0.147
ARL16,ENSG00000214087,-2.4695,2.2528745388321267e-10,4.4881484953296273e-10,0.0408,0.2265,0.022,0.158
HNRNPL,ENSG00000104824,-0.6846,2.259672935744844e-10,4.500285837355008e-10,0.2833,0.4554,0.136,0.289
P4HTM,ENSG00000178467,-1.9442,2.291070972715957e-10,4.5613920834054426e-10,0.063,0.2429,0.03,0.166
VCF2,ENSG00000182518,-3.816,2.3079941625919474e-10,4.5936505733761053e-10,0.0144,0.2037,0.008,0.142
SAV1,ENSG00000151748,-1.26,2.352008322943928e-10,4.679791841063527e-10,0.1231,0.295,0.059,0.2
USP6NL,ENSG00000148429,1.609,2.353436170555449e-10,4.681171790106393e-10,0.4981,0.1632,0.226,0.106
EGFL7,ENSG00000172889,-3.4483,2.364774669982974e-10,4.702257804473319e-10,0.0197,0.216,0.01,0.145
KIF16B,ENSG00000089177,1.6082,2.396318591488182e-10,4.76349579692459e-10,0.5055,0.1657,0.227,0.109
LINC00472,ENSG00000233237,2.645,2.4186317484424355e-10,4.80635205620964e-10,0.365,0.0583,0.166,0.034
EPHA2,ENSG00000142627,-1.3197,2.4344069996744135e-10,4.836193400724334e-10,0.1242,0.3101,0.063,0.202
DYNLT3,ENSG00000165169,-3.6755,2.4512337295482827e-10,4.868104369430001e-10,0.016,0.2053,0.012,0.146
IP6K2,ENSG00000068745,-1.4815,2.487398735713868e-10,4.938388956766087e-10,0.0998,0.2789,0.053,0.192
VASP,ENSG00000125753,-2.2706,2.5179745715301365e-10,4.997536704079894e-10,0.0487,0.2353,0.028,0.163
ADGRF1,ENSG00000153292,1.7474,2.5284929569005063e-10,5.016851104961322e-10,0.4489,0.1336,0.212,0.09
ZFC3H1,ENSG00000133858,1.4193,2.5372090687917364e-10,5.032578660095618e-10,0.5463,0.2042,0.248,0.135
SLC52A2,ENSG00000185803,-3.3166,2.5408391749951087e-10,5.03821142786744e-10,0.0208,0.2078,0.013,0.147
C1orf198,ENSG00000119280,-1.9975,2.5668897806894006e-10,5.088284313400165e-10,0.0617,0.2467,0.035,0.17
SLC48A1,ENSG00000211584,-6.0414,2.583483592455866e-10,5.119585919150184e-10,0.0028,0.1908,0.001,0.135
UGDH,ENSG00000109814,-1.0869,2.704245073948953e-10,5.357228821138774e-10,0.1558,0.3311,0.08,0.221
PTPN14,ENSG00000152104,2.4518,2.735832443275497e-10,5.418121101547467e-10,0.3492,0.0637,0.172,0.042
DUSP16,ENSG00000111266,1.1749,2.8343472117017933e-10,5.611479339937556e-10,0.6243,0.2764,0.281,0.178
CAV2,ENSG00000105971,-0.95,2.91378691404927e-10,5.766964165496461e-10,0.1919,0.3709,0.09,0.235
CLIP4,ENSG00000115295,2.3121,2.9291696229192455e-10,5.79561028743333e-10,0.3633,0.0731,0.178,0.05
PRKCD,ENSG00000163932,-1.255,3.0426867661893915e-10,6.018345682425495e-10,0.1308,0.3123,0.069,0.209
SHISA5,ENSG00000164054,-1.1349,3.057184214676531e-10,6.045145585782532e-10,0.1392,0.3059,0.068,0.21
CETN3,ENSG00000153140,-2.4358,3.0696007908609414e-10,6.06781551681814e-10,0.0421,0.2282,0.019,0.155
TRAK1,ENSG00000182606,1.4161,3.0803570596652937e-10,6.087190407739072e-10,0.522,0.1955,0.244,0.129
TINF2,ENSG00000092330,-3.8267,3.3677861264109325e-10,6.653125675819552e-10,0.0139,0.1988,0.008,0.141
TFG,ENSG00000114354,-0.6095,3.419734465507169e-10,6.753657750188414e-10,0.2999,0.4577,0.146,0.303
ARMH3,ENSG00000120029,1.7584,3.4228629438279283e-10,6.757742727439777e-10,0.4484,0.1325,0.208,0.084
RBM23,ENSG00000100461,-1.2724,3.4815813422670956e-10,6.871542122895583e-10,0.1232,0.2978,0.06,0.199
SNW1,ENSG00000100603,-0.9866,3.518958357610369e-10,6.943162961858899e-10,0.1605,0.3181,0.073,0.216
SMIM14,ENSG00000163683,-0.4214,3.5389845856426334e-10,6.980515697237558e-10,0.5145,0.689,0.24,0.428
RNF217,ENSG00000146373,1.7852,3.556043033394596e-10,7.011993299687767e-10,0.4415,0.128,0.208,0.085
GGTLC1,ENSG00000149435,-4.2636,3.560919372914089e-10,7.019437539371466e-10,0.0112,0.2177,0.005,0.138
DEF8,ENSG00000140995,-2.1634,3.60007929421159e-10,7.094437558144941e-10,0.0503,0.2256,0.024,0.159
LCMT1,ENSG00000205629,-1.3424,3.640621670815414e-10,7.172114694514296e-10,0.1134,0.2877,0.058,0.196
TNFRSF1A,ENSG00000067182,-0.5003,3.7112641488272703e-10,7.30902346270431e-10,0.4073,0.5761,0.194,0.361
USP3,ENSG00000140455,0.97,3.7529382078793545e-10,7.388814414833504e-10,0.7133,0.3641,0.321,0.237
SERINC2,ENSG00000168528,-1.3173,3.774082113407084e-10,7.42814864864778e-10,0.114,0.2842,0.056,0.195
GPD1L,ENSG00000152642,-1.0296,3.782971763871929e-10,7.443347220581342e-10,0.1614,0.3296,0.077,0.22
MAZ,ENSG00000103495,-1.5426,3.7850610702898133e-10,7.445160235451268e-10,0.0905,0.2638,0.046,0.182
EMC8,ENSG00000131148,-2.4928,3.869284857431035e-10,7.608479631746714e-10,0.0388,0.2189,0.021,0.155
EMC2,ENSG00000104412,-0.8113,3.917197583347939e-10,7.700319023695069e-10,0.2248,0.3945,0.114,0.261
ATAD3C,ENSG00000215915,-2.5485,3.949839528076038e-10,7.762092167535371e-10,0.037,0.2168,0.021,0.154
ENOPH1,ENSG00000145293,-2.0788,4.156912568377207e-10,8.166507742189428e-10,0.0535,0.2263,0.026,0.161
JMJD8,ENSG00000161999,-2.2084,4.19682611884376e-10,8.24238031658317e-10,0.0497,0.2301,0.028,0.162
MNAT1,ENSG00000020426,1.1839,4.341516543859313e-10,8.523919915954148e-10,0.6032,0.2654,0.277,0.176
SMIM27,ENSG00000235453,-2.8991,4.3837883265986145e-10,8.60426434176914e-10,0.0285,0.2133,0.014,0.147
PYCARD,ENSG00000103490,-3.1629,4.438971093131714e-10,8.709892495757055e-10,0.0242,0.218,0.013,0.145
PINK1,ENSG00000158828,-1.7712,4.456520839421125e-10,8.741637031172208e-10,0.0708,0.2419,0.032,0.168
HMGCL,ENSG00000117305,-1.5853,4.512812684795533e-10,8.849332779320678e-10,0.0848,0.2547,0.041,0.177
MAPKAPK3,ENSG00000114738,-1.0641,4.573512946077155e-10,8.965604253149404e-10,0.1544,0.323,0.08,0.22
TP53TG1,ENSG00000182165,-3.4598,4.5760274460327645e-10,8.967775889473986e-10,0.0188,0.2078,0.01,0.143
IKZF2,ENSG00000030419,2.6414,4.661993825723032e-10,9.133439040867957e-10,0.3434,0.055,0.164,0.035
SLC46A2,ENSG00000119457,-1.56,4.696416160524746e-10,9.198050083977037e-10,0.1013,0.2988,0.05,0.186
AGA,ENSG00000038002,-2.9387,4.736738334122376e-10,9.274172874702134e-10,0.0272,0.2091,0.014,0.147
C12orf76,ENSG00000174456,-1.2731,4.77728427321999e-10,9.350686902602837e-10,0.1233,0.2982,0.062,0.2
PSMD14,ENSG00000115233,-0.8598,4.814260437417587e-10,9.420168903786715e-10,0.1965,0.3568,0.094,0.238
ARL8A,ENSG00000143862,-2.4315,4.889285927238767e-10,9.564037369176786e-10,0.0409,0.2211,0.022,0.155
KIAA1958,ENSG00000165185,1.5212,4.9245226895692e-10,9.630009860737317e-10,0.4899,0.1706,0.226,0.108
MIR4435-2HG,ENSG00000172965,1.8047,4.987289766781952e-10,9.749761503598572e-10,0.4368,0.125,0.196,0.07
COMMD9,ENSG00000110442,-2.9951,5.226550798260624e-10,1.0214365830444964e-09,0.0252,0.2014,0.012,0.144
FPGS,ENSG00000136877,-0.9885,5.271057658036817e-10,1.0298189570942295e-09,0.1672,0.3318,0.083,0.223
PTGR1,ENSG00000106853,-1.1101,5.287402175993744e-10,1.032695737498778e-09,0.1492,0.3221,0.077,0.217
NDFIP2,ENSG00000102471,-1.1261,5.384974516130948e-10,1.05143070567641e-09,0.1458,0.3184,0.078,0.216
TMEM220,ENSG00000187824,-2.445,5.475957941274224e-10,1.0688680917214692e-09,0.0405,0.221,0.021,0.153
SECISBP2,ENSG00000187742,-0.5494,5.522010458036923e-10,1.0775272932349367e-09,0.3497,0.5118,0.167,0.328
AFG3L2,ENSG00000141385,-1.1308,5.630360812495962e-10,1.098333848826859e-09,0.1405,0.3078,0.069,0.207
LINC01515,ENSG00000228065,3.3329,5.670260774251463e-10,1.1057789059606324e-09,0.3153,0.0312,0.148,0.017
BET1L,ENSG00000177951,-2.3817,5.769507527162274e-10,1.124789311488058e-09,0.043,0.2247,0.024,0.157
KLF12,ENSG00000118922,2.8583,5.97978163854894e-10,1.1654267179990673e-09,0.3318,0.0457,0.157,0.027
FAM120B,ENSG00000112584,1.7773,6.156346907511154e-10,1.1994716239420419e-09,0.4146,0.1209,0.2,0.077
ATP8A2,ENSG00000132932,-3.2223,6.272953501544413e-10,1.2218172493842234e-09,0.0226,0.2113,0.014,0.145
DKC1,ENSG00000130826,-2.2397,6.311899977148044e-10,1.2290275612192664e-09,0.0489,0.2312,0.028,0.16
CDC123,ENSG00000151465,-1.1961,6.562852614154188e-10,1.2775018447399376e-09,0.1281,0.2937,0.065,0.203
COPB2,ENSG00000184432,-0.6509,6.577327265414271e-10,1.2799286116305243e-09,0.2847,0.4471,0.144,0.295
ESF1,ENSG00000089048,-1.0485,6.600895483433447e-10,1.2841229388736108e-09,0.1572,0.3252,0.078,0.217
INO80E,ENSG00000169592,-1.574,6.777013131757706e-10,1.3179822670822265e-09,0.0914,0.2722,0.047,0.182
MCRS1,ENSG00000187778,-2.9546,6.827891865919994e-10,1.3274721148289103e-09,0.0264,0.2057,0.014,0.146
ORMDL3,ENSG00000172057,-1.7276,6.87865485183516e-10,1.336933679281986e-09,0.075,0.2486,0.039,0.172
RNF126,ENSG00000070423,-2.2448,7.115129198874406e-10,1.3824732899367369e-09,0.0467,0.2216,0.027,0.159
ACTR1B,ENSG00000115073,-2.1497,7.214719368795559e-10,1.4013965867176018e-09,0.0516,0.2293,0.03,0.162
SINHCAF,ENSG00000139146,-1.3017,7.222567535525462e-10,1.4024936959785201e-09,0.1179,0.2908,0.063,0.199
ANKRD65,ENSG00000235098,-1.6801,7.341294217221056e-10,1.4251142093417853e-09,0.0805,0.258,0.04,0.174
HACD2,ENSG00000206527,-0.6453,7.386523868638539e-10,1.4334578283887576e-09,0.2698,0.422,0.127,0.278
AFG2A,ENSG00000145375,2.6343,7.388967008527116e-10,1.4334955775824822e-09,0.3491,0.0561,0.162,0.034
ZNF90,ENSG00000213988,-1.8838,7.465272848143481e-10,1.4478586676883082e-09,0.0687,0.2538,0.033,0.166
NRBP1,ENSG00000115216,-1.3479,7.525271197789215e-10,1.4590512130750076e-09,0.1067,0.2718,0.053,0.188
FNDC3A,ENSG00000102531,0.9863,7.556962823222536e-10,1.4647503191864903e-09,0.6728,0.3396,0.307,0.215
ATR,ENSG00000175054,2.0959,7.716655645598159e-10,1.4952486243370292e-09,0.3886,0.0908,0.184,0.059
PAF1,ENSG00000006712,-3.0372,7.791296035142417e-10,1.509252878275081e-09,0.0254,0.2091,0.015,0.146
SCRN2,ENSG00000141295,-3.1202,7.967078953770117e-10,1.5428350039576093e-09,0.0239,0.2084,0.012,0.143
GULP1,ENSG00000144366,1.3371,7.977605108776786e-10,1.5444042687048895e-09,0.5376,0.2127,0.248,0.138
SCEL,ENSG00000136155,1.7826,8.104217849047211e-10,1.5684392467418327e-09,0.4659,0.1353,0.204,0.086
EBLN3P,ENSG00000281649,-1.1301,8.161330994952039e-10,1.5790132046379135e-09,0.1395,0.3054,0.069,0.208
ZNF444,ENSG00000167685,-1.1948,8.222322775148269e-10,1.5903309372442419e-09,0.1342,0.3074,0.068,0.205
MUC4,ENSG00000145113,2.825,8.309946111886675e-10,1.6067912181764498e-09,0.3687,0.0519,0.159,0.032
CD47,ENSG00000196776,-0.4185,8.346625752089523e-10,1.6133941531100883e-09,0.8306,1.1101,0.372,0.619
IFNGR1,ENSG00000027697,-0.7049,8.370837973320429e-10,1.617583876323666e-09,0.2549,0.4155,0.126,0.273
SEC24B,ENSG00000138802,1.5953,8.377148308640855e-10,1.6183127414419832e-09,0.4516,0.1494,0.217,0.099
SEL1L3,ENSG00000091490,0.8953,8.435739289225675e-10,1.6291377754866307e-09,0.7307,0.3928,0.33,0.255
C8orf33,ENSG00000182307,-2.3013,8.741730691355069e-10,1.6877205680614345e-09,0.0456,0.225,0.026,0.157
SPRYD7,ENSG00000123178,-1.868,8.818763302230438e-10,1.7020773857620054e-09,0.0667,0.2438,0.036,0.168
ZDHHC24,ENSG00000174165,-2.2732,8.830593205685869e-10,1.7038447846927184e-09,0.0451,0.2186,0.022,0.154
SNX27,ENSG00000143376,-0.762,8.84680657767377e-10,1.7064566394151372e-09,0.2201,0.3733,0.107,0.251
PDE5A,ENSG00000138735,2.8673,8.863465834549632e-10,1.709152894593282e-09,0.3116,0.0426,0.154,0.026
AVPI1,ENSG00000119986,-1.9664,9.355721725277856e-10,1.8035296643074188e-09,0.0596,0.2331,0.03,0.162
PIGBOS1,ENSG00000225973,-3.6684,9.586065897746143e-10,1.8473751541152256e-09,0.0158,0.2015,0.009,0.139
TMEM14A,ENSG00000096092,-2.7352,1.017303051226029e-09,1.95989935073011e-09,0.0326,0.2177,0.019,0.149
PES1,ENSG00000100029,-3.7098,1.0246960043079973e-09,1.973545929747276e-09,0.0149,0.196,0.01,0.14
ACTMAP,ENSG00000188493,-3.022,1.029147249927329e-09,1.9815203015061074e-09,0.0255,0.2082,0.014,0.144
PTP4A3,ENSG00000184489,-1.1666,1.0332057933656592e-09,1.9887339772663277e-09,0.1408,0.3163,0.067,0.203
NR4A2,ENSG00000153234,-2.3201,1.0375715509009106e-09,1.9965344512506203e-09,0.0482,0.2409,0.022,0.153
GANAB,ENSG00000089597,-0.9957,1.0596219515310943e-09,2.0383494088746912e-09,0.1647,0.3285,0.086,0.224
TP53RK,ENSG00000172315,-4.1012,1.0639968707362319e-09,2.0461478283389072e-09,0.0111,0.1923,0.006,0.136
BROX,ENSG00000162819,-1.319,1.077681428953084e-09,2.071839297218308e-09,0.1112,0.2777,0.058,0.192
DYRK4,ENSG00000010219,-4.4619,1.0789936346952104e-09,2.073736635870355e-09,0.0086,0.1906,0.005,0.134
CDK5RAP3,ENSG00000108465,-1.4276,1.0828382517212187e-09,2.080498449283535e-09,0.1008,0.2714,0.05,0.184
KIF9,ENSG00000088727,-2.6422,1.0879173133858981e-09,2.0896272590645073e-09,0.0341,0.2134,0.017,0.147
SPIRE1,ENSG00000134278,0.8666,1.1296058695960145e-09,2.1690474152634316e-09,0.7738,0.4243,0.334,0.258
PPIL4,ENSG00000131013,-0.9466,1.1518910256398382e-09,2.2111729263637363e-09,0.1746,0.3366,0.086,0.225
OGA,ENSG00000198408,0.9553,1.1528602382166378e-09,2.2123672542537823e-09,0.6819,0.3516,0.313,0.228
DNAJB2,ENSG00000135924,-1.7622,1.1544773596129382e-09,2.2148038421704727e-09,0.0722,0.245,0.041,0.173
MRPS10,ENSG00000048544,-1.7463,1.1949622211407403e-09,2.291782238198622e-09,0.071,0.2383,0.036,0.168
AKT1S1,ENSG00000204673,-3.2227,1.2249443893694363e-09,2.3485775886406486e-09,0.0215,0.2012,0.013,0.142
TENT5C,ENSG00000183508,-1.5375,1.2735212311598467e-09,2.440979509514138e-09,0.088,0.2556,0.04,0.173
RIC1,ENSG00000107036,2.1933,1.27423370336224e-09,2.441611018615654e-09,0.367,0.0802,0.175,0.05
ZMAT5,ENSG00000100319,-2.4259,1.2968765441485474e-09,2.4842511925922444e-09,0.0412,0.2216,0.022,0.152
CDYL,ENSG00000153046,2.1087,1.3980503225450146e-09,2.677251669037089e-09,0.3783,0.0876,0.184,0.063
AAMDC,ENSG00000087884,-1.0248,1.41212803371672e-09,2.703398262745973e-09,0.1546,0.3146,0.074,0.213
CEACAM6,ENSG00000086548,-0.8521,1.4182788873341801e-09,2.7143584229226654e-09,0.2599,0.4692,0.125,0.262
ATP2B1,ENSG00000070961,-0.8067,1.4499320703859948e-09,2.774104726503817e-09,0.2053,0.3592,0.096,0.236
WDR37,ENSG00000047056,2.2942,1.4567845996985568e-09,2.7863791848419742e-09,0.3685,0.0751,0.175,0.052
DLD,ENSG00000091140,-1.5327,1.465130960555341e-09,2.8015026615297834e-09,0.0883,0.2556,0.046,0.178
SYNE4,ENSG00000181392,-2.0589,1.4749957867211022e-09,2.8195196822629763e-09,0.0561,0.234,0.03,0.16
SNX13,ENSG00000071189,1.1745,1.5007601910694154e-09,2.867909537790025e-09,0.6041,0.2676,0.273,0.177
ENSG00000272831,ENSG00000272831,-6.5313,1.5191896329142837e-09,2.9022576894901285e-09,0.0019,0.1824,0.001,0.129
STX3,ENSG00000166900,-0.7498,1.539338313745675e-09,2.9398687088462182e-09,0.2367,0.3981,0.119,0.263
DHRSX,ENSG00000169084,1.4807,1.5400882180677377e-09,2.9404200030493646e-09,0.5268,0.1887,0.234,0.124
TOR1AIP2,ENSG00000169905,-0.5599,1.5588073940890068e-09,2.975268603987251e-09,0.3326,0.4904,0.163,0.318
RPP25,ENSG00000178718,-3.9111,1.5707057557991277e-09,2.9970814705834894e-09,0.0126,0.1904,0.006,0.135
SHMT1,ENSG00000176974,-1.4188,1.5922576824213438e-09,3.0372958484249155e-09,0.0988,0.2644,0.051,0.183
TIAM2,ENSG00000146426,3.1774,1.640630483714181e-09,3.1286327650846255e-09,0.3151,0.0347,0.146,0.02
PIGH,ENSG00000100564,-3.525,1.644814442422201e-09,3.135673466041128e-09,0.0165,0.1906,0.009,0.137
HMGCR,ENSG00000113161,-0.4882,1.661423737920161e-09,3.166390531910621e-09,0.3761,0.5276,0.168,0.33
RDH14,ENSG00000240857,-2.4739,1.7129512955368537e-09,3.2636176058121465e-09,0.0387,0.2155,0.023,0.152
HEXIM1,ENSG00000186834,-1.9599,1.7343162558947433e-09,3.3033361611380307e-09,0.0617,0.2405,0.032,0.162
ARHGAP8,ENSG00000241484,1.9773,1.7554538026610838e-09,3.3425979665365624e-09,0.411,0.1043,0.189,0.069
C8orf82,ENSG00000213563,-2.5974,1.7648923908003127e-09,3.3593401920435418e-09,0.0336,0.2037,0.018,0.147
TMEM70,ENSG00000175606,-2.8964,1.7653003362111161e-09,3.3593401920435418e-09,0.0262,0.196,0.014,0.142
ZNF516,ENSG00000101493,1.9375,1.7792663943339603e-09,3.3849069722109806e-09,0.4172,0.1088,0.19,0.07
FANCC,ENSG00000158169,2.6851,1.7827643982571285e-09,3.390549832604175e-09,0.3347,0.052,0.155,0.029
KAT6A,ENSG00000083168,1.332,1.791352505309167e-09,3.405867050804038e-09,0.5377,0.2135,0.248,0.143
MYO1E,ENSG00000157483,1.856,1.8094855135381786e-09,3.4393172775211353e-09,0.4073,0.1124,0.191,0.071
MRPL49,ENSG00000149792,-2.769,1.954543631117154e-09,3.7139241872941456e-09,0.0297,0.2028,0.018,0.146
DMXL1,ENSG00000172869,1.3578,1.9887126738653087e-09,3.777724462422927e-09,0.5104,0.1991,0.24,0.132
TNS3,ENSG00000136205,2.0646,2.005044541320595e-09,3.807613628513194e-09,0.4193,0.1002,0.185,0.065
HYAL2,ENSG00000068001,-2.2394,2.030933152442925e-09,3.855628006796798e-09,0.0458,0.2166,0.024,0.153
KHSRP,ENSG00000088247,-1.41,2.0859939648622797e-09,3.9589793170577655e-09,0.1005,0.2673,0.055,0.185
CACNA1D,ENSG00000157388,2.3306,2.0918104010077816e-09,3.9688366983406566e-09,0.3494,0.0694,0.164,0.04
KLHDC3,ENSG00000124702,-1.9443,2.0957128735083374e-09,3.9750578900968914e-09,0.0592,0.2283,0.032,0.161
HSF1,ENSG00000185122,-1.3606,2.1030067968152206e-09,3.9877062253709195e-09,0.1028,0.2641,0.051,0.183
AKIRIN2,ENSG00000135334,-1.4481,2.1372914616478634e-09,4.051511468333372e-09,0.0972,0.2654,0.05,0.181
RELA,ENSG00000173039,-2.0968,2.1644437441641845e-09,4.101762446208881e-09,0.0501,0.2148,0.023,0.152
TRPC4AP,ENSG00000100991,1.2493,2.1832835969303607e-09,4.136235640544146e-09,0.5792,0.2436,0.262,0.164
EIF3B,ENSG00000106263,-0.7669,2.1969248913975315e-09,4.160842597343809e-09,0.2153,0.3665,0.105,0.245
LAMB2,ENSG00000172037,-1.5602,2.2114620958402865e-09,4.187131232842836e-09,0.0891,0.263,0.047,0.178
PDE7A,ENSG00000205268,1.6627,2.2783351030424715e-09,4.312466235717267e-09,0.4419,0.1395,0.208,0.093
RFX3,ENSG00000080298,1.857,2.2975069011661635e-09,4.3474640827943875e-09,0.3755,0.1036,0.182,0.059
YBEY,ENSG00000182362,-2.6927,2.348900173675591e-09,4.443394245454567e-09,0.0321,0.2081,0.018,0.145
CCNQ,ENSG00000262919,-3.7647,2.362626880404684e-09,4.468035112008265e-09,0.0136,0.1867,0.008,0.134
TMEM223,ENSG00000168569,-2.6549,2.3710961532066742e-09,4.48272181989696e-09,0.0332,0.2097,0.019,0.146
VEPH1,ENSG00000197415,-0.381,2.3833088963929976e-09,4.504475011712232e-09,0.6327,0.824,0.279,0.478
PIGC,ENSG00000135845,-2.7262,2.4192064543498997e-09,4.570966552009665e-09,0.0306,0.203,0.015,0.143
UCP2,ENSG00000175567,-2.1833,2.42876381168226e-09,4.5876649776220465e-09,0.0486,0.2211,0.022,0.15
MPHOSPH8,ENSG00000196199,-0.4348,2.476991431073939e-09,4.677375702931386e-09,0.4212,0.5694,0.194,0.361
AGO3,ENSG00000126070,1.1807,2.5101198793687395e-09,4.738529532418038e-09,0.5564,0.2454,0.263,0.163
CREBL2,ENSG00000111269,-1.5564,2.6457918953126744e-09,4.991690835341313e-09,0.0842,0.248,0.042,0.172
TPD52L1,ENSG00000111907,-0.9191,2.645126340032875e-09,4.991690835341313e-09,0.1766,0.334,0.087,0.224
SORCS2,ENSG00000184985,1.8897,2.6472445820703613e-09,4.992953908490697e-09,0.4189,0.113,0.187,0.068
AMZ2,ENSG00000196704,-2.506,2.6871306400434704e-09,5.066683771155612e-09,0.0367,0.209,0.022,0.148
IVD,ENSG00000128928,-0.5646,2.6961144529254776e-09,5.082119940094595e-09,0.3234,0.4783,0.158,0.309
MRPS22,ENSG00000175110,-3.4432,2.7051275133344453e-09,5.097602097992046e-09,0.0178,0.1944,0.012,0.138
RAB3GAP1,ENSG00000115839,1.1806,2.731344253668208e-09,5.145484520429913e-09,0.5814,0.2564,0.266,0.167
ATP6V1B2,ENSG00000147416,-1.991,2.784204126861083e-09,5.243515896230252e-09,0.0537,0.2136,0.023,0.151
GNG10,ENSG00000242616,-1.8915,2.8603026015630973e-09,5.3852419034154595e-09,0.0699,0.2598,0.035,0.162
PCSK9,ENSG00000169174,-1.559,2.8895645912505437e-09,5.4387287479250715e-09,0.0859,0.2532,0.041,0.171
HMBS,ENSG00000256269,-3.1354,2.911270433281771e-09,5.476349664258273e-09,0.0221,0.1951,0.012,0.138
SDHA,ENSG00000073578,-1.0615,2.910473526424548e-09,5.476349664258273e-09,0.1483,0.3096,0.078,0.21
TRADD,ENSG00000102871,-1.7713,2.912599083559124e-09,5.477232789878884e-09,0.0678,0.2318,0.035,0.162
MGMT,ENSG00000170430,-0.7398,2.9268526522855154e-09,5.502413936396391e-09,0.2364,0.3949,0.117,0.257
AGO4,ENSG00000134698,1.8866,3.0168353399388015e-09,5.669907220551255e-09,0.4096,0.1107,0.191,0.074
CDC5L,ENSG00000096401,-1.4905,3.031447174810971e-09,5.695689873097536e-09,0.0889,0.2501,0.046,0.176
AHI1,ENSG00000135541,0.7274,3.04210461848982e-09,5.7140297415652925e-09,0.837,0.5055,0.366,0.312
ENSG00000235584,ENSG00000235584,-4.7984,3.0839761727326665e-09,5.790971458371354e-09,0.0077,0.2182,0.004,0.13
JOSD1,ENSG00000100221,-1.49,3.0990456982645063e-09,5.817554866441763e-09,0.0882,0.2479,0.044,0.173
FBXO7,ENSG00000100225,-0.8471,3.1013052384823877e-09,5.820082689233212e-09,0.1888,0.3397,0.094,0.232
IFI27L1,ENSG00000165948,-2.4169,3.1235622417510483e-09,5.859469609617342e-09,0.0404,0.2164,0.024,0.15
PREB,ENSG00000138073,-2.6386,3.124131325974799e-09,5.859469609617342e-09,0.0329,0.2054,0.019,0.145
DNAJC3,ENSG00000102580,-0.4717,3.287809742411714e-09,6.164643267021964e-09,0.41,0.5685,0.198,0.359
LINC01376,ENSG00000236204,3.21,3.310540691939947e-09,6.205438668367292e-09,0.3118,0.0336,0.141,0.016
ACO2,ENSG00000100412,-0.8099,3.3385814020859682e-09,6.256160034773089e-09,0.196,0.3437,0.094,0.23
CPNE1,ENSG00000214078,-0.9445,3.443206836160792e-09,6.450321357779915e-09,0.1713,0.3298,0.086,0.222
KLF3,ENSG00000109787,-0.969,3.4595112784009557e-09,6.478961339543505e-09,0.1627,0.3185,0.081,0.215
RPS6KA3,ENSG00000177189,0.8232,3.4610829683695526e-09,6.4800011522337445e-09,0.7786,0.44,0.343,0.276
RAPH1,ENSG00000173166,1.2587,3.4853749544451853e-09,6.523565864529671e-09,0.5003,0.209,0.244,0.136
DNM2,ENSG00000079805,0.6715,3.5581203886273893e-09,6.657768558115528e-09,0.8807,0.5529,0.381,0.341
ENSG00000273877,ENSG00000273877,-10.8513,3.5672561322427165e-09,6.6729042966688135e-09,0.0,0.1846,0.0,0.125
TIMM44,ENSG00000104980,-2.0553,3.5767393253712825e-09,6.688680903268385e-09,0.053,0.2207,0.027,0.154
ACADS,ENSG00000122971,-2.0329,3.594148187449417e-09,6.71926530644869e-09,0.0539,0.2208,0.028,0.155
ELAVL1,ENSG00000066044,-0.7087,3.6421598384459517e-09,6.807026962794764e-09,0.2353,0.3847,0.118,0.258
KAT5,ENSG00000172977,-2.1356,3.662784467713958e-09,6.843567110690646e-09,0.0479,0.2108,0.024,0.151
MTUS1-DT,ENSG00000253944,2.3919,3.6657757328717543e-09,6.847149222694824e-09,0.3529,0.0672,0.162,0.04
ZYX,ENSG00000159840,-3.4054,3.855253500153399e-09,7.198957546420011e-09,0.019,0.2019,0.01,0.135
FZD5,ENSG00000163251,-1.0697,3.906833375056574e-09,7.293136973934308e-09,0.1461,0.3069,0.077,0.21
DIS3L2,ENSG00000144535,1.436,4.00775264688664e-09,7.47933932198546e-09,0.4776,0.1764,0.225,0.113
MAD1L1,ENSG00000002822,1.5133,4.050493742372861e-09,7.556891310397129e-09,0.4772,0.1671,0.221,0.111
NUDT9,ENSG00000170502,-1.1227,4.101645545101119e-09,7.65008494734337e-09,0.1341,0.2922,0.067,0.197
IFT80,ENSG00000068885,1.4229,4.118649233557314e-09,7.679552168449218e-09,0.4825,0.1799,0.226,0.117
ENSG00000254604,ENSG00000254604,3.4026,4.194833727196586e-09,7.819317254642758e-09,0.2714,0.0256,0.136,0.011
NGDN,ENSG00000129460,-1.986,4.20099878242595e-09,7.828520092945173e-09,0.0575,0.2281,0.031,0.157
TRIB3,ENSG00000101255,-2.8078,4.218975006578892e-09,7.859721118334436e-09,0.0301,0.2113,0.018,0.143
MZT1,ENSG00000204899,-3.1624,4.352714471572798e-09,8.106501535575982e-09,0.0217,0.1953,0.014,0.139
FGFR1OP2,ENSG00000111790,-1.0568,4.384858661733351e-09,8.163981883338232e-09,0.1393,0.29,0.071,0.201
NFE2L2,ENSG00000116044,-0.4044,4.413746845263217e-09,8.215368215635915e-09,0.4586,0.6069,0.213,0.378
ENSG00000260740,ENSG00000260740,-4.8041,4.481066144897764e-09,8.33823604019943e-09,0.0068,0.1934,0.003,0.127
ZC3H12A,ENSG00000163874,-1.6874,4.518511488234042e-09,8.40545980084389e-09,0.0819,0.2639,0.039,0.166
B3GNT7,ENSG00000156966,-2.1551,4.5536940311216315e-09,8.468436245157643e-09,0.0499,0.2227,0.026,0.152
GAREM1,ENSG00000141441,1.1011,4.610811460634326e-09,8.572156040111936e-09,0.5898,0.2749,0.27,0.171
IPO7,ENSG00000205339,-0.425,4.7600473913761064e-09,8.847026857149468e-09,0.4384,0.5886,0.209,0.371
LINC00667,ENSG00000263753,-1.8033,4.822828820321056e-09,8.96010222158818e-09,0.0649,0.2268,0.032,0.159
PIGF,ENSG00000151665,-1.5428,4.823697384233825e-09,8.96010222158818e-09,0.0856,0.2496,0.045,0.172
DYNC1LI1,ENSG00000144635,-0.8998,4.832282629831438e-09,8.973434828189751e-09,0.1738,0.3243,0.085,0.218
TMA16,ENSG00000198498,-1.3471,4.842190391605163e-09,8.989214835900675e-09,0.1046,0.2662,0.054,0.182
SMC5,ENSG00000198887,0.8437,4.869401789896539e-09,9.037099391729385e-09,0.7388,0.4116,0.331,0.263
FLII,ENSG00000177731,-1.3595,4.90889636774654e-09,9.1077457346869e-09,0.1024,0.2629,0.053,0.181
PACSIN3,ENSG00000165912,-2.1883,4.949927203927767e-09,9.181200443712398e-09,0.0462,0.2108,0.022,0.147
SDHAF1,ENSG00000205138,-4.9651,5.118563441758921e-09,9.491228022458733e-09,0.0055,0.1755,0.003,0.126
IPO5,ENSG00000065150,-1.4678,5.219717215087858e-09,9.675980589178567e-09,0.0931,0.2576,0.051,0.179
ELP5,ENSG00000170291,-2.4605,5.225934759769454e-09,9.684690143468102e-09,0.039,0.2153,0.021,0.146
CKLF,ENSG00000217555,-2.2324,5.2603193364981315e-09,9.745578544078928e-09,0.0454,0.2138,0.022,0.147
RP9,ENSG00000164610,-1.9986,5.267648450055636e-09,9.756321577311063e-09,0.0585,0.234,0.032,0.158
PGRMC2,ENSG00000164040,-1.1165,5.313024917068289e-09,9.837506199915869e-09,0.1294,0.2806,0.065,0.196
COLCA1,ENSG00000196167,-2.75,5.315649770866243e-09,9.839508504434467e-09,0.0304,0.2053,0.014,0.139
MIF4GD,ENSG00000125457,-7.1108,5.321381104684607e-09,9.847258212587624e-09,0.0012,0.1741,0.001,0.125
CNPY3,ENSG00000137161,-2.681,5.339330299877032e-09,9.877606111931537e-09,0.0312,0.2003,0.017,0.141
TNFAIP3,ENSG00000118503,-2.2125,5.473506205937024e-09,1.0122890067551068e-08,0.0532,0.2468,0.026,0.151
ROCK2,ENSG00000134318,1.1035,5.497500644063635e-09,1.0164317461109534e-08,0.5927,0.2758,0.275,0.183
TASP1,ENSG00000089123,1.6536,5.6480599792391675e-09,1.0439658558321163e-08,0.4182,0.1329,0.2,0.086
SHISA2,ENSG00000180730,-3.4425,5.739155679176824e-09,1.0604961581087611e-08,0.0183,0.2003,0.012,0.135
USP40,ENSG00000085982,1.4566,5.820719973415164e-09,1.0752561527244761e-08,0.4859,0.177,0.225,0.117
DMAC2,ENSG00000105341,-2.4618,5.9005046694212755e-09,1.0896789474959626e-08,0.0367,0.2026,0.019,0.144
RABGAP1,ENSG00000011454,0.9761,5.947580335368532e-09,1.0980545797270314e-08,0.6517,0.3313,0.298,0.213
RING1,ENSG00000204227,-1.5748,6.1876628724117546e-09,1.1420483732375488e-08,0.0831,0.2477,0.044,0.17
PPP6R2,ENSG00000100239,1.1307,6.241567780113596e-09,1.1516640983567054e-08,0.6051,0.2763,0.271,0.177
MCEE,ENSG00000124370,-1.633,6.283559689261049e-09,1.1590767655971988e-08,0.0794,0.2465,0.044,0.169
TET2,ENSG00000168769,1.4941,6.516271760267396e-09,1.2016555531300159e-08,0.4802,0.1704,0.217,0.107
GNAI3,ENSG00000065135,-1.0805,6.618298984158497e-09,1.2201172939274268e-08,0.136,0.2876,0.068,0.199
REPIN1,ENSG00000214022,-1.9309,6.729380750354529e-09,1.2402371287513768e-08,0.0589,0.2248,0.035,0.159
CSF2,ENSG00000164400,-4.7319,6.755097502436749e-09,1.2446169531223779e-08,0.0073,0.1977,0.005,0.128
TMF1,ENSG00000144747,-0.5296,6.757357912356932e-09,1.2446736981009951e-08,0.3028,0.4372,0.144,0.288
IFI27,ENSG00000165949,-1.4609,6.792109787340187e-09,1.2507134573741677e-08,0.1068,0.2941,0.049,0.175
FAM133B,ENSG00000234545,-0.4786,6.850518029507162e-09,1.2611046040458607e-08,0.3838,0.5349,0.181,0.335
PARN,ENSG00000140694,1.0666,6.859076608059339e-09,1.262315628648334e-08,0.6081,0.2903,0.279,0.189
CCDC28A,ENSG00000024862,-2.1085,6.874079149549193e-09,1.264711531843466e-08,0.0494,0.2132,0.024,0.15
PGM1,ENSG00000079739,-0.754,6.891571241901672e-09,1.2675639546198259e-08,0.2213,0.3734,0.109,0.245
WWC2,ENSG00000151718,0.813,7.168138958463819e-09,1.318052663980584e-08,0.7512,0.4275,0.334,0.271
SCGB2B2,ENSG00000205209,3.9243,7.223575476592487e-09,1.3278631390795013e-08,0.2819,0.0185,0.131,0.008
BCLAF1,ENSG00000029363,-0.4017,7.2878591996338785e-09,1.3392938137119048e-08,0.519,0.6857,0.248,0.42
UBE2S,ENSG00000108106,-3.6987,7.3492639254003045e-09,1.3501304325743852e-08,0.0139,0.1816,0.008,0.13
LHFPL3,ENSG00000187416,1.7662,7.3510631081814766e-09,1.3501304325743852e-08,0.3878,0.1139,0.168,0.043
TMEM150A,ENSG00000168890,-2.2853,7.356790630712456e-09,1.3507932105642832e-08,0.0434,0.2118,0.023,0.147
COMMD5,ENSG00000170619,-2.903,7.378266472131058e-09,1.3543463507007053e-08,0.0253,0.1901,0.013,0.136
HSD17B4,ENSG00000133835,-0.3627,7.433628637570498e-09,1.3641157905731698e-08,0.7163,0.9211,0.325,0.537
CRYM,ENSG00000103316,-2.3292,7.49706089494087e-09,1.3753600922373539e-08,0.0436,0.2195,0.019,0.144
NLK,ENSG00000087095,2.1656,7.61889992277057e-09,1.3973097528096197e-08,0.3547,0.079,0.169,0.051
CRIPT,ENSG00000119878,-1.809,7.639930518676087e-09,1.4007637922507924e-08,0.0652,0.2288,0.033,0.158
RNF38,ENSG00000137075,1.8438,7.645536874247944e-09,1.40138865938271e-08,0.4012,0.1117,0.189,0.074
DAP3,ENSG00000132676,-0.5585,7.695319247582651e-09,1.4101080828783962e-08,0.2743,0.404,0.13,0.273
GOT2,ENSG00000125166,-1.9509,8.065250441165346e-09,1.477470447196238e-08,0.0572,0.2216,0.031,0.155
BAIAP2L1,ENSG00000006453,1.1137,8.18243008417583e-09,1.4985059404372567e-08,0.5762,0.2662,0.267,0.172
HGS,ENSG00000185359,-1.2877,8.292799678981072e-09,1.5182825374355063e-08,0.1079,0.2635,0.054,0.181
PKP3,ENSG00000184363,-2.2479,8.367800559191672e-09,1.5315741764239708e-08,0.0445,0.2118,0.026,0.149
CRYZ,ENSG00000116791,-1.4179,8.628457184620068e-09,1.5784812212021325e-08,0.0959,0.2563,0.047,0.174
BOLA1,ENSG00000178096,-5.7088,8.62903067590499e-09,1.5784812212021325e-08,0.0032,0.1744,0.003,0.124
CYB561,ENSG00000008283,-1.3119,8.758624898291621e-09,1.6017278751178738e-08,0.1068,0.2653,0.058,0.184
TOM1,ENSG00000100284,-0.6944,9.069549982235059e-09,1.658112450150516e-08,0.2343,0.3792,0.113,0.248
LRP2BP-AS1,ENSG00000250410,2.2524,9.086017885958957e-09,1.6606469043287947e-08,0.3158,0.0662,0.153,0.03
WNK1,ENSG00000060237,0.4699,9.103320330742689e-09,1.663332390612916e-08,1.0026,0.7239,0.431,0.435
TRIP12,ENSG00000153827,0.9334,9.154205160196945e-09,1.672150656053167e-08,0.6486,0.3396,0.302,0.222
SPRED1,ENSG00000166068,1.264,9.715760747930348e-09,1.774218698597994e-08,0.5057,0.2105,0.24,0.136
SNRNP40,ENSG00000060688,-1.7418,9.776227192687216e-09,1.7847493801082762e-08,0.0669,0.2241,0.033,0.157
PPP3R1,ENSG00000221823,1.2761,1.01759134460222e-08,1.8571843177323653e-08,0.5125,0.2116,0.241,0.141
NEK7,ENSG00000151414,1.2722,1.025542864204072e-08,1.871160778277321e-08,0.5255,0.2175,0.244,0.143
U2AF2,ENSG00000063244,-1.2425,1.0380981621390336e-08,1.89352669059695e-08,0.1115,0.2639,0.055,0.181
GAR1,ENSG00000109534,-2.0559,1.045490943052324e-08,1.906465893008743e-08,0.0519,0.2161,0.027,0.15
RIPOR2,ENSG00000111913,1.6289,1.0536774605295906e-08,1.9208446699674406e-08,0.443,0.1432,0.202,0.093
KHDRBS2,ENSG00000112232,3.4147,1.0629559160506192e-08,1.937205250092252e-08,0.3048,0.0285,0.137,0.017
PSMG4,ENSG00000180822,-0.9208,1.0655812238076258e-08,1.9414347818729962e-08,0.1749,0.3312,0.089,0.219
LRCH3,ENSG00000186001,1.715,1.0781852133322112e-08,1.9638373528550988e-08,0.4235,0.1289,0.196,0.085
SH3RF1,ENSG00000154447,0.9687,1.1101125887707805e-08,2.021413240049622e-08,0.6565,0.3354,0.294,0.207
HLCS,ENSG00000159267,1.8078,1.1249337391486874e-08,2.047816272722125e-08,0.4021,0.1148,0.187,0.074
CHKA,ENSG00000110721,0.9957,1.1318810721474184e-08,2.059874917196629e-08,0.6551,0.3285,0.293,0.213
BLOC1S6,ENSG00000104164,-1.1546,1.141451589897245e-08,2.076699168263395e-08,0.1242,0.2766,0.065,0.192
GNPDA1,ENSG00000113552,-1.4495,1.1451708838131298e-08,2.0828714363220263e-08,0.0872,0.2383,0.042,0.167
RBMS1,ENSG00000153250,0.6262,1.1554597693804726e-08,2.1009857472334604e-08,0.8659,0.5609,0.383,0.348
FGD6,ENSG00000180263,1.6994,1.161849726017186e-08,2.1120022821099406e-08,0.4514,0.1389,0.202,0.093
MT1F,ENSG00000198417,-7.0891,1.1800595841083683e-08,2.1444925452368438e-08,0.0013,0.1905,0.001,0.122
ETNK1,ENSG00000139163,0.9849,1.1935317878925194e-08,2.1683571239141667e-08,0.657,0.3319,0.295,0.215
PSMC6,ENSG00000100519,-0.5652,1.206200018160091e-08,2.1907478962309346e-08,0.2845,0.421,0.137,0.279
YDJC,ENSG00000161179,-3.7208,1.2522759197483202e-08,2.2737849582442443e-08,0.014,0.1859,0.01,0.131
SETX,ENSG00000107290,1.2654,1.2556572696982861e-08,2.279275368544013e-08,0.5416,0.2252,0.248,0.152
ASF1A,ENSG00000111875,-3.2701,1.2713037920720739e-08,2.307020117978785e-08,0.0192,0.186,0.01,0.131
TMEM128,ENSG00000132406,-1.8889,1.276775739893621e-08,2.3162906493516888e-08,0.061,0.2261,0.036,0.158
RETREG2,ENSG00000144567,-1.9028,1.290131937327309e-08,2.3398552206149627e-08,0.0567,0.2123,0.027,0.15
WDR45B,ENSG00000141580,-0.8077,1.3012849636124237e-08,2.3594117300993175e-08,0.1877,0.3286,0.092,0.224
PHKB,ENSG00000102893,0.9727,1.3069108577301707e-08,2.368938503846983e-08,0.6521,0.3322,0.297,0.219
ANAPC5,ENSG00000089053,-0.6302,1.3191574153701842e-08,2.3904572265448903e-08,0.2306,0.357,0.107,0.243
TSPAN31,ENSG00000135452,-1.9447,1.360849349798636e-08,2.4653067931134707e-08,0.0559,0.2154,0.03,0.152
NICOL1,ENSG00000243449,-3.464,1.3690286201481273e-08,2.479419731092134e-08,0.0188,0.2081,0.012,0.132
LTV1,ENSG00000135521,-1.5984,1.386348717504849e-08,2.5100747157322956e-08,0.0765,0.232,0.039,0.162
FAM3C,ENSG00000196937,-0.9135,1.3902635794593265e-08,2.5164481314745046e-08,0.1573,0.2964,0.078,0.207
UBAP2,ENSG00000137073,1.3417,1.4053549277494187e-08,2.5423205631108243e-08,0.5236,0.2065,0.236,0.138
CYP20A1,ENSG00000119004,-0.6811,1.4052013870704408e-08,2.5423205631108243e-08,0.2201,0.353,0.1,0.236
ADAM10,ENSG00000137845,-2.0422,1.4342927022123996e-08,2.5939336103841266e-08,0.0537,0.2215,0.031,0.152
LINC03040,ENSG00000181577,-2.5532,1.4609043304975896e-08,2.641311714952392e-08,0.0344,0.2027,0.018,0.139
ADGRF5,ENSG00000069122,0.1022,1.4677118936970031e-08,2.6528674007140333e-08,1.3636,1.2703,0.556,0.677
CIMAP3,ENSG00000173947,-4.1945,1.4692823070816371e-08,2.6549531484255772e-08,0.0098,0.1809,0.005,0.125
UGP2,ENSG00000169764,-0.5489,1.4885472873599248e-08,2.689002254723582e-08,0.296,0.4331,0.142,0.284
TET3,ENSG00000187605,2.1349,1.4911474290915583e-08,2.6929362210931118e-08,0.3655,0.0831,0.169,0.055
ENSG00000277196,ENSG00000277196,-4.4001,1.4974711072745467e-08,2.703590571757359e-08,0.0093,0.1979,0.005,0.125
JKAMP,ENSG00000050130,-1.3241,1.503230582796403e-08,2.7132205451095893e-08,0.1056,0.2644,0.055,0.179
FYTTD1,ENSG00000122068,-1.1954,1.5192465567533546e-08,2.741352051882999e-08,0.114,0.2613,0.055,0.18
CATSPERB,ENSG00000133962,2.5891,1.5322520360541242e-08,2.7640369920331188e-08,0.2992,0.0496,0.144,0.024
SLC10A7,ENSG00000120519,2.1622,1.5360642321866137e-08,2.770129980251672e-08,0.3577,0.0798,0.167,0.052
ORAI1,ENSG00000276045,-5.2516,1.5566877125287496e-08,2.8065283278763514e-08,0.0044,0.1717,0.003,0.122
TSFM,ENSG00000123297,-2.3145,1.584431937377935e-08,2.855740345146829e-08,0.0389,0.1939,0.018,0.139
USP9X,ENSG00000124486,1.0124,1.5968313214339178e-08,2.8772752046753038e-08,0.6221,0.3083,0.286,0.205
CHST12,ENSG00000136213,-10.7205,1.6092548689206124e-08,2.8988414211271276e-08,0.0,0.1686,0.0,0.12
NDUFAF2,ENSG00000164182,-0.5629,1.623961915547002e-08,2.924507686896084e-08,0.3013,0.4452,0.144,0.284
DYNLL2,ENSG00000264364,-1.0001,1.6678547981123667e-08,3.002703851444885e-08,0.1446,0.2894,0.073,0.199
FBXO21,ENSG00000135108,-1.1053,1.6724305616912485e-08,3.0100917082952315e-08,0.1367,0.2942,0.073,0.198
TMX2,ENSG00000213593,-1.1876,1.6784045821788147e-08,3.019991310016919e-08,0.1211,0.276,0.065,0.19
OSGEP,ENSG00000092094,-1.8731,1.6866710419957832e-08,3.034008999075372e-08,0.0606,0.2223,0.031,0.153
GOLIM4,ENSG00000173905,-0.5008,1.7065831867133692e-08,3.068961301917554e-08,0.3451,0.4884,0.168,0.314
SLC35C2,ENSG00000080189,-1.6013,1.715431587356642e-08,3.084003488268075e-08,0.0778,0.2362,0.044,0.166
ECI2,ENSG00000198721,-2.0268,1.7282245694465546e-08,3.106126763524608e-08,0.0516,0.2106,0.027,0.148
TRRAP,ENSG00000196367,1.7105,1.7313056354437776e-08,3.1107873241133266e-08,0.3989,0.1218,0.189,0.076
ARFGAP3,ENSG00000242247,-0.543,1.733789391746006e-08,3.1143723224516166e-08,0.2887,0.4207,0.136,0.276
LMF2,ENSG00000100258,-2.4322,1.7584743878153294e-08,3.1578237245979505e-08,0.0369,0.1996,0.018,0.138
EIF2D,ENSG00000143486,-1.7765,1.7640188776041794e-08,3.16688829758565e-08,0.0648,0.2223,0.033,0.156
CRK,ENSG00000167193,-0.6195,1.7843522883580044e-08,3.20249038239929e-08,0.2541,0.3905,0.127,0.263
KRT10-AS1,ENSG00000167920,-3.7999,1.7852819217243513e-08,3.2032570365867545e-08,0.0129,0.1809,0.006,0.126
NFKBIL1,ENSG00000204498,-3.3835,1.7931249961321574e-08,3.216424268526309e-08,0.0174,0.1825,0.009,0.129
UBE2J2,ENSG00000160087,-0.975,1.8412501204073733e-08,3.30181983617356e-08,0.151,0.2969,0.077,0.204
BET1,ENSG00000105829,-1.2336,1.865194389814593e-08,3.343817276453327e-08,0.1118,0.2631,0.056,0.181
RPUSD3,ENSG00000156990,-2.7739,1.8821676157448014e-08,3.373297315258113e-08,0.0282,0.1937,0.015,0.135
HMGB3,ENSG00000029993,-1.3459,1.9194312927364523e-08,3.4391159334443185e-08,0.1061,0.2698,0.054,0.177
RPF2,ENSG00000197498,-1.3772,1.9321085695559652e-08,3.460857581039415e-08,0.0947,0.2463,0.047,0.17
RBMS2,ENSG00000076067,0.897,1.9411654718393515e-08,3.4761038997123217e-08,0.6803,0.3653,0.309,0.239
UBALD1,ENSG00000153443,-2.1216,1.9572837829302076e-08,3.502999471134215e-08,0.0491,0.2138,0.027,0.147
PTCHD1-AS,ENSG00000233067,3.3129,1.9568601861017153e-08,3.502999471134215e-08,0.3227,0.0324,0.132,0.013
SVBP,ENSG00000177868,-4.142,1.9671788303639e-08,3.519720753177059e-08,0.01,0.1788,0.005,0.124
SF3A2,ENSG00000104897,-2.1847,1.9680304504858317e-08,3.5202564876114415e-08,0.0467,0.2126,0.026,0.146
SMU1,ENSG00000122692,-1.6108,1.9870718508064555e-08,3.553319228300464e-08,0.0742,0.2268,0.035,0.156
FDFT1,ENSG00000079459,-0.336,1.99897154258388e-08,3.573596069537923e-08,0.8443,1.0657,0.347,0.596
ERC2,ENSG00000187672,3.9153,2.0256051325315543e-08,3.620194202379776e-08,0.2767,0.0182,0.128,0.01
HS6ST2,ENSG00000171004,4.6672,2.076138241408396e-08,3.709467850050035e-08,0.2738,0.0107,0.125,0.006
TMEM30A,ENSG00000112697,-0.3885,2.078112972428875e-08,3.711955785719831e-08,0.4882,0.6391,0.23,0.402
STIP1,ENSG00000168439,-0.9967,2.092800845156831e-08,3.737144366351483e-08,0.1535,0.3065,0.082,0.208
CHMP4C,ENSG00000164695,-2.2136,2.1095932439738396e-08,3.766075869597656e-08,0.0439,0.2039,0.026,0.146
RRAGC,ENSG00000116954,-1.5047,2.1427385850193526e-08,3.8241765060185814e-08,0.0794,0.2255,0.039,0.161
ARHGEF7,ENSG00000102606,1.4952,2.1440804139617487e-08,3.825500318781457e-08,0.4677,0.1658,0.216,0.112
CEP20,ENSG00000133393,-1.9697,2.1542399088585263e-08,3.842551600160354e-08,0.0533,0.2092,0.026,0.147
RCOR1,ENSG00000089902,0.8611,2.15880128725156e-08,3.849610687056978e-08,0.7054,0.3883,0.317,0.249
NDN,ENSG00000182636,-3.7886,2.1693093418282135e-08,3.867267073309525e-08,0.0127,0.1773,0.008,0.126
HTATIP2,ENSG00000109854,-2.0776,2.1711826313007202e-08,3.8695245385915826e-08,0.049,0.2071,0.026,0.146
RRP15,ENSG00000067533,-1.3517,2.1815608953042286e-08,3.8869342391180705e-08,0.103,0.263,0.056,0.178
FASTK,ENSG00000164896,-1.5451,2.2112202250155774e-08,3.9386781040721725e-08,0.0777,0.2269,0.039,0.16
FGF7,ENSG00000140285,-3.2552,2.211887987239193e-08,3.938767016382642e-08,0.0195,0.1867,0.012,0.131
SPRED2,ENSG00000198369,1.2236,2.223701463519738e-08,3.958697802272642e-08,0.5072,0.2171,0.239,0.138
HOOK2,ENSG00000095066,-0.4539,2.2307612031645345e-08,3.970157082683949e-08,0.3975,0.5446,0.193,0.345
MAP4,ENSG00000047849,1.0006,2.2324934326444346e-08,3.972131072595108e-08,0.6211,0.3104,0.286,0.206
RAB21,ENSG00000080371,-0.6394,2.2781888426287253e-08,4.0523029776110837e-08,0.2458,0.3829,0.119,0.253
TCTA,ENSG00000145022,-2.5782,2.2976108823021232e-08,4.085709727943106e-08,0.0325,0.1946,0.019,0.138
XPA,ENSG00000136936,-1.3921,2.330505921281732e-08,4.143049427822377e-08,0.0954,0.2506,0.05,0.173
IPCEF1,ENSG00000074706,3.9306,2.3827573809740157e-08,4.234758378508322e-08,0.2874,0.0188,0.128,0.011
ATP2B4,ENSG00000058668,0.7681,2.406303316332817e-08,4.2754135010093946e-08,0.7475,0.4389,0.334,0.273
ARFGAP2,ENSG00000149182,-1.3856,2.4184989456436758e-08,4.295884864440911e-08,0.0942,0.2463,0.047,0.169
CMBL,ENSG00000164237,-2.6911,2.4490667386650725e-08,4.3489694871837986e-08,0.0301,0.1949,0.017,0.135
SLC2A4RG,ENSG00000125520,-1.5191,2.4750033761709383e-08,4.39380298610129e-08,0.081,0.2325,0.041,0.162
DAZAP1,ENSG00000071626,-0.5844,2.5309932981249306e-08,4.4919494085596966e-08,0.2612,0.3917,0.126,0.263
NR1H2,ENSG00000131408,-0.4389,2.534965375784729e-08,4.4977468050731003e-08,0.4149,0.5624,0.203,0.358
MCC,ENSG00000171444,4.3348,2.5989568895766205e-08,4.610002830008613e-08,0.2797,0.0138,0.126,0.008
SMARCD3,ENSG00000082014,-0.9419,2.6329215249423588e-08,4.6689498529923607e-08,0.1543,0.2965,0.077,0.203
RAI1,ENSG00000108557,1.7257,2.6974011568136213e-08,4.78196117204862e-08,0.4161,0.1257,0.194,0.086
CEP15,ENSG00000114405,-5.3758,2.711549113754008e-08,4.80570631086511e-08,0.0041,0.1747,0.003,0.12
C1QB,ENSG00000173369,-6.1692,2.7248343981823048e-08,4.826982142461148e-08,0.0027,0.1987,0.001,0.119
ACTL6A,ENSG00000136518,-2.0322,2.725068036191007e-08,4.826982142461148e-08,0.0499,0.2045,0.024,0.144
MIRLET7BHG,ENSG00000197182,2.6483,2.751358871203345e-08,4.872198001089257e-08,0.3047,0.0485,0.149,0.034
AADAC,ENSG00000114771,-5.017,2.8536248274964938e-08,5.0518906623965974e-08,0.0058,0.1906,0.003,0.12
SLC7A2,ENSG00000003989,-1.0641,2.9199659374175465e-08,5.1679019575338313e-08,0.1518,0.3174,0.077,0.2
ABHD17A,ENSG00000129968,-1.1762,3.0245528194593855e-08,5.351519351666273e-08,0.1148,0.2596,0.058,0.18
CDRT4,ENSG00000239704,3.8253,3.0383495990732964e-08,5.3744391493041795e-08,0.256,0.018,0.126,0.008
PPP2R5C,ENSG00000078304,0.6128,3.071698328357356e-08,5.431921454446088e-08,0.8413,0.5501,0.376,0.344
INO80C,ENSG00000153391,-2.0223,3.18087215813661e-08,5.623422076572626e-08,0.0513,0.2089,0.027,0.146
ZNF281,ENSG00000162702,-1.388,3.251943367952129e-08,5.747474070056784e-08,0.0947,0.248,0.05,0.171
MPHOSPH6,ENSG00000135698,-1.7057,3.254718090191353e-08,5.750783765235552e-08,0.0703,0.2296,0.037,0.157
ABCE1,ENSG00000164163,-1.1287,3.274065956027689e-08,5.7833667136814955e-08,0.1222,0.2673,0.062,0.184
TRIM8,ENSG00000171206,-0.6233,3.275462182635606e-08,5.7842303086709105e-08,0.2469,0.3803,0.119,0.253
AIMP2,ENSG00000106305,-2.551,3.301959740870604e-08,5.829408293561367e-08,0.0336,0.1972,0.019,0.137
TMEM192,ENSG00000170088,-1.3534,3.318254929533844e-08,5.8565545890858955e-08,0.0946,0.2418,0.049,0.17
HMCES,ENSG00000183624,-1.961,3.3601579468709976e-08,5.9279869622682494e-08,0.0532,0.2074,0.028,0.147
RABIF,ENSG00000183155,-3.7564,3.3605874324137184e-08,5.9279869622682494e-08,0.013,0.1769,0.008,0.125
MRTO4,ENSG00000053372,-2.5248,3.367179549069875e-08,5.9379722338369165e-08,0.0343,0.1978,0.021,0.138
SLC25A36,ENSG00000114120,-0.377,3.4906776861478754e-08,6.154057037940461e-08,0.5398,0.701,0.25,0.427
NUBPL,ENSG00000151413,2.0773,3.4961779894124596e-08,6.162049953692128e-08,0.3437,0.0814,0.166,0.053
CD83,ENSG00000112149,-1.2565,3.509890881302341e-08,6.184509222858603e-08,0.1222,0.292,0.053,0.175
TENT5A,ENSG00000112773,-0.8431,3.571183957179053e-08,6.290770303126959e-08,0.1872,0.3359,0.083,0.211
ENSG00000261684,ENSG00000261684,4.2061,3.588766208941677e-08,6.319995740884859e-08,0.2508,0.0135,0.123,0.006
SLC51B,ENSG00000186198,-10.797,3.597244659206674e-08,6.333177216913159e-08,0.0,0.1778,0.0,0.117
FLOT2,ENSG00000132589,-1.2673,3.6141830593317535e-08,6.361241580132504e-08,0.1098,0.2645,0.059,0.18
SPG11,ENSG00000104133,1.3134,3.6863921721388146e-08,6.486544327183258e-08,0.4914,0.1977,0.23,0.131
ZNG1E,ENSG00000147996,-1.7141,3.7197398211392405e-08,6.543416490000733e-08,0.0694,0.2279,0.037,0.156
GRAMD1A,ENSG00000089351,-0.4787,3.7800870561403935e-08,6.64773930562621e-08,0.3326,0.4636,0.158,0.303
ACSS3,ENSG00000111058,1.0297,3.788923082596758e-08,6.661440885701691e-08,0.5828,0.2854,0.268,0.181
TIPRL,ENSG00000143155,-1.4317,3.8139325131786954e-08,6.703562109598616e-08,0.087,0.2348,0.045,0.166
RBMX2,ENSG00000134597,-2.6621,3.8510934379868494e-08,6.767012311787807e-08,0.0292,0.1853,0.015,0.133
C6orf226,ENSG00000221821,-4.6352,3.982211627485074e-08,6.995480607665293e-08,0.0068,0.1708,0.004,0.12
LINC02967,ENSG00000274173,-2.5474,3.985757696753529e-08,6.999781079009296e-08,0.0316,0.1851,0.017,0.134
RMDN3,ENSG00000137824,-1.4296,4.002685790582641e-08,7.027574198558067e-08,0.0883,0.238,0.047,0.168
NABP2,ENSG00000139579,-3.5543,4.148890275330731e-08,7.282261978313164e-08,0.0148,0.1754,0.009,0.125
BBIP1,ENSG00000214413,-1.666,4.224368055734934e-08,7.412701997057584e-08,0.0703,0.2233,0.035,0.154
ACOT2,ENSG00000119673,-2.5594,4.321959393102531e-08,7.581863272159778e-08,0.0353,0.2085,0.019,0.136
IRX5,ENSG00000176842,-2.288,4.367139059044163e-08,7.659012792684055e-08,0.041,0.2005,0.022,0.139
MFSD13A,ENSG00000138111,-1.2672,4.3700010282114267e-08,7.661924245007658e-08,0.1002,0.2414,0.046,0.167
GNL2,ENSG00000134697,-2.0957,4.472740146310959e-08,7.839900586398781e-08,0.0482,0.2064,0.028,0.145
NOL3,ENSG00000140939,-0.8244,4.520114810463325e-08,7.920761934223117e-08,0.1784,0.3159,0.087,0.212
PDE4DIP,ENSG00000178104,-0.7756,4.5706758734216665e-08,8.007160948904403e-08,0.192,0.3288,0.095,0.222
DDX39B,ENSG00000198563,1.4738,4.6149645687489165e-08,8.08252723235559e-08,0.4287,0.1543,0.208,0.104
LINC01090,ENSG00000231689,2.1003,4.628615268322877e-08,8.104208276725719e-08,0.2911,0.0678,0.145,0.027
YIF1B,ENSG00000167645,-2.6042,4.637900526915215e-08,8.11823609530052e-08,0.0315,0.1922,0.015,0.132
EXOSC1,ENSG00000171311,-1.4744,4.6595708877266824e-08,8.15392929158869e-08,0.0854,0.2373,0.045,0.164
SPRY1,ENSG00000164056,-2.8206,4.682425462493052e-08,8.191674622226457e-08,0.0271,0.1922,0.014,0.131
ITGB1BP1,ENSG00000119185,-1.3913,4.703603160273079e-08,8.226466432576372e-08,0.0912,0.2393,0.05,0.169
AKAP1,ENSG00000121057,-0.548,4.7719171448675116e-08,8.343656554725832e-08,0.3088,0.4515,0.153,0.292
POLR1F,ENSG00000105849,-2.297,4.7932850353944226e-08,8.378720071466807e-08,0.0394,0.1941,0.022,0.139
ENSG00000253288,ENSG00000253288,1.5572,4.7983381330506796e-08,8.385253727576229e-08,0.4137,0.1405,0.186,0.075
KANTR,ENSG00000232593,2.8361,4.8564119588217126e-08,8.484413877086438e-08,0.2736,0.0382,0.136,0.021
MBD4,ENSG00000129071,-1.1309,4.869010623964388e-08,8.504093898019993e-08,0.1198,0.2625,0.058,0.179
ZNF827,ENSG00000151612,1.6802,4.9232461964661874e-08,8.596465215686646e-08,0.3886,0.1212,0.187,0.08
TVP23C,ENSG00000175106,2.7546,4.9307154895182934e-08,8.607149848214436e-08,0.2883,0.0426,0.14,0.026
SENP6,ENSG00000112701,0.6299,5.1156762201754026e-08,8.927576212323623e-08,0.8371,0.5409,0.371,0.336
BCL7C,ENSG00000099385,-1.4815,5.128926265311736e-08,8.948249847116124e-08,0.0852,0.238,0.046,0.165
DHRS1,ENSG00000157379,-2.0144,5.1359417490385543e-08,8.958037934369571e-08,0.0524,0.2121,0.03,0.146
SIPA1,ENSG00000213445,-3.9653,5.146320093618615e-08,8.973684517729396e-08,0.011,0.173,0.006,0.122
GDI1,ENSG00000203879,-2.7513,5.154659078212777e-08,8.985767466121535e-08,0.0274,0.1849,0.013,0.129
TMEM214,ENSG00000119777,-2.0626,5.265924356372447e-08,9.177219183125847e-08,0.0485,0.2028,0.026,0.142
LRIG1,ENSG00000144749,1.0307,5.302784681564965e-08,9.238932042901518e-08,0.6094,0.2983,0.275,0.193
WRN,ENSG00000165392,2.014,5.3137128558155625e-08,9.25544247426891e-08,0.3453,0.0854,0.167,0.057
QTRT1,ENSG00000213339,-2.1272,5.3169508862720706e-08,9.258552827092174e-08,0.0475,0.2077,0.027,0.143
ZC3HAV1,ENSG00000105939,-1.787,5.370035022962887e-08,9.348436174600873e-08,0.0636,0.2196,0.033,0.151
SNRPA1,ENSG00000131876,-1.0132,5.4549174921779056e-08,9.493611524060646e-08,0.1353,0.2733,0.065,0.188
ABCC4,ENSG00000125257,0.8295,5.481313452285184e-08,9.536946849977632e-08,0.6934,0.3901,0.312,0.241
MTHFD2,ENSG00000065911,-1.8776,5.501942008213546e-08,9.570226549075403e-08,0.0637,0.2342,0.036,0.152
PMPCA,ENSG00000165688,-1.8404,5.6244710647081395e-08,9.780688226272338e-08,0.0612,0.2193,0.036,0.152
OTULINL,ENSG00000145569,-1.1068,5.6408884591723593e-08,9.806562292670791e-08,0.1236,0.2662,0.055,0.176
NTPCR,ENSG00000135778,-1.2856,5.684577750679443e-08,9.879820927094178e-08,0.0969,0.2365,0.047,0.167
ARRB2,ENSG00000141480,-3.348,5.7149239393312216e-08,9.92985557733348e-08,0.0172,0.1758,0.008,0.123
GOT1,ENSG00000120053,-1.342,5.7177993993947475e-08,9.932144733281067e-08,0.0948,0.2404,0.047,0.167
DDB1,ENSG00000167986,-0.7724,5.776330019168885e-08,1.0031082504004805e-07,0.2041,0.3486,0.112,0.236
MCPH1,ENSG00000147316,1.7369,5.7783878604462964e-08,1.0031503843928489e-07,0.3846,0.1153,0.185,0.078
PNP,ENSG00000198805,-2.1956,5.77971978333323e-08,1.0031503843928489e-07,0.0449,0.206,0.027,0.143
CDKN2AIPNL,ENSG00000237190,-2.3154,5.7919631712551806e-08,1.0050017750885077e-07,0.0389,0.1939,0.021,0.137
CUL3,ENSG00000036257,0.9932,5.9540554313323145e-08,1.0328463503331567e-07,0.6182,0.3105,0.282,0.205
DDX1,ENSG00000079785,-0.6812,5.96715607092456e-08,1.0348373218755187e-07,0.2093,0.3357,0.101,0.229
TBC1D17,ENSG00000104946,-1.6562,6.049765034450855e-08,1.0488782185103128e-07,0.0719,0.2267,0.036,0.153
SLC24A3,ENSG00000185052,2.5362,6.068145547437757e-08,1.0517788979041789e-07,0.3201,0.0551,0.144,0.031
SLC1A1,ENSG00000106688,2.548,6.219750221531869e-08,1.0777631873407357e-07,0.2955,0.0505,0.142,0.029
WDR6,ENSG00000178252,-0.8356,6.236675138499192e-08,1.0804022828242486e-07,0.1742,0.311,0.085,0.209
NAE1,ENSG00000159593,-1.1768,6.342874919343578e-08,1.098501157588028e-07,0.1134,0.2565,0.06,0.18
LRP2BP,ENSG00000109771,1.6713,6.34831021862565e-08,1.0991438795148973e-07,0.35,0.1098,0.167,0.052
ANKRD36,ENSG00000135976,2.3719,6.393958262607867e-08,1.1067467804541175e-07,0.3231,0.0623,0.153,0.042
SRSF1,ENSG00000136450,-0.5363,6.397164171318932e-08,1.1070011289945219e-07,0.288,0.4177,0.142,0.277
TMEM167B,ENSG00000215717,-1.8924,6.484314761013109e-08,1.1217776553991472e-07,0.0554,0.2061,0.032,0.148
SGF29,ENSG00000176476,-1.9149,6.649861412616338e-08,1.1501048970545078e-07,0.0563,0.2124,0.027,0.144
ELF2,ENSG00000109381,1.048,6.663747635120353e-08,1.152193956438629e-07,0.5857,0.2832,0.268,0.183
ACTN4,ENSG00000130402,-0.3241,6.739220006347855e-08,1.1649275363467348e-07,0.7071,0.8852,0.315,0.52
MAK,ENSG00000111837,3.459,6.743999579044887e-08,1.1654377152727338e-07,0.2692,0.0244,0.127,0.013
HIVEP1,ENSG00000095951,1.7471,6.822911568407968e-08,1.1787550473875554e-07,0.4167,0.1241,0.186,0.082
EPS15,ENSG00000085832,1.0003,6.828317911633724e-08,1.1793694577801407e-07,0.6097,0.3047,0.279,0.198
C11orf71,ENSG00000180425,-4.4403,6.924901762622498e-08,1.1957272138872812e-07,0.0078,0.1712,0.004,0.118
ARHGEF18,ENSG00000104880,2.4957,6.943971643640163e-08,1.198695348719362e-07,0.3087,0.0547,0.144,0.031
RRP9,ENSG00000114767,-2.9662,6.980809938281642e-08,1.2047282987695037e-07,0.023,0.1806,0.014,0.129
PRPF38B,ENSG00000134186,-0.4337,7.063286462947683e-08,1.2186319675586328e-07,0.3707,0.5007,0.176,0.322
WASF2,ENSG00000158195,-0.4235,7.160106206482336e-08,1.235002085127838e-07,0.3456,0.4636,0.162,0.304
MAPKAPK5-AS1,ENSG00000234608,-3.236,7.3075982145796e-08,1.2601011257220703e-07,0.019,0.1798,0.013,0.127
RPIA,ENSG00000153574,-1.8066,7.31444099737962e-08,1.2609400042805593e-07,0.0609,0.2133,0.036,0.152
RCAN2,ENSG00000172348,1.7849,7.378300122296077e-08,1.2716048467055283e-07,0.4215,0.1222,0.18,0.074
BCL2L14,ENSG00000121380,2.4223,7.515603462204414e-08,1.2949181640960306e-07,0.2872,0.0535,0.144,0.031
PRH1,ENSG00000231887,3.0348,7.579587763462211e-08,1.3055896242116076e-07,0.265,0.0322,0.131,0.017
FADS2,ENSG00000134824,-0.6671,7.66094672513374e-08,1.3192473088257046e-07,0.2162,0.3433,0.099,0.227
STAP2,ENSG00000178078,-2.0285,7.664766182269581e-08,1.319548593355889e-07,0.0482,0.197,0.022,0.138
NSDHL,ENSG00000147383,-2.358,7.697625793487894e-08,1.3248478518759538e-07,0.0372,0.1913,0.019,0.134
RAB18,ENSG00000099246,-0.4964,7.758115725740495e-08,1.3348984548338908e-07,0.3022,0.4264,0.149,0.284
TGFB1I1,ENSG00000140682,-4.5006,7.807389830308957e-08,1.3430143056724121e-07,0.0075,0.1714,0.004,0.118
R3HDM4,ENSG00000198858,-1.5628,7.911115275021407e-08,1.3604898807192198e-07,0.0756,0.2236,0.039,0.155
ABHD14A,ENSG00000248487,-3.5329,7.943678675953373e-08,1.3657214552104304e-07,0.0144,0.1681,0.009,0.123
ANXA3,ENSG00000138772,-0.8965,7.976371861143588e-08,1.3709725159016008e-07,0.1803,0.3357,0.089,0.211
SECISBP2L,ENSG00000138593,-0.3593,7.998903233026631e-08,1.374474612144064e-07,0.8531,1.0945,0.371,0.596
RCC1,ENSG00000180198,-1.0977,8.236844951464434e-08,1.4149794277980536e-07,0.1336,0.286,0.068,0.187
GRIP1,ENSG00000155974,4.0006,8.373792621210354e-08,1.438117671342026e-07,0.2546,0.0158,0.122,0.009
CCDC43,ENSG00000180329,-2.3375,8.424754790536886e-08,1.4460907859362588e-07,0.0374,0.1892,0.021,0.135
BAG5,ENSG00000166170,-1.5549,8.424057043570582e-08,1.4460907859362588e-07,0.0721,0.2121,0.033,0.15
SERTAD3,ENSG00000167565,-2.7328,8.524581538468141e-08,1.4628319598313431e-07,0.0276,0.1842,0.014,0.129
HPF1,ENSG00000056050,-1.9071,8.581580474464128e-08,1.472216779459333e-07,0.0556,0.2087,0.03,0.145
HSPBP1,ENSG00000133265,-2.8659,8.633052000412743e-08,1.4806485472862856e-07,0.0246,0.1799,0.013,0.127
MOB4,ENSG00000115540,-0.9723,8.643775539472902e-08,1.4820890011871906e-07,0.1362,0.2674,0.067,0.187
PPIH,ENSG00000171960,-2.3734,8.790720535749633e-08,1.506879360457217e-07,0.0374,0.1941,0.019,0.134
TRANK1,ENSG00000168016,2.1336,9.01428554670409e-08,1.544786837640822e-07,0.3125,0.0711,0.157,0.047
CFLAR-AS1,ENSG00000226312,3.1757,9.169027008545055e-08,1.5708827513967944e-07,0.2672,0.0295,0.128,0.015
OLFM1,ENSG00000130558,-2.2146,9.21933641367528e-08,1.579077636678665e-07,0.0458,0.213,0.024,0.139
GCAT,ENSG00000100116,-2.6159,9.267425642532415e-08,1.5868879524884274e-07,0.0302,0.1854,0.017,0.131
MTHFD1L,ENSG00000120254,2.3952,9.293863031072083e-08,1.590987562381432e-07,0.3146,0.0597,0.151,0.042
ACSL5,ENSG00000197142,-0.5533,9.336931406272081e-08,1.5979312138250877e-07,0.2796,0.4104,0.135,0.267
VSIG10,ENSG00000176834,-0.9521,9.604773783620415e-08,1.6433288478416573e-07,0.1508,0.2918,0.074,0.196
DNAJC30,ENSG00000176410,-3.0598,9.660581906617179e-08,1.652433851748981e-07,0.0212,0.1778,0.012,0.125
PTRH1,ENSG00000187024,-2.6455,9.695096624314076e-08,1.6578927301502744e-07,0.0294,0.1846,0.015,0.129
VPS72,ENSG00000163159,-2.3278,9.719307885121931e-08,1.6615872289528645e-07,0.0368,0.185,0.017,0.131
PALLD,ENSG00000129116,2.7422,9.73695282526788e-08,1.6641574868922985e-07,0.3022,0.0451,0.141,0.031
LRP2,ENSG00000081479,1.0588,9.742172034570705e-08,1.6646032356040804e-07,0.6103,0.2929,0.259,0.174
CTBP1,ENSG00000159692,-0.6041,9.813099167202717e-08,1.6762729686740977e-07,0.2417,0.3674,0.116,0.244
MRM2,ENSG00000122687,-2.7651,9.819167155926718e-08,1.6768601826689748e-07,0.0259,0.1768,0.013,0.127
SLC27A5,ENSG00000083807,-5.4861,9.880047148899673e-08,1.686805050193771e-07,0.0036,0.1647,0.004,0.116
ABR,ENSG00000159842,1.3347,1.0045840104440459e-07,1.7146514234486726e-07,0.4855,0.1924,0.223,0.128
ARSD,ENSG00000006756,-1.0585,1.0131828653188863e-07,1.728865301501044e-07,0.1261,0.2627,0.06,0.18
NOP58,ENSG00000055044,-0.493,1.0480375900130463e-07,1.7878618240120872e-07,0.3159,0.4446,0.154,0.288
GBF1,ENSG00000107862,1.2712,1.0497197971943717e-07,1.7902524631123916e-07,0.4904,0.2031,0.227,0.132
ATN1,ENSG00000111676,-0.6142,1.0626383006771857e-07,1.8117997236739929e-07,0.2399,0.3673,0.116,0.243
CPSF6,ENSG00000111605,1.0233,1.0634904117806828e-07,1.8127677473534365e-07,0.6088,0.2995,0.273,0.196
RPRD2,ENSG00000163125,1.2328,1.0728853437559907e-07,1.8282929875553168e-07,0.4985,0.212,0.234,0.141
PCM1,ENSG00000078674,0.5607,1.074672373134225e-07,1.8308488451979382e-07,0.8996,0.6099,0.39,0.375
YEATS2,ENSG00000163872,2.1915,1.0836508179156476e-07,1.8456516067892744e-07,0.3376,0.0738,0.158,0.05
SUDS3,ENSG00000111707,-1.1286,1.0899900702506498e-07,1.855952643655954e-07,0.1183,0.2588,0.058,0.175
HBEGF,ENSG00000113070,-3.0015,1.0947230888231814e-07,1.8635139362477388e-07,0.0238,0.1912,0.01,0.123
FAM8A1,ENSG00000137414,-1.372,1.0988441296010706e-07,1.870029718688421e-07,0.0888,0.23,0.044,0.16
ITSN1,ENSG00000205726,1.8734,1.1108642676073383e-07,1.8899812399244146e-07,0.3582,0.0977,0.172,0.066
LGALS1,ENSG00000100097,-3.7557,1.1179308503697821e-07,1.9014965771364357e-07,0.0148,0.2009,0.008,0.12
BLOC1S4,ENSG00000186222,-4.1287,1.1211698433129517e-07,1.9064971328674492e-07,0.0094,0.1652,0.006,0.119
FOXJ3,ENSG00000198815,1.2677,1.126472805191894e-07,1.914532512574702e-07,0.485,0.2014,0.227,0.132
ZNF581,ENSG00000171425,-3.7728,1.1264959144576797e-07,1.914532512574702e-07,0.0119,0.1641,0.005,0.118
EPC2,ENSG00000135999,1.7471,1.1425277313436389e-07,1.94126180365557e-07,0.3797,0.1131,0.18,0.075
PPM1H,ENSG00000111110,3.1852,1.1488230730726631e-07,1.9514380737645157e-07,0.2625,0.0288,0.13,0.019
GLRX3,ENSG00000108010,-0.5247,1.150189909273045e-07,1.9532393904144008e-07,0.2802,0.4031,0.135,0.267
NEDD9,ENSG00000111859,0.5257,1.1578780677959545e-07,1.9657716863380056e-07,0.8967,0.6228,0.39,0.367
PEX16,ENSG00000121680,-2.8837,1.1611575973820375e-07,1.9708146121699917e-07,0.0238,0.1762,0.013,0.126
JUP,ENSG00000173801,-0.8402,1.1686292976674289e-07,1.9829682652727864e-07,0.1744,0.3124,0.09,0.21
TSPAN5,ENSG00000168785,2.5778,1.18100015471477e-07,2.0034262869363116e-07,0.3236,0.0541,0.145,0.036
HK2,ENSG00000159399,-0.7623,1.1945489766237807e-07,2.0258711694537383e-07,0.1974,0.3349,0.1,0.223
MLF1,ENSG00000178053,-1.5372,1.202326912902639e-07,2.0385196994027456e-07,0.0758,0.2201,0.036,0.151
GNL3,ENSG00000163938,-0.7812,1.233502565472259e-07,2.0908212855319468e-07,0.1746,0.3001,0.082,0.204
SGSM3,ENSG00000100359,-1.286,1.2344869322232927e-07,2.0919335972683388e-07,0.0949,0.2317,0.045,0.162
COX11,ENSG00000166260,-1.4925,1.236559106026557e-07,2.0948882011478343e-07,0.0784,0.2208,0.041,0.157
R3HCC1,ENSG00000104679,-3.2999,1.2442961599710375e-07,2.1074357119594488e-07,0.0171,0.1695,0.008,0.12
FOXA1,ENSG00000129514,-1.9818,1.2616376097593156e-07,2.1362389806681638e-07,0.0514,0.2032,0.03,0.143
PCGF3-AS1,ENSG00000249592,2.637,1.2626178844093708e-07,2.1373311240333878e-07,0.2946,0.0473,0.14,0.03
GTPBP4,ENSG00000107937,-1.0742,1.3179516824545005e-07,2.2304066832087713e-07,0.1291,0.2719,0.072,0.189
KIRREL1,ENSG00000183853,2.7846,1.330707705621276e-07,2.251396396851283e-07,0.2833,0.041,0.136,0.026
ENSG00000249870,ENSG00000249870,2.8771,1.3543677952957756e-07,2.2908184385806764e-07,0.2629,0.0357,0.127,0.015
ABHD18,ENSG00000164074,1.605,1.3594588201004087e-07,2.2988196228488343e-07,0.3887,0.1277,0.187,0.084
CBR4,ENSG00000145439,1.5909,1.3728550246836162e-07,2.3208567441946576e-07,0.4184,0.1388,0.195,0.096
DPP4,ENSG00000197635,0.9175,1.3772832362763358e-07,2.3277255119993744e-07,0.6634,0.3512,0.295,0.23
MIOS-DT,ENSG00000272894,-2.5054,1.3875375820467825e-07,2.3444346900472405e-07,0.0323,0.1838,0.015,0.128
ABL2,ENSG00000143322,1.5677,1.390565927557023e-07,2.3489289316841608e-07,0.4166,0.1405,0.195,0.095
TJP2,ENSG00000119139,1.169,1.397438682234452e-07,2.3599130064224192e-07,0.5392,0.2398,0.248,0.163
SAE1,ENSG00000142230,-1.1568,1.404287081603659e-07,2.3708501443917706e-07,0.1062,0.2369,0.05,0.166
CAB39,ENSG00000135932,1.1933,1.4172731461170447e-07,2.3921409336765053e-07,0.5019,0.2194,0.239,0.149
ZDHHC9,ENSG00000188706,-0.6667,1.4420678322971515e-07,2.433346328982091e-07,0.2425,0.385,0.125,0.249
RBBP6,ENSG00000122257,-0.4605,1.4438884253500882e-07,2.4357736733545416e-07,0.3314,0.456,0.155,0.294
AUH,ENSG00000148090,1.4146,1.4442998345705357e-07,2.4358231337003083e-07,0.4354,0.1633,0.207,0.108
ADGRA3,ENSG00000152990,1.9511,1.446005452349661e-07,2.438054683609915e-07,0.3433,0.0887,0.166,0.06
CDC40,ENSG00000168438,-1.1202,1.4468884327090561e-07,2.4388984025701303e-07,0.1189,0.2587,0.06,0.177
NRF1,ENSG00000106459,2.1626,1.449216109797231e-07,2.442176235780425e-07,0.3045,0.0679,0.151,0.043
TXNRD2,ENSG00000184470,-1.0819,1.4539119134863197e-07,2.449441978983956e-07,0.1285,0.272,0.065,0.182
PIP5K1A,ENSG00000143398,1.2799,1.4635263111991414e-07,2.464988172759452e-07,0.5066,0.2086,0.23,0.138
ADSL,ENSG00000239900,-1.6302,1.4825781532874682e-07,2.49641725494126e-07,0.068,0.2108,0.035,0.148
ZNF91,ENSG00000167232,1.2622,1.5057509840935114e-07,2.5347669721669226e-07,0.5095,0.2124,0.234,0.146
ANKRD29,ENSG00000154065,-1.0089,1.5074961044676775e-07,2.537034758706823e-07,0.1336,0.269,0.06,0.179
CRADD,ENSG00000169372,1.6289,1.5090285221305296e-07,2.53894347547694e-07,0.3969,0.1283,0.184,0.08
LYZ,ENSG00000090382,-10.8059,1.5442537788167982e-07,2.5975244960308944e-07,0.0,0.1789,0.0,0.111
AKIP1,ENSG00000166452,-2.5703,1.5510094313727343e-07,2.60819971643397e-07,0.0305,0.1818,0.015,0.127
SLC39A3,ENSG00000141873,-2.8964,1.5530574582039977e-07,2.6109549831356763e-07,0.0231,0.1726,0.013,0.125
MSRB1,ENSG00000198736,-3.1103,1.5634955407404923e-07,2.627810195681687e-07,0.0201,0.1744,0.014,0.125
PYCR1,ENSG00000183010,-2.8945,1.57234145400014e-07,2.641981225421954e-07,0.0244,0.1817,0.014,0.126
NDUFA9,ENSG00000139180,-1.1158,1.574129211810999e-07,2.6442882016587923e-07,0.1162,0.2518,0.06,0.177
SMARCD2,ENSG00000108604,-1.3013,1.5769745148768015e-07,2.6483700032506875e-07,0.0959,0.2364,0.051,0.166
GNL1,ENSG00000204590,-1.1554,1.597063743327292e-07,2.681401465291411e-07,0.1084,0.2415,0.051,0.167
ACP2,ENSG00000134575,-3.2841,1.5977765146459045e-07,2.6818918591015377e-07,0.0177,0.1734,0.01,0.122
TXNRD1,ENSG00000198431,-0.4357,1.6178266682894934e-07,2.7148315373375944e-07,0.3853,0.5212,0.184,0.324
SASH1,ENSG00000111961,1.4694,1.6460392453110758e-07,2.761447418120555e-07,0.4207,0.1519,0.2,0.101
ST3GAL3,ENSG00000126091,2.089,1.6804341267794035e-07,2.8184076711967106e-07,0.3467,0.0814,0.158,0.052
CCND3,ENSG00000112576,0.466,1.6953669750771052e-07,2.842705014759744e-07,1.0069,0.729,0.421,0.439
TMEM35B,ENSG00000243749,-3.4049,1.7423482630555692e-07,2.9207126418562327e-07,0.0187,0.1989,0.012,0.122
MYADM,ENSG00000179820,-2.2411,1.7573507015369425e-07,2.9450869406671944e-07,0.0442,0.2091,0.027,0.138
TMEM37,ENSG00000171227,-2.7228,1.7607647786728646e-07,2.9500329734663635e-07,0.0282,0.1865,0.017,0.128
ENSG00000225313,ENSG00000225313,3.7026,1.7744135942065171e-07,2.972119459555057e-07,0.2485,0.019,0.119,0.009
PAG1,ENSG00000076641,1.555,1.7803046266397565e-07,2.9812035710082603e-07,0.4267,0.1452,0.195,0.097
SNAP29,ENSG00000099940,-1.5609,1.7900444893941496e-07,2.996726265726813e-07,0.0717,0.2117,0.035,0.148
DNAL4,ENSG00000100246,-3.3068,1.8287460403082958e-07,3.0607130498727715e-07,0.0171,0.1702,0.01,0.121
CD99L2,ENSG00000102181,1.9838,1.8311476542445382e-07,3.063928161629641e-07,0.3344,0.0845,0.163,0.058
SHROOM3-AS1,ENSG00000233860,3.1222,1.8449882827768167e-07,3.086276647258516e-07,0.2543,0.0291,0.123,0.012
BICD1,ENSG00000151746,3.3731,1.850732091630346e-07,3.095072687340886e-07,0.2608,0.0251,0.126,0.016
PAK2,ENSG00000180370,-0.5073,1.8643395451525624e-07,3.1170114346571167e-07,0.3031,0.4309,0.15,0.282
TOP6BL,ENSG00000173715,3.4944,1.869802017331474e-07,3.1253245570236355e-07,0.2777,0.0245,0.126,0.017
PPP1R15B,ENSG00000158615,-1.7831,1.8841529575207705e-07,3.1484862658440136e-07,0.0599,0.2066,0.032,0.144
PITPNM2,ENSG00000090975,1.7485,1.8936011128473264e-07,3.163445255346359e-07,0.3705,0.1102,0.173,0.069
AKTIP,ENSG00000166971,-1.8596,1.919201170569422e-07,3.2053726650196657e-07,0.0551,0.2004,0.031,0.142
FAM149A,ENSG00000109794,2.1094,1.935360992741266e-07,3.2311902734731407e-07,0.3439,0.0796,0.158,0.053
SF3A3,ENSG00000183431,-1.5965,1.935673043826498e-07,3.2311902734731407e-07,0.0691,0.2092,0.036,0.149
GRB2,ENSG00000177885,-0.561,1.965936654678424e-07,3.2808497836583646e-07,0.2496,0.3682,0.119,0.247
UBQLN2,ENSG00000188021,-1.9701,1.9839542248794722e-07,3.3100518669475623e-07,0.0499,0.1958,0.026,0.138
BCKDK,ENSG00000103507,-2.502,1.9916789750709655e-07,3.3220705039448995e-07,0.031,0.1762,0.017,0.128
GPI,ENSG00000105220,-0.6485,2.0207133540518227e-07,3.3696174815800077e-07,0.2149,0.3369,0.103,0.226
SYT15,ENSG00000204176,-2.4682,2.0469425426832817e-07,3.412463051675188e-07,0.0336,0.1866,0.019,0.13
SYNJ2BP,ENSG00000213463,-1.6236,2.0532929463034697e-07,3.422154910505783e-07,0.0671,0.2071,0.035,0.148
CRIP1,ENSG00000213145,-2.9579,2.0679628989206335e-07,3.4457039938889277e-07,0.028,0.2183,0.017,0.127
E2F4,ENSG00000205250,-2.0333,2.122027313270479e-07,3.534863893937628e-07,0.0473,0.194,0.027,0.138
LYST,ENSG00000143669,1.1038,2.1278331204056753e-07,3.5436092326505177e-07,0.5553,0.2583,0.253,0.171
P3H2,ENSG00000090530,-0.3671,2.1962418079062616e-07,3.656579139567098e-07,0.5374,0.6931,0.248,0.405
ITGAV,ENSG00000138448,1.367,2.2310593167834806e-07,3.713577844515584e-07,0.4543,0.1761,0.214,0.121
ATXN7,ENSG00000163635,1.262,2.2335665871639745e-07,3.716780734317499e-07,0.4771,0.1989,0.223,0.131
ALOX15B,ENSG00000179593,-0.3235,2.2453782678080394e-07,3.735460975280859e-07,0.7092,0.8876,0.306,0.503
NXF1,ENSG00000162231,-1.8974,2.2477658645591917e-07,3.738457444968653e-07,0.0537,0.2003,0.027,0.138
HDAC1,ENSG00000116478,-1.5342,2.2643662811015031e-07,3.7650847788268346e-07,0.0748,0.2169,0.041,0.153
ACTR3,ENSG00000115091,-0.3647,2.2676823667420704e-07,3.769615407556897e-07,0.377,0.4855,0.173,0.315
ODAM,ENSG00000109205,-4.8162,2.2785263333956274e-07,3.7866541645977905e-07,0.0057,0.1642,0.004,0.113
MAP7,ENSG00000135525,0.8362,2.2954841590056957e-07,3.8138419373628647e-07,0.6567,0.3678,0.302,0.235
ADISSP,ENSG00000101220,-3.9686,2.3121006713029116e-07,3.840448613745717e-07,0.0103,0.1631,0.006,0.116
C1QA,ENSG00000173372,-4.7111,2.32175423134254e-07,3.8554788290723343e-07,0.0069,0.1829,0.003,0.112
CBX5,ENSG00000094916,-0.6669,2.397229528159152e-07,3.979775583857968e-07,0.214,0.3398,0.107,0.23
ANKRD44,ENSG00000065413,1.3199,2.4512904128746545e-07,4.068465603248092e-07,0.4765,0.1908,0.213,0.118
SMC1A,ENSG00000072501,-0.961,2.4627352869399435e-07,4.086397046913623e-07,0.138,0.2688,0.068,0.183
ERP44,ENSG00000023318,-0.4032,2.4891602267543694e-07,4.129168994420792e-07,0.3759,0.4971,0.181,0.321
DTYMK,ENSG00000168393,-3.5168,2.5087324263982844e-07,4.160553906943045e-07,0.0146,0.1677,0.009,0.118
CIAPIN1,ENSG00000005194,-1.7511,2.5184232725198185e-07,4.175539235972391e-07,0.0603,0.2031,0.033,0.145
CELSR1,ENSG00000075275,1.3704,2.5598482170948206e-07,4.2431181445604474e-07,0.4591,0.1775,0.212,0.118
PDPK1,ENSG00000140992,-0.6696,2.565526867235008e-07,4.251425468838882e-07,0.2102,0.3345,0.105,0.226
SF3B1,ENSG00000115524,-0.2888,2.5754809464766997e-07,4.2668115992175055e-07,0.5722,0.699,0.257,0.43
ABCC1,ENSG00000103222,2.8252,2.590688834171703e-07,4.2908914829422205e-07,0.2828,0.0398,0.135,0.028
WBP4,ENSG00000120688,-1.0455,2.605411575830363e-07,4.31415553140742e-07,0.1219,0.2517,0.055,0.17
ZBTB20-AS5,ENSG00000242290,3.3286,2.6361511854028854e-07,4.363922048024771e-07,0.2418,0.024,0.121,0.011
LCOR,ENSG00000196233,1.3865,2.63951805564506e-07,4.368361268104169e-07,0.4302,0.1645,0.204,0.106
STT3A,ENSG00000134910,-1.0838,2.6484814860431475e-07,4.382057999876737e-07,0.1183,0.2509,0.056,0.17
CENPB,ENSG00000125817,-1.6082,2.665858790638885e-07,4.4096652284179796e-07,0.0691,0.211,0.037,0.149
UBE2E3,ENSG00000170035,-0.6423,2.750847194245717e-07,4.549066371807119e-07,0.2177,0.3399,0.108,0.229
HNMT,ENSG00000150540,-0.776,2.760945058566276e-07,4.564581106939837e-07,0.1829,0.3133,0.09,0.209
SLC4A4,ENSG00000080493,0.9258,2.8177431157816816e-07,4.6572756969427585e-07,0.6508,0.3425,0.28,0.203
UQCC4,ENSG00000174109,-5.718,2.829147296851866e-07,4.6749129127606644e-07,0.0028,0.1549,0.003,0.111
CHIA,ENSG00000134216,-4.0294,2.8721827684154835e-07,4.744795322272275e-07,0.0109,0.18,0.005,0.114
PTPA,ENSG00000119383,-0.9468,2.8797314475797005e-07,4.756033155005335e-07,0.1405,0.271,0.071,0.186
MICU1,ENSG00000107745,0.9226,2.8979380491152554e-07,4.784862746208173e-07,0.6216,0.3279,0.282,0.211
PDS5B,ENSG00000083642,1.1931,2.906707407786292e-07,4.798099359046507e-07,0.5022,0.2196,0.234,0.146
PID1,ENSG00000153823,0.4984,2.9425679376591795e-07,4.856036914982467e-07,0.9414,0.6664,0.402,0.391
DAXX,ENSG00000204209,-2.9395,2.9439129417725087e-07,4.856999224585854e-07,0.0223,0.1714,0.013,0.122
FARSA,ENSG00000179115,-1.8571,2.95058825212456e-07,4.866752938497819e-07,0.0553,0.2006,0.031,0.141
RABGGTA,ENSG00000100949,-2.8369,2.9515849446047236e-07,4.867137615585907e-07,0.0249,0.1782,0.015,0.124
TUBGCP2,ENSG00000130640,-0.8374,3.0101917302595245e-07,4.962496064236997e-07,0.1613,0.2882,0.078,0.196
AKIRIN1,ENSG00000174574,-0.8575,3.0231271781134424e-07,4.982532513048913e-07,0.1547,0.2805,0.08,0.195
REPS2,ENSG00000169891,1.677,3.040095923534567e-07,5.00920431960012e-07,0.403,0.126,0.184,0.086
CDK11B,ENSG00000248333,-1.6406,3.0863476834305503e-07,5.084099866116216e-07,0.0667,0.2081,0.033,0.144
RNASET2,ENSG00000026297,-2.5355,3.1019358748830104e-07,5.108458073464012e-07,0.0301,0.1748,0.013,0.122
HSD17B7,ENSG00000132196,-0.7041,3.14111510442112e-07,5.171644832304918e-07,0.2016,0.3285,0.099,0.219
RAP1GDS1,ENSG00000138698,1.508,3.1604762692717073e-07,5.202178212395336e-07,0.4213,0.1481,0.196,0.101
RPF1,ENSG00000117133,-2.0599,3.180708876040154e-07,5.234129861836857e-07,0.0459,0.1918,0.027,0.136
XRN2,ENSG00000088930,-0.3141,3.208812456827514e-07,5.279014041877523e-07,0.4721,0.587,0.216,0.372
ELP4,ENSG00000109911,2.0042,3.211865001904563e-07,5.282672700500926e-07,0.3066,0.0763,0.153,0.047
PEX11B,ENSG00000131779,-2.1984,3.213265021826402e-07,5.283612203802763e-07,0.0432,0.1987,0.027,0.136
SPPL3,ENSG00000157837,1.0948,3.23459237688523e-07,5.31730954168214e-07,0.5523,0.2585,0.252,0.172
NUDT15,ENSG00000136159,-2.9131,3.296395246171037e-07,5.417509588641495e-07,0.0224,0.1697,0.013,0.121
KLHL2,ENSG00000109466,1.1276,3.335896238363214e-07,5.481015082362239e-07,0.5297,0.2424,0.243,0.159
B4GAT1,ENSG00000174684,-3.8552,3.3385370161189794e-07,5.483940602359828e-07,0.0112,0.1635,0.008,0.116
SMARCC1,ENSG00000173473,1.004,3.3513071540856847e-07,5.502081665541138e-07,0.5597,0.279,0.264,0.185
UBE2Q1,ENSG00000160714,-1.6466,3.350511783006397e-07,5.502081665541138e-07,0.0655,0.2052,0.036,0.146
CAPN2,ENSG00000162909,-0.3103,3.4069668752687194e-07,5.592022098310527e-07,0.7165,0.8884,0.32,0.52
PNISR,ENSG00000132424,0.293,3.485620607055779e-07,5.719647714280719e-07,1.1289,0.9214,0.475,0.535
MRPS17,ENSG00000239789,-4.5006,3.512780772269669e-07,5.762732224194323e-07,0.007,0.161,0.005,0.113
C19orf48P,ENSG00000167747,-2.5985,3.5435014382060847e-07,5.811634079898068e-07,0.0294,0.1783,0.018,0.126
CPEB3,ENSG00000107864,2.5122,3.555904288226037e-07,5.830475781234822e-07,0.301,0.0527,0.14,0.035
MYO1C,ENSG00000197879,-0.5943,3.563070713032061e-07,5.840724041033527e-07,0.2253,0.3402,0.109,0.23
RAB11A,ENSG00000103769,-0.3096,3.564688596598876e-07,5.841873985428748e-07,0.5948,0.7372,0.27,0.449
GYG1,ENSG00000163754,-3.5521,3.6436893874204214e-07,5.969807207608632e-07,0.0143,0.1683,0.012,0.119
SH3PXD2A,ENSG00000107957,1.1388,3.7758775123861975e-07,6.184794229563723e-07,0.5404,0.2454,0.243,0.161
WWP1,ENSG00000123124,1.069,3.780938424647186e-07,6.191493053461549e-07,0.54,0.2573,0.252,0.17
PRRC2A,ENSG00000204469,-0.8819,3.7879451720139944e-07,6.201374029683928e-07,0.1519,0.2801,0.076,0.191
RFK,ENSG00000135002,-2.9511,3.9026932885538947e-07,6.387591711047774e-07,0.0216,0.1677,0.014,0.122
DEXI,ENSG00000182108,-1.6879,3.9438281534891003e-07,6.453260903103956e-07,0.0621,0.2001,0.033,0.143
MINCR,ENSG00000253716,-4.0999,3.967164668152242e-07,6.489780538740196e-07,0.0097,0.1683,0.005,0.113
ZNRF3,ENSG00000183579,1.1558,4.0171585198245643e-07,6.56987828729646e-07,0.5075,0.2277,0.235,0.149
LINC02966,ENSG00000234997,3.536,4.0490210910464304e-07,6.620289678230571e-07,0.252,0.0216,0.117,0.009
CTBS,ENSG00000117151,-1.3953,4.0721577889594264e-07,6.656411770414447e-07,0.0829,0.2183,0.04,0.151
SEPHS2,ENSG00000179918,-2.8082,4.087064278302222e-07,6.679065566310348e-07,0.0268,0.1881,0.015,0.123
PER1,ENSG00000179094,-0.3677,4.0902768466719496e-07,6.682602485272598e-07,0.3819,0.4929,0.169,0.308
TARBP2,ENSG00000139546,-3.4687,4.1073441773127537e-07,6.708767391844428e-07,0.0147,0.1633,0.008,0.115
AIFM1,ENSG00000156709,-1.3631,4.117197070648653e-07,6.723138146871199e-07,0.0861,0.2215,0.044,0.154
TLK2,ENSG00000146872,1.3376,4.184754804933074e-07,6.831705987566799e-07,0.4581,0.1812,0.213,0.122
TYROBP,ENSG00000011600,-6.025,4.249711897654091e-07,6.935973719289511e-07,0.0027,0.1797,0.001,0.108
IGSF8,ENSG00000162729,-2.7238,4.316741314536111e-07,7.043569459986616e-07,0.0259,0.1716,0.014,0.122
TNS1,ENSG00000079308,0.7777,4.3248734046020075e-07,7.055032741642221e-07,0.6926,0.404,0.315,0.259
PRSS22,ENSG00000005001,-2.0734,4.3462905203516386e-07,7.088156067342464e-07,0.0473,0.1994,0.022,0.13
LRRC47,ENSG00000130764,-1.8348,4.3611382045314896e-07,7.110551420431777e-07,0.0546,0.1951,0.028,0.137
USP11,ENSG00000102226,-1.6434,4.3801528559802315e-07,7.139727552256194e-07,0.0649,0.2029,0.03,0.139
DNALI1,ENSG00000163879,-2.6898,4.383587412093796e-07,7.143499425382911e-07,0.0275,0.1777,0.015,0.123
STK17A,ENSG00000164543,-0.5466,4.392357293628147e-07,7.155961601553651e-07,0.2882,0.421,0.14,0.264
SAYSD1,ENSG00000112167,-2.8403,4.405802800803189e-07,7.176032921594362e-07,0.0239,0.1719,0.014,0.122
IFI6,ENSG00000126709,-1.7186,4.5192264371210525e-07,7.358893623664549e-07,0.07,0.2305,0.037,0.146
UBE2D4,ENSG00000078967,-2.2296,4.523917106091521e-07,7.364650549370134e-07,0.0397,0.1866,0.023,0.131
PSMB10,ENSG00000205220,-2.5435,4.566076961836793e-07,7.431386426272545e-07,0.0331,0.1934,0.021,0.128
ZNF302,ENSG00000089335,-3.4676,4.5984400298243765e-07,7.482147828006738e-07,0.0153,0.1707,0.013,0.119
DOCK8,ENSG00000107099,1.4655,4.642540331401335e-07,7.551976170626055e-07,0.4108,0.1487,0.193,0.097
MMGT1,ENSG00000169446,-2.3893,4.6450830128765456e-07,7.554184746706118e-07,0.0343,0.1803,0.018,0.126
UNC119,ENSG00000109103,-6.0758,4.6478996913509473e-07,7.556837677215579e-07,0.0022,0.1555,0.003,0.109
EPAS1,ENSG00000116016,-0.3126,4.705776024605468e-07,7.648985761565492e-07,0.6046,0.7509,0.275,0.445
SDHAF2,ENSG00000167985,-1.6751,4.792631832699368e-07,7.788179437537209e-07,0.0631,0.2018,0.036,0.144
RBM22,ENSG00000086589,-2.0156,4.88971075095874e-07,7.943910814822111e-07,0.0454,0.1839,0.023,0.131
ERBB3,ENSG00000065361,-0.4038,4.892670367134365e-07,7.946693908402948e-07,0.3498,0.4628,0.166,0.299
STXBP5,ENSG00000164506,1.8623,5.020504037628808e-07,8.152244839501694e-07,0.3537,0.0972,0.162,0.06
GPATCH4,ENSG00000160818,-1.5717,5.039433954015519e-07,8.180899275999219e-07,0.0726,0.2161,0.041,0.15
RTCB,ENSG00000100220,-0.7952,5.088795884248629e-07,8.258929165500256e-07,0.1616,0.2804,0.08,0.195
SPRYD3,ENSG00000167778,-2.1341,5.130120085217785e-07,8.323877715261741e-07,0.0425,0.1868,0.022,0.129
PNN,ENSG00000100941,-0.3578,5.22726261453453e-07,8.479338210599906e-07,0.3964,0.5081,0.185,0.327
MAP2K4,ENSG00000065559,1.2444,5.282920060420982e-07,8.567442224671523e-07,0.4629,0.1953,0.218,0.128
NET1,ENSG00000173848,-1.1503,5.358714508241062e-07,8.68695475338315e-07,0.1081,0.2401,0.051,0.162
GTF2B,ENSG00000137947,-1.243,5.359340085498969e-07,8.68695475338315e-07,0.1011,0.2395,0.054,0.163
SPTY2D1,ENSG00000179119,-1.9967,5.500509751033198e-07,8.913510336257406e-07,0.0469,0.1876,0.024,0.132
ZHX3,ENSG00000174306,1.609,5.729840422259617e-07,9.282778320687434e-07,0.3542,0.116,0.175,0.075
SLC38A1,ENSG00000111371,-0.3657,5.787278090631697e-07,9.373449651366126e-07,0.402,0.518,0.187,0.328
SLC25A33,ENSG00000171612,-1.4171,5.79772963795479e-07,9.387992492243278e-07,0.0789,0.2107,0.042,0.151
SLC22A15,ENSG00000163393,1.6899,5.800992442550935e-07,9.390890508192536e-07,0.3809,0.118,0.175,0.077
RRAD,ENSG00000166592,-1.3626,5.821961520295979e-07,9.4213311329446e-07,0.1044,0.2687,0.049,0.157
GMPPA,ENSG00000144591,-2.7727,5.822752104125761e-07,9.4213311329446e-07,0.0251,0.1724,0.014,0.121
IARS2,ENSG00000067704,-0.8536,5.946897706435126e-07,9.619759674834794e-07,0.1619,0.2927,0.087,0.201
EIF2AK4,ENSG00000128829,-0.6813,6.071240555110586e-07,9.81840652938356e-07,0.204,0.3272,0.103,0.219
TPRA1,ENSG00000163870,-2.4675,6.113479025196659e-07,9.884207148270024e-07,0.0315,0.1744,0.017,0.123
MED16,ENSG00000175221,-2.0871,6.161007884815483e-07,9.958525675887096e-07,0.0439,0.1868,0.024,0.131
PCNX2,ENSG00000135749,2.7039,6.171631390836157e-07,9.97316859735881e-07,0.255,0.0391,0.128,0.024
PIK3C2A,ENSG00000011405,0.845,6.201927318513259e-07,1.0019586075905228e-06,0.6635,0.3694,0.302,0.243
SCARB2,ENSG00000138760,-0.3796,6.308668878231431e-07,1.0189451253794115e-06,0.4263,0.5546,0.209,0.352
ECPAS,ENSG00000136813,1.0523,6.322227123991258e-07,1.0208763403101386e-06,0.5333,0.2571,0.249,0.167
ZRANB3,ENSG00000121988,3.0672,6.332138698528219e-07,1.022217883087298e-06,0.2464,0.0293,0.122,0.017
PNO1,ENSG00000115946,-2.7027,6.446892132144957e-07,1.0404794263904836e-06,0.0267,0.1745,0.018,0.124
GGPS1,ENSG00000152904,-2.7608,6.475860858288873e-07,1.0448902296024187e-06,0.0235,0.16,0.013,0.119
HEATR5A,ENSG00000129493,1.5682,6.529002032322443e-07,1.0531980758111228e-06,0.3789,0.1277,0.182,0.086
GOLPH3,ENSG00000113384,-0.3251,6.654508988703203e-07,1.0731721427519079e-06,0.5028,0.6299,0.235,0.391
TMEM161A,ENSG00000064545,-2.599,6.900018935293213e-07,1.112484084787411e-06,0.0285,0.1732,0.014,0.12
TBC1D20,ENSG00000125875,-1.5725,6.908937103355226e-07,1.1136403042702799e-06,0.0682,0.203,0.036,0.144
ALYREF,ENSG00000183684,-3.6772,6.946327402194623e-07,1.119384155434548e-06,0.0129,0.1666,0.008,0.113
TMEM199,ENSG00000244045,-3.1208,6.986470152859749e-07,1.1255685424432878e-06,0.0185,0.162,0.01,0.116
LCORL,ENSG00000178177,1.5164,7.046221317606871e-07,1.1349080570930722e-06,0.3947,0.1379,0.187,0.093
CDKN1B,ENSG00000111276,-1.4212,7.052875553080433e-07,1.13569289342985e-06,0.0801,0.2146,0.044,0.152
NCAPH2,ENSG00000025770,-3.8152,7.060895830354852e-07,1.1366972454169741e-06,0.0112,0.1588,0.006,0.112
MVK,ENSG00000110921,-1.153,7.148186776488405e-07,1.1504592451429837e-06,0.108,0.2403,0.058,0.166
TPR,ENSG00000047410,-0.3054,7.150389200134104e-07,1.1505232496429812e-06,0.4587,0.5669,0.211,0.357
GAA,ENSG00000171298,-2.2422,7.245435506729739e-07,1.1655223657684099e-06,0.0393,0.1861,0.024,0.13
NAGK,ENSG00000124357,-2.9895,7.250735888999585e-07,1.1660807591415832e-06,0.0214,0.1708,0.015,0.12
BDH1,ENSG00000161267,-3.212,7.428473480087565e-07,1.1943636427631333e-06,0.017,0.1584,0.008,0.113
RCHY1,ENSG00000163743,-1.0848,7.43547516261055e-07,1.1951879516299105e-06,0.1118,0.2373,0.055,0.165
SIDT1,ENSG00000072858,4.1132,7.491717958396684e-07,1.2039249302944005e-06,0.233,0.0134,0.113,0.009
FOXK1,ENSG00000164916,1.7941,7.50252530446694e-07,1.2053578330639302e-06,0.3616,0.1042,0.169,0.072
GSK3A,ENSG00000105723,-1.931,7.511181993499406e-07,1.2064445756754525e-06,0.0466,0.1781,0.021,0.127
NAPG,ENSG00000134265,-0.7661,7.582967761886251e-07,1.2176679970283337e-06,0.1734,0.295,0.089,0.202
ENSG00000256615,ENSG00000256615,2.5722,7.642339507447108e-07,1.226892832031612e-06,0.3001,0.0504,0.13,0.026
BMP3,ENSG00000152785,-1.8082,7.664387961197855e-07,1.2301226901469367e-06,0.0562,0.1972,0.028,0.135
HAUS4,ENSG00000092036,-1.4928,7.810552630619404e-07,1.2532663735262696e-06,0.0786,0.2215,0.041,0.148
SCLT1,ENSG00000151466,2.3613,7.951161580437734e-07,1.2755071735100794e-06,0.3019,0.0587,0.141,0.04
GNA11,ENSG00000088256,-0.9263,7.975902802992189e-07,1.2791542231213888e-06,0.1347,0.2562,0.069,0.179
CD40,ENSG00000101017,-1.9454,8.10600574184153e-07,1.299692822038223e-06,0.0478,0.1844,0.022,0.128
MTA3,ENSG00000057935,1.3947,8.202407356916479e-07,1.3148188810747438e-06,0.4121,0.1567,0.198,0.104
DUSP22,ENSG00000112679,-0.9264,8.337821675334985e-07,1.3361893710472732e-06,0.1385,0.2633,0.072,0.183
MAMDC2-AS1,ENSG00000204706,2.7733,8.408666969932738e-07,1.3472041199628349e-06,0.2511,0.0366,0.125,0.021
TOR1AIP1,ENSG00000143337,-1.089,8.421873810952785e-07,1.3489810438397992e-06,0.1111,0.2365,0.054,0.164
RIC8A,ENSG00000177963,-1.8072,8.483662108988408e-07,1.35853669793522e-06,0.0536,0.1878,0.028,0.134
RORA,ENSG00000069667,0.8502,8.526945058206039e-07,1.365124930840369e-06,0.6701,0.3716,0.294,0.229
BCL10-AS1,ENSG00000223653,3.3073,8.577984053589916e-07,1.3729512513591694e-06,0.2236,0.0225,0.116,0.011
ATXN7L1,ENSG00000146776,1.9121,8.644510261374494e-07,1.3832518302274698e-06,0.3254,0.0864,0.151,0.05
TMEM222,ENSG00000186501,-1.6306,8.692902593780198e-07,1.3906462744127668e-06,0.0637,0.1976,0.033,0.14
AHCYL2,ENSG00000158467,0.5055,8.706705494395305e-07,1.3925049555135492e-06,0.8673,0.6109,0.385,0.365
ANKRD26,ENSG00000107890,1.7934,8.898606323496262e-07,1.422839611544737e-06,0.3503,0.101,0.166,0.068
HYOU1,ENSG00000149428,-1.3785,8.930613692173793e-07,1.4275993552559661e-06,0.0858,0.2233,0.045,0.152
EPG5,ENSG00000152223,1.6492,9.053877798144726e-07,1.4469408614482983e-06,0.3684,0.1174,0.176,0.08
LRRC58,ENSG00000163428,-1.2919,9.067366831866896e-07,1.4487334223847485e-06,0.0887,0.2173,0.046,0.154
IFRD1,ENSG00000006652,-0.5277,9.10238997609061e-07,1.4539648232918477e-06,0.2669,0.3848,0.128,0.249
DNAJB6,ENSG00000105993,-0.3329,9.187538599684144e-07,1.4669113307294086e-06,0.3512,0.4423,0.16,0.293
RAB3GAP2,ENSG00000118873,1.311,9.190343301856091e-07,1.4669113307294086e-06,0.4409,0.1776,0.209,0.122
COQ8A,ENSG00000163050,-1.4459,9.189642049039118e-07,1.4669113307294086e-06,0.0776,0.2117,0.039,0.145
FAM118B,ENSG00000197798,-0.9179,9.278760703694927e-07,1.4806533037811052e-06,0.1422,0.2687,0.071,0.182
C19orf25,ENSG00000119559,-1.6119,9.284070465224003e-07,1.4811298602553309e-06,0.0642,0.1964,0.032,0.138
N4BP2L2,ENSG00000244754,0.2423,9.295407735706095e-07,1.4825675335283051e-06,1.1413,0.9649,0.487,0.551
ANO6,ENSG00000177119,1.7753,9.509560046826057e-07,1.5163443046152104e-06,0.3673,0.1072,0.169,0.073
SAMTOR,ENSG00000164603,2.2905,9.651711223538929e-07,1.538626132784713e-06,0.3068,0.0626,0.141,0.041
REL,ENSG00000162924,-0.3752,9.656858532989649e-07,1.5390618286952254e-06,0.4221,0.5475,0.196,0.333
IFNAR1,ENSG00000142166,-0.8068,9.812325758017355e-07,1.5634485555451294e-06,0.1587,0.2778,0.08,0.192
ZCCHC17,ENSG00000121766,-0.9251,9.838688520005937e-07,1.5672573541988468e-06,0.127,0.2413,0.06,0.17
SMPDL3B,ENSG00000130768,-1.5003,9.912339503185524e-07,1.5785951619487315e-06,0.072,0.2037,0.036,0.142
B4GAT1-DT,ENSG00000255468,-2.1192,9.955042441823e-07,1.5849998892762644e-06,0.0426,0.1855,0.019,0.125
BZW2,ENSG00000136261,-0.5141,9.997161957444915e-07,1.5913085512786848e-06,0.2709,0.3868,0.131,0.252
BRIX1,ENSG00000113460,-1.2375,1.0086517154770456e-06,1.605130975078923e-06,0.0973,0.2297,0.05,0.158
BRWD3,ENSG00000165288,1.9927,1.0137068603275907e-06,1.6127729559741428e-06,0.3329,0.0836,0.154,0.056
WIPI2,ENSG00000157954,-0.6229,1.0173740294141014e-06,1.6182034524737765e-06,0.1962,0.3022,0.092,0.208
FGFBP1,ENSG00000137440,-4.4592,1.02138384737057e-06,1.624176110498225e-06,0.0078,0.1727,0.005,0.109
TP53I13,ENSG00000167543,-2.3108,1.0243573983632422e-06,1.6284983577470496e-06,0.0352,0.1748,0.018,0.122
FUNDC1,ENSG00000069509,-3.1157,1.030897237835702e-06,1.638486634555622e-06,0.0182,0.1585,0.01,0.114
ANKRD39,ENSG00000213337,-3.4306,1.0421567665564359e-06,1.6559694383841673e-06,0.0144,0.1558,0.008,0.111
RHOT2,ENSG00000140983,-1.2919,1.0469162116961852e-06,1.6631175802549665e-06,0.0906,0.2221,0.047,0.154
RUSF1,ENSG00000140688,-1.6247,1.0573202800989422e-06,1.6792269022498147e-06,0.0669,0.2064,0.039,0.144
R3HDM1,ENSG00000048991,2.045,1.0640423349636371e-06,1.6894819141701587e-06,0.3108,0.0752,0.151,0.053
LHFPL2,ENSG00000145685,2.3976,1.0644865458902426e-06,1.6897663670443966e-06,0.2781,0.0527,0.136,0.035
DBNDD2,ENSG00000244274,-4.4281,1.0709883227970898e-06,1.699563390724733e-06,0.0079,0.1732,0.006,0.109
PLXNA2,ENSG00000076356,0.909,1.0711914829697219e-06,1.699563390724733e-06,0.6101,0.3249,0.276,0.208
ILVBL,ENSG00000105135,-2.8632,1.0805360719595862e-06,1.7139630402444296e-06,0.0225,0.1644,0.013,0.117
RSBN1,ENSG00000081019,-0.6927,1.0866376511636734e-06,1.723212693076721e-06,0.1919,0.3102,0.095,0.209
PHAX,ENSG00000164902,-1.6252,1.123204794513793e-06,1.7807586583002811e-06,0.0616,0.1902,0.03,0.135
HINT3,ENSG00000111911,-1.0433,1.1238216838019495e-06,1.7812936932465013e-06,0.111,0.2289,0.054,0.162
RETSAT,ENSG00000042445,-1.554,1.1296021882985828e-06,1.790010924783362e-06,0.0693,0.2037,0.037,0.143
SULT1A2,ENSG00000197165,-2.3895,1.1553037688234974e-06,1.8302836794855357e-06,0.0344,0.1805,0.018,0.122
ASPH,ENSG00000198363,0.1176,1.164054009674334e-06,1.8436880277450634e-06,1.2546,1.1564,0.529,0.636
KAT8,ENSG00000103510,-1.3276,1.1654634783063726e-06,1.8454619160961563e-06,0.0896,0.2251,0.049,0.155
VMP1,ENSG00000062716,0.3739,1.1703653105024578e-06,1.852763559586086e-06,1.0277,0.7931,0.435,0.45
ATOH8,ENSG00000168874,-1.2261,1.1797602506319771e-06,1.8671726906104405e-06,0.0993,0.2324,0.051,0.158
TTC32,ENSG00000183891,-2.6741,1.2138931558361094e-06,1.920717018728021e-06,0.0261,0.1669,0.013,0.116
SHKBP1,ENSG00000160410,-2.4639,1.223162207975577e-06,1.93490299648742e-06,0.0305,0.1689,0.018,0.121
DGLUCY,ENSG00000133943,1.4565,1.2272315579692127e-06,1.9408586410453316e-06,0.4083,0.1487,0.191,0.1
EP300,ENSG00000100393,0.9667,1.2372285757966599e-06,1.9561835740832607e-06,0.5815,0.2975,0.266,0.195
HP,ENSG00000257017,-1.7827,1.2530561297067862e-06,1.9807172890852372e-06,0.0802,0.2763,0.037,0.141
LRCH1,ENSG00000136141,2.3991,1.2587864004754935e-06,1.9892819293582726e-06,0.2979,0.0564,0.137,0.038
CDKN1A,ENSG00000124762,-0.8223,1.2610189984916837e-06,1.992316261557493e-06,0.1821,0.322,0.089,0.197
CIITA,ENSG00000179583,2.4988,1.2730066591649385e-06,2.01075754513788e-06,0.2816,0.0497,0.132,0.032
RC3H1,ENSG00000135870,1.1178,1.2743026792826205e-06,2.011807721750051e-06,0.5081,0.2341,0.235,0.154
ZNF672,ENSG00000171161,-1.929,1.2740145651737286e-06,2.011807721750051e-06,0.047,0.1793,0.023,0.127
SENP5,ENSG00000119231,1.3869,1.2787523775413253e-06,2.018332856357006e-06,0.4128,0.1578,0.195,0.104
TMEM115,ENSG00000126062,-2.3468,1.2790897190994123e-06,2.018365583974939e-06,0.0343,0.1748,0.021,0.124
BPNT2,ENSG00000104331,-1.0021,1.2918506637108082e-06,2.0379975207019063e-06,0.1245,0.2494,0.068,0.176
TAF11,ENSG00000064995,-1.1155,1.3046112079214584e-06,2.057619111949356e-06,0.1078,0.2338,0.053,0.16
GPCPD1,ENSG00000125772,1.0946,1.3210928593429935e-06,2.083098436386738e-06,0.5576,0.261,0.244,0.169
PNKP,ENSG00000039650,-1.4074,1.321764232526014e-06,2.083641687030994e-06,0.0806,0.214,0.042,0.148
ITGA9,ENSG00000144668,1.5619,1.3508187640513642e-06,2.12891708796723e-06,0.3873,0.1311,0.176,0.081
UBE2E1,ENSG00000170142,0.7291,1.3727795784027737e-06,2.1629930331976474e-06,0.6963,0.42,0.32,0.276
NAPRT,ENSG00000147813,-2.5151,1.3760333669204855e-06,2.1675840657568806e-06,0.0298,0.1709,0.014,0.117
STX4,ENSG00000103496,-1.4232,1.379942519145729e-06,2.173204930719867e-06,0.0728,0.1954,0.033,0.139
SNX6,ENSG00000129515,-0.5125,1.3901668052213086e-06,2.1887659627774366e-06,0.2542,0.3627,0.122,0.24
SCCPDH,ENSG00000143653,-1.745,1.401989794762289e-06,2.206835788051751e-06,0.0565,0.1895,0.028,0.132
WSB2,ENSG00000176871,-1.1235,1.4217854502624945e-06,2.237443161052432e-06,0.1078,0.2351,0.058,0.164
TYW1,ENSG00000198874,1.6499,1.4253647941952923e-06,2.2425223501961962e-06,0.3462,0.1102,0.168,0.072
HSPH1,ENSG00000120694,-0.2617,1.4377990425270814e-06,2.2615269913915974e-06,0.4318,0.5177,0.18,0.321
TPMT,ENSG00000137364,-1.9856,1.4394450036332923e-06,2.2635574489793387e-06,0.0435,0.1726,0.021,0.125
EIF2B5,ENSG00000145191,-1.4828,1.4404172405315874e-06,2.2645277209343695e-06,0.0744,0.2082,0.042,0.146
NPM3,ENSG00000107833,-3.0344,1.447077779096809e-06,2.274438077352603e-06,0.0195,0.1608,0.013,0.115
TNIP2,ENSG00000168884,-2.0757,1.4501744025817196e-06,2.2787433612172694e-06,0.0414,0.1749,0.022,0.125
SNRNP35,ENSG00000184209,-1.5179,1.4560591717697526e-06,2.287426619032078e-06,0.0725,0.2078,0.04,0.144
PCF11,ENSG00000165494,-0.5613,1.4887265382232014e-06,2.3381699140608303e-06,0.2388,0.3525,0.114,0.23
PRKCH,ENSG00000027075,1.6759,1.4899540078317964e-06,2.3395213792925376e-06,0.3566,0.1115,0.166,0.07
RNMT,ENSG00000101654,-0.4077,1.4921882641877972e-06,2.3424526432398936e-06,0.2948,0.391,0.135,0.256
PKN1,ENSG00000123143,-1.1989,1.4933066000018213e-06,2.3436311115242763e-06,0.0966,0.2219,0.05,0.155
LDLR,ENSG00000130164,-0.308,1.4980124165667155e-06,2.3504378921025873e-06,0.9198,1.1387,0.381,0.608
AK3,ENSG00000147853,-0.4301,1.500033556790424e-06,2.3530300011168686e-06,0.3146,0.4239,0.157,0.28
MOSPD3,ENSG00000106330,-7.0266,1.5065075569394974e-06,2.362604102211389e-06,0.001,0.1467,0.001,0.103
LYSMD2,ENSG00000140280,-3.2245,1.517433036299874e-06,2.3791528790978106e-06,0.017,0.1593,0.01,0.112
PSIP1,ENSG00000164985,-1.0546,1.5242929700405624e-06,2.3893207976416487e-06,0.1141,0.2371,0.056,0.163
FBXO34,ENSG00000178974,0.8865,1.5312973186710363e-06,2.3997100311032094e-06,0.6074,0.3285,0.276,0.209
HSCB,ENSG00000100209,-1.1429,1.5547917896762248e-06,2.4359296287013845e-06,0.1014,0.2241,0.05,0.156
CDK17,ENSG00000059758,1.9458,1.5836262126419984e-06,2.4804956033397395e-06,0.3127,0.0811,0.151,0.054
PRRC2C,ENSG00000117523,0.3794,1.5928553584180562e-06,2.494338715282512e-06,1.0121,0.778,0.433,0.463
SOS2,ENSG00000100485,1.5183,1.6069611437281193e-06,2.5158097473641357e-06,0.3778,0.1318,0.181,0.089
CLIC4,ENSG00000169504,-0.5088,1.6145412878490081e-06,2.5270563982414505e-06,0.2661,0.3786,0.13,0.248
STX5,ENSG00000162236,-0.7062,1.6159890164207736e-06,2.5287015168587216e-06,0.1631,0.2662,0.074,0.186
KDM5B,ENSG00000117139,1.0866,1.6216713106315776e-06,2.5369704552825296e-06,0.5149,0.2424,0.24,0.162
G3BP1,ENSG00000145907,-0.404,1.6344352620447508e-06,2.556311284478726e-06,0.3274,0.4333,0.16,0.287
ATP11B,ENSG00000058063,1.2311,1.6723109541392766e-06,2.614908592749053e-06,0.4624,0.1969,0.216,0.131
TCEAL2,ENSG00000184905,-4.0622,1.6800618400971077e-06,2.626384068322477e-06,0.009,0.1517,0.004,0.106
JAK2,ENSG00000096968,2.2587,1.708385606413008e-06,2.670006923481963e-06,0.2878,0.06,0.136,0.037
NAA50,ENSG00000121579,-0.5144,1.7167767531901638e-06,2.682463676859631e-06,0.2376,0.3394,0.116,0.232
GOLT1B,ENSG00000111711,-1.4357,1.7191448917138968e-06,2.685505681126217e-06,0.075,0.203,0.04,0.144
ACTR2,ENSG00000138071,-0.3463,1.73888312374712e-06,2.7156736682723887e-06,0.3809,0.4843,0.185,0.319
ITPR1,ENSG00000150995,1.4858,1.753217566599498e-06,2.7373896612960566e-06,0.3883,0.1386,0.178,0.085
DENND1A,ENSG00000119522,5.6308,1.7936671299928301e-06,2.7998599298982106e-06,0.2265,0.0045,0.104,0.003
DNAJC7,ENSG00000168259,-0.4625,1.8022593288495803e-06,2.8125834079353916e-06,0.2661,0.3667,0.128,0.247
TMEM91,ENSG00000142046,-0.9686,1.8124402377883214e-06,2.8277793724670946e-06,0.1336,0.2616,0.065,0.172
SPNS1,ENSG00000169682,-1.7827,1.822981290000064e-06,2.8435296608148783e-06,0.0536,0.1846,0.027,0.13
GSS,ENSG00000100983,-1.3891,1.8252186644042444e-06,2.846323137372079e-06,0.0779,0.2041,0.039,0.143
CHST15,ENSG00000182022,2.1422,1.8333087053652662e-06,2.8582399111527447e-06,0.2857,0.0646,0.142,0.045
HIBCH,ENSG00000198130,1.1183,1.8366157801855478e-06,2.862695745399234e-06,0.483,0.2224,0.231,0.152
GPATCH8,ENSG00000186566,1.0764,1.8530996460155556e-06,2.887682777645849e-06,0.5215,0.2473,0.239,0.161
CLN8-AS1,ENSG00000253982,-4.4775,1.8548212790609902e-06,2.889659250736513e-06,0.0067,0.1515,0.004,0.105
TRABD,ENSG00000170638,-1.1438,1.8577860835066924e-06,2.8935710438199764e-06,0.1022,0.2261,0.053,0.158
AKAP10,ENSG00000108599,1.5693,1.9050690236484018e-06,2.9664912129356527e-06,0.3707,0.1249,0.176,0.084
CA3,ENSG00000164879,2.9439,1.9115830278801003e-06,2.9759076441356874e-06,0.2429,0.0315,0.118,0.018
TSC22D4,ENSG00000166925,-1.2603,1.9121504732268616e-06,2.97606427412628e-06,0.0924,0.2216,0.05,0.154
CSKMT,ENSG00000214756,-1.6998,1.9252821746911792e-06,2.9957710187103408e-06,0.0632,0.2054,0.033,0.136
IDH3A,ENSG00000166411,-1.3152,1.9303228219329213e-06,3.0028814030801302e-06,0.0848,0.2111,0.045,0.149
PTTG1,ENSG00000164611,-3.5675,1.9403342585604396e-06,3.017719174999464e-06,0.0141,0.1678,0.01,0.111
C1GALT1C1,ENSG00000171155,-3.1153,1.953579411500921e-06,3.0375777434922856e-06,0.0183,0.1597,0.009,0.11
PPM1L,ENSG00000163590,2.2098,1.989743445132572e-06,3.0930540021263463e-06,0.313,0.0676,0.139,0.041
NR0B2,ENSG00000131910,-4.8915,1.9929889669855053e-06,3.0973438967656254e-06,0.005,0.1522,0.004,0.104
WDR77,ENSG00000116455,-2.8092,2.017866483784601e-06,3.1352422213323984e-06,0.0225,0.158,0.012,0.113
TAF1D,ENSG00000166012,-0.2928,2.0192115961849537e-06,3.1365677206820373e-06,0.649,0.795,0.295,0.472
TRAF3,ENSG00000131323,1.917,2.019959252979239e-06,3.136964735138282e-06,0.3159,0.0836,0.151,0.055
DRAM2,ENSG00000156171,-1.1215,2.0298532791440196e-06,3.1515622636490805e-06,0.1024,0.2229,0.053,0.157
SFPQ,ENSG00000116560,-0.2888,2.035646274471353e-06,3.159786949051589e-06,0.6334,0.7738,0.289,0.46
JPX,ENSG00000225470,0.7889,2.0675250388424248e-06,3.20848883218609e-06,0.6533,0.3781,0.298,0.241
MTMR3,ENSG00000100330,1.5885,2.07096892321086e-06,3.213051079452235e-06,0.3761,0.125,0.175,0.083
MKRN1,ENSG00000133606,-0.5366,2.091980227849991e-06,3.2448598424680525e-06,0.2119,0.3074,0.1,0.213
TIMM23,ENSG00000265354,-1.3373,2.1065295093167224e-06,3.2666323575514732e-06,0.0836,0.2114,0.041,0.144
ARSA,ENSG00000100299,-2.8356,2.1180431921955573e-06,3.283688071558044e-06,0.0227,0.1624,0.013,0.114
SLC5A8,ENSG00000256870,1.8908,2.1934174698905783e-06,3.3997170849872203e-06,0.3252,0.0876,0.149,0.052
TMEM117,ENSG00000139173,3.4661,2.201038167480139e-06,3.4106996396902983e-06,0.2299,0.0207,0.112,0.012
GEMIN7,ENSG00000142252,-3.2562,2.2152117104664923e-06,3.43182859154894e-06,0.0161,0.1543,0.009,0.11
DPM1,ENSG00000000419,-0.6673,2.2179505679653792e-06,3.4352368490717423e-06,0.1793,0.2848,0.087,0.198
SLC30A4-AS1,ENSG00000259354,3.6495,2.2477961986630263e-06,3.480617140266406e-06,0.2419,0.0192,0.11,0.011
CCNK,ENSG00000090061,-0.9271,2.253769890019131e-06,3.4890196816104805e-06,0.1307,0.2486,0.064,0.17
IKBKB,ENSG00000104365,1.3588,2.2593840685868614e-06,3.496861723049585e-06,0.449,0.175,0.203,0.118
CFI,ENSG00000205403,-0.4963,2.279664517433628e-06,3.5273935190872277e-06,0.2715,0.383,0.132,0.249
CDC14B,ENSG00000081377,2.1026,2.295464985363426e-06,3.5509801702722256e-06,0.299,0.0695,0.141,0.044
NIT1,ENSG00000158793,-2.8763,2.3071187705836985e-06,3.568142203413653e-06,0.0219,0.1611,0.013,0.113
IL7,ENSG00000104432,2.3915,2.336093835807315e-06,3.612078147773862e-06,0.275,0.0523,0.128,0.03
CAPRIN1,ENSG00000135387,-0.5063,2.3485936974131113e-06,3.6305249323493173e-06,0.2571,0.3652,0.127,0.243
PPA2,ENSG00000138777,-0.2979,2.383278397683291e-06,3.6832484327832675e-06,0.49,0.6024,0.234,0.381
SURF6,ENSG00000148296,-1.4997,2.4774488230334823e-06,3.827856579456726e-06,0.0705,0.1996,0.037,0.139
EHD2,ENSG00000024422,-0.9744,2.4782677224500693e-06,3.828194022442257e-06,0.1249,0.2455,0.06,0.166
PSMD10,ENSG00000101843,-2.4759,2.4796786583627957e-06,3.829445602486149e-06,0.0308,0.1716,0.021,0.12
PRTG,ENSG00000166450,0.9591,2.4845545895170355e-06,3.836046381247543e-06,0.5682,0.2922,0.258,0.19
SLX4IP,ENSG00000149346,2.0734,2.5028640124481475e-06,3.863379680231704e-06,0.3107,0.0737,0.145,0.049
DDX27,ENSG00000124228,-1.3166,2.5532764349212487e-06,3.9402414119155075e-06,0.0852,0.2122,0.046,0.148
PIGN,ENSG00000197563,1.7656,2.5581973753846116e-06,3.946880026156074e-06,0.3247,0.0954,0.155,0.06
CLPTM1L,ENSG00000049656,-0.3188,2.6126926997783744e-06,4.029982085915107e-06,0.3831,0.4779,0.18,0.311
MFAP1,ENSG00000140259,-1.4745,2.6156142231189412e-06,4.033512499367018e-06,0.0687,0.1912,0.031,0.133
USP3-AS1,ENSG00000259248,3.1945,2.63977628966998e-06,4.06978811285275e-06,0.2341,0.0255,0.113,0.014
ANKRD28,ENSG00000206560,0.5543,2.66156874727289e-06,4.102393801708094e-06,0.7969,0.5426,0.358,0.316
TPD52L2,ENSG00000101150,-0.9184,2.6712824449222203e-06,4.116370700115822e-06,0.13,0.2457,0.067,0.172
UBN2,ENSG00000157741,1.4376,2.700924599016382e-06,4.161042609649452e-06,0.3992,0.1473,0.187,0.1
PTPN3,ENSG00000070159,1.0805,2.7236495404054613e-06,4.195038854816337e-06,0.5248,0.2481,0.24,0.166
MYO18A,ENSG00000196535,2.3154,2.7447003889673416e-06,4.226440816344638e-06,0.2714,0.0544,0.131,0.033
PLK3,ENSG00000173846,-1.8928,2.7549065060691e-06,4.241132329435043e-06,0.0475,0.1765,0.022,0.123
EMP1,ENSG00000134531,-0.9834,2.7827927352773485e-06,4.283028413180371e-06,0.1304,0.258,0.064,0.168
SH3RF2,ENSG00000156463,3.5092,2.786609381484921e-06,4.287867440735306e-06,0.2312,0.0202,0.112,0.013
FAM13B,ENSG00000031003,1.4417,2.7973227322246778e-06,4.3033138074161004e-06,0.3915,0.1441,0.186,0.097
EXOC2,ENSG00000112685,1.8124,2.8027454224557542e-06,4.310615697986836e-06,0.3328,0.0947,0.155,0.062
SGTA,ENSG00000104969,-1.5456,2.814546347247671e-06,4.327721409479958e-06,0.0642,0.1875,0.032,0.134
RAD51C,ENSG00000108384,-3.1811,2.8403652369755923e-06,4.366368069862407e-06,0.0164,0.1499,0.008,0.108
ZSWIM5,ENSG00000162415,2.3501,2.9029433094119533e-06,4.4614907419241084e-06,0.2895,0.0567,0.13,0.032
CSNK1A1,ENSG00000113712,0.3104,2.9674920192464154e-06,4.559595474257869e-06,1.0469,0.8442,0.453,0.499
HRAS,ENSG00000174775,-2.1812,3.0143604768462457e-06,4.630493503589112e-06,0.0373,0.1697,0.022,0.121
WWP2,ENSG00000198373,1.1642,3.022937942034526e-06,4.642551043235389e-06,0.4494,0.2005,0.214,0.131
DUS1L,ENSG00000169718,-0.8749,3.0328641131433463e-06,4.656673584125442e-06,0.1334,0.2448,0.065,0.17
GSTO2,ENSG00000065621,-0.8917,3.0506434362054e-06,4.682844186325409e-06,0.1361,0.2525,0.069,0.174
UFL1,ENSG00000014123,-0.5666,3.054645027825712e-06,4.687857980835078e-06,0.2161,0.3201,0.103,0.215
PDK2,ENSG00000005882,-2.9054,3.0974740934414074e-06,4.752442201128513e-06,0.0211,0.1587,0.012,0.111
PIGQ,ENSG00000007541,-1.2354,3.1171471903301184e-06,4.781475779199833e-06,0.0921,0.217,0.047,0.149
PHLPP1,ENSG00000081913,2.6137,3.124981732134167e-06,4.792340279613979e-06,0.2681,0.0437,0.125,0.027
PBXIP1,ENSG00000163346,-1.3279,3.1488278664945486e-06,4.827748352309463e-06,0.081,0.2034,0.039,0.14
COPS4,ENSG00000138663,-1.356,3.1536409290028307e-06,4.83396511718996e-06,0.0756,0.1937,0.037,0.139
SEC22C,ENSG00000093183,-1.0664,3.1856193136413785e-06,4.881808443380718e-06,0.1024,0.2145,0.049,0.152
IRAK1,ENSG00000184216,-1.3948,3.2044895428286794e-06,4.909545983064848e-06,0.0735,0.1933,0.037,0.138
CREBRF,ENSG00000164463,-0.5745,3.2098507096396287e-06,4.9165781532803056e-06,0.2454,0.3654,0.123,0.236
PLEKHG1,ENSG00000120278,3.0443,3.2119508984254366e-06,4.918613254254662e-06,0.2443,0.0295,0.117,0.019
TMEM43,ENSG00000170876,-0.6315,3.218668668278776e-06,4.9277168012193075e-06,0.2006,0.3109,0.1,0.209
SMAD3,ENSG00000166949,1.5439,3.2608574247746943e-06,4.991108303226573e-06,0.3989,0.1368,0.18,0.092
AGPAT3,ENSG00000160216,1.1053,3.267554611949746e-06,5.000158581656176e-06,0.4877,0.2266,0.231,0.154
SEC23B,ENSG00000101310,-0.409,3.2931005264173614e-06,5.038040762157591e-06,0.2928,0.3888,0.14,0.259
HS2ST1,ENSG00000153936,1.5125,3.326856211519354e-06,5.088461695881929e-06,0.3659,0.1282,0.177,0.088
AKT2,ENSG00000105221,-1.1399,3.344161525692782e-06,5.113703460372148e-06,0.102,0.2248,0.054,0.156
RABL6,ENSG00000196642,-0.7442,3.4864402348185348e-06,5.3299895676182635e-06,0.1701,0.285,0.09,0.196
FBXL5,ENSG00000118564,-0.4133,3.494846411855796e-06,5.34155978795989e-06,0.3313,0.4412,0.163,0.287
SIRT2,ENSG00000068903,-1.1921,3.524070511380953e-06,5.384935165401145e-06,0.0925,0.2114,0.047,0.149
USP8,ENSG00000138592,-0.2839,3.5365935797146534e-06,5.402775957508007e-06,0.479,0.5832,0.221,0.363
PHKG2,ENSG00000156873,-2.0573,3.5744193177151805e-06,5.459253270348413e-06,0.0419,0.1748,0.022,0.121
DOHH,ENSG00000129932,-3.0223,3.593867298780571e-06,5.4876416837667405e-06,0.0182,0.1485,0.009,0.108
STAMBP,ENSG00000124356,-1.1414,3.5949723829676456e-06,5.488014593251614e-06,0.1008,0.2225,0.051,0.154
MAFB,ENSG00000204103,-3.1398,3.6028473994072388e-06,5.498719696246385e-06,0.0175,0.155,0.006,0.105
STRN,ENSG00000115808,1.741,3.6724131283707404e-06,5.603550429239701e-06,0.3487,0.1042,0.163,0.072
FAM168A,ENSG00000054965,1.9986,3.679719318707162e-06,5.613355026742799e-06,0.3007,0.0752,0.144,0.05
PEDS1,ENSG00000240849,-0.9735,3.685374553530311e-06,5.620637028410463e-06,0.121,0.2377,0.062,0.165
KLF2,ENSG00000127528,-2.2312,3.6923719361121805e-06,5.629961992995731e-06,0.0395,0.186,0.019,0.118
SUPT16H,ENSG00000092201,-0.7082,3.7203546705611476e-06,5.670428567910255e-06,0.1755,0.2867,0.091,0.198
RSU1,ENSG00000148484,-0.4873,3.720690619540172e-06,5.670428567910255e-06,0.2568,0.36,0.126,0.239
CSF3,ENSG00000108342,-5.0773,3.736243210468546e-06,5.692770188034652e-06,0.0059,0.2042,0.004,0.102
TCEA2,ENSG00000171703,-3.8207,3.7461051084098385e-06,5.706432512810685e-06,0.0103,0.1473,0.006,0.105
UTP23,ENSG00000147679,-2.1295,3.7634574711032762e-06,5.731495790320924e-06,0.0386,0.1695,0.021,0.12
GSAP,ENSG00000186088,0.8357,3.779727055292001e-06,5.754898489965729e-06,0.6096,0.3415,0.277,0.211
ACLY,ENSG00000131473,-0.5597,3.819283847554539e-06,5.813737948462318e-06,0.2232,0.329,0.11,0.221
HBP1,ENSG00000105856,-0.4599,3.834055461358873e-06,5.8348301661883056e-06,0.249,0.3426,0.116,0.23
MSH3,ENSG00000113318,1.4598,3.921155858361905e-06,5.9656104765448366e-06,0.3758,0.1366,0.178,0.089
CDR2,ENSG00000140743,2.2163,3.921862510933241e-06,5.9656104765448366e-06,0.2854,0.0613,0.135,0.04
PKN2,ENSG00000065243,0.7182,4.0732882160524585e-06,6.194468601463364e-06,0.6993,0.425,0.316,0.273
TMEM80,ENSG00000177042,-2.5597,4.125343198489394e-06,6.272135199229642e-06,0.0276,0.1632,0.014,0.112
DDX56,ENSG00000136271,-1.714,4.134551573633127e-06,6.284636690965948e-06,0.0547,0.1796,0.028,0.128
LRRC41,ENSG00000132128,-0.798,4.1639413504151795e-06,6.327801217853818e-06,0.1504,0.2616,0.076,0.181
ABI2,ENSG00000138443,1.201,4.182693388449102e-06,6.35478321052503e-06,0.4275,0.1859,0.207,0.123
ZNF586,ENSG00000083828,2.8411,4.213924855796987e-06,6.400707876031879e-06,0.2597,0.0362,0.119,0.024
SLC20A2,ENSG00000168575,0.9763,4.2274214612477124e-06,6.419678850751349e-06,0.5533,0.2812,0.25,0.181
VPS4B,ENSG00000119541,-0.6915,4.229928188235899e-06,6.421955751370292e-06,0.1729,0.2793,0.085,0.191
NCOA6,ENSG00000198646,1.386,4.231600130782915e-06,6.422964484224067e-06,0.4115,0.1574,0.193,0.108
P4HA1,ENSG00000122884,0.8818,4.2385226225810556e-06,6.431940423459707e-06,0.6295,0.3416,0.279,0.224
NHSL1,ENSG00000135540,0.8107,4.320349496726716e-06,6.554552127946887e-06,0.6494,0.3702,0.285,0.225
NADK,ENSG00000008130,-0.99,4.33044079744982e-06,6.568298854090555e-06,0.1158,0.2302,0.059,0.161
AGBL4,ENSG00000186094,2.7691,4.339464406497636e-06,6.580419978930168e-06,0.2499,0.0366,0.116,0.019
DNAH11,ENSG00000105877,2.8315,4.3437491352684125e-06,6.5853509482368914e-06,0.2821,0.0396,0.121,0.025
NRP1,ENSG00000099250,1.8033,4.410327128352711e-06,6.684696967011064e-06,0.3205,0.0918,0.151,0.059
TMEM170A,ENSG00000166822,-1.8141,4.4115135594967405e-06,6.684905857331048e-06,0.0495,0.1744,0.026,0.125
EGF,ENSG00000138798,3.4723,4.439602261671107e-06,6.725870821804493e-06,0.2325,0.0209,0.11,0.014
ATP6V1A,ENSG00000114573,-0.3869,4.477320501328946e-06,6.78140132952531e-06,0.3064,0.4007,0.149,0.268
CARHSP1,ENSG00000153048,-1.0443,4.503308644801484e-06,6.819143137911986e-06,0.1136,0.2345,0.059,0.161
TCN2,ENSG00000185339,-4.0461,4.540894498891768e-06,6.874424704449067e-06,0.0085,0.1426,0.005,0.102
RNF169,ENSG00000166439,1.2004,4.561433244929797e-06,6.9038786648688176e-06,0.4666,0.203,0.213,0.133
CTIF,ENSG00000134030,2.0974,4.601707105480612e-06,6.9631812953807025e-06,0.3062,0.0715,0.141,0.048
CHMP1A,ENSG00000131165,-1.5916,4.6554637256333775e-06,7.042852693619549e-06,0.0607,0.1831,0.032,0.131
RDH10,ENSG00000121039,-1.019,4.689481855086472e-06,7.0926326989742026e-06,0.1199,0.2431,0.062,0.163
MESP1,ENSG00000166823,-4.7826,4.711927614621328e-06,7.124890546302411e-06,0.0052,0.1445,0.004,0.101
ASAP2,ENSG00000151693,1.5599,4.743371990273994e-06,7.1707366464303325e-06,0.3532,0.1197,0.169,0.08
SRBD1,ENSG00000068784,1.4873,4.752623539913927e-06,7.183019219286697e-06,0.3659,0.1304,0.175,0.086
RSAD1,ENSG00000136444,-2.1823,4.79725494297943e-06,7.248755691276101e-06,0.0366,0.1666,0.019,0.117
SLC25A27,ENSG00000153291,2.6614,4.807551892977151e-06,7.262593203253396e-06,0.2675,0.0422,0.122,0.027
CREBBP,ENSG00000005339,0.9966,4.81296626246035e-06,7.2690499699561084e-06,0.5211,0.2611,0.244,0.172
KLF4,ENSG00000136826,-3.8998,4.827778105792694e-06,7.289693373857989e-06,0.0102,0.1531,0.005,0.102
ATIC,ENSG00000138363,-0.9942,4.830279748650747e-06,7.291743641403863e-06,0.1178,0.2347,0.063,0.164
LINC03076,ENSG00000223646,3.6668,4.850164382754492e-06,7.320027921415693e-06,0.203,0.0159,0.104,0.007
PPIF,ENSG00000108179,-3.1017,4.90135693715226e-06,7.3955385738096235e-06,0.0171,0.1478,0.01,0.107
TGS1,ENSG00000137574,-0.756,4.929257904197301e-06,7.435877695044438e-06,0.152,0.2568,0.072,0.176
LINC00342,ENSG00000232931,3.6218,4.954834738887306e-06,7.472692562196965e-06,0.2463,0.0199,0.108,0.012
CMAS,ENSG00000111726,-1.5779,4.958461012718691e-06,7.476392846755358e-06,0.0615,0.1839,0.033,0.132
TTN-AS1,ENSG00000237298,2.1224,4.969887094743219e-06,7.491849191058884e-06,0.2816,0.0646,0.132,0.037
DENR,ENSG00000139726,-0.7255,4.990944949468374e-06,7.5218141968938255e-06,0.1748,0.289,0.09,0.195
RRS1,ENSG00000179041,-3.3786,5.040412746718659e-06,7.5945713212790005e-06,0.014,0.1468,0.009,0.106
CEP57,ENSG00000166037,-0.4579,5.096068881376465e-06,7.676616048859868e-06,0.2745,0.3771,0.136,0.252
GBE1,ENSG00000114480,1.2502,5.163890756336585e-06,7.77694391014546e-06,0.4056,0.1705,0.196,0.112
TTC39B,ENSG00000155158,1.2459,5.1708860648697505e-06,7.785639741035584e-06,0.4513,0.1902,0.208,0.128
SLC30A5,ENSG00000145740,-0.682,5.203959871259674e-06,7.83358776370258e-06,0.1744,0.2799,0.086,0.191
MAGIX,ENSG00000269313,-3.6588,5.308744173760606e-06,7.989434397479665e-06,0.0114,0.1457,0.006,0.103
CBY1,ENSG00000100211,-1.2805,5.404390371186825e-06,8.131458252611757e-06,0.0809,0.1966,0.041,0.14
RITA1,ENSG00000139405,-3.5292,5.416605940843176e-06,8.147914788314122e-06,0.0123,0.1432,0.008,0.104
REST,ENSG00000084093,-0.7148,5.443534610445842e-06,8.186490479262148e-06,0.1695,0.2782,0.087,0.192
FBXO42,ENSG00000037637,1.6837,5.447696289188407e-06,8.190816944239646e-06,0.3484,0.1084,0.162,0.072
MLLT1,ENSG00000130382,-0.7987,5.5628001483923885e-06,8.36190779203053e-06,0.1523,0.265,0.078,0.182
CBX1,ENSG00000108468,-1.17,5.57714035070242e-06,8.381487443594514e-06,0.0854,0.1924,0.036,0.136
PPP2R2A,ENSG00000221914,0.7696,5.596083874335035e-06,8.407974239661994e-06,0.6927,0.4063,0.306,0.262
CFDP1,ENSG00000153774,-0.352,5.615587328315346e-06,8.435289636665959e-06,0.3803,0.4854,0.182,0.306
TRUB2,ENSG00000167112,-1.7787,5.689710105452553e-06,8.54461764953122e-06,0.0499,0.1716,0.026,0.123
NOA1,ENSG00000084092,-2.4384,5.713881916276611e-06,8.578897130537774e-06,0.029,0.1574,0.017,0.114
SRP54,ENSG00000100883,-0.4117,5.823928334608442e-06,8.742063370173963e-06,0.3034,0.4037,0.153,0.268
ZNF438,ENSG00000183621,2.2248,5.828781140316456e-06,8.745694348292354e-06,0.2768,0.0591,0.131,0.037
ARHGAP35,ENSG00000160007,0.9131,5.829091025238307e-06,8.745694348292354e-06,0.5549,0.2946,0.259,0.195
HDAC3,ENSG00000171720,-1.3994,5.86410587726478e-06,8.79615881589717e-06,0.0694,0.1832,0.035,0.133
CHD7,ENSG00000171316,1.567,5.942627118306494e-06,8.911843773042553e-06,0.3847,0.1298,0.175,0.088
AFF4,ENSG00000072364,0.5572,5.97247657941762e-06,8.954500986309344e-06,0.8183,0.5561,0.362,0.347
LENG1,ENSG00000105617,-3.8808,6.035596149863175e-06,9.047008101429048e-06,0.0096,0.1425,0.004,0.1
ZNF358,ENSG00000198816,-1.5117,6.037518794409797e-06,9.047762650296768e-06,0.0652,0.1861,0.032,0.13
CCDC141,ENSG00000163492,0.5465,6.0890060633362654e-06,9.122776416866907e-06,0.8589,0.588,0.359,0.335
PRRG4,ENSG00000135378,-0.7681,6.102159227654912e-06,9.140334839356217e-06,0.1571,0.2676,0.082,0.186
MGRN1,ENSG00000102858,-0.4199,6.150475515103684e-06,9.210542966592902e-06,0.2996,0.4008,0.146,0.26
SAMM50,ENSG00000100347,-1.8168,6.190945578498746e-06,9.268970893125765e-06,0.047,0.1658,0.021,0.118
MIA2,ENSG00000150527,1.176,6.2004726799829545e-06,9.281055021106208e-06,0.4737,0.2096,0.214,0.136
COQ9,ENSG00000088682,-1.1663,6.2930718488160615e-06,9.417449069531078e-06,0.096,0.2156,0.051,0.15
TRPM7,ENSG00000092439,1.0189,6.355725189609241e-06,9.508976316301082e-06,0.525,0.259,0.237,0.166
SMPD1,ENSG00000166311,-2.3068,6.433150040014166e-06,9.62255549157445e-06,0.0318,0.1579,0.017,0.113
PLXNB2,ENSG00000196576,-0.4099,6.452134492974104e-06,9.64868810525684e-06,0.2849,0.3786,0.134,0.248
TDRD3,ENSG00000083544,1.5918,6.493127010457667e-06,9.707712169715673e-06,0.3715,0.1232,0.169,0.082
VEZT,ENSG00000028203,0.8114,6.534483858248721e-06,9.767253129269776e-06,0.6289,0.3583,0.286,0.236
PPP2CB,ENSG00000104695,-0.2751,6.5902508205698145e-06,9.848300276871206e-06,0.4628,0.56,0.217,0.353
MIIP,ENSG00000116691,-2.7341,6.604670974000852e-06,9.867536315738324e-06,0.0224,0.1499,0.009,0.105
ATXN2L,ENSG00000168488,-0.8233,6.693124665356012e-06,9.997345300291606e-06,0.1376,0.2435,0.067,0.168
CTR9,ENSG00000198730,-0.9342,6.806633889088241e-06,1.0164509497057282e-05,0.1229,0.2348,0.062,0.162
TBC1D8,ENSG00000204634,1.9648,6.834485630026456e-06,1.0203710981596876e-05,0.3028,0.0775,0.14,0.048
TPCN1,ENSG00000186815,1.4137,6.8943968490249116e-06,1.0290746877202952e-05,0.4035,0.1514,0.185,0.101
KLC1,ENSG00000126214,1.0775,6.924784122724517e-06,1.033368417190281e-05,0.4924,0.2333,0.23,0.157
MRPS30,ENSG00000112996,-1.9099,6.928195463866872e-06,1.0336355273145639e-05,0.0461,0.1735,0.028,0.124
NPL,ENSG00000135838,1.5668,6.974160910313541e-06,1.0402497848209833e-05,0.3425,0.1155,0.166,0.077
SIKE1,ENSG00000052723,-1.9656,7.064981498299372e-06,1.0533034857731174e-05,0.0417,0.1633,0.021,0.117
MTRR,ENSG00000124275,-0.325,7.064236560561993e-06,1.0533034857731174e-05,0.4108,0.5147,0.196,0.323
MIR200CHG,ENSG00000257084,-2.3371,7.1274495550101585e-06,1.0623682701236792e-05,0.0327,0.1655,0.015,0.111
NCSTN,ENSG00000162736,-1.8292,7.2208117433474e-06,1.0760326055128488e-05,0.0482,0.1714,0.024,0.121
ARMH4,ENSG00000139971,2.8216,7.288049405393412e-06,1.0857984332643843e-05,0.2318,0.0327,0.112,0.017
COPB1,ENSG00000129083,-0.3442,7.421071076887595e-06,1.1053581335317388e-05,0.3344,0.4245,0.162,0.279
SPTBN1,ENSG00000115306,-0.2623,7.438007843597725e-06,1.107622050991252e-05,0.7351,0.8817,0.331,0.511
BORCS8,ENSG00000254901,-2.3427,7.557736785055339e-06,1.1251885101524472e-05,0.0307,0.1564,0.017,0.112
DMD,ENSG00000198947,1.7117,7.564228601016411e-06,1.125892069378464e-05,0.3545,0.1081,0.159,0.072
PITPNA-AS1,ENSG00000236618,-3.1395,7.628238084173182e-06,1.1351544768114854e-05,0.0172,0.1523,0.009,0.104
SLC6A20,ENSG00000163817,-2.0334,7.691283788845852e-06,1.1442691751200072e-05,0.0434,0.1778,0.024,0.12
TRMT11,ENSG00000066651,1.0975,7.73408709635801e-06,1.1503687643322984e-05,0.4922,0.23,0.223,0.15
JDP2,ENSG00000140044,-0.8331,7.755913431050488e-06,1.1533461190330501e-05,0.1572,0.2801,0.077,0.178
MAP9,ENSG00000164114,-0.8809,7.783789967664356e-06,1.157221572851219e-05,0.1325,0.2441,0.067,0.167
VPS36,ENSG00000136100,-0.4554,7.815316850081371e-06,1.1616377924753729e-05,0.2631,0.3607,0.13,0.241
SUPT5H,ENSG00000196235,-0.4942,7.823799369029553e-06,1.1626275286145315e-05,0.2361,0.3326,0.113,0.222
NQO2,ENSG00000124588,-1.3947,7.865793790661266e-06,1.1685955585053734e-05,0.0676,0.1778,0.03,0.127
UBE2K,ENSG00000078140,0.7122,7.877359314956526e-06,1.1700411377643955e-05,0.7228,0.4412,0.321,0.288
EIF2B1,ENSG00000111361,-1.4698,7.884527070560829e-06,1.1708329856702838e-05,0.0653,0.1812,0.032,0.129
RAB38,ENSG00000123892,-1.7908,7.961279329239306e-06,1.1819551868630784e-05,0.0498,0.1725,0.026,0.122
HSDL2,ENSG00000119471,-0.2646,7.993213638596701e-06,1.1864199521782066e-05,0.5087,0.6111,0.236,0.382
DYNC1LI2,ENSG00000135720,-0.2931,8.032426370259633e-06,1.1919627120671592e-05,0.3658,0.4482,0.172,0.296
DNAH5,ENSG00000039139,1.3791,8.04380430353377e-06,1.1933733403543817e-05,0.3889,0.1495,0.178,0.092
SARNP,ENSG00000205323,1.5054,8.05252374694075e-06,1.1943889922463306e-05,0.3488,0.1228,0.171,0.084
STMN1,ENSG00000117632,-3.781,8.096115228100872e-06,1.2005753565746232e-05,0.0113,0.1559,0.008,0.102
DR1,ENSG00000117505,-1.2055,8.163850101426036e-06,1.2103382417811855e-05,0.0911,0.2102,0.053,0.15
APOE,ENSG00000130203,-2.7982,8.397081264597657e-06,1.244626669653803e-05,0.0243,0.1698,0.009,0.104
ENDOD1,ENSG00000149218,-1.4866,8.48391816495503e-06,1.2572054463409649e-05,0.0685,0.1921,0.037,0.133
RIMOC1,ENSG00000205765,-1.9482,8.501388233559645e-06,1.2595015103170517e-05,0.0441,0.1703,0.021,0.116
FAM110A,ENSG00000125898,-2.051,8.538663562312453e-06,1.2647300234605458e-05,0.0398,0.1651,0.021,0.116
ERAL1,ENSG00000132591,-1.9383,8.577589600258296e-06,1.2702005505608976e-05,0.0442,0.1698,0.024,0.12
MFGE8,ENSG00000140545,-1.4631,8.601236369111815e-06,1.273406452695955e-05,0.0727,0.2007,0.037,0.134
NUDT3,ENSG00000272325,-1.0812,8.64359627367704e-06,1.2793806882909481e-05,0.1047,0.2217,0.058,0.155
TARDBP,ENSG00000120948,-0.532,8.683886681679043e-06,1.2850459051927553e-05,0.2141,0.3096,0.105,0.212
B4GALNT3,ENSG00000139044,1.2573,8.855321280387061e-06,1.3101107719300885e-05,0.4292,0.1795,0.195,0.113
PTPN18,ENSG00000072135,-0.9837,8.93548347587135e-06,1.321663739180507e-05,0.1172,0.232,0.06,0.159
QPRT,ENSG00000103485,-2.0864,8.992540724140732e-06,1.3294862503802681e-05,0.04,0.17,0.019,0.114
TFCP2,ENSG00000135457,1.7278,8.992227992011998e-06,1.3294862503802681e-05,0.3048,0.092,0.15,0.061
SLC35F5,ENSG00000115084,1.1086,9.036425945839028e-06,1.3356646279787574e-05,0.446,0.2068,0.216,0.14
PRPF19,ENSG00000110107,-1.4305,9.099474251855376e-06,1.344671960027307e-05,0.0684,0.1846,0.037,0.133
ENSG00000232934,ENSG00000232934,3.0798,9.185256468120972e-06,1.3570338350931911e-05,0.2028,0.0239,0.105,0.011
STK19,ENSG00000204344,-1.8977,9.335130770785378e-06,1.378856780902613e-05,0.0442,0.1649,0.022,0.117
NKAPD1,ENSG00000150776,-1.9873,9.356545556619352e-06,1.3816997434201615e-05,0.0413,0.164,0.022,0.117
U2SURP,ENSG00000163714,-0.2822,9.434159010259339e-06,1.3928384365540363e-05,0.4309,0.5241,0.203,0.333
SPTLC3,ENSG00000172296,1.3808,9.54213058204038e-06,1.4081269088080424e-05,0.3937,0.1511,0.184,0.101
LPCAT1,ENSG00000153395,-0.3918,9.540144935367974e-06,1.4081269088080424e-05,1.2472,1.6363,0.51,0.796
S100P,ENSG00000163993,-3.5077,9.66970122171485e-06,1.426622200611714e-05,0.0147,0.1681,0.009,0.103
ADAM15,ENSG00000143537,-1.166,9.807390499799754e-06,1.4466014446141469e-05,0.095,0.2132,0.053,0.149
ICMT,ENSG00000116237,-1.864,9.931809883554541e-06,1.464614573390243e-05,0.0478,0.1741,0.03,0.124
MPHOSPH10,ENSG00000124383,-0.8696,9.936969263157844e-06,1.4650365183309726e-05,0.1255,0.2293,0.063,0.162
ARRB1,ENSG00000137486,1.0775,9.995275453490248e-06,1.4732920466127242e-05,0.4958,0.2349,0.227,0.156
CCNJL,ENSG00000135083,1.3497,1.0068530684435092e-05,1.4837467201404002e-05,0.4036,0.1583,0.189,0.108
GALNT18,ENSG00000110328,1.8199,1.0343093646478702e-05,1.5238553731523393e-05,0.3066,0.0868,0.145,0.056
NSD3,ENSG00000147548,0.7435,1.038804803392729e-05,1.530124912575935e-05,0.6936,0.4142,0.308,0.272
C6orf89,ENSG00000198663,-0.4912,1.045230868029216e-05,1.5392346462661706e-05,0.2182,0.3068,0.104,0.21
UTP18,ENSG00000011260,-1.3707,1.0468930262561406e-05,1.5413263377327705e-05,0.0713,0.1846,0.035,0.131
IFI44L,ENSG00000137959,3.8645,1.0549867220414788e-05,1.5528839420490482e-05,0.2347,0.016,0.104,0.012
LIX1-AS1,ENSG00000251513,3.5981,1.0591473527581232e-05,1.5586482857416976e-05,0.2139,0.0176,0.101,0.008
USP33,ENSG00000077254,1.2053,1.0746857528138107e-05,1.5811497055592068e-05,0.4543,0.197,0.209,0.134
SMARCD1,ENSG00000066117,-2.6875,1.0807456297607934e-05,1.5896985209333313e-05,0.0235,0.1518,0.014,0.108
IFIT5,ENSG00000152778,-2.0096,1.0830218149288972e-05,1.5926791396013192e-05,0.0417,0.1682,0.024,0.119
TPRG1L,ENSG00000158109,-2.9248,1.0919088686657793e-05,1.6053780068598577e-05,0.0192,0.1462,0.012,0.105
CCDC146,ENSG00000135205,2.5714,1.0941886357287761e-05,1.608358900800311e-05,0.2525,0.0424,0.116,0.023
ZCCHC9,ENSG00000131732,-1.688,1.0975695196189057e-05,1.6129565900346986e-05,0.0565,0.1823,0.032,0.127
RHOF,ENSG00000139725,-2.0007,1.1009224340050784e-05,1.6175110663245854e-05,0.0437,0.1753,0.026,0.119
PLGRKT,ENSG00000107020,-0.9509,1.1114227551149018e-05,1.6325622266952762e-05,0.1162,0.2248,0.06,0.158
TAF6,ENSG00000106290,-2.81,1.1330033704809776e-05,1.6638784811831908e-05,0.0203,0.1426,0.01,0.104
MAGT1,ENSG00000102158,-0.5313,1.1341933459542732e-05,1.665242418346037e-05,0.2213,0.3199,0.112,0.217
ANKRD6,ENSG00000135299,1.4545,1.1388084322756843e-05,1.6716333768725505e-05,0.3597,0.1312,0.171,0.086
IRS2,ENSG00000185950,-1.3673,1.153118351901426e-05,1.692248962562521e-05,0.0709,0.1831,0.032,0.128
HOXD1,ENSG00000128645,-3.3991,1.1585436318311515e-05,1.6998194828362694e-05,0.0136,0.1445,0.008,0.101
MAMDC2,ENSG00000165072,2.8634,1.1699296828781013e-05,1.716130172192337e-05,0.2187,0.03,0.107,0.013
CASZ1,ENSG00000130940,1.0367,1.1714585527131599e-05,1.717977518644213e-05,0.4967,0.2421,0.23,0.16
CDK2AP1,ENSG00000111328,-1.3649,1.1769459382229388e-05,1.72526080820119e-05,0.0856,0.2206,0.042,0.137
DFFA,ENSG00000160049,-1.107,1.1769661576261922e-05,1.72526080820119e-05,0.0908,0.1957,0.044,0.14
PABPN1,ENSG00000100836,-0.2813,1.1855080421262842e-05,1.7373824755298993e-05,0.4467,0.5429,0.212,0.341
PPP2R5A,ENSG00000066027,-0.2655,1.1931664053748572e-05,1.748204052922251e-05,0.4759,0.5721,0.223,0.363
CRIM1,ENSG00000150938,1.0118,1.2090605995580933e-05,1.771084862633926e-05,0.5112,0.2535,0.232,0.161
PDK3,ENSG00000067992,2.0849,1.2167805956400924e-05,1.781910902426632e-05,0.2933,0.0691,0.136,0.048
ADAR,ENSG00000160710,-0.3756,1.2170102069279304e-05,1.781910902426632e-05,0.3077,0.3992,0.153,0.266
TNS2,ENSG00000111077,-0.5624,1.2202709672275485e-05,1.7862749520265493e-05,0.2023,0.2988,0.096,0.2
TOR1A,ENSG00000136827,-2.2156,1.2276592390641052e-05,1.7966776053796306e-05,0.0331,0.1539,0.019,0.112
PRAF2,ENSG00000243279,-2.5226,1.2679779806784446e-05,1.855258119537545e-05,0.0257,0.1482,0.014,0.107
JMJD6,ENSG00000070495,-1.942,1.276253100159403e-05,1.866937474418585e-05,0.0415,0.1598,0.022,0.116
DHX29,ENSG00000067248,-0.5121,1.2778486833863922e-05,1.868842706260209e-05,0.2385,0.3402,0.121,0.227
LINC00891,ENSG00000281852,-2.5357,1.2892917305089817e-05,1.8851455922006325e-05,0.0276,0.1604,0.017,0.11
MACC1,ENSG00000183742,1.0109,1.3012552363157856e-05,1.9022018187372468e-05,0.4901,0.2432,0.227,0.156
B4GALT7,ENSG00000027847,-2.8104,1.3176416219052083e-05,1.9257141998270756e-05,0.0209,0.1472,0.014,0.107
GCA,ENSG00000115271,-1.0418,1.3216785283042388e-05,1.93117135410028e-05,0.1084,0.2234,0.056,0.153
CCDC167,ENSG00000198937,-3.236,1.3272230337875915e-05,1.9388283318964014e-05,0.015,0.1419,0.009,0.101
NR2C2,ENSG00000177463,1.6771,1.3328580256454265e-05,1.946613954980434e-05,0.3349,0.1046,0.155,0.069
MRPL38,ENSG00000204316,-1.8454,1.3381272722353799e-05,1.953861969881023e-05,0.0544,0.1956,0.033,0.126
PIKFYVE,ENSG00000115020,1.3965,1.3577342278513958e-05,1.98203702829234e-05,0.3444,0.1308,0.172,0.088
TMEM203,ENSG00000187713,-3.4545,1.3627716334065544e-05,1.988935247931956e-05,0.0125,0.1376,0.009,0.101
TFDP2,ENSG00000114126,1.2045,1.3887243613358547e-05,2.0263487762682704e-05,0.4318,0.1873,0.203,0.127
TENT5B,ENSG00000158246,-2.8284,1.4067826605929683e-05,2.0522287096750966e-05,0.0203,0.1446,0.009,0.102
CDK10,ENSG00000185324,-0.9894,1.4088935896800049e-05,2.0548379396499728e-05,0.1154,0.2292,0.059,0.155
TVP23B,ENSG00000171928,-1.2174,1.419638699328456e-05,2.0700358435999328e-05,0.0891,0.2074,0.045,0.14
GJA1,ENSG00000152661,-0.8667,1.421429062681996e-05,2.0721724844723814e-05,0.1449,0.2644,0.073,0.171
PRKCI,ENSG00000163558,-0.2743,1.4277852411898083e-05,2.0809627143541444e-05,0.5047,0.6105,0.239,0.375
MEIS2,ENSG00000134138,1.4771,1.4309003972985616e-05,2.0850262932064754e-05,0.3725,0.1338,0.169,0.087
MDN1,ENSG00000112159,1.4137,1.4381535207053125e-05,2.0951162464571222e-05,0.3519,0.132,0.172,0.088
NELFCD,ENSG00000101158,-0.9748,1.4407997026630216e-05,2.098491684824483e-05,0.1112,0.2186,0.056,0.153
AP3B1,ENSG00000132842,1.0154,1.4464259574165579e-05,2.105759853191709e-05,0.5025,0.2485,0.234,0.165
ACSM3,ENSG00000005187,-1.2977,1.4464505720982738e-05,2.105759853191709e-05,0.0787,0.1935,0.039,0.133
ZNF532,ENSG00000074657,2.0371,1.4563285470903177e-05,2.119656275730771e-05,0.2739,0.0667,0.134,0.045
ZNF655,ENSG00000197343,-0.5017,1.4762025226504515e-05,2.147638311157209e-05,0.2447,0.3466,0.126,0.232
TMEM42,ENSG00000169964,-2.4261,1.4762276203122965e-05,2.147638311157209e-05,0.0287,0.1549,0.018,0.11
GABPB1,ENSG00000104064,-0.8637,1.4976066508660489e-05,2.1782437598154374e-05,0.126,0.2294,0.062,0.159
ZNF483,ENSG00000173258,2.8022,1.5181718858213945e-05,2.2076518640765033e-05,0.2291,0.0328,0.112,0.021
SBF2,ENSG00000133812,2.727,1.5244998799226037e-05,2.216348172065359e-05,0.2549,0.0384,0.116,0.026
RNASEH2B,ENSG00000136104,-0.4573,1.541645924417191e-05,2.240764425024987e-05,0.2312,0.3175,0.108,0.214
COMMD8,ENSG00000169019,-3.2937,1.5428496045768824e-05,2.2420027875946264e-05,0.014,0.138,0.009,0.101
NSRP1,ENSG00000126653,-0.3107,1.544551984592641e-05,2.243965109794459e-05,0.3761,0.4664,0.177,0.297
CDC34,ENSG00000099804,-1.8788,1.5507216963059863e-05,2.252415314183336e-05,0.0454,0.1674,0.024,0.117
IRF2BPL,ENSG00000119669,-1.9337,1.5774266187941228e-05,2.2906821628274562e-05,0.0432,0.1655,0.023,0.116
TYW1B,ENSG00000277149,2.657,1.5871063948639025e-05,2.3042139073690227e-05,0.2294,0.0363,0.113,0.023
IMPA1,ENSG00000133731,-1.0109,1.609413517136887e-05,2.3360681174288833e-05,0.1074,0.2166,0.053,0.148
IFT27,ENSG00000100360,-1.7815,1.6525782588584053e-05,2.398175825227028e-05,0.0487,0.1678,0.024,0.117
FBXW8,ENSG00000174989,1.7794,1.678198723115356e-05,2.4348012880883922e-05,0.289,0.0841,0.142,0.055
NEO1,ENSG00000067141,1.4382,1.69564160569241e-05,2.4595484041613453e-05,0.3481,0.1284,0.168,0.085
PHLDA3,ENSG00000174307,-1.6372,1.7010632028814435e-05,2.46685120982011e-05,0.0558,0.1738,0.028,0.121
MIB1,ENSG00000101752,1.3158,1.7080581041370063e-05,2.476431752074918e-05,0.395,0.1586,0.187,0.11
CPT2,ENSG00000157184,-2.454,1.7146750869142252e-05,2.4854601362160494e-05,0.0273,0.1499,0.015,0.107
POLR2A,ENSG00000181222,-0.7744,1.7320405171700393e-05,2.5100609904430556e-05,0.1499,0.2565,0.078,0.175
KDM4B,ENSG00000127663,1.4442,1.73519984943378e-05,2.514067963668261e-05,0.3867,0.1421,0.176,0.096
MRPL1,ENSG00000169288,-0.8085,1.74400460973105e-05,2.5262507128006008e-05,0.1403,0.2458,0.071,0.167
SMARCA2,ENSG00000080503,1.0322,1.8155327258448024e-05,2.629264227001503e-05,0.498,0.2435,0.231,0.164
MRPL44,ENSG00000135900,-1.968,1.825923688749977e-05,2.6437119045607778e-05,0.0386,0.1515,0.017,0.109
CMTM4,ENSG00000183723,1.2729,1.8286302959617873e-05,2.6470295496722058e-05,0.4049,0.1675,0.191,0.114
SLC25A24,ENSG00000085491,-0.4852,1.8339006591683066e-05,2.654056005039263e-05,0.2308,0.3232,0.113,0.216
XIST,ENSG00000229807,0.5632,1.8465340745790623e-05,2.6717328019613077e-05,0.8518,0.5765,0.321,0.3
MAD2L2,ENSG00000116670,-2.9566,1.848305623334276e-05,2.6736892100648988e-05,0.0176,0.1372,0.009,0.1
ZCCHC10,ENSG00000155329,-0.9086,1.8532247000695896e-05,2.6801967928638004e-05,0.1204,0.226,0.06,0.156
FRK,ENSG00000111816,1.5618,1.8689994053050798e-05,2.7023976431889054e-05,0.3284,0.1112,0.158,0.074
TRAPPC10,ENSG00000160218,1.6664,1.901699979805004e-05,2.749056093255533e-05,0.2981,0.0939,0.148,0.061
CEMIP2,ENSG00000135048,0.7365,1.9041935604560537e-05,2.752036714556187e-05,0.6184,0.3711,0.284,0.231
RXYLT1,ENSG00000118600,-2.0859,1.9116930015330377e-05,2.7616231327380728e-05,0.0369,0.1569,0.019,0.111
NFIL3,ENSG00000165030,-1.5383,1.9113077314633643e-05,2.7616231327380728e-05,0.062,0.1803,0.031,0.123
NAB2,ENSG00000166886,-1.6488,1.925288800933303e-05,2.780423774721609e-05,0.0577,0.1812,0.032,0.124
CRYBG3,ENSG00000080200,1.3573,1.9255797592777886e-05,2.780423774721609e-05,0.3693,0.1441,0.177,0.097
AGRN,ENSG00000188157,-1.0896,1.949941274467663e-05,2.814962777339527e-05,0.1014,0.2159,0.051,0.145
AP3S2,ENSG00000157823,1.5936,1.9941925041500228e-05,2.878192713143852e-05,0.3164,0.1048,0.155,0.071
PJA2,ENSG00000198961,-0.3447,2.0542020114917077e-05,2.9641325991986504e-05,0.332,0.4216,0.163,0.276
LINC00511,ENSG00000227036,3.6371,2.0566791071715074e-05,2.9670353718529895e-05,0.2209,0.0177,0.101,0.012
NKIRAS2,ENSG00000168256,-2.5158,2.0852313713002332e-05,3.0075452470676438e-05,0.0247,0.1417,0.013,0.104
ABCD3,ENSG00000117528,0.6945,2.1133127891777845e-05,3.047357844607188e-05,0.6194,0.3827,0.295,0.25
ASXL1,ENSG00000171456,0.9606,2.156615021007376e-05,3.10909560355541e-05,0.4975,0.2556,0.235,0.167
TANGO6,ENSG00000103047,2.2938,2.165383459470411e-05,3.1210308736431996e-05,0.2612,0.0532,0.121,0.033
THAP5,ENSG00000177683,-2.4724,2.1731335521545137e-05,3.131493308088839e-05,0.0262,0.146,0.015,0.106
BIN1,ENSG00000136717,-1.4292,2.2496622943856756e-05,3.241038898691228e-05,0.0666,0.1795,0.036,0.128
EFCAB2,ENSG00000203666,1.0957,2.271053917008017e-05,3.271118102333056e-05,0.4686,0.2192,0.214,0.145
ENSG00000257022,ENSG00000257022,2.7734,2.2926390330912175e-05,3.301462352825053e-05,0.2215,0.0323,0.104,0.014
SH3GLB2,ENSG00000148341,-1.1531,2.3146504151515435e-05,3.332406593629424e-05,0.0907,0.2018,0.047,0.14
TRA2A,ENSG00000164548,0.5908,2.339585468483393e-05,3.3675451256675614e-05,0.7709,0.5118,0.34,0.317
FILIP1,ENSG00000118407,-0.3019,2.3758087044904042e-05,3.418912074746349e-05,0.4103,0.5059,0.191,0.313
FGG,ENSG00000171557,-1.375,2.3870093775464367e-05,3.4334803208164564e-05,0.1096,0.2845,0.051,0.141
PSPC1,ENSG00000121390,1.0646,2.386573078795741e-05,3.4334803208164564e-05,0.4687,0.224,0.22,0.151
COIL,ENSG00000121058,-2.0083,2.4060819801415666e-05,3.460133684503155e-05,0.0385,0.1553,0.019,0.11
IBTK,ENSG00000005700,0.8271,2.4368029504796255e-05,3.503522509992696e-05,0.6007,0.3385,0.276,0.227
UBE2W,ENSG00000104343,1.1726,2.4987878705643736e-05,3.591831493765024e-05,0.4407,0.1954,0.204,0.131
DDX49,ENSG00000105671,-2.2902,2.5300464748705064e-05,3.6359437054327044e-05,0.0301,0.1478,0.019,0.109
STK17B,ENSG00000081320,-0.4918,2.5643932685187344e-05,3.684473086952205e-05,0.2274,0.3198,0.109,0.211
ATM,ENSG00000149311,1.3856,2.5680903618055095e-05,3.688953595428148e-05,0.3693,0.1413,0.175,0.095
DCUN1D5,ENSG00000137692,-0.719,2.5729425031367036e-05,3.695090889276072e-05,0.155,0.2552,0.082,0.178
LIMD1,ENSG00000144791,0.9912,2.5969474501362937e-05,3.72872522401326e-05,0.5003,0.2516,0.232,0.167
EPN2,ENSG00000072134,1.0473,2.6150583356513325e-05,3.7538835599588483e-05,0.4735,0.2291,0.221,0.15
SEMA4B,ENSG00000185033,1.027,2.6261996443268848e-05,3.769028080275527e-05,0.4676,0.2294,0.218,0.147
MTFR1L,ENSG00000117640,-2.0035,2.631025595407497e-05,3.7751042472929984e-05,0.0373,0.15,0.019,0.11
LRP6,ENSG00000070018,0.7899,2.6620063652403524e-05,3.8186972498666174e-05,0.5779,0.3342,0.271,0.217
POMGNT1,ENSG00000085998,-1.8355,2.6671593535610345e-05,3.8252285441960845e-05,0.045,0.1608,0.026,0.116
PRRT2,ENSG00000167371,2.7486,2.678157562760354e-05,3.840138205712383e-05,0.2233,0.0331,0.109,0.021
DNMT1,ENSG00000130816,-0.9142,2.6795741105898275e-05,3.841305364292816e-05,0.1282,0.2418,0.069,0.163
THRAP3,ENSG00000054118,-0.2249,2.6849368753088052e-05,3.8481278282584604e-05,0.4886,0.5711,0.231,0.365
SLC35E1,ENSG00000127526,-0.6432,2.7184504145482802e-05,3.895284646604919e-05,0.1692,0.2643,0.083,0.181
RNF24,ENSG00000101236,1.1526,2.823394318015171e-05,4.044750287044206e-05,0.4308,0.1937,0.204,0.132
ELP6,ENSG00000163832,-1.9415,2.887503360666785e-05,4.1356625307236026e-05,0.0405,0.1557,0.021,0.11
TLN2,ENSG00000171914,2.6244,2.8886920655577068e-05,4.136435740775018e-05,0.2279,0.0369,0.112,0.025
SYVN1,ENSG00000162298,-1.5049,2.8923085856348792e-05,4.140684310222851e-05,0.061,0.1734,0.032,0.122
LINC02471,ENSG00000223914,1.1298,2.896072425031072e-05,4.145141829720046e-05,0.4298,0.1964,0.2,0.126
RNF10,ENSG00000022840,-0.3244,2.920771250300971e-05,4.179554819454251e-05,0.3183,0.3986,0.154,0.266
CSNK1D,ENSG00000141551,-0.4029,2.9617482977629947e-05,4.237240888294231e-05,0.269,0.3557,0.134,0.239
BICRAL,ENSG00000112624,1.7773,2.974729468696541e-05,4.2548576089164125e-05,0.2875,0.0838,0.14,0.055
IVNS1ABP,ENSG00000116679,-0.9235,3.0144934200739273e-05,4.3107661626225404e-05,0.1101,0.2089,0.055,0.148
YWHAG,ENSG00000170027,-0.3812,3.021930720440317e-05,4.320432460822386e-05,0.244,0.3178,0.112,0.214
VRK2,ENSG00000028116,1.7665,3.0282412642311626e-05,4.328483869837144e-05,0.3227,0.0948,0.146,0.064
LZTFL1,ENSG00000163818,-1.2784,3.0382544203800846e-05,4.34182289395271e-05,0.0759,0.1842,0.037,0.128
SMUG1,ENSG00000123415,-2.0302,3.0582747905819314e-05,4.369453561174319e-05,0.0379,0.155,0.022,0.111
GALNTL6,ENSG00000174473,2.5594,3.1081107858298616e-05,4.4396608244824936e-05,0.2208,0.0374,0.105,0.017
KMT5A,ENSG00000183955,-1.3514,3.1164318146255585e-05,4.45054946645115e-05,0.0699,0.1785,0.033,0.124
NOC2L,ENSG00000188976,-1.0714,3.174182030079544e-05,4.5316603085662096e-05,0.0972,0.2044,0.053,0.144
LDAF1,ENSG00000011638,-1.1741,3.174650186361834e-05,4.5316603085662096e-05,0.0851,0.1921,0.041,0.133
ACVR1,ENSG00000115170,1.7049,3.187837455274249e-05,4.549465810918589e-05,0.3192,0.0979,0.151,0.071
TMEM129,ENSG00000168936,-1.6593,3.201024327996787e-05,4.567262777748324e-05,0.0509,0.1609,0.027,0.117
IMPACT,ENSG00000154059,-1.9919,3.212000359655772e-05,4.581898029269534e-05,0.0393,0.1566,0.023,0.112
ENSG00000257894,ENSG00000257894,3.0315,3.3116484678539016e-05,4.7229885867043896e-05,0.2254,0.0275,0.104,0.017
OBSL1,ENSG00000124006,-1.3642,3.3435807236504936e-05,4.767463009007357e-05,0.0711,0.1831,0.036,0.126
SHPRH,ENSG00000146414,1.3884,3.344619176771171e-05,4.767877292467848e-05,0.3864,0.1475,0.176,0.099
LDAH,ENSG00000118961,1.9644,3.363473713169288e-05,4.793683192813372e-05,0.2916,0.0746,0.135,0.051
CBX6,ENSG00000183741,-1.0835,3.3843081856922093e-05,4.822298767051371e-05,0.0955,0.2026,0.051,0.142
ROBO1,ENSG00000169855,2.137,3.392831398146064e-05,4.833363164956684e-05,0.2771,0.0629,0.126,0.041
ZNF718,ENSG00000250312,2.5688,3.401652727916317e-05,4.844847216368749e-05,0.2267,0.0381,0.11,0.024
WDR82,ENSG00000164091,-0.7742,3.444625232343345e-05,4.9049555184696946e-05,0.1423,0.2434,0.074,0.168
GGT5,ENSG00000099998,-1.7302,3.451264646296245e-05,4.913312219771898e-05,0.0503,0.167,0.024,0.114
WBP1,ENSG00000239779,-1.8073,3.4744284026994765e-05,4.9451844311697174e-05,0.051,0.1788,0.026,0.114
TUT4,ENSG00000134744,0.866,3.500821080355548e-05,4.98163714001487e-05,0.563,0.3089,0.257,0.202
TRAF3IP2,ENSG00000056972,-1.5074,3.506419696217709e-05,4.988490418073621e-05,0.0619,0.1762,0.035,0.124
HPN,ENSG00000105707,-0.2958,3.517642446291834e-05,5.0033401595516384e-05,0.3689,0.4528,0.172,0.288
MAP3K11,ENSG00000173327,-1.4853,3.559974308027097e-05,5.0624216403463625e-05,0.058,0.1625,0.027,0.117
MBOAT7,ENSG00000125505,-0.7799,3.637736813155791e-05,5.171849282753829e-05,0.1358,0.2332,0.069,0.162
HOOK1,ENSG00000134709,-0.6025,3.6719901236485646e-05,5.219383955018863e-05,0.183,0.278,0.095,0.191
PAICS,ENSG00000128050,-1.4273,3.741113542128087e-05,5.316450920879749e-05,0.0644,0.1733,0.033,0.123
CYB561A3,ENSG00000162144,-2.2102,3.748538069107367e-05,5.3258146179093966e-05,0.0324,0.1505,0.021,0.108
ARHGEF11,ENSG00000132694,2.2821,3.752438494488391e-05,5.330168316034646e-05,0.2602,0.0534,0.121,0.036
STX7,ENSG00000079950,-0.4073,3.794365629447567e-05,5.388523254116338e-05,0.2451,0.3251,0.117,0.218
AGFG1,ENSG00000173744,0.9888,3.836737213300936e-05,5.447483237147765e-05,0.4999,0.2519,0.23,0.167
OSER1,ENSG00000132823,-1.5936,3.8503357246160037e-05,5.465573423386111e-05,0.0521,0.1575,0.024,0.113
SYT17,ENSG00000103528,1.6189,3.860408018262974e-05,5.478651183532159e-05,0.3354,0.1091,0.154,0.074
PCSK5,ENSG00000099139,1.5221,3.880942444441419e-05,5.506567568064555e-05,0.317,0.1103,0.149,0.066
ABLIM1,ENSG00000099204,0.7953,3.9229586928409825e-05,5.564944741179632e-05,0.5652,0.3257,0.262,0.206
CHMP6,ENSG00000176108,-1.5925,3.9284320304710976e-05,5.571469231202057e-05,0.0562,0.1698,0.03,0.119
CRYL1,ENSG00000165475,-0.9462,3.987180932074488e-05,5.65353168193391e-05,0.1092,0.2104,0.054,0.145
ZBTB7B,ENSG00000160685,-1.4522,4.033551546282543e-05,5.718010030587327e-05,0.0629,0.1723,0.033,0.122
REEP4,ENSG00000168476,-2.1664,4.0396289517421116e-05,5.724079699345624e-05,0.0327,0.147,0.015,0.103
SCAF1,ENSG00000126461,-1.9744,4.039040436173519e-05,5.724079699345624e-05,0.0397,0.1564,0.022,0.11
CYP27A1,ENSG00000135929,-2.126,4.0557465895711955e-05,5.7456410018925266e-05,0.034,0.1486,0.015,0.103
TOR3A,ENSG00000186283,-1.9667,4.0968382416784076e-05,5.8025647168851035e-05,0.0387,0.1517,0.022,0.109
USP14,ENSG00000101557,-0.4038,4.143077958357981e-05,5.866752995231481e-05,0.2441,0.323,0.117,0.218
DIAPH2-AS1,ENSG00000236256,2.311,4.145691084876176e-05,5.8691496038386904e-05,0.2316,0.0466,0.108,0.021
RBM15B,ENSG00000259956,-2.191,4.1593180170420094e-05,5.887134182647161e-05,0.0325,0.1486,0.019,0.106
DBP,ENSG00000105516,-2.4328,4.1986901772718524e-05,5.9415427036865836e-05,0.0266,0.1441,0.015,0.103
ASB8,ENSG00000177981,-2.1444,4.222155579315997e-05,5.973422507354523e-05,0.0316,0.1399,0.014,0.102
TCIRG1,ENSG00000110719,-1.3402,4.283887570311778e-05,6.059414967991477e-05,0.0692,0.1755,0.031,0.12
GATA6,ENSG00000141448,-0.9542,4.3551757078009974e-05,6.158883127158686e-05,0.1098,0.2128,0.053,0.144
ENSG00000237188,ENSG00000237188,2.1321,4.384768185307479e-05,6.199356216752091e-05,0.2337,0.0532,0.116,0.03
CIAO1,ENSG00000144021,-0.8996,4.4036086295912334e-05,6.224613085065215e-05,0.1185,0.2211,0.063,0.154
CLN5,ENSG00000102805,-1.1881,4.445457150392106e-05,6.282374048714182e-05,0.0815,0.1857,0.041,0.131
CCL20,ENSG00000115009,-2.1622,4.5430643823926664e-05,6.418890832835383e-05,0.0528,0.2368,0.026,0.112
CEP85L,ENSG00000111860,2.1937,4.5915560157468e-05,6.485967117302427e-05,0.2582,0.0564,0.121,0.037
SLC41A1,ENSG00000133065,-1.2071,4.627428065870808e-05,6.535191386780328e-05,0.0805,0.186,0.042,0.131
UFSP2,ENSG00000109775,-1.133,4.6442691080653546e-05,6.557522827002577e-05,0.0872,0.1915,0.042,0.132
IQCN,ENSG00000130518,-2.1285,4.6481522545258065e-05,6.561552396501775e-05,0.0381,0.1671,0.015,0.103
LAMA3,ENSG00000053747,1.1476,4.666714269369465e-05,6.586296981897352e-05,0.4226,0.1907,0.193,0.119
ARMCX4,ENSG00000196440,1.7397,4.7016321326852596e-05,6.634109084964261e-05,0.2737,0.0819,0.134,0.05
PTDSS1,ENSG00000156471,-1.3843,4.7102489218820474e-05,6.64479683049304e-05,0.0639,0.1669,0.032,0.12
MIR181A2HG,ENSG00000224020,2.5029,4.827508934072424e-05,6.808710056352147e-05,0.2205,0.0388,0.108,0.022
C2orf74,ENSG00000237651,-2.1256,4.8595126937546776e-05,6.852332099687252e-05,0.034,0.1486,0.017,0.104
SUCLA2,ENSG00000136143,-0.9855,4.8620068224650666e-05,6.854332926407518e-05,0.1067,0.2114,0.053,0.142
GMFB,ENSG00000197045,-1.1169,4.890384690814335e-05,6.8928150351407e-05,0.0888,0.1926,0.046,0.135
PHF11,ENSG00000136147,-0.9644,5.039482066036693e-05,7.101392168652503e-05,0.107,0.2089,0.054,0.144
PPP1R35,ENSG00000160813,-1.6556,5.1150231429285244e-05,7.206248074291567e-05,0.0531,0.1676,0.03,0.117
ZNF780B,ENSG00000128000,2.2591,5.193296053326487e-05,7.314905510374802e-05,0.2418,0.0504,0.117,0.033
RAB6A,ENSG00000175582,-0.2553,5.204760204966309e-05,7.3294336882395e-05,0.3708,0.4426,0.176,0.291
DLST,ENSG00000119689,-1.0106,5.2064236646013334e-05,7.330156992454394e-05,0.1002,0.202,0.051,0.141
UCKL1,ENSG00000198276,-2.3339,5.213082542702431e-05,7.337911505791124e-05,0.0288,0.1455,0.014,0.1
TBC1D32,ENSG00000146350,2.5027,5.2184988230365826e-05,7.343913906591217e-05,0.2163,0.0381,0.108,0.023
PAK1IP1,ENSG00000111845,-2.5071,5.223252872515642e-05,7.348981916196694e-05,0.0246,0.1401,0.014,0.1
EMG1,ENSG00000126749,-0.6402,5.2456603108992774e-05,7.378880071046533e-05,0.1644,0.2562,0.085,0.179
DPH5,ENSG00000117543,-1.2883,5.248006635067609e-05,7.380552018212223e-05,0.0712,0.174,0.035,0.123
ARL8B,ENSG00000134108,-0.2093,5.419925907311519e-05,7.620650123315159e-05,0.5009,0.5791,0.231,0.366
ATF7IP2,ENSG00000166669,1.5976,5.4466035722585714e-05,7.656471394299535e-05,0.2874,0.0949,0.142,0.061
TBC1D19,ENSG00000109680,2.2572,5.457900920934775e-05,7.670661016525396e-05,0.2422,0.0506,0.116,0.032
RAB27B,ENSG00000041353,0.9234,5.5126135418083906e-05,7.745847769237049e-05,0.506,0.2668,0.232,0.172
LMTK2,ENSG00000164715,1.1071,5.5890703882393285e-05,7.851547757828496e-05,0.4204,0.1951,0.2,0.13
RMDN2,ENSG00000115841,-0.4392,5.6346185830899665e-05,7.91379014478928e-05,0.2301,0.312,0.108,0.206
ZNF462,ENSG00000148143,1.2178,5.654824956432601e-05,7.940420506003928e-05,0.3882,0.1668,0.185,0.111
NUMA1,ENSG00000137497,-0.3291,5.663287041464055e-05,7.950551616237249e-05,0.2763,0.3471,0.127,0.23
MTRF1L,ENSG00000112031,-1.9424,5.66725213739971e-05,7.954366441198404e-05,0.04,0.1539,0.022,0.108
STARD4,ENSG00000164211,-0.5252,5.740443659872478e-05,8.055322106908882e-05,0.1849,0.2662,0.087,0.182
ISY1,ENSG00000240682,-1.4,5.7765940046434575e-05,8.104266456778618e-05,0.063,0.1665,0.033,0.12
ZC3H12C,ENSG00000149289,1.7385,5.7903783859772234e-05,8.121817868119868e-05,0.2995,0.0897,0.141,0.061
ZNF770,ENSG00000198146,-0.9882,5.7951642389822605e-05,8.126742636056294e-05,0.1075,0.2133,0.062,0.15
PLEKHA3,ENSG00000116095,-1.0182,5.8456423957326186e-05,8.195726912864624e-05,0.0924,0.1872,0.045,0.134
CCDC125,ENSG00000183323,2.0542,5.895039401988266e-05,8.263165388670889e-05,0.2751,0.0662,0.127,0.046
STRBP,ENSG00000165209,0.9399,5.947850554086335e-05,8.33535882222475e-05,0.5248,0.2735,0.237,0.178
PTPN11,ENSG00000179295,-0.281,6.008727469289115e-05,8.41882145422376e-05,0.3326,0.4042,0.158,0.265
THRA,ENSG00000126351,-1.2465,6.0196943323795526e-05,8.432333853860612e-05,0.077,0.1828,0.041,0.129
PHF20L1,ENSG00000129292,-0.4086,6.041014542775219e-05,8.460340006632694e-05,0.2386,0.3167,0.116,0.214
MGAT4B,ENSG00000161013,-0.8115,6.054627879382622e-05,8.477542879653902e-05,0.1276,0.224,0.067,0.155
CBLB,ENSG00000114423,1.8127,6.074043388369302e-05,8.502860474495893e-05,0.3157,0.0898,0.137,0.057
R3HCC1L,ENSG00000166024,1.8916,6.119543429630751e-05,8.564673844982665e-05,0.2796,0.0753,0.131,0.049
BIRC2,ENSG00000110330,-0.7024,6.157170129191652e-05,8.615443277786826e-05,0.144,0.2344,0.071,0.161
DCAF13,ENSG00000164934,-1.7553,6.16253533605666e-05,8.621058320684926e-05,0.0454,0.1536,0.023,0.109
ZBTB43,ENSG00000169155,-0.3571,6.185117576682048e-05,8.650751327632307e-05,0.2703,0.3462,0.127,0.228
C3,ENSG00000125730,-0.2989,6.200608532827727e-05,8.670515331602711e-05,0.9928,1.2215,0.42,0.641
PRKAR2A,ENSG00000114302,-0.3161,6.215447501145602e-05,8.689359171009476e-05,0.3381,0.421,0.169,0.277
FBXL3,ENSG00000005812,-1.0226,6.220860771461563e-05,8.69502026267649e-05,0.0984,0.2001,0.054,0.141
PRCC,ENSG00000143294,-1.0444,6.313871617517632e-05,8.823088899972579e-05,0.0898,0.1852,0.044,0.132
RNF41,ENSG00000181852,-0.9201,6.323864772659893e-05,8.835116792835156e-05,0.1066,0.2018,0.054,0.143
ATF5,ENSG00000169136,-2.2145,6.357752578131885e-05,8.880515487640397e-05,0.0308,0.1435,0.017,0.102
PEX5,ENSG00000139197,-1.7443,6.387671548599972e-05,8.920351834025153e-05,0.0478,0.1604,0.028,0.114
DPH6,ENSG00000134146,1.2143,6.40293393289279e-05,8.939707363598672e-05,0.4208,0.1813,0.187,0.116
RPA2,ENSG00000117748,-2.0084,6.423811137959246e-05,8.966892052658243e-05,0.0343,0.1384,0.015,0.101
NAA16,ENSG00000172766,1.5797,6.432850818849873e-05,8.977544651963209e-05,0.3343,0.1118,0.154,0.077
MAPKAPK2,ENSG00000162889,-0.301,6.440884891257164e-05,8.986789490427757e-05,0.3183,0.3922,0.15,0.255
MBTD1,ENSG00000011258,2.0301,6.522367491286912e-05,9.098488568261282e-05,0.2602,0.0636,0.125,0.043
DCBLD1,ENSG00000164465,1.3512,6.572595576578813e-05,9.16654928914678e-05,0.3563,0.1396,0.171,0.096
RBM4,ENSG00000173933,-0.5508,6.606284102146916e-05,9.211518187048686e-05,0.2096,0.3071,0.104,0.198
PBX2,ENSG00000204304,-0.8877,6.676678259349305e-05,9.307636978646801e-05,0.1122,0.2078,0.056,0.145
GPBP1,ENSG00000062194,0.5315,6.730469461336762e-05,9.380573418456899e-05,0.7902,0.5467,0.349,0.341
SHC1,ENSG00000160691,-1.0567,6.751398319575402e-05,9.407686183014905e-05,0.095,0.1976,0.053,0.14
CCDC174,ENSG00000154781,-1.0561,6.766948762899046e-05,9.427294222788771e-05,0.0913,0.1899,0.045,0.133
HIPK2,ENSG00000064393,1.0692,6.781678279260605e-05,9.44575027972173e-05,0.4329,0.2063,0.207,0.139
LRRCC1,ENSG00000133739,-2.1876,6.888456339433012e-05,9.592378585383453e-05,0.031,0.1417,0.017,0.102
MVB12B,ENSG00000196814,1.417,6.952278222156682e-05,9.679138166903001e-05,0.3518,0.1317,0.163,0.088
MAPK14,ENSG00000112062,1.2132,7.060040852893752e-05,9.827021929519143e-05,0.4031,0.1738,0.189,0.118
TTC21B,ENSG00000123607,1.4085,7.070925828355899e-05,9.840024482813546e-05,0.3467,0.1305,0.163,0.088
CLDN12,ENSG00000157224,-0.712,7.103452814383339e-05,9.883132189370097e-05,0.1364,0.2234,0.065,0.154
CTSO,ENSG00000256043,-1.5072,7.211844311465631e-05,0.00010031749396812874,0.0573,0.1632,0.03,0.115
RPS6KC1,ENSG00000136643,1.8566,7.29542186950784e-05,0.00010145792848628376,0.2588,0.0714,0.127,0.046
FAHD2A,ENSG00000115042,-1.5282,7.356224068606744e-05,0.00010228119615565538,0.0538,0.1554,0.026,0.111
HSPG2,ENSG00000142798,0.8175,7.475987836672414e-05,0.00010392372974004938,0.5499,0.312,0.254,0.201
CLK3,ENSG00000179335,-1.3034,7.49816317042579e-05,0.00010420926577602881,0.0709,0.1752,0.036,0.122
USP44,ENSG00000136014,-0.6214,7.530893922369867e-05,0.00010464134427878792,0.1753,0.2698,0.089,0.181
ADNP,ENSG00000101126,1.0396,7.533017830252594e-05,0.0001046480467811294,0.4483,0.218,0.212,0.147
HP1BP3,ENSG00000127483,-0.2336,7.544118555176316e-05,0.00010477942437744884,0.5516,0.6486,0.261,0.401
TMEM175,ENSG00000127419,-1.7521,7.58974591896057e-05,0.0001053901769404784,0.0455,0.1534,0.021,0.106
TSN,ENSG00000211460,-0.9823,7.599616600499456e-05,0.00010550425920771784,0.0995,0.1966,0.054,0.141
SLC12A2,ENSG00000064651,-0.4242,7.633482886637234e-05,0.00010595134640172516,0.2407,0.3231,0.112,0.209
CGN,ENSG00000143375,-0.6546,7.662093564487711e-05,0.00010632530795300208,0.1563,0.2461,0.074,0.165
UAP1,ENSG00000117143,-0.6762,7.688399039826847e-05,0.0001066671248724617,0.1424,0.2277,0.068,0.158
TBL2,ENSG00000106638,-2.2395,7.839083708308243e-05,0.00010873402663286565,0.0298,0.1409,0.018,0.102
MROH1,ENSG00000179832,0.951,7.968130836286478e-05,0.00011049996537160386,0.497,0.2571,0.23,0.171
GLG1,ENSG00000090863,0.7424,8.074071766718851e-05,0.00011194477493004061,0.6038,0.3609,0.279,0.237
TMEM218,ENSG00000150433,-2.054,8.147978842062075e-05,0.00011294491219427208,0.0344,0.1432,0.019,0.104
EPM2AIP1,ENSG00000178567,-0.3641,8.223294260956218e-05,0.00011396413242086062,0.244,0.3141,0.114,0.213
LAMB3,ENSG00000196878,-0.6122,8.234070491011028e-05,0.00011408867502759248,0.1845,0.2821,0.094,0.184
SGMS1,ENSG00000198964,0.7638,8.301854278613746e-05,0.0001150028705479414,0.5875,0.346,0.27,0.223
BNIP2,ENSG00000140299,-0.5133,8.312986835171909e-05,0.00011512499834965528,0.1841,0.2628,0.089,0.18
PHACTR4,ENSG00000204138,1.0188,8.314282233753929e-05,0.00011512499834965528,0.4727,0.2333,0.218,0.155
TMEM69,ENSG00000159596,-1.7222,8.324911700436079e-05,0.00011524714894740499,0.0467,0.1542,0.023,0.108
SUMF1,ENSG00000144455,1.0551,8.374077220077894e-05,0.00011590261024315366,0.4487,0.2159,0.205,0.138
SNX30,ENSG00000148158,0.3339,8.478509738898144e-05,0.00011732255173752043,0.9607,0.7622,0.409,0.445
LETMD1,ENSG00000050426,-0.3757,8.587510722872885e-05,0.00011880507998766199,0.2934,0.3807,0.149,0.249
SELENON,ENSG00000162430,-1.0426,8.762138303335004e-05,0.00012119468796650174,0.0891,0.1836,0.045,0.131
ERVK3-1,ENSG00000142396,-1.8817,8.814287462316253e-05,0.0001218895500482996,0.0433,0.16,0.023,0.107
DHX36,ENSG00000174953,-0.2364,8.94136587303937e-05,0.00012362005517377138,0.4191,0.4937,0.202,0.32
RHBDD1,ENSG00000144468,1.7747,8.962481359504836e-05,0.00012388512286826394,0.2692,0.0786,0.132,0.053
CRYBG1,ENSG00000112297,1.1745,9.05078347915013e-05,0.0001250785707339737,0.4025,0.1783,0.19,0.121
RAB29,ENSG00000117280,-1.9299,9.099473552950073e-05,0.00012572419570883552,0.0371,0.1415,0.019,0.103
ARMC6,ENSG00000105676,-2.2526,9.154084473344084e-05,0.0001264513293988484,0.0296,0.1413,0.017,0.1
CAMSAP3,ENSG00000076826,-0.9976,9.16316899846912e-05,0.0001265493985382163,0.0994,0.1986,0.05,0.136
ZNF654,ENSG00000175105,1.662,9.177238398803896e-05,0.0001267162546943358,0.2844,0.0898,0.139,0.06
MITD1,ENSG00000158411,-1.222,9.182501895421599e-05,0.00012676147592748528,0.0793,0.1851,0.045,0.13
ZBTB7A,ENSG00000178951,-0.4022,9.244168139012297e-05,0.00012758513073436544,0.2464,0.3257,0.122,0.218
ZBTB7C,ENSG00000184828,2.4417,9.299022733496193e-05,0.0001283144370693468,0.2268,0.0417,0.109,0.028
DDX23,ENSG00000174243,-1.2095,9.476132115369685e-05,0.00013073001998589428,0.0808,0.1871,0.044,0.129
REPS1,ENSG00000135597,1.5106,9.498438344774895e-05,0.00013100939949792288,0.3315,0.1163,0.154,0.078
MXD4,ENSG00000123933,-0.7586,9.547332388752724e-05,0.0001316552973789717,0.135,0.2284,0.069,0.157
MCTP1,ENSG00000175471,1.0343,9.782540049485807e-05,0.00013486957788813153,0.4146,0.2024,0.196,0.126
POGK,ENSG00000143157,-0.7616,9.805829449976607e-05,0.00013516143295913704,0.1305,0.2213,0.067,0.155
UBAC2,ENSG00000134882,0.9565,9.828412518177887e-05,0.00013544342802287944,0.4687,0.2415,0.223,0.161
METTL25B,ENSG00000143303,-1.5404,9.835849887472129e-05,0.00013551662639428314,0.0555,0.1617,0.03,0.114
NAGLU,ENSG00000108784,-1.6707,9.873878431431745e-05,0.0001360111819368569,0.0474,0.151,0.024,0.108
TMEM41B,ENSG00000166471,-0.236,9.890349660205245e-05,0.00013620863919595687,0.752,0.8857,0.335,0.517
CAPN3,ENSG00000092529,1.2625,9.925513760083807e-05,0.0001366633914050416,0.3554,0.1481,0.168,0.093
NECAP1,ENSG00000089818,-1.6384,9.938999041903859e-05,0.00013681951822962018,0.0486,0.1514,0.024,0.108
SMC4,ENSG00000113810,-0.2332,0.0001032559233585365,0.00014211064581404797,0.4389,0.5159,0.203,0.323
ARHGEF35,ENSG00000213214,-1.9365,0.00010382170300266458,0.00014285848405827468,0.0385,0.1476,0.021,0.103
LRIG3,ENSG00000139263,1.5695,0.0001038584598863068,0.00014287822222166724,0.3355,0.113,0.15,0.076
USP38,ENSG00000170185,-1.237,0.00010409527638454193,0.00014317311476838291,0.0755,0.1782,0.04,0.124
PARD6B,ENSG00000124171,-0.263,0.00010423472382067417,0.0001433339871347709,0.4143,0.4971,0.195,0.309
PLRG1,ENSG00000171566,-0.9562,0.00010534856659519135,0.00014483439983703793,0.0946,0.1835,0.045,0.131
MTHFD2L,ENSG00000163738,-0.2663,0.0001058730631162093,0.00014552410033760981,0.3625,0.436,0.172,0.283
CAMSAP2,ENSG00000118200,1.1152,0.00010623987953140955,0.00014599681655803748,0.4136,0.1909,0.195,0.128
CHD6,ENSG00000124177,1.1246,0.00010719592909591435,0.00014727888965225303,0.4126,0.1892,0.195,0.128
SFTA3,ENSG00000229415,-0.1267,0.00010762986924045871,0.0001478432269786521,1.5987,1.7454,0.625,0.826
CNKSR1,ENSG00000142675,-1.1956,0.00010862939383967855,0.00014918405552088556,0.0774,0.1774,0.037,0.122
YKT6,ENSG00000106636,-1.295,0.00010993074149866463,0.00015093872002024274,0.072,0.1768,0.044,0.127
SORBS3,ENSG00000120896,-1.2237,0.00011004547528922206,0.00015106371769353804,0.0739,0.1727,0.035,0.119
SSBP4,ENSG00000130511,-1.8286,0.00011013159975910556,0.0001511493968706777,0.0424,0.1507,0.026,0.108
UBE2D1,ENSG00000072401,-1.2022,0.00011028543081181705,0.000151327942622758,0.0755,0.1738,0.037,0.121
OGT,ENSG00000147162,0.7142,0.00011173213669306479,0.00015328004549565054,0.652,0.3973,0.289,0.252
CRBN,ENSG00000113851,-1.0645,0.0001118452149401352,0.00015340216119693673,0.0928,0.1942,0.05,0.135
EAF1,ENSG00000144597,-0.9414,0.00011200473571272012,0.0001535879092640548,0.1042,0.2001,0.056,0.141
MBD3,ENSG00000071655,-0.6299,0.00011262253573840742,0.00015440186351233277,0.1466,0.227,0.068,0.155
CLUH,ENSG00000132361,-0.9257,0.00011287124619980873,0.00015470956665744585,0.1021,0.1941,0.049,0.134
IMMP1L,ENSG00000148950,-0.6224,0.00011820455359409263,0.00016198495897728728,0.1492,0.2298,0.069,0.158
AMN,ENSG00000166126,-1.169,0.00011828042432936606,0.000162054095228822,0.0747,0.168,0.032,0.116
ARL14EP,ENSG00000152219,-1.6466,0.0001191708024565856,0.00016323890538477292,0.0481,0.1509,0.026,0.108
RNF130,ENSG00000113269,-0.4265,0.00011997223176056253,0.00016430139150882622,0.2082,0.2798,0.098,0.19
NQO1,ENSG00000181019,-1.7675,0.00012070320186411711,0.00016526694842863973,0.0479,0.1634,0.026,0.108
USP45,ENSG00000123552,1.9382,0.00012088014377190085,0.00016547367759198365,0.25,0.0652,0.122,0.043
MTA1,ENSG00000182979,-0.8454,0.00012182425551710432,0.0001667302767113654,0.1118,0.2009,0.055,0.141
NDRG1,ENSG00000104419,-0.2673,0.00012198414205182613,0.00016691326584683227,0.3518,0.4234,0.163,0.271
CCDC50,ENSG00000152492,-0.3319,0.0001235449650654502,0.00016901269362494528,0.2866,0.3607,0.137,0.237
DUOXA1,ENSG00000140254,-0.1818,0.00012408831364342247,0.00016971958795898267,0.6787,0.7699,0.299,0.457
ARHGAP21,ENSG00000107863,1.1811,0.00012446506757024682,0.0001701983710339604,0.4181,0.1844,0.19,0.124
TBPL1,ENSG00000028839,-1.7958,0.0001246832810352994,0.00017046020085782407,0.0428,0.1489,0.023,0.105
AAK1,ENSG00000115977,0.9597,0.0001250407894562961,0.0001709123140617255,0.4792,0.2464,0.223,0.165
VRK3,ENSG00000105053,-1.1273,0.0001251722448877243,0.0001710553185764721,0.076,0.1661,0.036,0.119
C2orf68,ENSG00000168887,-1.2928,0.00012538780836837983,0.00017131317581406375,0.07,0.1716,0.035,0.118
RPAP2,ENSG00000122484,1.2716,0.00012736499968010214,0.00017397726011584555,0.3611,0.1495,0.171,0.1
SLAIN2,ENSG00000109171,-0.3529,0.0001279261137878993,0.00017470629293013238,0.2509,0.3204,0.121,0.216
PPP1R14C,ENSG00000198729,-0.382,0.00012802926955039618,0.00017479068662352212,0.2691,0.3507,0.135,0.232
B9D1,ENSG00000108641,-1.4194,0.0001280506890586277,0.00017479068662352212,0.0624,0.1672,0.031,0.114
ADPGK,ENSG00000159322,-0.4591,0.00012807016426956422,0.00017479068662352212,0.1998,0.2747,0.098,0.189
NALF1,ENSG00000204442,2.5515,0.00012986400730512318,0.00017720099455696925,0.2472,0.0421,0.1,0.02
ACOT8,ENSG00000101473,-1.4355,0.0001301366002335189,0.00017753495109965397,0.0611,0.1653,0.031,0.113
STX11,ENSG00000135604,-1.6034,0.00013031466863580582,0.00017773984008413824,0.0504,0.1533,0.027,0.109
RPP30,ENSG00000148688,-1.889,0.00013437020407737672,0.00018323209646915007,0.0386,0.1431,0.021,0.102
APOO,ENSG00000184831,-1.8047,0.00013445785716166005,0.00018331241219109984,0.0409,0.143,0.021,0.103
MED24,ENSG00000008838,-0.8364,0.00013493988988040406,0.0001839302540063237,0.1375,0.2456,0.068,0.153
PRKAG1,ENSG00000181929,-0.7043,0.00013574209680854274,0.0001849841528761137,0.1337,0.2179,0.067,0.154
IRF6,ENSG00000117595,-1.9562,0.00013754529096516726,0.00018740141694869445,0.0364,0.1417,0.019,0.101
UBA6,ENSG00000033178,1.2684,0.00013763489392920597,0.0001874834292304889,0.3762,0.1561,0.177,0.109
PLXDC2,ENSG00000120594,2.6568,0.00013823016545109985,0.00018825407065814175,0.238,0.0377,0.104,0.025
GLUD1,ENSG00000148672,-0.3969,0.00013864934703723472,0.00018878461925723439,0.2259,0.2975,0.107,0.199
FUT3,ENSG00000171124,-1.4569,0.0001389056354763266,0.0001890931937137694,0.0598,0.1642,0.035,0.117
THUMPD3,ENSG00000134077,-1.0977,0.00013989291983949285,0.00019039653372689302,0.0808,0.173,0.04,0.123
PARG,ENSG00000227345,1.6553,0.00014051013682244687,0.00019119575714900722,0.2809,0.0891,0.136,0.06
THAP12,ENSG00000137492,-0.883,0.0001410403063864092,0.00019187621707498053,0.1031,0.1903,0.05,0.134
ZNF544,ENSG00000198131,2.1288,0.00014354377562914966,0.00019524036049409622,0.2466,0.0563,0.117,0.039
ITGA3,ENSG00000005884,0.6227,0.0001443068619263231,0.0001962364003370968,0.6559,0.4259,0.3,0.269
NFATC3,ENSG00000072736,0.5906,0.00014473900447830557,0.00019678207582623117,0.6993,0.4644,0.316,0.296
TMEM161B-DT,ENSG00000247828,1.5228,0.00014487019717146095,0.00019691844498252953,0.3104,0.108,0.146,0.072
CFAP44,ENSG00000206530,1.7846,0.0001458863400148711,0.00019825739023551553,0.2378,0.0689,0.121,0.042
UCHL5,ENSG00000116750,-0.7716,0.0001469025422732108,0.00019959584547990598,0.1333,0.2276,0.073,0.158
CDK9,ENSG00000136807,-1.193,0.00014720870027287272,0.00019996920184094685,0.0726,0.1662,0.035,0.118
PTPRN2,ENSG00000155093,1.9723,0.00014787633501009496,0.00020079055073255706,0.2525,0.0643,0.117,0.038
DERA,ENSG00000023697,-0.2515,0.00014786741449092917,0.00020079055073255706,0.3087,0.3675,0.145,0.248
SLC35F6,ENSG00000213699,-1.8492,0.0001485087493962865,0.00020160631971919218,0.0385,0.1389,0.021,0.102
NMI,ENSG00000123609,-1.6464,0.00014873058327368342,0.00020186448123690265,0.0484,0.1517,0.026,0.107
MPDZ,ENSG00000107186,2.1683,0.00014951509469383705,0.0002028860640002578,0.2371,0.0527,0.113,0.035
EXOSC6,ENSG00000223496,-1.2675,0.00014992123499912204,0.00020336593366564092,0.0728,0.1754,0.041,0.123
IMMT,ENSG00000132305,-0.5409,0.00014993253148682547,0.00020336593366564092,0.1706,0.2482,0.085,0.172
BAIAP2-DT,ENSG00000226137,-1.0616,0.00015301207470265853,0.00020749882497967414,0.0925,0.1931,0.051,0.134
GALNT10,ENSG00000164574,0.6154,0.00015339944592262342,0.00020797989531193628,0.663,0.4327,0.304,0.273
ITPRIPL2,ENSG00000205730,-0.6176,0.00015713051914404167,0.000212993208493146,0.1573,0.2413,0.078,0.165
POLR2D,ENSG00000144231,-1.9189,0.00015842955900176545,0.00021470842658083647,0.037,0.1401,0.019,0.1
DCAF5,ENSG00000139990,0.9307,0.0001616002468893059,0.00021895888924959087,0.4773,0.2503,0.225,0.168
AP1S2,ENSG00000182287,-0.7635,0.00016211500997993995,0.0002196096873400164,0.1358,0.2307,0.069,0.154
UBE2V1,ENSG00000244687,-0.6176,0.00016216365209732525,0.00021962891058433152,0.1905,0.2924,0.096,0.182
CCDC92,ENSG00000119242,-0.5332,0.00016240706874617365,0.00021991186560256097,0.1873,0.2712,0.094,0.182
GNPAT,ENSG00000116906,-0.6358,0.0001624874716578925,0.00021997401397729128,0.1467,0.228,0.072,0.158
SUN2,ENSG00000100242,-1.4099,0.00016348219203586662,0.00022127366756446916,0.0619,0.1646,0.035,0.116
TDG,ENSG00000139372,-0.6419,0.00016369556464084783,0.00022151543718645827,0.1442,0.2251,0.069,0.156
CTNNAL1,ENSG00000119326,-0.5046,0.00016595806747095592,0.00022452943126641424,0.1857,0.2635,0.087,0.175
SMG1,ENSG00000157106,0.7541,0.0001660102804083216,0.00022455241621112886,0.5717,0.3389,0.264,0.221
PDXK,ENSG00000160209,-0.1836,0.0001666879601826489,0.00022542124441331924,0.5565,0.6321,0.255,0.397
NCKAP1,ENSG00000061676,0.6007,0.00016709781795403345,0.00022592759055290842,0.6895,0.4546,0.315,0.293
DRG1,ENSG00000185721,-0.6773,0.00016741836547350342,0.00022631299404020022,0.1418,0.2269,0.073,0.159
KPNB1,ENSG00000108424,-0.2302,0.0001676139826774441,0.00022652939147099982,0.4142,0.4859,0.203,0.316
MAPK8IP3,ENSG00000138834,1.4935,0.00017244595289358437,0.00023301037509465883,0.2977,0.1057,0.142,0.068
MT-ND3,ENSG00000198840,-0.4303,0.00017433704743038348,0.00023551571887448497,1.7508,2.3594,0.611,0.928
ZNF83,ENSG00000167766,1.6838,0.00017456632770973882,0.0002357754955825392,0.2791,0.0868,0.135,0.06
NR1D2,ENSG00000174738,-0.588,0.00017476979045649038,0.00023600029954673292,0.1497,0.225,0.068,0.155
CAND1,ENSG00000111530,-0.4588,0.00017484810472574011,0.00023605604989974442,0.2078,0.2856,0.104,0.195
RGP1,ENSG00000107185,-1.4101,0.00017488988582903899,0.00023606246499261564,0.0613,0.1631,0.035,0.116
UBAP1,ENSG00000165006,0.8026,0.00017737694965829005,0.00023936876673827246,0.5385,0.3087,0.25,0.199
NPC1,ENSG00000141458,0.4894,0.00017745106684514313,0.00023941810606090737,0.8182,0.5828,0.356,0.353
PCGF2,ENSG00000277258,-1.1396,0.00017997234991227003,0.00024276845761547219,0.0803,0.177,0.04,0.122
CDC42EP4,ENSG00000179604,-0.963,0.00018232620613315518,0.0002458915938436354,0.0978,0.1907,0.05,0.133
UBTF,ENSG00000108312,-0.8567,0.00018243487243470917,0.0002459861065506072,0.1106,0.2004,0.056,0.14
LONP1,ENSG00000196365,-0.5061,0.00018458530576051413,0.0002488285508884019,0.1919,0.2726,0.098,0.186
PSTPIP2,ENSG00000152229,2.3235,0.0001846210267768064,0.0002488285508884019,0.241,0.0481,0.109,0.032
GALNT2,ENSG00000143641,0.6968,0.00018484099149696816,0.00024907235696325765,0.6017,0.3711,0.279,0.239
CMTR2,ENSG00000180917,-1.8847,0.00018649859689261276,0.0002512528645795449,0.0379,0.1403,0.021,0.101
UBE2F,ENSG00000184182,-1.0721,0.00018790456733089631,0.0002530935171634194,0.0828,0.1742,0.041,0.123
ULK4,ENSG00000168038,2.1337,0.00018876134289518853,0.0002541938236072722,0.234,0.0532,0.113,0.036
NIPSNAP1,ENSG00000184117,-0.9479,0.0001907719525080926,0.0002568471377484879,0.0908,0.1752,0.042,0.124
MMP7,ENSG00000137673,-1.3663,0.00019132817551803193,0.0002575416213951549,0.0713,0.1839,0.036,0.117
ELMO3,ENSG00000102890,-1.5298,0.00019146462554361912,0.000257670886181248,0.0551,0.1592,0.03,0.11
NPEPPS,ENSG00000141279,0.6546,0.00019468031899938756,0.0002619432320854993,0.6563,0.4169,0.297,0.269
IL34,ENSG00000157368,-1.6638,0.00019657804894738262,0.00026444082338880864,0.0479,0.1519,0.023,0.103
PARAIL,ENSG00000251136,1.8466,0.0001993479527807,0.0002681103795310048,0.2502,0.0695,0.119,0.043
CPNE8,ENSG00000139117,1.5812,0.00020054157670661016,0.0002696588381153005,0.2969,0.0992,0.139,0.065
STIM1,ENSG00000167323,1.5969,0.0002014792300194569,0.0002708615577189073,0.2865,0.0946,0.139,0.065
THEM4,ENSG00000159445,-0.8563,0.00020152099894286702,0.0002708615577189073,0.1063,0.1926,0.053,0.135
SPART,ENSG00000133104,-0.3181,0.0002029459921667048,0.0002727193718513371,0.2557,0.3188,0.122,0.217
FIGN,ENSG00000182263,1.9853,0.0002038248264038271,0.0002738426276763747,0.2346,0.0592,0.116,0.039
ZMIZ1,ENSG00000108175,1.4179,0.00021045633869647655,0.0002826926167699195,0.3252,0.1216,0.155,0.085
METTL17,ENSG00000165792,-0.9918,0.00021079846743118,0.0002830925278857747,0.0935,0.1859,0.046,0.128
RRBP1,ENSG00000125844,-0.191,0.00021189679274455912,0.0002845075934596808,0.7366,0.8409,0.327,0.494
BCL10,ENSG00000142867,-1.5377,0.0002161463999392503,0.00029015230566702897,0.0525,0.1526,0.027,0.107
SLC44A1,ENSG00000070214,-0.2863,0.00021867128700807703,0.00029347988519505075,0.3102,0.3783,0.146,0.244
ZNF431,ENSG00000196705,1.6238,0.0002192293033546479,0.00029416687200292153,0.281,0.0911,0.136,0.063
ATRN,ENSG00000088812,1.3751,0.00022311390920902108,0.0002993163239073042,0.3502,0.135,0.162,0.093
CTDSPL2,ENSG00000137770,1.2781,0.0002238438715392997,0.0003002324176442322,0.348,0.1434,0.167,0.099
SAFB2,ENSG00000130254,-0.4043,0.000224605806566506,0.00030119100060190906,0.2125,0.2813,0.103,0.193
IFI35,ENSG00000068079,-1.7163,0.00022537017559059463,0.00030215244361515056,0.0434,0.1428,0.024,0.103
PTGFR,ENSG00000122420,1.2899,0.00022732687465051488,0.00030471169594134404,0.3266,0.1335,0.153,0.08
GLB1,ENSG00000170266,-0.543,0.00023046100658688452,0.0003088477857875528,0.1793,0.2613,0.092,0.178
PIP4K2C,ENSG00000166908,-1.6095,0.00023268444262920305,0.0003117619423625829,0.0469,0.1433,0.024,0.104
FNBP4,ENSG00000109920,0.6384,0.00024204671595397253,0.00032423782605727565,0.6568,0.4219,0.3,0.271
EYA3,ENSG00000158161,1.2319,0.0002428666474272901,0.00032526783137583494,0.3604,0.1534,0.169,0.101
E2F3,ENSG00000112242,2.3051,0.0002464318647203072,0.00032997335383153927,0.2164,0.0437,0.107,0.031
CIZ1,ENSG00000148337,-1.3584,0.0002470669445443569,0.0003307542569236193,0.064,0.1642,0.037,0.116
CCAR1,ENSG00000060339,0.8181,0.00024713198235073433,0.0003307718638433616,0.5424,0.3076,0.25,0.204
WAC-AS1,ENSG00000254635,-1.3005,0.0002511811580388425,0.0003361208821363604,0.0654,0.1613,0.035,0.114
WDFY2,ENSG00000139668,1.2444,0.00025169533378800106,0.00033673824824732564,0.3571,0.1507,0.168,0.101
ZNG1A,ENSG00000172785,-0.9191,0.00025457071313079847,0.00034051370042149394,0.1068,0.202,0.058,0.139
ENDOV,ENSG00000173818,-1.5942,0.000254838366642844,0.00034080020712148743,0.0483,0.1461,0.026,0.104
NIPA2,ENSG00000140157,-0.6879,0.00025705284937949785,0.00034368957944511303,0.139,0.224,0.074,0.157
HPCAL1,ENSG00000115756,-0.2041,0.00025754447949550646,0.0003442747026177089,0.6642,0.7652,0.306,0.462
BCKDHA,ENSG00000248098,-1.0862,0.0002593004875408464,0.00034654939372597395,0.0986,0.2095,0.053,0.132
BMI1,ENSG00000168283,-1.4213,0.0002627467054225224,0.00035108158605503674,0.057,0.1529,0.03,0.108
TSEN15,ENSG00000198860,-0.716,0.0002632217002028747,0.0003516425689005294,0.1375,0.2259,0.073,0.156
CPD,ENSG00000108582,0.9501,0.00026494452726754644,0.0003538699688520026,0.4788,0.2478,0.22,0.166
TCF20,ENSG00000100207,1.5102,0.00026757195773943895,0.00035730440523437857,0.2955,0.1037,0.142,0.071
ALDH7A1,ENSG00000164904,-0.6448,0.00026870322607298934,0.0003587399091550381,0.1329,0.2079,0.063,0.146
AP1M1,ENSG00000072958,-1.2838,0.00026991354465681725,0.0003602803281380255,0.0663,0.1616,0.036,0.115
CDKL2,ENSG00000138769,-0.2278,0.0002734281925515548,0.000364895274757413,0.3908,0.4576,0.182,0.292
IFNAR2,ENSG00000159110,1.6145,0.0002742956000480108,0.00036597623489034514,0.2926,0.0955,0.139,0.067
SESN3,ENSG00000149212,1.5309,0.00027622260904835815,0.0003684702098102706,0.3051,0.1055,0.144,0.074
MTERF4,ENSG00000122085,-0.7755,0.00027709429815616927,0.0003695556800722969,0.1252,0.2143,0.064,0.146
ZCCHC2,ENSG00000141664,1.6791,0.0002798466443286514,0.0003731483701307577,0.2878,0.0898,0.134,0.062
RYK,ENSG00000163785,0.9883,0.0002847549075197849,0.0003796136627851587,0.4654,0.2345,0.213,0.158
GPD2,ENSG00000115159,1.3715,0.0002850191541959136,0.00037988649550469355,0.3136,0.1212,0.153,0.083
C1RL,ENSG00000139178,0.7628,0.0002856642183077812,0.00038066667886958716,0.5573,0.3284,0.258,0.217
IL32,ENSG00000008517,-1.564,0.0002866094651730999,0.0003818464661397099,0.0616,0.1823,0.035,0.112
ABHD13,ENSG00000139826,-1.3385,0.0002867839089012995,0.0003819990428846185,0.0641,0.1623,0.035,0.113
ZDHHC6,ENSG00000023041,-1.1509,0.0002876409552276298,0.00038306059945187796,0.0748,0.1663,0.04,0.119
DAPK2,ENSG00000035664,0.7048,0.00028978149454871857,0.0003858306240075357,0.6074,0.3726,0.271,0.231
SNUPN,ENSG00000169371,-1.7149,0.00029029374183689314,0.00038643194909379695,0.044,0.1448,0.024,0.102
DYNC2H1,ENSG00000187240,1.2435,0.00029077316567918817,0.00038698933845612203,0.3448,0.1456,0.162,0.093
DRG2,ENSG00000108591,-1.3413,0.00029137981389451047,0.0003877157824206855,0.061,0.1548,0.032,0.11
RPS6KA1,ENSG00000117676,-0.6501,0.00029171735278472015,0.000388083915693362,0.1255,0.197,0.058,0.14
RB1,ENSG00000139687,1.2122,0.0002938905411631228,0.00039089342789795704,0.3657,0.1578,0.172,0.106
SRRT,ENSG00000087087,-1.0702,0.0002970048539612957,0.0003949532632464038,0.0864,0.1815,0.045,0.124
FXR1,ENSG00000114416,-0.1688,0.000297210992408903,0.0003951449586249753,0.4531,0.5093,0.212,0.327
ARL5B,ENSG00000165997,-0.6692,0.00029987702203218005,0.00039860634183802086,0.1381,0.2197,0.065,0.147
SPPL2A,ENSG00000138600,-0.2264,0.0003015448486623757,0.0004007397144512498,0.3398,0.3976,0.162,0.264
UNC45A,ENSG00000140553,-1.1684,0.000302041654498395,0.00040131628750047273,0.0751,0.1689,0.039,0.117
ST8SIA4,ENSG00000113532,1.7922,0.00030386106958792646,0.00040356548304646485,0.2555,0.0737,0.119,0.046
CDC25B,ENSG00000101224,-0.5513,0.0003037996727508595,0.00040356548304646485,0.1797,0.2634,0.091,0.174
HAS3,ENSG00000103044,-1.451,0.0003040190005276616,0.0004036911327564763,0.058,0.1587,0.03,0.108
IKBKG,ENSG00000269335,-1.6601,0.00030695462366650816,0.00040750431609204283,0.0455,0.144,0.024,0.102
SLC19A2,ENSG00000117479,-0.662,0.00031017600101033803,0.0004116951918469509,0.1451,0.2297,0.071,0.153
CABLES1,ENSG00000134508,1.1412,0.00031919875376182886,0.0004235828591239923,0.406,0.184,0.185,0.124
RMDN1,ENSG00000176623,-0.5154,0.0003200310727948457,0.0004245989779536194,0.1749,0.2501,0.086,0.171
ABHD12,ENSG00000100997,-0.4958,0.0003208608077100278,0.00042561124618215295,0.1748,0.2465,0.086,0.169
SMARCC2,ENSG00000139613,-0.7785,0.0003233063278063752,0.0004287659329656005,0.1175,0.2016,0.059,0.14
RIGI,ENSG00000107201,2.516,0.000325179943595486,0.00043116101090291665,0.2146,0.0374,0.1,0.025
SLC31A1,ENSG00000136868,-0.619,0.00032667863809076773,0.0004330580823099697,0.1376,0.2113,0.068,0.15
CRLF3,ENSG00000176390,1.5407,0.000326899302516624,0.0004332605100921992,0.2833,0.0973,0.136,0.065
ZHX1,ENSG00000165156,-0.7862,0.0003302355357856987,0.00043759125766656184,0.1082,0.1868,0.053,0.133
VPS37A,ENSG00000155975,-0.5959,0.0003326428117110784,0.0004406895105274574,0.1499,0.2266,0.074,0.157
FAM222B,ENSG00000173065,1.4649,0.00033306314089266183,0.00044115469004585897,0.2862,0.1036,0.141,0.07
P2RX4,ENSG00000135124,-0.6576,0.0003332495820346937,0.0004413099471273727,0.1324,0.2089,0.064,0.146
TEX261,ENSG00000144043,-1.431,0.00033540790197300645,0.00044407588267454125,0.0523,0.1411,0.026,0.103
LRRC23,ENSG00000010626,-0.2809,0.00033675745024243467,0.00044577008830887064,0.2914,0.354,0.136,0.23
CXXC5,ENSG00000171604,-1.2303,0.000338034533339161,0.0004473676873649888,0.0663,0.1557,0.033,0.111
SYTL2,ENSG00000137501,2.0661,0.00034463620253006704,0.00045600991928791565,0.2148,0.0512,0.108,0.034
KITLG,ENSG00000049130,0.9742,0.0003465309674273667,0.0004584218546066534,0.4369,0.2223,0.204,0.147
SH2D4A,ENSG00000104611,-0.508,0.00034956886979217716,0.0004623447188641347,0.1774,0.2523,0.089,0.172
NFKB2,ENSG00000077150,-1.3135,0.0003497089106736353,0.00046243399824609526,0.0624,0.1552,0.03,0.107
SPATS2,ENSG00000123352,1.2326,0.0003529140974034113,0.0004665755642776332,0.3943,0.1677,0.176,0.115
PRDM5,ENSG00000138738,1.4989,0.0003533987539614818,0.00046711943945769153,0.2899,0.1025,0.137,0.067
MON1B,ENSG00000103111,-1.2651,0.0003538536847647513,0.0004676238060479456,0.0658,0.1583,0.035,0.112
HMGCS1,ENSG00000112972,-0.1863,0.0003561263893860009,0.00047052968545818774,0.8661,0.9855,0.332,0.531
HAT1,ENSG00000128708,-0.875,0.000357344413447165,0.00047204115949558165,0.1006,0.1847,0.049,0.128
SOBP,ENSG00000112320,1.3533,0.0003590941373797832,0.0004742542212132003,0.3132,0.1225,0.149,0.08
PPIL3,ENSG00000240344,-1.276,0.0003614602042914275,0.00047728019932846943,0.0628,0.1521,0.031,0.108
PLIN3,ENSG00000105355,-1.2827,0.0003677485368938171,0.0004854828997096881,0.0651,0.1585,0.037,0.114
TIMP2,ENSG00000035862,-1.3298,0.00037006764567002544,0.0004884433211483255,0.0596,0.1499,0.026,0.103
DELE1,ENSG00000081791,-0.7397,0.00037166896347226515,0.0004904553181816788,0.1337,0.2233,0.074,0.154
MRPL39,ENSG00000154719,-1.5355,0.0003748163192435604,0.0004945062158894242,0.0481,0.1397,0.026,0.102
GTF2H1,ENSG00000110768,-1.2273,0.0003767316893220872,0.0004969303785285135,0.0684,0.1603,0.037,0.114
ST3GAL1,ENSG00000008513,0.7856,0.0003787963321134119,0.0004995503966121227,0.5221,0.3028,0.243,0.197
LHPP,ENSG00000107902,-0.9535,0.00037907673083282443,0.0004998167857413145,0.0905,0.1753,0.044,0.122
MTAP,ENSG00000099810,1.3727,0.00038444130707240376,0.0005067852217920955,0.3144,0.1213,0.153,0.085
PXN,ENSG00000089159,-0.6003,0.0003847256092844849,0.0005070224155316834,0.1411,0.2139,0.068,0.149
EXOSC3,ENSG00000107371,-1.2752,0.0003847803053085936,0.0005070224155316834,0.063,0.1526,0.033,0.111
CERS6,ENSG00000172292,1.6647,0.00038847809519108536,0.0005117891830632712,0.268,0.0845,0.128,0.057
FOXP4,ENSG00000137166,-0.705,0.00039128570352993245,0.0005153814793395289,0.1261,0.2056,0.06,0.14
LIMK2,ENSG00000182541,1.4628,0.00039492975491243077,0.0005200737838394436,0.2946,0.1068,0.144,0.075
SCML1,ENSG00000047634,-0.5835,0.00039767934535983596,0.0005235526476116315,0.1464,0.2194,0.071,0.152
LRSAM1,ENSG00000148356,2.0851,0.00039773576037382453,0.0005235526476116315,0.2223,0.0523,0.107,0.033
RIT1,ENSG00000143622,-1.0126,0.0003979502056267559,0.0005237267879584164,0.0841,0.1698,0.042,0.12
DNAAF2,ENSG00000165506,-1.6019,0.0004006115009242346,0.0005271203959529402,0.0473,0.1437,0.026,0.101
OSTM1,ENSG00000081087,-1.0555,0.000406916724802719,0.0005353062568339524,0.0829,0.1725,0.046,0.123
MANSC1,ENSG00000111261,-1.6087,0.0004072857416166097,0.0005356811641852459,0.0449,0.1373,0.024,0.1
CPEB4,ENSG00000113742,0.7733,0.00040871863635866306,0.0005374548900137123,0.5404,0.3162,0.25,0.206
TTC7A,ENSG00000068724,1.4451,0.0004115985632303741,0.0005411303032777139,0.2788,0.1023,0.139,0.069
RAB22A,ENSG00000124209,-0.399,0.00041568347901446435,0.0005463880780860228,0.1994,0.2629,0.098,0.182
OTUD7B,ENSG00000264522,1.2754,0.0004204594225520089,0.0005525518076209146,0.3604,0.1488,0.166,0.102
PELI2,ENSG00000139946,1.2628,0.00042071501839631046,0.0005527737514996866,0.3442,0.1434,0.157,0.09
SENP7,ENSG00000138468,1.5015,0.0004213397576426438,0.0005534805182303429,0.3034,0.1071,0.14,0.071
MANBA,ENSG00000109323,0.9567,0.0004263448679082321,0.0005599399532169303,0.4489,0.2313,0.208,0.153
DNAJC10,ENSG00000077232,-0.4371,0.0004281907203386616,0.0005622483711964918,0.1933,0.2618,0.096,0.179
ZNF219,ENSG00000165804,-1.2139,0.0004322278894701813,0.000567432618486904,0.0674,0.1566,0.033,0.11
UHMK1,ENSG00000152332,-0.335,0.0004359562341465743,0.0005722093870052319,0.2468,0.3113,0.125,0.213
SCFD1,ENSG00000092108,0.8753,0.0004377791913769298,0.0005744838091864815,0.4891,0.2666,0.228,0.18
CASC3,ENSG00000108349,-0.4908,0.0004396340419867498,0.0005767991392602448,0.1709,0.2402,0.083,0.166
PAFAH1B2,ENSG00000168092,-0.4405,0.0004450922772426184,0.0005838401784818298,0.1969,0.2673,0.099,0.183
VPS37B,ENSG00000139722,-0.2868,0.00044697602983694804,0.0005861905349126813,0.3035,0.3703,0.148,0.238
RYBP,ENSG00000163602,-0.3685,0.00045132423836413596,0.000591771291561367,0.2568,0.3316,0.13,0.217
CSNK2A2,ENSG00000070770,-0.5892,0.00046039797477951815,0.0006035445381902999,0.1483,0.2231,0.076,0.156
LACTB,ENSG00000103642,-1.031,0.0004623810615701681,0.0006060195862479074,0.0761,0.1556,0.035,0.112
ANKRD9,ENSG00000156381,-1.314,0.00046352526783428416,0.0006073943643255008,0.061,0.1517,0.033,0.109
ERLIN2,ENSG00000147475,-1.5421,0.00046593932139889725,0.0006104322182322175,0.0494,0.1441,0.027,0.102
MAPKAP1,ENSG00000119487,0.8728,0.00046718352390020894,0.0006119365039785971,0.4711,0.2572,0.225,0.174
SIAE,ENSG00000110013,-0.3563,0.0004855151575685542,0.0006358174054025335,0.2333,0.2987,0.114,0.202
CTPS2,ENSG00000047230,1.9774,0.00048575988009321586,0.0006360072367209388,0.231,0.0586,0.112,0.04
AGGF1,ENSG00000164252,-0.6151,0.0004874488748770333,0.0006380875928831801,0.1347,0.2064,0.065,0.145
PALS2,ENSG00000105926,1.8291,0.0004929208615519705,0.000645118146662659,0.2579,0.0725,0.121,0.051
CNOT2,ENSG00000111596,0.7528,0.0004946123160667537,0.0006471989973164111,0.5403,0.3206,0.254,0.214
MAFG,ENSG00000197063,-0.9142,0.0004956228568702764,0.0006483882028623049,0.0947,0.1785,0.051,0.128
TNFRSF14,ENSG00000157873,-0.7309,0.0005022735143656951,0.000656901774051527,0.1096,0.1819,0.049,0.126
ZNF518A,ENSG00000177853,1.314,0.0005023366507452853,0.000656901774051527,0.3273,0.1316,0.154,0.089
ARHGAP31,ENSG00000031081,0.9476,0.0005062090577946355,0.0006618299309763743,0.4376,0.2268,0.204,0.148
ABCB8,ENSG00000197150,-1.4312,0.0005077020262460048,0.0006636457693906664,0.053,0.1432,0.026,0.101
GRB10,ENSG00000106070,1.6796,0.0005082407827088036,0.000664213815040718,0.2525,0.0788,0.123,0.053
HDHD3,ENSG00000119431,-1.1843,0.0005095189115287652,0.0006657477067013482,0.0717,0.1631,0.039,0.114
ROCK1,ENSG00000067900,0.649,0.0005110352344934237,0.0006675921352245032,0.627,0.3998,0.288,0.261
RPH3AL,ENSG00000181031,0.8288,0.0005147834531232782,0.0006723508530343983,0.513,0.2887,0.236,0.191
TUSC3,ENSG00000104723,-1.1723,0.0005225460921415093,0.0006823497208935113,0.0756,0.1706,0.04,0.115
CCDC30,ENSG00000186409,2.0741,0.0005306908549786132,0.0006928433750744745,0.2198,0.0521,0.105,0.034
ARFGEF3,ENSG00000112379,-0.161,0.0005315554348607508,0.0006938300362893706,0.6346,0.7095,0.281,0.416
VPS50,ENSG00000004766,1.6693,0.0005326139260249718,0.0006950693507490676,0.2536,0.0797,0.123,0.053
ST7,ENSG00000004866,-0.2537,0.0005328732963060162,0.0006952655063345995,0.2953,0.3521,0.14,0.233
BRD10,ENSG00000183354,0.9939,0.0005352650311983403,0.0006982432113544954,0.4391,0.2204,0.203,0.149
PAPSS2,ENSG00000198682,-0.3521,0.0005381453235226317,0.0007018568816400936,0.2457,0.3136,0.119,0.206
NINL,ENSG00000101004,1.403,0.0005390137214880544,0.0007028456687433722,0.3018,0.1141,0.142,0.075
TAOK2,ENSG00000149930,-0.7222,0.0005405891434264035,0.000704611692771074,0.1236,0.2039,0.063,0.14
EIF2B4,ENSG00000115211,-1.281,0.0005405140261582807,0.000704611692771074,0.0618,0.1502,0.032,0.107
MXRA7,ENSG00000182534,-1.4225,0.0005431866530590526,0.000707852598784027,0.057,0.1529,0.031,0.106
RNF180,ENSG00000164197,1.4246,0.0005485764968703922,0.0007147302610972308,0.2955,0.11,0.14,0.073
SLC2A3,ENSG00000059804,-0.2894,0.0005656573528912231,0.0007368340058605533,0.253,0.3092,0.105,0.192
MTMR14,ENSG00000163719,-1.0105,0.0005691387237575431,0.0007412174390100791,0.0787,0.1587,0.037,0.113
CEP170,ENSG00000143702,0.9842,0.0005721092103438387,0.0007449338676352067,0.4095,0.2069,0.195,0.137
KDM7A,ENSG00000006459,1.2371,0.0005748554388148393,0.0007483568352960179,0.341,0.1446,0.16,0.097
KLHDC10,ENSG00000128607,0.9464,0.0005774701286904358,0.0007516072009803039,0.4177,0.2167,0.202,0.147
FRS2,ENSG00000166225,1.2079,0.0005952959284299716,0.0007746502436703549,0.3389,0.1467,0.162,0.098
SPINK5,ENSG00000133710,-0.7896,0.0005992526571387518,0.0007796399365835802,0.1427,0.2468,0.076,0.152
KCTD1,ENSG00000134504,1.933,0.0006081611290330186,0.0007910685977526003,0.2431,0.0636,0.112,0.042
CCDC186,ENSG00000165813,-0.1885,0.0006085133084560819,0.0007913652267253207,0.413,0.4707,0.199,0.305
SMAP1,ENSG00000112305,-0.1433,0.0006222944895608351,0.0008091224497145266,0.409,0.4518,0.189,0.294
TP53BP1,ENSG00000067369,1.3609,0.0006258150021420152,0.0008135339801499485,0.2998,0.1167,0.145,0.079
SNX24,ENSG00000064652,1.0008,0.0006261852982555232,0.0008138493937571784,0.4302,0.2149,0.2,0.147
NHSL3,ENSG00000162522,-0.2579,0.0006288176737090543,0.0008171040908877336,0.2623,0.3137,0.125,0.213
SLC35A1,ENSG00000164414,-0.3769,0.0006297868981230033,0.0008181967547450879,0.2194,0.285,0.109,0.192
MAN1B1,ENSG00000177239,-1.2997,0.0006351250642886087,0.000824963790717172,0.0587,0.1447,0.028,0.102
CCDC82,ENSG00000149231,-1.122,0.0006385375820997667,0.0008292273550389107,0.0722,0.1573,0.037,0.112
WDR44,ENSG00000131725,1.6868,0.0006390114265290649,0.0008296736953406901,0.2592,0.0804,0.122,0.053
CLPX,ENSG00000166855,-0.454,0.000640417330985853,0.0008313297668570175,0.1874,0.2568,0.096,0.177
GSTCD,ENSG00000138780,1.8756,0.0006516076632942643,0.0008456838056801576,0.2165,0.0589,0.109,0.039
FAM184A,ENSG00000111879,0.5174,0.0006525737132475808,0.0008467651988506671,0.7442,0.5198,0.322,0.316
NECAP2,ENSG00000157191,-1.1713,0.0006536307348063993,0.0008479641706126976,0.064,0.1442,0.031,0.105
TRAP1,ENSG00000126602,-0.6981,0.0006551024600232793,0.0008497005458084243,0.1198,0.1944,0.06,0.137
CHFR,ENSG00000072609,1.6238,0.0006570275161842374,0.0008520240878101125,0.2555,0.0828,0.126,0.058
HCFC1,ENSG00000172534,-0.8554,0.0006592107860646944,0.0008546814645439143,0.0974,0.1763,0.049,0.124
INPP5K,ENSG00000132376,-1.2978,0.0006614642486250815,0.0008574287484719184,0.0595,0.1464,0.031,0.105
PPRC1,ENSG00000148840,-1.3121,0.0006670790311611265,0.0008645311696792399,0.0607,0.1508,0.031,0.104
PEX19,ENSG00000162735,-1.4653,0.0006749606277645749,0.0008745678865851961,0.05,0.1383,0.027,0.1
METAP1,ENSG00000164024,-0.6783,0.0006756074532221293,0.0008751221310613008,0.1287,0.206,0.068,0.144
SLC7A6OS,ENSG00000103061,1.686,0.0006756629222092114,0.0008751221310613008,0.2304,0.0715,0.117,0.047
MAST2,ENSG00000086015,2.0989,0.0006758108602070555,0.0008751359402437496,0.2202,0.0513,0.104,0.034
TNKS1BP1,ENSG00000149115,-0.2317,0.0006772548345994268,0.0008768276950794772,0.2928,0.3438,0.137,0.228
MBTPS1,ENSG00000140943,-0.2593,0.0006805421911595414,0.0008809048667293557,0.2822,0.3377,0.137,0.226
LCLAT1,ENSG00000172954,1.6985,0.0006850420476994069,0.0008865495440689645,0.2382,0.0733,0.118,0.049
HOOK3,ENSG00000168172,0.5788,0.0006861103656280718,0.0008877518938256461,0.6554,0.4388,0.299,0.278
SETD3,ENSG00000183576,-0.1921,0.0006879225399566739,0.0008899160292661924,0.3438,0.3927,0.167,0.263
MRPS9,ENSG00000135972,-0.8158,0.0006890703533593407,0.0008912200248865484,0.1111,0.1956,0.062,0.137
MTR,ENSG00000116984,1.1213,0.0006906066853503568,0.0008930258862289097,0.3582,0.1646,0.173,0.113
LYRM4,ENSG00000214113,-0.4225,0.0007026000764290585,0.0009083503320290503,0.1851,0.2481,0.09,0.17
MAP4K5,ENSG00000012983,1.0518,0.0007101636738774829,0.0009177566229412028,0.4113,0.1983,0.19,0.135
RAB11FIP3,ENSG00000090565,1.8086,0.0007101443077978425,0.0009177566229412028,0.231,0.0659,0.114,0.045
CLIC6,ENSG00000159212,1.4252,0.0007229937971082619,0.0009341478428385021,0.3187,0.1186,0.142,0.078
DPY19L1,ENSG00000173852,1.0552,0.0007231907339089423,0.0009342129541376913,0.3663,0.1762,0.177,0.116
NELFB,ENSG00000188986,-0.9834,0.000724481902693584,0.0009356912742446511,0.0854,0.1689,0.046,0.12
BSPRY,ENSG00000119411,-1.1665,0.0007412918093650358,0.0009572078761802922,0.0708,0.159,0.041,0.115
API5,ENSG00000166181,-0.4432,0.0007418563123058558,0.0009577428090218369,0.1797,0.2444,0.09,0.17
DIP2A,ENSG00000160305,1.3296,0.0007434410660550848,0.0009595944110348584,0.3103,0.1234,0.148,0.083
KIAA2013,ENSG00000116685,-1.1761,0.0007445532755994737,0.0009608354518110617,0.0702,0.1587,0.04,0.113
B3GNT2,ENSG00000170340,-1.247,0.0007484480225798466,0.0009656660886351998,0.065,0.1544,0.035,0.108
GK,ENSG00000198814,-0.4538,0.000749424661238269,0.0009667305170768848,0.1827,0.2503,0.083,0.164
MSANTD2,ENSG00000120458,1.794,0.0007510754230511171,0.0009686639332289847,0.2337,0.0673,0.114,0.046
ESRP2,ENSG00000103067,-1.0745,0.000752535382197128,0.0009703505383306414,0.0737,0.1552,0.036,0.11
TOPORS,ENSG00000197579,-0.9338,0.0007584736636910007,0.0009777182783079102,0.0826,0.1579,0.039,0.113
YES1,ENSG00000176105,-0.3571,0.0007585560163938704,0.0009777182783079102,0.2072,0.2654,0.1,0.182
C1orf52,ENSG00000162642,-0.6029,0.0007717771400742744,0.0009945581701988073,0.1333,0.2025,0.065,0.142
EPB41L1,ENSG00000088367,1.0875,0.0007750054087092041,0.0009985164673648296,0.3944,0.1855,0.181,0.124
KCNQ1OT1,ENSG00000269821,0.5554,0.0007793011197417429,0.0010038481790975169,0.6706,0.4563,0.293,0.263
ZXDC,ENSG00000070476,1.2771,0.0007815525050024599,0.0010065448928061984,0.3187,0.1314,0.151,0.088
ARMC9,ENSG00000135931,-0.1982,0.0007925785336009317,0.0010205389116756088,0.4805,0.5512,0.231,0.34
TOX3,ENSG00000103460,1.8147,0.0007965335674553354,0.001025424372481374,0.2361,0.0671,0.114,0.047
C1S,ENSG00000182326,-0.7253,0.0008025655580443559,0.0010329811089305006,0.1333,0.2204,0.072,0.148
BLCAP,ENSG00000166619,-0.4104,0.0008048031150804868,0.001035651969850243,0.1953,0.2596,0.099,0.179
RSRC1,ENSG00000174891,0.9704,0.0008133169974092399,0.0010461856050209652,0.4154,0.212,0.195,0.14
DAG1,ENSG00000173402,-0.6329,0.0008132291403321239,0.0010461856050209652,0.142,0.2202,0.077,0.153
ERCC6L2,ENSG00000182150,1.4279,0.0008174341592866996,0.0010512694705371616,0.2865,0.1064,0.136,0.071
GFM1,ENSG00000168827,-0.7702,0.0008215041375877617,0.0010562906166038688,0.1068,0.1823,0.054,0.129
LIN7C,ENSG00000148943,-1.333,0.0008253590759284645,0.0010610332948263685,0.0592,0.1492,0.036,0.108
SNX14,ENSG00000135317,0.8181,0.0008277225058278674,0.001063857051341261,0.4941,0.2802,0.23,0.185
ZFR,ENSG00000056097,0.758,0.0008310104842699003,0.0010678677357832322,0.539,0.3187,0.249,0.211
WNT7B,ENSG00000188064,-0.992,0.0008318399771256227,0.0010687182293784452,0.0824,0.1639,0.04,0.113
CSF3R,ENSG00000119535,-0.2182,0.0008375212432005032,0.0010758005088461026,0.8694,1.0113,0.38,0.567
MAP3K13,ENSG00000073803,0.3086,0.000850856706063541,0.0010927098108692735,0.9353,0.7552,0.404,0.454
LINC00662,ENSG00000261824,1.7538,0.0008514753307028736,0.0010932840348903967,0.2521,0.0747,0.119,0.053
VPS26B,ENSG00000151502,-1.2847,0.0008592434148455159,0.001103035998719324,0.0613,0.1495,0.036,0.108
RTCA,ENSG00000137996,-0.7614,0.0008598214348696857,0.0011035557977238267,0.1063,0.1803,0.054,0.128
AP3D1,ENSG00000065000,-0.1566,0.0008714695341118734,0.001118280652166504,0.36,0.4013,0.171,0.267
DALRD3,ENSG00000178149,-1.0152,0.0008853052185636305,0.00113580615180985,0.0766,0.155,0.036,0.109
ZNF639,ENSG00000121864,-1.2012,0.000895902401961366,0.0011491705860168426,0.0641,0.1476,0.032,0.104
LRCH4,ENSG00000077454,-0.8998,0.0008966234638225611,0.0011498641283180099,0.0917,0.1713,0.047,0.121
DVL3,ENSG00000161202,-0.9514,0.0009087693215781642,0.0011652060388296051,0.0877,0.1696,0.045,0.118
FAM219B,ENSG00000178761,-0.9691,0.0009100605133177534,0.0011666269399558974,0.0862,0.1689,0.046,0.119
FERMT2,ENSG00000073712,-0.3236,0.0009148502701440192,0.0011725312569698678,0.2435,0.3048,0.119,0.202
RAB3IP,ENSG00000127328,-0.1751,0.0009196510706516982,0.0011784473518401159,0.359,0.4053,0.167,0.265
CYBC1,ENSG00000178927,-1.2242,0.0009200326938346261,0.001178699441960559,0.0611,0.1429,0.032,0.104
SMG7,ENSG00000116698,1.047,0.0009264560297669363,0.0011866902129323326,0.4021,0.1946,0.187,0.132
CES2,ENSG00000172831,-1.0916,0.0009360063267720943,0.001198682268616332,0.0734,0.1566,0.041,0.113
SDAD1,ENSG00000198301,-0.5744,0.0009365193972151567,0.0011990984449179803,0.1466,0.2184,0.077,0.153
LPIN1,ENSG00000134324,0.8465,0.0009396535177842222,0.0012028697140310074,0.5023,0.2793,0.23,0.187
CCZ1,ENSG00000122674,-1.139,0.0009479490257743525,0.001213245340154888,0.0652,0.1436,0.032,0.104
ADAM9,ENSG00000168615,0.8601,0.0009495325676387571,0.001215028124989377,0.496,0.2732,0.228,0.186
RAD9A,ENSG00000172613,1.3114,0.0009508900255790982,0.0012165209538564624,0.3131,0.1261,0.146,0.083
EHD4,ENSG00000103966,-0.5101,0.0009515757801166046,0.0012171540124886345,0.1483,0.2113,0.072,0.148
TLK1,ENSG00000198586,0.833,0.0009573976650596393,0.0012243550882156872,0.4672,0.2622,0.221,0.173
XRRA1,ENSG00000166435,1.3529,0.0009606348922324842,0.001228248583630583,0.2881,0.1127,0.139,0.074
RLF,ENSG00000117000,1.1324,0.0009670366209950664,0.0012361857747831457,0.3253,0.1483,0.159,0.097
CDC73,ENSG00000134371,0.9099,0.0009691017726632621,0.0012385773457755204,0.45,0.2395,0.211,0.16
NVL,ENSG00000143748,1.251,0.0009729849444748881,0.0012432910445033898,0.3042,0.1278,0.149,0.086
NFE2L1,ENSG00000082641,-0.3092,0.0009747630478325874,0.001245313513012574,0.2287,0.2834,0.113,0.194
MIA3,ENSG00000154305,-0.5051,0.0009794367410567567,0.001251033705517296,0.1704,0.2418,0.089,0.165
RUNX2,ENSG00000124813,2.0935,0.0009860331586233407,0.0012592070084582925,0.2131,0.0499,0.101,0.034
SLC35D2,ENSG00000130958,-1.3034,0.0009992432312446319,0.0012758212696143659,0.0583,0.144,0.032,0.103
IL6R,ENSG00000160712,-0.1958,0.001002491260186569,0.001279712011151257,0.3497,0.4006,0.166,0.259
GSE1,ENSG00000131149,0.7541,0.0010030246554663597,0.0012801365722919006,0.5491,0.3255,0.252,0.216
TAB2,ENSG00000055208,1.0565,0.0010054816593568876,0.0012830155281025137,0.4066,0.1954,0.186,0.132
FAM111A,ENSG00000166801,-0.5466,0.001010654140412789,0.0012893576436124735,0.1518,0.2217,0.076,0.152
FEM1B,ENSG00000169018,-0.7742,0.0010143676884571665,0.0012935775182865445,0.1054,0.1802,0.054,0.127
ST3GAL6,ENSG00000064225,0.9409,0.0010143676884571665,0.0012935775182865445,0.416,0.2166,0.193,0.138
BCKDHB,ENSG00000083123,1.0389,0.0010153924751653083,0.0012946254058357682,0.3813,0.1855,0.182,0.126
CYTH1,ENSG00000108669,0.7857,0.001033372384756559,0.001317286333297953,0.5052,0.293,0.235,0.192
TIAL1,ENSG00000151923,-0.1545,0.0010635395458774978,0.0013554707327007294,0.3191,0.3552,0.151,0.241
ARHGAP1,ENSG00000175220,-0.7235,0.001068110930940508,0.0013610248220559142,0.1144,0.189,0.059,0.132
TCTN1,ENSG00000204852,-1.2895,0.0010729985867950723,0.0013669796144721393,0.0595,0.1455,0.03,0.101
KIAA0319L,ENSG00000142687,0.628,0.0010784630846838795,0.0013736667662057405,0.6023,0.3897,0.279,0.251
CLIP1,ENSG00000130779,0.5984,0.0010819486804548263,0.0013778311701756927,0.6572,0.434,0.294,0.279
GPATCH2,ENSG00000092978,1.0688,0.001090016654878313,0.0013878282753843109,0.364,0.1735,0.173,0.115
OGFR,ENSG00000060491,-0.9007,0.001106334385577466,0.0014083230247716346,0.0923,0.1724,0.049,0.121
MCCC2,ENSG00000131844,-0.4234,0.0011126748789306248,0.0014161114699905637,0.1895,0.2541,0.096,0.175
FBXO25,ENSG00000147364,-0.5333,0.0011160859025882133,0.0014201691874251216,0.1487,0.2153,0.076,0.151
DHX9,ENSG00000135829,-0.1869,0.0011207031661776003,0.0014257598651730597,0.3256,0.3707,0.157,0.246
RPP38,ENSG00000152464,-0.7479,0.0011313765552005066,0.0014390513845577075,0.1081,0.1817,0.054,0.127
OXR1,ENSG00000164830,0.8836,0.0011351396227500896,0.0014435497895535251,0.4492,0.2434,0.212,0.164
SLC38A9,ENSG00000177058,1.9303,0.001138674253858576,0.001447755956990112,0.2098,0.055,0.104,0.037
NOPCHAP1,ENSG00000151131,-0.753,0.0011440254080940203,0.0014542695865601954,0.1105,0.1862,0.055,0.128
PICK1,ENSG00000100151,-1.0914,0.001155086255456076,0.0014680372564857425,0.0701,0.1495,0.036,0.107
PAQR5,ENSG00000137819,-0.7158,0.0011605239105631502,0.0014746541618178358,0.1176,0.1933,0.058,0.13
TBCEL,ENSG00000154114,1.2995,0.001168210165890678,0.0014841251111106164,0.301,0.1222,0.144,0.082
RNF40,ENSG00000103549,-0.8558,0.001176298885166263,0.0014941034853426832,0.0895,0.162,0.044,0.116
DENND2D,ENSG00000162777,-0.7697,0.001191520810355247,0.0015131364872539243,0.1029,0.1755,0.05,0.123
POGZ,ENSG00000143442,0.8438,0.001199522417750793,0.001522691241171108,0.5082,0.2831,0.23,0.188
ABHD3,ENSG00000158201,1.3698,0.0011994909421756139,0.001522691241171108,0.3026,0.117,0.145,0.084
USP53,ENSG00000145390,0.6668,0.0012125236751624818,0.0015388887973642885,0.5719,0.3602,0.263,0.233
SEH1L,ENSG00000085415,-0.8761,0.0012196162563385717,0.0015475823316398077,0.0917,0.1685,0.049,0.12
CCDC93,ENSG00000125633,1.3541,0.0012236336739568524,0.0015523710789004843,0.2938,0.1149,0.141,0.08
NFYB,ENSG00000120837,-1.2748,0.0012439698264219562,0.0015778566739832812,0.0584,0.1414,0.031,0.101
HMGXB4,ENSG00000100281,-0.5906,0.0012641550510602952,0.0016031407301590175,0.1245,0.1876,0.06,0.133
SPOP,ENSG00000121067,-0.1898,0.0012900011076724042,0.0016355920965416821,0.3283,0.3745,0.16,0.251
XPO4,ENSG00000132953,1.306,0.0013057760087208867,0.0016552638806115834,0.2807,0.1135,0.139,0.076
RAB27A,ENSG00000069974,0.321,0.0013065421590875124,0.0016559058179290043,0.8994,0.72,0.395,0.435
DYNC1H1,ENSG00000197102,-0.1332,0.0013070701928743064,0.0016562457721275498,0.4379,0.4803,0.207,0.308
SLC7A8,ENSG00000092068,-0.5944,0.0013080075117097311,0.0016571041111187472,0.1365,0.2062,0.069,0.142
PRRC1,ENSG00000164244,-0.4869,0.0013269710172697346,0.0016807948013301327,0.1595,0.2235,0.083,0.158
EFNB2,ENSG00000125266,-0.689,0.0013288380084107247,0.0016828252490302684,0.1246,0.2009,0.065,0.137
SLC25A25,ENSG00000148339,-0.7024,0.00134701095354845,0.0017055004625365182,0.1142,0.1859,0.055,0.127
SMAD2,ENSG00000175387,0.5367,0.0013662290556136752,0.0017294897199239831,0.6729,0.4639,0.307,0.297
IL10RB,ENSG00000243646,-0.8713,0.0013675784200437452,0.0017308541647367234,0.0852,0.1559,0.042,0.113
GALK2,ENSG00000156958,1.0699,0.0013743436994320076,0.0017390712750851626,0.3451,0.1643,0.168,0.111
ANO10,ENSG00000160746,1.2167,0.0013908147419267685,0.001759564195233806,0.316,0.1359,0.149,0.089
KLHL24,ENSG00000114796,0.4585,0.0013969611843442245,0.001766989593292546,0.7361,0.5357,0.335,0.333
DNAJC2,ENSG00000105821,-0.4848,0.0014553910215722456,0.0018405311966917409,0.1515,0.212,0.074,0.148
STX8,ENSG00000170310,0.8361,0.0014616300508384444,0.0018480546557110439,0.4592,0.2572,0.217,0.173
ADD3,ENSG00000148700,-0.4047,0.0014653550009524794,0.0018523970119119681,0.1785,0.2363,0.085,0.16
NOP14,ENSG00000087269,-1.036,0.001472336727836788,0.0018608538144249652,0.0783,0.1607,0.044,0.113
RND1,ENSG00000172602,-0.4302,0.0014749437240327364,0.0018637792350265003,0.229,0.3086,0.104,0.18
MBP,ENSG00000197971,-0.1518,0.00147778389863474,0.0018669980883465056,0.3609,0.401,0.169,0.263
TBL1X,ENSG00000101849,1.637,0.0014791199480252918,0.0018683157655362069,0.2452,0.0788,0.118,0.054
RBM27,ENSG00000091009,1.5183,0.0014834602261584063,0.0018734268902059904,0.26,0.0907,0.127,0.065
MGA,ENSG00000174197,1.2615,0.0014925610462426812,0.0018845467755589408,0.3009,0.1255,0.146,0.086
PYROXD1,ENSG00000121350,-0.8295,0.0014981157524819857,0.0018911857271431008,0.0958,0.1704,0.05,0.12
INSR,ENSG00000171105,0.7142,0.0015064058535237774,0.0019012744637129442,0.5571,0.3396,0.252,0.217
TSPAN9,ENSG00000011105,1.8157,0.001507571388852366,0.0019023688843891196,0.2257,0.064,0.109,0.045
RNASEH1,ENSG00000171865,-1.0147,0.00150920453402585,0.0019040528209805648,0.077,0.1558,0.045,0.114
ARMC1,ENSG00000104442,-0.6731,0.0015116962703570285,0.0019068190984420374,0.1093,0.1743,0.053,0.124
TMEM263,ENSG00000151135,-0.5616,0.0015198989232450115,0.0019167864759024624,0.1426,0.2105,0.073,0.146
CTDSPL,ENSG00000144677,0.9048,0.0015302098902287109,0.0019294082377784875,0.4025,0.2149,0.198,0.148
PPP4R1,ENSG00000154845,0.627,0.0015339770739796457,0.0019337757260471113,0.6107,0.3954,0.276,0.25
RXRA,ENSG00000186350,-0.3971,0.0015463441414343066,0.0019487206938377329,0.1775,0.2338,0.089,0.163
CCDC144A,ENSG00000170160,1.8925,0.0015464436062941319,0.0019487206938377329,0.2041,0.0549,0.1,0.035
DMTF1,ENSG00000135164,1.0733,0.0015601060678397892,0.001965548652663766,0.365,0.1734,0.169,0.114
KIDINS220,ENSG00000134313,0.4746,0.001575720458013577,0.001984828674142769,0.7347,0.5287,0.329,0.323
BTBD7,ENSG00000011114,0.9512,0.001579083614767335,0.001988672075097147,0.4354,0.2251,0.2,0.153
MSL1,ENSG00000188895,-0.4173,0.001582494019138758,0.0019925734489452066,0.1769,0.2363,0.089,0.163
IRAK3,ENSG00000090376,1.5347,0.0015828801461605102,0.0019926660607767085,0.2907,0.1003,0.126,0.064
UBE3D,ENSG00000118420,2.0093,0.0015972484648527777,0.002010357149740663,0.2114,0.0524,0.1,0.035
SGK3,ENSG00000104205,1.2344,0.0016195450469176542,0.002038018095953424,0.3384,0.1438,0.155,0.098
NSUN6,ENSG00000241058,1.2588,0.0016211441184267967,0.0020396277392877105,0.3256,0.136,0.149,0.09
TNPO1,ENSG00000083312,0.8958,0.0016249919850051225,0.0020440654902146123,0.4548,0.2444,0.209,0.165
CALCOCO1,ENSG00000012822,-0.3266,0.0016255750966374172,0.002044395589083357,0.2345,0.2941,0.113,0.192
PEX14,ENSG00000142655,1.3683,0.001634303047443305,0.0020549668495958716,0.2674,0.1035,0.132,0.07
TRIP10,ENSG00000125733,-0.5424,0.0016360621853071366,0.002056773108131137,0.1409,0.2053,0.068,0.141
ATF1,ENSG00000123268,-0.4521,0.0016435579782815312,0.0020657890598471534,0.1638,0.2241,0.082,0.155
MTF2,ENSG00000143033,1.091,0.0016573081889832194,0.0020826610890534248,0.3765,0.1767,0.176,0.124
SKA2,ENSG00000182628,-0.7932,0.0016734089656403272,0.0021024797311700997,0.0998,0.1731,0.053,0.122
FAM241A,ENSG00000174749,-0.4672,0.001675121144618465,0.002104216216146348,0.144,0.1992,0.067,0.14
TAPT1,ENSG00000169762,0.7283,0.0016773493867210283,0.0021066001458523555,0.5272,0.3182,0.241,0.203
VPS41,ENSG00000006715,0.8652,0.0016788936128513913,0.0021081242430426666,0.4437,0.2435,0.209,0.164
ARFRP1,ENSG00000101246,-0.6816,0.0016934344683371232,0.002125963910131776,0.0999,0.1604,0.044,0.113
UNC93B1,ENSG00000110057,-1.0816,0.0016938887030144205,0.002126115471887563,0.068,0.1441,0.035,0.103
PTBP3,ENSG00000119314,0.5891,0.001697721708008185,0.0021305070646756258,0.6571,0.4368,0.295,0.283
KIAA1671,ENSG00000197077,1.2049,0.0017029752249060725,0.0021366792085763062,0.3365,0.1459,0.157,0.1
RNF128,ENSG00000133135,-0.4257,0.001728167280954333,0.002167860373097968,0.1643,0.2208,0.078,0.152
INPP4A,ENSG00000040933,1.7946,0.0017652161180528128,0.002213899813611387,0.2273,0.0654,0.108,0.044
STXBP1,ENSG00000136854,-0.1566,0.0017676218257450384,0.0022164809479002004,0.437,0.4871,0.207,0.307
CGGBP1,ENSG00000163320,-0.2129,0.0017824368417916575,0.002234618459473317,0.3019,0.3499,0.148,0.234
PRKAA1,ENSG00000132356,-0.4254,0.0018001550058174749,0.0022563877628954785,0.1696,0.2279,0.086,0.159
SIMC1,ENSG00000170085,1.822,0.0018199289077937431,0.002280724746841972,0.2091,0.0591,0.103,0.039
ZNF451,ENSG00000112200,0.8672,0.001820576051719296,0.0022810873289525377,0.4401,0.2412,0.208,0.163
LRRC8A,ENSG00000136802,-0.6323,0.0018257144683631312,0.0022870759944615764,0.1301,0.2017,0.068,0.138
TBC1D22B,ENSG00000065491,1.6628,0.0018342615679724805,0.0022973315315961812,0.2274,0.0717,0.112,0.049
CNNM2,ENSG00000148842,1.8015,0.0018385955431243024,0.002302307324183349,0.2508,0.0719,0.109,0.046
SART1,ENSG00000175467,-1.0854,0.0018486509916438721,0.0023144442403239757,0.0683,0.145,0.036,0.104
CLIC5,ENSG00000112782,1.5793,0.00185214709215465,0.0023183659360859793,0.2669,0.0893,0.118,0.056
DCUN1D4,ENSG00000109184,1.3903,0.0018532276517167995,0.0023192631094806826,0.279,0.1064,0.134,0.074
PIGL,ENSG00000108474,1.4137,0.0018653411855933594,0.0023339646826609746,0.2733,0.1025,0.128,0.067
USP39,ENSG00000168883,-0.771,0.0018659795059601991,0.002334305210065987,0.0964,0.1645,0.047,0.116
ZER1,ENSG00000160445,1.1926,0.0018664051643447492,0.002334379619913238,0.3019,0.132,0.149,0.09
NSL1,ENSG00000117697,-0.745,0.0018698847147227333,0.002338272863153673,0.1075,0.1802,0.056,0.126
RIC3,ENSG00000166405,-0.501,0.0018768616991038836,0.002346537229218917,0.148,0.2095,0.069,0.141
NUP50,ENSG00000093000,-0.495,0.0019031064744410573,0.0023788830930513215,0.1512,0.2131,0.077,0.149
TMC5,ENSG00000103534,0.3125,0.001907517252015167,0.00238392912793505,0.8916,0.7179,0.39,0.419
WDR59,ENSG00000103091,1.2517,0.0019263010381244,0.0024069324025956587,0.2856,0.1199,0.14,0.08
DCAF7,ENSG00000136485,-0.2195,0.0019523907244864765,0.0024390536681562387,0.2619,0.305,0.126,0.208
ALKBH3,ENSG00000166199,-1.1379,0.001971704038092252,0.002462698519364833,0.0637,0.1404,0.033,0.101
YTHDF1,ENSG00000149658,-0.7925,0.001974915011975973,0.002466225896444041,0.0951,0.1648,0.05,0.119
PARL,ENSG00000175193,-0.4974,0.0019823009793351358,0.0024749645012263006,0.1275,0.18,0.06,0.131
KIN,ENSG00000151657,-0.866,0.002007390919524667,0.002505799317009938,0.0899,0.164,0.047,0.115
TTBK2,ENSG00000128881,1.5173,0.002008554365368876,0.0025067607829339436,0.2487,0.0868,0.121,0.059
CENATAC,ENSG00000186166,1.0892,0.0020375347625118997,0.0025424318087714543,0.3596,0.1689,0.168,0.115
NBN,ENSG00000104320,-0.7307,0.0020528651617933457,0.0025610597664251626,0.1049,0.1742,0.055,0.123
PDIA5,ENSG00000065485,-0.4492,0.0020707455781946655,0.002582861095869887,0.1591,0.2172,0.078,0.149
CCNT2,ENSG00000082258,0.997,0.0020816991409827496,0.00259601565410114,0.3533,0.177,0.173,0.12
UBA2,ENSG00000126261,-0.1826,0.002117666299367337,0.002640352563752547,0.2914,0.3308,0.144,0.226
SFMBT1,ENSG00000163935,1.3387,0.002125087611810274,0.002649087509833887,0.2823,0.1115,0.134,0.074
LPCAT3,ENSG00000111684,-0.1328,0.0021323456782317697,0.0026576155813739064,0.4236,0.4644,0.203,0.303
MARVELD2,ENSG00000152939,-0.793,0.0021633384170604035,0.0026957158734871134,0.098,0.1699,0.051,0.119
MTURN,ENSG00000180354,-0.448,0.002168652411736037,0.002701809483059847,0.1623,0.2215,0.081,0.153
SUPT6H,ENSG00000109111,-0.2752,0.002176754783645473,0.0027113739245290917,0.2465,0.2983,0.121,0.199
CNTROB,ENSG00000170037,-0.4814,0.002184502322449997,0.002720492734053278,0.1642,0.2292,0.083,0.155
RHOBTB3,ENSG00000164292,0.8653,0.0021863064226492666,0.0027222077039822414,0.433,0.2376,0.204,0.159
PNPLA8,ENSG00000135241,-0.3148,0.0021924670331417806,0.00272934531073596,0.2256,0.2806,0.116,0.191
COL27A1,ENSG00000196739,1.4505,0.0022003758321528844,0.002738655980080952,0.2503,0.0915,0.121,0.059
MID1,ENSG00000101871,1.1979,0.0022168534566144116,0.0027586259586017715,0.31,0.1351,0.145,0.087
TERF1,ENSG00000147601,-0.7215,0.0022448197677801983,0.002792881736845973,0.1039,0.1713,0.053,0.122
TFE3,ENSG00000068323,-0.9967,0.0022466694663402583,0.0027946376288622726,0.0732,0.1461,0.039,0.106
MTHFR,ENSG00000177000,-0.365,0.0022496431170567093,0.0027977906498705663,0.1916,0.2468,0.092,0.165
AZIN1,ENSG00000155096,-0.2196,0.0022692013787176703,0.002821564031465798,0.2513,0.2926,0.122,0.2
NEMF,ENSG00000165525,0.6759,0.0022721456843731633,0.0028246740908500225,0.5652,0.3537,0.258,0.23
LRIG2,ENSG00000198799,1.5315,0.0022782719665917083,0.002831737919091858,0.2364,0.0817,0.116,0.054
MYO5B,ENSG00000167306,1.1397,0.0022967989343753406,0.002854209202074619,0.323,0.1465,0.153,0.096
MOGS,ENSG00000115275,-0.8261,0.002308239893665833,0.0028678677299005424,0.0894,0.1585,0.044,0.111
GOLGA5,ENSG00000066455,-0.5344,0.0023134470929959713,0.002873777322262143,0.1417,0.2053,0.074,0.144
LRRC1,ENSG00000137269,1.8576,0.002349294209591792,0.002917738279007924,0.2081,0.0573,0.103,0.041
EML4,ENSG00000143924,0.3798,0.0023666432191749376,0.002938712606591396,0.8562,0.658,0.368,0.391
ELF1,ENSG00000120690,0.5812,0.002370998761099442,0.0029435476342763276,0.6554,0.4381,0.294,0.282
COBLL1,ENSG00000082438,0.2627,0.0023759222722954188,0.0029490857643853768,0.9257,0.7715,0.403,0.452
INO80,ENSG00000128908,0.8287,0.002405272429977029,0.0029849351257744913,0.4244,0.2389,0.202,0.153
ZNRF2,ENSG00000180233,1.3647,0.0024172970022281652,0.002999273723083798,0.2718,0.1055,0.13,0.07
TMPRSS2,ENSG00000184012,-0.1388,0.0024290151901462777,0.0030132266661184125,0.6086,0.67,0.28,0.405
SLC38A10,ENSG00000157637,-0.2903,0.002431425337743445,0.00301562967473044,0.2296,0.2808,0.113,0.188
ARHGEF26,ENSG00000114790,1.4181,0.0024549176072195225,0.0030441742357565564,0.2789,0.1043,0.131,0.073
RCOR3,ENSG00000117625,0.873,0.002468146713486267,0.0030599835275136045,0.4212,0.2299,0.199,0.153
SLC25A12,ENSG00000115840,1.7141,0.002499804490925455,0.0030986299104899424,0.196,0.0597,0.101,0.039
ZMAT3,ENSG00000172667,1.2804,0.0025006702540757617,0.003099100480119164,0.2937,0.1209,0.142,0.086
PSMD1,ENSG00000173692,-0.201,0.0025111429153430093,0.003111474457786528,0.2713,0.3119,0.128,0.208
PCCB,ENSG00000114054,-0.5255,0.002516612005954249,0.003117645071503758,0.1441,0.2075,0.074,0.144
ATP9A,ENSG00000054793,1.6095,0.0025187279801971467,0.003119660165874647,0.2445,0.0801,0.114,0.054
CNKSR3,ENSG00000153721,0.993,0.0025200357183383817,0.003120673602254698,0.3863,0.194,0.172,0.12
USP13,ENSG00000058056,-0.1643,0.002537594359726531,0.003141806961207348,0.3517,0.3942,0.163,0.25
ATL3,ENSG00000184743,-0.3206,0.0025449381920953007,0.0031502875678849594,0.1905,0.2379,0.094,0.166
BLTP3A,ENSG00000065060,1.5646,0.0025593683009550623,0.003167535025934483,0.2418,0.0817,0.117,0.057
GATC,ENSG00000257218,-1.2237,0.002568353773431854,0.003178038685098616,0.0605,0.1415,0.036,0.101
MED27,ENSG00000160563,1.1307,0.0025712072961324678,0.0031809521662807066,0.3066,0.14,0.15,0.094
OVOL2,ENSG00000125850,1.676,0.002594427895917443,0.003209056623297186,0.2232,0.0698,0.108,0.047
DIMT1,ENSG00000086189,-0.9814,0.0026112047941286905,0.0032291814864346077,0.0711,0.1405,0.035,0.101
ACTR3C,ENSG00000106526,0.9619,0.0026332635407034224,0.003255829145070659,0.358,0.1838,0.172,0.118
KDM5A,ENSG00000073614,0.7445,0.002648639639313114,0.0032742054878070782,0.481,0.2871,0.228,0.192
MCM9,ENSG00000111877,1.5199,0.0026547738278404733,0.0032811522203340477,0.2407,0.0839,0.114,0.054
UBL3,ENSG00000122042,-0.1177,0.0026628855985703606,0.003290539967219626,0.392,0.4253,0.185,0.279
PUDP,ENSG00000130021,1.5734,0.0026708557922669493,0.0032997491619577136,0.2528,0.0849,0.118,0.059
PCID2,ENSG00000126226,-0.5823,0.0026831982647032367,0.0033143555391364336,0.1237,0.1853,0.063,0.131
IGF2BP2,ENSG00000073792,1.5101,0.002686003128213659,0.00331717743943473,0.2497,0.0876,0.118,0.059
MBOAT2,ENSG00000143797,1.6397,0.0026931097471502405,0.003325309827248263,0.2257,0.0724,0.11,0.05
TUT7,ENSG00000083223,1.1468,0.002702490233687709,0.003336246173462267,0.3146,0.142,0.151,0.096
CGNL1,ENSG00000128849,0.6083,0.0027199713032814337,0.0033571765843986717,0.6166,0.4044,0.276,0.26
SPEN,ENSG00000065526,0.8187,0.0027666867147682355,0.003414174952893438,0.474,0.2687,0.217,0.178
EIF3J-DT,ENSG00000179523,-0.9847,0.002768451018268925,0.003415690969898277,0.0715,0.1415,0.035,0.101
BSCL2,ENSG00000168000,-1.1309,0.00278953208824045,0.0034410346483229235,0.0711,0.1557,0.039,0.103
PRKCZ,ENSG00000067606,0.5087,0.002798396187664775,0.0034513011600624767,0.7093,0.4985,0.313,0.313
GOSR1,ENSG00000108587,-0.2491,0.002818132696510927,0.0034749702012102823,0.2332,0.2771,0.114,0.19
CIT,ENSG00000122966,-0.5859,0.002838898999552741,0.0034998996561881116,0.1338,0.2009,0.065,0.133
RAP2B,ENSG00000181467,-0.8869,0.0028672252361102465,0.0035341378345326415,0.0775,0.1433,0.039,0.104
NBR1,ENSG00000188554,-0.4007,0.0028778963467113216,0.003546605298721182,0.1701,0.2246,0.087,0.157
TMEM63B,ENSG00000137216,-0.1297,0.002894501163636931,0.0035663789946241663,0.5065,0.5542,0.236,0.345
ZFP91,ENSG00000186660,-0.3192,0.0029323342158662636,0.0036122957731685858,0.1848,0.2306,0.087,0.159
METRN,ENSG00000103260,-0.9925,0.0029413963915487277,0.0036227592728213173,0.0787,0.1568,0.045,0.109
MAFK,ENSG00000198517,-0.9496,0.002978699389613053,0.0036679947090560586,0.076,0.1468,0.037,0.102
PUM3,ENSG00000080608,0.6032,0.0030058066991509327,0.0037006600438561597,0.5872,0.3865,0.268,0.244
PURA,ENSG00000185129,-0.141,0.00304104241334633,0.0037433182825029644,0.3624,0.3996,0.173,0.261
CBX4,ENSG00000141582,-0.8913,0.0030911856206888187,0.0038043066277782278,0.0816,0.1514,0.042,0.107
DAPK3,ENSG00000167657,-0.8626,0.0030971208526701863,0.0038108753977557303,0.083,0.1511,0.041,0.106
RNF115,ENSG00000265491,-0.2007,0.003162944337135364,0.003891117358015813,0.2786,0.3202,0.139,0.218
MPPE1,ENSG00000154889,-0.6026,0.003192812628821352,0.003927104091980729,0.1134,0.1723,0.056,0.123
PLAGL2,ENSG00000126003,-0.9098,0.003232932616909211,0.003975683918363468,0.0749,0.1409,0.036,0.1
ARHGEF2,ENSG00000116584,0.6953,0.0032388804195124074,0.003981462143153027,0.5411,0.3341,0.245,0.215
SH2D3A,ENSG00000125731,-0.6086,0.003238606288693733,0.003981462143153027,0.1162,0.1772,0.056,0.123
AP2A1,ENSG00000196961,-0.7832,0.0032591854794824424,0.004005650169982759,0.0875,0.1507,0.041,0.106
ETV1,ENSG00000006468,0.2972,0.003268532312436239,0.004016363433265425,0.8767,0.7135,0.384,0.424
SLC35E2B,ENSG00000189339,-0.8609,0.0032781015281364177,0.004027345777966788,0.0827,0.1503,0.042,0.107
NUB1,ENSG00000013374,-0.2299,0.0032937755406783806,0.004045822557191652,0.2596,0.3045,0.128,0.205
PPHLN1,ENSG00000134283,0.7932,0.0033323552692452805,0.004092422431407949,0.4666,0.2692,0.222,0.186
DNAJC13,ENSG00000138246,1.1638,0.0033338828589001383,0.00409350986623428,0.2757,0.123,0.14,0.084
DNAJA3,ENSG00000103423,-0.8196,0.003340241256791411,0.004100527250538272,0.0886,0.1565,0.047,0.112
TRIM24,ENSG00000122779,0.8059,0.0033452794574134687,0.004105921551985149,0.4781,0.2734,0.218,0.182
CREB3L2,ENSG00000182158,0.9285,0.003355255295202085,0.004117372956094955,0.3889,0.2043,0.186,0.141
AP1B1,ENSG00000100280,-0.5239,0.003359706688324407,0.0041220419819222665,0.1327,0.1908,0.068,0.134
LPIN2,ENSG00000101577,0.5786,0.0033924876731175903,0.004161460249398622,0.6348,0.425,0.284,0.268
ZNF75D,ENSG00000186376,1.6756,0.003408864036817618,0.00418074417751295,0.2191,0.0685,0.104,0.044
PLOD2,ENSG00000152952,1.1927,0.003419711826814601,0.004193241564905382,0.3178,0.139,0.149,0.097
DSP,ENSG00000096696,-0.6926,0.0034212346692273727,0.004194302118523943,0.102,0.1649,0.051,0.117
TJP1,ENSG00000104067,0.5492,0.0034219345605377943,0.004194353551899334,0.6642,0.4538,0.297,0.29
TRAPPC8,ENSG00000153339,1.124,0.003427950760396395,0.004200920049505386,0.3154,0.1447,0.153,0.099
FXR2,ENSG00000129245,-1.0523,0.00344663735314258,0.0042230084809309915,0.0685,0.1422,0.037,0.101
UBA5,ENSG00000081307,-0.5537,0.0034679164323099185,0.0042482642690191644,0.1308,0.192,0.068,0.134
MIB2,ENSG00000197530,-0.8169,0.0034734217970400828,0.004254190961792608,0.0912,0.1607,0.046,0.111
DDX5,ENSG00000108654,-0.3328,0.0034745488737884856,0.004254753951287283,1.366,1.7204,0.565,0.83
PLAGL1,ENSG00000118495,-0.2312,0.00348269876008968,0.004263914844549973,0.286,0.3358,0.14,0.218
PHTF2,ENSG00000006576,1.7235,0.0034968664516034586,0.0042804384848256615,0.2117,0.064,0.104,0.045
SNX1,ENSG00000028528,-0.1105,0.0035098223058781922,0.004294854447783755,0.414,0.447,0.198,0.289
EPHA4,ENSG00000116106,1.1562,0.0035099908506593513,0.004294854447783755,0.3059,0.1372,0.145,0.091
INTS10,ENSG00000104613,-0.1733,0.003540534099694374,0.004331396063241534,0.2705,0.305,0.131,0.208
NOL10,ENSG00000115761,1.2666,0.003545123629581125,0.004336178652835701,0.2775,0.1153,0.137,0.082
LGALS8,ENSG00000116977,-0.4406,0.003570548529786093,0.004366439071050517,0.1439,0.1953,0.071,0.138
TRIM22,ENSG00000132274,0.9211,0.003573631197681831,0.004369370710629396,0.3615,0.1909,0.178,0.13
ACSS1,ENSG00000154930,-0.6848,0.0035770592235728664,0.004372723403696458,0.1113,0.1789,0.058,0.123
GTF2H3,ENSG00000111358,-0.8521,0.0035884359354859093,0.004385789702592536,0.0839,0.1515,0.044,0.107
MAP3K1,ENSG00000095015,1.498,0.00360757108339296,0.004408331542386451,0.2364,0.0836,0.116,0.058
VPS45,ENSG00000136631,1.1907,0.0036212029214155767,0.004424141169801514,0.2772,0.1214,0.137,0.081
ZRANB2,ENSG00000132485,0.2982,0.003625106327659988,0.004428061475154709,0.905,0.736,0.392,0.438
BSDC1,ENSG00000160058,-0.4287,0.0036453349536883285,0.004451064993250928,0.1584,0.2133,0.082,0.149
C2CD5,ENSG00000111731,1.3349,0.0036448552440612753,0.004451064993250928,0.2595,0.1028,0.125,0.067
FAAH,ENSG00000117480,-0.9564,0.003646381792166999,0.0044514906022720445,0.077,0.1495,0.039,0.102
ACBD6,ENSG00000230124,0.6427,0.0036592715320515833,0.004466371054342111,0.5474,0.3506,0.255,0.23
CNOT6,ENSG00000113300,1.1284,0.003664526660348345,0.0044719290696249425,0.3097,0.1416,0.151,0.098
GOLM2,ENSG00000166734,0.7315,0.003668823437939819,0.004476315677869157,0.4908,0.2956,0.232,0.199
LIPA,ENSG00000107798,-0.4994,0.003683501991468628,0.004493364943668677,0.1322,0.187,0.064,0.131
CCDC32,ENSG00000128891,-0.7152,0.0037098275721197155,0.004524612736227891,0.0964,0.1583,0.049,0.114
LETM1,ENSG00000168924,-0.8658,0.0037203434111496925,0.004536570245998334,0.0854,0.1557,0.046,0.11
EP400,ENSG00000183495,1.1275,0.0037222986985278772,0.004538086479846093,0.2959,0.1354,0.146,0.092
MAP3K20,ENSG00000091436,0.5851,0.003738420873831833,0.004556870568007253,0.5947,0.3964,0.272,0.253
VPS35L,ENSG00000103544,1.1176,0.0037862208719081757,0.004614253117647605,0.312,0.1437,0.15,0.097
GLS,ENSG00000115419,0.2335,0.0038449545165489102,0.004684935979166534,0.9987,0.8495,0.42,0.478
DNM3,ENSG00000197959,1.2171,0.003937787981137134,0.004796216732852356,0.2735,0.1176,0.127,0.07
ACVR2A,ENSG00000121989,1.683,0.003937366973221242,0.004796216732852356,0.2139,0.0666,0.103,0.044
LURAP1L,ENSG00000153714,-0.1585,0.003941813007933198,0.004800202087024669,0.2964,0.3308,0.135,0.213
RMND5B,ENSG00000145916,-0.6317,0.00396397045325766,0.004826262727180593,0.1032,0.16,0.051,0.116
TNIP1,ENSG00000145901,-0.2063,0.0039799068653180196,0.004844740551155695,0.2483,0.2865,0.122,0.196
MRC2,ENSG00000011028,-0.2467,0.003990689703889914,0.004856939072603704,0.2523,0.2994,0.122,0.196
ENAH,ENSG00000154380,0.7746,0.004009052890102933,0.004878356971636992,0.4781,0.2794,0.221,0.185
MET,ENSG00000105976,0.3506,0.004013286783357684,0.004882576954943747,0.85,0.6666,0.371,0.404
ZCCHC14,ENSG00000140948,1.1983,0.00403504328796581,0.0049081093227975655,0.3064,0.1335,0.142,0.09
INTS3,ENSG00000143624,-0.3922,0.004134474122396768,0.005028094721533651,0.1829,0.2401,0.092,0.161
CDK5RAP2,ENSG00000136861,0.9609,0.004162430953738301,0.005061128615312162,0.3641,0.187,0.173,0.126
KLHL9,ENSG00000198642,-1.0065,0.004194322620695244,0.005098933391863497,0.0742,0.1492,0.042,0.104
EMSY,ENSG00000158636,1.3449,0.004279007311787381,0.005200890679245863,0.2561,0.1008,0.125,0.069
ITPR3,ENSG00000096433,-0.1195,0.004285266680395587,0.005207505735326318,0.6171,0.6704,0.286,0.409
SKIL,ENSG00000136603,-0.3006,0.0043331404934452995,0.0052646789871762505,0.231,0.2845,0.118,0.187
SCN1A,ENSG00000144285,0.6466,0.004342998207154813,0.005275650451717213,0.5065,0.3235,0.232,0.195
SH3BGRL2,ENSG00000198478,-0.3916,0.0043676030206150716,0.005304528339954483,0.1533,0.2011,0.073,0.139
PPP1R12A,ENSG00000058272,0.7469,0.004386191069716492,0.005326089156084312,0.5171,0.3081,0.234,0.203
NCLN,ENSG00000125912,-0.6148,0.004415375238175395,0.005360506026160378,0.1168,0.1788,0.062,0.125
PELI1,ENSG00000197329,0.7712,0.004449593526385907,0.005401020321917395,0.4716,0.2763,0.211,0.171
PIK3C3,ENSG00000078142,1.1841,0.004452102887651657,0.005403037485014147,0.2981,0.1311,0.142,0.09
LIN52,ENSG00000205659,1.4266,0.0044834204077058995,0.00544000858376953,0.2305,0.0857,0.116,0.059
SCIN,ENSG00000006747,-0.4178,0.004487474185230247,0.005443891138124229,0.1626,0.2173,0.082,0.149
LYSMD3,ENSG00000176018,-0.6013,0.004497596774216136,0.005455133073749595,0.1217,0.1847,0.065,0.13
TAF1,ENSG00000147133,1.1578,0.004510173280988438,0.005469346522028019,0.2962,0.1327,0.142,0.089
TSNAX,ENSG00000116918,-0.5261,0.004511654962725351,0.005470102774319915,0.1167,0.1681,0.059,0.123
INPP5B,ENSG00000204084,1.1699,0.004525434509808059,0.005485766305386266,0.2822,0.1254,0.135,0.08
H6PD,ENSG00000049239,-0.4709,0.004550760511266852,0.005515417920023989,0.1353,0.1875,0.067,0.132
SKI,ENSG00000157933,0.9848,0.004552787858176383,0.005516826191954846,0.3467,0.1751,0.168,0.119
RAB5A,ENSG00000144566,-0.12,0.00457653650346155,0.005544549640738765,0.3255,0.3537,0.158,0.241
ALDH5A1,ENSG00000112294,-0.8777,0.004595121054778594,0.005566007357821307,0.0822,0.1512,0.044,0.106
KCNJ15,ENSG00000157551,-0.1444,0.004654986493417963,0.005637450398088813,0.6387,0.7059,0.291,0.423
OLA1,ENSG00000138430,-0.1001,0.004689840397407801,0.005678581677772978,0.433,0.4641,0.207,0.304
CTTN,ENSG00000085733,-0.1006,0.004762703035625424,0.00576571056819447,0.5132,0.5503,0.243,0.349
PDCD7,ENSG00000090470,-0.5158,0.004776729087996426,0.005781592545277618,0.1274,0.1821,0.067,0.131
DMXL2,ENSG00000104093,1.313,0.004800972721026854,0.005809833161834889,0.2506,0.1008,0.122,0.066
DNM1L,ENSG00000087470,-0.4808,0.004813921944311929,0.005824397873408341,0.1382,0.1928,0.069,0.134
ZBTB4,ENSG00000174282,-0.286,0.004847647591954121,0.00586408982897676,0.2173,0.265,0.112,0.182
NACC1,ENSG00000160877,-0.6772,0.004864845428385685,0.005883777197108469,0.108,0.1728,0.058,0.12
MRPS28,ENSG00000147586,-0.2592,0.004871762698413554,0.005891025645369198,0.2259,0.2704,0.11,0.181
HSPA4,ENSG00000170606,-0.1198,0.004907167955280138,0.005932713012499692,0.2829,0.3074,0.132,0.208
ZBED5,ENSG00000236287,-0.3948,0.0049844666321466075,0.006025023659449113,0.1517,0.1995,0.073,0.139
PECR,ENSG00000115425,-0.975,0.005019445698205371,0.006066154753755307,0.0709,0.1394,0.039,0.1
OTUD4,ENSG00000164164,1.0603,0.00504433226186682,0.006095075468044158,0.2966,0.1422,0.15,0.099
TACC1,ENSG00000147526,-0.1332,0.005063569699061231,0.006117160665437815,0.7294,0.8,0.322,0.469
ATE1,ENSG00000107669,0.9468,0.0051782348730280685,0.006254499301923822,0.3643,0.1889,0.173,0.127
NEK1,ENSG00000137601,1.3388,0.005196248980759909,0.00627506862139504,0.2465,0.0974,0.119,0.064
TBC1D30,ENSG00000111490,1.5502,0.005199136486912567,0.006277366496982502,0.2331,0.0795,0.112,0.056
CDC37L1,ENSG00000106993,-0.5005,0.005208470627937643,0.006287445607480111,0.1294,0.1831,0.064,0.127
SLC25A13,ENSG00000004864,0.8661,0.005226398358967514,0.006307892756232091,0.4071,0.2233,0.189,0.146
SCNN1B,ENSG00000168447,1.1937,0.005230994875863485,0.006312245378313405,0.3198,0.1397,0.144,0.093
MAP3K9,ENSG00000006432,1.449,0.00524626210197116,0.006329470268748323,0.2428,0.0889,0.116,0.06
MMP15,ENSG00000102996,-0.7966,0.005314972891342707,0.006411154622953597,0.0893,0.1551,0.047,0.109
KIAA0232,ENSG00000170871,0.907,0.005340316367241699,0.006440506402036669,0.3862,0.2059,0.182,0.138
ASAP3,ENSG00000088280,1.521,0.005357725974719749,0.006460280516141176,0.2324,0.0809,0.11,0.055
ATP13A3,ENSG00000133657,0.8639,0.005367502680561736,0.006470845232333788,0.4366,0.2399,0.2,0.163
NPHP3,ENSG00000113971,1.3712,0.005375434858594518,0.006479182685486869,0.2243,0.0866,0.114,0.059
PRPSAP2,ENSG00000141127,-0.4642,0.005382322112045805,0.006486257743722496,0.1405,0.1939,0.072,0.136
YTHDC2,ENSG00000047188,0.8802,0.005415005045334366,0.006524410728407973,0.3305,0.1795,0.169,0.12
EPHB4,ENSG00000196411,-0.8945,0.005502530622454246,0.006628615404033602,0.0791,0.1471,0.042,0.103
RFFL,ENSG00000092871,1.3614,0.00551508357390754,0.0066424821053581275,0.2297,0.0893,0.114,0.058
PDP2,ENSG00000172840,-0.3548,0.0055382281666881885,0.006669097952897092,0.1531,0.1958,0.073,0.138
FBXL4,ENSG00000112234,1.1567,0.005547536040603451,0.006679044808091974,0.2685,0.1204,0.135,0.082
STARD3,ENSG00000131748,-0.7997,0.005563379035639061,0.006696854484931838,0.0819,0.1426,0.041,0.102
RSBN1L,ENSG00000187257,-0.1021,0.005601877869618764,0.0067419239982668714,0.438,0.4701,0.209,0.302
KAT6B,ENSG00000156650,0.8155,0.005630650902219652,0.006775273594120477,0.401,0.2278,0.191,0.149
NUP160,ENSG00000030066,1.0539,0.005655530835173734,0.006803926981361116,0.3362,0.1619,0.16,0.113
FNTA,ENSG00000168522,-0.2727,0.005657089118729538,0.006804517572056756,0.2043,0.2468,0.103,0.171
CSPP1,ENSG00000104218,1.2527,0.00567594901662546,0.006825914918126261,0.2621,0.11,0.126,0.072
HMGXB3,ENSG00000113716,-0.7159,0.0057126597283292955,0.00686876759111642,0.1048,0.1722,0.058,0.119
CEP63,ENSG00000182923,-0.5913,0.005717509444180255,0.006873302414981921,0.1211,0.1825,0.064,0.126
USP15,ENSG00000135655,0.7088,0.005720132457916805,0.00687515920422693,0.4864,0.2976,0.227,0.193
TPST2,ENSG00000128294,-0.7422,0.005722231650237518,0.006876385819088441,0.0924,0.1546,0.05,0.111
ITGA6,ENSG00000091409,-0.4813,0.005795810629730741,0.00696349279391886,0.1471,0.2053,0.072,0.136
CCND2,ENSG00000118971,-0.2529,0.005872390362912873,0.0070541715778348535,0.245,0.292,0.119,0.189
MITF,ENSG00000187098,1.3942,0.005899377636872004,0.007085254791834783,0.2634,0.1002,0.123,0.07
BTD,ENSG00000169814,0.8646,0.005918896574336431,0.0071073583841391496,0.3457,0.1898,0.164,0.115
RIOK3,ENSG00000101782,-0.1104,0.005945193452298228,0.007137591009115105,0.3654,0.3945,0.175,0.258
ANTXR2,ENSG00000163297,1.618,0.005971936491619919,0.007168347794026923,0.2113,0.0688,0.103,0.047
KCNQ1,ENSG00000053918,0.869,0.006053162323470314,0.00726311120122779,0.4071,0.2229,0.19,0.15
CRAMP1,ENSG00000007545,1.614,0.006053093302691711,0.00726311120122779,0.206,0.0672,0.101,0.046
EXOC7,ENSG00000182473,-0.4376,0.0060821444889949386,0.007296513194833033,0.1508,0.2043,0.078,0.142
MAN2A1,ENSG00000112893,1.1065,0.00611090350805171,0.00732925802384077,0.3113,0.1445,0.149,0.099
ITGA2,ENSG00000164171,1.7159,0.0061117389262333385,0.00732925802384077,0.2318,0.0705,0.1,0.045
CA12,ENSG00000074410,-0.4814,0.0062029951787164845,0.007437294388624711,0.1389,0.194,0.064,0.127
SLC37A1,ENSG00000160190,1.0592,0.006221789168374788,0.007458425338170228,0.3249,0.1558,0.154,0.106
NARS2,ENSG00000137513,-0.3666,0.00622971775294683,0.007466525789628885,0.1815,0.234,0.091,0.156
PAWR,ENSG00000177425,0.7366,0.006260384713929025,0.007501870780319086,0.4831,0.2899,0.225,0.195
MAP7D1,ENSG00000116871,-0.71,0.006305637418321836,0.007554677418117215,0.0931,0.1523,0.047,0.108
NSUN5,ENSG00000130305,-0.7309,0.0063116550812640235,0.007560466205009047,0.089,0.1477,0.045,0.105
ANKRD13C,ENSG00000118454,1.1531,0.006350247436880726,0.00760526534099467,0.2957,0.1329,0.141,0.091
FEZ2,ENSG00000171055,-0.1976,0.0063526259456637,0.007606684899249828,0.2738,0.314,0.137,0.209
ERO1A,ENSG00000197930,0.868,0.00637544259764435,0.0076325721239404185,0.4107,0.225,0.194,0.156
XPC,ENSG00000154767,-0.3382,0.006386661244764225,0.007644567299168594,0.1866,0.236,0.095,0.16
CWC22,ENSG00000163510,-0.5923,0.006397607457189954,0.007656231939100048,0.12,0.181,0.064,0.125
TNFSF10,ENSG00000121858,-0.149,0.0064640793009302835,0.007734329118511741,0.3279,0.3636,0.151,0.229
RETREG1,ENSG00000154153,-0.9051,0.006469939702195347,0.007739888459653845,0.0835,0.1565,0.047,0.107
UBE4A,ENSG00000110344,-0.2741,0.006508075280134509,0.007782588615805195,0.1748,0.2114,0.082,0.147
TRIOBP,ENSG00000100106,-0.2035,0.006506970264597589,0.007782588615805195,0.2191,0.2523,0.107,0.174
SEC24C,ENSG00000176986,-0.4181,0.006528289954706611,0.007805297910962987,0.1385,0.185,0.067,0.129
SATB1,ENSG00000182568,-0.6704,0.006552340421784001,0.007832583946910372,0.1069,0.1703,0.058,0.119
FAT1,ENSG00000083857,1.0941,0.0065700032758344885,0.007852225512456856,0.2893,0.1354,0.141,0.09
FBXO28,ENSG00000143756,1.2115,0.0065844323917726945,0.007867995594667465,0.2899,0.1251,0.137,0.088
HIPK3,ENSG00000110422,0.5768,0.00659985982686952,0.00788495247306844,0.5523,0.3703,0.259,0.235
GRAMD2B,ENSG00000155324,1.3949,0.0066043376192395226,0.007888823744173122,0.2509,0.0953,0.116,0.062
PVR,ENSG00000073008,-0.6224,0.006606652215473135,0.00789011012994403,0.1081,0.1665,0.056,0.117
NAA35,ENSG00000135040,1.192,0.0066487402752444325,0.007938887292504825,0.2995,0.131,0.14,0.091
INTS1,ENSG00000164880,-0.5231,0.006653623631638979,0.007943230459119568,0.1202,0.1728,0.059,0.12
IRAK1BP1,ENSG00000146243,1.1995,0.0068182842716921635,0.008138281638651478,0.2705,0.1177,0.131,0.08
PTPN9,ENSG00000169410,1.6364,0.0068685384931926035,0.008196730231018879,0.2215,0.0712,0.104,0.05
LTBP3,ENSG00000168056,-0.3149,0.006950012850933412,0.008292407247744805,0.1931,0.2403,0.096,0.161
NPLOC4,ENSG00000182446,0.9166,0.006961588457330956,0.008304664374155099,0.3565,0.1888,0.172,0.127
NUS1,ENSG00000153989,-0.3481,0.006981808967316647,0.008327227720606853,0.1632,0.2078,0.081,0.145
MAVS,ENSG00000088888,-0.2771,0.00699264622829173,0.008338593285701417,0.1988,0.241,0.101,0.167
SPTAN1,ENSG00000197694,-0.1596,0.007075520246446504,0.008435840952140726,0.2982,0.3331,0.146,0.22
HEATR5B,ENSG00000008869,1.3847,0.007108868179672479,0.008474015453517588,0.2209,0.0845,0.112,0.058
TFDP1,ENSG00000198176,-0.486,0.007117486670091212,0.008482702845734057,0.1285,0.18,0.063,0.124
INIP,ENSG00000148153,-0.754,0.007189431302808569,0.008566845711290584,0.0848,0.1431,0.044,0.103
GMCL1,ENSG00000087338,-0.2722,0.007192009905286364,0.00856831679054393,0.184,0.2223,0.09,0.155
PANK3,ENSG00000120137,-0.3755,0.007292653887072734,0.00868659725898518,0.1655,0.2147,0.086,0.149
RFTN1,ENSG00000131378,0.4963,0.007294122922642402,0.00868672401117977,0.6577,0.4663,0.294,0.289
TRIM4,ENSG00000146833,-0.5412,0.007365772999129451,0.00877041517920251,0.1277,0.1858,0.069,0.13
GMPS,ENSG00000163655,-0.3722,0.007429004810481399,0.00884405334581119,0.1637,0.2119,0.085,0.147
TGM2,ENSG00000198959,1.4558,0.0074375554598868346,0.008852579547568814,0.2407,0.0877,0.109,0.056
ORC2,ENSG00000115942,1.176,0.007439050653880776,0.008852706350287464,0.2752,0.1217,0.134,0.083
UQCC1,ENSG00000101019,1.362,0.007586217612811469,0.009026154774481732,0.2273,0.0884,0.114,0.061
CUL5,ENSG00000166266,0.6705,0.007778598173247551,0.009253324007175432,0.4981,0.3129,0.235,0.208
SOX4,ENSG00000124766,-0.215,0.0077800682043771205,0.009253346045317936,0.261,0.303,0.116,0.184
RNPC3,ENSG00000185946,0.8192,0.007937574443412863,0.009438917567013058,0.4165,0.236,0.191,0.152
ATP2C2,ENSG00000064270,0.6362,0.00798330001691859,0.009491521374087283,0.5214,0.3354,0.243,0.219
DDIT4,ENSG00000168209,-0.8289,0.007994458058432559,0.009503015126329957,0.0864,0.1536,0.044,0.102
ERI3,ENSG00000117419,-0.1257,0.008014950743078503,0.009525598618032339,0.2769,0.3021,0.134,0.205
PPM1A,ENSG00000100614,-0.261,0.00801681604472855,0.009526039568526469,0.1909,0.2288,0.095,0.16
SMARCAD1,ENSG00000163104,1.0228,0.008032464335308274,0.009542855038686217,0.2694,0.1326,0.14,0.089
ADGRG6,ENSG00000112414,1.3572,0.008040209665815666,0.009550276992654158,0.2374,0.0926,0.116,0.063
ELOVL6,ENSG00000170522,1.521,0.008080736422043823,0.009596627177818439,0.2249,0.0783,0.108,0.056
ATG4B,ENSG00000168397,-0.3661,0.008393060755164265,0.009965684916031326,0.1649,0.2126,0.085,0.147
MTX2,ENSG00000128654,-0.1372,0.008450155105486103,0.01003160871461339,0.2824,0.3105,0.14,0.212
HERPUD2,ENSG00000122557,-0.4314,0.008461802032461652,0.010043565063664687,0.1291,0.1741,0.062,0.122
TOGARAM1,ENSG00000198718,1.1731,0.008486727962284576,0.010071275271698469,0.2599,0.1152,0.127,0.076
PPP4R2,ENSG00000163605,-0.1542,0.00849233832180713,0.010076057472830904,0.298,0.3316,0.15,0.223
ZSCAN18,ENSG00000121413,-0.6309,0.00849570612921602,0.010078177628163775,0.0942,0.1459,0.045,0.103
JADE1,ENSG00000077684,-0.6253,0.008530952447526285,0.010118106391252105,0.1137,0.1755,0.064,0.123
HNRNPUL2,ENSG00000214753,-0.3108,0.00854260486902031,0.010130042046131783,0.1693,0.2101,0.086,0.148
RNF19A,ENSG00000034677,0.661,0.008573873374072434,0.010165230195222572,0.5051,0.3194,0.234,0.206
CFTR,ENSG00000001626,0.778,0.00864726315969379,0.010250335188368894,0.4639,0.2705,0.205,0.171
MBD6,ENSG00000166987,-0.7266,0.008664102999925666,0.010268387548712794,0.0859,0.1422,0.042,0.1
OPA1,ENSG00000198836,1.1072,0.008748646594486641,0.010366658371719765,0.2841,0.1318,0.14,0.092
WASHC1,ENSG00000181404,-0.4763,0.008794860761526961,0.010419482875810142,0.1431,0.1991,0.073,0.133
PRDM2,ENSG00000116731,0.8206,0.008811280508935064,0.010436996143526762,0.395,0.2236,0.189,0.15
APP,ENSG00000142192,0.5019,0.008911644772690937,0.010553917039922854,0.6822,0.4817,0.303,0.311
CRCP,ENSG00000241258,-0.3548,0.009004943499336284,0.010662428456216346,0.1721,0.2201,0.087,0.15
DPF2,ENSG00000133884,-0.4951,0.009026255545736835,0.01068567857085837,0.1062,0.1497,0.047,0.106
PTRH2,ENSG00000141378,-0.4482,0.009083506679752799,0.010751458426183455,0.1379,0.1882,0.067,0.127
NRIP1,ENSG00000180530,0.8292,0.009119527819362894,0.010792090189054845,0.3828,0.2154,0.181,0.14
APTR,ENSG00000214293,-0.1461,0.009135888718797048,0.010809445171182475,0.2497,0.2763,0.116,0.185
NUDCD3,ENSG00000015676,0.783,0.009157076998950473,0.010832504336297876,0.4277,0.2485,0.203,0.167
STX16,ENSG00000124222,0.7876,0.009188239179516533,0.010867351534214822,0.3957,0.2292,0.193,0.155
UBE2Z,ENSG00000159202,-0.457,0.009213055965744059,0.010894682207682874,0.1341,0.1841,0.071,0.13
SORL1,ENSG00000137642,1.2994,0.009237428387613765,0.010921477368515902,0.2362,0.0959,0.117,0.066
WDR19,ENSG00000157796,1.4247,0.009267823128186017,0.010955381502352283,0.2182,0.0812,0.108,0.056
AP1G2,ENSG00000213983,-0.5813,0.009295467595862236,0.010986022603563544,0.1016,0.1521,0.045,0.103
ACAD9,ENSG00000177646,-0.5683,0.009334680207350064,0.011030321839083717,0.0972,0.1441,0.045,0.103
RAB3D,ENSG00000105514,-0.4149,0.009353933933896228,0.011051024616120914,0.1437,0.1916,0.074,0.134
SPTLC2,ENSG00000100596,1.0804,0.009373836017099374,0.011072485567724385,0.2892,0.1367,0.142,0.096
DOCK7,ENSG00000116641,1.4238,0.009426579677542549,0.011132724239409735,0.2236,0.0833,0.108,0.056
APPBP2,ENSG00000062725,0.8204,0.009610609304674844,0.011347959680922788,0.3963,0.2244,0.189,0.152
MED6,ENSG00000133997,-0.6062,0.00973795706571877,0.01149619931369577,0.1003,0.1527,0.05,0.108
FAM83H,ENSG00000180921,-0.4751,0.009755621544850499,0.011514920819926297,0.1273,0.1769,0.064,0.123
CCNH,ENSG00000134480,0.7386,0.0098093183396121,0.011576157796191621,0.4427,0.2653,0.208,0.174
RBM12,ENSG00000244462,-0.7169,0.009918576977355749,0.011702929526308144,0.0874,0.1438,0.046,0.103
AMOTL2,ENSG00000114019,-0.4042,0.009995009444611765,0.011790929905514435,0.1416,0.1874,0.071,0.13
SLC20A1,ENSG00000144136,-0.1966,0.010249235345962783,0.012088598581038435,0.201,0.2303,0.094,0.157
MORC4,ENSG00000133131,1.2106,0.010257313339645259,0.012095888372223182,0.2423,0.1046,0.121,0.071
SAMD4B,ENSG00000179134,-0.2029,0.010463930259526778,0.012337258258643095,0.2287,0.2633,0.116,0.18
CRKL,ENSG00000099942,-0.343,0.010468776427152273,0.0123406896677322,0.1482,0.188,0.072,0.132
CDC42SE2,ENSG00000158985,0.8297,0.010572486489196257,0.012460639927643954,0.4341,0.2442,0.199,0.165
CREM,ENSG00000095794,-0.3373,0.010582042608798416,0.012469597344009225,0.1524,0.1925,0.073,0.133
RAB12,ENSG00000206418,1.2536,0.010682272789657077,0.012585379603412283,0.2473,0.1036,0.118,0.068
SFT2D2,ENSG00000213064,-0.4174,0.010977460151923963,0.012930766531506885,0.1401,0.1871,0.074,0.133
NGLY1,ENSG00000151092,-0.2878,0.011016559090135002,0.012974425309368307,0.169,0.2064,0.083,0.144
UGGT1,ENSG00000136731,1.0319,0.011097502594747797,0.013067340051998005,0.3101,0.1516,0.15,0.106
CLSTN3,ENSG00000139182,-0.4384,0.011124600926534898,0.013096829345643579,0.1436,0.1947,0.073,0.131
PITRM1,ENSG00000107959,-0.2505,0.011210800481278815,0.013195873904754884,0.1678,0.1996,0.08,0.14
FLNB,ENSG00000136068,0.729,0.011303142559971118,0.013302110729151906,0.4585,0.2766,0.212,0.182
MRPS31,ENSG00000102738,-0.3562,0.011349566362095677,0.013354279357393861,0.1651,0.2113,0.083,0.143
ACSL4,ENSG00000068366,0.2205,0.011457081782881809,0.01347829790844649,0.9761,0.8377,0.406,0.475
STT3B,ENSG00000163527,0.604,0.01156082106824283,0.013597829208495948,0.5804,0.3818,0.263,0.255
RHOQ,ENSG00000119729,-0.2075,0.011590648815244993,0.013630397748973776,0.2232,0.2577,0.112,0.176
MAP2K7,ENSG00000076984,-0.29,0.011756674965119849,0.013823091645636118,0.1548,0.1893,0.074,0.134
PURB,ENSG00000146676,-0.3018,0.01181541230350621,0.013889591265877207,0.1777,0.219,0.094,0.154
FREM2,ENSG00000150893,0.6786,0.011859289638694787,0.013938600930434968,0.4718,0.2947,0.213,0.181
PGS1,ENSG00000087157,-0.1962,0.011925566403656518,0.014013914437476554,0.2538,0.2908,0.128,0.194
CSNK1G2,ENSG00000133275,-0.4108,0.011986703730124061,0.014083161865009379,0.139,0.1848,0.072,0.129
STK40,ENSG00000196182,-0.3083,0.012005531862608903,0.01410268391821112,0.1614,0.1999,0.078,0.138
SRFBP1,ENSG00000151304,-0.3442,0.012037778512552938,0.014137958367266947,0.1511,0.1919,0.074,0.133
MCMBP,ENSG00000197771,-0.3827,0.012084435638395749,0.014190141314196518,0.1298,0.1693,0.063,0.121
TULP4,ENSG00000130338,0.792,0.012188420021918374,0.014309609141754996,0.3944,0.2278,0.19,0.154
SEC23A,ENSG00000100934,0.9756,0.01221502444793237,0.014338203066759135,0.3365,0.1711,0.159,0.117
DGCR2,ENSG00000070413,-0.2476,0.012256972416264555,0.014384793658631543,0.2132,0.2532,0.108,0.169
PI4KB,ENSG00000143393,-0.2738,0.012296056906178836,0.014428007137288805,0.1699,0.2055,0.083,0.143
RALGDS,ENSG00000160271,-0.454,0.01232365108080304,0.014457724630128704,0.1464,0.2006,0.074,0.132
ITPKC,ENSG00000086544,-0.1928,0.012397329273114963,0.014541485577940735,0.2811,0.3213,0.132,0.198
TRIM5,ENSG00000132256,1.0154,0.012554198726775427,0.014722777204413787,0.3011,0.1489,0.146,0.103
RNF220,ENSG00000187147,-0.2502,0.012714296385260362,0.014907787282699064,0.2015,0.2397,0.103,0.164
DDX50,ENSG00000107625,-0.451,0.01282454874553952,0.01503429537565547,0.1287,0.1759,0.067,0.123
CNOT11,ENSG00000158435,-0.4423,0.013078598574759317,0.015329300590934113,0.1216,0.1653,0.062,0.118
GTF2IRD2B,ENSG00000174428,-0.5793,0.013266969398533638,0.015547229763906607,0.1117,0.1669,0.055,0.111
IST1,ENSG00000182149,-0.1348,0.013274759809982625,0.015553500053048931,0.2516,0.2763,0.123,0.187
TOMM70,ENSG00000154174,-0.384,0.01330902989642691,0.015590787502705173,0.1338,0.1746,0.068,0.125
MINDY3,ENSG00000148481,1.1821,0.0133401634242779,0.015624387622592615,0.2607,0.1148,0.126,0.079
RGL3,ENSG00000205517,1.0236,0.01335022924361607,0.015633304817790676,0.3201,0.1574,0.146,0.104
HPRT1,ENSG00000165704,-0.4319,0.013361841226015305,0.015644028983626733,0.1269,0.1712,0.064,0.121
POLDIP3,ENSG00000100227,-0.5396,0.013399676921669872,0.015685446268021562,0.1048,0.1524,0.053,0.108
RCAN1,ENSG00000159200,-0.6157,0.013419051706912972,0.01570524226759137,0.1073,0.1644,0.053,0.108
GATAD2A,ENSG00000167491,0.804,0.013677757528117616,0.016005085213243356,0.3827,0.2192,0.186,0.15
DNAJC5,ENSG00000101152,0.8334,0.013694626186824816,0.016021883270509855,0.4071,0.2284,0.19,0.157
KIF3B,ENSG00000101350,-0.4887,0.013726698602301015,0.016056459374251188,0.1084,0.1522,0.054,0.109
DCDC2,ENSG00000146038,1.4053,0.013768032031280275,0.01610185364142575,0.2492,0.094,0.113,0.066
MTM1,ENSG00000171100,1.1489,0.013802272424598527,0.0161389374003697,0.2754,0.1241,0.13,0.084
DDX6,ENSG00000110367,-0.1021,0.01385102875778342,0.016192977871056172,0.3046,0.3269,0.149,0.219
TMEM63A,ENSG00000196187,1.3925,0.013876042710787417,0.016219246842917086,0.2252,0.0857,0.108,0.06
DIS3,ENSG00000083520,-0.2109,0.013931271929490499,0.016280817332814286,0.1997,0.2311,0.099,0.159
AFMID,ENSG00000183077,-0.5366,0.014044945280024111,0.016410653621729054,0.115,0.1668,0.058,0.113
FYCO1,ENSG00000163820,1.2391,0.014069535650579869,0.016436373423574614,0.2132,0.0903,0.112,0.063
PLEKHM1,ENSG00000225190,-0.4444,0.014191139399785321,0.016575396422431554,0.1217,0.1657,0.059,0.115
FEM1C,ENSG00000145780,-0.1453,0.01420044094795604,0.016583222392969364,0.2433,0.2691,0.118,0.182
RAB31,ENSG00000168461,0.7013,0.014229709414318299,0.016614358519465047,0.4919,0.3025,0.22,0.193
RNF146,ENSG00000118518,-0.2604,0.014249843828618153,0.016634820437180137,0.1847,0.2212,0.094,0.153
KAT2B,ENSG00000114166,1.3902,0.014267333754107974,0.016652188334390028,0.2294,0.0875,0.109,0.062
HDGFL3,ENSG00000166503,-0.7129,0.014294346872181488,0.016680662879399046,0.0889,0.1457,0.047,0.102
RBM10,ENSG00000182872,-0.5921,0.014336887218425817,0.016727243048584296,0.0966,0.1457,0.047,0.102
DHX32,ENSG00000089876,0.8666,0.014380285855682602,0.016774807379684644,0.3548,0.1945,0.169,0.13
MFSD14B,ENSG00000148110,-0.3851,0.014383571558442719,0.016775570560752347,0.1364,0.1781,0.069,0.125
IGSF3,ENSG00000143061,-0.5031,0.014400458559713083,0.016792193765899195,0.1233,0.1748,0.065,0.121
AATK,ENSG00000181409,1.1447,0.014542066004606233,0.016954219235436125,0.2298,0.1039,0.116,0.067
ZDHHC17,ENSG00000186908,1.2687,0.014548250605416325,0.01695832832501903,0.2271,0.0942,0.112,0.063
SMPDL3A,ENSG00000172594,-0.4457,0.014597508307962314,0.0170126353680548,0.136,0.1853,0.068,0.124
DTWD1,ENSG00000104047,-0.4471,0.014930078251463601,0.01739704786201434,0.1298,0.177,0.068,0.124
ANKRD50,ENSG00000151458,1.0644,0.01498914522071547,0.01746268289145854,0.2699,0.129,0.132,0.087
EVL,ENSG00000196405,0.8155,0.015124750607849888,0.017617446578666734,0.3973,0.2257,0.184,0.149
CREB1,ENSG00000118260,0.8657,0.01530523937480105,0.01782442473773414,0.3528,0.1936,0.171,0.133
TRNAU1AP,ENSG00000180098,-0.1921,0.015421903670148592,0.01795701112277576,0.1934,0.2209,0.092,0.152
LBR,ENSG00000143815,-0.1959,0.015680292381516765,0.01825454052815365,0.1932,0.2213,0.095,0.154
SLC25A46,ENSG00000164209,-0.2375,0.015695448331605213,0.01826884847799584,0.1715,0.2023,0.083,0.141
BCAR3,ENSG00000137936,1.3714,0.015727253143518492,0.018302526248618178,0.2049,0.0791,0.1,0.052
MAP3K3,ENSG00000198909,1.014,0.015754258968117447,0.01833060794337447,0.3335,0.1651,0.153,0.113
AP5M1,ENSG00000053770,-0.4858,0.015884194684064153,0.018478419910749812,0.1104,0.1546,0.056,0.111
TDP2,ENSG00000111802,-0.5742,0.016099329943855534,0.018725274291567055,0.1006,0.1499,0.053,0.106
RGS3,ENSG00000138835,-0.526,0.016147226901189807,0.018777557733506936,0.1076,0.155,0.055,0.109
WHAMM,ENSG00000156232,-0.4389,0.01617768159781454,0.018809542255347016,0.1268,0.1719,0.068,0.123
GGA1,ENSG00000100083,-0.2321,0.016181989047039276,0.018811119652603098,0.1894,0.2224,0.096,0.155
PIAS2,ENSG00000078043,0.8997,0.01633104759163971,0.01898093498572528,0.313,0.1677,0.157,0.115
TBC1D2,ENSG00000095383,0.8769,0.016354446639355587,0.01900466593618153,0.3744,0.2038,0.173,0.138
SLC7A1,ENSG00000139514,-0.5339,0.016419113788179927,0.019076335046409154,0.1063,0.154,0.053,0.106
C5,ENSG00000106804,-0.5212,0.01660209004266566,0.019285408896135857,0.1209,0.1736,0.059,0.114
FAM234A,ENSG00000167930,-0.5329,0.0166463718133933,0.01933332488802738,0.1098,0.159,0.059,0.113
RCC1L,ENSG00000274523,-0.6102,0.016887737288173502,0.019610077452114037,0.0908,0.1387,0.049,0.102
BMP2K,ENSG00000138756,1.4363,0.01703243179593495,0.019774495119119526,0.219,0.0808,0.104,0.057
TMC6,ENSG00000141524,-0.1905,0.01704422069467013,0.019784578828937013,0.1944,0.2219,0.095,0.153
ZBTB44,ENSG00000196323,-0.1456,0.017052373088004467,0.019790438455493987,0.227,0.2511,0.108,0.17
MED1,ENSG00000125686,-0.6874,0.017219465372095906,0.01998072292448333,0.089,0.1434,0.05,0.102
TMEM260,ENSG00000070269,1.2359,0.01735396011051459,0.020133120237403185,0.2171,0.0921,0.109,0.062
XPOT,ENSG00000184575,-0.3608,0.017424204189569987,0.020210935536482653,0.1468,0.1885,0.074,0.129
SUCLG2,ENSG00000172340,0.4223,0.01743658442269862,0.02022161646256207,0.7084,0.5286,0.317,0.337
CEP290,ENSG00000198707,1.0627,0.017486714593690396,0.02027606502997022,0.2897,0.1386,0.136,0.094
CRELD1,ENSG00000163703,-0.498,0.017556361567802922,0.02035311965716378,0.1061,0.1498,0.051,0.105
EPS15L1,ENSG00000127527,1.2148,0.01761196854916341,0.020413872636530318,0.2648,0.114,0.123,0.079
MRS2,ENSG00000124532,-0.3748,0.01767202558466155,0.02047976060756542,0.1281,0.1662,0.064,0.118
ALS2,ENSG00000003393,1.2785,0.017735134920991876,0.02054916123615471,0.2115,0.0871,0.105,0.058
PTAR1,ENSG00000188647,0.7634,0.018002828873877705,0.020855539536792724,0.4014,0.2365,0.193,0.16
PTPRU,ENSG00000060656,-0.3753,0.018167045657351128,0.021041954227037328,0.1329,0.1724,0.064,0.119
ICA1,ENSG00000003147,0.6715,0.018192002125440167,0.021067032434092837,0.4766,0.2992,0.223,0.201
FGFR1,ENSG00000077782,-0.163,0.018284565374252864,0.02117037854356375,0.2144,0.2401,0.104,0.163
TXLNG,ENSG00000086712,-0.1383,0.0183888441122642,0.021287249176626888,0.2295,0.2526,0.109,0.17
TBC1D9B,ENSG00000197226,-0.3925,0.018407944035955724,0.021305490782356162,0.1321,0.1735,0.069,0.123
CCDC6,ENSG00000108091,0.645,0.018447497027066426,0.02134739400028108,0.515,0.3293,0.235,0.218
COL4A3,ENSG00000169031,1.0015,0.018622190267379664,0.021541727990300373,0.2826,0.1411,0.132,0.088
PPCDC,ENSG00000138621,1.4824,0.018621065845334735,0.021541727990300373,0.2165,0.0774,0.101,0.055
NARF,ENSG00000141562,-0.2663,0.01864731784316109,0.021566881576587798,0.1576,0.1895,0.076,0.132
PTPRA,ENSG00000132670,0.7152,0.018678862978154784,0.0215994470316954,0.3972,0.2419,0.194,0.161
OTUD5,ENSG00000068308,-0.4293,0.018867978516278194,0.02181417537926614,0.1223,0.1647,0.062,0.115
HNRNPU,ENSG00000153187,-0.1577,0.019254326105607768,0.02225681394800535,0.9047,1.0092,0.394,0.572
ING5,ENSG00000168395,-0.2818,0.019671739982501893,0.02273519622705757,0.1684,0.2047,0.082,0.137
NUP98,ENSG00000110713,0.7081,0.019677245726093192,0.022737437285452983,0.4115,0.2519,0.195,0.163
SOAT1,ENSG00000057252,-0.1859,0.019690032105111062,0.02274808892172581,0.1877,0.2135,0.091,0.149
ILKAP,ENSG00000132323,-0.1891,0.0197522970170647,0.022815889379196857,0.2003,0.2284,0.099,0.157
ACSL3,ENSG00000123983,0.424,0.019777172071057083,0.02284048404945451,0.6922,0.5159,0.312,0.328
TSPAN14,ENSG00000108219,-0.1285,0.019823045315814927,0.022889316045701893,0.2792,0.3053,0.141,0.206
EXOC6,ENSG00000138190,0.9816,0.01988766211362424,0.022959769281846162,0.261,0.1321,0.132,0.089
ZSWIM8,ENSG00000214655,-0.5093,0.020105850840218945,0.0232074595521267,0.1125,0.1602,0.058,0.11
CDC42BPB,ENSG00000198752,0.893,0.02020908297225144,0.023322393908056287,0.344,0.1852,0.16,0.123
PAK4,ENSG00000130669,-0.549,0.020370675648498163,0.02350462574826711,0.1007,0.1473,0.053,0.105
NFIC,ENSG00000141905,-0.1241,0.02092274114768471,0.02413725566711727,0.8463,0.9223,0.371,0.538
DCAF12,ENSG00000198876,-0.2059,0.021003584525835024,0.02422613558027832,0.1826,0.2106,0.09,0.146
CSNK1G3,ENSG00000151292,0.8647,0.021042335810898524,0.024266441894804286,0.3204,0.1759,0.159,0.121
MCCC1,ENSG00000078070,0.3615,0.021144930288916997,0.024380345558300934,0.7585,0.5903,0.334,0.363
GNA12,ENSG00000146535,0.9693,0.021278049062982786,0.024529396523782145,0.2867,0.1464,0.141,0.099
PBX1,ENSG00000185630,0.7301,0.021345092867855343,0.024602235948757514,0.3815,0.2299,0.18,0.144
HNRNPLL,ENSG00000143889,-0.2573,0.021620661244207123,0.0249153498611389,0.1717,0.2053,0.085,0.14
IQGAP1,ENSG00000140575,-0.1619,0.021688215664910998,0.024988681522466586,0.9169,1.0258,0.399,0.582
FAM193B,ENSG00000146067,1.3234,0.021718632177964638,0.02501888166254968,0.2272,0.0907,0.107,0.062
NOD1,ENSG00000106100,1.2559,0.02172227607877843,0.02501888166254968,0.2378,0.0995,0.108,0.063
INSIG2,ENSG00000125629,-0.1155,0.022010963448035836,0.02534680129718722,0.2592,0.2808,0.131,0.194
SNHG25,ENSG00000266402,-0.1579,0.022025929801111767,0.02535945502656448,0.3465,0.3866,0.164,0.226
CPNE2,ENSG00000140848,-0.474,0.022510434453221276,0.025907929163980076,0.1081,0.1502,0.054,0.105
TRIM27,ENSG00000204713,-0.2752,0.022509550020036045,0.025907929163980076,0.173,0.2094,0.09,0.144
DNAJC1,ENSG00000136770,0.4043,0.022851849476927373,0.02629612642877473,0.7009,0.5296,0.316,0.335
HERC2,ENSG00000128731,0.7206,0.02300552854575195,0.026468190665794745,0.4363,0.2647,0.203,0.175
UBE2R2,ENSG00000107341,0.6843,0.02307027770414348,0.026537896132066887,0.4729,0.2942,0.22,0.198
DDX19A,ENSG00000168872,-0.4117,0.023125902890230927,0.026597082974061367,0.1135,0.1511,0.055,0.107
EHF,ENSG00000135373,0.4483,0.02316191768824148,0.02663369864042919,0.6443,0.4722,0.293,0.301
MAEA,ENSG00000090316,-0.2864,0.02331216215898859,0.02680162917286786,0.1415,0.1725,0.069,0.122
VPS26C,ENSG00000157538,-0.3755,0.023505002033718768,0.027018461587623,0.1291,0.1675,0.067,0.119
TSC22D2,ENSG00000196428,0.8108,0.023562686176131564,0.027079885410643358,0.361,0.2057,0.171,0.137
SEC24A,ENSG00000113615,1.0524,0.023610581216433106,0.027130038798623118,0.2808,0.1354,0.135,0.094
IL13RA1,ENSG00000131724,-0.1786,0.02363548309722833,0.02715375828885035,0.2096,0.2373,0.105,0.163
ZNF331,ENSG00000130844,-0.3618,0.023649788915179975,0.027165298078247267,0.119,0.1529,0.055,0.107
OSBPL1A,ENSG00000141447,-0.1812,0.02464635517811044,0.02830490258700307,0.2097,0.2378,0.105,0.162
NEK6,ENSG00000119408,1.1955,0.024918189427161567,0.028611934005431376,0.2375,0.1036,0.117,0.075
NMD3,ENSG00000169251,-0.4162,0.025063449783136463,0.028773544456599128,0.1105,0.1475,0.055,0.106
ARL13B,ENSG00000169379,-0.1269,0.02520310110851548,0.028928658546414507,0.2375,0.2593,0.118,0.177
KMT5B,ENSG00000110066,0.7065,0.02520993056332901,0.028931288450265068,0.4191,0.2568,0.199,0.172
EML2,ENSG00000125746,-0.2462,0.025427108624262028,0.029175273124490718,0.1763,0.2091,0.09,0.143
POLD3,ENSG00000077514,-0.5224,0.025488857989988737,0.02924086191941303,0.1014,0.1457,0.05,0.1
BCL2L1,ENSG00000171552,0.4345,0.02576199956825045,0.029548892991651067,0.6514,0.482,0.294,0.304
HNRNPC,ENSG00000092199,-0.1373,0.02609089629329945,0.02992075262993056,0.8747,0.9621,0.383,0.549
RBBP8,ENSG00000101773,0.7185,0.026232959387171375,0.030078258290147035,0.376,0.2285,0.186,0.156
RALGAPB,ENSG00000170471,1.0361,0.02632322738926969,0.0301763306251743,0.2782,0.1356,0.134,0.093
PTK2B,ENSG00000120899,0.6855,0.026717497054592806,0.030622805415862844,0.4018,0.2498,0.194,0.165
GAPVD1,ENSG00000165219,0.6471,0.026736997212364864,0.030639647173975552,0.4728,0.3019,0.22,0.199
HECTD1,ENSG00000092148,0.3361,0.026819752717134868,0.030728958226408122,0.7631,0.6045,0.34,0.371
NFX1,ENSG00000086102,0.6596,0.02682515748955231,0.030729627851913025,0.428,0.2709,0.205,0.179
USP7,ENSG00000187555,-0.1318,0.02709218435183063,0.031029945246661923,0.2072,0.227,0.101,0.157
SLC17A5,ENSG00000119899,-0.1959,0.027317807166400573,0.03128274127641524,0.1779,0.2037,0.089,0.142
PLS1,ENSG00000120756,-0.1614,0.027385599759561608,0.031354741104023934,0.2092,0.234,0.105,0.161
RASSF8,ENSG00000123094,0.79,0.027426764732075743,0.031396233644636895,0.346,0.2001,0.166,0.131
TAF3,ENSG00000165632,0.9855,0.0275487364333901,0.03153019654629477,0.3071,0.155,0.144,0.106
CNOT9,ENSG00000144580,-0.4559,0.02777206377871081,0.031780094523295895,0.1128,0.1548,0.059,0.109
MFN2,ENSG00000116688,-0.3905,0.027903079825193546,0.03192428820631889,0.1144,0.15,0.058,0.108
ARL6IP6,ENSG00000177917,-0.417,0.027959049502617996,0.0319825839905239,0.1082,0.1445,0.053,0.102
TBC1D23,ENSG00000036054,1.0822,0.028064320436501256,0.03209724484798986,0.2816,0.1329,0.132,0.093
CREBZF,ENSG00000137504,-0.2385,0.028111455295406245,0.032145386100128216,0.1879,0.2217,0.096,0.15
RRP36,ENSG00000124541,-0.4099,0.02824250442378333,0.03228944865524008,0.1181,0.157,0.063,0.113
NAA15,ENSG00000164134,0.7735,0.028408678474421,0.03247361041320313,0.386,0.2258,0.181,0.151
KIFAP3,ENSG00000075945,-0.3978,0.02857487871918384,0.032657736076514336,0.1185,0.1561,0.056,0.106
CEP104,ENSG00000116198,-0.2214,0.02888207489060501,0.033002908662413864,0.1433,0.167,0.067,0.118
SOCS7,ENSG00000274211,1.2161,0.02912711151115489,0.033276941914625886,0.2347,0.101,0.113,0.072
UBA3,ENSG00000144744,-0.2076,0.02916194625560601,0.03331077000170011,0.2032,0.2347,0.107,0.161
TOP1,ENSG00000198900,-0.1704,0.02923671287908652,0.03338421003119767,1.018,1.1457,0.434,0.617
CD58,ENSG00000116815,-0.4145,0.02923338641890964,0.03338421003119767,0.1171,0.1561,0.058,0.107
PPFIBP1,ENSG00000110841,1.1959,0.029305254901037425,0.033456482806968765,0.2217,0.0967,0.11,0.069
STK24,ENSG00000102572,0.6883,0.0296646361421465,0.03386070821954949,0.4575,0.2839,0.209,0.187
EDEM2,ENSG00000088298,-0.5354,0.02981063019957515,0.03402126164022405,0.0966,0.1401,0.051,0.1
MTMR12,ENSG00000150712,-0.2298,0.029869595878229162,0.03408245457736011,0.1792,0.2102,0.089,0.141
FANCL,ENSG00000115392,1.153,0.029946769041267685,0.03416439739407328,0.2141,0.0962,0.108,0.066
PCMTD1,ENSG00000168300,0.5626,0.030131489335429296,0.0343689827363324,0.5563,0.3766,0.253,0.246
LNPEP,ENSG00000113441,0.7803,0.03018872026844381,0.034428102273940844,0.3474,0.2022,0.172,0.139
MPRIP,ENSG00000133030,0.5482,0.030212950493194887,0.034449572418908496,0.5575,0.3812,0.254,0.248
LLGL2,ENSG00000073350,0.5326,0.030263745578939086,0.034501319396590964,0.5941,0.4106,0.268,0.267
GPBP1L1,ENSG00000159592,0.5906,0.03036927926710054,0.03461543989411156,0.5005,0.3323,0.236,0.223
TCAIM,ENSG00000179152,1.0154,0.03038245736508047,0.034624269878868075,0.3167,0.1566,0.144,0.109
TMEM181,ENSG00000146433,0.7721,0.03040481406301944,0.034643554897542256,0.3698,0.2165,0.177,0.146
GALM,ENSG00000143891,-0.2861,0.03094533918410959,0.03524683532226169,0.1523,0.1857,0.077,0.128
FILIP1L,ENSG00000168386,0.8401,0.030943883780897907,0.03524683532226169,0.2913,0.1627,0.144,0.106
SHTN1,ENSG00000187164,0.6465,0.03118101266627848,0.03550892385629248,0.4216,0.2693,0.203,0.179
SEC16A,ENSG00000148396,-0.1665,0.031263435668102864,0.03559642835937771,0.1923,0.2158,0.096,0.149
EVPL,ENSG00000167880,-0.4723,0.031381086205944715,0.03572400438623171,0.1112,0.1543,0.056,0.105
SLC4A7,ENSG00000033867,1.2095,0.031546730877499464,0.03590616128263865,0.2065,0.0892,0.103,0.06
SF3B3,ENSG00000189091,-0.2201,0.031656686348200964,0.03602487959117836,0.1879,0.2189,0.098,0.15
CEP350,ENSG00000135837,0.5769,0.03184713950925353,0.03623514445323778,0.4842,0.3246,0.23,0.212
SCN9A,ENSG00000169432,0.9405,0.03201459104081668,0.03641916807373417,0.2777,0.1446,0.135,0.096
PI4KA,ENSG00000241973,0.7475,0.032277442971622154,0.036711632282621094,0.3872,0.2306,0.181,0.152
PRKRIP1,ENSG00000128563,0.9543,0.032600234941697094,0.03707004189706379,0.2985,0.154,0.141,0.105
GRB7,ENSG00000141738,-0.204,0.03260419214381752,0.03707004189706379,0.1744,0.2009,0.081,0.133
NUP54,ENSG00000138750,-0.3419,0.032644396267388465,0.03710913448726845,0.1248,0.1582,0.063,0.112
NOTCH2,ENSG00000134250,0.8957,0.032712718605903614,0.037180171351869414,0.3012,0.1618,0.146,0.11
TRIM33,ENSG00000197323,0.6701,0.03285279460308893,0.037332721139873785,0.4298,0.2701,0.204,0.181
SPIN1,ENSG00000106723,0.8537,0.03294298275833432,0.037428535926640756,0.3363,0.1861,0.16,0.127
CFH,ENSG00000000971,1.1528,0.03328881083503119,0.037814712949630055,0.2239,0.1006,0.108,0.067
SUPT20H,ENSG00000102710,0.8018,0.03334121580121638,0.03786749523120513,0.3746,0.2148,0.176,0.147
ASXL2,ENSG00000143970,0.8808,0.03336045898205846,0.03788260171190286,0.265,0.1439,0.137,0.099
ZNF146,ENSG00000167635,-0.2666,0.033668080093554924,0.038225113196155416,0.1347,0.1621,0.067,0.116
PPP1R21,ENSG00000162869,1.0459,0.03414783344072773,0.03876289853715087,0.2436,0.1179,0.121,0.081
IFT88,ENSG00000032742,0.9935,0.03480044663289557,0.03949667923886581,0.2867,0.1439,0.134,0.096
MTSS1,ENSG00000170873,0.7156,0.03486519382705149,0.039563120442764915,0.3632,0.2211,0.175,0.143
PLCXD1,ENSG00000182378,-0.1423,0.03507787232864636,0.03979737250313589,0.185,0.2042,0.085,0.137
CLDN1,ENSG00000163347,-0.4758,0.03557045233526685,0.04034904513119683,0.1341,0.1866,0.072,0.118
ENTPD6,ENSG00000197586,-0.1669,0.03568473130725502,0.040471475197251514,0.1692,0.19,0.082,0.132
ERBB2,ENSG00000141736,-0.1365,0.035912245198362905,0.04072226309846381,0.2192,0.2409,0.11,0.164
ZNF787,ENSG00000142409,-0.3688,0.036444912390348534,0.04131892521580507,0.1162,0.15,0.058,0.105
DTX3L,ENSG00000163840,-0.1505,0.03648778830852781,0.041360179670495156,0.1858,0.2062,0.091,0.143
DCAF8,ENSG00000132716,-0.1065,0.037006339183982766,0.041940517741847136,0.2479,0.2669,0.125,0.179
OXSR1,ENSG00000172939,0.88,0.03703823462528442,0.04196920471670604,0.298,0.1619,0.146,0.111
RBM39,ENSG00000131051,-0.132,0.03743034353638953,0.0424059783267253,0.9282,1.0171,0.399,0.58
WDR11,ENSG00000120008,0.8484,0.03745980791785079,0.04243181867027342,0.2811,0.1561,0.14,0.103
TMEM68,ENSG00000167904,-0.2373,0.03754145180031383,0.04251674457754498,0.1444,0.1702,0.072,0.121
CCDC88C,ENSG00000015133,0.7506,0.03790553246775674,0.04292145106251318,0.3496,0.2077,0.171,0.14
HDAC5,ENSG00000108840,-0.3426,0.038440462879024646,0.04351943719655161,0.1209,0.1534,0.059,0.107
ZNG1B,ENSG00000136682,-0.3672,0.038994561136450986,0.04413890753637696,0.1214,0.1566,0.059,0.106
SIAH2,ENSG00000181788,-0.3939,0.03912098180435797,0.044274145038661825,0.1201,0.1578,0.065,0.113
AATF,ENSG00000275700,-0.1652,0.039233132877822756,0.044393188160475695,0.1809,0.2028,0.09,0.14
ACOT9,ENSG00000123130,-0.434,0.0395306677450269,0.044721917812696806,0.1048,0.1416,0.054,0.1
ZBTB1,ENSG00000126804,1.1892,0.03981711914455604,0.045037994064326604,0.2261,0.0991,0.108,0.069
SRRM2,ENSG00000167978,-0.1579,0.0399512291294248,0.045181672112840715,1.0118,1.1288,0.431,0.627
BRD1,ENSG00000100425,1.0907,0.04005922824664138,0.04529577511038291,0.2344,0.11,0.116,0.077
RANBP3,ENSG00000031823,-0.2737,0.04018056847677737,0.045424920028277305,0.155,0.1874,0.082,0.13
KLHL20,ENSG00000076321,0.8606,0.04026940916151942,0.045517284291611046,0.3294,0.1814,0.155,0.124
PPP2R2D,ENSG00000175470,1.0018,0.04032994512585192,0.04556954983645976,0.2711,0.1353,0.13,0.094
PEX7,ENSG00000112357,-0.4128,0.040324836705123615,0.04556954983645976,0.1077,0.1434,0.055,0.102
LUC7L2,ENSG00000146963,0.4856,0.04035330489533223,0.045587864382020726,0.5502,0.3929,0.259,0.255
CNOT10,ENSG00000182973,1.0544,0.040572861248250124,0.04582778002437891,0.2564,0.1234,0.121,0.083
FHOD1,ENSG00000135723,-0.3297,0.04080817006129744,0.046085400202085236,0.127,0.1596,0.063,0.11
ACTN1,ENSG00000072110,-0.3739,0.041196728687667425,0.04651596623873181,0.1088,0.141,0.055,0.101
STAT1,ENSG00000115415,0.7461,0.04149786346088146,0.04684768541935883,0.4005,0.2387,0.186,0.162
ATG2B,ENSG00000066739,0.9932,0.04164387884058297,0.04700420106386622,0.2593,0.1302,0.126,0.089
YLPM1,ENSG00000119596,0.8138,0.04173958542994379,0.047103886903149525,0.3044,0.1731,0.151,0.118
CASD1,ENSG00000127995,0.645,0.04176701804446666,0.04712650266079203,0.3759,0.2404,0.186,0.158
MYO9B,ENSG00000099331,1.1066,0.0417925854411687,0.04714700622676526,0.2462,0.1143,0.114,0.076
DNAAF4,ENSG00000256061,1.1736,0.04297346280947742,0.04847059897565792,0.2097,0.0929,0.1,0.06
BRD3,ENSG00000169925,-0.3283,0.04299079337087884,0.048481568678463226,0.1271,0.1596,0.067,0.113
ZC3H7A,ENSG00000122299,0.6586,0.04338831231299769,0.0489212046330669,0.4043,0.2561,0.195,0.171
MRPS27,ENSG00000113048,-0.1969,0.043550056320684406,0.04909489107769462,0.1668,0.1912,0.085,0.133
MORC3,ENSG00000159256,0.9862,0.04374200680490632,0.049302562479009514,0.2766,0.1396,0.132,0.097
MXI1,ENSG00000119950,-0.2119,0.044570551025822816,0.050227552198978336,0.1384,0.1603,0.067,0.114
HYCC1,ENSG00000122591,1.1423,0.04487641177589082,0.050563295346642625,0.1897,0.0859,0.1,0.061
BRD9,ENSG00000028310,-0.3371,0.0449379558182234,0.05062369117179257,0.1241,0.1568,0.062,0.107
EIF2AK3,ENSG00000172071,0.9433,0.04507849430716405,0.050773039082715694,0.258,0.1341,0.127,0.091
NOL8,ENSG00000198000,-0.4328,0.045444983813123695,0.05117678357333749,0.1057,0.1426,0.056,0.102
NPAS2,ENSG00000170485,0.9409,0.04581398127790735,0.051583209227597904,0.2617,0.1362,0.126,0.09
PPME1,ENSG00000214517,0.9597,0.04588189708827102,0.05165055517176899,0.2784,0.1431,0.134,0.099
MYEF2,ENSG00000104177,0.8761,0.045948267939281855,0.05171613843801586,0.3046,0.1659,0.145,0.112
KIF13B,ENSG00000197892,0.7732,0.04680274656450763,0.05266858064408404,0.3394,0.1985,0.164,0.134
UIMC1,ENSG00000087206,0.9602,0.04693490565284575,0.05280798156316478,0.234,0.1202,0.118,0.081
NT5C3A,ENSG00000122643,-0.1398,0.046982626143182375,0.05285234544958314,0.1716,0.1891,0.085,0.133
SHB,ENSG00000107338,0.8703,0.047057816722052455,0.052927590261659205,0.2939,0.1607,0.142,0.108
TOP2B,ENSG00000077097,0.6626,0.047390109798750926,0.05329192978779982,0.4297,0.2714,0.203,0.184
RHOT1,ENSG00000126858,0.553,0.04757608089542838,0.05349162534538905,0.5076,0.346,0.236,0.227
RAB28,ENSG00000157869,0.8569,0.047709232634963884,0.05363187410472487,0.2969,0.1639,0.144,0.11
CDK12,ENSG00000167258,0.7337,0.04786757254248431,0.05380038345527812,0.4049,0.2434,0.187,0.164
CHORDC1,ENSG00000110172,-0.2026,0.04800901847307036,0.05394984889226574,0.148,0.1703,0.072,0.118
CLCN7,ENSG00000103249,-0.2546,0.048051309144384234,0.053987856150061596,0.138,0.1646,0.069,0.115
KANK2,ENSG00000197256,-0.1669,0.04830783578498428,0.05426651156462992,0.1509,0.1695,0.072,0.119
KPNA5,ENSG00000196911,1.0562,0.04889641939237241,0.054918018609297764,0.2433,0.1169,0.117,0.081
RMC1,ENSG00000141452,-0.2473,0.04970128585658189,0.05581217145247658,0.1483,0.176,0.071,0.117
MIR222HG,ENSG00000270069,-0.3369,0.04996255956984358,0.05609568813979443,0.1342,0.1695,0.064,0.109
VGLL4,ENSG00000144560,0.5874,0.05011487946574239,0.05625679813243665,0.4692,0.3122,0.223,0.215
PGM3,ENSG00000013375,-0.1626,0.05058963535702583,0.05677974038750699,0.1675,0.1875,0.085,0.132
KDM3B,ENSG00000120733,0.7899,0.05093162006428791,0.05715350781725672,0.3112,0.18,0.153,0.122
PCLO,ENSG00000186472,0.8101,0.05121570398116144,0.05746218107706867,0.33,0.1882,0.154,0.124
CMSS1,ENSG00000184220,0.7439,0.05154641750676878,0.05782305324751908,0.3479,0.2077,0.167,0.139
LPGAT1,ENSG00000123684,1.0946,0.05163757531214892,0.057915120094114945,0.2348,0.1099,0.113,0.077
TTC3,ENSG00000182670,0.2308,0.05213524203621848,0.058463002283358455,0.8534,0.7272,0.377,0.442
CTTNBP2NL,ENSG00000143079,1.1275,0.052373978938574255,0.05872038616486298,0.2399,0.1097,0.113,0.078
VTA1,ENSG00000009844,-0.3123,0.05252194385511363,0.05887592616077886,0.1151,0.143,0.058,0.102
WASHC4,ENSG00000136051,0.7043,0.05264330736789334,0.05900159712909987,0.3659,0.2245,0.178,0.152
PCSK2,ENSG00000125851,-0.1466,0.052987678963831865,0.059377123113803505,0.2135,0.2363,0.094,0.143
WIPI1,ENSG00000070540,-0.1247,0.05326471418743268,0.059677074331262445,0.158,0.1723,0.076,0.123
PDHX,ENSG00000110435,0.8216,0.05329977459409507,0.0597058624209025,0.367,0.2076,0.168,0.144
WDR20,ENSG00000140153,1.034,0.05342772375558567,0.05983867514790208,0.2558,0.1249,0.121,0.086
FBXO3,ENSG00000110429,-0.1105,0.05459979531809552,0.06114064555644808,0.1552,0.1676,0.072,0.118
INPPL1,ENSG00000165458,-0.1925,0.054774704108096525,0.061325735632089096,0.16,0.1829,0.08,0.125
MSL2,ENSG00000174579,0.997,0.05527987415428043,0.061880456142851224,0.2104,0.1054,0.109,0.072
SESN1,ENSG00000080546,1.0503,0.055417019720922014,0.06202308650296311,0.2233,0.1078,0.109,0.073
SH3KBP1,ENSG00000147010,0.4822,0.0554842672268832,0.0620874501617308,0.569,0.4073,0.262,0.259
PPARA,ENSG00000186951,1.1773,0.05569407624471476,0.062311290989830924,0.2129,0.0941,0.103,0.066
CSAD,ENSG00000139631,1.1078,0.05602854739962023,0.06267450248685365,0.2286,0.106,0.108,0.072
C3orf52,ENSG00000114529,0.889,0.056055011446774675,0.06269310490757693,0.3062,0.1653,0.142,0.112
CDC27,ENSG00000004897,0.7987,0.05634052040767802,0.06300137126801393,0.3147,0.1809,0.154,0.125
LARP1B,ENSG00000138709,0.6488,0.056355987750456166,0.06300761520679728,0.4317,0.2753,0.202,0.184
PBRM1,ENSG00000163939,0.4814,0.056441121337281165,0.06309173216292607,0.5601,0.4012,0.261,0.261
SSH1,ENSG00000084112,0.9805,0.056931744419443396,0.06361785638456646,0.2353,0.1192,0.114,0.079
SMAD1,ENSG00000170365,1.056,0.05692784439958378,0.06361785638456646,0.2031,0.0976,0.104,0.067
KCNS3,ENSG00000170745,-0.1843,0.05720823556806673,0.06391561544802407,0.1545,0.1756,0.076,0.121
ZNF280D,ENSG00000137871,0.7199,0.057425910568914836,0.06414756962972351,0.3939,0.2391,0.184,0.162
ABCC9,ENSG00000069431,0.7901,0.05768467761602071,0.06442533633534198,0.329,0.1902,0.15,0.121
INTS12,ENSG00000138785,0.795,0.05800578507425725,0.06477261864571553,0.2807,0.1617,0.141,0.109
CAAP1,ENSG00000120159,-0.1948,0.058516161551933905,0.06533109104966352,0.1567,0.1793,0.077,0.122
SLC43A2,ENSG00000167703,0.8738,0.05884762205392079,0.06568964990259937,0.3042,0.166,0.145,0.116
IQCB1,ENSG00000173226,0.9806,0.05934142670430827,0.06622927087534404,0.2541,0.1287,0.122,0.088
GALNT7,ENSG00000109586,0.6764,0.05961392457026891,0.06652175199290465,0.3692,0.231,0.177,0.153
TUBGCP3,ENSG00000126216,1.1044,0.059645842620991985,0.06654572046006718,0.2149,0.0999,0.107,0.071
HNRNPH1,ENSG00000169045,0.2225,0.05972595343085611,0.06662343886644055,0.8569,0.7344,0.379,0.435
SLC25A29,ENSG00000197119,0.9575,0.059786856700724984,0.06667970809431802,0.2446,0.1259,0.119,0.085
PIK3CA,ENSG00000121879,0.8895,0.05986305821681825,0.06675301664023375,0.2888,0.1559,0.139,0.108
TAF2,ENSG00000064313,0.9643,0.06031633429024126,0.06724670008749353,0.2466,0.1263,0.121,0.086
ACER3,ENSG00000078124,1.1663,0.06055506887207904,0.06750106033563627,0.2055,0.0915,0.1,0.064
CNOT4,ENSG00000080802,0.569,0.06144717945817824,0.06848352605697314,0.4514,0.3043,0.216,0.201
PPP3CC,ENSG00000120910,0.9772,0.06180277811492487,0.06886780466398287,0.2839,0.1442,0.13,0.098
KMT2A,ENSG00000118058,0.5824,0.0618153044409781,0.0688697248883669,0.4839,0.3232,0.222,0.211
PPP4R3A,ENSG00000100796,0.6191,0.06189416411844692,0.06894553490391388,0.4583,0.2983,0.213,0.2
N4BP1,ENSG00000102921,0.7726,0.06284011204350332,0.06998702206102964,0.3469,0.203,0.163,0.138
DHTKD1,ENSG00000181192,-0.2625,0.06300060525480566,0.07015351240163949,0.1333,0.16,0.069,0.113
SIL1,ENSG00000120725,0.3929,0.06337427602878377,0.07055728426187506,0.6059,0.4614,0.285,0.295
BCR,ENSG00000186716,0.9673,0.06365773486257578,0.07086049585278865,0.2564,0.1311,0.123,0.09
SP100,ENSG00000067066,0.5732,0.06367859509368733,0.07087134143195822,0.4855,0.3263,0.226,0.216
SPAG9,ENSG00000008294,0.1204,0.06399002826193557,0.0712055210629847,1.0251,0.943,0.431,0.532
PAXBP1,ENSG00000159086,0.9744,0.06421971387420405,0.07144863454590765,0.268,0.1363,0.125,0.092
HDHD2,ENSG00000167220,-0.2645,0.06486341516139882,0.07215220234756892,0.1302,0.1564,0.071,0.114
NIPAL3,ENSG00000001461,0.8446,0.065193256103609,0.07250645632597826,0.2833,0.1577,0.141,0.112
ITGB3BP,ENSG00000142856,-0.3854,0.06523089981873584,0.0725356682966058,0.1207,0.1577,0.064,0.106
APOOL,ENSG00000155008,-0.3682,0.06552667006396697,0.07285185239933543,0.1133,0.1462,0.062,0.103
JMY,ENSG00000152409,1.0229,0.06569994144429561,0.07303175705446983,0.2355,0.1159,0.114,0.081
AGPS,ENSG00000018510,1.0048,0.06582684383489287,0.07316006440854987,0.2095,0.1044,0.108,0.073
AGTPBP1,ENSG00000135049,1.0184,0.06586698917335147,0.07319192190694015,0.2158,0.1065,0.107,0.072
DDX10,ENSG00000178105,0.9288,0.06680314937667352,0.07421925362082496,0.2322,0.1219,0.116,0.081
MTOR,ENSG00000198793,1.1276,0.0673240341360582,0.07478493075751368,0.2057,0.0941,0.1,0.065
GPAT4,ENSG00000158669,-0.2666,0.06805142468573629,0.07557976173720711,0.1334,0.1605,0.071,0.113
ADAM17,ENSG00000151694,0.7304,0.06832536093418748,0.075870784872922,0.3795,0.2287,0.175,0.151
TMPO,ENSG00000120802,-0.1484,0.06847629828873099,0.07602514830906654,0.1607,0.1781,0.08,0.124
MED14,ENSG00000180182,0.8974,0.06869296784633684,0.07625242382385466,0.2244,0.1204,0.118,0.085
DUOX1,ENSG00000137857,-0.1472,0.0687596171292812,0.07631311963773811,1.0218,1.1317,0.438,0.614
ATG10,ENSG00000152348,1.0366,0.06886910545847684,0.0764213311223307,0.2244,0.1093,0.109,0.076
LEMD3,ENSG00000174106,0.852,0.06938194664522727,0.07697701181053322,0.2731,0.1513,0.136,0.105
CRY2,ENSG00000121671,-0.1735,0.06949109850248962,0.0770763867988313,0.1572,0.1773,0.077,0.12
MTREX,ENSG00000039123,0.7616,0.06949569746191095,0.0770763867988313,0.3717,0.2192,0.171,0.148
DDX3Y,ENSG00000067048,-0.1877,0.06988521328658286,0.0774949094976458,0.1434,0.1633,0.071,0.113
TRAPPC6B,ENSG00000182400,-0.3554,0.0700424462996592,0.07765575568005693,0.1186,0.1517,0.065,0.107
GTF3C2,ENSG00000115207,-0.2778,0.07081954210615937,0.07850366561063571,0.124,0.1503,0.064,0.106
C8orf34-AS1,ENSG00000248801,0.5509,0.07214561749637785,0.07995972036498762,0.4333,0.2957,0.203,0.185
DDX19B,ENSG00000157349,-0.1171,0.07252523244169527,0.08036647954385666,0.1401,0.1519,0.065,0.108
MAP3K21,ENSG00000143674,1.0531,0.07273504490702114,0.08058496894026064,0.2303,0.111,0.11,0.078
FARSB,ENSG00000116120,-0.3374,0.07306147537165014,0.08093256394340047,0.1167,0.1475,0.062,0.102
UBXN7,ENSG00000163960,0.9016,0.07332960938819237,0.08121547252427491,0.2843,0.1521,0.136,0.107
MIR29B2CHG,ENSG00000203709,0.8072,0.07379157138394372,0.08171291776491944,0.2618,0.1496,0.131,0.1
GALNT12,ENSG00000119514,-0.2394,0.0738580187580609,0.08177229412689098,0.1312,0.155,0.067,0.109
ARHGAP5,ENSG00000100852,0.4468,0.07428686977154435,0.08223281729355708,0.5613,0.4118,0.263,0.269
DCP2,ENSG00000172795,0.9769,0.0754539558778672,0.08349574183673032,0.2276,0.1156,0.113,0.081
AKAP7,ENSG00000118507,1.0002,0.07544657694976255,0.08349574183673032,0.2292,0.1145,0.109,0.077
NAF1,ENSG00000145414,-0.2174,0.07568915977497535,0.08374147753652689,0.1359,0.158,0.071,0.112
PER3,ENSG00000049246,0.9498,0.07601895511264307,0.08409176450513614,0.3189,0.165,0.139,0.112
ANKS6,ENSG00000165138,1.0613,0.07633626331250157,0.0844281191216512,0.2198,0.1053,0.107,0.074
DBT,ENSG00000137992,-0.1904,0.07723135372151972,0.08540327493056171,0.1309,0.1494,0.064,0.106
MAPRE3,ENSG00000084764,-0.3166,0.07802621680657215,0.08626727924764091,0.1181,0.1472,0.062,0.102
ODF2L,ENSG00000122417,0.6559,0.07822992800010359,0.086477508410033,0.389,0.2468,0.184,0.165
TPP2,ENSG00000134900,0.6273,0.07889083625700033,0.08719297523203487,0.3988,0.2582,0.19,0.172
AHCTF1,ENSG00000153207,0.8463,0.07900185357720942,0.08730054022442538,0.3042,0.1691,0.144,0.117
PHF10,ENSG00000130024,-0.2345,0.07918204804259435,0.08748449848726846,0.1232,0.145,0.063,0.104
MAN1A2,ENSG00000198162,0.6252,0.07926138822310588,0.0875569831783573,0.4253,0.2757,0.2,0.186
PPP2R3C,ENSG00000092020,-0.2537,0.07931260973698472,0.08759838653383187,0.1515,0.1807,0.08,0.121
NME7,ENSG00000143156,0.9012,0.07974522048157573,0.0880609354876226,0.2127,0.1138,0.109,0.076
PHF14,ENSG00000106443,0.554,0.08305259971837563,0.0916973195712928,0.4887,0.3328,0.226,0.22
ANKFY1,ENSG00000185722,0.7018,0.08324092327600996,0.09188933088910191,0.3343,0.2055,0.163,0.14
ZDHHC5,ENSG00000156599,-0.2096,0.08340357168842855,0.0920529379352029,0.1295,0.1498,0.065,0.106
OSBPL9,ENSG00000117859,0.4571,0.08347965133830634,0.09212095850470883,0.5611,0.4087,0.258,0.263
TCERG1,ENSG00000113649,0.6258,0.08435524696185866,0.09307107985147957,0.392,0.254,0.189,0.17
S100PBP,ENSG00000116497,0.8838,0.08445763501052408,0.09316792233813653,0.2319,0.1256,0.117,0.085
SEC22A,ENSG00000121542,0.9932,0.08710060596008848,0.09606684480892112,0.1935,0.0972,0.1,0.067
SCAP,ENSG00000114650,-0.2381,0.08713861373968664,0.09609214021631246,0.1286,0.1517,0.067,0.106
AP1G1,ENSG00000166747,0.6374,0.08745147584650464,0.09642047016974525,0.4006,0.2575,0.187,0.17
ATG5,ENSG00000057663,0.6883,0.08752705815477838,0.09648711667589698,0.3766,0.2337,0.18,0.16
KPNA1,ENSG00000114030,0.662,0.08772284594353114,0.09668622802386083,0.3704,0.2341,0.177,0.157
NRP2,ENSG00000118257,0.5397,0.08924480726257668,0.09834669771805123,0.4873,0.3352,0.222,0.215
PLEKHM2,ENSG00000116786,-0.1369,0.0898000168115537,0.09894142882365274,0.1555,0.1709,0.077,0.118
AKAP9,ENSG00000127914,0.1245,0.09039216937816263,0.09957665107755086,0.9746,0.894,0.425,0.517
BANK1,ENSG00000153064,0.8616,0.09088302110038028,0.10010007939096827,0.29,0.1596,0.132,0.105
GCLM,ENSG00000023909,-0.1542,0.09213543491093,0.1014619791945377,0.1294,0.144,0.063,0.102
EEF1AKMT2,ENSG00000203791,-0.1948,0.09223089883078402,0.10154956477482696,0.1265,0.1448,0.063,0.102
GARRE1,ENSG00000166398,1.0648,0.09228734666182833,0.10159416939546807,0.2075,0.0991,0.101,0.07
STXBP3,ENSG00000116266,-0.1248,0.0925047123423799,0.10180308683169534,0.1501,0.1637,0.076,0.116
PCGF3,ENSG00000185619,0.9302,0.09250906384564879,0.10180308683169534,0.2339,0.1227,0.114,0.084
SLC11A2,ENSG00000110911,0.5955,0.093114065767914,0.10245118558344007,0.4253,0.2814,0.202,0.188
SPATA6,ENSG00000132122,0.9564,0.0950711390908224,0.10458645585918772,0.2425,0.1249,0.113,0.083
ACO1,ENSG00000122729,-0.1492,0.09551974815000248,0.1050618347923164,0.1707,0.1894,0.092,0.133
ZNRF1,ENSG00000186187,0.9626,0.09588492994284827,0.10544530418934926,0.2252,0.1155,0.11,0.08
RASSF5,ENSG00000266094,1.0501,0.09621080602867618,0.10578542401393767,0.2162,0.1044,0.104,0.074
MR1,ENSG00000153029,-0.2152,0.09695027988984016,0.10658010593166599,0.1363,0.1583,0.072,0.111
IFT74,ENSG00000096872,0.9297,0.09860991299706258,0.10838589575108172,0.2503,0.1313,0.119,0.091
NDNF,ENSG00000173376,0.5169,0.09931109422611573,0.10913777377891531,0.4476,0.3128,0.209,0.198
FGFR2,ENSG00000066468,0.5327,0.10056090924012712,0.11049220896342819,0.5604,0.3874,0.24,0.247
IL4R,ENSG00000077238,0.6709,0.10066096800433985,0.11058308995823997,0.3446,0.2164,0.164,0.142
NNT-AS1,ENSG00000248092,-0.1839,0.1013323957803664,0.11130152017571258,0.1374,0.1561,0.071,0.109
CLK4,ENSG00000113240,-0.1741,0.10169721380587689,0.11168298673772009,0.1318,0.1487,0.064,0.102
PACSIN2,ENSG00000100266,0.2755,0.10227979619455109,0.11230342761630438,0.7827,0.6467,0.343,0.392
TBK1,ENSG00000183735,0.8926,0.1026055617390711,0.11264171794154955,0.227,0.1222,0.114,0.085
PALS1,ENSG00000072415,0.6981,0.10471837706063267,0.11494140044103533,0.3051,0.188,0.153,0.129
GPATCH2L,ENSG00000089916,0.8841,0.10546355540626984,0.11573939847047172,0.253,0.137,0.122,0.094
BLTP2,ENSG00000007202,-0.1108,0.10593061628344327,0.11623195848656641,0.1567,0.1692,0.08,0.119
RRM2B,ENSG00000048392,0.6661,0.10645122482654429,0.11678309383397346,0.3235,0.2038,0.16,0.138
TAF1B,ENSG00000115750,0.9425,0.10781364618646941,0.11825739752903347,0.2168,0.1127,0.108,0.078
TMEM120B,ENSG00000188735,0.8412,0.10883272862168027,0.1193546610980925,0.2619,0.1462,0.126,0.099
MDFIC,ENSG00000135272,0.7872,0.11019166803977719,0.12082419741203639,0.2552,0.1478,0.128,0.101
ZZEF1,ENSG00000074755,0.7847,0.11088620067159276,0.12156483736567564,0.255,0.148,0.128,0.101
KCTD9,ENSG00000104756,-0.1424,0.11124610028406724,0.1219384266353041,0.1282,0.1415,0.063,0.1
POLK,ENSG00000122008,0.5902,0.11157239733062083,0.12227506154077837,0.3769,0.2503,0.184,0.167
SLAIN1,ENSG00000139737,0.8984,0.11170043072361714,0.12239433583070802,0.2591,0.139,0.122,0.096
MYSM1,ENSG00000162601,0.8279,0.11175943244056678,0.12243794153782665,0.2772,0.1561,0.132,0.107
MARF1,ENSG00000166783,0.8143,0.11557309698572504,0.12659424283230192,0.268,0.1524,0.13,0.104
RNF43,ENSG00000108375,0.8052,0.118157780402416,0.12940316956973064,0.2117,0.1211,0.11,0.081
RPS6KB1,ENSG00000108443,0.8131,0.11953010738795726,0.13088361982106278,0.2751,0.1565,0.134,0.109
CCDC66,ENSG00000180376,0.8212,0.12016782341983454,0.13155931209023616,0.3167,0.1792,0.144,0.123
NUFIP2,ENSG00000108256,0.4405,0.12210871170320242,0.1336612357671558,0.5631,0.4149,0.258,0.265
LNX2,ENSG00000139517,0.4361,0.12214215511898166,0.13367489079545203,0.4939,0.365,0.239,0.238
ADCY7,ENSG00000121281,-0.123,0.1240822533200636,0.1357748652446628,0.1365,0.1487,0.065,0.102
LTN1,ENSG00000198862,-0.1763,0.1261102501326594,0.13797028395326988,0.1486,0.1679,0.081,0.117
PDCD4,ENSG00000150593,-0.1609,0.1269856578403174,0.1389041813198393,0.1393,0.1558,0.068,0.104
CPSF2,ENSG00000165934,-0.2168,0.12759620131497046,0.13954808429969748,0.1295,0.1505,0.069,0.105
DAB2IP,ENSG00000136848,0.9747,0.1296980431019605,0.14182247423241823,0.2063,0.1049,0.1,0.072
PCBD2,ENSG00000132570,0.9107,0.13012769710308467,0.14226789041882434,0.2171,0.1154,0.108,0.081
AXIN2,ENSG00000168646,-0.2011,0.1301618891174055,0.14228087159181416,0.1408,0.1619,0.076,0.112
TNFRSF10B,ENSG00000120889,0.6,0.1305022892414785,0.14262850915728192,0.4207,0.2775,0.195,0.183
PSEN1,ENSG00000080815,0.7607,0.13127310489397961,0.143421772699078,0.2983,0.176,0.142,0.121
ARID1A,ENSG00000117713,0.5218,0.13126736803496386,0.143421772699078,0.4472,0.3114,0.212,0.206
MAP3K4,ENSG00000085511,0.797,0.1326594371069234,0.14491156812142506,0.2657,0.1529,0.127,0.103
ATL2,ENSG00000119787,0.5927,0.13474942531770692,0.14716936549603934,0.3802,0.2521,0.177,0.161
FRY,ENSG00000073910,0.5555,0.1377775970237325,0.15045087033680962,0.4878,0.3318,0.216,0.214
INTS6,ENSG00000102786,0.4977,0.1385365458856563,0.15125372153126546,0.4248,0.3008,0.203,0.191
METTL16,ENSG00000127804,0.7089,0.13892172123523303,0.1516482830264744,0.3006,0.1839,0.146,0.125
GTF2F2,ENSG00000188342,0.1156,0.1402783447128823,0.15310296996141495,0.3278,0.3026,0.155,0.206
LRRFIP2,ENSG00000093167,0.4128,0.14056237901213334,0.15338671109249402,0.5775,0.4338,0.266,0.28
SLC7A6,ENSG00000103064,0.6688,0.14394274665382978,0.1570486068660217,0.3096,0.1947,0.151,0.132
MIS18BP1,ENSG00000129534,0.7662,0.14684856156627604,0.16019157768395104,0.2658,0.1562,0.131,0.109
MPZL3,ENSG00000160588,0.6988,0.14736837525722649,0.16073111929252676,0.3028,0.1865,0.145,0.124
SMARCA1,ENSG00000102038,0.648,0.1487130009758102,0.16216992494368626,0.3636,0.232,0.169,0.154
CAPN7,ENSG00000131375,0.5962,0.15196139910555317,0.16568392667999,0.3734,0.247,0.177,0.165
FUBP1,ENSG00000162613,0.5822,0.15259797727788982,0.16634953918374618,0.426,0.2845,0.198,0.19
WDR26,ENSG00000162923,0.5114,0.1534402010133102,0.1672390633372974,0.4029,0.2826,0.199,0.19
CSTF3,ENSG00000176102,0.7479,0.15453180897754656,0.1684000482447623,0.2857,0.1701,0.137,0.116
DICER1,ENSG00000100697,0.452,0.15558137196047928,0.16951482588413183,0.5288,0.3865,0.245,0.251
CCNL2,ENSG00000221978,0.4755,0.1562775226560663,0.17024422538148026,0.5115,0.3679,0.235,0.24
CMTM7,ENSG00000153551,0.401,0.1569771303233672,0.17097714092114571,0.5391,0.4083,0.252,0.262
PMM2,ENSG00000140650,0.7971,0.1584707098819912,0.17257444063848545,0.2385,0.1372,0.117,0.093
STIM2,ENSG00000109689,0.7168,0.1593296347177129,0.17348017443645083,0.2978,0.1812,0.142,0.123
CLCN5,ENSG00000171365,0.7235,0.16107369912226688,0.17534918577603337,0.2585,0.1565,0.127,0.104
COL4A4,ENSG00000081052,0.7763,0.16142961276014445,0.17570663844048504,0.2632,0.1536,0.125,0.103
TBC1D2B,ENSG00000167202,0.7141,0.1622758816856822,0.1765976008443537,0.2952,0.1799,0.142,0.124
ARID4A,ENSG00000032219,0.1001,0.162932516594962,0.17728192409846094,0.4608,0.4299,0.205,0.27
ZBTB18,ENSG00000179456,-0.1197,0.1633141236987341,0.1776668154572406,0.1347,0.1464,0.069,0.103
ATF6,ENSG00000118217,0.4563,0.1672213861939812,0.18188642501051527,0.5222,0.3806,0.24,0.245
TNPO3,ENSG00000064419,0.7836,0.16738018413980338,0.18202809175899803,0.266,0.1545,0.128,0.107
ZNF326,ENSG00000162664,0.1485,0.16905788741596028,0.18382125742397182,0.2848,0.2569,0.132,0.176
ZDHHC2,ENSG00000104219,0.1107,0.16951181429305517,0.18428339292602774,0.241,0.2232,0.113,0.153
ZFYVE16,ENSG00000039319,0.6227,0.1709784755528273,0.1858461690791601,0.2868,0.1862,0.146,0.126
ZNF44,ENSG00000197857,0.7817,0.1715136237174969,0.18639607078060735,0.2195,0.1276,0.112,0.088
CABIN1,ENSG00000099991,0.1097,0.17160156854867492,0.18645986014961693,0.4439,0.4114,0.205,0.263
PITPNB,ENSG00000180957,0.6345,0.1727927188914029,0.18772215114735744,0.3392,0.2185,0.163,0.148
CAMK2G,ENSG00000148660,0.6421,0.17304750332723862,0.1879669166316487,0.3294,0.211,0.16,0.145
CARNMT1,ENSG00000156017,0.8255,0.1732647633536647,0.18817084606126278,0.2241,0.1264,0.112,0.088
TM7SF3,ENSG00000064115,0.1264,0.17403626078842227,0.18897652231752546,0.3773,0.3457,0.177,0.232
QSER1,ENSG00000060749,0.9734,0.17440872431840415,0.18934870870739554,0.2106,0.1072,0.1,0.076
CHD3,ENSG00000170004,0.1218,0.17712390041615456,0.19226372640098507,0.3094,0.2844,0.144,0.188
TTC14,ENSG00000163728,0.5805,0.17893812125224706,0.19419995284015576,0.3989,0.2667,0.185,0.175
PRR14L,ENSG00000183530,0.8028,0.18125918674383235,0.1966855005092649,0.2408,0.138,0.118,0.096
SLC44A3,ENSG00000143036,0.9189,0.18295831105370286,0.19849544468470998,0.2397,0.1267,0.109,0.087
HUWE1,ENSG00000086758,0.4773,0.18461471611517388,0.20025843376454544,0.4706,0.338,0.221,0.221
AP2B1,ENSG00000006125,0.1197,0.1847509775811138,0.2003721473425656,0.4402,0.4052,0.204,0.264
RAP1B,ENSG00000127314,0.4545,0.18638693539963325,0.20211204510506242,0.5162,0.3766,0.237,0.243
DHX15,ENSG00000109606,0.1166,0.18750939384723275,0.20329462343131102,0.4463,0.4116,0.208,0.271
ATP6V1H,ENSG00000047249,0.5439,0.19111242783813243,0.207147044844894,0.4151,0.2847,0.199,0.195
PHYKPL,ENSG00000175309,0.1278,0.19112767337688885,0.207147044844894,0.264,0.2417,0.122,0.162
MPZL1,ENSG00000197965,0.1056,0.19205806942318704,0.20812003953303032,0.3776,0.3509,0.185,0.237
CHD8,ENSG00000100888,0.6213,0.19259030471277727,0.20866131756355458,0.2879,0.1871,0.145,0.127
GOPC,ENSG00000047932,0.1482,0.1965420822138808,0.21290667359617504,0.2811,0.2537,0.132,0.175
SCTR,ENSG00000080293,0.5682,0.19683143006682635,0.21318388832416207,0.374,0.2522,0.169,0.158
CBFB,ENSG00000067955,0.7776,0.1989467126378477,0.21543830356145388,0.2935,0.1712,0.136,0.12
NUTM2B-AS1,ENSG00000225484,0.4324,0.20003486474893206,0.2165798679983767,0.5107,0.3784,0.237,0.247
STAM,ENSG00000136738,0.4951,0.20244408434138417,0.21915113562172256,0.4623,0.328,0.216,0.216
RNF149,ENSG00000163162,0.1216,0.20279680101040642,0.21949568869971833,0.3576,0.3287,0.169,0.219
KRIT1,ENSG00000001631,0.1102,0.20295606775860142,0.21963078118504228,0.3205,0.297,0.154,0.199
AGAP3,ENSG00000133612,0.1249,0.20368454392285795,0.22038169849087227,0.221,0.2026,0.104,0.139
AP2A2,ENSG00000183020,0.5323,0.20432151906944085,0.22103337588116162,0.4631,0.3202,0.212,0.213
CRTC3,ENSG00000140577,0.8018,0.2050736209458932,0.22180935417883765,0.2214,0.1269,0.108,0.086
ATP6V1C1,ENSG00000155097,0.1113,0.20539082634631378,0.2221147613159882,0.2234,0.2068,0.11,0.146
NR3C1,ENSG00000113580,0.3771,0.20631367876122353,0.22307491555339212,0.5736,0.4416,0.266,0.283
PHF3,ENSG00000118482,0.3025,0.20759021145757361,0.22439935081881446,0.6872,0.5572,0.313,0.349
USP48,ENSG00000090686,0.5944,0.20764419929100963,0.22439935081881446,0.3906,0.2587,0.18,0.173
ZFAND6,ENSG00000086666,0.1649,0.20762800187171326,0.22439935081881446,0.8928,0.7964,0.384,0.477
SMAD5,ENSG00000113658,0.1199,0.20952932455076245,0.22639821084934078,0.3248,0.2989,0.158,0.202
XPO7,ENSG00000130227,0.8336,0.21201546563901685,0.22904568606146966,0.2043,0.1146,0.103,0.081
SGPP1,ENSG00000126821,0.8261,0.21244606685772782,0.22947198851542103,0.2097,0.1182,0.105,0.084
NHLRC2,ENSG00000196865,0.6502,0.21275500694570748,0.22976675745873032,0.3066,0.1953,0.149,0.133
CHD1,ENSG00000153922,0.4422,0.21453114452568267,0.23164567180745715,0.5151,0.3791,0.235,0.245
RNF216,ENSG00000011275,0.7525,0.21872866028534377,0.23613805407604851,0.2793,0.1658,0.134,0.117
NCEH1,ENSG00000144959,0.8388,0.22071677880849916,0.23824406788083002,0.2258,0.1262,0.104,0.083
MEF2C,ENSG00000081189,0.4168,0.22229077316186274,0.23990243421480872,0.5434,0.407,0.244,0.257
TP53INP1,ENSG00000164938,0.8065,0.2227433783988494,0.24035020942665283,0.2171,0.1241,0.107,0.086
SEC31A,ENSG00000138674,0.3028,0.22321655046499478,0.24082002186737886,0.6459,0.5236,0.3,0.333
MGC32805,ENSG00000250328,0.5065,0.22345980999429016,0.24104167321719117,0.3368,0.2371,0.159,0.143
BACH1,ENSG00000156273,0.6667,0.22362635995026203,0.24118051847114202,0.3054,0.1923,0.144,0.13
TJP3,ENSG00000105289,0.1051,0.22423066941068315,0.2417913595218378,0.2057,0.1913,0.098,0.131
BDP1,ENSG00000145734,0.384,0.22987737432266708,0.2478383665325558,0.5829,0.4466,0.266,0.286
ZNF33B,ENSG00000196693,0.1189,0.23151810333380796,0.24956508433429586,0.2379,0.219,0.116,0.152
RRAS2,ENSG00000133818,0.1128,0.2322033361391751,0.25026141468930535,0.3726,0.3446,0.181,0.231
RGL1,ENSG00000143344,0.8375,0.2323071960695713,0.25033103024738285,0.245,0.1371,0.11,0.092
AGO2,ENSG00000123908,0.5111,0.23287681662812132,0.2509024346804586,0.3784,0.2655,0.182,0.174
SLC25A26,ENSG00000144741,0.7276,0.23343715044365043,0.2514636421220465,0.2706,0.1634,0.13,0.113
EPC1,ENSG00000120616,0.4908,0.23498815776301718,0.25309165496523645,0.5092,0.3623,0.228,0.239
RC3H2,ENSG00000056586,0.6908,0.23800782655792185,0.25630065782208644,0.2653,0.1643,0.131,0.114
EFR3A,ENSG00000132294,0.4329,0.24009499896997388,0.25850458004282784,0.4522,0.3349,0.22,0.221
SLC5A3,ENSG00000198743,0.5386,0.24049358537189958,0.2588900045163559,0.3843,0.2645,0.178,0.172
IREB2,ENSG00000136381,0.1299,0.24081609158610418,0.2591934127741709,0.2248,0.2055,0.108,0.141
HYCC2,ENSG00000155744,0.7029,0.2418546738986781,0.2602673102809036,0.2995,0.184,0.14,0.126
DDI2,ENSG00000197312,0.7086,0.24346306104554172,0.26195392644140564,0.265,0.1621,0.13,0.113
ZFX,ENSG00000005889,0.6906,0.24384134803182222,0.2623166712289684,0.2598,0.1609,0.127,0.11
CCNYL1,ENSG00000163249,0.1384,0.2454285775458256,0.2639796156326368,0.2927,0.2659,0.139,0.178
PARP9,ENSG00000138496,0.4797,0.24699859583960393,0.26562348995908824,0.429,0.3076,0.204,0.205
NFATC2IP,ENSG00000176953,0.1582,0.24905165411716745,0.2677861856969038,0.25,0.2241,0.119,0.155
PRKD3,ENSG00000115825,0.7012,0.24917152686025223,0.2678698960765781,0.2389,0.1469,0.119,0.101
UBR4,ENSG00000127481,0.5228,0.25059462716342884,0.2693543665767761,0.3716,0.2586,0.178,0.171
TBCD,ENSG00000141556,0.5168,0.25134696034446,0.27011747676937503,0.3811,0.2663,0.182,0.176
ACSL1,ENSG00000151726,0.1461,0.2522217632709324,0.2710119232853858,0.8912,0.8053,0.389,0.477
DHRS3,ENSG00000162496,0.1682,0.2535573920016717,0.27240114155892436,0.4413,0.3927,0.196,0.255
POM121,ENSG00000196313,0.6621,0.2537441495930012,0.27255584728818577,0.2573,0.1625,0.13,0.113
PLPP1,ENSG00000067113,0.6232,0.2568080841379765,0.2758004609803909,0.2722,0.1767,0.132,0.117
WDTC1,ENSG00000142784,0.103,0.2608770675647729,0.28012317765292694,0.1811,0.1686,0.087,0.117
SYBU,ENSG00000147642,0.1305,0.26132803028604945,0.2805601537678621,0.2605,0.2379,0.121,0.156
STX18,ENSG00000168818,0.7606,0.26297446744095065,0.2822802205650885,0.1951,0.1151,0.101,0.082
SGCE,ENSG00000127990,0.1142,0.2630782055608053,0.2823440337458138,0.2949,0.2724,0.144,0.182
ITPK1,ENSG00000100605,0.1058,0.2644485943679715,0.28376700708564523,0.2045,0.19,0.101,0.132
SCYL2,ENSG00000136021,0.5598,0.26851316127211566,0.28808000725508875,0.4049,0.2746,0.186,0.185
TLE2,ENSG00000065717,0.1289,0.26886622349874423,0.2884102599368155,0.1747,0.1598,0.081,0.11
PLEKHA1,ENSG00000107679,0.1547,0.26891807596161943,0.2884173509850814,0.3056,0.2745,0.146,0.186
CEP95,ENSG00000258890,0.7906,0.2715488187385904,0.2911898602957971,0.2284,0.132,0.108,0.09
MOB1B,ENSG00000173542,0.6433,0.2719503340998235,0.29157137233205094,0.2776,0.1777,0.136,0.122
CWC27,ENSG00000153015,0.6565,0.2728265876234658,0.292461660685992,0.2693,0.1708,0.132,0.118
FAM107B,ENSG00000065809,0.1397,0.27638227342734245,0.29622343528905654,0.4314,0.3915,0.2,0.252
MUCL3,ENSG00000168631,0.1833,0.2765424654420777,0.2963453046214903,0.2053,0.1808,0.089,0.119
SUZ12,ENSG00000178691,0.1833,0.27698869398683934,0.296773600700185,0.3653,0.3217,0.173,0.218
MDM4,ENSG00000198625,0.1059,0.27712100402657813,0.2968654681010646,0.4227,0.3927,0.202,0.251
UPF2,ENSG00000151461,0.532,0.2772500477693136,0.296953806204532,0.4097,0.2834,0.189,0.186
SPATS2L,ENSG00000196141,0.4742,0.27871208341122755,0.29846960049497323,0.4746,0.3417,0.217,0.226
DCAF10,ENSG00000122741,0.5721,0.27882169798658596,0.298536836524099,0.3169,0.2131,0.157,0.147
EXOC5,ENSG00000070367,0.1218,0.2834688000095821,0.30346156172310423,0.1844,0.1695,0.09,0.119
LRP11,ENSG00000120256,0.1167,0.2837073983387519,0.3036659946960281,0.1875,0.173,0.091,0.12
DENND3,ENSG00000105339,0.1796,0.28492265647494297,0.30491555061738485,0.2581,0.2279,0.118,0.152
N4BP2L1,ENSG00000139597,0.1533,0.2875163321269866,0.307639579944535,0.1987,0.1787,0.094,0.124
GPR107,ENSG00000148358,0.717,0.28866775039841697,0.3088197531112449,0.24,0.146,0.118,0.103
SNTB2,ENSG00000168807,0.6719,0.2889058929802555,0.3090226623740149,0.2897,0.1818,0.139,0.127
HK1,ENSG00000156515,0.5212,0.2898035165586753,0.3098286580207262,0.3952,0.2754,0.187,0.186
ARNT,ENSG00000143437,0.7022,0.28980522161217104,0.3098286580207262,0.2245,0.1379,0.112,0.095
CPEB2,ENSG00000137449,0.7894,0.28974554875848935,0.3098286580207262,0.2287,0.1323,0.108,0.091
RAB10,ENSG00000084733,0.1252,0.2906380936461763,0.3106477598495474,0.5761,0.5282,0.259,0.335
CDC16,ENSG00000130177,0.1619,0.29066884509843927,0.3106477598495474,0.2163,0.1934,0.104,0.135
PDXDC1,ENSG00000179889,0.1283,0.29299003127083123,0.3130760055902697,0.4492,0.4109,0.213,0.268
ABCA5,ENSG00000154265,0.6146,0.2933594781723644,0.31336572944852936,0.3244,0.2118,0.15,0.142
TLE4,ENSG00000106829,0.1325,0.29331822209524716,0.31336572944852936,0.3021,0.2756,0.141,0.178
ACYP2,ENSG00000170634,0.4039,0.29394607895714153,0.31393973083460835,0.5167,0.3905,0.236,0.248
IRF2,ENSG00000168310,0.2239,0.2941337505773851,0.3140875477271072,0.2608,0.2233,0.119,0.154
PUS10,ENSG00000162927,0.6913,0.2973885031295961,0.3175099158350653,0.2081,0.1288,0.105,0.088
CA13,ENSG00000185015,0.705,0.3016504642519374,0.32200631440155747,0.2186,0.1341,0.109,0.093
TMEM64,ENSG00000180694,0.1118,0.3020885276778351,0.32241995043465577,0.2126,0.1967,0.107,0.136
CACUL1,ENSG00000151893,0.5836,0.3050344683239171,0.32550966447354734,0.349,0.2329,0.167,0.163
PHACTR2,ENSG00000112419,0.3293,0.3067987541328321,0.32733758286138986,0.5582,0.4443,0.264,0.285
WWC3,ENSG00000047644,0.2568,0.3086871467170318,0.3292972825169139,0.7003,0.5861,0.313,0.361
EDEM1,ENSG00000134109,0.1593,0.311278326828357,0.33200591158286363,0.4543,0.4068,0.212,0.269
SYMPK,ENSG00000125755,0.5562,0.31214463516455837,0.3328742136457109,0.3614,0.2458,0.169,0.165
CYFIP1,ENSG00000273749,0.2001,0.3124026861780679,0.3330936819510257,0.3072,0.2674,0.145,0.182
CORO2A,ENSG00000106789,0.7305,0.31491703736110976,0.3357184135747617,0.2236,0.1347,0.11,0.095
NECTIN3,ENSG00000177707,0.6663,0.3162288742733843,0.33706053728353536,0.2337,0.1472,0.117,0.102
ARHGAP29,ENSG00000137962,0.5091,0.3178941047616918,0.3387788227776304,0.3734,0.2624,0.178,0.176
RAF1,ENSG00000132155,0.5029,0.3182496124282763,0.33910099936992505,0.4252,0.3,0.198,0.201
ESCO1,ENSG00000141446,0.1657,0.3197215633500369,0.34061246095529496,0.2091,0.1864,0.099,0.128
ZNF800,ENSG00000048405,0.142,0.3202350637645255,0.3411025115286299,0.2341,0.2121,0.117,0.148
FNIP2,ENSG00000052795,0.1604,0.3217020446770362,0.34260784076446804,0.8422,0.7536,0.363,0.439
SHLD2,ENSG00000122376,0.7058,0.3230799431720335,0.3440178115453004,0.2337,0.1432,0.113,0.099
ARAP1,ENSG00000186635,0.1246,0.3273494138193229,0.3485057637104515,0.2641,0.2422,0.131,0.162
NOTCH1,ENSG00000148400,0.1253,0.32775062136706923,0.34887463870680685,0.2141,0.1963,0.107,0.135
ATP6V0A1,ENSG00000033627,0.1497,0.32882268538122683,0.3499573654933758,0.436,0.393,0.203,0.252
MFHAS1,ENSG00000147324,0.4846,0.3309699022588737,0.35218379684532125,0.3237,0.2313,0.159,0.151
APC,ENSG00000134982,0.6724,0.33151930055363144,0.35270953621985984,0.2392,0.1501,0.117,0.103
CWF19L2,ENSG00000152404,0.5648,0.33256011280553044,0.35375783733276434,0.3122,0.211,0.148,0.139
SUSD6,ENSG00000100647,0.532,0.33368348895647426,0.35489360061687075,0.4,0.2766,0.185,0.186
UBP1,ENSG00000153560,0.5816,0.33680843946000705,0.35815743145246787,0.3016,0.2015,0.146,0.137
SEC23IP,ENSG00000107651,0.2198,0.33777127053240186,0.35912138920014375,0.2545,0.2185,0.118,0.15
SPAG16,ENSG00000144451,0.1565,0.3379919715937111,0.3592961178772567,0.2126,0.1908,0.101,0.129
RAB40C,ENSG00000197562,0.5254,0.3396530200578718,0.36100166770072234,0.439,0.305,0.198,0.204
UPF1,ENSG00000005007,0.1426,0.3401623943163685,0.3614827910929904,0.1776,0.1608,0.086,0.112
PHC2,ENSG00000134686,0.178,0.343103171891709,0.36454712013494084,0.359,0.3173,0.172,0.214
VCL,ENSG00000035403,0.451,0.34425881792379043,0.3657140417037434,0.4167,0.3048,0.198,0.2
OGDH,ENSG00000105953,0.168,0.3450994557145063,0.3665459897000963,0.4084,0.3635,0.194,0.24
LARP4,ENSG00000161813,0.3903,0.34535190209041167,0.36675301946133176,0.52,0.3967,0.24,0.258
NAA25,ENSG00000111300,0.6111,0.34633411799982217,0.3677348438122695,0.2399,0.157,0.121,0.108
CDS2,ENSG00000101290,0.1822,0.3467347895988,0.36809896481138216,0.2648,0.2334,0.128,0.16
NCK1,ENSG00000158092,0.6364,0.34726435811914136,0.36859978072086685,0.2767,0.1779,0.134,0.123
TOM1L1,ENSG00000141198,0.1956,0.347456357711057,0.3686848809497768,0.3323,0.2901,0.158,0.198
HGSNAT,ENSG00000165102,0.5483,0.34746019839157005,0.3686848809497768,0.3381,0.2312,0.16,0.155
TRAPPC12,ENSG00000171853,0.6518,0.34838274268164915,0.36960226070818997,0.2668,0.1698,0.13,0.12
LHFPL6,ENSG00000183722,0.5681,0.34888310355118357,0.37007151167034863,0.2794,0.1884,0.128,0.116
HDAC7,ENSG00000061273,0.1649,0.3504178139605073,0.37163759174816735,0.2526,0.2253,0.122,0.152
CHCHD3,ENSG00000106554,0.154,0.35070749690141,0.3718829495586309,0.466,0.4188,0.217,0.273
SHOC2,ENSG00000108061,0.1588,0.3522550357756309,0.373461808260377,0.343,0.3073,0.164,0.204
ZNF652,ENSG00000198740,0.5552,0.3549930779982782,0.3763021071232164,0.3447,0.2346,0.163,0.159
UBAP2L,ENSG00000143569,0.1627,0.35579955825763065,0.37709429491145396,0.3724,0.3326,0.178,0.218
CCM2,ENSG00000136280,0.8406,0.35591263562556097,0.37715143818366875,0.2278,0.1272,0.104,0.091
ZNF131,ENSG00000172262,0.6684,0.35895860468632956,0.38031595560501097,0.2397,0.1508,0.117,0.104
KYAT3,ENSG00000137944,0.1133,0.3592880291505368,0.3806017257950602,0.1593,0.1472,0.08,0.104
SLC30A7,ENSG00000162695,0.6009,0.35939199413284506,0.3806486065121926,0.2973,0.196,0.144,0.135
ARIH2,ENSG00000177479,0.1759,0.3598060798519087,0.38102388024184686,0.3784,0.3349,0.181,0.224
ABCA3,ENSG00000167972,-0.187,0.36083572085013704,0.3820507756883613,1.4139,1.6096,0.566,0.789
VKORC1L1,ENSG00000196715,0.1194,0.36266965660941974,0.38392877131933756,0.5219,0.4804,0.244,0.31
IPO9,ENSG00000198700,0.5497,0.36275252790808177,0.383952742057782,0.3605,0.2463,0.169,0.168
EEA1,ENSG00000102189,0.4393,0.3628156759023765,0.383955832317007,0.4752,0.3504,0.218,0.23
MYO1B,ENSG00000128641,0.1132,0.366349043750712,0.38763073093955003,0.8561,0.7915,0.379,0.463
CD38,ENSG00000004468,0.446,0.36725511606153893,0.38852495268707443,0.3749,0.2752,0.173,0.169
ZMYND11,ENSG00000015171,0.4371,0.3697020887447252,0.3910487499166456,0.431,0.3183,0.205,0.212
TMEM168,ENSG00000146802,0.6907,0.37145582920136333,0.39283857185777893,0.23,0.1424,0.11,0.098
TBC1D14,ENSG00000132405,0.6406,0.37285731178504355,0.3942553263608646,0.2619,0.168,0.126,0.115
HBS1L,ENSG00000112339,0.1344,0.3763561425722042,0.39788895669946955,0.2114,0.1926,0.108,0.133
SLFN5,ENSG00000166750,0.1605,0.37810908113592245,0.39967590652321433,0.25,0.2237,0.126,0.153
ICE2,ENSG00000128915,0.1394,0.37861142188879837,0.40014055280853605,0.1846,0.1676,0.092,0.117
IP6K1,ENSG00000176095,0.6722,0.3796396623688508,0.4011607571028384,0.2305,0.1446,0.112,0.1
COA1,ENSG00000106603,0.3632,0.3809522921807591,0.4024810842977029,0.5047,0.3924,0.239,0.258
ZNF721,ENSG00000182903,0.4944,0.3815567107932868,0.40305286351403535,0.3334,0.2366,0.162,0.158
RAD54L2,ENSG00000164080,0.6045,0.38304685858531295,0.4045599276808101,0.2444,0.1607,0.121,0.109
ME2,ENSG00000082212,0.1477,0.3896903124546317,0.411508322328686,0.188,0.1697,0.094,0.118
NR2C1,ENSG00000120798,0.6174,0.3923812811025241,0.41428132941844836,0.1968,0.1282,0.1,0.086
AKAP11,ENSG00000023516,0.126,0.3935981667112619,0.41549731955361724,0.1831,0.1677,0.092,0.116
SUGP2,ENSG00000064607,0.5772,0.3938742007827596,0.41571987251491593,0.3198,0.2143,0.15,0.145
ZNF704,ENSG00000164684,0.1816,0.3963992030017994,0.41831566282676236,0.1964,0.1731,0.091,0.116
ZDHHC7,ENSG00000153786,0.2325,0.39688702117923824,0.4187611320783919,0.2977,0.2534,0.141,0.175
DAAM1,ENSG00000100592,0.5004,0.4005404133586872,0.4225459432668593,0.3557,0.2514,0.167,0.165
GOLGA8B,ENSG00000215252,0.519,0.40063688253694474,0.4225777839465623,0.2998,0.2092,0.144,0.136
FBXW4,ENSG00000107829,0.3954,0.4028237525134746,0.42481413106259724,0.4512,0.343,0.214,0.225
AKAP8L,ENSG00000011243,0.607,0.4066832883807565,0.4288134243181149,0.2928,0.1922,0.139,0.132
ADGRD1,ENSG00000111452,0.3814,0.40788847141118745,0.4300130651970101,0.4784,0.3672,0.221,0.234
PCGF5,ENSG00000180628,0.2115,0.40858416501564276,0.4306752731439687,0.2898,0.2502,0.14,0.171
MAP2K1,ENSG00000169032,0.5424,0.41126320893589885,0.43342750156494547,0.3621,0.2486,0.167,0.166
STX6,ENSG00000135823,0.1902,0.4122779996532502,0.43442516492387934,0.1862,0.1632,0.091,0.114
IWS1,ENSG00000163166,0.4812,0.4135507109238009,0.43569422940658253,0.3925,0.2811,0.186,0.189
LMBRD1,ENSG00000168216,0.1677,0.41448964687194234,0.43661128532859095,0.3932,0.35,0.187,0.228
RAB11FIP2,ENSG00000107560,0.232,0.4148600063794743,0.43692921537570606,0.2773,0.2361,0.13,0.16
PDLIM5,ENSG00000163110,0.5742,0.4159486660128058,0.43800342679742926,0.3185,0.2139,0.146,0.141
VEGFA,ENSG00000112715,0.1947,0.41820849001865223,0.4403103425051871,0.4688,0.4096,0.212,0.263
ABCB7,ENSG00000131269,0.1952,0.4192915449780348,0.4413777409568976,0.1901,0.166,0.09,0.113
FAM114A1,ENSG00000197712,0.1564,0.42035682501377236,0.4424260788282646,0.1786,0.1603,0.09,0.112
KMT2D,ENSG00000167548,0.6358,0.42324577650284323,0.4453931702221237,0.2082,0.134,0.103,0.09
TRIM56,ENSG00000169871,0.2072,0.423837535554226,0.44594228241594164,0.3093,0.2679,0.151,0.183
ANAPC10,ENSG00000164162,0.2227,0.4281613271024485,0.45041723766965497,0.2601,0.2229,0.125,0.152
TMX3,ENSG00000166479,0.1208,0.4285017013795991,0.4507009315781132,0.1791,0.1647,0.091,0.113
TP53BP2,ENSG00000143514,0.2508,0.43187024372378346,0.45416905373459576,0.2753,0.2313,0.126,0.155
PLXNB1,ENSG00000164050,0.1528,0.4335119133679527,0.4558202948574466,0.1985,0.1785,0.096,0.119
PLEC,ENSG00000178209,0.1837,0.4355580506368065,0.4578962026401124,0.1781,0.1568,0.087,0.108
PHF20,ENSG00000025293,0.2046,0.4371945481709071,0.4595408482422972,0.3538,0.307,0.168,0.205
ZC3H7B,ENSG00000100403,0.1976,0.43976003359366567,0.46216126181332323,0.2055,0.1792,0.101,0.126
BAZ2A,ENSG00000076108,0.5246,0.4420452320791114,0.46448629545151393,0.43,0.2989,0.194,0.205
BRD4,ENSG00000141867,0.1632,0.4428388695209797,0.4652435387600932,0.5424,0.4844,0.246,0.308
ELAPOR2,ENSG00000164659,0.1113,0.4457736944890497,0.46824967908513626,0.6188,0.5729,0.272,0.348
LAMC1,ENSG00000135862,0.42,0.4475081210708627,0.46991669771483274,0.3554,0.2656,0.173,0.171
PPFIA1,ENSG00000131626,0.4804,0.447445472028549,0.46991669771483274,0.4091,0.2932,0.189,0.196
UBE2G1,ENSG00000132388,0.2339,0.4475886771663268,0.4699238828944884,0.2986,0.2539,0.142,0.174
CDK7,ENSG00000134058,0.1205,0.4477140030302773,0.4699780618010897,0.1533,0.1411,0.081,0.101
CNOT6L,ENSG00000138767,0.2191,0.44911183979032854,0.4713677936554732,0.1868,0.1605,0.091,0.113
LRP5,ENSG00000162337,0.5624,0.4494302827553365,0.4716243707926371,0.2735,0.1852,0.132,0.126
KPNA3,ENSG00000102753,0.2091,0.4501236749048344,0.47227426391019084,0.3428,0.2965,0.164,0.199
SP3,ENSG00000172845,0.5611,0.45188792848144854,0.47404731677953504,0.2898,0.1964,0.141,0.136
STK11,ENSG00000118046,0.1698,0.4544253776183452,0.47663076379021896,0.1639,0.1457,0.083,0.104
EIF2AK2,ENSG00000055332,0.2261,0.45471433399163097,0.4768553839770764,0.2769,0.2367,0.135,0.165
SKIC3,ENSG00000198677,0.421,0.4556496357828431,0.47775763620322775,0.4503,0.3363,0.211,0.224
GALNT1,ENSG00000141429,0.4898,0.4561109069913182,0.4781626429978052,0.3371,0.24,0.166,0.165
NT5DC1,ENSG00000178425,0.146,0.4562375763862656,0.4782167953736342,0.4692,0.424,0.225,0.277
ACIN1,ENSG00000100813,0.2247,0.4569708374971724,0.4789066396587989,0.4591,0.3928,0.207,0.254
RUVBL1,ENSG00000175792,0.1645,0.4604355687439924,0.4824583745468362,0.1613,0.1439,0.082,0.102
TNKS2,ENSG00000107854,0.4157,0.4630614081144163,0.4851300701280861,0.3993,0.2993,0.193,0.198
JPT2,ENSG00000206053,0.1875,0.46669154275224733,0.4888528729946725,0.1791,0.1573,0.091,0.112
GRIPAP1,ENSG00000068400,0.2289,0.4676588748187991,0.48978566239031446,0.1786,0.1524,0.086,0.107
CUL4A,ENSG00000139842,0.4424,0.4682049214300865,0.49027699969067046,0.3466,0.2551,0.171,0.172
TMEM87B,ENSG00000153214,0.5087,0.46938999885782207,0.49143722166507076,0.2501,0.1757,0.127,0.119
KIF3A,ENSG00000131437,0.1545,0.4704846788894034,0.49250243479802075,0.1981,0.178,0.1,0.122
RBM25,ENSG00000119707,0.1567,0.47137802287877706,0.4933565745940246,0.8443,0.7574,0.366,0.451
BACE2,ENSG00000182240,0.5512,0.47307518095505063,0.495051588737434,0.2604,0.1777,0.127,0.12
CTSE,ENSG00000196188,0.1125,0.4743363833076629,0.496289913603537,0.2608,0.2412,0.126,0.15
RIF1,ENSG00000080345,0.4963,0.47612740242250007,0.4980820791669573,0.3445,0.2442,0.164,0.166
MYH14,ENSG00000105357,0.3352,0.4764030941870089,0.4982887162333358,0.5278,0.4184,0.246,0.269
GDAP2,ENSG00000196505,0.6238,0.4770706764162572,0.4989051119018438,0.2015,0.1307,0.1,0.09
PPP3CB,ENSG00000107758,0.6287,0.47775037377449836,0.49953397290674545,0.2442,0.1579,0.116,0.109
YPEL2,ENSG00000175155,0.5894,0.47885572019655054,0.5006076117174499,0.2204,0.1465,0.11,0.102
OSBP,ENSG00000110048,0.251,0.47912995050957063,0.5008121715852619,0.2376,0.1997,0.114,0.139
AAGAB,ENSG00000103591,0.6171,0.4812523146053682,0.502948115673643,0.2265,0.1477,0.11,0.102
ZNF277,ENSG00000198839,0.4699,0.4832863690908922,0.5049910839132007,0.3778,0.2728,0.178,0.184
IDE,ENSG00000119912,0.5801,0.48413682562813165,0.505767673581333,0.1991,0.1331,0.103,0.093
ZYG11B,ENSG00000162378,0.1754,0.48418825284186284,0.505767673581333,0.2624,0.2323,0.131,0.157
AQR,ENSG00000021776,0.1881,0.4847330955572552,0.5062538473423168,0.1928,0.1692,0.095,0.115
SETD7,ENSG00000145391,0.173,0.4864633544766852,0.5078945111020092,0.2015,0.1787,0.104,0.126
SEL1L,ENSG00000071537,0.1658,0.48643523161423696,0.5078945111020092,0.2285,0.2037,0.118,0.141
ZNF791,ENSG00000173875,0.2517,0.48692750857669387,0.5082958682129398,0.2176,0.1827,0.105,0.128
ZC3H14,ENSG00000100722,0.24,0.4899668023079512,0.5113848010335935,0.3069,0.2598,0.148,0.179
ELL2,ENSG00000118985,0.2001,0.49118631383851274,0.5125737028516154,0.521,0.4535,0.225,0.276
AMOTL1,ENSG00000166025,0.2264,0.49157275353321084,0.5128930120743403,0.2371,0.2027,0.112,0.136
PREPL,ENSG00000138078,0.212,0.49209376264181437,0.5131846453200665,0.3658,0.3158,0.175,0.21
SLC30A9,ENSG00000014824,0.1979,0.4919735034835192,0.5131846453200665,0.3578,0.3119,0.176,0.211
NDUFAF6,ENSG00000156170,0.2308,0.49209140446753663,0.5131846453200665,0.2754,0.2346,0.134,0.16
RNF168,ENSG00000163961,0.2506,0.4932145804589433,0.5142693736384958,0.2231,0.1875,0.105,0.128
LANCL1-AS1,ENSG00000234281,0.4216,0.494599197533806,0.5156287627601003,0.4526,0.3379,0.194,0.202
LRPPRC,ENSG00000138095,0.2251,0.4965259822790308,0.5175528347005921,0.382,0.3268,0.178,0.217
XPNPEP3,ENSG00000196236,0.2005,0.49870610873026733,0.5197403045864728,0.1796,0.1563,0.09,0.109
RUFY1,ENSG00000176783,0.2459,0.4990838171376124,0.520048926814691,0.2153,0.1816,0.104,0.127
PRKCQ,ENSG00000065675,0.5074,0.5001583838853528,0.5210834609035994,0.229,0.1611,0.112,0.103
FAM168B,ENSG00000152102,0.2234,0.503169870581702,0.5241352818559396,0.2609,0.2235,0.13,0.155
KIF2A,ENSG00000068796,0.6104,0.5037594662066944,0.5246637146001759,0.2166,0.1419,0.105,0.097
RB1CC1,ENSG00000023287,0.1456,0.5056404856623259,0.5265367683922456,0.5561,0.5027,0.253,0.313
HMG20A,ENSG00000140382,0.5878,0.5070195309746773,0.5278865768354676,0.2124,0.1413,0.105,0.096
APTX,ENSG00000137074,0.5203,0.5074317120530558,0.5282294520473924,0.2238,0.156,0.117,0.109
PCSK7,ENSG00000160613,0.1826,0.5104180661358748,0.5312514565904003,0.2035,0.1793,0.104,0.125
MAP3K2,ENSG00000169967,0.2305,0.5124204868928197,0.5332266923479317,0.4262,0.3632,0.198,0.239
NISCH,ENSG00000010322,0.2662,0.5124831284730632,0.5332266923479317,0.2404,0.1999,0.112,0.135
RARS2,ENSG00000146282,0.5219,0.5143545748194652,0.5350865558867641,0.257,0.179,0.13,0.124
TMEM39A,ENSG00000176142,0.6662,0.5154656124323346,0.5361548832201228,0.2168,0.1366,0.104,0.096
GAK,ENSG00000178950,0.4712,0.5158837813213639,0.5365023011294772,0.36,0.2597,0.172,0.175
SERTAD2,ENSG00000179833,0.2575,0.5175800109223875,0.5381785303588681,0.206,0.1723,0.099,0.119
ACSF2,ENSG00000167107,0.5937,0.5185055606350603,0.539052992343201,0.2803,0.1857,0.13,0.126
ICE1,ENSG00000164151,0.2182,0.5187213219745369,0.5391893734856796,0.2082,0.179,0.103,0.123
KRBOX5,ENSG00000197302,0.6058,0.5191360048035766,0.5395324471181612,0.2107,0.1384,0.104,0.096
GALNT5,ENSG00000136542,0.1869,0.5195144611977651,0.5398377653033012,0.1895,0.1664,0.092,0.112
TMC4,ENSG00000167608,0.1853,0.520660400865371,0.5409403610685691,0.344,0.3025,0.169,0.202
PCDH9,ENSG00000184226,0.3422,0.5242912806024608,0.5446239064429994,0.5433,0.4286,0.231,0.254
SNAPC3,ENSG00000164975,0.5713,0.5248936206598229,0.5451607741457105,0.2012,0.1354,0.103,0.095
ATF2,ENSG00000115966,0.6287,0.5256720655448412,0.54588034172477,0.2403,0.1554,0.114,0.108
EXPH5,ENSG00000110723,0.4351,0.5269129382545525,0.5470798015265101,0.4188,0.3097,0.191,0.202
CKAP5,ENSG00000175216,0.5891,0.5310002413865128,0.5512337630416901,0.2131,0.1416,0.105,0.097
SPG7,ENSG00000197912,0.2462,0.5313634613701788,0.5515210137145701,0.3052,0.2573,0.144,0.172
CUEDC1,ENSG00000180891,0.5646,0.5320976480481655,0.5521491498082273,0.2632,0.1779,0.127,0.123
ZC3H13,ENSG00000123200,0.1766,0.5321418629681174,0.5521491498082273,0.4742,0.4195,0.223,0.272
FAR1,ENSG00000197601,0.5532,0.5328053099783421,0.5527162809909326,0.2845,0.1938,0.132,0.13
ARRDC3,ENSG00000113369,0.2468,0.5328618451718073,0.5527162809909326,0.6588,0.5552,0.29,0.333
STAT2,ENSG00000170581,0.6242,0.5388840945063447,0.5588719867379124,0.2372,0.1539,0.112,0.106
ATAD1,ENSG00000138138,0.1546,0.5409106236941154,0.5607912223207002,0.2725,0.2448,0.141,0.165
DTNBP1,ENSG00000047579,0.6036,0.540888333464934,0.5607912223207002,0.2099,0.1381,0.104,0.097
ZNF33A,ENSG00000189180,0.439,0.5410939163134438,0.5608900352029601,0.347,0.2559,0.169,0.173
MARK2,ENSG00000072518,0.5141,0.5430302863272056,0.5627142515175448,0.2814,0.197,0.139,0.136
SLC12A2-DT,ENSG00000245937,0.2005,0.5429955451124842,0.5627142515175448,0.3147,0.2738,0.155,0.184
TNFAIP8,ENSG00000145779,0.1974,0.5438892422564908,0.5635127449025076,0.2188,0.1908,0.105,0.125
WIPF2,ENSG00000171475,0.2454,0.5464950518574228,0.5661205647694296,0.3687,0.311,0.176,0.21
CLASRP,ENSG00000104859,0.5161,0.5483836347064525,0.5679846744522559,0.2494,0.1744,0.122,0.116
TMEM45B,ENSG00000151715,0.2376,0.5497510001142698,0.5693084187343194,0.1864,0.1581,0.091,0.11
CDKL5,ENSG00000008086,0.3385,0.5501005963269185,0.5695779278194097,0.4446,0.3516,0.209,0.224
MICU2,ENSG00000165487,0.3975,0.5565827829648442,0.5761960443976749,0.3948,0.2997,0.191,0.201
GNPTAB,ENSG00000111670,0.1851,0.5610147613721331,0.5806899015663823,0.4787,0.4211,0.223,0.27
TANK,ENSG00000136560,0.2611,0.5612341597300554,0.5808226896556986,0.6043,0.5042,0.281,0.325
BMS1,ENSG00000165733,0.3787,0.5615898245137836,0.5810964342274583,0.2095,0.1611,0.095,0.115
SBNO2,ENSG00000064932,0.5162,0.5659650361669242,0.5855285792866183,0.2262,0.1581,0.11,0.104
GOLGA3,ENSG00000090615,0.4511,0.5660663318231203,0.5855383523239318,0.3454,0.2526,0.168,0.172
RBPJ,ENSG00000168214,0.2108,0.5672825579708383,0.5867012178883995,0.4787,0.4136,0.223,0.271
ANKRD13A,ENSG00000076513,0.2752,0.5681397342693175,0.5874924259475911,0.3094,0.2557,0.146,0.173
ZRANB1,ENSG00000019995,0.6369,0.5699931433457313,0.5893133780131425,0.2157,0.1386,0.104,0.098
B4GALT1,ENSG00000086062,0.1341,0.5703209631092372,0.5895566952848041,0.5251,0.4785,0.244,0.295
DIDO1,ENSG00000101191,0.496,0.570948899639784,0.5901101224389791,0.255,0.1808,0.127,0.123
NUTM2A-AS1,ENSG00000223482,0.4582,0.5715695324179723,0.5906558225262721,0.2795,0.2034,0.137,0.135
FAM174B,ENSG00000185442,0.4262,0.5733263349953028,0.5923752650883396,0.3762,0.28,0.173,0.179
SREBF1,ENSG00000072310,0.3526,0.5737774053712057,0.5927452534826505,0.4524,0.3543,0.213,0.228
CHIC2,ENSG00000109220,0.5477,0.5755042356529796,0.594432842237159,0.2455,0.1679,0.118,0.114
BCL7A,ENSG00000110987,0.2973,0.5774456951460494,0.5963415367821261,0.1912,0.1555,0.09,0.108
ELP2,ENSG00000134759,0.3377,0.5782077924587199,0.5970318556728765,0.2413,0.1909,0.11,0.132
ABHD17C,ENSG00000136379,0.2787,0.5788526194723771,0.5976008824512395,0.2783,0.2294,0.131,0.155
SLC25A16,ENSG00000122912,0.4864,0.5798204928891169,0.5985031804028691,0.3507,0.2503,0.163,0.168
GALNT11,ENSG00000178234,0.2226,0.5812660308369015,0.5998981619856317,0.3243,0.2779,0.158,0.185
DCP1A,ENSG00000272886,0.4861,0.5818867958477396,0.6004416192180868,0.332,0.237,0.159,0.163
SLK,ENSG00000065613,0.3262,0.5822563236360345,0.6007256939925101,0.5045,0.4024,0.236,0.261
ZKSCAN1,ENSG00000106261,0.1924,0.5835839332526924,0.6019979893990153,0.2007,0.1756,0.103,0.12
COLEC12,ENSG00000158270,0.2245,0.584758641311159,0.6031121725220253,0.5141,0.44,0.222,0.274
PTPRF,ENSG00000142949,0.1825,0.5902017173742444,0.6086276202298299,0.4404,0.388,0.213,0.255
DLG3,ENSG00000082458,0.2269,0.5905814348342142,0.608920693363758,0.194,0.1658,0.098,0.115
SFSWAP,ENSG00000061936,0.2627,0.5911809454448569,0.6094402534299745,0.3021,0.2518,0.144,0.169
KANSL3,ENSG00000114982,0.5511,0.5939365923813564,0.6121820172079462,0.2036,0.1389,0.101,0.095
PPM1B,ENSG00000138032,0.4519,0.5960804678761573,0.6142924317346432,0.3636,0.2658,0.172,0.18
RAD50,ENSG00000113522,0.4338,0.5984773646770227,0.6166628737378407,0.4021,0.2976,0.19,0.202
VIRMA,ENSG00000164944,0.5986,0.6014568249012853,0.6196327179614889,0.2101,0.1387,0.103,0.097
PLIN5,ENSG00000214456,0.2796,0.6068314172421876,0.6250687162577065,0.2422,0.1996,0.114,0.135
ST3GAL5,ENSG00000115525,0.2023,0.6114792087219849,0.6297544354770038,0.684,0.5944,0.309,0.367
PTCD3,ENSG00000132300,0.2753,0.6125136050108726,0.6307178536495417,0.2348,0.194,0.116,0.135
PLS3,ENSG00000102024,0.1226,0.6175126286486323,0.6357627596309804,0.6535,0.6003,0.294,0.373
OSBPL2,ENSG00000130703,0.541,0.6183141274475792,0.6364851546065424,0.2382,0.1637,0.117,0.114
EIF2B3,ENSG00000070785,0.4849,0.6210383900333653,0.6391862667844209,0.2325,0.1661,0.117,0.113
EGLN1,ENSG00000135766,0.2414,0.6212788610874396,0.6393305471238785,0.1796,0.1519,0.092,0.108
MLPH,ENSG00000115648,-0.192,0.6253571404205711,0.6434234619401454,1.2607,1.4402,0.512,0.738
MLLT6,ENSG00000275023,0.2772,0.6266828736941783,0.6446834467968996,0.3028,0.2498,0.145,0.17
SCAMP1,ENSG00000085365,0.2508,0.6296143627312958,0.6475946373688304,0.1807,0.1518,0.091,0.106
TMOD3,ENSG00000138594,0.1354,0.6308109425633872,0.6487207225103394,0.4652,0.4235,0.227,0.269
PROS1,ENSG00000184500,0.2735,0.6309758806644787,0.6487856837477504,0.3578,0.296,0.167,0.198
MAGED1,ENSG00000179222,0.3682,0.632170899944744,0.6499096092803971,0.3809,0.2951,0.185,0.194
MFN1,ENSG00000171109,0.4934,0.6369151579760859,0.6546814143981857,0.2091,0.1485,0.107,0.102
TRIP11,ENSG00000100815,0.3339,0.6403111528014679,0.6580660324213055,0.4746,0.3765,0.225,0.249
ACVR1B,ENSG00000135503,0.5287,0.641778846396302,0.6594681086035502,0.2407,0.1668,0.117,0.114
GNG12,ENSG00000172380,0.4371,0.6419664265058006,0.659554547779932,0.2741,0.2024,0.14,0.141
GOLPH3L,ENSG00000143457,0.5622,0.6422853651212992,0.6597758947225721,0.2257,0.1528,0.11,0.107
MAPK1,ENSG00000100030,0.2665,0.642607050706453,0.659999991663225,0.5866,0.4877,0.27,0.313
ATP2A2,ENSG00000174437,0.2131,0.6429663455048475,0.6602626373378548,0.427,0.3683,0.205,0.244
USP10,ENSG00000103194,0.2902,0.6453064801443607,0.662558996766033,0.2639,0.2158,0.128,0.149
STX17,ENSG00000136874,0.2676,0.6509403514966319,0.6682195744256284,0.2557,0.2124,0.126,0.147
LIFR,ENSG00000113594,0.2164,0.6510292983149142,0.6682195744256284,0.4173,0.3592,0.195,0.23
GON4L,ENSG00000116580,0.4885,0.6529711911099265,0.6701048524349295,0.271,0.1931,0.131,0.131
MTFR1,ENSG00000066855,0.5174,0.653862012688881,0.6709110463369735,0.1956,0.1366,0.1,0.095
FIP1L1,ENSG00000145216,0.291,0.6572949197916147,0.6743249297829971,0.2505,0.2047,0.122,0.142
MIGA1,ENSG00000180488,0.5494,0.6577495806289422,0.674682795898553,0.22,0.1503,0.107,0.104
CHCHD6,ENSG00000159685,0.2943,0.6622217071750056,0.6791607759396172,0.1905,0.1554,0.094,0.109
XIAP,ENSG00000101966,0.366,0.6677730117671092,0.6847439198995209,0.4597,0.3566,0.217,0.238
FMR1,ENSG00000102081,0.3521,0.6683694644328755,0.6852453097072341,0.2176,0.1705,0.103,0.119
ITFG2,ENSG00000111203,0.2401,0.6701355360904937,0.6869454964748187,0.1747,0.1479,0.087,0.101
MED15,ENSG00000099917,0.4556,0.67261055458725,0.689371750079376,0.2998,0.2186,0.145,0.148
SLC26A9,ENSG00000174502,0.2779,0.6729710524042691,0.6896303583149358,0.3779,0.3117,0.169,0.2
CCDC14,ENSG00000175455,0.2719,0.6746817082763951,0.6912722420864704,0.5661,0.4689,0.261,0.295
TENT4B,ENSG00000121274,0.2926,0.6766458419517125,0.6931732673055065,0.2557,0.2087,0.123,0.143
COG3,ENSG00000136152,0.2683,0.678935545867648,0.6954071505312108,0.2104,0.1747,0.104,0.119
TMCO3,ENSG00000150403,0.3521,0.6801966973548276,0.6965869792187993,0.1921,0.1505,0.092,0.107
SS18,ENSG00000141380,0.2906,0.6836007732177302,0.6999606375302008,0.2813,0.23,0.137,0.159
AGL,ENSG00000162688,0.4447,0.685968203881197,0.702271928656276,0.3143,0.2309,0.149,0.154
CHM,ENSG00000188419,0.2934,0.6875950221606217,0.7038243844370526,0.1939,0.1582,0.094,0.108
TLR2,ENSG00000137462,0.2339,0.6919733870890289,0.7081923812317481,0.3867,0.3288,0.18,0.211
INO80D,ENSG00000114933,0.5425,0.6927354187225684,0.7088584742145061,0.2583,0.1773,0.119,0.12
CHST11,ENSG00000171310,0.5616,0.6946916162971875,0.7107461168182587,0.2388,0.1617,0.108,0.107
PACS2,ENSG00000179364,0.3771,0.6949072542646604,0.7108526549963431,0.188,0.1448,0.087,0.101
PTPN2,ENSG00000175354,0.1514,0.6969432053631754,0.7128209424338591,0.6215,0.5596,0.284,0.352
SMARCA4,ENSG00000127616,0.3301,0.6971092761366227,0.712876425308144,0.4969,0.3953,0.235,0.262
SLC16A7,ENSG00000118596,0.4679,0.7009162544219628,0.7166545504314376,0.2608,0.1885,0.127,0.129
USP36,ENSG00000055483,0.3127,0.7013378687330937,0.7169706403421219,0.2274,0.183,0.11,0.126
FBXO33,ENSG00000165355,0.3491,0.7092656109489373,0.7249588375500201,0.1986,0.1559,0.094,0.108
URI1,ENSG00000105176,0.2785,0.7101069486790529,0.7256316751349147,0.371,0.3059,0.176,0.205
MRRF,ENSG00000148187,0.2882,0.7101515327320365,0.7256316751349147,0.1921,0.1573,0.096,0.11
CORO1C,ENSG00000110880,0.6154,0.7210929779369155,0.7366935471711276,0.2234,0.1458,0.104,0.102
SWAP70,ENSG00000133789,0.2432,0.7236438437124872,0.7391811414303968,0.3674,0.3104,0.178,0.206
NUP153,ENSG00000124789,0.5278,0.7260012174577324,0.7414703238213783,0.2479,0.1719,0.116,0.116
SPTLC1,ENSG00000090054,0.4071,0.7276079650408598,0.7429922756904502,0.2154,0.1624,0.109,0.107
ARFIP1,ENSG00000164144,0.3711,0.7289178448251714,0.7442106439398571,0.3357,0.2595,0.166,0.174
CMTM8,ENSG00000170293,0.1161,0.729435268834195,0.7446196699468364,0.7002,0.646,0.316,0.398
DCBLD2,ENSG00000057019,0.2254,0.7307068549366151,0.7455968978423727,0.4681,0.4004,0.217,0.259
QRICH1,ENSG00000198218,0.3418,0.7305380176278107,0.7455968978423727,0.1891,0.1492,0.092,0.105
RPRD1A,ENSG00000141425,0.4199,0.7307434380735913,0.7455968978423727,0.3091,0.231,0.151,0.158
UGCG,ENSG00000148154,0.3222,0.7333762112400006,0.7481634416154591,0.3706,0.2964,0.171,0.198
MINDY2,ENSG00000128923,0.3787,0.7372733888511367,0.7520188566281595,0.2201,0.1693,0.103,0.118
SBNO1,ENSG00000139697,0.3395,0.7407306673534612,0.7554244127944832,0.2722,0.2151,0.132,0.151
DPP8,ENSG00000074603,0.4552,0.7456601014540839,0.7603299978838427,0.2478,0.1807,0.125,0.127
DDAH1,ENSG00000153904,0.1979,0.7482648629672268,0.7628639855135249,0.5773,0.5033,0.262,0.322
ESRP1,ENSG00000104413,0.291,0.748806584488688,0.7632942078854151,0.4206,0.3437,0.194,0.229
MAPK6,ENSG00000069956,0.4114,0.749774049906988,0.7641582043416545,0.264,0.1985,0.134,0.136
NNT,ENSG00000112992,0.4626,0.7540315774211885,0.7683745693830046,0.2545,0.1846,0.125,0.126
PTK7,ENSG00000112655,0.2258,0.7544182231566992,0.7686457044308705,0.411,0.3514,0.2,0.232
FAM151B-DT,ENSG00000249042,0.4439,0.7549897755074061,0.7691051164684746,0.3181,0.2338,0.149,0.156
CNTLN,ENSG00000044459,0.3151,0.7573940344942557,0.7714310544657101,0.1928,0.1549,0.09,0.102
DPP9,ENSG00000142002,0.4898,0.7584076577940412,0.7723400668429733,0.2778,0.1978,0.132,0.136
TXNDC11,ENSG00000153066,0.2343,0.7590428076971067,0.7728634242244139,0.4725,0.4017,0.221,0.263
MSRA,ENSG00000175806,0.4483,0.7592336692723347,0.7729343087849143,0.2789,0.2044,0.134,0.137
ATF7,ENSG00000170653,0.3701,0.7601055517197969,0.7736983701442927,0.4392,0.3398,0.203,0.224
SLC33A1,ENSG00000169359,0.2334,0.7608751130010936,0.7743580532218983,0.1858,0.158,0.1,0.112
PML,ENSG00000140464,0.5281,0.7611031766412215,0.7744665205247864,0.214,0.1484,0.103,0.102
BCAT1,ENSG00000060982,0.1934,0.7619700076366306,0.7752248322188829,0.4276,0.374,0.205,0.239
PCNX4,ENSG00000126773,0.3903,0.7630083166093584,0.7761573349903718,0.2275,0.1736,0.117,0.117
KCMF1,ENSG00000176407,0.3156,0.7646408061247694,0.7776938639191775,0.2967,0.2383,0.145,0.164
PPP4R3B,ENSG00000275052,0.2981,0.7666400312775873,0.7796028392717529,0.3893,0.3166,0.182,0.212
ERICH1,ENSG00000104714,0.3539,0.7686922802345977,0.7815651174634067,0.3891,0.3044,0.186,0.201
SMAD4,ENSG00000141646,0.4196,0.7691526873394944,0.7819085284307569,0.3025,0.2261,0.146,0.153
KDM1A,ENSG00000004487,0.5112,0.7738442953865421,0.7865525164364168,0.2342,0.1643,0.113,0.115
TBC1D15,ENSG00000121749,0.3619,0.7742769489856709,0.7868668180748688,0.2794,0.2174,0.131,0.15
PPIP5K2,ENSG00000145725,0.2967,0.7783002382185219,0.7908294578646919,0.199,0.162,0.101,0.113
FBXO22,ENSG00000167196,0.374,0.7799996682906916,0.7924299418889497,0.2181,0.1682,0.104,0.118
RIMKLB,ENSG00000166532,0.493,0.7832176775789831,0.7955724497396458,0.2378,0.169,0.109,0.11
MECP2,ENSG00000169057,0.3022,0.7835051811605889,0.7957376979287485,0.3294,0.2672,0.158,0.18
GCC2,ENSG00000135968,0.2114,0.7870179727179922,0.7991780146666455,0.52,0.4491,0.241,0.29
OSBPL8,ENSG00000091039,0.2892,0.7910885562232757,0.8031835556495274,0.4154,0.3399,0.195,0.227
THUMPD2,ENSG00000138050,0.4082,0.795196600700545,0.8072258486410787,0.2131,0.1606,0.099,0.112
SPAG1,ENSG00000104450,0.3015,0.7956585360813055,0.8075661785572875,0.2067,0.1677,0.101,0.112
AFTPH,ENSG00000119844,0.2959,0.7985877106352296,0.8104101648041371,0.3563,0.2902,0.171,0.195
PTPN1,ENSG00000196396,0.1443,0.7987148793777821,0.8104102110509885,0.7733,0.6997,0.332,0.415
PI4K2B,ENSG00000038210,0.4688,0.7996861619822345,0.8112665949453763,0.2268,0.1639,0.114,0.116
ABHD2,ENSG00000140526,0.1341,0.803012829339898,0.8145118197361735,0.6717,0.6121,0.306,0.377
PRKDC,ENSG00000253729,0.2734,0.8052451471734134,0.8166461681881182,0.4549,0.3764,0.223,0.248
ATXN10,ENSG00000130638,0.2,0.8061576417369594,0.8174415406510444,0.6554,0.5705,0.3,0.362
FZD6,ENSG00000164930,0.3883,0.8067806071364777,0.8179431250787286,0.2065,0.1578,0.098,0.109
CUL1,ENSG00000055130,0.2729,0.8134089255416994,0.8245320242213919,0.3283,0.2717,0.16,0.181
SRPK1,ENSG00000096063,0.3735,0.8146403495809551,0.8256490029536707,0.3483,0.2689,0.168,0.181
WAPL,ENSG00000062650,0.3426,0.817322600562254,0.8282358255578397,0.4221,0.3328,0.2,0.221
USP12,ENSG00000152484,0.3984,0.8181338012403766,0.8289260939140816,0.3426,0.2599,0.16,0.173
MACO1,ENSG00000204178,0.3683,0.8185409287856646,0.8292068045461007,0.2186,0.1693,0.107,0.119
RSPRY1,ENSG00000159579,0.5133,0.8194164185836101,0.8299618157722457,0.2489,0.1744,0.118,0.122
SH3GL1,ENSG00000141985,0.4003,0.8235205307088672,0.8339862403922206,0.2078,0.1574,0.1,0.111
DCUN1D1,ENSG00000043093,0.3333,0.829213121587196,0.8396177970327786,0.2218,0.176,0.11,0.122
MEGF6,ENSG00000162591,0.3286,0.8319854399505267,0.8422911195306665,0.3283,0.2614,0.15,0.169
PDE4C,ENSG00000105650,0.247,0.832890545478159,0.8430735515121092,0.2014,0.1697,0.101,0.111
CENPC,ENSG00000145241,0.3876,0.8399227761012742,0.8500567864177843,0.2872,0.2195,0.131,0.148
TRAFD1,ENSG00000135148,0.3457,0.8407419990549985,0.8507508323770817,0.1947,0.1532,0.096,0.106
IL1R1,ENSG00000115594,0.2774,0.8451775501528902,0.8551034569472584,0.5817,0.4799,0.254,0.296
ERN1,ENSG00000178607,0.2921,0.8467802473571551,0.8565890315617047,0.4467,0.3648,0.207,0.23
ZC3H6,ENSG00000188177,0.4444,0.8481519799488488,0.8578405318378409,0.2967,0.218,0.139,0.148
RABEP1,ENSG00000029725,0.3538,0.8523080700030565,0.8619073518828498,0.338,0.2645,0.164,0.176
ACAP2,ENSG00000114331,0.2643,0.8531239349232784,0.8625955725830134,0.4548,0.3786,0.211,0.246
ZNF37A,ENSG00000075407,0.3885,0.8544302324986625,0.8637793739579722,0.2211,0.1689,0.107,0.117
CYFIP2,ENSG00000055163,0.4274,0.8563772084251182,0.8656103858744457,0.2871,0.2135,0.139,0.148
PRKAG2,ENSG00000106617,0.34,0.8602414334777837,0.8693784303140253,0.3042,0.2403,0.144,0.161
ZNF117,ENSG00000152926,0.4151,0.8655480523046463,0.8746027632655128,0.2174,0.163,0.107,0.109
RAB1A,ENSG00000138069,0.1146,0.8681742028371575,0.8771173602356386,0.8114,0.7494,0.356,0.454
NFKB1,ENSG00000109320,0.3205,0.8686571969187538,0.8774662700613303,0.4113,0.3293,0.191,0.211
SCAF4,ENSG00000156304,0.3725,0.8715797607513008,0.8802789884013851,0.2351,0.1816,0.112,0.123
CLOCK,ENSG00000134852,0.2916,0.8743330530228629,0.8829198816760258,0.3312,0.2706,0.159,0.178
TM9SF4,ENSG00000101337,0.3039,0.875984581374727,0.8844475302920312,0.2169,0.1757,0.112,0.122
TNRC6C,ENSG00000078687,0.4773,0.8784982975952985,0.8868450747696006,0.22,0.158,0.104,0.107
SENP2,ENSG00000163904,0.4337,0.8848765337270607,0.893142479814758,0.2202,0.163,0.104,0.114
BAZ1A,ENSG00000198604,0.2292,0.8863954331179209,0.8945339379652915,0.551,0.4701,0.25,0.288
EDEM3,ENSG00000116406,0.4266,0.8884202952022524,0.8964354830507058,0.2043,0.152,0.103,0.106
ORC4,ENSG00000115947,0.4396,0.8902980079766747,0.8981879729152241,0.2598,0.1915,0.125,0.131
CNST,ENSG00000162852,0.3496,0.8908126387255497,0.8985649639043323,0.2017,0.1583,0.098,0.106
FBH1,ENSG00000134452,0.379,0.8933805600463081,0.9010126673461816,0.2017,0.1551,0.101,0.111
FBXO38,ENSG00000145868,0.2527,0.8959584806158274,0.9034696795200726,0.2821,0.2368,0.144,0.157
SLC35A3,ENSG00000117620,0.4353,0.8992483265897332,0.9066436947666534,0.1959,0.1449,0.1,0.103
CACNB4,ENSG00000182389,0.2984,0.8995978459113481,0.9068526672493428,0.3035,0.2468,0.135,0.149
DLGAP4,ENSG00000080845,0.4945,0.9034082623153497,0.9105498296063801,0.225,0.1597,0.107,0.111
APOL6,ENSG00000221963,0.3611,0.9036335207375018,0.9106328951472612,0.2543,0.1979,0.126,0.138
SLTM,ENSG00000137776,0.1931,0.9040514549196933,0.9107661228054749,0.6738,0.5894,0.303,0.369
PITPNA,ENSG00000174238,0.3582,0.9039832794412653,0.9107661228054749,0.3203,0.2499,0.151,0.169
DONSON,ENSG00000159147,0.1714,0.9109763422400875,0.9175974374752027,0.226,0.2007,0.116,0.116
MAP3K7,ENSG00000135341,0.4032,0.9114036286016769,0.9178828013168547,0.2031,0.1535,0.103,0.106
CSNK2A1,ENSG00000101266,0.3091,0.9144962760483938,0.9208519601656153,0.3695,0.2982,0.178,0.202
LUC7L,ENSG00000007392,0.3553,0.9175842788610361,0.9238155050124929,0.3361,0.2627,0.155,0.173
YTHDF3,ENSG00000185728,0.3979,0.9183624159955404,0.9244529294128485,0.2854,0.2166,0.14,0.148
RSRP1,ENSG00000117616,0.23,0.9186742868384209,0.9246208681078202,0.5221,0.4451,0.244,0.281
LARP1,ENSG00000155506,0.2743,0.9189327035889054,0.9247349621751021,0.488,0.4035,0.227,0.265
MAPK9,ENSG00000050748,0.4456,0.9205933085647374,0.9262598393466227,0.2265,0.1663,0.113,0.118
FUBP3,ENSG00000107164,0.4278,0.9208101932529273,0.9263318576593675,0.2343,0.1742,0.112,0.122
DIAPH1,ENSG00000131504,0.3537,0.9241087452616095,0.9295035107356832,0.4361,0.3412,0.199,0.226
TRIQK,ENSG00000205133,0.3984,0.9248161742428748,0.9300683247828249,0.2162,0.164,0.107,0.115
TRIM38,ENSG00000112343,0.3807,0.9269566552694002,0.9320739238710452,0.2051,0.1575,0.103,0.111
UBE3A,ENSG00000114062,0.2434,0.9307840723536251,0.9357748716691942,0.5627,0.4753,0.257,0.306
LRRC8B,ENSG00000197147,0.3963,0.9388812348641095,0.9437666149887571,0.2077,0.1578,0.107,0.111
ARMC8,ENSG00000114098,0.3151,0.9403728268068307,0.9451169432277385,0.234,0.188,0.118,0.127
PWWP2A,ENSG00000170234,0.3855,0.9418050710585022,0.946407208070295,0.315,0.2411,0.15,0.164
NMT1,ENSG00000136448,0.3488,0.9465318935898202,0.9510072216918998,0.3763,0.2954,0.175,0.197
CCSER2,ENSG00000107771,0.259,0.9468774712816999,0.9512045192910238,0.5242,0.4381,0.241,0.279
BCL2L13,ENSG00000099968,0.4111,0.9474286287726954,0.9516082414409852,0.2514,0.1891,0.125,0.132
CDH1,ENSG00000039068,0.2066,0.953105477301115,0.9571593285750799,0.6111,0.5295,0.277,0.333
SLC6A6,ENSG00000131389,0.3582,0.953436330474807,0.9573407791426831,0.2931,0.2286,0.142,0.156
MZF1,ENSG00000099326,0.3692,0.9613194376373763,0.965104159832799,0.2039,0.1578,0.101,0.105
MLXIP,ENSG00000175727,0.3811,0.9615699503945943,0.9652036582846069,0.3296,0.2531,0.155,0.171
TRIM13,ENSG00000204977,0.2732,0.9627659024436678,0.9662519880476043,0.2989,0.2473,0.154,0.166
LAMA5,ENSG00000130702,0.3785,0.9630253844900839,0.9663602748503518,0.1978,0.1521,0.096,0.102
KIFC3,ENSG00000140859,0.2919,0.9667450440985287,0.9699401410336985,0.3538,0.289,0.172,0.19
ABI1,ENSG00000136754,0.3995,0.9688900737053451,0.9719392950230645,0.317,0.2403,0.149,0.165
KATNBL1,ENSG00000134152,0.3798,0.9692958352733037,0.9721933527166946,0.3577,0.2749,0.171,0.189
HIP1R,ENSG00000130787,0.2864,0.9760815034802642,0.9788453019799723,0.2026,0.1661,0.107,0.113
RBM5,ENSG00000003756,0.3558,0.97910789017307,0.9817258257082921,0.42,0.3281,0.19,0.213
GNB1,ENSG00000078369,0.2642,0.9817644354728752,0.9842346715111777,0.5355,0.4459,0.245,0.289
GLCE,ENSG00000138604,0.3603,0.98212263747798,0.9844389644531639,0.2261,0.1761,0.113,0.119
TMEM184B,ENSG00000198792,0.3761,0.9853704912852999,0.9875392048331688,0.2146,0.1653,0.109,0.115
YAF2,ENSG00000015153,0.3489,0.987537855467547,0.9895557731225421,0.3347,0.2628,0.16,0.178
OFD1,ENSG00000046651,0.3475,0.9877169808078193,0.9895797191026007,0.4174,0.328,0.193,0.218
SIN3A,ENSG00000169375,0.4404,0.9901471720343898,0.9918586143493456,0.2164,0.1594,0.105,0.112
CNOT1,ENSG00000125107,0.319,0.9927745079420842,0.9943342479388511,0.3989,0.3197,0.189,0.212
MMS19,ENSG00000155229,0.4029,0.9930372463123492,0.9944411632487004,0.2134,0.1613,0.104,0.11
STAM2,ENSG00000115145,0.4711,0.9934134411953155,0.9946616440427416,0.2652,0.1913,0.122,0.132
USP4,ENSG00000114316,0.4068,0.9944882915013157,0.9955814790076771,0.2545,0.192,0.121,0.13
GLYR1,ENSG00000140632,0.3293,0.9951212637084826,0.9960587307491877,0.3435,0.2734,0.168,0.185
APBB1IP,ENSG00000077420,0.3654,0.9965544190545018,0.9973366438732258,0.1925,0.1494,0.096,0.101
SLC39A9,ENSG00000029364,0.3472,0.9979995286048259,0.9983127247537682,0.194,0.1525,0.103,0.108
KIF21A,ENSG00000139116,0.3941,0.9978800977498669,0.9983127247537682,0.2325,0.1769,0.114,0.122
CLK1,ENSG00000013441,0.3462,0.9978621831256542,0.9983127247537682,0.4808,0.3782,0.214,0.248
PDZD8,ENSG00000165650,0.3403,0.9989788630639168,0.9989788630639168,0.3795,0.2997,0.177,0.199
LONP2,ENSG00000102910,0.2653,0.9989310906036201,0.9989788630639168,0.4825,0.4014,0.227,0.261
