gene,gene_ens,log2FC,pvalue,padj,mean_group,mean_ref,pct_group,pct_ref
SFTA2,ENSG00000196260,-7.9661,2.684811531409499e-111,1.793185621828404e-107,0.0091,2.3026,0.01,0.919
SLPI,ENSG00000124107,-5.387,3.8486283962318705e-110,8.56832968614422e-107,0.0619,2.5957,0.03,0.928
RPL30,ENSG00000156482,-5.7119,3.131503820435713e-110,8.56832968614422e-107,0.0451,2.3666,0.03,0.922
RPL12,ENSG00000197958,-5.0195,1.3012960412332059e-109,2.0165550339077396e-106,0.0752,2.4416,0.04,0.925
RPL34,ENSG00000109475,-5.3454,1.5096234720075906e-109,2.0165550339077396e-106,0.0601,2.4456,0.04,0.924
RPL28,ENSG00000108107,-3.995,5.119634499928555e-109,5.699006470837136e-106,0.1541,2.4592,0.085,0.925
RPS4X,ENSG00000198034,-5.0186,8.910552191380541e-109,8.501939726604377e-106,0.0744,2.4148,0.045,0.922
RPS13,ENSG00000110700,-5.8155,1.9591589711672418e-108,1.6356528460532508e-105,0.0423,2.3873,0.025,0.921
RPS14,ENSG00000164587,-4.7408,3.4086797500286195e-108,2.5296191167156835e-105,0.0918,2.457,0.05,0.924
RPL32,ENSG00000144713,-5.4435,8.599553493751897e-108,5.7436417784768915e-105,0.0562,2.4493,0.03,0.924
RPS12,ENSG00000112306,-4.1453,1.511868932594744e-107,9.179793273454815e-105,0.1459,2.5831,0.07,0.929
RPS15A,ENSG00000134419,-4.8888,8.807806157449443e-107,4.902278110467069e-104,0.081,2.4029,0.045,0.918
RPL37,ENSG00000145592,-4.3813,2.72249959062018e-106,1.3987365204424756e-103,0.1137,2.371,0.06,0.921
RPL8,ENSG00000161016,-4.386,3.6518067317138026e-106,1.7421726543654635e-103,0.1147,2.4013,0.06,0.924
RPL18A,ENSG00000105640,-4.6336,4.381909887869696e-106,1.9511184094054465e-103,0.096,2.3862,0.055,0.92
FAU,ENSG00000149806,-5.2251,9.08686582258835e-106,3.7931985518167246e-103,0.0606,2.2719,0.035,0.915
SFTPC,ENSG00000168484,-3.0769,1.4176385710881618e-105,5.569651774292843e-103,0.3612,3.0487,0.129,0.972
RPS3,ENSG00000149273,-4.2875,2.7684483458755706e-105,1.0272481390057186e-102,0.1238,2.4199,0.065,0.923
RPL29,ENSG00000162244,-5.0929,3.04712386507885e-105,1.0711442260453493e-102,0.068,2.3237,0.035,0.914
RPS8,ENSG00000142937,-4.1655,3.744762837411696e-105,1.250563549553636e-102,0.1361,2.4447,0.07,0.926
RPS15,ENSG00000115268,-4.6106,8.726087931909358e-105,2.7753114903439336e-102,0.0967,2.3655,0.045,0.924
RPL10,ENSG00000147403,-3.8794,1.167609698696697e-104,3.5447568989069273e-102,0.1735,2.5544,0.085,0.929
RPL22,ENSG00000116251,-4.7881,1.6345126380310916e-104,4.1988115036191005e-102,0.0799,2.2095,0.045,0.911
RPL14,ENSG00000188846,-4.4469,1.5893012199966767e-104,4.1988115036191005e-102,0.107,2.3363,0.06,0.92
NAPSA,ENSG00000131400,-3.1459,1.568699991008955e-104,4.1988115036191005e-102,0.284,2.5145,0.134,0.954
RPLP1,ENSG00000137818,-3.8873,1.6286589560157432e-104,4.1988115036191005e-102,0.1764,2.6121,0.08,0.931
RPS27,ENSG00000177954,-3.9872,2.468448019128133e-104,6.106209007317334e-102,0.1575,2.4993,0.08,0.925
RPLP2,ENSG00000177600,-3.9641,4.1108540262160436e-104,9.805855014677485e-102,0.1524,2.3806,0.08,0.922
RPS3A,ENSG00000145425,-4.1884,5.726232513124585e-104,1.3188105846606585e-101,0.1297,2.3666,0.07,0.922
NPC2,ENSG00000119655,-4.0381,1.1484469472065137e-103,2.556825720130768e-101,0.1481,2.4338,0.07,0.929
RPS6,ENSG00000137154,-4.2815,1.593658514961883e-103,3.433562974654973e-101,0.1229,2.3916,0.06,0.919
RPS16,ENSG00000105193,-4.5644,2.6060808671335915e-103,5.4393794098703925e-101,0.0971,2.2993,0.05,0.911
RPL11,ENSG00000142676,-3.9833,5.531542424703933e-103,1.1195506622605324e-100,0.1562,2.4726,0.075,0.928
RPL24,ENSG00000114391,-4.2148,9.063093710048635e-103,1.780364790865142e-100,0.1242,2.3079,0.065,0.915
RPS23,ENSG00000186468,-4.3405,1.0261234295509918e-102,1.9581366817060212e-100,0.1177,2.3867,0.06,0.921
SFTPA2,ENSG00000185303,-3.5973,1.5483091767315748e-102,2.8725436087194965e-100,0.2188,2.6488,0.095,0.938
RPS5,ENSG00000083845,-4.32,2.536092977247173e-102,4.577990539198343e-100,0.1138,2.2751,0.06,0.91
RPL26,ENSG00000161970,-4.5474,2.6374889301849243e-102,4.578492389587802e-100,0.0967,2.2623,0.055,0.906
GSTP1,ENSG00000084207,-4.3236,2.673472124478579e-102,4.578492389587802e-100,0.1118,2.2399,0.06,0.912
RPS21,ENSG00000171858,-4.4851,4.7360973005381474e-102,7.908098467573572e-100,0.0989,2.2166,0.05,0.914
RPL18,ENSG00000063177,-4.1828,4.880957348954006e-102,7.951198569186294e-100,0.1301,2.365,0.06,0.921
RPL39,ENSG00000198918,-4.0897,7.656665812481276e-102,1.2175921657514868e-99,0.141,2.4016,0.07,0.92
RPS25,ENSG00000118181,-4.1094,1.0114157282728404e-101,1.5709873602637911e-99,0.1336,2.3081,0.065,0.916
RPL7A,ENSG00000148303,-4.0874,2.6703281990736917e-101,4.053436827639361e-99,0.1375,2.3384,0.065,0.92
RPS27A,ENSG00000143947,-4.0019,2.8841832559820363e-101,4.280768881489783e-99,0.1477,2.3683,0.07,0.921
RPL19,ENSG00000108298,-4.1476,4.3894566341845007e-101,6.3733001868952785e-99,0.1369,2.4288,0.065,0.924
RPS26,ENSG00000197728,-4.7501,1.9955772817013413e-100,2.8358426945709063e-98,0.0806,2.1715,0.04,0.901
SERF2,ENSG00000140264,-4.3925,3.6694496838147804e-100,5.105886341291441e-98,0.1029,2.1636,0.055,0.904
UBA52,ENSG00000221983,-5.1348,9.192489722360863e-100,1.2529926297071062e-97,0.059,2.0748,0.035,0.886
RPS2,ENSG00000140988,-3.7647,3.91546027478799e-99,5.230271835061797e-97,0.1747,2.376,0.08,0.917
RPL35A,ENSG00000182899,-4.1093,6.093279583828877e-99,7.979806733410405e-97,0.1345,2.3222,0.065,0.915
DBI,ENSG00000155368,-6.4848,6.396285101663101e-99,8.215536191155356e-97,0.0224,2.0138,0.02,0.868
RPL9,ENSG00000163682,-4.1866,1.4287150843103067e-98,1.8004505751148188e-96,0.127,2.3136,0.06,0.911
COX7C,ENSG00000127184,-5.1295,2.025907497262067e-98,2.505747439669138e-96,0.0593,2.0795,0.03,0.892
PPIA,ENSG00000196262,-4.5125,4.4282818002794615e-98,5.377544389830278e-96,0.0883,2.0171,0.05,0.886
RPL6,ENSG00000089009,-3.7376,8.616755032332514e-98,1.0277019082312297e-95,0.1746,2.3303,0.085,0.919
RPSA,ENSG00000168028,-4.0286,9.184884950111961e-98,1.0762429224876804e-95,0.1311,2.1418,0.07,0.896
NDUFA4,ENSG00000189043,-6.47,1.4004415678670513e-97,1.61268090203173e-95,0.0215,1.9165,0.015,0.862
RPS28,ENSG00000233927,-3.2709,1.5666027584768526e-97,1.7734474277740505e-95,0.2576,2.4877,0.114,0.926
RPS7,ENSG00000171863,-3.7434,9.072765676259026e-97,1.0099500325289005e-94,0.1704,2.2832,0.08,0.916
RACK1,ENSG00000204628,-3.5777,3.4280267950019956e-96,3.753408354724316e-94,0.186,2.2223,0.095,0.907
RPL36,ENSG00000130255,-3.5856,5.2627185467452135e-96,5.669305995759883e-94,0.1907,2.2904,0.09,0.913
RPL23A,ENSG00000198242,-4.327,6.46643248861452e-96,6.855444855786727e-94,0.1139,2.2881,0.05,0.906
RPL5,ENSG00000122406,-3.4415,7.11358334838255e-96,7.423691122476101e-94,0.2108,2.2907,0.1,0.915
RPL27,ENSG00000131469,-4.5269,8.368423940329058e-96,8.59887746114735e-94,0.0903,2.0838,0.05,0.878
PPDPF,ENSG00000125534,-4.5957,3.425890813467419e-95,3.466897688355892e-93,0.083,2.0086,0.045,0.879
RPS9,ENSG00000170889,-3.4891,3.5594957192899824e-95,3.548339090916088e-93,0.2056,2.3097,0.095,0.916
EIF1,ENSG00000173812,-3.2759,3.675938293674177e-95,3.6105282152132097e-93,0.2329,2.2571,0.119,0.917
TMSB10,ENSG00000034510,-4.1755,4.7900567906875424e-95,4.636636131159724e-93,0.1141,2.0629,0.055,0.888
TPT1,ENSG00000133112,-3.0832,7.365416235757737e-95,7.027659291232274e-93,0.2972,2.5197,0.129,0.928
RPL10A,ENSG00000198755,-4.1062,8.393813103416005e-95,7.896095453199366e-93,0.1264,2.179,0.065,0.897
RPL13,ENSG00000167526,-3.0962,1.4761997616717337e-94,1.3693803066952097e-92,0.2914,2.4926,0.124,0.927
RPL21,ENSG00000122026,-3.4014,2.38987566851122e-94,2.1865725465734847e-92,0.2206,2.3314,0.104,0.909
SLC25A5,ENSG00000005022,-5.5483,2.570246766746301e-94,2.319821372310614e-92,0.0405,1.8999,0.03,0.854
RPLP0,ENSG00000089157,-3.3607,3.1168874771375394e-94,2.7756921946402167e-92,0.2295,2.3586,0.1,0.923
RPL37A,ENSG00000197756,-3.2989,7.99159079575668e-94,7.023136174323536e-92,0.235,2.3139,0.114,0.911
PRDX5,ENSG00000126432,-4.9866,8.1762878344711e-94,7.09213330473149e-92,0.0603,1.9148,0.04,0.861
RPL36AL,ENSG00000165502,-6.4387,1.0918320686476461e-93,9.349162033971318e-92,0.0212,1.8463,0.015,0.85
RPL23,ENSG00000125691,-5.3785,6.332401884336221e-93,5.353685086769825e-91,0.0485,2.0231,0.025,0.86
CST3,ENSG00000101439,-4.658,7.395111760238623e-93,6.17399393082922e-91,0.0752,1.9001,0.04,0.864
UQCRQ,ENSG00000164405,-6.8097,1.0532943579066881e-92,8.685127180813297e-91,0.0158,1.7825,0.015,0.839
RNASE1,ENSG00000129538,-4.31,1.5360751721461822e-92,1.251151960337116e-90,0.1043,2.0711,0.055,0.871
TMA7,ENSG00000232112,-5.64,1.8482380367415754e-92,1.4872749213731304e-90,0.0362,1.8124,0.02,0.849
COX6A1,ENSG00000111775,-5.6637,2.413905425356798e-92,1.9193421828521494e-90,0.0354,1.7978,0.025,0.847
RPL15,ENSG00000174748,-3.546,2.6019969896763147e-92,2.030708932658504e-90,0.192,2.2436,0.085,0.907
POLR2L,ENSG00000177700,-5.9174,2.614777185336597e-92,2.030708932658504e-90,0.0302,1.8324,0.02,0.847
RPS11,ENSG00000142534,-4.2847,3.0352231894368022e-92,2.3043707196689806e-90,0.1062,2.0727,0.05,0.877
COX4I1,ENSG00000131143,-4.9014,3.036152467897444e-92,2.3043707196689806e-90,0.0629,1.8823,0.035,0.862
NACA,ENSG00000196531,-3.8682,7.407034425260146e-92,5.5586048231811815e-90,0.146,2.1338,0.07,0.896
RPL41,ENSG00000229117,-3.3487,7.586788458102878e-92,5.63024001240768e-90,0.2334,2.3786,0.1,0.908
CTSH,ENSG00000103811,-2.8773,8.530800749868921e-92,6.261232770151047e-90,0.3137,2.3055,0.149,0.938
GNG5,ENSG00000174021,-5.161,1.1147835457998599e-91,8.093086198257897e-90,0.0499,1.7876,0.03,0.848
SFTPD,ENSG00000133661,-4.1499,1.6927792672917853e-91,1.2157067447571865e-89,0.114,2.0246,0.06,0.868
RPL7,ENSG00000147604,-4.0745,1.8165516869328947e-91,1.2907179486196602e-89,0.1284,2.1645,0.06,0.889
FABP5,ENSG00000164687,-4.7001,3.368511229058087e-91,2.3682406840925223e-89,0.0785,2.0442,0.04,0.867
ATP5F1E,ENSG00000124172,-3.7684,4.346789914194226e-91,3.02418852467742e-89,0.1543,2.1042,0.07,0.896
CD74,ENSG00000019582,-3.7597,5.144402050912205e-91,3.542212504952847e-89,0.1559,2.1132,0.075,0.883
UQCR10,ENSG00000184076,-5.6819,7.650658494021647e-91,5.2141579675072016e-89,0.0351,1.8075,0.025,0.84
EEF1B2,ENSG00000114942,-4.293,1.0328782632302275e-90,6.968276686984534e-89,0.0997,1.956,0.05,0.87
CYB5A,ENSG00000166347,-2.7637,1.175247039365695e-90,7.849474975923477e-89,0.339,2.3026,0.164,0.929
GPX4,ENSG00000167468,-4.3372,1.3361715657535058e-90,8.835930581849174e-89,0.095,1.9221,0.05,0.864
COX7A2,ENSG00000112695,-5.2536,3.8241200994061227e-90,2.5040488376405385e-88,0.0469,1.7929,0.035,0.84
CXCL17,ENSG00000189377,-4.6375,5.473954469674051e-90,3.549567175043979e-88,0.0761,1.8966,0.045,0.85
ATP5MC2,ENSG00000135390,-4.8891,1.3919723690213325e-89,8.939407166051423e-88,0.0607,1.8004,0.035,0.846
RPL31,ENSG00000071082,-3.5868,2.7405098612192277e-89,1.7432252726745924e-87,0.1725,2.0742,0.095,0.875
S100A6,ENSG00000197956,-2.8729,1.2093343267182298e-88,7.619947139765149e-87,0.3446,2.525,0.139,0.93
SLC25A6,ENSG00000169100,-4.7483,1.3855403972212096e-88,8.64862085330884e-87,0.0683,1.8373,0.04,0.842
OST4,ENSG00000228474,-6.68,2.8400387868690866e-88,1.7563536164350586e-86,0.0166,1.7127,0.02,0.82
SFTPA1,ENSG00000122852,-2.9342,4.585657228379127e-88,2.8098719842517605e-86,0.3522,2.6926,0.129,0.941
ATP5MG,ENSG00000167283,-4.5826,8.469159677927151e-88,5.14231977171595e-86,0.0758,1.8181,0.04,0.847
CSTB,ENSG00000160213,-3.6156,1.2630406066193909e-87,7.599863253703524e-86,0.1629,1.9979,0.075,0.884
RPL35,ENSG00000136942,-3.2617,1.6099518409782304e-87,9.600775308833573e-86,0.2306,2.2125,0.104,0.904
OAZ1,ENSG00000104904,-3.9379,2.400507112487835e-87,1.41884840746073e-85,0.1265,1.9408,0.06,0.862
SSR4,ENSG00000180879,-5.8831,3.9874650564519575e-87,2.3361648343897037e-85,0.0291,1.7238,0.02,0.822
RPL38,ENSG00000172809,-3.857,7.211294181175189e-87,4.1881942466147037e-85,0.1377,1.9965,0.07,0.862
S100A11,ENSG00000163191,-3.8978,1.1639771554528027e-86,6.701899501094198e-85,0.1288,1.9207,0.06,0.867
RPS10,ENSG00000124614,-6.0619,1.930979794495983e-86,1.1023088929434763e-84,0.0271,1.8145,0.025,0.812
LDHB,ENSG00000111716,-4.4494,2.310844930695354e-86,1.3079773976368022e-84,0.0821,1.7948,0.05,0.837
SRP14,ENSG00000140319,-5.0982,3.522200161382405e-86,1.9768718384767296e-84,0.0504,1.7293,0.03,0.829
RPS24,ENSG00000138326,-3.1674,1.4398057946544632e-85,8.013719085414299e-84,0.2676,2.4051,0.109,0.925
UQCRB,ENSG00000156467,-4.8643,1.9063744762682396e-85,1.0522872005781465e-83,0.0603,1.7592,0.035,0.826
BTF3,ENSG00000145741,-4.3335,2.7362712350274216e-85,1.4979963589137825e-83,0.0907,1.8305,0.045,0.845
RPL3,ENSG00000100316,-2.9968,5.926606418831846e-85,3.2181954692177152e-83,0.2877,2.2975,0.124,0.912
MYL12B,ENSG00000118680,-4.2867,2.769474211455253e-84,1.4917192143798093e-82,0.089,1.7391,0.05,0.827
PEBP1,ENSG00000089220,-4.0714,3.0211353922427006e-84,1.6142530627831198e-82,0.1059,1.7817,0.065,0.833
PFDN5,ENSG00000123349,-4.1397,4.409907149982709e-84,2.3376007821217864e-82,0.1048,1.8493,0.05,0.849
CD63,ENSG00000135404,-3.2358,5.9022525003494615e-84,3.1040271220341777e-82,0.2237,2.1079,0.095,0.894
RPS29,ENSG00000213741,-3.4511,1.0352507901794841e-83,5.401906271569354e-82,0.1929,2.1107,0.09,0.867
COX6C,ENSG00000164919,-4.1475,1.4332851734995699e-83,7.420861762638471e-82,0.1005,1.7821,0.055,0.841
HINT1,ENSG00000169567,-3.8463,1.463218377688024e-83,7.517565803521778e-82,0.1277,1.8387,0.065,0.851
FTH1,ENSG00000167996,-2.6655,4.1729648317269154e-83,2.127574970313288e-81,0.3899,2.4742,0.154,0.928
TOMM7,ENSG00000196683,-4.1491,6.264051990121955e-83,3.1695153971230707e-81,0.1015,1.803,0.055,0.838
RPS20,ENSG00000008988,-3.6741,1.1339011637483161e-82,5.69422997945489e-81,0.1582,2.0205,0.085,0.846
RPL4,ENSG00000174444,-3.5619,1.5432389999493124e-82,7.692009910941386e-81,0.1605,1.8966,0.085,0.85
CHCHD2,ENSG00000106153,-5.4407,9.974436123929985e-82,4.934759916424324e-80,0.0379,1.6483,0.025,0.801
UQCR11,ENSG00000127540,-5.3658,2.0545813257234253e-81,1.0090109319490262e-79,0.0396,1.6385,0.03,0.802
UBL5,ENSG00000198258,-5.8272,2.2705690693707825e-81,1.1069438550603983e-79,0.0282,1.6069,0.025,0.794
EEF1D,ENSG00000104529,-2.9107,2.535992362711178e-81,1.2273835500397071e-79,0.2587,1.946,0.134,0.872
EEF2,ENSG00000167658,-3.2008,4.087301079231516e-81,1.9639628710926113e-79,0.212,1.95,0.1,0.868
NPM1,ENSG00000181163,-3.7988,1.2992041527485175e-80,6.198131811576677e-79,0.1296,1.8045,0.07,0.836
COX6B1,ENSG00000126267,-5.9661,2.680999317715212e-80,1.2699570526964469e-78,0.025,1.568,0.02,0.786
SEC61B,ENSG00000106803,-5.348,4.087744577244828e-80,1.9226792979871975e-78,0.0394,1.6095,0.03,0.793
LAMP3,ENSG00000078081,-4.3322,4.805683099871884e-80,2.2445564632198824e-78,0.084,1.6931,0.05,0.813
SERPINA1,ENSG00000197249,-3.8099,5.28746495378506e-80,2.4524290573840563e-78,0.1309,1.837,0.07,0.829
COX5B,ENSG00000135940,-6.2633,8.074975880204064e-80,3.719500958888479e-78,0.0202,1.5622,0.015,0.785
SERP1,ENSG00000120742,-3.358,9.772280567216205e-80,4.470483692358701e-78,0.1701,1.7446,0.095,0.834
RPS19,ENSG00000105372,-2.5386,1.488591371921535e-79,6.763470593921042e-78,0.4129,2.3993,0.169,0.922
GAPDH,ENSG00000111640,-4.2368,1.60740487411825e-79,7.253957536645805e-78,0.0903,1.7053,0.05,0.81
RPL27A,ENSG00000166441,-3.5782,2.689746394382578e-79,1.2056923602739087e-77,0.1656,1.979,0.08,0.832
TXN,ENSG00000136810,-3.6431,3.0629665901756996e-79,1.3638369237188998e-77,0.1426,1.7822,0.07,0.835
COX8A,ENSG00000176340,-5.8029,4.3179224700415347e-79,1.9098943163845967e-77,0.0281,1.5749,0.02,0.784
NUPR1,ENSG00000176046,-3.6033,5.986901016006576e-79,2.616455710806901e-77,0.1456,1.7712,0.085,0.823
MYL6,ENSG00000092841,-2.8531,5.993677552829104e-79,2.616455710806901e-77,0.2759,1.9942,0.129,0.879
EEF1A1,ENSG00000156508,-2.374,1.3939826555597963e-78,6.045720880833688e-77,0.5045,2.6157,0.194,0.932
ATP6V0E1,ENSG00000113732,-3.3839,4.73099067346076e-78,2.038599142454478e-76,0.1672,1.7459,0.09,0.833
RPS17,ENSG00000182774,-3.7766,3.725414494701762e-77,1.5950027826995557e-75,0.1381,1.8934,0.07,0.811
WFDC2,ENSG00000101443,-4.258,6.084909058297906e-77,2.58860557964151e-75,0.087,1.6673,0.05,0.796
SEC61G,ENSG00000132432,-5.1509,1.508562583827095e-76,6.377018669228587e-75,0.0444,1.5822,0.025,0.781
IFITM3,ENSG00000142089,-3.3367,1.956355220111177e-76,8.217922336555063e-75,0.1828,1.8479,0.08,0.845
RPL13A,ENSG00000142541,-2.6666,2.1509150992364537e-75,8.978726217375172e-74,0.3436,2.1821,0.144,0.888
S100A14,ENSG00000189334,-4.1234,3.226712519351511e-75,1.3385846532142076e-73,0.0953,1.6632,0.045,0.798
PGC,ENSG00000096088,-4.1607,5.585108623320855e-75,2.3026506478493823e-73,0.1035,1.853,0.045,0.793
ELOB,ENSG00000103363,-4.8669,6.245920247855042e-75,2.559294560455449e-73,0.053,1.5483,0.03,0.78
MYL12A,ENSG00000101608,-4.7135,2.0438917838481432e-74,8.323873917269359e-73,0.0591,1.5531,0.04,0.772
HLA-DRA,ENSG00000204287,-4.1422,2.7041371103772332e-74,1.0946019248611843e-72,0.095,1.6798,0.045,0.79
SKP1,ENSG00000113558,-4.0634,3.717182307879697e-74,1.4956060623089457e-72,0.0934,1.5631,0.055,0.784
TPI1,ENSG00000111669,-4.9563,5.7138654413079375e-74,2.2852040288919587e-72,0.0492,1.5303,0.03,0.768
MGST1,ENSG00000008394,-1.9076,1.559021727681823e-73,6.198039356658867e-72,0.5991,2.2479,0.274,0.933
UBB,ENSG00000170315,-3.7093,1.944326983763319e-73,7.684118298553377e-72,0.131,1.7143,0.06,0.809
PPIB,ENSG00000166794,-3.8715,3.603805222267751e-73,1.4158714752662536e-71,0.1102,1.6141,0.06,0.788
ATP5MK,ENSG00000173915,-6.7109,9.75063281164765e-73,3.808448920993839e-71,0.0138,1.4592,0.005,0.748
HNRNPA1,ENSG00000135486,-3.2744,1.1345112058661396e-72,4.40546531626741e-71,0.1786,1.7286,0.09,0.818
EDF1,ENSG00000107223,-4.5286,1.2066834393497464e-72,4.6586350817439054e-71,0.066,1.5253,0.045,0.769
MRPL14,ENSG00000180992,-4.281,1.835819424030127e-72,7.046803409825988e-71,0.0798,1.5529,0.04,0.775
DCXR,ENSG00000169738,-4.4955,3.104361917962351e-72,1.184801900004031e-70,0.0683,1.5426,0.035,0.77
AK1,ENSG00000106992,-4.8206,5.452840182865528e-72,2.0692908853044807e-70,0.0552,1.5612,0.035,0.759
PFN1,ENSG00000108518,-3.2388,7.750746458230525e-72,2.9247025759616765e-70,0.1847,1.7447,0.08,0.828
TSTD1,ENSG00000215845,-5.6065,1.3565302137718857e-71,5.0900366841474295e-70,0.03,1.4658,0.02,0.749
MIF,ENSG00000240972,-4.4304,1.488260737032655e-71,5.553124839464303e-70,0.0729,1.5741,0.05,0.762
NDUFB2,ENSG00000090266,-5.2224,1.6380171166755003e-71,6.07795351237537e-70,0.0387,1.4493,0.03,0.748
TMEM258,ENSG00000134825,-4.2777,7.321979238902524e-71,2.7018507920790033e-69,0.0783,1.5212,0.045,0.768
ATP5MJ,ENSG00000156411,-6.2347,2.551269719905542e-70,9.362599153433581e-69,0.0188,1.4245,0.015,0.737
VAMP8,ENSG00000118640,-4.7852,7.080732366969222e-70,2.5842738513107885e-68,0.0523,1.4459,0.035,0.744
HOPX,ENSG00000171476,-2.0771,1.277443806553467e-69,4.636982165201417e-68,0.5354,2.2593,0.229,0.929
SNRPD2,ENSG00000125743,-6.1204,2.6453056413897683e-69,9.550268312887709e-68,0.0199,1.3924,0.015,0.727
PRDX1,ENSG00000117450,-4.2269,2.98451157108661e-69,1.0716963861982511e-67,0.081,1.5184,0.04,0.76
AQP3,ENSG00000165272,-4.3155,5.58458289865487e-69,1.9946218812896193e-67,0.0765,1.5249,0.045,0.75
COMMD6,ENSG00000188243,-6.1562,9.638314083893152e-69,3.42416488118736e-67,0.0194,1.3877,0.015,0.727
NDUFB11,ENSG00000147123,-4.8771,1.0903204562549722e-68,3.8530425012311957e-67,0.0487,1.433,0.025,0.744
ATP6V1G1,ENSG00000136888,-3.809,1.3742958767576091e-68,4.831011663612669e-67,0.1089,1.5283,0.06,0.771
MUC1,ENSG00000185499,-2.1204,1.5741899168198985e-68,5.504719609654504e-67,0.4762,2.071,0.214,0.907
ATP5MF,ENSG00000241468,-5.2523,3.3651819356293903e-68,1.170627611878578e-66,0.0366,1.3994,0.03,0.729
TMSB4X,ENSG00000205542,-2.3434,3.8059153193054495e-68,1.3170833377016112e-66,0.462,2.3451,0.174,0.906
ERP29,ENSG00000089248,-4.7009,4.018310617593494e-68,1.383417351283863e-66,0.0549,1.4303,0.035,0.739
RPL36A,ENSG00000241343,-4.0312,4.522269738004572e-68,1.5489353630837198e-66,0.0962,1.5739,0.05,0.759
SUMO2,ENSG00000188612,-3.688,5.636876381211893e-68,1.9208519056180732e-66,0.1201,1.5497,0.06,0.776
C16orf89,ENSG00000153446,-5.8491,1.041426498770637e-67,3.5308058808574036e-66,0.0249,1.443,0.015,0.726
S100A10,ENSG00000197747,-3.2124,1.3580295397433455e-67,4.580949139366568e-66,0.1816,1.6838,0.09,0.791
BLVRB,ENSG00000090013,-3.5685,1.5262346588238353e-67,5.122473008183113e-66,0.1289,1.5307,0.07,0.768
PCBP2,ENSG00000197111,-2.8587,3.1412646983051315e-67,1.0490253459989987e-65,0.2232,1.6198,0.129,0.8
SELENOP,ENSG00000250722,-2.9515,1.0858403158682411e-66,3.6081231192457626e-65,0.2236,1.7306,0.1,0.819
UQCRH,ENSG00000173660,-4.6349,2.1751798384888006e-66,7.19209214914193e-65,0.0575,1.4303,0.035,0.735
PIGR,ENSG00000162896,-4.474,3.651788484296772e-66,1.20149237865114e-64,0.0678,1.5099,0.04,0.732
NDUFS5,ENSG00000168653,-4.4671,4.272962920855998e-66,1.398976438646922e-64,0.0651,1.4412,0.03,0.741
SLC25A3,ENSG00000075415,-3.2186,5.231767825671567e-66,1.7045354784224585e-64,0.1769,1.6472,0.085,0.801
ATP5IF1,ENSG00000130770,-5.9953,1.5027897591483437e-65,4.8723945637630034e-64,0.0211,1.3521,0.02,0.71
COX7B,ENSG00000131174,-4.9318,1.946867405782091e-65,6.281704059525886e-64,0.0455,1.3929,0.025,0.724
PEBP4,ENSG00000134020,-2.4511,5.102613152915085e-65,1.638478521553839e-63,0.3338,1.826,0.159,0.847
WDR83OS,ENSG00000105583,-5.1411,6.5043903345480286e-65,2.0786039734184822e-63,0.0383,1.3556,0.02,0.717
ACTG1,ENSG00000184009,-2.5024,7.713766613730912e-65,2.453345105386132e-63,0.3304,1.8727,0.144,0.847
ALDOA,ENSG00000149925,-8.7139,1.3341652415042307e-64,4.2231704492923023e-63,0.0031,1.3497,0.005,0.697
C12orf57,ENSG00000111678,-5.3007,1.9949920222313327e-64,6.285165904001449e-63,0.0344,1.3617,0.015,0.713
KRT18,ENSG00000111057,-3.1707,2.751320379537491e-64,8.627262354427654e-63,0.1744,1.5714,0.09,0.769
SELENBP1,ENSG00000143416,-3.8894,3.678987658210012e-64,1.1482223630460127e-62,0.1001,1.4854,0.05,0.743
SMDT1,ENSG00000183172,-13.6624,3.77186236847714e-64,1.1717334306538986e-62,0.0,1.2965,0.0,0.693
PTMA,ENSG00000187514,-2.0963,9.225884753132885e-64,2.852763160471044e-62,0.5317,2.2742,0.219,0.915
ATP5F1D,ENSG00000099624,-4.2412,1.0435742300909214e-63,3.2119964436761584e-62,0.0732,1.3865,0.04,0.726
COX17,ENSG00000138495,-6.2435,1.9138610262736405e-63,5.863613667193415e-62,0.0173,1.3185,0.01,0.699
ENO1,ENSG00000074800,-2.6069,3.9195730517507517e-63,1.1953802928147613e-61,0.2752,1.6771,0.134,0.806
SPINT2,ENSG00000167642,-3.2144,4.6365858708964415e-63,1.4076253196235153e-61,0.1648,1.5303,0.085,0.772
SPTSSA,ENSG00000165389,-4.4129,7.967546867253693e-63,2.4079296618274847e-61,0.0649,1.3838,0.04,0.715
PRDX6,ENSG00000117592,-3.4211,1.2315291447231619e-62,3.70512754847117e-61,0.1375,1.4739,0.08,0.749
FTL,ENSG00000087086,-2.0165,1.3192703489938845e-61,3.9513034353946884e-60,0.6479,2.6219,0.224,0.93
BEX3,ENSG00000166681,-3.9933,3.767362421090718e-61,1.1233131076100406e-59,0.0873,1.3926,0.045,0.719
DDT,ENSG00000099977,-7.5438,4.332288516271876e-61,1.2860157777857717e-59,0.0067,1.2661,0.005,0.678
APRT,ENSG00000198931,-5.3475,4.3787548507613414e-61,1.2940576835502213e-59,0.0319,1.3013,0.02,0.692
TRMT112,ENSG00000173113,-6.4058,2.5860451511113245e-60,7.608896724349135e-59,0.0147,1.259,0.01,0.681
TMBIM6,ENSG00000139644,-2.4459,2.8536106319138177e-60,8.359326934452802e-59,0.3166,1.7257,0.144,0.824
ATP5PF,ENSG00000154723,-5.0598,4.1910248247371576e-60,1.2223517381842565e-58,0.0382,1.2772,0.02,0.688
PPA1,ENSG00000180817,-2.8953,5.446573782326403e-60,1.5816376648764368e-58,0.1988,1.4797,0.119,0.751
YBX1,ENSG00000065978,-2.6455,9.288096411479965e-60,2.6855063174144887e-58,0.2682,1.6787,0.119,0.802
HLA-DRB1,ENSG00000196126,-3.185,1.171889966725568e-59,3.373729779206926e-58,0.1679,1.5278,0.075,0.749
HLA-C,ENSG00000204525,-3.1909,1.2602176482320277e-59,3.6124436362839964e-58,0.167,1.5258,0.08,0.752
COX5A,ENSG00000178741,-4.7704,1.8126897883712942e-59,5.173912434415331e-58,0.047,1.2857,0.025,0.69
CFL1,ENSG00000172757,-3.1187,2.6918389568459506e-59,7.65054995437196e-58,0.1716,1.4913,0.075,0.755
SLC34A2,ENSG00000157765,-1.7359,3.1782584369923073e-59,8.994740720623568e-58,0.6901,2.2989,0.289,0.942
IFITM2,ENSG00000185201,-3.7149,3.363910667571484e-59,9.479982847556938e-58,0.1088,1.4298,0.06,0.719
ZFAS1,ENSG00000177410,-3.672,3.529214172881606e-59,9.904042630536238e-58,0.1119,1.4276,0.06,0.717
NDUFA1,ENSG00000125356,-6.9549,3.6287992191247165e-59,1.0140899575118822e-57,0.0098,1.2281,0.01,0.669
C19orf53,ENSG00000104979,-8.1958,3.713015407253258e-59,1.0333012460435212e-57,0.0041,1.2218,0.005,0.666
COX14,ENSG00000178449,-7.5041,5.795736602939466e-59,1.6062126461009413e-57,0.0067,1.2318,0.005,0.666
SSR2,ENSG00000163479,-4.5767,7.598288271154575e-59,2.0970647670678268e-57,0.0544,1.3015,0.035,0.691
ATP5MC3,ENSG00000154518,-4.3482,9.070792517451274e-59,2.4931614495496735e-57,0.0641,1.3085,0.035,0.697
NDUFB4,ENSG00000065518,-4.9994,1.6243629004315304e-58,4.4463605786812257e-57,0.0392,1.2562,0.035,0.68
CALM1,ENSG00000198668,-2.8518,1.798639270070863e-58,4.9033108917564467e-57,0.2128,1.5371,0.104,0.767
BRI3,ENSG00000164713,-2.7221,3.783075450941094e-58,1.0271203632859988e-56,0.2357,1.556,0.124,0.766
CIRBP,ENSG00000099622,-2.4462,3.995646896816112e-58,1.0804423329487779e-56,0.2893,1.5769,0.164,0.781
ITM2B,ENSG00000136156,-2.511,1.3675242326881434e-57,3.6829412702113343e-56,0.2798,1.5952,0.134,0.792
NDUFB9,ENSG00000147684,-3.7084,1.6474987687309838e-57,4.419134247531824e-56,0.1015,1.3278,0.055,0.707
CUTA,ENSG00000112514,-4.8373,2.021599592177121e-57,5.4009054704603965e-56,0.043,1.2316,0.035,0.673
SDR16C5,ENSG00000170786,-3.5663,2.9352258236849487e-57,7.810507281430985e-56,0.1155,1.3694,0.06,0.709
NDUFC1,ENSG00000109390,-5.3031,6.335719514183409e-57,1.6792170886996423e-55,0.0306,1.21,0.03,0.664
ATP5PD,ENSG00000167863,-6.1816,7.283968896290226e-57,1.922910207838831e-55,0.0166,1.209,0.01,0.661
FKBP2,ENSG00000173486,-8.3659,1.114819467650693e-56,2.931448513558653e-55,0.0035,1.1962,0.005,0.652
FOS,ENSG00000170345,-2.3777,1.313471435700706e-56,3.4402649878607906e-55,0.3568,1.8545,0.149,0.813
EIF3K,ENSG00000178982,-3.4147,4.7191915921809205e-56,1.2312297126631393e-54,0.1257,1.341,0.07,0.71
LAMTOR5,ENSG00000134248,-5.0059,5.488773038492519e-56,1.4264402772020054e-54,0.0381,1.2271,0.025,0.664
TKT,ENSG00000163931,-2.6024,6.0044155235056325e-56,1.554398886879617e-54,0.2525,1.5339,0.129,0.766
C4orf3,ENSG00000164096,-5.0622,6.586223116681742e-56,1.6918993921660522e-54,0.0362,1.2133,0.03,0.662
MALL,ENSG00000144063,-3.7489,6.57997976504761e-56,1.6918993921660522e-54,0.0994,1.3378,0.05,0.692
FIS1,ENSG00000214253,-4.5984,9.495246904929821e-56,2.429837320997175e-54,0.0507,1.2301,0.03,0.672
PCBD1,ENSG00000166228,-5.5177,1.9516345552439056e-55,4.9751783185015447e-54,0.0262,1.2059,0.015,0.655
PLA2G1B,ENSG00000170890,-13.6683,2.089657064938047e-55,5.306775489247611e-54,0.0,1.3018,0.0,0.642
ACTB,ENSG00000075624,-1.9301,2.15348774892244e-55,5.448160861762491e-54,0.5925,2.2582,0.224,0.916
RABAC1,ENSG00000105404,-4.7471,2.1857407442756554e-55,5.50889148340268e-54,0.0455,1.2232,0.035,0.664
PARK7,ENSG00000116288,-3.9142,2.825114549360914e-55,7.093586494429152e-54,0.0852,1.2858,0.045,0.687
IER2,ENSG00000160888,-3.5812,3.9510643079409864e-55,9.883579967317546e-54,0.1189,1.4247,0.065,0.698
ATP5ME,ENSG00000169020,-3.3868,4.500751639903534e-55,1.1216612016013322e-53,0.1304,1.3649,0.06,0.704
LDHA,ENSG00000134333,-3.7366,1.0112708748851013e-54,2.51088407931509e-53,0.0986,1.3152,0.055,0.686
MID1IP1,ENSG00000165175,-4.9304,1.2152993418164368e-54,3.006290482959993e-53,0.0415,1.2669,0.025,0.657
RPS27L,ENSG00000185088,-3.8235,1.2945121512706308e-54,3.190423121157396e-53,0.0928,1.315,0.05,0.685
SNRPG,ENSG00000143977,-5.5518,2.2239420455544105e-54,5.460922397888936e-53,0.0252,1.1852,0.015,0.649
LGALS3,ENSG00000131981,-2.1548,2.2696299427156413e-54,5.552695379999183e-53,0.3747,1.6688,0.179,0.806
SAP18,ENSG00000150459,-5.9447,4.9332718940606604e-54,1.202530035782159e-52,0.0188,1.1663,0.01,0.644
ZFP36,ENSG00000128016,-2.5447,8.367085936090584e-54,2.0321369806236004e-52,0.2866,1.673,0.129,0.773
ANAPC11,ENSG00000141552,-3.7532,1.0937582476509227e-53,2.6468157014712003e-52,0.094,1.2688,0.055,0.684
FOLR1,ENSG00000110195,-4.9956,1.7714647582449747e-53,4.271340476649165e-52,0.0387,1.237,0.02,0.652
NOP10,ENSG00000182117,-7.584,2.242559332889358e-53,5.387789131067635e-52,0.0058,1.1375,0.01,0.634
ARL6IP4,ENSG00000182196,-3.9714,3.3039293083328746e-53,7.909298871095079e-52,0.0776,1.2187,0.05,0.666
SPCS1,ENSG00000114902,-5.2509,3.9945417133683424e-53,9.528408608423985e-52,0.0304,1.1603,0.025,0.644
CD59,ENSG00000085063,-2.4404,8.101322332564648e-53,1.92557764623485e-51,0.2881,1.5641,0.129,0.773
LAMTOR4,ENSG00000188186,-5.9567,1.0009779063086695e-52,2.370755828452342e-51,0.0182,1.1368,0.015,0.636
NOP53,ENSG00000105373,-3.4003,1.2042861204392112e-52,2.842200352796287e-51,0.1246,1.3162,0.065,0.689
ASAH1,ENSG00000104763,-2.138,1.2428172154769689e-52,2.9228085148488293e-51,0.388,1.7079,0.169,0.82
NFKBIA,ENSG00000100906,-2.0327,1.2734698325678351e-52,2.9843877234107266e-51,0.4424,1.8106,0.199,0.826
PRDX2,ENSG00000167815,-4.9433,1.6927400788464448e-52,3.953080764550841e-51,0.0384,1.184,0.025,0.646
MGST3,ENSG00000143198,-2.8672,4.9773144430343675e-52,1.1583095179451755e-50,0.187,1.3654,0.104,0.713
SOD1,ENSG00000142168,-4.4872,3.21886701869795e-51,7.464865561765142e-50,0.0518,1.1631,0.03,0.644
HMGN2,ENSG00000198830,-3.5141,3.9398216321186574e-51,9.105214076443084e-50,0.1111,1.2705,0.055,0.677
B2M,ENSG00000166710,-1.79,4.2909200255751904e-51,9.882432707178172e-50,0.6707,2.3195,0.259,0.921
ECH1,ENSG00000104823,-4.6603,6.616931194174549e-51,1.5187107713364883e-49,0.0457,1.1586,0.025,0.638
CLDN4,ENSG00000189143,-3.5117,7.136368188127874e-51,1.632322024948838e-49,0.1119,1.2773,0.06,0.67
FAM177A1,ENSG00000151327,-2.4004,7.927446206387615e-51,1.807078949230815e-49,0.2852,1.5059,0.134,0.761
CEBPD,ENSG00000221869,-2.2134,9.180150772996449e-51,2.0855179256069144e-49,0.3724,1.7277,0.159,0.799
SELENOW,ENSG00000178980,-2.839,9.536947268031269e-51,2.159229518751893e-49,0.1943,1.3908,0.095,0.718
AGPAT2,ENSG00000169692,-4.14,1.2261534736290426e-50,2.7667158953947213e-49,0.0684,1.2069,0.04,0.652
ROMO1,ENSG00000125995,-3.9239,1.339525434076238e-50,3.0123536613451833e-49,0.0796,1.2094,0.035,0.657
DHCR24,ENSG00000116133,-2.3303,2.222412180989047e-50,4.981037233834176e-49,0.3012,1.5154,0.149,0.761
CD9,ENSG00000010278,-1.8331,2.2647678889209903e-50,5.0589915485295296e-49,0.5139,1.8314,0.234,0.851
SELENOH,ENSG00000211450,-4.3965,2.3418853823293384e-50,5.213817489525884e-49,0.0549,1.1578,0.035,0.643
CALM2,ENSG00000143933,-2.0193,3.2214023478508663e-50,7.148088465546824e-49,0.4123,1.6719,0.189,0.805
PCBP1,ENSG00000169564,-2.9805,4.4491250865321e-50,9.839637898327116e-49,0.1639,1.2947,0.08,0.693
DAD1,ENSG00000129562,-4.0623,5.035290332249023e-50,1.1099242286828786e-48,0.0699,1.1698,0.04,0.644
HMGB1,ENSG00000189403,-1.6949,6.074929277071369e-50,1.3346859421565683e-48,0.5584,1.808,0.264,0.849
SNU13,ENSG00000100138,-4.5426,6.651043151929619e-50,1.4564694167782926e-48,0.0489,1.1424,0.035,0.633
DSTN,ENSG00000125868,-1.6801,6.956845871840006e-50,1.518456652876451e-48,0.6348,2.0346,0.279,0.898
SIVA1,ENSG00000184990,-5.7935,7.027204283608915e-50,1.5288175052190208e-48,0.0198,1.1021,0.015,0.62
EIF3F,ENSG00000175390,-4.5095,7.879376529829929e-50,1.7086479169718862e-48,0.0507,1.158,0.03,0.636
MRPL57,ENSG00000173141,-5.6038,8.880868810807594e-50,1.9195897342195444e-48,0.0225,1.0984,0.01,0.618
CCNI,ENSG00000118816,-2.3208,2.2241971913194446e-49,4.79206872284599e-48,0.2929,1.464,0.134,0.745
SEM1,ENSG00000127922,-3.1503,3.0436530209035724e-49,6.536513995696129e-48,0.1404,1.2476,0.075,0.68
CLTA,ENSG00000122705,-3.5164,3.6897910399241114e-49,7.898754601170879e-48,0.1067,1.2217,0.055,0.667
JUN,ENSG00000177606,-2.1078,5.09107470172684e-49,1.0863670266081012e-47,0.4066,1.753,0.179,0.789
NDUFB1,ENSG00000183648,-3.8534,7.728836819427276e-49,1.6439777425781775e-47,0.0832,1.2035,0.045,0.647
NDUFS8,ENSG00000110717,-5.0736,7.79579890906638e-49,1.6529568544017254e-47,0.0329,1.1116,0.025,0.621
DYNLL1,ENSG00000088986,-3.7489,9.269308823545971e-49,1.9591681529260614e-47,0.0901,1.2125,0.05,0.648
PSMA7,ENSG00000101182,-3.4836,9.668940356477747e-49,2.037187780470501e-47,0.1082,1.2112,0.055,0.655
NAA38,ENSG00000183011,-3.3465,1.1382148532774923e-48,2.390609121081878e-47,0.1212,1.2339,0.07,0.669
PHPT1,ENSG00000054148,-3.987,1.8913252927636276e-48,3.959925275977514e-47,0.0737,1.1706,0.035,0.64
PTP4A1,ENSG00000112245,-13.4067,2.277105104883625e-48,4.752745311099291e-47,0.0,1.0858,0.0,0.599
BRK1,ENSG00000254999,-5.2062,3.0112837944224365e-48,6.265534100606684e-47,0.0295,1.0912,0.02,0.613
HMGN1,ENSG00000205581,-2.9597,3.0255490240953683e-48,6.275665196252474e-47,0.1626,1.2657,0.085,0.681
RHOA,ENSG00000067560,-2.1077,3.108462143510198e-48,6.427683794583471e-47,0.3495,1.5068,0.169,0.768
FXYD3,ENSG00000089356,-4.7815,3.1771858678126995e-48,6.549513707136118e-47,0.0409,1.1273,0.03,0.618
ATP6V0B,ENSG00000117410,-3.9622,3.830689433145931e-48,7.872361453532823e-47,0.0743,1.1596,0.04,0.64
SNHG8,ENSG00000269893,-4.7874,6.536320969867563e-48,1.3391437962498603e-46,0.0409,1.1315,0.03,0.616
SF3B5,ENSG00000169976,-4.6936,1.1456517031207296e-47,2.34000236242916e-46,0.0428,1.1091,0.025,0.616
CNBP,ENSG00000169714,-3.5375,2.677953647353461e-47,5.453064759351758e-46,0.1015,1.18,0.05,0.649
SOD3,ENSG00000109610,-3.5971,2.719347850294222e-47,5.509785751443766e-46,0.1044,1.2641,0.04,0.649
RBMS3,ENSG00000144642,4.0747,2.722307677760807e-47,5.509785751443766e-46,1.6576,0.0983,0.622,0.06
NDUFA3,ENSG00000170906,-4.5521,2.950791333022758e-47,5.954179852948338e-46,0.0475,1.1161,0.03,0.62
ARPC3,ENSG00000111229,-2.783,3.5997688859362465e-47,7.241824213604876e-46,0.1861,1.2818,0.104,0.687
TXNDC17,ENSG00000129235,-5.211,3.6489856301717887e-47,7.318791298473687e-46,0.0294,1.0919,0.02,0.608
ANAPC16,ENSG00000166295,-2.5602,6.492261478861458e-47,1.298257916686098e-45,0.2292,1.3525,0.119,0.714
KRT8,ENSG00000170421,-2.4789,7.382100445283734e-47,1.4717925037029866e-45,0.2458,1.3706,0.124,0.706
NDUFB7,ENSG00000099795,-5.491,9.668847540017837e-47,1.9219712118981886e-45,0.0234,1.0575,0.02,0.601
NDUFB10,ENSG00000140990,-6.114,1.253710702008313e-46,2.4847281242473363e-45,0.015,1.0438,0.015,0.596
TBCA,ENSG00000171530,-2.4106,1.6524946973617609e-46,3.2653881904376335e-45,0.2569,1.3664,0.129,0.723
ST13,ENSG00000100380,-2.8422,2.5523560198487456e-46,5.028668394268369e-45,0.1722,1.2355,0.085,0.672
ERH,ENSG00000100632,-4.1014,2.6400795047355996e-46,5.1862032388614914e-45,0.0639,1.0982,0.035,0.618
NDUFAF3,ENSG00000178057,-6.1355,2.7302153937081422e-46,5.347539183160317e-45,0.0148,1.0442,0.01,0.595
NEDD8,ENSG00000129559,-3.4607,2.955161146785045e-46,5.77120505829746e-45,0.1063,1.1712,0.06,0.646
EPHX1,ENSG00000143819,-4.6662,3.640020989425173e-46,7.08795923859205e-45,0.0447,1.1367,0.03,0.609
MFSD2A,ENSG00000168389,-3.2182,4.200320026276912e-46,8.155214376599853e-45,0.1333,1.241,0.055,0.656
FASN,ENSG00000169710,-2.6648,4.619409358257633e-46,8.94290872573992e-45,0.2122,1.3462,0.095,0.697
ADI1,ENSG00000182551,-4.6886,5.392824236737586e-46,1.0410021120569462e-44,0.0419,1.0833,0.03,0.607
WIF1,ENSG00000156076,-3.4534,6.171427314510215e-46,1.187866369844776e-44,0.1151,1.2622,0.06,0.639
HIGD2A,ENSG00000146066,-4.8621,6.7663809128412806e-46,1.298639601059394e-44,0.0366,1.0676,0.015,0.604
LAPTM4A,ENSG00000068697,-2.6437,8.754202645795247e-46,1.6753386667984656e-44,0.2079,1.2999,0.095,0.691
XBP1,ENSG00000100219,-2.7903,9.685303716061024e-46,1.8482326719877594e-44,0.1864,1.2897,0.09,0.679
BTG1,ENSG00000133639,-2.7263,1.3440967571512896e-45,2.55761317407791e-44,0.2051,1.3577,0.09,0.695
MPST,ENSG00000128309,-4.6889,1.73302304024243e-45,3.288312751641816e-44,0.0414,1.07,0.03,0.603
ALKBH7,ENSG00000125652,-6.07,1.757961456537442e-45,3.3261825972276416e-44,0.0153,1.0345,0.015,0.59
PSME1,ENSG00000092010,-4.5056,1.7893510418690383e-45,3.376010058938787e-44,0.0473,1.0769,0.025,0.605
UBC,ENSG00000150991,-1.7752,1.9440611250648815e-45,3.657573029382632e-44,0.5601,1.9175,0.224,0.862
SEC11C,ENSG00000166562,-6.1239,2.1042162825953447e-45,3.947769817824244e-44,0.015,1.053,0.01,0.588
MT-CYB,ENSG00000198727,-1.4177,2.381652368904671e-45,4.4557580313485423e-44,0.9187,2.4546,0.353,0.934
MRPL33,ENSG00000243147,-3.3702,2.5647923524669597e-45,4.771656858531149e-44,0.111,1.149,0.06,0.636
TOMM20,ENSG00000173726,-3.4219,2.5612464515528874e-45,4.771656858531149e-44,0.1063,1.1399,0.06,0.631
TRAPPC1,ENSG00000170043,-6.2062,2.7101295223821833e-45,5.028043077775168e-44,0.0139,1.0336,0.01,0.588
TRIR,ENSG00000123144,-3.8004,3.2224102671424015e-45,5.961905311424958e-44,0.0794,1.1076,0.055,0.623
JTB,ENSG00000143543,-4.7119,3.261003741058602e-45,6.016641985229393e-44,0.0404,1.0621,0.025,0.6
DOCK4,ENSG00000128512,4.0185,3.9440740797812067e-45,7.256879002440408e-44,1.5568,0.096,0.612,0.053
AGR2,ENSG00000106541,-4.7586,4.5037693357713607e-45,8.26392181143322e-44,0.0429,1.164,0.025,0.601
KRTCAP2,ENSG00000163463,-4.3517,5.715211784430296e-45,1.0458054659783546e-43,0.0539,1.1016,0.035,0.607
SDC4,ENSG00000124145,-1.8846,6.91089541808477e-45,1.2611440026608793e-43,0.4454,1.6451,0.199,0.804
TUBB4B,ENSG00000188229,-6.2506,1.1617330196109032e-44,2.1142274762891614e-43,0.0137,1.0531,0.01,0.583
SUB1,ENSG00000113387,-3.7944,1.211478611976037e-44,2.198767839507596e-43,0.08,1.1106,0.04,0.623
LRMDA,ENSG00000148655,2.0511,2.338733755723745e-44,4.233171478178561e-43,1.8747,0.4523,0.706,0.25
CLDN18,ENSG00000066405,-2.989,3.4568151387389405e-44,6.240018462604698e-43,0.1644,1.306,0.085,0.656
MRPS21,ENSG00000266472,-4.2713,3.9641066804079387e-44,7.136460517100977e-43,0.0546,1.0555,0.03,0.601
EIF3L,ENSG00000100129,-3.3487,4.856409594308264e-44,8.719344000103468e-43,0.112,1.142,0.06,0.632
KRT10,ENSG00000186395,-5.1982,4.898862422360808e-44,8.771984482291645e-43,0.0277,1.022,0.015,0.586
ERG28,ENSG00000133935,-4.2685,8.805228922897986e-44,1.5724632079153917e-42,0.0558,1.0772,0.03,0.599
NDUFA2,ENSG00000131495,-5.0154,8.889398034912564e-44,1.5832610526714937e-42,0.0314,1.0177,0.01,0.584
TAGLN2,ENSG00000158710,-2.5688,1.0233097210329089e-43,1.8177355390369146e-42,0.2202,1.3069,0.104,0.682
KGD4,ENSG00000134056,-4.8763,1.2287321193088783e-43,2.1768439853750658e-42,0.035,1.0301,0.025,0.587
AURKAIP1,ENSG00000175756,-4.6243,1.570686943929838e-43,2.7752957932559228e-42,0.0415,1.0249,0.025,0.588
DYNLRB1,ENSG00000125971,-5.0798,1.86706250862515e-43,3.290266621400363e-42,0.0297,1.0078,0.02,0.582
RAN,ENSG00000132341,-3.102,2.364406822617656e-43,4.155756096911401e-42,0.1349,1.1587,0.065,0.635
SNRPF,ENSG00000139343,-6.5735,2.7388902059762166e-43,4.8013248518937404e-42,0.0104,1.0025,0.01,0.57
CDK2AP2,ENSG00000167797,-8.286,3.4521256014068604e-43,6.035797615653513e-42,0.0031,1.0033,0.005,0.567
CNIH4,ENSG00000143771,-3.6878,4.0068687967056696e-43,6.987435167936597e-42,0.0835,1.0772,0.05,0.605
HSPE1,ENSG00000115541,-2.6826,5.103739136758234e-43,8.877050441252147e-42,0.1955,1.2555,0.085,0.672
GABARAPL2,ENSG00000034713,-4.5605,5.442274074544952e-43,9.441285336074217e-42,0.0432,1.0221,0.02,0.588
POLR1D,ENSG00000186184,-3.025,7.741759851638046e-43,1.3395651308054535e-41,0.1429,1.1635,0.07,0.64
SSR3,ENSG00000114850,-2.997,7.90348382245161e-43,1.3640146886344782e-41,0.1467,1.1715,0.08,0.64
EIF3E,ENSG00000104408,-2.1886,8.603331735230539e-43,1.4809704293712568e-41,0.2989,1.363,0.149,0.706
GUK1,ENSG00000143774,-2.8353,1.4123804191650782e-42,2.425009979332534e-41,0.1631,1.1649,0.09,0.644
NDUFV2,ENSG00000178127,-2.6286,1.4544740904128766e-42,2.4908801153506674e-41,0.1953,1.2086,0.1,0.662
HSBP1,ENSG00000230989,-5.1322,1.5555244273592798e-42,2.657122161210391e-41,0.0283,0.9972,0.025,0.576
CLDN7,ENSG00000181885,-2.878,2.130864215046416e-42,3.6306229827283194e-41,0.1623,1.194,0.085,0.645
TMEM59,ENSG00000116209,-2.4636,2.243733351808275e-42,3.813204849040068e-41,0.2289,1.2629,0.119,0.68
EPCAM,ENSG00000119888,-3.3015,2.283523022155739e-42,3.870977224613752e-41,0.1149,1.1335,0.06,0.626
FNDC3B,ENSG00000075420,1.9479,4.095575244683212e-42,6.925151154237766e-41,1.8497,0.4794,0.687,0.289
NSA2,ENSG00000164346,-4.3011,4.561625206679965e-42,7.693710796822093e-41,0.0521,1.0299,0.03,0.585
SMIM26,ENSG00000232388,-8.4029,7.487424885598529e-42,1.2596602219373444e-40,0.0027,0.9525,0.005,0.558
PSMB1,ENSG00000008018,-3.3672,8.377504219300295e-42,1.4058630824298158e-40,0.105,1.0842,0.07,0.61
ISCU,ENSG00000136003,-4.0007,9.899488019355624e-42,1.6571097864981506e-40,0.0646,1.035,0.035,0.59
MLPH,ENSG00000115648,-2.0183,1.3480725725461577e-41,2.2509441780089467e-40,0.3554,1.4402,0.174,0.738
TMEM14C,ENSG00000111843,-4.8501,1.594898200491678e-41,2.6564401698463633e-40,0.0342,0.989,0.02,0.573
FGGY,ENSG00000172456,-2.1066,2.0618452882202013e-41,3.4256379801051555e-40,0.3238,1.3948,0.164,0.718
PABPC1,ENSG00000070756,-1.7014,2.517375287170527e-41,4.17209666079701e-40,0.5138,1.671,0.239,0.805
ERLEC1,ENSG00000068912,-3.7155,2.594658806222791e-41,4.289536179891589e-40,0.08,1.0516,0.05,0.595
MZT2B,ENSG00000152082,-5.3698,2.702390848987846e-41,4.4566095013308205e-40,0.0239,0.9919,0.02,0.563
SCD,ENSG00000099194,-2.3845,3.322288379793102e-41,5.465409874048801e-40,0.2578,1.3465,0.104,0.682
RBX1,ENSG00000100387,-2.8313,3.5881810821090814e-41,5.888319765947557e-40,0.1612,1.148,0.075,0.637
NDUFA11,ENSG00000174886,-5.0295,4.987456411150861e-41,8.164515041685441e-40,0.0305,0.9977,0.02,0.566
EID1,ENSG00000255302,-3.7556,5.366683139288593e-41,8.763832930882277e-40,0.0761,1.0293,0.04,0.587
DST,ENSG00000151914,4.4267,7.596066795513114e-41,1.2374178079812705e-39,1.4713,0.0683,0.572,0.045
HLA-A,ENSG00000206503,-2.1062,1.0863003828445758e-40,1.765304198788059e-39,0.3355,1.4447,0.144,0.727
ADIRF,ENSG00000148671,-5.4743,1.2225347919081793e-40,1.981871328921051e-39,0.0235,1.0509,0.015,0.559
JUNB,ENSG00000171223,-2.0706,1.417302165235139e-40,2.292048707410531e-39,0.3599,1.5121,0.149,0.731
HSPB1,ENSG00000106211,-2.3258,1.5542785706444032e-40,2.5074943413850167e-39,0.2696,1.3522,0.124,0.683
PSMB6,ENSG00000142507,-5.8772,1.5785132664184102e-40,2.5404554473273644e-39,0.0162,0.9587,0.01,0.556
HLA-DRB5,ENSG00000198502,-5.3716,1.7788989870562341e-40,2.8560736381126412e-39,0.0261,1.086,0.015,0.558
CITED2,ENSG00000164442,-4.4204,2.0276225059001337e-40,3.247599692303835e-39,0.0497,1.0673,0.035,0.57
SH3BGRL3,ENSG00000142669,-4.8807,2.1544799991786288e-40,3.442529166151689e-39,0.0336,0.9926,0.02,0.564
NEAT1,ENSG00000245532,0.2636,2.1996717751335487e-40,3.506350306949158e-39,3.0029,2.5014,0.965,0.971
KDELR1,ENSG00000105438,-3.3059,2.276867311944945e-40,3.6207611372572114e-39,0.1066,1.0546,0.055,0.598
TSPO,ENSG00000100300,-3.2317,2.4308904689262956e-40,3.856512456522263e-39,0.1133,1.0652,0.06,0.601
SCGB3A2,ENSG00000164265,-4.3235,2.449967633974814e-40,3.877567257658242e-39,0.0634,1.271,0.03,0.575
COPE,ENSG00000105669,-4.1904,3.5036214213988264e-40,5.532077416908454e-39,0.0553,1.0122,0.035,0.576
SNHG7,ENSG00000233016,-3.6222,3.545569925861309e-40,5.585108852553699e-39,0.0878,1.0824,0.05,0.591
SF3B6,ENSG00000115128,-4.0567,4.63034282890645e-40,7.276719942180276e-39,0.0606,1.0104,0.035,0.581
NDUFA13,ENSG00000186010,-3.4559,5.267767230152212e-40,8.259018152625967e-39,0.097,1.0654,0.05,0.593
SEC11A,ENSG00000140612,-2.3501,5.4159382717722424e-40,8.471440683177238e-39,0.2452,1.2504,0.129,0.675
EIF3G,ENSG00000130811,-4.6359,6.186663610805824e-40,9.654375293591611e-39,0.0395,0.9833,0.02,0.567
ARF1,ENSG00000143761,-2.1477,7.599315520689194e-40,1.183119542253686e-38,0.2884,1.2783,0.144,0.687
HSPA8,ENSG00000109971,-2.2173,8.360635163987997e-40,1.2986205176808333e-38,0.2884,1.3417,0.109,0.694
RBM3,ENSG00000102317,-2.6405,8.94151740995543e-40,1.385624008842049e-38,0.1916,1.1954,0.095,0.641
LPP,ENSG00000145012,1.6549,1.050040686776218e-39,1.6234309599486944e-38,1.8039,0.5728,0.692,0.347
ATP5F1B,ENSG00000110955,-4.0937,1.1859641137024688e-39,1.829342798018196e-38,0.0584,0.9991,0.04,0.573
YWHAB,ENSG00000166913,-2.5299,1.6098536067103844e-39,2.4774682578844834e-38,0.2029,1.1726,0.095,0.647
RPL17,ENSG00000265681,-2.2118,1.639820145076575e-39,2.517783620452056e-38,0.2916,1.3511,0.124,0.696
COPS9,ENSG00000172428,-6.7159,2.5173205707306448e-39,3.856234883465591e-38,0.0088,0.9327,0.005,0.543
TSPAN3,ENSG00000140391,-1.8518,2.769911955473562e-39,4.2334649772558176e-38,0.4048,1.4613,0.199,0.753
ATP1B1,ENSG00000143153,-1.9237,3.257512963398072e-39,4.967335406971626e-38,0.3795,1.4401,0.184,0.732
PRR13,ENSG00000205352,-3.6715,3.747003722103149e-39,5.700737553514108e-38,0.0792,1.0099,0.045,0.579
ATP6V1F,ENSG00000128524,-5.6792,3.776329514126259e-39,5.732296551102111e-38,0.0182,0.9351,0.02,0.547
C2,ENSG00000166278,-3.3367,4.116398474206253e-39,6.234336827488336e-38,0.1052,1.0638,0.05,0.592
MRPS15,ENSG00000116898,-5.0545,5.1664099606743124e-39,7.80688962157098e-38,0.0285,0.949,0.015,0.553
SUSD2,ENSG00000099994,-4.547,5.421855781041743e-39,8.174396108708307e-38,0.0432,1.0114,0.025,0.56
SELENOM,ENSG00000198832,-4.3811,9.591309591758937e-39,1.4428008280035572e-37,0.0472,0.9861,0.035,0.557
SFTA3,ENSG00000229415,-1.5393,1.374130009847419e-38,2.0624301878136882e-37,0.6004,1.7454,0.279,0.826
APOC1,ENSG00000130208,-5.1959,1.7215849940444504e-38,2.5781314294221712e-37,0.0269,0.9896,0.015,0.546
C4BPA,ENSG00000123838,-2.7233,1.8845776840319076e-38,2.8159047766552824e-37,0.1866,1.2327,0.09,0.636
RWDD1,ENSG00000111832,-4.3136,2.03925295197172e-38,3.0402166219239105e-37,0.048,0.957,0.025,0.556
CIB1,ENSG00000185043,-4.7841,2.3289876795440252e-38,3.4611260099748554e-37,0.0341,0.9434,0.025,0.55
CAT,ENSG00000121691,-3.0446,2.3319459567131083e-38,3.4611260099748554e-37,0.1322,1.0914,0.08,0.603
ID1,ENSG00000125968,-3.6095,2.6554640234907464e-38,3.9325596924378484e-37,0.0922,1.1261,0.05,0.578
SLC22A31,ENSG00000259803,-3.7317,2.830402197520385e-38,4.182357583459878e-37,0.0769,1.0233,0.045,0.571
FDPS,ENSG00000160752,-2.2837,2.837588849492924e-38,4.183720954914622e-37,0.2573,1.2533,0.119,0.66
MRPL20,ENSG00000242485,-3.6908,3.4450366569769783e-38,5.068149742720097e-37,0.0769,0.9939,0.045,0.573
NKX2-1,ENSG00000136352,-2.337,3.65735774192448e-38,5.368679639189803e-37,0.2444,1.2351,0.129,0.659
S100A13,ENSG00000189171,-3.9069,6.427280163779641e-38,9.413992152167592e-37,0.0667,1.002,0.03,0.566
ESD,ENSG00000139684,-4.1011,9.009547497957496e-38,1.3167345238262167e-36,0.0556,0.9553,0.03,0.557
SEC62,ENSG00000008952,-1.8945,1.167332344136456e-37,1.7023171891893864e-36,0.3719,1.383,0.164,0.728
LAMTOR1,ENSG00000149357,-3.7966,1.4922797738484138e-37,2.1714458844299685e-36,0.0691,0.962,0.05,0.561
MSMO1,ENSG00000052802,-2.4446,1.742022980050309e-37,2.529341626903481e-36,0.2269,1.2359,0.1,0.645
PMM1,ENSG00000100417,-4.9821,1.832349693230882e-37,2.6547209546830936e-36,0.0302,0.9578,0.02,0.542
TMEM125,ENSG00000179178,-3.3971,1.898187140274449e-37,2.7441540930504427e-36,0.0961,1.0137,0.045,0.576
PNRC1,ENSG00000146278,-2.69,1.969791087532679e-37,2.841519367954809e-36,0.1792,1.1571,0.085,0.619
GABARAP,ENSG00000170296,-3.7538,2.037587217024325e-37,2.9329838410572125e-36,0.0848,1.1459,0.05,0.561
ATP5F1A,ENSG00000152234,-3.271,2.7283306145917297e-37,3.9188215429802495e-36,0.1047,1.0112,0.055,0.582
METTL26,ENSG00000130731,-5.0766,3.3216294654022273e-37,4.760764635068986e-36,0.0271,0.9174,0.015,0.536
TMEM97,ENSG00000109084,-13.1576,3.68129707889946e-37,5.264964280507386e-36,0.0,0.9136,0.0,0.522
NDUFA6,ENSG00000184983,-4.8459,4.999775785184555e-37,7.135363775480266e-36,0.0321,0.9255,0.025,0.54
MRPL54,ENSG00000183617,-13.0948,5.012254530254262e-37,7.137920683916465e-36,0.0,0.8748,0.0,0.521
PLD3,ENSG00000105223,-2.2178,6.241943518196198e-37,8.870200161283492e-36,0.264,1.2286,0.134,0.658
SLC25A4,ENSG00000151729,-5.1678,7.0406212958312084e-37,9.983929858780605e-36,0.0256,0.9255,0.02,0.537
VPS28,ENSG00000160948,-4.623,7.584567439758616e-37,1.0732484307234702e-35,0.0376,0.9278,0.025,0.542
NDUFS6,ENSG00000145494,-4.4052,8.213328561832109e-37,1.1597636673250878e-35,0.0438,0.931,0.03,0.546
MT1E,ENSG00000169715,-3.4058,8.524437836057777e-37,1.2011544368571707e-35,0.104,1.1031,0.05,0.574
CALR,ENSG00000179218,-2.3353,1.0287194093988357e-36,1.446487775868384e-35,0.238,1.2016,0.109,0.642
RTRAF,ENSG00000087302,-4.812,1.0374958497352902e-36,1.4557636093239504e-35,0.032,0.9014,0.02,0.534
MYDGF,ENSG00000074842,-3.6139,1.331892626190009e-36,1.8649288994387987e-35,0.0802,0.9829,0.05,0.56
SCAND1,ENSG00000171222,-4.5791,1.581901686943615e-36,2.2103601186394154e-35,0.0383,0.9177,0.015,0.539
HSP90AB1,ENSG00000096384,-1.5753,1.8455594786625883e-36,2.5733803252583357e-35,0.5688,1.6953,0.234,0.812
ARPC2,ENSG00000163466,-1.5685,2.062131529612726e-36,2.8693701013090406e-35,0.5525,1.6389,0.239,0.794
ATP5MC1,ENSG00000159199,-13.1039,2.3250459462002596e-36,3.2284785602227717e-35,0.0,0.8803,0.0,0.516
POMP,ENSG00000132963,-3.1975,3.525942347662207e-36,4.885844178430681e-35,0.1108,1.017,0.06,0.58
EIF5A,ENSG00000132507,-3.7198,4.745226700764286e-36,6.548216763306749e-35,0.0741,0.9775,0.04,0.555
CRNDE,ENSG00000245694,-3.2254,4.7362613403080244e-36,6.548216763306749e-35,0.1071,1.0027,0.055,0.578
MDH2,ENSG00000146701,-4.9601,4.8339846141181434e-36,6.656944997462904e-35,0.0287,0.8972,0.02,0.529
MRPL41,ENSG00000182154,-5.0094,4.8803642534640054e-36,6.706986182898374e-35,0.0278,0.8997,0.02,0.53
TIMM13,ENSG00000099800,-4.1419,5.728640812463985e-36,7.856589730276583e-35,0.0528,0.9332,0.03,0.541
UXT,ENSG00000126756,-3.8867,6.577081220973993e-36,9.00170603993551e-35,0.0631,0.9354,0.035,0.547
HLA-DQB1,ENSG00000179344,-3.6474,1.0250506668218704e-35,1.4000640907368654e-34,0.0775,0.9716,0.04,0.553
GKN2,ENSG00000183607,-5.1827,1.6547410475352258e-35,2.2555133584668923e-34,0.0262,0.9568,0.01,0.524
LPCAT1,ENSG00000153395,-1.5785,2.289391720445017e-35,3.114225519521847e-34,0.5478,1.6363,0.239,0.796
TMEM219,ENSG00000149932,-3.3795,2.3359381780645378e-35,3.1710835551408634e-34,0.0923,0.9615,0.05,0.559
DHRS7,ENSG00000100612,-5.3655,2.6115843320773785e-35,3.538087576865073e-34,0.0216,0.8959,0.02,0.519
MIEN1,ENSG00000141741,-5.505,2.732779078282723e-35,3.6947836971356898e-34,0.0192,0.8768,0.015,0.52
CD151,ENSG00000177697,-3.0067,3.1783704434327145e-35,4.288552765997394e-34,0.1257,1.0113,0.065,0.575
TMED2,ENSG00000086598,-3.5479,3.492136823481914e-35,4.702415694362037e-34,0.0822,0.9627,0.045,0.553
SAT2,ENSG00000141504,-3.6996,5.196311911549027e-35,6.98313224491669e-34,0.0721,0.9375,0.045,0.547
BTG3,ENSG00000154640,-2.3488,5.986130123676383e-35,8.028386163862361e-34,0.2201,1.1215,0.104,0.618
FTX,ENSG00000230590,2.684,6.072520343249064e-35,8.12792853157525e-34,1.5203,0.2365,0.592,0.121
COX7A2L,ENSG00000115944,-2.6707,6.802152486403424e-35,9.086315291337694e-34,0.1651,1.0519,0.085,0.599
RAC1,ENSG00000136238,-1.9509,7.558891020508601e-35,1.00770125999954e-33,0.3314,1.2818,0.159,0.683
TMEM141,ENSG00000244187,-4.6336,7.638663257635353e-35,1.0163074083216439e-33,0.0361,0.899,0.025,0.527
TALDO1,ENSG00000177156,-3.3444,1.0480369255225167e-34,1.3916180170109122e-33,0.0941,0.9563,0.05,0.553
HMGN3,ENSG00000118418,-1.7353,1.1435467326362133e-34,1.515426314935966e-33,0.4307,1.4342,0.209,0.743
ATRAID,ENSG00000138085,-3.7673,1.1715368185457516e-34,1.5494444378350644e-33,0.0676,0.9215,0.035,0.542
EIF4G2,ENSG00000110321,-2.0831,1.2908273297221523e-34,1.703841054390169e-33,0.285,1.208,0.139,0.657
C19orf33,ENSG00000167644,-5.9296,1.3528543619490315e-34,1.782192166362442e-33,0.0153,0.9386,0.015,0.513
ATP1A1,ENSG00000163399,-1.5011,1.5657835657718193e-34,2.0586355188562957e-33,0.5885,1.6659,0.264,0.811
COA3,ENSG00000183978,-6.0411,1.848661517412783e-34,2.4257780500589347e-33,0.0129,0.8587,0.01,0.509
LSM7,ENSG00000130332,-3.9569,1.877744408566439e-34,2.4591088048657346e-33,0.0591,0.9186,0.035,0.536
SCP2,ENSG00000116171,-2.6639,2.1148477986006906e-34,2.7642012616152665e-33,0.165,1.046,0.075,0.591
NDUFAB1,ENSG00000004779,-3.2317,2.690322286993959e-34,3.509504405240752e-33,0.1013,0.9523,0.055,0.557
GNB2,ENSG00000172354,-6.4604,2.7764411716116795e-34,3.6147856891217166e-33,0.0095,0.8494,0.01,0.506
ALDH2,ENSG00000111275,-2.0928,2.8202622344074653e-34,3.664694837277716e-33,0.2803,1.196,0.154,0.648
CA2,ENSG00000104267,-6.5268,3.0158234809845616e-34,3.911200976601143e-33,0.0097,0.9073,0.005,0.506
MACF1,ENSG00000127603,1.1928,3.1272213730393876e-34,4.0478123159942e-33,1.8992,0.8308,0.711,0.469
ANXA5,ENSG00000164111,-2.1219,3.189430092308964e-34,4.120348856195662e-33,0.2711,1.1802,0.124,0.648
NCL,ENSG00000115053,-1.9825,4.241391225149912e-34,5.4687745159799746e-33,0.3095,1.2234,0.134,0.662
ABCA3,ENSG00000167972,-1.614,5.260639188097433e-34,6.769905421445617e-33,0.5258,1.6096,0.224,0.789
TCEA1,ENSG00000187735,-2.2968,6.115363792753706e-34,7.854714379192692e-33,0.2282,1.1217,0.109,0.625
ZBTB20,ENSG00000181722,1.674,7.819110789805797e-34,1.0023769858946818e-32,1.7331,0.543,0.662,0.308
SET,ENSG00000119335,-2.5904,9.862911497768523e-34,1.2619614155861296e-32,0.1752,1.0557,0.085,0.59
PET100,ENSG00000229833,-5.1167,1.0296472376307692e-33,1.3149166157047625e-32,0.0251,0.8756,0.02,0.512
DAZAP2,ENSG00000183283,-2.3455,1.0355882020562253e-33,1.319979694949147e-32,0.2125,1.0802,0.085,0.611
P4HB,ENSG00000185624,-1.8374,1.1805228611602412e-33,1.5018499408931907e-32,0.3707,1.325,0.159,0.697
DRAM1,ENSG00000136048,-1.7872,1.4908564123011294e-33,1.8930475242888297e-32,0.3859,1.3322,0.179,0.699
MRPL51,ENSG00000111639,-8.2012,1.543784849013646e-33,1.9565349158561938e-32,0.0027,0.8282,0.005,0.497
HNRNPK,ENSG00000165119,-1.9846,1.5700151676469052e-33,1.9860097168018332e-32,0.3029,1.199,0.139,0.658
TCIM,ENSG00000176907,-2.5072,1.5741668904036514e-33,1.9874972894151205e-32,0.2121,1.2061,0.1,0.599
PSMD8,ENSG00000099341,-3.4606,1.621299743527125e-33,2.0431435824561635e-32,0.0846,0.9322,0.045,0.543
MALAT1,ENSG00000251562,0.1999,1.6699860482857052e-33,2.1005342403955227e-32,3.4483,3.0021,0.985,0.994
GHITM,ENSG00000165678,-6.21,1.678673322553436e-33,2.1074923160403006e-32,0.0112,0.8377,0.01,0.5
C1orf43,ENSG00000143612,-3.4429,1.923264340228577e-33,2.4100342454759225e-32,0.0852,0.9274,0.05,0.543
DYNLT1,ENSG00000146425,-2.7194,2.0420257756942083e-33,2.551606352736745e-32,0.156,1.0281,0.085,0.585
SYNGR2,ENSG00000108639,-2.6702,2.0438829146790817e-33,2.551606352736745e-32,0.1637,1.0428,0.075,0.586
HHIP,ENSG00000164161,-3.2632,2.261420844856848e-33,2.81791601171621e-32,0.1079,1.0364,0.05,0.55
ERGIC3,ENSG00000125991,-3.0665,2.2859990112238118e-33,2.843237876343359e-32,0.115,0.9639,0.065,0.561
PRKG1,ENSG00000185532,2.7283,2.459599301024021e-33,3.0534690950816793e-32,1.495,0.2255,0.577,0.111
ENSA,ENSG00000143420,-2.1011,2.4685477655571674e-33,3.058892490938093e-32,0.2688,1.1537,0.144,0.639
EIF2S2,ENSG00000125977,-2.1937,2.5162888128496596e-33,3.1122764779671993e-32,0.2542,1.1631,0.129,0.632
SRI,ENSG00000075142,-4.2953,2.7535712870892756e-33,3.399464441121862e-32,0.0443,0.871,0.025,0.519
EBP,ENSG00000147155,-5.2441,3.4879341127200814e-33,4.2981387341065355e-32,0.0228,0.8659,0.01,0.502
CXCL2,ENSG00000081041,-2.6947,3.6796956065140535e-33,4.526093362045555e-32,0.2002,1.2969,0.09,0.583
RPS19BP1,ENSG00000187051,-4.464,3.7868298951283316e-33,4.6493082480812734e-32,0.0387,0.8552,0.015,0.51
RNF7,ENSG00000114125,-4.9472,4.039616577347928e-33,4.950568645891158e-32,0.0274,0.8472,0.015,0.508
DMKN,ENSG00000161249,-3.193,4.0660196980620907e-33,4.973799553728335e-32,0.1048,0.9596,0.055,0.552
BSG,ENSG00000172270,-2.981,4.195311767198848e-33,5.122575373513913e-32,0.1208,0.9543,0.055,0.557
RBM8A,ENSG00000265241,-3.4254,4.261095327735551e-33,5.193404323712727e-32,0.0849,0.9132,0.035,0.534
ELF3,ENSG00000163435,-1.875,4.49178579133748e-33,5.464596958168129e-32,0.3647,1.3378,0.179,0.673
SNRPD3,ENSG00000100028,-3.7804,4.754173403140055e-33,5.773295301740441e-32,0.0645,0.8876,0.03,0.526
NDUFS7,ENSG00000115286,-5.6884,5.088005428252847e-33,6.16747518245023e-32,0.016,0.831,0.01,0.5
DPM3,ENSG00000179085,-4.9701,6.300131769519564e-33,7.622931175474849e-32,0.0274,0.8611,0.02,0.507
SELENOK,ENSG00000113811,-3.7688,7.19891904763706e-33,8.694679985382989e-32,0.066,0.9013,0.035,0.528
CHMP2A,ENSG00000130724,-4.1015,7.445015442880819e-33,8.975678365162633e-32,0.0512,0.88,0.03,0.52
UTRN,ENSG00000152818,1.3749,7.999927635812529e-33,9.627300302629168e-32,1.7813,0.6867,0.677,0.398
TMEM256,ENSG00000205544,-8.0096,9.273400581111406e-33,1.1139755841950195e-31,0.0031,0.8284,0.005,0.491
ARF4,ENSG00000168374,-2.3992,9.566589778530051e-33,1.147132013120327e-31,0.2002,1.0567,0.095,0.596
NDUFC2,ENSG00000151366,-3.5559,1.0043569004273304e-32,1.2021684118197383e-31,0.0801,0.9432,0.04,0.533
YWHAE,ENSG00000108953,-1.6508,1.1202601629215248e-32,1.3385004701525696e-31,0.4239,1.3313,0.209,0.71
BEX2,ENSG00000133134,-13.0128,1.3053888691691053e-32,1.5569093316393668e-31,0.0,0.8264,0.0,0.487
DUSP1,ENSG00000120129,-1.5529,1.3332142292977693e-32,1.5872616466095902e-31,0.5322,1.5617,0.254,0.74
CENPX,ENSG00000169689,-8.1776,1.3816895678270475e-32,1.6420470860350269e-31,0.0027,0.8147,0.005,0.49
C1QBP,ENSG00000108561,-5.308,1.4074631674536657e-32,1.6697063046932564e-31,0.0211,0.8386,0.015,0.5
GADD45B,ENSG00000099860,-3.0009,1.4720233612584178e-32,1.7431992960718037e-31,0.1348,1.0796,0.065,0.558
SRSF5,ENSG00000100650,-1.9891,1.551439387691336e-32,1.833993569980608e-31,0.3009,1.1947,0.164,0.653
ZFAND3,ENSG00000156639,2.023,1.9846125953494413e-32,2.3419129901658865e-31,1.5915,0.3915,0.617,0.232
TECR,ENSG00000099797,-3.4093,2.095762829441038e-32,2.468712511082309e-31,0.0864,0.919,0.04,0.533
C11orf96,ENSG00000187479,-3.5489,2.1701673678314568e-32,2.551857015800405e-31,0.0875,1.0253,0.045,0.534
PRELID1,ENSG00000169230,-3.9066,2.4793865504656913e-32,2.910337921012364e-31,0.058,0.8706,0.03,0.517
PPP1CA,ENSG00000172531,-4.1186,2.548111299760589e-32,2.9857605914212237e-31,0.0492,0.856,0.025,0.512
SELENOS,ENSG00000131871,-3.4193,2.8409244637393704e-32,3.323035813190062e-31,0.0849,0.9098,0.045,0.53
EXT1,ENSG00000182197,2.9589,3.8103349528711143e-32,4.449165585703877e-31,1.3914,0.1789,0.552,0.1
TMEM243,ENSG00000135185,-2.3111,4.4299043781256303e-32,5.163583131152022e-31,0.2197,1.0909,0.109,0.607
CD81,ENSG00000110651,-2.1483,4.4914324852322107e-32,5.226180761126469e-31,0.2578,1.1431,0.109,0.621
SBDS,ENSG00000126524,-3.0962,4.949628279945306e-32,5.749316049000817e-31,0.1071,0.9167,0.05,0.539
RNF181,ENSG00000168894,-6.2021,5.074406924629766e-32,5.88402150166705e-31,0.011,0.8204,0.01,0.49
ACP1,ENSG00000143727,-4.6636,6.895614260622497e-32,7.98194239977429e-31,0.0328,0.8337,0.025,0.502
KRT19,ENSG00000171345,-1.8073,8.985726785218203e-32,1.0383333771362004e-30,0.3723,1.3032,0.179,0.676
COMT,ENSG00000093010,-2.994,9.164918341984862e-32,1.0572105286030552e-30,0.1202,0.9586,0.065,0.552
ATP5PB,ENSG00000116459,-3.8957,9.368367990553891e-32,1.0788160311880938e-30,0.0581,0.8657,0.04,0.515
C3,ENSG00000125730,-1.9963,1.0326183333832213e-31,1.1870667553642917e-30,0.3061,1.2215,0.134,0.641
SCGB3A1,ENSG00000161055,-3.2083,1.3732651896927637e-31,1.5759515810924345e-30,0.1179,1.0903,0.045,0.537
NRGN,ENSG00000154146,-3.7817,1.41011866557522e-31,1.61546870795487e-30,0.0653,0.8993,0.04,0.515
EGR1,ENSG00000120738,-2.61,1.5603020040686844e-31,1.7844618296532092e-30,0.1893,1.1559,0.09,0.575
DDX24,ENSG00000089737,-2.5906,1.9533143240991544e-31,2.23011732831765e-30,0.1659,0.9998,0.095,0.576
UQCRFS1,ENSG00000169021,-4.5589,2.105091844854091e-31,2.3993017801673164e-30,0.0351,0.8284,0.025,0.499
MAML2,ENSG00000184384,2.9725,2.6403102502040835e-31,3.004196279576333e-30,1.369,0.1743,0.542,0.099
SPCS2,ENSG00000118363,-2.4095,3.690320089042454e-31,4.19177684944125e-30,0.1965,1.0444,0.1,0.586
CHCHD10,ENSG00000250479,-4.5242,4.442235332546286e-31,5.037298775225236e-30,0.0364,0.8405,0.015,0.493
UBXN1,ENSG00000162191,-3.85,6.800419899187028e-31,7.698305848588163e-30,0.0591,0.8535,0.035,0.506
AP2S1,ENSG00000042753,-4.6375,7.699140990379699e-31,8.70094123092149e-30,0.0327,0.8159,0.02,0.492
ZNHIT1,ENSG00000106400,-4.2031,9.491269843593476e-31,1.0708140419824463e-29,0.0451,0.8323,0.03,0.5
HSD17B6,ENSG00000025423,-4.3047,1.0507612038875523e-30,1.18347960889797e-29,0.0439,0.8696,0.025,0.498
RSL24D1,ENSG00000137876,-3.5807,1.1311795690240542e-30,1.271910495203983e-29,0.072,0.8628,0.035,0.51
AREG,ENSG00000109321,-2.9319,1.5211893739176834e-30,1.707567029982556e-29,0.146,1.1144,0.06,0.545
LRRK2,ENSG00000188906,-1.4226,1.5308531179954936e-30,1.71553153944495e-29,0.6493,1.7407,0.249,0.815
SSU72,ENSG00000160075,-3.3938,1.5359076510362247e-30,1.718312764031984e-29,0.0841,0.8854,0.05,0.523
RNH1,ENSG00000023191,-2.6183,2.4870024886259284e-30,2.7777072945706647e-29,0.155,0.952,0.075,0.553
MBIP,ENSG00000151332,-1.8872,2.567370361975012e-30,2.8626822450135404e-29,0.3301,1.2214,0.154,0.659
PHB2,ENSG00000215021,-3.5411,2.806034564439708e-30,3.123584142648802e-29,0.0733,0.8545,0.03,0.509
TCEAL4,ENSG00000133142,-3.4994,3.406167666592658e-30,3.785323435136832e-29,0.0768,0.8699,0.04,0.511
ATP5F1C,ENSG00000165629,-2.7422,4.015256251630937e-30,4.454800083827746e-29,0.1398,0.9359,0.08,0.547
SMIM22,ENSG00000267795,-7.0855,4.61848133668183e-30,5.115561666284899e-29,0.0058,0.8051,0.01,0.472
SQSTM1,ENSG00000161011,-1.3905,5.152365224730232e-30,5.697458168207486e-29,0.6178,1.6198,0.254,0.795
FMNL2,ENSG00000157827,2.5147,7.093006437448584e-30,7.830444627391585e-29,1.4369,0.2514,0.557,0.152
MRFAP1,ENSG00000179010,-3.2041,7.804431889441619e-30,8.601617259006695e-29,0.0948,0.8749,0.055,0.518
HSBP1L1,ENSG00000226742,-6.0291,8.380298000320829e-30,9.221089018804418e-29,0.012,0.7886,0.01,0.473
ENY2,ENSG00000120533,-3.5489,9.041546307246993e-30,9.932317070082674e-29,0.071,0.8318,0.035,0.501
SRP9,ENSG00000143742,-2.8815,1.2212323887014909e-29,1.3393450121736056e-28,0.1227,0.9049,0.06,0.534
PYURF,ENSG00000145337,-6.3296,1.5675372588998255e-29,1.7163248118347434e-28,0.0095,0.7697,0.005,0.469
ATF4,ENSG00000128272,-2.8029,1.8059637720653477e-29,1.9741459956832173e-28,0.1365,0.9531,0.075,0.535
ARPC1B,ENSG00000130429,-2.0656,1.946106175630298e-29,2.123863259319405e-28,0.2597,1.0872,0.114,0.605
UFC1,ENSG00000143222,-6.4781,2.1388177336286075e-29,2.330369272904644e-28,0.0085,0.7651,0.005,0.467
HSP90B1,ENSG00000166598,-1.7587,2.4974330576341195e-29,2.716670259273336e-28,0.3527,1.1938,0.154,0.641
LSM3,ENSG00000170860,-7.3593,2.5614434070622795e-29,2.781769189555929e-28,0.0045,0.7604,0.005,0.463
RHOB,ENSG00000143878,-3.0629,2.577370425886446e-29,2.7945222523531773e-28,0.1168,0.9764,0.06,0.522
SNRPE,ENSG00000182004,-7.2366,2.6088552631047977e-29,2.8240752515845937e-28,0.005,0.7721,0.005,0.463
RAB25,ENSG00000132698,-3.997,3.733023820198545e-29,4.0344443519589134e-28,0.0505,0.8079,0.03,0.487
BANF1,ENSG00000175334,-4.6792,4.692466800161392e-29,5.063164096652333e-28,0.0307,0.7898,0.015,0.477
ADH5,ENSG00000197894,-3.8577,5.36519886578111e-29,5.779703745895489e-28,0.057,0.8271,0.045,0.493
TUFM,ENSG00000178952,-3.1149,5.59366509569583e-29,6.01611741934822e-28,0.1009,0.8748,0.06,0.519
EIF3H,ENSG00000147677,-1.7024,6.396577463052649e-29,6.868607857834186e-28,0.3708,1.2071,0.184,0.66
TMEM147,ENSG00000105677,-4.1884,7.855019767991239e-29,8.421135959937959e-28,0.044,0.8037,0.025,0.483
PGK1,ENSG00000102144,-2.4741,9.714372898872509e-29,1.039780394095665e-27,0.1713,0.9523,0.09,0.551
CSF3R,ENSG00000119535,-2.3702,1.1797851435801694e-28,1.2607655958355122e-27,0.1955,1.0113,0.095,0.567
LTA4H,ENSG00000111144,-2.1298,1.2771102474565207e-28,1.3625909493230196e-27,0.2322,1.0166,0.119,0.582
MAP1LC3B,ENSG00000140941,-3.4305,1.38100577890176e-28,1.4710905258827522e-27,0.0774,0.836,0.045,0.499
EBPL,ENSG00000123179,-3.7347,1.5165963783959388e-28,1.6129533775965723e-27,0.062,0.8264,0.045,0.494
PTRHD1,ENSG00000184924,-6.1854,1.5414340371421e-28,1.6367627876108243e-27,0.0104,0.7661,0.005,0.461
GSTA4,ENSG00000170899,-3.1328,1.779610631656157e-28,1.886669747433567e-27,0.1011,0.8874,0.05,0.512
MRPL52,ENSG00000172590,-3.5075,1.8103828690579546e-28,1.9162515344592836e-27,0.0728,0.8292,0.035,0.493
PGLS,ENSG00000130313,-3.6202,2.3784170420905415e-28,2.513520162044735e-27,0.067,0.8253,0.04,0.493
CYCS,ENSG00000172115,-3.7645,2.6373505782475664e-28,2.782759006653317e-27,0.0604,0.8216,0.025,0.484
POLR2I,ENSG00000105258,-5.3135,2.710909805922764e-28,2.8558622387631137e-27,0.0192,0.7656,0.01,0.464
SERBP1,ENSG00000142864,-2.2863,2.72132384504317e-28,2.8623184190619424e-27,0.2021,0.9862,0.1,0.568
NDUFB3,ENSG00000119013,-4.6823,2.832151960049699e-28,2.9742048649641414e-27,0.0301,0.7754,0.02,0.47
HLA-DMA,ENSG00000204257,-3.9358,2.9115837303123944e-28,3.0528206804955228e-27,0.054,0.8274,0.03,0.484
EIF4B,ENSG00000063046,-1.8851,3.1554900467000916e-28,3.303372730706883e-27,0.29,1.0713,0.149,0.603
POLR2C,ENSG00000102978,-5.1328,3.2317849390841715e-28,3.377948608473111e-27,0.0218,0.7696,0.015,0.465
AGR3,ENSG00000173467,-2.1191,3.654631596335085e-28,3.8139506924878174e-27,0.259,1.1255,0.124,0.587
ELOC,ENSG00000154582,-3.3854,3.9760289009829333e-28,4.142885652053824e-27,0.0784,0.82,0.035,0.495
PNKD,ENSG00000127838,-2.2435,4.077059778200896e-28,4.2415392926174124e-27,0.2053,0.9724,0.104,0.565
EIF4A2,ENSG00000156976,-1.8503,4.241494050842793e-28,4.405744753589271e-27,0.3096,1.1164,0.154,0.617
NDUFB6,ENSG00000165264,-4.1281,4.464090881732315e-28,4.6297613352624424e-27,0.0449,0.7872,0.02,0.475
ZSWIM6,ENSG00000130449,2.7355,4.662923647886356e-28,4.828475510733794e-27,1.3254,0.1989,0.527,0.115
BBLN,ENSG00000171159,-5.9659,4.702951286923665e-28,4.862385703616588e-27,0.012,0.7555,0.01,0.459
HSPA5,ENSG00000044574,-1.9249,4.793170137127433e-28,4.9480036083267575e-27,0.2935,1.1146,0.129,0.603
NHP2,ENSG00000145912,-5.747,6.003454678780844e-28,6.18782003079896e-27,0.0142,0.7654,0.01,0.459
PARD3,ENSG00000148498,2.0158,6.025870195505096e-28,6.2013539346345975e-27,1.4489,0.3582,0.582,0.205
DUSP23,ENSG00000158716,-4.5458,6.540563372624622e-28,6.720680425501515e-27,0.0331,0.7763,0.02,0.466
TCEAL8,ENSG00000180964,-5.3143,7.505691641807058e-28,7.700539858007578e-27,0.019,0.7612,0.015,0.461
VAPA,ENSG00000101558,-1.3084,7.604366472223032e-28,7.789810378524177e-27,0.6123,1.5167,0.274,0.773
PFDN2,ENSG00000143256,-4.2193,9.259277601268258e-28,9.470553613915879e-27,0.0414,0.7734,0.025,0.471
SLIRP,ENSG00000119705,-2.6122,1.0058874976208845e-27,1.0272664520810226e-26,0.15,0.9174,0.085,0.532
POLR2K,ENSG00000147669,-6.3306,1.0076310888903453e-27,1.0274760370532239e-26,0.0091,0.7382,0.01,0.453
IDI1,ENSG00000067064,-2.604,1.1138746492653412e-27,1.1340806070797583e-26,0.1567,0.9529,0.07,0.534
ANP32B,ENSG00000136938,-2.2653,1.2995319982897157e-27,1.321091965993457e-26,0.2035,0.9787,0.1,0.564
SNX3,ENSG00000112335,-1.9822,1.329166121135905e-27,1.3491642132320228e-26,0.265,1.0474,0.119,0.597
TUBA1B,ENSG00000123416,-2.4928,1.485615763662264e-27,1.505679466691997e-26,0.1717,0.9671,0.075,0.538
TFPI,ENSG00000003436,-1.456,1.5371662098419628e-27,1.5555656235658288e-26,0.5379,1.476,0.229,0.72
MBNL1,ENSG00000152601,0.7738,1.9059679063439255e-27,1.9258637891786805e-26,1.923,1.1247,0.721,0.609
GLO1,ENSG00000124767,-2.8291,1.9286164878865512e-27,1.9458050638359933e-26,0.1213,0.8626,0.065,0.513
STARD10,ENSG00000214530,-3.4563,2.136773902083766e-27,2.152566047061459e-26,0.0745,0.8192,0.035,0.487
ATP6V0D1,ENSG00000159720,-2.7997,2.3582912703541987e-27,2.3721426799240503e-26,0.1225,0.8537,0.055,0.508
C11orf58,ENSG00000110696,-2.0027,2.877544908483549e-27,2.8900936005656576e-26,0.2513,1.0074,0.124,0.583
DDRGK1,ENSG00000198171,-4.3295,2.938401360002729e-27,2.94678418670544e-26,0.0382,0.77,0.025,0.467
HINT2,ENSG00000137133,-5.075,2.9917184089216826e-27,2.995755210373001e-26,0.0221,0.7478,0.015,0.456
RASAL2,ENSG00000075391,3.0859,3.0162695066784163e-27,3.015817969327117e-26,1.2224,0.1439,0.502,0.087
MRPL34,ENSG00000130312,-4.9501,3.60873181545678e-27,3.602798175700423e-26,0.0241,0.7491,0.02,0.459
MLF2,ENSG00000089693,-3.5209,3.734236496107967e-27,3.722532172761957e-26,0.0692,0.7956,0.04,0.483
ALPL,ENSG00000162551,-1.7673,3.760220084101294e-27,3.7428479793908413e-26,0.3508,1.1944,0.154,0.633
HHIP-AS1,ENSG00000248890,-12.8439,4.572300644819623e-27,4.54440416767117e-26,0.0,0.7351,0.0,0.441
APLP2,ENSG00000084234,-1.309,4.735620210778376e-27,4.699733638601601e-26,0.6156,1.5253,0.264,0.765
RAD23A,ENSG00000179262,-3.0191,5.6417513702879175e-27,5.590691009221514e-26,0.1027,0.8336,0.06,0.499
KDELR2,ENSG00000136240,-3.1074,5.960409029889632e-27,5.897714357130793e-26,0.0971,0.8372,0.055,0.496
LGALS3BP,ENSG00000108679,-2.859,6.048226111749726e-27,5.975754763369292e-26,0.1192,0.8652,0.065,0.508
RPL22L1,ENSG00000163584,-3.8283,6.565306415194529e-27,6.477057835610673e-26,0.0566,0.8047,0.025,0.471
SRSF9,ENSG00000111786,-3.2636,7.092155293064134e-27,6.98650519209076e-26,0.0836,0.804,0.04,0.486
ADIPOR1,ENSG00000159346,-3.9502,1.1319044487889209e-26,1.1134005616290432e-25,0.0497,0.7703,0.03,0.47
WWOX,ENSG00000186153,2.7886,1.4547271407463032e-26,1.428841554859494e-25,1.2558,0.1817,0.512,0.098
QKI,ENSG00000112531,1.9404,1.5619365476733077e-26,1.531890484861971e-25,1.4168,0.3691,0.567,0.236
CREG1,ENSG00000143162,-5.6451,1.778796740925591e-26,1.7420210311791818e-25,0.0146,0.7348,0.015,0.447
PDIA6,ENSG00000143870,-2.2861,1.826682342571102e-26,1.7862974181599399e-25,0.1932,0.9429,0.095,0.542
EIF1B,ENSG00000114784,-3.2767,1.8815904406029718e-26,1.8373015428051532e-25,0.0815,0.7911,0.035,0.479
SERPINB1,ENSG00000021355,-2.4068,2.064608040916708e-26,2.0130681905522178e-25,0.1804,0.9572,0.095,0.533
SUMO1,ENSG00000116030,-2.7905,2.1655846770083056e-26,2.108446072556629e-25,0.1194,0.827,0.06,0.501
MAGI1,ENSG00000151276,2.0235,2.7829079115462927e-26,2.705537400468368e-25,1.4559,0.358,0.562,0.202
CACNA2D2,ENSG00000007402,-2.6204,2.9200604563778685e-26,2.8347505506028754e-25,0.1501,0.9235,0.08,0.522
AQP1,ENSG00000240583,-2.8349,3.1069263459088186e-26,3.011779544894775e-25,0.1278,0.9126,0.065,0.502
CRTAC1,ENSG00000095713,-4.1569,3.3552406584219894e-26,3.2477757040000674e-25,0.0436,0.7789,0.025,0.458
CHCHD5,ENSG00000125611,-6.8217,3.8168995140399114e-26,3.689301281370849e-25,0.0062,0.7172,0.01,0.439
ZNF593,ENSG00000142684,-5.2224,5.1362716869283273e-26,4.957392860837326e-25,0.0194,0.7284,0.015,0.445
PSMB5,ENSG00000100804,-3.7204,5.184844792567161e-26,4.997053155780096e-25,0.0584,0.7709,0.04,0.469
PDCD5,ENSG00000105185,-3.2332,5.259398282107825e-26,5.0616024677518965e-25,0.0845,0.7956,0.04,0.478
MAL2,ENSG00000147676,-1.8812,6.019227842746999e-26,5.784521260677296e-25,0.283,1.0426,0.139,0.589
SLC39A8,ENSG00000138821,-1.4226,6.670351966431163e-26,6.401046089625537e-25,0.5232,1.4028,0.234,0.722
TRAPPC2L,ENSG00000167515,-7.7755,7.592542577952572e-26,7.275551202029445e-25,0.0031,0.7042,0.005,0.434
EIF3I,ENSG00000084623,-4.2243,7.86027542011469e-26,7.521315119046707e-25,0.0393,0.7358,0.02,0.452
ARF5,ENSG00000004059,-7.8264,7.973517343716399e-26,7.618758560612564e-25,0.0031,0.7296,0.005,0.433
NDUFA12,ENSG00000184752,-4.0093,8.107033926122875e-26,7.735268513224955e-25,0.046,0.7422,0.02,0.455
TSC22D1,ENSG00000102804,-1.5704,8.518317689399739e-26,8.1160975531384955e-25,0.4087,1.2139,0.194,0.641
VPS13B,ENSG00000132549,3.0022,8.629980920210498e-26,8.210775294314233e-25,1.1517,0.1437,0.493,0.082
PRKAR1A,ENSG00000108946,-1.4576,9.160862083462568e-26,8.703470534202915e-25,0.4515,1.2403,0.204,0.674
VDAC2,ENSG00000165637,-3.164,9.176871008669498e-26,8.70629566291244e-25,0.0891,0.7993,0.045,0.483
LSM5,ENSG00000106355,-4.4713,9.521048200192218e-26,9.02001147930267e-25,0.0332,0.7387,0.02,0.451
CKB,ENSG00000166165,-3.5176,9.593838814689316e-26,9.076097654859764e-25,0.0717,0.8224,0.04,0.468
ETFB,ENSG00000105379,-3.4444,9.926707266133313e-26,9.377719636563564e-25,0.0714,0.7787,0.05,0.474
SAT1,ENSG00000130066,-0.964,1.0590166395342744e-25,9.990356123516128e-25,1.1946,2.3303,0.463,0.946
SNRPB,ENSG00000125835,-5.8956,1.0611172189968875e-25,9.996053463582809e-25,0.0118,0.7093,0.01,0.437
SRSF3,ENSG00000112081,-2.2851,1.151802522600877e-25,1.0835054997818673e-24,0.19,0.9263,0.095,0.533
SSBP1,ENSG00000106028,-2.3721,1.3358652293701216e-25,1.2548866198260257e-24,0.1722,0.892,0.09,0.524
POLR2E,ENSG00000099817,-4.0809,1.6954851280024926e-25,1.5904698272371697e-24,0.0435,0.7383,0.03,0.454
TUBA1C,ENSG00000167553,-2.7723,1.752764267161529e-25,1.641895166952574e-24,0.1229,0.84,0.07,0.495
DNAJC15,ENSG00000120675,-2.6215,1.8142490024519646e-25,1.6971105164393095e-24,0.1394,0.8583,0.075,0.51
BAD,ENSG00000002330,-4.4743,2.125897515000173e-25,1.98585587450156e-24,0.0324,0.7216,0.02,0.446
SSNA1,ENSG00000176101,-4.3583,2.1523505854163082e-25,2.0077583184351287e-24,0.0353,0.7262,0.025,0.448
PIM3,ENSG00000198355,-2.7719,2.485235624586298e-25,2.311822943817811e-24,0.1232,0.8419,0.06,0.495
PA2G4,ENSG00000170515,-3.0478,2.4825002353936427e-25,2.311822943817811e-24,0.0974,0.8059,0.05,0.482
POLR2J,ENSG00000005075,-4.6084,2.5121614887105527e-25,2.3336198307507345e-24,0.0292,0.7147,0.02,0.444
PDIA3,ENSG00000167004,-1.6325,2.7185091767134936e-25,2.5217948321207534e-24,0.3649,1.1317,0.164,0.62
CYC1,ENSG00000179091,-6.1328,3.013898217928451e-25,2.791931511448561e-24,0.0098,0.6946,0.01,0.432
CRB3,ENSG00000130545,-12.7324,5.105339106554696e-25,4.7227922289028826e-24,0.0,0.6804,0.0,0.423
CERS2,ENSG00000143418,-3.5107,5.22520966497904e-25,4.826995207800139e-24,0.0661,0.7542,0.035,0.46
IMMP2L,ENSG00000184903,2.386,6.14847335763581e-25,5.672051596084195e-24,1.2953,0.2477,0.522,0.14
REEP5,ENSG00000129625,-2.1733,6.483384539265159e-25,5.972762115551999e-24,0.2028,0.9149,0.104,0.538
GADD45GIP1,ENSG00000179271,-4.3104,7.06712559492196e-25,6.501560860672696e-24,0.0366,0.7281,0.03,0.446
RSL1D1,ENSG00000171490,-3.0953,8.526931925525998e-25,7.83375217752244e-24,0.0911,0.7794,0.045,0.472
RPN2,ENSG00000118705,-2.3446,9.52516145155764e-25,8.738812271284819e-24,0.1746,0.887,0.085,0.518
PTPRM,ENSG00000173482,1.8541,9.7255807109007e-25,8.910446305638652e-24,1.4328,0.3962,0.567,0.231
IRX3,ENSG00000177508,-3.3262,1.1123708744262656e-24,1.0177431603141134e-23,0.08,0.8034,0.045,0.465
GNAS,ENSG00000087460,-1.3137,1.4044438821429996e-24,1.283212132535307e-23,0.567,1.4095,0.254,0.719
EMC4,ENSG00000128463,-5.3009,1.5044850304495967e-24,1.3727398249143245e-23,0.0174,0.6878,0.01,0.429
SRSF7,ENSG00000115875,-2.1079,1.5361246658181667e-24,1.3996966770804276e-23,0.2215,0.9551,0.114,0.543
LGMN,ENSG00000100600,-1.9807,1.9284086823649364e-24,1.7547468105606826e-23,0.2412,0.9522,0.1,0.548
NAXE,ENSG00000163382,-5.2269,2.146894836626144e-24,1.950899403241635e-23,0.0185,0.6966,0.02,0.43
FOSB,ENSG00000125740,-2.2133,2.4074328467367065e-24,2.184679889042726e-23,0.2276,1.0557,0.104,0.533
DPM2,ENSG00000136908,-4.8016,2.5685188034576614e-24,2.327698383757628e-23,0.0249,0.6984,0.02,0.434
HYI,ENSG00000178922,-3.331,2.927676578209511e-24,2.6495869736939464e-23,0.0751,0.757,0.035,0.459
BCAM,ENSG00000187244,-2.8816,3.118404690890157e-24,2.818379557571767e-23,0.113,0.8332,0.06,0.482
COPZ1,ENSG00000111481,-3.4657,3.2642737806811163e-24,2.9462276461039425e-23,0.0672,0.7431,0.035,0.453
FBP1,ENSG00000165140,-2.567,3.3842590403198536e-24,3.0504002874893795e-23,0.1422,0.8428,0.075,0.494
TIMM8B,ENSG00000150779,-5.6151,3.471104403007522e-24,3.124461766534669e-23,0.014,0.6911,0.01,0.425
SQLE,ENSG00000104549,-2.4232,3.544070810463371e-24,3.185847771613036e-23,0.1644,0.882,0.08,0.507
MMAB,ENSG00000139428,-3.3018,5.802029116072379e-24,5.2085688798719654e-23,0.0761,0.751,0.04,0.458
MAOA,ENSG00000189221,-1.6129,6.89241496640436e-24,6.179119404109358e-23,0.3546,1.0847,0.154,0.604
MAP1LC3A,ENSG00000101460,-5.4129,8.165478310648901e-24,7.310620594748527e-23,0.0163,0.7001,0.01,0.422
TRIO,ENSG00000038382,2.2673,8.8388484790659e-24,7.902900802099216e-23,1.3001,0.27,0.517,0.161
SRRM1,ENSG00000133226,-1.925,9.478111171349854e-24,8.463142314631775e-23,0.2529,0.9608,0.129,0.557
MT-ND4L,ENSG00000212907,-1.2123,9.581002333392022e-24,8.543593402500042e-23,0.7411,1.7172,0.289,0.794
FKBP8,ENSG00000105701,-3.3279,1.1762808010679562e-23,1.0475172627110507e-22,0.0734,0.7375,0.045,0.455
CHP1,ENSG00000187446,-1.9397,1.2119744548467205e-23,1.077866495861684e-22,0.2512,0.9639,0.124,0.553
TMEM179B,ENSG00000185475,-3.2178,1.3040903306127496e-23,1.1582472497556589e-22,0.0812,0.7565,0.055,0.46
TCEAL9,ENSG00000185222,-3.3258,1.3421974189876597e-23,1.1905095035084434e-22,0.0777,0.7804,0.05,0.456
IRX2-DT,ENSG00000186493,-5.9826,1.3864397262037338e-23,1.2281208131717158e-22,0.0106,0.6782,0.005,0.417
PON2,ENSG00000105854,-1.8811,1.486262573669854e-23,1.314801023780259e-22,0.2616,0.9639,0.144,0.554
POLR2F,ENSG00000100142,-3.8328,1.495291656422016e-23,1.321038753074424e-22,0.0505,0.7204,0.025,0.441
DPYD,ENSG00000188641,1.5413,2.202477616122798e-23,1.9432428002753194e-22,1.5209,0.5225,0.587,0.301
GSTK1,ENSG00000197448,-3.8752,2.2962607061166387e-23,2.0233146775927482e-22,0.0486,0.7138,0.03,0.438
SNRPD1,ENSG00000167088,-4.4058,2.5959251677913268e-23,2.2843457438311294e-22,0.0328,0.6974,0.025,0.428
BFAR,ENSG00000103429,-4.8401,2.718938366555597e-23,2.3894459671348464e-22,0.0241,0.6935,0.02,0.423
CSNK2B,ENSG00000204435,-4.0981,3.098421931625439e-23,2.7193640054305266e-22,0.0405,0.6945,0.025,0.43
MPC1,ENSG00000060762,-3.5354,3.4862919981540907e-23,3.055766962686505e-22,0.0628,0.7287,0.04,0.446
STUB1,ENSG00000103266,-4.8681,3.665557400775456e-23,3.2086838636670077e-22,0.0229,0.673,0.015,0.421
MORF4L1,ENSG00000185787,-1.3492,4.036450887649307e-23,3.528724539085042e-22,0.4849,1.2355,0.219,0.674
GTF2A2,ENSG00000140307,-3.911,4.514242974552022e-23,3.9412586702003865e-22,0.0462,0.6961,0.025,0.433
CPNE3,ENSG00000085719,-2.6728,4.700151469480882e-23,4.0982130110525866e-22,0.1238,0.7898,0.07,0.477
YIF1A,ENSG00000174851,-4.2208,4.9462802076863563e-23,4.307197588935746e-22,0.037,0.6914,0.02,0.425
MRPS34,ENSG00000074071,-4.0917,5.0490978398966645e-23,4.391005790712216e-22,0.0407,0.6954,0.025,0.431
TCF12,ENSG00000140262,2.2966,5.307747746968167e-23,4.609941118595629e-22,1.2574,0.2559,0.507,0.155
RERE,ENSG00000142599,1.6802,6.457030370448241e-23,5.60084491483426e-22,1.3874,0.4329,0.562,0.261
NME3,ENSG00000103024,-4.3262,7.084311873627484e-23,6.13698041555875e-22,0.0346,0.6968,0.03,0.427
RPN1,ENSG00000163902,-2.7934,7.145308955127411e-23,6.181802915970982e-22,0.1104,0.7661,0.055,0.464
PSMB2,ENSG00000126067,-3.6818,7.213812922132887e-23,6.232995667131378e-22,0.0549,0.7053,0.035,0.436
EFNA1,ENSG00000169242,-2.6089,7.539197049474684e-23,6.505723138687522e-22,0.1367,0.8347,0.075,0.483
NAPA,ENSG00000105402,-2.2249,8.354566409081646e-23,7.200019231775009e-22,0.1793,0.8386,0.07,0.497
TMEM230,ENSG00000089063,-3.8349,9.693772819514436e-23,8.332652337392139e-22,0.0484,0.6918,0.035,0.431
MT-ND1,ENSG00000198888,-0.9258,9.685851247014049e-23,8.332652337392139e-22,1.2817,2.4351,0.478,0.931
BEX4,ENSG00000102409,-4.1996,1.0048744746620217e-22,8.626679455356869e-22,0.0371,0.6839,0.015,0.422
SFN,ENSG00000175793,-2.7088,1.0558319277609928e-22,9.052505064846817e-22,0.1333,0.8723,0.06,0.471
PDLIM1,ENSG00000107438,-1.6259,1.1657167173948301e-22,9.981823019846244e-22,0.3428,1.0583,0.159,0.596
TMED10,ENSG00000170348,-1.8358,1.194070266780622e-22,1.0211517684798687e-21,0.2618,0.9348,0.134,0.546
SMYD3,ENSG00000185420,1.8965,1.1965523828852743e-22,1.0219659034898654e-21,1.3801,0.3706,0.542,0.205
CSDE1,ENSG00000009307,-1.5888,1.241745701502165e-22,1.0592106692634688e-21,0.3437,1.0341,0.159,0.59
HNRNPA0,ENSG00000177733,-2.9552,1.3920343580804248e-22,1.1858925354106068e-21,0.0965,0.7487,0.055,0.458
POLE4,ENSG00000115350,-12.6576,1.507323577370812e-22,1.2824731430904017e-21,0.0,0.646,0.0,0.4
HERPUD1,ENSG00000051108,-1.939,1.5856658609280399e-22,1.3474125044705316e-21,0.2458,0.9426,0.109,0.535
TMEM208,ENSG00000168701,-4.3939,1.6289221503269528e-22,1.3824105517196591e-21,0.0321,0.676,0.02,0.421
UBE2E2,ENSG00000182247,1.9317,1.8414720782212e-22,1.5608111688374866e-21,1.3235,0.3468,0.532,0.213
MPZL2,ENSG00000149573,-2.614,1.8903728252223338e-22,1.600228149513304e-21,0.1269,0.7776,0.06,0.469
LMAN2,ENSG00000169223,-3.2943,1.8955428981169213e-22,1.602573546395306e-21,0.0729,0.716,0.04,0.441
NME2,ENSG00000243678,-4.2112,1.929419984362559e-22,1.6291524747860344e-21,0.0448,0.8307,0.025,0.419
MRPS6,ENSG00000243927,-2.4233,2.693655952367897e-22,2.2715818315486343e-21,0.1514,0.8123,0.08,0.485
EIF5,ENSG00000100664,-2.2392,2.718134041396967e-22,2.28933382881341e-21,0.1797,0.8489,0.095,0.498
BTBD9,ENSG00000183826,1.9287,3.1291232517597905e-22,2.632168035076025e-21,1.3071,0.3433,0.537,0.183
SPIDR,ENSG00000164808,1.9726,3.183354671646636e-22,2.6744183461544504e-21,1.2709,0.3237,0.527,0.187
FKBP1A,ENSG00000088832,-1.8977,3.3014011861535615e-22,2.7701078545627685e-21,0.2436,0.908,0.114,0.533
ECHS1,ENSG00000127884,-3.6019,3.609715997719197e-22,3.025005413897932e-21,0.057,0.6929,0.03,0.43
ARPC5L,ENSG00000136950,-3.026,3.791721280007581e-22,3.1735471715752672e-21,0.0901,0.7345,0.045,0.447
FMC1,ENSG00000164898,-12.6447,4.0026921015564957e-22,3.345929980762933e-21,0.0,0.6403,0.0,0.396
CNIH1,ENSG00000100528,-3.4933,4.017084347679657e-22,3.3537632947690535e-21,0.0622,0.701,0.035,0.432
NUDT16,ENSG00000198585,-4.5624,4.0256263192129876e-22,3.3566988996284074e-21,0.0287,0.6792,0.02,0.412
ACAT2,ENSG00000120437,-3.3839,4.0715873896217896e-22,3.3907895480403905e-21,0.0701,0.7324,0.035,0.434
TMEM205,ENSG00000105518,-4.7942,4.21662054822145e-22,3.50719908363276e-21,0.0238,0.6633,0.015,0.412
SFTPB,ENSG00000168878,-0.6875,5.1684034918769705e-22,4.293503348538096e-21,1.8301,2.9474,0.627,0.998
OSTC,ENSG00000198856,-2.3667,6.879791556348065e-22,5.7080904105402145e-21,0.1569,0.8096,0.075,0.483
TM7SF2,ENSG00000149809,-6.4147,7.105881734237698e-22,5.8883603105426286e-21,0.0075,0.6473,0.005,0.398
ARL6IP5,ENSG00000144746,-1.8431,8.623418908219543e-22,7.137027867162122e-21,0.2552,0.9158,0.129,0.537
SPG21,ENSG00000090487,-2.6642,9.375335412079105e-22,7.749735794217369e-21,0.1198,0.7597,0.06,0.463
HNRNPF,ENSG00000169813,-2.0657,1.0265515771746544e-21,8.475077854078512e-21,0.2023,0.8473,0.095,0.506
PRDX3,ENSG00000165672,-3.4864,1.035675264454625e-21,8.539845791719063e-21,0.061,0.6852,0.03,0.424
EXOC4,ENSG00000131558,2.2395,1.058606692332491e-21,8.718167815152536e-21,1.2012,0.2543,0.498,0.15
FDFT1,ENSG00000079459,-1.5271,1.0646105578932044e-21,8.756815167695458e-21,0.3697,1.0657,0.159,0.596
RAB13,ENSG00000143545,-2.5787,1.1707137478271808e-21,9.61770863682379e-21,0.1257,0.7515,0.06,0.461
HAX1,ENSG00000143575,-6.3672,1.4464195634504121e-21,1.1868103518778013e-20,0.0075,0.6274,0.005,0.396
CKS2,ENSG00000123975,-3.8646,1.4796132331422847e-21,1.2125566606327999e-20,0.0489,0.7132,0.025,0.418
IMPDH2,ENSG00000178035,-4.3953,1.7768282975607148e-21,1.45434267149608e-20,0.0311,0.6562,0.015,0.407
CD302,ENSG00000241399,-2.2174,1.8081041358039565e-21,1.478130663774128e-20,0.1797,0.8362,0.09,0.491
HNRNPDL,ENSG00000152795,-1.2436,1.916250538364983e-21,1.564625592388719e-20,0.5499,1.3022,0.254,0.696
TMBIM4,ENSG00000155957,-1.8687,1.91929043347848e-21,1.5651942375094956e-20,0.2478,0.9053,0.124,0.529
CYB5R3,ENSG00000100243,-1.9963,1.951920570556376e-21,1.589863108627565e-20,0.2193,0.8753,0.114,0.519
DNAJC19,ENSG00000205981,-12.5867,2.0234935179746476e-21,1.6461526439162815e-20,0.0,0.6151,0.0,0.389
PGRMC1,ENSG00000101856,-3.8221,2.189275291576587e-21,1.7788527582043827e-20,0.0466,0.6597,0.02,0.413
ARPC5,ENSG00000162704,-2.3343,2.2149404603265112e-21,1.7975197247291333e-20,0.1575,0.7949,0.075,0.483
LAMTOR2,ENSG00000116586,-4.4149,2.2376817366944115e-21,1.8137713979832494e-20,0.0302,0.646,0.015,0.405
PARM1,ENSG00000169116,-2.2302,2.4438799574688335e-21,1.978505967992041e-20,0.1787,0.8388,0.095,0.491
BLOC1S1,ENSG00000135441,-5.2584,2.514777231288876e-21,2.03343790893201e-20,0.0171,0.6574,0.01,0.398
NDUFA5,ENSG00000128609,-3.0284,2.583251915490266e-21,2.0862804768512076e-20,0.0866,0.7075,0.055,0.44
PSMA4,ENSG00000041357,-2.8939,2.7819116881362383e-21,2.244008232495403e-20,0.0986,0.7332,0.055,0.445
BAG1,ENSG00000107262,-3.2402,2.994168326144174e-21,2.412310042257773e-20,0.0731,0.6916,0.04,0.429
GTF2H5,ENSG00000272047,-7.5948,3.040682734072263e-21,2.4468337326347766e-20,0.0031,0.6213,0.005,0.391
BCAP31,ENSG00000185825,-2.3676,3.371184893492801e-21,2.7095239354558867e-20,0.1505,0.7771,0.07,0.469
ARL2,ENSG00000213465,-5.7823,3.399792435653429e-21,2.729232413188612e-20,0.0112,0.6227,0.01,0.394
SECISBP2L,ENSG00000138593,-1.4836,3.4360127527148524e-21,2.754997500045918e-20,0.3913,1.0945,0.199,0.596
TMCO1,ENSG00000143183,-5.2684,3.538864770236207e-21,2.834062086379811e-20,0.0163,0.6317,0.01,0.397
MT-ND5,ENSG00000198786,-1.0312,3.668307679283972e-21,2.9342068251422334e-20,0.9592,1.9604,0.368,0.871
PSMA3,ENSG00000100567,-1.9221,3.918926183507424e-21,3.130922007134699e-20,0.2351,0.8912,0.109,0.52
ATXN1,ENSG00000124788,1.9898,4.131788958317136e-21,3.2970392416487635e-20,1.251,0.3149,0.512,0.188
FHIT,ENSG00000189283,2.0488,4.570826002910037e-21,3.643024686567558e-20,1.2282,0.2968,0.507,0.169
VDAC1,ENSG00000213585,-3.4062,4.890697296160244e-21,3.893321482843179e-20,0.0647,0.6865,0.045,0.427
TSPAN4,ENSG00000214063,-2.5401,5.733886263028246e-21,4.559122184614959e-20,0.1322,0.7692,0.07,0.464
PRSS8,ENSG00000052344,-3.2467,5.812390137861285e-21,4.616046816976876e-20,0.0744,0.7075,0.04,0.431
DEK,ENSG00000124795,-2.2021,5.843506102710123e-21,4.635246705463291e-20,0.1753,0.8072,0.085,0.482
TXNIP,ENSG00000265972,-1.4391,5.93488829135203e-21,4.702149335461472e-20,0.4528,1.228,0.184,0.624
ALOX15B,ENSG00000179593,-2.085,6.170890479738447e-21,4.883338568029987e-20,0.2091,0.8876,0.104,0.503
MRPL43,ENSG00000055950,-5.8168,7.399128162893967e-21,5.841463002360379e-20,0.0108,0.6137,0.005,0.39
PERP,ENSG00000112378,-3.2975,7.39597673327085e-21,5.841463002360379e-20,0.07,0.6887,0.045,0.428
YIPF3,ENSG00000137207,-5.4135,7.608465126111325e-21,5.999638556941858e-20,0.0145,0.622,0.01,0.393
OXA1L,ENSG00000155463,-7.7729,7.637140870394547e-21,6.015149041670422e-20,0.0027,0.6154,0.005,0.387
SFTA1P,ENSG00000225383,-2.4308,8.264051757569143e-21,6.501248726596503e-20,0.1605,0.8659,0.085,0.472
FADS1,ENSG00000149485,-3.5903,8.405296640233492e-21,6.604585442366999e-20,0.0575,0.6938,0.03,0.417
ATP5PO,ENSG00000241837,-3.7629,9.043107722686755e-21,7.0974049917538e-20,0.0522,0.7104,0.03,0.414
ENSG00000282012,ENSG00000282012,-12.6803,9.266825174416153e-21,7.264451330977169e-20,0.0,0.6563,0.0,0.383
EIF3M,ENSG00000149100,-2.7523,1.0687888367007212e-20,8.368629121130266e-20,0.1052,0.7095,0.05,0.441
AKAP13,ENSG00000170776,0.363,1.1149421379028809e-20,8.719787516455902e-20,2.0325,1.5804,0.751,0.774
MMP24OS,ENSG00000126005,-2.1844,1.1517808566249686e-20,8.997361802804873e-20,0.1807,0.8219,0.1,0.489
PSME2,ENSG00000100911,-3.5975,1.4085897443719545e-20,1.0990620213388183e-19,0.0567,0.6876,0.035,0.413
SNRPB2,ENSG00000125870,-3.6486,1.5477342269826792e-20,1.2062213421257078e-19,0.053,0.6653,0.03,0.412
MVP,ENSG00000013364,-1.7644,1.7257598343485383e-20,1.3433974281601267e-19,0.2668,0.9065,0.139,0.524
PTP4A2,ENSG00000184007,-1.56,1.8261302989664103e-20,1.4198747691265022e-19,0.3341,0.9854,0.159,0.564
TIMP3,ENSG00000100234,3.7142,2.0505400057334247e-20,1.5925065928248306e-19,1.0742,0.0818,0.413,0.048
PTMS,ENSG00000159335,-2.15,2.1974385826888285e-20,1.704610022506235e-19,0.1823,0.8096,0.085,0.478
RAB11B,ENSG00000185236,-3.3106,2.4020697496390116e-20,1.861186062394311e-19,0.068,0.676,0.04,0.42
BNIP3,ENSG00000176171,-2.9303,2.6395265590991313e-20,2.042803926792943e-19,0.0919,0.7011,0.045,0.432
FAAP20,ENSG00000162585,-2.9207,2.671495825388886e-20,2.0651528492792097e-19,0.0934,0.7077,0.055,0.436
SARAF,ENSG00000133872,-1.5635,2.797760814635019e-20,2.160259477566161e-19,0.3198,0.9453,0.149,0.553
NUDT14,ENSG00000183828,-4.5562,2.844526441753162e-20,2.193832806520712e-19,0.0269,0.6348,0.02,0.396
TMEM50A,ENSG00000183726,-2.4894,3.032017286095315e-20,2.335737422587152e-19,0.1318,0.7406,0.075,0.456
AQP4,ENSG00000171885,-2.4033,3.7393926191494775e-20,2.877350610979189e-19,0.1499,0.7934,0.08,0.467
CBLB,ENSG00000114423,3.521,3.756377256359833e-20,2.8870936358144216e-19,1.0318,0.0898,0.418,0.057
PLP2,ENSG00000102007,-3.3095,4.090832325898722e-20,3.14053667869857e-19,0.0693,0.6882,0.04,0.416
RPS4Y1,ENSG00000129824,-2.8673,4.357499226928507e-20,3.3414164565620553e-19,0.1297,0.9473,0.08,0.434
TM4SF1,ENSG00000169908,-2.2308,4.379084859999723e-20,3.354117864671806e-19,0.1936,0.9091,0.1,0.479
PICALM,ENSG00000073921,1.9611,4.388237285797671e-20,3.357277987610841e-19,1.2482,0.3205,0.507,0.21
BNIP3L,ENSG00000104765,-1.5672,4.567994245025857e-20,3.490804755437952e-19,0.326,0.9662,0.154,0.555
SELENOF,ENSG00000183291,-1.8612,5.205692941095964e-20,3.9735797889805643e-19,0.2342,0.8512,0.119,0.509
TACSTD2,ENSG00000184292,-2.4376,5.768945637205771e-20,4.398491770650382e-19,0.1485,0.8051,0.075,0.457
CHI3L2,ENSG00000064886,-4.6312,5.832524696237059e-20,4.441896516096615e-19,0.0297,0.739,0.015,0.391
PHB1,ENSG00000167085,-5.9396,6.361872695862488e-20,4.839515687433436e-19,0.0097,0.5985,0.01,0.381
SBF2,ENSG00000133812,4.5609,6.901290848252705e-20,5.243881862966987e-19,0.909,0.0384,0.393,0.026
RASSF7,ENSG00000099849,-3.0388,7.457447681344513e-20,5.660033302693183e-19,0.0841,0.6916,0.045,0.424
ARID1B,ENSG00000049618,1.8961,7.810548751486841e-20,5.921300239634576e-19,1.2563,0.3375,0.507,0.203
DNAJC8,ENSG00000126698,-3.3607,7.963743936282085e-20,6.030594756284358e-19,0.0635,0.6528,0.035,0.408
RHOBTB2,ENSG00000008853,-1.8931,7.997942864998079e-20,6.04963311385302e-19,0.236,0.8768,0.114,0.505
GCHFR,ENSG00000137880,-3.7286,9.569895726439707e-20,7.230467596933349e-19,0.0495,0.6577,0.03,0.402
EI24,ENSG00000149547,-2.9034,1.0297538929881875e-19,7.753919110787041e-19,0.091,0.6813,0.055,0.425
CLPP,ENSG00000125656,-4.8257,1.0293991521528326e-19,7.753919110787041e-19,0.0214,0.6105,0.02,0.388
EMC6,ENSG00000127774,-7.7119,1.0281939364734426e-19,7.753919110787041e-19,0.0027,0.5899,0.005,0.375
TST,ENSG00000128311,-4.0971,1.0561972103976521e-19,7.935141921536465e-19,0.0379,0.6505,0.025,0.396
APBB2,ENSG00000163697,3.136,1.0550336704454834e-19,7.935141921536465e-19,1.0243,0.1164,0.423,0.071
IMP3,ENSG00000177971,-5.3946,1.0965211428682183e-19,8.228836756423405e-19,0.0143,0.6038,0.015,0.383
TMED9,ENSG00000184840,-2.4374,1.1447299435189768e-19,8.580977881889164e-19,0.1336,0.7239,0.06,0.441
LSM4,ENSG00000130520,-3.7694,1.1551764538161119e-19,8.649577954078264e-19,0.0466,0.6364,0.03,0.4
EMC7,ENSG00000134153,-5.3502,1.219611769390737e-19,9.121821957178872e-19,0.0146,0.5975,0.01,0.381
SMAGP,ENSG00000170545,-6.4359,1.278865030985992e-19,9.55429478965933e-19,0.0068,0.5989,0.005,0.376
NOL7,ENSG00000225921,-3.301,1.3193945747761602e-19,9.846074150759748e-19,0.0671,0.6619,0.04,0.413
TBC1D5,ENSG00000131374,1.9689,1.3302262652606973e-19,9.915827260799329e-19,1.1717,0.2992,0.498,0.181
YWHAQ,ENSG00000134308,-1.6369,1.3507614740558073e-19,1.0057676572150208e-18,0.2948,0.9172,0.144,0.538
PSMC5,ENSG00000087191,-3.3393,1.464047146878494e-19,1.0889054447663095e-18,0.0639,0.6478,0.03,0.405
RANBP1,ENSG00000099901,-4.5669,1.562314269893235e-19,1.1607004458973213e-18,0.0257,0.6115,0.015,0.385
NUDC,ENSG00000090273,-2.8478,1.754017602960808e-19,1.301675952241693e-18,0.0948,0.6829,0.05,0.425
CLDN3,ENSG00000165215,-5.7599,2.1724169608715222e-19,1.6103854474651384e-18,0.0112,0.6098,0.01,0.376
PEG10,ENSG00000242265,-3.376,2.318001869635896e-19,1.7164007192126551e-18,0.0726,0.7548,0.03,0.405
KIF22,ENSG00000079616,-3.298,2.571759041068739e-19,1.902190325060699e-18,0.0675,0.6651,0.025,0.402
EIF3D,ENSG00000100353,-4.218,2.712526969818745e-19,2.004089339758783e-18,0.0328,0.6124,0.025,0.39
PARD3B,ENSG00000116117,2.895,2.7525457260303047e-19,2.0314091606802656e-18,0.9894,0.1329,0.428,0.069
TCF4,ENSG00000196628,4.9246,2.8843702900585584e-19,2.126347590209836e-18,0.9176,0.0301,0.383,0.021
MRPS33,ENSG00000090263,-4.4903,3.076991958178021e-19,2.2658466690927232e-18,0.0269,0.6072,0.015,0.383
PRDX4,ENSG00000123131,-4.6688,3.163784066040334e-19,2.3271931472558803e-18,0.0243,0.6218,0.02,0.384
INSIG1,ENSG00000186480,-1.7982,3.32316521832231e-19,2.441740428292047e-18,0.2524,0.8782,0.104,0.499
OCIAD2,ENSG00000145247,-3.4165,3.4873935953518166e-19,2.559593606962064e-18,0.06,0.6421,0.035,0.404
DUOX1,ENSG00000137857,-1.3663,3.5125905173040237e-19,2.575257087274816e-18,0.4389,1.1317,0.214,0.614
SNRPC,ENSG00000124562,-4.3716,3.824936292973265e-19,2.8011786733298723e-18,0.029,0.6016,0.01,0.38
NENF,ENSG00000117691,-3.5719,3.99788042123393e-19,2.9246268711304947e-18,0.0534,0.6358,0.03,0.397
TMEM14B,ENSG00000137210,-2.0269,4.1680806162981423e-19,3.0457998289119574e-18,0.1939,0.7904,0.109,0.481
APEX1,ENSG00000100823,-3.7249,4.570908157495873e-19,3.3365131785699385e-18,0.0469,0.6218,0.03,0.394
ARHGAP26,ENSG00000145819,3.4039,4.776803396946192e-19,3.482998896092098e-18,1.02,0.0963,0.408,0.056
MRPL55,ENSG00000162910,-4.6649,4.9672724520032095e-19,3.617929411878892e-18,0.0237,0.6032,0.02,0.382
DPP7,ENSG00000176978,-2.4016,5.069412568627591e-19,3.688301366651817e-18,0.1337,0.7069,0.065,0.439
S100A4,ENSG00000196154,-4.5977,5.215409208891993e-19,3.790393700347075e-18,0.0281,0.6833,0.02,0.382
GTF3C6,ENSG00000155115,-6.2922,5.793404058974783e-19,4.205885403249193e-18,0.0073,0.5788,0.01,0.371
SYF2,ENSG00000117614,-5.6244,5.842887007096567e-19,4.237203292117043e-18,0.0118,0.5878,0.01,0.372
METAP2,ENSG00000111142,-1.9462,5.957564062363317e-19,4.315680083787917e-18,0.2115,0.8151,0.114,0.485
ASAP1,ENSG00000153317,4.6014,5.983348224676276e-19,4.329662274389257e-18,0.9233,0.0379,0.383,0.027
SAMD4A,ENSG00000020577,3.8998,6.076103342925211e-19,4.392023184783278e-18,0.9527,0.0637,0.393,0.037
PIGP,ENSG00000185808,-5.0939,6.273506072061863e-19,4.529810492464992e-18,0.0172,0.5896,0.01,0.374
CANX,ENSG00000127022,-1.2592,6.488603789923007e-19,4.6800631439412274e-18,0.4522,1.0825,0.194,0.605
ARL15,ENSG00000185305,3.1583,6.803861595639042e-19,4.9021565908601036e-18,0.9806,0.1098,0.413,0.059
PMVK,ENSG00000163344,-5.1537,6.889650666809755e-19,4.958618190045512e-18,0.0163,0.5841,0.01,0.374
MED13L,ENSG00000123066,1.5711,7.217336973353135e-19,5.188869068355823e-18,1.3177,0.4434,0.532,0.268
SNRPN,ENSG00000128739,-4.6817,7.632985497036227e-19,5.481796788677952e-18,0.023,0.592,0.015,0.377
NDUFB5,ENSG00000136521,-4.1246,8.011704386158831e-19,5.747601889919961e-18,0.0345,0.6032,0.025,0.384
HSD17B11,ENSG00000198189,-2.8451,1.0301060123395547e-18,7.38205800044623e-18,0.0987,0.7097,0.055,0.419
CLIC3,ENSG00000169583,-5.5061,1.1372374840180964e-18,8.141060188378206e-18,0.0139,0.6362,0.01,0.369
FCGRT,ENSG00000104870,-2.1621,1.2308363426483131e-18,8.801665880672466e-18,0.1675,0.75,0.08,0.456
GALE,ENSG00000117308,-4.2335,1.3744289827918493e-18,9.817979867451083e-18,0.0324,0.6121,0.025,0.382
TSC22D3,ENSG00000157514,-1.8771,1.501731277444548e-18,1.071587948937194e-17,0.2338,0.8591,0.109,0.486
RAB1B,ENSG00000174903,-4.7523,1.5184538700134471e-18,1.0823642900554762e-17,0.0221,0.5976,0.02,0.376
DPY30,ENSG00000162961,-3.3363,1.6616792987233177e-18,1.1819335501781724e-17,0.0625,0.6325,0.04,0.397
XRCC6,ENSG00000196419,-1.8308,1.6600193231813039e-18,1.1819335501781724e-17,0.2302,0.8191,0.124,0.492
EIF1AX,ENSG00000173674,-1.7172,1.6742372459678962e-18,1.189598996363785e-17,0.2607,0.8575,0.119,0.504
DNPH1,ENSG00000112667,-5.7667,1.691051962210474e-18,1.2002695064403565e-17,0.0107,0.5883,0.015,0.369
PGAM1,ENSG00000171314,-4.1666,1.7032617096427476e-18,1.2076523310726021e-17,0.0334,0.6014,0.025,0.381
SYPL1,ENSG00000008282,-2.0431,1.8361050327965575e-18,1.3004608180326838e-17,0.1851,0.7633,0.095,0.465
MRPL18,ENSG00000112110,-3.6844,1.847872261297662e-18,1.3074087747041402e-17,0.0464,0.5983,0.02,0.383
BUD31,ENSG00000106245,-5.0692,2.1838322971150557e-18,1.5434725833260803e-17,0.0169,0.5694,0.01,0.368
DUSP6,ENSG00000139318,-2.3664,2.2234821175878366e-18,1.5698347847113275e-17,0.156,0.805,0.07,0.436
ACAT1,ENSG00000075239,-2.7573,2.2514050220469444e-18,1.5878705535640487e-17,0.1002,0.6784,0.06,0.42
RUNX1,ENSG00000159216,1.7896,2.3522014209521766e-18,1.657210262715146e-17,1.2583,0.3639,0.498,0.232
APH1A,ENSG00000117362,-3.7111,2.422825104816666e-18,1.7051684799863557e-17,0.0452,0.5931,0.025,0.383
NAV2,ENSG00000166833,2.0749,2.568369133916772e-18,1.8056986784663286e-17,1.1595,0.2751,0.473,0.169
AKR1A1,ENSG00000117448,-2.9073,2.954616413191907e-18,2.0750665640072286e-17,0.087,0.6532,0.055,0.408
CHD2,ENSG00000173575,1.203,3.0719777587362108e-18,2.1552247322057933e-17,1.4543,0.6316,0.577,0.368
RHEB,ENSG00000106615,-1.4386,3.88254432594661e-18,2.72104024690424e-17,0.3326,0.9018,0.144,0.531
JUND,ENSG00000130522,-1.1918,4.0298409941380955e-18,2.821311111095214e-17,0.5674,1.2962,0.229,0.656
HSD17B12,ENSG00000149084,-2.2267,4.364100807788466e-18,3.0521287220124776e-17,0.1517,0.7103,0.07,0.438
JMJD1C,ENSG00000171988,1.2641,4.693802989639e-18,3.279279306255113e-17,1.4315,0.596,0.562,0.346
PNRC2,ENSG00000189266,-3.0117,4.712049273384558e-18,3.2885869484781046e-17,0.078,0.6297,0.04,0.398
RAB5C,ENSG00000108774,-2.388,5.1862129463075276e-18,3.6157323870968664e-17,0.1307,0.6843,0.065,0.428
DDX21,ENSG00000165732,-1.8623,5.572370034742607e-18,3.8809029678879955e-17,0.2275,0.8273,0.114,0.48
SURF1,ENSG00000148290,-12.4119,5.59618638351263e-18,3.893430089112589e-17,0.0,0.5448,0.0,0.354
DDX18,ENSG00000088205,-2.9189,6.192003358735754e-18,4.303474550780031e-17,0.0865,0.6546,0.055,0.406
SDHC,ENSG00000143252,-2.297,6.777662674557105e-18,4.705614241514231e-17,0.1433,0.7044,0.075,0.435
DCTN3,ENSG00000137100,-4.7443,7.263393856847865e-18,5.0376124163953164e-17,0.0212,0.5721,0.015,0.366
CNN2,ENSG00000064666,-2.4631,8.20521957456235e-18,5.68492339611016e-17,0.1252,0.6908,0.065,0.423
CDC42,ENSG00000070831,-1.4165,8.744848455640942e-18,6.052522573598534e-17,0.3566,0.952,0.164,0.552
SIK3,ENSG00000160584,2.2295,9.428219493678381e-18,6.518745134397299e-17,1.0698,0.228,0.453,0.133
KRTCAP3,ENSG00000157992,-5.6159,9.60745077960958e-18,6.635797699794454e-17,0.0114,0.5627,0.01,0.359
PSMA1,ENSG00000129084,-2.1856,9.628756641638092e-18,6.643643141477357e-17,0.1569,0.7143,0.08,0.44
PDAP1,ENSG00000106244,-3.2459,1.0340433286969367e-17,7.127322386343488e-17,0.0655,0.6221,0.045,0.394
SH3YL1,ENSG00000035115,-1.5832,1.2786020230229413e-17,8.80389990904147e-17,0.2982,0.8936,0.154,0.523
FBL,ENSG00000105202,-5.5624,1.3539090578400184e-17,9.312830687243546e-17,0.0118,0.5631,0.015,0.36
GRINA,ENSG00000178719,-2.4242,1.4537982204097927e-17,9.989627895182105e-17,0.1296,0.6959,0.065,0.422
TOMM22,ENSG00000100216,-4.1118,1.535491990787422e-17,1.054013464179773e-16,0.0332,0.5764,0.02,0.369
OCIAD1,ENSG00000109180,-1.7154,1.5372827179739624e-17,1.0541592683108928e-16,0.2491,0.8181,0.129,0.494
FN1,ENSG00000115414,3.1384,1.5792473986270967e-17,1.0818249615826029e-16,1.1116,0.1262,0.403,0.082
PRKCE,ENSG00000171132,2.5236,1.581600253553393e-17,1.0823266489224499e-16,1.024,0.178,0.428,0.101
F3,ENSG00000117525,-1.4703,1.6187767790869547e-17,1.1066335831649714e-16,0.3556,0.9854,0.154,0.543
TXN2,ENSG00000100348,-3.3844,1.6599262922057968e-17,1.133604059881648e-16,0.0573,0.5992,0.035,0.382
REXO2,ENSG00000076043,-3.0276,1.6802342514879667e-17,1.1463007727975619e-16,0.0778,0.6353,0.045,0.395
IER3IP1,ENSG00000134049,-2.7577,1.797549714012139e-17,1.2250851571313343e-16,0.0946,0.6406,0.045,0.4
IRF2BP2,ENSG00000168264,-1.9422,2.1448631162701154e-17,1.4602997710059226e-16,0.2004,0.7706,0.1,0.457
MAGOH,ENSG00000162385,-4.2451,2.2748408722823246e-17,1.5472161085512878e-16,0.0299,0.5682,0.015,0.364
MRPS26,ENSG00000125901,-4.723,2.3535238124045503e-17,1.599103310584943e-16,0.0214,0.5685,0.015,0.361
NINJ1,ENSG00000131669,-4.246,2.543781242481912e-17,1.726617369769989e-16,0.0305,0.5801,0.015,0.364
RNASEH2C,ENSG00000172922,-4.2911,2.6547415791828635e-17,1.8001034525240958e-16,0.0291,0.572,0.015,0.363
VAMP2,ENSG00000220205,-3.1555,2.922160264989055e-17,1.9794227596208825e-16,0.0693,0.618,0.035,0.385
AP2M1,ENSG00000161203,-3.519,3.313216080737779e-17,2.24204358695518e-16,0.0504,0.5786,0.025,0.373
TNS3,ENSG00000136205,3.2378,3.3195925309981884e-17,2.244084869892399e-16,0.9458,0.1002,0.393,0.065
CHCHD1,ENSG00000172586,-12.383,3.945157568938358e-17,2.6642777960504843e-16,0.0,0.534,0.0,0.345
STOML2,ENSG00000165283,-6.4891,4.074594921145405e-17,2.748911058417188e-16,0.0059,0.5385,0.005,0.348
TSPAN13,ENSG00000106537,-1.6128,4.086852529021197e-17,2.7543983896400177e-16,0.277,0.8475,0.139,0.502
UQCC5,ENSG00000168273,-2.2652,4.105438349559397e-17,2.7641353565229044e-16,0.1471,0.7076,0.08,0.428
PPCS,ENSG00000127125,-2.753,4.207413062359707e-17,2.829940769738216e-16,0.0942,0.6357,0.045,0.4
STEAP4,ENSG00000127954,-1.8226,4.2171003236100706e-17,2.8336029236812536e-16,0.2458,0.8696,0.104,0.476
DUT,ENSG00000128951,-2.3109,4.2452095021072395e-17,2.849623544178317e-16,0.1361,0.6757,0.065,0.416
VPS29,ENSG00000111237,-2.0555,4.326780640858251e-17,2.9014626405915925e-16,0.1711,0.7116,0.08,0.44
FOXP1,ENSG00000114861,0.8174,4.8611498907880487e-17,3.2565316068779717e-16,1.5845,0.8991,0.617,0.508
CCT6A,ENSG00000146731,-2.407,4.9565935347498827e-17,3.317143108075598e-16,0.1263,0.6704,0.075,0.419
HLA-E,ENSG00000204592,-1.4722,5.032994099118114e-17,3.3649016604614497e-16,0.3246,0.9009,0.139,0.525
IFITM1,ENSG00000185885,-12.6458,5.2988470044970314e-17,3.5390999143035674e-16,0.0,0.6408,0.0,0.343
IFT57,ENSG00000114446,-1.3124,5.883251862287855e-17,3.925498420401657e-16,0.4303,1.0689,0.214,0.593
CPB2,ENSG00000080618,-12.5526,6.099199146550736e-17,4.065524061857522e-16,0.0,0.6007,0.0,0.343
QDPR,ENSG00000151552,-4.4961,6.355580000591916e-17,4.2321952965058233e-16,0.0247,0.5605,0.02,0.36
MCUR1,ENSG00000050393,-3.1906,7.013195191897346e-17,4.665451263613782e-16,0.0666,0.6086,0.045,0.383
HNRNPA2B1,ENSG00000122566,-0.9019,7.637001500802095e-17,5.075376420284298e-16,0.8658,1.6179,0.363,0.804
SPINT1-AS1,ENSG00000261183,-4.0356,8.400088264801975e-17,5.576957208808388e-16,0.0347,0.5706,0.02,0.363
CCT8,ENSG00000156261,-2.6308,9.456792448776707e-17,6.27228567680036e-16,0.1006,0.6233,0.05,0.394
COL4A1,ENSG00000187498,5.7085,1.0609499201844296e-16,7.029845750904568e-16,0.9046,0.0172,0.348,0.011
ANAPC13,ENSG00000129055,-4.4552,1.0682016601700665e-16,7.070880959639123e-16,0.0254,0.5603,0.025,0.359
CAPNS1,ENSG00000126247,-2.4993,1.1100876104625474e-16,7.340866485425102e-16,0.115,0.6508,0.065,0.408
HIGD1A,ENSG00000181061,-12.3468,1.1375681876281069e-16,7.515151261293893e-16,0.0,0.5208,0.0,0.34
AK2,ENSG00000004455,-4.0271,1.1559202269329111e-16,7.628845055024618e-16,0.0349,0.5701,0.025,0.364
TRAM1,ENSG00000067167,-1.2463,1.1831770007983764e-16,7.801025852253067e-16,0.432,1.025,0.194,0.58
KMT2C,ENSG00000055609,1.4122,1.1927531349993454e-16,7.856408470079515e-16,1.293,0.4858,0.527,0.299
STARD3NL,ENSG00000010270,-2.6734,1.2477459238847934e-16,8.210536971060625e-16,0.0991,0.6328,0.045,0.395
BOLA3,ENSG00000163170,-4.3454,1.2490029445837137e-16,8.2107191603096695e-16,0.0274,0.5598,0.015,0.356
SMIM30,ENSG00000214194,-5.4076,1.2538857044974557e-16,8.234712507707479e-16,0.0128,0.547,0.01,0.349
COL3A1,ENSG00000168542,6.894,1.299012861446293e-16,8.522698331630444e-16,1.0281,0.0085,0.343,0.006
CHURC1,ENSG00000258289,-2.5545,1.369377732332031e-16,8.975538640084037e-16,0.1107,0.651,0.07,0.406
CHCHD7,ENSG00000170791,-4.5199,1.375674872785333e-16,9.00797301503259e-16,0.0246,0.5658,0.015,0.353
EMD,ENSG00000102119,-3.3559,1.4173524252014687e-16,9.27178927318375e-16,0.0578,0.5927,0.03,0.372
SUCLG1,ENSG00000163541,-2.8523,1.4471286438697165e-16,9.457311362432324e-16,0.0845,0.6111,0.045,0.387
SUMO3,ENSG00000184900,-2.9269,1.479470773271102e-16,9.659223161952776e-16,0.0797,0.6069,0.04,0.384
SRSF2,ENSG00000161547,-2.0706,1.5802390877457717e-16,1.030704772173243e-15,0.1689,0.7097,0.085,0.436
MACROD2,ENSG00000172264,0.6255,1.7456263780508354e-16,1.1374671784391737e-15,1.814,1.1758,0.652,0.611
EBAG9,ENSG00000147654,-3.1067,1.8203069408346508e-16,1.18497368984743e-15,0.0697,0.6009,0.04,0.38
TOMM5,ENSG00000175768,-4.5268,2.0427205034997517e-16,1.328464483240004e-15,0.0255,0.5902,0.02,0.354
S100A9,ENSG00000163220,-4.5841,2.1608636417603808e-16,1.4039307649141619e-15,0.0258,0.6206,0.02,0.352
PEAK1,ENSG00000173517,2.5498,2.1839240974938357e-16,1.4175344069155809e-15,0.9487,0.1619,0.413,0.103
SLC27A3,ENSG00000143554,-6.5684,2.2497918478765793e-16,1.458869878831813e-15,0.0058,0.5626,0.01,0.343
RAB5IF,ENSG00000101084,-4.783,2.33008442267619e-16,1.5094698214407634e-15,0.02,0.5532,0.02,0.351
LSR,ENSG00000105699,-3.1471,2.358451702803214e-16,1.5263661747114987e-15,0.0668,0.5927,0.04,0.377
PSMG2,ENSG00000128789,-3.0451,2.5765537547415557e-16,1.6659053754035672e-15,0.072,0.595,0.04,0.379
SF3B2,ENSG00000087365,-2.1802,2.6369457903110547e-16,1.7033037653276147e-15,0.1514,0.6867,0.08,0.426
SFT2D1,ENSG00000198818,-2.1156,2.6952070034909556e-16,1.7392548382914098e-15,0.1551,0.6723,0.075,0.421
BAX,ENSG00000087088,-2.8314,2.8725249395429346e-16,1.8518913196146004e-15,0.0862,0.6139,0.04,0.381
MPC2,ENSG00000143158,-3.0053,3.2017542329376446e-16,2.0621520271736287e-15,0.0724,0.582,0.035,0.375
RER1,ENSG00000157916,-2.1466,3.474010626689983e-16,2.2353484562295176e-15,0.1529,0.6776,0.08,0.421
CLTB,ENSG00000175416,-3.1629,3.6863704005656266e-16,2.3697081718361715e-15,0.0649,0.5821,0.035,0.372
VTI1A,ENSG00000151532,2.7491,3.809194692665533e-16,2.446308783876259e-15,0.9047,0.1345,0.398,0.082
ZCRB1,ENSG00000139168,-3.73,4.4853446235721085e-16,2.8777729818288293e-15,0.0416,0.5538,0.02,0.356
HDDC2,ENSG00000111906,-5.3313,4.680671885083154e-16,3.0002118541718222e-15,0.0131,0.5304,0.015,0.343
RBMS1,ENSG00000153250,1.2415,5.154346596294422e-16,3.2974981720929545e-15,1.3264,0.5609,0.542,0.348
ATP6V1E1,ENSG00000131100,-2.6516,5.15116879170437e-16,3.2974981720929545e-15,0.0975,0.613,0.055,0.389
ADGRF5,ENSG00000069122,-1.0532,5.522420408946532e-16,3.529592910177405e-15,0.6121,1.2703,0.279,0.677
TXNL4A,ENSG00000141759,-2.7647,5.578841189834771e-16,3.5622447712147645e-15,0.0889,0.6048,0.045,0.382
ODC1,ENSG00000115758,-3.6061,5.841103008536208e-16,3.726143934480739e-15,0.0471,0.5747,0.02,0.357
NUCKS1,ENSG00000069275,-1.1339,5.956923830917008e-16,3.796402124684608e-15,0.5003,1.0981,0.229,0.611
STX10,ENSG00000104915,-3.2182,6.206837979556419e-16,3.9519038003295824e-15,0.062,0.5777,0.03,0.366
ARL5A,ENSG00000162980,-1.8896,6.731027763911129e-16,4.281574708110708e-15,0.1957,0.7252,0.104,0.445
MRPL27,ENSG00000108826,-4.3518,6.830152222585416e-16,4.340493500917982e-15,0.0265,0.5427,0.02,0.347
NR4A1,ENSG00000123358,-1.7423,6.94477289542454e-16,4.409138609176854e-15,0.2617,0.8758,0.119,0.464
ATOX1,ENSG00000177556,-2.9772,7.20665830803343e-16,4.571060858438298e-15,0.0766,0.6039,0.045,0.378
LRPAP1,ENSG00000163956,-2.0447,7.311782624124793e-16,4.63333929283961e-15,0.1667,0.6883,0.085,0.425
EXOC6B,ENSG00000144036,3.0783,7.455368817345008e-16,4.719849130904958e-15,0.8381,0.0991,0.378,0.056
RAB14,ENSG00000119396,-2.028,7.523815184659317e-16,4.758670607797308e-15,0.1726,0.7043,0.104,0.437
CBR1,ENSG00000159228,-4.4869,7.574278455866731e-16,4.786055421639914e-15,0.0246,0.5528,0.02,0.348
SLC25A39,ENSG00000013306,-4.5486,8.385821675338091e-16,5.293847161586305e-15,0.0229,0.5384,0.02,0.347
PDZK1IP1,ENSG00000162366,-3.7292,8.804528944230039e-16,5.55292245689447e-15,0.0426,0.5656,0.02,0.352
SELENOT,ENSG00000198843,-2.386,9.156618072428501e-16,5.769533217523581e-15,0.1183,0.6185,0.06,0.394
MLEC,ENSG00000110917,-2.3187,9.246079128066656e-16,5.820411168365427e-15,0.1302,0.65,0.075,0.407
PPP4C,ENSG00000149923,-2.5912,9.42183124518304e-16,5.925462418698449e-15,0.0986,0.5948,0.045,0.38
CYBRD1,ENSG00000071967,-2.1932,1.0170767198883945e-15,6.39045664358851e-15,0.1523,0.6968,0.08,0.419
NDUFB8,ENSG00000166136,-2.6707,1.0635498816170575e-15,6.676174491842413e-15,0.0987,0.6293,0.055,0.385
HEBP2,ENSG00000051620,-2.7226,1.1077142561954365e-15,6.946876541905465e-15,0.0918,0.6065,0.04,0.378
LRBA,ENSG00000198589,1.6662,1.3610810237113088e-15,8.527823787399468e-15,1.1316,0.3565,0.478,0.209
COX20,ENSG00000203667,-2.6044,1.4235156469287427e-15,8.910647615592383e-15,0.1025,0.624,0.065,0.39
COL1A2,ENSG00000164692,6.1286,1.494383629160404e-15,9.345494624683837e-15,0.9545,0.0135,0.333,0.009
CTSD,ENSG00000117984,-1.118,1.496380809279401e-15,9.349230519342487e-15,0.4938,1.072,0.174,0.591
CELF2,ENSG00000048740,0.8253,1.553758808334821e-15,9.698649608288102e-15,1.5682,0.885,0.602,0.501
LDLRAD4,ENSG00000168675,4.9368,1.5561173330453356e-15,9.704302210466664e-15,0.7612,0.0248,0.338,0.013
CDK4,ENSG00000135446,-3.7912,1.7753945380898727e-15,1.1061436679013301e-14,0.0393,0.5457,0.025,0.352
FAM162A,ENSG00000114023,-3.2994,1.8948567089949356e-15,1.1794732487769969e-14,0.0575,0.5666,0.035,0.363
STMP1,ENSG00000243317,-2.3872,1.973445068481232e-15,1.2272476361625836e-14,0.1176,0.6154,0.055,0.388
RAD21,ENSG00000164754,-1.6712,2.272156781553118e-15,1.411696292464491e-14,0.2438,0.7767,0.124,0.466
GDI2,ENSG00000057608,-1.9216,2.3366405097661906e-15,1.45041096326472e-14,0.1863,0.7062,0.1,0.436
EIF4H,ENSG00000106682,-1.9426,2.4636289202473568e-15,1.527815929278746e-14,0.1757,0.6755,0.095,0.425
CHMP4B,ENSG00000101421,-1.9045,2.526754645243873e-15,1.5655096730597244e-14,0.1869,0.6999,0.09,0.431
UQCRC1,ENSG00000010256,-2.5109,2.608219393094894e-15,1.6144853870695826e-14,0.1046,0.5965,0.05,0.378
WBP2,ENSG00000132471,-2.3938,2.6514316892481058e-15,1.6397140974526017e-14,0.1185,0.6231,0.065,0.394
CHST11,ENSG00000171310,2.6256,2.6964842414145223e-15,1.6660331404632373e-14,0.9987,0.1617,0.398,0.107
ABHD14B,ENSG00000114779,-4.6023,2.704282864343631e-15,1.669307324487164e-14,0.0214,0.5225,0.015,0.338
SQOR,ENSG00000137767,-2.2502,2.7462521236474617e-15,1.693648932025983e-14,0.1348,0.6418,0.075,0.404
ANXA4,ENSG00000196975,-1.2778,2.7714741494280314e-15,1.7076269228809798e-14,0.3927,0.9523,0.209,0.546
LAMP1,ENSG00000185896,-1.496,2.9308357176022593e-15,1.8041522357479714e-14,0.2822,0.7962,0.129,0.482
REX1BD,ENSG00000006015,-4.2154,2.9382417810325032e-15,1.8070457509683323e-14,0.0288,0.5374,0.025,0.343
ECHDC1,ENSG00000093144,-1.5256,2.966624553725686e-15,1.8228229433609805e-14,0.2845,0.8193,0.149,0.49
RBMX,ENSG00000147274,-1.7521,2.9789477801021733e-15,1.828712520524119e-14,0.2227,0.7504,0.119,0.452
PLA2G4F,ENSG00000168907,-3.5999,3.029292506361344e-15,1.857910436178826e-14,0.0465,0.5651,0.025,0.352
MTCH1,ENSG00000137409,-1.2853,3.083065393758218e-15,1.889155391276251e-14,0.3873,0.9441,0.179,0.551
BCAS3,ENSG00000141376,3.1271,3.1813950406306636e-15,1.947620300309093e-14,0.863,0.0987,0.368,0.054
HADHA,ENSG00000084754,-2.1628,3.215174332295196e-15,1.9664971946336645e-14,0.1494,0.6692,0.085,0.415
SOCS3,ENSG00000184557,-2.1946,3.857587039871581e-15,2.3572574418391845e-14,0.1639,0.7504,0.08,0.41
MT-ND2,ENSG00000198763,-0.8366,4.034587462012697e-15,2.4631635885541868e-14,1.3189,2.3555,0.483,0.923
GOLT1A,ENSG00000174567,-5.0555,4.058298305276354e-15,2.475376655793677e-14,0.0157,0.5259,0.015,0.334
QSOX1,ENSG00000116260,-1.6838,4.304624243603647e-15,2.6232285878675876e-14,0.2354,0.7564,0.119,0.457
CXADR,ENSG00000154639,-2.4707,4.359999654926295e-15,2.6545522055836575e-14,0.1134,0.6289,0.07,0.394
BTG2,ENSG00000159388,-2.0477,4.376696334504491e-15,2.6622909670451275e-14,0.1738,0.7187,0.085,0.416
SNX5,ENSG00000089006,-2.3043,4.515249889258708e-15,2.7440722484403015e-14,0.1265,0.6254,0.065,0.393
ALCAM,ENSG00000170017,0.7406,4.6012140437664374e-15,2.793773508937821e-14,1.5336,0.9178,0.597,0.514
PIN1,ENSG00000127445,-4.34,4.854396922948116e-15,2.944824436727563e-14,0.0254,0.5173,0.015,0.337
PLXDC2,ENSG00000120594,4.5279,5.191621083649086e-15,3.146536952603652e-14,0.8709,0.0377,0.338,0.025
NDUFV3,ENSG00000160194,-2.8092,5.221079087113935e-15,3.161521960365728e-14,0.0833,0.5845,0.05,0.372
TCEA3,ENSG00000204219,-2.8817,5.315505240893282e-15,3.2157843753556365e-14,0.0801,0.5913,0.05,0.37
RCN2,ENSG00000117906,-2.1912,5.51500496841276e-15,3.333458659188129e-14,0.1386,0.6335,0.065,0.399
FUNDC2,ENSG00000165775,-4.4311,5.7820709253224314e-15,3.4917225777783473e-14,0.024,0.5198,0.02,0.338
ARHGDIA,ENSG00000141522,-1.9967,5.8300554968886726e-15,3.5175194818174745e-14,0.166,0.6628,0.085,0.413
ILF2,ENSG00000143621,-2.8182,6.070868694239923e-15,3.6595064989917375e-14,0.0805,0.5682,0.04,0.363
SAR1A,ENSG00000079332,-2.2099,6.095083491274824e-15,3.6707901387037464e-14,0.1389,0.6432,0.075,0.401
ATP6V0C,ENSG00000185883,-2.6672,6.432775461134658e-15,3.8706763337764304e-14,0.1185,0.7529,0.055,0.377
RPL26L1,ENSG00000037241,-4.4571,7.285925939729655e-15,4.3800809497258654e-14,0.0236,0.5207,0.015,0.334
NDUFV1,ENSG00000167792,-2.2783,7.403396742399522e-15,4.4466984570581306e-14,0.1256,0.6098,0.065,0.389
CCT7,ENSG00000135624,-5.0052,7.44649374960561e-15,4.468565296820833e-14,0.0157,0.5069,0.015,0.33
IMPA2,ENSG00000141401,-3.674,7.992770671679637e-15,4.7920749834962565e-14,0.0417,0.534,0.025,0.343
MDH1,ENSG00000014641,-3.0155,8.053521209528576e-15,4.8241675478422745e-14,0.0696,0.5633,0.04,0.358
UQCC2,ENSG00000137288,-2.8965,8.775293383637794e-15,5.251808647788246e-14,0.0789,0.5879,0.05,0.365
EIF6,ENSG00000242372,-2.5757,8.948007937972558e-15,5.350380037396483e-14,0.0982,0.5857,0.045,0.37
TOB1,ENSG00000141232,-2.9558,9.003129277826153e-15,5.378524190214747e-14,0.0753,0.5849,0.045,0.363
EMC10,ENSG00000161671,-2.0312,9.10308356489702e-15,5.4333775808710636e-14,0.1604,0.6561,0.09,0.411
MVD,ENSG00000167508,-2.6194,9.170506091569143e-15,5.468733052284849e-14,0.098,0.6026,0.055,0.373
S100A16,ENSG00000188643,-3.8728,9.368546387851867e-15,5.5818484678378794e-14,0.037,0.5429,0.03,0.342
EIF4G3,ENSG00000075151,2.3747,9.624010270391633e-15,5.728945151153807e-14,0.9487,0.1828,0.403,0.119
PHLDA2,ENSG00000181649,-3.7112,9.741653477630892e-15,5.793811538477001e-14,0.0471,0.618,0.03,0.345
CUX1,ENSG00000257923,1.2309,1.0000637275726946e-14,5.942549498628138e-14,1.2664,0.5395,0.527,0.329
TMED3,ENSG00000166557,-3.2268,1.034045864752088e-14,6.139015405048174e-14,0.0592,0.5547,0.04,0.355
ACADVL,ENSG00000072778,-1.4832,1.0401559524635568e-14,6.169806044852661e-14,0.2918,0.816,0.149,0.488
MCL1,ENSG00000143384,-1.2092,1.0480287305541145e-14,6.210988368563381e-14,0.429,0.9921,0.194,0.55
MCFD2,ENSG00000180398,-2.5797,1.065455430742681e-14,6.308667395328338e-14,0.0957,0.5727,0.045,0.366
ZC3H15,ENSG00000065548,-2.4036,1.0759212852186526e-14,6.364994033636298e-14,0.1164,0.6165,0.065,0.386
SDHD,ENSG00000204370,-3.9497,1.117095421467385e-14,6.602725946885543e-14,0.0339,0.5246,0.02,0.338
MMADHC,ENSG00000168288,-3.1922,1.1239525863088556e-14,6.637382249298715e-14,0.0597,0.5463,0.035,0.352
PLA2G10,ENSG00000069764,-4.0769,1.1383270049703774e-14,6.716330447170627e-14,0.0333,0.5642,0.02,0.336
SOX5,ENSG00000134532,2.1958,1.1767185533783693e-14,6.936719521636477e-14,0.9585,0.2091,0.408,0.092
CREB3L1,ENSG00000157613,-3.0354,1.1966706201964259e-14,7.048115584031683e-14,0.0699,0.5742,0.045,0.358
NEBL,ENSG00000078114,1.2091,1.2098957988673529e-14,7.119730432277578e-14,1.3052,0.5645,0.527,0.337
YPEL5,ENSG00000119801,-2.2229,1.2309073437313217e-14,7.236998370406248e-14,0.1337,0.6248,0.065,0.388
SCGB1A1,ENSG00000149021,-3.5108,1.3906647349322713e-14,8.169085105200211e-14,0.0573,0.6538,0.03,0.346
EPDR1,ENSG00000086289,-2.3682,1.5536827131189676e-14,9.110664478421056e-14,0.1204,0.6218,0.07,0.386
TMCC1,ENSG00000172765,2.4449,1.5528644294862243e-14,9.110664478421056e-14,0.8931,0.1639,0.393,0.101
CDK14,ENSG00000058091,3.558,1.569953989841039e-14,9.198002366796755e-14,0.8691,0.0737,0.348,0.042
KCNJ15,ENSG00000157551,-1.8551,1.6632660268896484e-14,9.736155822608204e-14,0.1951,0.7059,0.095,0.423
FLRT3,ENSG00000125848,-2.8076,1.7127977245479185e-14,1.0017316989715892e-13,0.0883,0.6189,0.055,0.367
C1orf122,ENSG00000197982,-3.8547,1.741866432732783e-14,1.0178412864586402e-13,0.0358,0.52,0.02,0.336
AMD1,ENSG00000123505,-1.5534,1.8048368010096265e-14,1.0527951959775804e-13,0.2642,0.7757,0.134,0.462
HNRNPAB,ENSG00000197451,-2.3683,1.8034672521619946e-14,1.0527951959775804e-13,0.1177,0.608,0.07,0.382
COA4,ENSG00000181924,-4.681,1.894870368352404e-14,1.104348969478683e-13,0.0195,0.5026,0.015,0.327
KLF5,ENSG00000102554,-1.8318,1.9026250762717946e-14,1.1079017336023815e-13,0.2011,0.7162,0.104,0.429
CCDC47,ENSG00000108588,-1.8613,1.9344085880956165e-14,1.1254281323946535e-13,0.1847,0.6715,0.09,0.417
MKNK2,ENSG00000099875,-1.8651,1.9432289089619433e-14,1.129575794861342e-13,0.1834,0.6685,0.085,0.412
MRPL40,ENSG00000185608,-7.2373,1.9584742265291302e-14,1.1374477703467877e-13,0.0031,0.4849,0.005,0.317
CCT3,ENSG00000163468,-2.678,1.96281889824123e-14,1.13898066215058e-13,0.0902,0.5778,0.06,0.369
CEBPA,ENSG00000245848,-4.5101,1.987232158713525e-14,1.1521461447958016e-13,0.0227,0.5199,0.015,0.327
BUD23,ENSG00000071462,-3.7734,1.996638523767638e-14,1.1565957242189118e-13,0.0381,0.5227,0.03,0.34
DDOST,ENSG00000244038,-2.89,2.0091313880315156e-14,1.162823963662261e-13,0.077,0.5717,0.05,0.364
MECOM,ENSG00000085276,1.0293,2.030084478954485e-14,1.173933699994546e-13,1.4474,0.7091,0.557,0.394
CHMP5,ENSG00000086065,-2.7441,2.1128659028949077e-14,1.2207466579096098e-13,0.0869,0.5827,0.065,0.372
ORMDL2,ENSG00000123353,-4.4408,2.1740196204128494e-14,1.254993694445758e-13,0.0233,0.5072,0.015,0.327
TTN,ENSG00000155657,-1.3545,2.2261356605286693e-14,1.2839689185380814e-13,0.3855,0.9859,0.169,0.51
DLEU2,ENSG00000231607,3.0826,2.2796127563392848e-14,1.3136784814141573e-13,0.8019,0.0946,0.358,0.05
C14orf119,ENSG00000179933,-3.8126,2.2834615650589847e-14,1.3147620511231863e-13,0.0367,0.5176,0.02,0.336
SPAG7,ENSG00000091640,-3.7081,2.286784633374478e-14,1.3155413063142237e-13,0.0393,0.5144,0.02,0.336
MRPS18C,ENSG00000163319,-6.1464,2.293311652069552e-14,1.3181608024244867e-13,0.0068,0.4873,0.005,0.317
TMED4,ENSG00000158604,-2.384,2.432004227900493e-14,1.3966772345784516e-13,0.1113,0.5814,0.055,0.373
TRAPPC3,ENSG00000054116,-3.2839,2.5317587697207008e-14,1.4527162219041718e-13,0.0547,0.5333,0.035,0.347
UFM1,ENSG00000120686,-2.0161,2.600285212220929e-14,1.4907557881908658e-13,0.1595,0.6453,0.085,0.404
RNASEK,ENSG00000219200,-3.8329,2.806402789582336e-14,1.6075441021972916e-13,0.0432,0.6175,0.03,0.338
CHMP2B,ENSG00000083937,-2.2304,3.1790783567001406e-14,1.819457098920329e-13,0.1281,0.6014,0.065,0.384
ID3,ENSG00000117318,-4.0814,3.182022454550541e-14,1.8195828744814264e-13,0.0341,0.579,0.02,0.332
NDUFS3,ENSG00000213619,-3.3737,3.1949344417774794e-14,1.8254035189590922e-13,0.0514,0.5335,0.035,0.345
NDUFAF8,ENSG00000224877,-3.1306,3.257632779384053e-14,1.8596349857697512e-13,0.0621,0.5444,0.035,0.347
MT-CO3,ENSG00000198938,-0.7314,3.537263232826071e-14,2.017538952352291e-13,1.5321,2.5436,0.547,0.941
DHCR7,ENSG00000172893,-3.8021,3.617196064811747e-14,2.0613696686755683e-13,0.0366,0.5125,0.015,0.328
MT2A,ENSG00000125148,-1.399,3.650759847847096e-14,2.0787233609352728e-13,0.3629,0.9573,0.149,0.487
COPS6,ENSG00000168090,-5.734,4.002547194747962e-14,2.277087965393666e-13,0.009,0.4848,0.01,0.317
NONO,ENSG00000147140,-2.2265,4.120960996182768e-14,2.3424594462557196e-13,0.1287,0.6028,0.07,0.384
RPAIN,ENSG00000129197,-2.4526,4.2109342686826476e-14,2.3915671752152555e-13,0.1079,0.5913,0.065,0.375
ZEB2,ENSG00000169554,4.8741,4.2284288553091215e-14,2.3994627293636044e-13,0.8392,0.0285,0.323,0.018
ABCA1,ENSG00000165029,3.7617,4.759568778649495e-14,2.698570447589132e-13,0.8166,0.0601,0.338,0.04
THSD4,ENSG00000187720,2.5063,5.0060601091988656e-14,2.835918190783649e-13,0.9172,0.1613,0.383,0.096
RORA,ENSG00000069667,1.61,5.192788756291313e-14,2.9367177056113196e-13,1.1346,0.3716,0.463,0.229
GPR160,ENSG00000173890,-2.9574,5.188618705229559e-14,2.9367177056113196e-13,0.0712,0.5539,0.04,0.351
PAIP2,ENSG00000120727,-1.9353,5.252721927572726e-14,2.9680989639812383e-13,0.1668,0.6381,0.085,0.403
GSTO1,ENSG00000148834,-2.1758,5.3273730759718434e-14,3.0077366673217195e-13,0.1315,0.5944,0.065,0.377
MRPS23,ENSG00000181610,-12.1953,5.754345992426891e-14,3.246053790829325e-13,0.0,0.4689,0.0,0.308
MT1X,ENSG00000187193,-3.2942,5.889381156335327e-14,3.319424197735329e-13,0.06,0.5898,0.035,0.342
RAB2A,ENSG00000104388,-0.9793,5.908634488216466e-14,3.327467938178565e-13,0.5667,1.1173,0.259,0.629
PRMT1,ENSG00000126457,-3.1393,6.007208544011269e-14,3.3801302329782024e-13,0.0609,0.5372,0.035,0.343
GRN,ENSG00000030582,-1.7392,6.434832661685424e-14,3.617697588164726e-13,0.1991,0.6648,0.085,0.414
BLVRA,ENSG00000106605,-2.3835,6.894315151996203e-14,3.8727612195275556e-13,0.1147,0.5991,0.07,0.38
TTC28,ENSG00000100154,2.1645,7.302219536470061e-14,4.09844741883055e-13,0.9289,0.2071,0.403,0.119
SURF4,ENSG00000148248,-1.8601,7.415562627495666e-14,4.158567824436906e-13,0.1746,0.634,0.08,0.401
NUDT5,ENSG00000165609,-2.1428,7.466490771210831e-14,4.1836150890031163e-13,0.1364,0.6028,0.065,0.382
FMO5,ENSG00000131781,-1.9908,7.719290808587447e-14,4.321638165176493e-13,0.1803,0.7168,0.104,0.415
DUOXA1,ENSG00000140254,-1.5229,8.095417539692639e-14,4.528416561776142e-13,0.2678,0.7699,0.129,0.457
UBE2I,ENSG00000103275,-1.8833,8.403975487665262e-14,4.697083872980442e-13,0.1766,0.6517,0.095,0.411
ARHGAP24,ENSG00000138639,1.979,8.452904918909462e-14,4.720480932558219e-13,1.008,0.2556,0.423,0.157
CBX3,ENSG00000122565,-1.7233,8.656361403543961e-14,4.830061638619058e-13,0.2116,0.699,0.114,0.426
DNAJA1,ENSG00000086061,-1.4792,8.736500598904728e-14,4.870708472461159e-13,0.2661,0.742,0.114,0.441
TIMM17B,ENSG00000126768,-4.3806,8.767363724030609e-14,4.883838391392865e-13,0.024,0.5014,0.015,0.321
UBXN4,ENSG00000144224,-1.2301,8.888352859888854e-14,4.947109062599804e-13,0.3743,0.8782,0.179,0.521
MRPS7,ENSG00000125445,-5.0728,8.947680594017228e-14,4.975983237921821e-13,0.014,0.4759,0.01,0.315
NCKAP5,ENSG00000176771,5.5315,9.756947062540652e-14,5.42151825546664e-13,0.8586,0.0185,0.313,0.012
ARMT1,ENSG00000146476,-5.1137,1.0052058145501873e-13,5.580855889759518e-13,0.014,0.4885,0.01,0.315
CMPK1,ENSG00000162368,-1.7846,1.0076042479285207e-13,5.589525558068596e-13,0.1889,0.6511,0.09,0.411
NNMT,ENSG00000166741,-1.7393,1.0090345562476476e-13,5.592814772761857e-13,0.2557,0.8541,0.124,0.432
BCAT2,ENSG00000105552,-3.2043,1.0328954924495899e-13,5.720322548980772e-13,0.0584,0.5391,0.035,0.339
USP16,ENSG00000156256,-2.0247,1.0627191980956585e-13,5.880614353008205e-13,0.1553,0.6323,0.085,0.398
MRPS16,ENSG00000182180,-3.4753,1.0690028216088691e-13,5.910488282719898e-13,0.0461,0.5132,0.025,0.332
COL4A2,ENSG00000134871,4.8161,1.0879502850215044e-13,6.010272914523266e-13,0.7508,0.0266,0.318,0.018
SLC50A1,ENSG00000169241,-3.9935,1.1213657171162326e-13,6.189753408776296e-13,0.0317,0.5068,0.02,0.324
PALLD,ENSG00000129116,4.0578,1.1320855137987758e-13,6.243764778416205e-13,0.7523,0.0451,0.328,0.031
LY6E,ENSG00000160932,-3.1304,1.155789261047115e-13,6.369238015291816e-13,0.0657,0.5758,0.035,0.339
FAM200B,ENSG00000237765,-3.4965,1.1657101939033115e-13,6.418613672778416e-13,0.0459,0.5194,0.03,0.334
HDLBP,ENSG00000115677,-1.2219,1.1677572717928075e-13,6.424588812441648e-13,0.3765,0.8783,0.199,0.519
HNRNPA3,ENSG00000170144,-0.9605,1.267773678739707e-13,6.969103210125518e-13,0.5518,1.0739,0.249,0.604
CD47,ENSG00000196776,-1.0007,1.283053369585663e-13,7.04349621928754e-13,0.5547,1.1101,0.269,0.619
ETV1,ENSG00000006468,-1.632,1.2834159153874738e-13,7.04349621928754e-13,0.2301,0.7135,0.104,0.424
ATP6AP2,ENSG00000182220,-2.9837,1.3225715280382628e-13,7.252426301943808e-13,0.0662,0.5247,0.035,0.339
SVIP,ENSG00000198168,-3.2369,1.326161563267742e-13,7.266146908174938e-13,0.0557,0.5263,0.03,0.337
DIP2C,ENSG00000151240,3.2778,1.371079057071541e-13,7.506095919820347e-13,0.7789,0.0802,0.343,0.049
PSMB4,ENSG00000159377,-3.0511,1.3799287763834198e-13,7.548357327981049e-13,0.0631,0.5238,0.035,0.339
SLC6A14,ENSG00000268104,-2.2659,1.3824229812120814e-13,7.555812677181254e-13,0.1328,0.639,0.06,0.371
GTF3A,ENSG00000122034,-3.6087,1.4045955653351157e-13,7.670722633584005e-13,0.0414,0.5065,0.025,0.329
TMEM9B,ENSG00000175348,-3.1411,1.4330860532182941e-13,7.819919729938714e-13,0.0581,0.5133,0.03,0.337
DESI2,ENSG00000121644,-1.4679,1.4344606675109605e-13,7.821030855759759e-13,0.2792,0.7725,0.139,0.463
NDFIP1,ENSG00000131507,-1.2386,1.4472170244837546e-13,7.884145600756115e-13,0.3476,0.8204,0.159,0.496
MCRIP2,ENSG00000172366,-4.837,1.4541697754732157e-13,7.915566365432443e-13,0.0169,0.4863,0.01,0.313
MLX,ENSG00000108788,-3.9424,1.475724573066338e-13,8.026355393737843e-13,0.0329,0.5071,0.03,0.328
ROR1,ENSG00000185483,2.7511,1.4828954497078296e-13,8.058794718143689e-13,0.8351,0.124,0.363,0.077
PSMC3,ENSG00000165916,-4.1331,1.4912767388315614e-13,8.097753933866665e-13,0.0279,0.4904,0.015,0.319
MAF1,ENSG00000179632,-3.8209,1.519095411784486e-13,8.24211068668447e-13,0.0351,0.4969,0.025,0.325
AIMP1,ENSG00000164022,-2.4401,1.5280219697052123e-13,8.283813908815839e-13,0.1044,0.5672,0.055,0.361
TIMM10,ENSG00000134809,-7.386,1.537346408069656e-13,8.327604752228087e-13,0.0027,0.4706,0.005,0.306
SSB,ENSG00000138385,-2.6498,1.5692752208674766e-13,8.493670340497469e-13,0.0886,0.5563,0.05,0.355
MTHFS,ENSG00000136371,-2.8279,1.574408479691598e-13,8.514554037133752e-13,0.0813,0.5775,0.05,0.353
DOCK1,ENSG00000150760,2.2181,1.5957356767362624e-13,8.622911476473703e-13,0.8844,0.19,0.393,0.111
MBD5,ENSG00000204406,2.2146,1.6522077731894707e-13,8.920853449581628e-13,0.9101,0.196,0.393,0.111
HM13,ENSG00000101294,-1.5996,1.720383382453751e-13,9.281454451864785e-13,0.2358,0.7148,0.109,0.432
PPM1G,ENSG00000115241,-2.4244,1.9486911920633306e-13,1.0504688032115404e-12,0.1043,0.5603,0.055,0.361
PXMP4,ENSG00000101417,-3.1213,1.9503315471688375e-13,1.0505051938339245e-12,0.0612,0.5333,0.03,0.334
SNHG9,ENSG00000255198,-6.5665,2.038324972766401e-13,1.0970163169304426e-12,0.005,0.4852,0.005,0.305
LRP10,ENSG00000197324,-2.6187,2.0938957848775668e-13,1.1260169039611326e-12,0.0881,0.5414,0.045,0.348
THOC7,ENSG00000163634,-3.0715,2.1305734735524083e-13,1.1448190048154897e-12,0.0628,0.5288,0.045,0.343
HAGH,ENSG00000063854,-2.757,2.2008991288067928e-13,1.181656373094901e-12,0.0799,0.5407,0.045,0.348
UBE2L3,ENSG00000185651,-1.8414,2.2156074410747369e-13,1.188597758950857e-12,0.1765,0.6327,0.09,0.399
VTI1B,ENSG00000100568,-3.9882,2.362022721455703e-13,1.2661275888124109e-12,0.0307,0.4892,0.02,0.319
KANSL1,ENSG00000120071,1.6275,2.3996845844256934e-13,1.285284149108196e-12,1.0295,0.3331,0.448,0.203
FUS,ENSG00000089280,-1.233,2.5403858023164033e-13,1.3595542286595559e-12,0.3692,0.8678,0.184,0.511
SDC1,ENSG00000115884,-2.4362,2.596588198535678e-13,1.3885198220992627e-12,0.1074,0.5817,0.065,0.364
NDUFA8,ENSG00000119421,-4.0278,2.6469135805835827e-13,1.41429886437742e-12,0.0292,0.4771,0.015,0.316
ZNF407,ENSG00000215421,2.9708,2.7149517730803934e-13,1.4494934366430014e-12,0.7668,0.0977,0.348,0.057
SDF2L1,ENSG00000128228,-3.671,2.8337114414566066e-13,1.5116899934096386e-12,0.0402,0.5135,0.02,0.32
CALM3,ENSG00000160014,-2.9201,2.866584402273335e-13,1.528006163031413e-12,0.0702,0.532,0.04,0.34
TSEN34,ENSG00000170892,-3.3713,2.9656500382963864e-13,1.579551563459455e-12,0.0473,0.4901,0.02,0.322
EIF2A,ENSG00000144895,-2.1998,3.0996484232097334e-13,1.6496057225990285e-12,0.1267,0.5826,0.065,0.373
PTPMT1,ENSG00000110536,-5.5241,3.357073404589509e-13,1.7851825851316344e-12,0.0102,0.4734,0.01,0.306
TXNL1,ENSG00000091164,-1.8674,3.4391748447482796e-13,1.827386538430689e-12,0.1692,0.6177,0.085,0.394
SIPA1L1,ENSG00000197555,1.8079,3.492673723595163e-13,1.854337662948497e-12,1.0457,0.2986,0.428,0.185
RAPGEF1,ENSG00000107263,3.2212,3.7764384565570013e-13,2.0034021009804777e-12,0.804,0.0861,0.343,0.061
SERPING1,ENSG00000149131,-2.1916,3.78272452437547e-13,2.005144214151092e-12,0.1311,0.5991,0.06,0.364
PON3,ENSG00000105852,-4.4699,3.9471927736766056e-13,2.0906661804429856e-12,0.0219,0.4883,0.015,0.312
TNFRSF12A,ENSG00000006327,-2.6233,3.9609918049146203e-13,2.096312540810202e-12,0.099,0.6103,0.05,0.35
RGS16,ENSG00000143333,-2.7397,3.991605065185881e-13,2.1091716954411788e-12,0.0895,0.5983,0.045,0.346
PDE4D,ENSG00000113448,0.8265,3.990499851174071e-13,2.1091716954411788e-12,1.5624,0.881,0.587,0.477
ZFAND1,ENSG00000104231,-3.3668,4.077389601197436e-13,2.15279724477452e-12,0.0498,0.515,0.04,0.333
ADRM1,ENSG00000130706,-3.3436,4.1127544005769974e-13,2.169754079103773e-12,0.0499,0.5071,0.03,0.327
VEPH1,ENSG00000197415,-1.3819,4.1431428903733827e-13,2.184060881199986e-12,0.3161,0.824,0.149,0.478
PDCD6,ENSG00000249915,-1.476,4.158534782053401e-13,2.1904458840169297e-12,0.2526,0.7028,0.114,0.438
GPRC5C,ENSG00000170412,-2.9232,4.2244038411119647e-13,2.2233879633401743e-12,0.0694,0.5269,0.035,0.337
C22orf39,ENSG00000242259,-6.0603,4.294621439301195e-13,2.25856508607029e-12,0.0068,0.4606,0.005,0.302
LSAMP,ENSG00000185565,7.7684,4.4848749641189867e-13,2.3567647431432504e-12,0.7896,0.0035,0.299,0.002
ZFHX3,ENSG00000140836,2.0851,4.581055898425164e-13,2.405414492577175e-12,0.9771,0.2302,0.403,0.153
DRAP1,ENSG00000175550,-5.0626,4.63246106655086e-13,2.4304954802429846e-12,0.014,0.472,0.015,0.308
HSD17B4,ENSG00000133835,-1.1185,4.640912590931443e-13,2.43301846113274e-12,0.4242,0.9211,0.199,0.537
NAA10,ENSG00000102030,-3.7999,4.809705476038198e-13,2.5195312058399312e-12,0.0349,0.4872,0.02,0.317
IGF1R,ENSG00000140443,2.5032,4.87276286598784e-13,2.550562945292538e-12,0.8171,0.144,0.368,0.091
ZBTB16,ENSG00000109906,1.5855,4.951361014838377e-13,2.589674253571302e-12,1.0919,0.3638,0.453,0.217
SF1,ENSG00000168066,-1.4716,5.014028255089544e-13,2.62039864755423e-12,0.2589,0.7182,0.124,0.442
ATG7,ENSG00000197548,3.0312,5.09093118580441e-13,2.658508943705055e-12,0.7768,0.0949,0.343,0.057
POLR2H,ENSG00000163882,-3.6818,5.171271944219818e-13,2.6983535402690753e-12,0.0387,0.498,0.03,0.323
GADD45G,ENSG00000130222,-3.2427,5.238979926481374e-13,2.7315493309109366e-12,0.0572,0.5426,0.025,0.325
ASL,ENSG00000126522,-2.7391,5.636525002387689e-13,2.9365327996058793e-12,0.0835,0.5579,0.055,0.349
MRPL23,ENSG00000214026,-7.1934,5.666384520900742e-13,2.9497881695320383e-12,0.0031,0.4704,0.005,0.299
LMNA,ENSG00000160789,-1.0369,5.737608975195123e-13,2.98453974652089e-12,0.5369,1.1017,0.249,0.595
RNPS1,ENSG00000205937,-2.0277,5.953977840486922e-13,3.0946784433161208e-12,0.1449,0.5912,0.075,0.376
YBX3,ENSG00000060138,-1.0328,5.97036873042486e-13,3.100784817302305e-12,0.5039,1.0311,0.244,0.572
RAB17,ENSG00000124839,-3.6228,6.011870501517333e-13,3.119913215200798e-12,0.0404,0.4987,0.025,0.321
DNAJB1,ENSG00000132002,-1.3477,6.11384324951675e-13,3.1703694925095008e-12,0.3143,0.8001,0.129,0.457
AGAP1,ENSG00000157985,2.0402,6.258981720809323e-13,3.2431139575861495e-12,0.9121,0.2217,0.398,0.125
ZFAND5,ENSG00000107372,-1.0405,6.278610294423992e-13,3.2507626477874297e-12,0.4925,1.0131,0.219,0.569
ETV5,ENSG00000244405,-1.9782,6.709101625970286e-13,3.4709597025449688e-12,0.1587,0.6258,0.065,0.376
CD164,ENSG00000135535,-1.4669,6.726054774156818e-13,3.4770371390552157e-12,0.2562,0.7083,0.124,0.438
STRAP,ENSG00000023734,-2.2741,6.822670447423302e-13,3.5242549047440243e-12,0.1152,0.5578,0.065,0.36
C15orf61,ENSG00000189227,-4.7531,7.307320693268526e-13,3.771684305281336e-12,0.0174,0.4722,0.015,0.307
PRKCSH,ENSG00000130175,-2.6352,7.315330654619211e-13,3.772902968509784e-12,0.0849,0.5281,0.045,0.342
NUCB1,ENSG00000104805,-1.2393,7.379317210272216e-13,3.80296756538643e-12,0.3192,0.7537,0.129,0.458
RBBP4,ENSG00000162521,-2.2237,7.800500776263348e-13,4.016927115240008e-12,0.1221,0.5705,0.06,0.36
SMIM19,ENSG00000176209,-4.3321,9.46891990159459e-13,4.8723355949730555e-12,0.0229,0.4629,0.01,0.305
PQBP1,ENSG00000102103,-3.4825,9.51549110858338e-13,4.892530031888252e-12,0.0445,0.4982,0.03,0.322
NUMB,ENSG00000133961,1.6724,9.587337226917436e-13,4.925678872198582e-12,1.0092,0.3166,0.438,0.205
MFSD10,ENSG00000109736,-2.7522,9.629230643861409e-13,4.943399805561134e-12,0.0787,0.5308,0.045,0.34
MKLN1,ENSG00000128585,1.5752,1.0236063338181252e-12,5.25089608569221e-12,1.0499,0.3523,0.448,0.22
CFAP68,ENSG00000137720,-4.9593,1.0563738600547476e-12,5.414828097701964e-12,0.0148,0.4627,0.01,0.302
LACTB2,ENSG00000147592,-3.2818,1.062483242041919e-12,5.4419674644156265e-12,0.051,0.4972,0.03,0.323
CCT4,ENSG00000115484,-1.8598,1.0948033756348533e-12,5.603212065797077e-12,0.1674,0.608,0.08,0.386
ID4,ENSG00000172201,-3.198,1.1066515629315116e-12,5.6595143865387185e-12,0.0577,0.5302,0.025,0.321
FGD4,ENSG00000139132,1.5986,1.114499009151203e-12,5.695286061301366e-12,1.0539,0.3479,0.443,0.212
SPINT1,ENSG00000166145,-2.3552,1.1480588755449e-12,5.862297576272467e-12,0.1091,0.5584,0.06,0.357
RTL8A,ENSG00000203950,-5.9186,1.1523073175112054e-12,5.87949623656023e-12,0.0075,0.4574,0.005,0.296
CD44,ENSG00000026508,-0.9145,1.1604092978524264e-12,5.916315801798745e-12,0.646,1.2177,0.269,0.657
DGCR6L,ENSG00000128185,-5.3257,1.1796600214382036e-12,6.005948842825469e-12,0.0112,0.4525,0.005,0.298
ETV6,ENSG00000139083,2.2758,1.1797881242382116e-12,6.005948842825469e-12,0.8935,0.1844,0.378,0.115
CYSTM1,ENSG00000120306,-0.9467,1.3166779383346178e-12,6.697709025237557e-12,0.5876,1.1327,0.284,0.631
SMARCA5,ENSG00000153147,-1.3942,1.3271340993597585e-12,6.74576000732407e-12,0.2939,0.7726,0.149,0.463
IDH1,ENSG00000138413,-2.6972,1.3375268185425033e-12,6.79341568140333e-12,0.0804,0.5217,0.04,0.333
LPL,ENSG00000175445,-2.5437,1.4366688196091354e-12,7.29142176760594e-12,0.0988,0.5769,0.05,0.346
CALD1,ENSG00000122786,3.8368,1.4630147626162722e-12,7.41949551975253e-12,0.793,0.0554,0.318,0.037
TRAPPC9,ENSG00000167632,2.5024,1.4664204438350372e-12,7.431124540496369e-12,0.8001,0.1411,0.358,0.08
PCNP,ENSG00000081154,-1.6718,1.5265932875791665e-12,7.730186935361071e-12,0.1992,0.635,0.095,0.402
USP34,ENSG00000115464,1.1497,1.553884338256343e-12,7.862419314556148e-12,1.2274,0.5532,0.512,0.336
MPG,ENSG00000103152,-3.9133,1.6024539486849344e-12,8.102036278021708e-12,0.0314,0.4746,0.025,0.312
MEA1,ENSG00000124733,-12.1138,1.6110402022366545e-12,8.139287073175957e-12,0.0,0.4431,0.0,0.289
MRPL11,ENSG00000174547,-12.1103,1.6286119768481638e-12,8.221843834745946e-12,0.0,0.4421,0.0,0.289
HSPD1,ENSG00000144381,-0.927,1.6943910713757845e-12,8.547460699183432e-12,0.5345,1.0163,0.209,0.574
ERC1,ENSG00000082805,2.1079,1.7109160216448267e-12,8.624308006464751e-12,0.9048,0.2098,0.388,0.129
CDKAL1,ENSG00000145996,2.7983,1.7248075027158389e-12,8.68777474407171e-12,0.7804,0.1121,0.343,0.063
PPP2R1A,ENSG00000105568,-1.7685,1.8384110358053713e-12,9.242072627709144e-12,0.1768,0.6027,0.085,0.384
CCDC124,ENSG00000007080,-5.007,1.837817240763586e-12,9.242072627709144e-12,0.0141,0.4555,0.005,0.295
EMC3,ENSG00000125037,-1.7909,1.8390050190485783e-12,9.242072627709144e-12,0.1867,0.6464,0.109,0.405
MRPS12,ENSG00000128626,-4.1813,1.954504557906152e-12,9.815139806206908e-12,0.0255,0.4636,0.02,0.306
MEF2A,ENSG00000068305,1.804,2.0445615101289162e-12,1.0259674174418505e-11,1.0099,0.2891,0.418,0.186
TRIB1,ENSG00000173334,-2.0554,2.069204352772004e-12,1.0375537441564727e-11,0.1511,0.6286,0.07,0.369
AHCY,ENSG00000101444,-6.0632,2.1852160145793188e-12,1.0949030578676122e-11,0.0066,0.4506,0.01,0.295
SPCS3,ENSG00000129128,-1.7362,2.2346565397346895e-12,1.1188359092119933e-11,0.1877,0.6256,0.09,0.392
CORO1B,ENSG00000172725,-4.114,2.3020404391410722e-12,1.1517099695148481e-11,0.0264,0.4586,0.015,0.304
IGBP1,ENSG00000089289,-2.941,2.4080293318832577e-12,1.2038344242251704e-11,0.0649,0.4994,0.035,0.324
RRAGA,ENSG00000155876,-5.6898,2.412160245171334e-12,1.2049976273372729e-11,0.0084,0.4401,0.005,0.293
BZW1,ENSG00000082153,-1.5522,2.478411690864741e-12,1.2371682872410764e-11,0.2272,0.6663,0.109,0.415
TMEM167A,ENSG00000174695,-2.9181,2.635972839543457e-12,1.3148366389328417e-11,0.0676,0.5117,0.045,0.33
STXBP2,ENSG00000076944,-3.1004,2.8237797641133643e-12,1.4074645555606836e-11,0.0578,0.4962,0.035,0.321
TMEM134,ENSG00000172663,-3.2232,2.8847309198188465e-12,1.4367723947404977e-11,0.0521,0.4873,0.025,0.314
ANKUB1,ENSG00000206199,3.8208,2.923790624010558e-12,1.4551413992374453e-11,0.6968,0.0492,0.308,0.022
PPIC,ENSG00000168938,-3.321,2.9461856193266884e-12,1.4651953649652233e-11,0.0486,0.4865,0.03,0.315
MRPL21,ENSG00000197345,-4.5607,2.9776308311296343e-12,1.4797318691305676e-11,0.019,0.4506,0.01,0.297
TMEM238,ENSG00000233493,-5.573,3.0282413976124587e-12,1.5026466786518285e-11,0.0105,0.5064,0.01,0.294
AUP1,ENSG00000115307,-2.4162,3.0269497710099736e-12,1.5026466786518285e-11,0.1025,0.5475,0.06,0.349
CRTAP,ENSG00000170275,-3.0794,3.1598338848472084e-12,1.566780290786526e-11,0.0591,0.5005,0.035,0.322
CCNY,ENSG00000108100,1.8044,3.2138213068410507e-12,1.5923673967649392e-11,0.964,0.2759,0.413,0.18
PSENEN,ENSG00000205155,-7.309,3.225139059584321e-12,1.5967904951047946e-11,0.0027,0.4462,0.005,0.289
UBE2B,ENSG00000119048,-1.0697,3.4506896948456877e-12,1.707196775694396e-11,0.4012,0.8422,0.189,0.505
MRPL32,ENSG00000106591,-2.8649,3.5017153818436423e-12,1.7311589219343957e-11,0.0681,0.4968,0.035,0.325
TMTC2,ENSG00000179104,2.2663,3.5404694341749765e-12,1.749023324767357e-11,0.8392,0.1743,0.368,0.101
PTGES3,ENSG00000110958,-0.9141,3.727547369283999e-12,1.8400804788948878e-11,0.5415,1.0206,0.244,0.585
GMDS-DT,ENSG00000250903,2.4642,3.921601369978285e-12,1.9344442799176487e-11,0.7913,0.1433,0.353,0.08
NT5C,ENSG00000125458,-3.9846,3.951047978249623e-12,1.9475313244818625e-11,0.0293,0.4656,0.02,0.304
BORCS7,ENSG00000166275,-3.7117,4.237220280329956e-12,2.0870497236226973e-11,0.0357,0.4693,0.025,0.307
MGAT5,ENSG00000152127,3.242,4.356002259636366e-12,2.1439748778269186e-11,0.7528,0.0795,0.323,0.048
ESAM,ENSG00000149564,-2.8045,4.420119558660615e-12,2.1739306724811668e-11,0.0729,0.5098,0.035,0.326
ETS2,ENSG00000157557,-1.0457,4.513016354219579e-12,2.2179864775447067e-11,0.462,0.9539,0.219,0.535
ANP32E,ENSG00000143401,-3.3697,4.8089284633060396e-12,2.361678912236841e-11,0.0461,0.4779,0.025,0.309
RALY,ENSG00000125970,-1.192,4.896099888218321e-12,2.4027223477891378e-11,0.3536,0.8081,0.164,0.485
MT-ATP6,ENSG00000198899,-0.7495,5.0751148098206704e-12,2.4887438924223392e-11,1.4604,2.4553,0.522,0.936
ANP32A,ENSG00000140350,-1.516,5.258043902381287e-12,2.576557243140471e-11,0.2359,0.6748,0.119,0.419
TMEM126B,ENSG00000171204,-3.5455,5.362227774009476e-12,2.625683233329127e-11,0.0405,0.4738,0.03,0.31
TMED5,ENSG00000117500,-1.9588,5.517362472262066e-12,2.6996676888086697e-11,0.1502,0.5843,0.085,0.372
LAPTM4B,ENSG00000104341,-2.2601,5.604685770115173e-12,2.7403877202488462e-11,0.1139,0.5461,0.06,0.351
TMEM9,ENSG00000116857,-2.3946,5.735195160754678e-12,2.8021483890768468e-11,0.0992,0.522,0.05,0.336
NCOA1,ENSG00000084676,1.7881,5.741541226453994e-12,2.8031983809565953e-11,0.9774,0.2829,0.413,0.18
DGUOK,ENSG00000114956,-3.2004,5.775503322322515e-12,2.8177199919497502e-11,0.0535,0.4925,0.04,0.32
BIRC6,ENSG00000115760,1.4818,6.060117731744039e-12,2.9544179803152144e-11,1.051,0.3762,0.448,0.236
PPP1CC,ENSG00000186298,-2.978,6.457117912086801e-12,3.145666705676714e-11,0.0621,0.4903,0.04,0.322
CAMLG,ENSG00000164615,-3.9488,6.660693218552947e-12,3.242475948011307e-11,0.0298,0.4618,0.025,0.304
DNAJC4,ENSG00000110011,-4.2479,6.702086220025357e-12,3.260250099311679e-11,0.024,0.4577,0.015,0.296
CDC42EP1,ENSG00000128283,-2.6346,6.827067008620115e-12,3.318630316635644e-11,0.0832,0.517,0.045,0.327
YPEL3,ENSG00000090238,-3.1118,6.8335190888652366e-12,3.319350835965885e-11,0.0578,0.5007,0.035,0.315
UBR5,ENSG00000104517,1.91,7.102144676049022e-12,3.447327346753737e-11,0.9291,0.2472,0.398,0.158
SULT1A1,ENSG00000196502,-2.5505,7.715511941094503e-12,3.742331463657966e-11,0.0902,0.529,0.045,0.333
ATF7IP2,ENSG00000166669,3.0054,7.811006554990283e-12,3.7859007823497896e-11,0.7628,0.0949,0.328,0.061
DGKH,ENSG00000102780,3.9376,7.942490673174843e-12,3.8468379409814923e-11,0.6855,0.0446,0.303,0.028
C18orf32,ENSG00000177576,-4.4448,8.07910016910563e-12,3.910167393438877e-11,0.0218,0.4777,0.015,0.294
TMEM160,ENSG00000130748,-2.6109,8.398674414602087e-12,4.0618932958093656e-11,0.0815,0.4985,0.04,0.323
ABR,ENSG00000159842,2.2335,8.580537589659807e-12,4.146845916160481e-11,0.9053,0.1924,0.373,0.128
ZNF428,ENSG00000131116,-3.1741,8.680614316970014e-12,4.1921780927724315e-11,0.0532,0.481,0.035,0.313
CISD2,ENSG00000145354,-4.1704,8.70558433009282e-12,4.199920216990158e-11,0.0253,0.458,0.02,0.298
PNPLA2,ENSG00000177666,-3.002,8.709222189746024e-12,4.199920216990158e-11,0.0622,0.4986,0.03,0.313
HMGA1,ENSG00000137309,-3.9985,9.286629036181135e-12,4.47513674838772e-11,0.0287,0.4597,0.02,0.297
SLC1A5,ENSG00000105281,-3.4753,9.342006089894792e-12,4.498576688854169e-11,0.0431,0.4805,0.03,0.307
KXD1,ENSG00000105700,-4.302,9.416836674579825e-12,4.531343814806819e-11,0.0226,0.4484,0.02,0.296
OS9,ENSG00000135506,-2.0314,9.63632811191288e-12,4.6336238631725063e-11,0.1396,0.5709,0.08,0.364
AFF1,ENSG00000172493,1.9466,9.887575827034675e-12,4.751015751709683e-11,0.9587,0.2486,0.393,0.159
ASS1,ENSG00000130707,-3.2311,1.0357602458782782e-11,4.973287334450769e-11,0.0525,0.4942,0.025,0.307
HDGF,ENSG00000143321,-2.3134,1.0607374018738564e-11,5.089558266605953e-11,0.1073,0.5338,0.065,0.343
BDH2,ENSG00000164039,-2.9776,1.1049842386065932e-11,5.2980543644317556e-11,0.0627,0.4948,0.045,0.32
CHMP3,ENSG00000115561,-1.53,1.1727535044658714e-11,5.618953125055635e-11,0.2281,0.659,0.114,0.412
TRPS1,ENSG00000104447,5.1094,1.1783060459485263e-11,5.6415097354051666e-11,0.6673,0.0192,0.289,0.013
C1D,ENSG00000197223,-3.2614,1.2068329238907067e-11,5.773952076408331e-11,0.0489,0.4702,0.035,0.31
FXYD5,ENSG00000089327,-2.9739,1.221634041787573e-11,5.840582509018755e-11,0.0654,0.5141,0.04,0.317
RNF213,ENSG00000173821,1.5229,1.2378318131488096e-11,5.91379018599492e-11,1.0563,0.3675,0.438,0.235
HSD17B10,ENSG00000072506,-4.403,1.2559314323393278e-11,5.995972863898764e-11,0.0209,0.4437,0.02,0.294
EIF5B,ENSG00000158417,-1.3144,1.2652749115734447e-11,6.036265095999312e-11,0.2973,0.7396,0.144,0.443
GUCD1,ENSG00000138867,-3.4118,1.2696102173556276e-11,6.0526242981572e-11,0.0435,0.4639,0.025,0.303
HACD3,ENSG00000074696,-1.6994,1.2779271499015797e-11,6.087928269752247e-11,0.1827,0.5935,0.085,0.375
CNPY2,ENSG00000257727,-2.3659,1.2799152238827434e-11,6.093053300294257e-11,0.1046,0.5397,0.06,0.341
MT-ND3,ENSG00000198840,-0.817,1.3479459467129214e-11,6.412344001492593e-11,1.3392,2.3594,0.473,0.928
NECAB3,ENSG00000125967,-4.4299,1.431453617954277e-11,6.804753533321435e-11,0.0207,0.4482,0.01,0.289
CMIP,ENSG00000153815,2.2386,1.471661237640149e-11,6.990914229159713e-11,0.7966,0.1687,0.363,0.111
UBTD1,ENSG00000165886,-1.8163,1.4805838679950118e-11,7.028301104718325e-11,0.1622,0.5715,0.07,0.359
JARID2,ENSG00000008083,2.5904,1.492177745875611e-11,7.078306224931254e-11,0.7842,0.1301,0.343,0.085
MZT2A,ENSG00000173272,-2.9591,1.5167288986526078e-11,7.189660975231205e-11,0.0618,0.4816,0.035,0.312
MEAF6,ENSG00000163875,-2.356,1.6226281895866395e-11,7.686194098049054e-11,0.1037,0.5311,0.065,0.342
MRPS25,ENSG00000131368,-1.8846,1.634720167965037e-11,7.737984409524083e-11,0.1617,0.5974,0.095,0.375
TAF9,ENSG00000273841,-5.8505,1.6501293897392712e-11,7.805392488717133e-11,0.0073,0.4263,0.01,0.283
ELMO1,ENSG00000155849,7.0034,1.721515333848626e-11,8.137297179600123e-11,0.6906,0.0053,0.279,0.004
ACAA1,ENSG00000060971,-2.6553,1.744987474197593e-11,8.242412546086084e-11,0.0774,0.4883,0.04,0.318
IRX2,ENSG00000170561,-2.2268,1.9385089152002437e-11,9.150036073938112e-11,0.1175,0.5502,0.065,0.346
MRPL4,ENSG00000105364,-4.7402,1.9458919981429272e-11,9.174277449143966e-11,0.0162,0.4347,0.015,0.288
LSM8,ENSG00000128534,-2.259,1.946391846898787e-11,9.174277449143966e-11,0.1133,0.5426,0.07,0.348
MORF4L2,ENSG00000123562,-1.3439,1.952700722929327e-11,9.197523362796175e-11,0.278,0.7058,0.134,0.433
BMPR2,ENSG00000204217,2.1457,1.9649748914836087e-11,9.248814165059212e-11,0.8133,0.1837,0.368,0.125
ITGB6,ENSG00000115221,-1.1342,2.1954486166961047e-11,1.0326338951347382e-10,0.3886,0.853,0.179,0.495
FDX1,ENSG00000137714,-1.598,2.2404408221370693e-11,1.0530544863514063e-10,0.1957,0.5927,0.09,0.377
AKR7A2,ENSG00000053371,-6.8421,2.2581805017071262e-11,1.0606461020324822e-10,0.0035,0.4159,0.005,0.278
NUTF2,ENSG00000102898,-3.5905,2.3108089128401806e-11,1.0846024405382688e-10,0.0373,0.4508,0.02,0.294
RILP,ENSG00000167705,-3.4753,2.350404862190175e-11,1.1024125052365294e-10,0.0411,0.4582,0.02,0.298
EEF1G,ENSG00000254772,-2.0491,2.517595243907115e-11,1.180001307653026e-10,0.1663,0.6883,0.075,0.358
TMEM41B,ENSG00000166471,-1.0375,2.556735553759252e-11,1.197506084400985e-10,0.4314,0.8857,0.214,0.517
CWC15,ENSG00000150316,-3.4845,2.597001663270978e-11,1.2155132522065076e-10,0.0401,0.4504,0.025,0.299
TMEM87A,ENSG00000103978,-0.8652,2.6829617674018672e-11,1.2548670619381702e-10,0.5955,1.0848,0.284,0.607
AP1M2,ENSG00000129354,-3.3536,2.6918742186503815e-11,1.2581545070934848e-10,0.0451,0.4623,0.03,0.303
MTRR,ENSG00000124275,-2.6106,2.8360196253888558e-11,1.3245996558022494e-10,0.0842,0.5147,0.045,0.323
GNAQ,ENSG00000156052,0.8216,2.8418066663376374e-11,1.3263750331564696e-10,1.345,0.761,0.542,0.442
KTN1,ENSG00000126777,-0.8486,2.8700381891877596e-11,1.338616275529682e-10,0.6349,1.1435,0.284,0.635
OTUB1,ENSG00000167770,-3.133,2.8846975543928652e-11,1.3445146521835275e-10,0.0552,0.4847,0.035,0.308
PRR15L,ENSG00000167183,-3.5091,2.932101728310238e-11,1.3656560281299915e-10,0.0412,0.4704,0.035,0.302
RAB34,ENSG00000109113,-2.9267,2.9720860493141346e-11,1.3833144754961048e-10,0.0616,0.4689,0.035,0.307
LRRC59,ENSG00000108829,-3.6623,3.17110965510992e-11,1.4749193166071836e-10,0.0357,0.4531,0.025,0.296
ANXA7,ENSG00000138279,-1.8772,3.3532290493582365e-11,1.558539792669705e-10,0.1514,0.5566,0.08,0.36
TBL1XR1,ENSG00000177565,1.4463,3.3571477805352324e-11,1.5592760797075672e-10,1.035,0.3797,0.443,0.242
JAGN1,ENSG00000171135,-7.1914,3.3921019603183706e-11,1.574416191311077e-10,0.0027,0.4112,0.005,0.275
ARL1,ENSG00000120805,-2.9882,3.4665986612674396e-11,1.6078758651809187e-10,0.0582,0.4624,0.03,0.303
ARL6IP1,ENSG00000170540,-2.745,3.502667567450301e-11,1.623477909993099e-10,0.0709,0.476,0.035,0.31
SRP72,ENSG00000174780,-2.4556,3.528348825864982e-11,1.6342470047123587e-10,0.0894,0.4907,0.045,0.322
SON,ENSG00000159140,-0.777,3.5645039256102375e-11,1.6498490449861938e-10,0.7123,1.2206,0.318,0.666
SLC3A2,ENSG00000168003,-1.8479,3.628879640175439e-11,1.6784824873082931e-10,0.1533,0.5522,0.065,0.349
CISH,ENSG00000114737,-5.1353,3.6517621248937456e-11,1.6878975247173237e-10,0.0125,0.4433,0.015,0.283
EGLN2,ENSG00000269858,-2.4149,3.766019404742067e-11,1.7395050901986353e-10,0.0919,0.4904,0.045,0.322
PSMA5,ENSG00000143106,-2.2047,3.782843817000814e-11,1.7460686837421173e-10,0.1132,0.5222,0.06,0.338
B3GNT8,ENSG00000177191,-7.2321,3.91575064981163e-11,1.8061670297024777e-10,0.0027,0.423,0.005,0.274
VMP1,ENSG00000062716,0.8042,4.028085548913846e-11,1.8567000263074934e-10,1.3849,0.7931,0.547,0.45
PTPRJ,ENSG00000149177,2.5437,4.115180290410811e-11,1.8955371834244002e-10,0.8199,0.1405,0.338,0.086
PPARG,ENSG00000132170,4.948,4.179330892686553e-11,1.9237595473641273e-10,0.778,0.0251,0.284,0.018
SPRING1,ENSG00000111412,-2.2217,4.321480650531551e-11,1.9878215747176469e-10,0.1126,0.5254,0.055,0.336
SMIM29,ENSG00000186577,-6.6351,4.476935125373208e-11,2.057911197685317e-10,0.0041,0.4141,0.005,0.274
ICAM1,ENSG00000090339,-1.0986,4.549350656408628e-11,2.0897601811659716e-10,0.4559,0.9764,0.214,0.504
TANC1,ENSG00000115183,1.7411,4.790411208122834e-11,2.1989798253644268e-10,0.9441,0.2823,0.403,0.178
MYO1D,ENSG00000176658,1.8903,4.808792426890698e-11,2.2059014161540504e-10,0.8903,0.2401,0.383,0.148
ARPC1A,ENSG00000241685,-1.8509,4.930956700848457e-11,2.2603884560718492e-10,0.1574,0.5679,0.075,0.355
POLR3H,ENSG00000100413,-2.854,5.1714375930123725e-11,2.3690008013531984e-10,0.0661,0.4782,0.035,0.307
DMAC1,ENSG00000137038,-3.7729,5.190725565666959e-11,2.3762067205681715e-10,0.0326,0.447,0.025,0.292
PSMB7,ENSG00000136930,-1.6603,5.2970084803781265e-11,2.4231999753729797e-10,0.1846,0.5838,0.09,0.373
CTNNBIP1,ENSG00000178585,-1.8476,5.5669411047932256e-11,2.544941795955781e-10,0.1598,0.5754,0.085,0.362
PAXX,ENSG00000310560,-4.0728,5.612984442136675e-11,2.564235505405667e-10,0.0259,0.4372,0.02,0.287
PEF1,ENSG00000162517,-3.6294,5.718809355339866e-11,2.610794783616881e-10,0.035,0.4348,0.025,0.291
ARB2A,ENSG00000113391,2.169,5.7369235266162095e-11,2.6172754258380916e-10,0.8232,0.183,0.358,0.113
SSBP2,ENSG00000145687,2.353,6.184865743180007e-11,2.819707733699609e-10,0.8225,0.1609,0.348,0.104
ITFG1,ENSG00000129636,1.5955,6.197896895162115e-11,2.823721238935045e-10,0.9689,0.3206,0.418,0.209
LYRM2,ENSG00000083099,-3.5143,6.245595009143395e-11,2.8435125471076163e-10,0.0387,0.443,0.02,0.291
CNOT7,ENSG00000198791,-3.1191,6.291130368772577e-11,2.862292897345507e-10,0.0527,0.4589,0.035,0.303
CTSC,ENSG00000109861,-1.5236,6.332231124760224e-11,2.8790314283372043e-10,0.2097,0.6032,0.09,0.378
SMIM20,ENSG00000250317,-3.7586,6.470059530354675e-11,2.9396957553223726e-10,0.0326,0.442,0.025,0.292
GPAA1,ENSG00000197858,-4.3199,7.057660918404686e-11,3.2044947161131814e-10,0.0213,0.4276,0.02,0.284
CEBPB,ENSG00000172216,-1.0835,7.291297084395862e-11,3.30832698550815e-10,0.3659,0.7755,0.154,0.451
KIF1C,ENSG00000129250,-2.4753,7.500236230987497e-11,3.4008199447905967e-10,0.0863,0.4802,0.045,0.313
MCCC1,ENSG00000078070,-1.882,7.56865728896351e-11,3.429515741722339e-10,0.1601,0.5903,0.09,0.363
CNDP2,ENSG00000133313,-1.657,7.674348363364485e-11,3.4750489978922983e-10,0.1872,0.5905,0.1,0.377
SNX30,ENSG00000148158,-1.2273,7.877110192293716e-11,3.5644457299681384e-10,0.3255,0.7622,0.149,0.445
MPV17,ENSG00000115204,-3.441,7.884574066461923e-11,3.5654075957954763e-10,0.0411,0.4469,0.025,0.293
CCDC59,ENSG00000133773,-4.1988,7.945326464992406e-11,3.5904489485577995e-10,0.023,0.4244,0.015,0.282
TMEM41A,ENSG00000163900,-2.5998,8.265070430442376e-11,3.732414158547981e-10,0.0809,0.4908,0.045,0.315
GDE1,ENSG00000006007,-2.0326,8.356098854650776e-11,3.770971908798144e-10,0.1321,0.5407,0.075,0.349
CCND1,ENSG00000110092,-1.4982,8.48180996741143e-11,3.8251187557286247e-10,0.2275,0.643,0.104,0.388
ABRACL,ENSG00000146386,-4.4433,8.554716406130589e-11,3.855394795988273e-10,0.0195,0.4272,0.015,0.28
LAGE3,ENSG00000196976,-7.1737,8.63510578586027e-11,3.8890001040971503e-10,0.0027,0.4062,0.005,0.27
RASGRF1,ENSG00000058335,-2.7455,8.86793672700869e-11,3.9911690970142213e-10,0.0769,0.5161,0.04,0.309
PUF60,ENSG00000179950,-2.9808,8.878082699358407e-11,3.993044737307394e-10,0.0561,0.4437,0.025,0.294
LGI3,ENSG00000168481,-6.2935,9.04107161764424e-11,4.0636148946329663e-10,0.0053,0.4202,0.005,0.27
UQCC3,ENSG00000204922,-11.9719,9.356804985924888e-11,4.202696738466195e-10,0.0,0.4016,0.0,0.265
PTPRG,ENSG00000144724,1.241,9.442680171409245e-11,4.238418068873814e-10,1.1788,0.4987,0.468,0.28
PCMT1,ENSG00000120265,-2.0755,9.536423425674631e-11,4.2776206890584865e-10,0.1235,0.5208,0.065,0.336
SCOC,ENSG00000153130,-2.332,9.77162878045403e-11,4.380181786889427e-10,0.0962,0.4847,0.05,0.318
SLCO4C1,ENSG00000173930,-2.3411,1.0343398739686718e-10,4.633370904250006e-10,0.1012,0.513,0.055,0.32
IFT20,ENSG00000109083,-5.6578,1.0397860580752402e-10,4.654645497241642e-10,0.008,0.4075,0.01,0.272
KHDRBS2,ENSG00000112232,4.6054,1.0472814517739293e-10,4.685058818752896e-10,0.6959,0.0285,0.279,0.017
MKKS,ENSG00000125863,-5.1147,1.0556658131772612e-10,4.719405599873446e-10,0.0116,0.4066,0.005,0.271
RANGRF,ENSG00000108961,-4.8568,1.0629046073172558e-10,4.748588543325721e-10,0.0144,0.4187,0.01,0.274
SRPRA,ENSG00000182934,-2.4369,1.1212568025830532e-10,5.005931941478751e-10,0.0903,0.4895,0.045,0.314
UBE2N,ENSG00000177889,-1.8948,1.1348113785389699e-10,5.061434496450291e-10,0.1462,0.5439,0.08,0.348
SLC25A11,ENSG00000108528,-6.5726,1.1352042035757653e-10,5.061434496450291e-10,0.0041,0.3966,0.005,0.268
COP1,ENSG00000143207,2.1714,1.1456909525693798e-10,5.104783103542953e-10,0.7788,0.1728,0.353,0.112
HMGCS1,ENSG00000112972,-0.9513,1.1486396300176576e-10,5.114509392591956e-10,0.5096,0.9855,0.214,0.531
PHYH,ENSG00000107537,-11.9506,1.1533045461455043e-10,5.131859469490888e-10,0.0,0.3957,0.0,0.264
ANKS1A,ENSG00000064999,2.6677,1.1671799735693946e-10,5.1901431714181e-10,0.7137,0.1122,0.323,0.074
PSMD4,ENSG00000159352,-2.561,1.1711081330366128e-10,5.204145855323711e-10,0.0824,0.4866,0.055,0.318
PITPNC1,ENSG00000154217,4.2191,1.183087181414469e-10,5.253882503103217e-10,0.645,0.0345,0.284,0.024
ZNF609,ENSG00000180357,1.8422,1.211765191576388e-10,5.377660939892821e-10,0.8408,0.2344,0.378,0.144
PLEKHA5,ENSG00000052126,1.6725,1.2565251991714233e-10,5.572597480256266e-10,0.9369,0.2938,0.403,0.185
PCCA,ENSG00000175198,2.4216,1.290435835580556e-10,5.719191072224641e-10,0.7405,0.1381,0.333,0.083
FAF1,ENSG00000185104,1.6606,1.3647196981834318e-10,6.044405082338953e-10,0.8905,0.2816,0.398,0.173
EIF4E2,ENSG00000135930,-2.1683,1.3780200696823818e-10,6.099268419753896e-10,0.1189,0.5349,0.08,0.343
GSPT1,ENSG00000103342,-1.0726,1.3829807333506873e-10,6.117171071555789e-10,0.4049,0.8518,0.204,0.503
RDH11,ENSG00000072042,-2.2027,1.3989999602004362e-10,6.183931657298951e-10,0.1077,0.4964,0.055,0.322
ZHX2,ENSG00000178764,2.6984,1.4097800392325855e-10,6.227460900816427e-10,0.7038,0.1084,0.318,0.065
ZNF385B,ENSG00000144331,-0.8893,1.4284894880562717e-10,6.305936081115557e-10,0.6135,1.1365,0.254,0.602
AKT3,ENSG00000117020,5.7864,1.433486616105975e-10,6.323815791923255e-10,0.6055,0.0109,0.269,0.007
MRPL36,ENSG00000171421,-5.4098,1.480545514056179e-10,6.527104612792884e-10,0.0093,0.4003,0.005,0.268
MAPK13,ENSG00000156711,-2.7377,1.5282871567735695e-10,6.733133192671946e-10,0.0691,0.4615,0.04,0.304
RNF167,ENSG00000108523,-3.2319,1.6091137184507756e-10,7.084555389276684e-10,0.0463,0.4359,0.025,0.288
ELAPOR2,ENSG00000164659,-1.8973,1.6197246213523035e-10,7.12657493149673e-10,0.1537,0.5729,0.08,0.348
ALDH6A1,ENSG00000119711,-5.8827,1.6529413229811715e-10,7.26793620552419e-10,0.0067,0.4003,0.005,0.266
REV3L,ENSG00000009413,1.5243,1.6648134441366145e-10,7.31532170617661e-10,1.0371,0.3605,0.423,0.225
DYNC2I2,ENSG00000119333,-3.9485,1.7033501711852807e-10,7.479734249405976e-10,0.0277,0.4294,0.02,0.281
SEC13,ENSG00000157020,-1.6599,1.7118824419866728e-10,7.51226204338304e-10,0.1835,0.5799,0.1,0.365
SHANK2,ENSG00000162105,1.8965,1.7272105406637814e-10,7.574549705248455e-10,0.8201,0.2202,0.368,0.128
ATP9B,ENSG00000166377,2.2616,1.783143517259831e-10,7.814708367308668e-10,0.7742,0.1614,0.343,0.1
COL5A2,ENSG00000204262,7.2227,1.8210549535886923e-10,7.975623629520574e-10,0.6959,0.0046,0.264,0.003
GGCT,ENSG00000006625,-2.3923,1.8822527991938295e-10,8.238247998568536e-10,0.0912,0.4791,0.045,0.309
NT5C2,ENSG00000076685,2.035,1.8972143931706598e-10,8.298293996062107e-10,0.8375,0.2043,0.363,0.132
ABCC1,ENSG00000103222,4.013,1.911918458498237e-10,8.357135722715789e-10,0.6444,0.0398,0.284,0.028
DIAPH2,ENSG00000147202,1.3101,2.0568753982162333e-10,8.98487297886607e-10,1.0914,0.4401,0.448,0.255
SERTAD1,ENSG00000197019,-5.0113,2.094428125391291e-10,9.142931666332309e-10,0.0132,0.4305,0.015,0.272
KDM6A,ENSG00000147050,2.2221,2.1192834826692582e-10,9.245391496242963e-10,0.7733,0.1657,0.343,0.101
JAZF1,ENSG00000153814,3.6007,2.1393124658053126e-10,9.32667621352068e-10,0.6735,0.0554,0.289,0.034
COG5,ENSG00000164597,2.4814,2.1479827163742568e-10,9.358366968469446e-10,0.7409,0.1326,0.328,0.083
GPC5,ENSG00000179399,2.8998,2.1859876124046808e-10,9.51773876352729e-10,0.7815,0.1046,0.303,0.047
VCP,ENSG00000165280,-1.6279,2.2080295051532244e-10,9.607445644897972e-10,0.1872,0.5789,0.095,0.367
CXCL16,ENSG00000161921,-3.313,2.226166010108493e-10,9.68005389421525e-10,0.0437,0.4355,0.025,0.286
CAP1,ENSG00000131236,-1.6224,2.2327872328919762e-10,9.702528255358171e-10,0.193,0.5945,0.109,0.377
MGST2,ENSG00000085871,-3.288,2.2668448030885362e-10,9.844119921864976e-10,0.0452,0.4427,0.025,0.288
PKM,ENSG00000067225,-0.954,2.2989477043737464e-10,9.9770446507552e-10,0.4694,0.9093,0.209,0.529
EIF2S3,ENSG00000130741,-1.3095,2.3021935130158514e-10,9.9846431645668e-10,0.2515,0.6234,0.114,0.392
CTDNEP1,ENSG00000175826,-3.7339,2.3373983061808515e-10,1.0130748401675477e-09,0.0309,0.4129,0.015,0.276
MAGEF1,ENSG00000177383,-6.0209,2.385620840552877e-10,1.0333049023380457e-09,0.0059,0.3908,0.005,0.264
BMP2,ENSG00000125845,-2.5368,2.4274908571999023e-10,1.0500784608314862e-09,0.0889,0.5162,0.045,0.308
ZDHHC20,ENSG00000180776,2.1571,2.426783246779324e-10,1.0500784608314862e-09,0.8433,0.189,0.353,0.127
TRIM28,ENSG00000130726,-2.911,2.465403730412999e-10,1.0657884476005451e-09,0.0603,0.4539,0.04,0.299
CACYBP,ENSG00000116161,-2.336,2.4829480369868435e-10,1.0726785212829967e-09,0.0918,0.4638,0.04,0.304
ZDHHC12,ENSG00000160446,-5.2161,2.525626940776762e-10,1.0904112693890105e-09,0.0108,0.404,0.015,0.27
DNAJB9,ENSG00000128590,-2.8887,2.5584469165760276e-10,1.103867374406414e-09,0.0597,0.4426,0.025,0.29
ATP6AP1,ENSG00000071553,-2.2853,2.5631693578339215e-10,1.1051909710117986e-09,0.0988,0.482,0.05,0.316
DHPS,ENSG00000095059,-3.0787,2.6414331233106413e-10,1.138202053586566e-09,0.052,0.4404,0.03,0.291
SLC25A1,ENSG00000100075,-3.0942,2.656590616072375e-10,1.1439954045614051e-09,0.0518,0.443,0.025,0.286
RFC1,ENSG00000035928,-1.2795,2.713073599299373e-10,1.1675656294923008e-09,0.2797,0.6791,0.144,0.416
ALG5,ENSG00000120697,-2.0975,2.729161365821644e-10,1.1737326955777695e-09,0.1163,0.4978,0.06,0.324
POLR2G,ENSG00000168002,-3.5757,2.8000033981059873e-10,1.2034248839092593e-09,0.0351,0.4195,0.02,0.279
ARF6,ENSG00000165527,-3.6443,2.871806050457088e-10,1.233491486238128e-09,0.0334,0.4184,0.02,0.279
PPP6R3,ENSG00000110075,1.6442,3.003807350539823e-10,1.2893592091423828e-09,0.9282,0.2969,0.398,0.189
ZDHHC3,ENSG00000163812,-1.4021,3.010349630978252e-10,1.291337519929592e-09,0.2485,0.6569,0.129,0.401
C1orf210,ENSG00000253313,-11.9209,3.050338752900501e-10,1.3076516386792326e-09,0.0,0.3876,0.0,0.258
ANKRD17,ENSG00000132466,1.4097,3.089651953877016e-10,1.323655253363989e-09,0.9971,0.3752,0.428,0.236
PHLDB2,ENSG00000144824,4.4151,3.226897116541747e-10,1.3815670411142518e-09,0.6312,0.0295,0.274,0.02
FHDC1,ENSG00000137460,-2.4669,3.2356307902323126e-10,1.3844188371532104e-09,0.0916,0.5069,0.055,0.313
TM9SF2,ENSG00000125304,-1.2192,3.335971613170461e-10,1.4264375418927984e-09,0.2988,0.6957,0.149,0.425
CCNB1IP1,ENSG00000100814,-2.7417,3.359380656192779e-10,1.4355280487979251e-09,0.0674,0.4512,0.035,0.296
MT-CO1,ENSG00000198804,-0.577,3.470983497049671e-10,1.482269742761813e-09,1.7819,2.6581,0.627,0.945
HACD1,ENSG00000165996,-1.9187,3.473660436188456e-10,1.4824650513292458e-09,0.1376,0.5204,0.065,0.332
SCNN1A,ENSG00000111319,-1.1306,3.6352186865361265e-10,1.5494336699026668e-09,0.3498,0.766,0.169,0.458
SMIM7,ENSG00000214046,-1.7297,3.6345188822371056e-10,1.5494336699026668e-09,0.171,0.5675,0.104,0.363
TUSC2,ENSG00000114383,-3.6734,3.658738299410014e-10,1.5584638457754771e-09,0.0325,0.4162,0.02,0.277
SC5D,ENSG00000109929,-2.5474,3.6654350346948364e-10,1.5603212617416706e-09,0.0824,0.482,0.055,0.311
RHBDD2,ENSG00000005486,-3.557,3.729833185692259e-10,1.586723302371885e-09,0.0361,0.4254,0.025,0.281
TNNC1,ENSG00000114854,-12.0114,3.7388143257238035e-10,1.5895315647046012e-09,0.0,0.4127,0.0,0.257
NDUFA7,ENSG00000267855,-5.0267,3.9585252647835457e-10,1.6818696083644594e-09,0.0126,0.4134,0.01,0.266
MAP4K4,ENSG00000071054,2.1924,4.035300227557761e-10,1.7133992511035146e-09,0.8303,0.1816,0.348,0.12
BTF3L4,ENSG00000134717,-2.4923,4.1567834783467933e-10,1.7638600287089093e-09,0.084,0.4729,0.055,0.309
LAMA2,ENSG00000196569,7.003,4.196253758111029e-10,1.779478022249115e-09,0.6993,0.0054,0.259,0.003
TMEM245,ENSG00000106771,-1.1061,4.210972504045917e-10,1.7845866341702207e-09,0.3755,0.8085,0.194,0.465
NAA20,ENSG00000173418,-2.5875,4.2732205287606823e-10,1.809818637386975e-09,0.0769,0.4629,0.05,0.305
ACOT13,ENSG00000112304,-2.9078,4.284298321417895e-10,1.8133604872465223e-09,0.0598,0.4493,0.04,0.294
COMMD4,ENSG00000140365,-4.5584,4.376870884923174e-10,1.8513692615833997e-09,0.0171,0.4043,0.015,0.269
MTDH,ENSG00000147649,-0.8601,4.462836667978695e-10,1.886537095280361e-09,0.5967,1.0833,0.264,0.607
LDLR,ENSG00000130164,-0.8269,4.583680673115099e-10,1.9363948903058664e-09,0.6419,1.1387,0.284,0.608
C7orf50,ENSG00000146540,-1.7539,4.618032410596954e-10,1.9496737339049975e-09,0.1616,0.5454,0.085,0.351
HADH,ENSG00000138796,-3.1077,4.6419614429430715e-10,1.9585382487313188e-09,0.0512,0.4421,0.035,0.29
NECAB1,ENSG00000123119,-2.7763,4.782148648715003e-10,2.016412299543403e-09,0.0674,0.4621,0.035,0.293
LSM6,ENSG00000164167,-2.5085,4.901105361402906e-10,2.0652670478744483e-09,0.0813,0.4632,0.045,0.304
FCHSD2,ENSG00000137478,2.172,4.976142012032223e-10,2.095564470262498e-09,0.7976,0.1769,0.343,0.11
SSR1,ENSG00000124783,-1.3705,5.208041978061179e-10,2.1918407291411854e-09,0.2264,0.5855,0.1,0.371
SMS,ENSG00000102172,-2.768,5.647693248553064e-10,2.3753742573731682e-09,0.065,0.4434,0.035,0.292
RNF141,ENSG00000110315,-3.4517,5.878658863719438e-10,2.470960512950417e-09,0.0387,0.4245,0.03,0.282
CDKL2,ENSG00000138769,-2.6933,5.962589853032e-10,2.5046627439245743e-09,0.0707,0.4576,0.035,0.292
SAMD12,ENSG00000177570,2.1105,5.967980627580047e-10,2.505351515500134e-09,0.7369,0.1706,0.338,0.099
TP53I3,ENSG00000115129,-2.4977,5.996716776249986e-10,2.5158336274229683e-09,0.0825,0.4663,0.045,0.302
NUP58,ENSG00000139496,-1.2607,6.01613988590902e-10,2.5223978843682576e-09,0.2921,0.7,0.144,0.415
PHACTR1,ENSG00000112137,1.251,6.036198378035342e-10,2.5292201359409067e-09,1.0756,0.4518,0.448,0.27
FBXL15,ENSG00000107872,-4.9686,6.157926791400219e-10,2.5786077140916654e-09,0.0123,0.3878,0.005,0.26
CDC37,ENSG00000105401,-1.1945,6.230037664898403e-10,2.607169270918323e-09,0.2903,0.6645,0.139,0.413
BRD2,ENSG00000204256,-1.4326,6.239813300023384e-10,2.6096251115125975e-09,0.2295,0.6197,0.114,0.384
MAP4,ENSG00000047849,1.5801,6.425063066198437e-10,2.685419037493076e-09,0.9281,0.3104,0.403,0.206
MAML3,ENSG00000196782,2.175,6.626983425361468e-10,2.768081444527157e-09,0.779,0.1724,0.333,0.091
C1orf21,ENSG00000116667,-0.9238,6.762884317016774e-10,2.8230815220846894e-09,0.4646,0.8814,0.204,0.513
PCYT2,ENSG00000185813,-4.4236,6.798248985880117e-10,2.8360715163456156e-09,0.0185,0.4,0.015,0.267
VSIG2,ENSG00000019102,-3.5294,6.833794044931159e-10,2.8491205010046947e-09,0.037,0.4286,0.015,0.271
SDF4,ENSG00000078808,-2.332,7.016583194859677e-10,2.923503378569419e-09,0.092,0.4634,0.05,0.305
PRELID3B,ENSG00000101166,-3.7882,7.108242657134297e-10,2.9598474256234397e-09,0.0289,0.401,0.02,0.27
UNC50,ENSG00000115446,-5.0021,7.182342258327099e-10,2.9888388749761183e-09,0.0121,0.3894,0.01,0.262
POLD2,ENSG00000106628,-3.7846,7.211987752653965e-10,2.9993067372338625e-09,0.0295,0.4075,0.02,0.272
EEF1E1,ENSG00000124802,-3.8159,7.273358432371332e-10,3.02294716675844e-09,0.0286,0.4039,0.015,0.268
FOXA2,ENSG00000125798,-3.367,7.330727125528342e-10,3.0448959248385443e-09,0.0413,0.4269,0.025,0.279
ELOVL1,ENSG00000066322,-2.9792,7.42357683340815e-10,3.0815456600579883e-09,0.0562,0.4438,0.035,0.287
MAP2,ENSG00000078018,4.3391,7.471844489566505e-10,3.0996552388704773e-09,0.6011,0.0296,0.269,0.02
SLC25A36,ENSG00000114120,-1.196,7.799208514308512e-10,3.233452120860742e-09,0.3059,0.701,0.154,0.427
DESI1,ENSG00000100418,-3.0887,7.814701770591419e-10,3.237865578522338e-09,0.0499,0.4251,0.03,0.283
EFCAB14,ENSG00000159658,-1.516,7.851711407302507e-10,3.2511829193659914e-09,0.2013,0.5759,0.104,0.366
SERPINF2,ENSG00000167711,-3.1142,8.261300010481092e-10,3.418663120818043e-09,0.0524,0.4541,0.03,0.284
NCOA2,ENSG00000140396,1.7628,8.610967358804657e-10,3.5611548600282544e-09,0.8527,0.2512,0.373,0.158
ACP5,ENSG00000102575,-2.8234,8.895942625839999e-10,3.6767327226476084e-09,0.0634,0.4491,0.03,0.285
FKBP5,ENSG00000096060,1.7796,8.989857846513742e-10,3.7132504982600673e-09,0.8847,0.2576,0.373,0.169
VPS51,ENSG00000149823,-2.2442,9.22086557529764e-10,3.806314040631207e-09,0.1015,0.4814,0.06,0.315
EHBP1,ENSG00000115504,2.1707,9.229982064422281e-10,3.807723916508735e-09,0.7005,0.1555,0.333,0.097
PAIP1,ENSG00000172239,-2.6684,9.349739105574914e-10,3.854747375687336e-09,0.0688,0.4378,0.04,0.294
ENSG00000247925,ENSG00000247925,3.2797,9.368229455372373e-10,3.859987941544237e-09,0.6167,0.0634,0.279,0.025
MT-CO2,ENSG00000198712,-0.661,9.458548173347543e-10,3.89479921392036e-09,1.6464,2.6033,0.567,0.942
OTUD6B-AS1,ENSG00000253738,-3.4703,9.488842685692047e-10,3.904866315325766e-09,0.0365,0.4056,0.015,0.269
TEX264,ENSG00000164081,-4.1113,9.572191277373787e-10,3.936740489013518e-09,0.0232,0.4021,0.02,0.268
MAP4K3,ENSG00000011566,2.1078,9.78599745595439e-10,4.022195508204269e-09,0.803,0.1862,0.343,0.117
SNX29,ENSG00000048471,1.8123,9.977712543552525e-10,4.098471222533045e-09,0.8414,0.2395,0.368,0.15
METTL5,ENSG00000138382,-3.093,1.0248814796728e-09,4.207242411023129e-09,0.0496,0.4241,0.035,0.285
PPP1R15A,ENSG00000087074,-0.966,1.0310081814242515e-09,4.229793392956128e-09,0.3983,0.7782,0.159,0.453
AIP,ENSG00000110711,-4.0335,1.043907467664638e-09,4.280084700142491e-09,0.024,0.3946,0.015,0.265
XAB2,ENSG00000076924,-4.8175,1.0496033407752626e-09,4.300797983458883e-09,0.0138,0.3926,0.005,0.256
BCAP29,ENSG00000075790,-1.3698,1.05147581114428e-09,4.305828904127926e-09,0.2279,0.5892,0.104,0.372
CHPF,ENSG00000123989,-4.3403,1.0655735725715433e-09,4.360885962748369e-09,0.0196,0.3987,0.015,0.264
AAMP,ENSG00000127837,-2.8834,1.0872192375517202e-09,4.446746654995676e-09,0.0577,0.4261,0.03,0.282
NCOA4,ENSG00000266412,-2.1384,1.094939642613121e-09,4.475582541623645e-09,0.107,0.4714,0.055,0.308
MRPL22,ENSG00000082515,-3.1066,1.0979192830222143e-09,4.485017058902367e-09,0.0479,0.4134,0.02,0.274
KCNMA1,ENSG00000156113,4.6632,1.1262538322419279e-09,4.597951922704057e-09,0.6721,0.0264,0.264,0.018
ZSWIM7,ENSG00000214941,-1.7866,1.157356954789367e-09,4.722044655490642e-09,0.1512,0.5219,0.075,0.334
FER,ENSG00000151422,2.1684,1.166053379272325e-09,4.7546218071794e-09,0.6886,0.1531,0.328,0.091
MRPL13,ENSG00000172172,-11.8614,1.1739346076606908e-09,4.783837245006561e-09,0.0,0.372,0.0,0.249
RNF145,ENSG00000145860,-0.6913,1.2505088150780309e-09,5.092773399942786e-09,0.9073,1.4651,0.378,0.751
ETHE1,ENSG00000105755,-3.1607,1.288915361331887e-09,5.245987628479996e-09,0.0475,0.4256,0.025,0.274
MFSD4B,ENSG00000173214,2.8665,1.305864341444234e-09,5.31173443148967e-09,0.6326,0.0867,0.294,0.051
PFDN6,ENSG00000204220,-6.0104,1.3169974753459058e-09,5.353759061372674e-09,0.0058,0.3821,0.01,0.256
ESYT2,ENSG00000117868,1.6935,1.3246973962212057e-09,5.3817846163998985e-09,0.8366,0.2586,0.378,0.17
CACNA1C,ENSG00000151067,9.3708,1.3721464893017075e-09,5.571164986046264e-09,0.6838,0.0009,0.249,0.001
MTCH2,ENSG00000109919,-2.2652,1.4081442537071993e-09,5.713849010030609e-09,0.0947,0.4556,0.05,0.301
CDC26,ENSG00000176386,-3.3357,1.440697768571097e-09,5.842392468904892e-09,0.04,0.4046,0.02,0.271
POLD4,ENSG00000175482,-4.3323,1.4470804574686905e-09,5.864715033636762e-09,0.0215,0.4358,0.015,0.262
ZNF511,ENSG00000198546,-6.8748,1.4792032093912973e-09,5.991266364781367e-09,0.0031,0.3772,0.005,0.252
STAG1,ENSG00000118007,1.9083,1.4960804687536405e-09,6.055952394427615e-09,0.8058,0.2146,0.353,0.131
SLC39A4,ENSG00000147804,-11.8989,1.5119502813159769e-09,6.116484511756154e-09,0.0,0.3818,0.0,0.248
ARID4B,ENSG00000054267,1.2955,1.520617754026367e-09,6.147824442579967e-09,1.0382,0.4229,0.438,0.271
CHPT1,ENSG00000111666,-2.007,1.5486371763699146e-09,6.257318633378499e-09,0.1249,0.5023,0.07,0.323
GLTP,ENSG00000139433,-2.427,1.5680324625169396e-09,6.33185539126399e-09,0.0843,0.454,0.05,0.301
PLLP,ENSG00000102934,-2.469,1.5693435809767929e-09,6.333320711386102e-09,0.0846,0.4688,0.05,0.301
SSH2,ENSG00000141298,1.0581,1.6043312361746217e-09,6.470608892759842e-09,1.151,0.5528,0.473,0.334
PRPF8,ENSG00000174231,-1.9557,1.665137753535755e-09,6.711801482115454e-09,0.1313,0.5098,0.075,0.325
PPP1R7,ENSG00000115685,-2.1238,1.6679965785475977e-09,6.719269691266228e-09,0.1117,0.487,0.07,0.318
MSLN,ENSG00000102854,-3.2478,1.673340683042629e-09,6.73673443161044e-09,0.0515,0.4899,0.03,0.276
DLG1,ENSG00000075711,1.6227,1.6850159269080848e-09,6.775569762684586e-09,0.8595,0.279,0.383,0.177
NANS,ENSG00000095380,-2.599,1.6850159269080848e-09,6.775569762684586e-09,0.0735,0.4461,0.045,0.292
PSMA2,ENSG00000106588,-2.6148,1.7699774515058235e-09,7.112923825876892e-09,0.0727,0.4459,0.045,0.291
UQCRC2,ENSG00000140740,-1.4965,1.7904110795665579e-09,7.19071292869816e-09,0.1978,0.5582,0.104,0.359
ACAA2,ENSG00000167315,-2.213,1.8543006781256383e-09,7.442833070433376e-09,0.0995,0.4618,0.055,0.302
AIDA,ENSG00000186063,-2.0159,1.9384110577179132e-09,7.775764236935701e-09,0.1198,0.4849,0.065,0.316
TAF10,ENSG00000166337,-2.8874,1.9493627311385173e-09,7.815002209648354e-09,0.0585,0.4337,0.03,0.278
LAD1,ENSG00000159166,-5.3128,2.0104047375470526e-09,8.054884968252409e-09,0.0095,0.3826,0.005,0.252
CEBPZ,ENSG00000115816,-1.9121,2.050017332000038e-09,8.208672518242359e-09,0.1309,0.4929,0.07,0.318
COL6A3,ENSG00000163359,4.8075,2.063960645490087e-09,8.259552517212876e-09,0.7084,0.0252,0.259,0.017
TNKS,ENSG00000173273,2.28,2.075028710567652e-09,8.298872310108592e-09,0.7403,0.1523,0.323,0.095
IK,ENSG00000113141,-2.3618,2.1120819014779416e-09,8.442007791724221e-09,0.0882,0.4537,0.045,0.294
LYN,ENSG00000254087,1.3794,2.1634863379207307e-09,8.642299791251531e-09,1.0028,0.3854,0.418,0.243
MYO1E,ENSG00000157483,2.5798,2.30617169947229e-09,9.206766754797026e-09,0.6727,0.1124,0.303,0.071
NME4,ENSG00000103202,-3.4738,2.3136053908165126e-09,9.23092616801881e-09,0.0373,0.4154,0.025,0.269
PPFIBP1,ENSG00000110841,2.7633,2.4639944520153545e-09,9.819674400048681e-09,0.6573,0.0967,0.299,0.069
MCTS1,ENSG00000232119,-2.6638,2.4641075452135936e-09,9.819674400048681e-09,0.0675,0.4283,0.035,0.281
CCT2,ENSG00000166226,-1.7657,2.5252270992410153e-09,1.0057240188330793e-08,0.1541,0.5244,0.09,0.337
NUDCD2,ENSG00000170584,-3.7246,2.6429525176151596e-09,1.0519833054321605e-08,0.0291,0.3857,0.015,0.26
IER3,ENSG00000137331,-2.2626,2.712357854565436e-09,1.0789659386922303e-08,0.1083,0.5202,0.05,0.298
PSMB8,ENSG00000204264,-2.9309,2.8269071788138015e-09,1.1238638718629392e-08,0.0554,0.4229,0.035,0.278
PATJ,ENSG00000132849,1.2746,2.8305293504828774e-09,1.124634475423863e-08,0.9587,0.3962,0.423,0.24
ENSG00000214708,ENSG00000214708,-11.8537,3.0000691749897265e-09,1.1912878727560277e-08,0.0,0.37,0.0,0.243
NFKBIZ,ENSG00000144802,-1.0183,3.0361698384443094e-09,1.2049066162192242e-08,0.4102,0.831,0.199,0.459
LTBR,ENSG00000111321,-1.767,3.0589820782441254e-09,1.213238794572002e-08,0.1504,0.5123,0.08,0.327
CDS1,ENSG00000163624,-2.2327,3.102417987046766e-09,1.2297358893463117e-08,0.1015,0.4773,0.065,0.307
ARFGEF3,ENSG00000112379,-1.1701,3.1055333081878816e-09,1.2302406266540248e-08,0.3153,0.7095,0.144,0.416
ARF3,ENSG00000134287,-2.2149,3.1580979768956046e-09,1.2503222517893148e-08,0.0983,0.4567,0.055,0.302
NORAD,ENSG00000260032,-1.0456,3.21885568512533e-09,1.273621867354981e-08,0.3172,0.6548,0.144,0.409
RABGGTB,ENSG00000137955,-1.9568,3.3362002882142477e-09,1.3192706764347522e-08,0.1219,0.4734,0.065,0.309
MRPL3,ENSG00000114686,-2.2309,3.3813081034071094e-09,1.3363169717547978e-08,0.0983,0.4617,0.06,0.303
PCNX1,ENSG00000100731,2.3795,3.489621584977139e-09,1.3783076620971207e-08,0.7746,0.1488,0.318,0.097
COQ4,ENSG00000167113,-2.185,3.5098341777164497e-09,1.3854717773621849e-08,0.1005,0.4575,0.05,0.298
CCDC107,ENSG00000159884,-2.8674,3.5377121635810016e-09,1.3956514790642355e-08,0.056,0.4094,0.03,0.274
CNOT8,ENSG00000155508,-2.3481,3.6695184294818696e-09,1.4467953713405788e-08,0.0893,0.4553,0.05,0.294
CLASP1,ENSG00000074054,2.7021,3.6766919071007287e-09,1.4487684511814612e-08,0.6922,0.1063,0.299,0.071
PRICKLE2,ENSG00000163637,2.8709,3.753438654598496e-09,1.4781377814895848e-08,0.6259,0.0855,0.284,0.045
PIAS1,ENSG00000033800,1.3637,3.815610470884465e-09,1.501736142312159e-08,0.9635,0.3744,0.413,0.238
GALNT18,ENSG00000110328,2.8206,3.924784686540661e-09,1.543794871696412e-08,0.6135,0.0868,0.289,0.056
DENND1A,ENSG00000119522,6.9733,3.9333349455078894e-09,1.5462474456178456e-08,0.5745,0.0045,0.244,0.003
HEBP1,ENSG00000013583,-1.7461,4.0555103281732955e-09,1.593338440109967e-08,0.1474,0.4947,0.07,0.321
CAMKMT,ENSG00000143919,2.2039,4.159855310276203e-09,1.633004524021316e-08,0.6993,0.1517,0.318,0.091
NDUFS2,ENSG00000158864,-2.0476,4.161362030070788e-09,1.633004524021316e-08,0.1083,0.4481,0.05,0.297
NF1,ENSG00000196712,1.5001,4.288676725946089e-09,1.6819772080207827e-08,0.9095,0.3215,0.393,0.204
IFRD2,ENSG00000214706,-3.5009,4.299552997735125e-09,1.685253196706156e-08,0.0346,0.3922,0.025,0.264
SLC8A1,ENSG00000183023,6.6691,4.329209798456486e-09,1.695882243043453e-08,0.586,0.0057,0.244,0.004
TNRC6A,ENSG00000090905,1.5665,4.348829322068072e-09,1.702569228727588e-08,0.8476,0.2861,0.383,0.187
COX16,ENSG00000133983,-3.2795,4.35335403737253e-09,1.7033422153257837e-08,0.0444,0.4323,0.03,0.269
LMAN1,ENSG00000074695,-0.913,4.377629301653822e-09,1.7118375940132246e-08,0.4198,0.7906,0.199,0.475
CHI3L1,ENSG00000133048,-3.5832,4.409802694709414e-09,1.723409724866248e-08,0.0372,0.4464,0.015,0.258
ALDH1A1,ENSG00000165092,-2.1629,4.552722223106921e-09,1.778224077668487e-08,0.1028,0.4607,0.05,0.294
MMP28,ENSG00000271447,-1.508,4.599002465562105e-09,1.7952505825534364e-08,0.2069,0.5886,0.109,0.36
CISD1,ENSG00000122873,-2.1062,4.617725848813129e-09,1.801506480386851e-08,0.1082,0.4663,0.06,0.303
CCDC57,ENSG00000176155,-1.2423,4.621688035208811e-09,1.801999672338567e-08,0.2642,0.6252,0.129,0.387
PSMA3-AS1,ENSG00000257621,-2.0403,4.669493082508683e-09,1.8195766801677653e-08,0.12,0.4939,0.07,0.315
SNF8,ENSG00000159210,-2.3046,4.735050133530781e-09,1.844046638008868e-08,0.0885,0.4376,0.05,0.294
ZNF580,ENSG00000213015,-2.9131,4.8579003083722325e-09,1.890787654989402e-08,0.0551,0.416,0.03,0.272
PRKN,ENSG00000185345,3.5139,4.952513967761223e-09,1.9264904362654172e-08,0.5523,0.0483,0.264,0.025
DOCK5,ENSG00000147459,1.5243,4.9968881368484486e-09,1.9426202483126185e-08,0.8658,0.3009,0.383,0.182
HIF1A,ENSG00000100644,1.0937,5.077875660076441e-09,1.9729570409337146e-08,1.2785,0.599,0.468,0.368
SLC39A1,ENSG00000143570,-3.2518,5.092070279735658e-09,1.977321941764794e-08,0.0414,0.3955,0.03,0.268
IDH3G,ENSG00000067829,-4.4112,5.302282368934202e-09,2.0577538606688866e-08,0.0175,0.3737,0.015,0.253
ITSN1,ENSG00000205726,2.738,5.3704273863669584e-09,2.0829898091489497e-08,0.6524,0.0977,0.294,0.066
WASHC3,ENSG00000120860,-2.1886,5.513244643936379e-09,2.1371422505427205e-08,0.1023,0.4669,0.06,0.303
YY1,ENSG00000100811,-1.2477,5.586283006824202e-09,2.1641986196391446e-08,0.2469,0.5864,0.119,0.373
MARK3,ENSG00000075413,1.0255,5.612433558668772e-09,2.1720052351447402e-08,1.1055,0.543,0.468,0.336
FTO,ENSG00000140718,2.0222,5.6129376191942235e-09,2.1720052351447402e-08,0.7052,0.1735,0.328,0.105
EIF4E,ENSG00000151247,-1.8597,5.682666913488572e-09,2.1977146679322626e-08,0.1354,0.4916,0.07,0.315
SMCO4,ENSG00000166002,-3.412,5.746272193856037e-09,2.2210273138173887e-08,0.0379,0.4045,0.025,0.263
OCLN,ENSG00000197822,-1.5915,5.785597824689135e-09,2.234933942805016e-08,0.1839,0.5545,0.104,0.352
PLIN2,ENSG00000147872,-1.4114,5.900916784294183e-09,2.2781631908844422e-08,0.2166,0.5764,0.09,0.341
ISCA2,ENSG00000165898,-11.7894,6.042253070200801e-09,2.3306617049215213e-08,0.0,0.3539,0.0,0.238
DNAJC21,ENSG00000168724,-1.6475,6.043877935205982e-09,2.3306617049215213e-08,0.1652,0.5179,0.085,0.33
GRK5,ENSG00000198873,5.8169,6.127861028277587e-09,2.3616840050701673e-08,0.5665,0.01,0.244,0.007
ENSG00000238142,ENSG00000238142,-11.8591,6.152063968229082e-09,2.3696444777279147e-08,0.0,0.3714,0.0,0.238
SCAMP2,ENSG00000140497,-2.8992,6.375257131462672e-09,2.45419840812906e-08,0.056,0.4187,0.04,0.277
MRPL47,ENSG00000136522,-5.0865,6.470368284849489e-09,2.489377291158395e-08,0.0105,0.3609,0.01,0.246
CCNL1,ENSG00000163660,-0.7719,6.488626696450787e-09,2.494964749890317e-08,0.606,1.0349,0.274,0.567
SLC39A7,ENSG00000112473,-2.9489,6.702683004398693e-09,2.575789400827323e-08,0.0525,0.4059,0.035,0.27
PDIA4,ENSG00000155660,-1.8883,6.729391987274587e-09,2.5845663647502564e-08,0.128,0.4741,0.06,0.304
TSHZ2,ENSG00000182463,7.6328,6.9115557043442764e-09,2.653004629271001e-08,0.5751,0.0028,0.239,0.002
NUDT16L1,ENSG00000168101,-4.6769,7.014438059888517e-09,2.690949557840058e-08,0.0143,0.3684,0.01,0.247
PIN4,ENSG00000102309,-3.2413,7.0940789891008805e-09,2.719939929288449e-08,0.0425,0.4028,0.03,0.266
SMIM14,ENSG00000163683,-1.0506,7.106433619528871e-09,2.7231136055555552e-08,0.3326,0.689,0.164,0.428
EPN1,ENSG00000063245,-2.4137,7.473627617764738e-09,2.8621765400831814e-08,0.08,0.4266,0.045,0.283
NHERF2,ENSG00000065054,-3.039,7.793080773582091e-09,2.98280724852463e-08,0.0476,0.3917,0.02,0.259
GSK3B,ENSG00000082701,1.5952,8.06103303903256e-09,3.08359906458754e-08,0.8583,0.284,0.373,0.184
C1orf116,ENSG00000182795,-2.0149,8.121101389187202e-09,3.104798865391031e-08,0.1168,0.4724,0.06,0.301
UBE2D2,ENSG00000131508,-0.8071,8.241814062282737e-09,3.14914623123492e-08,0.5218,0.913,0.249,0.538
MTIF3,ENSG00000122033,-2.4028,8.422045476021537e-09,3.216171625748876e-08,0.0836,0.4425,0.05,0.287
FOXO1,ENSG00000150907,3.2781,8.547862997757931e-09,3.262352969258584e-08,0.6785,0.0699,0.274,0.047
KAZN,ENSG00000189337,2.6346,8.562292819662263e-09,3.2659939316118936e-08,0.705,0.1134,0.284,0.05
TMEM18,ENSG00000151353,-2.7689,8.695160084491759e-09,3.314781632666693e-08,0.0614,0.4191,0.04,0.275
AHCYL1,ENSG00000168710,-1.0899,8.883443879576052e-09,3.384627591083198e-08,0.3092,0.6583,0.154,0.408
CCDC69,ENSG00000198624,-2.0688,9.056805577825512e-09,3.4487117704844124e-08,0.1097,0.4607,0.055,0.298
SDK1,ENSG00000146555,3.3538,9.495473462819234e-09,3.61369044206095e-08,0.654,0.0639,0.264,0.031
PSMC1,ENSG00000100764,-1.9987,9.565484718220123e-09,3.6382615280747266e-08,0.1161,0.4644,0.065,0.303
FOXN3,ENSG00000053254,1.404,9.57861459523873e-09,3.641181951143966e-08,0.9179,0.3468,0.398,0.219
ZNF664,ENSG00000179195,-2.1511,9.635145090013912e-09,3.6605878302732035e-08,0.0968,0.4304,0.045,0.285
TPPP3,ENSG00000159713,-5.4511,9.790657599536269e-09,3.717555549022328e-08,0.0093,0.41,0.005,0.24
SFMBT2,ENSG00000198879,5.1135,9.891603012872473e-09,3.753750938805412e-08,0.5743,0.0165,0.244,0.01
CDV3,ENSG00000091527,-1.5162,1.0032499625987355e-08,3.805057637817691e-08,0.1783,0.5101,0.085,0.33
ASCC3,ENSG00000112249,1.6972,1.0277420585322592e-08,3.8957373489994093e-08,0.7962,0.2455,0.358,0.158
ZNF524,ENSG00000171443,-11.783,1.033202320170465e-08,3.9142134409634355e-08,0.0,0.3523,0.0,0.235
YWHAZ,ENSG00000164924,-0.7253,1.0789575372766578e-08,4.0852366164800436e-08,0.5677,0.9387,0.249,0.549
CCDC25,ENSG00000147419,-3.3495,1.0880349703004495e-08,4.117272275714845e-08,0.0366,0.3736,0.015,0.251
IMP4,ENSG00000136718,-6.7643,1.135246680500855e-08,4.293495231633755e-08,0.0031,0.3494,0.005,0.238
SLCO3A1,ENSG00000176463,1.451,1.1462464683626285e-08,4.3326429893571003e-08,0.8893,0.3252,0.388,0.202
PABPC4,ENSG00000090621,-1.3994,1.1624545055912984e-08,4.391421743690205e-08,0.215,0.5673,0.104,0.351
PTBP2,ENSG00000117569,2.7336,1.1939652926672525e-08,4.507910791251882e-08,0.6274,0.0943,0.284,0.059
SUPT4H1,ENSG00000213246,-3.4093,1.196698498057503e-08,4.515677552839584e-08,0.0364,0.3877,0.03,0.261
DAP,ENSG00000112977,-1.5024,1.211307593161644e-08,4.568223272008255e-08,0.1889,0.5354,0.1,0.343
ELOA,ENSG00000011007,-2.1827,1.2133858450646367e-08,4.573478588705817e-08,0.0958,0.4353,0.05,0.289
GPC6,ENSG00000183098,4.759,1.2153607224420793e-08,4.578338559047179e-08,0.61,0.0224,0.244,0.011
ETFRF1,ENSG00000205707,-4.4496,1.2339802972481976e-08,4.64585930401393e-08,0.0166,0.3656,0.015,0.246
SNX17,ENSG00000115234,-2.0984,1.2451972630667657e-08,4.6848683063797185e-08,0.0985,0.4223,0.045,0.282
HERC4,ENSG00000148634,1.685,1.245744289883273e-08,4.6848683063797185e-08,0.8164,0.2538,0.358,0.161
FARS2,ENSG00000145982,2.0142,1.2492507948043077e-08,4.6954114003927806e-08,0.6996,0.1731,0.323,0.107
ZMAT2,ENSG00000146007,-4.2586,1.2547489156773427e-08,4.713424076382999e-08,0.0192,0.3693,0.02,0.25
DDX46,ENSG00000145833,-1.0462,1.3441557813289893e-08,5.046439833331264e-08,0.3127,0.6458,0.149,0.402
SOS1,ENSG00000115904,2.1457,1.3646294559701426e-08,5.120427042935159e-08,0.7337,0.1657,0.318,0.108
MET,ENSG00000105976,-1.1617,1.3896588222541621e-08,5.211415650665665e-08,0.2979,0.6666,0.149,0.404
GRSF1,ENSG00000132463,-1.7868,1.408276008313217e-08,5.278269056971928e-08,0.1348,0.4654,0.06,0.305
PRPF6,ENSG00000101161,-3.0104,1.4456076541664919e-08,5.4151506013337065e-08,0.0511,0.4122,0.04,0.269
SDHB,ENSG00000117118,-1.6421,1.4513721809770529e-08,5.433696634947162e-08,0.1545,0.4823,0.075,0.319
HMGCR,ENSG00000113161,-1.4929,1.4758150773107032e-08,5.522111429332317e-08,0.1874,0.5276,0.085,0.33
MALSU1,ENSG00000156928,-1.6231,1.4898777796076765e-08,5.571609008958382e-08,0.1575,0.4854,0.08,0.318
MAGI2,ENSG00000187391,2.3615,1.499543500531395e-08,5.6046172580017834e-08,0.6983,0.1358,0.299,0.077
PFKFB2,ENSG00000123836,-2.1774,1.5038078051991452e-08,5.617411818190767e-08,0.1004,0.4544,0.055,0.291
ELOF1,ENSG00000130165,-3.2346,1.514751706051782e-08,5.655129482794774e-08,0.0403,0.3804,0.025,0.257
MRPS5,ENSG00000144029,-1.6006,1.5899445151627677e-08,5.932535987023534e-08,0.1728,0.5242,0.095,0.337
MRPL28,ENSG00000086504,-3.7102,1.617496567414141e-08,6.031970727950333e-08,0.0285,0.3739,0.02,0.25
HSPA9,ENSG00000113013,-1.1065,1.6832092174178122e-08,6.273523640141501e-08,0.2784,0.5997,0.124,0.379
POP5,ENSG00000167272,-4.9744,1.7310594036863577e-08,6.448268687797647e-08,0.0114,0.3606,0.01,0.24
TMEM54,ENSG00000121900,-3.8253,1.75074984811311e-08,6.517981179234929e-08,0.0264,0.3753,0.015,0.247
FBXO9,ENSG00000112146,-1.9389,1.763128305845183e-08,6.560408888434528e-08,0.1236,0.4743,0.075,0.304
RTF2,ENSG00000022277,-2.4326,1.8508217954049627e-08,6.882872367210325e-08,0.075,0.4053,0.04,0.275
MRPL17,ENSG00000158042,-4.1695,1.8931590145636653e-08,7.036399030757218e-08,0.0197,0.3567,0.01,0.241
PAN3,ENSG00000152520,2.098,1.9070103398883542e-08,7.083938854346116e-08,0.6931,0.1618,0.313,0.099
PPP6C,ENSG00000119414,-2.048,1.9278047600121524e-08,7.157202886115157e-08,0.109,0.4511,0.06,0.295
CSRNP1,ENSG00000144655,-2.5325,2.010504206902256e-08,7.460087554388983e-08,0.0738,0.4277,0.04,0.273
GFUS,ENSG00000104522,-11.7491,2.015300077808161e-08,7.47373082714087e-08,0.0,0.3441,0.0,0.23
CCT5,ENSG00000150753,-2.1164,2.079116022671361e-08,7.706113160611555e-08,0.1006,0.4364,0.055,0.286
SHARPIN,ENSG00000179526,-2.9365,2.0971880544518567e-08,7.768784811804741e-08,0.0513,0.3933,0.035,0.265
PLCG2,ENSG00000197943,2.6998,2.109199035555006e-08,7.808946983631865e-08,0.6416,0.0987,0.284,0.065
FBXL7,ENSG00000183580,5.9264,2.1216438236559537e-08,7.850669860497571e-08,0.5387,0.0088,0.234,0.005
FNBP1,ENSG00000187239,3.6974,2.17834474904641e-08,8.056015824408069e-08,0.5389,0.0414,0.254,0.03
SUPT3H,ENSG00000196284,2.5458,2.1883465719078914e-08,8.088526150400003e-08,0.6125,0.1048,0.284,0.061
ALDH9A1,ENSG00000143149,-2.7337,2.201624869312679e-08,8.133104260032844e-08,0.0591,0.3934,0.035,0.266
ZNF22,ENSG00000165512,-6.7281,2.2774410876928877e-08,8.408529035213266e-08,0.0031,0.3407,0.005,0.233
SNHG18,ENSG00000250786,-3.4464,2.308312569941135e-08,8.517800914163999e-08,0.036,0.3939,0.02,0.25
PFDN4,ENSG00000101132,-11.7371,2.3563985705068925e-08,8.690439565110732e-08,0.0,0.3413,0.0,0.229
TMEM183A,ENSG00000163444,-3.8203,2.3986240708436673e-08,8.841285965322767e-08,0.0253,0.3582,0.015,0.245
DLG2,ENSG00000150672,1.6334,2.4021413183111543e-08,8.849366720904689e-08,0.8163,0.2631,0.343,0.118
MRPL16,ENSG00000166902,-4.6062,2.4479017821537175e-08,9.012974643332237e-08,0.0143,0.3509,0.005,0.235
PHYHD1,ENSG00000175287,-3.0024,2.4546586891984296e-08,9.032873490444249e-08,0.0498,0.3997,0.03,0.26
VIM,ENSG00000026025,-1.1274,2.4892514258126756e-08,9.155126802314351e-08,0.3036,0.6633,0.129,0.384
TMEM126A,ENSG00000171202,-4.8128,2.5262731396866378e-08,9.286174078132665e-08,0.0122,0.3457,0.005,0.234
PSAP,ENSG00000197746,-0.6369,2.5476677401134578e-08,9.359666026522433e-08,0.6996,1.0878,0.254,0.611
CYP4B1,ENSG00000142973,-1.0493,2.6984879599787902e-08,9.90830186074675e-08,0.3685,0.7626,0.174,0.429
MED11,ENSG00000161920,-11.7185,2.753258877224195e-08,1.0103854967571648e-07,0.0,0.3369,0.0,0.228
FAM210B,ENSG00000124098,-3.0946,2.7639147116348632e-08,1.013738954366241e-07,0.0432,0.3698,0.02,0.25
ATXN2,ENSG00000204842,1.3156,2.784868553485173e-08,1.0208637249576e-07,0.8812,0.354,0.398,0.224
KRT7,ENSG00000135480,-0.7991,2.879602213203386e-08,1.0550116940200447e-07,0.6095,1.0606,0.264,0.544
PDCD10,ENSG00000114209,-1.6962,2.8966851847717495e-08,1.0606886156299623e-07,0.1484,0.4812,0.085,0.316
CD320,ENSG00000167775,-11.7166,2.8994176285710597e-08,1.0611074159575949e-07,0.0,0.3364,0.0,0.227
FYN,ENSG00000010810,5.5521,3.0131106367273977e-08,1.1021120450548899e-07,0.563,0.0119,0.234,0.008
LSM1,ENSG00000175324,-5.097,3.0897541119287073e-08,1.1295275157948461e-07,0.0099,0.342,0.01,0.236
MANF,ENSG00000145050,-3.1501,3.160847719213075e-08,1.1542537953321009e-07,0.045,0.4005,0.03,0.256
MFF,ENSG00000168958,-2.2553,3.159902055420514e-08,1.1542537953321009e-07,0.0851,0.4065,0.04,0.271
VPS25,ENSG00000131475,-6.9207,3.246952455574659e-08,1.185048931736784e-07,0.0027,0.3409,0.005,0.23
NFIX,ENSG00000008441,-0.9687,3.268936324113229e-08,1.192420847009954e-07,0.3472,0.6796,0.159,0.419
DANT2,ENSG00000235244,2.3103,3.3260907764257654e-08,1.2119454607609213e-07,0.6291,0.1268,0.289,0.067
SRPK2,ENSG00000135250,1.3576,3.3246714585067886e-08,1.2119454607609213e-07,0.9097,0.3549,0.393,0.227
HIKESHI,ENSG00000149196,-3.1548,3.4023066551183074e-08,1.2383654577403365e-07,0.0422,0.377,0.03,0.256
HNRNPD,ENSG00000138668,-0.9368,3.4007107482698096e-08,1.2383654577403365e-07,0.3673,0.7032,0.174,0.434
VAMP3,ENSG00000049245,-3.2756,3.464821400972884e-08,1.2604325782733056e-07,0.0382,0.3709,0.025,0.252
ARAP2,ENSG00000047365,1.8096,3.569418333219516e-08,1.29777599605733e-07,0.7463,0.2128,0.333,0.133
CCNG1,ENSG00000113328,-2.7327,3.5727643760358557e-08,1.2982858143386008e-07,0.0584,0.3886,0.035,0.26
KDM4C,ENSG00000107077,2.3073,3.7047137447012865e-08,1.345502071824899e-07,0.6504,0.1313,0.294,0.079
KDM2A,ENSG00000173120,1.5614,3.908882855460646e-08,1.41888198867509e-07,0.8223,0.2785,0.363,0.18
NEDD4L,ENSG00000049759,0.5324,3.915861970113576e-08,1.419871992312083e-07,1.4387,0.9947,0.557,0.551
TRAF4,ENSG00000076604,-2.5482,3.914199180948945e-08,1.419871992312083e-07,0.0676,0.3958,0.035,0.264
TBCK,ENSG00000145348,2.5828,4.115210296552492e-08,1.4913450662329946e-07,0.6093,0.1016,0.279,0.061
AGTRAP,ENSG00000177674,-2.9155,4.1239451154543263e-08,1.493700077338365e-07,0.05,0.3781,0.025,0.252
ARL2BP,ENSG00000102931,-2.3186,4.155539561739727e-08,1.5043278445994383e-07,0.0804,0.4016,0.04,0.27
EIF4A1,ENSG00000161960,-0.989,4.219791683066351e-08,1.526759948602392e-07,0.3347,0.6643,0.144,0.403
LAMA3,ENSG00000053747,1.9816,4.251017053335654e-08,1.5372248456539705e-07,0.7535,0.1907,0.318,0.119
PIP4K2A,ENSG00000150867,3.5167,4.2777527803806195e-08,1.546055780311805e-07,0.5953,0.0519,0.254,0.035
FNDC3A,ENSG00000102531,1.4044,4.339424142563169e-08,1.567496692708459e-07,0.899,0.3396,0.388,0.215
APP,ENSG00000142192,1.1297,4.346227264573322e-08,1.5691055081127146e-07,1.0542,0.4817,0.438,0.311
L3MBTL4,ENSG00000154655,2.1582,4.359679980456652e-08,1.5722625588266729e-07,0.6574,0.1472,0.299,0.082
SIPA1L3,ENSG00000105738,1.9244,4.358941801056684e-08,1.5722625588266729e-07,0.6732,0.1773,0.318,0.11
SLC35B1,ENSG00000121073,-2.8533,4.44199978253429e-08,1.601085620482813e-07,0.0529,0.3831,0.035,0.259
IVD,ENSG00000128928,-1.5915,4.446512507293747e-08,1.6018477365811723e-07,0.1587,0.4783,0.075,0.309
ARHGAP21,ENSG00000107863,1.926,4.469142884433371e-08,1.609132362540727e-07,0.7008,0.1844,0.323,0.124
DYM,ENSG00000141627,1.9235,4.516648701300092e-08,1.6253608122835836e-07,0.7214,0.1901,0.323,0.121
ECI1,ENSG00000167969,-3.0091,4.7171896877426065e-08,1.6966133508041394e-07,0.0466,0.3756,0.025,0.251
TMEM248,ENSG00000106609,-1.6118,4.755790361043849e-08,1.7095760937250735e-07,0.1551,0.4743,0.08,0.314
CD99,ENSG00000002586,-1.3194,4.810305500015823e-08,1.728242626928762e-07,0.2286,0.5707,0.119,0.357
PARP8,ENSG00000151883,2.21,4.816196727685055e-08,1.729428921731639e-07,0.6804,0.147,0.303,0.097
TRAPPC6A,ENSG00000007255,-3.3767,4.856197069557117e-08,1.742855466285437e-07,0.0344,0.3582,0.015,0.241
PPP3CA,ENSG00000138814,1.0504,4.894867217381122e-08,1.755790448168019e-07,1.0584,0.511,0.443,0.311
HNRNPR,ENSG00000125944,-1.2876,4.9267660676975465e-08,1.7662839810065438e-07,0.2253,0.5502,0.114,0.353
RILPL2,ENSG00000150977,-1.9881,4.9538504289244214e-08,1.7750411488619212e-07,0.1123,0.4458,0.065,0.291
HCFC1R1,ENSG00000103145,-2.4515,4.957402882746978e-08,1.7753616007435425e-07,0.0752,0.4116,0.04,0.265
RBCK1,ENSG00000125826,-1.5735,4.9630500911073954e-08,1.7764314875941208e-07,0.1646,0.4901,0.085,0.318
WDR70,ENSG00000082068,2.0987,5.0983206379847465e-08,1.823871641194436e-07,0.7094,0.1656,0.308,0.105
ANXA1,ENSG00000135046,-0.7132,5.15077623031586e-08,1.8416506660749267e-07,0.7013,1.1498,0.289,0.603
PHF5A,ENSG00000100410,-3.6371,5.163808534404788e-08,1.8453224826800205e-07,0.0277,0.3455,0.01,0.235
SEC61A1,ENSG00000058262,-1.3272,5.20616540984013e-08,1.8594641054717772e-07,0.2111,0.5299,0.109,0.34
BHLHE40,ENSG00000134107,-1.1681,5.210331822177578e-08,1.8599575756453257e-07,0.2895,0.6506,0.149,0.387
ISG20,ENSG00000172183,-2.3322,5.347625800450061e-08,1.9079483291242498e-07,0.0824,0.4155,0.045,0.271
TRA2B,ENSG00000136527,-0.8149,5.3670071725835764e-08,1.91384094531157e-07,0.443,0.7795,0.204,0.469
ITPR2,ENSG00000123104,1.3886,5.5594615191033096e-08,1.9814110718298293e-07,0.8841,0.3376,0.383,0.208
GRHPR,ENSG00000137106,-2.0092,5.563667883159717e-08,1.9818526822199332e-07,0.1031,0.4155,0.05,0.28
PLPP5,ENSG00000147535,-3.2961,5.661269910796038e-08,2.0155448685611269e-07,0.0389,0.3832,0.03,0.251
AGFG1,ENSG00000173744,1.6885,5.775539770172922e-08,2.0551321323913132e-07,0.812,0.2519,0.353,0.167
UROS,ENSG00000188690,-3.0376,5.812010039093351e-08,2.0659081985686264e-07,0.0434,0.3571,0.02,0.244
TBCB,ENSG00000105254,-2.8058,5.8110346089205784e-08,2.0659081985686264e-07,0.0548,0.3839,0.035,0.257
SDF2,ENSG00000132581,-4.1382,6.050252473010799e-08,2.1494487376191028e-07,0.0195,0.3458,0.015,0.236
ZEB1,ENSG00000148516,7.0665,6.173153844325677e-08,2.1919454825226576e-07,0.5124,0.0037,0.224,0.002
NFIB,ENSG00000147862,1.3544,6.300845670228291e-08,2.2360971430103482e-07,0.9033,0.3532,0.388,0.225
MRPS24,ENSG00000062582,-3.894,6.428943172574679e-08,2.2803458018919958e-07,0.0274,0.409,0.015,0.237
GORASP2,ENSG00000115806,-1.7699,6.455079703336099e-08,2.288401132621115e-07,0.1321,0.4507,0.07,0.296
ID2,ENSG00000115738,-2.4932,6.463183987771225e-08,2.2900586660118835e-07,0.0775,0.4369,0.04,0.265
ELL2,ENSG00000118985,1.2152,6.470215673751974e-08,2.2913345962348588e-07,1.0531,0.4535,0.418,0.276
ARHGDIB,ENSG00000111348,-3.3111,6.482674509032482e-08,2.2945301031175383e-07,0.0377,0.3754,0.02,0.243
ANG,ENSG00000214274,-11.7169,6.507117746437443e-08,2.301961834134305e-07,0.0,0.3365,0.0,0.221
SRSF8,ENSG00000263465,-4.4531,6.722451947122105e-08,2.375622039938018e-07,0.0152,0.3341,0.005,0.227
ANXA11,ENSG00000122359,-0.8247,6.722171147721435e-08,2.375622039938018e-07,0.4562,0.8081,0.229,0.487
MPLKIP,ENSG00000168303,-2.4041,6.803512728321869e-08,2.402996378237005e-07,0.0722,0.3825,0.03,0.256
ATP10A,ENSG00000206190,2.6661,6.824851418375952e-08,2.409259123854809e-07,0.5531,0.0871,0.269,0.054
ARHGEF26,ENSG00000114790,2.5977,6.892420980307086e-08,2.4318267156614384e-07,0.632,0.1043,0.279,0.073
NR1H2,ENSG00000131408,-1.227,6.989157692885817e-08,2.4646559783941063e-07,0.2402,0.5624,0.119,0.358
CYB5R1,ENSG00000159348,-3.3243,7.114153693303112e-08,2.507410686943086e-07,0.0367,0.3686,0.03,0.249
HNRNPUL1,ENSG00000105323,-1.3038,7.183597053773276e-08,2.530550881970027e-07,0.2199,0.543,0.119,0.348
GLRX5,ENSG00000182512,-4.1983,7.193185468278091e-08,2.5325928172182064e-07,0.0185,0.3422,0.015,0.235
TAX1BP3,ENSG00000213977,-2.6341,7.313786863432777e-08,2.5736977060520297e-07,0.0622,0.3867,0.04,0.26
STAU1,ENSG00000124214,-0.8756,7.363003138527667e-08,2.589652341349462e-07,0.3962,0.7269,0.184,0.445
MED10,ENSG00000133398,-3.7344,7.647588503732089e-08,2.688328611390875e-07,0.0263,0.3514,0.02,0.239
GRK3,ENSG00000100077,2.0507,7.688737793107869e-08,2.701371894801024e-07,0.6705,0.1618,0.303,0.098
RTF1,ENSG00000137815,-1.4567,7.69897851478855e-08,2.7035477129480927e-07,0.1884,0.5174,0.104,0.334
GCSH,ENSG00000140905,-3.6827,7.794981695292619e-08,2.735821478868071e-07,0.0269,0.346,0.015,0.235
RAB7A,ENSG00000075785,-0.7243,7.872487104298534e-08,2.76157255092489e-07,0.5541,0.9154,0.254,0.541
EAPP,ENSG00000129518,-2.0735,8.014081327241311e-08,2.809766361398673e-07,0.1017,0.4285,0.06,0.282
TFCP2L1,ENSG00000115112,-1.8763,8.109507509617342e-08,2.8417314090626563e-07,0.1305,0.4793,0.075,0.298
DYRK1A,ENSG00000157540,1.5968,8.181203914518821e-08,2.8653519111206717e-07,0.824,0.2724,0.353,0.173
SPSB2,ENSG00000111671,-3.5523,8.206374239429258e-08,2.872661087271909e-07,0.0305,0.3594,0.015,0.237
TSPYL1,ENSG00000189241,-2.2547,8.267226584298328e-08,2.892446639943873e-07,0.0835,0.3991,0.045,0.267
TMT1A,ENSG00000185432,-2.2142,8.324370121310122e-08,2.9109145570801206e-07,0.0925,0.4294,0.055,0.276
MAGI3,ENSG00000081026,1.1408,8.367652137509822e-08,2.9245185047843067e-07,1.0017,0.4542,0.418,0.269
MAP2K2,ENSG00000126934,-1.567,8.406966554230858e-08,2.9367222602357693e-07,0.1545,0.4581,0.075,0.3
TPP1,ENSG00000166340,-2.7802,8.67966305952565e-08,3.030395691300147e-07,0.055,0.3787,0.035,0.253
ENSG00000257894,ENSG00000257894,4.2458,8.736668502072004e-08,3.0487047505401733e-07,0.5232,0.0275,0.234,0.017
USP25,ENSG00000155313,1.6886,8.842243426156526e-08,3.0839344043498404e-07,0.7508,0.2328,0.338,0.148
CFL2,ENSG00000165410,-3.3453,8.930548928278689e-08,3.1131073221280465e-07,0.0352,0.3582,0.02,0.239
RAP1GAP,ENSG00000076864,-3.2213,8.986172806907758e-08,3.130863233037919e-07,0.0396,0.3702,0.02,0.241
JPT1,ENSG00000189159,-3.0483,9.145223128912287e-08,3.1846165421274855e-07,0.0456,0.3781,0.03,0.249
ANO6,ENSG00000177119,2.5469,9.364502321365618e-08,3.259276237853099e-07,0.6271,0.1072,0.279,0.073
ZDHHC4,ENSG00000136247,-3.8725,9.513507063330284e-08,3.309412170624113e-07,0.0236,0.347,0.02,0.237
AKT1,ENSG00000142208,-2.198,9.919841273381529e-08,3.448965115300116e-07,0.0908,0.417,0.055,0.276
SEMA4A,ENSG00000196189,-2.416,1.0006154091223417e-07,3.477164577277898e-07,0.0774,0.4138,0.045,0.265
EVA1A,ENSG00000115363,-1.7821,1.0274133370136628e-07,3.568431449773403e-07,0.1363,0.469,0.08,0.302
TPD52,ENSG00000076554,-1.1233,1.0329748362103648e-07,3.585883020295752e-07,0.2744,0.5979,0.144,0.381
GPR39,ENSG00000183840,2.963,1.0387794306255578e-07,3.6041599050120004e-07,0.5273,0.0675,0.254,0.039
NUCB2,ENSG00000070081,-1.6602,1.0428098674765397e-07,3.6162653711712404e-07,0.1525,0.4823,0.08,0.304
ATP13A4,ENSG00000127249,1.5021,1.0439273386733822e-07,3.618261907109247e-07,0.8369,0.2954,0.358,0.176
POR,ENSG00000127948,-1.3199,1.0822177656786737e-07,3.749031357348476e-07,0.2131,0.5321,0.109,0.341
KLHDC2,ENSG00000165516,-1.7648,1.0917424724511412e-07,3.780066341887596e-07,0.1348,0.4585,0.075,0.3
RAB31,ENSG00000168461,1.5107,1.0974149421269434e-07,3.7977380302931893e-07,0.8622,0.3025,0.363,0.193
SRSF10,ENSG00000188529,-0.931,1.1081164070114022e-07,3.83278585314819e-07,0.355,0.6769,0.174,0.419
ISOC2,ENSG00000063241,-3.4997,1.1198389588686611e-07,3.871327332445025e-07,0.0304,0.3446,0.01,0.23
BBS9,ENSG00000122507,2.7766,1.1228344386073494e-07,3.879674710532068e-07,0.555,0.0809,0.259,0.045
EPB41L4A,ENSG00000129595,4.6319,1.1355469940372211e-07,3.9215710305970006e-07,0.4835,0.0194,0.229,0.013
TMEM50B,ENSG00000142188,-1.4915,1.1580110083934006e-07,3.997082958687092e-07,0.1728,0.4861,0.09,0.317
RFX3,ENSG00000080298,2.5599,1.1825047099049033e-07,4.079519089594447e-07,0.6113,0.1036,0.269,0.059
DNAAF9,ENSG00000088854,2.2885,1.1895108467397815e-07,4.1015709578600937e-07,0.5979,0.1223,0.284,0.077
ST6GALNAC3,ENSG00000184005,5.4051,1.1934204828184288e-07,4.112928485420168e-07,0.5396,0.0126,0.224,0.009
ARMC9,ENSG00000135931,-1.2679,1.2088863260553783e-07,4.1640803361133943e-07,0.2288,0.5512,0.109,0.34
CAPZA2,ENSG00000198898,-0.7886,1.220637804687735e-07,4.202391699747104e-07,0.4287,0.7406,0.194,0.454
TCF25,ENSG00000141002,-0.8099,1.241621938173953e-07,4.272433243206508e-07,0.4592,0.8051,0.219,0.483
RIN2,ENSG00000132669,2.487,1.2442693679561904e-07,4.2793383669306876e-07,0.5725,0.102,0.274,0.066
RREB1,ENSG00000124782,1.7139,1.253116531411512e-07,4.3075477680378226e-07,0.7893,0.2405,0.338,0.157
TCEAL3,ENSG00000196507,-2.034,1.2545027816279301e-07,4.310094690582791e-07,0.1022,0.4188,0.055,0.276
LAMTOR3,ENSG00000109270,-2.6769,1.2662682079981737e-07,4.3482803913726483e-07,0.0587,0.3759,0.035,0.253
PEPD,ENSG00000124299,-2.0974,1.2703176754686654e-07,4.359944375362393e-07,0.0948,0.4061,0.055,0.272
KRR1,ENSG00000111615,-3.2024,1.2932907463561412e-07,4.436512015877076e-07,0.0378,0.3486,0.02,0.238
NIPSNAP2,ENSG00000146729,-1.4068,1.31909004434613e-07,4.522691173607702e-07,0.1881,0.4989,0.1,0.325
PSMD3,ENSG00000108344,-2.4715,1.3282884503209588e-07,4.5518925396068156e-07,0.0688,0.3821,0.04,0.258
LGALSL,ENSG00000119862,-4.3057,1.330570538728914e-07,4.5573746811130347e-07,0.0179,0.3559,0.02,0.232
TAF7,ENSG00000178913,-2.0529,1.3338372455857654e-07,4.5662219186403526e-07,0.0973,0.404,0.05,0.27
PPP1R11,ENSG00000204619,-2.8089,1.368218323005143e-07,4.681521608274257e-07,0.0515,0.3613,0.03,0.246
SYAP1,ENSG00000169895,-1.3676,1.3828753601318133e-07,4.729249631500451e-07,0.1939,0.5004,0.1,0.324
TOX4,ENSG00000092203,-2.2215,1.4066086132595524e-07,4.807952368454734e-07,0.0865,0.4036,0.05,0.27
XKR6,ENSG00000171044,3.2676,1.4158190818231073e-07,4.836959410484161e-07,0.5354,0.0555,0.244,0.03
NDUFA10,ENSG00000130414,-1.2611,1.4904790339852645e-07,5.089422018398559e-07,0.2213,0.5306,0.119,0.341
A2M,ENSG00000175899,4.0368,1.5672826933109437e-07,5.348942825050482e-07,0.6415,0.039,0.234,0.023
KIF5B,ENSG00000170759,-0.7311,1.5727072638214767e-07,5.364714920870093e-07,0.4934,0.8191,0.229,0.492
VDAC3,ENSG00000078668,-2.7622,1.575714522708416e-07,5.372229350265191e-07,0.0535,0.3632,0.03,0.247
KIF26B,ENSG00000162849,4.7843,1.613024104163067e-07,5.496626526380165e-07,0.5931,0.0214,0.224,0.01
CCDC141,ENSG00000163492,-1.3647,1.6431652842016345e-07,5.596481862918265e-07,0.2283,0.588,0.104,0.335
MESD,ENSG00000117899,-1.8286,1.649981544522099e-07,5.614883228349663e-07,0.1187,0.4218,0.055,0.276
SH3D19,ENSG00000109686,2.0503,1.6502494051879606e-07,5.614883228349663e-07,0.6548,0.158,0.299,0.103
MRPL37,ENSG00000116221,-3.5341,1.674122329389483e-07,5.693209286146821e-07,0.0295,0.3434,0.015,0.23
DCTN6,ENSG00000104671,-3.6555,1.7488947121288912e-07,5.944461975729702e-07,0.0265,0.3355,0.015,0.23
TMUB1,ENSG00000164897,-3.3594,1.7540021873408787e-07,5.958789730035467e-07,0.0335,0.3452,0.02,0.234
UPF3A,ENSG00000169062,-1.6708,1.7654038133488003e-07,5.994474870033877e-07,0.1423,0.4532,0.075,0.296
HAGLR,ENSG00000224189,-4.6507,1.7980018719396078e-07,6.102060214778781e-07,0.013,0.3285,0.005,0.22
EIF3A,ENSG00000107581,-0.6971,1.8007687792663087e-07,6.10834671240207e-07,0.5457,0.8847,0.244,0.517
SMARCB1,ENSG00000099956,-2.2713,1.8463494630599732e-07,6.259780743034294e-07,0.081,0.3913,0.045,0.262
CDIPT,ENSG00000103502,-4.1358,1.851582098808606e-07,6.2743362952525e-07,0.0189,0.3343,0.015,0.228
HNRNPH2,ENSG00000126945,-2.6936,1.9059343437050942e-07,6.455097058469802e-07,0.0565,0.366,0.035,0.247
NME1,ENSG00000239672,-6.924,1.9068582866238837e-07,6.455097058469802e-07,0.0027,0.3416,0.005,0.217
RFXANK,ENSG00000064490,-3.0493,1.915038607303564e-07,6.479504994012413e-07,0.0425,0.3527,0.025,0.239
DOCK10,ENSG00000135905,5.6689,1.9204592915614852e-07,6.494555751057802e-07,0.5036,0.0098,0.219,0.006
TERF2IP,ENSG00000166848,-1.2164,1.9551888869491553e-07,6.608657174055369e-07,0.2232,0.5189,0.104,0.336
PSMD6,ENSG00000163636,-2.3431,1.9940603793306053e-07,6.736635950201877e-07,0.0732,0.3716,0.03,0.248
PACS1,ENSG00000175115,3.5531,2.0047024863433677e-07,6.769164765564891e-07,0.5239,0.0445,0.239,0.03
HPN,ENSG00000105707,-1.8751,2.012963509102036e-07,6.790193574390151e-07,0.1234,0.4528,0.07,0.288
MRPS35,ENSG00000061794,-2.2666,2.0123143984919406e-07,6.790193574390151e-07,0.0795,0.3829,0.04,0.256
EIF4EBP2,ENSG00000148730,-2.0256,2.0160495490756076e-07,6.797170589740526e-07,0.0978,0.3983,0.05,0.266
SMURF1,ENSG00000198742,1.6868,2.0306480275099833e-07,6.839484707886626e-07,0.75,0.2329,0.328,0.141
CETN2,ENSG00000147400,-4.7143,2.0302388652795899e-07,6.839484707886626e-07,0.0123,0.3251,0.005,0.219
PTPN14,ENSG00000152104,3.0824,2.0331046750048354e-07,6.844307522357508e-07,0.5407,0.0637,0.249,0.042
TEAD1,ENSG00000187079,1.2899,2.0963909986362244e-07,7.053801249315538e-07,0.8703,0.3559,0.378,0.22
CLIC5,ENSG00000112782,2.7413,2.1378854395904534e-07,7.189797004544128e-07,0.5974,0.0893,0.259,0.056
MRPL42,ENSG00000198015,-1.988,2.1566293339991942e-07,7.245536882183409e-07,0.108,0.4288,0.075,0.286
TBRG1,ENSG00000154144,-2.2685,2.1564558563300265e-07,7.245536882183409e-07,0.0816,0.3938,0.045,0.26
CAVIN3,ENSG00000170955,-3.8817,2.1995402403143084e-07,7.385987564132361e-07,0.0229,0.3384,0.015,0.226
PMPCB,ENSG00000105819,-2.371,2.2014860792843768e-07,7.388806795748921e-07,0.0748,0.3874,0.045,0.26
ST6GALNAC4,ENSG00000136840,-3.1722,2.285831174779797e-07,7.668039385411483e-07,0.039,0.3525,0.025,0.238
CAMK2D,ENSG00000145349,1.0862,2.292263005585856e-07,7.685755328467838e-07,1.0257,0.483,0.423,0.299
SASH1,ENSG00000111961,2.1246,2.3142622881533851e-07,7.755623593866763e-07,0.6626,0.1519,0.294,0.101
PITHD1,ENSG00000057757,-2.7632,2.3377779563652643e-07,7.83050098824654e-07,0.0517,0.3517,0.03,0.243
CD36,ENSG00000135218,-0.9883,2.399504099061648e-07,8.033227006332204e-07,0.3294,0.6535,0.139,0.38
RIDA,ENSG00000132541,-11.5962,2.447073993133909e-07,8.188380360792272e-07,0.0,0.3095,0.0,0.212
SEZ6L2,ENSG00000174938,-4.4235,2.4641843522348143e-07,8.241505903142878e-07,0.0157,0.3383,0.01,0.221
STK39,ENSG00000198648,2.5455,2.486083153217902e-07,8.310585275446629e-07,0.6017,0.103,0.269,0.068
PSMC4,ENSG00000013275,-3.1978,2.540486950140883e-07,8.488200270130543e-07,0.0365,0.3361,0.015,0.229
RPA3,ENSG00000106399,-1.7836,2.617186377130796e-07,8.740093906428293e-07,0.1297,0.4469,0.075,0.291
PPA2,ENSG00000138777,-0.9375,2.6396588226358886e-07,8.810735270557272e-07,0.3145,0.6024,0.144,0.381
PSMF1,ENSG00000125818,-1.4126,2.6870944522769005e-07,8.964587336042667e-07,0.183,0.4873,0.095,0.318
YTHDF2,ENSG00000198492,-1.2455,2.6991352618953616e-07,9.000261814377993e-07,0.2176,0.5159,0.109,0.334
SRSF6,ENSG00000124193,-2.1294,2.7049592555448384e-07,9.015181071748491e-07,0.0929,0.407,0.055,0.268
CIMAP1B,ENSG00000177989,-3.4883,2.7125269434811405e-07,9.035893992773335e-07,0.0317,0.3567,0.02,0.231
MAT2B,ENSG00000038274,-5.8191,2.7375364505722646e-07,9.114658999687017e-07,0.0055,0.3189,0.005,0.215
FRYL,ENSG00000075539,2.038,2.7595748153197365e-07,9.183457992785511e-07,0.6778,0.165,0.299,0.108
DNAJA2,ENSG00000069345,-2.4914,2.7676211359291283e-07,9.205648190672634e-07,0.0637,0.3585,0.025,0.241
MBNL2,ENSG00000139793,1.3793,2.7926755800608733e-07,9.284360477464695e-07,0.8192,0.3148,0.368,0.198
EVI5,ENSG00000067208,1.362,2.82784960757177e-07,9.396620661180025e-07,0.7962,0.3097,0.363,0.198
ITCH,ENSG00000078747,1.8931,2.836088095012488e-07,9.419309988358234e-07,0.69,0.1857,0.308,0.12
C11orf54,ENSG00000182919,-1.5608,2.962717770010455e-07,9.830100340735135e-07,0.1573,0.4642,0.08,0.296
SLC25A38,ENSG00000144659,-3.7816,2.962246271271184e-07,9.830100340735135e-07,0.0237,0.327,0.01,0.222
ZC3H11A,ENSG00000058673,-11.5947,2.9905458761927784e-07,9.91750541563633e-07,0.0,0.3092,0.0,0.21
CMTM8,ENSG00000170293,-1.033,3.018146205506275e-07,1.0004068737755042e-06,0.3156,0.646,0.164,0.398
SERINC3,ENSG00000132824,-1.4746,3.034993211404011e-07,1.005233293087516e-06,0.1655,0.4602,0.085,0.305
PTOV1,ENSG00000104960,-2.417,3.035717251321335e-07,1.005233293087516e-06,0.0729,0.3898,0.045,0.257
BCL7B,ENSG00000106635,-2.3134,3.042845866383057e-07,1.007094526341548e-06,0.0746,0.3711,0.04,0.253
MLLT10,ENSG00000078403,1.4433,3.0765307536665485e-07,1.0177389253956847e-06,0.8587,0.3157,0.363,0.202
FAM50A,ENSG00000071859,-1.3767,3.190631820763642e-07,1.0549618777663547e-06,0.1892,0.4915,0.1,0.318
EMC2,ENSG00000104412,-2.2617,3.224103438681212e-07,1.0655015767912823e-06,0.0822,0.3945,0.05,0.261
DDIT3,ENSG00000175197,-3.968,3.2264066247379826e-07,1.0657354028993564e-06,0.022,0.3459,0.015,0.224
SRA1,ENSG00000213523,-1.6138,3.2750122155680343e-07,1.0812558866919872e-06,0.1446,0.4428,0.07,0.291
ANKIB1,ENSG00000001629,2.1119,3.309075534729314e-07,1.0919622280858244e-06,0.6564,0.1518,0.294,0.103
F11R,ENSG00000158769,-0.9966,3.331182007359926e-07,1.0987143025756516e-06,0.3052,0.6092,0.154,0.384
COPB2,ENSG00000184432,-1.507,3.341891358547059e-07,1.101702486857641e-06,0.1572,0.4471,0.08,0.295
ERBB3,ENSG00000065361,-1.7033,3.4167104938441347e-07,1.125812007320423e-06,0.1421,0.4628,0.085,0.299
HMOX2,ENSG00000103415,-2.6479,3.493559935439663e-07,1.1505664106904097e-06,0.0567,0.3558,0.03,0.241
WDPCP,ENSG00000143951,3.1265,3.510739334001341e-07,1.15565441162124e-06,0.5071,0.058,0.239,0.032
ASPSCR1,ENSG00000169696,-2.1119,3.5489899061618187e-07,1.1676701272539303e-06,0.0913,0.3951,0.045,0.26
WAC,ENSG00000095787,1.0368,3.5734889107871414e-07,1.1751517693327089e-06,1.0508,0.5121,0.433,0.323
TIPARP,ENSG00000163659,-1.3548,3.588493515170205e-07,1.1795053242038287e-06,0.2157,0.5519,0.114,0.335
TUBA1A,ENSG00000167552,-2.3655,3.618971352460766e-07,1.1889380060543757e-06,0.0768,0.3964,0.045,0.254
ARRDC1,ENSG00000197070,-1.8787,3.7410368802008006e-07,1.2284358565811773e-06,0.1117,0.4112,0.055,0.269
CKS1B,ENSG00000173207,-4.6257,3.856869893083435e-07,1.2658493373908728e-06,0.0129,0.3197,0.01,0.218
PCYOX1,ENSG00000116005,-2.2065,3.9677124640617415e-07,1.3015889758088592e-06,0.0871,0.4026,0.055,0.264
NUBP2,ENSG00000095906,-2.667,3.9720906012025753e-07,1.3023855240761904e-06,0.0552,0.3508,0.03,0.239
SNX9,ENSG00000130340,5.5465,3.976786635336655e-07,1.303285472885845e-06,0.4775,0.0101,0.214,0.007
CSRP1,ENSG00000159176,-1.6009,4.004760158101094e-07,1.3118093720430214e-06,0.1393,0.4229,0.065,0.282
TBC1D22A,ENSG00000054611,1.6766,4.020400533453624e-07,1.3162870177910174e-06,0.7552,0.2362,0.328,0.149
VKORC1,ENSG00000167397,-3.0181,4.0501044246063506e-07,1.3253624425255176e-06,0.0417,0.3385,0.02,0.229
LSM10,ENSG00000181817,-6.5773,4.0695974547485145e-07,1.3310891968788113e-06,0.0031,0.3069,0.005,0.212
RPL7L1,ENSG00000146223,-2.0649,4.438087950557967e-07,1.4509050133028224e-06,0.09,0.3767,0.045,0.257
SLC39A11,ENSG00000133195,2.5843,4.442094407233219e-07,1.4515043319917156e-06,0.5669,0.0944,0.259,0.061
MICAL2,ENSG00000133816,1.2812,4.4471509997310203e-07,1.452446040450048e-06,0.8468,0.3484,0.373,0.209
PSMD13,ENSG00000185627,-2.3905,4.5863362949658424e-07,1.497172048586357e-06,0.0697,0.3658,0.04,0.25
PPP2CB,ENSG00000104695,-1.1543,4.641651433487053e-07,1.514489004604789e-06,0.2516,0.56,0.134,0.353
PDCD2,ENSG00000071994,-3.1174,4.6948516447591053e-07,1.5310993230149444e-06,0.038,0.3304,0.02,0.227
NAALADL2,ENSG00000177694,2.108,4.7152990633319456e-07,1.537017200780579e-06,0.5893,0.1366,0.274,0.07
CCDC12,ENSG00000160799,-1.3774,4.822414212158177e-07,1.5711660742929007e-06,0.1846,0.4797,0.095,0.313
PTBP1,ENSG00000011304,-1.5554,4.891935325592041e-07,1.5930392998356528e-06,0.145,0.4264,0.07,0.282
NXN,ENSG00000167693,2.0563,4.926094523861812e-07,1.6033813511146707e-06,0.6599,0.1586,0.289,0.101
TMEM106B,ENSG00000106460,-2.9158,4.970185161828093e-07,1.6169443105625833e-06,0.0477,0.3609,0.04,0.242
AK6,ENSG00000085231,-5.1111,5.015439867322377e-07,1.630872583926298e-06,0.0088,0.3079,0.005,0.212
MOCS2,ENSG00000164172,-2.7813,5.027797303657578e-07,1.6340952891060321e-06,0.0511,0.3519,0.03,0.237
ORMDL1,ENSG00000128699,-1.4622,5.041168438285136e-07,1.6376441633903903e-06,0.1739,0.4793,0.1,0.314
SNHG15,ENSG00000232956,-4.3262,5.056745614256986e-07,1.6419058802927764e-06,0.0164,0.3315,0.015,0.219
COA6,ENSG00000168275,-3.7458,5.082281593310318e-07,1.6493954694713127e-06,0.0236,0.3182,0.01,0.217
SUMF2,ENSG00000129103,-1.7882,5.233840307312599e-07,1.6977571351404005e-06,0.1264,0.4367,0.08,0.286
TWF1,ENSG00000151239,-3.934,5.263315884504587e-07,1.7064896501265114e-06,0.0209,0.3203,0.015,0.22
FKBP3,ENSG00000100442,-2.348,5.340203870580676e-07,1.7305784401556691e-06,0.0716,0.365,0.035,0.245
SPRY4,ENSG00000187678,-2.5671,5.398789752152763e-07,1.7487156525037973e-06,0.0638,0.3786,0.025,0.235
TRAPPC4,ENSG00000196655,-2.7679,5.450984923851278e-07,1.7647662775764752e-06,0.0518,0.3531,0.03,0.237
MED28,ENSG00000118579,-1.9782,5.454807581669811e-07,1.765148247963792e-06,0.0978,0.3855,0.05,0.261
FARP1,ENSG00000152767,1.3322,5.475451995104575e-07,1.7709706477144534e-06,0.801,0.3181,0.363,0.207
EIF4A3,ENSG00000141543,-2.8933,5.563330525015245e-07,1.7984225937216711e-06,0.0449,0.3342,0.02,0.227
LINC01290,ENSG00000260468,3.9605,5.565712683369807e-07,1.7984225937216711e-06,0.5178,0.0332,0.224,0.022
SMIM1,ENSG00000235169,-11.5929,5.585674733950539e-07,1.8040000748576235e-06,0.0,0.3088,0.0,0.205
CTSA,ENSG00000064601,-1.8998,5.635882312593512e-07,1.819335812750704e-06,0.1117,0.4172,0.065,0.274
CTBP2,ENSG00000175029,1.717,5.656966971370747e-07,1.825260019409914e-06,0.7438,0.2262,0.323,0.153
PGD,ENSG00000142657,-1.2217,5.68696712723254e-07,1.834053763533855e-06,0.205,0.4782,0.085,0.308
NBAS,ENSG00000151779,1.9727,5.754134565847588e-07,1.8548197280548282e-06,0.6405,0.1631,0.294,0.106
CUEDC2,ENSG00000107874,-3.4396,5.759057329971181e-07,1.8555110422999283e-06,0.0305,0.3321,0.02,0.225
SHMT2,ENSG00000182199,-4.518,5.780136730554627e-07,1.8614046877229679e-06,0.0142,0.3265,0.01,0.215
ANKRD11,ENSG00000167522,0.9404,5.883911336888978e-07,1.893910545497903e-06,1.0651,0.5549,0.443,0.345
DNAJB11,ENSG00000090520,-2.8117,5.952394797312225e-07,1.9150310621988606e-06,0.048,0.3375,0.02,0.227
UBE2A,ENSG00000077721,-1.8154,5.973460227223006e-07,1.9208830456245766e-06,0.1137,0.4003,0.06,0.269
LYPLA2,ENSG00000011009,-3.7251,5.983903734430291e-07,1.9233153533330084e-06,0.0242,0.3218,0.015,0.22
CLINT1,ENSG00000113282,-0.7875,6.023516046761708e-07,1.9351160979471596e-06,0.4402,0.7599,0.214,0.458
GPR108,ENSG00000125734,-3.2145,6.03100069616245e-07,1.9365891177725483e-06,0.0366,0.3403,0.025,0.23
ARCN1,ENSG00000095139,-2.5819,6.049751560553712e-07,1.9416766301267777e-06,0.0593,0.3556,0.035,0.241
TAX1BP1,ENSG00000106052,-0.6236,6.15818679544439e-07,1.9755297601716177e-06,0.5633,0.8679,0.264,0.514
FOCAD,ENSG00000188352,2.5125,6.173487696924026e-07,1.979487485729984e-06,0.5699,0.0998,0.259,0.063
EPB41L2,ENSG00000079819,3.9336,6.240377318558691e-07,1.999975053294314e-06,0.4663,0.0304,0.224,0.023
EPB41L4A-AS1,ENSG00000224032,-4.3432,6.278704475451289e-07,2.0112933904814947e-06,0.0156,0.3194,0.01,0.214
GOLIM4,ENSG00000173905,-1.3453,6.302346730812136e-07,2.01693214255363e-06,0.1922,0.4884,0.1,0.314
AKAP1,ENSG00000121057,-1.5751,6.30063772011616e-07,2.01693214255363e-06,0.1515,0.4515,0.08,0.292
RBM6,ENSG00000004534,1.1726,6.35111878132712e-07,2.0315671619005666e-06,0.8823,0.3914,0.393,0.243
PARP1,ENSG00000143799,-1.8395,6.373295763643175e-07,2.037685131899127e-06,0.1131,0.4051,0.06,0.269
STK3,ENSG00000104375,1.3918,6.389606297667869e-07,2.041922510149459e-06,0.7952,0.303,0.353,0.188
DMBT1,ENSG00000187908,-2.1058,6.448757828529298e-07,2.0598399587157903e-06,0.114,0.4911,0.05,0.259
SLC22A23,ENSG00000137266,1.789,6.55417906988458e-07,2.0925125242714677e-06,0.6477,0.1874,0.299,0.108
C9orf152,ENSG00000188959,-4.5372,6.638888361853497e-07,2.118544451448615e-06,0.0135,0.3153,0.01,0.213
ZNF706,ENSG00000120963,-1.1355,6.681379362773281e-07,2.1310856143248684e-06,0.234,0.5143,0.114,0.333
YIPF6,ENSG00000181704,-1.6926,6.880502421961461e-07,2.193550151612439e-06,0.1279,0.4137,0.065,0.275
FAM174A,ENSG00000174132,-3.0793,6.961742322856075e-07,2.2183910770207882e-06,0.0402,0.3409,0.025,0.229
BAZ2B,ENSG00000123636,1.151,6.978424082969762e-07,2.2226463733979514e-06,0.9111,0.4102,0.393,0.256
EXOSC7,ENSG00000075914,-1.8806,7.019755324311725e-07,2.234744795570925e-06,0.1078,0.3972,0.05,0.26
TNFRSF1A,ENSG00000067182,-1.0618,7.295760598101068e-07,2.3215047658273957e-06,0.2759,0.5761,0.139,0.361
ASRGL1,ENSG00000162174,-2.2455,7.349087349574933e-07,2.3373597337052847e-06,0.0807,0.3833,0.045,0.249
CASC15,ENSG00000272168,8.1388,7.355319040930094e-07,2.338228266271875e-06,0.4613,0.0015,0.204,0.001
POLR3GL,ENSG00000121851,-3.1592,7.371204508344203e-07,2.3421634115714048e-06,0.0356,0.3192,0.015,0.219
C5orf24,ENSG00000181904,-1.7415,7.594763076954507e-07,2.4120505273884522e-06,0.1221,0.4085,0.065,0.272
CNN3,ENSG00000117519,-0.7178,7.68943333330459e-07,2.4409565224877072e-06,0.4528,0.7448,0.209,0.454
ETF1,ENSG00000120705,-1.2228,7.72322180618363e-07,2.45051774078387e-06,0.2163,0.5049,0.104,0.326
LMO3,ENSG00000048540,-0.6501,7.734516378769981e-07,2.45293612981029e-06,0.6353,0.997,0.279,0.561
PSD3,ENSG00000156011,2.7358,7.817329917035312e-07,2.4780230904546203e-06,0.5991,0.0899,0.249,0.054
MVB12A,ENSG00000141971,-3.0656,7.848944026813452e-07,2.4868641914177915e-06,0.0385,0.3227,0.015,0.22
PTPN13,ENSG00000163629,-0.7133,7.971123060848039e-07,2.5243779480039853e-06,0.5578,0.9146,0.244,0.509
CCNC,ENSG00000112237,-1.3615,8.012254965374173e-07,2.5362014651058817e-06,0.1873,0.4815,0.104,0.317
FBXW7,ENSG00000109670,2.1004,8.027655000382179e-07,2.5398724655401504e-06,0.6583,0.1534,0.284,0.1
FBXW5,ENSG00000159069,-1.5722,8.054519047918937e-07,2.5471653750497435e-06,0.1402,0.4171,0.07,0.279
PPP2R5A,ENSG00000066027,-1.0195,8.172247432486764e-07,2.5831727686502176e-06,0.2822,0.5721,0.139,0.363
UBXN6,ENSG00000167671,-3.8086,8.217846151746837e-07,2.596357353241113e-06,0.0231,0.3247,0.02,0.22
PLA2G12A,ENSG00000123739,-1.6731,8.280507918563517e-07,2.6149178434083086e-06,0.1314,0.4191,0.075,0.28
GNPTG,ENSG00000090581,-2.5687,8.477762349840204e-07,2.6759439855662914e-06,0.0633,0.3757,0.04,0.242
DCTN2,ENSG00000175203,-1.8958,8.682529740988879e-07,2.739282765236879e-06,0.1068,0.3978,0.06,0.267
TC2N,ENSG00000165929,-1.1629,8.702833269249664e-07,2.7443920399111664e-06,0.2453,0.5494,0.124,0.342
M6PR,ENSG00000003056,-1.2215,8.740565580511114e-07,2.754989972262092e-06,0.1909,0.4452,0.08,0.297
ANAPC15,ENSG00000110200,-4.7286,8.836432152049658e-07,2.783892940733003e-06,0.0114,0.3058,0.005,0.207
GDF15,ENSG00000130513,-1.411,8.863523544201835e-07,2.791111445154364e-06,0.1998,0.5315,0.08,0.294
CRLS1,ENSG00000088766,-1.3917,8.870308878627512e-07,2.791931809630214e-06,0.1742,0.4573,0.09,0.299
STARD7,ENSG00000084090,-1.5165,9.053338122310331e-07,2.848198083792308e-06,0.1559,0.4463,0.085,0.293
RBM42,ENSG00000126254,-4.85,9.102617578621153e-07,2.862353239529693e-06,0.0106,0.3073,0.01,0.21
DDX5,ENSG00000108654,-0.5584,9.142716178169365e-07,2.8736094754820325e-06,1.1682,1.7204,0.488,0.83
HERC1,ENSG00000103657,1.4256,9.155303698975839e-07,2.876212295647207e-06,0.7923,0.2949,0.348,0.186
MED8,ENSG00000159479,-4.3263,9.262619595071608e-07,2.9085583580387055e-06,0.0149,0.3015,0.005,0.207
ATP6AP1-DT,ENSG00000197180,-11.5742,9.315129633279255e-07,2.9236725009714357e-06,0.0,0.3048,0.0,0.201
ITPA,ENSG00000125877,-2.6754,9.454876992474301e-07,2.9661401330547607e-06,0.0547,0.3501,0.035,0.237
EWSR1,ENSG00000182944,-0.9671,9.56082743165145e-07,2.9965634169873313e-06,0.314,0.6139,0.164,0.385
TPM3,ENSG00000143549,-0.7445,9.56082743165145e-07,2.9965634169873313e-06,0.4442,0.7443,0.204,0.453
EIF4G1,ENSG00000114867,-0.8731,9.778404121319195e-07,3.0633190021712434e-06,0.3261,0.5973,0.154,0.378
SOD2,ENSG00000291237,-0.5784,9.793326355128657e-07,3.066555402058336e-06,0.8529,1.2736,0.343,0.652
FLOT1,ENSG00000137312,-1.144,9.936942378873188e-07,3.11006739215061e-06,0.2326,0.5142,0.109,0.33
CASP4,ENSG00000196954,-1.2079,1.00366132027894e-06,3.139791081097443e-06,0.2277,0.5262,0.119,0.336
SMIM15,ENSG00000188725,-2.2662,1.0100260683671542e-06,3.158222898232314e-06,0.0695,0.3349,0.025,0.231
PCSK5,ENSG00000099139,2.3318,1.0186762557469696e-06,3.183780398752461e-06,0.5557,0.1103,0.259,0.066
BACH1,ENSG00000156273,1.8275,1.0198401635512756e-06,3.1859272461922216e-06,0.6828,0.1923,0.303,0.13
CLASP2,ENSG00000163539,1.9538,1.0231837977797919e-06,3.1948782540304955e-06,0.6358,0.1641,0.289,0.105
FBXL17,ENSG00000145743,1.897,1.053875302424722e-06,3.2891743667732324e-06,0.6274,0.1684,0.289,0.102
BNC2,ENSG00000173068,4.3491,1.0780567928422358e-06,3.363073946470478e-06,0.5382,0.0263,0.214,0.016
UBR2,ENSG00000024048,1.7446,1.0797779604143174e-06,3.366870680488901e-06,0.7085,0.2114,0.313,0.139
ZNF106,ENSG00000103994,-0.8984,1.0989696149521064e-06,3.4251134196290805e-06,0.3515,0.6552,0.174,0.399
TSR2,ENSG00000158526,-4.6105,1.107847073890308e-06,3.4511709918439214e-06,0.0122,0.3015,0.01,0.209
CALCRL-AS1,ENSG00000224063,2.9623,1.1167087965711183e-06,3.476326094413365e-06,0.5235,0.0671,0.229,0.03
TMEM131,ENSG00000075568,1.7877,1.1169629882633748e-06,3.476326094413365e-06,0.6999,0.2027,0.308,0.133
FIBP,ENSG00000172500,-3.3876,1.1181923665581862e-06,3.4785313536293086e-06,0.0305,0.3203,0.02,0.22
YWHAH,ENSG00000128245,-2.364,1.1437918214884922e-06,3.5565109756618434e-06,0.0703,0.3621,0.04,0.241
MAP2K3,ENSG00000034152,-1.3266,1.1500504616956952e-06,3.574307600588901e-06,0.1913,0.4799,0.095,0.308
CDK13,ENSG00000065883,1.6425,1.159851668889203e-06,3.603092696051622e-06,0.6592,0.2111,0.313,0.136
MAP3K13,ENSG00000073803,-0.7992,1.1626667435983704e-06,3.610158614827297e-06,0.4339,0.7552,0.214,0.454
SERINC1,ENSG00000111897,-0.8968,1.1718168392731352e-06,3.636879493264531e-06,0.3096,0.5766,0.149,0.368
METTL23,ENSG00000181038,-3.06,1.1823333609367475e-06,3.6678144531799984e-06,0.0384,0.3212,0.02,0.22
DDX3X,ENSG00000215301,-0.6932,1.1853354948442084e-06,3.6754205060652123e-06,0.4731,0.7649,0.209,0.458
HIVEP2,ENSG00000010818,1.9447,1.1891997303210863e-06,3.6856914147631256e-06,0.6347,0.1648,0.284,0.096
KAT6A,ENSG00000083168,1.7211,1.2098010156482411e-06,3.74780194040566e-06,0.7041,0.2135,0.313,0.143
KLF7,ENSG00000118263,3.324,1.213512489395956e-06,3.757556753210751e-06,0.4924,0.0491,0.229,0.035
AGTPBP1,ENSG00000135049,2.411,1.224666457160357e-06,3.7903370099045522e-06,0.5666,0.1065,0.259,0.072
CTDSP2,ENSG00000175215,-1.3654,1.2301408754444348e-06,3.805516862942742e-06,0.1727,0.4451,0.09,0.297
SNRPA,ENSG00000077312,-2.7192,1.237087126198142e-06,3.825233757350644e-06,0.0523,0.3451,0.025,0.227
LSS,ENSG00000160285,-1.505,1.2538840058495248e-06,3.87537773024941e-06,0.1509,0.4284,0.07,0.275
EBNA1BP2,ENSG00000117395,-2.3551,1.2546893051837823e-06,3.87607302003815e-06,0.0685,0.3511,0.035,0.236
FAH,ENSG00000103876,-3.0433,1.276669597556296e-06,3.94215267779866e-06,0.0404,0.3339,0.025,0.224
MYO5A,ENSG00000197535,3.8879,1.298677121956847e-06,4.008255313100639e-06,0.5012,0.0338,0.219,0.024
HACD2,ENSG00000206527,-1.5302,1.3022575556010473e-06,4.017449521413115e-06,0.146,0.422,0.075,0.278
RAB5B,ENSG00000111540,-1.4723,1.3117199709010824e-06,4.044772708055554e-06,0.1586,0.4404,0.08,0.287
COA5,ENSG00000183513,-3.6581,1.316922665291237e-06,4.058941615819184e-06,0.0254,0.3221,0.02,0.217
DHRS4,ENSG00000157326,-4.3909,1.3233417216674403e-06,4.076844722793742e-06,0.0152,0.32,0.005,0.204
ACADL,ENSG00000115361,-1.34,1.335515261208815e-06,4.1124510971017405e-06,0.2081,0.5269,0.109,0.32
SNAPIN,ENSG00000143553,-3.5411,1.3569636126581237e-06,4.176571414259727e-06,0.0271,0.3169,0.015,0.214
STOX2,ENSG00000173320,1.9042,1.3719624304871562e-06,4.220790913507009e-06,0.6023,0.1608,0.279,0.089
ERBIN,ENSG00000112851,1.3708,1.3994893192275793e-06,4.303494089834716e-06,0.8079,0.3123,0.353,0.203
CEBPZOS,ENSG00000218739,-6.5369,1.4012799679422321e-06,4.307017444034132e-06,0.0031,0.2984,0.005,0.202
CCPG1,ENSG00000260916,-1.1229,1.4160040408148888e-06,4.3502718438834606e-06,0.2423,0.5278,0.124,0.339
CFAP298,ENSG00000159079,-3.0949,1.4342142107006096e-06,4.404191592307757e-06,0.0374,0.3207,0.02,0.219
COBL,ENSG00000106078,1.7428,1.4359396567932408e-06,4.407463680019327e-06,0.6275,0.1874,0.299,0.12
RASD1,ENSG00000108551,-3.9191,1.443186666751617e-06,4.427672828311461e-06,0.0231,0.3505,0.015,0.212
NEK7,ENSG00000151414,1.6987,1.4542869952547828e-06,4.4596799087725874e-06,0.7063,0.2175,0.313,0.143
SMCHD1,ENSG00000101596,1.4448,1.4586624363675454e-06,4.471044705139438e-06,0.7924,0.291,0.343,0.189
BOD1,ENSG00000145919,-5.06,1.4599775351024433e-06,4.473022916031752e-06,0.0085,0.2863,0.005,0.203
NUDT22,ENSG00000149761,-3.2523,1.4698771790634142e-06,4.501288252620148e-06,0.0327,0.3127,0.015,0.214
MRPS14,ENSG00000120333,-5.4495,1.471864838154313e-06,4.505309465642831e-06,0.0067,0.2964,0.005,0.202
ILK,ENSG00000166333,-2.1679,1.4730807906894589e-06,4.506965918925742e-06,0.0802,0.3607,0.045,0.245
GGCX,ENSG00000115486,-2.1428,1.4835111250623851e-06,4.536799818814867e-06,0.0869,0.3839,0.055,0.253
GLIS3,ENSG00000107249,1.4869,1.523318018139551e-06,4.65640322341147e-06,0.7807,0.2785,0.333,0.167
FAM204A,ENSG00000165669,-1.3383,1.5297266282932773e-06,4.6738536826947844e-06,0.1797,0.4545,0.09,0.298
CAPN1,ENSG00000014216,-1.2911,1.5511989180741528e-06,4.737291986199025e-06,0.1924,0.4711,0.1,0.304
NIPBL,ENSG00000164190,0.9917,1.5616924716747851e-06,4.767159057731211e-06,0.9744,0.49,0.418,0.303
RAB4A,ENSG00000168118,-1.7723,1.5634480188028058e-06,4.770337742158036e-06,0.1189,0.4063,0.075,0.272
MYC,ENSG00000136997,-2.616,1.594777296019563e-06,4.863706648454183e-06,0.0586,0.3599,0.025,0.225
RABGEF1,ENSG00000154710,2.3489,1.6062749869998365e-06,4.896536119658561e-06,0.5266,0.1033,0.254,0.064
RASA2,ENSG00000155903,1.9117,1.614890101656093e-06,4.920552458467631e-06,0.6418,0.1705,0.289,0.109
PRPF31,ENSG00000105618,-4.6024,1.6317046354910826e-06,4.969519042610551e-06,0.0123,0.3006,0.01,0.206
ITPR3,ENSG00000096433,-0.8574,1.640941422494661e-06,4.993656871961167e-06,0.37,0.6704,0.189,0.409
PDHB,ENSG00000168291,-3.0472,1.6411254430236205e-06,4.993656871961167e-06,0.0393,0.3259,0.025,0.222
LDB2,ENSG00000169744,6.5435,1.6474555264926182e-06,5.010635456031055e-06,0.4845,0.0051,0.199,0.003
COPS5,ENSG00000121022,-3.0783,1.651956100010688e-06,5.0220367737694064e-06,0.0388,0.328,0.03,0.225
SCAMP3,ENSG00000116521,-1.9515,1.6684556450604033e-06,5.0698886502995605e-06,0.0981,0.3796,0.05,0.25
PMF1,ENSG00000160783,-1.9661,1.6725739773570522e-06,5.080091675656094e-06,0.0954,0.3729,0.045,0.248
TPRG1,ENSG00000188001,6.6841,1.6944509038210736e-06,5.144198903009523e-06,0.4683,0.0045,0.199,0.003
WDR13,ENSG00000101940,-1.9861,1.6987577060162142e-06,5.1549308125771445e-06,0.0971,0.3848,0.065,0.261
THYN1,ENSG00000151500,-11.4707,1.7094431926471296e-06,5.1850004921390455e-06,0.0,0.2837,0.0,0.196
FPGS,ENSG00000136877,-2.9441,1.7178842194804847e-06,5.2082381760826865e-06,0.043,0.3318,0.025,0.223
UBE2M,ENSG00000130725,-2.9591,1.7288142686465662e-06,5.238997504668973e-06,0.042,0.3271,0.025,0.222
GPHN,ENSG00000171723,1.3021,1.7404600982814064e-06,5.271897050531298e-06,0.811,0.3288,0.353,0.185
CAMK1D,ENSG00000183049,1.4356,1.7625323969762678e-06,5.336334487490704e-06,0.7699,0.2846,0.328,0.154
NBDY,ENSG00000204272,-1.1995,1.7706971733558244e-06,5.358625473875646e-06,0.2079,0.4776,0.104,0.311
CLIP4,ENSG00000115295,2.8487,1.7722816452984525e-06,5.3609914442700924e-06,0.527,0.0731,0.239,0.05
ZNHIT3,ENSG00000273611,-3.5287,1.790201100028119e-06,5.412744747436762e-06,0.0272,0.3147,0.02,0.215
MT-ND4,ENSG00000198886,-0.6242,1.8525765788246114e-06,5.59880496378714e-06,1.6017,2.4689,0.552,0.933
DENND4A,ENSG00000174485,1.7798,1.8764317161676825e-06,5.668334433416531e-06,0.647,0.1883,0.294,0.116
TOB2,ENSG00000183864,-2.3368,1.884261992676752e-06,5.689414940817372e-06,0.0707,0.3577,0.04,0.238
POLDIP2,ENSG00000004142,-2.1164,1.8922643311540808e-06,5.7109956926245395e-06,0.0844,0.3664,0.055,0.251
PRKCI,ENSG00000163558,-0.9561,1.8977584181019078e-06,5.724990277553135e-06,0.3146,0.6105,0.154,0.375
ATG3,ENSG00000144848,-1.82,1.927320022980867e-06,5.8115442137648804e-06,0.1083,0.3827,0.06,0.259
ILF3-DT,ENSG00000267100,-3.4362,1.9304007749499244e-06,5.818207028831473e-06,0.0294,0.3194,0.02,0.215
CCDC88A,ENSG00000115355,3.0351,1.9334862576473176e-06,5.82487808517205e-06,0.5547,0.0676,0.234,0.047
MYL6B,ENSG00000196465,-3.2352,1.9489125133160615e-06,5.8687045430288435e-06,0.0342,0.3225,0.025,0.218
MSRB2,ENSG00000148450,-2.6173,1.9587774898994153e-06,5.8957525259297855e-06,0.0543,0.3334,0.03,0.227
ARIH1,ENSG00000166233,1.1922,1.9901371646305715e-06,5.987444199354769e-06,0.8877,0.3884,0.378,0.238
KLF13,ENSG00000169926,-0.9852,2.0064437308455955e-06,6.0337855372884885e-06,0.2954,0.5849,0.149,0.364
CAMTA1,ENSG00000171735,-0.8243,2.008975259122149e-06,6.0386794580003745e-06,0.3933,0.6965,0.204,0.427
PLEKHJ1,ENSG00000104886,-2.7665,2.017485734002029e-06,6.061532711380815e-06,0.05,0.3405,0.035,0.229
C9orf78,ENSG00000136819,-3.0887,2.0540051206375406e-06,6.168480306087291e-06,0.0373,0.3181,0.025,0.219
APIP,ENSG00000149089,-2.2685,2.070967380222328e-06,6.215213605909732e-06,0.0737,0.3553,0.04,0.237
SMG6,ENSG00000070366,2.2047,2.071427681801926e-06,6.215213605909732e-06,0.564,0.1223,0.264,0.081
CTNND1,ENSG00000198561,0.9305,2.1145114328889816e-06,6.341635321178944e-06,0.9545,0.5007,0.423,0.31
GALNT3,ENSG00000115339,-1.5126,2.128879180491181e-06,6.381859984964363e-06,0.1563,0.4463,0.09,0.288
BICD1,ENSG00000151746,4.1124,2.137086193487716e-06,6.403588464021739e-06,0.4355,0.0251,0.209,0.016
SCAPER,ENSG00000140386,1.2659,2.166611387459504e-06,6.489146841633196e-06,0.7698,0.3201,0.353,0.196
RNPEP,ENSG00000176393,-2.1143,2.1681339565606502e-06,6.49079636748928e-06,0.0837,0.3629,0.05,0.246
TENT2,ENSG00000164329,1.7665,2.173511220864232e-06,6.503979141645253e-06,0.6657,0.1956,0.299,0.128
PAM,ENSG00000145730,1.0589,2.1902865392160294e-06,6.5512421833514825e-06,0.9605,0.461,0.398,0.282
SREK1IP1,ENSG00000153006,-1.9155,2.210287085248303e-06,6.608105390498396e-06,0.1009,0.381,0.055,0.254
RNF11,ENSG00000123091,-1.3564,2.2164196193423243e-06,6.62347500563194e-06,0.1723,0.4414,0.09,0.29
RAPGEF2,ENSG00000109756,1.439,2.2202709985433697e-06,6.6320169943073194e-06,0.7099,0.2618,0.328,0.161
IDH3B,ENSG00000101365,-3.8486,2.2214194596052313e-06,6.632481256461037e-06,0.0211,0.3049,0.02,0.212
SLC40A1,ENSG00000138449,-1.6528,2.2359060083189323e-06,6.669770535757993e-06,0.1219,0.3836,0.05,0.252
NDUFS4,ENSG00000164258,-1.0405,2.235245565369526e-06,6.669770535757993e-06,0.2545,0.5237,0.124,0.338
PDHA1,ENSG00000131828,-3.3656,2.2494864566375264e-06,6.70728573387591e-06,0.03,0.3105,0.02,0.214
CAVIN1,ENSG00000177469,-1.3131,2.2543082302514965e-06,6.718663395738396e-06,0.1834,0.4558,0.085,0.292
FNIP1,ENSG00000217128,1.4054,2.2613090875136762e-06,6.736522477923213e-06,0.7709,0.291,0.343,0.191
MCRIP1,ENSG00000225663,-2.2349,2.294849242868305e-06,6.833391927381814e-06,0.0738,0.3477,0.04,0.237
FAM136A,ENSG00000035141,-3.0588,2.3416938186412e-06,6.969774070723963e-06,0.0377,0.315,0.02,0.215
TMEM30A,ENSG00000112697,-0.7361,2.375677381191572e-06,7.067772485068379e-06,0.3837,0.6391,0.174,0.402
ETFA,ENSG00000140374,-1.0416,2.3817234259351038e-06,7.08260496964406e-06,0.2424,0.4992,0.119,0.326
HOOK2,ENSG00000095066,-1.0828,2.3914806810797914e-06,7.10845548239071e-06,0.257,0.5446,0.134,0.345
TMPRSS2,ENSG00000184012,-0.824,2.4100454347806616e-06,7.160450826912829e-06,0.3784,0.67,0.174,0.405
SLIT2,ENSG00000145147,4.7252,2.412353530594386e-06,7.164121489924369e-06,0.5182,0.0195,0.204,0.013
PAPOLA,ENSG00000090060,-0.6981,2.4194686818507583e-06,7.182058367147206e-06,0.4479,0.7268,0.209,0.448
CCNDBP1,ENSG00000166946,-2.2915,2.4357307826318975e-06,7.226037392755935e-06,0.07,0.3432,0.035,0.232
MAP3K5,ENSG00000197442,1.8164,2.436448002468388e-06,7.226037392755935e-06,0.6794,0.1928,0.294,0.121
IAH1,ENSG00000134330,-1.9657,2.4379727678591152e-06,7.227350251456294e-06,0.0981,0.3836,0.06,0.256
MRPS18A,ENSG00000096080,-11.4456,2.444170931436812e-06,7.242510049275273e-06,0.0,0.2788,0.0,0.193
THUMPD3-AS1,ENSG00000206573,-2.0395,2.4498433336124957e-06,7.256099168602154e-06,0.0929,0.3823,0.06,0.252
SSRP1,ENSG00000149136,-2.4,2.460230324040238e-06,7.280406882704807e-06,0.0637,0.3368,0.04,0.233
RANBP17,ENSG00000204764,1.9396,2.460230324040238e-06,7.280406882704807e-06,0.6048,0.1576,0.274,0.092
TMEM101,ENSG00000091947,-2.9425,2.4729324240718593e-06,7.314754499723626e-06,0.0419,0.3226,0.025,0.22
NR2F6,ENSG00000160113,-3.4871,2.4930201499965883e-06,7.368188520921889e-06,0.0271,0.3051,0.015,0.208
NELFE,ENSG00000204356,-3.4397,2.4932034821505417e-06,7.368188520921889e-06,0.0278,0.303,0.015,0.209
ALAS1,ENSG00000023330,-2.8409,2.5073589885759856e-06,7.406745106014598e-06,0.0458,0.3288,0.025,0.219
UGCG,ENSG00000148154,1.4898,2.539631457419906e-06,7.498761496068767e-06,0.8327,0.2964,0.343,0.198
WDR45,ENSG00000196998,-3.8419,2.5517892550714794e-06,7.531330284853032e-06,0.0214,0.3081,0.015,0.208
TOLLIP,ENSG00000078902,-2.8591,2.5893591374480762e-06,7.638838197445097e-06,0.0437,0.3176,0.025,0.219
THADA,ENSG00000115970,2.1665,2.600408697744096e-06,7.66804842924186e-06,0.5487,0.1221,0.259,0.074
BRMS1,ENSG00000174744,-6.6463,2.6684451498741985e-06,7.86520086319937e-06,0.0027,0.2818,0.005,0.196
NUDT8,ENSG00000167799,-3.7167,2.6731456886771266e-06,7.875580085873193e-06,0.023,0.3038,0.01,0.203
FURIN,ENSG00000140564,-2.3441,2.6880832111763234e-06,7.916096899226924e-06,0.0681,0.346,0.04,0.233
CYBA,ENSG00000051523,-3.1179,2.6908435834173445e-06,7.920733492130649e-06,0.0398,0.3465,0.025,0.217
CTSZ,ENSG00000101160,-1.2076,2.698349742052834e-06,7.939329483335189e-06,0.1926,0.445,0.085,0.292
ARFGEF1,ENSG00000066777,1.5795,2.71780058000313e-06,7.993038341629636e-06,0.6807,0.2277,0.313,0.149
AP3B1,ENSG00000132842,1.5664,2.743609448896229e-06,8.065390629039574e-06,0.7362,0.2485,0.323,0.165
BMP2K,ENSG00000138756,2.7814,2.764486454588967e-06,8.123187430796178e-06,0.5564,0.0808,0.239,0.057
PLEKHG1,ENSG00000120278,3.9479,2.7669168157592603e-06,8.126753479532146e-06,0.4571,0.0295,0.209,0.019
SIGIRR,ENSG00000185187,-2.1246,2.76823411733998e-06,8.12704864602801e-06,0.0826,0.3607,0.045,0.242
TTC39A,ENSG00000085831,-2.8067,2.774118644838303e-06,8.140746234127868e-06,0.0464,0.3252,0.025,0.22
EXOSC4,ENSG00000178896,-11.4637,2.8534916655555135e-06,8.369991582892084e-06,0.0,0.2823,0.0,0.192
POP7,ENSG00000172336,-3.1231,2.865096823625234e-06,8.400343145299795e-06,0.0347,0.3027,0.015,0.208
PUM2,ENSG00000055917,1.16,2.949656217682098e-06,8.644472960903349e-06,0.8775,0.3927,0.383,0.25
GTF2F1,ENSG00000125651,-3.3925,2.9967635461872535e-06,8.778677072361696e-06,0.0298,0.3143,0.025,0.214
IFI27L2,ENSG00000119632,-4.0699,3.004319142667778e-06,8.796952018359532e-06,0.0184,0.3112,0.01,0.201
RSRC2,ENSG00000111011,-0.8809,3.0431489237329616e-06,8.906744812275393e-06,0.3277,0.6036,0.159,0.378
MORN2,ENSG00000188010,-4.826,3.1132831649941255e-06,9.108023766533405e-06,0.0101,0.2879,0.005,0.197
ISOC1,ENSG00000066583,-3.6568,3.161742132752909e-06,9.245742427608004e-06,0.0232,0.2941,0.015,0.205
LEPROT,ENSG00000213625,-0.9343,3.163354467843111e-06,9.246408967494152e-06,0.2521,0.4818,0.104,0.316
GPRC5A,ENSG00000013588,-0.6328,3.189491542041811e-06,9.318728787969053e-06,0.7433,1.1526,0.323,0.608
BCL3,ENSG00000069399,-2.7154,3.227558870185496e-06,9.425826713585014e-06,0.0536,0.3527,0.035,0.226
FRMD4A,ENSG00000151474,5.0919,3.262974878219991e-06,9.525091438650054e-06,0.4609,0.0134,0.199,0.01
LINC00513,ENSG00000233559,2.0431,3.280583775742726e-06,9.572310632671763e-06,0.5318,0.129,0.254,0.064
LCOR,ENSG00000196233,1.9389,3.3092123399871356e-06,9.651628479814008e-06,0.631,0.1645,0.279,0.106
TGOLN2,ENSG00000152291,-1.1783,3.32415990286223e-06,9.690992575825768e-06,0.2027,0.4589,0.1,0.301
ARHGEF1,ENSG00000076928,-1.4376,3.3473107247614217e-06,9.75422702036716e-06,0.1675,0.4539,0.09,0.288
OAZ2,ENSG00000180304,-2.0399,3.4024674171880992e-06,9.910632306759405e-06,0.0856,0.3523,0.045,0.24
SNED1,ENSG00000162804,2.1835,3.4232818291104344e-06,9.966913398704705e-06,0.5705,0.1255,0.254,0.07
SMC4,ENSG00000113810,-1.0925,3.459750130726908e-06,1.006870201443356e-05,0.2419,0.5159,0.119,0.323
PTPRE,ENSG00000132334,1.2274,3.5484400845803657e-06,1.0322313294822413e-05,0.8621,0.3681,0.363,0.23
SORBS1,ENSG00000095637,1.8977,3.564163913277804e-06,1.0363539737388966e-05,0.6471,0.1736,0.279,0.106
PSMG1,ENSG00000183527,-3.5101,3.568557853257204e-06,1.0371800653570439e-05,0.0258,0.2953,0.015,0.206
TPD52L1,ENSG00000111907,-2.5355,3.580732850249392e-06,1.0402659724582728e-05,0.0575,0.334,0.035,0.224
PBX3,ENSG00000167081,2.1373,3.6057247963092282e-06,1.0470711267195362e-05,0.6105,0.1387,0.264,0.087
MAGEH1,ENSG00000187601,-11.4198,3.632461955088011e-06,1.0543769403751772e-05,0.0,0.2739,0.0,0.19
CD46,ENSG00000117335,-0.544,3.6641608135977173e-06,1.0631159893144725e-05,0.6729,0.9811,0.299,0.56
COL8A1,ENSG00000144810,1.2503,3.6838404555760566e-06,1.0683617196175633e-05,0.8545,0.3591,0.353,0.213
SS18L2,ENSG00000008324,-3.399,3.685440535628626e-06,1.0683618636051907e-05,0.0279,0.2949,0.015,0.206
PIH1D1,ENSG00000104872,-2.2412,3.688242279098307e-06,1.0687102031278782e-05,0.0715,0.3386,0.04,0.232
SVIL,ENSG00000197321,1.1529,3.6983989990641885e-06,1.0711116654497966e-05,0.8137,0.3659,0.368,0.227
CERS6,ENSG00000172292,2.6194,3.699737404091452e-06,1.0711116654497966e-05,0.5195,0.0845,0.239,0.057
PPP1R1B,ENSG00000131771,-4.3249,3.7374018248842806e-06,1.0815470878857067e-05,0.0155,0.313,0.01,0.199
ARFIP2,ENSG00000132254,-3.4559,3.8435779749375146e-06,1.1117911344568064e-05,0.0269,0.296,0.015,0.205
PIGA,ENSG00000165195,-2.1791,3.851500171243107e-06,1.1136004174776066e-05,0.0803,0.3641,0.04,0.233
PTTG1IP,ENSG00000183255,-0.7255,3.895141839586463e-06,1.1257313866983118e-05,0.4073,0.6736,0.189,0.416
GUSB,ENSG00000169919,-5.2119,3.906549155487993e-06,1.1285398706533004e-05,0.0077,0.2885,0.01,0.197
WDFY3,ENSG00000163625,1.7697,3.943808913926791e-06,1.1388110564685274e-05,0.6531,0.1915,0.289,0.119
RTN3,ENSG00000133318,-0.8695,3.95207161443408e-06,1.1407038164565783e-05,0.3047,0.5568,0.149,0.361
TP53I11,ENSG00000175274,-2.1783,3.976529017366516e-06,1.147267270280387e-05,0.0741,0.3355,0.035,0.227
RNF114,ENSG00000124226,-1.4518,4.0164552477587945e-06,1.1582860362599737e-05,0.1474,0.4032,0.07,0.269
DPYD-AS1,ENSG00000232878,3.0882,4.035179909226445e-06,1.1626819074082581e-05,0.4789,0.0562,0.214,0.024
CMTM6,ENSG00000091317,-1.0135,4.0337253989010474e-06,1.1626819074082581e-05,0.2405,0.4857,0.114,0.317
SIK2,ENSG00000170145,1.7802,4.061447207995683e-06,1.1697458345063892e-05,0.6153,0.1791,0.284,0.11
NFU1,ENSG00000169599,-2.8907,4.063497074122951e-06,1.1698317654339307e-05,0.0407,0.3026,0.02,0.211
PSMD7,ENSG00000103035,-0.9433,4.090825278618144e-06,1.1771918154196718e-05,0.2647,0.5091,0.124,0.331
NIFK,ENSG00000155438,-3.1731,4.104851099836683e-06,1.1807192289323516e-05,0.0344,0.3113,0.02,0.209
CHRAC1,ENSG00000104472,-4.5517,4.12085222009412e-06,1.1848115358591748e-05,0.0122,0.2895,0.01,0.198
UTP11,ENSG00000183520,-1.9992,4.168164417601207e-06,1.1978148340253448e-05,0.0819,0.3279,0.03,0.224
CTSS,ENSG00000163131,-0.8635,4.169665352760783e-06,1.1978148340253448e-05,0.2882,0.5244,0.119,0.336
EIF4EBP1,ENSG00000187840,-3.1301,4.178982717332721e-06,1.1996323602947639e-05,0.041,0.3601,0.025,0.213
UROD,ENSG00000126088,-3.2012,4.179584522242724e-06,1.1996323602947639e-05,0.0344,0.3174,0.025,0.212
SGMS2,ENSG00000164023,-0.7792,4.230433694782984e-06,1.2137056120041044e-05,0.4377,0.7512,0.204,0.424
RTL8C,ENSG00000134590,-4.3867,4.261595055158806e-06,1.222120797484142e-05,0.0144,0.3027,0.015,0.201
TMEM60,ENSG00000135211,-4.1862,4.327222459135838e-06,1.240408532384904e-05,0.0159,0.291,0.01,0.198
UBE2D3,ENSG00000109332,-0.5492,4.3785322977165994e-06,1.2545781731638424e-05,0.7751,1.1342,0.348,0.631
TMEM11,ENSG00000178307,-3.3017,4.383569228419641e-06,1.2554827991687299e-05,0.0301,0.298,0.02,0.209
MIR22HG,ENSG00000186594,-2.1582,4.406779042836222e-06,1.2615892510545704e-05,0.0817,0.3651,0.045,0.236
PRKCH,ENSG00000027075,2.2831,4.506296150597771e-06,1.2891594262590348e-05,0.5433,0.1115,0.249,0.07
PTS,ENSG00000150787,-2.0176,4.50694304583747e-06,1.2891594262590348e-05,0.0893,0.3618,0.055,0.244
MRPL12,ENSG00000262814,-3.7207,4.565529346906902e-06,1.3053583265407191e-05,0.0225,0.298,0.015,0.202
EPB41L3,ENSG00000082397,3.5313,4.5918012440875575e-06,1.3123081090826187e-05,0.5202,0.0449,0.214,0.032
NAP1L1,ENSG00000187109,-0.5648,4.603175638559048e-06,1.3149961544027323e-05,0.6819,1.0086,0.299,0.558
ASH1L,ENSG00000116539,0.8543,4.715204110230095e-06,1.3464236106125182e-05,0.9992,0.5527,0.433,0.338
AKAP13-AS1,ENSG00000259367,2.472,4.7610155065370925e-06,1.358924041374412e-05,0.4563,0.0822,0.224,0.033
CD2BP2,ENSG00000169217,-4.5378,4.767838531912275e-06,1.3602901988313578e-05,0.0122,0.2857,0.015,0.2
EIF2AK1,ENSG00000086232,-1.6795,4.799001726472307e-06,1.3685966067937036e-05,0.1193,0.3822,0.065,0.258
LARGE1,ENSG00000133424,1.8719,4.815173309831463e-06,1.3726223873821744e-05,0.5994,0.1637,0.269,0.089
CCBE1,ENSG00000183287,7.5691,4.822933486951494e-06,1.3742479846138664e-05,0.4732,0.0024,0.189,0.002
VBP1,ENSG00000155959,-2.6713,4.912250406527344e-06,1.3991010859358692e-05,0.0495,0.3162,0.03,0.218
ZCCHC7,ENSG00000147905,1.5958,5.081851927164029e-06,1.4467898133643883e-05,0.6652,0.22,0.303,0.139
ELF2,ENSG00000109381,1.3571,5.100027431149756e-06,1.4513456843906783e-05,0.7257,0.2832,0.333,0.183
CCDC115,ENSG00000136710,-4.1772,5.17852435141509e-06,1.4730563945102804e-05,0.0152,0.2765,0.005,0.193
TMEM30B,ENSG00000182107,-2.8353,5.327600835019188e-06,1.5148167721197597e-05,0.0432,0.3092,0.025,0.212
EDNRB,ENSG00000136160,-4.0263,5.4496564763540926e-06,1.54886194066251e-05,0.018,0.2942,0.01,0.197
CYTH1,ENSG00000108669,1.4364,5.480391061946056e-06,1.5569345768922886e-05,0.7932,0.293,0.333,0.192
RHOC,ENSG00000155366,-2.2937,5.513056713301189e-06,1.5655487154820852e-05,0.0687,0.3374,0.04,0.227
VCAN,ENSG00000038427,4.4564,5.515999859299856e-06,1.5657187870915317e-05,0.5142,0.0233,0.199,0.015
CALCOCO2,ENSG00000136436,-0.9839,5.556571546618395e-06,1.576565053520147e-05,0.2517,0.4979,0.114,0.322
VPS13C,ENSG00000129003,1.0705,5.58947293185609e-06,1.5852267393574025e-05,0.8478,0.4036,0.383,0.255
PPP2CA,ENSG00000113575,-1.2057,5.648202207128872e-06,1.6012029941177306e-05,0.1923,0.4437,0.095,0.292
MPDU1,ENSG00000129255,-2.7466,5.668715336811219e-06,1.606336433371325e-05,0.0476,0.3199,0.035,0.22
RBPMS-AS1,ENSG00000254109,-4.4165,5.700226353924363e-06,1.6145806538533004e-05,0.0141,0.3031,0.01,0.196
ROCK2,ENSG00000134318,1.4572,5.860104870801213e-06,1.659162375247194e-05,0.7573,0.2758,0.328,0.183
MANBAL,ENSG00000101363,-11.3655,6.056596795448425e-06,1.714068220203391e-05,0.0,0.2637,0.0,0.185
RAB27A,ENSG00000069974,-0.7291,6.13325183431332e-06,1.7350270648614426e-05,0.4343,0.72,0.214,0.435
GRPEL1,ENSG00000109519,-4.4492,6.169413904719139e-06,1.744518013108346e-05,0.0128,0.2808,0.01,0.195
CS,ENSG00000062485,-1.9929,6.182972480760961e-06,1.7476120693610857e-05,0.0883,0.3519,0.05,0.238
MYG1,ENSG00000139637,-3.0713,6.188228613063884e-06,1.74835782177046e-05,0.0366,0.3084,0.025,0.209
RAB20,ENSG00000139832,-1.3066,6.3425297938091196e-06,1.7911947777104064e-05,0.1813,0.4486,0.095,0.289
MRPL50,ENSG00000136897,-3.8005,6.372656809937613e-06,1.798942300658213e-05,0.0201,0.2811,0.01,0.195
LRG1,ENSG00000171236,-4.2728,6.395228823871271e-06,1.8045514708338072e-05,0.0151,0.2946,0.01,0.195
GTF2IRD1,ENSG00000006704,2.2689,6.451765996148184e-06,1.819735856768316e-05,0.5475,0.1135,0.249,0.075
GTDC1,ENSG00000121964,3.5151,6.499589736682832e-06,1.8324508168554087e-05,0.4669,0.0407,0.209,0.028
BCAS2,ENSG00000116752,-2.5464,6.578346845053845e-06,1.853872513844499e-05,0.0533,0.3119,0.03,0.217
SURF2,ENSG00000148291,-5.5143,6.729344291939844e-06,1.8948267506688962e-05,0.0059,0.2739,0.005,0.189
MTPN,ENSG00000105887,-1.484,6.7274454231323585e-06,1.8948267506688962e-05,0.1406,0.3934,0.075,0.265
CLNS1A,ENSG00000074201,-1.3063,6.857984787444611e-06,1.93023516204562e-05,0.1655,0.4095,0.08,0.271
RBBP7,ENSG00000102054,-1.6894,6.900898871646667e-06,1.941495516585008e-05,0.1136,0.3667,0.06,0.249
C15orf40,ENSG00000169609,-3.6946,6.9779074798554705e-06,1.9623344866507237e-05,0.0232,0.3015,0.02,0.203
CHMP4A,ENSG00000254505,-4.2944,7.0084468757053315e-06,1.970093294732151e-05,0.0146,0.2886,0.02,0.2
CCDC102B,ENSG00000150636,5.0256,7.024011792247214e-06,1.9728080218847408e-05,0.5045,0.0154,0.194,0.012
CCDC85A,ENSG00000055813,5.8004,7.022280725748511e-06,1.9728080218847408e-05,0.4215,0.0075,0.189,0.006
SLC4A2,ENSG00000164889,-2.3576,7.041840752678087e-06,1.9769842113130283e-05,0.0637,0.3271,0.035,0.221
ANXA2,ENSG00000182718,-0.5263,7.143440607583913e-06,2.0046655385736537e-05,0.8356,1.2035,0.358,0.633
ACTR10,ENSG00000131966,-1.3083,7.147966185183514e-06,2.0050930764737794e-05,0.1727,0.4279,0.09,0.283
NUDT21,ENSG00000167005,-2.0819,7.1663480423176855e-06,2.0094054817229143e-05,0.0785,0.3327,0.04,0.227
LRRC36,ENSG00000159708,-1.7454,7.225067719211652e-06,2.025020029232674e-05,0.1266,0.4246,0.06,0.251
VEGFB,ENSG00000173511,-2.1097,7.278615667723334e-06,2.039172568990107e-05,0.0798,0.3449,0.045,0.228
GINM1,ENSG00000055211,-1.5567,7.2816869859522994e-06,2.039177667889954e-05,0.1289,0.3793,0.06,0.253
DEGS1,ENSG00000143753,-1.8246,7.314010743977972e-06,2.0473712388528446e-05,0.1042,0.3694,0.06,0.248
PDLIM5,ENSG00000163110,1.6543,7.378551863435171e-06,2.064572597230143e-05,0.6734,0.2139,0.299,0.141
ARHGAP42,ENSG00000165895,3.8741,7.404000275135675e-06,2.0708257050934326e-05,0.4201,0.0286,0.199,0.017
ALG2,ENSG00000119523,-2.7831,7.411026306246002e-06,2.0719231770371307e-05,0.0438,0.3021,0.02,0.206
FRG1,ENSG00000109536,-2.8113,7.611699056753481e-06,2.1271354811739122e-05,0.0434,0.3053,0.02,0.205
TCP1,ENSG00000120438,-1.6397,7.6207848930194946e-06,2.1287838686941535e-05,0.1197,0.3734,0.065,0.253
TRIP6,ENSG00000087077,-2.2656,7.65696344268373e-06,2.1379957706389897e-05,0.0697,0.3354,0.04,0.226
STARD13,ENSG00000133121,1.6531,7.67928800745563e-06,2.1433332470453887e-05,0.6331,0.2012,0.289,0.123
ILF3,ENSG00000129351,-0.9222,7.690338754944634e-06,2.1455209918243612e-05,0.2748,0.5208,0.129,0.335
OAT,ENSG00000065154,-1.8382,7.723040655378627e-06,2.153744824103292e-05,0.0991,0.3545,0.055,0.242
NGRN,ENSG00000182768,-3.7721,7.732795781253434e-06,2.1555652346824575e-05,0.0226,0.3106,0.015,0.197
LCN2,ENSG00000148346,-2.659,7.785295298301263e-06,2.1692944220840274e-05,0.0602,0.381,0.03,0.215
TIMM9,ENSG00000100575,-4.4048,7.794852366362679e-06,2.171051666177495e-05,0.0132,0.281,0.015,0.196
PSMD9,ENSG00000110801,-2.7644,7.813726306620986e-06,2.175401333969219e-05,0.0457,0.3112,0.02,0.206
BICC1,ENSG00000122870,8.1722,7.823865103256315e-06,2.177316459360372e-05,0.4446,0.0014,0.184,0.001
SRP19,ENSG00000153037,-1.4531,7.849129630644612e-06,2.1834376011276702e-05,0.1498,0.4104,0.08,0.268
PTP4A3,ENSG00000184489,-3.1025,7.922616585148342e-06,2.2029623718653526e-05,0.0367,0.3163,0.02,0.203
SH3GLB1,ENSG00000097033,-1.0637,7.938727172740775e-06,2.2065234617867512e-05,0.2335,0.4881,0.119,0.317
ARPP19,ENSG00000128989,-0.8722,7.9704841325002e-06,2.214428599041965e-05,0.2955,0.541,0.144,0.347
NDUFAF4,ENSG00000123545,-11.3759,7.982773657071001e-06,2.2169208006477017e-05,0.0,0.2657,0.0,0.183
DCAF11,ENSG00000100897,-2.5797,8.037738314189684e-06,2.2312574480662052e-05,0.0511,0.3057,0.025,0.21
NCBP2,ENSG00000114503,-2.2059,8.060276677911241e-06,2.2365844591511915e-05,0.0699,0.3229,0.035,0.221
FAM32A,ENSG00000105058,-3.2372,8.065920701422712e-06,2.2372211114951118e-05,0.0311,0.2943,0.02,0.202
TMEM259,ENSG00000182087,-1.4222,8.183890258303035e-06,2.268999710884432e-05,0.1544,0.4139,0.08,0.272
PPP1R12A,ENSG00000058272,1.3829,8.192481797686986e-06,2.2704392500726712e-05,0.8036,0.3081,0.338,0.203
MCU,ENSG00000156026,1.4368,8.196780799786111e-06,2.2706884679291347e-05,0.6655,0.2458,0.308,0.145
CDK17,ENSG00000059758,2.6574,8.214860167440994e-06,2.2747533606276286e-05,0.5121,0.0811,0.229,0.054
TXNDC12,ENSG00000117862,-1.9382,8.307572308277089e-06,2.2994726666797627e-05,0.0846,0.3243,0.035,0.222
ARHGEF10,ENSG00000104728,3.6913,8.367011027907277e-06,2.314965478682382e-05,0.4358,0.0336,0.204,0.024
TSPYL2,ENSG00000184205,-2.2254,8.410387421171898e-06,2.3260032126711018e-05,0.0715,0.3346,0.03,0.218
RAD1,ENSG00000113456,-2.9137,8.428622418175818e-06,2.3300815037664025e-05,0.0411,0.3106,0.03,0.211
PVT1,ENSG00000249859,3.5097,8.442176021401812e-06,2.332862790523074e-05,0.4618,0.0404,0.204,0.024
IPO7,ENSG00000205339,-0.78,8.491853315608676e-06,2.3456198633147372e-05,0.3428,0.5886,0.164,0.371
UBE2V2,ENSG00000169139,-1.822,8.50550407836846e-06,2.348419253386645e-05,0.1043,0.3691,0.07,0.252
ARL3,ENSG00000138175,-2.3407,8.540617220882546e-06,2.3571397693501867e-05,0.0635,0.3223,0.035,0.219
SH3PXD2B,ENSG00000174705,5.3288,8.779290075870152e-06,2.4200114905793128e-05,0.4451,0.011,0.189,0.008
GPN3,ENSG00000111231,-2.8292,8.777453581134699e-06,2.4200114905793128e-05,0.0423,0.3012,0.025,0.208
CAPG,ENSG00000042493,-1.5237,8.774087627560115e-06,2.4200114905793128e-05,0.1266,0.3642,0.05,0.24
CHID1,ENSG00000177830,-3.4078,8.816711872223517e-06,2.4293241994464055e-05,0.0272,0.2893,0.02,0.202
PRKAB1,ENSG00000111725,-2.4089,8.837019936708128e-06,2.433915717825715e-05,0.0618,0.3289,0.035,0.219
TADA3,ENSG00000171148,-3.9324,8.962307522973412e-06,2.46740527394639e-05,0.0182,0.2799,0.015,0.196
SLC38A1,ENSG00000111371,-0.8617,8.986065379399468e-06,2.472926685991308e-05,0.285,0.518,0.124,0.328
CPM,ENSG00000135678,-0.5741,8.999220526157981e-06,2.4755269313924693e-05,0.7568,1.1267,0.318,0.607
AHSA1,ENSG00000100591,-2.0968,9.034390942724128e-06,2.484178555226614e-05,0.0745,0.319,0.035,0.22
PRKD1,ENSG00000184304,1.8686,9.246900574923831e-06,2.5415657999965542e-05,0.5875,0.1608,0.264,0.091
HSDL2,ENSG00000119471,-0.8632,9.274281531413833e-06,2.548043041888646e-05,0.3359,0.6111,0.179,0.382
PSMA6,ENSG00000100902,-1.0292,9.30756461853066e-06,2.5561358588472976e-05,0.2844,0.5805,0.144,0.338
CFAP97,ENSG00000164323,-1.4432,9.412352256905366e-06,2.5838512422470587e-05,0.1521,0.4137,0.085,0.272
FMN1,ENSG00000248905,1.283,9.487889591134386e-06,2.6035174436806312e-05,0.8425,0.3462,0.343,0.209
TIMM17A,ENSG00000134375,-1.7792,9.514960066286264e-06,2.609873440769033e-05,0.0962,0.3305,0.035,0.224
JOSD2,ENSG00000161677,-3.0475,9.556700004600195e-06,2.6191710845598977e-05,0.0372,0.3083,0.025,0.207
EMP2,ENSG00000213853,-0.5445,9.556036101805057e-06,2.6191710845598977e-05,0.9096,1.3268,0.378,0.693
DAZAP1,ENSG00000071626,-1.381,9.656115448352669e-06,2.6453320377172876e-05,0.1503,0.3917,0.075,0.263
PTPRC,ENSG00000081237,3.895,9.68566146513123e-06,2.6523383733338043e-05,0.4994,0.0335,0.199,0.021
EHF,ENSG00000135373,-1.2035,9.739940917263921e-06,2.6661092371477757e-05,0.205,0.4722,0.109,0.301
CARMIL1,ENSG00000079691,1.2872,9.762614774093614e-06,2.671220978130735e-05,0.7235,0.2964,0.333,0.188
FUCA2,ENSG00000001036,-3.3607,9.994915238443941e-06,2.7336625256988976e-05,0.0285,0.2937,0.025,0.204
NHSL1,ENSG00000135540,1.114,1.0039359773481113e-05,2.74469438915597e-05,0.8013,0.3702,0.363,0.225
FBXO11,ENSG00000138081,1.3757,1.0107781467071865e-05,2.7622697388941484e-05,0.722,0.2782,0.323,0.175
MRPL9,ENSG00000143436,-11.3344,1.0270116498569141e-05,2.8054849936173124e-05,0.0,0.2581,0.0,0.181
EZR,ENSG00000092820,-0.5335,1.0385948107144384e-05,2.835966778725157e-05,0.9286,1.3441,0.393,0.696
EIF3J,ENSG00000104131,-1.0704,1.057007570673228e-05,2.8850647995612958e-05,0.2313,0.4859,0.119,0.308
SAR1B,ENSG00000152700,-1.1894,1.0652252364029822e-05,2.906306925627254e-05,0.1986,0.4531,0.104,0.296
LRCH1,ENSG00000136141,3.001,1.0792310542645079e-05,2.943317358690342e-05,0.4522,0.0564,0.214,0.038
PRKRA,ENSG00000180228,-1.4011,1.0910743903785398e-05,2.9744023891176603e-05,0.1532,0.4049,0.085,0.273
CAST,ENSG00000153113,-0.5282,1.0922806109059156e-05,2.9764758058917218e-05,0.8058,1.1621,0.368,0.639
TSIX,ENSG00000270641,2.9481,1.0951126812446729e-05,2.9829761819058604e-05,0.5745,0.0744,0.209,0.031
ENSG00000225885,ENSG00000225885,3.4031,1.1215761111977747e-05,3.0538144503424124e-05,0.4095,0.0386,0.199,0.019
CHMP1B,ENSG00000255112,-2.0228,1.1237441559654512e-05,3.0584707488562544e-05,0.0798,0.3246,0.04,0.222
DOK4,ENSG00000125170,-3.4372,1.1289871526702538e-05,3.071488876857281e-05,0.026,0.2822,0.01,0.192
HDAC2,ENSG00000196591,-1.4942,1.1347618622478096e-05,3.0859423770167426e-05,0.1349,0.3803,0.07,0.254
CD55,ENSG00000196352,-0.5796,1.1396611048432157e-05,3.0980042813381514e-05,0.8297,1.24,0.348,0.659
TRPT1,ENSG00000149743,-6.3875,1.1402503690268297e-05,3.098345083291374e-05,0.0031,0.269,0.005,0.184
SF3B4,ENSG00000143368,-3.8423,1.1424528594813785e-05,3.1030673641627194e-05,0.02,0.2882,0.015,0.194
JAK2,ENSG00000096968,2.8317,1.1478186849690747e-05,3.1163743889871746e-05,0.4281,0.06,0.214,0.037
ATXN7L3B,ENSG00000253719,-3.134,1.1494806342414909e-05,3.119618511214513e-05,0.0325,0.2859,0.015,0.196
ENOSF1,ENSG00000132199,-0.8766,1.1507484228228194e-05,3.1217907051314425e-05,0.3086,0.5667,0.159,0.354
PSMD12,ENSG00000197170,-1.7024,1.1653440162813899e-05,3.160102592262851e-05,0.1141,0.3715,0.065,0.25
TASP1,ENSG00000089123,2.0167,1.1931780830310477e-05,3.2342680262030716e-05,0.5379,0.1329,0.254,0.086
ATP6V1D,ENSG00000100554,-1.2083,1.1995956646712174e-05,3.2503446021659476e-05,0.195,0.4508,0.109,0.298
VEZF1,ENSG00000136451,-1.8229,1.2022793683007542e-05,3.2562951747286035e-05,0.1009,0.3573,0.06,0.242
LINC02889,ENSG00000236039,2.3369,1.2034785606563017e-05,3.25822185108368e-05,0.524,0.1036,0.224,0.044
RAPGEF6,ENSG00000158987,2.0572,1.207954568017564e-05,3.269014813528894e-05,0.5623,0.135,0.254,0.085
KCNJ8,ENSG00000121361,-11.3689,1.2129465423488402e-05,3.281194798034793e-05,0.0,0.2644,0.0,0.179
LAMP2,ENSG00000005893,-0.974,1.2163272483314114e-05,3.2890079723099174e-05,0.237,0.4656,0.109,0.305
CDC42BPA,ENSG00000143776,1.3648,1.2193398678489905e-05,3.2958199018063164e-05,0.6748,0.262,0.318,0.169
PTK2,ENSG00000169398,1.3045,1.2232417084005194e-05,3.3050288715238956e-05,0.7658,0.31,0.333,0.2
TAF12,ENSG00000120656,-3.7645,1.2315885791934383e-05,3.326235390389395e-05,0.0208,0.2843,0.015,0.194
HMGB2,ENSG00000164104,-2.6045,1.2676512821631423e-05,3.4222485503506984e-05,0.0517,0.3151,0.03,0.21
METTL9,ENSG00000197006,-1.525,1.2719185504768115e-05,3.4323814135897475e-05,0.1245,0.3584,0.06,0.245
HEXB,ENSG00000049860,-1.5719,1.2769435386110746e-05,3.444550038119292e-05,0.123,0.3658,0.065,0.247
P3H2,ENSG00000090530,-0.8272,1.2798798671247452e-05,3.451076961052149e-05,0.3906,0.6931,0.199,0.405
TACC2,ENSG00000138162,-0.523,1.2934169740390617e-05,3.4861710934652515e-05,0.9301,1.3365,0.388,0.671
UBA1,ENSG00000130985,-1.4355,1.3004370910977558e-05,3.503678633094761e-05,0.1388,0.3756,0.065,0.252
AFDN,ENSG00000130396,0.883,1.3029339479573096e-05,3.508990257422125e-05,0.9468,0.5133,0.408,0.317
IFT25,ENSG00000081870,-2.8634,1.3062403819025564e-05,3.516477029716717e-05,0.0413,0.3012,0.025,0.203
OXLD1,ENSG00000204237,-4.4431,1.3266108778998567e-05,3.5698767338812014e-05,0.0123,0.2694,0.005,0.184
FAM3A,ENSG00000071889,-3.8407,1.3400230004042632e-05,3.6045161577527485e-05,0.019,0.2742,0.01,0.19
SYS1,ENSG00000204070,-3.1781,1.3423168053389223e-05,3.609232666207191e-05,0.0314,0.285,0.02,0.198
CBX5,ENSG00000094916,-2.0208,1.3428678756080735e-05,3.6092613847832285e-05,0.0837,0.3398,0.05,0.23
CDC42EP3,ENSG00000163171,-1.8526,1.3477450448258508e-05,3.620912773287151e-05,0.1,0.3615,0.055,0.237
NR1D1,ENSG00000126368,-2.9214,1.3578286119554494e-05,3.64653691164071e-05,0.0426,0.3232,0.02,0.201
PTGES2,ENSG00000148334,-3.6234,1.3621056205761496e-05,3.656552829512903e-05,0.023,0.285,0.02,0.197
SCYL1,ENSG00000142186,-2.975,1.3671428546230781e-05,3.6686006934622494e-05,0.0375,0.2958,0.025,0.202
TPGS2,ENSG00000134779,-1.7526,1.3696681301557141e-05,3.673900980445789e-05,0.1132,0.3818,0.075,0.252
PYM1,ENSG00000170473,-2.5432,1.3722447433236684e-05,3.679334661043268e-05,0.0528,0.3081,0.03,0.21
AKAP12,ENSG00000131016,5.6097,1.3773647894465718e-05,3.691580830141915e-05,0.478,0.0097,0.184,0.007
CXCL3,ENSG00000163734,-3.9122,1.3793425103912265e-05,3.6953985667480954e-05,0.0241,0.3637,0.015,0.192
USP24,ENSG00000162402,1.8647,1.3900311191893615e-05,3.722447283672902e-05,0.5537,0.152,0.264,0.098
HDAC4,ENSG00000068024,2.397,1.3905533721760579e-05,3.722447283672902e-05,0.4781,0.0907,0.229,0.057
CCDC85B,ENSG00000175602,-4.4585,1.4061642817109261e-05,3.762728861196825e-05,0.0126,0.2793,0.015,0.191
SPSB3,ENSG00000162032,-2.6128,1.4388698293042467e-05,3.848703079664824e-05,0.0502,0.3077,0.025,0.205
BRWD1,ENSG00000185658,1.335,1.4468382581842865e-05,3.8684678648570254e-05,0.7563,0.2997,0.333,0.197
TANC2,ENSG00000170921,0.85,1.4500967050681271e-05,3.87562860870349e-05,1.0228,0.5674,0.418,0.324
AP1S1,ENSG00000106367,-4.042,1.4577269842848527e-05,3.894463411215413e-05,0.0168,0.2777,0.015,0.191
MACROD1,ENSG00000133315,-2.0246,1.4761660109750945e-05,3.942148255618815e-05,0.078,0.3176,0.03,0.213
PSMD2,ENSG00000175166,-1.5152,1.4808482156912714e-05,3.953071635732215e-05,0.1311,0.375,0.07,0.254
POLR1H,ENSG00000066379,-4.9236,1.513816402161994e-05,4.0394645425649056e-05,0.0088,0.2696,0.01,0.186
C1GALT1,ENSG00000106392,-1.3849,1.5221283151832177e-05,4.060021971688782e-05,0.1611,0.421,0.09,0.274
CAPN8,ENSG00000203697,-0.9723,1.5279361594554897e-05,4.073886470659966e-05,0.2739,0.5375,0.134,0.329
RPS6KB2,ENSG00000175634,-2.2937,1.5493251303994814e-05,4.1292667781077956e-05,0.0649,0.3185,0.04,0.219
PLPBP,ENSG00000147471,-3.119,1.5610009809599267e-05,4.158725788524671e-05,0.0327,0.2848,0.02,0.197
PRPF38B,ENSG00000134186,-1.0246,1.5760214184280424e-05,4.1970682032220475e-05,0.2461,0.5007,0.129,0.322
ESRRA,ENSG00000173153,-2.0197,1.57944944339278e-05,4.204520857879784e-05,0.0833,0.338,0.045,0.226
PPP1R12B,ENSG00000077157,1.834,1.5857885067253154e-05,4.219713719688598e-05,0.5464,0.1532,0.264,0.099
SLC43A3,ENSG00000134802,-1.4622,1.599895911513822e-05,4.255557464357156e-05,0.141,0.3887,0.07,0.255
IFNAR2,ENSG00000159110,2.4154,1.6015794299770778e-05,4.258339575165964e-05,0.5098,0.0955,0.234,0.067
DNTTIP1,ENSG00000101457,-2.1585,1.6087668821895175e-05,4.275747714342932e-05,0.0712,0.3182,0.035,0.216
GOLPH3,ENSG00000113384,-0.7479,1.6118253837645436e-05,4.2821725291023816e-05,0.375,0.6299,0.189,0.391
RNF187,ENSG00000168159,-1.8844,1.614396617556925e-05,4.287298214180001e-05,0.0862,0.3184,0.04,0.22
SMARCD3,ENSG00000082014,-2.7432,1.6180687534107965e-05,4.295342290950203e-05,0.0442,0.2965,0.025,0.203
MON2,ENSG00000061987,1.474,1.639824695280707e-05,4.3513663646324366e-05,0.652,0.2346,0.303,0.15
TGIF1,ENSG00000177426,-1.4878,1.6417151232382156e-05,4.352923901591124e-05,0.1436,0.4029,0.075,0.258
TPGS1,ENSG00000141933,-3.1126,1.6412145137944416e-05,4.352923901591124e-05,0.0339,0.294,0.02,0.198
TMEM33,ENSG00000109133,-2.0703,1.7131974058615995e-05,4.54065296577366e-05,0.0802,0.337,0.05,0.227
ZNF83,ENSG00000167766,2.4756,1.746054815080477e-05,4.625902463277472e-05,0.4832,0.0868,0.229,0.06
CACFD1,ENSG00000160325,-3.147,1.7531480063228033e-05,4.6428531063560684e-05,0.0327,0.2907,0.02,0.196
STX3,ENSG00000166900,-1.4345,1.7669991052900312e-05,4.677680152291763e-05,0.1472,0.3981,0.085,0.263
KLHL29,ENSG00000119771,2.5713,1.80570542929472e-05,4.7782514113547684e-05,0.4918,0.0827,0.219,0.047
ECHDC3,ENSG00000134463,-4.8598,1.8355422625879317e-05,4.8552818898316025e-05,0.0088,0.2576,0.005,0.181
COPRS,ENSG00000172301,-2.557,1.837585156952958e-05,4.858761386891847e-05,0.0502,0.296,0.03,0.206
TRRAP,ENSG00000196367,2.0376,1.8583213843668906e-05,4.9116456375886276e-05,0.5004,0.1218,0.244,0.076
KHDRBS1,ENSG00000121774,-0.6817,1.877825564873826e-05,4.9612329698545434e-05,0.3825,0.6136,0.184,0.392
MRPL24,ENSG00000143314,-2.8886,1.8812429471174348e-05,4.968296419057868e-05,0.0392,0.2911,0.02,0.197
MDM2,ENSG00000135679,1.5535,1.8831440516682773e-05,4.9713514312618274e-05,0.6978,0.2377,0.303,0.156
UFD1,ENSG00000070010,-2.1184,1.8847931557090948e-05,4.973739030810369e-05,0.0711,0.3091,0.035,0.213
HNRNPL,ENSG00000104824,-1.1528,1.8865706522356983e-05,4.9764634227023025e-05,0.2048,0.4554,0.104,0.289
GPD1L,ENSG00000152642,-2.3454,1.8917853674669436e-05,4.988248902215442e-05,0.0648,0.3296,0.045,0.22
BOK,ENSG00000176720,-3.091,1.9034085881021317e-05,5.016916321994529e-05,0.0338,0.2884,0.02,0.196
TET3,ENSG00000187605,2.4862,1.9062287901604925e-05,5.022367688158552e-05,0.4663,0.0831,0.224,0.055
SLC1A3,ENSG00000079215,6.039,1.913361086172814e-05,5.039171409522171e-05,0.4244,0.0064,0.179,0.005
FLI1,ENSG00000151702,5.895,1.9188399306999527e-05,5.051608946450526e-05,0.4069,0.0067,0.179,0.004
SCPEP1,ENSG00000121064,-0.9194,1.9216819045879168e-05,5.057097494382465e-05,0.2538,0.4801,0.119,0.31
DNTTIP2,ENSG00000067334,-2.8019,1.941035603765268e-05,5.1060168560646814e-05,0.0398,0.2784,0.015,0.192
CYP51A1,ENSG00000001630,-0.9182,1.9524217768618305e-05,5.1319264256828674e-05,0.2902,0.5484,0.124,0.317
MED21,ENSG00000152944,-1.332,1.9522905406805014e-05,5.1319264256828674e-05,0.1695,0.4268,0.1,0.28
TIMM50,ENSG00000105197,-4.2478,1.9567572871881976e-05,5.1392772006016404e-05,0.0135,0.2589,0.005,0.181
DOCK11,ENSG00000147251,4.2904,1.9566915292845367e-05,5.1392772006016404e-05,0.4311,0.0219,0.189,0.016
LYRM1,ENSG00000102897,-4.4136,1.967504001550017e-05,5.165471394006511e-05,0.0123,0.2642,0.01,0.185
ZFP36L1,ENSG00000185650,-0.5115,1.971341526505778e-05,5.173512791957599e-05,0.916,1.3057,0.368,0.672
WWC3,ENSG00000047644,-0.8149,1.9844958152545256e-05,5.205988825642175e-05,0.3331,0.5861,0.159,0.361
SEC22B,ENSG00000265808,-1.4024,2.019644924724796e-05,5.296116392711784e-05,0.145,0.3834,0.075,0.255
NTHL1,ENSG00000065057,-4.0952,2.0259569063555308e-05,5.310583272193324e-05,0.0156,0.2686,0.01,0.185
COPG1,ENSG00000181789,-1.4462,2.0268407213024568e-05,5.310815683632447e-05,0.1343,0.366,0.065,0.245
SNRNP27,ENSG00000124380,-3.1953,2.0399368164725285e-05,5.343034508713733e-05,0.0309,0.2835,0.02,0.195
CLIC2,ENSG00000155962,-1.2943,2.0688659797246802e-05,5.4166820378601094e-05,0.1627,0.3991,0.08,0.263
ZSCAN16-AS1,ENSG00000269293,-3.3931,2.0931313473507968e-05,5.478065936111274e-05,0.0269,0.284,0.015,0.191
ARHGEF7,ENSG00000102606,1.8043,2.0964292608035896e-05,5.4845479956549846e-05,0.5794,0.1658,0.269,0.112
CHD9,ENSG00000177200,0.8513,2.1074815948577013e-05,5.511303669559353e-05,0.9352,0.5183,0.413,0.323
TRMT10C,ENSG00000174173,-4.7533,2.122778043176879e-05,5.549132896429892e-05,0.0095,0.2596,0.005,0.18
LETMD1,ENSG00000050426,-1.6654,2.1414739387872094e-05,5.595815507495998e-05,0.12,0.3807,0.075,0.249
NXT1,ENSG00000132661,-11.2698,2.1502330520654976e-05,5.6143106156158944e-05,0.0,0.2468,0.0,0.174
CHTF8,ENSG00000168802,-11.3172,2.1502330520654976e-05,5.6143106156158944e-05,0.0,0.2551,0.0,0.174
AUTS2,ENSG00000158321,1.0326,2.1581598417989887e-05,5.63280562070162e-05,0.8987,0.4393,0.373,0.244
SLC9C1,ENSG00000172139,3.2076,2.1604710351223496e-05,5.636635173274287e-05,0.4115,0.0445,0.194,0.019
KIAA1328,ENSG00000150477,1.9714,2.1711909855134197e-05,5.6623914846716635e-05,0.5136,0.1309,0.244,0.077
VWA1,ENSG00000179403,-2.0455,2.176278851350044e-05,5.673445139799744e-05,0.0805,0.3325,0.05,0.224
C1orf53,ENSG00000203724,-11.3203,2.1793370162055426e-05,5.679200909573476e-05,0.0,0.2556,0.0,0.174
THAP7,ENSG00000184436,-3.8303,2.1921967264240243e-05,5.710484374331536e-05,0.0187,0.2678,0.01,0.185
HPS1,ENSG00000107521,-2.2802,2.205791883030527e-05,5.743658474370717e-05,0.0649,0.3157,0.04,0.214
ACSL5,ENSG00000197142,-1.421,2.2139134936345107e-05,5.762239553387069e-05,0.1532,0.4104,0.09,0.267
LIMK2,ENSG00000182541,2.1717,2.2146532315533173e-05,5.762239553387069e-05,0.4815,0.1068,0.239,0.075
DCTD,ENSG00000129187,-2.4581,2.2220635613154158e-05,5.779268896427439e-05,0.0568,0.3125,0.04,0.213
PSMD14,ENSG00000115233,-1.7914,2.2380757645342896e-05,5.8186485135556715e-05,0.103,0.3568,0.065,0.238
KALRN,ENSG00000160145,4.5176,2.2667966085962935e-05,5.8910251162702896e-05,0.3852,0.0167,0.184,0.012
ISCA1,ENSG00000135070,-5.7628,2.2701272067079503e-05,5.8973860807477246e-05,0.0046,0.2536,0.005,0.178
TRIM8,ENSG00000171206,-1.4943,2.2716426540439058e-05,5.8990284939188356e-05,0.1349,0.3803,0.075,0.253
UBL7,ENSG00000138629,-5.1044,2.2778660598880845e-05,5.9128905612096836e-05,0.0077,0.2678,0.01,0.182
DOCK8,ENSG00000107099,1.9981,2.2944902177916252e-05,5.953729667688526e-05,0.5943,0.1487,0.254,0.097
COPS3,ENSG00000141030,-3.3556,2.3006197354075915e-05,5.9673161991407006e-05,0.0265,0.2718,0.015,0.19
NTN4,ENSG00000074527,-0.8406,2.3046891187006074e-05,5.975550707997421e-05,0.3379,0.6051,0.169,0.362
TMEM98,ENSG00000006042,-2.3867,2.316938407391581e-05,6.004979287143333e-05,0.0573,0.3003,0.03,0.204
HADHB,ENSG00000138029,-1.1019,2.32281527325595e-05,6.01787556636016e-05,0.2125,0.4562,0.114,0.3
LINC00467,ENSG00000153363,-3.7367,2.331967998605009e-05,6.0392455458250705e-05,0.0211,0.2829,0.015,0.188
MTX1,ENSG00000173171,-2.7526,2.346777592839138e-05,6.074103384274174e-05,0.0434,0.2932,0.03,0.202
ROBO2,ENSG00000185008,5.598,2.347246718791981e-05,6.074103384274174e-05,0.4703,0.0096,0.179,0.007
UBLCP1,ENSG00000164332,-1.7313,2.375795440373816e-05,6.145599436970069e-05,0.1141,0.3791,0.08,0.25
VMA21,ENSG00000160131,-3.353,2.3842734759579683e-05,6.165142294201807e-05,0.0263,0.2696,0.015,0.189
BCCIP,ENSG00000107949,-1.6917,2.3914268151547023e-05,6.181246013319759e-05,0.1121,0.3623,0.065,0.241
CRELD2,ENSG00000184164,-3.3506,2.4325114597340482e-05,6.285007365401821e-05,0.0269,0.2758,0.015,0.189
EMP3,ENSG00000142227,-2.8294,2.447114157809459e-05,6.320292134574393e-05,0.045,0.3204,0.025,0.199
SOCS2,ENSG00000120833,-3.4669,2.450044687858068e-05,6.325414947894872e-05,0.029,0.3217,0.02,0.192
FZD5,ENSG00000163251,-2.2788,2.4549363252736852e-05,6.335594944552915e-05,0.0632,0.3069,0.035,0.21
MAT2A,ENSG00000168906,-1.0012,2.4634371806574733e-05,6.355077995214857e-05,0.2268,0.454,0.114,0.296
SMAD3,ENSG00000166949,2.0391,2.4998792310903504e-05,6.446599762336853e-05,0.5624,0.1368,0.249,0.092
NUDT4,ENSG00000173598,-1.4535,2.5088612688363895e-05,6.4672653085906e-05,0.1307,0.358,0.065,0.243
SRPRB,ENSG00000144867,-2.8811,2.5329636947502836e-05,6.526876742761244e-05,0.0407,0.3007,0.03,0.2
TUBA4A,ENSG00000127824,-3.6583,2.5398663721154707e-05,6.540051447132526e-05,0.0217,0.2755,0.015,0.187
TMEM106C,ENSG00000134291,-4.2218,2.5400349534154476e-05,6.540051447132526e-05,0.0136,0.2563,0.005,0.178
MYCBP2,ENSG00000005810,1.1766,2.5630614281146603e-05,6.596796639066596e-05,0.8369,0.3702,0.353,0.237
PPM1L,ENSG00000163590,2.7782,2.5938430661842157e-05,6.673450631373027e-05,0.4641,0.0676,0.209,0.041
EFEMP1,ENSG00000115380,-0.6693,2.6673931578510154e-05,6.860038082898318e-05,0.3702,0.5887,0.164,0.367
LSM12,ENSG00000161654,-1.8778,2.6839554834301077e-05,6.899976394853614e-05,0.0933,0.3431,0.06,0.233
AGER,ENSG00000204305,-1.276,2.7122553434856742e-05,6.970047494859876e-05,0.1936,0.469,0.09,0.274
LYPLA1,ENSG00000120992,-0.8665,2.728089832610756e-05,7.008043073848938e-05,0.2832,0.5164,0.144,0.337
TMEM63B,ENSG00000137216,-0.9273,2.7692509246470258e-05,7.108781466964058e-05,0.2914,0.5542,0.159,0.345
MRPL2,ENSG00000112651,-4.4169,2.7694339537416496e-05,7.108781466964058e-05,0.0122,0.2636,0.01,0.181
KIAA1217,ENSG00000120549,1.6152,2.7745634405284188e-05,7.118124400616206e-05,0.608,0.1984,0.279,0.126
HSD17B7,ENSG00000132196,-1.9293,2.7752052611475673e-05,7.118124400616206e-05,0.0862,0.3285,0.045,0.219
ABCF1,ENSG00000204574,-1.5043,2.7922189157492886e-05,7.159013488786756e-05,0.1309,0.3716,0.07,0.247
PSMG3,ENSG00000157778,-2.6626,2.7960029103669216e-05,7.165964481327962e-05,0.0439,0.2786,0.02,0.193
MLST8,ENSG00000167965,-2.8495,2.80358553082642e-05,7.182642025465922e-05,0.0386,0.2789,0.02,0.193
CLN3,ENSG00000188603,-2.1878,2.8211370761911913e-05,7.224836860383806e-05,0.069,0.3149,0.04,0.213
RRP7A,ENSG00000189306,-2.6182,2.8313068388661086e-05,7.248102099190011e-05,0.0476,0.2928,0.03,0.201
NFAT5,ENSG00000102908,0.9688,2.841230119549578e-05,7.270718761866525e-05,0.879,0.449,0.383,0.278
TMX4,ENSG00000125827,-3.7543,2.8470496186133068e-05,7.282820529574215e-05,0.0204,0.2762,0.02,0.19
ABI3BP,ENSG00000154175,5.0599,2.860704008859165e-05,7.31494719570075e-05,0.4624,0.0138,0.179,0.009
CLPTM1,ENSG00000104853,-1.9454,2.866655985632055e-05,7.327361396110409e-05,0.0848,0.3271,0.05,0.224
SCEL,ENSG00000136155,1.9904,2.8751792340782005e-05,7.346335923645104e-05,0.538,0.1353,0.244,0.086
DYNLL2,ENSG00000264364,-2.9959,2.9179656973546412e-05,7.452807989534091e-05,0.0362,0.2894,0.03,0.199
ZNF503,ENSG00000165655,-2.4484,2.9756298473503618e-05,7.597183390845974e-05,0.0545,0.2976,0.03,0.202
USE1,ENSG00000053501,-2.6725,2.9795516281110672e-05,7.604289386378991e-05,0.0453,0.2893,0.025,0.197
PSMC2,ENSG00000161057,-2.1886,2.9836747848666972e-05,7.61190370058238e-05,0.0669,0.3053,0.04,0.213
CCS,ENSG00000173992,-2.5342,3.031582258181635e-05,7.731171402212729e-05,0.0504,0.2923,0.025,0.197
RICTOR,ENSG00000164327,1.2243,3.056512777179144e-05,7.788801540930753e-05,0.7526,0.3221,0.338,0.207
DMXL2,ENSG00000104093,2.3488,3.056512777179144e-05,7.788801540930753e-05,0.514,0.1008,0.229,0.066
NECTIN2,ENSG00000130202,-1.0192,3.0674873393258545e-05,7.813786399449802e-05,0.2338,0.4741,0.124,0.306
NR6A1,ENSG00000148200,1.8166,3.099209983005058e-05,7.8915834832218e-05,0.5266,0.1494,0.249,0.084
SLC25A23,ENSG00000125648,-2.0385,3.115853281004443e-05,7.930939048715197e-05,0.0741,0.3046,0.035,0.208
DENND5A,ENSG00000184014,2.3121,3.150636191585936e-05,8.016418713753321e-05,0.5035,0.1013,0.229,0.066
KDSR,ENSG00000119537,-1.1765,3.177434418874629e-05,8.0815249366579e-05,0.1714,0.3877,0.085,0.262
CTDSP1,ENSG00000144579,-2.6826,3.179729532612165e-05,8.084283802176114e-05,0.0441,0.2834,0.025,0.197
YIPF5,ENSG00000145817,-2.9484,3.2263871578093897e-05,8.199786844371732e-05,0.0363,0.2812,0.025,0.196
RALBP1,ENSG00000017797,-1.5038,3.283794490073054e-05,8.342511753213361e-05,0.1286,0.365,0.07,0.244
MYLIP,ENSG00000007944,-1.9836,3.292197592770937e-05,8.360679742249843e-05,0.088,0.3483,0.055,0.227
PXMP2,ENSG00000176894,-5.7467,3.3155744623483224e-05,8.41684600304996e-05,0.0046,0.251,0.005,0.174
MRFAP1L1,ENSG00000178988,-3.552,3.327539862382477e-05,8.44401167965523e-05,0.0237,0.2786,0.02,0.189
ZDHHC16,ENSG00000171307,-2.5256,3.341952488676457e-05,8.476920788927936e-05,0.051,0.2943,0.03,0.201
USP1,ENSG00000162607,-3.7466,3.343046767186133e-05,8.476920788927936e-05,0.0197,0.2652,0.015,0.184
UTY,ENSG00000183878,1.9534,3.360601578403643e-05,8.518200357555192e-05,0.4892,0.1262,0.239,0.076
HIPK2,ENSG00000064393,1.6156,3.3751501794967905e-05,8.551831581509508e-05,0.6323,0.2063,0.284,0.139
RALGAPA2,ENSG00000188559,1.1185,3.390645877709411e-05,8.587836108161228e-05,0.8254,0.3801,0.353,0.234
ST6GALNAC5,ENSG00000117069,5.8473,3.399308482209739e-05,8.606513022243688e-05,0.3976,0.0068,0.174,0.005
ACADM,ENSG00000117054,-1.5547,3.4268789538519224e-05,8.673029379604772e-05,0.1218,0.3579,0.07,0.242
GPCPD1,ENSG00000125772,1.4774,3.446315773563825e-05,8.718917822588176e-05,0.727,0.261,0.303,0.169
AK3,ENSG00000147853,-1.1748,3.472318808115582e-05,8.78137725081559e-05,0.1877,0.4239,0.104,0.28
ATPAF1,ENSG00000123472,-1.9694,3.531335619425637e-05,8.927248524657013e-05,0.0772,0.3028,0.035,0.208
COL4A3,ENSG00000169031,1.9788,3.54172632122248e-05,8.950128679320825e-05,0.5564,0.1411,0.244,0.088
FADS2,ENSG00000134824,-1.6596,3.6084467309672304e-05,9.115285823044679e-05,0.1086,0.3433,0.055,0.227
ARPC4,ENSG00000241553,-1.4041,3.633240157446099e-05,9.174446507214554e-05,0.1351,0.3577,0.07,0.243
CEBPG,ENSG00000153879,-2.4021,3.6520007979818645e-05,9.214975460524467e-05,0.0556,0.2945,0.03,0.2
GAS7,ENSG00000007237,5.6862,3.653429408514566e-05,9.214975460524467e-05,0.4278,0.0082,0.174,0.006
ANKHD1,ENSG00000131503,1.4106,3.652238862898216e-05,9.214975460524467e-05,0.6571,0.2471,0.299,0.154
SZRD1,ENSG00000055070,-1.7251,3.711736094115095e-05,9.358507124422317e-05,0.1006,0.3329,0.055,0.226
COMMD2,ENSG00000114744,-1.8873,3.7679816620839556e-05,9.496735668324052e-05,0.0832,0.3079,0.04,0.213
ZNF148,ENSG00000163848,1.2161,3.7785405470350104e-05,9.519755682250786e-05,0.7289,0.3137,0.333,0.206
HIVEP3,ENSG00000127124,1.7419,3.78690931173662e-05,9.537242569038041e-05,0.6206,0.1855,0.264,0.112
PPIG,ENSG00000138398,-0.5135,3.804194557411834e-05,9.577163757615393e-05,0.5021,0.7169,0.219,0.44
KLF10,ENSG00000155090,-1.6838,3.815346021748681e-05,9.60161871863581e-05,0.106,0.3406,0.045,0.221
IL6ST,ENSG00000134352,-0.4926,3.8280218584046296e-05,9.629890015926373e-05,0.5731,0.8064,0.249,0.476
YME1L1,ENSG00000136758,-1.0028,3.8325052196416944e-05,9.637538539904698e-05,0.2284,0.4577,0.114,0.299
DDA1,ENSG00000130311,-3.9879,3.8421113683487256e-05,9.658058648551426e-05,0.0168,0.2682,0.02,0.186
SMURF2,ENSG00000108854,1.4553,3.848236266965741e-05,9.669815661047473e-05,0.6737,0.2456,0.299,0.158
SKIC8,ENSG00000140395,-1.2388,3.8652845821895015e-05,9.709001776774608e-05,0.1556,0.3674,0.07,0.248
DNASE2,ENSG00000105612,-3.3588,3.8683005403914724e-05,9.712745873973738e-05,0.026,0.2671,0.02,0.187
EFNA5,ENSG00000184349,1.5403,3.869683600934888e-05,9.712745873973738e-05,0.6647,0.2285,0.279,0.126
LMO4,ENSG00000143013,-1.526,3.88543320557256e-05,9.748613215634534e-05,0.1297,0.3736,0.08,0.249
ZDHHC9,ENSG00000188706,-1.3778,3.911521384251867e-05,9.810383524377852e-05,0.1481,0.385,0.075,0.249
TMEM163,ENSG00000152128,-0.7471,3.922206927839558e-05,9.833491017657812e-05,0.3671,0.6162,0.164,0.362
BECN1,ENSG00000126581,-1.9146,3.925774928252547e-05,9.838743244202162e-05,0.0837,0.316,0.045,0.215
EDEM1,ENSG00000134109,-1.205,3.9273050141328564e-05,9.838886042533139e-05,0.1764,0.4068,0.095,0.269
ACSS2,ENSG00000131069,-0.5691,3.9364974221453636e-05,9.858217578743489e-05,0.4306,0.6389,0.179,0.392
SF3A1,ENSG00000099995,-3.0278,3.976051521320568e-05,9.953541270952052e-05,0.0334,0.2731,0.02,0.188
GSDMD,ENSG00000104518,-2.3668,4.004664977750924e-05,0.0001002141528152807,0.0586,0.3029,0.04,0.208
DMD,ENSG00000198947,2.2575,4.063532845629815e-05,0.00010164919803730911,0.5175,0.1081,0.229,0.072
MED31,ENSG00000108590,-2.7499,4.112682769880738e-05,0.00010283498675937557,0.0429,0.2889,0.025,0.193
MTHFD2L,ENSG00000163738,-1.1676,4.114015340935043e-05,0.00010283498675937557,0.194,0.436,0.104,0.283
CDK16,ENSG00000102225,-2.1307,4.124957887799969e-05,0.00010306993540073324,0.0686,0.3007,0.035,0.204
ZNF330,ENSG00000109445,-1.9152,4.129503135888245e-05,0.00010314491938892141,0.0835,0.3151,0.045,0.215
MIR4458HG,ENSG00000247516,-11.3034,4.139814360147e-05,0.00010336381350064229,0.0,0.2526,0.0,0.168
YIPF2,ENSG00000130733,-1.8215,4.2278359688283136e-05,0.00010552210925188455,0.0913,0.323,0.05,0.221
GIPC1,ENSG00000123159,-0.9147,4.237420418032764e-05,0.00010572181909615551,0.2571,0.4848,0.129,0.315
CFI,ENSG00000205403,-1.3291,4.244416350282602e-05,0.00010585682152179799,0.1524,0.383,0.075,0.249
UBE2J2,ENSG00000160087,-2.3764,4.263401502042793e-05,0.00010629062572655399,0.0571,0.2969,0.035,0.204
MOB1A,ENSG00000114978,-1.1333,4.27306242123172e-05,0.0001064917310127114,0.1778,0.3903,0.085,0.263
MYO9B,ENSG00000099331,2.1505,4.275273545510095e-05,0.00010650709440679568,0.5078,0.1143,0.234,0.076
TRAPPC5,ENSG00000181029,-2.5496,4.3236348946508e-05,0.00010764898808821917,0.0569,0.3339,0.035,0.201
ENSG00000233635,ENSG00000233635,2.4995,4.3243335086194346e-05,0.00010764898808821917,0.4167,0.0736,0.199,0.029
TSPAN12,ENSG00000106025,-2.1683,4.3415531682410064e-05,0.00010803738305022981,0.0652,0.2935,0.03,0.201
GMPPB,ENSG00000173540,-3.2152,4.3437978989414625e-05,0.00010805298386230924,0.0289,0.2691,0.015,0.183
ROBO1,ENSG00000169855,2.8517,4.351944280199024e-05,0.000108215323333765,0.4548,0.0629,0.204,0.041
VAV3,ENSG00000134215,7.1034,4.356445036817945e-05,0.00010828692371011184,0.4275,0.003,0.169,0.002
DENND4C,ENSG00000137145,1.581,4.373644709676312e-05,0.00010867400675568485,0.5662,0.1892,0.274,0.124
SRM,ENSG00000116649,-2.2604,4.388357565482873e-05,0.00010899903376667945,0.064,0.307,0.035,0.204
ATG101,ENSG00000123395,-2.8105,4.3965831911891564e-05,0.00010916274770986013,0.0393,0.2761,0.025,0.193
TPRKB,ENSG00000144034,-4.0327,4.4048234402480305e-05,0.00010932670292611147,0.0149,0.2459,0.005,0.173
PDE8A,ENSG00000073417,1.5059,4.423203445669464e-05,0.00010974210926309936,0.6586,0.2318,0.289,0.143
PIGT,ENSG00000124155,-2.2958,4.434781533099108e-05,0.00010998851043285904,0.0599,0.2946,0.035,0.203
RCC1,ENSG00000180198,-3.1155,4.4578801740740365e-05,0.00011052034774551036,0.0329,0.286,0.02,0.187
ROCK1,ENSG00000067900,1.0995,4.486877782727967e-05,0.00011119798408474987,0.8569,0.3998,0.363,0.261
ANKRD44,ENSG00000065413,1.6365,4.53765230504955e-05,0.00011241461329905767,0.5934,0.1908,0.269,0.118
GMPR2,ENSG00000100938,-3.1604,4.552447730652186e-05,0.0001127393340490395,0.0295,0.2645,0.015,0.183
ST3GAL5,ENSG00000115525,-0.7772,4.60807932543979e-05,0.00011407472874207693,0.3468,0.5944,0.169,0.367
LIPH,ENSG00000163898,-1.2584,4.621008625564826e-05,0.00011435241426508883,0.1717,0.4108,0.085,0.263
NOL3,ENSG00000140939,-2.1946,4.6338231176192293e-05,0.00011459937397950245,0.0689,0.3159,0.045,0.212
TMEM92,ENSG00000167105,-3.4169,4.6344199598538126e-05,0.00011459937397950245,0.0251,0.2686,0.015,0.182
PCNA,ENSG00000132646,-4.136,4.761078658537993e-05,0.00011768780296215861,0.0145,0.2569,0.01,0.177
ARAF,ENSG00000078061,-3.0584,4.793329379785596e-05,0.00011844116510391417,0.0331,0.2767,0.025,0.191
FKBP4,ENSG00000004478,-2.9981,4.813088444214938e-05,0.00011888542055810493,0.0339,0.2717,0.02,0.187
SRGAP1,ENSG00000196935,5.0756,4.841316363453061e-05,0.0001195384546820813,0.4167,0.0123,0.174,0.009
ARHGAP18,ENSG00000146376,2.1855,4.8434942303362716e-05,0.00011954803386702129,0.5327,0.117,0.234,0.082
MRPS11,ENSG00000181991,-3.0868,4.8786233307117925e-05,0.0001203706140591949,0.0312,0.2662,0.02,0.186
ALG3,ENSG00000214160,-4.2066,4.8856780745686094e-05,0.00012050016196471101,0.0137,0.2547,0.01,0.176
UBALD2,ENSG00000185262,-3.205,4.955805268943287e-05,0.00012218465629853161,0.0285,0.2636,0.015,0.182
SRP68,ENSG00000167881,-3.0326,4.9752409246658386e-05,0.00012261857614702265,0.0335,0.2751,0.025,0.19
STRN3,ENSG00000196792,1.4291,4.981309395734902e-05,0.00012272285302144379,0.6369,0.2364,0.294,0.151
FHIP1A,ENSG00000164142,2.2556,5.0001983477140524e-05,0.00012314279042913775,0.4625,0.0968,0.214,0.05
PAM16,ENSG00000217930,-2.1522,5.08262063856679e-05,0.0001251265139881592,0.08,0.356,0.045,0.212
ZBTB8OS,ENSG00000176261,-1.0282,5.122671996846409e-05,0.00012601961792610373,0.2138,0.4361,0.109,0.287
OSBPL3,ENSG00000070882,1.8157,5.122343839409841e-05,0.00012601961792610373,0.545,0.1547,0.249,0.094
SH3RF3,ENSG00000172985,5.8116,5.1496488139765686e-05,0.00012663661424355488,0.4056,0.0071,0.169,0.003
CAPN2,ENSG00000162909,-0.5404,5.1752689080500724e-05,0.00012721980506759823,0.6108,0.8884,0.294,0.52
COMTD1,ENSG00000165644,-3.4464,5.195519309324561e-05,0.00012767061614046631,0.0249,0.2721,0.015,0.181
DAP3,ENSG00000132676,-1.1114,5.248488782251376e-05,0.00012892481271297148,0.1869,0.404,0.1,0.273
SESN1,ENSG00000080546,2.1766,5.2850432632111367e-05,0.00012977501454039406,0.4875,0.1078,0.229,0.073
NTM,ENSG00000182667,3.3206,5.3129994651411574e-05,0.00013041353703666957,0.5213,0.0521,0.189,0.027
COPS7A,ENSG00000111652,-3.9021,5.409275102029445e-05,0.00013272795152995836,0.0175,0.2629,0.02,0.183
MYL9,ENSG00000101335,-1.2958,5.428138157902276e-05,0.0001331418830577646,0.1705,0.4187,0.085,0.26
CSNK1G1,ENSG00000169118,1.9995,5.433861270358365e-05,0.00013323333122145198,0.5107,0.1276,0.239,0.085
DIP2B,ENSG00000066084,1.8409,5.442022240126848e-05,0.00013338446437360447,0.5455,0.1522,0.249,0.096
NSMCE2,ENSG00000156831,1.4736,5.4637834952916924e-05,0.00013386870860254298,0.6449,0.2321,0.289,0.147
MRC1,ENSG00000260314,3.4704,5.64716079385647e-05,0.0001383109165462683,0.4894,0.0441,0.189,0.028
MED29,ENSG00000063322,-2.6704,5.667711572955053e-05,0.00013876336362084603,0.0436,0.2783,0.025,0.192
PCSK9,ENSG00000169174,-4.5888,5.670601555366761e-05,0.00013878324583471819,0.0104,0.2532,0.005,0.171
PCK2,ENSG00000100889,-3.6909,5.746049924405716e-05,0.0001405782690296915,0.0199,0.258,0.01,0.176
TCF7L2,ENSG00000148737,1.4239,5.857373562566607e-05,0.00014324935197503614,0.6551,0.2441,0.294,0.157
LARP7,ENSG00000174720,-1.3931,5.9251825997957904e-05,0.00014485466538812622,0.1352,0.3553,0.065,0.235
ZFTRAF1,ENSG00000187954,-1.9956,5.9851722115183825e-05,0.00014626771021123775,0.0771,0.3077,0.04,0.207
MAGOHB,ENSG00000111196,-4.6429,5.990688840633172e-05,0.00014634897866345632,0.0099,0.2494,0.01,0.173
ARL8B,ENSG00000134108,-0.5808,6.0707411852563237e-05,0.0001482503852882157,0.3872,0.5791,0.174,0.366
BRD7,ENSG00000166164,-1.4166,6.106687245820601e-05,0.00014907369925013083,0.1436,0.3835,0.085,0.253
SETX,ENSG00000107290,1.5158,6.109401002569233e-05,0.00014908545595966353,0.6442,0.2252,0.289,0.152
TXNRD1,ENSG00000198431,-0.6971,6.131541278671412e-05,0.00014957108911704296,0.3214,0.5212,0.134,0.324
NOSIP,ENSG00000142546,-2.1278,6.151805669082584e-05,0.00015001062454838472,0.0713,0.3119,0.045,0.21
NINJ2,ENSG00000171840,-1.9374,6.158248956807948e-05,0.00015008197342570638,0.0863,0.3309,0.05,0.218
UST,ENSG00000111962,1.9009,6.159225769723928e-05,0.00015008197342570638,0.5252,0.1406,0.234,0.075
COMMD7,ENSG00000149600,-2.9228,6.244970247068661e-05,0.00015211581429676,0.0346,0.2631,0.02,0.184
SEC23B,ENSG00000101310,-1.2684,6.266185074778173e-05,0.00015252131965905034,0.1614,0.3888,0.09,0.259
MOAP1,ENSG00000165943,-5.4706,6.264795105782784e-05,0.00015252131965905034,0.0053,0.2375,0.005,0.168
NKAP,ENSG00000101882,-2.1567,6.280697873843961e-05,0.00015281887467906674,0.0695,0.31,0.045,0.21
RRBP1,ENSG00000125844,-0.5137,6.330640689658741e-05,0.00015397796491708205,0.5889,0.8409,0.264,0.494
CYTH2,ENSG00000105443,-2.7571,6.35917537603479e-05,0.00015461569834924048,0.0408,0.2765,0.025,0.19
RAB32,ENSG00000118508,-3.3549,6.365219388485982e-05,0.00015470633295377683,0.026,0.2671,0.02,0.183
RYR2,ENSG00000198626,9.168,6.433692080707474e-05,0.00015631367554399864,0.4197,0.0006,0.164,0.0
DHX30,ENSG00000132153,-1.5929,6.452041651429086e-05,0.0001567024952359813,0.1137,0.343,0.06,0.228
GLUL,ENSG00000135821,-0.3844,6.466143190448132e-05,0.00015698789665213766,0.6405,0.8362,0.249,0.495
HLA-DQA1,ENSG00000196735,-2.6059,6.475355557040116e-05,0.00015715443228732172,0.0521,0.3174,0.03,0.194
RHOD,ENSG00000173156,-2.6141,6.551574067235861e-05,0.00015894647001477773,0.0463,0.2838,0.03,0.193
GOLGA7,ENSG00000147533,-2.1887,6.588543106440929e-05,0.00015978532827857285,0.0603,0.2751,0.025,0.191
MRPL58,ENSG00000167862,-2.6958,6.59104249147219e-05,0.00015978792305097189,0.0421,0.2732,0.025,0.189
LRRC1,ENSG00000137269,2.9535,6.635346525819375e-05,0.00016080362643667494,0.4449,0.0573,0.199,0.041
MED30,ENSG00000164758,-2.6584,6.643947218099071e-05,0.0001609536578515912,0.0439,0.2776,0.03,0.192
PBDC1,ENSG00000102390,-3.2886,6.647516451982265e-05,0.00016098173452788088,0.0262,0.257,0.015,0.179
MPHOSPH8,ENSG00000196199,-0.7221,6.659286766435198e-05,0.00016120832299028882,0.3452,0.5694,0.174,0.361
MRPS2,ENSG00000122140,-5.1358,6.817977516337167e-05,0.00016499011533194178,0.0067,0.2385,0.005,0.168
ATAD2B,ENSG00000119778,1.8584,6.83305030721007e-05,0.00016529497646452756,0.5234,0.1443,0.244,0.092
TSSC4,ENSG00000184281,-2.8979,6.855934853167985e-05,0.00016578851877012662,0.0348,0.2601,0.015,0.18
PTPRK,ENSG00000152894,0.8412,6.878458078924662e-05,0.00016627296963133486,0.9024,0.5037,0.393,0.293
NFIA,ENSG00000162599,0.8109,6.921968888282114e-05,0.00016726421926496467,0.9236,0.5264,0.403,0.318
FOXO3,ENSG00000118689,0.9827,7.007123532137385e-05,0.00016926068018497504,0.8002,0.4049,0.363,0.259
TNRC6B,ENSG00000100354,0.9404,7.066519349678134e-05,0.00017063370475958156,0.8637,0.45,0.378,0.281
LAMC1,ENSG00000135862,1.3208,7.075425140336566e-05,0.00017078700582691696,0.6636,0.2656,0.303,0.171
GTPBP6,ENSG00000178605,-2.2072,7.1176487980951e-05,0.00017174413411299557,0.0614,0.2838,0.03,0.195
SCN1A,ENSG00000144285,-2.4288,7.155380939799596e-05,0.00017259223292496027,0.06,0.3235,0.03,0.195
AP3S1,ENSG00000177879,-0.9788,7.178381970097367e-05,0.00017308452410931522,0.2103,0.4146,0.1,0.277
RAP1A,ENSG00000116473,-0.5162,7.194886411113524e-05,0.00017341987130937287,0.5782,0.8269,0.279,0.497
SERPINB6,ENSG00000124570,-0.7709,7.231186166022156e-05,0.00017423193507525966,0.2755,0.4702,0.124,0.306
SCAF8,ENSG00000213079,1.7686,7.236190908226307e-05,0.00017428964686636678,0.5524,0.162,0.254,0.106
NIT2,ENSG00000114021,-2.9294,7.244387554136795e-05,0.00017442416897649478,0.0351,0.2683,0.02,0.184
AZGP1,ENSG00000160862,-4.5125,7.258524589707843e-05,0.00017470157021498624,0.0138,0.317,0.005,0.168
GUCY1A1,ENSG00000164116,-1.7137,7.281381258198417e-05,0.00017518856420571769,0.1016,0.3336,0.055,0.221
KCNT2,ENSG00000162687,7.1524,7.31303527549359e-05,0.00017588679368030856,0.3553,0.0024,0.164,0.002
BZW2,ENSG00000136261,-1.3228,7.315793940924648e-05,0.00017588980464879669,0.1546,0.3868,0.085,0.252
SLC26A9,ENSG00000174502,-2.2155,7.494880639370043e-05,0.0001801306505590231,0.067,0.3117,0.035,0.2
NDUFAF2,ENSG00000164182,-1.0456,7.529301583615515e-05,0.00018089282473729507,0.2156,0.4452,0.114,0.284
PPP5C,ENSG00000011485,-11.1918,7.560787717122294e-05,0.00018158396678410573,0.0,0.2338,0.0,0.162
GOLGA2,ENSG00000167110,-1.108,7.668245571356047e-05,0.0001840985340441662,0.1926,0.4153,0.1,0.27
CCSER1,ENSG00000184305,2.0389,7.700522133284249e-05,0.0001848069972267535,0.4799,0.1167,0.219,0.059
SEMA3C,ENSG00000075223,4.3659,7.716224901938469e-05,0.00018511733520131839,0.4107,0.0198,0.174,0.014
GPC4,ENSG00000076716,-1.5558,7.796903175997864e-05,0.0001869856959155825,0.123,0.3619,0.07,0.236
ERGIC2,ENSG00000087502,-1.4723,7.835087053150033e-05,0.00018783397856421058,0.1264,0.351,0.075,0.239
ADAMTS9-AS2,ENSG00000241684,2.4294,7.874926624127896e-05,0.0001887213309025842,0.4542,0.0842,0.204,0.045
MTRFR,ENSG00000130921,-2.0442,7.955927702161221e-05,0.00019059412167408464,0.0772,0.3186,0.05,0.213
RAD23B,ENSG00000119318,-0.5917,8.085349855204015e-05,0.00019362514049088426,0.3723,0.5611,0.169,0.359
ILRUN-AS1,ENSG00000272288,-3.0629,8.106606013039395e-05,0.00019406459340892517,0.0309,0.2588,0.01,0.173
NAMPT,ENSG00000105835,0.5784,8.131725724656419e-05,0.00019459618815829532,1.2982,0.8693,0.478,0.487
ULK4,ENSG00000168038,2.8649,8.142913640969158e-05,0.00019479412681960243,0.3885,0.0532,0.194,0.036
MLLT3,ENSG00000171843,1.3183,8.157428711183821e-05,0.00019507148715358662,0.6556,0.2628,0.299,0.166
PFKL,ENSG00000141959,-2.3717,8.24941176480745e-05,0.00019720050528686099,0.0555,0.2878,0.035,0.196
IP6K2,ENSG00000068745,-2.5266,8.311450405282601e-05,0.00019861244099063504,0.0483,0.2789,0.03,0.192
MGLL,ENSG00000074416,-0.5147,8.369228488037252e-05,0.0001999215918154535,0.6242,0.8919,0.284,0.518
SNRNP70,ENSG00000104852,-0.7228,8.443696290272663e-05,0.0002016283429486275,0.3558,0.5873,0.184,0.369
OSBPL8,ENSG00000091039,1.2311,8.4811645771657e-05,0.00020245067266222197,0.7981,0.3399,0.333,0.227
TOMM40,ENSG00000130204,-2.32,8.487248149267923e-05,0.00020252350978549645,0.055,0.275,0.03,0.191
PSMD11,ENSG00000108671,-0.9272,8.527024874751778e-05,0.00020339710012698439,0.2256,0.429,0.109,0.287
KIAA1191,ENSG00000122203,-2.1327,8.529948756635473e-05,0.00020339710012698439,0.0652,0.2862,0.035,0.198
RAB8A,ENSG00000167461,-3.1233,8.536331424039746e-05,0.00020347665089636498,0.0284,0.2483,0.015,0.177
CFAP36,ENSG00000163001,-1.2654,8.548577486148188e-05,0.00020369585811624597,0.1568,0.3771,0.085,0.252
ZFPL1,ENSG00000162300,-11.1796,8.573386554111397e-05,0.00020421415404746799,0.0,0.2319,0.0,0.161
SPRY2,ENSG00000136158,-4.4211,8.580601919754904e-05,0.00020431315587181106,0.0114,0.2467,0.01,0.171
GLOD4,ENSG00000167699,-1.8432,8.61971784647012e-05,0.00020517140233989282,0.0875,0.3141,0.05,0.214
UBE2G2,ENSG00000184787,-1.1116,8.650916302689242e-05,0.00020584064832797095,0.191,0.4128,0.104,0.273
GAB1,ENSG00000109458,1.5759,8.666555511463758e-05,0.00020613933141405428,0.5558,0.1864,0.264,0.119
SFPQ,ENSG00000116560,-0.5675,8.687629672943197e-05,0.00020656702949657394,0.5221,0.7738,0.249,0.46
XPR1,ENSG00000143324,1.7676,8.70062244356455e-05,0.00020680233914792748,0.5369,0.1576,0.249,0.101
COASY,ENSG00000068120,-3.4105,8.721774859788805e-05,0.00020723135641597092,0.0239,0.2552,0.015,0.176
FLNA,ENSG00000196924,-0.5607,8.760407900434652e-05,0.00020807526446302646,0.4273,0.6304,0.184,0.387
USP15,ENSG00000135655,1.3206,8.76368006242729e-05,0.00020807898733363626,0.7433,0.2976,0.313,0.193
HES1,ENSG00000114315,-2.2044,8.78279069988001e-05,0.0002084586321410753,0.0681,0.3144,0.04,0.202
ARHGAP15,ENSG00000075884,6.1213,8.788805027175435e-05,0.00020852727806928856,0.4029,0.0057,0.164,0.004
HLF,ENSG00000108924,-3.5591,8.815094928121174e-05,0.00020907677210554447,0.0225,0.2659,0.015,0.176
DCBLD2,ENSG00000057019,-1.0544,8.889987030081545e-05,0.00021077821573984608,0.1927,0.4004,0.085,0.259
EIF4EBP3,ENSG00000243056,-6.4104,8.92488304109256e-05,0.00021153049620815188,0.0031,0.2733,0.005,0.165
ERP44,ENSG00000023318,-0.7793,8.971054718024028e-05,0.00021254939503966827,0.2896,0.4971,0.139,0.321
VPS8,ENSG00000156931,1.9391,9.092554672724365e-05,0.00021535167609619164,0.5365,0.1398,0.239,0.091
SLC46A2,ENSG00000119457,-2.6849,9.09792151612207e-05,0.00021540240271598478,0.0464,0.2988,0.025,0.186
ARV1,ENSG00000173409,-2.8091,9.200176259974052e-05,0.000217669065676113,0.0383,0.2688,0.025,0.184
SRD5A3,ENSG00000128039,-2.3397,9.200176259974052e-05,0.000217669065676113,0.0577,0.2924,0.04,0.2
RBL2,ENSG00000103479,-0.8375,9.229918008070365e-05,0.00021829540501381716,0.2727,0.4874,0.134,0.313
AKR1C1,ENSG00000187134,-2.2448,9.296592541134838e-05,0.0002197944834769543,0.0633,0.3002,0.025,0.187
TMEM53,ENSG00000126106,-2.8843,9.312176741033759e-05,0.00022008502637425507,0.0379,0.2805,0.035,0.192
KIF13A,ENSG00000137177,1.268,9.363141114644223e-05,0.00022121124692150255,0.7375,0.3062,0.313,0.191
GID8,ENSG00000101193,-2.5928,9.512313610432807e-05,0.00022465609124498132,0.0439,0.2655,0.025,0.185
RASA1,ENSG00000145715,1.9753,9.517619303499746e-05,0.00022470194177474305,0.4702,0.1195,0.229,0.077
ANK3,ENSG00000151150,0.5454,9.533553154648632e-05,0.00022499859194310322,1.196,0.8195,0.483,0.45
AMBRA1,ENSG00000110497,2.1066,9.538279131029933e-05,0.00022503061220822647,0.5025,0.1166,0.224,0.072
VWA8,ENSG00000102763,2.2271,9.544189712463072e-05,0.00022509054763255953,0.437,0.0933,0.214,0.059
ECSIT,ENSG00000130159,-3.0391,9.591599024609588e-05,0.00022612880298400083,0.0325,0.2679,0.025,0.184
TCEAL1,ENSG00000172465,-3.4312,9.656253297181648e-05,0.00022749247185846992,0.0226,0.2443,0.01,0.17
TLCD1,ENSG00000160606,-11.1861,9.652966014905667e-05,0.00022749247185846992,0.0,0.2329,0.0,0.16
CDYL,ENSG00000153046,2.4089,9.683488657672097e-05,0.0002280536697623129,0.4658,0.0876,0.214,0.063
U2SURP,ENSG00000163714,-0.7268,9.78225873024126e-05,0.00023029857616947965,0.3166,0.5241,0.154,0.333
ARL4A,ENSG00000122644,-3.8687,0.00010113617176611206,0.00023793183910738374,0.0171,0.2511,0.015,0.173
TPM1,ENSG00000140416,-0.603,0.00010111431723177288,0.00023793183910738374,0.4502,0.6838,0.209,0.414
PLCL1,ENSG00000115896,4.5155,0.00010202031442607394,0.00023992735213089714,0.3592,0.0156,0.169,0.011
RTKN2,ENSG00000182010,3.2484,0.00010231664629981346,0.00024053955671821686,0.4266,0.0448,0.184,0.029
SDHAF3,ENSG00000196636,-4.3201,0.0001027278058904178,0.00024142118773472923,0.0119,0.2401,0.01,0.169
SLC35B2,ENSG00000157593,-3.8945,0.00010307374881763262,0.00024214898640624984,0.0161,0.2406,0.01,0.169
RABL6,ENSG00000196642,-2.0576,0.00010327419858750182,0.00024253458943949532,0.0684,0.285,0.035,0.196
TSR3,ENSG00000007520,-3.0636,0.00010404760637802567,0.0002442650133563562,0.0299,0.2508,0.02,0.178
ARMH3,ENSG00000120029,1.8767,0.00010485231959499484,0.0002458948885445824,0.4868,0.1325,0.234,0.084
ADRB2,ENSG00000169252,-2.1717,0.00010481355954192809,0.0002458948885445824,0.0638,0.2878,0.025,0.188
CYB561,ENSG00000008283,-2.6131,0.00010484585864694095,0.0002458948885445824,0.0433,0.2653,0.025,0.184
RBM7,ENSG00000076053,-2.8039,0.00010498485186115431,0.0002461192788980869,0.037,0.2589,0.02,0.18
CHD4,ENSG00000111642,-0.8346,0.00010550031524785659,0.00024724091422471375,0.2677,0.4775,0.134,0.308
PRNP,ENSG00000171867,-1.2517,0.00010557182503131174,0.0002473217184791761,0.1449,0.3452,0.07,0.236
STXBP5,ENSG00000164506,2.1875,0.00010617823847752053,0.0002486551384261429,0.4431,0.0972,0.214,0.06
COL1A1,ENSG00000108821,3.1701,0.0001062174745827954,0.0002486598362209921,0.5361,0.0595,0.194,0.043
PPT1,ENSG00000131238,-1.5553,0.000107447213657546,0.0002513779692856314,0.1087,0.3196,0.055,0.217
RIC1,ENSG00000107036,2.5392,0.00010745382576889919,0.0002513779692856314,0.4664,0.0802,0.204,0.05
TAF1D,ENSG00000166012,-0.4679,0.0001080172606325048,0.00025260759235451664,0.5748,0.795,0.254,0.472
WASL,ENSG00000106299,-0.7465,0.00010809702856155125,0.0002527056540996153,0.3201,0.5371,0.164,0.345
ERCC1,ENSG00000012061,-1.6595,0.00010952219137674201,0.0002559477663419384,0.1029,0.3252,0.055,0.218
BMPR1A,ENSG00000107779,1.777,0.00011031594068357412,0.00025771254558432723,0.4728,0.1379,0.239,0.09
SCLT1,ENSG00000151466,2.7933,0.00011048212819936503,0.0002580105364487969,0.4073,0.0587,0.194,0.04
HNRNPM,ENSG00000099783,-0.5622,0.00011096165988655327,0.00025903982047615845,0.4449,0.6569,0.209,0.408
PWP1,ENSG00000136045,-2.0454,0.00011182015655812243,0.00026095276927033537,0.0687,0.2838,0.035,0.196
FH,ENSG00000091483,-3.178,0.00011188196221943385,0.00026100580707775014,0.0273,0.2476,0.015,0.174
UBE2L6,ENSG00000156587,-3.2149,0.00011215704413488664,0.00026155617939137846,0.0274,0.2556,0.015,0.174
TFAM,ENSG00000108064,-2.4845,0.00011329851503913277,0.000264033768997337,0.0491,0.2752,0.035,0.193
URM1,ENSG00000167118,-2.9934,0.00011329851503913277,0.000264033768997337,0.0323,0.258,0.02,0.179
BMP1,ENSG00000168487,-1.0933,0.00011373374490431308,0.00026495559198322534,0.2235,0.4769,0.109,0.275
SLBP,ENSG00000163950,-1.7252,0.00011411805119083206,0.00026575818127739446,0.098,0.3241,0.06,0.22
TRIAP1,ENSG00000170855,-4.1847,0.00011449305128924071,0.00026644567580517026,0.0126,0.2317,0.005,0.164
CIR1,ENSG00000138433,-1.0208,0.00011446497374775948,0.00026644567580517026,0.2016,0.4091,0.1,0.268
G6PD,ENSG00000160211,-3.7412,0.00011572073068139345,0.0002692089028983026,0.0182,0.2443,0.01,0.168
MTUS1,ENSG00000129422,-0.4777,0.00011590168884526329,0.0002695359957512234,0.7487,1.0426,0.318,0.575
TBC1D22A-DT,ENSG00000260708,-3.8825,0.00011677472421818148,0.0002714717657686161,0.0166,0.2467,0.005,0.164
ASNSD1,ENSG00000138381,-4.3511,0.00011760714893325756,0.0002733118120129531,0.0114,0.2354,0.005,0.164
PHF21A,ENSG00000135365,1.8693,0.00011779449299768573,0.0002736519717327106,0.532,0.1455,0.239,0.094
SAP30BP,ENSG00000161526,-1.6986,0.00011809049206892855,0.0002741489039028063,0.0997,0.324,0.06,0.22
CDR2,ENSG00000140743,2.6932,0.00011808326424199501,0.0002741489039028063,0.3972,0.0613,0.194,0.04
IDH2,ENSG00000182054,-1.6207,0.00011848504018107117,0.0002749692784466207,0.0998,0.3072,0.05,0.213
ANKRD65,ENSG00000235098,-3.197,0.00011896814500038753,0.00027599452603598067,0.028,0.258,0.015,0.174
WDR74,ENSG00000133316,-5.6264,0.00011938371256917702,0.0002768624361977546,0.0046,0.2307,0.005,0.162
DISC1,ENSG00000162946,7.0853,0.00012059440053802395,0.00027957306532227073,0.3111,0.0022,0.159,0.002
IRAK3,ENSG00000090376,2.2938,0.00012082315103519674,0.00027996895374506026,0.492,0.1003,0.214,0.064
NTMT1,ENSG00000148335,-3.8107,0.00012084900339077838,0.00027996895374506026,0.0167,0.2363,0.01,0.167
COPS2,ENSG00000166200,-0.8137,0.00012096355509771447,0.00028013716522109393,0.2435,0.4281,0.104,0.281
IFT22,ENSG00000128581,-3.9735,0.00012115593626924298,0.000280388253063851,0.0153,0.2426,0.01,0.168
GRAMD1A,ENSG00000089351,-0.9012,0.00012113372372859575,0.000280388253063851,0.2482,0.4636,0.134,0.303
AAK1,ENSG00000115977,1.3907,0.00012157870488754866,0.0002812691963782257,0.6461,0.2464,0.294,0.165
DNAJC3,ENSG00000102580,-0.6541,0.00012189110817668529,0.00028189429068977876,0.3612,0.5685,0.169,0.359
TENT5C,ENSG00000183508,-3.0741,0.00012193579894916004,0.00028190003502299754,0.0303,0.2556,0.015,0.173
GLMP,ENSG00000198715,-2.7783,0.00012267543067589752,0.00028351183442364,0.0383,0.2633,0.02,0.177
DNAJB12,ENSG00000148719,-2.2664,0.0001239175570300591,0.00028628341867996014,0.057,0.2747,0.03,0.189
CDCA7L,ENSG00000164649,-2.1745,0.00012552325203675786,0.00028989273871144735,0.0628,0.2837,0.035,0.194
CREB3,ENSG00000107175,-3.7237,0.00012704009360878522,0.00029329442973144714,0.0181,0.2404,0.015,0.171
NASP,ENSG00000132780,-1.2086,0.00012918642312196023,0.00029814655149674237,0.1712,0.3957,0.095,0.259
SLC38A4-AS1,ENSG00000257261,2.4919,0.00012996743313808937,0.0002998454182830048,0.3963,0.0704,0.194,0.039
MAPKAPK3,ENSG00000114738,-1.4951,0.00013104759287706425,0.00030223303619679286,0.1145,0.323,0.06,0.22
CNPPD1,ENSG00000115649,-4.5939,0.0001313948669641027,0.0003028708742768287,0.0099,0.2413,0.01,0.166
CINP,ENSG00000100865,-3.7118,0.0001314148515727279,0.0003028708742768287,0.0187,0.2457,0.015,0.171
EXOSC8,ENSG00000120699,-4.0786,0.00013146282632002916,0.0003028769289380734,0.0141,0.2406,0.01,0.167
WBP11,ENSG00000084463,-1.6831,0.00013182316332297959,0.00030360238201178645,0.095,0.3053,0.05,0.21
BAG3,ENSG00000151929,-1.2521,0.0001319234219791665,0.000303728554084403,0.1511,0.36,0.07,0.236
DPYSL3,ENSG00000113657,6.5022,0.00013285321723526967,0.0003057638311214218,0.3724,0.004,0.159,0.003
PYCR2,ENSG00000143811,-3.2082,0.00013377698949422495,0.0003077838487192313,0.0264,0.2445,0.015,0.172
HIVEP1,ENSG00000095951,1.9593,0.00013558919208102652,0.00031184580368773284,0.4827,0.1241,0.229,0.082
DCTN1,ENSG00000204843,-1.8878,0.00013605100526983412,0.00031280022863931913,0.0789,0.2922,0.04,0.198
ZFPM2,ENSG00000169946,6.2226,0.00013640661715654467,0.0003135099091495395,0.3938,0.0052,0.159,0.003
TXNDC9,ENSG00000115514,-2.3386,0.00013646873210028775,0.0003135447752658486,0.0518,0.2622,0.025,0.183
ACSL1,ENSG00000151726,-0.3923,0.00013754963404137568,0.000315919534306172,0.6136,0.8053,0.244,0.477
KLF6,ENSG00000067082,-0.4583,0.00013883631281465158,0.00031876511972810513,0.8986,1.2347,0.378,0.608
PRKCD,ENSG00000163932,-1.8398,0.00013969756526284954,0.0003206323155981347,0.0872,0.3123,0.05,0.209
UBE2J1,ENSG00000198833,-1.4775,0.00013991366332784843,0.0003210179860414633,0.1188,0.3309,0.065,0.226
ASPH,ENSG00000198363,-0.4474,0.00013996455566989496,0.0003210244736673175,0.848,1.1564,0.358,0.636
NSMCE1,ENSG00000169189,-2.1238,0.0001404659266033857,0.00032206382553519157,0.0674,0.294,0.045,0.2
PPP1R14B,ENSG00000173457,-2.1131,0.00014060218288936983,0.00032226560724711773,0.068,0.2946,0.04,0.196
TMEM109,ENSG00000110108,-4.6767,0.00014134525788171758,0.00032385762517735567,0.0091,0.2346,0.01,0.165
CDK6,ENSG00000105810,3.1451,0.00014237625981099636,0.00032610803816105784,0.4021,0.0454,0.184,0.032
FUCA1,ENSG00000179163,-2.9173,0.0001427301391866237,0.00032680651341359605,0.0343,0.2596,0.025,0.18
COBLL1,ENSG00000082438,-0.4968,0.00014532723881642212,0.000332639008929021,0.5467,0.7715,0.234,0.452
XRN1,ENSG00000114127,1.3622,0.00014607613955545332,0.00033423862147683207,0.5968,0.2321,0.284,0.152
B3GAT3,ENSG00000149541,-2.0861,0.0001483984799054312,0.0003394361120850599,0.0692,0.294,0.045,0.201
STARD4,ENSG00000164211,-2.4205,0.00014864967412692718,0.00033989427370549353,0.0496,0.2662,0.025,0.182
NT5C3B,ENSG00000141698,-4.1217,0.00014878440708129118,0.00034008591885555914,0.0132,0.231,0.005,0.161
VPS54,ENSG00000143952,1.7679,0.00015007464680138002,0.000342917744093882,0.48,0.1409,0.239,0.093
ATP11A,ENSG00000068650,0.4514,0.00015096038724610118,0.00034482367524511277,1.2496,0.9138,0.498,0.513
VPS4A,ENSG00000132612,-2.6582,0.0001514347921275843,0.0003457890518359438,0.0415,0.2622,0.03,0.184
SMIM12,ENSG00000163866,-2.2203,0.00015164964677572983,0.00034616130923277496,0.0588,0.2743,0.035,0.192
SYNCRIP,ENSG00000135316,-0.6911,0.00015283879005695253,0.00034875650112414964,0.349,0.5636,0.179,0.36
SERPINE1,ENSG00000106366,5.8857,0.00015376768196126997,0.0003506365134241455,0.4335,0.0072,0.159,0.005
ZNF438,ENSG00000183621,2.7534,0.00015376304748347902,0.0003506365134241455,0.3993,0.0591,0.189,0.037
MUC15,ENSG00000169550,-6.2231,0.00015386039913327086,0.00035072819310959593,0.0031,0.2401,0.005,0.159
SCD5,ENSG00000145284,4.6889,0.000154902433002613,0.0003529830603972883,0.3609,0.0139,0.164,0.01
FGD5-AS1,ENSG00000225733,-1.7443,0.00015524345704998554,0.00035363951215445203,0.0895,0.3002,0.05,0.207
MSRB3,ENSG00000174099,5.5786,0.0001560356646572088,0.00035532294723678747,0.3312,0.0068,0.159,0.005
ARHGAP10,ENSG00000071205,2.5164,0.0001561390717247273,0.00035543723928065904,0.4897,0.0855,0.204,0.057
BET1,ENSG00000105829,-2.4295,0.0001582493742076605,0.00036011842260066934,0.0488,0.2631,0.025,0.181
NPR1,ENSG00000169418,-3.1291,0.0001586211871173298,0.0003608415901759693,0.0292,0.256,0.015,0.171
PDPK1,ENSG00000140992,-1.32,0.0001599338258791953,0.000363667467688553,0.1339,0.3345,0.065,0.226
TMED1,ENSG00000099203,-2.6759,0.00015997230424748745,0.000363667467688553,0.0405,0.2594,0.025,0.18
MIR4435-2HG,ENSG00000172965,1.9562,0.00016068089685815256,0.0003651540354255192,0.4852,0.125,0.219,0.07
DHRS4L2,ENSG00000187630,-4.4473,0.00016220926713339883,0.00036837663896088774,0.0102,0.2242,0.005,0.16
BABAM1,ENSG00000105393,-2.0682,0.00016220439359262157,0.00036837663896088774,0.0634,0.2663,0.03,0.187
SETD2,ENSG00000181555,1.1063,0.0001636480783057872,0.00037151785010345093,0.704,0.3269,0.323,0.209
DCTPP1,ENSG00000179958,-11.0786,0.00016550569253477053,0.00037560738037367735,0.0,0.2162,0.0,0.154
RFX7,ENSG00000181827,2.0928,0.00016765440317260388,0.00038022538498805477,0.4364,0.1022,0.214,0.065
POP4,ENSG00000105171,-6.1276,0.0001676342947963861,0.00038022538498805477,0.0031,0.2247,0.005,0.158
SNHG19,ENSG00000260260,-1.8225,0.00016803185561786661,0.00038095205827282113,0.0832,0.2946,0.04,0.197
KIF1B,ENSG00000054523,1.446,0.0001682637551353056,0.00038134836123132203,0.6233,0.2287,0.279,0.148
TMBIM1,ENSG00000135926,-1.1222,0.00016864249787343458,0.00038207708388625155,0.162,0.3529,0.075,0.238
KCTD14,ENSG00000151364,-11.1187,0.00016954459325232104,0.0003839906199838088,0.0,0.2223,0.0,0.154
EVA1C,ENSG00000166979,1.4626,0.0001699820615363364,0.0003848509115258274,0.5757,0.2088,0.269,0.134
POLR3K,ENSG00000161980,-11.0841,0.00017056870753209464,0.0003860482540179126,0.0,0.217,0.0,0.154
BAIAP2,ENSG00000175866,-0.6974,0.00017158322329769113,0.00038821285515083976,0.3298,0.5348,0.159,0.337
HMG20B,ENSG00000064961,-2.1264,0.0001717322896248978,0.00038841854466802994,0.0657,0.2872,0.045,0.199
SMIM10L1,ENSG00000256537,-3.2084,0.00017363450057364795,0.00039258795847372873,0.0277,0.2565,0.025,0.177
IQGAP2,ENSG00000145703,3.3656,0.00017417566270121546,0.00039367825759100436,0.4067,0.0394,0.179,0.029
ING2,ENSG00000168556,-5.6275,0.00017681019090521634,0.00039949772160214475,0.0045,0.2289,0.005,0.158
PRKAR2A,ENSG00000114302,-0.9613,0.00017776393568595114,0.00040151685033698603,0.2162,0.421,0.114,0.277
HMBOX1,ENSG00000147421,1.975,0.00017782769036905836,0.000401525065576383,0.468,0.119,0.224,0.079
U2AF1,ENSG00000160201,-4.601,0.00017814678642424762,0.0004021096270792666,0.0095,0.2339,0.005,0.159
SNW1,ENSG00000100603,-1.5105,0.00017861043217424076,0.0004030199582742412,0.1116,0.3181,0.06,0.216
CDH11,ENSG00000140937,5.5147,0.00017872785553369448,0.0004031487156736054,0.4125,0.0089,0.159,0.006
CDC14A,ENSG00000079335,4.3368,0.00018060035350931026,0.00040723489570853585,0.3346,0.0165,0.164,0.012
LINC02997,ENSG00000249364,3.2291,0.0001813350194750079,0.00040875349141868974,0.3852,0.041,0.174,0.022
BRAF,ENSG00000157764,1.0533,0.00018370925998442315,0.0004138260193713195,0.7479,0.3603,0.333,0.219
RCN1,ENSG00000049449,-1.5846,0.00018369830255857364,0.0004138260193713195,0.1054,0.3162,0.055,0.214
TRAK1,ENSG00000182606,1.5131,0.00018395047886388623,0.00041422968588398384,0.5583,0.1955,0.264,0.129
USP44,ENSG00000136014,-2.4737,0.0001843018742681124,0.0004148810981586528,0.0485,0.2698,0.025,0.181
DPP4,ENSG00000197635,-1.2893,0.0001852107283591296,0.0004167865413445508,0.1436,0.3512,0.07,0.23
KLF12,ENSG00000118922,2.9313,0.0001867738032040392,0.00042016242222963214,0.3491,0.0457,0.179,0.027
HMGCL,ENSG00000117305,-2.8666,0.000187180444670416,0.0004209354174928311,0.0348,0.2547,0.025,0.177
BUB3,ENSG00000154473,-1.6266,0.00018794024358010982,0.0004225018131509773,0.0984,0.304,0.055,0.211
DSG2,ENSG00000046604,-1.3059,0.00018933322762725485,0.0004253976513310055,0.1394,0.3449,0.075,0.234
STK16,ENSG00000115661,-4.5883,0.00018935577442836943,0.0004253976513310055,0.0093,0.2254,0.005,0.158
DDX54,ENSG00000123064,-1.7925,0.000189434708107089,0.00042543188145502603,0.0789,0.2736,0.035,0.191
RNPEPL1,ENSG00000142327,-2.075,0.0001931107539199122,0.00043339607709378145,0.0627,0.2647,0.03,0.185
USP33,ENSG00000077254,1.5963,0.00019305334184416286,0.00043339607709378145,0.5958,0.197,0.264,0.134
APEH,ENSG00000164062,-2.6601,0.000193214136091904,0.000433482437002965,0.0421,0.2669,0.03,0.182
LINC00342,ENSG00000232931,3.9103,0.00019383552217060748,0.0004347305079172221,0.3009,0.0199,0.164,0.012
ENSG00000261684,ENSG00000261684,4.6103,0.00019481164611337388,0.00043677307297456335,0.3319,0.0135,0.159,0.006
SWI5,ENSG00000175854,-2.7238,0.00019587384040615572,0.00043900717452104496,0.0388,0.2571,0.025,0.178
MPDZ,ENSG00000107186,2.831,0.00019812042263900995,0.0004438934259664366,0.3754,0.0527,0.184,0.035
RAB8B,ENSG00000166128,2.6262,0.00019851487653976124,0.0004444790011428312,0.4654,0.0753,0.199,0.054
AVPI1,ENSG00000119986,-4.3893,0.00019846773880365033,0.0004444790011428312,0.011,0.2331,0.01,0.162
DPH3,ENSG00000154813,-3.2424,0.00020062913850726736,0.00044906233783178237,0.0255,0.2421,0.015,0.167
SLC9A9,ENSG00000181804,6.9225,0.00020155964376221796,0.0004509939231785105,0.3614,0.0029,0.154,0.002
GFER,ENSG00000127554,-3.7539,0.0002017749507490732,0.0004510223882373025,0.0178,0.2418,0.015,0.167
DHCR7-DT,ENSG00000254682,-11.1356,0.00020172110375545621,0.0004510223882373025,0.0,0.2249,0.0,0.152
RSBN1,ENSG00000081019,-1.6395,0.00020171512158955805,0.0004510223882373025,0.0995,0.3102,0.055,0.209
MAPK10,ENSG00000109339,1.3071,0.00020380700839872442,0.0004554121810287991,0.6492,0.2623,0.279,0.144
CEP57,ENSG00000166037,-1.098,0.0002046543064097229,0.0004571525459901469,0.1761,0.3771,0.09,0.252
SPPL3,ENSG00000157837,1.3491,0.00020565106364800836,0.00045922549451857166,0.6587,0.2585,0.294,0.172
TMEM120A,ENSG00000189077,-2.9303,0.00020580950428730803,0.0004594256948980382,0.0323,0.2468,0.015,0.169
PCDH9,ENSG00000184226,-1.2577,0.00020630995306706475,0.0004603889664333196,0.1792,0.4286,0.1,0.254
LYSET,ENSG00000153485,-4.2514,0.00020707503204840425,0.00046194193021085236,0.012,0.2303,0.01,0.162
NOP16,ENSG00000048162,-11.1327,0.00020781816618372574,0.0004632902309549747,0.0,0.2244,0.0,0.152
PEX2,ENSG00000164751,-2.5273,0.00020778125761021645,0.0004632902309549747,0.0438,0.2528,0.025,0.178
ZMAT5,ENSG00000100319,-11.1143,0.00020905816774990018,0.0004658990665337282,0.0,0.2216,0.0,0.152
GSTO2,ENSG00000065621,-2.5869,0.0002091819303784476,0.00046601938392183174,0.0419,0.2525,0.02,0.174
NOB1,ENSG00000141101,-3.8902,0.00021115278012897196,0.0004702532239017685,0.0159,0.2364,0.015,0.166
ST6GAL1,ENSG00000073849,1.4579,0.00021226079637106946,0.000472563286320791,0.5441,0.198,0.259,0.12
TOR1AIP2,ENSG00000169905,-0.7118,0.00021449322888531403,0.0004773743004748458,0.2994,0.4904,0.149,0.318
ADGRE5,ENSG00000123146,-0.8022,0.00021489282994817329,0.00047810433418515966,0.2772,0.4834,0.134,0.308
NSMCE4A,ENSG00000107672,-1.9212,0.0002159235878033669,0.0004802376433362263,0.0744,0.2819,0.04,0.195
FAM3B,ENSG00000183844,-2.1608,0.00021688213089228296,0.00048220897211370103,0.0671,0.3003,0.045,0.196
TBC1D8,ENSG00000204634,2.5068,0.00021774180686010643,0.0004839592439329953,0.4409,0.0775,0.194,0.048
GAB2,ENSG00000033327,1.2012,0.0002186821102260161,0.0004858874964070398,0.6577,0.286,0.303,0.178
MRPL10,ENSG00000159111,-11.0489,0.000220535133535602,0.0004898417548667395,0.0,0.2118,0.0,0.151
SH3RF1,ENSG00000154447,1.051,0.00022392889162005505,0.0004972144505087593,0.6951,0.3354,0.323,0.207
STRN,ENSG00000115808,2.209,0.00022456321090470396,0.0004984571903065861,0.4823,0.1042,0.214,0.072
PLCB1,ENSG00000182621,6.1959,0.00022521248463123756,0.0004997322873262577,0.3567,0.0048,0.154,0.003
SLC1A1,ENSG00000106688,2.7883,0.000226276311618986,0.0005019260994032573,0.3491,0.0505,0.179,0.029
ZNF444,ENSG00000167685,-1.9705,0.00022647630355380354,0.0005022029320836168,0.0784,0.3074,0.055,0.205
SERINC5,ENSG00000164300,1.3121,0.0002304908110099553,0.0005109353225142687,0.6894,0.2776,0.299,0.182
FANCC,ENSG00000158169,2.7872,0.00023081646942961915,0.0005114874583014023,0.3593,0.052,0.179,0.029
RING1,ENSG00000204227,-3.256,0.00023526224706691464,0.0005211663509651485,0.0258,0.2477,0.02,0.17
XRCC5,ENSG00000079246,-0.482,0.00023881910380433452,0.0005288702898903018,0.4704,0.6571,0.219,0.41
TRAF7,ENSG00000131653,-2.8928,0.0002410791863817738,0.0005336983380324386,0.0333,0.2479,0.025,0.175
ESF1,ENSG00000089048,-1.3845,0.00024281765713394192,0.0005373688310131207,0.1245,0.3252,0.06,0.217
ALDH3B1,ENSG00000006534,-1.615,0.0002455589282715934,0.0005432554097138032,0.1051,0.322,0.06,0.214
ADAM9,ENSG00000168615,1.3799,0.0002461712279208542,0.0005444296792329091,0.7112,0.2732,0.299,0.186
LINC01473,ENSG00000237877,2.679,0.00024679218839225895,0.0005456223191896384,0.3698,0.0577,0.179,0.029
MIR99AHG,ENSG00000215386,1.8978,0.0002471538870344641,0.00054624116859801,0.4882,0.1309,0.219,0.076
ARHGEF3,ENSG00000163947,2.1792,0.0002473783898408986,0.000546556488834721,0.4621,0.1019,0.209,0.067
TSG101,ENSG00000074319,-0.9222,0.0002492250820668687,0.0005504544719327435,0.2125,0.4029,0.104,0.268
COPS8,ENSG00000198612,-2.0356,0.00025137873460850767,0.0005550276259339579,0.0642,0.2637,0.03,0.183
STOM,ENSG00000148175,-0.4843,0.0002521004889929334,0.0005564372656919372,0.5429,0.7595,0.249,0.453
PBX1,ENSG00000185630,1.3705,0.0002532682277420207,0.0005586454732790477,0.5946,0.2299,0.274,0.144
CEACAM6,ENSG00000086548,-1.1013,0.0002531941701167006,0.0005586454732790477,0.2186,0.4692,0.104,0.262
LAMB1,ENSG00000091136,5.5536,0.00025375751778362686,0.0005595399343931476,0.3631,0.0076,0.154,0.005
DYNC1LI1,ENSG00000144635,-1.5142,0.00025389111429045656,0.0005596497532494915,0.1135,0.3243,0.065,0.218
TIMM10B,ENSG00000132286,-3.2434,0.00025573103059049453,0.0005635194831124754,0.0237,0.2251,0.01,0.161
PPP1R16A,ENSG00000160972,-2.9146,0.0002562622225534976,0.0005645037547608214,0.0323,0.2438,0.015,0.167
CCDC14,ENSG00000175455,-0.8312,0.00025644201425938844,0.0005647135553044693,0.2635,0.4689,0.134,0.295
NRBF2,ENSG00000148572,-1.785,0.000258941299634518,0.0005700293145217356,0.0777,0.2681,0.035,0.187
SCFD2,ENSG00000184178,2.5473,0.0002593954074051205,0.0005708408323093244,0.4169,0.0712,0.189,0.043
IER5,ENSG00000162783,-3.1473,0.0002607622150143112,0.0005736596950199555,0.0292,0.2598,0.025,0.173
NFKBIB,ENSG00000104825,-3.2841,0.00026154736723421704,0.0005751975191825273,0.0235,0.2297,0.01,0.161
SETD5,ENSG00000168137,1.0037,0.00026227350121185456,0.0005766045801823491,0.776,0.3869,0.343,0.247
UACA,ENSG00000137831,5.4746,0.0002656148924099462,0.0005835664034230364,0.3545,0.0079,0.154,0.005
PTGR1,ENSG00000106853,-1.6194,0.0002655994031740121,0.0005835664034230364,0.1048,0.3221,0.065,0.217
THAP4,ENSG00000176946,-2.4932,0.00026674789663198726,0.0005858629403502278,0.0466,0.2627,0.03,0.18
FKBP11,ENSG00000134285,-2.3032,0.00026840114868330176,0.000589300220925632,0.0538,0.2661,0.025,0.175
SNRNP25,ENSG00000161981,-4.9356,0.0002685184871585097,0.0005893641063857004,0.0072,0.2247,0.01,0.158
PGP,ENSG00000184207,-3.8104,0.00026911374147469644,0.0005902608052515689,0.0168,0.2371,0.02,0.167
PGM1,ENSG00000079739,-1.1342,0.0002691843139708332,0.0005902608052515689,0.17,0.3734,0.085,0.245
TARDBP,ENSG00000120948,-1.4549,0.00026919215643004624,0.0005902608052515689,0.1129,0.3096,0.06,0.212
PLXNC1,ENSG00000136040,5.4896,0.00027206900349422254,0.0005963731126806408,0.3668,0.0081,0.154,0.006
CLDND1,ENSG00000080822,-2.3504,0.0002742155971418339,0.00060088122483934,0.0524,0.2678,0.035,0.185
ABLIM1,ENSG00000099204,1.0636,0.0002762333963777232,0.0006051042487395255,0.6808,0.3257,0.318,0.206
IRF1,ENSG00000125347,-1.2962,0.00027715077415587383,0.0006069147608482235,0.1528,0.3754,0.075,0.229
FAM168A,ENSG00000054965,2.4426,0.00027726363122290964,0.0006069628950959729,0.4092,0.0752,0.194,0.05
PCGF1,ENSG00000115289,-11.0936,0.00028071021774136594,0.000614306534827845,0.0,0.2184,0.0,0.149
ARHGEF18,ENSG00000104880,2.6247,0.0002809142031869641,0.0006145515765102304,0.3376,0.0547,0.179,0.031
RABGAP1L,ENSG00000152061,0.7084,0.0002846428295138089,0.0006225047342248624,0.9657,0.591,0.408,0.353
CDK8,ENSG00000132964,2.2752,0.0002881000316652754,0.0006298358624616106,0.4176,0.0862,0.199,0.055
ABCC3,ENSG00000108846,2.8616,0.00028818361965603863,0.0006298358624616106,0.378,0.0519,0.179,0.034
VPS53,ENSG00000141252,1.5184,0.0002884679888028144,0.0006302511276460574,0.5522,0.1927,0.259,0.129
ARID5B,ENSG00000150347,0.9658,0.00028973410157632904,0.0006328103546201117,0.8578,0.4392,0.358,0.27
PPP1R10,ENSG00000204569,-1.2819,0.00029450080969976053,0.0006430110846631908,0.1467,0.3569,0.08,0.232
CTBP1,ENSG00000159692,-1.1366,0.0003013657024777291,0.0006577848126956708,0.167,0.3674,0.09,0.244
B4GALT3,ENSG00000158850,-2.8974,0.00030222990399802254,0.0006594555794847411,0.032,0.2392,0.02,0.168
PIBF1,ENSG00000083535,1.2795,0.0003039037636452222,0.0006628913250772172,0.6041,0.2488,0.279,0.153
MIRLET7BHG,ENSG00000197182,2.8758,0.00030455460486564337,0.0006640940926861352,0.3567,0.0485,0.179,0.034
TTLL5,ENSG00000119685,2.1691,0.000304695498800275,0.00066418447666026,0.4339,0.0964,0.204,0.062
SEC63,ENSG00000025796,-0.5021,0.0003071532953564239,0.000669323608380279,0.4564,0.6465,0.209,0.402
RPS6KC1,ENSG00000136643,2.4863,0.0003097011840501428,0.0006746556452286053,0.4004,0.0714,0.189,0.046
SIAE,ENSG00000110013,-1.767,0.00031225983853864716,0.0006800076496901286,0.0877,0.2987,0.05,0.202
RBBP6,ENSG00000122257,-0.8744,0.0003135872891340551,0.0006826758488025927,0.2487,0.456,0.134,0.294
WDR1,ENSG00000071127,-0.7225,0.00031527449237378854,0.0006861252312038232,0.2786,0.4597,0.139,0.304
UBE4B,ENSG00000130939,1.7141,0.0003159481053180991,0.0006873672297783661,0.4858,0.148,0.234,0.099
PEA15,ENSG00000162734,-3.415,0.0003184632217188926,0.00069261343466639,0.0227,0.2432,0.02,0.167
PDS5A,ENSG00000121892,0.9178,0.0003193364269294853,0.0006942864568561302,0.8149,0.4313,0.358,0.274
NAPG,ENSG00000134265,-1.7625,0.0003197600469470153,0.0006949812409889734,0.0869,0.295,0.055,0.202
PCED1B,ENSG00000179715,4.8707,0.00032103406525600475,0.0006975232667029459,0.3224,0.0109,0.154,0.007
CPEB3,ENSG00000107864,2.849,0.0003220344356056934,0.0006994692668001386,0.3801,0.0527,0.179,0.035
CXCL8,ENSG00000169429,-3.685,0.00032309354696448677,0.0007015415475213938,0.0241,0.3117,0.015,0.161
TM2D1,ENSG00000162604,-1.1863,0.00032359636838542763,0.0007024049868203676,0.1668,0.3798,0.104,0.254
FLYWCH2,ENSG00000162076,-2.4183,0.00032487533305312476,0.0007049520303644641,0.0479,0.2564,0.03,0.177
PCAT1,ENSG00000253438,1.9657,0.00032656291673164195,0.0007083838002113142,0.4394,0.1124,0.199,0.052
JKAMP,ENSG00000050130,-2.7145,0.0003299152796031126,0.0007154234261263601,0.0402,0.2644,0.035,0.179
NGDN,ENSG00000129460,-4.0015,0.0003303425194741661,0.0007156528341122139,0.0141,0.2281,0.01,0.157
PARD6B,ENSG00000124171,-0.6981,0.00033017156143333334,0.0007156528341122139,0.3064,0.4971,0.139,0.309
HNMT,ENSG00000150540,-1.607,0.0003302665278985825,0.0007156528341122139,0.1028,0.3133,0.06,0.209
RBPJ,ENSG00000168214,1.0709,0.00033290728171057795,0.0007209752706047179,0.8691,0.4136,0.348,0.271
UTP3,ENSG00000132467,-3.2573,0.00033392303985844485,0.0007229406752721404,0.0247,0.237,0.02,0.166
SPR,ENSG00000116096,-11.0472,0.00033414382276217546,0.0007231842489399125,0.0,0.2115,0.0,0.147
PTPRD,ENSG00000153707,2.1826,0.0003344416158426308,0.0007235942831917496,0.4273,0.0941,0.189,0.042
FLNB,ENSG00000136068,1.2822,0.0003357702911529395,0.0007262337353013222,0.6729,0.2766,0.294,0.182
SLC12A2,ENSG00000064651,-1.6179,0.0003387146714089734,0.000732364936983015,0.1052,0.3231,0.06,0.209
LARP4B,ENSG00000107929,0.8807,0.0003392596851562289,0.0007333059667179459,0.8061,0.4377,0.363,0.273
PDZD11,ENSG00000120509,-5.224,0.00034086052035766897,0.0007365277953635946,0.0058,0.2215,0.01,0.155
MAPK1IP1L,ENSG00000168175,-0.6535,0.00034476501944771625,0.0007447236626427221,0.3276,0.5154,0.159,0.332
LRRC23,ENSG00000010626,-1.3405,0.00034585424988899956,0.0007468349612055054,0.1397,0.354,0.08,0.23
SHMT1,ENSG00000176974,-2.1498,0.0003469964320946358,0.0007490592016677675,0.0595,0.2644,0.035,0.183
CCDC146,ENSG00000135205,3.0032,0.00034804237469881366,0.0007510743200689423,0.3407,0.0424,0.169,0.023
ZNF24,ENSG00000172466,-1.1132,0.00034863138817869846,0.0007519026500986893,0.1652,0.3576,0.09,0.243
ZDHHC14,ENSG00000175048,6.1976,0.00034865137106687244,0.0007519026500986893,0.3127,0.0042,0.149,0.003
USP9Y,ENSG00000114374,2.0578,0.0003487912812847054,0.000751961577695464,0.406,0.0974,0.204,0.063
ARHGAP6,ENSG00000047648,6.2654,0.00034995255925728176,0.0007542217306483978,0.3618,0.0046,0.149,0.003
PHGDH,ENSG00000092621,-4.5983,0.000351499843856358,0.0007573120829408436,0.0095,0.2334,0.005,0.152
JMJD8,ENSG00000161999,-3.0821,0.0003520640774872189,0.0007582831259390955,0.0271,0.2301,0.015,0.162
ALPK1,ENSG00000073331,1.7106,0.0003527200537501552,0.0007594510764014463,0.4687,0.1432,0.229,0.091
MCC,ENSG00000171444,4.6201,0.00035325577256280254,0.0007601144667999221,0.3409,0.0138,0.154,0.008
NMRAL1,ENSG00000153406,-1.6123,0.0003532355429497775,0.0007601144667999221,0.0936,0.2865,0.045,0.197
CCAR1,ENSG00000060339,1.1466,0.00035595598744534666,0.0007656779517383157,0.6811,0.3076,0.313,0.204
CLU,ENSG00000120885,-1.0779,0.00035722131962846856,0.0007681523482931557,0.1798,0.3798,0.075,0.231
SDR39U1,ENSG00000100445,-3.8111,0.0003588807528250685,0.0007714723360536314,0.0164,0.2313,0.01,0.157
JAK1,ENSG00000162434,-0.4159,0.00035931215145780905,0.0007721511774732003,0.774,1.0326,0.338,0.58
ENSG00000182957,ENSG00000182957,2.647,0.00036197282841466863,0.0007776186944295824,0.3822,0.0609,0.184,0.044
KLHL24,ENSG00000114796,-0.6709,0.00036211773189057236,0.0007776798492916826,0.3364,0.5357,0.164,0.333
GMDS,ENSG00000112699,1.7376,0.0003634866338082361,0.0007803687647718446,0.5162,0.1547,0.234,0.102
MRPL46,ENSG00000259494,-11.0418,0.00036429780317841947,0.0007818589419757916,0.0,0.2107,0.0,0.146
COL12A1,ENSG00000111799,3.2767,0.00036479782528895137,0.0007826805894972393,0.3597,0.037,0.169,0.026
ZFAND2B,ENSG00000158552,-2.8623,0.0003682949537198035,0.0007899299922590134,0.0318,0.2317,0.015,0.162
THUMPD1,ENSG00000066654,-1.7051,0.00036889489094670284,0.0007909627533332354,0.0894,0.2919,0.05,0.198
PTPN12,ENSG00000127947,0.7917,0.00037000243088388285,0.0007930828741570775,0.8479,0.4898,0.383,0.303
PAFAH1B3,ENSG00000079462,-4.0504,0.0003704674665006114,0.0007934970577262947,0.0134,0.2235,0.01,0.156
SLC24A3,ENSG00000185052,2.9121,0.00037055207711458497,0.0007934970577262947,0.4154,0.0551,0.174,0.031
NUBP1,ENSG00000103274,-2.3485,0.0003705097695496463,0.0007934970577262947,0.0501,0.2557,0.03,0.177
ATR,ENSG00000175054,2.1778,0.000371166044555356,0.0007945570549952638,0.4113,0.0908,0.199,0.059
SLC22A3,ENSG00000146477,-0.7873,0.0003714521812712102,0.0007949148089427789,0.274,0.4729,0.129,0.293
PIP4P1,ENSG00000165782,-2.5411,0.00037195076308762045,0.0007957268246836057,0.0421,0.2453,0.025,0.172
UGGT2,ENSG00000102595,1.7119,0.0003757583371129916,0.0008036150924039932,0.4709,0.1437,0.229,0.093
P4HTM,ENSG00000178467,-2.9964,0.00037619794639683784,0.0008042977221461204,0.0304,0.2429,0.02,0.166
GPS1,ENSG00000169727,-1.7648,0.0003770571051494847,0.0008058766096938907,0.0817,0.278,0.045,0.192
ARID2,ENSG00000189079,1.5726,0.0003774981345282649,0.0008065611134082794,0.4854,0.1631,0.239,0.104
IGFBP4,ENSG00000141753,-0.3863,0.000377659607179341,0.000806648070467163,0.5105,0.6673,0.204,0.405
EIF1AY,ENSG00000198692,-3.5699,0.00038051211433673654,0.0008124809500176034,0.0201,0.2402,0.015,0.16
NCOR1,ENSG00000141027,0.7261,0.0003845000491949356,0.0008207337259741051,0.9524,0.5757,0.408,0.36
BROX,ENSG00000162819,-1.631,0.0003846314601318783,0.0008207519240322094,0.0896,0.2777,0.04,0.192
VPS36,ENSG00000136100,-0.9294,0.00038621166880593405,0.0008238606630325243,0.1894,0.3607,0.085,0.241
ENTPD1-AS1,ENSG00000226688,3.005,0.0003869599855599899,0.0008251934047111023,0.3443,0.0428,0.169,0.025
ITGAE,ENSG00000083457,-1.5477,0.0003921135785106529,0.0008359165626787904,0.1004,0.2937,0.05,0.2
ECPAS,ENSG00000136813,1.3239,0.0003933308689326289,0.0008382440566691221,0.6438,0.2571,0.284,0.167
SYNE4,ENSG00000181392,-3.6207,0.0003950567300762014,0.0008416535566759008,0.0189,0.234,0.015,0.16
ELAVL1,ENSG00000066044,-0.8607,0.00039524768025666257,0.0008416670448424783,0.2118,0.3847,0.1,0.258
CLMN,ENSG00000165959,3.8433,0.0003953150950248322,0.0008416670448424783,0.3311,0.023,0.159,0.015
PDGFC,ENSG00000145431,1.9557,0.00039748934304980926,0.0008460265526544538,0.4789,0.1234,0.214,0.078
BCL2,ENSG00000171791,4.7846,0.00040191704354519773,0.0008551780611144873,0.409,0.0147,0.154,0.011
CD163,ENSG00000177575,3.3262,0.0004023737625855468,0.0008556046992387352,0.4285,0.0426,0.169,0.028
STIP1,ENSG00000168439,-1.4701,0.0004022823800078384,0.0008556046992387352,0.1106,0.3065,0.06,0.208
ARMC10,ENSG00000170632,-1.6407,0.0004025794442945894,0.0008557696080342339,0.0906,0.2827,0.05,0.198
ACADS,ENSG00000122971,-3.939,0.0004031970788970211,0.0008562649570598422,0.0143,0.2208,0.01,0.155
MRPL15,ENSG00000137547,-3.7149,0.00040315129784615017,0.0008562649570598422,0.0159,0.2105,0.005,0.151
DBNL,ENSG00000136279,-1.6079,0.0004031741877645375,0.0008562649570598422,0.0966,0.2946,0.055,0.203
SP100,ENSG00000067066,1.0568,0.00040409078069110845,0.0008578901221347468,0.6788,0.3263,0.318,0.216
LUM,ENSG00000139329,4.5959,0.00040441204784621727,0.0008582993541674245,0.4306,0.0177,0.154,0.011
CES1,ENSG00000198848,-1.7573,0.0004086682426707798,0.0008670569227440083,0.0887,0.3,0.04,0.188
ENSG00000267262,ENSG00000267262,3.3437,0.0004097242859784401,0.0008690214372975552,0.3239,0.0318,0.159,0.014
MAGED2,ENSG00000102316,-1.4613,0.0004103521535477902,0.000870076836046251,0.109,0.3002,0.055,0.204
ENSG00000283103,ENSG00000283103,-2.4551,0.00041113242368915546,0.000871454604195452,0.0444,0.2438,0.02,0.166
C6orf62,ENSG00000112308,-0.6117,0.0004114239241089314,0.0008717958087320917,0.3394,0.5186,0.164,0.332
USP32,ENSG00000170832,1.5434,0.0004158196604018825,0.0008808307998173718,0.5526,0.1895,0.249,0.12
CLEC16A,ENSG00000038532,1.577,0.0004159728296965463,0.0008808758812755969,0.4796,0.1607,0.234,0.099
SIPA1L2,ENSG00000116991,5.4862,0.0004193559147418874,0.0008877585275946326,0.3353,0.0074,0.149,0.005
RND1,ENSG00000172602,-2.2353,0.00042028302379991096,0.0008894392636120422,0.0655,0.3086,0.035,0.18
PRTG,ENSG00000166450,-1.9607,0.00042073538537614456,0.0008901145514498795,0.075,0.2922,0.045,0.19
ENSG00000257550,ENSG00000257550,-3.9813,0.00042188021962683665,0.000892253954049285,0.0143,0.2278,0.01,0.154
GANAB,ENSG00000089597,-1.2762,0.0004220951996336015,0.0008924260330334994,0.1356,0.3285,0.075,0.224
PRPF38A,ENSG00000134748,-3.0886,0.00042583781190364385,0.0009000540334507713,0.0265,0.2261,0.015,0.16
HTATSF1,ENSG00000102241,-2.1726,0.00042660934724207824,0.0009013995033944449,0.0547,0.2469,0.025,0.172
SERINC2,ENSG00000168528,-1.7071,0.0004292350605101716,0.0009066606480542176,0.087,0.2842,0.05,0.195
ACO2,ENSG00000100412,-1.192,0.0004310954313269609,0.0009103023666875663,0.1504,0.3437,0.08,0.23
DIS3L2,ENSG00000144535,1.5692,0.0004319002660251098,0.0009114255534855318,0.5238,0.1764,0.244,0.113
MCEE,ENSG00000124370,-2.6123,0.0004317782312670088,0.0009114255534855318,0.0402,0.2465,0.025,0.169
STK38,ENSG00000112079,2.1863,0.0004321077990189043,0.0009115754863067789,0.4071,0.0894,0.199,0.061
AARD,ENSG00000205002,-5.0287,0.0004405480316422327,0.0009290875602584377,0.0068,0.2245,0.005,0.149
TIFA,ENSG00000145365,-6.28,0.00044164341086794343,0.0009311036430514502,0.0027,0.2186,0.005,0.148
SETD3,ENSG00000183576,-0.9087,0.00044285376278248854,0.0009333607704715181,0.2091,0.3927,0.109,0.263
OGFOD3,ENSG00000181396,-2.1658,0.00044386684049432167,0.0009352008289153232,0.0547,0.246,0.025,0.171
LAMB2,ENSG00000172037,-2.0063,0.0004460755568079879,0.0009395580712458376,0.0654,0.263,0.03,0.178
CRYZ,ENSG00000116791,-2.543,0.0004561166296988173,0.0009604044671369485,0.0439,0.2563,0.03,0.174
SECISBP2,ENSG00000187742,-0.6768,0.00045848539998275944,0.000965087925144926,0.3201,0.5118,0.159,0.328
RTCB,ENSG00000100220,-1.6374,0.0004591181465222246,0.0009661153436111966,0.0901,0.2804,0.05,0.195
VPS13D,ENSG00000048707,1.2485,0.0004615533953118918,0.0009705137839439628,0.5935,0.2497,0.279,0.16
APOH,ENSG00000091583,-4.0849,0.0004616443017802021,0.0009705137839439628,0.0136,0.2331,0.005,0.149
SNRPA1,ENSG00000131876,-1.6002,0.0004616443017802021,0.0009705137839439628,0.0901,0.2733,0.04,0.188
CREBRF,ENSG00000164463,-1.1129,0.0004639093527759939,0.0009749687121431289,0.1689,0.3654,0.085,0.236
RRAS,ENSG00000126458,-2.2037,0.00046573933081589574,0.000978506760150792,0.0576,0.2659,0.035,0.18
IARS2,ENSG00000067704,-1.5365,0.0004663158562914775,0.0009794099384184839,0.1008,0.2927,0.055,0.201
ZNF622,ENSG00000173545,-2.7227,0.0004667355656762091,0.0009796753121154621,0.0352,0.233,0.02,0.164
MPHOSPH10,ENSG00000124383,-3.5626,0.0004666962029548549,0.0009796753121154621,0.0193,0.2293,0.02,0.162
VSIG10,ENSG00000176834,-1.6003,0.00046956463972279216,0.0009853038732983124,0.0962,0.2918,0.05,0.196
FAM184A,ENSG00000111879,-0.6994,0.0004734059469406568,0.0009930522360605046,0.3201,0.5198,0.149,0.316
SETBP1,ENSG00000152217,5.0257,0.00047560458193204966,0.0009973510212634724,0.3429,0.0104,0.149,0.007
G3BP2,ENSG00000138757,-0.6072,0.00047763841642521653,0.001001301626900195,0.3112,0.4741,0.144,0.309
PAG1,ENSG00000076641,1.9252,0.00048094721426626246,0.0010079216956650038,0.5516,0.1452,0.224,0.097
PIK3CB,ENSG00000051382,1.6282,0.0004814062057467168,0.0010085671418388713,0.5148,0.1665,0.239,0.11
ZFYVE21,ENSG00000100711,-1.9763,0.0004826502319474965,0.0010108563496949918,0.0681,0.2681,0.045,0.187
SNHG25,ENSG00000266402,-1.3861,0.0004828804343058966,0.0010110214485044148,0.1479,0.3866,0.08,0.226
UBALD1,ENSG00000153443,-6.0562,0.0004842502199874663,0.0010135716763698802,0.0031,0.2138,0.005,0.147
SMIM27,ENSG00000235453,-5.3155,0.0004876017069733748,0.0010202668549107678,0.0053,0.2133,0.005,0.147
PSME3,ENSG00000131467,-2.2894,0.0004900677057812255,0.0010251056081781412,0.0497,0.2432,0.025,0.171
RRP15,ENSG00000067533,-2.2803,0.0004922143073003885,0.0010289512859027528,0.0541,0.263,0.035,0.178
KATNIP,ENSG00000047578,2.8096,0.0004922143073003885,0.0010289512859027528,0.3151,0.0449,0.169,0.028
ECI2,ENSG00000198721,-4.3784,0.0004928765619942141,0.0010300133158821514,0.01,0.2106,0.005,0.148
DPYSL2,ENSG00000092964,-0.637,0.0004933185266250224,0.0010306144633495543,0.3574,0.5558,0.174,0.346
NAA60,ENSG00000122390,-3.3778,0.0004944250555237249,0.0010326031725587737,0.0219,0.2283,0.015,0.158
AGO3,ENSG00000126070,1.3245,0.0004947436106589965,0.001032945475333366,0.6147,0.2454,0.279,0.163
GOT1,ENSG00000120053,-2.8651,0.0004978700203767317,0.0010389979322257006,0.0329,0.2404,0.025,0.167
DDX60L,ENSG00000181381,4.2828,0.0004979536429187704,0.0010389979322257006,0.3528,0.018,0.154,0.013
NOP58,ENSG00000055044,-0.8295,0.0004983161586200387,0.00103942961381113,0.2501,0.4446,0.129,0.288
ENSG00000237813,ENSG00000237813,6.85,0.0005012532031466768,0.0010452295172702637,0.3133,0.0026,0.144,0.002
SLX9,ENSG00000160256,-4.261,0.0005030794532817704,0.0010487102585733286,0.0115,0.2223,0.015,0.156
PDLIM2,ENSG00000120913,-1.3889,0.000504023095112156,0.0010502275005237966,0.1238,0.3244,0.06,0.208
MYOF,ENSG00000138119,0.7999,0.0005041217797094313,0.0010502275005237966,0.8382,0.4814,0.373,0.297
GNPDA1,ENSG00000113552,-2.6759,0.000504742495484514,0.001051192743168403,0.0372,0.2383,0.025,0.167
AGA,ENSG00000038002,-5.4846,0.0005069773074155723,0.0010555179040612865,0.0046,0.2091,0.005,0.147
RNF38,ENSG00000137075,1.9219,0.0005084249301783565,0.0010582019659274675,0.4236,0.1117,0.209,0.074
SCAMP4,ENSG00000227500,-1.5223,0.000510175717844072,0.0010615151462556253,0.1051,0.3021,0.06,0.205
RNASE4,ENSG00000258818,-4.1353,0.0005127336549490489,0.0010665051639379313,0.0134,0.238,0.01,0.152
TMEM220,ENSG00000187824,-3.398,0.0005148576206121044,0.0010705896787261038,0.0209,0.221,0.01,0.153
VCF2,ENSG00000182518,-10.9929,0.0005151021140562433,0.0010707647120391066,0.0,0.2037,0.0,0.142
RP1,ENSG00000104237,4.0689,0.0005155194408943255,0.0010712988007881767,0.3568,0.0212,0.154,0.013
INSIG2,ENSG00000125629,-1.8068,0.000515836243871891,0.0010716237240498787,0.0802,0.2808,0.05,0.194
PDS5B,ENSG00000083642,1.4315,0.0005189563247519197,0.0010777703025553705,0.5925,0.2196,0.264,0.146
CLPTM1L,ENSG00000049656,-0.629,0.0005221522592458671,0.001084070543830633,0.309,0.4779,0.144,0.311
ZBTB43,ENSG00000169155,-1.2238,0.000526246343231898,0.0010922309901944833,0.1482,0.3462,0.08,0.228
MAP9,ENSG00000164114,-2.7696,0.0005291004812242498,0.001097813642154944,0.0357,0.2441,0.025,0.167
CWC25,ENSG00000273559,-1.1147,0.0005301634142899224,0.0010992051976280958,0.1547,0.3351,0.075,0.224
PID1,ENSG00000153823,-0.5228,0.0005302816407152722,0.0010992051976280958,0.4638,0.6664,0.209,0.391
MCTP2,ENSG00000140563,1.4104,0.000530133861521696,0.0010992051976280958,0.619,0.2328,0.264,0.144
PCNX2,ENSG00000135749,3.1794,0.0005304294582954563,0.0010992051976280958,0.3546,0.0391,0.164,0.024
NBEA,ENSG00000172915,2.2342,0.000530651256660612,0.001099316024367926,0.4221,0.0896,0.189,0.051
ZFAND6,ENSG00000086666,-0.4019,0.0005309767172646997,0.001099316024367926,0.6028,0.7964,0.269,0.477
LTBP1,ENSG00000049323,6.4011,0.0005309619195665092,0.001099316024367926,0.3315,0.0038,0.144,0.003
SIGMAR1,ENSG00000147955,-4.1783,0.0005313467846394365,0.0010997412998471634,0.0119,0.2166,0.01,0.152
CPLANE1,ENSG00000197603,1.6644,0.0005315393146428353,0.0010997989722736979,0.49,0.1545,0.229,0.099
RAB9A,ENSG00000123595,-1.6831,0.00053404812744998,0.001104647706174796,0.0847,0.2722,0.045,0.19
ABT1,ENSG00000146109,-4.9731,0.000535060700050672,0.0011063995094855847,0.0066,0.2116,0.01,0.15
SYN3,ENSG00000185666,6.147,0.0005365530275103278,0.0011091419593752645,0.3409,0.0047,0.144,0.003
HK2,ENSG00000159399,-1.2307,0.0005420480816044873,0.0011201544359642236,0.1427,0.3349,0.075,0.223
INPP4B,ENSG00000109452,6.2506,0.0005428028296307984,0.00112136718190662,0.3479,0.0045,0.144,0.003
PNPLA4,ENSG00000006757,-2.9847,0.0005430898905073277,0.0011216132896408292,0.0272,0.2159,0.01,0.153
BLTP1,ENSG00000138688,0.9295,0.0005443152637984124,0.0011237964905439247,0.7745,0.4066,0.343,0.256
BTAF1,ENSG00000095564,1.7032,0.0005487540707601097,0.0011326107659477048,0.4969,0.1525,0.229,0.099
THOC6,ENSG00000131652,-2.719,0.000550618609179931,0.0011361080292594252,0.0353,0.2333,0.02,0.163
MVK,ENSG00000110921,-2.8457,0.0005508329496573534,0.0011361992806551771,0.0333,0.2403,0.025,0.166
IFI27L1,ENSG00000165948,-4.6191,0.0005533649680887115,0.0011410696578772782,0.0087,0.2164,0.01,0.15
PRKCA,ENSG00000154229,1.45,0.0005561240821631456,0.0011464051681381634,0.5601,0.205,0.254,0.127
SYNE2,ENSG00000054654,0.8144,0.00055661867970275,0.0011470707071072716,0.8304,0.4721,0.363,0.287
EIF2D,ENSG00000143486,-3.278,0.0005595948792522746,0.0011528483030616725,0.0228,0.2223,0.015,0.156
FBN1,ENSG00000166147,6.1052,0.0005641809212261668,0.0011619378269718064,0.3553,0.0051,0.144,0.003
SGK1,ENSG00000118515,-0.892,0.0005662199025224081,0.0011657776599713822,0.2294,0.4258,0.109,0.26
HMCN1,ENSG00000143341,3.7874,0.0005668172073392174,0.0011666478051829377,0.3548,0.0256,0.154,0.014
NCOR2,ENSG00000196498,0.8962,0.0005691491499962615,0.0011710866213262572,0.7473,0.4015,0.343,0.256
LMBR1,ENSG00000105983,1.8368,0.0005718704690732062,0.0011763236411887724,0.4411,0.1234,0.214,0.082
VCL,ENSG00000035403,1.1576,0.0005736489990942284,0.001179618739208852,0.6801,0.3048,0.303,0.2
NRP1,ENSG00000099250,2.1839,0.000575432678461788,0.0011829223944125214,0.4174,0.0918,0.194,0.059
CNTN6,ENSG00000134115,5.767,0.0005854328033727028,0.0012031094442234713,0.3014,0.0054,0.144,0.004
SEMA5A,ENSG00000112902,3.2541,0.0005869905665837261,0.0012059397090780396,0.3514,0.0367,0.164,0.026
ABCC6,ENSG00000091262,-1.3704,0.0005915561110610421,0.0012149456536828722,0.1241,0.321,0.065,0.211
SLC25A37,ENSG00000147454,-1.912,0.0005928010218476642,0.001217128197024454,0.0758,0.2853,0.045,0.186
PNN,ENSG00000100941,-0.5851,0.0005936213716188964,0.001218437965901232,0.3386,0.5081,0.164,0.327
NUDT9,ENSG00000170502,-1.6378,0.0005945085362178624,0.001219884028694041,0.0938,0.2922,0.055,0.197
RRAGD,ENSG00000025039,-1.8905,0.0005985491585589282,0.0012277978593412413,0.0715,0.2653,0.04,0.182
PPIE,ENSG00000084072,-2.4027,0.0006042156042884461,0.0012389342843412863,0.0459,0.243,0.03,0.17
ZNF608,ENSG00000168916,1.7712,0.0006043491388507128,0.0012389342843412863,0.4323,0.1266,0.214,0.082
TMED7,ENSG00000134970,-1.6122,0.0006098814337503478,0.001249892020870995,0.0893,0.2731,0.05,0.191
GPRC5D-AS1,ENSG00000247498,1.9535,0.0006104203978682484,0.0012505054385578938,0.4582,0.1182,0.204,0.071
PFDN1,ENSG00000113068,-0.7881,0.000610555208135543,0.0012505054385578938,0.2583,0.4461,0.134,0.291
TLK1,ENSG00000198586,1.2528,0.0006120737339544544,0.0012528472170033101,0.6251,0.2622,0.284,0.173
KDM6B,ENSG00000132510,-1.4115,0.0006120399507879816,0.0012528472170033101,0.1243,0.3308,0.065,0.211
MAMDC2,ENSG00000165072,3.3749,0.0006129865356454512,0.0012543312106544021,0.3118,0.03,0.154,0.013
CYB5B,ENSG00000103018,-0.7341,0.0006135788427958684,0.0012551586802553155,0.2523,0.4198,0.119,0.279
KEAP1,ENSG00000079999,-2.5857,0.0006161403354441004,0.0012594120463753607,0.0405,0.2434,0.03,0.169
ZMPSTE24,ENSG00000084073,-1.8959,0.0006162763208198757,0.0012594120463753607,0.0711,0.2649,0.04,0.181
RBM17,ENSG00000134453,-0.7196,0.0006164123341220323,0.0012594120463753607,0.2885,0.4751,0.154,0.311
CKAP4,ENSG00000136026,-1.1829,0.0006162423218580389,0.0012594120463753607,0.1396,0.3171,0.07,0.217
SNAPC5,ENSG00000174446,-4.459,0.0006171949528188121,0.001260625409748271,0.0096,0.2128,0.01,0.15
TMEM123,ENSG00000152558,-0.591,0.0006238846388930903,0.0012738995729645217,0.3127,0.4711,0.149,0.31
GAR1,ENSG00000109534,-3.9544,0.0006243146544708753,0.0012743880125950418,0.0138,0.2161,0.01,0.15
CRK,ENSG00000167193,-0.9409,0.0006251410574815677,0.0012756850360279228,0.2034,0.3905,0.114,0.263
APMAP,ENSG00000101474,-1.4196,0.0006261064805958059,0.001277264869853203,0.1072,0.287,0.055,0.199
CBR4,ENSG00000145439,1.6688,0.0006284914829500418,0.001281738813625444,0.4417,0.1388,0.224,0.096
NOLC1,ENSG00000166197,-2.29,0.0006298953092707961,0.0012842096369412844,0.05,0.245,0.03,0.17
GABPB1-AS1,ENSG00000244879,-1.7474,0.0006307285822959675,0.0012855160821345032,0.0853,0.2866,0.05,0.193
PREB,ENSG00000138073,-4.4612,0.0006354523731737005,0.0012947487493676466,0.0092,0.2054,0.005,0.145
HNRNPC,ENSG00000092199,-0.3863,0.0006356972983724711,0.0012948527770142526,0.736,0.9621,0.323,0.549
FBXW2,ENSG00000119402,-1.2631,0.0006436699305027621,0.0013106925200694964,0.1357,0.3259,0.08,0.223
MGAT1,ENSG00000131446,-0.7297,0.0006461881599933879,0.0013154192991758117,0.2263,0.3753,0.1,0.253
TMX1,ENSG00000139921,-1.537,0.0006495541035167363,0.0013218683294906404,0.0999,0.29,0.055,0.198
CTSB,ENSG00000164733,-0.3634,0.0006541392702763535,0.0013307938428802207,0.5169,0.665,0.204,0.409
PIGS,ENSG00000087111,-4.1559,0.0006552902556102092,0.0013327294814922618,0.0122,0.2186,0.015,0.153
EOLA2-DT,ENSG00000235703,2.9884,0.0006558304280403226,0.001333422048365697,0.3194,0.0402,0.159,0.019
PTPN21,ENSG00000070778,2.4477,0.0006597862489307366,0.0013410567122971362,0.3435,0.0629,0.179,0.043
NSFL1C,ENSG00000088833,-1.3986,0.0006650039554269622,0.0013508398474138324,0.1042,0.2748,0.045,0.19
R3HDM4,ENSG00000198858,-3.2588,0.0006650039554269622,0.0013508398474138324,0.0233,0.2236,0.015,0.155
MRPL19,ENSG00000115364,-1.3213,0.0006658803390369619,0.0013522088125350771,0.1227,0.3068,0.065,0.211
TNRC18,ENSG00000182095,1.2196,0.0006686259640044239,0.0013573716758618684,0.618,0.2653,0.284,0.171
RUVBL2,ENSG00000183207,-2.2549,0.000673964042267531,0.0013677927190230447,0.0501,0.2397,0.025,0.166
GNS,ENSG00000135677,-1.1214,0.0006742227424050661,0.001367902094934215,0.1513,0.3292,0.08,0.224
LINC03040,ENSG00000181577,-10.9857,0.0006801797516295769,0.0013795689526674595,0.0,0.2027,0.0,0.139
TMEM14A,ENSG00000096092,-4.1019,0.0006810933695481561,0.0013810026154256632,0.0126,0.2177,0.01,0.149
MYO16,ENSG00000041515,4.8331,0.0006820268085309434,0.0013824755854865468,0.3211,0.0112,0.144,0.005
ZNG1E,ENSG00000147996,-2.4689,0.0006918053183111787,0.0014018712745753528,0.0411,0.2279,0.015,0.156
GLRX3,ENSG00000108010,-0.8392,0.0006934729785644001,0.001404705831790543,0.2253,0.4031,0.114,0.267
CBFA2T2,ENSG00000078699,1.7557,0.0006936247691638284,0.001404705831790543,0.4736,0.1402,0.219,0.09
ZFC3H1,ENSG00000133858,1.4135,0.0006958292057269624,0.0014087430327524649,0.5441,0.2042,0.254,0.135
EHMT1,ENSG00000181090,1.2586,0.0006962099384451164,0.0014090867208711914,0.5942,0.2483,0.274,0.161
ZPR1,ENSG00000109917,-2.804,0.0006968195135210607,0.0014098932235101984,0.0311,0.2178,0.015,0.155
BET1L,ENSG00000177951,-3.5037,0.0006976203335640691,0.001411086071433803,0.0197,0.2247,0.02,0.157
CETN3,ENSG00000153140,-3.1191,0.000697925632783758,0.001411276203863978,0.0262,0.2282,0.015,0.155
KRAS,ENSG00000133703,-0.8577,0.0007087670963128718,0.0014327649625525637,0.2346,0.4253,0.134,0.281
KLF3,ENSG00000109787,-1.169,0.0007090381904300359,0.0014328792961822118,0.1416,0.3185,0.07,0.215
NUDT3,ENSG00000272325,-2.8299,0.0007157297055502213,0.0014459645200755984,0.0311,0.2217,0.015,0.155
RWDD4,ENSG00000182552,-1.399,0.0007180581292449306,0.001450229889696671,0.1118,0.2949,0.06,0.202
UGDH,ENSG00000109814,-0.9723,0.0007216131773213068,0.0014569692900027232,0.1687,0.3311,0.075,0.221
PPP1R2,ENSG00000184203,-0.7544,0.0007232685829362788,0.0014598703129136918,0.2201,0.3714,0.1,0.252
CELF1,ENSG00000149187,0.6924,0.0007237422035525218,0.001460384947893442,0.9277,0.574,0.403,0.351
SLC52A2,ENSG00000185803,-5.1322,0.0007264116923727776,0.0014653288110413113,0.0058,0.2078,0.01,0.147
GGTLC1,ENSG00000149435,-11.0887,0.0007345351779009725,0.0014812682527779576,0.0,0.2177,0.0,0.138
CRYM,ENSG00000103316,-4.6867,0.0007350356738722981,0.001481830143613969,0.0084,0.2195,0.005,0.144
TMEM128,ENSG00000132406,-2.8516,0.0007438761639297253,0.0014992000298390572,0.0312,0.2261,0.02,0.158
INTS11,ENSG00000127054,-1.3927,0.0007444230947992687,0.0014998497285563547,0.1124,0.2953,0.06,0.202
FOXA1,ENSG00000129514,-4.8802,0.000747997435527575,0.001506596764743267,0.0068,0.2032,0.005,0.143
YEATS4,ENSG00000127337,-4.2332,0.0007519557966162938,0.001514112983298229,0.0109,0.2063,0.01,0.148
SMPDL3B,ENSG00000130768,-5.9867,0.0007524877743598905,0.0015147274999848428,0.0031,0.2037,0.005,0.142
SND1,ENSG00000197157,0.748,0.0007539217597341561,0.00151715680423755,0.9265,0.5516,0.393,0.346
EPS15,ENSG00000085832,1.0678,0.0007546191821390926,0.001518102866718976,0.6389,0.3047,0.303,0.198
NOP56,ENSG00000101361,-2.076,0.0007589813472526208,0.0015264186745860447,0.0597,0.2522,0.035,0.174
ASB3,ENSG00000115239,1.4779,0.0007596831145518545,0.001527370115018614,0.4807,0.1725,0.234,0.106
DIAPH2-AS1,ENSG00000236256,2.8618,0.0007602821568314522,0.001528114512632341,0.3394,0.0466,0.159,0.021
LIMCH1,ENSG00000064042,0.3265,0.0007609436779973214,0.001528984002811104,1.3046,1.0404,0.498,0.571
C8orf82,ENSG00000213563,-4.71,0.0007645708348676747,0.00153581010709209,0.0077,0.2037,0.01,0.147
RALGAPA1,ENSG00000174373,1.1366,0.0007691534644212031,0.001544550808439331,0.6427,0.2923,0.294,0.185
OARD1,ENSG00000124596,-1.3774,0.0007702403510579844,0.0015462685015678623,0.1155,0.3002,0.065,0.206
MED19,ENSG00000156603,-3.3086,0.0007799597234359634,0.0015643243665958001,0.0225,0.2236,0.015,0.153
HP1BP3,ENSG00000127483,-0.5169,0.0007797481473949808,0.0015643243665958001,0.4532,0.6486,0.224,0.401
WIPF1,ENSG00000115935,3.7089,0.0007801290226369806,0.0015643243665958001,0.3376,0.0257,0.154,0.018
ENSG00000254604,ENSG00000254604,3.5818,0.0007801713527669727,0.0015643243665958001,0.3073,0.0256,0.149,0.011
SNX27,ENSG00000143376,-0.9131,0.0007805947713479976,0.0015647036247999028,0.1982,0.3733,0.104,0.251
YEATS2,ENSG00000163872,2.2669,0.000783054808621716,0.0015691638364189742,0.3557,0.0738,0.184,0.05
DLC1,ENSG00000164741,-0.4263,0.0007855220406706,0.0015736357857345344,0.7956,1.0691,0.343,0.581
AKT1S1,ENSG00000204673,-5.4415,0.0007867583607250728,0.0015756399074311127,0.0045,0.2012,0.005,0.142
CEMIP,ENSG00000103888,4.6048,0.0007909925215242284,0.0015836447995384658,0.3564,0.0146,0.144,0.007
RPP25L,ENSG00000164967,-4.4615,0.0007933969579606861,0.0015879827036917658,0.0092,0.2041,0.005,0.143
DECR1,ENSG00000104325,-0.7077,0.0007949247101865632,0.0015905638524074462,0.2609,0.4261,0.129,0.279
U2AF2,ENSG00000063244,-2.0912,0.0007981397191627262,0.0015965184738807572,0.0619,0.2639,0.045,0.181
ARL16,ENSG00000214087,-2.8406,0.0008107259070856477,0.0016212090818637848,0.0315,0.2265,0.02,0.158
TPR,ENSG00000047410,-0.5203,0.0008125263345142279,0.0016243230733973446,0.3952,0.5669,0.184,0.357
TMEM70,ENSG00000175606,-4.7857,0.0008130979759415071,0.0016249794677777756,0.007,0.196,0.005,0.142
TRIB3,ENSG00000101255,-3.7069,0.0008151677943633915,0.001628628686375439,0.0161,0.2113,0.005,0.143
SAMHD1,ENSG00000101347,2.4173,0.0008202972231057255,0.0016383867084698385,0.4246,0.0794,0.184,0.054
IL20RA,ENSG00000016402,-1.3604,0.0008226063291038794,0.0016425075252869388,0.1158,0.2975,0.05,0.192
CMC2,ENSG00000103121,-1.307,0.0008236741029819983,0.001644148037602142,0.1267,0.3137,0.07,0.212
LPAR1,ENSG00000198121,4.7291,0.0008281370163210313,0.0016525626328079378,0.3068,0.0115,0.144,0.008
WDR7,ENSG00000091157,2.1852,0.0008284055031821698,0.001652604646282471,0.3725,0.0818,0.184,0.05
PER1,ENSG00000179094,-0.564,0.0008433427489498185,0.0016819009316918,0.3333,0.4929,0.144,0.308
SPINK5,ENSG00000133710,-3.3839,0.0008437068426613125,0.0016821247767566886,0.0235,0.2468,0.015,0.152
METTL15,ENSG00000169519,1.4428,0.0008448683645898485,0.0016839378714102052,0.4992,0.1836,0.239,0.115
CREBL2,ENSG00000111269,-2.2122,0.0008478129551438898,0.0016889810824154828,0.0534,0.248,0.035,0.172
DYNC2H1,ENSG00000187240,1.7093,0.0008479044122382264,0.0016889810824154828,0.4762,0.1456,0.219,0.093
TINF2,ENSG00000092330,-6.143,0.000852442991627882,0.0016975154266793751,0.0027,0.1988,0.005,0.141
PDE3B,ENSG00000152270,6.2549,0.0008547437565178351,0.0017015897316788736,0.3359,0.0043,0.139,0.003
HMGB3,ENSG00000029993,-1.9412,0.0008569579074624437,0.0017054892324021638,0.0702,0.2698,0.04,0.177
SDCBP,ENSG00000137575,-0.345,0.0008615646082296763,0.0017141465648990194,0.5516,0.7006,0.229,0.428
CPNE1,ENSG00000214078,-1.0895,0.0008642372307686189,0.0017189518952661121,0.155,0.3298,0.08,0.222
TMEM150A,ENSG00000168890,-3.6101,0.0008654249396154905,0.001720801777818357,0.0173,0.2118,0.01,0.147
SNHG12,ENSG00000197989,-1.3666,0.0008670109058069789,0.001723442214251432,0.1227,0.3165,0.07,0.208
AGPAT4,ENSG00000026652,2.671,0.0008719727029872402,0.0017327895516964526,0.356,0.0558,0.169,0.035
HIRIP3,ENSG00000149929,-5.2396,0.0008777396438221949,0.0017436813038961452,0.0053,0.2024,0.005,0.141
FN3K,ENSG00000167363,-2.5894,0.0008779757785600743,0.0017436813038961452,0.0429,0.259,0.03,0.165
PHIP,ENSG00000146247,0.7623,0.0008821888435931013,0.001751527730784282,0.8626,0.5085,0.378,0.317
MRPL48,ENSG00000175581,-2.1301,0.0008939316386719527,0.0017743148334888475,0.0534,0.2343,0.025,0.163
ABI2,ENSG00000138443,1.4698,0.0008947965310125916,0.0017755038712516636,0.5151,0.1859,0.244,0.123
PI4KA,ENSG00000241973,1.3553,0.0008962878862406111,0.0017779348952186047,0.5902,0.2306,0.264,0.152
GRB10,ENSG00000106070,2.2959,0.0009009692810442946,0.0017864479841297404,0.3872,0.0788,0.184,0.053
SESTD1,ENSG00000187231,0.8688,0.000901114427089848,0.0017864479841297404,0.7681,0.4206,0.348,0.264
MFSD13A,ENSG00000138111,-2.2209,0.0009018162718779009,0.001787308866431009,0.0517,0.2414,0.03,0.167
HNRNPH3,ENSG00000096746,-0.6107,0.000907230167164767,0.0017975052763255649,0.3307,0.5051,0.169,0.329
TP53RK,ENSG00000172315,-10.9097,0.0009079607881943581,0.0017984193666518732,0.0,0.1923,0.0,0.136
CRADD,ENSG00000169372,1.7764,0.0009105711130338839,0.0018030549848660866,0.4397,0.1283,0.209,0.08
PACSIN3,ENSG00000165912,-2.9715,0.0009110353551384116,0.0018034395782363516,0.0268,0.2108,0.01,0.147
MID1,ENSG00000101871,1.7113,0.0009144138066592561,0.0018095910562006435,0.4425,0.1351,0.214,0.087
RRAGC,ENSG00000116954,-2.5868,0.0009192814329771133,0.0018186850387601125,0.0374,0.2255,0.025,0.161
ARHGAP44,ENSG00000006740,1.4635,0.000920514423013331,0.001820585084781178,0.5153,0.1868,0.239,0.119
MKRN1,ENSG00000133606,-1.17,0.0009235293527393191,0.0018260072667098616,0.1366,0.3074,0.07,0.213
CEP85L,ENSG00000111860,2.7212,0.0009262059393375869,0.0018307574634021137,0.3722,0.0564,0.169,0.037
TM2D3,ENSG00000184277,-1.4006,0.0009269507101739576,0.0018316875127964089,0.1034,0.2731,0.05,0.19
PLEKHH2,ENSG00000152527,3.2246,0.0009277457439839514,0.001832716304072408,0.3495,0.0373,0.159,0.026
ELOVL5,ENSG00000012660,0.684,0.0009317303985545574,0.0018400435635558513,1.0223,0.6363,0.418,0.395
FGG,ENSG00000171557,-4.0915,0.0009322795268775933,0.0018405837895404805,0.0166,0.2845,0.005,0.141
ANKRD36C,ENSG00000174501,2.6308,0.00093440397750104,0.0018442329094945171,0.3417,0.0551,0.169,0.037
EIF3B,ENSG00000106263,-0.8437,0.0009405776878394534,0.0018558695353263544,0.2041,0.3665,0.1,0.245
TFG,ENSG00000114354,-0.653,0.0009452201014890662,0.001864478753055367,0.291,0.4577,0.149,0.303
UBR3,ENSG00000144357,1.3335,0.0009470678027042087,0.0018675718495014494,0.5641,0.2238,0.259,0.143
ATP13A3,ENSG00000133657,1.372,0.0009486904570165903,0.0018702194694255629,0.621,0.2399,0.269,0.163
SLC48A1,ENSG00000211584,-10.8983,0.0009581732347677915,0.0018883561625889877,0.0,0.1908,0.0,0.135
SLMAP,ENSG00000163681,1.2201,0.0009594544736218039,0.0018903234304778844,0.6369,0.2733,0.284,0.182
SMC3,ENSG00000108055,-1.147,0.000959967413320412,0.0018907762764868866,0.1361,0.3016,0.065,0.206
GOT2,ENSG00000125166,-2.9291,0.0009661425324687798,0.0019023779405539449,0.029,0.2216,0.02,0.155
ANKRD26,ENSG00000107890,1.8586,0.0009678729767391451,0.0019052235813854259,0.3665,0.101,0.199,0.068
TTC7B,ENSG00000165914,5.6553,0.0009693991770585173,0.0019076656168455616,0.3012,0.0059,0.139,0.005
COMMD10,ENSG00000145781,1.2341,0.0009739651607693134,0.0019160863943382162,0.5928,0.252,0.274,0.163
ANKRD36,ENSG00000135976,2.4368,0.0009751618213943381,0.0019178756787670153,0.338,0.0623,0.174,0.042
DENR,ENSG00000139726,-1.538,0.0009793608637762698,0.0019255670324291156,0.0995,0.289,0.06,0.195
HP,ENSG00000257017,-4.2156,0.00098158449655693,0.0019293710572406524,0.0148,0.2763,0.005,0.141
TMEM223,ENSG00000168569,-2.9398,0.0009923231555050845,0.0019499047824708621,0.0272,0.2097,0.01,0.146
PGRMC2,ENSG00000164040,-1.2378,0.0009941234715144973,0.0019528678430133315,0.1189,0.2806,0.055,0.196
MGRN1,ENSG00000102858,-0.8216,0.0009949717249759173,0.001953959468131182,0.2267,0.4008,0.114,0.26
EXOSC1,ENSG00000171311,-2.4321,0.001007025105405176,0.001977048994415394,0.0439,0.2373,0.03,0.164
B3GNT7,ENSG00000156966,-2.7929,0.0010087963790256372,0.0019799444653283075,0.032,0.2227,0.015,0.152
TOM1,ENSG00000100284,-0.6698,0.0010114856227639065,0.001984639387320838,0.2383,0.3792,0.1,0.248
FAM120B,ENSG00000112584,1.839,0.0010130484231645933,0.0019866972160262697,0.4327,0.1209,0.204,0.077
ATP8A2,ENSG00000132932,-3.2489,0.001013129318428728,0.0019866972160262697,0.0221,0.2113,0.01,0.145
PIGBOS1,ENSG00000225973,-6.1628,0.001013911614308315,0.0019876476876915868,0.0027,0.2015,0.005,0.139
NDUFA9,ENSG00000139180,-1.7945,0.0010200815846451673,0.0019991563684991407,0.0725,0.2518,0.04,0.177
ATG12,ENSG00000145782,-1.1201,0.0010229074821525843,0.0020041065043406017,0.1468,0.3192,0.075,0.218
BABAM2,ENSG00000158019,1.0272,0.0010265865217119437,0.002010135261950769,0.6767,0.332,0.308,0.213
SLC44A2,ENSG00000129353,-1.436,0.0010264500428893938,0.002010135261950769,0.105,0.2842,0.055,0.192
TYW3,ENSG00000162623,-1.9245,0.0010278429151068344,0.0020120055187569015,0.0668,0.2539,0.04,0.175
INVS,ENSG00000119509,2.4473,0.00102981230106557,0.0020152699557037627,0.3463,0.0634,0.169,0.036
ZNF281,ENSG00000162702,-2.1305,0.0010328003785769612,0.002020525403783106,0.0566,0.248,0.035,0.171
HYAL1,ENSG00000114378,-2.5396,0.001034448613816158,0.002023157332848644,0.0383,0.2234,0.02,0.156
RNF220,ENSG00000187147,-2.3203,0.0010353011554384887,0.002024231972240534,0.0479,0.2397,0.03,0.164
ADGRV1,ENSG00000164199,1.1017,0.0010374767021889431,0.002027891979490767,0.6497,0.3027,0.284,0.173
RDH10,ENSG00000121039,-2.5198,0.0010408723682852564,0.0020339340397241743,0.0423,0.2431,0.03,0.163
NSDHL,ENSG00000147383,-10.9026,0.0010438901278933715,0.0020392343270546442,0.0,0.1913,0.0,0.134
FLII,ENSG00000177731,-1.6545,0.001046110146568637,0.0020429735874069963,0.0834,0.2629,0.045,0.181
AAMDC,ENSG00000087884,-1.2819,0.0010509537791358015,0.002051832882446074,0.1293,0.3146,0.075,0.213
RBFOX2,ENSG00000100320,1.2061,0.0010547540453460665,0.002058650575355458,0.6221,0.2696,0.279,0.174
ZNF90,ENSG00000213988,-2.0027,0.0010576406445573785,0.0020636815264384253,0.0632,0.2538,0.03,0.166
CEMIP2,ENSG00000135048,0.9858,0.0010652139379392293,0.002077851603824799,0.7351,0.3711,0.323,0.231
LINC02967,ENSG00000274173,-10.8552,0.001066400903082266,0.0020795596004923953,0.0,0.1851,0.0,0.134
ITGA2,ENSG00000164171,2.5004,0.0010741175840729856,0.0020939963059029396,0.3994,0.0705,0.174,0.045
GPI,ENSG00000105220,-1.0353,0.0010750288168379666,0.00209516121028911,0.1643,0.3369,0.085,0.226
TET2,ENSG00000168769,1.5326,0.0010794813254004795,0.002102611773796968,0.4932,0.1704,0.229,0.107
CFLAR-AS1,ENSG00000226312,3.3467,0.0010792811683786108,0.002102611773796968,0.3008,0.0295,0.149,0.015
AASDHPPT,ENSG00000149313,-1.84,0.0010808261262763245,0.002104617404489671,0.0709,0.2541,0.04,0.175
EPHA2,ENSG00000142627,-1.2387,0.0010852433596666214,0.0021126028560808406,0.1313,0.3101,0.06,0.202
G6PC3,ENSG00000141349,-3.6635,0.0010897926748618802,0.0021208406979611005,0.0163,0.2073,0.01,0.144
CFAP20,ENSG00000070761,-2.9239,0.0011011849819578968,0.002142386977715349,0.0277,0.211,0.015,0.15
ACLY,ENSG00000131473,-1.0665,0.0011076689073584974,0.0021543740920930126,0.157,0.329,0.08,0.221
EBLN3P,ENSG00000281649,-1.2331,0.0011192634127811473,0.0021762912180393838,0.1299,0.3054,0.07,0.208
MYO9A,ENSG00000066933,0.7273,0.0011262322359245733,0.00218920404649017,0.8163,0.493,0.368,0.3
AMZ2,ENSG00000196704,-3.23,0.001129239654308861,0.0021944113037907715,0.0222,0.209,0.015,0.148
USP53,ENSG00000145390,1.1506,0.00113707571954438,0.00220899614044122,0.7998,0.3602,0.313,0.233
OCEL1,ENSG00000099330,-3.2337,0.0011400196616414224,0.002214071334720285,0.023,0.2173,0.015,0.149
HDDC3,ENSG00000184508,-4.1648,0.0011428802069624667,0.002218981657646022,0.0112,0.2033,0.01,0.143
EYA4,ENSG00000112319,7.3397,0.001144237516531561,0.0022209713376676247,0.3112,0.0018,0.134,0.001
EXOC2,ENSG00000112685,2.0902,0.001145354642668125,0.0022224937996456733,0.4035,0.0947,0.189,0.062
C11orf98,ENSG00000278615,-4.0506,0.0011460495804492487,0.0022226680832146658,0.0135,0.2258,0.005,0.139
OLFM1,ENSG00000130558,-3.9749,0.0011461100282364588,0.0022226680832146658,0.0135,0.213,0.005,0.139
HMBS,ENSG00000256269,-5.0247,0.0011475011409709255,0.002224719918880932,0.0059,0.1951,0.005,0.138
THBS2,ENSG00000186340,7.6043,0.0011482275583125827,0.002225482258261677,0.3638,0.0018,0.134,0.001
CRIM1,ENSG00000150938,1.2877,0.00114916647645647,0.0022266559025972627,0.6189,0.2535,0.269,0.161
TP53TG1,ENSG00000182165,-3.9728,0.0011504396911431677,0.002228476420285736,0.0131,0.2078,0.01,0.143
STAG2,ENSG00000101972,-0.7268,0.001151744571130001,0.002230357202254937,0.2298,0.3804,0.104,0.251
ATAD3C,ENSG00000215915,-2.5529,0.0011525949956778117,0.0022313570945310447,0.0369,0.2168,0.02,0.154
TNFSF10,ENSG00000121858,-1.1141,0.0011544801443655879,0.0022343589928188238,0.1679,0.3636,0.09,0.229
TXNDC15,ENSG00000113621,-1.5436,0.0011555455992170898,0.002235773191532718,0.0917,0.2675,0.05,0.186
ACER3,ENSG00000078124,2.2424,0.0011612841813011254,0.002246225614512081,0.4334,0.0915,0.189,0.064
C8orf34-AS1,ENSG00000248801,-1.6867,0.0011671720355517785,0.0022569606327302633,0.0918,0.2957,0.05,0.185
PRRC2A,ENSG00000204469,-1.5645,0.0011679407098539965,0.002257793343303862,0.0946,0.2801,0.055,0.191
UXS1,ENSG00000115652,-0.5651,0.0011704036124526394,0.0022618998054314754,0.3195,0.4727,0.154,0.308
DERL2,ENSG00000072849,-1.7107,0.0011750344953035598,0.002270192477330771,0.0817,0.2677,0.05,0.184
AGO4,ENSG00000134698,1.9179,0.0011758389012870233,0.0022710896534690653,0.4186,0.1107,0.199,0.074
ITGAV,ENSG00000138448,1.5906,0.001176334173241713,0.002271389402451981,0.5305,0.1761,0.234,0.121
TMF1,ENSG00000144747,-0.7315,0.001180551774338781,0.0022788743643955833,0.2633,0.4372,0.139,0.288
SCRN2,ENSG00000141295,-4.0781,0.0011822924912959008,0.0022815751370601914,0.0122,0.2084,0.01,0.143
FRS2,ENSG00000166225,1.6563,0.0011864049973903524,0.002288850080176246,0.4625,0.1467,0.219,0.098
ADAR,ENSG00000160710,-0.8018,0.0011888413230532508,0.002292527523057848,0.229,0.3992,0.124,0.266
HSP90AA1,ENSG00000080824,0.1564,0.0011889976553185186,0.002292527523057848,1.673,1.5011,0.567,0.735
CHTOP,ENSG00000160679,-1.254,0.0012065007696053817,0.0023256042251643128,0.1331,0.3176,0.08,0.217
CHSY1,ENSG00000131873,2.6182,0.0012140656078380905,0.002339510731318698,0.37,0.0602,0.169,0.041
TMEM135,ENSG00000166575,1.7663,0.0012151817720477513,0.002340986171187462,0.4182,0.1229,0.204,0.078
TRABD,ENSG00000170638,-2.5438,0.0012167779366223145,0.0023433851899366896,0.0387,0.2261,0.025,0.158
NR3C2,ENSG00000151623,1.3674,0.0012237919801537551,0.0023562140776727967,0.5298,0.2053,0.239,0.117
ZBTB20-AS5,ENSG00000242290,3.5583,0.0012269105740925685,0.002361537672727454,0.2836,0.024,0.144,0.011
CEP20,ENSG00000133393,-3.5417,0.0012300687707188554,0.002366934404964343,0.0179,0.2092,0.015,0.147
GFPT1,ENSG00000198380,-0.425,0.0012323938609337592,0.0023707254024126086,0.4251,0.5707,0.189,0.354
ITGAX,ENSG00000140678,5.0536,0.0012357270885504567,0.002376452987166283,0.3544,0.0106,0.139,0.008
DOCK9,ENSG00000088387,0.953,0.0012367967755928634,0.0023778254646473042,0.7535,0.3892,0.323,0.239
KANSL1L,ENSG00000144445,1.2267,0.001237185964662337,0.0023778892253179134,0.5193,0.2218,0.254,0.134
ZMYM2,ENSG00000121741,1.0502,0.0012383542105538603,0.002379449876953174,0.6398,0.3089,0.299,0.197
DERA,ENSG00000023697,-0.7997,0.0012476061528922133,0.0023965376747676426,0.211,0.3675,0.104,0.248
XRN2,ENSG00000088930,-0.3937,0.0012514034415596436,0.0024031407665833404,0.4468,0.587,0.204,0.372
UBE2V1,ENSG00000244687,-1.8603,0.001251928042209182,0.002403457141108113,0.0805,0.2924,0.05,0.182
SRSF11,ENSG00000116754,-0.3839,0.0012526496996661184,0.0024041515356523,0.7336,0.9572,0.333,0.554
UMAD1,ENSG00000219545,1.3608,0.0012654404015704057,0.002428002425190675,0.5124,0.1995,0.244,0.128
DENND1B,ENSG00000213047,1.5257,0.001271581417331924,0.0024390845164732684,0.4787,0.1662,0.229,0.11
DAPK1,ENSG00000196730,0.8606,0.0012748122844983805,0.00244457974394622,0.7729,0.4256,0.338,0.261
MEIS1,ENSG00000143995,6.4803,0.0012798233940436066,0.002453484629396455,0.3354,0.0037,0.134,0.003
KSR1,ENSG00000141068,3.1579,0.0012841810572968384,0.00246113207508912,0.3397,0.038,0.154,0.024
CSGALNACT1,ENSG00000147408,6.2952,0.0012850542317786066,0.002462099028700319,0.3006,0.0037,0.134,0.003
WIPI2,ENSG00000157954,-1.0406,0.00128643227432219,0.002464032452021195,0.1469,0.3022,0.07,0.208
PCIF1,ENSG00000100982,-2.892,0.0012921269097671691,0.002473521246871574,0.0288,0.2148,0.015,0.147
COX11,ENSG00000166260,-2.3542,0.0012917893025053975,0.002473521246871574,0.0431,0.2208,0.025,0.157
SLC35A4,ENSG00000176087,-2.5036,0.0012925321459799387,0.002473588023782238,0.0387,0.2198,0.025,0.156
PRPF40A,ENSG00000196504,-0.4769,0.0012938837806963316,0.0024747565209824736,0.385,0.5359,0.184,0.345
LTV1,ENSG00000135521,-2.3681,0.0012936471504865225,0.0024747565209824736,0.0449,0.232,0.03,0.162
SAMSN1,ENSG00000155307,4.1258,0.0012988961804338518,0.002483632290042283,0.3613,0.0206,0.144,0.014
EPS8,ENSG00000151491,-0.355,0.0013030074646556982,0.002490780439735377,0.7198,0.9207,0.308,0.528
SKAP2,ENSG00000005020,2.1299,0.001306857770155845,0.002497425764483802,0.439,0.1002,0.194,0.072
ITPR1,ENSG00000150995,1.6858,0.001312704309419307,0.002507881030495295,0.4461,0.1386,0.209,0.085
TMEM192,ENSG00000170088,-1.7255,0.0013150016328389179,0.0025115515887135067,0.0731,0.2418,0.035,0.17
PEMT,ENSG00000133027,-1.6966,0.001325956025565916,0.002531749655447328,0.0772,0.2505,0.035,0.17
EMG1,ENSG00000126749,-1.646,0.0013274091103089687,0.0025337997850110325,0.0818,0.2562,0.045,0.179
OSTF1,ENSG00000134996,-1.0026,0.0013279976812632947,0.0025341990037592984,0.1673,0.3353,0.09,0.228
RHOG,ENSG00000177105,-2.2204,0.0013304584343911431,0.002538169632475991,0.0485,0.2265,0.025,0.158
DDX39B,ENSG00000198563,1.5543,0.0013342096198608446,0.0025445991008139863,0.4533,0.1543,0.224,0.104
DEF8,ENSG00000140995,-1.755,0.0013356014223910035,0.0025465263774334893,0.0668,0.2256,0.025,0.159
TRADD,ENSG00000102871,-2.1989,0.0013399943606696072,0.0025541730407854756,0.0504,0.2318,0.03,0.162
NRG1,ENSG00000157168,4.0133,0.0013413218290933419,0.002555973893442063,0.3474,0.0214,0.144,0.015
PLEKHB1,ENSG00000021300,-3.0074,0.0013422307958895427,0.0025569764648449107,0.0258,0.2084,0.01,0.143
MBD4,ENSG00000129071,-1.6792,0.0013479071715538657,0.0025670578838917217,0.0819,0.2625,0.045,0.179
PDCL3,ENSG00000115539,-3.4127,0.0013499448320909134,0.0025702056823076426,0.0192,0.2057,0.015,0.146
BRIX1,ENSG00000113460,-2.2244,0.0013550867016789096,0.0025792602110326123,0.0491,0.2297,0.025,0.158
DERL1,ENSG00000136986,-0.9652,0.0013660643284820306,0.0025994141452796247,0.1607,0.3138,0.075,0.216
FAIM,ENSG00000158234,-2.5108,0.0013691242362912088,0.0026044946665306134,0.0397,0.2265,0.025,0.156
INO80C,ENSG00000153391,-3.2308,0.0013747624092935679,0.0026144755500204274,0.0222,0.2089,0.015,0.146
TPST1,ENSG00000169902,1.3283,0.001378628663483473,0.002621081936637096,0.6273,0.2498,0.264,0.16
VKORC1L1,ENSG00000196715,-0.6633,0.0013807450168474838,0.00262435855649526,0.3033,0.4804,0.159,0.31
MCRS1,ENSG00000187778,-3.2018,0.0013934699832683522,0.0026477911858461805,0.0223,0.2057,0.015,0.146
SCTR,ENSG00000080293,-2.277,0.0014012368303171424,0.0026615880560587244,0.052,0.2522,0.025,0.158
PYCARD,ENSG00000103490,-3.2511,0.0014015279522620952,0.0026615880560587244,0.0228,0.218,0.015,0.145
NRXN3,ENSG00000021645,1.9321,0.0014021831805603238,0.00266207545848846,0.4018,0.1052,0.184,0.055
MAZ,ENSG00000103495,-1.4749,0.0014037860390070246,0.002664361169232145,0.0948,0.2638,0.05,0.182
TTTY14,ENSG00000176728,2.0257,0.001413952310308527,0.0026828941706109805,0.3737,0.0917,0.184,0.058
MRPL49,ENSG00000149792,-3.0179,0.0014216030753293307,0.0026966449702143136,0.025,0.2028,0.015,0.146
PHF1,ENSG00000112511,-1.2604,0.0014231894766771128,0.00269888771003022,0.1134,0.2717,0.05,0.186
DKC1,ENSG00000130826,-2.3527,0.0014242233593992797,0.0027000816966868545,0.0452,0.2312,0.03,0.16
ZZZ3,ENSG00000036549,1.5656,0.0014254057874692918,0.0027015565421417143,0.5067,0.1711,0.229,0.114
PRRG4,ENSG00000135378,-1.6724,0.0014284769294036163,0.002706609194748015,0.0839,0.2676,0.055,0.186
EIF2S1,ENSG00000134001,-1.3711,0.0014383605317292705,0.0027245632420362445,0.1091,0.2825,0.065,0.198
GSTZ1,ENSG00000100577,-2.9784,0.0014417935652588968,0.002730291812408328,0.0255,0.2016,0.01,0.142
CAMSAP3,ENSG00000076826,-4.1556,0.0014426903805065333,0.0027312157175178953,0.0111,0.1986,0.005,0.136
LEPROTL1,ENSG00000104660,-1.691,0.001453567616883226,0.0027510280853394915,0.0799,0.2582,0.045,0.177
DHRSX,ENSG00000169084,1.4318,0.0014616805103919378,0.002765598903373301,0.5092,0.1887,0.239,0.124
COQ10B,ENSG00000115520,-1.1484,0.0014658094807480477,0.002772625749622263,0.1342,0.2977,0.07,0.206
CMBL,ENSG00000164237,-4.6833,0.00146884675423002,0.0027775842218296445,0.0075,0.1949,0.005,0.135
RPP25,ENSG00000178718,-5.8894,0.001469683020598878,0.0027783789681799904,0.0031,0.1904,0.005,0.135
ATN1,ENSG00000111676,-0.9014,0.0014721944529362374,0.002782339205195566,0.1966,0.3673,0.104,0.243
HIP1,ENSG00000127946,1.0825,0.0014800203544187973,0.0027963383160291787,0.6715,0.317,0.299,0.204
DCUN1D5,ENSG00000137692,-1.536,0.0014820498632306634,0.0027993809492414027,0.088,0.2552,0.045,0.178
EPSTI1,ENSG00000133106,3.5287,0.0014833915104346396,0.0028003312318239,0.3237,0.028,0.149,0.021
RBM23,ENSG00000100461,-1.606,0.001483314814742971,0.0028003312318239,0.0978,0.2978,0.07,0.199
TSFM,ENSG00000123297,-4.4126,0.0014975271853554782,0.0028262175956454477,0.009,0.1939,0.01,0.139
HSPB8,ENSG00000152137,-1.603,0.001502408852494911,0.0028346295835631388,0.0845,0.257,0.04,0.173
DLD,ENSG00000091140,-1.8011,0.0015033015312026026,0.0028355128288342795,0.0733,0.2556,0.05,0.178
ALKBH5,ENSG00000091542,-1.0607,0.0015038839761948159,0.0028358105807468025,0.1463,0.3053,0.075,0.211
SUPT16H,ENSG00000092201,-1.1976,0.0015059824999669189,0.002838966163499591,0.125,0.2867,0.065,0.198
COL5A1,ENSG00000130635,5.4741,0.001510421578614824,0.002846462712415842,0.3319,0.0074,0.134,0.005
KIF9,ENSG00000088727,-2.466,0.001510811545967085,0.002846462712415842,0.0385,0.2134,0.015,0.147
SPRYD7,ENSG00000123178,-1.8596,0.0015210617981287402,0.002864966652482193,0.0671,0.2438,0.035,0.168
CCDC186,ENSG00000165813,-0.6185,0.0015215328059514947,0.00286504584464337,0.3065,0.4707,0.154,0.305
AZI2,ENSG00000163512,-1.0155,0.0015285352166647024,0.0028774201556097936,0.1616,0.3268,0.085,0.22
HSD17B14,ENSG00000087076,-2.1039,0.0015306654045496777,0.002880618269086305,0.057,0.2454,0.035,0.165
SLU7,ENSG00000164609,-1.633,0.0015477657171139223,0.0029119794998884187,0.0834,0.2589,0.05,0.182
CEP192,ENSG00000101639,2.3247,0.0015485235926037746,0.00291258492678136,0.3686,0.0735,0.174,0.049
PKP3,ENSG00000184363,-3.2836,0.0015513187153184933,0.0029170207487647006,0.0217,0.2118,0.02,0.149
REPIN1,ENSG00000214022,-2.4921,0.0015551195278673917,0.0029233445895373794,0.0399,0.2248,0.03,0.159
WDR6,ENSG00000178252,-1.2348,0.0015558005771521043,0.002923801928756023,0.1321,0.311,0.075,0.209
ADK,ENSG00000156110,0.4221,0.0015574843471671974,0.0029261428845934493,1.106,0.8255,0.463,0.48
ECHDC2,ENSG00000121310,-0.5466,0.0015580459766269387,0.0029263748812967724,0.3653,0.5337,0.179,0.336
NAE1,ENSG00000159593,-1.7184,0.001562948075615803,0.002934756872937292,0.0779,0.2565,0.05,0.18
SDC2,ENSG00000169439,-0.6229,0.0015693178022773168,0.00294588915160489,0.2174,0.3349,0.085,0.229
PIP5K1B,ENSG00000107242,-0.5218,0.0015719047398808088,0.002949916200523721,0.4218,0.6056,0.189,0.36
ENSG00000235584,ENSG00000235584,-11.0918,0.0015727949061258744,0.0029507576342737963,0.0,0.2182,0.0,0.13
STIM1,ENSG00000167323,1.9974,0.0015732806469565712,0.002950840056451261,0.3782,0.0946,0.189,0.065
HPF1,ENSG00000056050,-3.0728,0.00160243206958433,0.0030046725976287875,0.0247,0.2087,0.015,0.145
ENSG00000272831,ENSG00000272831,-10.834,0.001605646624284668,0.003009855123097754,0.0,0.1824,0.0,0.129
PARAIL,ENSG00000251136,2.3334,0.0016163632206016233,0.0030290937010096076,0.3507,0.0695,0.169,0.043
BLOC1S2,ENSG00000196072,-1.3557,0.0016299456393243541,0.003053690582060971,0.097,0.2484,0.04,0.174
ABCE1,ENSG00000164163,-1.7209,0.0016524636247155023,0.0030950096885795962,0.081,0.2673,0.055,0.184
CCNQ,ENSG00000262919,-4.1861,0.0016529719675312448,0.003095093852296379,0.0102,0.1867,0.005,0.134
STK25,ENSG00000115694,-1.2621,0.0016618061367962163,0.0031107632252415723,0.12,0.288,0.065,0.198
LPCAT3,ENSG00000111684,-0.5361,0.001664106715028322,0.003114196903803352,0.3202,0.4644,0.149,0.303
LIMASI,ENSG00000266978,2.8004,0.0016912507051225797,0.0031641074116284897,0.3433,0.0492,0.149,0.02
YBEY,ENSG00000182362,-2.8839,0.0017036675728512127,0.003186445174761481,0.0281,0.2081,0.015,0.145
PHLPP1,ENSG00000081913,2.866,0.0017050620760159906,0.0031881605839055994,0.3193,0.0437,0.154,0.027
COMMD9,ENSG00000110442,-3.1361,0.0017082908865312285,0.0031933038990042194,0.0228,0.2014,0.015,0.144
DNAJC7,ENSG00000168259,-0.9069,0.0017149845109812902,0.003204919291786244,0.1955,0.3667,0.109,0.247
PLCB4,ENSG00000101333,7.3735,0.0017170894371601297,0.003207058263644437,0.2744,0.0016,0.129,0.001
TMEM165,ENSG00000134851,-0.3872,0.0017169578096962034,0.003207058263644437,0.6275,0.8207,0.284,0.484
SCMH1,ENSG00000010803,1.5456,0.0017275173810950774,0.003225632817538167,0.4655,0.1594,0.219,0.101
ENSG00000249870,ENSG00000249870,2.9686,0.0017295481065800966,0.0032285220245523937,0.2801,0.0357,0.144,0.015
MRTO4,ENSG00000053372,-3.7508,0.0017349445799522832,0.0032376906536745738,0.0146,0.1978,0.01,0.138
SLIT3,ENSG00000184347,7.5509,0.0017481020802517736,0.003261333462011619,0.3633,0.0018,0.129,0.001
CHMP4C,ENSG00000164695,-3.6537,0.001752120823147608,0.003267918173080948,0.0161,0.2039,0.02,0.146
PTPN2,ENSG00000175354,-0.5429,0.0017571337878157134,0.0032763530342884285,0.3841,0.5596,0.204,0.352
CARD19,ENSG00000165233,-1.6967,0.001761261441138876,0.0032831328957205006,0.069,0.2238,0.025,0.157
CXCL1,ENSG00000163739,-2.9681,0.0017647679540560375,0.0032887514411663716,0.0386,0.3027,0.025,0.152
ACADSB,ENSG00000196177,-1.596,0.001769994639205567,0.0032975716025813056,0.0906,0.274,0.055,0.185
POLE3,ENSG00000148229,-2.3583,0.0017746927274507162,0.0033054023219864287,0.0429,0.2205,0.025,0.154
TTC7A,ENSG00000068724,1.9601,0.0017767743822576848,0.003308356871786751,0.3985,0.1023,0.189,0.069
COQ9,ENSG00000088682,-2.1724,0.0017873529366297762,0.0033261995719560534,0.0477,0.2156,0.02,0.15
COMMD3,ENSG00000148444,-1.3626,0.0017873529366297762,0.0033261995719560534,0.0892,0.2296,0.03,0.163
WSB2,ENSG00000176871,-2.0181,0.00180293924724428,0.0033542705382575344,0.058,0.2351,0.035,0.164
HEG1,ENSG00000173706,3.9842,0.0018047757165210964,0.0033562447216157645,0.2775,0.0174,0.139,0.012
VPS4B,ENSG00000119541,-1.4353,0.0018050053960239297,0.0033562447216157645,0.1032,0.2793,0.06,0.191
CSF2,ENSG00000164400,-10.95,0.0018071197082445787,0.0033592408937838966,0.0,0.1977,0.0,0.128
TMEM37,ENSG00000171227,-10.866,0.0018163850619150716,0.0033755247157848532,0.0,0.1865,0.0,0.128
ESRP1,ENSG00000104413,-1.0452,0.001819992314995692,0.003381287530418978,0.1665,0.3437,0.095,0.229
SMARCE1,ENSG00000073584,-0.6213,0.0018234670347834,0.0033868009803443627,0.2363,0.3635,0.1,0.243
MPHOSPH6,ENSG00000135698,-2.4881,0.0018269478497758389,0.003390437535052189,0.0408,0.2296,0.03,0.157
TMEM117,ENSG00000139173,3.6612,0.0018259726066273368,0.003390437535052189,0.2632,0.0207,0.139,0.012
CAB39,ENSG00000135932,1.3094,0.0018268549488586593,0.003390437535052189,0.544,0.2194,0.254,0.149
RNF149,ENSG00000163162,1.0804,0.0018291787745627764,0.0033936347320291066,0.6952,0.3287,0.303,0.219
ZC3H12A,ENSG00000163874,-1.6532,0.0018319709507421005,0.0033969278123282868,0.0838,0.2639,0.035,0.166
STXBP1,ENSG00000136854,-0.5384,0.0018319709507421005,0.0033969278123282868,0.3354,0.4871,0.154,0.307
GATAD2B,ENSG00000143614,1.3184,0.001846694235844377,0.0034232780464070484,0.5339,0.214,0.249,0.14
DOCK2,ENSG00000134516,4.9439,0.0018473041930160093,0.0034234585752369387,0.3182,0.0102,0.134,0.008
SRSF1,ENSG00000136450,-0.5732,0.0018513439591746254,0.0034299934267204785,0.2807,0.4177,0.134,0.277
MZT1,ENSG00000204899,-2.9791,0.001859447851375952,0.0034440521906100893,0.0247,0.1953,0.01,0.139
SCARB2,ENSG00000138760,-0.4076,0.0018798503648733299,0.0034808762370360327,0.4181,0.5546,0.194,0.352
TRIP12,ENSG00000153827,0.9841,0.001880374976821547,0.0034808826136893327,0.6718,0.3396,0.308,0.222
USO1,ENSG00000138768,-0.6108,0.001881090573476008,0.003481242432875106,0.3326,0.5079,0.179,0.326
PINK1,ENSG00000158828,-1.8883,0.0018848635122090094,0.0034872585590149515,0.0653,0.2419,0.04,0.168
OSGEP,ENSG00000092094,-2.5204,0.001890559922220305,0.0034968290558043255,0.0387,0.2223,0.025,0.153
VAV2,ENSG00000160293,3.2126,0.001897041377787154,0.0035078458920931345,0.3198,0.0344,0.149,0.024
PNP,ENSG00000198805,-2.8936,0.0019075024972422382,0.0035262134456354576,0.0276,0.206,0.015,0.143
RELA,ENSG00000173039,-2.7215,0.0019159289188510164,0.003540810528225218,0.0325,0.2148,0.025,0.152
RPTOR,ENSG00000141564,2.0555,0.0019281933162128002,0.003562316797859298,0.3429,0.0824,0.174,0.049
MAP3K1,ENSG00000095015,2.2103,0.0019286326607365206,0.003562316797859298,0.3873,0.0836,0.179,0.058
STT3B,ENSG00000163527,0.9986,0.0019291697622068318,0.003562323705219638,0.7629,0.3818,0.323,0.255
ENSG00000260740,ENSG00000260740,-10.9184,0.0019310262605926616,0.0035647662781919257,0.0,0.1934,0.0,0.127
ARMH4,ENSG00000139971,2.9614,0.0019443628506978091,0.0035883944404008477,0.2554,0.0327,0.144,0.017
IGF2BP2,ENSG00000073792,2.2207,0.001946971348608771,0.003592215921922094,0.4087,0.0876,0.179,0.059
ACTMAP,ENSG00000188493,-2.3693,0.0019488928608862267,0.0035947681352828244,0.0402,0.2082,0.015,0.144
LRP1,ENSG00000123384,2.9525,0.0019543218955281098,0.00360378684158814,0.3342,0.0431,0.154,0.03
CDKN2AIPNL,ENSG00000237190,-3.3513,0.0019553599246282783,0.003604705751198529,0.0189,0.1939,0.01,0.137
FGFR1OP2,ENSG00000111790,-1.0822,0.001966563174631483,0.0036243585660495794,0.1369,0.29,0.07,0.201
LRRC47,ENSG00000130764,-3.1151,0.0019709912226263913,0.0036315173450818397,0.0224,0.1951,0.01,0.137
SPRED1,ENSG00000166068,1.3585,0.0019783749874509714,0.003644116530939062,0.5399,0.2105,0.244,0.136
IL4R,ENSG00000077238,1.3702,0.0019819262033966023,0.003649651257922775,0.5597,0.2164,0.249,0.142
KIAA0825,ENSG00000185261,2.8994,0.001985032049770243,0.0036543630265753724,0.3075,0.0411,0.149,0.024
MRPS22,ENSG00000175110,-3.1827,0.001995534699125634,0.0036726856587104184,0.0213,0.1944,0.01,0.138
CNPY3,ENSG00000137161,-3.026,0.002012120192518515,0.0037021902936174,0.0245,0.2003,0.015,0.141
TNKS1BP1,ENSG00000149115,-0.9364,0.002015269435429026,0.0037069635249877345,0.1796,0.3438,0.095,0.228
SDHAF1,ENSG00000205138,-10.7777,0.0020315956313002783,0.003735965644673612,0.0,0.1755,0.0,0.126
DNAJB2,ENSG00000135924,-1.6484,0.002034465161949811,0.003740212721349515,0.0781,0.245,0.045,0.173
NDN,ENSG00000182636,-10.7929,0.0020419124865382688,0.0037528710780377257,0.0,0.1773,0.0,0.126
LINC00472,ENSG00000233237,2.3721,0.0020592659675671143,0.003783724180847526,0.302,0.0583,0.159,0.034
YDJC,ENSG00000161179,-5.3277,0.002063885185244336,0.003791168633731276,0.0045,0.1859,0.005,0.131
ABHD17A,ENSG00000129968,-1.3067,0.0020664844195492013,0.0037948994880860915,0.1049,0.2596,0.05,0.18
KIAA1143,ENSG00000163807,-2.365,0.0020756576313732274,0.003810697449131882,0.0428,0.2207,0.03,0.155
ESYT3,ENSG00000158220,-0.8926,0.0020870716879175825,0.0038305995613084733,0.1859,0.3452,0.085,0.221
HSPA1B,ENSG00000204388,-0.4013,0.002100654438476506,0.0038544700534573033,0.4484,0.5922,0.174,0.339
NCOA7,ENSG00000111912,-0.4021,0.0021048825820262304,0.00386010729416617,0.6553,0.8659,0.294,0.485
KRT10-AS1,ENSG00000167920,-10.822,0.0021048296820954772,0.00386010729416617,0.0,0.1809,0.0,0.126
UBE2S,ENSG00000108106,-6.0129,0.002106999579367776,0.00386292895706763,0.0027,0.1816,0.005,0.13
DUSP3,ENSG00000108861,-1.107,0.0021106559897351653,0.003868570624435008,0.1354,0.2917,0.07,0.201
GPD2,ENSG00000115159,1.9214,0.0021284375315674953,0.00390009170736332,0.4592,0.1212,0.199,0.083
HEXIM1,ENSG00000186834,-1.9251,0.0021316998553686244,0.0039041234569906157,0.0632,0.2405,0.035,0.162
STK17A,ENSG00000164543,-0.7768,0.0021318068943920907,0.0039041234569906157,0.2457,0.421,0.124,0.264
DPM1,ENSG00000000419,-1.0082,0.002132984648967873,0.0039052095587873963,0.1416,0.2848,0.065,0.198
DCLK1,ENSG00000133083,5.8558,0.00215196402821208,0.003938878526837074,0.3207,0.0054,0.129,0.004
ENSG00000227227,ENSG00000227227,4.9974,0.0021542324754278423,0.003941950329693852,0.2582,0.008,0.129,0.004
IFI27,ENSG00000165949,-1.8167,0.0021579639699680015,0.003947696892746174,0.0834,0.2941,0.05,0.175
YIPF4,ENSG00000119820,-1.11,0.0021594257323758457,0.003949289284375212,0.1405,0.3034,0.08,0.209
PKD2,ENSG00000118762,3.028,0.0021608342133456744,0.003950783386514032,0.3115,0.0381,0.149,0.025
USP8,ENSG00000138592,-0.4639,0.0021758923246446055,0.003977226282512677,0.4228,0.5832,0.209,0.363
CDC123,ENSG00000151465,-1.2289,0.0021774197851244306,0.00397892934195515,0.1253,0.2937,0.075,0.203
PPIL4,ENSG00000131013,-0.8663,0.0021794943393953297,0.003981630933485067,0.1846,0.3366,0.09,0.225
PMPCA,ENSG00000165688,-2.1667,0.002216592736515201,0.004048297207324317,0.0488,0.2193,0.025,0.152
RPUSD3,ENSG00000156990,-3.701,0.0022180908595104765,0.004049925874978259,0.0148,0.1937,0.01,0.135
DDX39A,ENSG00000123136,-1.8917,0.002247574616475544,0.004102637568581623,0.0651,0.2417,0.04,0.166
SF3B1,ENSG00000115524,-0.3829,0.00226307255522793,0.004129798250373592,0.5361,0.699,0.254,0.43
PAF1,ENSG00000006712,-2.5768,0.002268505758072147,0.004138582343120424,0.035,0.2091,0.02,0.146
SAV1,ENSG00000151748,-1.0999,0.0022729857916952033,0.004145623184798543,0.1376,0.295,0.07,0.2
CCDC43,ENSG00000180329,-3.6155,0.00227980641460884,0.004156927939714016,0.0153,0.1892,0.01,0.135
ENSG00000273877,ENSG00000273877,-10.8513,0.0022814005887153354,0.0041586993810124795,0.0,0.1846,0.0,0.125
TIAM2,ENSG00000146426,2.9714,0.002283964793749241,0.004162237614584224,0.2732,0.0347,0.144,0.02
TBXAS1,ENSG00000059377,4.358,0.0022860180583628635,0.004164843047410138,0.3069,0.0149,0.134,0.01
EPM2AIP1,ENSG00000178567,-1.1686,0.002290472600246894,0.004171820697313609,0.1397,0.3141,0.085,0.213
GCAT,ENSG00000100116,-3.5399,0.002293904579892167,0.0041769325760904535,0.0159,0.1854,0.005,0.131
C14orf132,ENSG00000227051,-1.3792,0.0023096372381319987,0.004204433664072941,0.1051,0.2734,0.055,0.184
OSBPL10,ENSG00000144645,1.7318,0.0023142493194079354,0.004211681527064196,0.3597,0.1082,0.189,0.068
RABIF,ENSG00000183155,-10.7892,0.0023159810234350126,0.004213684896628289,0.0,0.1769,0.0,0.125
NMRK1,ENSG00000106733,-1.1426,0.0023218776979834956,0.004223262839006472,0.1423,0.3142,0.085,0.212
KRCC1,ENSG00000172086,-1.0043,0.002322861812796753,0.004223902544968558,0.1482,0.2974,0.07,0.202
TAF11,ENSG00000064995,-2.1752,0.002326976070047968,0.004230232218794333,0.0517,0.2338,0.035,0.16
PPP1R15B,ENSG00000158615,-2.9192,0.0023399417506281724,0.004252645157128044,0.0272,0.2066,0.02,0.144
SHISA2,ENSG00000180730,-3.096,0.002352563477112628,0.004274420963992177,0.0233,0.2003,0.01,0.135
FLOT2,ENSG00000132589,-1.6689,0.002354028343211882,0.004275919310392211,0.0831,0.2645,0.055,0.18
AHCYL2,ENSG00000158467,-0.5085,0.002359015137340318,0.0042838124258553515,0.4294,0.6109,0.209,0.365
PLEKHB2,ENSG00000115762,-0.6779,0.002365070919747061,0.004293641933403267,0.2378,0.3806,0.114,0.256
SYT15,ENSG00000204176,-4.1556,0.0023677800389298232,0.004297392086959861,0.0104,0.1866,0.005,0.13
CTIF,ENSG00000134030,2.2199,0.0023729115775617464,0.004304687529872323,0.3334,0.0715,0.169,0.048
RNF126,ENSG00000070423,-2.1343,0.0023730887086375043,0.004304687529872323,0.0504,0.2216,0.035,0.159
CDK19,ENSG00000155111,1.7857,0.0023760426759951124,0.004308875653807048,0.4017,0.1164,0.194,0.077
ORMDL3,ENSG00000172057,-1.6996,0.0023837387527655923,0.004321658830000377,0.0765,0.2486,0.045,0.172
STX5,ENSG00000162236,-1.3369,0.002390030898152815,0.004331890466421344,0.1053,0.2662,0.06,0.186
FAM120AOS,ENSG00000188938,-1.3599,0.002397887654834273,0.004344951613303882,0.1053,0.2703,0.06,0.188
VPS35,ENSG00000069329,-0.5294,0.002399437982101512,0.004346581579185245,0.2974,0.4292,0.139,0.283
PHAX,ENSG00000164902,-3.2007,0.002400332818995989,0.004347023562384547,0.0206,0.1902,0.01,0.135
IL6R,ENSG00000160712,-0.7415,0.002405887629422944,0.004355902270782284,0.2395,0.4006,0.119,0.259
PABPN1,ENSG00000100836,-0.4588,0.0024106753727760324,0.004363387754680521,0.395,0.5429,0.184,0.341
ZCCHC17,ENSG00000121766,-1.7288,0.0024135522032209637,0.004367411315446441,0.0727,0.2413,0.045,0.17
UCHL3,ENSG00000118939,-1.1671,0.0024260548160131737,0.004388846185306605,0.1342,0.3015,0.075,0.204
C1R,ENSG00000159403,-0.6744,0.0024444345148648306,0.004420260510834542,0.2261,0.3609,0.095,0.232
ARMCX3,ENSG00000102401,-0.829,0.002444798551006387,0.004420260510834542,0.1825,0.3243,0.09,0.222
NAV3,ENSG00000067798,9.6984,0.002445405388161945,0.004420260510834542,0.3282,0.0003,0.124,0.0
SLC30A4-AS1,ENSG00000259354,3.9334,0.002448077109565623,0.004423892590581385,0.2945,0.0192,0.134,0.011
SRGAP2,ENSG00000266028,2.68,0.002457327258570429,0.00443940729239705,0.294,0.0458,0.154,0.032
MAFF,ENSG00000185022,-1.8025,0.00247752001127245,0.00447467716476168,0.0704,0.2459,0.035,0.161
PES1,ENSG00000100029,-2.717,0.002483422708777976,0.00448412551282187,0.0297,0.196,0.015,0.14
THBS1,ENSG00000137801,2.0522,0.0024867486277119883,0.0044889173201319915,0.4422,0.1066,0.184,0.068
PBX2,ENSG00000204304,-2.4864,0.0025105173816398012,0.0045305986468447,0.037,0.2078,0.02,0.145
NUB1,ENSG00000013374,-1.1599,0.0025120720088535465,0.0045321796183503075,0.1362,0.3045,0.08,0.205
TOP6BL,ENSG00000173715,3.492,0.0025222922197718134,0.0045493896127075184,0.2772,0.0245,0.139,0.017
PIEZO2,ENSG00000154864,7.9751,0.0025282298469276234,0.004558868020418358,0.3176,0.0012,0.124,0.001
PDXK,ENSG00000160209,-0.3503,0.0025388869934254454,0.004576849184639284,0.4958,0.6321,0.224,0.397
ECE1,ENSG00000117298,3.1864,0.0025445456311725518,0.0045858122694553355,0.2986,0.0327,0.144,0.022
SSH1,ENSG00000084112,1.8509,0.002553623447942756,0.004600930943838594,0.4303,0.1192,0.194,0.079
TRAF3,ENSG00000131323,2.1213,0.002586907159216534,0.0046596421025909465,0.3639,0.0836,0.174,0.055
DMAC2,ENSG00000105341,-2.5571,0.002589592034220736,0.004662884851148415,0.0343,0.2026,0.02,0.144
WDR18,ENSG00000065268,-2.1457,0.0025901037277677222,0.004662884851148415,0.0481,0.2133,0.025,0.15
TTC1,ENSG00000113312,-0.7521,0.0025913833661227945,0.004663931420731378,0.2058,0.3467,0.1,0.234
TBC1D17,ENSG00000104946,-2.3043,0.0025975978163857074,0.004673856631368572,0.0458,0.2267,0.03,0.153
HINT3,ENSG00000111911,-2.0094,0.00259849587173065,0.004674213285022626,0.0568,0.2289,0.04,0.162
ENDOD1,ENSG00000149218,-3.9285,0.0026027976393511805,0.004680690746695351,0.0125,0.1921,0.01,0.133
FGFR2,ENSG00000066468,-0.7568,0.002612709977430896,0.0046972516660191,0.2292,0.3874,0.104,0.247
SNX14,ENSG00000135317,1.107,0.002625505121495622,0.004718985120147809,0.6037,0.2802,0.279,0.185
UBASH3B,ENSG00000154127,5.0458,0.002631080430848922,0.004727733709346234,0.3109,0.0093,0.129,0.007
GOLGB1,ENSG00000173230,-0.3504,0.002632248724847572,0.004728560848105684,0.5496,0.7007,0.249,0.421
CCDC7,ENSG00000216937,2.5947,0.002633417493042998,0.004728700104280042,0.3471,0.0574,0.154,0.033
CCDC174,ENSG00000154781,-3.9013,0.0026337422350534148,0.004728700104280042,0.0126,0.1899,0.01,0.133
ZDHHC24,ENSG00000174165,-2.2051,0.002636276479342805,0.004731978125646491,0.0473,0.2186,0.03,0.154
FBXO21,ENSG00000135108,-1.3134,0.0026383575238787447,0.004734441134332653,0.1183,0.2942,0.075,0.198
MITF,ENSG00000187098,2.1622,0.002644479279415903,0.004744151788132908,0.4486,0.1002,0.184,0.07
HNRNPU,ENSG00000153187,-0.3312,0.0026483935686361644,0.004749898132363303,0.8022,1.0092,0.363,0.572
WDR45B,ENSG00000141580,-0.746,0.0026514634600253986,0.004754127368995876,0.1959,0.3286,0.09,0.224
AP3D1,ENSG00000065000,-0.5731,0.002655321757565656,0.004759767584213906,0.2697,0.4013,0.124,0.267
PTPA,ENSG00000119383,-1.2894,0.0026582024717314097,0.004763652886690122,0.1108,0.271,0.06,0.186
BCL10-AS1,ENSG00000223653,3.5621,0.0026747562063268444,0.004792032377161211,0.2668,0.0225,0.134,0.011
CTTN,ENSG00000085733,-0.4443,0.002693259700989604,0.004823888855701144,0.4044,0.5503,0.194,0.349
STT3A,ENSG00000134910,-1.5386,0.002694983804124393,0.004824864381610299,0.0863,0.2509,0.045,0.17
IMPA1,ENSG00000133731,-2.4684,0.002695249140258725,0.004824864381610299,0.0391,0.2166,0.025,0.148
MYH9,ENSG00000100345,0.7023,0.0027184918330004047,0.0048651679937325035,0.8408,0.5167,0.368,0.331
PCF11,ENSG00000165494,-0.8083,0.00272237221417404,0.004870807398464617,0.2012,0.3525,0.1,0.23
RRAD,ENSG00000166592,-2.2122,0.0027485285915210666,0.004916288822380611,0.0579,0.2687,0.035,0.157
E2F4,ENSG00000205250,-2.8194,0.002760844938052568,0.004936996878514887,0.0274,0.194,0.015,0.138
PIGH,ENSG00000100564,-3.335,0.002775936417303112,0.0049626550672289835,0.0188,0.1906,0.015,0.137
NOS1AP,ENSG00000198929,2.7773,0.002780437581648595,0.004969371851172321,0.3125,0.0455,0.149,0.029
MAGT1,ENSG00000102158,-0.8849,0.002791240190258251,0.004987344363492472,0.1732,0.3199,0.085,0.217
TBC1D32,ENSG00000146350,2.9597,0.002800294528573422,0.005002184315683843,0.2969,0.0381,0.144,0.023
DUS1L,ENSG00000169718,-1.5991,0.0028215257226274033,0.005038762112681398,0.0807,0.2448,0.045,0.17
FRAS1,ENSG00000138759,6.2771,0.002838449475250909,0.005067630057524946,0.281,0.0035,0.124,0.002
GNA14,ENSG00000156049,4.4765,0.0028487598095314304,0.005084678452127318,0.2951,0.0132,0.129,0.008
ELF1,ENSG00000120690,0.7971,0.002893598268010093,0.005163329637199949,0.7612,0.4381,0.343,0.282
RAB38,ENSG00000123892,-10.7529,0.002909919937540028,0.005191067110798571,0.0,0.1725,0.0,0.122
MT1F,ENSG00000198417,-10.8963,0.0029242524140852652,0.005215242155854603,0.0,0.1905,0.0,0.122
ENOPH1,ENSG00000145293,-1.5966,0.0029297600111821637,0.005223551922819447,0.0748,0.2263,0.035,0.161
NSD1,ENSG00000165671,1.216,0.002930475977661995,0.005223551922819447,0.5812,0.2501,0.264,0.166
HELZ,ENSG00000198265,1.0337,0.0029375009039164543,0.005234676770879935,0.6596,0.3222,0.294,0.21
HS2ST1,ENSG00000153936,1.7991,0.0029520293617230748,0.00525916353879659,0.4463,0.1282,0.199,0.088
FBXL2,ENSG00000153558,2.6758,0.0029631495285282507,0.005277566853610716,0.3075,0.048,0.149,0.029
MRPS10,ENSG00000048544,-1.6822,0.0029647412401931296,0.005278994066448924,0.0742,0.2383,0.045,0.168
NICOL1,ENSG00000243449,-3.6124,0.002970028419740707,0.005286998884714334,0.0169,0.2081,0.01,0.132
CNTN4,ENSG00000144619,2.3031,0.0029949132442676518,0.0053284564620308065,0.3415,0.0691,0.159,0.04
TOR1AIP1,ENSG00000143337,-1.6178,0.0029945480650411926,0.0053284564620308065,0.077,0.2365,0.04,0.164
TJP1,ENSG00000104067,0.7729,0.0030023717741520886,0.005340303882706204,0.7756,0.4538,0.348,0.29
ANKS1B,ENSG00000185046,2.6316,0.0030042024288876555,0.005342137386192931,0.3017,0.0486,0.144,0.022
RDH14,ENSG00000240857,-2.3744,0.0030058142473062995,0.005343580877763847,0.0415,0.2155,0.03,0.152
SLC2A13,ENSG00000151229,1.3531,0.003010360889917691,0.005350239591208158,0.4465,0.1747,0.224,0.112
ZNF644,ENSG00000122482,0.9284,0.003011241609563005,0.0053503811413331505,0.6761,0.3552,0.308,0.23
SYNJ2BP,ENSG00000213463,-2.1732,0.003015354743240721,0.005356264449495951,0.0458,0.2071,0.025,0.148
RMDN2,ENSG00000115841,-1.0442,0.00301631031050147,0.005356537241116543,0.1512,0.312,0.08,0.206
GON7,ENSG00000170270,-2.2273,0.0030298649186053556,0.005377748549392817,0.0434,0.2038,0.02,0.144
KAT8,ENSG00000103510,-1.7927,0.0030293482392199636,0.005377748549392817,0.0649,0.2251,0.03,0.155
GLS,ENSG00000115419,0.404,0.0030399932668869283,0.005394291984468064,1.124,0.8495,0.453,0.478
PDP2,ENSG00000172840,-2.4983,0.0030471088943431128,0.005405482152806813,0.0346,0.1958,0.015,0.138
COMMD5,ENSG00000170619,-3.3149,0.003052158317623845,0.005413001965854929,0.019,0.1901,0.015,0.136
ARSD,ENSG00000006756,-1.3742,0.003058108585173393,0.005422115009390256,0.1013,0.2627,0.055,0.18
TNS1,ENSG00000079308,0.8618,0.0030598957272938597,0.005423196772878327,0.7342,0.404,0.323,0.259
RFX2,ENSG00000087903,1.5401,0.0030603426616227602,0.005423196772878327,0.4907,0.1687,0.209,0.1
MAPKAPK5-AS1,ENSG00000234608,-3.4999,0.0030683976665927086,0.0054360286512394424,0.0158,0.1798,0.005,0.127
RBM39,ENSG00000131051,-0.3743,0.003069443248303077,0.005436438996397839,0.7847,1.0171,0.363,0.58
ACTR1B,ENSG00000115073,-1.9088,0.003073853199239793,0.005442806340859644,0.061,0.2293,0.04,0.162
MRM2,ENSG00000122687,-4.0706,0.003078418714276813,0.005449445691135657,0.0104,0.1768,0.005,0.127
STN1,ENSG00000107960,-0.9686,0.00308741810725611,0.005463928335549433,0.1596,0.3123,0.085,0.213
SGSM3,ENSG00000100359,-1.8653,0.0030924531983649987,0.005471389380630418,0.0635,0.2317,0.04,0.162
TIMP2,ENSG00000035862,1.6876,0.003096667375915087,0.005476225624815209,0.4832,0.1499,0.209,0.103
SHROOM3-AS1,ENSG00000233860,3.1404,0.0030976464157137086,0.005476225624815209,0.2575,0.0291,0.134,0.012
CRIPT,ENSG00000119878,-1.7479,0.003097345142642556,0.005476225624815209,0.068,0.2288,0.035,0.158
TTLL7,ENSG00000137941,3.6728,0.003100962183451249,0.005478403698173197,0.2626,0.0205,0.134,0.014
HOOK1,ENSG00000134709,-1.1139,0.003100962183451249,0.005478403698173197,0.1284,0.278,0.065,0.191
DNAL4,ENSG00000100246,-10.7337,0.003101339179936047,0.005478403698173197,0.0,0.1702,0.0,0.121
C5orf15,ENSG00000113583,-1.1695,0.0031259337780116673,0.0055203891336171144,0.1223,0.2752,0.065,0.19
CEP350,ENSG00000135837,1.012,0.003130569766191401,0.005527114847579266,0.6546,0.3246,0.299,0.212
ABHD15-AS1,ENSG00000264031,3.8625,0.0031382595294082364,0.0055392271133503194,0.2818,0.0193,0.129,0.008
CDC25B,ENSG00000101224,-1.3085,0.0031449735542591895,0.005549611193896202,0.1063,0.2634,0.05,0.174
SUZ12,ENSG00000178691,-0.8281,0.0031535376138505642,0.00556325349258001,0.1812,0.3217,0.09,0.218
CUL3,ENSG00000036257,0.9802,0.003160895150056618,0.005574760683186732,0.6126,0.3105,0.294,0.205
CPNE8,ENSG00000139117,1.9506,0.003164349378508464,0.005579379487607717,0.3835,0.0992,0.179,0.065
C8orf33,ENSG00000182307,-1.7572,0.0031829073165240795,0.005610619679879738,0.0665,0.225,0.035,0.157
NABP2,ENSG00000139579,-5.9628,0.0031883161487119794,0.00561867112328425,0.0027,0.1754,0.005,0.125
CFTR,ENSG00000001626,-1.6976,0.003190249903710165,0.005620595913183907,0.0833,0.2705,0.05,0.171
ZNF254,ENSG00000213096,1.8091,0.0031918750838903736,0.005621976182833282,0.3688,0.1052,0.184,0.069
USP6NL,ENSG00000148429,1.5263,0.0031938882570986217,0.005624038932022592,0.4703,0.1632,0.214,0.106
PIGC,ENSG00000135845,-2.1829,0.0032215698852970224,0.005671287628861047,0.0446,0.203,0.02,0.143
GSE1,ENSG00000131149,0.9979,0.0032270385543187465,0.005679417787692993,0.6502,0.3255,0.299,0.216
CLEC11A,ENSG00000105472,-3.1169,0.003243652451487411,0.005707153509874715,0.023,0.2002,0.015,0.136
XAF1,ENSG00000132530,3.7009,0.0032467958746049074,0.005711179785748268,0.2864,0.0219,0.134,0.015
NRBP1,ENSG00000115216,-1.2738,0.0032494699662323477,0.005714378595172683,0.1123,0.2718,0.065,0.188
PURA,ENSG00000185129,-0.6179,0.0032512013299227497,0.0057159183160184375,0.2603,0.3996,0.124,0.261
GPRC5D,ENSG00000111291,3.8119,0.003255060570128947,0.005721197249445062,0.2687,0.019,0.129,0.009
BAIAP2-DT,ENSG00000226137,-3.7139,0.00326429237684119,0.005735913913423391,0.0146,0.1931,0.015,0.134
DNAJC30,ENSG00000176410,-5.6163,0.0032709350441025927,0.005746074476475859,0.0035,0.1778,0.005,0.125
IFRD1,ENSG00000006652,-0.6622,0.003275370327838313,0.005752352989648197,0.2431,0.3848,0.114,0.249
AKTIP,ENSG00000166971,-2.3794,0.0032783831041492493,0.005756130586911891,0.0384,0.2004,0.02,0.142
PRMT2,ENSG00000160310,-0.622,0.0032799697896908073,0.005757402950156347,0.299,0.4602,0.159,0.297
RANBP9,ENSG00000010017,1.4702,0.0032831452596248823,0.005761462740156224,0.5824,0.2102,0.234,0.133
TXLNG,ENSG00000086712,-1.4082,0.0032946001534320565,0.005780045816856503,0.0951,0.2526,0.045,0.17
RB1,ENSG00000139687,1.5549,0.0032955563692787064,0.005780205092020084,0.4638,0.1578,0.214,0.106
CEP15,ENSG00000114405,-10.7712,0.0033041736946718327,0.005793797875220051,0.0,0.1747,0.0,0.12
LAP3,ENSG00000002549,-1.1263,0.0033054520795578538,0.005794518225555619,0.132,0.2883,0.07,0.196
VPS13A,ENSG00000197969,0.8579,0.0033171381700177792,0.005813358082198375,0.6989,0.3856,0.318,0.245
BMP3,ENSG00000152785,-3.3195,0.0033179399624704608,0.005813358082198375,0.0197,0.1972,0.015,0.135
ACTL6A,ENSG00000136518,-2.7006,0.003333368646856713,0.0058388589541977405,0.0314,0.2045,0.025,0.144
LNX2,ENSG00000139517,-0.8139,0.003338687329117869,0.005846642021808665,0.2076,0.365,0.104,0.238
TIPRL,ENSG00000143155,-1.7272,0.0033441752659374114,0.005854717326656873,0.0709,0.2348,0.045,0.166
SLC39A3,ENSG00000141873,-5.9391,0.003349024383881524,0.005861670298727647,0.0027,0.1726,0.005,0.125
C6orf226,ENSG00000221821,-10.7386,0.0033689727836825906,0.0058950404040387806,0.0,0.1708,0.0,0.12
RFFL,ENSG00000092871,1.988,0.0033795582605948876,0.005912014044660361,0.3547,0.0893,0.174,0.058
UBE2D4,ENSG00000078967,-3.3775,0.0033941832068759394,0.005936043372276616,0.0179,0.1866,0.01,0.131
NET1,ENSG00000173848,-1.6397,0.0034148701872720485,0.005970659157274872,0.077,0.2401,0.04,0.162
ANOS1,ENSG00000011201,2.233,0.0034189883679990405,0.005976027596739192,0.3858,0.082,0.169,0.055
HEXA,ENSG00000213614,-0.5237,0.0034197301204876764,0.005976027596739192,0.2862,0.4115,0.134,0.272
CCDC28A,ENSG00000024862,-2.1768,0.0034268253691835306,0.005986860225157416,0.0471,0.2132,0.03,0.15
UBE2Q1,ENSG00000160714,-2.1662,0.0034327758806252866,0.0059956877894080255,0.0456,0.2052,0.025,0.146
UBQLN1,ENSG00000135018,-0.8961,0.0034471121074831136,0.006019153402844371,0.1794,0.3339,0.1,0.225
STAT3,ENSG00000168610,-0.3404,0.0034634201378017245,0.006046048902346502,0.8561,1.084,0.378,0.604
MIF4GD,ENSG00000125457,-4.6618,0.0034696790089105587,0.006055392239486182,0.0068,0.1741,0.005,0.125
LLPH,ENSG00000139233,-1.6828,0.003509811342799266,0.00612383227757479,0.0718,0.2308,0.04,0.16
IGFBP7,ENSG00000163453,1.671,0.003519783276274947,0.006139627187840264,0.4598,0.1443,0.199,0.091
TMC4,ENSG00000167608,-0.9028,0.003533006078440605,0.006161082923734936,0.1618,0.3025,0.075,0.202
C1orf198,ENSG00000119280,-1.6403,0.0035565110311300907,0.006200453452601899,0.0791,0.2467,0.05,0.17
NSRP1,ENSG00000126653,-0.531,0.003567631413582849,0.006218217696064679,0.3228,0.4664,0.154,0.297
NHSL3,ENSG00000162522,-1.092,0.003571659638314118,0.0062236145902165385,0.1471,0.3137,0.09,0.213
TMX2,ENSG00000213593,-1.0269,0.0035777526752898713,0.006232605664648161,0.1354,0.276,0.065,0.19
RHOF,ENSG00000139725,-10.7767,0.003587641741666719,0.006248203179293876,0.0,0.1753,0.0,0.119
LUC7L3,ENSG00000108848,0.5008,0.003595657162949173,0.006260530289712599,1.0155,0.7176,0.433,0.431
FAM8A1,ENSG00000137414,-1.8315,0.003596865195087717,0.0062610014693747365,0.0645,0.23,0.04,0.16
HTATIP2,ENSG00000109854,-2.1139,0.0036270123094004373,0.006311833041814883,0.0478,0.2071,0.025,0.146
CTTNBP2NL,ENSG00000143079,1.7762,0.003628664869239773,0.006313063991052994,0.3761,0.1097,0.189,0.078
SNTB1,ENSG00000172164,0.9973,0.003647412661333456,0.0063440284283974345,0.6556,0.3284,0.289,0.202
ZNF655,ENSG00000197343,-0.7308,0.0036486364969569515,0.0063445048589366,0.2088,0.3466,0.104,0.232
UCP2,ENSG00000175567,-1.8719,0.003661070805283437,0.006364469523292055,0.0603,0.2211,0.03,0.15
C1orf35,ENSG00000143793,-1.7018,0.003665809448816715,0.00637104900042853,0.0732,0.2384,0.045,0.165
QTRT1,ENSG00000213339,-2.6482,0.003681116372975824,0.006395987579371886,0.033,0.2077,0.025,0.143
FAM193A,ENSG00000125386,1.7537,0.0036865845915312304,0.006403822753403664,0.3996,0.1184,0.189,0.077
MFAP1,ENSG00000140259,-3.6872,0.0037051608923356397,0.006434417472675439,0.0147,0.1912,0.015,0.133
CLTC,ENSG00000141367,-0.2739,0.0037110167091126997,0.006441237162204709,0.5379,0.6504,0.229,0.403
UVRAG,ENSG00000198382,1.0376,0.0037110167091126997,0.006441237162204709,0.627,0.3054,0.284,0.196
LITAF,ENSG00000189067,-0.3717,0.0037198162105303747,0.00645483306576575,0.3459,0.4476,0.149,0.295
IKBKB,ENSG00000104365,1.4115,0.00372720818272701,0.006465980117515246,0.4657,0.175,0.224,0.118
GNL1,ENSG00000204590,-1.4449,0.003738634027999016,0.006484117546872352,0.0887,0.2415,0.045,0.167
PSMB10,ENSG00000205220,-4.4754,0.0037458808846347487,0.006494999592023751,0.0086,0.1934,0.01,0.128
INPP4A,ENSG00000040933,2.4005,0.0037471347210940925,0.0064954873610660385,0.3459,0.0654,0.159,0.044
KIF16B,ENSG00000089177,1.5072,0.003749733167344748,0.006498305092033101,0.4713,0.1657,0.214,0.109
ZNF32,ENSG00000169740,-1.7969,0.003755473465878976,0.0065065647934126275,0.0625,0.2174,0.035,0.154
HBP1,ENSG00000105856,-0.8317,0.003757448537411065,0.006508298439151582,0.1924,0.3426,0.104,0.23
SERTAD3,ENSG00000167565,-3.696,0.0037628398955504502,0.006515947021618215,0.0141,0.1842,0.01,0.129
RNMT,ENSG00000101654,-0.6943,0.0037658981184725223,0.006519552496961632,0.2416,0.391,0.124,0.256
DDB1,ENSG00000167986,-0.7518,0.003771751009419978,0.006527993001273914,0.207,0.3486,0.109,0.236
SPRYD3,ENSG00000167778,-3.2999,0.0037746354684286567,0.006531292822185233,0.0189,0.1868,0.01,0.129
RRP9,ENSG00000114767,-3.6753,0.003777341469339098,0.006534282225774626,0.014,0.1806,0.01,0.129
DNPEP,ENSG00000123992,-1.0783,0.003781584415547003,0.006539928097213472,0.1201,0.2536,0.055,0.179
TDG,ENSG00000139372,-1.639,0.0037862837855831607,0.006546360187395788,0.0722,0.2251,0.035,0.156
IRX5,ENSG00000176842,-2.3786,0.003788002186512527,0.006547636284605893,0.0385,0.2005,0.02,0.139
EBF1,ENSG00000164330,7.5313,0.0038034997178896654,0.006572723057124211,0.2775,0.0014,0.119,0.001
CDKN1B,ENSG00000111276,-1.7129,0.0038141364647631946,0.006589399236459746,0.0654,0.2146,0.03,0.152
TDRD3,ENSG00000083544,1.6535,0.0038207867535571135,0.006599181465479173,0.3877,0.1232,0.194,0.082
VPS26A,ENSG00000122958,-0.6037,0.0038262606310465776,0.00660692728923477,0.2387,0.3628,0.114,0.247
HSCB,ENSG00000100209,-1.5639,0.0038379620585381248,0.006625419640469406,0.0757,0.2241,0.035,0.156
SLX4IP,ENSG00000149346,2.1549,0.003844741768776352,0.006635408339446319,0.3287,0.0737,0.164,0.049
TIMM23,ENSG00000265354,-2.4043,0.0038664362953398685,0.006671125811566774,0.0398,0.2114,0.025,0.144
ADAM15,ENSG00000143537,-1.9494,0.0038697553881867335,0.0066751281605628085,0.0551,0.2132,0.03,0.149
MSN,ENSG00000147065,-0.2617,0.0038758471149800276,0.006683909858236923,0.7449,0.8931,0.303,0.521
DCN,ENSG00000011465,3.2573,0.0038986294638972147,0.006721462619868224,0.3684,0.0384,0.139,0.023
SDHA,ENSG00000073578,-0.9736,0.003913419287203612,0.006743961424959172,0.1576,0.3096,0.09,0.21
CAPRIN1,ENSG00000135387,-0.7258,0.003913698829636435,0.006743961424959172,0.2208,0.3652,0.114,0.243
NEK11,ENSG00000114670,2.7884,0.003915562909383682,0.006745433240075731,0.2565,0.037,0.139,0.021
SGF29,ENSG00000176476,-2.3029,0.003932001615661958,0.006770260064709002,0.043,0.2124,0.025,0.144
CIAPIN1,ENSG00000005194,-2.0826,0.003931627313702721,0.006770260064709002,0.0479,0.2031,0.025,0.145
NFKBIL1,ENSG00000204498,-3.2146,0.003951133982570193,0.0068014494509243085,0.0196,0.1825,0.01,0.129
AEBP2,ENSG00000139154,1.4683,0.0039900318645342495,0.006866638192018618,0.5178,0.1871,0.224,0.123
LINC00667,ENSG00000263753,-1.7371,0.004009420395034153,0.006898227413300644,0.068,0.2268,0.04,0.159
TMEM116,ENSG00000198270,-1.8047,0.004044036207363688,0.006955992229972205,0.0655,0.2291,0.035,0.155
STAP2,ENSG00000178078,-2.5768,0.004046532837512094,0.0069584945473077425,0.0329,0.197,0.02,0.138
TYW1B,ENSG00000277149,2.8836,0.0040519149473481585,0.006965956224797516,0.2684,0.0363,0.139,0.023
GNAI2,ENSG00000114353,-0.9856,0.004057496124680651,0.006973756206058175,0.1437,0.2847,0.075,0.199
BCL7C,ENSG00000099385,-1.4262,0.004096371638527967,0.007038761557429455,0.0885,0.238,0.045,0.165
SINHCAF,ENSG00000139146,-1.0526,0.00410298092185758,0.007048304932378287,0.1402,0.2908,0.075,0.199
ADAM12,ENSG00000148848,6.2627,0.00411652119245205,0.007069746732935777,0.2621,0.0033,0.119,0.002
UBE2K,ENSG00000078140,0.7736,0.004142840252527207,0.007113118263914964,0.7543,0.4412,0.343,0.288
FLVCR2,ENSG00000119686,2.9345,0.004147454387636567,0.00711921044847716,0.2617,0.0341,0.139,0.023
SRP54,ENSG00000100883,-0.6324,0.004163689889013179,0.007145242746330684,0.2604,0.4037,0.134,0.268
MTX2,ENSG00000128654,-0.9684,0.004167831758397213,0.007150513309615974,0.1586,0.3105,0.09,0.212
EFCAB13,ENSG00000178852,3.5433,0.004178005028688626,0.0071661262420676265,0.2554,0.0218,0.129,0.012
LINC03076,ENSG00000223646,3.9797,0.004207465863512443,0.007214804750295149,0.2521,0.0159,0.124,0.007
TCTA,ENSG00000145022,-2.386,0.0042089587712971985,0.007215512226256158,0.0371,0.1946,0.02,0.138
MBOAT7,ENSG00000125505,-1.7616,0.004232610573688036,0.00725419708023156,0.0687,0.2332,0.045,0.162
GPBP1,ENSG00000062194,0.7076,0.004237115016234383,0.007260054179945984,0.8928,0.5467,0.378,0.341
ARMCX6,ENSG00000198960,-1.5934,0.0042884700889581975,0.007346163560951988,0.0739,0.2232,0.04,0.158
RBMS3-AS2,ENSG00000203506,5.5083,0.004298910054319955,0.007360271790003328,0.2333,0.005,0.119,0.002
ACTN4,ENSG00000130402,-0.3209,0.004298808584745681,0.007360271790003328,0.7087,0.8852,0.328,0.52
ASF1A,ENSG00000111875,-3.3592,0.0043123231174003,0.007381344464663406,0.018,0.186,0.015,0.131
KIF13B,ENSG00000197892,1.3052,0.004325570028501555,0.007402122013928232,0.4908,0.1985,0.234,0.134
RBM33,ENSG00000184863,0.9721,0.004337012325261068,0.007419801567730193,0.5912,0.3013,0.284,0.193
RUSC2,ENSG00000198853,2.9046,0.00433834222486901,0.007420176112650478,0.2663,0.0355,0.139,0.024
DAAM1,ENSG00000100592,1.1358,0.004355972658709489,0.007448423294296129,0.5526,0.2514,0.259,0.165
SPARC,ENSG00000113140,3.6224,0.004359979279455096,0.00745336616521131,0.3593,0.0291,0.134,0.02
ATP8B1,ENSG00000081923,1.2491,0.004375008103992097,0.007477144095845245,0.5181,0.2179,0.239,0.142
HYAL2,ENSG00000068001,-1.8629,0.004378102028399007,0.00748051763818802,0.0595,0.2166,0.035,0.153
HSPBP1,ENSG00000133265,-3.5341,0.00440199175550777,0.007519412515354578,0.0154,0.1799,0.01,0.127
CTNNB1,ENSG00000168036,0.5487,0.004403132303097442,0.007519437650827873,1.0144,0.6935,0.423,0.411
SLC51B,ENSG00000186198,-10.797,0.004406036723848655,0.007522474253217067,0.0,0.1778,0.0,0.117
TIMMDC1,ENSG00000113845,-0.9224,0.004411435255304993,0.007529766437562497,0.1609,0.3051,0.085,0.21
PLEKHA7,ENSG00000166689,1.587,0.00444081645578237,0.0075779798436817715,0.3406,0.1133,0.179,0.064
HAUS4,ENSG00000092036,-1.8915,0.004443116046376593,0.007579967324073887,0.0596,0.2215,0.03,0.148
ZMYM4,ENSG00000146463,1.1812,0.004486064504351386,0.007651283152339864,0.5225,0.2304,0.249,0.15
WRN,ENSG00000165392,2.0289,0.004490707214803258,0.007657246231215461,0.3489,0.0854,0.169,0.057
SAYSD1,ENSG00000112167,-4.3799,0.004491868572418899,0.007657271616943804,0.0082,0.1719,0.005,0.122
RPIA,ENSG00000153574,-1.8808,0.004493980828907483,0.007657683732055178,0.0578,0.2133,0.035,0.152
TMEM35B,ENSG00000243749,-3.8836,0.004494403388180311,0.007657683732055178,0.0134,0.1989,0.005,0.122
DNAH11,ENSG00000105877,3.0347,0.004497785158515454,0.007661491220026707,0.3248,0.0396,0.139,0.025
WDR44,ENSG00000131725,2.1865,0.004501380815393197,0.007665661006122173,0.3665,0.0804,0.164,0.053
ICAM4,ENSG00000105371,-2.8575,0.004505826104583866,0.0076712751854488,0.0301,0.2186,0.02,0.136
USP13,ENSG00000058056,-0.6676,0.004550177730129192,0.0077448106675669925,0.2481,0.3942,0.119,0.25
CHSY3,ENSG00000198108,2.995,0.0045534905923957794,0.00774847481951883,0.2782,0.0348,0.134,0.018
PLXNA2,ENSG00000076356,0.9867,0.004563120962345007,0.007762884591824325,0.6439,0.3249,0.289,0.208
LMF2,ENSG00000100258,-2.0893,0.004580394654900939,0.007790286707431466,0.0468,0.1996,0.02,0.138
XPA,ENSG00000136936,-1.5698,0.004596864887634169,0.007816308702777143,0.0843,0.2506,0.055,0.173
TSPAN31,ENSG00000135452,-1.8968,0.00460506610187062,0.0078282607519455,0.0578,0.2154,0.035,0.152
JUP,ENSG00000173801,-1.0088,0.004618475480820245,0.00784307087119207,0.1552,0.3124,0.09,0.21
OPHN1,ENSG00000079482,1.4442,0.004618042368885795,0.00784307087119207,0.4499,0.1653,0.204,0.096
NUDT15,ENSG00000136159,-4.3154,0.004616743253759312,0.00784307087119207,0.0084,0.1697,0.005,0.121
RNGTT,ENSG00000111880,1.8908,0.004617609293732652,0.00784307087119207,0.3634,0.0979,0.174,0.063
MTHFD1L,ENSG00000120254,2.4745,0.004647360115759051,0.007890116475128292,0.3323,0.0597,0.154,0.042
ATOH8,ENSG00000168874,-1.665,0.004657933867599575,0.007906058526479685,0.0732,0.2324,0.04,0.158
USP3,ENSG00000140455,0.8977,0.004665577936480584,0.0079170210969903,0.6784,0.3641,0.308,0.237
ARHGEF11,ENSG00000132694,2.5146,0.00467027920837487,0.007922985733486348,0.3057,0.0534,0.149,0.036
GSK3A,ENSG00000105723,-2.7621,0.004681338603562933,0.007939730963229263,0.0262,0.1781,0.01,0.127
ACTR1A,ENSG00000138107,-0.9447,0.0046982470858279125,0.007966385449668602,0.1526,0.2938,0.08,0.202
B4GAT1,ENSG00000174684,-10.6762,0.0047069423556320164,0.00797505530016901,0.0,0.1635,0.0,0.116
CAMSAP2,ENSG00000118200,1.3245,0.004706281444554436,0.00797505530016901,0.4782,0.1909,0.229,0.128
MSRB1,ENSG00000198736,-3.9912,0.004704849758735862,0.00797505530016901,0.0109,0.1744,0.01,0.125
CHFR,ENSG00000072609,2.0407,0.004710248171472106,0.00797863239595795,0.3412,0.0828,0.169,0.058
RAD51B,ENSG00000182185,3.7591,0.004726034798116645,0.00800334341192218,0.289,0.0213,0.129,0.015
PCSK2,ENSG00000125851,-2.1257,0.004781498253378559,0.008095215927583117,0.0541,0.2363,0.025,0.143
PRIM2,ENSG00000146143,2.6892,0.004822327411578758,0.008162271865670177,0.3035,0.047,0.144,0.031
MMGT1,ENSG00000169446,-3.2019,0.0048239040450782505,0.008162871831030564,0.0195,0.1803,0.01,0.126
RASA3,ENSG00000185989,5.4914,0.004833035155345035,0.008176251723036852,0.2757,0.006,0.119,0.004
TMEM214,ENSG00000119777,-1.7536,0.004835630788991519,0.008178571293916019,0.0601,0.2028,0.025,0.142
ENSG00000277196,ENSG00000277196,-3.7683,0.004841729843031535,0.008186813575090537,0.0144,0.1979,0.01,0.125
INO80E,ENSG00000169592,-1.0913,0.004852816276544431,0.008203482640101305,0.1277,0.2722,0.06,0.182
ERAL1,ENSG00000132591,-5.7238,0.004868012449490866,0.008227088853782767,0.0031,0.1698,0.005,0.12
CNTROB,ENSG00000170037,-2.0475,0.004876081588981955,0.008238641268102828,0.0554,0.2292,0.04,0.155
PLEKHA2,ENSG00000169499,3.39,0.004886897251192622,0.008254827197955367,0.2994,0.0285,0.134,0.021
PPP1R14C,ENSG00000198729,-0.7644,0.004888264982774861,0.008255049764842806,0.2064,0.3507,0.104,0.232
TMEM167B,ENSG00000215717,-1.5921,0.0049024184992810605,0.008276858735262438,0.0683,0.2061,0.03,0.148
RNF111,ENSG00000157450,1.6351,0.004904704792958118,0.008278626058167114,0.3905,0.1257,0.189,0.08
MYH10,ENSG00000133026,2.5158,0.004907907224419065,0.008281938441610646,0.3055,0.0533,0.149,0.037
CHST12,ENSG00000136213,-5.9058,0.0049122564066188526,0.008287183768579773,0.0027,0.1686,0.005,0.12
CMC1,ENSG00000187118,-0.6089,0.00491821356833617,0.008295138490635677,0.241,0.3676,0.114,0.244
AADAC,ENSG00000114771,-4.5288,0.00492693194396052,0.008307745128430273,0.0082,0.1906,0.005,0.12
PEX11B,ENSG00000131779,-2.4497,0.004931985811316302,0.008313619437298742,0.0363,0.1987,0.02,0.136
CTSE,ENSG00000196188,-2.1586,0.004932905199882455,0.008313619437298742,0.0539,0.2412,0.035,0.15
DYSF,ENSG00000135636,5.4968,0.004936929347722823,0.008318302500867996,0.2927,0.0064,0.119,0.005
FAR1,ENSG00000197601,1.311,0.004959173023771362,0.008353673802211584,0.4811,0.1938,0.229,0.13
ZNF638,ENSG00000075292,0.7529,0.004969576676855388,0.008369087903357827,0.7596,0.4507,0.338,0.282
OBSL1,ENSG00000124006,-2.871,0.0049733962922336354,0.008373409083899282,0.0249,0.1831,0.01,0.126
IFI6,ENSG00000126709,-2.1056,0.00498231905455214,0.008386317783607294,0.0535,0.2305,0.03,0.146
C19orf48P,ENSG00000167747,-2.7684,0.0049859154208208994,0.00839025676383542,0.0261,0.1783,0.01,0.126
SMC1A,ENSG00000072501,-1.058,0.004992069484854111,0.008398496747944737,0.129,0.2688,0.065,0.183
RETSAT,ENSG00000042445,-1.7512,0.004993463811123005,0.008398726969148968,0.0604,0.2037,0.025,0.143
LCMT1,ENSG00000205629,-0.8644,0.00500300113614363,0.00841264969494041,0.158,0.2877,0.075,0.196
PTPN11,ENSG00000179295,-0.571,0.005014654310022871,0.008430122360091306,0.272,0.4042,0.134,0.265
NPM3,ENSG00000107833,-10.652,0.0050263320204091,0.008447627469630695,0.0,0.1608,0.0,0.115
PDE5A,ENSG00000138735,2.7644,0.005038971559026042,0.008466739884964764,0.2902,0.0426,0.139,0.026
TMEM222,ENSG00000186501,-2.1925,0.0050502308207479325,0.008483524057287585,0.0432,0.1976,0.025,0.14
MIR34AHG,ENSG00000228526,3.3261,0.005087217026391053,0.008543505788098024,0.2588,0.0257,0.129,0.015
CIMAP3,ENSG00000173947,-3.2517,0.005106038939644461,0.008572959798362331,0.0189,0.1809,0.01,0.125
SH3BGRL,ENSG00000131171,-0.2814,0.005117790017738393,0.00859053016548749,0.4503,0.5474,0.199,0.351
MRPL38,ENSG00000204316,-2.8269,0.005160128965110485,0.008659422451751993,0.0275,0.1956,0.01,0.126
SLC7A2,ENSG00000003989,-1.0566,0.005194348168218644,0.00871465747689835,0.1526,0.3174,0.08,0.2
CTBS,ENSG00000117151,-1.7502,0.005198926187361852,0.00872014766584375,0.0648,0.2183,0.035,0.151
SLC30A5,ENSG00000145740,-0.8922,0.005207489625148985,0.008732318153745937,0.1508,0.2799,0.07,0.191
GNL3,ENSG00000163938,-0.9479,0.005221387023722405,0.008753424681586833,0.1555,0.3001,0.085,0.204
BLOC1S4,ENSG00000186222,-5.6844,0.005225017938621304,0.00875731362912213,0.0031,0.1652,0.005,0.119
TPMT,ENSG00000137364,-3.5869,0.005248796105808384,0.008794959656471198,0.0143,0.1726,0.01,0.125
UGP2,ENSG00000169764,-0.5366,0.005322933955306359,0.008916949056305789,0.2985,0.4331,0.154,0.284
XIAP,ENSG00000101966,-0.6843,0.005341183325624877,0.008945276688026218,0.2219,0.3566,0.114,0.238
LRRC8C,ENSG00000171488,4.1929,0.00535032918278191,0.0089583476088745,0.2688,0.0146,0.124,0.011
FUNDC1,ENSG00000069509,-10.6314,0.005365190367451446,0.00898097906371133,0.0,0.1585,0.0,0.114
SGIP1,ENSG00000118473,8.644,0.005366926598145597,0.008981634364573901,0.2598,0.0005,0.114,0.0
PDZRN3,ENSG00000121440,8.5215,0.005368415199681088,0.00898187502972695,0.2908,0.0007,0.114,0.0
LRP2,ENSG00000081479,-1.1477,0.005373876595630059,0.008988760776912888,0.1322,0.2929,0.055,0.174
TMA16,ENSG00000198498,-1.1667,0.005377851670521905,0.00899315756319875,0.1185,0.2662,0.065,0.182
CACNA2D1,ENSG00000153956,4.9651,0.005380213127264868,0.008994854437297136,0.2864,0.0091,0.119,0.006
SDHAF2,ENSG00000167985,-1.8986,0.0053922835833911005,0.009012778291658948,0.0541,0.2018,0.03,0.144
USP47,ENSG00000170242,0.8488,0.005395149234066621,0.00901531191752088,0.731,0.4059,0.318,0.256
APPL1,ENSG00000157500,-0.6893,0.005447846611207619,0.00910109242527656,0.2191,0.3533,0.114,0.237
LINC01876,ENSG00000226383,3.4175,0.005450864689762545,0.009103857280051022,0.2433,0.0227,0.124,0.01
DDX1,ENSG00000079785,-0.6307,0.005461943895395322,0.00912008081933634,0.2168,0.3357,0.104,0.229
TMEM232,ENSG00000186952,3.2194,0.005479359042060485,0.009146873042219941,0.2764,0.0296,0.129,0.016
TNS2,ENSG00000111077,-0.8826,0.005506845117500682,0.009190459405244142,0.162,0.2988,0.08,0.2
PARP4,ENSG00000102699,1.3068,0.005609899999889889,0.009357772752064078,0.4914,0.1986,0.229,0.132
GTPBP4,ENSG00000107937,-1.0307,0.005608609213737954,0.009357772752064078,0.1331,0.2719,0.07,0.189
ODAM,ENSG00000109205,-10.6825,0.005619718736675866,0.00937181059731788,0.0,0.1642,0.0,0.113
HPCAL1,ENSG00000115756,-0.2895,0.005627481319728982,0.009377731470676116,0.626,0.7652,0.279,0.462
TRUB2,ENSG00000167112,-3.3909,0.005626575186860638,0.009377731470676116,0.0163,0.1716,0.01,0.123
MAP2K5,ENSG00000137764,1.6706,0.005625410352301442,0.009377731470676116,0.3535,0.111,0.179,0.07
BOLA1,ENSG00000178096,-3.0988,0.005637457473672088,0.009392012588340205,0.0203,0.1744,0.01,0.124
MYO5B,ENSG00000167306,1.4754,0.005658238180012103,0.009424282494838112,0.4076,0.1465,0.199,0.096
TMEM131L,ENSG00000121210,2.1666,0.005692415839778957,0.009478844526024346,0.3334,0.0742,0.159,0.049
DIP2A,ENSG00000160305,1.6041,0.005707476199451954,0.009501553722866301,0.3754,0.1234,0.189,0.083
DHX9,ENSG00000135829,-0.6687,0.005714429150605207,0.009510758110364361,0.2331,0.3707,0.119,0.246
BIN1,ENSG00000136717,-3.2166,0.00572507011843613,0.009526094499510442,0.0192,0.1795,0.015,0.128
TIMM44,ENSG00000104980,-1.7025,0.005749836575127988,0.009562573309694854,0.0677,0.2207,0.04,0.154
GBE1,ENSG00000114480,1.3324,0.00575115664201054,0.009562573309694854,0.4294,0.1705,0.214,0.112
ENSG00000240499,ENSG00000240499,2.7662,0.005751288663728737,0.009562573309694854,0.2468,0.0362,0.129,0.015
LEPR,ENSG00000116678,3.8067,0.005805515248995266,0.009650332590353255,0.2564,0.0182,0.124,0.012
COLCA1,ENSG00000196167,-2.1533,0.005809510837081508,0.009652169870862535,0.0461,0.2053,0.025,0.139
USF2,ENSG00000105698,-0.9803,0.005808445104578893,0.009652169870862535,0.1396,0.2754,0.075,0.191
CDC42SE1,ENSG00000197622,-0.76,0.005822580375141583,0.009671478320211547,0.1806,0.3059,0.085,0.206
WWC1,ENSG00000113645,0.8902,0.0058430378603527055,0.009703045715886554,0.7184,0.3876,0.308,0.247
WTAP,ENSG00000146457,-0.2645,0.005854162800471525,0.0097175788900702,0.4357,0.5234,0.189,0.336
LMCD1-AS1,ENSG00000227110,4.1736,0.005854699424111767,0.0097175788900702,0.2393,0.0132,0.119,0.006
THUMPD3,ENSG00000134077,-3.1653,0.005893183135086706,0.009779023642048227,0.0192,0.173,0.01,0.123
MINCR,ENSG00000253716,-10.7179,0.005912239656545051,0.009808208809255934,0.0,0.1683,0.0,0.113
RAB3D,ENSG00000105514,-2.2214,0.005942356118645249,0.009854854519856848,0.041,0.1916,0.02,0.134
AIFM1,ENSG00000156709,-1.4702,0.005943307981132412,0.009854854519856848,0.0799,0.2215,0.04,0.154
DOCK7,ENSG00000116641,2.0582,0.005947388948272369,0.00985917368714598,0.3472,0.0833,0.164,0.056
RP9,ENSG00000164610,-1.6073,0.0059550135105105526,0.009869363582307689,0.0767,0.234,0.045,0.158
CENATAC,ENSG00000186166,1.4333,0.005998477397512352,0.009938930919867278,0.4564,0.1689,0.214,0.115
CENPB,ENSG00000125817,-1.5159,0.006001769261998931,0.009941918874228883,0.0737,0.211,0.035,0.149
CRYL1,ENSG00000165475,-1.8532,0.006038087344100867,0.009999599645735107,0.0582,0.2104,0.03,0.145
ZRANB2,ENSG00000132485,-0.3428,0.006080986230636993,0.01006814750481519,0.5803,0.736,0.274,0.438
MIR181A2HG,ENSG00000224020,2.757,0.006085707936890396,0.010073467982773471,0.263,0.0388,0.134,0.022
CDK5RAP3,ENSG00000108465,-1.3353,0.0061167587202028625,0.010122356663090913,0.1075,0.2714,0.07,0.184
ZNF581,ENSG00000171425,-3.3272,0.006135905446662972,0.010151526499445626,0.0163,0.1641,0.005,0.118
AFAP1,ENSG00000196526,3.1531,0.006236000375711603,0.01031457318211436,0.298,0.0334,0.134,0.024
SPTY2D1,ENSG00000179119,-2.8872,0.006238130822899284,0.010315542403105797,0.0253,0.1876,0.02,0.132
SNRNP200,ENSG00000144028,-0.7717,0.006255625221006825,0.01034191110175856,0.1866,0.3186,0.095,0.216
LRRK1,ENSG00000154237,2.2422,0.006273592095249396,0.010369047662502033,0.2885,0.0609,0.149,0.039
IGSF8,ENSG00000162729,-3.712,0.0062803059107436904,0.010377576243903293,0.013,0.1716,0.01,0.122
ACSM3,ENSG00000005187,-2.1547,0.0062834507694157805,0.010380204721476131,0.0434,0.1935,0.02,0.133
NLK,ENSG00000087095,2.0839,0.006290603447890526,0.010389451144525427,0.3352,0.079,0.159,0.051
RPF2,ENSG00000197498,-1.232,0.006296474112150625,0.010396576166886037,0.1048,0.2463,0.055,0.17
SLC38A2,ENSG00000134294,-0.3063,0.006305361069382378,0.010406815062503965,0.4863,0.6013,0.209,0.366
ACOXL,ENSG00000153093,-0.5574,0.0063057913696591625,0.010406815062503965,0.3365,0.4952,0.149,0.278
DNALI1,ENSG00000163879,-2.86,0.006315408298436296,0.010420111666318187,0.0244,0.1777,0.01,0.123
CCDC144A,ENSG00000170160,2.4859,0.006322018606667478,0.010428442152119556,0.3081,0.0549,0.144,0.035
SACM1L,ENSG00000211456,-0.6889,0.006324894595561463,0.010430610124383954,0.2294,0.3699,0.119,0.242
DTD1,ENSG00000125821,-0.9467,0.006345636499953431,0.010462233074102436,0.1531,0.2951,0.085,0.204
ARFGEF2,ENSG00000124198,1.3939,0.006354874757988316,0.010474878703999005,0.4557,0.1734,0.214,0.115
MAGI1-AS1,ENSG00000240175,3.7894,0.006369912744243132,0.010497075553614576,0.2348,0.0169,0.119,0.007
GLRX,ENSG00000173221,-0.6386,0.006414636350321619,0.010568168767587097,0.2392,0.3725,0.124,0.246
FBXL20,ENSG00000108306,1.2702,0.006418716109455345,0.010572282341566522,0.4955,0.2054,0.229,0.135
DTNA,ENSG00000134769,5.9034,0.006439149945184276,0.01060332408379827,0.2586,0.0042,0.114,0.003
SIPA1,ENSG00000213445,-3.2938,0.006453927818809512,0.010625039167322834,0.0175,0.173,0.01,0.122
SHISA5,ENSG00000164054,-0.7067,0.006499771181163883,0.01069787376022513,0.1874,0.3059,0.09,0.21
UFL1,ENSG00000014123,-0.7401,0.006537456614520238,0.010757248762843232,0.1916,0.3201,0.095,0.215
ADISSP,ENSG00000101220,-5.2912,0.006550507323016051,0.010776068573996109,0.0041,0.1631,0.005,0.116
ILVBL,ENSG00000105135,-4.2701,0.006553476658930094,0.010778298597634595,0.0084,0.1644,0.005,0.117
GNB1,ENSG00000078369,0.7424,0.006562986670288059,0.010791282119855724,0.746,0.4459,0.333,0.289
C12orf76,ENSG00000174456,-0.8661,0.006580404248488784,0.010817258177616685,0.1636,0.2982,0.08,0.2
RBM22,ENSG00000086589,-2.6009,0.006593233407739765,0.010835680593084127,0.0302,0.1839,0.02,0.131
KYNU,ENSG00000115919,4.6223,0.00660593548691255,0.01085388514565533,0.2935,0.0118,0.119,0.009
TSC22D2,ENSG00000196428,1.3549,0.006618359922998951,0.010871624674301524,0.5264,0.2057,0.229,0.137
SNX2,ENSG00000205302,-0.3953,0.006648835983523826,0.010919000623052774,0.3171,0.4171,0.144,0.279
CA12,ENSG00000074410,-2.6705,0.006684727173853587,0.010975244049697174,0.0304,0.194,0.015,0.127
XPO1,ENSG00000082898,1.0709,0.006692138121636055,0.010984711357681792,0.6332,0.3014,0.279,0.2
SUDS3,ENSG00000111707,-1.0952,0.006697890471251735,0.010991452200857578,0.1211,0.2588,0.06,0.175
SF3A2,ENSG00000104897,-1.9515,0.006752759878475266,0.01107877259354859,0.0549,0.2126,0.035,0.146
HRAS,ENSG00000174775,-3.419,0.0067710882825331034,0.01110611459701341,0.0158,0.1697,0.01,0.121
SCGB2B2,ENSG00000205209,3.7214,0.006773229506040929,0.01110689905986923,0.2449,0.0185,0.119,0.008
MYO16-AS1,ENSG00000236242,3.8217,0.006825879935260358,0.011190488975847797,0.2473,0.0174,0.119,0.009
ADCY9,ENSG00000162104,1.2147,0.006835127622754685,0.011202899973589826,0.4775,0.2057,0.229,0.133
ITGB1BP1,ENSG00000119185,-1.2111,0.00683867555342176,0.011203216586044625,0.1033,0.2393,0.055,0.169
C6orf89,ENSG00000198663,-0.9442,0.00683867555342176,0.011203216586044625,0.1594,0.3068,0.095,0.21
ADIPOR2,ENSG00000006831,-0.6853,0.006851029073320021,0.011218457372989769,0.2181,0.3508,0.109,0.233
BLOC1S6,ENSG00000104164,-0.916,0.006851338168052892,0.011218457372989769,0.1465,0.2766,0.075,0.192
TRAF3IP2-AS1,ENSG00000231889,2.5215,0.006880759366317713,0.011263870541087257,0.2684,0.0467,0.139,0.03
KLHDC3,ENSG00000124702,-1.542,0.006927132862351734,0.011337005730861854,0.0783,0.2283,0.05,0.161
SAE1,ENSG00000142230,-1.3931,0.0069649982368915845,0.011396184033365725,0.0901,0.2369,0.055,0.166
PKP4,ENSG00000144283,1.3152,0.006970333033693256,0.011402119601282698,0.415,0.1667,0.209,0.108
HYOU1,ENSG00000149428,-1.5327,0.007007621771795309,0.011459825459618656,0.0771,0.2233,0.04,0.152
PREX1,ENSG00000124126,5.2281,0.007009041323932056,0.011459825459618656,0.262,0.0069,0.114,0.004
HDAC9,ENSG00000048052,5.3297,0.007025463781693944,0.011483865050889342,0.2842,0.007,0.114,0.004
PIKFYVE,ENSG00000115020,1.6648,0.007061746640580969,0.011540348865290016,0.4148,0.1308,0.189,0.088
ZNF770,ENSG00000198146,-1.9598,0.007066035601767676,0.011544533215314652,0.0548,0.2133,0.04,0.15
ENSG00000225313,ENSG00000225313,3.4895,0.007084488872821345,0.01157185159735235,0.2144,0.019,0.119,0.009
ATOSA,ENSG00000047346,1.4923,0.007096602396237561,0.011588803766374245,0.4754,0.1689,0.209,0.113
THEM4,ENSG00000159445,-2.2495,0.007106178836458687,0.011601605585115516,0.0404,0.1926,0.025,0.135
SMARCD2,ENSG00000108604,-1.3043,0.007119925300413874,0.011621207497914045,0.0957,0.2364,0.055,0.166
R3HCC1,ENSG00000104679,-3.5512,0.007128408843454968,0.011632211743326591,0.0144,0.1695,0.01,0.12
OLA1,ENSG00000138430,-0.3579,0.007139146308645698,0.011646887688188721,0.3621,0.4641,0.169,0.304
GGPS1,ENSG00000152904,-4.7549,0.007170479811771632,0.011694131459291468,0.0058,0.16,0.01,0.119
IL7,ENSG00000104432,2.3347,0.0071716068958313905,0.011694131459291468,0.2644,0.0523,0.139,0.03
RORA-AS1,ENSG00000245534,3.5746,0.007179017405115232,0.011703357883515899,0.2387,0.0199,0.119,0.009
MTA1,ENSG00000182979,-2.039,0.0071993509669047665,0.011733642046841615,0.0488,0.2009,0.03,0.141
TBL1X,ENSG00000101849,2.188,0.007208242923047036,0.011745268232015407,0.3593,0.0788,0.159,0.054
DNAJB14,ENSG00000164031,-0.4867,0.007218440365526807,0.01175901541496428,0.3406,0.4773,0.179,0.306
ZNF302,ENSG00000089335,-4.2772,0.007266199827853906,0.011833930419467507,0.0087,0.1707,0.01,0.119
RAP1B,ENSG00000127314,0.8509,0.0073290065160450365,0.011933309244433154,0.6794,0.3766,0.308,0.243
BNIP2,ENSG00000140299,-1.2422,0.007341659035494625,0.011950997001722788,0.111,0.2628,0.07,0.18
ELP4,ENSG00000109911,2.0385,0.007350379295284843,0.0119622766357718,0.3139,0.0763,0.154,0.047
TSC22D4,ENSG00000166925,-1.2864,0.00736191086027669,0.011978124880825338,0.0908,0.2216,0.04,0.154
SMU1,ENSG00000122692,-1.469,0.007364548924256981,0.011979498846836916,0.0819,0.2268,0.045,0.156
LRRFIP2,ENSG00000093167,0.7704,0.0073896528599044775,0.012017407219698566,0.74,0.4338,0.333,0.28
GGA2,ENSG00000103365,-0.7648,0.007438427083781038,0.01209378152204809,0.2012,0.3419,0.114,0.231
ZNF565,ENSG00000196357,3.1035,0.00746642752297752,0.012133398887096558,0.2138,0.0248,0.124,0.015
KIRREL1,ENSG00000183853,2.7621,0.007466093629212798,0.012133398887096558,0.2789,0.041,0.134,0.026
ZHX3,ENSG00000174306,1.6225,0.007488996335180186,0.012167114211303445,0.3575,0.116,0.179,0.075
PTK7,ENSG00000112655,-0.6379,0.007509947910045634,0.012198186306224414,0.2258,0.3514,0.109,0.232
ATM,ENSG00000149311,1.6423,0.00754223190853957,0.012247645737207826,0.4413,0.1413,0.194,0.095
PRSS22,ENSG00000005001,-2.4073,0.007550490959733507,0.01225807708314538,0.0375,0.1994,0.02,0.13
FYTTD1,ENSG00000122068,-1.1998,0.007573118360849419,0.01229182443064721,0.1137,0.2613,0.07,0.18
LTBP3,ENSG00000168056,-1.4098,0.0075839469146451784,0.012306409485645079,0.0904,0.2403,0.05,0.161
TFDP1,ENSG00000198176,-3.0163,0.007613966950707464,0.01235212175462112,0.0222,0.18,0.015,0.124
NUMA1,ENSG00000137497,-0.5656,0.007639491000980109,0.012390519765795568,0.2345,0.3471,0.109,0.23
ADGRB3,ENSG00000135298,9.2781,0.0076567203749395765,0.012415449231420595,0.2647,0.0003,0.109,0.0
KHSRP,ENSG00000088247,-0.9302,0.007670734187905704,0.012435153796364612,0.1402,0.2673,0.07,0.185
PRPF19,ENSG00000110107,-2.6805,0.0076784344606467825,0.012444616297660728,0.0287,0.1846,0.025,0.133
ZNF814,ENSG00000204514,3.9209,0.007685798971327793,0.012453530162420751,0.2359,0.0155,0.119,0.011
NCMAP,ENSG00000184454,-2.4373,0.007716008111490686,0.012499446562368734,0.0348,0.1891,0.02,0.13
MTMR3,ENSG00000100330,1.6649,0.007720307802490583,0.012501183731565902,0.3966,0.125,0.184,0.083
CDC42BPB,ENSG00000198752,1.2845,0.007720823909673507,0.012501183731565902,0.4513,0.1852,0.219,0.123
PDE4B,ENSG00000184588,2.814,0.007752710323819014,0.012549770298785068,0.2942,0.0418,0.134,0.027
CACNB2,ENSG00000165995,8.6865,0.00780605873301707,0.012633066701677008,0.3111,0.0007,0.109,0.0
RNF128,ENSG00000133135,-1.575,0.007823450238964677,0.012658145384216347,0.074,0.2208,0.04,0.152
AUH,ENSG00000148090,1.5481,0.007850301055662666,0.012698513138961238,0.4776,0.1633,0.204,0.108
KAT5,ENSG00000172977,-1.5074,0.007904250479548276,0.012782684976489815,0.0741,0.2108,0.04,0.151
DTYMK,ENSG00000168393,-4.0438,0.0079235984607257,0.012810872456835378,0.0101,0.1677,0.01,0.118
RAB3IP,ENSG00000127328,-0.601,0.00792676852923916,0.012812896177828739,0.2672,0.4053,0.144,0.265
SUMF1,ENSG00000144455,1.2886,0.007937343629622218,0.01282688558002584,0.5276,0.2159,0.229,0.138
RASEF,ENSG00000165105,-0.4752,0.007960830161106597,0.012861188555281148,0.3394,0.4719,0.159,0.29
MRPS30,ENSG00000112996,-2.6606,0.007962421721228859,0.012861188555281148,0.0274,0.1735,0.015,0.124
GNA13,ENSG00000120063,2.0617,0.00799040889343165,0.012903273935984042,0.3476,0.0832,0.164,0.061
ZNF672,ENSG00000171161,-3.1475,0.008016704593819922,0.012939480421006103,0.0201,0.1793,0.02,0.127
NIPSNAP1,ENSG00000184117,-2.5152,0.008014925419493966,0.012939480421006103,0.0306,0.1752,0.015,0.124
TBC1D19,ENSG00000109680,2.429,0.008031307167433268,0.01295991799257956,0.2728,0.0506,0.139,0.032
TMEM91,ENSG00000142046,-1.315,0.008034872381487125,0.0129625392840465,0.1051,0.2616,0.06,0.172
EIF2B1,ENSG00000111361,-2.6212,0.008059332219705005,0.012998860153443547,0.0294,0.1812,0.02,0.129
MRPS17,ENSG00000239789,-5.6476,0.008074541522390425,0.013020246940619424,0.0031,0.161,0.005,0.113
DFFA,ENSG00000160049,-1.8778,0.008117444297134707,0.013086268515704252,0.0532,0.1957,0.03,0.14
SVBP,ENSG00000177868,-2.7246,0.008150071182483946,0.013135696290494759,0.027,0.1788,0.015,0.124
RMDN3,ENSG00000137824,-1.0532,0.008154767546233881,0.013140094678237898,0.1146,0.238,0.055,0.168
MAP2K4,ENSG00000065559,1.1796,0.008157297360624862,0.013141000740861905,0.4426,0.1953,0.224,0.128
NIN,ENSG00000100503,2.7612,0.008169956972126812,0.013158221031308169,0.321,0.0473,0.139,0.034
NOPCHAP1,ENSG00000151131,-2.6287,0.008179191472973253,0.013167035388984725,0.03,0.1862,0.02,0.128
CCNYL1,ENSG00000163249,-1.1086,0.008179372634959967,0.013167035388984725,0.1233,0.2659,0.065,0.178
FBXO7,ENSG00000100225,-0.7127,0.008215313537138004,0.013221705810733671,0.2073,0.3397,0.114,0.232
EIF2AK4,ENSG00000128829,-0.652,0.008225868409739441,0.013235503519308536,0.2082,0.3272,0.1,0.219
KMT2A,ENSG00000118058,0.9162,0.008230786023021306,0.013240226360250313,0.6099,0.3232,0.289,0.211
DYRK4,ENSG00000010219,-2.1633,0.008238623208757548,0.013249642285406132,0.0425,0.1906,0.025,0.134
HTT,ENSG00000197386,1.1156,0.008266563187877577,0.01329137591040788,0.5353,0.247,0.249,0.164
STK33,ENSG00000130413,1.5105,0.008310010164156743,0.01335801633848445,0.439,0.154,0.194,0.098
GTF2B,ENSG00000137947,-1.1488,0.008315340464836405,0.01336336837455302,0.1079,0.2395,0.05,0.163
BCKDK,ENSG00000103507,-2.588,0.008431335713594041,0.013546521826099256,0.0292,0.1762,0.02,0.128
KPNA6,ENSG00000025800,-0.8168,0.008479110385227702,0.013620004392240459,0.1788,0.3149,0.095,0.212
VASP,ENSG00000125753,-1.4107,0.008496713318548007,0.013644998378115445,0.0884,0.2353,0.055,0.163
C11orf71,ENSG00000180425,-2.8712,0.008556506184690208,0.013737717501813917,0.0233,0.1712,0.01,0.118
DAB2,ENSG00000153071,-0.6161,0.008566319341745692,0.013743561586240566,0.2193,0.3362,0.1,0.218
PPP1R35,ENSG00000160813,-4.725,0.008565941726655507,0.013743561586240566,0.0062,0.1676,0.01,0.117
RFK,ENSG00000135002,-3.4453,0.008566319341745692,0.013743561586240566,0.0153,0.1677,0.015,0.122
CAVIN2,ENSG00000168497,-1.3371,0.008584840721851643,0.013769969063700078,0.1031,0.2605,0.055,0.166
PLCL2,ENSG00000154822,4.5356,0.008609085824727188,0.013805542430576925,0.2592,0.0111,0.114,0.007
PRKAG1,ENSG00000181929,-1.5184,0.008611361938290504,0.01380587767302983,0.076,0.2179,0.045,0.154
AKIRIN1,ENSG00000174574,-0.75,0.008620471772793013,0.013817166059631517,0.1667,0.2805,0.08,0.195
SYT17,ENSG00000103528,1.6977,0.00867149351619459,0.013895610651310859,0.3542,0.1091,0.174,0.074
AFG2A,ENSG00000145375,2.4118,0.008698253844441612,0.013935149298878754,0.2991,0.0561,0.139,0.034
WDR37,ENSG00000047056,2.1438,0.008706679463003774,0.013945302669880626,0.332,0.0751,0.154,0.052
EXPH5,ENSG00000110723,-0.9909,0.00871396200249767,0.0139536207659271,0.1558,0.3097,0.09,0.202
ANAPC5,ENSG00000089053,-0.4934,0.008722976883910999,0.01396470819933882,0.2536,0.357,0.119,0.243
CDK11B,ENSG00000248333,-1.6566,0.008782452732050729,0.0140565544685758,0.0659,0.2081,0.035,0.144
LINC02888,ENSG00000236318,2.2923,0.008809131609061905,0.014095876860786885,0.2387,0.0487,0.129,0.02
SNRNP35,ENSG00000184209,-1.6968,0.00883044921650532,0.014126603668751863,0.064,0.2078,0.035,0.144
ZCCHC2,ENSG00000141664,1.9129,0.008854924187756763,0.014162365577113846,0.3384,0.0898,0.164,0.062
TMEM115,ENSG00000126062,-2.2056,0.008861538919127438,0.014169551937000755,0.0378,0.1748,0.015,0.124
ADGRD1,ENSG00000111452,-0.6113,0.008878679902191022,0.014192658665360494,0.2403,0.3672,0.109,0.234
LCLAT1,ENSG00000172954,1.8554,0.008880239641045291,0.014192658665360494,0.2656,0.0733,0.154,0.049
ARL8A,ENSG00000143862,-1.3518,0.008908747900699523,0.014231410482844323,0.0866,0.2211,0.045,0.155
AKIP1,ENSG00000166452,-2.6308,0.008907770240221307,0.014231410482844323,0.0293,0.1818,0.02,0.127
PREPL,ENSG00000138078,-0.7362,0.008945185036051548,0.0142827852870639,0.1895,0.3158,0.095,0.21
TLR2,ENSG00000137462,-0.7243,0.00894322266986641,0.0142827852870639,0.199,0.3288,0.095,0.211
ARRDC3,ENSG00000113369,-0.4019,0.008953234758658616,0.014292221547103466,0.4202,0.5552,0.199,0.333
DENND2D,ENSG00000162777,-2.8924,0.008986483657947183,0.014341869618023712,0.0236,0.1755,0.015,0.123
PJA2,ENSG00000198961,-0.4022,0.009018458846398085,0.014389461690179841,0.319,0.4216,0.149,0.276
PYCR1,ENSG00000183010,-2.9855,0.009022808981840495,0.014392964220136771,0.0229,0.1817,0.02,0.126
TTC39C,ENSG00000168234,3.3209,0.009041020764702028,0.01441512955059557,0.2739,0.0273,0.124,0.019
NTPCR,ENSG00000135778,-1.1763,0.009040624507636867,0.01441512955059557,0.1046,0.2365,0.055,0.167
LYSMD2,ENSG00000140280,-3.6958,0.009043794998404452,0.014416111406764518,0.0122,0.1593,0.005,0.112
MSI2,ENSG00000153944,1.2258,0.009052518967569784,0.014426574608541777,0.5307,0.2268,0.234,0.147
SLC16A10,ENSG00000112394,1.8514,0.009071579167934166,0.014453501255398927,0.4818,0.1335,0.184,0.09
STAU2,ENSG00000040341,1.2156,0.009075554549929556,0.014456386558306585,0.4507,0.194,0.219,0.125
NCSTN,ENSG00000162736,-3.6181,0.009079929266499911,0.01445990643084237,0.0139,0.1714,0.015,0.121
DSE,ENSG00000111817,2.7602,0.00912138335972161,0.014513352777464152,0.2539,0.0374,0.129,0.023
CDC40,ENSG00000168438,-0.9135,0.009122182206886436,0.014513352777464152,0.1373,0.2587,0.065,0.177
EMC8,ENSG00000131148,-1.2748,0.009118987192913658,0.014513352777464152,0.0904,0.2189,0.045,0.155
RCHY1,ENSG00000163743,-1.2566,0.009118987192913658,0.014513352777464152,0.0993,0.2373,0.055,0.165
CNKSR3,ENSG00000153721,1.2475,0.009131373439261207,0.01452451612308302,0.4608,0.194,0.214,0.12
PSMC6,ENSG00000100519,-0.5097,0.009137372174159492,0.014530597321716965,0.2957,0.421,0.154,0.279
RAB18,ENSG00000099246,-0.3106,0.009175847447615716,0.014588308760444028,0.3438,0.4264,0.154,0.284
IL18,ENSG00000150782,-0.5137,0.009193932459958708,0.014613582793922943,0.2918,0.4167,0.144,0.268
PIK3C3,ENSG00000078142,1.4591,0.00920077285078587,0.014620975938710165,0.3607,0.1311,0.189,0.09
PHLDA3,ENSG00000174307,-3.5336,0.009226162158880648,0.014657834695329174,0.0149,0.1738,0.015,0.121
SUPT5H,ENSG00000196235,-0.7338,0.009260111826348023,0.014708272743918773,0.1999,0.3326,0.104,0.222
SH3BGRL2,ENSG00000198478,-1.7015,0.009296610137616708,0.01476273397744698,0.0618,0.2011,0.03,0.139
ESR2,ENSG00000140009,3.8501,0.009308398018608683,0.014777939236103493,0.2341,0.0161,0.114,0.008
NLRP1,ENSG00000091592,4.3669,0.009315314354456148,0.014785405079233037,0.2602,0.0125,0.114,0.009
MIR200CHG,ENSG00000257084,-4.5891,0.009327938301352263,0.014801924427353709,0.0068,0.1655,0.005,0.111
MIDN,ENSG00000167470,-0.3236,0.009332421434054416,0.014805520845142386,0.4573,0.5723,0.209,0.35
MTA3,ENSG00000057935,1.4282,0.009353436225366921,0.014835336155123644,0.4218,0.1567,0.199,0.104
SLC25A13,ENSG00000004864,1.2302,0.009370401181095564,0.01485871545311901,0.524,0.2233,0.234,0.146
HAPSTR1,ENSG00000182831,-1.0491,0.0093740839482332,0.014861026985580238,0.1179,0.2441,0.06,0.17
EGFL7,ENSG00000172889,-1.5557,0.009391287273461372,0.014884766895929878,0.0734,0.216,0.035,0.145
TRAP1,ENSG00000126602,-2.1194,0.009423105451303284,0.014928112265003471,0.0447,0.1944,0.03,0.137
NFIC,ENSG00000141905,-0.2855,0.009421049767577334,0.014928112265003471,0.7567,0.9223,0.338,0.538
LDAF1,ENSG00000011638,-1.9717,0.009427423689521918,0.014931411624926935,0.0489,0.1921,0.025,0.133
NEXN,ENSG00000162614,2.8852,0.009459763627986473,0.014979080434168244,0.2627,0.0355,0.129,0.025
GSS,ENSG00000100983,-1.7306,0.009507112044701064,0.015046919750369292,0.0614,0.2041,0.035,0.143
PDE7A,ENSG00000205268,1.5849,0.00950524720738075,0.015046919750369292,0.4187,0.1395,0.189,0.093
DEXI,ENSG00000182108,-1.5918,0.009510013551285033,0.015047946104959188,0.0663,0.2001,0.035,0.143
NCAPH2,ENSG00000025770,-3.4711,0.009540319212473366,0.015092324021816582,0.0142,0.1588,0.005,0.112
TMEM199,ENSG00000244045,-3.5921,0.009582808336772452,0.015155950007412551,0.0133,0.162,0.01,0.116
AIMP2,ENSG00000106305,-1.8343,0.009632801828402444,0.015231411792589944,0.0552,0.1972,0.03,0.137
MOB3B,ENSG00000120162,2.6636,0.009656940029447109,0.015265965078503488,0.3326,0.0524,0.139,0.037
RUSF1,ENSG00000140688,-1.4668,0.009674605473339298,0.015290272114631607,0.0746,0.2064,0.035,0.144
MTHFD2,ENSG00000065911,-1.4754,0.009710445133730813,0.015339655404018,0.0842,0.2342,0.045,0.152
PRSS23,ENSG00000150687,2.646,0.00970833364707966,0.015339655404018,0.2762,0.044,0.134,0.031
SULT1A2,ENSG00000197165,-2.3583,0.009721008708157307,0.015352711553980292,0.0351,0.1805,0.015,0.122
ITGA1,ENSG00000213949,2.633,0.00973602658277167,0.01537279469180425,0.3221,0.0518,0.139,0.037
TJP2,ENSG00000119139,1.1079,0.009803756733380868,0.015476079230028555,0.5168,0.2398,0.244,0.163
TSPAN5,ENSG00000168785,2.4155,0.009811426566370655,0.015484526946311344,0.2891,0.0541,0.139,0.036
MCCC2,ENSG00000131844,-1.0816,0.00983532247481913,0.01551857283470753,0.12,0.2541,0.065,0.175
NEGR1,ENSG00000172260,5.2903,0.009866121979205793,0.015563492843437764,0.2547,0.0064,0.109,0.004
ROS1,ENSG00000047936,-0.2928,0.00989829614880957,0.01561055961697736,0.5797,0.7101,0.234,0.394
GNPAT,ENSG00000116906,-1.3733,0.009903237778249106,0.015613352154312084,0.0879,0.228,0.05,0.158
MED16,ENSG00000175221,-1.9772,0.009904742188624091,0.015613352154312084,0.0474,0.1868,0.025,0.131
TCEAL2,ENSG00000184905,-10.5678,0.009985417320205333,0.015736810354330204,0.0,0.1517,0.0,0.106
ZDHHC17,ENSG00000186908,1.8254,0.009989747938447752,0.015739921321276842,0.3341,0.0942,0.164,0.063
SLC27A5,ENSG00000083807,-2.8941,0.009996897116022212,0.015747470716488764,0.0221,0.1647,0.01,0.116
ZCCHC9,ENSG00000131732,-2.3059,0.010003400322487194,0.015753999234589006,0.0368,0.1823,0.02,0.127
TARBP2,ENSG00000139546,-3.1201,0.010040540599952104,0.01580876253349366,0.0187,0.1633,0.01,0.115
SLC10A7,ENSG00000120519,1.9641,0.010095060273662318,0.015887112999008156,0.3118,0.0798,0.154,0.052
YIF1B,ENSG00000167645,-1.8912,0.010093748720156276,0.015887112999008156,0.0517,0.1922,0.025,0.132
NEK1,ENSG00000137601,1.8304,0.010102057788997268,0.01589438020558604,0.3466,0.0974,0.164,0.064
UPP1,ENSG00000183696,-0.9679,0.010118256088306117,0.015915125431793423,0.1331,0.2604,0.065,0.175
EGFR,ENSG00000146648,0.673,0.010120008640339372,0.015915125431793423,0.7696,0.4826,0.343,0.302
LINC02471,ENSG00000223914,-2.1992,0.01013031034322371,0.015927575984555357,0.0427,0.1964,0.02,0.126
ACOT2,ENSG00000119673,-2.0888,0.010137987888698468,0.015935895765737132,0.0489,0.2085,0.03,0.136
TBC1D2,ENSG00000095383,1.2355,0.010150282737932932,0.01595146786038919,0.4801,0.2038,0.224,0.138
NLRC5,ENSG00000140853,3.1455,0.010174912270523204,0.015985419258756975,0.252,0.0284,0.124,0.02
PTTG1,ENSG00000164611,-3.6226,0.010176673557154464,0.015985419258756975,0.0135,0.1678,0.005,0.111
FBXL3,ENSG00000005812,-1.7283,0.010190773624654896,0.016003803677185527,0.0603,0.2001,0.035,0.141
APTR,ENSG00000214293,-1.0785,0.010221236093224614,0.01604786926813521,0.1308,0.2763,0.075,0.185
SURF6,ENSG00000148296,-1.9031,0.010304201723236709,0.016174327452290947,0.0533,0.1996,0.035,0.139
WDFY2,ENSG00000139668,1.5106,0.010313556051919899,0.016185206971516215,0.4294,0.1507,0.194,0.101
IL1R1,ENSG00000115594,0.8264,0.010329832751573757,0.016206942200554644,0.8511,0.4799,0.328,0.296
CBL,ENSG00000110395,2.3216,0.010412009050310892,0.01633203580249564,0.2928,0.0585,0.144,0.042
DBNDD2,ENSG00000244274,-5.7521,0.0104196514750841,0.016340186006594672,0.0031,0.1732,0.005,0.109
GAS6,ENSG00000183087,1.8967,0.010436302243505145,0.016362456029195036,0.3032,0.0814,0.154,0.053
KPNB1,ENSG00000108424,-0.3646,0.010521726040978823,0.016492515425415997,0.3774,0.4859,0.184,0.316
THAP12,ENSG00000137492,-2.1372,0.010572184981905786,0.01656772020041031,0.0432,0.1903,0.03,0.134
FASTK,ENSG00000164896,-1.3905,0.010597266813832414,0.016603130436215505,0.0865,0.2269,0.055,0.16
FSTL1,ENSG00000163430,3.527,0.010627206027851171,0.01664613251876594,0.272,0.0235,0.119,0.016
FYB1,ENSG00000082074,3.9916,0.010631554597106649,0.01664903942651238,0.2518,0.0157,0.114,0.01
ASTN2,ENSG00000148219,3.8915,0.010747023081880443,0.016825918228757494,0.248,0.0166,0.114,0.01
PIP5K1A,ENSG00000143398,1.1394,0.01077849672052759,0.016871239652309297,0.4595,0.2086,0.229,0.138
RNF19A,ENSG00000034677,0.903,0.010790088495693902,0.016885426678242638,0.5974,0.3194,0.279,0.206
NR0B2,ENSG00000131910,-10.5725,0.010796584729400711,0.01689163490458359,0.0,0.1522,0.0,0.104
RAB5A,ENSG00000144566,-0.637,0.01085847256662382,0.01698448203102588,0.2274,0.3537,0.124,0.241
TVP23C,ENSG00000175106,2.5655,0.010883689825937168,0.017015956073837626,0.2529,0.0426,0.129,0.026
SLC2A4RG,ENSG00000125520,-1.2485,0.010881820097401277,0.017015956073837626,0.0978,0.2325,0.055,0.162
ZNF516,ENSG00000101493,1.7177,0.010943906976869507,0.01710609751895891,0.3582,0.1088,0.169,0.07
LANCL1-AS1,ENSG00000234281,-0.7983,0.010969065100615136,0.01714140987529445,0.1943,0.3379,0.09,0.202
PITPNA-AS1,ENSG00000236618,-10.5739,0.010984608809481829,0.017161684734158862,0.0,0.1523,0.0,0.104
VPS72,ENSG00000163159,-1.7129,0.0110341963536835,0.017235125689020605,0.0564,0.185,0.025,0.131
CSKMT,ENSG00000214756,-1.7553,0.011043427335418186,0.017245511146424614,0.0608,0.2054,0.03,0.136
BCR,ENSG00000186716,1.5398,0.011046032185822275,0.017245546743596768,0.3814,0.1311,0.184,0.09
LINC00891,ENSG00000281852,-3.3295,0.011052191275016297,0.017247099421923796,0.0159,0.1604,0.005,0.11
GEMIN7,ENSG00000142252,-3.2616,0.011052191275016297,0.017247099421923796,0.016,0.1543,0.005,0.11
BDH1,ENSG00000161267,-4.4233,0.011076145923935911,0.01728044350057649,0.0073,0.1584,0.01,0.113
FARSA,ENSG00000179115,-1.6484,0.011083032509150466,0.01728644729386487,0.0639,0.2006,0.035,0.141
ALYREF,ENSG00000183684,-4.3531,0.011085170498521221,0.01728644729386487,0.0081,0.1666,0.01,0.113
SLCO2A1,ENSG00000174640,3.8859,0.011087784094196728,0.017286486919967307,0.2656,0.0179,0.114,0.011
SDCCAG8,ENSG00000054282,-0.316,0.011107522516449328,0.01731321887686466,0.6257,0.7789,0.279,0.457
STK24,ENSG00000102572,0.958,0.011126815402203264,0.01733924406703584,0.5515,0.2839,0.264,0.187
LONP1,ENSG00000196365,-0.8382,0.011143034876323062,0.017360468845104206,0.1524,0.2726,0.075,0.186
ZC3H13,ENSG00000123200,-0.4411,0.011188944454595978,0.017427929107333612,0.309,0.4195,0.149,0.272
TYROBP,ENSG00000011600,-4.8761,0.01128947484314007,0.017580415592756478,0.006,0.1797,0.005,0.108
GPATCH4,ENSG00000160818,-1.5152,0.011372322680090542,0.017705301440635136,0.0755,0.2161,0.045,0.15
NAV1,ENSG00000134369,4.7988,0.011415899370895722,0.017769003005875677,0.2254,0.008,0.109,0.006
PSMG4,ENSG00000180822,-0.6743,0.011458156177591978,0.017830620948307743,0.2075,0.3312,0.104,0.219
SMNDC1,ENSG00000119953,-0.9307,0.011474558789386047,0.017851986525578713,0.1313,0.2503,0.06,0.17
HCFC1,ENSG00000172534,-2.5032,0.011492944640522038,0.017876426933872074,0.031,0.1763,0.02,0.124
MED4,ENSG00000136146,-0.5022,0.011499079065203413,0.01788180420872959,0.2618,0.3709,0.129,0.251
HS6ST2,ENSG00000171004,4.4559,0.01152069536367616,0.017911248681097083,0.2365,0.0107,0.109,0.006
PAFAH1B1,ENSG00000007168,0.5955,0.011598862394626546,0.018028578527742777,0.7863,0.5204,0.358,0.327
NFE2L1,ENSG00000082641,-0.7881,0.011606284224371962,0.018035917248622694,0.1641,0.2834,0.085,0.194
PNO1,ENSG00000115946,-2.5381,0.011618415608437514,0.018050569399570636,0.03,0.1745,0.02,0.124
KLC1,ENSG00000126214,1.1459,0.011622874859981916,0.018053297951120748,0.5163,0.2333,0.239,0.157
IFIT5,ENSG00000152778,-2.7177,0.011687704864764194,0.018145555739600198,0.0255,0.1682,0.015,0.119
CYP2U1-AS1,ENSG00000245293,1.9976,0.011686708885919552,0.018145555739600198,0.2814,0.0704,0.134,0.03
NRF1,ENSG00000106459,1.991,0.011707640260653147,0.01817228196627989,0.2703,0.0679,0.144,0.043
THOC1,ENSG00000079134,1.7546,0.011724109663640627,0.018193617203405146,0.3313,0.0981,0.164,0.066
TTN-AS1,ENSG00000237298,2.1206,0.01173035343838396,0.018199077959341805,0.2812,0.0646,0.139,0.037
ENSG00000259564,ENSG00000259564,3.9127,0.011775897083750268,0.018265493874214594,0.2012,0.0133,0.109,0.006
FGFBP1,ENSG00000137440,-4.0888,0.01178818559998263,0.018276843833614925,0.0101,0.1727,0.005,0.109
RHOT2,ENSG00000140983,-1.5069,0.011788687413566866,0.018276843833614925,0.0781,0.2221,0.05,0.154
SORT1,ENSG00000134243,-0.3091,0.011818327970007736,0.018318545488902684,0.3678,0.4557,0.164,0.294
RALA,ENSG00000006451,-0.3844,0.01182235211281063,0.018320531267160604,0.2693,0.3515,0.119,0.24
CORO1C,ENSG00000110880,1.4591,0.011842994923142048,0.01834826330124466,0.401,0.1458,0.194,0.102
XYLT1,ENSG00000103489,6.5586,0.011850555153293358,0.018354976089745956,0.2494,0.0025,0.104,0.001
VOPP1,ENSG00000154978,2.131,0.011852824056756146,0.018354976089745956,0.3084,0.0703,0.149,0.051
HAS3,ENSG00000103044,-5.8186,0.011869222022672038,0.01837610892198112,0.0027,0.1587,0.005,0.108
FOXJ3,ENSG00000198815,1.2304,0.011880838889693313,0.018389831505043253,0.4726,0.2014,0.219,0.132
AP1S3,ENSG00000152056,3.0118,0.01203175619234652,0.018614801855149965,0.2655,0.0328,0.124,0.023
TMEM80,ENSG00000177042,-3.9606,0.012029456946559927,0.018614801855149965,0.0104,0.1632,0.01,0.112
PLD1,ENSG00000075651,3.2718,0.012054258240938623,0.018645296616773752,0.2498,0.0258,0.119,0.017
RAB40C,ENSG00000197562,-0.8407,0.012070646788797794,0.018666323200365934,0.1703,0.305,0.095,0.204
TSEN15,ENSG00000198860,-1.3987,0.01208243825301113,0.01868023266015309,0.0856,0.2259,0.05,0.156
SYVN1,ENSG00000162298,-2.7392,0.012157526795936756,0.01879197442028734,0.0259,0.1734,0.02,0.122
CSPP1,ENSG00000104218,1.622,0.012162684946660953,0.018795597584162077,0.3386,0.11,0.169,0.072
PLGRKT,ENSG00000107020,-1.0011,0.012192640482528045,0.018837530831090632,0.1123,0.2248,0.05,0.158
MGAT4B,ENSG00000161013,-1.1962,0.01221540896234485,0.01886834330700769,0.0977,0.224,0.05,0.155
MBOAT1,ENSG00000172197,4.1986,0.012222402294572924,0.018874780329584406,0.2004,0.0108,0.109,0.007
S100P,ENSG00000163993,-10.7157,0.012227066486649814,0.018877618369009273,0.0,0.1681,0.0,0.103
DMXL1,ENSG00000172869,1.2723,0.012307120725316827,0.01899682443364712,0.481,0.1991,0.219,0.132
TRERF1,ENSG00000124496,6.0802,0.012315725444551416,0.019005714012051506,0.2039,0.0029,0.104,0.002
SGK3,ENSG00000104205,1.5166,0.012386065960765857,0.01910984859135023,0.4116,0.1438,0.189,0.098
EHD2,ENSG00000024422,-1.082,0.01239130992274693,0.019113524012477307,0.1159,0.2455,0.06,0.166
FREM2,ENSG00000150893,-1.0015,0.012437804762588782,0.019180812285691635,0.1471,0.2947,0.075,0.181
TGS1,ENSG00000137574,-1.2221,0.012452547134588638,0.01919911410709084,0.11,0.2568,0.075,0.176
TLN1,ENSG00000137076,-0.4161,0.012490263068935133,0.019252819533214345,0.276,0.3683,0.129,0.245
MSR1,ENSG00000038945,2.9267,0.012497395601296634,0.019259368994245553,0.2777,0.0364,0.124,0.024
ZDHHC6,ENSG00000023041,-2.335,0.012505324867121258,0.019267142972895706,0.0329,0.1663,0.015,0.119
R3HCC1L,ENSG00000166024,1.9561,0.012509291170348128,0.01926880897757268,0.2924,0.0753,0.149,0.049
LRRFIP1,ENSG00000124831,0.1829,0.012512729534151109,0.019269661184827126,1.2395,1.0919,0.522,0.605
PPIH,ENSG00000171960,-1.9694,0.012518020958721052,0.01927336606346194,0.0495,0.1941,0.03,0.134
PRH1,ENSG00000231887,2.8872,0.01252490277277156,0.01927951731259305,0.2392,0.0322,0.119,0.017
UCHL5,ENSG00000116750,-1.3224,0.012589117450584223,0.019373897569689408,0.0909,0.2276,0.055,0.158
SUGT1,ENSG00000165416,-0.6864,0.012605615976698788,0.019394818960693668,0.1948,0.3136,0.104,0.213
TUT7,ENSG00000083223,1.5344,0.012627732677357372,0.019424372766483164,0.4116,0.142,0.189,0.096
ACP2,ENSG00000134575,-2.7056,0.012646412011645113,0.01944862671558317,0.0265,0.1734,0.02,0.122
LRRC41,ENSG00000132128,-0.9794,0.012653089127773742,0.019454415811326155,0.1326,0.2616,0.075,0.181
MXD1,ENSG00000059728,2.1974,0.012731577857677466,0.019570588840374638,0.4128,0.0899,0.159,0.065
NEK6,ENSG00000119408,1.8078,0.01279538025728042,0.019664138227882173,0.3631,0.1036,0.169,0.075
IMMP1L,ENSG00000148950,-1.4375,0.012805636455845894,0.01967537287522308,0.0848,0.2298,0.055,0.158
ABI1,ENSG00000136754,1.0927,0.012816440312902851,0.019687443617727264,0.5126,0.2403,0.244,0.165
UQCC4,ENSG00000174109,-4.0888,0.012845921770663647,0.01972819303432111,0.009,0.1549,0.01,0.111
IFNAR1,ENSG00000142166,-0.8487,0.01287220800720158,0.019764017765540078,0.1542,0.2778,0.085,0.192
RALGPS2,ENSG00000116191,2.4114,0.012876005824529179,0.019765305194674874,0.2689,0.0505,0.134,0.034
LZTFL1,ENSG00000163818,-1.8587,0.012936905875782952,0.019854226641625537,0.0507,0.1842,0.025,0.128
NT5DC1,ENSG00000178425,-0.398,0.012943991110911456,0.019860536786073423,0.3218,0.424,0.154,0.277
RAB3GAP2,ENSG00000118873,1.3477,0.012949716306654641,0.019864757742798885,0.4523,0.1776,0.209,0.122
NFATC3,ENSG00000072736,-0.4307,0.012959536139872082,0.019875256458830228,0.3445,0.4644,0.169,0.296
POLR1F,ENSG00000105849,-1.608,0.012984387872686467,0.019908798577059898,0.0636,0.1941,0.035,0.139
ACTN1,ENSG00000072110,1.6183,0.013013936934038904,0.019949526000102327,0.4331,0.141,0.189,0.101
PCCB,ENSG00000114054,-1.436,0.013020511464030724,0.019955024338747407,0.0766,0.2075,0.04,0.144
CDK2AP1,ENSG00000111328,-1.8151,0.013026540697116222,0.01995968463318175,0.0626,0.2206,0.035,0.137
NXF1,ENSG00000162231,-1.7233,0.013053977435584905,0.019997136534924673,0.0606,0.2003,0.035,0.138
MVP-DT,ENSG00000238045,-1.0173,0.013057273276382992,0.019997598764724147,0.1418,0.2871,0.075,0.179
ASAP2,ENSG00000151693,1.6525,0.013069364323411253,0.020011527812027457,0.3766,0.1197,0.174,0.08
ADPGK,ENSG00000159322,-0.9498,0.013109555587523766,0.020068467056857952,0.1422,0.2747,0.085,0.189
MCF2L2,ENSG00000053524,2.836,0.013118930872977698,0.02007821707163567,0.2401,0.0335,0.119,0.018
GRHL2,ENSG00000083307,1.4421,0.013150685354814206,0.020122205609348014,0.3603,0.1326,0.179,0.084
ANKRD10,ENSG00000088448,-0.4083,0.013183615874900806,0.020167973071109135,0.3266,0.4334,0.159,0.28
BAG5,ENSG00000166170,-1.306,0.01319414685106022,0.02017946114454573,0.0857,0.2121,0.045,0.15
BMPR1B,ENSG00000138696,5.5101,0.013231341780475544,0.02022708440187598,0.2235,0.0048,0.104,0.003
TRAPPC10,ENSG00000160218,1.693,0.013229674355461856,0.02022708440187598,0.3037,0.0939,0.159,0.061
DNAAF2,ENSG00000165506,-10.4899,0.013253035219621337,0.020255611494702726,0.0,0.1437,0.0,0.101
SHKBP1,ENSG00000160410,-2.414,0.013291492957465434,0.02030509640048299,0.0316,0.1689,0.02,0.121
RETREG2,ENSG00000144567,-1.4749,0.013289818832781368,0.02030509640048299,0.0763,0.2123,0.05,0.15
CCND3,ENSG00000112576,-0.3003,0.01329930800453229,0.020312389243601913,0.592,0.729,0.274,0.439
MIR181A1HG,ENSG00000229989,3.0736,0.013316068213198145,0.020333337813431735,0.2682,0.0318,0.119,0.019
MRPL1,ENSG00000169288,-1.04,0.013334246172557056,0.02035477922923426,0.1195,0.2458,0.06,0.167
ATIC,ENSG00000138363,-1.1414,0.013336205106622118,0.02035477922923426,0.1063,0.2347,0.06,0.164
USP11,ENSG00000102226,-1.5637,0.013356929401881462,0.020381752678813408,0.0686,0.2029,0.035,0.139
AMN,ENSG00000166126,-3.0721,0.01339733936601226,0.020434935667196133,0.0199,0.168,0.015,0.116
SPECC1L,ENSG00000100014,1.4214,0.013397901375453193,0.020434935667196133,0.3994,0.1491,0.189,0.096
MLF1,ENSG00000178053,-1.1086,0.013433913347168685,0.020483944064241928,0.102,0.2201,0.045,0.151
SGMS1,ENSG00000198964,0.8977,0.01343616693299055,0.020483944064241928,0.6447,0.346,0.289,0.223
GMPPA,ENSG00000144591,-2.7847,0.01349600881693433,0.02057047989235609,0.0249,0.1724,0.02,0.121
RBMX2,ENSG00000134597,-1.6491,0.01350817524551646,0.020584326366599234,0.059,0.1853,0.03,0.133
MAK,ENSG00000111837,3.0593,0.013527151553248936,0.020608541337625377,0.2041,0.0244,0.114,0.013
PIK3R5,ENSG00000141506,5.7739,0.01355722188294238,0.02064964309148738,0.2649,0.0047,0.104,0.004
PPP3R1,ENSG00000221823,1.1798,0.013615829401849952,0.02073418252962969,0.4794,0.2116,0.224,0.141
ORAI1,ENSG00000276045,-2.1883,0.013620675927095588,0.020736834856866067,0.0376,0.1717,0.02,0.122
FUT3,ENSG00000171124,-2.2614,0.013703300334827612,0.020857872136808026,0.0342,0.1642,0.015,0.117
LURAP1L-AS1,ENSG00000235448,3.5237,0.013716205480181804,0.020872758350907787,0.2152,0.0186,0.109,0.008
TXNRD2,ENSG00000184470,-0.9978,0.01373773791019028,0.020900763440127763,0.1362,0.272,0.08,0.182
HOXD1,ENSG00000128645,-10.4976,0.01376505517432457,0.020937554887113144,0.0,0.1445,0.0,0.101
BCLAF1,ENSG00000029363,-0.2747,0.013807708180223338,0.02099765094164656,0.5668,0.6857,0.269,0.42
PSEN1,ENSG00000080815,1.2828,0.013869009044723974,0.021086071342980062,0.4284,0.176,0.209,0.121
RNF41,ENSG00000181852,-1.4836,0.01390758920944179,0.02113991541416971,0.0721,0.2018,0.04,0.143
FAM135A,ENSG00000082269,1.0193,0.013966074371628664,0.021223984238477326,0.4625,0.2281,0.229,0.14
ARGLU1,ENSG00000134884,-0.2808,0.013970447628986664,0.021225800662875778,0.685,0.8322,0.313,0.488
SEPHS2,ENSG00000179918,-1.7382,0.014024191362662485,0.021297765827926952,0.0563,0.1881,0.02,0.123
C1orf52,ENSG00000162642,-1.443,0.014022435975411456,0.021297765827926952,0.0744,0.2025,0.04,0.142
EIF2B5,ENSG00000145191,-1.4387,0.014068725916069308,0.021355686453051567,0.0767,0.2082,0.045,0.146
PEX16,ENSG00000121680,-2.303,0.014068139125708357,0.021355686453051567,0.0356,0.1762,0.025,0.126
CYFIP2,ENSG00000055163,-1.3825,0.014099856732522884,0.02139807841775059,0.0818,0.2135,0.045,0.148
DCAF6,ENSG00000143164,1.056,0.014132226557189948,0.021442331025777295,0.4982,0.2396,0.239,0.159
GNA11,ENSG00000088256,-0.8761,0.014165252283280977,0.02148755848286024,0.1395,0.2562,0.075,0.179
C1GALT1C1,ENSG00000171155,-3.6225,0.014187996955860468,0.02151717340331337,0.0129,0.1597,0.01,0.11
IPO5,ENSG00000065150,-0.9384,0.014194205638240429,0.02152170248758407,0.1344,0.2576,0.075,0.179
ADGRL2,ENSG00000117114,3.3409,0.014230026196122226,0.021569367346980627,0.3153,0.031,0.119,0.021
ZNRF2,ENSG00000180233,1.7933,0.014232100898060134,0.021569367346980627,0.3658,0.1055,0.164,0.07
PCGF3-AS1,ENSG00000249592,2.3934,0.014249004836131915,0.021590086955654505,0.2488,0.0473,0.129,0.03
SNAP29,ENSG00000099940,-1.2979,0.014283757896474698,0.021632929476316214,0.086,0.2117,0.045,0.148
TJP3,ENSG00000105289,-1.9847,0.014281081931885944,0.021632929476316214,0.0483,0.1913,0.03,0.131
PSME4,ENSG00000068878,1.0565,0.014294466178706023,0.021644239312531746,0.5242,0.252,0.244,0.165
FAM110A,ENSG00000125898,-2.7174,0.014337370157932405,0.021701170628317123,0.025,0.1651,0.015,0.116
CHD3,ENSG00000170004,-0.9094,0.014338563554838068,0.021701170628317123,0.1513,0.2844,0.085,0.188
EPN2,ENSG00000072134,1.0323,0.014343338018709104,0.0217034786196099,0.4686,0.2291,0.234,0.15
PPP3CC,ENSG00000120910,1.477,0.014415123439611328,0.021807159559040556,0.4015,0.1442,0.189,0.098
CREB5,ENSG00000146592,5.0631,0.014463757543436116,0.02187577822296418,0.217,0.0064,0.104,0.005
POLR2D,ENSG00000144231,-10.4534,0.014474885609552351,0.021887652475933925,0.0,0.1401,0.0,0.1
MEIS2,ENSG00000134138,1.4555,0.014493248365328731,0.021910458540522995,0.367,0.1338,0.179,0.087
DISP1,ENSG00000154309,2.8939,0.01450861659632103,0.021928728274910197,0.243,0.0326,0.119,0.02
RIGI,ENSG00000107201,2.7062,0.014571141154379817,0.022013266629745034,0.2448,0.0374,0.124,0.025
SLC41A1,ENSG00000133065,-1.8752,0.014569628104002223,0.022013266629745034,0.0506,0.186,0.03,0.131
TMEM68,ENSG00000167904,-2.2883,0.01463116942242115,0.022098955353313174,0.0348,0.1702,0.02,0.121
COPB1,ENSG00000129083,-0.3889,0.014650314990164101,0.02212286995688583,0.3242,0.4245,0.159,0.279
ACSL4,ENSG00000068366,-0.2308,0.014679836265908974,0.02216243816003753,0.7139,0.8377,0.299,0.475
PDK2,ENSG00000005882,-3.0009,0.014705443434632258,0.022196080610148893,0.0197,0.1587,0.01,0.111
RXYLT1,ENSG00000118600,-2.6302,0.014717956464149879,0.022209948310903085,0.0253,0.1569,0.01,0.111
GNB4,ENSG00000114450,3.0108,0.01473506259375805,0.022230739341249157,0.2279,0.0282,0.119,0.021
MAGED1,ENSG00000179222,-0.8133,0.01476993993989664,0.022278326300489985,0.1679,0.2951,0.09,0.194
SLC7A6OS,ENSG00000103061,1.9377,0.014789245458924852,0.022297374812676993,0.2743,0.0715,0.144,0.047
CLN8-AS1,ENSG00000253982,-4.3252,0.014788632243693636,0.022297374812676993,0.0075,0.1515,0.005,0.105
SEC24B,ENSG00000138802,1.417,0.014812564248349308,0.022327491901314608,0.3991,0.1494,0.189,0.099
PCGF2,ENSG00000277258,-1.8876,0.014820856351804777,0.022334950264824932,0.0478,0.177,0.02,0.122
MAST4,ENSG00000069020,0.4588,0.014841450724965502,0.022360940535087883,1.0059,0.7319,0.418,0.421
SLC7A8,ENSG00000092068,-1.0952,0.014873159913008074,0.02240366149277874,0.0965,0.2062,0.04,0.142
PXDN,ENSG00000130508,4.9362,0.014882715134539315,0.022412999861011966,0.2124,0.0068,0.104,0.005
NR2C2,ENSG00000177463,1.6127,0.01496182975425593,0.02252706513270409,0.3202,0.1046,0.164,0.069
RITA1,ENSG00000139405,-5.4782,0.014994075752444309,0.02257052782298299,0.0031,0.1432,0.005,0.104
LINC00578,ENSG00000228221,3.0745,0.01500897915814646,0.02258787106743132,0.2474,0.0293,0.114,0.015
HDAC8,ENSG00000147099,1.0801,0.015016746515388096,0.022594469469762804,0.4958,0.2345,0.229,0.146
ENG,ENSG00000106991,2.7235,0.015056259397100246,0.022648819034511835,0.2543,0.0384,0.124,0.026
SLC35C2,ENSG00000080189,-1.1411,0.015064359932134001,0.02265590182092389,0.107,0.2362,0.065,0.166
QPRT,ENSG00000103485,-2.7202,0.015073711473075605,0.022664862433289502,0.0257,0.17,0.015,0.114
NCEH1,ENSG00000144959,1.5648,0.015086188147763776,0.02267341373512922,0.3736,0.1262,0.174,0.083
PLRG1,ENSG00000171566,-1.7238,0.015083692085427685,0.02267341373512922,0.0555,0.1835,0.03,0.131
ABL1,ENSG00000097007,1.3942,0.015131179520132829,0.02273362254799745,0.3813,0.145,0.184,0.092
RPF1,ENSG00000117133,-1.5697,0.015133056722323202,0.02273362254799745,0.0646,0.1918,0.035,0.136
SEH1L,ENSG00000085415,-2.1982,0.01516468709149604,0.022775132423500256,0.0366,0.1685,0.02,0.12
CTR9,ENSG00000198730,-1.209,0.015167508462304108,0.022775132423500256,0.1015,0.2348,0.06,0.162
TMEM170A,ENSG00000166822,-2.2062,0.015177543746900073,0.022775372726017033,0.0377,0.1744,0.025,0.125
UBE2H,ENSG00000186591,0.8006,0.015178171146275315,0.022775372726017033,0.7276,0.4177,0.313,0.267
MIPOL1,ENSG00000151338,1.5856,0.015181308485735564,0.022775372726017033,0.3289,0.1095,0.164,0.069
ADAMTS9,ENSG00000163638,1.5815,0.015173779830208517,0.022775372726017033,0.4629,0.1546,0.184,0.097
SLCO2B1,ENSG00000137491,3.9581,0.015231583636815283,0.02284566519431603,0.2492,0.0159,0.109,0.011
TVP23B,ENSG00000171928,-1.5323,0.01525141966748638,0.022870281086470934,0.0716,0.2074,0.04,0.14
CBY1,ENSG00000100211,-1.4868,0.01526560218257712,0.022886410095944464,0.0701,0.1966,0.04,0.14
JMJD6,ENSG00000070495,-2.0826,0.015283267750009303,0.022907752536425526,0.0376,0.1598,0.015,0.116
ADSL,ENSG00000239900,-1.1033,0.015288949789141528,0.02291112758395249,0.098,0.2108,0.045,0.148
TTBK2,ENSG00000128881,1.9046,0.015298423987365639,0.022920182550833355,0.3253,0.0868,0.154,0.059
MICAL3,ENSG00000243156,4.7825,0.015323081096147865,0.022951975474584344,0.2077,0.0075,0.104,0.005
DCAF7,ENSG00000136485,-0.5649,0.015333523477318102,0.0229624671087461,0.2061,0.305,0.1,0.208
FAM222B,ENSG00000173065,1.7294,0.015409338793756045,0.023070830263056855,0.3438,0.1036,0.164,0.07
REL,ENSG00000162924,-0.3411,0.015416016133421131,0.023075654808408726,0.4322,0.5475,0.199,0.333
SNRNP40,ENSG00000060688,-1.1637,0.015434153180660761,0.02309762695353646,0.1,0.2241,0.055,0.157
CYB561A3,ENSG00000162144,-4.57,0.015438610765910835,0.023099122156254134,0.0062,0.1505,0.01,0.108
UNC119,ENSG00000109103,-3.5497,0.015447210737414091,0.02310681310530542,0.0132,0.1555,0.01,0.109
SMPD1,ENSG00000166311,-3.6007,0.01547878004957512,0.023148851757974074,0.0129,0.1579,0.015,0.113
ABCC5,ENSG00000114770,2.5215,0.015548176129480092,0.02324742967736681,0.2651,0.0461,0.129,0.033
MTURN,ENSG00000180354,-1.1298,0.015594699232416187,0.023301341425795912,0.1012,0.2215,0.05,0.153
HAVCR2,ENSG00000135077,4.912,0.015588917299825611,0.023301341425795912,0.2384,0.0078,0.104,0.006
SPRY1,ENSG00000164056,-1.6143,0.015591808030300379,0.023301341425795912,0.0627,0.1922,0.03,0.131
MEGF6,ENSG00000162591,-1.0471,0.01563844596524459,0.023361480787713846,0.1264,0.2614,0.065,0.169
PLOD2,ENSG00000152952,1.5141,0.015726910767783885,0.02348838037075773,0.3972,0.139,0.184,0.097
SAMM50,ENSG00000100347,-2.8251,0.0157324139347098,0.023491346449793594,0.0233,0.1658,0.02,0.118
RBMS2,ENSG00000076067,0.8161,0.015773579450977498,0.023543740681076265,0.6431,0.3653,0.294,0.239
CRLF3,ENSG00000176390,1.7057,0.0157745530091056,0.023543740681076265,0.3176,0.0973,0.159,0.065
C5,ENSG00000106804,-3.0478,0.015841856286814584,0.023638909325208804,0.0209,0.1736,0.015,0.114
MT-ATP8,ENSG00000228253,-0.311,0.01586336833439088,0.02366572193553645,0.9091,1.1278,0.363,0.546
LINC00571,ENSG00000223685,2.3837,0.01588425303081081,0.023691586867526884,0.2215,0.0424,0.119,0.02
PLCXD1,ENSG00000182378,-1.4723,0.01589470444323373,0.0237018823345296,0.0735,0.2042,0.035,0.137
KLHL9,ENSG00000198642,-3.4223,0.0159221681772247,0.023737535994572272,0.0138,0.1492,0.005,0.104
ZNF207,ENSG00000010244,-0.3127,0.01593395111661238,0.023749801273790245,0.4541,0.564,0.224,0.358
PLIN5,ENSG00000214456,-1.7788,0.015989696425550072,0.023827573053603064,0.0581,0.1996,0.035,0.135
HYCC1,ENSG00000122591,2.0746,0.01606802789912142,0.023938960146828454,0.3621,0.0859,0.154,0.061
MYO1F,ENSG00000142347,3.0295,0.016093442556632687,0.0239714769928077,0.2577,0.0315,0.119,0.022
NAB2,ENSG00000166886,-2.17,0.01624434260399643,0.02419085044639736,0.0402,0.1812,0.025,0.124
DHX29,ENSG00000067248,-0.6369,0.016259334137715187,0.02420684825895507,0.2188,0.3402,0.119,0.227
DYNLT3,ENSG00000165169,-1.3108,0.016262333902969217,0.02420684825895507,0.0827,0.2053,0.045,0.146
SLC35E1,ENSG00000127526,-0.7121,0.01632778285599305,0.02429885510142103,0.1613,0.2643,0.075,0.181
ZBTB7C,ENSG00000184828,2.6859,0.01637601516993827,0.02436520501671145,0.2686,0.0417,0.124,0.028
CCNH,ENSG00000134480,0.9843,0.01645162876555816,0.024472255796250102,0.5249,0.2653,0.249,0.174
LINC00511,ENSG00000227036,3.6967,0.016506598016167794,0.02453762923436116,0.2302,0.0177,0.109,0.012
ABHD5,ENSG00000011198,-0.8066,0.016506598016167794,0.02453762923436116,0.1652,0.289,0.09,0.194
MTRF1L,ENSG00000112031,-3.6912,0.016500182262153,0.02453762923436116,0.0118,0.1539,0.01,0.108
CEP112,ENSG00000154240,1.0196,0.016617700112117627,0.02469728950797366,0.4623,0.228,0.224,0.139
PAPSS2,ENSG00000198682,0.9508,0.016623476310083835,0.02470037781424915,0.6063,0.3136,0.269,0.206
METAP1,ENSG00000164024,-1.4538,0.01664081548395436,0.024720642041221343,0.0751,0.206,0.045,0.144
DBP,ENSG00000105516,-4.9475,0.016666002524419327,0.024752553004357726,0.0046,0.1441,0.005,0.103
SMC5,ENSG00000198887,0.7241,0.01684256344345576,0.02500922215180992,0.68,0.4116,0.313,0.263
ZBTB7B,ENSG00000160685,-2.0929,0.01685769472358172,0.0250226076550162,0.0403,0.1723,0.025,0.122
MAGIX,ENSG00000269313,-4.2459,0.016859070885996842,0.0250226076550162,0.0076,0.1457,0.005,0.103
SLC25A33,ENSG00000171612,-1.2918,0.016878347516267576,0.025040600470306967,0.086,0.2107,0.05,0.151
GMPS,ENSG00000163655,-1.5308,0.016878691917550825,0.025040600470306967,0.0733,0.2119,0.05,0.147
PPARD,ENSG00000112033,1.7084,0.016914198303056648,0.0250877038565657,0.3492,0.1068,0.164,0.072
TMEM69,ENSG00000159596,-2.9872,0.016948041918942017,0.025132320598715306,0.0194,0.1542,0.01,0.108
TATDN1,ENSG00000147687,-0.547,0.016985407787113237,0.025182139536099737,0.2418,0.3533,0.124,0.235
CRISPLD2,ENSG00000103196,4.7456,0.017011745605167092,0.025215590079207945,0.2726,0.0101,0.104,0.007
BCKDHA,ENSG00000248098,-2.1058,0.017029092655016207,0.025235702206091244,0.0486,0.2095,0.035,0.132
CKLF,ENSG00000217555,-1.5967,0.017039508333671703,0.025239484086150163,0.0706,0.2138,0.05,0.147
TSPAN9,ENSG00000011105,2.1471,0.0170419394628789,0.025239484086150163,0.284,0.064,0.139,0.045
SH2B3,ENSG00000111252,3.1685,0.017042981468563742,0.025239484086150163,0.2312,0.0256,0.114,0.018
GABARAPL1,ENSG00000139112,-0.3991,0.01705097203625313,0.02524571984707042,0.2486,0.3279,0.109,0.221
ZMIZ1,ENSG00000108175,1.5256,0.017082619132083275,0.025286971006911393,0.3504,0.1216,0.174,0.085
STMN1,ENSG00000117632,-5.793,0.017111877566094513,0.025319058543186806,0.0027,0.1559,0.005,0.102
STAT5B,ENSG00000173757,1.9541,0.01710874063231209,0.025319058543186806,0.308,0.0794,0.149,0.056
DHX15,ENSG00000109606,-0.4171,0.017155148941842172,0.02537746174586132,0.3083,0.4116,0.154,0.271
EMSY,ENSG00000158636,1.791,0.01718941516915239,0.025422520796007264,0.349,0.1008,0.159,0.069
UBQLN2,ENSG00000188021,-1.5958,0.017240927085878516,0.02549305999702958,0.0647,0.1958,0.04,0.138
ICMT,ENSG00000116237,-1.7695,0.01731087659812403,0.025590824435340945,0.051,0.1741,0.025,0.124
CBX4,ENSG00000141582,-3.5043,0.017415382540283682,0.025739619381844374,0.0133,0.1514,0.01,0.107
DDX27,ENSG00000124228,-1.209,0.0174327357757095,0.025759566868576056,0.0917,0.2122,0.05,0.148
CNKSR1,ENSG00000142675,-2.2637,0.017447976613633523,0.0257763848269096,0.0369,0.1774,0.025,0.122
COL6A2,ENSG00000142173,4.3629,0.01749057099645276,0.02583359656906413,0.2415,0.0116,0.104,0.008
ANKRD39,ENSG00000213337,-3.4354,0.017506922998504856,0.025852031551407015,0.0143,0.1558,0.015,0.111
TBC1D20,ENSG00000125875,-1.324,0.01755534646277452,0.02591780703467529,0.081,0.203,0.045,0.144
SOX6,ENSG00000110693,1.8557,0.017572465108579773,0.025937346842034102,0.297,0.082,0.144,0.049
UBA6,ENSG00000033178,1.3641,0.017586741822910354,0.02594695132211581,0.402,0.1561,0.194,0.109
LRRC58,ENSG00000163428,-1.1364,0.017583171691451474,0.02594695132211581,0.0988,0.2173,0.055,0.154
DYNC1I2,ENSG00000077380,-0.4599,0.017604602013153076,0.02596756555782893,0.2767,0.3807,0.134,0.249
ANO10,ENSG00000160746,1.3914,0.01762748625482488,0.025995579751816156,0.3567,0.1359,0.179,0.089
ZNF358,ENSG00000198816,-1.5347,0.017647173227476158,0.02601886754664752,0.0642,0.1861,0.03,0.13
ERVK3-1,ENSG00000142396,-3.2221,0.017662578281006487,0.026035833224198262,0.0171,0.16,0.01,0.107
TPK1,ENSG00000196511,2.5962,0.017680505953538303,0.026056509104960796,0.2515,0.0415,0.124,0.029
BORCS8,ENSG00000254901,-2.7574,0.01769127021046515,0.026066621163842212,0.023,0.1564,0.015,0.112
DNAJB6,ENSG00000105993,-0.2708,0.017703835769073077,0.02607938224561956,0.3666,0.4423,0.169,0.293
FOXK2,ENSG00000141568,1.0301,0.01774445798027833,0.02613345862189172,0.4801,0.235,0.234,0.155
GYG1,ENSG00000163754,-1.8436,0.017749496503088207,0.026135116213431685,0.0468,0.1683,0.02,0.119
SF3A3,ENSG00000183431,-1.2401,0.01777470792764042,0.026166469968858356,0.0885,0.2092,0.05,0.149
RGL1,ENSG00000143344,1.5708,0.017785161850239685,0.02617608990695259,0.4074,0.1371,0.179,0.092
ABHD14A,ENSG00000248487,-1.9228,0.017815111478927156,0.02621439294288488,0.0443,0.1681,0.025,0.123
WDR77,ENSG00000116455,-2.5945,0.017878765365886787,0.026302262968889396,0.0261,0.158,0.015,0.113
PHC3,ENSG00000173889,1.0777,0.01789325991718496,0.02631778969101043,0.4623,0.219,0.224,0.142
DDX23,ENSG00000174243,-1.6878,0.017928451964327803,0.026363745193691192,0.058,0.1871,0.03,0.129
NAPRT,ENSG00000147813,-2.2369,0.01802964777009094,0.02650671746784886,0.0362,0.1709,0.02,0.117
SMAD5,ENSG00000113658,-0.6693,0.018060323180674916,0.02654597238638375,0.1879,0.2989,0.1,0.202
CRIP1,ENSG00000213145,-2.0823,0.01814711821180771,0.026661813140489155,0.0515,0.2183,0.03,0.127
SRSF4,ENSG00000116350,-0.2606,0.01814528332790152,0.026661813140489155,0.563,0.6745,0.259,0.416
TMEM129,ENSG00000168936,-2.3071,0.018155927916479863,0.026668889939337807,0.0324,0.1609,0.02,0.117
GLB1,ENSG00000170266,-0.9651,0.018178703656263645,0.026696473553250857,0.1338,0.2613,0.08,0.178
COPS4,ENSG00000138663,-1.2505,0.01820960101722534,0.026735969486491106,0.0813,0.1937,0.04,0.139
RNASEH2B,ENSG00000136104,-0.6429,0.018276703082404994,0.026828593381842406,0.2033,0.3175,0.109,0.214
IST1,ENSG00000182149,-0.8081,0.01829517557997007,0.026849808327536823,0.1577,0.2763,0.085,0.187
IL3RA,ENSG00000185291,3.9757,0.018305527316506774,0.02685909862630684,0.2319,0.0146,0.104,0.008
AFMID,ENSG00000183077,-2.1686,0.01833661329809507,0.02689880083856292,0.037,0.1668,0.015,0.113
PKN1,ENSG00000123143,-1.0059,0.01834550349069103,0.026905932765552348,0.1105,0.2219,0.055,0.155
RAD51C,ENSG00000108384,-2.6547,0.018413043667347622,0.026999060077763946,0.0237,0.1499,0.01,0.108
PLXNB2,ENSG00000196576,-0.4309,0.018437589976763757,0.0270291184053567,0.2808,0.3786,0.134,0.248
CDKL1,ENSG00000100490,1.8066,0.018523354092944873,0.027148887861922055,0.2724,0.0778,0.144,0.05
MTAP,ENSG00000099810,1.5173,0.018528585771054085,0.02715059771059022,0.3475,0.1213,0.174,0.085
MGAT4A,ENSG00000071073,1.6708,0.018548403124768315,0.02717367503187707,0.3604,0.1131,0.169,0.081
PHF11,ENSG00000136147,-1.3708,0.018557008877812232,0.0271743613889296,0.0807,0.2089,0.045,0.144
OGA,ENSG00000198408,0.8213,0.018557008877812232,0.0271743613889296,0.6214,0.3516,0.289,0.228
SIKE1,ENSG00000052723,-1.8286,0.01860646601397312,0.027240812474205716,0.0459,0.1633,0.02,0.117
CIT,ENSG00000122966,-1.4828,0.018680867959943462,0.027343746899947924,0.0718,0.2009,0.035,0.133
PAICS,ENSG00000128050,-1.8232,0.018698943944929994,0.02735552890486679,0.0489,0.1733,0.025,0.123
RGP1,ENSG00000107185,-2.7761,0.01869329355661607,0.02735552890486679,0.0237,0.1631,0.02,0.116
FAM118B,ENSG00000197798,-0.7997,0.018701204518583883,0.02735552890486679,0.1543,0.2687,0.08,0.182
CD83,ENSG00000112149,-0.7271,0.0187283500562689,0.027389238017477554,0.1764,0.292,0.07,0.175
WBP4,ENSG00000120688,-0.9381,0.0187812317333543,0.02746056189734531,0.1313,0.2517,0.07,0.17
PNKP,ENSG00000039650,-1.2552,0.018791066983543877,0.027462918245752636,0.0896,0.214,0.05,0.148
SLC35A1,ENSG00000164414,-0.9594,0.018790310265926292,0.027462918245752636,0.1465,0.285,0.095,0.192
MESP1,ENSG00000166823,-5.491,0.01880999358897628,0.027478553626590678,0.0031,0.1445,0.005,0.101
FGD6,ENSG00000180263,1.5312,0.01880696421208648,0.027478553626590678,0.4017,0.1389,0.179,0.093
NELFCD,ENSG00000101158,-1.1695,0.018900312985379898,0.02759842379303724,0.0971,0.2186,0.055,0.153
FAM13B,ENSG00000031003,1.4032,0.01889651043345761,0.02759842379303724,0.3812,0.1441,0.184,0.097
IDH3A,ENSG00000166411,-1.1909,0.018917052164708452,0.02761682872307929,0.0924,0.2111,0.05,0.149
DRG1,ENSG00000185721,-1.0873,0.0189623889986861,0.0276769659358008,0.1067,0.2269,0.06,0.159
CD40,ENSG00000101017,-1.5914,0.019036885867685066,0.02777962873285308,0.0611,0.1844,0.03,0.128
MIOS-DT,ENSG00000272894,-1.7113,0.01907020539898608,0.02782217166007602,0.0561,0.1838,0.03,0.128
CP,ENSG00000047457,2.6143,0.019080939765848393,0.027831752936471155,0.2557,0.0417,0.119,0.024
LRCH4,ENSG00000077454,-2.3136,0.019088994007195003,0.02783742161005577,0.0344,0.1713,0.025,0.121
LRCH3,ENSG00000186001,1.4582,0.01911432668980121,0.027868279406501262,0.3545,0.1289,0.174,0.085
RIMOC1,ENSG00000205765,-2.2308,0.019134306467423874,0.02789132101613358,0.0362,0.1703,0.02,0.116
RRS1,ENSG00000179041,-3.6658,0.019163155608223625,0.02792118593091745,0.0115,0.1468,0.01,0.106
CACNA2D3,ENSG00000157445,2.4772,0.01915930686066221,0.02792118593091745,0.2908,0.0521,0.119,0.024
CALCRL,ENSG00000064989,3.8799,0.019212865075077055,0.02798750836127364,0.2219,0.015,0.104,0.009
CMAS,ENSG00000111726,-1.725,0.019222897673264266,0.02799601691228348,0.0556,0.1839,0.035,0.132
ELMO3,ENSG00000102890,-3.7401,0.019239886347736792,0.02801465029791455,0.0118,0.1592,0.015,0.11
PDSS2,ENSG00000164494,1.0796,0.01924838560479064,0.028020917056320115,0.462,0.2186,0.224,0.144
PLCE1,ENSG00000138193,4.0038,0.019321924927386894,0.0281218427958198,0.2096,0.013,0.104,0.009
EPC2,ENSG00000135999,1.697,0.019342094223365795,0.02814506477513293,0.3668,0.1131,0.164,0.075
CEP170,ENSG00000143702,1.327,0.019420618830544013,0.028253172112655947,0.5193,0.2069,0.214,0.137
RNF144B,ENSG00000137393,1.9182,0.019436201254189645,0.02826522898816912,0.3489,0.0922,0.154,0.066
PPP1R21,ENSG00000162869,1.5859,0.01943737037620314,0.02826522898816912,0.3542,0.1179,0.169,0.081
NQO2,ENSG00000124588,-1.535,0.019533839115450716,0.028399327699628937,0.0613,0.1778,0.03,0.127
APPL2,ENSG00000136044,1.6732,0.019568309453363256,0.02844325110751103,0.3239,0.1015,0.159,0.069
COIL,ENSG00000121058,-3.267,0.019640555532099948,0.028542051870952035,0.016,0.1553,0.015,0.11
ARMC2,ENSG00000118690,3.0577,0.01964606204121421,0.028543843457313405,0.2604,0.0312,0.114,0.02
ATP8A1,ENSG00000124406,-0.3022,0.01966731406600125,0.028568506012793034,0.4507,0.5558,0.199,0.333
ATXN7L1,ENSG00000146776,1.7044,0.019724084318647465,0.028644739979179476,0.2817,0.0864,0.144,0.05
SHROOM4,ENSG00000158352,1.35,0.019748966269143197,0.028670129085201567,0.3789,0.1486,0.179,0.091
LENG1,ENSG00000105617,-5.4707,0.019750151807308342,0.028670129085201567,0.0031,0.1425,0.005,0.1
CDC42EP4,ENSG00000179604,-1.5392,0.019819019438793703,0.028763848507540882,0.0656,0.1907,0.035,0.133
ST3GAL3,ENSG00000126091,1.8312,0.01990559770873737,0.028883225526104044,0.2899,0.0814,0.144,0.052
BPTF,ENSG00000171634,0.5975,0.019988512119991104,0.028997235545052256,0.7596,0.502,0.343,0.311
PPTC7,ENSG00000196850,-0.8539,0.020036084174606103,0.02905993620025932,0.1347,0.2436,0.07,0.169
TSN,ENSG00000211460,-1.1945,0.020050094748531765,0.02907394329688312,0.0859,0.1966,0.045,0.141
R3HDM1,ENSG00000048991,2.0094,0.020063713207361694,0.029087375843709302,0.3032,0.0752,0.144,0.053
JOSD1,ENSG00000100221,-0.8282,0.02008616120902961,0.029113600415605203,0.1396,0.2479,0.075,0.173
MGC32805,ENSG00000250328,-1.7149,0.020092578948414288,0.029116583813508144,0.0721,0.2371,0.05,0.143
MED13,ENSG00000108510,0.7995,0.020128712086925387,0.029162617793617063,0.627,0.3602,0.289,0.229
SPNS1,ENSG00000169682,-1.8367,0.020145593615164804,0.029174418854225007,0.0516,0.1846,0.035,0.13
DONSON,ENSG00000159147,-2.1327,0.020141573083440684,0.029174418854225007,0.0457,0.2007,0.02,0.116
TMEM161A,ENSG00000064545,-2.0629,0.02018019910765238,0.029218198534578417,0.0414,0.1732,0.025,0.12
PURB,ENSG00000146676,-1.0168,0.02020195463827787,0.029243358263775006,0.1082,0.219,0.055,0.154
LIPA,ENSG00000107798,-1.55,0.02024229670165943,0.029295406212434087,0.0638,0.187,0.035,0.131
ENSG00000272368,ENSG00000272368,2.3279,0.02028351800011127,0.029348703796088206,0.2447,0.0487,0.124,0.031
PIK3R1,ENSG00000145675,1.5686,0.020397864115892707,0.029507761410016764,0.3992,0.1345,0.179,0.094
GNG10,ENSG00000242616,-1.0852,0.02040355549445697,0.0295096031068597,0.1224,0.2598,0.065,0.162
BTRC,ENSG00000166167,1.9307,0.02041819682869939,0.029524385498783987,0.2748,0.072,0.139,0.047
CRELD1,ENSG00000163703,-3.6221,0.020446285002554607,0.029558601197416063,0.0121,0.1498,0.01,0.105
BBIP1,ENSG00000214413,-1.0177,0.020517674300900034,0.029655387720344366,0.1102,0.2233,0.055,0.154
MANSC1,ENSG00000111261,-3.2584,0.020542200623346045,0.029684413233087025,0.0143,0.1373,0.005,0.1
GIGYF2,ENSG00000204120,0.8298,0.020571665955489354,0.02972056173841951,0.5734,0.3226,0.274,0.211
MAD2L2,ENSG00000116670,-4.0251,0.020597068405997003,0.02975082609940614,0.0083,0.1372,0.005,0.1
VRK2,ENSG00000028116,1.5971,0.020690719252157548,0.029879635434629247,0.2869,0.0948,0.154,0.064
IDS,ENSG00000010404,-0.5101,0.020696481821033095,0.029881496342991795,0.2333,0.3323,0.114,0.223
WDR82,ENSG00000164091,-0.8602,0.02072613999680746,0.029917849370796848,0.134,0.2434,0.07,0.168
TNIP2,ENSG00000168884,-1.8273,0.02080540967327973,0.03002578461707764,0.0492,0.1749,0.03,0.125
TOM1L1,ENSG00000141198,-0.8284,0.020836446093362864,0.030064079381631144,0.1633,0.2901,0.1,0.198
RIC3,ENSG00000166405,-1.4821,0.0208874331854601,0.030131137418075164,0.0749,0.2095,0.045,0.141
SCAI,ENSG00000173611,0.9633,0.020902792025779042,0.030146782107574654,0.5028,0.2578,0.239,0.162
GAA,ENSG00000171298,-1.7199,0.020920653854268504,0.030166029165081897,0.0564,0.1861,0.035,0.13
TOP1,ENSG00000198900,-0.2606,0.020948095561287322,0.03019907840574963,0.9563,1.1457,0.413,0.617
PGS1,ENSG00000087157,-0.6812,0.020977234674814278,0.03023455986039805,0.1813,0.2908,0.095,0.194
GPRIN3,ENSG00000185477,2.287,0.020986399973879005,0.030241243889004933,0.3311,0.0678,0.134,0.044
AVL9,ENSG00000105778,1.2332,0.021036453966015275,0.03030029675199828,0.389,0.1654,0.194,0.111
AKAP6,ENSG00000151320,2.4263,0.021036453966015275,0.03030029675199828,0.2285,0.0424,0.119,0.026
DHRS1,ENSG00000157379,-1.1891,0.021087030368419815,0.030366596772461396,0.093,0.2121,0.05,0.146
SHPRH,ENSG00000146414,1.4279,0.021141906045269367,0.030439058089319702,0.3972,0.1475,0.184,0.099
GNPTAB,ENSG00000111670,-0.444,0.0212103601413279,0.03052445494159212,0.3095,0.4211,0.159,0.27
ISY1,ENSG00000240682,-1.8331,0.021207416432050225,0.03052445494159212,0.0467,0.1665,0.025,0.12
NR1D2,ENSG00000174738,-0.8216,0.02128997494421725,0.03062947489765709,0.1273,0.225,0.055,0.155
SCAF1,ENSG00000126461,-2.734,0.021292506655161234,0.03062947489765709,0.0234,0.1564,0.015,0.11
MRPL44,ENSG00000135900,-3.0436,0.02137450673408372,0.030734193859406924,0.0183,0.1515,0.015,0.109
LBR,ENSG00000143815,-0.8803,0.02137196653391192,0.030734193859406924,0.1202,0.2213,0.055,0.154
FOXP2,ENSG00000128573,1.1136,0.02140034703075066,0.030764726177008966,0.4896,0.2262,0.209,0.126
ARRB1,ENSG00000137486,1.0646,0.021427063101823223,0.030796504079422707,0.4914,0.2349,0.229,0.156
PSMD10,ENSG00000101843,-1.6496,0.02145848097064556,0.030835024613369552,0.0546,0.1716,0.025,0.12
EAF1,ENSG00000144597,-1.2906,0.021489938943596677,0.03087358619149972,0.0817,0.2001,0.045,0.141
STAM,ENSG00000136738,-0.5013,0.021570893380480204,0.030983225137253177,0.2317,0.328,0.109,0.216
GEM,ENSG00000164949,-1.0197,0.02158540793499177,0.03099740692277145,0.1296,0.2628,0.06,0.158
ZHX1,ENSG00000165156,-0.9853,0.021622159176623957,0.031042975881664804,0.0943,0.1868,0.035,0.133
CHIA,ENSG00000134216,-2.4658,0.02162643610980481,0.031042975881664804,0.0325,0.18,0.02,0.114
TEX261,ENSG00000144043,-3.9537,0.021649116152366723,0.03106885405708151,0.009,0.1411,0.01,0.103
TMEM42,ENSG00000169964,-2.304,0.021678674020659098,0.03110458942727865,0.0313,0.1549,0.015,0.11
RABGGTA,ENSG00000100949,-1.7724,0.021907751272866,0.031426518632189,0.0521,0.1782,0.03,0.124
PIGQ,ENSG00000007541,-1.3168,0.02197879247623413,0.03152165663490825,0.087,0.217,0.055,0.149
SLC11A1,ENSG00000018280,2.3031,0.02203785662120445,0.03159958015736894,0.3335,0.0675,0.134,0.045
ARID4A,ENSG00000032219,-0.4038,0.02205394941572336,0.03161586781447012,0.3249,0.4299,0.159,0.27
DDX56,ENSG00000136271,-2.0448,0.02206047643317619,0.03161843821827978,0.0434,0.1796,0.035,0.128
COQ8A,ENSG00000163050,-1.1549,0.02212496647164762,0.03170406587945387,0.095,0.2117,0.05,0.145
CLUH,ENSG00000132361,-1.6879,0.02216251568759248,0.03175106011956889,0.0602,0.1941,0.04,0.134
DAPK2,ENSG00000035664,0.7784,0.02217475296799958,0.03176177891341823,0.6391,0.3726,0.284,0.231
HMCES,ENSG00000183624,-1.1151,0.022253561605575588,0.03186782546390209,0.0957,0.2074,0.05,0.147
DDX49,ENSG00000105671,-2.7507,0.022263210455869976,0.03187480871055853,0.0219,0.1478,0.015,0.109
EXOC6,ENSG00000138190,1.4753,0.022268474998332666,0.03187551318342561,0.3675,0.1321,0.174,0.089
ZNG1A,ENSG00000172785,-1.5843,0.022317662952492035,0.031939076678743156,0.0673,0.202,0.045,0.139
ARHGAP32,ENSG00000134909,0.8734,0.02238412838166451,0.03202733364634475,0.5051,0.2757,0.249,0.174
NNT-AS1,ENSG00000248092,-2.4729,0.02239779487421748,0.03204002398048801,0.028,0.1561,0.015,0.109
ARFGAP2,ENSG00000149182,-0.7671,0.022411027418557692,0.03205208825022416,0.1447,0.2463,0.07,0.169
BCL2L14,ENSG00000121380,2.002,0.022477292136940597,0.03213815720856593,0.2146,0.0535,0.124,0.031
PIGF,ENSG00000151665,-0.7392,0.022480831034349457,0.03213815720856593,0.1495,0.2496,0.075,0.172
C1QB,ENSG00000173369,-2.1436,0.022494106213627615,0.032142823633598445,0.0449,0.1987,0.025,0.119
ATP11B,ENSG00000058063,1.2505,0.02249853278740421,0.032142823633598445,0.4686,0.1969,0.209,0.131
ACAD11,ENSG00000240303,3.0469,0.022493663597891015,0.032142823633598445,0.2279,0.0275,0.109,0.016
SMPDL3A,ENSG00000172594,-1.7958,0.02250517406781982,0.03214543575683674,0.0533,0.1853,0.03,0.124
PTPRA,ENSG00000132670,1.0455,0.022585446624547856,0.032253196066999175,0.4995,0.2419,0.234,0.161
STK10,ENSG00000072786,3.8028,0.02259699790551335,0.03226279371759804,0.2244,0.016,0.104,0.012
C2orf74,ENSG00000237651,-3.2354,0.02270029839531111,0.032403353917991644,0.0157,0.1486,0.01,0.104
MMP15,ENSG00000102996,-2.7269,0.022723508168725752,0.03242955364506823,0.0233,0.1551,0.015,0.109
LYSMD3,ENSG00000176018,-1.6423,0.022784308167340783,0.03250937710952128,0.0591,0.1847,0.035,0.13
CFH,ENSG00000000971,1.7385,0.022824621134795706,0.03255994117029059,0.3361,0.1006,0.154,0.067
CHD7,ENSG00000171316,1.4532,0.022891048314499514,0.032647728313590064,0.3556,0.1298,0.174,0.088
CDC14B,ENSG00000081377,2.0898,0.0231040202627139,0.03294443879903205,0.2964,0.0695,0.134,0.044
WNT7B,ENSG00000188064,-2.4219,0.023199326480388208,0.03307327674760146,0.0305,0.1639,0.02,0.113
DAXX,ENSG00000204209,-2.1204,0.023207966239772514,0.03307853318724725,0.0394,0.1714,0.03,0.122
AGGF1,ENSG00000164252,-1.0943,0.023233902282277247,0.0331084346796095,0.0966,0.2064,0.05,0.145
G3BP1,ENSG00000145907,-0.256,0.023279008907304048,0.03316563577045302,0.3628,0.4333,0.169,0.287
YKT6,ENSG00000106636,-1.9954,0.023407453206459143,0.03334151844016648,0.0443,0.1768,0.035,0.127
NOA1,ENSG00000084092,-2.2175,0.02342028556526716,0.03334883744630065,0.0338,0.1574,0.02,0.114
IMPACT,ENSG00000154059,-2.7677,0.023422577700343818,0.03334883744630065,0.0229,0.1566,0.02,0.112
BRWD3,ENSG00000165288,1.9271,0.023530527912570688,0.03349539555158986,0.3181,0.0836,0.144,0.056
ABHD11,ENSG00000106077,-1.0666,0.02360611893855075,0.03359583813990634,0.1106,0.2318,0.065,0.161
ZC3H7A,ENSG00000122299,1.0326,0.02368377204304159,0.033699172022896205,0.524,0.2561,0.239,0.171
ATP11C,ENSG00000101974,2.2541,0.023714339201503246,0.03373547849346969,0.2686,0.0562,0.129,0.039
ABL2,ENSG00000143322,1.394,0.023744012763294294,0.033770498561763757,0.3694,0.1405,0.179,0.095
SPTBN1,ENSG00000115306,0.3104,0.023759789940811772,0.03378574345639383,1.0933,0.8817,0.453,0.511
DOHH,ENSG00000129932,-2.5485,0.0237746473560667,0.033799674263765324,0.0253,0.1485,0.015,0.108
HERC3,ENSG00000138641,1.8102,0.02379648379634358,0.033823518892483244,0.2529,0.072,0.139,0.049
DHRS3,ENSG00000162496,-0.3793,0.023877942752363025,0.03393208077511333,0.3019,0.3927,0.144,0.255
RTN4,ENSG00000115310,-0.2727,0.023909660562365244,0.033969926163802906,1.0526,1.2716,0.433,0.68
TYW1,ENSG00000198874,1.6138,0.023939545992612984,0.03400515263391368,0.3376,0.1102,0.159,0.072
ARHGEF35,ENSG00000213214,-2.8906,0.02395870836659465,0.03402513569646729,0.0198,0.1476,0.01,0.103
CERS4,ENSG00000090661,-0.5799,0.023966189973855613,0.03402852526262365,0.193,0.2885,0.09,0.192
DGLUCY,ENSG00000133943,1.2757,0.024012527487044046,0.03408707143166146,0.3602,0.1487,0.184,0.1
ZRANB3,ENSG00000121988,2.6596,0.02407584019788904,0.03416968480274137,0.1857,0.0293,0.109,0.017
BPNT2,ENSG00000104331,-0.5322,0.02409697657617229,0.034192416943330084,0.1724,0.2494,0.075,0.176
MMP7,ENSG00000137673,-2.4335,0.024126124161488165,0.03422650451881467,0.034,0.1839,0.025,0.117
KLF4,ENSG00000136826,-3.3763,0.024152006471655798,0.03425594632070272,0.0146,0.1531,0.01,0.102
SPOCK2,ENSG00000107742,3.0895,0.02428414451646953,0.0344360512156051,0.2612,0.0306,0.109,0.019
TPD52L2,ENSG00000101150,-0.7035,0.024292187323054177,0.034440144158496895,0.1509,0.2457,0.075,0.172
RUNX2,ENSG00000124813,2.2337,0.024304492552086457,0.0344502771127728,0.2348,0.0499,0.124,0.034
PPP4R2,ENSG00000163605,-0.5637,0.02439267994764014,0.034567941729320706,0.2243,0.3316,0.124,0.223
GLCCI1,ENSG00000106415,0.8273,0.024449722097319996,0.03463677765800437,0.5905,0.3328,0.264,0.2
NIT1,ENSG00000158793,-2.0814,0.024451625491464377,0.03463677765800437,0.038,0.1611,0.02,0.113
GGT5,ENSG00000099998,-2.0252,0.02447733388305504,0.03466584245227409,0.041,0.167,0.02,0.114
CYP20A1,ENSG00000119004,-0.4425,0.02452643521092333,0.03472801797196458,0.2597,0.353,0.129,0.236
NDFIP2,ENSG00000102471,-0.5846,0.024567975614386915,0.03477946357110857,0.2123,0.3184,0.114,0.216
TGFB1I1,ENSG00000140682,-1.9414,0.024576577787346728,0.03478426849792091,0.0445,0.1714,0.025,0.118
PYGB,ENSG00000100994,-0.8385,0.02462872449158359,0.03485068874561161,0.1418,0.2536,0.08,0.176
B4GALT7,ENSG00000027847,-2.997,0.02463974016369883,0.03485889103015134,0.0183,0.1472,0.015,0.107
ZCCHC10,ENSG00000155329,-0.8886,0.024667537770507016,0.03489082693121905,0.122,0.226,0.06,0.156
RIN3,ENSG00000100599,2.6759,0.024742438588250898,0.03498936001078293,0.2265,0.0354,0.114,0.024
SNUPN,ENSG00000169371,-3.035,0.024808861137437806,0.03507586442357052,0.0176,0.1448,0.01,0.102
ZFYVE9,ENSG00000157077,1.6917,0.024824767652773687,0.0350909255350001,0.3001,0.0928,0.149,0.061
GLUD1,ENSG00000148672,-0.622,0.024926198031403675,0.03522684651962445,0.1933,0.2975,0.1,0.199
TYMP,ENSG00000025708,-0.2866,0.02494797974274603,0.03525017065830352,0.362,0.4415,0.164,0.282
ZNF292,ENSG00000188994,0.8471,0.02498092559904567,0.03528925593824577,0.5595,0.311,0.264,0.202
NOC2L,ENSG00000188976,-1.1922,0.02499692760194233,0.03530439404808053,0.0894,0.2044,0.05,0.144
RAB11FIP3,ENSG00000090565,2.021,0.02505178958677215,0.03537439802326663,0.2677,0.0659,0.134,0.045
TMEM203,ENSG00000187713,-3.9177,0.025063455102210745,0.03538338969090374,0.009,0.1376,0.01,0.101
AFG3L2,ENSG00000141385,-0.7008,0.025143782903573577,0.03548929121153169,0.1893,0.3078,0.109,0.207
MAST2,ENSG00000086015,2.1543,0.02514914600548428,0.03548936111781734,0.2288,0.0513,0.124,0.034
FBXO42,ENSG00000037637,1.5839,0.025177928636810835,0.03552247261623565,0.3251,0.1084,0.159,0.072
LENG8,ENSG00000167615,-0.4614,0.025260531670322908,0.035631487017124965,0.2953,0.4066,0.154,0.26
SMUG1,ENSG00000123415,-2.7568,0.025289914557765525,0.0356654010412407,0.0229,0.155,0.02,0.111
PHACTR4,ENSG00000204138,1.0318,0.02530951957866066,0.03568551430565222,0.477,0.2333,0.229,0.155
GOSR1,ENSG00000108587,-0.8211,0.025498397964989084,0.035944238076859876,0.1568,0.2771,0.095,0.19
CBX6,ENSG00000183741,-1.1851,0.025506294293360494,0.03594576258913032,0.089,0.2026,0.05,0.142
ERGIC1,ENSG00000113719,-0.2408,0.025510243250857573,0.03594576258913032,0.449,0.5306,0.209,0.338
AACS,ENSG00000081760,-1.7568,0.025560638844149972,0.036009176722226886,0.055,0.1862,0.04,0.131
HGS,ENSG00000185359,-0.8401,0.025579435681246925,0.03601983602464333,0.1472,0.2635,0.085,0.181
CEP126,ENSG00000110318,2.7731,0.025580425319622905,0.03601983602464333,0.2485,0.0363,0.114,0.025
UBAP2,ENSG00000137073,1.1077,0.02558438420435813,0.03601983602464333,0.4452,0.2065,0.214,0.138
SREK1,ENSG00000153914,-0.3502,0.025603196145802396,0.03603872435359625,0.3791,0.4833,0.194,0.309
UNC13B,ENSG00000198722,0.5105,0.02562350665931813,0.036059713648880276,0.866,0.6079,0.368,0.355
WDFY1,ENSG00000085449,1.661,0.025650774357625836,0.03608288162059456,0.3637,0.1149,0.164,0.081
RAI1,ENSG00000108557,1.5097,0.02564829443920149,0.03608288162059456,0.3582,0.1257,0.169,0.086
GPATCH8,ENSG00000186566,0.9631,0.02569445488290325,0.036136715974502166,0.4821,0.2473,0.234,0.161
MAPRE1,ENSG00000101367,-0.679,0.025738697200768046,0.03619131760082732,0.1662,0.2661,0.09,0.186
CDC5L,ENSG00000096401,-0.6128,0.025768062680332545,0.03622498224414672,0.1635,0.2501,0.08,0.176
OTULINL,ENSG00000145569,-0.7696,0.025955886972212745,0.036481348713680334,0.1561,0.2662,0.08,0.176
TOR1A,ENSG00000136827,-1.9946,0.026036170521935898,0.03658648914706709,0.0385,0.1539,0.02,0.112
CALCOCO1,ENSG00000012822,-0.6538,0.026294522140815978,0.03694175712631677,0.1869,0.2941,0.095,0.192
LYRM4,ENSG00000214113,-0.9104,0.026344224048737534,0.03700380071956214,0.1319,0.2481,0.075,0.17
PSPC1,ENSG00000121390,1.0348,0.026441834573396893,0.03713309779556725,0.4591,0.224,0.224,0.151
DVL3,ENSG00000161202,-1.594,0.026454057832082305,0.03714245370201339,0.0561,0.1696,0.025,0.118
TLN2,ENSG00000171914,2.634,0.026498918222344202,0.03719761975767905,0.2294,0.0369,0.114,0.025
SNED1-AS1,ENSG00000225521,2.8736,0.0265837201648479,0.03730881844526563,0.2271,0.0309,0.104,0.013
CCDC167,ENSG00000198937,-2.8372,0.02677666892531337,0.03757171675465715,0.0198,0.1419,0.01,0.101
MAPK14,ENSG00000112062,1.144,0.026814784979614707,0.037617296550902464,0.3842,0.1738,0.199,0.118
PLEKHA3,ENSG00000116095,-1.1658,0.02684314482229183,0.03764917351282804,0.0834,0.1872,0.04,0.134
MIIP,ENSG00000116691,-2.7858,0.026952183882554902,0.0377941709325182,0.0216,0.1499,0.015,0.105
SRBD1,ENSG00000068784,1.4524,0.02698481461010507,0.03783198505056502,0.3571,0.1304,0.169,0.086
FBXO25,ENSG00000147364,-1.2931,0.026991552177984157,0.037833489401208016,0.0878,0.2153,0.06,0.151
ABHD18,ENSG00000164074,1.3907,0.027008143147735784,0.03784880152826842,0.335,0.1277,0.169,0.084
RUNX1T1,ENSG00000079102,3.6553,0.027094350159035815,0.03796164562873929,0.2667,0.0211,0.104,0.015
CFAP221,ENSG00000163075,-0.7466,0.02726120271966595,0.03818741043721663,0.1897,0.3184,0.104,0.201
SHLD2,ENSG00000122376,1.3948,0.027296249513254815,0.03822848616041705,0.3768,0.1432,0.179,0.099
TOMM70,ENSG00000154174,-1.8534,0.02742894119998919,0.03840626798212323,0.0482,0.1746,0.035,0.125
SHTN1,ENSG00000187164,0.9233,0.02747733050410522,0.03846595901004376,0.5108,0.2693,0.244,0.179
RAB12,ENSG00000206418,1.593,0.02748470054595697,0.0384682135260785,0.3129,0.1036,0.154,0.068
THAP5,ENSG00000177683,-2.3302,0.027527902187776194,0.0385206073145102,0.0289,0.146,0.015,0.106
NSL1,ENSG00000117697,-1.549,0.027557439397642953,0.038553862114968016,0.0615,0.1802,0.035,0.126
UIMC1,ENSG00000087206,1.5585,0.02756905077863152,0.03856202935088585,0.3543,0.1202,0.164,0.081
UTP18,ENSG00000011260,-1.5221,0.027743197775084688,0.038797491193423496,0.0642,0.1846,0.04,0.131
CLN5,ENSG00000102805,-1.6343,0.02777824704311912,0.03883837387502462,0.0598,0.1857,0.04,0.131
THRB,ENSG00000151090,1.1615,0.02781333448550574,0.03887929280634006,0.3929,0.1756,0.189,0.106
CHMP1A,ENSG00000131165,-1.3659,0.027853785538484457,0.03891954678065642,0.071,0.1831,0.04,0.131
HEATR5B,ENSG00000008869,1.7128,0.027852187825322963,0.03891954678065642,0.2774,0.0845,0.144,0.058
NSMAF,ENSG00000035681,2.1175,0.02797865086875055,0.039085841696796686,0.2683,0.0618,0.129,0.042
ELP5,ENSG00000170291,-1.2554,0.02799950860040925,0.039106800071546086,0.0901,0.2153,0.055,0.146
REST,ENSG00000084093,-0.6492,0.028058410330879163,0.03918087447207651,0.1774,0.2782,0.095,0.192
GNAI3,ENSG00000065135,-0.5261,0.02812762203365749,0.0392693117815214,0.1997,0.2876,0.1,0.199
GOLGA5,ENSG00000066455,-0.909,0.02815932600370849,0.039305358072887986,0.1093,0.2053,0.05,0.144
SPOP,ENSG00000121067,-0.4273,0.028212054896280557,0.03937073018225195,0.2785,0.3745,0.149,0.251
KIN,ENSG00000151657,-2.1017,0.02826271151276437,0.039433183662785296,0.0381,0.164,0.025,0.115
CRKL,ENSG00000099942,-1.282,0.028292927161158977,0.03946709701532598,0.0773,0.188,0.04,0.132
CCND2,ENSG00000118971,-0.5877,0.028328033795293587,0.039499569461120224,0.1943,0.292,0.09,0.189
TBC1D24,ENSG00000162065,-1.5502,0.02832533195311421,0.039499569461120224,0.0627,0.1837,0.035,0.127
COMMD8,ENSG00000169019,-2.5767,0.02838211728741462,0.039566721219503706,0.0231,0.138,0.01,0.101
ZFP36L2,ENSG00000152518,-0.3139,0.02840973410492421,0.03959695619507279,0.2837,0.3526,0.124,0.23
THRAP3,ENSG00000054118,-0.2352,0.028458526140473606,0.03965668601965851,0.4851,0.5711,0.234,0.365
FOXP4,ENSG00000137166,-1.2631,0.02848674998340704,0.03968773532314886,0.0856,0.2056,0.05,0.14
RSBN1L,ENSG00000187257,-0.3074,0.028495439092148862,0.0396915615633915,0.3799,0.4701,0.184,0.302
CENPP,ENSG00000188312,3.2293,0.02853783119775578,0.03974232163674121,0.2059,0.0219,0.104,0.016
ERBB2,ENSG00000141736,-0.9121,0.028618961997604823,0.039846997536377445,0.128,0.2409,0.07,0.164
RHBDD1,ENSG00000144468,1.8507,0.028679530759875154,0.03992300665802546,0.2838,0.0786,0.139,0.053
TTC17,ENSG00000052841,0.6344,0.02885366357609209,0.040157036679458025,0.6664,0.4293,0.313,0.269
LGALS1,ENSG00000100097,-1.7702,0.028939969931317124,0.04026726691216024,0.0588,0.2009,0.03,0.12
MAP4K5,ENSG00000012983,1.0956,0.028944924157101558,0.04026726691216024,0.424,0.1983,0.209,0.135
NPIPB5,ENSG00000243716,1.7153,0.028963095898377943,0.040281130728261304,0.3202,0.0975,0.149,0.065
DCAF8,ENSG00000132716,-0.7321,0.028966951772396922,0.040281130728261304,0.1607,0.2669,0.085,0.179
ARSA,ENSG00000100299,-2.2333,0.029412776560432015,0.04089257590489705,0.0345,0.1624,0.025,0.114
MITD1,ENSG00000158411,-1.5089,0.029506116229540205,0.041013808594609576,0.065,0.1851,0.04,0.13
PAQR5,ENSG00000137819,-1.4882,0.02978202317936757,0.04138870845089388,0.0688,0.1933,0.04,0.13
CSNK2A2,ENSG00000070770,-0.9417,0.029983454402975767,0.04165997336331915,0.1161,0.2231,0.065,0.156
MERTK,ENSG00000153208,1.9365,0.030218603540274544,0.04197796444373829,0.3823,0.0998,0.149,0.068
TBC1D9,ENSG00000109436,2.0407,0.03026776807014521,0.042037517766791405,0.2478,0.0601,0.129,0.043
NUBPL,ENSG00000151413,1.7284,0.030419695831445267,0.042239739804204354,0.2698,0.0814,0.139,0.053
CCL20,ENSG00000115009,-2.8419,0.03044153531403785,0.04226127922728306,0.0329,0.2368,0.025,0.112
ESRP2,ENSG00000103067,-2.2022,0.030508862528115143,0.04234594613991709,0.0337,0.1552,0.02,0.11
CYTOR,ENSG00000222041,2.4953,0.03055324164316868,0.042398732793418575,0.2198,0.0389,0.114,0.027
DLG3,ENSG00000082458,-1.6656,0.03058324330993137,0.042431550076242545,0.0522,0.1658,0.025,0.115
TEC,ENSG00000135605,2.1852,0.03067802974038377,0.04255421820062787,0.2722,0.0598,0.124,0.038
PTPN9,ENSG00000169410,1.9945,0.031124099688316465,0.043164007852629915,0.2839,0.0712,0.134,0.05
ADAM17,ENSG00000151694,1.0688,0.031168659307412225,0.0432168311219029,0.4799,0.2287,0.219,0.151
NIPA2,ENSG00000140157,-0.9657,0.03120152773202549,0.043253425430095103,0.1146,0.224,0.065,0.157
DYNC1LI2,ENSG00000135720,-0.307,0.03126676555801034,0.0433348676409942,0.3622,0.4482,0.179,0.296
LINC01376,ENSG00000236204,2.6484,0.03134037165649499,0.0434278718451722,0.2112,0.0336,0.104,0.016
KMT5A,ENSG00000183955,-1.5989,0.031359238700734884,0.04344500213279574,0.0589,0.1785,0.035,0.124
EPS8L2,ENSG00000177106,-0.6058,0.031457267953213436,0.04357177367472263,0.1935,0.2944,0.095,0.191
YES1,ENSG00000176105,-0.5056,0.03155318838075223,0.04369557229837117,0.1869,0.2654,0.085,0.182
PLEKHM3,ENSG00000178385,1.7217,0.031583437424441745,0.04372839522343417,0.2411,0.073,0.129,0.042
AP4S1,ENSG00000100478,1.8168,0.0315959001401065,0.04373658384161063,0.2591,0.0735,0.134,0.049
FAM219B,ENSG00000178761,-1.5831,0.03161133601237338,0.0437488838016249,0.0563,0.1689,0.03,0.119
GOLT1B,ENSG00000111711,-1.071,0.03168147243359396,0.04383686645617859,0.0966,0.203,0.055,0.144
UBE3C,ENSG00000009335,1.0467,0.03168980255267428,0.04383931053216891,0.4426,0.2142,0.214,0.142
ST7,ENSG00000004866,-0.5094,0.03170527775695804,0.04385163597819896,0.2473,0.3521,0.134,0.233
CCDC30,ENSG00000186409,2.2642,0.03182752092488687,0.04400248649499471,0.2507,0.0521,0.119,0.034
MTFR1L,ENSG00000117640,-1.6514,0.03182214568289181,0.04400248649499471,0.0477,0.15,0.02,0.11
FAAH2,ENSG00000165591,1.4761,0.03190824301745787,0.04410495759801347,0.3008,0.1081,0.149,0.065
SLC12A2-DT,ENSG00000245937,-0.7041,0.03192979852768585,0.04412562060136846,0.1681,0.2738,0.09,0.184
JDP2,ENSG00000140044,-0.7342,0.03195016797051435,0.044144636300179015,0.1683,0.2801,0.085,0.178
RAB11FIP1,ENSG00000156675,0.3722,0.03203415955640997,0.04424238041299881,0.9698,0.7493,0.408,0.435
IQSEC1,ENSG00000144711,2.1625,0.03202995548676812,0.04424238041299881,0.2775,0.0619,0.129,0.045
MAPK8,ENSG00000107643,1.0594,0.03205698990248367,0.044264758230036894,0.444,0.213,0.209,0.135
PSIP1,ENSG00000164985,-0.7619,0.03208043554695422,0.044282974209527724,0.1398,0.2371,0.07,0.163
MARVELD2,ENSG00000152939,-1.7637,0.03208344246143205,0.044282974209527724,0.05,0.1699,0.03,0.119
RPGR,ENSG00000156313,1.6665,0.032120748274116845,0.04432530531463355,0.348,0.1095,0.154,0.074
FILIP1L,ENSG00000168386,1.1857,0.03214604107057793,0.044351044889566205,0.3702,0.1627,0.184,0.106
EOLA1-DT,ENSG00000241769,2.2972,0.03233083285515161,0.044589246214916,0.2143,0.0435,0.114,0.028
DPH6,ENSG00000134146,1.0811,0.03233204363210633,0.044589246214916,0.3836,0.1813,0.194,0.116
SPTLC2,ENSG00000100596,1.3686,0.032396270428067364,0.04466859830492608,0.3532,0.1367,0.174,0.096
NAGLU,ENSG00000108784,-2.0614,0.03241082751026873,0.04467944622107015,0.0361,0.151,0.02,0.108
PITRM1,ENSG00000107959,-1.1942,0.0324423870800874,0.04470449830986254,0.0872,0.1996,0.05,0.14
ELK3,ENSG00000111145,1.9996,0.03243631588833415,0.04470449830986254,0.2599,0.0649,0.129,0.045
CASC3,ENSG00000108349,-0.7465,0.03247640374667782,0.044742141217834396,0.1432,0.2402,0.075,0.166
SAFB2,ENSG00000130254,-0.4628,0.032576199797028554,0.0448703729520218,0.2041,0.2813,0.095,0.193
TMEM164,ENSG00000157600,-0.275,0.032588387997132616,0.04487790586244304,0.4191,0.5071,0.194,0.312
TNIP1,ENSG00000145901,-0.5763,0.03261704564216825,0.04490811128510447,0.1921,0.2865,0.1,0.196
TAF6,ENSG00000106290,-1.9922,0.03263717986241323,0.0449265713728479,0.0358,0.1426,0.015,0.104
CCNK,ENSG00000090061,-0.7707,0.032679924053524385,0.044976141099008736,0.1457,0.2486,0.08,0.17
PEX5,ENSG00000139197,-1.5295,0.032705593573021344,0.04500219601858458,0.0555,0.1604,0.025,0.114
XRRA1,ENSG00000166435,1.2858,0.03277413005482101,0.04508721207747673,0.275,0.1127,0.159,0.074
PTRH1,ENSG00000187024,-1.3582,0.03278209314216221,0.045088879756281175,0.072,0.1846,0.04,0.129
PLS1,ENSG00000120756,-0.8074,0.03292079332494541,0.04527032707788972,0.1337,0.234,0.07,0.161
B9D1,ENSG00000108641,-1.8026,0.032942318305691345,0.045290601886313814,0.0479,0.1672,0.025,0.114
NUP50-DT,ENSG00000226328,1.8908,0.03295339298652631,0.04529650375735938,0.2389,0.0644,0.129,0.044
UHMK1,ENSG00000152332,-0.4073,0.032994027422454164,0.04534302657501468,0.2347,0.3113,0.114,0.213
CEP83,ENSG00000173588,1.5635,0.03306308098092373,0.04542857804393943,0.3274,0.1107,0.154,0.073
TGFBR3,ENSG00000069702,2.4303,0.03315080884012088,0.0455397474790554,0.2546,0.0472,0.119,0.035
DDAH1,ENSG00000153904,-0.2688,0.03316070614610587,0.04554397621835104,0.4177,0.5033,0.204,0.322
PPL,ENSG00000118898,-1.088,0.03321394750326771,0.045607721088471435,0.1051,0.2235,0.06,0.15
LYPLAL1,ENSG00000143353,-0.6783,0.03333556167620827,0.045765306564315524,0.1747,0.2796,0.095,0.187
TBL2,ENSG00000106638,-2.567,0.03342515347536953,0.045878850715790016,0.0237,0.1409,0.015,0.102
RBM15B,ENSG00000259956,-2.6872,0.03343200575441683,0.045878850715790016,0.023,0.1486,0.02,0.106
CACNB4,ENSG00000182389,-1.1356,0.03347252103130782,0.04592501396222369,0.1123,0.2468,0.06,0.149
CCDC91,ENSG00000123106,0.8859,0.03355492748254484,0.04602862202832553,0.5661,0.3063,0.259,0.2
RMDN1,ENSG00000176623,-0.8161,0.03362498413712952,0.04611436813583591,0.142,0.2501,0.08,0.171
CSF3,ENSG00000108342,-2.885,0.03363124527469033,0.04611436813583591,0.0275,0.2042,0.015,0.102
DNAJC13,ENSG00000138246,1.5201,0.033806962409012785,0.04634579267852964,0.353,0.123,0.164,0.084
BCL9L,ENSG00000186174,-0.8391,0.033895114978171374,0.0464571050562706,0.1305,0.2335,0.065,0.155
HOMER1,ENSG00000152413,2.2219,0.033979673581255636,0.046563446829956175,0.2304,0.0493,0.119,0.035
PRAF2,ENSG00000243279,-2.1329,0.03408530868776691,0.046679470314864704,0.0337,0.1482,0.02,0.107
HECTD4,ENSG00000173064,1.219,0.03408150855869757,0.046679470314864704,0.3613,0.1552,0.179,0.1
SIRT2,ENSG00000068903,-0.9449,0.03407644228328227,0.046679470314864704,0.1098,0.2114,0.06,0.149
PBXIP1,ENSG00000163346,-1.0333,0.03412776807159877,0.046728036685159534,0.0993,0.2034,0.05,0.14
STAMBP,ENSG00000124356,-0.9906,0.03414298839637406,0.046739294834880575,0.1119,0.2225,0.065,0.154
SYNE1,ENSG00000131018,0.2305,0.034318439538126244,0.04696984788425106,1.1628,0.9911,0.478,0.536
MGA,ENSG00000174197,1.5312,0.03438347486528262,0.04704921709183008,0.3628,0.1255,0.164,0.086
DNAH7,ENSG00000118997,2.7858,0.03451002056154368,0.04721270531146052,0.2221,0.0321,0.104,0.019
LHFPL2,ENSG00000145685,2.3033,0.03462733306122995,0.04736349734096965,0.2605,0.0527,0.119,0.035
PEDS1,ENSG00000240849,-0.8655,0.034812000926423704,0.047606337876245686,0.1304,0.2377,0.075,0.165
SLC30A9,ENSG00000014824,-0.5045,0.034819740513264086,0.047607174388554926,0.2198,0.3119,0.114,0.211
C2CD5,ENSG00000111731,1.5738,0.034836514659057204,0.047620360500991214,0.3062,0.1028,0.149,0.067
HBEGF,ENSG00000113070,-1.4157,0.034864917395056386,0.047649433861588215,0.0716,0.1912,0.035,0.123
MBD3,ENSG00000071655,-0.7921,0.034888170702868225,0.04767053572575457,0.131,0.227,0.065,0.155
PHACTR2,ENSG00000112419,0.6906,0.034894632304718384,0.04767053572575457,0.7171,0.4443,0.313,0.285
ATXN2L,ENSG00000168488,-0.708,0.03503704629133702,0.04785530310426175,0.149,0.2435,0.075,0.168
BLCAP,ENSG00000166619,-0.6443,0.03510064482146528,0.04793236695206841,0.1661,0.2596,0.085,0.179
IFT27,ENSG00000100360,-1.7062,0.03526724487740786,0.04815002627477659,0.0513,0.1678,0.03,0.117
SRRT,ENSG00000087087,-1.2052,0.035369097343626636,0.04827921544207691,0.0787,0.1815,0.035,0.124
LMO7,ENSG00000136153,0.1545,0.035462027330676715,0.04839617501871471,1.2238,1.0995,0.488,0.601
UBA2,ENSG00000126261,-0.4346,0.035492831701133355,0.04842831929149534,0.2447,0.3308,0.129,0.226
C19orf25,ENSG00000119559,-1.2359,0.03553875287167853,0.04848107239173629,0.0833,0.1964,0.05,0.138
SLC31A1,ENSG00000136868,-0.8425,0.035575526294870256,0.04852132736847834,0.1178,0.2113,0.06,0.15
CPT2,ENSG00000157184,-1.8001,0.03569526418885617,0.04866476209785066,0.043,0.1499,0.02,0.107
PRRC1,ENSG00000164244,-0.87,0.03569197009984895,0.04866476209785066,0.1223,0.2235,0.07,0.158
BAZ2A,ENSG00000076108,-0.5158,0.035742068245724526,0.04871862730881513,0.209,0.2989,0.109,0.205
STK32A,ENSG00000169302,1.9865,0.03582261436644192,0.048818453653022974,0.2526,0.0637,0.124,0.04
PRELID2,ENSG00000186314,2.2614,0.03601204260992713,0.04906659171597375,0.2122,0.0442,0.114,0.03
COL6A1,ENSG00000142156,2.8264,0.03618032502978531,0.04928582314377648,0.2573,0.0362,0.109,0.026
ATF3,ENSG00000162772,-0.273,0.03621366163491246,0.049311120501443484,0.417,0.5039,0.179,0.292
TPRG1L,ENSG00000158109,-2.6049,0.0362129946463066,0.049311120501443484,0.024,0.1462,0.02,0.105
MAP3K11,ENSG00000173327,-1.5757,0.03632653323711731,0.049454732060885964,0.0544,0.1625,0.03,0.117
NKAPD1,ENSG00000150776,-1.588,0.03645982548193305,0.049626079966136306,0.0545,0.164,0.03,0.117
RLF,ENSG00000117000,1.309,0.036620460772654816,0.049817016334774276,0.3677,0.1483,0.174,0.097
MFHAS1,ENSG00000147324,0.9965,0.03662248094082074,0.049817016334774276,0.4616,0.2313,0.219,0.151
IMMT,ENSG00000132305,-0.5018,0.0366191140466221,0.049817016334774276,0.1753,0.2482,0.08,0.172
NOTCH2,ENSG00000134250,1.3059,0.03663393035390258,0.04982244366396158,0.4003,0.1618,0.184,0.11
USP9X,ENSG00000124486,0.8556,0.03682971408430396,0.050078513918783825,0.558,0.3083,0.259,0.205
DELE1,ENSG00000081791,-0.8085,0.036854080340946255,0.0501014456741665,0.1274,0.2233,0.065,0.154
ALKBH3,ENSG00000166199,-2.2929,0.03686220547698701,0.050102293524785554,0.0286,0.1404,0.015,0.101
AKAP10,ENSG00000108599,1.3497,0.036906921001486785,0.05015286375766638,0.3184,0.1249,0.164,0.084
FAM3C,ENSG00000196937,-0.4398,0.03718027794382084,0.05051405133986562,0.2185,0.2964,0.114,0.207
SCIN,ENSG00000006747,-1.0243,0.037192558018615,0.05052045861426268,0.1068,0.2173,0.06,0.149
STK19,ENSG00000204344,-1.353,0.03741693372617423,0.05081490450531063,0.0645,0.1649,0.03,0.117
CHD6,ENSG00000124177,1.1668,0.03748076169584642,0.050891239554087864,0.4249,0.1892,0.199,0.128
IKZF2,ENSG00000030419,1.9803,0.03751305407356896,0.05092473336531851,0.2172,0.055,0.119,0.035
TLK2,ENSG00000146872,1.2147,0.03755706474149654,0.05097411814843637,0.4207,0.1812,0.194,0.122
MLLT1,ENSG00000130382,-0.5023,0.0376879803357907,0.05114141013058636,0.1871,0.265,0.09,0.182
DIS3,ENSG00000083520,-1.0541,0.037827589894418936,0.05132042919049849,0.1112,0.2311,0.075,0.159
LYZ,ENSG00000090382,-1.6123,0.03787191429578471,0.05137012907829937,0.0585,0.1789,0.025,0.111
ATP6V1A,ENSG00000114573,-0.1931,0.03789062689839004,0.05138507554402986,0.3505,0.4007,0.159,0.268
CTSO,ENSG00000256043,-1.8121,0.03790865387395284,0.0513886541960891,0.0464,0.1632,0.03,0.115
ZFAT,ENSG00000066827,2.7585,0.03790657346608185,0.0513886541960891,0.2092,0.0308,0.104,0.02
FXR2,ENSG00000129245,-2.3949,0.03794125961165464,0.05142241739980547,0.027,0.1422,0.015,0.101
ARHGEF2,ENSG00000116584,-0.4758,0.03802392123273918,0.051523994707540065,0.2402,0.3341,0.119,0.215
PNPLA8,ENSG00000135241,-0.5521,0.03804617568035646,0.05154369317831659,0.1914,0.2806,0.1,0.191
SAMTOR,ENSG00000164603,1.8704,0.038067745238308304,0.05155200130710891,0.2292,0.0626,0.124,0.041
PLXND1,ENSG00000004399,-0.397,0.038066353340184246,0.05155200130710891,0.2278,0.2999,0.104,0.2
ABCB8,ENSG00000197150,-2.0495,0.03827142733996189,0.051817324792946574,0.0345,0.1432,0.015,0.101
CMTR2,ENSG00000180917,-2.1708,0.038299401021265514,0.051844689789426905,0.0311,0.1403,0.015,0.101
ENDOV,ENSG00000173818,-2.5626,0.03835540053433278,0.051909973691754534,0.0246,0.1461,0.02,0.104
CLK3,ENSG00000179335,-1.3231,0.03836380646173873,0.05191083131238918,0.07,0.1752,0.035,0.122
STX4,ENSG00000103496,-0.8123,0.038424796281955054,0.05198282648717396,0.1112,0.1954,0.05,0.139
INPP5K,ENSG00000132376,-2.1887,0.03858502281231262,0.05217940258293989,0.032,0.1464,0.02,0.105
RASSF3,ENSG00000153179,1.7692,0.038585726808974416,0.05217940258293989,0.2798,0.082,0.139,0.059
PEX19,ENSG00000162735,-2.2814,0.03869568404524703,0.052317504805304636,0.0284,0.1383,0.015,0.1
MAP3K4,ENSG00000085511,1.2307,0.03891072478177789,0.05259759781774834,0.3589,0.1529,0.179,0.103
TMEM181,ENSG00000146433,1.0731,0.03892348922819569,0.05260420569711028,0.4556,0.2165,0.214,0.146
EIF3J-DT,ENSG00000179523,-2.1156,0.03905132944359753,0.05276630171025448,0.0326,0.1415,0.015,0.101
TIA1,ENSG00000116001,-0.8635,0.03916383847550408,0.052898847512005694,0.1279,0.2327,0.07,0.158
NCOA3,ENSG00000124151,1.0199,0.03916526440288488,0.052898847512005694,0.4555,0.2246,0.214,0.145
PTPN18,ENSG00000072135,-0.7915,0.039221623810534595,0.052964259084221706,0.134,0.232,0.07,0.159
CRACDL,ENSG00000196872,2.6795,0.03924518673219931,0.05298536530914881,0.1983,0.0309,0.104,0.021
ALDH5A1,ENSG00000112294,-1.9437,0.03928234057759327,0.053024808552495035,0.0392,0.1512,0.02,0.106
SREBF1,ENSG00000072310,-0.3141,0.03933025590609055,0.053078759183022586,0.285,0.3543,0.129,0.228
TCEA2,ENSG00000171703,-2.1806,0.039452054851403004,0.053232378657074884,0.0324,0.1473,0.02,0.105
IFNGR1,ENSG00000027697,-0.1924,0.03960367405294874,0.05342616420917888,0.3636,0.4155,0.164,0.273
SELENON,ENSG00000162430,-1.0784,0.03969156556918553,0.053533918908842924,0.0869,0.1836,0.045,0.131
LUCAT1,ENSG00000248323,2.4921,0.03971464646681057,0.05355315169790405,0.2036,0.0361,0.104,0.02
LGALS8,ENSG00000116977,-0.862,0.039721861582784346,0.05355315169790405,0.1074,0.1953,0.05,0.138
B4GAT1-DT,ENSG00000255468,-1.5293,0.03982299006313473,0.053678658048774336,0.0642,0.1855,0.04,0.125
TRPC4AP,ENSG00000100991,0.9587,0.03988377195109801,0.05374974028680057,0.4735,0.2436,0.229,0.164
ME1,ENSG00000065833,1.2796,0.03995768433307564,0.05383848570922174,0.3997,0.1646,0.184,0.113
TMEM108,ENSG00000144868,1.8897,0.04024501096627091,0.054214689036652566,0.2897,0.0781,0.129,0.048
TTC6,ENSG00000139865,1.6843,0.04025887579720149,0.05422243021768679,0.2159,0.0671,0.119,0.035
POU2F1,ENSG00000143190,1.3157,0.04036701426742504,0.05435711457502658,0.3511,0.141,0.169,0.092
XPO6,ENSG00000169180,1.4017,0.04043582462740007,0.054427826014994976,0.3312,0.1253,0.164,0.088
WAC-AS1,ENSG00000254635,-1.5505,0.04043582462740007,0.054427826014994976,0.055,0.1613,0.03,0.114
TMC5,ENSG00000103534,-0.2586,0.040455607681396236,0.0544434825113934,0.6001,0.7179,0.279,0.419
UTP23,ENSG00000147679,-1.4755,0.04051060367158154,0.05450651126561102,0.0609,0.1695,0.035,0.12
WASHC4,ENSG00000136051,0.9808,0.04052381213670677,0.05451330136174512,0.4432,0.2245,0.219,0.152
HIPK3,ENSG00000110422,0.7883,0.04066419368896916,0.05469112961108036,0.6395,0.3703,0.279,0.235
DYNC2I1,ENSG00000126870,0.9667,0.040763664710884356,0.05481387489510703,0.4465,0.2284,0.214,0.15
MGMT,ENSG00000170430,-0.3091,0.04079908184772869,0.05485045645349837,0.3187,0.3949,0.154,0.257
RANBP3,ENSG00000031823,-1.0984,0.04080941675717717,0.05485330942265774,0.0875,0.1874,0.045,0.13
MUCL3,ENSG00000168631,-1.7991,0.04086703759136461,0.05491970705688617,0.0519,0.1808,0.035,0.119
SLC6A20,ENSG00000163817,-1.4587,0.04093656967951634,0.055002081852643256,0.0646,0.1778,0.035,0.12
WBP1,ENSG00000239779,-1.6702,0.040964706836070015,0.05502881676550918,0.0561,0.1788,0.03,0.114
NBR1,ENSG00000188554,-0.8662,0.040975077286912624,0.05503167930812174,0.1232,0.2246,0.07,0.157
DRAM2,ENSG00000156171,-0.7412,0.04105515270275411,0.055128139304723496,0.1333,0.2229,0.07,0.157
METRN,ENSG00000103260,-1.6526,0.04108187395365577,0.055152931886727014,0.0498,0.1568,0.025,0.109
IFI16,ENSG00000163565,1.4965,0.041201557694744526,0.05530249273376179,0.3346,0.1185,0.159,0.083
TUBGCP2,ENSG00000130640,-0.5094,0.04122463626815803,0.0553223519459569,0.2025,0.2882,0.104,0.196
ARHGEF28,ENSG00000214944,1.9794,0.04123953148082655,0.055331223535644944,0.2265,0.0574,0.119,0.037
BCL10,ENSG00000142867,-2.4568,0.04146051417648602,0.055612401437745214,0.0277,0.1526,0.025,0.107
DCAF12,ENSG00000198876,-0.8697,0.041465752232365795,0.055612401437745214,0.1152,0.2106,0.06,0.146
SPRED2,ENSG00000198369,0.9661,0.04151366901818938,0.05566548792862615,0.4243,0.2171,0.209,0.138
SEC14L1,ENSG00000129657,1.6657,0.04156838133416797,0.05572766337432916,0.354,0.1115,0.154,0.079
TCF20,ENSG00000100207,1.5076,0.04163216437659739,0.05580197187864619,0.295,0.1037,0.149,0.071
TGFBR2,ENSG00000163513,-0.1988,0.04165770078446431,0.05582499669731885,0.7746,0.8891,0.338,0.513
FCHO2,ENSG00000157107,0.5273,0.04175847343492669,0.05594881526015554,0.8081,0.5607,0.358,0.345
DLST,ENSG00000119689,-1.0108,0.04179989503547777,0.05599308041354915,0.1002,0.202,0.055,0.141
CNST,ENSG00000162852,1.209,0.04201130824682865,0.056264994541922714,0.3661,0.1583,0.179,0.106
THRA,ENSG00000126351,-1.3495,0.04202947140947,0.05627803519323378,0.0717,0.1828,0.045,0.129
PRKAA1,ENSG00000132356,-0.6665,0.042061272934115816,0.056309328908991686,0.1435,0.2279,0.07,0.159
SH2D4A,ENSG00000104611,-0.685,0.0421158372057577,0.056371077494440015,0.1569,0.2523,0.085,0.172
CHMP6,ENSG00000176108,-1.6897,0.042478076567699405,0.05684453484184819,0.0526,0.1698,0.035,0.119
BSPRY,ENSG00000119411,-1.5714,0.04253386246634284,0.056907785940044836,0.0534,0.159,0.03,0.115
BCAT1,ENSG00000060982,-0.2951,0.042582056258693754,0.05696085594869128,0.3048,0.374,0.139,0.239
ALMS1,ENSG00000116127,2.0112,0.04261880632703434,0.05699859981142619,0.2553,0.0632,0.124,0.044
STRADA,ENSG00000266173,2.4861,0.042649451868692845,0.05701865866178758,0.2052,0.0365,0.104,0.022
SGTA,ENSG00000104969,-1.197,0.04265634968292833,0.05701865866178758,0.0817,0.1875,0.05,0.134
CEP290,ENSG00000198707,1.3271,0.042659415680933156,0.05701865866178758,0.348,0.1386,0.169,0.094
PELI2,ENSG00000139946,1.4329,0.04283064009565749,0.057224613962571794,0.3872,0.1434,0.164,0.09
SYTL2,ENSG00000137501,2.3491,0.042829101872426764,0.057224613962571794,0.2614,0.0512,0.114,0.034
ATG4B,ENSG00000168397,-0.8916,0.0428852772876411,0.05728615340083098,0.1145,0.2126,0.06,0.147
TMEM218,ENSG00000150433,-1.8601,0.04292224847952623,0.05732407470401034,0.0394,0.1432,0.02,0.104
SNX6,ENSG00000129515,-0.3745,0.04294459829482029,0.05734245741925324,0.2797,0.3627,0.144,0.24
PPIF,ENSG00000108179,-2.1383,0.04311446921103719,0.05755777330811861,0.0335,0.1478,0.025,0.107
EXOSC6,ENSG00000223496,-1.2979,0.04318954703511488,0.057634961967538915,0.0713,0.1754,0.04,0.123
FBXO3,ENSG00000110429,-1.5087,0.043184125351562776,0.057634961967538915,0.0588,0.1676,0.035,0.118
UBR1,ENSG00000159459,0.9842,0.043272492962966334,0.05773411516173635,0.4903,0.2478,0.224,0.159
AKIRIN2,ENSG00000135334,-0.47,0.043392886970644376,0.057883181960641863,0.1916,0.2654,0.09,0.181
NDRG1,ENSG00000104419,-0.295,0.043505769697994676,0.05802217168788068,0.3451,0.4234,0.164,0.271
DENND3,ENSG00000105339,1.0134,0.04351668183960199,0.05802513835230619,0.4601,0.2279,0.214,0.152
TMEM63A,ENSG00000196187,1.6043,0.04357205758671765,0.058075787791196806,0.2609,0.0857,0.139,0.06
TANGO6,ENSG00000103047,2.0349,0.0435681559389578,0.058075787791196806,0.2183,0.0532,0.114,0.033
GTF2I,ENSG00000263001,-0.1465,0.04359547367148173,0.05809540475894383,0.6974,0.7719,0.308,0.464
ARHGEF12,ENSG00000196914,0.5807,0.04372288690940008,0.058253573043663104,0.719,0.4807,0.328,0.299
GNL2,ENSG00000134697,-0.9166,0.04373775920382477,0.05826176580022849,0.1093,0.2064,0.06,0.145
ZNF532,ENSG00000074657,1.9951,0.04380904890977619,0.05834509225690831,0.266,0.0667,0.124,0.045
AP1G2,ENSG00000213983,-2.1345,0.04389613949676724,0.058449424979846176,0.0346,0.1521,0.02,0.103
WDR33,ENSG00000136709,-0.2454,0.043936203076697385,0.05849111029484987,0.43,0.5097,0.214,0.325
GPM6A,ENSG00000150625,1.7688,0.044133828874287136,0.05874249562601908,0.3156,0.0925,0.139,0.064
MXD4,ENSG00000123933,-0.6905,0.044162235043987016,0.05876859291866692,0.1415,0.2284,0.07,0.157
EPHB4,ENSG00000196411,-1.9975,0.04419302580795519,0.058786142077540876,0.0368,0.1471,0.02,0.103
ZBED5,ENSG00000236287,-1.1765,0.04418986694719269,0.058786142077540876,0.0882,0.1995,0.055,0.139
CREBBP,ENSG00000005339,0.8783,0.044230947005483454,0.058824869583756274,0.4801,0.2611,0.234,0.172
LRSAM1,ENSG00000148356,2.0446,0.04443365752144952,0.059082699300370564,0.2161,0.0523,0.114,0.033
KLF2,ENSG00000127528,-1.4015,0.044459051368495685,0.059104698266358016,0.0703,0.186,0.035,0.118
COL4A4,ENSG00000081052,1.2573,0.04449239937505752,0.05913726078129536,0.3674,0.1536,0.174,0.103
GRB7,ENSG00000141738,-1.2931,0.044547231202711875,0.05919835996874505,0.0819,0.2009,0.05,0.133
MOSPD3,ENSG00000106330,-1.8377,0.044566316501612996,0.05921194110090973,0.041,0.1467,0.02,0.103
PLSCR4,ENSG00000114698,2.5615,0.04459814066278592,0.05924243864096006,0.2461,0.0416,0.109,0.029
ANKRD9,ENSG00000156381,-1.7744,0.04463715138569768,0.05928246850369354,0.0443,0.1517,0.025,0.109
RC3H1,ENSG00000135870,0.9657,0.044745576899426515,0.05941465370005362,0.4572,0.2341,0.219,0.154
EPB41L5,ENSG00000115109,0.74,0.04484782729098576,0.059538588446927825,0.6011,0.3599,0.274,0.234
ZNF586,ENSG00000083828,2.6509,0.04499195026089403,0.05970618632873261,0.2276,0.0362,0.104,0.024
GTF2H3,ENSG00000111358,-1.7935,0.044983933195778085,0.05970618632873261,0.0436,0.1515,0.025,0.107
RIT1,ENSG00000143622,-1.0433,0.045049708703631244,0.059770958369398705,0.0823,0.1698,0.035,0.12
KRIT1,ENSG00000001631,-0.5788,0.04523624470222904,0.059994614449203294,0.1988,0.297,0.109,0.199
ATF6,ENSG00000118217,0.7234,0.04523060694907673,0.059994614449203294,0.6284,0.3806,0.289,0.245
ERI3,ENSG00000117419,-0.428,0.04539595810636815,0.06019448167409825,0.2245,0.3021,0.114,0.205
IL34,ENSG00000157368,-1.8565,0.045444449839450805,0.0602468202615506,0.0419,0.1519,0.02,0.103
POLR2A,ENSG00000181222,-0.5792,0.04551241160138434,0.06031297561223135,0.1717,0.2565,0.085,0.175
PLK3,ENSG00000173846,-1.4089,0.04551241160138434,0.06031297561223135,0.0664,0.1765,0.04,0.123
UBTF,ENSG00000108312,-0.8784,0.04570381030484038,0.06055460206824616,0.1089,0.2004,0.055,0.14
TNFAIP2,ENSG00000185215,2.4445,0.04573794377226554,0.060587807706259725,0.2037,0.0373,0.104,0.023
NMI,ENSG00000123609,-1.9394,0.04582255718507334,0.06068785632343939,0.0395,0.1517,0.025,0.107
RNF10,ENSG00000022840,-0.1927,0.04591301117015877,0.06079559904946282,0.3487,0.3986,0.159,0.266
AGPS,ENSG00000018510,1.5454,0.04593911590762552,0.06081810805689412,0.3048,0.1044,0.149,0.073
DPH5,ENSG00000117543,-1.3874,0.045959518931522204,0.06083306122545319,0.0665,0.174,0.04,0.123
ACAD8,ENSG00000151498,-1.6723,0.04606982719472503,0.06095490804943908,0.0545,0.174,0.04,0.121
LAMB3,ENSG00000196878,-0.5888,0.04606083077798621,0.06095490804943908,0.1876,0.2821,0.095,0.184
ARL14EP,ENSG00000152219,-1.4257,0.04626237716219581,0.06119754744826814,0.0561,0.1509,0.025,0.108
CADPS2,ENSG00000081803,0.6608,0.04634945098853168,0.061288454395645044,0.6609,0.418,0.294,0.25
IFI35,ENSG00000068079,-1.5935,0.046347806809925396,0.061288454395645044,0.0472,0.1428,0.02,0.103
TAF4,ENSG00000130699,2.1511,0.04638152228761318,0.06131872275514022,0.254,0.0571,0.119,0.041
CPSF7,ENSG00000149532,-1.0543,0.04646796096496297,0.06142084133880619,0.093,0.1932,0.05,0.134
YTHDF1,ENSG00000149658,-1.1283,0.04650257438494715,0.061454431008520376,0.0753,0.1648,0.035,0.119
KDM7A,ENSG00000006459,1.3337,0.04651411701342162,0.06145752473444965,0.3647,0.1446,0.169,0.097
LRRCC1,ENSG00000133739,-2.0453,0.04657434265530082,0.06152492772839283,0.0343,0.1417,0.02,0.102
RSU1,ENSG00000148484,-0.3241,0.046692509136012535,0.061668829052684934,0.2875,0.36,0.144,0.239
CDC34,ENSG00000099804,-1.6133,0.04672560782007065,0.06170034294785526,0.0547,0.1674,0.035,0.117
AHDC1,ENSG00000126705,2.1882,0.046783578027258334,0.06176468030125685,0.2161,0.0473,0.114,0.035
DNAJA3,ENSG00000103423,-1.6467,0.04681838919229485,0.06179606057829989,0.0499,0.1565,0.03,0.112
ZNF431,ENSG00000196705,1.7207,0.0468258515626255,0.06179606057829989,0.3006,0.0911,0.139,0.063
CIAO1,ENSG00000144021,-0.769,0.047032707700938745,0.062032277791186786,0.1297,0.2211,0.07,0.154
HACE1,ENSG00000085382,2.3619,0.047031043148414865,0.062032277791186786,0.1863,0.0362,0.104,0.024
HDAC1,ENSG00000116478,-0.7077,0.0470144003486904,0.062032277791186786,0.1328,0.2169,0.065,0.153
CYP7B1,ENSG00000172817,2.6413,0.047249521929146304,0.062305934247733105,0.2305,0.0369,0.104,0.025
PTEN,ENSG00000171862,0.7876,0.04727375707970219,0.062325586959204676,0.5948,0.3445,0.269,0.224
WASF3,ENSG00000132970,2.0128,0.04730803840571453,0.06235847414876008,0.2731,0.0676,0.124,0.047
TBC1D9B,ENSG00000197226,-1.3075,0.047325605228436124,0.06236932070258975,0.07,0.1735,0.04,0.123
ARMCX4,ENSG00000196440,1.6691,0.047371639572698306,0.06241767226396764,0.2606,0.0819,0.129,0.05
CCDC80,ENSG00000091986,2.2516,0.04742944499573757,0.06248151146479906,0.2965,0.0622,0.119,0.042
PI4KB,ENSG00000143393,-1.0465,0.04746046652854917,0.06251004850013409,0.0994,0.2055,0.06,0.143
MON1B,ENSG00000103111,-1.3785,0.0476730442130858,0.06276527938087918,0.0608,0.1583,0.03,0.112
RNF217,ENSG00000146373,1.4012,0.047665468454453595,0.06276527938087918,0.3383,0.128,0.159,0.085
SPATA6L,ENSG00000106686,1.3182,0.04769072491942684,0.06277618284131885,0.2979,0.1194,0.149,0.072
EFNB2,ENSG00000125266,-1.1264,0.047746328741982605,0.06283699106752745,0.092,0.2009,0.055,0.137
MAP2K7,ENSG00000076984,-1.0539,0.04780451826460787,0.06289877881044806,0.0911,0.1893,0.05,0.134
DGCR2,ENSG00000070413,-0.7438,0.04781211259479635,0.06289877881044806,0.1512,0.2532,0.085,0.169
CPQ,ENSG00000104324,1.2967,0.04798029092984014,0.06310759415525842,0.3488,0.1419,0.169,0.096
ASXL2,ENSG00000143970,1.3621,0.0480344839664228,0.06316643402475643,0.37,0.1439,0.169,0.099
EIF2B4,ENSG00000115211,-1.7992,0.04823561564066365,0.06341844032755758,0.0431,0.1502,0.025,0.107
NAA35,ENSG00000135040,1.3194,0.048734252679731874,0.06405332229002615,0.3271,0.131,0.164,0.091
MPHOSPH9,ENSG00000051825,1.9378,0.048737682868380434,0.06405332229002615,0.2634,0.0687,0.124,0.047
RSAD1,ENSG00000136444,-1.2844,0.04881319831834023,0.06413994719028022,0.0683,0.1666,0.035,0.117
TMEM175,ENSG00000127419,-1.8912,0.04909207959857746,0.06449370567248208,0.0413,0.1534,0.025,0.106
CCDC93,ENSG00000125633,1.4646,0.049206080639641506,0.06463075960514565,0.3172,0.1149,0.154,0.08
API5,ENSG00000166181,-0.718,0.04945558141871352,0.06494569962555793,0.1486,0.2444,0.085,0.17
RNF40,ENSG00000103549,-1.4778,0.04947121039218489,0.06495345276379062,0.0581,0.162,0.035,0.116
PDCD7,ENSG00000090470,-1.328,0.04953724507720184,0.06502737025759259,0.0725,0.1821,0.05,0.131
FAHD2A,ENSG00000115042,-1.5505,0.049759349278586676,0.06530609035796431,0.053,0.1554,0.03,0.111
TRPM7,ENSG00000092439,0.8718,0.04977069457424322,0.06530814716333408,0.4741,0.259,0.229,0.166
PAK1IP1,ENSG00000111845,-2.4679,0.04983793811791105,0.06538353735799016,0.0252,0.1401,0.02,0.1
CSGALNACT2,ENSG00000169826,1.5833,0.04986240919601898,0.06540279478008854,0.319,0.1064,0.149,0.075
C1QA,ENSG00000173372,-1.3283,0.049975281122049145,0.0655379742026637,0.0728,0.1829,0.03,0.112
TOR3A,ENSG00000186283,-2.0301,0.049987543663992044,0.06554118651978855,0.0371,0.1517,0.03,0.109
CDK10,ENSG00000185324,-0.7746,0.05012084228286401,0.06569477265355507,0.134,0.2292,0.07,0.155
AKT2,ENSG00000105221,-0.4948,0.050124354161179316,0.06569477265355507,0.1595,0.2248,0.07,0.156
PLPP1,ENSG00000067113,1.1647,0.05015421345588892,0.06572101072628646,0.3962,0.1767,0.184,0.117
ELP6,ENSG00000163832,-1.5923,0.05033280143335712,0.06594209116778976,0.0516,0.1557,0.03,0.11
NAGK,ENSG00000124357,-1.4517,0.05054197469133931,0.06620314747273098,0.0624,0.1708,0.04,0.12
EXOSC3,ENSG00000107371,-1.6605,0.05061274591577044,0.06628284901400604,0.0482,0.1526,0.03,0.111
SPG11,ENSG00000104133,1.0135,0.05074123037409429,0.06643808619262415,0.3992,0.1977,0.199,0.131
CELSR1,ENSG00000075275,1.1496,0.050765185215869965,0.06645642337451892,0.3939,0.1775,0.184,0.118
ARFRP1,ENSG00000101246,-1.8754,0.0509340243451797,0.06666438342180192,0.0436,0.1604,0.035,0.113
DUSP22,ENSG00000112679,-0.5209,0.050976752774946336,0.06670723585107104,0.1835,0.2633,0.095,0.183
LHFPL6,ENSG00000183722,1.1659,0.051108687778874166,0.06686678269835467,0.4229,0.1884,0.184,0.116
MBD6,ENSG00000166987,-2.0312,0.051137251828350314,0.06689105071710767,0.0347,0.1422,0.02,0.1
MFSD1,ENSG00000118855,-0.3839,0.05120425119994263,0.06696557543849949,0.2155,0.2813,0.1,0.189
METTL17,ENSG00000165792,-1.0416,0.05129817377785137,0.06707527460107074,0.0903,0.1859,0.045,0.128
RHOBTB3,ENSG00000164292,0.9713,0.05131339384773128,0.06708204296515898,0.466,0.2376,0.219,0.159
UBAP1,ENSG00000165006,0.8105,0.05138686140681553,0.06716494077027807,0.5415,0.3087,0.249,0.199
MRPS31,ENSG00000102738,-0.8931,0.05142901054365136,0.0672068795580214,0.1137,0.2113,0.06,0.143
RGS12,ENSG00000159788,2.2357,0.05206291516144476,0.06802195038405508,0.2128,0.0451,0.109,0.032
OTULIN,ENSG00000154124,1.5907,0.052122762404464174,0.06808682380195898,0.2801,0.0929,0.139,0.064
ATP2C2,ENSG00000064270,-0.4854,0.05215089232696091,0.06809693252234054,0.2396,0.3354,0.129,0.219
SMG1,ENSG00000157106,0.7564,0.05214181677145222,0.06809693252234054,0.5726,0.3389,0.269,0.221
SMAP1,ENSG00000112305,-0.2511,0.052209915646106844,0.06816067759975519,0.3796,0.4518,0.189,0.294
SNX24,ENSG00000064652,0.9717,0.05232995031756346,0.06830403325601062,0.4216,0.2149,0.209,0.147
RAB4B,ENSG00000167578,-1.1197,0.052359084358453094,0.06832870739158034,0.0788,0.1715,0.04,0.121
ATP2C1,ENSG00000017260,-0.1134,0.05271249925630442,0.0687764763689895,0.5727,0.6196,0.249,0.384
GANC,ENSG00000214013,-0.3934,0.052879392780637545,0.06898075476208558,0.2925,0.3843,0.149,0.242
PLAGL1,ENSG00000118495,-0.3914,0.05291980688028905,0.06901999417173416,0.256,0.3358,0.129,0.218
CLIP1,ENSG00000130779,0.661,0.05299151348998993,0.06910002315494783,0.6864,0.434,0.303,0.279
NCLN,ENSG00000125912,-1.1922,0.053009912871981445,0.06911052275462894,0.0782,0.1788,0.045,0.125
WDR11,ENSG00000120008,1.2028,0.05304304521124383,0.06914022228062013,0.3595,0.1561,0.174,0.103
RAB3GAP1,ENSG00000115839,0.8281,0.053165600875266214,0.06928644843822498,0.4553,0.2564,0.229,0.167
CCDC92,ENSG00000119242,-0.5449,0.05319050946088482,0.0693053867907237,0.1858,0.2712,0.095,0.182
ARMC6,ENSG00000105676,-1.7434,0.05329208967117625,0.069424198734891,0.0421,0.1413,0.02,0.1
ATXN7,ENSG00000163635,1.0043,0.053479049882497076,0.06965416812893876,0.3991,0.1989,0.199,0.131
DCAF13,ENSG00000164934,-1.6979,0.053617306940506475,0.06982062644875078,0.0473,0.1536,0.03,0.109
GLYR1,ENSG00000140632,-0.5424,0.053638675201520554,0.06983483658303231,0.1877,0.2734,0.1,0.185
ACSS3,ENSG00000111058,-0.6414,0.053655403147945445,0.06984300090140862,0.1829,0.2854,0.095,0.181
SENP6,ENSG00000112701,0.5201,0.05386766775237456,0.07010564164421466,0.7757,0.5409,0.348,0.336
CIITA,ENSG00000179583,2.0945,0.05402452141262991,0.07029607997563904,0.2127,0.0497,0.109,0.032
SHC1,ENSG00000160691,-1.0806,0.05404976555682767,0.07031522870160732,0.0934,0.1976,0.06,0.14
PHC2,ENSG00000134686,-0.3414,0.054136792976101605,0.07041473033834131,0.2505,0.3173,0.124,0.214
SPPL2A,ENSG00000138600,-0.2487,0.05422487497324349,0.07051556463128764,0.3346,0.3976,0.164,0.264
ENSG00000259925,ENSG00000259925,2.1887,0.054290545606358744,0.07058722096649211,0.2001,0.0438,0.104,0.026
KIAA2013,ENSG00000116685,-1.7649,0.05452562552927805,0.07087906829701208,0.0466,0.1587,0.035,0.113
SLC23A2,ENSG00000089057,2.0649,0.054536930688930924,0.07087996887942588,0.228,0.0544,0.114,0.037
DDX17,ENSG00000100201,-0.2547,0.05461423495377063,0.07096662942728288,1.0401,1.2409,0.433,0.666
TRIP10,ENSG00000125733,-0.9845,0.05475020995638182,0.0711294791477678,0.1037,0.2053,0.06,0.141
PEX14,ENSG00000142655,1.4528,0.054861844277644824,0.07126064915021194,0.2836,0.1035,0.144,0.07
PWWP2A,ENSG00000170234,-0.6599,0.05488173128394649,0.07127261972496181,0.1526,0.2411,0.08,0.164
ZMYM6,ENSG00000163867,1.6622,0.05496228772470192,0.0713633591977613,0.2132,0.0673,0.124,0.048
ZNF219,ENSG00000165804,-1.419,0.05502395620787294,0.07142954392854875,0.0585,0.1566,0.03,0.11
DHTKD1,ENSG00000181192,-1.5933,0.055287405910266034,0.07174365340483133,0.053,0.16,0.035,0.113
SLC12A6,ENSG00000140199,1.4336,0.05528454704299931,0.07174365340483133,0.2944,0.1089,0.149,0.076
CHD1,ENSG00000153922,0.7748,0.05542859641940867,0.07191289733590336,0.6487,0.3791,0.284,0.245
SEC23IP,ENSG00000107651,-0.9103,0.05552512179409402,0.07202413836915013,0.1162,0.2185,0.07,0.15
NCOA6,ENSG00000198646,1.08,0.05559401744138744,0.07209950339631588,0.3329,0.1574,0.179,0.108
NOL10,ENSG00000115761,1.4066,0.055614125416675875,0.07211157904445316,0.3058,0.1153,0.154,0.082
ABCC9,ENSG00000069431,-1.3078,0.05570037109986929,0.07220939025155804,0.0768,0.1902,0.04,0.121
ABCD3,ENSG00000117528,-0.232,0.05583090929371023,0.07236457270962364,0.3258,0.3827,0.154,0.25
LRP11,ENSG00000120256,-1.2343,0.05601852257863038,0.07259365780028566,0.0735,0.173,0.04,0.12
SPSB1,ENSG00000171621,1.4859,0.056146785402743385,0.0727457574597329,0.2972,0.106,0.144,0.072
ZBTB38,ENSG00000177311,-0.327,0.056164163053968395,0.0727541592392271,0.3291,0.4128,0.174,0.267
NKIRAS2,ENSG00000168256,-1.5252,0.05638273048738816,0.07302312525213603,0.0492,0.1417,0.025,0.104
GDI1,ENSG00000203879,-1.1844,0.05640307575613527,0.07303531271330506,0.0813,0.1849,0.05,0.129
SMAD2,ENSG00000175387,-0.2093,0.05647869741055372,0.07311905795795469,0.4012,0.4639,0.189,0.297
NEDD9,ENSG00000111859,0.4611,0.05666325723219669,0.07334377811120962,0.8574,0.6228,0.358,0.367
ITSN2,ENSG00000198399,0.3986,0.056757673238233844,0.07345175345052583,0.8957,0.6794,0.393,0.411
REEP4,ENSG00000168476,-1.8,0.056802493580115784,0.07349551619945628,0.0421,0.147,0.025,0.103
MYO10,ENSG00000145555,1.0412,0.056857097221069686,0.07355191794296426,0.4604,0.2237,0.209,0.148
INTS1,ENSG00000164880,-0.9921,0.05699672970151368,0.0737182722068958,0.0868,0.1728,0.04,0.12
METTL25B,ENSG00000143303,-1.3584,0.05700943769728504,0.0737204326002259,0.063,0.1617,0.035,0.114
NECAP1,ENSG00000089818,-1.794,0.05704072896005805,0.07374661802637006,0.0436,0.1514,0.03,0.108
ADGRA3,ENSG00000152990,1.6352,0.05707986312922696,0.07378293126381011,0.2758,0.0887,0.134,0.06
SMARCD1,ENSG00000066117,-1.8826,0.05710335434931016,0.07379901387365374,0.0411,0.1518,0.03,0.108
USP38,ENSG00000170185,-1.1146,0.057142524253478696,0.07383534909827515,0.0822,0.1782,0.045,0.124
MPRIP,ENSG00000133030,0.7181,0.05718759726953405,0.07387929635652184,0.6272,0.3812,0.284,0.248
TGM2,ENSG00000198959,1.7824,0.05742619135315018,0.07417318353271903,0.3019,0.0877,0.129,0.056
ALDH7A1,ENSG00000164904,-0.8367,0.0574429140543038,0.07418043754228444,0.1164,0.2079,0.065,0.146
PPP1R13B,ENSG00000088808,0.8106,0.05746948196106833,0.07420040015812399,0.5044,0.2875,0.239,0.183
FAM83H,ENSG00000180921,-1.3762,0.057509845356627065,0.07423816334304448,0.0681,0.1769,0.045,0.123
TRAPPC8,ENSG00000153339,1.2101,0.057710040810663964,0.07446780575240043,0.3348,0.1447,0.169,0.099
SART1,ENSG00000175467,-1.7118,0.057703127887979495,0.07446780575240043,0.0442,0.145,0.025,0.104
FUT8,ENSG00000033170,1.1678,0.057799971471227556,0.07455504238245053,0.3984,0.1773,0.179,0.11
MCTP1,ENSG00000175471,1.1671,0.05778909454654662,0.07455504238245053,0.4546,0.2024,0.189,0.126
POLDIP3,ENSG00000100227,-1.8148,0.057821730425594936,0.07456870776453922,0.0432,0.1524,0.03,0.108
BACE2,ENSG00000182240,1.1909,0.057839538270140205,0.07457727337958811,0.4058,0.1777,0.184,0.12
SENP5,ENSG00000119231,1.1121,0.05796630333806465,0.07472629608085964,0.3412,0.1578,0.174,0.104
MBOAT2,ENSG00000143797,1.8331,0.058079397785074725,0.07485764141383908,0.2581,0.0724,0.124,0.05
DNAJC2,ENSG00000105821,-0.9215,0.05816781821219553,0.07495714023524097,0.1119,0.212,0.07,0.148
ZNF639,ENSG00000121864,-1.5747,0.058320083262962084,0.07513885727494672,0.0495,0.1476,0.025,0.104
SLC35F6,ENSG00000213699,-2.0229,0.05839185189544171,0.07521681365663552,0.0341,0.1389,0.025,0.102
CNOT1,ENSG00000125107,-0.4123,0.05843574660899929,0.07525884141949601,0.2402,0.3197,0.124,0.212
PHKG2,ENSG00000156873,-1.0375,0.058572594346348254,0.07540600571304162,0.0851,0.1748,0.04,0.121
LIFR,ENSG00000113594,-0.1143,0.05857159449429326,0.07540600571304162,0.3318,0.3592,0.129,0.23
C2orf68,ENSG00000168887,-1.3673,0.058701694172347205,0.07555764412740547,0.0664,0.1716,0.04,0.118
TAB2,ENSG00000055208,1.0826,0.05871972687298006,0.0755662920586963,0.414,0.1954,0.194,0.132
RAB29,ENSG00000117280,-1.6043,0.05895054989043278,0.07584872331308044,0.0465,0.1415,0.025,0.103
LPGAT1,ENSG00000123684,1.3818,0.05953799889721688,0.0765898102146594,0.2865,0.1099,0.149,0.077
GALNT2,ENSG00000143641,0.7327,0.05961506775312013,0.07667418400213545,0.6168,0.3711,0.279,0.239
PHTF2,ENSG00000006576,1.8755,0.05980199829590469,0.07689979719259672,0.2353,0.064,0.119,0.045
INPP5A,ENSG00000068383,1.657,0.0598854607681207,0.07699229883932207,0.2534,0.0803,0.129,0.055
B4GALT5,ENSG00000158470,0.8053,0.059984315472752806,0.07710455023912932,0.5931,0.3393,0.259,0.217
RBM12,ENSG00000244462,-1.5291,0.06009351831149593,0.07723005749518594,0.0498,0.1438,0.025,0.103
SMARCC1,ENSG00000173473,0.8207,0.060260190829229135,0.07742936024402104,0.4929,0.279,0.239,0.185
UAP1,ENSG00000117143,-0.4808,0.060277595900243196,0.07743682689319567,0.1631,0.2277,0.075,0.158
NPC1,ENSG00000141458,-0.16,0.060339058877230185,0.0775008796617347,0.5216,0.5828,0.234,0.353
PPIL3,ENSG00000240344,-1.3425,0.060440586364017244,0.07761635768607406,0.0599,0.1521,0.03,0.108
PIK3CA,ENSG00000121879,1.2718,0.060519650045322226,0.0777029493757607,0.3765,0.1559,0.174,0.108
INTS3,ENSG00000143624,-0.745,0.060550477272281404,0.07772758748828897,0.1432,0.2401,0.08,0.161
INTS10,ENSG00000104613,-0.4281,0.060601884902902026,0.07777862975912425,0.2267,0.305,0.119,0.208
SARNP,ENSG00000205323,1.3669,0.060634804764512266,0.07780592911088903,0.3169,0.1228,0.154,0.084
TFCP2,ENSG00000135457,1.5276,0.06064715353256763,0.07780682643949659,0.2653,0.092,0.134,0.061
SATB1,ENSG00000182568,-1.1104,0.06093898330252754,0.07816621269014432,0.0788,0.1703,0.04,0.119
MORC3,ENSG00000159256,1.3399,0.06095655068915062,0.07817373311306393,0.3534,0.1396,0.164,0.097
TP53I13,ENSG00000167543,-1.1729,0.06112209644295322,0.07837098908475418,0.0775,0.1748,0.045,0.122
OSER1,ENSG00000132823,-1.217,0.061194639716339476,0.07844894408165669,0.0677,0.1575,0.035,0.113
AGRN,ENSG00000188157,-0.9146,0.06152925779615967,0.07886277352150267,0.1145,0.2159,0.065,0.145
TMEM65,ENSG00000164983,1.8955,0.06168356478267365,0.07903021852742707,0.2159,0.058,0.114,0.039
NCK2,ENSG00000071051,1.6003,0.06167939011568866,0.07903021852742707,0.2655,0.0875,0.134,0.061
SLC19A1,ENSG00000173638,1.6863,0.06171488224095411,0.07905517807582135,0.2534,0.0787,0.124,0.051
FAM111A,ENSG00000166801,-0.5385,0.06176188310510093,0.07910021423949551,0.1526,0.2217,0.07,0.152
CDKN1A,ENSG00000124762,-0.3549,0.06193761484880837,0.0793100708541394,0.2518,0.322,0.109,0.197
ABHD13,ENSG00000139826,-1.2032,0.06199104378674031,0.0793632703568408,0.0704,0.1623,0.035,0.113
ASB8,ENSG00000177981,-1.7025,0.062066537799482006,0.0794446925953891,0.0429,0.1399,0.025,0.102
MBTPS1,ENSG00000140943,-0.2939,0.06210011510438474,0.07947244084732433,0.2755,0.3377,0.134,0.226
ZBTB18,ENSG00000179456,-1.4543,0.062129507574112994,0.07949482396312274,0.0534,0.1464,0.025,0.103
N4BP1,ENSG00000102921,0.9774,0.06221775405277989,0.07959248789858589,0.3999,0.203,0.199,0.138
CFDP1,ENSG00000153774,-0.1793,0.062230369153559936,0.07959338099897104,0.4286,0.4854,0.204,0.306
FILIP1,ENSG00000118407,-0.2385,0.062449367328208306,0.07984918948048579,0.4288,0.5059,0.204,0.313
SIAH2,ENSG00000181788,-1.2697,0.06246623971186379,0.07984918948048579,0.0654,0.1578,0.035,0.113
GATC,ENSG00000257218,-2.0829,0.06245780304880199,0.07984918948048579,0.0333,0.1415,0.025,0.101
RIC8A,ENSG00000177963,-0.8129,0.06253587815294415,0.07992291048287677,0.1069,0.1878,0.055,0.134
FNTA,ENSG00000168522,-0.6284,0.06259712856334643,0.0799858851491469,0.1596,0.2468,0.09,0.171
HUWE1,ENSG00000086758,0.7439,0.06274517880817539,0.08015972633125544,0.5662,0.338,0.264,0.221
WWP1,ENSG00000123124,0.9134,0.06277694149998246,0.08018496696851843,0.4848,0.2573,0.224,0.17
HSF1,ENSG00000185122,-0.4977,0.06294126059760252,0.08037947983391724,0.187,0.2641,0.1,0.183
CXXC5,ENSG00000171604,-1.4754,0.06295718129812368,0.08038444157716843,0.0559,0.1557,0.035,0.111
NR4A2,ENSG00000153234,-0.849,0.06322088641932232,0.08070571490723505,0.1337,0.2409,0.075,0.153
CIZ1,ENSG00000148337,-1.3074,0.06325711059316942,0.08073652620901559,0.0663,0.1642,0.04,0.116
GMCL1,ENSG00000087338,-0.6737,0.06330827980299623,0.08078639679102252,0.1393,0.2223,0.075,0.155
ITGB5,ENSG00000082781,2.1926,0.0633637517075038,0.08084173785184678,0.2171,0.0474,0.109,0.035
GART,ENSG00000159131,-1.442,0.0634043142629165,0.08087803952674166,0.058,0.1579,0.035,0.111
LUZP1,ENSG00000169641,1.8498,0.06345130823454215,0.0809225296350023,0.2538,0.0703,0.124,0.052
TXNDC11,ENSG00000153066,-0.2794,0.06354217354217755,0.08102294331580828,0.3309,0.4017,0.169,0.263
SLC35A3,ENSG00000117620,1.2198,0.06362029659135575,0.08110707404727334,0.3376,0.1449,0.169,0.103
CDK9,ENSG00000136807,-1.1797,0.06364064299616523,0.0811175294983564,0.0733,0.1662,0.04,0.118
TAOK2,ENSG00000149930,-0.8627,0.06366956555472396,0.08113891019652764,0.1121,0.2039,0.06,0.14
RAB21,ENSG00000080371,-0.2219,0.06370600199899829,0.08116985641955543,0.3283,0.3829,0.159,0.253
CNOT11,ENSG00000158435,-1.1599,0.06376283433559711,0.0812267729405785,0.0739,0.1653,0.04,0.118
IL1RAP,ENSG00000196083,1.7964,0.06400995062740543,0.08152602216636934,0.2406,0.0692,0.119,0.046
CUL4A,ENSG00000139842,0.8796,0.06410039872619716,0.08162565549900301,0.4694,0.2551,0.229,0.172
PRDM5,ENSG00000138738,1.3584,0.06412410494459607,0.08164027772111268,0.263,0.1025,0.139,0.067
GULP1,ENSG00000144366,0.9842,0.06445783508563084,0.08204952935714283,0.4209,0.2127,0.199,0.138
NADK,ENSG00000008130,-0.461,0.06470825802699069,0.08235260201262783,0.1672,0.2302,0.08,0.161
SSBP3,ENSG00000157216,1.3642,0.06475713502610919,0.08238341044559683,0.3436,0.1334,0.159,0.093
PEX13,ENSG00000162928,-0.5943,0.06475713502610919,0.08238341044559683,0.1645,0.2484,0.09,0.171
ERRFI1,ENSG00000116285,-0.1402,0.0650161469114803,0.08269717105727993,0.6407,0.7062,0.274,0.403
SKA2,ENSG00000182628,-1.0756,0.06527601278624551,0.08301189821007877,0.0821,0.1731,0.045,0.122
TPRA1,ENSG00000163870,-0.93,0.06536574456919869,0.08311018617507673,0.0915,0.1744,0.045,0.123
TENT5B,ENSG00000158246,-1.6537,0.06555429291133497,0.0833340545022471,0.0459,0.1446,0.025,0.102
NCBP3,ENSG00000074356,-0.4691,0.06570149576944205,0.08350528834331179,0.1646,0.2279,0.075,0.156
CD38,ENSG00000004468,-0.6701,0.06598568355624826,0.08385052900916708,0.1729,0.2752,0.09,0.169
ZNRF3,ENSG00000183579,-0.7244,0.06620225459700413,0.08410973149198984,0.1378,0.2277,0.07,0.149
GARRE1,ENSG00000166398,1.5212,0.06667943706163587,0.08469987830632673,0.2847,0.0991,0.139,0.07
SH3GLB2,ENSG00000148341,-0.6879,0.06674513136956767,0.0847672052514437,0.1252,0.2018,0.06,0.14
SYBU,ENSG00000147642,-0.6734,0.06715497005472153,0.08527149144400857,0.1492,0.2379,0.075,0.156
SPIN1,ENSG00000106723,1.08,0.06734888088734807,0.08550145893301611,0.3935,0.1861,0.189,0.127
MIB2,ENSG00000197530,-1.3739,0.0674937730537056,0.0856528425281588,0.0619,0.1607,0.035,0.111
MAN2A1,ENSG00000112893,1.3475,0.0674937730537056,0.0856528425281588,0.3679,0.1445,0.164,0.099
NSUN5,ENSG00000130305,-1.6724,0.06775161647292166,0.08596372462436243,0.0463,0.1477,0.03,0.105
AP1S2,ENSG00000182287,-0.6411,0.06789044293765054,0.0861235077645903,0.1479,0.2307,0.075,0.154
TBPL1,ENSG00000028839,-1.6041,0.0679107786164904,0.08613294538160642,0.0489,0.1489,0.03,0.105
PDE4C,ENSG00000105650,-1.4296,0.06824817572289776,0.08654444003289048,0.0629,0.1697,0.035,0.111
TIAL1,ENSG00000151923,-0.2908,0.06892138606947117,0.08738153712186748,0.2903,0.3552,0.149,0.241
ALG13,ENSG00000101901,-0.2332,0.06923419857474485,0.08775064177672247,0.2903,0.3413,0.134,0.226
ZYX,ENSG00000159840,-0.9255,0.06923879056195949,0.08775064177672247,0.1062,0.2019,0.06,0.135
MAPK8IP3,ENSG00000138834,1.3207,0.06978240397025044,0.08838928050773805,0.2641,0.1057,0.139,0.068
SPIRE1,ENSG00000134278,0.6744,0.06977778239954062,0.08838928050773805,0.6772,0.4243,0.289,0.258
NKTR,ENSG00000114857,0.4661,0.06975814352706816,0.08838928050773805,0.8447,0.6115,0.368,0.37
HECW2,ENSG00000138411,2.1041,0.06982632142558136,0.08842813818761051,0.2397,0.0557,0.104,0.032
MFSD6,ENSG00000151690,1.7011,0.0702562876534205,0.08895578108762,0.2227,0.0684,0.119,0.047
RASSF8,ENSG00000123094,1.0517,0.07082398570499154,0.08965758160038638,0.4148,0.2001,0.189,0.131
MAN2C1,ENSG00000140400,-0.8669,0.07118378616401397,0.090095984041965,0.117,0.2135,0.07,0.145
OPA1,ENSG00000198836,1.2284,0.07127308828820726,0.0901919205526594,0.309,0.1318,0.159,0.092
SLC25A46,ENSG00000164209,-0.7309,0.07128837284486042,0.09019417356143639,0.1218,0.2023,0.065,0.141
NQO1,ENSG00000181019,-1.6638,0.07152621674070127,0.09047795485059541,0.0515,0.1634,0.035,0.108
CFAP44,ENSG00000206530,1.636,0.07158518928319114,0.0905354060258348,0.2145,0.0689,0.114,0.042
NELFB,ENSG00000188986,-1.0998,0.07170325389329872,0.09066755637132566,0.0787,0.1689,0.045,0.12
PHKB,ENSG00000102893,0.7633,0.07171979566268365,0.09067130706626236,0.564,0.3322,0.259,0.219
PECR,ENSG00000115425,-1.3684,0.07223414325069799,0.09130428515734518,0.0539,0.1394,0.025,0.1
CSTF3,ENSG00000176102,1.0693,0.0723947507218441,0.09148997919984803,0.357,0.1701,0.179,0.116
PITPNM2,ENSG00000090975,1.2661,0.07268577557580479,0.09182301779285042,0.2652,0.1102,0.139,0.069
RAP2B,ENSG00000181467,-1.4567,0.07268219159566107,0.09182301779285042,0.0522,0.1433,0.03,0.104
FBXO31,ENSG00000103264,1.79,0.07315052427651035,0.09239265348767259,0.1841,0.0532,0.109,0.037
HSPH1,ENSG00000120694,0.7523,0.07319016379798497,0.09242524182392543,0.8722,0.5177,0.313,0.321
HEATR5A,ENSG00000129493,1.244,0.0732165999070506,0.09244114759531019,0.3026,0.1277,0.154,0.086
TRIM4,ENSG00000146833,-0.8836,0.07326709053388679,0.09248663084569388,0.1007,0.1858,0.055,0.13
SLC4A7,ENSG00000033867,1.6317,0.07328031897520766,0.09248663084569388,0.2767,0.0892,0.129,0.06
HSPA1A,ENSG00000204389,-0.1032,0.07331520332224968,0.0925131764574543,0.6014,0.646,0.234,0.355
WSB1,ENSG00000109046,-0.3566,0.07367687357688181,0.09295199067245817,1.2645,1.6191,0.507,0.79
SLTM,ENSG00000137776,-0.1958,0.07393696697668488,0.09326251226388636,0.5146,0.5894,0.249,0.369
CARD8,ENSG00000105483,1.5544,0.07415893969954786,0.0935248410599094,0.2752,0.0936,0.134,0.066
APAF1,ENSG00000120868,1.8061,0.07441798698727224,0.09383381821559209,0.2459,0.0703,0.119,0.049
AGPAT3,ENSG00000160216,0.9812,0.07451059579033592,0.09393285565942877,0.4475,0.2266,0.209,0.154
GALNT12,ENSG00000119514,-1.3827,0.07518728533894739,0.09476804657083028,0.0594,0.155,0.035,0.109
GPATCH2L,ENSG00000089916,1.2857,0.07525854801421751,0.09483997022395448,0.3343,0.137,0.159,0.094
ABO,ENSG00000175164,-0.5753,0.07566258908854782,0.09531317097744453,0.1545,0.2302,0.075,0.153
SLC19A2,ENSG00000117479,-0.5446,0.07565271340858125,0.09531317097744453,0.1574,0.2297,0.075,0.153
ATF7IP,ENSG00000171681,1.0213,0.07573051287176781,0.09538074589299211,0.4408,0.2171,0.199,0.142
FBXO38,ENSG00000145868,-0.5813,0.07595315686578534,0.09564312494467954,0.1582,0.2368,0.08,0.157
PRP4K,ENSG00000112739,-0.1268,0.07599155496136749,0.09567343931893939,0.4904,0.5354,0.229,0.335
ZNF800,ENSG00000048405,-0.6853,0.07637640760233166,0.09613984665962556,0.1319,0.2121,0.07,0.148
RAB22A,ENSG00000124209,-0.3771,0.07654574707127541,0.09633484919710732,0.2024,0.2629,0.1,0.182
NME7,ENSG00000143156,1.2363,0.07662803678391314,0.09642024447621625,0.2683,0.1138,0.144,0.076
SLC25A24,ENSG00000085491,-0.3605,0.07669791490739439,0.09648999315624168,0.2517,0.3232,0.134,0.216
MPZL1,ENSG00000197965,-0.2543,0.0768790907643044,0.0966997075734066,0.2942,0.3509,0.149,0.237
UBE3A,ENSG00000114062,-0.1896,0.0770643746814288,0.09691450922561907,0.4168,0.4753,0.209,0.306
ACOT8,ENSG00000101473,-1.1348,0.07721110655421067,0.0970807569042871,0.0752,0.1653,0.04,0.113
MACC1,ENSG00000183742,0.8807,0.07729021026941738,0.09716192629200804,0.4478,0.2432,0.209,0.156
TSGA10,ENSG00000135951,1.4783,0.07734172592607991,0.09720839056460062,0.2252,0.0808,0.124,0.055
GBF1,ENSG00000107862,0.9257,0.07788117115084911,0.09786798534647623,0.3859,0.2031,0.194,0.132
IRF3,ENSG00000126456,-0.6447,0.07803043431023031,0.09803710887096091,0.1546,0.2417,0.09,0.165
GCA,ENSG00000115271,-0.8297,0.07805195750713828,0.09804570701338661,0.1256,0.2234,0.08,0.153
ZNF780B,ENSG00000128000,1.8448,0.07824842144679142,0.09827401407354643,0.1814,0.0504,0.104,0.033
CLDN12,ENSG00000157224,-0.7154,0.07837284494059457,0.09841177502504816,0.136,0.2234,0.08,0.154
FARSB,ENSG00000116120,-1.5225,0.07850251792067389,0.09855607466018439,0.0513,0.1475,0.03,0.102
NDUFS1,ENSG00000023228,-0.3848,0.07881087205851729,0.09892460336005206,0.2208,0.2884,0.114,0.198
GPATCH2,ENSG00000092978,0.9406,0.07886321136179344,0.09895310702337373,0.333,0.1735,0.179,0.115
SMG7,ENSG00000116698,1.1015,0.07885427338190766,0.09895310702337373,0.4176,0.1946,0.189,0.132
UBN2,ENSG00000157741,1.2062,0.0789334670285527,0.09902265707808104,0.34,0.1473,0.164,0.1
DNHD1,ENSG00000179532,1.8413,0.07933297244243175,0.09946779105368907,0.1907,0.0531,0.104,0.033
INIP,ENSG00000148153,-1.2126,0.07930603114469445,0.09946779105368907,0.0617,0.1431,0.03,0.103
FAAH,ENSG00000117480,-1.6383,0.07932655717279062,0.09946779105368907,0.0479,0.1495,0.03,0.102
TMPO,ENSG00000120802,-0.9196,0.07937660746497283,0.09950382155753633,0.0941,0.1781,0.05,0.124
FBXL5,ENSG00000118564,-0.1558,0.07979984931726264,0.10001561148245396,0.396,0.4412,0.189,0.287
DNAJC10,ENSG00000077232,-0.421,0.07998696593760501,0.10023132185689754,0.1955,0.2618,0.1,0.179
CRBN,ENSG00000113851,-0.8162,0.08014855939972138,0.1004149743445393,0.1103,0.1942,0.06,0.135
FEZ2,ENSG00000171055,-0.398,0.08042322825860698,0.10074019908837885,0.2382,0.314,0.129,0.209
TPM4,ENSG00000167460,-0.1046,0.08058033923420657,0.10091807345682838,0.6086,0.6543,0.264,0.406
MED15,ENSG00000099917,0.9439,0.08065053527810095,0.10098705007919691,0.4207,0.2186,0.204,0.148
FAF2,ENSG00000113194,-0.4642,0.08073379488792487,0.10107235539952207,0.2013,0.2777,0.109,0.187
MR1,ENSG00000153029,-1.5601,0.08079758769241355,0.10113326240585271,0.0536,0.1583,0.04,0.111
CES2,ENSG00000172831,-1.105,0.0808158217239034,0.10113713196439027,0.0727,0.1566,0.04,0.113
SEC22A,ENSG00000121542,1.4709,0.080845784886365,0.1011556757692079,0.2695,0.0972,0.134,0.067
OSTM1,ENSG00000081087,-0.9105,0.08090052350133388,0.10120520630556452,0.0917,0.1725,0.05,0.123
PRDM16,ENSG00000142611,1.0191,0.08094746626106725,0.10124496763252212,0.273,0.1346,0.154,0.086
SLC41A2,ENSG00000136052,1.5181,0.08101009100536825,0.10130432462551106,0.3025,0.1056,0.134,0.068
SLC35D2,ENSG00000130958,-1.1935,0.0812256636132543,0.10155488717201899,0.0629,0.144,0.03,0.103
DPY19L1,ENSG00000173852,0.9386,0.08129238926802768,0.10161929027159963,0.3378,0.1762,0.179,0.116
KIAA0586,ENSG00000100578,1.7927,0.08135523051703206,0.10167881448788493,0.2345,0.0676,0.114,0.045
DDX6,ENSG00000110367,-0.3337,0.08145743162604077,0.10178749968761952,0.2594,0.3269,0.134,0.219
MVB12B,ENSG00000196814,1.0601,0.08165689209017951,0.10200513854117765,0.2747,0.1317,0.154,0.088
NUP50,ENSG00000093000,-0.6645,0.08166214639611871,0.10200513854117765,0.1344,0.2131,0.075,0.149
XIST,ENSG00000229807,0.5495,0.08219292532285738,0.10264894319958198,0.8437,0.5765,0.299,0.3
VTA1,ENSG00000009844,-1.2449,0.0822127352366263,0.10265448843623613,0.0603,0.143,0.03,0.102
CRCP,ENSG00000241258,-0.645,0.08224179677998035,0.10267158143803527,0.1407,0.2201,0.075,0.15
CD2AP,ENSG00000198087,0.6988,0.0823713539613744,0.10281410448664167,0.601,0.3703,0.274,0.242
TAF1,ENSG00000147133,1.2274,0.08240046095781087,0.10283121800022772,0.3108,0.1327,0.154,0.089
UBE3D,ENSG00000118420,2.0841,0.08254082066017923,0.10298713640749806,0.2227,0.0524,0.104,0.035
COL4A5,ENSG00000188153,1.3627,0.08260179174761738,0.10304396097914391,0.2381,0.0925,0.124,0.055
PICK1,ENSG00000100151,-1.2317,0.08269464387916009,0.10314052781865737,0.0636,0.1495,0.035,0.107
ARMC1,ENSG00000104442,-0.7997,0.08276500246682705,0.10320900886406607,0.1001,0.1743,0.05,0.124
GABPB1,ENSG00000104064,-0.4796,0.08294310663029676,0.10341179936228337,0.1645,0.2294,0.08,0.159
ZDHHC5,ENSG00000156599,-1.5593,0.0833069215229605,0.10384601135719544,0.0508,0.1498,0.035,0.106
EVL,ENSG00000196405,0.9429,0.0833389669695162,0.10386657219432706,0.434,0.2257,0.204,0.149
SMARCA2,ENSG00000080503,0.9243,0.08336033614717393,0.10387382185204752,0.4621,0.2435,0.214,0.164
SP140L,ENSG00000185404,1.7454,0.08420797482527445,0.10491047637716994,0.217,0.0646,0.114,0.046
USP39,ENSG00000168883,-1.0072,0.08448306424643533,0.10521394482601931,0.0818,0.1645,0.045,0.116
FARP2,ENSG00000006607,1.6213,0.08448036376621362,0.10521394482601931,0.2611,0.0848,0.124,0.057
R3HDM2,ENSG00000179912,0.8168,0.08450737171161714,0.10522459650669105,0.4996,0.2836,0.229,0.179
RAD9A,ENSG00000172613,1.2045,0.08460195454014673,0.10530310368498695,0.2908,0.1261,0.149,0.083
ARNT,ENSG00000143437,1.2122,0.08459249240500581,0.10530310368498695,0.3197,0.1379,0.159,0.095
FAM133B,ENSG00000234545,-0.153,0.08476564967170223,0.1054871947377118,0.4811,0.5349,0.229,0.335
SKI,ENSG00000157933,1.0244,0.08483878633446854,0.10553888134250612,0.3564,0.1751,0.179,0.119
MAEA,ENSG00000090316,-1.0125,0.08482930277758473,0.10553888134250612,0.0855,0.1725,0.05,0.122
PPM1A,ENSG00000100614,-0.6018,0.08491604150936262,0.10561531494246423,0.1507,0.2288,0.085,0.16
ZBTB1,ENSG00000126804,1.4537,0.08507886996532293,0.1057784386631407,0.2716,0.0991,0.134,0.069
SPART,ENSG00000133104,-0.2834,0.08507072255033518,0.1057784386631407,0.2619,0.3188,0.134,0.217
TMOD3,ENSG00000138594,0.6442,0.08557978548957453,0.10638142328026581,0.6619,0.4235,0.294,0.269
MRPS28,ENSG00000147586,-0.4954,0.0857928483125731,0.10662642982502339,0.1918,0.2704,0.104,0.181
KCNQ3,ENSG00000184156,1.0933,0.08582566522286848,0.10664452469190497,0.3595,0.1684,0.164,0.101
TFE3,ENSG00000068323,-1.4402,0.08583934192898354,0.10664452469190497,0.0538,0.1461,0.035,0.106
CBX1,ENSG00000108468,-0.6149,0.08607348626669602,0.10691553185331276,0.1256,0.1924,0.06,0.136
LCORL,ENSG00000178177,1.3162,0.08613244578401656,0.10696887418955868,0.3435,0.1379,0.154,0.093
DR1,ENSG00000117505,-0.4944,0.08638235675269089,0.10725929740680841,0.1492,0.2102,0.075,0.15
RPA1,ENSG00000132383,-0.8974,0.0867114256701811,0.10764788328088096,0.091,0.1696,0.05,0.122
MED24,ENSG00000008838,-0.6961,0.08677487711101438,0.10770663523963298,0.1516,0.2456,0.08,0.153
YWHAG,ENSG00000170027,-0.1681,0.0868452692614366,0.10777397870626812,0.2828,0.3178,0.129,0.214
PUM1,ENSG00000134644,0.6571,0.08687012455334743,0.10778479693327281,0.6888,0.4368,0.294,0.28
EML2,ENSG00000125746,-0.6389,0.08712314613243179,0.10807865769288855,0.1343,0.2091,0.07,0.143
CNNM2,ENSG00000148842,1.6274,0.08719376622276154,0.10814617727053377,0.2223,0.0719,0.114,0.046
PPP6R2,ENSG00000100239,0.8481,0.08735456435042845,0.10832549856971993,0.4975,0.2763,0.224,0.177
TFDP2,ENSG00000114126,1.0916,0.08739896453786278,0.10836043886177565,0.3993,0.1873,0.184,0.127
MCUB,ENSG00000005059,1.8892,0.08773533080217374,0.10875728924048227,0.1837,0.0495,0.104,0.036
MARK4,ENSG00000007047,1.5485,0.08791227093568707,0.10895640333632473,0.2133,0.0729,0.119,0.051
NOD1,ENSG00000106100,1.4181,0.08882519266245908,0.11006743261457592,0.2661,0.0995,0.129,0.063
KCNK1,ENSG00000135750,-0.5613,0.08895603032232993,0.11020911269205001,0.1771,0.2614,0.1,0.173
NACC1,ENSG00000160877,-0.9591,0.0893085142965998,0.11062529061331419,0.0888,0.1728,0.05,0.12
ZNF91,ENSG00000167232,0.9415,0.08942296008812188,0.11074651407909623,0.4079,0.2124,0.199,0.146
MTR,ENSG00000116984,1.0093,0.08966212232867359,0.11102211995424748,0.3315,0.1646,0.174,0.113
UBA3,ENSG00000144744,-0.396,0.08976133432736415,0.11112436551852922,0.1784,0.2347,0.085,0.161
UCKL1,ENSG00000198276,-1.4922,0.0899841740805472,0.1113795957531458,0.0517,0.1455,0.03,0.1
AP3S2,ENSG00000157823,1.5062,0.09014199174099576,0.11155426400557915,0.2978,0.1048,0.134,0.071
CDC37L1,ENSG00000106993,-0.7909,0.09034706001459243,0.11178733120367967,0.1058,0.1831,0.055,0.127
PRRC2C,ENSG00000117523,0.3316,0.09054393585329244,0.112010177359537,0.9791,0.778,0.413,0.463
ERBB4,ENSG00000178568,0.7312,0.09089860903307329,0.11242811291331416,0.5624,0.3388,0.229,0.175
CYP1B1,ENSG00000138061,-0.3943,0.0909788509554763,0.11250652574183043,0.1769,0.2325,0.075,0.151
ZC3HAV1,ENSG00000105939,-0.3371,0.09106775665924986,0.11259562138599219,0.1738,0.2196,0.075,0.151
TARBP1,ENSG00000059588,1.1194,0.09125152490420982,0.11280194981218164,0.2568,0.1181,0.144,0.078
RC3H2,ENSG00000056586,1.0435,0.09162572193699968,0.1132435597367174,0.3388,0.1643,0.174,0.114
FAM20A,ENSG00000108950,-0.1408,0.09182194644337684,0.11346508423595077,0.4525,0.4989,0.204,0.306
IGSF3,ENSG00000143061,-0.9048,0.09191440415310141,0.11354446407164556,0.0933,0.1748,0.05,0.121
ACSF2,ENSG00000167107,-1.0014,0.09192018524260931,0.11354446407164556,0.0927,0.1857,0.055,0.126
CSNK1D,ENSG00000141551,-0.1088,0.09245329646710305,0.11418187261534417,0.3298,0.3557,0.149,0.239
IRF2BPL,ENSG00000119669,-0.9444,0.09247362679514816,0.11418586677108422,0.086,0.1655,0.045,0.116
USP45,ENSG00000123552,1.8537,0.0933058773775663,0.11519222828184202,0.2358,0.0652,0.109,0.043
SEC24C,ENSG00000176986,-0.9092,0.09368975693751475,0.11564477667448919,0.0985,0.185,0.06,0.129
CCZ1,ENSG00000122674,-1.092,0.09377050300068342,0.11572305793450935,0.0673,0.1436,0.035,0.104
TOM1L2,ENSG00000175662,1.1002,0.09395863721715711,0.11593381451568305,0.3711,0.173,0.174,0.116
ZSWIM8,ENSG00000214655,-1.0639,0.09439190409739358,0.11644690200710965,0.0766,0.1602,0.04,0.11
TNPO1,ENSG00000083312,0.9064,0.09463724428433788,0.11672800638505867,0.4581,0.2444,0.214,0.165
ASAP3,ENSG00000088280,1.6562,0.0951532304759264,0.11734276705109166,0.2553,0.0809,0.119,0.055
MOGS,ENSG00000115275,-0.9651,0.09641550936418238,0.11887745745677941,0.0811,0.1585,0.04,0.111
AHNAK,ENSG00000124942,0.6185,0.09655825626895258,0.11902434619149184,0.7016,0.4569,0.299,0.286
TFRC,ENSG00000072274,0.9446,0.09657028477492054,0.11902434619149184,0.6625,0.3442,0.254,0.229
NARF,ENSG00000141562,-0.6273,0.09678850926990908,0.11927130136784553,0.1227,0.1895,0.06,0.132
MRRF,ENSG00000148187,-0.975,0.09688193934854987,0.1193644111619562,0.08,0.1573,0.04,0.11
VRK3,ENSG00000105053,-1.0067,0.09698449396632537,0.11944669651504465,0.0826,0.1661,0.05,0.119
ERCC6L2,ENSG00000182150,1.3675,0.096973932866785,0.11944669651504465,0.2748,0.1064,0.134,0.071
ETNK1,ENSG00000139163,0.8296,0.09719288635579827,0.11968128465530543,0.5899,0.3319,0.249,0.215
MPPE1,ENSG00000154889,-1.1529,0.09726696682208331,0.11975042790869944,0.0774,0.1723,0.055,0.123
DRG2,ENSG00000108591,-0.9886,0.0973622794558814,0.11984568088570437,0.078,0.1548,0.04,0.11
PRKAG2,ENSG00000106617,0.893,0.09755767636496883,0.12006407231281128,0.4464,0.2403,0.209,0.161
TBC1D1,ENSG00000065882,1.2782,0.0978612368015219,0.12041547542324331,0.2985,0.123,0.144,0.083
STX18,ENSG00000168818,1.3308,0.09819297682380826,0.12080141687349702,0.2897,0.1151,0.144,0.082
SEC22C,ENSG00000093183,-0.4742,0.09850269778439671,0.12116013232080766,0.1544,0.2145,0.08,0.152
CPNE2,ENSG00000140848,-1.0463,0.09875195423853604,0.12144435690649645,0.0727,0.1502,0.035,0.105
SENP7,ENSG00000138468,1.3212,0.0988131983482782,0.12149730334465209,0.2678,0.1071,0.134,0.071
ZNF518A,ENSG00000177853,1.2113,0.09892351415217907,0.1216105560505069,0.3048,0.1316,0.149,0.089
CSTPP1,ENSG00000149179,0.6732,0.09945809373221079,0.12224523519275596,0.4924,0.3088,0.244,0.197
RALGAPB,ENSG00000170471,1.1503,0.09973550340571777,0.12256364806748646,0.3012,0.1356,0.154,0.093
NCKAP1,ENSG00000061676,0.5727,0.10018993275213593,0.12307679986233509,0.6762,0.4546,0.308,0.293
NPEPPS,ENSG00000141279,0.5473,0.10018373898152214,0.12307679986233509,0.6093,0.4169,0.294,0.269
TRIM24,ENSG00000122779,-0.5591,0.10023794482653275,0.12311313598683565,0.1855,0.2734,0.109,0.182
MRPS9,ENSG00000135972,-0.5899,0.10025808438045916,0.1231152317663333,0.1299,0.1956,0.065,0.137
GALK2,ENSG00000156958,1.0499,0.10029837316598454,0.12314206514257552,0.3404,0.1643,0.169,0.111
STX8,ENSG00000170310,0.8356,0.10043327949881546,0.12328503469446582,0.4591,0.2572,0.219,0.173
SCML1,ENSG00000047634,-0.5149,0.10100395983592093,0.12396277981332522,0.1535,0.2194,0.08,0.152
BMI1,ENSG00000168283,-0.9185,0.10130198288508413,0.12430570341529981,0.0809,0.1529,0.04,0.108
SDAD1,ENSG00000198301,-0.8064,0.10136917357136122,0.12436530313797237,0.1248,0.2184,0.085,0.153
EIF2AK3,ENSG00000172071,1.3369,0.10144421904648088,0.12443451588823613,0.339,0.1341,0.149,0.091
LURAP1L,ENSG00000153714,-0.3106,0.1014974030221862,0.12447689217502417,0.2667,0.3308,0.134,0.213
HDAC3,ENSG00000171720,-0.8234,0.1016664876506705,0.12466136791239735,0.1035,0.1832,0.065,0.133
FBXW4,ENSG00000107829,-0.2708,0.10176679173071788,0.12476145410599573,0.2843,0.343,0.144,0.225
ACTR3,ENSG00000115091,-0.1417,0.10179501644380315,0.12476947929872752,0.44,0.4855,0.214,0.315
MRPL39,ENSG00000154719,-1.5474,0.10181069953257449,0.12476947929872752,0.0477,0.1397,0.035,0.102
GLCE,ENSG00000138604,-0.9469,0.10184520909873661,0.12478887388927935,0.0913,0.1761,0.05,0.119
XPC,ENSG00000154767,-0.6243,0.10189699090702187,0.12482942081217885,0.153,0.236,0.09,0.16
ARFGAP3,ENSG00000242247,-0.1641,0.10213105460975012,0.12509321726362022,0.3754,0.4207,0.184,0.276
UFSP2,ENSG00000109775,-0.9261,0.10235136995763296,0.1253400806650221,0.1007,0.1915,0.065,0.132
PPP4R1,ENSG00000154845,0.6222,0.10262887416771607,0.1256568745309213,0.6087,0.3954,0.279,0.25
MIA3,ENSG00000154305,-0.3209,0.10281052102273343,0.1258562078282325,0.1936,0.2418,0.09,0.165
ATF5,ENSG00000169136,-1.1196,0.10298292661030206,0.12604415738138308,0.066,0.1435,0.035,0.102
TBC1D16,ENSG00000167291,1.6292,0.10317299673003175,0.12625365429825613,0.2167,0.07,0.114,0.05
ICA1,ENSG00000003147,-0.3608,0.1033442982199509,0.12644011134109764,0.233,0.2992,0.124,0.201
MAPKAPK5,ENSG00000089022,-1.2023,0.10378468856058326,0.12695566573189296,0.0716,0.1649,0.05,0.116
PIEZO1,ENSG00000103335,1.4511,0.10418343191324139,0.12742009554084222,0.2669,0.0976,0.129,0.068
UBE2E3,ENSG00000170035,-0.1595,0.10448248677403012,0.12776245499153188,0.3043,0.3399,0.144,0.229
ACAD9,ENSG00000177646,-1.1207,0.10453373018073411,0.1278017177150143,0.0662,0.1441,0.035,0.103
ZNF326,ENSG00000162664,-0.2689,0.10456736951124254,0.12781944746807997,0.2132,0.2569,0.1,0.176
MIR29B2CHG,ENSG00000203709,1.0304,0.1046298653594064,0.12787243746303298,0.3056,0.1496,0.159,0.1
TTC19,ENSG00000011295,-0.2478,0.10551437914532628,0.12892984601383722,0.3563,0.4231,0.189,0.278
MAPKAP1,ENSG00000119487,0.8356,0.1055886246964818,0.12896951221105213,0.4591,0.2572,0.219,0.174
GPALPP1,ENSG00000133114,-0.8106,0.10560477051688039,0.12896951221105213,0.0923,0.162,0.045,0.112
CLK4,ENSG00000113240,-1.2391,0.10560477051688039,0.12896951221105213,0.0629,0.1487,0.035,0.102
TOPORS,ENSG00000197579,-0.821,0.10592486126631509,0.1293367730160363,0.0893,0.1579,0.045,0.113
CDC27,ENSG00000004897,0.9827,0.10614192458833789,0.12955444340743946,0.3575,0.1809,0.179,0.125
IKBKG,ENSG00000269335,-1.2353,0.10613219779798334,0.12955444340743946,0.0611,0.144,0.035,0.102
SP3,ENSG00000172845,0.9858,0.10683433530772801,0.13037575836292992,0.3891,0.1964,0.189,0.136
ZSCAN18,ENSG00000121413,-0.9916,0.10773358117467571,0.13144913932511126,0.0733,0.1459,0.035,0.103
ZNF791,ENSG00000173875,-0.7416,0.10791743274262655,0.13164941247269457,0.1092,0.1827,0.06,0.128
GALNT7,ENSG00000109586,-0.6414,0.10832212148281645,0.1320948419543055,0.148,0.231,0.085,0.153
DDX50,ENSG00000107625,-0.7419,0.10831553158621647,0.1320948419543055,0.1052,0.1759,0.055,0.123
TMEM64,ENSG00000180694,-0.4753,0.10842430545831369,0.13219531510698743,0.1415,0.1967,0.065,0.136
GCLM,ENSG00000023909,-1.0481,0.10873131509476341,0.13254543776563693,0.0696,0.144,0.035,0.102
PHF20,ENSG00000025293,0.7226,0.1091052732967467,0.13297702926076116,0.5066,0.307,0.244,0.205
VPS39,ENSG00000166887,-0.8611,0.10923457435791481,0.13311033062151306,0.1099,0.1996,0.065,0.132
KCNQ1,ENSG00000053918,-0.5703,0.10944204024296197,0.13333881553862514,0.1501,0.2229,0.08,0.15
SUPT6H,ENSG00000109111,-0.2723,0.10949686317967304,0.13338127834707939,0.247,0.2983,0.124,0.199
CARHSP1,ENSG00000153048,-0.4798,0.11011637004257288,0.1341114579712517,0.1681,0.2345,0.09,0.161
ITGB1,ENSG00000150093,-0.1116,0.11031345777869672,0.13432699808640208,0.7901,0.8536,0.343,0.507
POGK,ENSG00000143157,-0.5172,0.11038701940639664,0.13439207120220983,0.1546,0.2213,0.085,0.155
GATA6,ENSG00000141448,-0.6968,0.11059453792842684,0.1346201783896415,0.1313,0.2128,0.075,0.144
RNASET2,ENSG00000026297,-0.6795,0.11157940170348708,0.13579424635160173,0.1091,0.1748,0.055,0.122
TCN2,ENSG00000185339,-0.8756,0.11181909327759493,0.13606116305357197,0.0777,0.1426,0.035,0.102
ING5,ENSG00000168395,-0.7381,0.11185119547324114,0.13607543434713618,0.1227,0.2047,0.07,0.137
MAFG,ENSG00000197063,-0.6163,0.11214890887956805,0.13641277771018667,0.1164,0.1785,0.06,0.128
ZNG1B,ENSG00000136682,-1.2154,0.11221496397196544,0.13646827100669284,0.0674,0.1566,0.04,0.106
OTUD5,ENSG00000068308,-0.9432,0.112275965131675,0.13649687132390995,0.0856,0.1647,0.05,0.115
LYST,ENSG00000143669,0.8792,0.1122793548515588,0.13649687132390995,0.4752,0.2583,0.214,0.171
ZNF69,ENSG00000198429,1.7234,0.11281254252994564,0.137120104014105,0.2079,0.0629,0.104,0.041
TWIST2,ENSG00000233608,-0.8491,0.11300320626312124,0.13732685855738477,0.0863,0.1556,0.035,0.102
IBTK,ENSG00000005700,0.6585,0.11320094702436034,0.13754213665193793,0.5344,0.3385,0.259,0.227
MMP14,ENSG00000157227,1.826,0.11328967788708945,0.1376249106234759,0.2698,0.076,0.114,0.054
ITGA9,ENSG00000144668,1.3177,0.1136639727938483,0.1380544961429556,0.327,0.1311,0.139,0.081
AP5M1,ENSG00000053770,-0.9899,0.11395347746928863,0.13833898376429066,0.0778,0.1546,0.045,0.111
AMOTL2,ENSG00000114019,-0.5684,0.11396033667781512,0.13833898376429066,0.1263,0.1874,0.06,0.13
RAPH1,ENSG00000173166,0.8521,0.11392261505350944,0.13833898376429066,0.3774,0.209,0.189,0.136
HLCS,ENSG00000159267,1.2473,0.11411475482960151,0.13847609874762146,0.2726,0.1148,0.134,0.074
PDE4DIP,ENSG00000178104,-0.2167,0.1140975891269644,0.13847609874762146,0.2829,0.3288,0.144,0.222
ERN1,ENSG00000178607,-0.2594,0.11435528820087254,0.138742773822639,0.3047,0.3648,0.154,0.23
PLAGL2,ENSG00000126003,-1.2413,0.11447570443831588,0.13886364510416122,0.0595,0.1409,0.035,0.1
CEP63,ENSG00000182923,-0.9,0.11471338871216955,0.1391266975138152,0.0978,0.1825,0.06,0.126
RMND5B,ENSG00000145916,-0.9473,0.11500326737875116,0.13945294532002162,0.0829,0.16,0.05,0.116
IQGAP1,ENSG00000140575,-0.1572,0.11517262917920074,0.13963296247737914,0.9199,1.0258,0.393,0.582
ARHGAP29,ENSG00000137962,0.8844,0.11523835283629426,0.13968728831099989,0.4844,0.2624,0.214,0.176
NCBP1,ENSG00000136937,1.4707,0.11541145077700553,0.1398717255923825,0.2332,0.0841,0.119,0.058
SPEN,ENSG00000065526,0.7556,0.11556394602911728,0.140031131264237,0.4537,0.2687,0.224,0.178
NFKB2,ENSG00000077150,-0.9242,0.11605369142933675,0.14057355913248823,0.0817,0.1552,0.04,0.107
ZNF236,ENSG00000130856,1.6441,0.1160432543585605,0.14057355913248823,0.2157,0.0689,0.109,0.047
CPD,ENSG00000108582,0.9632,0.11661664335252772,0.1412042351253685,0.4831,0.2478,0.209,0.166
PRPSAP2,ENSG00000141127,-0.6025,0.1165991823829428,0.1412042351253685,0.1277,0.1939,0.07,0.136
ARL5B,ENSG00000165997,-0.4822,0.11674242297128255,0.14133091227572886,0.1573,0.2197,0.08,0.147
B3GNT2,ENSG00000170340,-0.5894,0.11696104340082346,0.14156991824467197,0.1026,0.1544,0.04,0.108
HNRNPUL2,ENSG00000214753,-0.4934,0.11712215331627372,0.14173923935484548,0.1492,0.2101,0.08,0.148
GON4L,ENSG00000116580,0.9189,0.11749758300070932,0.1421678182720539,0.3653,0.1931,0.184,0.131
PDZD8,ENSG00000165650,-0.4604,0.11769796349512723,0.14238447712080327,0.2178,0.2997,0.129,0.199
CLPX,ENSG00000166855,-0.276,0.1177542588262172,0.14242227458761053,0.2121,0.2568,0.104,0.177
TCTN1,ENSG00000204852,-0.9383,0.11777185544952433,0.14242227458761053,0.0759,0.1455,0.035,0.101
PTPN3,ENSG00000070159,-0.4316,0.11781057528370362,0.14244330780591175,0.1839,0.2481,0.095,0.166
DNAH14,ENSG00000185842,0.9414,0.11846327020750637,0.14320654872686608,0.2946,0.1534,0.154,0.095
MOB1B,ENSG00000173542,1.0557,0.11874639343784489,0.1435228305775183,0.3695,0.1777,0.174,0.122
SHROOM3,ENSG00000138771,0.4374,0.11899456118664527,0.14379675667913944,0.7022,0.5185,0.318,0.308
TTC32,ENSG00000183891,-0.789,0.11924135830196876,0.14406892765898144,0.0965,0.1669,0.05,0.116
CTNNAL1,ENSG00000119326,-0.3618,0.11938891752101626,0.14419504161353844,0.205,0.2635,0.104,0.175
DAG1,ENSG00000173402,-0.4316,0.11937113172491862,0.14419504161353844,0.1632,0.2202,0.085,0.153
FHOD1,ENSG00000135723,-0.9486,0.11958469834616506,0.14440538786006807,0.0826,0.1596,0.045,0.11
SLC16A5,ENSG00000170190,-0.585,0.11966842680565051,0.1444803728551952,0.1357,0.2036,0.07,0.137
PTPDC1,ENSG00000158079,1.7246,0.11976289908696723,0.14456829983767472,0.2076,0.0627,0.104,0.043
LRIG2,ENSG00000198799,1.5092,0.11985207742237422,0.14464980576509529,0.2328,0.0817,0.114,0.054
SUCLA2,ENSG00000136143,-0.5441,0.11988419435188633,0.14466242711404675,0.145,0.2114,0.075,0.142
PUM3,ENSG00000080608,-0.2109,0.120012729479027,0.1447913692540501,0.3339,0.3865,0.164,0.244
XPO4,ENSG00000132953,1.3236,0.12005559849531053,0.14481693016979935,0.2842,0.1135,0.134,0.076
RAB27B,ENSG00000041353,-0.2757,0.12016103579994582,0.14491794115345577,0.2204,0.2668,0.1,0.172
EP400,ENSG00000183495,1.1761,0.12026833452208788,0.14502116018650027,0.306,0.1354,0.149,0.092
PITPNB,ENSG00000180957,0.9939,0.12038824006509398,0.14513954068497523,0.4352,0.2185,0.194,0.148
TTC13,ENSG00000143643,1.8466,0.1204598700647653,0.1451996881722735,0.2286,0.0635,0.104,0.044
PCSK7,ENSG00000160613,1.1242,0.12052078179152233,0.14524689671338462,0.391,0.1793,0.174,0.125
SORBS3,ENSG00000120896,-1.0461,0.1207036616326979,0.14541481891139776,0.0836,0.1727,0.055,0.119
EP300,ENSG00000100393,0.8065,0.12068213509156929,0.14541481891139776,0.5204,0.2975,0.234,0.195
EVPL,ENSG00000167880,-1.0118,0.12100534884112739,0.14575197924434444,0.0765,0.1543,0.04,0.105
DLGAP4,ENSG00000080845,1.1321,0.12121760067536907,0.14598131174013523,0.35,0.1597,0.164,0.111
AP1M1,ENSG00000072958,-0.8455,0.12132023336984378,0.14607857196271617,0.0899,0.1616,0.05,0.115
ENTPD6,ENSG00000197586,-0.6183,0.12136526914732543,0.14610645865807256,0.1237,0.19,0.065,0.132
OXNAD1,ENSG00000154814,1.5072,0.12196096764130894,0.1467971351371963,0.2161,0.076,0.109,0.048
ABHD17C,ENSG00000136379,-0.3856,0.12212020598256712,0.14696231635271456,0.1756,0.2294,0.085,0.155
VPS26B,ENSG00000151502,-1.2502,0.12216004094887778,0.1469837711218798,0.0628,0.1495,0.045,0.108
HDHD3,ENSG00000119431,-0.9478,0.12221256619381482,0.1470204844395694,0.0845,0.1631,0.05,0.114
IRF6,ENSG00000117595,-0.8644,0.12251175271442001,0.14735386212490748,0.0778,0.1417,0.035,0.101
VPS50,ENSG00000004766,1.4051,0.1225516874535258,0.14737535478971892,0.2111,0.0797,0.114,0.053
CLCN3,ENSG00000109572,-0.2859,0.12262795474333678,0.14744052380391473,0.219,0.267,0.109,0.181
NUP153,ENSG00000124789,1.0302,0.12275151373182704,0.14756251983709012,0.3512,0.1719,0.169,0.116
RBM4,ENSG00000173933,-0.2757,0.12319931902134656,0.14807418602547665,0.2536,0.3071,0.124,0.198
PARL,ENSG00000175193,-0.5227,0.12336346858643067,0.1482448014913225,0.1253,0.18,0.065,0.131
HNF1B,ENSG00000275410,-0.8875,0.12346204026113552,0.14833656537221157,0.0858,0.1589,0.045,0.111
PPP2R5C,ENSG00000078304,0.478,0.1235332691483448,0.14839545047514296,0.7662,0.5501,0.338,0.344
C8orf34,ENSG00000165084,0.8153,0.12356432767540647,0.14840606807121737,0.3796,0.2157,0.174,0.118
TCIRG1,ENSG00000110719,-0.7748,0.12377641918141108,0.14863407114574698,0.1025,0.1755,0.055,0.12
DDX10,ENSG00000178105,1.1627,0.12400711624996458,0.14888433029543652,0.2731,0.1219,0.139,0.081
LIN7C,ENSG00000148943,-0.8149,0.1241464290019417,0.14902480217540773,0.0848,0.1492,0.045,0.108
KIAA0232,ENSG00000170871,0.8461,0.12420879264828924,0.149072870817237,0.3702,0.2059,0.189,0.138
ZNF827,ENSG00000151612,1.0778,0.12509552062559143,0.15011012976254495,0.2559,0.1212,0.139,0.08
MRS2,ENSG00000124532,-0.828,0.12533552263645983,0.15037110754246727,0.0936,0.1662,0.055,0.118
KAT6B,ENSG00000156650,0.7975,0.12552593276869117,0.1505725044831337,0.396,0.2278,0.199,0.149
KDM3B,ENSG00000120733,0.9216,0.12561289381075164,0.15064976077608372,0.3409,0.18,0.174,0.122
NRIP1,ENSG00000180530,0.8607,0.12584254824761396,0.15087767301366783,0.3913,0.2154,0.189,0.14
PIP4K2C,ENSG00000166908,-0.9872,0.12584810845323305,0.15087767301366783,0.0722,0.1433,0.04,0.104
TAOK1,ENSG00000160551,0.7536,0.12708535078688069,0.1523336428401967,0.4939,0.2929,0.229,0.192
JPT2,ENSG00000206053,-1.186,0.12711897115669768,0.15234660117631146,0.0691,0.1573,0.05,0.112
BCL6,ENSG00000113916,0.7216,0.12724230506393538,0.1524670533767536,0.5751,0.3487,0.249,0.22
EFR3A,ENSG00000132294,-0.2503,0.12765783886182405,0.15293752569652427,0.2816,0.3349,0.144,0.221
BSCL2,ENSG00000168000,-1.0088,0.1280424891262935,0.15337083659872927,0.0773,0.1557,0.04,0.103
IL32,ENSG00000008517,-1.1603,0.12827935510071628,0.15360847491163776,0.0815,0.1823,0.05,0.112
ZBTB4,ENSG00000174282,-0.2357,0.12828688023014156,0.15360847491163776,0.225,0.265,0.109,0.182
PTCD3,ENSG00000132300,-0.6175,0.1289334373498661,0.15435497903921055,0.1264,0.194,0.07,0.135
LRRC8A,ENSG00000136802,-0.6047,0.12937219214740245,0.15485248590546613,0.1326,0.2017,0.075,0.138
KYAT3,ENSG00000137944,-1.0259,0.1294290122458879,0.15489273836056,0.0723,0.1472,0.04,0.104
TMEM263,ENSG00000151135,-0.6234,0.12968873705712392,0.15512017815267382,0.1366,0.2105,0.08,0.146
FOXK1,ENSG00000164916,1.3178,0.12967735378129477,0.15512017815267382,0.2599,0.1042,0.129,0.072
CLIC6,ENSG00000159212,1.3086,0.12965269267828664,0.15512017815267382,0.2939,0.1186,0.134,0.078
C4orf19,ENSG00000154274,0.8376,0.12976844171204202,0.15518772107336234,0.3339,0.1868,0.169,0.113
SOS2,ENSG00000100485,1.177,0.13011997449674406,0.1555802559369412,0.2982,0.1318,0.144,0.089
ACVR2A,ENSG00000121989,1.5402,0.1302836411720183,0.15574806504168787,0.1937,0.0666,0.104,0.044
MAD1L1,ENSG00000002822,0.9958,0.13052372030629752,0.15600714529809614,0.3334,0.1671,0.164,0.111
WASHC1,ENSG00000181404,-0.3098,0.13064579663863804,0.15612511643397092,0.1606,0.1991,0.065,0.133
AGL,ENSG00000162688,-0.5548,0.13101064482225375,0.15653311212304702,0.1571,0.2309,0.09,0.154
ZDHHC2,ENSG00000104219,-0.3255,0.1311847506919397,0.15671310138999556,0.1781,0.2232,0.085,0.153
RNF13,ENSG00000082996,0.53,0.1316179215307337,0.15720244955360702,0.7428,0.5144,0.323,0.33
MCPH1,ENSG00000147316,1.325,0.1320675931880261,0.15771132753492337,0.2891,0.1153,0.134,0.078
ZNF654,ENSG00000175105,1.3758,0.1326168768389876,0.15833895609717522,0.2332,0.0898,0.119,0.06
FAM168B,ENSG00000152102,-0.4461,0.13283128644250994,0.1585666062823099,0.164,0.2235,0.09,0.155
ZNF75D,ENSG00000186376,1.4915,0.13287381389139727,0.15858902840969308,0.1928,0.0685,0.104,0.044
FAM53B,ENSG00000189319,1.6494,0.13298211314737554,0.15868992919623393,0.2017,0.0642,0.104,0.045
UNC93B1,ENSG00000110057,-1.0264,0.133016938131021,0.15870313143570725,0.0707,0.1441,0.04,0.103
FAM20C,ENSG00000177706,1.8987,0.1330827379175745,0.15875327854107518,0.2387,0.064,0.104,0.045
THOC2,ENSG00000125676,-0.1229,0.1332996683673852,0.1589714516308835,0.6911,0.7525,0.318,0.446
NRP2,ENSG00000118257,-0.259,0.1333132356018234,0.1589714516308835,0.2801,0.3352,0.139,0.215
SRRM2,ENSG00000167978,-0.2324,0.13335782118240977,0.1589962312883461,0.9608,1.1288,0.428,0.627
OXSR1,ENSG00000172939,1.0052,0.13341987249013265,0.15904182194567124,0.325,0.1619,0.164,0.111
KHDC4,ENSG00000132680,1.244,0.13387041287776588,0.15955040821031377,0.3075,0.1297,0.144,0.09
GOLGA4,ENSG00000144674,-0.1254,0.1339559928065623,0.1596239207769901,0.9639,1.0515,0.403,0.581
TOGARAM1,ENSG00000198718,1.1285,0.13422078013996275,0.15991091518994133,0.252,0.1152,0.134,0.076
BBX,ENSG00000114439,0.5882,0.13427924356306792,0.15995203633988417,0.622,0.4137,0.284,0.267
REPS1,ENSG00000135597,1.1904,0.13462653165815935,0.1603371264166987,0.2655,0.1163,0.134,0.078
NISCH,ENSG00000010322,-0.5727,0.1346792707830911,0.16037134062404448,0.1344,0.1999,0.07,0.135
LIMS1,ENSG00000169756,0.6064,0.13567452731204133,0.16152765916526277,0.661,0.4341,0.289,0.282
TTC21B,ENSG00000123607,1.0674,0.13571186137646002,0.1615433117329133,0.2737,0.1305,0.144,0.088
UNC45A,ENSG00000140553,-0.821,0.13574330674204024,0.1615519504151972,0.0956,0.1689,0.055,0.117
BCL7A,ENSG00000110987,-0.7985,0.13604231841953407,0.16187896752611225,0.0894,0.1555,0.045,0.108
APOO,ENSG00000184831,-0.9135,0.13614866858856953,0.16197665790934376,0.0759,0.143,0.04,0.103
RCC1L,ENSG00000274523,-0.8951,0.13623537172738776,0.1620431860952486,0.0745,0.1387,0.04,0.102
TAF8,ENSG00000137413,-0.7478,0.13625311170997395,0.1620431860952486,0.0965,0.1621,0.05,0.114
RSRC1,ENSG00000174891,0.8654,0.13634381058175707,0.16212218459596858,0.3863,0.212,0.189,0.14
NDNF,ENSG00000173376,-0.3673,0.1365490406777169,0.16233731624892686,0.2425,0.3128,0.129,0.198
MDN1,ENSG00000112159,1.0729,0.13660236052926497,0.16237180387523772,0.2779,0.132,0.144,0.088
FAM241A,ENSG00000174749,-0.5449,0.1369226171079043,0.16272351595439372,0.1365,0.1992,0.075,0.14
IWS1,ENSG00000163166,0.7273,0.1375728111454576,0.16346714208157112,0.4655,0.2811,0.229,0.189
SPATA6,ENSG00000132122,1.1622,0.13766418692254973,0.16354662121232827,0.2797,0.1249,0.139,0.083
SMAP2,ENSG00000084070,1.2633,0.13789879962227614,0.16379620890577667,0.3132,0.1304,0.144,0.092
MRC2,ENSG00000011028,-0.244,0.13840086869805224,0.1643633360658412,0.2528,0.2994,0.124,0.196
KDM4B,ENSG00000127663,1.1361,0.13849466420554324,0.16444548661845748,0.3123,0.1421,0.149,0.096
H6PD,ENSG00000049239,-0.7287,0.1386644187389828,0.16458852901326926,0.1131,0.1875,0.07,0.132
B4GALT1,ENSG00000086062,0.4851,0.13864244148082558,0.16458852901326926,0.6698,0.4785,0.308,0.295
SLC5A3,ENSG00000198743,-0.3258,0.13894436377227715,0.16489150775320524,0.211,0.2645,0.104,0.172
CDC42SE2,ENSG00000158985,0.8536,0.13912856450456507,0.16508077497352816,0.4413,0.2442,0.204,0.165
RRP36,ENSG00000124541,-0.7352,0.1392267481284148,0.16516793086140008,0.0943,0.157,0.05,0.113
SLC2A3,ENSG00000059804,0.8209,0.13933701777215893,0.1652693911739033,0.5462,0.3092,0.224,0.192
SMARCC2,ENSG00000139613,-0.4991,0.13940521808184475,0.16532092534954565,0.1426,0.2016,0.075,0.14
MAN1B1,ENSG00000177239,-1.0049,0.13958185585666874,0.1655010146044187,0.072,0.1447,0.04,0.102
SNRK,ENSG00000163788,1.4755,0.1396099731967986,0.16550497177518952,0.2276,0.0818,0.114,0.056
MSL1,ENSG00000188895,-0.363,0.13975464552455102,0.1656470767450712,0.1837,0.2363,0.095,0.163
MTMR1,ENSG00000063601,1.5018,0.1402034599515163,0.16614955802274262,0.2136,0.0754,0.109,0.051
STAT1,ENSG00000115415,-0.284,0.14220324082139402,0.16848952376194617,0.1961,0.2387,0.095,0.162
SCCPDH,ENSG00000143653,-0.6363,0.14229085936016456,0.16856343555632122,0.1219,0.1895,0.07,0.132
FGF7,ENSG00000140285,-0.212,0.14241114759855078,0.16864610900899304,0.1612,0.1867,0.065,0.131
MTM1,ENSG00000171100,1.1155,0.14239687203199314,0.16864610900899304,0.2691,0.1241,0.139,0.084
ANKRD13C,ENSG00000118454,1.2203,0.14251722906592715,0.16874181402788999,0.3098,0.1329,0.144,0.091
RAB11FIP2,ENSG00000107560,-0.2893,0.1427173167133782,0.1689487696435046,0.1932,0.2361,0.095,0.16
LRP6,ENSG00000070018,-0.2628,0.143085386271909,0.16932931202383597,0.2785,0.3342,0.144,0.217
TRNAU1AP,ENSG00000180098,-0.331,0.14308948002134006,0.16932931202383597,0.1756,0.2209,0.085,0.152
DALRD3,ENSG00000178149,-0.5579,0.14323691486325466,0.16946797417795006,0.1053,0.155,0.045,0.109
CCDC32,ENSG00000128891,-0.4876,0.14325740113919838,0.16946797417795006,0.1128,0.1583,0.05,0.114
TES,ENSG00000135269,-0.1933,0.14494493729393643,0.1714339005111035,0.3435,0.3928,0.174,0.255
IRF2,ENSG00000168310,-0.4625,0.14500903186008965,0.17147934203143392,0.162,0.2233,0.09,0.154
KDM5B,ENSG00000117139,0.8196,0.14523456901345955,0.17169259669412945,0.4279,0.2424,0.204,0.162
AP1B1,ENSG00000100280,-0.4178,0.14524078025480333,0.17169259669412945,0.1428,0.1908,0.07,0.134
CRYBG3,ENSG00000080200,1.033,0.14539819957113267,0.1718482702062635,0.2949,0.1441,0.149,0.097
TMEM161B-DT,ENSG00000247828,1.0826,0.1457341873089797,0.17221490393430208,0.2287,0.108,0.129,0.072
SAMD5,ENSG00000203727,-0.5196,0.14684799983791902,0.17350040525693636,0.1252,0.1795,0.055,0.118
NARS2,ENSG00000137513,-0.2668,0.14732883146442927,0.17403771937582652,0.1945,0.234,0.09,0.156
TMEM241,ENSG00000134490,0.88,0.14759065733351112,0.1743161804298003,0.2643,0.1436,0.149,0.094
NFKB1,ENSG00000109320,0.6672,0.147685001656486,0.17439676910602367,0.523,0.3293,0.244,0.211
SF3B3,ENSG00000189091,-0.2446,0.14838247805699145,0.17518942388945483,0.1848,0.2189,0.085,0.15
DPF2,ENSG00000133884,-0.7856,0.14880807561181947,0.17566085843254547,0.0868,0.1497,0.045,0.106
PPP2R5E,ENSG00000154001,0.5623,0.14887136257756378,0.1757045115136152,0.6159,0.4171,0.284,0.272
EPG5,ENSG00000152223,1.2192,0.1490697948040359,0.1759076253526777,0.2735,0.1174,0.134,0.08
ENAH,ENSG00000154380,0.8387,0.14911837809952855,0.1759338716351795,0.4999,0.2794,0.219,0.185
SPOPL,ENSG00000144228,1.3192,0.1492261493866399,0.17602992789709782,0.2471,0.099,0.124,0.069
ALS2,ENSG00000003393,1.3118,0.14925997223396556,0.17603873469020942,0.2164,0.0871,0.114,0.058
MYADM,ENSG00000179820,-0.5406,0.14954770270058698,0.17634694674032847,0.1437,0.2091,0.075,0.138
CASK,ENSG00000147044,0.7517,0.1500352684920165,0.17689065459102882,0.4676,0.2777,0.214,0.173
ARHGAP8,ENSG00000241484,1.2058,0.15031563588927652,0.17718992800996786,0.2407,0.1043,0.124,0.069
PBRM1,ENSG00000163939,0.5584,0.15039429535765386,0.17725136733611616,0.5908,0.4012,0.279,0.261
PFKFB3,ENSG00000170525,0.9352,0.15061343159595636,0.17747831856552446,0.4022,0.2103,0.184,0.139
C1RL,ENSG00000139178,-0.2128,0.15066878599586336,0.1775122282001008,0.2834,0.3284,0.144,0.217
STAT6,ENSG00000166888,-0.1273,0.15104390056502565,0.17792278869026565,0.3536,0.3862,0.174,0.255
MYLK,ENSG00000065534,-0.1078,0.15124026619482936,0.1781226834623991,0.2505,0.27,0.104,0.175
RNASEH1,ENSG00000171865,-0.8831,0.15131288530286344,0.17817679142063203,0.0844,0.1558,0.055,0.114
ZC3H14,ENSG00000100722,-0.393,0.15153090201268812,0.17840206143887608,0.1978,0.2598,0.114,0.179
TMC6,ENSG00000141524,-0.4141,0.15157795657775808,0.17842600845661724,0.1665,0.2219,0.09,0.153
ZC3H6,ENSG00000188177,-0.5389,0.15213060913987672,0.17904499355863202,0.15,0.218,0.085,0.148
FRA10AC1,ENSG00000148690,-0.6558,0.1523624070151179,0.17928620797286338,0.1241,0.1955,0.075,0.136
ASXL1,ENSG00000171456,0.7684,0.15294523147552566,0.17994032077242134,0.4354,0.2556,0.209,0.167
ASCC2,ENSG00000100325,-0.5153,0.1531671920557765,0.18016972098283396,0.1386,0.1981,0.075,0.138
IRAK1,ENSG00000184216,-0.2611,0.15338292208602397,0.18039171273332524,0.1613,0.1933,0.075,0.138
ETS1,ENSG00000134954,1.6956,0.15427850345292676,0.1814130500989609,0.2356,0.0727,0.104,0.05
DTNB,ENSG00000138101,0.8826,0.15463654340345506,0.1818020548128281,0.3516,0.1906,0.169,0.121
RABGAP1,ENSG00000011454,0.6628,0.15489515767110332,0.18204201268437428,0.5245,0.3313,0.244,0.213
ATXN3,ENSG00000066427,1.1021,0.15488211043792693,0.18204201268437428,0.2652,0.1235,0.139,0.087
NFYC,ENSG00000066136,-0.3439,0.15504526085357972,0.18218636475036223,0.1885,0.2392,0.1,0.165
ADNP,ENSG00000101126,0.8614,0.1552128976832672,0.1823512653696643,0.3962,0.218,0.189,0.147
DNAH5,ENSG00000039139,1.0574,0.15538285188541343,0.18245465325996418,0.3111,0.1495,0.144,0.092
GTF2IRD2B,ENSG00000174428,-0.8086,0.1553654141862405,0.18245465325996418,0.0953,0.1669,0.05,0.111
QSER1,ENSG00000060749,1.2549,0.15537849232133796,0.18245465325996418,0.256,0.1072,0.129,0.076
CTDSPL2,ENSG00000137770,1.0719,0.15543081321899152,0.182478889346044,0.3016,0.1434,0.149,0.099
OTUD4,ENSG00000164164,1.1899,0.15553331371583354,0.18256713573076488,0.3245,0.1422,0.149,0.099
UBE2W,ENSG00000104343,0.8454,0.15568388610965572,0.1827117686393236,0.3512,0.1954,0.179,0.131
ATP9A,ENSG00000054793,1.3187,0.15676732469647417,0.18395097709904268,0.1998,0.0801,0.109,0.054
SGPL1,ENSG00000166224,1.4165,0.1568265853548254,0.18398818963373947,0.1917,0.0718,0.109,0.053
ZNF44,ENSG00000197857,1.2063,0.1570418223032863,0.1842083475875745,0.2946,0.1276,0.139,0.088
ATRN,ENSG00000088812,1.1026,0.15712094515089306,0.18426879590216239,0.2899,0.135,0.144,0.093
HAT1,ENSG00000128708,-0.418,0.15745535255748744,0.18462856385734877,0.1382,0.1847,0.065,0.128
ARMC8,ENSG00000114098,0.9346,0.15790500979106514,0.18512332111541585,0.3595,0.188,0.174,0.127
RBM47,ENSG00000163694,0.2842,0.15909997360668482,0.1864915275042204,0.9228,0.7577,0.393,0.448
VPS35L,ENSG00000103544,1.0598,0.15939533631233238,0.186804957225841,0.2997,0.1437,0.149,0.097
NSD3,ENSG00000147548,0.5752,0.16012329229934297,0.18762517004689677,0.6172,0.4142,0.284,0.272
ABCC4,ENSG00000125257,-0.1436,0.1601768191046684,0.18765496839152435,0.3532,0.3901,0.164,0.241
ARL6IP6,ENSG00000177917,-0.9903,0.1602125111557663,0.1876638656628136,0.0727,0.1445,0.045,0.102
ZNF146,ENSG00000167635,-0.5491,0.1607396675010122,0.18824833232320895,0.1107,0.1621,0.055,0.116
NAA16,ENSG00000172766,1.3188,0.1608671854446707,0.18836464438726433,0.279,0.1118,0.129,0.077
WDR41,ENSG00000164253,1.223,0.16106644522615376,0.18856490581340596,0.2949,0.1263,0.139,0.09
PRDM2,ENSG00000116731,0.8057,0.162369561143897,0.19005718522258816,0.391,0.2236,0.194,0.15
PYROXD1,ENSG00000121350,-0.539,0.16254090207905603,0.19022440599019014,0.1172,0.1704,0.06,0.12
TGFB1,ENSG00000105329,1.1271,0.1630828742551933,0.19082524827442818,0.1987,0.0909,0.114,0.058
ATL3,ENSG00000184743,-0.1738,0.1639732947560122,0.19183353226053695,0.2109,0.2379,0.1,0.166
DDX3Y,ENSG00000067048,-0.824,0.16417544992563682,0.1920363975575006,0.0922,0.1633,0.055,0.113
CMTM4,ENSG00000183723,0.8578,0.16452113777021904,0.19240705290969937,0.3036,0.1675,0.164,0.114
KDM3A,ENSG00000115548,1.5141,0.1645530049901942,0.19241063030978764,0.2462,0.0861,0.114,0.062
KIAA1958,ENSG00000165185,0.8084,0.16481038918484525,0.19267785565649945,0.2989,0.1706,0.159,0.108
BRD3,ENSG00000169925,-0.6277,0.1650635129149487,0.19294000748318907,0.1032,0.1596,0.055,0.113
AFF3,ENSG00000144218,-0.1532,0.1652415586442726,0.19308054062020585,0.3953,0.4396,0.169,0.245
NOP14,ENSG00000087269,-0.8828,0.16522785768916703,0.19308054062020585,0.0871,0.1607,0.055,0.113
PPP2R2A,ENSG00000221914,0.5492,0.16540146630829244,0.1932335829059096,0.5946,0.4063,0.279,0.262
TBC1D22B,ENSG00000065491,1.3806,0.1661385417691552,0.19406074160129202,0.187,0.0717,0.104,0.049
SFMBT1,ENSG00000163935,1.4015,0.16628992393758368,0.19420360237438736,0.2948,0.1115,0.124,0.074
PTDSS1,ENSG00000156471,-0.5387,0.16708983655045273,0.19510367453155136,0.1149,0.1669,0.06,0.12
ZNF117,ENSG00000152926,-0.6873,0.16744704880782746,0.19545243603416282,0.1012,0.163,0.05,0.109
TRAFD1,ENSG00000135148,-1.0428,0.16742629177537927,0.19545243603416282,0.0743,0.1532,0.05,0.106
LMTK2,ENSG00000164715,0.8325,0.16757393934630782,0.19556637094076357,0.3475,0.1951,0.174,0.13
CSNK1G2,ENSG00000133275,-0.4809,0.16762933239278066,0.19559683980632112,0.1324,0.1848,0.07,0.129
RAB10,ENSG00000084733,0.4707,0.16772630331583016,0.1956758043399877,0.732,0.5282,0.323,0.335
USP14,ENSG00000101557,-0.183,0.16789725934490163,0.19580684392606915,0.2845,0.323,0.149,0.218
TRAF3IP2,ENSG00000056972,-0.6482,0.16788801513448914,0.19580684392606915,0.1124,0.1762,0.065,0.124
CDS2,ENSG00000101290,-0.1648,0.16835995734867282,0.196312177921052,0.2082,0.2334,0.095,0.16
HMOX1,ENSG00000100292,0.1132,0.16878648425219678,0.19677516640258724,0.3881,0.3588,0.144,0.227
ARHGAP17,ENSG00000140750,1.2382,0.16883289468335438,0.19679492209251728,0.2854,0.1209,0.134,0.084
SLC35E2B,ENSG00000189339,-0.9377,0.1694580457530751,0.19748914457944314,0.0784,0.1503,0.05,0.107
PTPRF,ENSG00000142949,-0.1218,0.16956745080707736,0.19758217095960742,0.3566,0.388,0.174,0.255
FBXL4,ENSG00000112234,1.0613,0.16971651305453483,0.19772136589765185,0.2513,0.1204,0.134,0.082
USP54,ENSG00000166348,0.5221,0.17001259932178536,0.1980317668068023,0.5669,0.3948,0.269,0.243
TRIM27,ENSG00000204713,-0.4669,0.1701689582392012,0.1981793325335004,0.1515,0.2094,0.085,0.144
STX11,ENSG00000135604,-0.5175,0.1702203234699069,0.19820459212962138,0.1071,0.1533,0.05,0.109
GOPC,ENSG00000047932,-0.1751,0.17038383559667514,0.19829127686882617,0.2247,0.2537,0.109,0.175
TNFAIP8,ENSG00000145779,0.9614,0.17035579659094435,0.19829127686882617,0.3716,0.1908,0.169,0.125
MTF2,ENSG00000143033,0.9716,0.17036981566158804,0.19829127686882617,0.3466,0.1767,0.169,0.124
GMFB,ENSG00000197045,-0.3701,0.17058956064213526,0.19849611071930687,0.149,0.1926,0.075,0.135
ENTREP1,ENSG00000135063,1.3701,0.17067845396406922,0.19856495280021222,0.2297,0.0888,0.109,0.057
POMGNT1,ENSG00000085998,-0.2979,0.17095471229946269,0.19885171080601033,0.1308,0.1608,0.055,0.116
MAP3K3,ENSG00000198909,1.0045,0.17105780955464533,0.19893698589856804,0.3313,0.1651,0.159,0.113
ATAD1,ENSG00000138138,-0.3823,0.1712688353131102,0.19914772824795668,0.1878,0.2448,0.104,0.165
CPSF6,ENSG00000111605,0.6866,0.17155755232831382,0.19944871923425728,0.482,0.2995,0.229,0.196
MINK1,ENSG00000141503,1.262,0.1727680038594187,0.20082100553029195,0.2326,0.0969,0.119,0.067
ZNF277,ENSG00000198839,0.7301,0.17294988474342599,0.20098443739924,0.4525,0.2728,0.219,0.184
PCID2,ENSG00000126226,-0.6206,0.17296878966474494,0.20098443739924,0.1205,0.1853,0.075,0.131
HDHD2,ENSG00000167220,-0.5595,0.1730066041421503,0.20099340912600833,0.1061,0.1564,0.055,0.114
ASCC1,ENSG00000138303,1.587,0.17359351910718168,0.20164019375945502,0.2194,0.073,0.104,0.052
PMEPA1,ENSG00000124225,1.0299,0.17421993303834304,0.20233262611077954,0.3323,0.1627,0.159,0.114
FRMD4B,ENSG00000114541,0.3885,0.1742722103005533,0.2023581523987127,0.8248,0.63,0.348,0.367
TAPT1,ENSG00000169762,-0.1965,0.17480515488739656,0.20294170510914683,0.2777,0.3182,0.134,0.203
FAM193B,ENSG00000146067,1.2736,0.17497671660366487,0.20310557702396204,0.2195,0.0907,0.114,0.062
MIB1,ENSG00000101752,0.9144,0.17521997743814088,0.20335260283394316,0.299,0.1586,0.159,0.11
EEA1,ENSG00000102189,0.6249,0.17617637694010357,0.20442703641121468,0.5404,0.3504,0.254,0.23
DMTF1,ENSG00000135164,0.7529,0.17620992127652157,0.20443044366960006,0.2923,0.1734,0.164,0.114
NT5C3A,ENSG00000122643,-0.5071,0.1762770242337377,0.20447277611273604,0.133,0.1891,0.075,0.133
TRAPPC6B,ENSG00000182400,-0.7456,0.17653842788688623,0.20474043407822767,0.0904,0.1517,0.05,0.107
RALGPS1,ENSG00000136828,1.1431,0.176848168675399,0.20506404836510242,0.2311,0.1046,0.119,0.067
FUBP3,ENSG00000107164,-0.6793,0.17742069082812717,0.20569220517984052,0.1087,0.1742,0.065,0.122
NPNT,ENSG00000168743,-0.1268,0.17752186727699437,0.20577378541184405,0.576,0.629,0.264,0.375
SRFBP1,ENSG00000151304,-0.5032,0.1776905901610104,0.20593361993499715,0.1353,0.1919,0.075,0.133
EFHC1,ENSG00000096093,1.2116,0.17883622786605524,0.2072253931154377,0.2148,0.0927,0.114,0.062
RUFY2,ENSG00000204130,1.1789,0.1790252757848657,0.20740846781736655,0.2255,0.0995,0.119,0.068
RNF146,ENSG00000118518,-0.4326,0.17910772778426254,0.2074680044868348,0.1639,0.2212,0.095,0.153
SMC6,ENSG00000163029,1.234,0.1800409116987809,0.20851278814568366,0.2265,0.0962,0.119,0.068
VEGFA,ENSG00000112715,0.5476,0.18049421930696063,0.20900154139236998,0.5988,0.4096,0.274,0.263
FGFR1,ENSG00000077782,-0.1695,0.18111217517531308,0.2096807450157594,0.2135,0.2401,0.1,0.163
SPAG16,ENSG00000144451,1.0085,0.18210466035190354,0.21079324549226408,0.3839,0.1908,0.169,0.129
PDIA5,ENSG00000065485,-0.3094,0.18216851297823988,0.21083061829521127,0.1753,0.2172,0.09,0.149
HDAC5,ENSG00000108840,-0.64,0.18225203762000486,0.21089074138323155,0.0984,0.1534,0.05,0.107
XPOT,ENSG00000184575,-0.2298,0.18230118302737508,0.21091106901781365,0.1608,0.1885,0.07,0.129
EDEM2,ENSG00000088298,-0.9114,0.1825027819492403,0.21107118279462786,0.0744,0.1401,0.045,0.1
RHOT1,ENSG00000126858,-0.1875,0.18249048460166362,0.21107118279462786,0.3038,0.346,0.159,0.227
TRIM13,ENSG00000204977,-0.3816,0.18304447370297938,0.2116610179816827,0.1898,0.2473,0.104,0.166
CLSTN1,ENSG00000171603,1.1144,0.1833947433091404,0.21202933885437922,0.2623,0.1211,0.134,0.085
CMSS1,ENSG00000184220,0.8933,0.18380237019021994,0.21246383359302162,0.3859,0.2077,0.179,0.139
RNF24,ENSG00000101236,0.9178,0.18389881633408933,0.2125385350917776,0.3661,0.1937,0.174,0.132
VPS37A,ENSG00000155975,-0.1263,0.1848007882191406,0.21350708606048088,0.2076,0.2266,0.095,0.157
MINDY3,ENSG00000148481,1.0943,0.18479334103004774,0.21350708606048088,0.2453,0.1148,0.129,0.079
C9orf72,ENSG00000147894,1.3354,0.18489513850431816,0.21357914736602232,0.2093,0.0829,0.109,0.058
PHF14,ENSG00000106443,0.6348,0.18559643087318822,0.21435216354868133,0.5168,0.3328,0.244,0.22
NDEL1,ENSG00000166579,1.0778,0.1860999828126103,0.21489657420564043,0.2943,0.1394,0.144,0.098
RFTN1,ENSG00000131378,-0.1208,0.1863746185883034,0.21513931516613868,0.4288,0.4663,0.209,0.289
SPICE1,ENSG00000163611,1.282,0.1863746185883034,0.21513931516613868,0.1914,0.0787,0.104,0.052
ZNF704,ENSG00000164684,0.9259,0.18722287974219387,0.2160438171731363,0.329,0.1731,0.159,0.116
MLXIP,ENSG00000175727,0.6859,0.1871978165500371,0.2160438171731363,0.4072,0.2531,0.209,0.171
PTRH2,ENSG00000141378,-0.4529,0.18732064986758723,0.21608197244656563,0.1375,0.1882,0.07,0.127
MTERF4,ENSG00000122085,-0.5664,0.18730059138452337,0.21608197244656563,0.1447,0.2143,0.09,0.146
MT-ND6,ENSG00000198695,0.344,0.1875991250143101,0.21636583594725903,1.0382,0.8179,0.388,0.458
WDTC1,ENSG00000142784,-0.5094,0.188043811965802,0.21684126728584108,0.1184,0.1686,0.06,0.117
AGO2,ENSG00000123908,0.6984,0.18808907790232787,0.2168560247384167,0.4309,0.2655,0.209,0.174
ANXA3,ENSG00000138772,-0.2415,0.1882400224242543,0.21699259747524932,0.2839,0.3357,0.144,0.211
GIT2,ENSG00000139436,1.1837,0.18878416268735854,0.21758229897995993,0.2237,0.0984,0.119,0.068
CPT1A,ENSG00000110090,-0.6392,0.18902385055252913,0.21782096236030749,0.0982,0.153,0.05,0.106
HMGXB4,ENSG00000100281,-0.4098,0.18917787363120409,0.2179608449168211,0.1412,0.1876,0.075,0.133
CMTM7,ENSG00000153551,-0.1381,0.18945585397169407,0.21824347165866587,0.371,0.4083,0.184,0.262
ESCO1,ENSG00000141446,-0.6952,0.18957724878018278,0.21830800769014497,0.1151,0.1864,0.075,0.128
INPP5B,ENSG00000204084,1.0967,0.18956207129520475,0.21830800769014497,0.2683,0.1254,0.129,0.08
CREM,ENSG00000095794,-0.2728,0.18963796767502927,0.21834028376168257,0.1593,0.1925,0.075,0.133
DDX42,ENSG00000198231,-0.2325,0.1897569170187876,0.21843958096664642,0.2547,0.2993,0.139,0.202
HBS1L,ENSG00000112339,-0.3043,0.19004819507793602,0.2187371867870989,0.156,0.1926,0.075,0.133
PELI1,ENSG00000197329,0.7098,0.19014451583708025,0.21877264793727114,0.452,0.2763,0.209,0.171
MTHFR,ENSG00000177000,-0.3064,0.19013944542719408,0.21877264793727114,0.1996,0.2468,0.104,0.165
CNOT6L,ENSG00000138767,1.1896,0.19036771247619688,0.21899172435902842,0.3662,0.1605,0.154,0.113
ANKRD12,ENSG00000101745,0.2901,0.19043369384544584,0.21902990204817166,0.8938,0.7309,0.383,0.431
ITPRIPL2,ENSG00000205730,-0.2262,0.19071811379943737,0.21931926344119185,0.2063,0.2413,0.104,0.165
AXIN2,ENSG00000168646,-0.5602,0.1909062056176285,0.2194977702393081,0.1098,0.1619,0.055,0.112
USP7,ENSG00000187555,-0.1144,0.19099775909958694,0.2195652380423651,0.2097,0.227,0.095,0.157
MANBA,ENSG00000109323,0.871,0.1910537243555387,0.21959177851843795,0.423,0.2313,0.189,0.153
ERLIN2,ENSG00000147475,-1.1515,0.19144072317573568,0.21999872506722962,0.0648,0.1441,0.05,0.102
SUN2,ENSG00000100242,-0.453,0.19147894509151986,0.2200047951602032,0.1202,0.1646,0.06,0.116
FYCO1,ENSG00000163820,1.1625,0.19200187405061775,0.2205676843453863,0.2022,0.0903,0.114,0.063
PHF20L1,ENSG00000129292,-0.1397,0.19233403122829906,0.22091126303934813,0.2875,0.3167,0.149,0.214
GJA1,ENSG00000152661,-0.2746,0.1935487054848677,0.2222681918730109,0.2186,0.2644,0.109,0.171
FBXW11,ENSG00000072803,0.4617,0.1936617451547169,0.22235977237207397,0.5903,0.4286,0.284,0.266
OGDH,ENSG00000105953,-0.1436,0.1940140200286946,0.2227259607720267,0.3291,0.3635,0.169,0.24
INPPL1,ENSG00000165458,-0.6481,0.19410409264854156,0.22279106973700102,0.1167,0.1829,0.07,0.125
CNOT2,ENSG00000111596,0.6728,0.19450335464490942,0.2232109803562457,0.5112,0.3206,0.239,0.214
ST14,ENSG00000149418,-0.3413,0.19498842910113934,0.22372920769051874,0.1802,0.2283,0.1,0.158
BICDL2,ENSG00000162069,-0.3086,0.19510466884283773,0.22382412971510016,0.1574,0.1949,0.075,0.133
RBBP8,ENSG00000101773,-0.2148,0.196295813268891,0.2251519383175207,0.1969,0.2285,0.095,0.156
SORBS2,ENSG00000154556,-0.2311,0.19658923390502503,0.22544977562700244,0.297,0.3486,0.149,0.217
CDK7,ENSG00000134058,-0.6801,0.19694020166589887,0.22581349475133708,0.088,0.1411,0.045,0.101
DCUN1D4,ENSG00000109184,1.006,0.19733591418555863,0.22622838497173808,0.2137,0.1064,0.124,0.074
USP40,ENSG00000085982,0.9751,0.1987071605400429,0.22776130517366508,0.348,0.177,0.159,0.117
NSD2,ENSG00000109685,0.8719,0.1989848648968935,0.2280404791774797,0.3485,0.1904,0.169,0.127
TRIOBP,ENSG00000100106,-0.2072,0.19993275956029077,0.22904818200740687,0.2186,0.2523,0.114,0.174
ODF2L,ENSG00000122417,0.7669,0.19991171791866946,0.22904818200740687,0.4201,0.2468,0.199,0.165
PLIN3,ENSG00000105355,-0.6455,0.19997221699756484,0.22905409660894113,0.1013,0.1585,0.06,0.114
PGM3,ENSG00000013375,-0.234,0.20038554612594295,0.22948817945390482,0.1594,0.1875,0.075,0.132
SLC20A2,ENSG00000168575,0.6787,0.20067551110074822,0.22978085695900863,0.4501,0.2812,0.214,0.181
INO80D,ENSG00000114933,0.9179,0.20086019363231478,0.22995290251460926,0.335,0.1773,0.164,0.12
N4BP2L1,ENSG00000139597,-0.5409,0.20129336401082043,0.23040931931932643,0.1228,0.1787,0.07,0.124
CCDC50,ENSG00000152492,-0.1392,0.20139118560989167,0.23048179038527528,0.3275,0.3607,0.169,0.237
IQCG,ENSG00000114473,1.1827,0.20147317093713646,0.23052083693797795,0.1796,0.079,0.104,0.053
MCM9,ENSG00000111877,1.1861,0.2014943323916627,0.23052083693797795,0.1909,0.0839,0.104,0.054
ZNFX1,ENSG00000124201,1.1565,0.20188611172126414,0.23089904445408632,0.2251,0.1009,0.119,0.071
RPP30,ENSG00000148688,-0.7883,0.20189405893275403,0.23089904445408632,0.0828,0.1431,0.05,0.102
RETREG3,ENSG00000141699,-0.5519,0.20212462728527691,0.23112316138304476,0.1071,0.157,0.055,0.11
HPRT1,ENSG00000165704,-0.4352,0.20229966919111608,0.231283719706858,0.1266,0.1712,0.065,0.121
STK11,ENSG00000118046,-0.778,0.20241907926770053,0.23131662397679117,0.0849,0.1457,0.05,0.104
MICU1,ENSG00000107745,0.5769,0.20237661646867655,0.23131662397679117,0.4891,0.3279,0.239,0.211
PPP4R3B,ENSG00000275052,0.6286,0.20243235022373773,0.23131662397679117,0.4895,0.3166,0.239,0.212
ZFYVE16,ENSG00000039319,0.9079,0.20281216796816948,0.2316744008787398,0.3495,0.1862,0.169,0.126
RAP1GDS1,ENSG00000138698,1.0422,0.2028148258628525,0.2316744008787398,0.305,0.1481,0.144,0.101
TSPAN15,ENSG00000099282,-0.3736,0.20294243464811879,0.2317805268493135,0.1547,0.2004,0.085,0.142
GAPVD1,ENSG00000165219,0.6311,0.20312331385211924,0.23194744626744818,0.4676,0.3019,0.229,0.199
SLC38A10,ENSG00000157637,-0.1147,0.20329366032387197,0.23210228329968222,0.2594,0.2808,0.124,0.188
POLR1C,ENSG00000171453,-0.6564,0.20341083384788217,0.23219636972654334,0.1042,0.1643,0.06,0.114
SLC25A43,ENSG00000077713,1.2948,0.20430723520330674,0.2331797716888048,0.1904,0.0775,0.104,0.055
LRP2BP,ENSG00000109771,0.9525,0.20434464752639214,0.23318262443683122,0.2126,0.1098,0.104,0.052
TTC39B,ENSG00000155158,0.8214,0.20444622038218985,0.2332586788405613,0.3362,0.1902,0.169,0.128
CAV1,ENSG00000105974,-0.1193,0.20475383565689964,0.23356974694319943,0.4594,0.4991,0.199,0.286
TACC1,ENSG00000147526,0.2415,0.20497070574227194,0.23377721032319573,0.9457,0.8,0.398,0.469
TSNAX,ENSG00000116918,-0.5646,0.20508322262550505,0.23382568178828067,0.1137,0.1681,0.07,0.123
FBXW8,ENSG00000174989,1.3634,0.2050617873770466,0.23382568178828067,0.2165,0.0841,0.104,0.055
DDHD1,ENSG00000100523,1.3139,0.20519578440490815,0.2339140884178839,0.2317,0.0931,0.114,0.066
CNTRL,ENSG00000119397,1.2512,0.2056518503794481,0.23439397759118327,0.2361,0.0991,0.114,0.067
BRD4,ENSG00000141867,0.4674,0.2058962822609579,0.2346325318582047,0.6697,0.4844,0.308,0.308
BSDC1,ENSG00000160058,-0.369,0.20597422246528763,0.23468130874200888,0.1651,0.2133,0.095,0.149
FEM1B,ENSG00000169018,-0.2593,0.20702986255486666,0.23584384308442,0.1506,0.1802,0.07,0.127
ARHGAP1,ENSG00000175220,-0.2539,0.2071593939556612,0.23595115829295038,0.1585,0.189,0.075,0.132
MED27,ENSG00000160563,1.0697,0.20756726164278794,0.23637540332688503,0.2939,0.14,0.139,0.094
LEMD3,ENSG00000174106,0.938,0.2077808813361035,0.2365783338635928,0.2899,0.1513,0.149,0.105
ARHGEF38,ENSG00000236699,-0.376,0.2078241654944012,0.23658728504126567,0.2452,0.3182,0.134,0.191
ZBTB7A,ENSG00000178951,-0.1597,0.20836576932310047,0.23716342421761893,0.2915,0.3257,0.154,0.218
PLAUR,ENSG00000011422,1.1679,0.2085826970972754,0.23736988139592816,0.2746,0.1222,0.124,0.078
DTX3L,ENSG00000163840,-0.3688,0.20896543069000473,0.23776492531150623,0.1597,0.2062,0.09,0.143
MAP2K1,ENSG00000169032,0.7716,0.20929971999153518,0.23810472318573728,0.4244,0.2486,0.199,0.166
UQCC1,ENSG00000101019,1.2854,0.20933779371935923,0.23810748028807907,0.2155,0.0884,0.109,0.061
UBXN7,ENSG00000163960,1.1465,0.21014668299733086,0.23898683734704118,0.3369,0.1521,0.149,0.107
GALNT5,ENSG00000136542,-0.7904,0.21347381461099457,0.24272924885713873,0.0962,0.1664,0.06,0.112
CAMK2G,ENSG00000148660,-0.3336,0.21373322492599212,0.24298284413288532,0.1674,0.211,0.09,0.145
SLC4A4,ENSG00000080493,-0.1416,0.21389892485137063,0.24312983646737651,0.3105,0.3425,0.139,0.203
ARL13B,ENSG00000169379,-0.1635,0.21416976732060855,0.2433962695140964,0.2315,0.2593,0.114,0.177
ARK2N,ENSG00000152242,1.4549,0.21432741186559257,0.24353398840597018,0.2392,0.0872,0.109,0.063
GPAT4,ENSG00000158669,-0.5655,0.21450728405746078,0.24369691277764596,0.1084,0.1605,0.06,0.113
DDX19B,ENSG00000157349,-0.6044,0.21552213487787186,0.24480822089273915,0.0999,0.1519,0.055,0.108
DCBLD1,ENSG00000164465,1.1168,0.21623681272224893,0.2455782472660943,0.3028,0.1396,0.139,0.096
TENT4A,ENSG00000112941,1.2001,0.2165181448158685,0.24585594852519307,0.2444,0.1063,0.119,0.073
YY1AP1,ENSG00000163374,-0.3047,0.2170592640440998,0.2464284930393579,0.1789,0.221,0.095,0.151
ZC3H12C,ENSG00000149289,1.2183,0.2173553378027372,0.2467226888484843,0.2088,0.0897,0.109,0.061
HIP1R,ENSG00000130787,-0.5692,0.2188344471721686,0.24835943460712218,0.1119,0.1661,0.06,0.113
ANKH,ENSG00000154122,1.1099,0.2192559643127907,0.24879554632095296,0.2243,0.1039,0.119,0.073
FAM234A,ENSG00000167930,-0.5063,0.2200387168161435,0.2495989452471166,0.1119,0.159,0.06,0.113
DTWD1,ENSG00000104047,-0.3628,0.22001616358205367,0.2495989452471166,0.1376,0.177,0.07,0.124
SEC16A,ENSG00000148396,-0.2932,0.22078390431167705,0.25040171453518273,0.1761,0.2158,0.095,0.149
RBM26,ENSG00000139746,0.498,0.22095351717167255,0.2505515350067234,0.5742,0.4066,0.274,0.259
MXRA7,ENSG00000182534,-0.7294,0.2210779592918839,0.25065009168400826,0.0922,0.1529,0.055,0.106
CTCF,ENSG00000102974,-0.6141,0.2226206682617592,0.2523563209980125,0.1086,0.1663,0.065,0.116
EHD4,ENSG00000103966,-0.3636,0.22325243866802436,0.2530295329821372,0.1642,0.2113,0.095,0.148
RPA2,ENSG00000117748,-0.5709,0.22375991909852055,0.25356167282983016,0.0932,0.1384,0.05,0.101
RPS6KA5,ENSG00000100784,0.9269,0.22520130330345256,0.25515173956976417,0.2456,0.1291,0.129,0.084
OPTN,ENSG00000123240,1.2082,0.22539628234517262,0.25532933680179914,0.2239,0.0969,0.114,0.068
CSNK1E,ENSG00000213923,-0.3302,0.22564304608236596,0.25556552565442126,0.1857,0.2335,0.104,0.161
TBK1,ENSG00000183735,1.1523,0.22765009815888004,0.2577950162094201,0.2718,0.1222,0.129,0.085
MRPS27,ENSG00000113048,-0.389,0.22774543802353764,0.2578592609864736,0.146,0.1912,0.08,0.133
SBNO2,ENSG00000064932,0.9337,0.22794198564136625,0.2580380545929975,0.3021,0.1581,0.144,0.104
TDP2,ENSG00000111802,-0.4336,0.22846284202214873,0.2585838539003443,0.1109,0.1499,0.055,0.106
RBM10,ENSG00000182872,-0.2871,0.22880185286202126,0.2589236826949238,0.1194,0.1457,0.05,0.102
TAF3,ENSG00000165632,0.9197,0.22952452925782707,0.25969749803710435,0.2934,0.155,0.149,0.106
GSR,ENSG00000104687,-0.2868,0.2297483359022735,0.2599066963908003,0.1616,0.1972,0.08,0.134
PDK4,ENSG00000004799,1.082,0.23091638374282875,0.261183831840534,0.2737,0.1293,0.129,0.086
DPP8,ENSG00000074603,-0.4191,0.23098058805267907,0.26121221598439615,0.1351,0.1807,0.075,0.127
CLSTN3,ENSG00000139182,-0.4051,0.23119956170869915,0.26141558704120565,0.147,0.1947,0.08,0.131
DBT,ENSG00000137992,-0.428,0.23216772703382127,0.26246585119480237,0.111,0.1494,0.055,0.106
SS18,ENSG00000141380,-0.2893,0.2330888244228474,0.2634625585243185,0.1882,0.23,0.104,0.159
CCM2,ENSG00000136280,0.9915,0.2331475807192449,0.26348438098542076,0.253,0.1272,0.134,0.091
HDAC7,ENSG00000061273,-0.419,0.23374160815534017,0.2641110135120144,0.1685,0.2253,0.1,0.152
LASP1,ENSG00000002834,-0.3283,0.23453432888410375,0.2649619050434589,0.1502,0.1886,0.08,0.133
WDR43,ENSG00000163811,-0.2441,0.23479702327782748,0.26521382013742767,0.2053,0.2431,0.109,0.164
TRIQK,ENSG00000205133,-0.59,0.23524023802237248,0.2656695214324359,0.1089,0.164,0.065,0.115
CDCP1,ENSG00000163814,1.3447,0.2355182875964268,0.26593857022088496,0.2506,0.0986,0.114,0.07
ACYP2,ENSG00000170634,0.4746,0.2356781233451234,0.26607406792124394,0.5427,0.3905,0.264,0.248
ZNF787,ENSG00000142409,-0.5845,0.23579656967034157,0.2661412235164249,0.1,0.15,0.055,0.105
CTNNBL1,ENSG00000132792,0.9693,0.2358173021066331,0.2661412235164249,0.2673,0.1365,0.139,0.096
GALNT1,ENSG00000141429,0.7659,0.23671595683331503,0.2671103016877363,0.4082,0.24,0.194,0.165
KCNS3,ENSG00000170745,-0.4473,0.23866984688281656,0.26926957894093445,0.1288,0.1756,0.07,0.121
NPHP3,ENSG00000113971,1.21,0.23959712829737567,0.27027009287251685,0.2006,0.0866,0.104,0.059
LPIN1,ENSG00000134324,-0.1505,0.23966303176780768,0.2702987823669685,0.2516,0.2793,0.129,0.187
SYK,ENSG00000165025,1.1923,0.239914780760224,0.27053702865060547,0.2495,0.1091,0.119,0.076
IFT140,ENSG00000187535,1.0131,0.24007071875843733,0.27066717261775874,0.2094,0.1037,0.114,0.069
TUT4,ENSG00000134744,0.5794,0.24016071547618223,0.2707229398591428,0.4616,0.3089,0.229,0.202
OGFR,ENSG00000060491,-0.4557,0.2416551217468793,0.2723615521679728,0.1257,0.1724,0.07,0.121
NFIL3,ENSG00000165030,-0.2003,0.24174252213865244,0.27241408897655806,0.1569,0.1803,0.07,0.123
ATP2A2,ENSG00000174437,0.6164,0.24217080382040534,0.27285067454731565,0.5647,0.3683,0.254,0.244
LETM1,ENSG00000168924,-0.3924,0.2427174855806128,0.27332828969700096,0.1186,0.1557,0.06,0.11
NACC2,ENSG00000148411,1.2516,0.24271446285753684,0.27332828969700096,0.1972,0.0827,0.104,0.06
WDR20,ENSG00000140153,0.9488,0.2426872595409416,0.27332828969700096,0.2411,0.1249,0.129,0.086
KIF3B,ENSG00000101350,-0.5793,0.24324686979472943,0.27387826084946015,0.1018,0.1522,0.06,0.109
SLC39A9,ENSG00000029364,-0.6526,0.24410164105383725,0.2747480385235219,0.097,0.1525,0.06,0.108
ITPK1,ENSG00000100605,-0.2251,0.24406522489343785,0.2747480385235219,0.1626,0.19,0.08,0.132
BTBD7,ENSG00000011114,0.7999,0.2448672619773452,0.27556334334400817,0.392,0.2251,0.184,0.153
CYBC1,ENSG00000178927,-0.5821,0.24504371462623276,0.27571545990374136,0.0954,0.1429,0.055,0.104
IQCB1,ENSG00000173226,1.0881,0.24532378799757548,0.2759840963509865,0.2737,0.1287,0.129,0.088
ATG2B,ENSG00000066739,1.104,0.24550047135672504,0.2761363503185528,0.2801,0.1302,0.129,0.089
HYCC2,ENSG00000155744,0.81,0.24575651579707747,0.2763778024934636,0.3226,0.184,0.164,0.126
RBM27,ENSG00000091009,1.148,0.2460493672328583,0.2766605595535792,0.2011,0.0907,0.109,0.065
NUP214,ENSG00000126883,1.0532,0.24671223473390336,0.2773592014455042,0.263,0.1267,0.129,0.087
TERF1,ENSG00000147601,-0.2987,0.24703954659924487,0.2776804328065225,0.1393,0.1713,0.07,0.122
CRY1,ENSG00000008405,0.7893,0.24718953856630999,0.27780227630563425,0.3245,0.1877,0.159,0.121
TUSC3,ENSG00000104723,-0.3891,0.2472905894961207,0.2778690860101935,0.1302,0.1706,0.065,0.115
OXR1,ENSG00000164830,0.7851,0.2480509281184926,0.27867655995011137,0.4196,0.2434,0.194,0.164
VPS37B,ENSG00000139722,0.5084,0.24888057445367318,0.2795616139885777,0.5268,0.3703,0.254,0.238
KDM1A,ENSG00000004487,-0.4796,0.24900364984679546,0.2796528295488056,0.1178,0.1643,0.065,0.115
MDFIC,ENSG00000135272,1.0484,0.24965049376738357,0.28033215330738986,0.3058,0.1478,0.139,0.101
ABHD3,ENSG00000158201,1.2673,0.2499836131524732,0.2806590271046173,0.2818,0.117,0.124,0.084
UBE2R2,ENSG00000107341,0.6969,0.25060441173315173,0.28130871696902865,0.477,0.2942,0.219,0.198
SLC16A3,ENSG00000141526,1.0218,0.25079302599612296,0.28147313403261726,0.2238,0.1102,0.119,0.075
MAN1A1,ENSG00000111885,0.8132,0.2510591094790443,0.2817244274547273,0.4829,0.2748,0.204,0.182
PMM2,ENSG00000140650,0.8946,0.2515918673162334,0.2822748331606119,0.2552,0.1372,0.134,0.093
OSBPL9,ENSG00000117859,0.6075,0.2517065751864799,0.2823560993736142,0.6228,0.4087,0.269,0.263
SLC9A1,ENSG00000090020,-0.6763,0.2517654934003294,0.28237476581373633,0.0929,0.1485,0.055,0.103
WDR59,ENSG00000103091,0.8649,0.25223718537108974,0.28285630642940035,0.2184,0.1199,0.124,0.08
FAM114A1,ENSG00000197712,-0.6537,0.2529832158308938,0.28364527422100716,0.1018,0.1603,0.065,0.112
CLCN7,ENSG00000103249,-0.2326,0.25638449313990375,0.28741054543159067,0.1401,0.1646,0.065,0.115
COLEC12,ENSG00000158270,0.1065,0.25683074181713594,0.28781418197930386,0.4738,0.44,0.189,0.274
CFLAR,ENSG00000003402,0.1358,0.2568181640560505,0.28781418197930386,1.0166,0.9253,0.438,0.522
AHCTF1,ENSG00000153207,0.9872,0.2578888006789557,0.2889514007271842,0.3354,0.1691,0.154,0.117
RCOR1,ENSG00000089902,0.5419,0.2594498822822391,0.2906517550759938,0.5653,0.3883,0.259,0.249
MXI1,ENSG00000119950,-0.2493,0.2606043324982935,0.2918960819648,0.1348,0.1603,0.065,0.114
ZNF710,ENSG00000140548,0.9193,0.2606869290000082,0.2919396376242547,0.2415,0.1277,0.124,0.082
PRPF18,ENSG00000165630,-0.4771,0.2614979698819019,0.29279881657019663,0.1089,0.1516,0.06,0.108
ZNF451,ENSG00000112200,0.7315,0.2619280498761243,0.2932312177543805,0.4006,0.2412,0.194,0.163
TMEM45B,ENSG00000151715,-0.3248,0.26232989861216927,0.2936318741127331,0.1262,0.1581,0.06,0.11
TNFRSF14,ENSG00000157873,-0.1987,0.26275772858864044,0.29406147272847344,0.1585,0.1819,0.075,0.126
SLC22A15,ENSG00000163393,1.0217,0.2632596046543648,0.29457378111685417,0.2397,0.118,0.119,0.077
PIK3R3,ENSG00000117461,1.2996,0.2667363827502356,0.29841412066814466,0.2605,0.1058,0.109,0.069
PARP9,ENSG00000138496,-0.1444,0.2671917720953514,0.2988735296976808,0.2783,0.3076,0.149,0.205
MAVS,ENSG00000088888,-0.1834,0.2676379897084801,0.2993225273380674,0.2122,0.241,0.114,0.167
MED1,ENSG00000125686,-0.4335,0.26774800598146653,0.29939543478155284,0.1061,0.1434,0.055,0.102
ATF1,ENSG00000123268,-0.2394,0.2687655076598948,0.3004828968296681,0.1898,0.2241,0.104,0.155
UPF3B,ENSG00000125351,0.9109,0.2690284144383672,0.3007264903822351,0.2405,0.1279,0.129,0.09
DIMT1,ENSG00000086189,-0.7286,0.269727109436381,0.30145705554310387,0.0847,0.1405,0.055,0.101
KAT7,ENSG00000136504,-0.5547,0.2699743875299728,0.3016829403233543,0.0985,0.1447,0.055,0.102
SLC35F5,ENSG00000115084,0.7058,0.2710303171791715,0.3028122262361469,0.3374,0.2068,0.174,0.14
PXDC1,ENSG00000168994,1.2274,0.27126861735594354,0.30302777978263035,0.2317,0.0989,0.109,0.068
RNF130,ENSG00000113269,0.7289,0.27171622559632136,0.30347703524378433,0.4638,0.2798,0.209,0.19
NFYB,ENSG00000120837,-0.6377,0.2723902230940435,0.30417895001590306,0.0908,0.1414,0.055,0.101
HOOK3,ENSG00000168172,0.4716,0.2731112886796514,0.3049078516377559,0.6085,0.4388,0.284,0.278
ITGB3BP,ENSG00000142856,-0.604,0.27313425308409844,0.3049078516377559,0.1037,0.1577,0.06,0.106
LIMD1,ENSG00000144791,0.5422,0.2735051469063865,0.30527086834688427,0.3665,0.2516,0.199,0.167
ITGA6,ENSG00000091409,-0.1586,0.27357739634666034,0.30530048959053374,0.184,0.2053,0.085,0.136
NOL8,ENSG00000198000,-0.3607,0.27376136288083164,0.30545475153375784,0.1111,0.1426,0.055,0.102
PCGF3,ENSG00000185619,0.9952,0.27434667506362087,0.30605669663436175,0.2447,0.1227,0.124,0.084
SEMA4B,ENSG00000185033,0.6725,0.2756684019593346,0.30747983578597127,0.3657,0.2294,0.179,0.147
SRPK1,ENSG00000096063,-0.1864,0.2763358523322258,0.3081728431669621,0.2363,0.2689,0.129,0.181
CHIC2,ENSG00000109220,0.9114,0.2765376255634555,0.3083463774855291,0.3159,0.1679,0.149,0.114
FEM1C,ENSG00000145780,-0.2218,0.2766832292469349,0.3084057556976432,0.2307,0.2691,0.129,0.182
PGGT1B,ENSG00000164219,-0.2706,0.27666999038950957,0.3084057556976432,0.1403,0.1692,0.07,0.119
ZNF33B,ENSG00000196693,-0.1216,0.2769646570495382,0.3086679366650869,0.2013,0.219,0.1,0.152
NSUN6,ENSG00000241058,1.0176,0.2773556683217946,0.3090521369238015,0.2754,0.136,0.129,0.09
WLS,ENSG00000116729,-0.1026,0.277431926152379,0.3090855437484135,0.3147,0.3379,0.164,0.223
PRKD3,ENSG00000115825,0.9984,0.27846114258552956,0.310180448854028,0.2935,0.1469,0.139,0.101
TRIM37,ENSG00000108395,1.0915,0.27888686631935844,0.3106028647902276,0.225,0.1055,0.114,0.074
P2RX4,ENSG00000135124,-0.1374,0.2798930620791428,0.3116715174435803,0.1899,0.2089,0.095,0.146
CCNT2,ENSG00000082258,0.8625,0.2804739096072858,0.31226625141974695,0.3218,0.177,0.154,0.12
PRKCQ,ENSG00000065675,-0.2653,0.28077466902104653,0.31254900239859496,0.134,0.1611,0.055,0.103
RTCA,ENSG00000137996,-0.2557,0.2812931567541307,0.31307398666236275,0.151,0.1803,0.08,0.128
EYA3,ENSG00000158161,0.7809,0.28137014897469803,0.31310750166644585,0.2636,0.1534,0.139,0.101
PKN2,ENSG00000065243,0.4761,0.28201342462546797,0.3137710583164252,0.5912,0.425,0.279,0.273
KMT2E,ENSG00000005483,0.2529,0.2825636785326733,0.3143309142104805,0.817,0.6856,0.368,0.417
TSPAN14,ENSG00000108219,0.1182,0.2832155277459638,0.3150035819842285,0.3313,0.3053,0.144,0.206
UPF1,ENSG00000005007,-0.258,0.2835250079531739,0.3152952927271476,0.1345,0.1608,0.065,0.112
IL10RB,ENSG00000243646,-0.3893,0.2844345871562345,0.3162541381082887,0.119,0.1559,0.065,0.113
KIAA1671,ENSG00000197077,0.7101,0.2851805626386661,0.3170307885924852,0.2388,0.1459,0.139,0.1
MYO6,ENSG00000196586,0.2385,0.2856571924491268,0.31750780302341786,0.8768,0.7431,0.383,0.44
ATF2,ENSG00000115966,0.9398,0.2870122628192431,0.31896088242424697,0.2982,0.1554,0.144,0.108
SWAP70,ENSG00000133789,0.5961,0.2878137864540057,0.31979841619136645,0.4693,0.3104,0.224,0.206
MBD2,ENSG00000134046,0.7051,0.2887769246607025,0.3208152162024005,0.4077,0.25,0.199,0.172
PREP,ENSG00000085377,1.1754,0.2917342459207998,0.324046736821058,0.2439,0.1079,0.114,0.076
CRTC3,ENSG00000140577,1.0369,0.292221663257596,0.32448021428054596,0.2605,0.1269,0.124,0.086
YLPM1,ENSG00000119596,0.7763,0.2922079257084491,0.32448021428054596,0.2966,0.1731,0.154,0.118
STRBP,ENSG00000165209,0.5979,0.2928127882940089,0.32492052052096454,0.414,0.2735,0.204,0.178
ZC3H18,ENSG00000158545,-0.3561,0.29276464347426334,0.32492052052096454,0.1236,0.1583,0.065,0.111
ZNRF1,ENSG00000186187,0.9843,0.2926821218632484,0.32492052052096454,0.2286,0.1155,0.119,0.08
PPRC1,ENSG00000148840,-0.6688,0.2928059101372007,0.32492052052096454,0.0948,0.1508,0.06,0.104
FHIP2A,ENSG00000151553,1.0275,0.2929366136654977,0.3250039273541295,0.1868,0.0916,0.104,0.063
UBE2D1,ENSG00000072401,-0.2666,0.29312930076852584,0.32516369371084275,0.1444,0.1738,0.075,0.121
RGS3,ENSG00000138835,-0.5227,0.29414920266833966,0.32624087091030235,0.1079,0.155,0.065,0.109
RCAN2,ENSG00000172348,0.8141,0.29525447285670225,0.3274123566677593,0.215,0.1222,0.114,0.074
KLHL2,ENSG00000109466,-0.1266,0.2962065341343789,0.3284135859036382,0.222,0.2424,0.109,0.159
OSBPL2,ENSG00000130703,-0.5302,0.29756372556850896,0.3298635888916301,0.1133,0.1637,0.07,0.114
TRAK2,ENSG00000115993,-0.2417,0.2977445342349331,0.3300092506065579,0.1466,0.1733,0.075,0.123
TMEM184B,ENSG00000198792,-0.373,0.2978697524623487,0.3300932597803264,0.1276,0.1653,0.07,0.115
PSMD5,ENSG00000095261,-0.6263,0.29853817717968645,0.3307791117092113,0.1032,0.1594,0.07,0.113
NAA50,ENSG00000121579,0.1158,0.2986845284890397,0.3308863768084751,0.3677,0.3394,0.169,0.232
PAK1,ENSG00000149269,0.9878,0.30031854042910255,0.3326413816792663,0.1859,0.0937,0.104,0.065
TLE2,ENSG00000065717,-0.3177,0.3016216131914915,0.3340293076614113,0.1282,0.1598,0.065,0.11
ACVR1,ENSG00000115170,1.3056,0.30201467231407597,0.3344091505944485,0.242,0.0979,0.109,0.071
FNBP1L,ENSG00000137942,0.4917,0.30257677640615477,0.3349760135283785,0.5085,0.3616,0.244,0.234
NECAP2,ENSG00000157191,-0.1336,0.3039427668386586,0.336399065768066,0.1315,0.1442,0.06,0.105
PTER,ENSG00000165983,-0.1436,0.3040132895607196,0.336399065768066,0.149,0.1647,0.07,0.115
ATG10,ENSG00000152348,0.937,0.3039850791677732,0.336399065768066,0.2094,0.1093,0.114,0.076
MEF2D,ENSG00000116604,-0.1583,0.30430960366996396,0.3366711682808828,0.1522,0.1698,0.07,0.117
PPP1R9A,ENSG00000158528,0.4197,0.30588256109464784,0.338355353685186,0.5831,0.4358,0.269,0.266
FKBP15,ENSG00000119321,1.0806,0.30679343949266624,0.3393067366073055,0.1967,0.093,0.104,0.065
WWC2,ENSG00000151718,0.4652,0.3074395830388209,0.33996506210534516,0.5903,0.4275,0.274,0.271
ITPKC,ENSG00000086544,-0.1382,0.3077523269745466,0.34025455915626496,0.2919,0.3213,0.144,0.198
NBN,ENSG00000104320,-0.4145,0.30886996964216307,0.3414337185104282,0.1306,0.1742,0.08,0.123
PAXBP1,ENSG00000159086,0.8218,0.3089483762778201,0.34146387641230525,0.2411,0.1363,0.129,0.092
NEMF,ENSG00000165525,0.5226,0.3099259975937161,0.34248771309206316,0.5082,0.3537,0.244,0.23
KCMF1,ENSG00000176407,0.6885,0.3100510232227345,0.34251253458561753,0.3842,0.2383,0.189,0.164
KDM2B,ENSG00000089094,1.1271,0.3100510232227345,0.34251253458561753,0.2303,0.1054,0.109,0.072
OSMR,ENSG00000145623,0.4179,0.310133201053544,0.34254665947356056,0.5754,0.4307,0.269,0.265
CAPN7,ENSG00000131375,0.6118,0.3102761532722823,0.3426478881788316,0.3775,0.247,0.194,0.165
VEZT,ENSG00000028203,0.4869,0.31198421054224035,0.34444401712583417,0.5022,0.3583,0.249,0.236
TRMT11,ENSG00000066651,0.6403,0.3120057349320702,0.34444401712583417,0.3585,0.23,0.179,0.15
SEC23A,ENSG00000100934,0.9032,0.3144154487476115,0.3470468983945294,0.32,0.1711,0.149,0.117
TCF7L1,ENSG00000152284,-0.1996,0.3146570914034139,0.34725623157359575,0.2838,0.3259,0.149,0.2
OSBPL1A,ENSG00000141447,0.6922,0.31703309871835694,0.3498205957938057,0.3842,0.2378,0.189,0.162
SETD7,ENSG00000145391,-0.1518,0.31735223756407493,0.35011489836314114,0.1608,0.1787,0.08,0.126
PEX7,ENSG00000112357,-0.3477,0.31765343647623734,0.3503893149834499,0.1127,0.1434,0.06,0.102
APOOL,ENSG00000155008,-0.4681,0.31782044666718023,0.35051564783522077,0.1057,0.1462,0.06,0.103
MAPK9,ENSG00000050748,-0.3083,0.31816190727313043,0.3508343038925604,0.1343,0.1663,0.075,0.118
MED14,ENSG00000180182,1.1009,0.31831091746702,0.35088275586107054,0.2584,0.1204,0.119,0.085
CRY2,ENSG00000121671,-0.2566,0.3183072825282446,0.35088275586107054,0.1484,0.1773,0.075,0.12
ILKAP,ENSG00000132323,-0.1683,0.31843088570024936,0.3509570768303573,0.2032,0.2284,0.109,0.157
MSH3,ENSG00000113318,0.9159,0.3186054378060844,0.3510915227036525,0.2577,0.1366,0.124,0.089
NAF1,ENSG00000145414,-0.2863,0.318816438516104,0.35126608262109177,0.1296,0.158,0.07,0.112
SESN3,ENSG00000149212,1.216,0.31919137211893667,0.3516211734095956,0.2453,0.1055,0.109,0.074
UBL3,ENSG00000122042,0.4852,0.3200187004896432,0.35247442291727027,0.5953,0.4253,0.274,0.279
UBE2F,ENSG00000184182,-0.2603,0.32109595635026156,0.3536026203567019,0.1454,0.1742,0.08,0.123
VPS41,ENSG00000006715,0.6638,0.3221242885198722,0.35462618404762164,0.3859,0.2435,0.189,0.164
NUP205,ENSG00000155561,0.9831,0.3221316153042253,0.35462618404762164,0.1923,0.0972,0.104,0.066
CAAP1,ENSG00000120159,-0.4235,0.3225090917142899,0.3549247361278204,0.1337,0.1793,0.08,0.122
CWC22,ENSG00000163510,-0.2336,0.3225054255082245,0.3549247361278204,0.1539,0.181,0.08,0.125
RLIM,ENSG00000131263,-0.2057,0.32272544599317254,0.35510432517107077,0.1258,0.1451,0.06,0.104
RPAP2,ENSG00000122484,0.914,0.3235697645244131,0.3559747088220318,0.2818,0.1495,0.134,0.1
YTHDF3,ENSG00000185728,0.7269,0.32479842241843604,0.3572675664250221,0.3586,0.2166,0.174,0.148
NIPAL3,ENSG00000001461,-0.5117,0.3251300165747325,0.3575734201716842,0.1106,0.1577,0.07,0.112
UBA5,ENSG00000081307,-0.1953,0.32590828385967185,0.3583703371581739,0.1677,0.192,0.09,0.134
MAP3K2,ENSG00000169967,0.5346,0.32607442160326827,0.35849400195691006,0.5262,0.3632,0.244,0.239
PDHX,ENSG00000110435,-0.2522,0.3269022372793915,0.35934497083427513,0.1743,0.2076,0.1,0.144
THUMPD2,ENSG00000138050,-0.3748,0.3280760748789838,0.360575959209599,0.1238,0.1606,0.07,0.112
PCNX4,ENSG00000126773,0.7118,0.3283690336524402,0.3608385613301494,0.2844,0.1736,0.149,0.117
SCAP,ENSG00000114650,-0.4116,0.32845064730133533,0.3608688720719886,0.1141,0.1517,0.065,0.106
DSP,ENSG00000096696,-0.3034,0.3285396953740235,0.3609073397044577,0.1336,0.1649,0.075,0.117
GGA1,ENSG00000100083,-0.1708,0.3301229033395606,0.36258688890066193,0.1976,0.2224,0.109,0.155
LRP5,ENSG00000162337,-0.4608,0.33018246263299134,0.3625926780542172,0.1345,0.1852,0.085,0.126
ATE1,ENSG00000107669,0.6904,0.3309536381032768,0.3633798041906602,0.3049,0.1889,0.159,0.127
KANK2,ENSG00000197256,-0.1069,0.33313185233871023,0.3656512147527109,0.1573,0.1695,0.075,0.119
ANKFY1,ENSG00000185722,0.6595,0.33309066849793745,0.3656512147527109,0.3246,0.2055,0.169,0.14
SCFD1,ENSG00000092108,0.691,0.33319925116737314,0.36566509999127267,0.4305,0.2666,0.199,0.18
SH3PXD2A,ENSG00000107957,0.7225,0.33484951469253155,0.3674157891623818,0.4049,0.2454,0.184,0.161
RIOK3,ENSG00000101782,0.1327,0.33613585084997755,0.3687666471463535,0.4325,0.3945,0.189,0.258
ATL2,ENSG00000119787,0.6397,0.33651634116701945,0.3691082970503754,0.3928,0.2521,0.189,0.161
MYSM1,ENSG00000162601,0.8399,0.3365577974302719,0.3691082970503754,0.2795,0.1561,0.139,0.107
TRIM25,ENSG00000121060,1.0688,0.3371347569577493,0.36968035490408924,0.2477,0.118,0.119,0.085
MAPRE3,ENSG00000084764,-0.4331,0.3372517346759244,0.36974792119180877,0.109,0.1472,0.06,0.102
CPSF2,ENSG00000165934,-0.5847,0.3375688376677276,0.3700348378110541,0.1003,0.1505,0.065,0.105
PAK4,ENSG00000130669,-0.6052,0.34024917212824024,0.37285056942485917,0.0968,0.1473,0.065,0.105
NUP54,ENSG00000138750,-0.1942,0.34024158140435157,0.37285056942485917,0.1383,0.1582,0.07,0.112
MNAT1,ENSG00000020426,0.5558,0.34037443474043805,0.3728654829639799,0.3903,0.2654,0.199,0.176
RPP38,ENSG00000152464,-0.3154,0.3403630460093615,0.3728654829639799,0.146,0.1817,0.085,0.127
POGZ,ENSG00000143442,0.4981,0.34062125053763603,0.3730746691277257,0.3999,0.2831,0.209,0.188
OTUD7B,ENSG00000264522,0.7907,0.34094798297145357,0.3733713032081224,0.2575,0.1488,0.134,0.102
ACO1,ENSG00000122729,-0.1619,0.34163249096859716,0.37405957494741976,0.1692,0.1894,0.09,0.133
SLC25A29,ENSG00000197119,0.9176,0.3423254981203989,0.37469550998789647,0.2379,0.1259,0.119,0.085
CSNK1A1,ENSG00000113712,0.2082,0.34231787777536427,0.37469550998789647,0.9753,0.8442,0.403,0.499
SMAD4,ENSG00000141646,0.5868,0.34267996396421974,0.37502203495281394,0.3397,0.2261,0.179,0.153
BTBD1,ENSG00000064726,0.9524,0.34337432842142535,0.3757203701714777,0.204,0.1054,0.109,0.074
AZIN1,ENSG00000155096,0.1905,0.3442339874905428,0.37659619462972027,0.3339,0.2926,0.144,0.2
TPST2,ENSG00000128294,-0.3564,0.34428752274428387,0.37659619462972027,0.1208,0.1546,0.07,0.111
SNAPC1,ENSG00000023608,-0.1584,0.34436783558734074,0.37662236349891093,0.1308,0.146,0.06,0.102
REPS2,ENSG00000169891,0.8606,0.3468711469578891,0.3792980338133172,0.2288,0.126,0.119,0.086
FAT1,ENSG00000083857,0.8649,0.3477402217541897,0.38014912768142994,0.2468,0.1354,0.124,0.09
SLC44A1,ENSG00000070214,0.14,0.34776331339025857,0.38014912768142994,0.4168,0.3783,0.179,0.244
MFN1,ENSG00000171109,0.9079,0.34828698534789526,0.3806592661002442,0.2788,0.1485,0.134,0.102
ACSS1,ENSG00000154930,-0.1666,0.34881887040131654,0.381178212599868,0.1594,0.1789,0.08,0.123
PDXDC1,ENSG00000179889,0.4547,0.3495249915936035,0.38188735790179584,0.5632,0.4109,0.269,0.268
LRRC8B,ENSG00000197147,-0.1872,0.3500387524582891,0.38232360223530876,0.1386,0.1578,0.07,0.111
KIF3A,ENSG00000131437,-0.2657,0.35002329401901855,0.38232360223530876,0.148,0.178,0.08,0.122
PRCC,ENSG00000143294,-0.1221,0.35075030885959935,0.383038147951809,0.1702,0.1852,0.09,0.132
AP2A1,ENSG00000196961,-0.1184,0.3508896336035483,0.3831276545427659,0.1388,0.1507,0.065,0.106
TIMP1,ENSG00000102265,0.8252,0.35221496791547235,0.38451189452557044,0.4591,0.2591,0.174,0.154
TM7SF3,ENSG00000064115,0.1054,0.3530614231821716,0.38537297686447525,0.3719,0.3457,0.169,0.232
SEC24D,ENSG00000150961,0.7091,0.35324019725957356,0.3855051107020738,0.4823,0.295,0.209,0.197
NABP1,ENSG00000173559,1.0146,0.3534384702034753,0.3856584777796131,0.2551,0.1262,0.119,0.087
CECR2,ENSG00000099954,0.706,0.35375740947485057,0.3859434397063912,0.2517,0.1543,0.129,0.096
KPNA1,ENSG00000114030,0.7002,0.3542556293545286,0.38642386876676404,0.3804,0.2341,0.179,0.157
GALM,ENSG00000143891,-0.1011,0.35550701983119914,0.38772556914640416,0.1731,0.1857,0.085,0.128
APC,ENSG00000134982,0.7737,0.3560224184881834,0.3882242829522574,0.2566,0.1501,0.134,0.103
C9orf85,ENSG00000155621,0.8956,0.35634282750320256,0.38851024239208126,0.2108,0.1133,0.114,0.08
PDZD2,ENSG00000133401,0.4833,0.35679639935666785,0.38894126837003173,0.5044,0.3608,0.234,0.227
PPP3CB,ENSG00000107758,0.814,0.3569998426901577,0.3890995348119392,0.2777,0.1579,0.139,0.109
GATAD2A,ENSG00000167491,0.6461,0.3572268464377075,0.38928342427107987,0.343,0.2192,0.174,0.15
GBP2,ENSG00000162645,1.0829,0.3586143218553941,0.3907316567165052,0.2081,0.0982,0.104,0.07
FZD6,ENSG00000164930,0.8165,0.36063886613951923,0.39287342798007646,0.2779,0.1578,0.139,0.109
KDM5C,ENSG00000126012,-0.1626,0.3609658217192948,0.3931654799842091,0.155,0.1735,0.08,0.121
UBAC2,ENSG00000134882,0.6054,0.3613284475134315,0.3934962825602819,0.3674,0.2415,0.184,0.161
PHTF1,ENSG00000116793,1.0538,0.36179388876436,0.3939389277889078,0.2096,0.1009,0.104,0.071
MIS18BP1,ENSG00000129534,0.7697,0.3618728143373233,0.3939606400911137,0.2664,0.1562,0.139,0.109
ACBD6,ENSG00000230124,0.4926,0.3636316984688438,0.39581097035094653,0.4933,0.3506,0.239,0.23
PER3,ENSG00000049246,-0.1517,0.3645230539235693,0.3967165515977708,0.1485,0.165,0.07,0.112
SHB,ENSG00000107338,0.716,0.3660593761828307,0.3983236516007048,0.264,0.1607,0.139,0.108
STK4,ENSG00000101109,0.9468,0.36659625160599896,0.39884286764562094,0.2722,0.1411,0.129,0.1
PHF10,ENSG00000130024,-0.3466,0.36767944646612005,0.399956192662413,0.114,0.145,0.065,0.104
INO80,ENSG00000128908,0.6344,0.36822977003291646,0.4004896000732534,0.3709,0.2389,0.179,0.153
ACSL3,ENSG00000123983,0.1891,0.3689084093219376,0.40116236826135154,0.5882,0.5159,0.234,0.328
ATRX,ENSG00000085224,0.2777,0.3689803107676901,0.40117523939726557,0.8453,0.6973,0.363,0.418
SLC43A2,ENSG00000167703,-0.1368,0.3691800827363325,0.4012791756155437,0.151,0.166,0.075,0.116
PDCD4,ENSG00000150593,0.7633,0.3691960673989394,0.4012791756155437,0.2644,0.1558,0.134,0.104
PCBD2,ENSG00000132570,0.8623,0.3700838908667622,0.40217870274961026,0.2099,0.1154,0.114,0.081
NFX1,ENSG00000086102,0.5935,0.3719799337456574,0.4041734142650473,0.4088,0.2709,0.199,0.179
RIMKLB,ENSG00000166532,-0.2191,0.3721967776864228,0.40434324628620977,0.1451,0.169,0.07,0.11
BRD10,ENSG00000183354,0.578,0.3738980982582535,0.4061254510110384,0.3291,0.2204,0.174,0.149
SLF2,ENSG00000119906,0.8272,0.3744058032526536,0.4066107902316217,0.1942,0.1094,0.109,0.075
TRIM38,ENSG00000112343,0.8999,0.3745267482013567,0.40667601223164707,0.2939,0.1575,0.139,0.111
DHRS7B,ENSG00000109016,-0.1144,0.37553556197040705,0.4077051395319162,0.2151,0.2329,0.114,0.16
EPS15L1,ENSG00000127527,1.0728,0.3775784789565525,0.40985643766468616,0.24,0.114,0.109,0.079
PTPRU,ENSG00000060656,-0.3372,0.37852741556629244,0.41081972839897096,0.1364,0.1724,0.08,0.119
PPP2R3A,ENSG00000073711,0.7125,0.378637002654473,0.4108580061368204,0.3075,0.1876,0.149,0.121
MTMR12,ENSG00000150712,-0.1663,0.37868571429529363,0.4108580061368204,0.1873,0.2102,0.1,0.141
B3GNT5,ENSG00000176597,0.8625,0.37944530238259466,0.411615263052355,0.2361,0.1298,0.119,0.089
EFCAB2,ENSG00000203666,0.636,0.37953066220596177,0.41164100241533264,0.3407,0.2192,0.169,0.145
BCL2L1,ENSG00000171552,0.3853,0.37977867913403773,0.41184312354866665,0.6296,0.482,0.289,0.304
GALNT11,ENSG00000178234,-0.1072,0.37992509652616435,0.41189902581761395,0.258,0.2779,0.139,0.185
PRR14L,ENSG00000183530,0.9479,0.37995357060373103,0.41189902581761395,0.2663,0.138,0.124,0.096
EDIL3,ENSG00000164176,0.9457,0.38016513338760083,0.41206149397854364,0.2505,0.13,0.114,0.084
PPP2R2D,ENSG00000175470,0.865,0.38052332759998186,0.4123828176278239,0.2466,0.1353,0.124,0.094
IQCN,ENSG00000130518,-0.4542,0.38113436361964725,0.41297800366898507,0.1219,0.1671,0.065,0.103
BANK1,ENSG00000153064,0.7527,0.3821377658009759,0.4139980758774887,0.2689,0.1596,0.134,0.105
PARP14,ENSG00000173193,0.3537,0.38386691144817575,0.415803941219975,0.6844,0.5356,0.308,0.329
TRIP11,ENSG00000100815,0.106,0.38744245036015723,0.41960890643027243,0.4052,0.3765,0.189,0.249
CEP104,ENSG00000116198,-0.124,0.3879201690657377,0.42005817269618384,0.1533,0.167,0.08,0.118
POM121C,ENSG00000272391,-0.4385,0.3912659574504531,0.4236124703860555,0.112,0.1519,0.07,0.106
NUP98,ENSG00000110713,0.6482,0.3914067800262817,0.42369625345146444,0.3948,0.2519,0.184,0.163
LATS2,ENSG00000150457,0.9319,0.39237680499044525,0.42467747213274737,0.2345,0.1229,0.114,0.085
BAZ1B,ENSG00000009954,0.1065,0.3938054685106185,0.42615468635489645,0.4551,0.4227,0.209,0.274
CREBZF,ENSG00000137504,-0.1387,0.3943295450795582,0.42665268614715196,0.2013,0.2217,0.109,0.15
ABCA5,ENSG00000154265,0.7111,0.3957875259562198,0.42816081727593003,0.3468,0.2118,0.164,0.142
EPB41L1,ENSG00000088367,-0.2197,0.39612123539122324,0.42845242610169715,0.1593,0.1855,0.085,0.124
TP53BP1,ENSG00000067369,0.9436,0.3988054014872704,0.431285828454255,0.2245,0.1167,0.109,0.079
METTL14,ENSG00000145388,-0.5088,0.402249655511558,0.43494017308753374,0.1008,0.1435,0.065,0.1
CLOCK,ENSG00000134852,0.5245,0.40271304281515896,0.4353707369638146,0.3892,0.2706,0.199,0.178
NEO1,ENSG00000067141,0.8782,0.40309241577151034,0.4357103487518883,0.2361,0.1284,0.114,0.085
PIK3C2A,ENSG00000011405,0.4941,0.40545776597332184,0.43819618429382146,0.5203,0.3694,0.244,0.243
MIPEP,ENSG00000027001,0.8479,0.4056693605133749,0.4383539328375394,0.1927,0.107,0.104,0.074
PIAS2,ENSG00000078043,0.9091,0.40601651832988717,0.43858714635699764,0.315,0.1677,0.139,0.115
KLHDC10,ENSG00000128607,0.6256,0.40601651832988717,0.43858714635699764,0.3344,0.2167,0.169,0.147
PVR,ENSG00000073008,-0.1338,0.4062282869659857,0.4387449431833471,0.1518,0.1665,0.08,0.117
ZDHHC7,ENSG00000153786,0.1764,0.4065757302474087,0.439049200052133,0.2863,0.2534,0.129,0.175
ZBTB44,ENSG00000196323,-0.1003,0.4078356364497553,0.44033854119752924,0.2342,0.2511,0.129,0.17
PLEC,ENSG00000178209,0.78,0.40948933121755093,0.44205256880588695,0.2694,0.1568,0.134,0.108
STARD3,ENSG00000131748,-0.1139,0.411654906619618,0.4443185393200434,0.1318,0.1426,0.065,0.102
HERPUD2,ENSG00000122557,0.8297,0.4118257124692546,0.4444310766815562,0.3095,0.1741,0.144,0.122
MIA2,ENSG00000150527,0.6854,0.4124708833559997,0.44505541679074667,0.3371,0.2096,0.159,0.136
OSBP,ENSG00000110048,-0.1181,0.412757343022106,0.4452925688975361,0.184,0.1997,0.1,0.139
ZNF462,ENSG00000148143,0.6249,0.41294552990215994,0.4454236424768292,0.2574,0.1668,0.139,0.111
DDX19A,ENSG00000168872,-0.1012,0.4132236262389164,0.44565163889063825,0.1408,0.1511,0.07,0.107
PCGF5,ENSG00000180628,0.6832,0.41721897916193884,0.44988788534429924,0.4019,0.2502,0.184,0.171
MALT1,ENSG00000172175,0.8997,0.4182612305007869,0.4509389440701785,0.2408,0.129,0.114,0.087
PCM1,ENSG00000078674,0.2923,0.42159632779395617,0.4544612448895793,0.7469,0.6099,0.333,0.375
BCL2L13,ENSG00000099968,-0.1529,0.42360832451285524,0.456556398163847,0.17,0.1891,0.095,0.132
NUP160,ENSG00000030066,0.6444,0.4257086651984724,0.4587460753243945,0.2531,0.1619,0.139,0.113
CC2D2A,ENSG00000048342,0.7014,0.42583496574438895,0.45880815231598227,0.2334,0.1435,0.124,0.097
XPO7,ENSG00000130227,0.8275,0.4272388060441241,0.460246449285275,0.2034,0.1146,0.109,0.081
EPB41,ENSG00000159023,0.513,0.42869780837022176,0.46174369651745056,0.4504,0.3156,0.214,0.203
XPNPEP3,ENSG00000196236,-0.1692,0.4293627437754123,0.46238532177942254,0.139,0.1563,0.075,0.109
FAM174B,ENSG00000185442,0.4904,0.4340428528670215,0.46735002648699603,0.3934,0.28,0.194,0.179
ACVR1B,ENSG00000135503,-0.2314,0.43527260960969383,0.4685986072829054,0.1421,0.1668,0.08,0.114
SEC31A,ENSG00000138674,0.3763,0.4357094577203975,0.4689933067066132,0.6796,0.5236,0.303,0.333
MIR23AHG,ENSG00000267519,0.7919,0.4358330565772378,0.46905075489516135,0.2724,0.1573,0.124,0.1
ZNF131,ENSG00000172262,0.7462,0.43600966144068387,0.4691652213246863,0.253,0.1508,0.129,0.104
LRIG1,ENSG00000144749,0.5042,0.4366104264950337,0.4697359920361356,0.4231,0.2983,0.204,0.193
SNX13,ENSG00000071189,0.5449,0.4382561296924974,0.47143061527076663,0.3905,0.2676,0.194,0.177
TRIM5,ENSG00000132256,-0.3538,0.4400163589514574,0.4732478681862776,0.1165,0.1489,0.07,0.103
AKAP11,ENSG00000023516,0.7336,0.4405758679600966,0.47377334118587755,0.279,0.1677,0.139,0.116
AKAP8L,ENSG00000011243,0.686,0.4409357676181308,0.4740840296074526,0.3093,0.1922,0.154,0.132
NPL,ENSG00000135838,1.0145,0.4414514727788009,0.4745621095589267,0.2335,0.1155,0.104,0.077
RUVBL1,ENSG00000175792,-0.2967,0.4419808739221066,0.4749783196984312,0.1171,0.1439,0.07,0.102
SUCLG2,ENSG00000172340,0.128,0.44194972262300036,0.4749783196984312,0.5776,0.5286,0.254,0.337
MKNK1,ENSG00000079277,0.8082,0.4422256778550495,0.47508851574615985,0.1865,0.1065,0.104,0.076
USP4,ENSG00000114316,0.7196,0.44219006518923887,0.47508851574615985,0.3162,0.192,0.149,0.13
PLEKHM2,ENSG00000116786,0.815,0.44375857423146814,0.47665865508072947,0.3008,0.1709,0.139,0.118
HGSNAT,ENSG00000165102,0.5389,0.44652004918495103,0.47954774216213025,0.3359,0.2312,0.174,0.155
TCERG1,ENSG00000113649,0.5768,0.4466185340774126,0.47957639696190335,0.3789,0.254,0.184,0.17
CEPT1,ENSG00000134255,0.8303,0.45077054789536053,0.4839569987772244,0.2113,0.1188,0.109,0.081
CASZ1,ENSG00000130940,0.5959,0.45120721071441405,0.48434795248498413,0.3659,0.2421,0.174,0.16
CREB3L2,ENSG00000182158,0.702,0.4520316693020323,0.4850770435842342,0.3324,0.2043,0.159,0.141
CLDN1,ENSG00000163347,-0.2202,0.45197307312071955,0.4850770435842342,0.1602,0.1866,0.085,0.118
DNAJC1,ENSG00000136770,0.4041,0.45306456741212187,0.4861073487141465,0.7008,0.5296,0.303,0.335
SGPP2,ENSG00000163082,0.5948,0.45331735646279614,0.4863004535520423,0.3838,0.2541,0.174,0.157
MAP7D1,ENSG00000116871,-0.1497,0.4536153885838764,0.4865420235027639,0.1373,0.1523,0.075,0.108
NAA15,ENSG00000164134,0.6075,0.4547226862305842,0.48765138428613874,0.3441,0.2258,0.169,0.151
RAF1,ENSG00000132155,0.1179,0.45683754304517177,0.4898407368756947,0.3256,0.3,0.154,0.201
TNFRSF21,ENSG00000146072,0.8183,0.45763146956709855,0.4905685761816652,0.2167,0.1228,0.109,0.082
PDCD6IP,ENSG00000170248,0.4065,0.4576632427291445,0.4905685761816652,0.5498,0.4148,0.264,0.273
TBC1D23,ENSG00000036054,0.8054,0.4595491486820631,0.49235790035823873,0.2324,0.1329,0.119,0.093
IDE,ENSG00000119912,0.6606,0.45955369828316517,0.49235790035823873,0.2105,0.1331,0.119,0.093
KATNBL1,ENSG00000134152,0.1521,0.4594900061629451,0.49235790035823873,0.3055,0.2749,0.144,0.189
CHD8,ENSG00000100888,0.6338,0.4619000913841995,0.49479241545390035,0.2904,0.1871,0.149,0.127
DIDO1,ENSG00000101191,0.6236,0.4685376346315021,0.50182213946501,0.2786,0.1808,0.144,0.123
MOB4,ENSG00000115540,0.363,0.4687630117553936,0.5019830295838181,0.3439,0.2674,0.139,0.187
SLC37A1,ENSG00000160190,0.6964,0.4690620739629897,0.5022227624236627,0.2526,0.1558,0.129,0.106
MTMR14,ENSG00000163719,-0.1398,0.4703054614028448,0.5034733413543196,0.144,0.1587,0.08,0.113
MAX,ENSG00000125952,0.1455,0.4730658035191756,0.5063471957859894,0.2966,0.2681,0.144,0.186
ZZEF1,ENSG00000074755,0.8115,0.47466698705531774,0.5079796196991615,0.2597,0.148,0.124,0.101
NHLRC2,ENSG00000196865,-0.1318,0.47532034498958853,0.5085973380623938,0.1783,0.1953,0.1,0.133
CWC27,ENSG00000153015,0.658,0.47654962122448963,0.5098309979430348,0.2696,0.1708,0.139,0.118
CABLES1,ENSG00000134508,0.6443,0.4788644367656234,0.5122254281162073,0.2876,0.184,0.144,0.124
IGF2R,ENSG00000197081,0.4523,0.48018727674495476,0.5135581779630989,0.5954,0.4352,0.259,0.28
TRAPPC12,ENSG00000171853,0.7897,0.4804157145566298,0.5137202301510936,0.2936,0.1698,0.139,0.12
FAM151B-DT,ENSG00000249042,0.6237,0.48223600291370916,0.515584162551731,0.3604,0.2338,0.169,0.156
ATP6V1B2,ENSG00000147416,0.1476,0.48319432254306804,0.5165260691845633,0.2366,0.2136,0.114,0.151
MAPRE2,ENSG00000166974,0.861,0.48417240459764954,0.5174887966566973,0.2498,0.1375,0.119,0.097
ST3GAL1,ENSG00000008513,0.6766,0.4847672655135026,0.5180416906183494,0.4841,0.3028,0.199,0.197
HK1,ENSG00000156515,0.6351,0.4851796847455685,0.5183994743906017,0.4277,0.2754,0.194,0.186
AHI1,ENSG00000135541,0.3267,0.4860050928956182,0.5191983390034923,0.634,0.5055,0.294,0.312
TAF15,ENSG00000270647,0.3606,0.48633359122929753,0.5194661851623985,0.584,0.4548,0.274,0.29
CWF19L2,ENSG00000152404,0.5593,0.48822243242867935,0.5214003239832347,0.311,0.211,0.159,0.139
PLCH1,ENSG00000114805,0.5518,0.48859879265963013,0.5217188387168137,0.3123,0.213,0.144,0.123
APPBP2,ENSG00000062725,0.5755,0.4894273353448063,0.5225200084347764,0.3344,0.2244,0.169,0.152
DICER1,ENSG00000100697,0.1439,0.49324078855474207,0.5265071482750715,0.4271,0.3865,0.194,0.251
PHF2,ENSG00000197724,0.7146,0.4941966324962279,0.5274431621032768,0.2174,0.1324,0.114,0.089
ADNP2,ENSG00000101544,0.8872,0.4973075808467865,0.5306785960178442,0.2087,0.1128,0.104,0.08
IFT88,ENSG00000032742,0.6338,0.5012061163639652,0.534753298912927,0.2234,0.1439,0.119,0.096
HERC2,ENSG00000128731,0.443,0.5065923243288747,0.5404136933704766,0.3599,0.2647,0.189,0.175
RELB,ENSG00000104856,0.9216,0.5076626409815989,0.5414689842088948,0.2348,0.1239,0.104,0.083
OSBPL11,ENSG00000144909,0.8355,0.5088447246259258,0.5426431288163114,0.2067,0.1158,0.104,0.081
AMMECR1,ENSG00000101935,0.5925,0.5091717337414527,0.5429051739558051,0.2155,0.1429,0.119,0.095
DYNC2LI1,ENSG00000138036,-0.1074,0.5113578182134069,0.5451490611089137,0.1541,0.166,0.085,0.115
WHAMM,ENSG00000156232,0.1472,0.5115747672543494,0.5452933084091605,0.1904,0.1719,0.09,0.123
MINDY2,ENSG00000128923,0.7384,0.5129305795010017,0.5466512430967274,0.2825,0.1693,0.134,0.118
TNFAIP3,ENSG00000118503,0.1288,0.5137807240140624,0.5473825898372823,0.2698,0.2468,0.114,0.151
DYNC1H1,ENSG00000197102,0.1383,0.5137034078621187,0.5473825898372823,0.5286,0.4803,0.234,0.308
GOLM2,ENSG00000166734,0.4889,0.515812436641517,0.5494595317908599,0.4148,0.2956,0.204,0.199
MIGA1,ENSG00000180488,0.754,0.5159577183160933,0.5495266465688387,0.2535,0.1503,0.124,0.104
DPP9,ENSG00000142002,-0.1213,0.5182268577467384,0.5518554181904441,0.1819,0.1978,0.104,0.136
FAM107B,ENSG00000065809,0.4126,0.5183676363874907,0.5519173351557549,0.5212,0.3915,0.249,0.252
CDK5RAP2,ENSG00000136861,0.6118,0.5201801016816565,0.5537588299540618,0.2858,0.187,0.144,0.126
CSNK1G3,ENSG00000151292,0.6896,0.5207687606430722,0.5542971398143552,0.2838,0.1759,0.139,0.121
NVL,ENSG00000143748,0.649,0.5209780361044234,0.5544315333240032,0.2004,0.1278,0.109,0.086
SLC44A3,ENSG00000143036,0.6673,0.5212944649214386,0.5546798998263961,0.2013,0.1267,0.109,0.087
ADAM10,ENSG00000137845,0.7625,0.5216012518426016,0.5548554561302079,0.3757,0.2215,0.164,0.152
SPTLC1,ENSG00000090054,0.5681,0.5216256039888569,0.5548554561302079,0.2409,0.1624,0.129,0.107
WAPL,ENSG00000062650,0.424,0.5218350565887451,0.5549898635280618,0.4466,0.3328,0.224,0.221
NCK1,ENSG00000158092,-0.155,0.5228585857140337,0.555989889187077,0.1598,0.1779,0.095,0.123
LNPEP,ENSG00000113441,0.6076,0.5232975564284151,0.5563680960498861,0.3082,0.2022,0.154,0.139
SFSWAP,ENSG00000061936,0.619,0.5242297760277448,0.5572705195112697,0.3867,0.2518,0.179,0.169
APTX,ENSG00000137074,0.6238,0.5246204872329163,0.557597109202522,0.2405,0.156,0.129,0.109
NAP1L4,ENSG00000205531,0.1163,0.5251726208205608,0.5580951367478959,0.3922,0.3618,0.194,0.24
LUC7L,ENSG00000007392,0.1416,0.5268259086880209,0.5597630041564257,0.2898,0.2627,0.134,0.173
CSNK2A1,ENSG00000101266,0.1584,0.5289085113359213,0.5618864239243866,0.3328,0.2982,0.159,0.202
NPTN,ENSG00000156642,0.1915,0.5309019150574756,0.5639144228162977,0.4355,0.3813,0.199,0.252
DNAJC5,ENSG00000101152,0.6565,0.531005125738476,0.5639343671183465,0.3601,0.2284,0.169,0.157
KANK1,ENSG00000107104,0.3709,0.5336133326163208,0.5666142207542777,0.5276,0.4079,0.244,0.25
GOLGA8B,ENSG00000215252,0.4506,0.5348063988469459,0.5677005622852435,0.2859,0.2092,0.154,0.136
GNA12,ENSG00000146535,0.7322,0.534757071951332,0.5677005622852435,0.2432,0.1464,0.119,0.099
EEF1AKMT2,ENSG00000203791,-0.2001,0.5350234644495102,0.5678407308212742,0.1261,0.1448,0.075,0.102
WDR26,ENSG00000162923,0.5909,0.5365244031947198,0.5693432616678636,0.4257,0.2826,0.194,0.19
SNTB2,ENSG00000168807,0.6984,0.5369098536874445,0.5696027611011042,0.295,0.1818,0.144,0.127
SNX4,ENSG00000114520,0.1404,0.5369395094913239,0.5696027611011042,0.2808,0.2547,0.139,0.175
SREBF2,ENSG00000198911,0.2964,0.5378839827541242,0.5705140734976648,0.6695,0.5451,0.308,0.34
CCNJL,ENSG00000135083,-0.1247,0.5403058270941536,0.5729918417214754,0.1452,0.1583,0.08,0.108
MFN2,ENSG00000116688,-0.1166,0.5409505877005285,0.5735845332992269,0.1384,0.15,0.08,0.108
NPLOC4,ENSG00000182446,0.6402,0.5433047357232659,0.575989258713602,0.2943,0.1888,0.144,0.127
PPP4R3A,ENSG00000100796,0.1473,0.544125412756828,0.576767756197882,0.3304,0.2983,0.159,0.2
CUL1,ENSG00000055130,0.5206,0.5453550922742401,0.5779794765629402,0.3898,0.2717,0.189,0.181
KDM5A,ENSG00000073614,0.4395,0.5472994951638606,0.5798561751585382,0.3893,0.2871,0.199,0.192
HIBCH,ENSG00000198130,0.5353,0.5472795351743296,0.5798561751585382,0.3224,0.2224,0.164,0.152
PALS1,ENSG00000072415,0.6467,0.5476388700809394,0.5801237134449793,0.2944,0.188,0.144,0.129
RSF1,ENSG00000048649,0.1216,0.5485676915717472,0.5810154792273549,0.5535,0.5088,0.254,0.323
RAB6A,ENSG00000175582,0.1763,0.5508130468983808,0.583261681451437,0.5002,0.4426,0.229,0.291
NUFIP2,ENSG00000108256,0.1349,0.5508631062428005,0.583261681451437,0.4556,0.4149,0.209,0.265
ABCB7,ENSG00000131269,0.7127,0.5511434799276439,0.5834660488883712,0.2721,0.166,0.129,0.113
ORC2,ENSG00000115942,0.6462,0.5519098584803421,0.5841847773043114,0.1906,0.1217,0.104,0.083
NUDCD3,ENSG00000015676,0.4621,0.5528322090323982,0.5850683448149877,0.3424,0.2485,0.179,0.167
ANAPC10,ENSG00000164162,0.192,0.5541368179387887,0.5863561164469534,0.2546,0.2229,0.119,0.152
DDI2,ENSG00000197312,0.7417,0.555352460106865,0.5875493554655079,0.2711,0.1621,0.129,0.113
PPP2R3C,ENSG00000092020,-0.1393,0.5572035328225321,0.5894143800636192,0.164,0.1807,0.095,0.121
PAPSS1,ENSG00000138801,0.647,0.5582410412856387,0.5904183554626731,0.2527,0.1614,0.129,0.113
GPR107,ENSG00000148358,0.7661,0.5594812368948862,0.5916363491483446,0.2483,0.146,0.119,0.103
AGAP3,ENSG00000133612,0.7873,0.5610308334415373,0.5931619567807894,0.3498,0.2026,0.149,0.139
FBXO33,ENSG00000165355,0.1176,0.561101548576288,0.5931619567807894,0.1692,0.1559,0.08,0.108
DHX32,ENSG00000089876,0.6084,0.5616118355298894,0.5936074457199131,0.2966,0.1945,0.144,0.13
HIPK1,ENSG00000163349,0.6469,0.5644249505260229,0.5964188283255508,0.3253,0.2077,0.154,0.142
CPEB2,ENSG00000137449,0.7604,0.564450279060609,0.5964188283255508,0.2241,0.1323,0.109,0.091
WIPI1,ENSG00000070540,0.106,0.5695930891468184,0.6017577099670357,0.1854,0.1723,0.095,0.123
WIPF2,ENSG00000171475,0.2022,0.5697253800212969,0.6018022794816135,0.3579,0.311,0.169,0.21
DCP1A,ENSG00000272886,0.1729,0.570743491878557,0.6027823817610503,0.2672,0.237,0.129,0.163
CCSER2,ENSG00000107771,0.3106,0.5721040202361505,0.6041237551236758,0.5433,0.4381,0.269,0.279
HNRNPLL,ENSG00000143889,0.1559,0.5724558678803711,0.6043997378395508,0.2287,0.2053,0.109,0.14
IL13RA1,ENSG00000131724,0.2138,0.5735477585952269,0.6054568483732449,0.2752,0.2373,0.129,0.163
MAP3K7,ENSG00000135341,0.5439,0.5743443379320929,0.6062019331618914,0.2239,0.1535,0.124,0.106
UNK,ENSG00000132478,0.6445,0.5759288366085881,0.6077782745629261,0.2042,0.1306,0.109,0.09
MZF1,ENSG00000099326,-0.1333,0.5791655462488408,0.6109044035685419,0.1439,0.1578,0.08,0.105
SLAIN2,ENSG00000109171,0.2185,0.579021967083125,0.6109044035685419,0.3728,0.3204,0.174,0.216
DTNBP1,ENSG00000047579,0.7427,0.579124521924413,0.6109044035685419,0.2312,0.1381,0.114,0.097
CHCHD6,ENSG00000159685,-0.2147,0.5799350048412175,0.611619437444259,0.1339,0.1554,0.085,0.109
ADD1,ENSG00000087274,0.4895,0.5818864421261662,0.6135806041933477,0.5679,0.4044,0.249,0.265
ATP2B1,ENSG00000070961,0.2154,0.5839438955035037,0.6156529247147436,0.417,0.3592,0.184,0.236
SNX1,ENSG00000028528,0.199,0.5843351942635617,0.6159682390287766,0.5131,0.447,0.229,0.289
SLC33A1,ENSG00000169359,0.1483,0.5850048037833555,0.6165767846724052,0.1751,0.158,0.085,0.112
AHR,ENSG00000106546,0.3719,0.5858603616996395,0.6173810911631259,0.6386,0.4935,0.274,0.305
CACHD1,ENSG00000158966,0.4487,0.5862213131087439,0.6176640085586529,0.2751,0.2015,0.139,0.122
FBH1,ENSG00000134452,0.1005,0.5876661490790978,0.6190019205574043,0.1663,0.1551,0.085,0.111
SIL1,ENSG00000120725,0.155,0.5876764752589461,0.6190019205574043,0.5138,0.4614,0.239,0.295
FBXO22,ENSG00000167196,0.1538,0.589438314736894,0.6206727997267037,0.1872,0.1682,0.09,0.118
EML4,ENSG00000143924,0.237,0.5894486552876901,0.6206727997267037,0.7754,0.658,0.338,0.391
MTSS1,ENSG00000170873,0.536,0.5895572361213313,0.6206892780665781,0.3207,0.2211,0.154,0.143
LONP2,ENSG00000102910,0.1419,0.593155935518199,0.6243795891766826,0.4429,0.4014,0.209,0.261
CDC73,ENSG00000134371,0.5199,0.5952472620719854,0.6264822665267555,0.3434,0.2395,0.169,0.16
PML,ENSG00000140464,-0.1279,0.6005241364025917,0.6319364592772823,0.1358,0.1484,0.08,0.102
ACTR3C,ENSG00000106526,-0.1053,0.6009309242785881,0.6322649091456664,0.1708,0.1838,0.095,0.118
ATP6V1H,ENSG00000047249,0.1753,0.6042995060791683,0.6357089937159812,0.3215,0.2847,0.159,0.195
MYH14,ENSG00000105357,0.3313,0.6086624338119326,0.6401978575480154,0.5264,0.4184,0.254,0.269
STAM2,ENSG00000115145,0.1299,0.6101216041465338,0.6416315846472523,0.2094,0.1913,0.104,0.132
EPAS1,ENSG00000116016,0.2156,0.6107834658794074,0.6422265063930355,0.8719,0.7509,0.368,0.445
CCDC6,ENSG00000108091,0.4039,0.6124973774993925,0.643927275982755,0.4357,0.3293,0.214,0.218
ANKRD6,ENSG00000135299,0.4585,0.6141818091679494,0.6455965224162313,0.1803,0.1312,0.104,0.086
FAM13A,ENSG00000138640,0.3938,0.6169339088306555,0.648387344937836,0.4954,0.3771,0.224,0.232
TMCO3,ENSG00000150403,0.4435,0.6183489608222011,0.6497722953636692,0.2047,0.1505,0.124,0.107
EIF2AK2,ENSG00000055332,0.1145,0.61883505183481,0.6501807945893812,0.2563,0.2367,0.134,0.165
PTBP3,ENSG00000119314,0.4214,0.619104587201754,0.6503616763008044,0.585,0.4368,0.259,0.283
RAB28,ENSG00000157869,0.6522,0.6211409658884353,0.6523982561989085,0.2576,0.1639,0.124,0.11
CNOT9,ENSG00000144580,0.1168,0.6235672474834242,0.654843655022294,0.1678,0.1548,0.085,0.109
ZC3H7B,ENSG00000100403,0.1589,0.6258542322506904,0.6571420243990507,0.2001,0.1792,0.1,0.126
SUSD6,ENSG00000100647,0.5691,0.6273684888628022,0.6586284402883772,0.4105,0.2766,0.184,0.186
EXT2,ENSG00000151348,0.7453,0.6275067098540019,0.6586700165197044,0.2127,0.1269,0.104,0.089
TAF2,ENSG00000064313,0.5386,0.6281022727395597,0.6591915587095409,0.1835,0.1263,0.104,0.086
CCNL2,ENSG00000221978,0.1576,0.6298744383922947,0.6609475842925587,0.4104,0.3679,0.199,0.24
TBC1D14,ENSG00000132405,0.623,0.6303697489279425,0.6613634233568533,0.2588,0.168,0.129,0.115
AATF,ENSG00000275700,0.1571,0.6308492399303214,0.6617625370652767,0.2262,0.2028,0.114,0.14
WNK1,ENSG00000060237,0.2028,0.634423659212261,0.6654076036241663,0.8331,0.7239,0.353,0.435
RAPGEF5,ENSG00000136237,0.3632,0.6348617138315469,0.6657625037966559,0.4727,0.3675,0.214,0.216
STX16,ENSG00000124222,0.1237,0.6358825561977066,0.6667283505250365,0.2497,0.2292,0.129,0.155
KIF2A,ENSG00000068796,0.7836,0.6384617872216973,0.6693276215435122,0.2443,0.1419,0.109,0.097
NPAS2,ENSG00000170485,0.6771,0.6393564446866036,0.6701603411898659,0.2179,0.1362,0.104,0.09
SUGP2,ENSG00000064607,0.1279,0.6404232188920089,0.6711731804455873,0.2342,0.2143,0.119,0.145
NMD3,ENSG00000169251,0.7072,0.6419415698587481,0.6726588868978002,0.2408,0.1475,0.119,0.106
CTDSPL,ENSG00000144677,0.6292,0.6425428861483454,0.6731833626015371,0.3325,0.2149,0.154,0.148
OGT,ENSG00000147162,0.1106,0.6445041576015859,0.6751322566845972,0.429,0.3973,0.209,0.252
SUN1,ENSG00000164828,0.1219,0.6467371054739127,0.6773650819288479,0.2808,0.258,0.144,0.176
RGCC,ENSG00000102760,0.6343,0.6470494342286824,0.6775859471955739,0.2406,0.155,0.109,0.097
MTFR1,ENSG00000066855,0.5697,0.6496042402870494,0.6801546826896383,0.2028,0.1366,0.109,0.095
CARS2,ENSG00000134905,0.5855,0.6497552864517822,0.6802062003466227,0.2427,0.1617,0.124,0.111
PLPP3,ENSG00000162407,0.6103,0.6502193039487667,0.6805852893079162,0.3767,0.2467,0.159,0.155
HMG20A,ENSG00000140382,0.5767,0.6593759732763002,0.6900614424181148,0.2108,0.1413,0.109,0.096
CNOT4,ENSG00000080802,0.4466,0.6619014760578112,0.6925959515259472,0.4147,0.3043,0.199,0.201
AFTPH,ENSG00000119844,0.2484,0.6638430258106331,0.6945187295409178,0.3448,0.2902,0.159,0.195
SOX4,ENSG00000124766,0.1695,0.6646268120286357,0.6952298320343395,0.3408,0.303,0.154,0.184
AMOTL1,ENSG00000166025,0.4662,0.6653238188895216,0.6958499508868016,0.28,0.2027,0.144,0.136
B4GALNT3,ENSG00000139044,0.4999,0.6656615356368044,0.6960941594673895,0.2538,0.1795,0.124,0.113
VGLL4,ENSG00000144560,0.4431,0.6669313028697726,0.6973128008558566,0.4245,0.3122,0.209,0.215
SCYL2,ENSG00000136021,0.1193,0.6677438006314477,0.698053035595154,0.2983,0.2746,0.154,0.185
DCAF5,ENSG00000139990,0.363,0.6683984445276194,0.6986280455399014,0.322,0.2503,0.174,0.168
KCNQ1OT1,ENSG00000269821,0.2522,0.6693481261668677,0.6995112086791596,0.5435,0.4563,0.254,0.263
C3orf52,ENSG00000114529,0.4823,0.6698067826118429,0.6998810233204785,0.2309,0.1653,0.124,0.112
ELP2,ENSG00000134759,0.1567,0.6700580038158535,0.7000340071149828,0.2128,0.1909,0.109,0.132
TANK,ENSG00000136560,0.2906,0.6702054769315307,0.7000785706014534,0.6167,0.5042,0.289,0.325
FAM120A,ENSG00000048828,0.1567,0.6718613235716089,0.701698480083624,0.6334,0.5682,0.284,0.359
IFNGR2,ENSG00000159128,0.3802,0.6729661072057007,0.7027424374651149,0.4353,0.3344,0.214,0.221
EXOC1,ENSG00000090989,0.717,0.6745479410333143,0.7042841485323599,0.2893,0.176,0.129,0.122
TNIK,ENSG00000154310,0.3532,0.6753969228915646,0.7050603388547609,0.5504,0.4309,0.244,0.261
SAMD4B,ENSG00000179134,0.2543,0.6804939624237742,0.7102702258209701,0.314,0.2633,0.149,0.18
BTD,ENSG00000169814,0.2996,0.681169914343589,0.7108646652970048,0.2337,0.1898,0.129,0.115
CUEDC1,ENSG00000180891,0.416,0.681356808042775,0.7109486206714097,0.2374,0.1779,0.134,0.123
IFT80,ENSG00000068885,0.3416,0.6820550838702499,0.7115660582895031,0.228,0.1799,0.129,0.117
USP12,ENSG00000152484,0.1624,0.6828306540183017,0.7122639291251346,0.2909,0.2599,0.144,0.173
CREB1,ENSG00000118260,0.537,0.6834084239178275,0.7127552878430934,0.2809,0.1936,0.139,0.133
ATP2B4,ENSG00000058668,0.3088,0.6846691555198514,0.713958671306337,0.5436,0.4389,0.254,0.273
TP53BP2,ENSG00000143514,0.1129,0.6850436906601065,0.7142377161908916,0.2502,0.2313,0.129,0.155
SUCO,ENSG00000094975,0.2514,0.6852089513736775,0.7142559495822441,0.3205,0.2692,0.149,0.18
UBE2G1,ENSG00000132388,0.2088,0.6852750598776793,0.7142559495822441,0.2934,0.2539,0.144,0.174
GCC2,ENSG00000135968,0.1448,0.6856662511564793,0.7145521752963215,0.4965,0.4491,0.239,0.29
CACUL1,ENSG00000151893,0.5323,0.6872153129385955,0.7159430783211479,0.3369,0.2329,0.164,0.163
UBN1,ENSG00000118900,0.159,0.6871491339289171,0.7159430783211479,0.2391,0.2141,0.124,0.149
INTS6,ENSG00000102786,0.1733,0.6879268885738402,0.7165726276956766,0.3393,0.3008,0.159,0.191
TTC14,ENSG00000163728,0.4363,0.6892073167263446,0.7177944282574857,0.3609,0.2667,0.179,0.175
STXBP3,ENSG00000116266,0.2227,0.6894778660346099,0.7179642449711817,0.191,0.1637,0.095,0.116
PPFIA1,ENSG00000131626,0.5047,0.6902345104257552,0.7186401083606577,0.416,0.2932,0.189,0.196
YTHDC2,ENSG00000047188,0.5766,0.6904831108637459,0.7187868917485909,0.2678,0.1795,0.129,0.12
SUPT20H,ENSG00000102710,0.4766,0.6917321420083027,0.7199749067279809,0.299,0.2148,0.154,0.147
ANKRD29,ENSG00000154065,0.2563,0.6922408376914578,0.7203921089032793,0.3214,0.269,0.144,0.179
ZFX,ENSG00000005889,0.1946,0.6942770070815876,0.7223985247387325,0.1841,0.1609,0.09,0.11
STK17B,ENSG00000081320,0.4288,0.6951297560454623,0.7231731527457388,0.4305,0.3198,0.204,0.211
SPATS2,ENSG00000123352,0.5485,0.6956393746642928,0.7235906219253717,0.2454,0.1677,0.124,0.115
PACSIN2,ENSG00000100266,0.2173,0.6962156308428762,0.7240157151502751,0.7518,0.6467,0.333,0.392
MSRA,ENSG00000175806,0.4399,0.6964816544154091,0.7240157151502751,0.2772,0.2044,0.144,0.137
PITPNA,ENSG00000174238,0.5506,0.6963597223080855,0.7240157151502751,0.366,0.2499,0.169,0.169
NDUFAF6,ENSG00000156170,0.4324,0.6964262297577537,0.7240157151502751,0.3167,0.2346,0.164,0.16
SH3BP5,ENSG00000131370,0.6879,0.6970359900794947,0.7244586686372511,0.2703,0.1678,0.124,0.116
ATP6V0A1,ENSG00000033627,0.4751,0.6971246988069489,0.7244586686372511,0.5464,0.393,0.234,0.252
FUBP1,ENSG00000162613,0.1623,0.698283836474245,0.7255503646253083,0.3184,0.2845,0.159,0.19
WWP2,ENSG00000198373,0.404,0.6989496884211908,0.7261292532221392,0.2653,0.2005,0.139,0.131
ZFR,ENSG00000056097,0.4386,0.6992105435960563,0.7262872815984541,0.432,0.3187,0.204,0.211
LMBRD1,ENSG00000168216,0.2653,0.6999711111947649,0.726964243767662,0.4207,0.35,0.189,0.228
BOD1L1,ENSG00000038219,0.2363,0.7016265231592211,0.7285702033862621,0.3877,0.3291,0.179,0.216
ITGA3,ENSG00000005884,0.3381,0.705342451103014,0.7322069350363679,0.5385,0.4259,0.249,0.269
KPNA4,ENSG00000186432,0.3582,0.7053480191681376,0.7322069350363679,0.4016,0.3133,0.204,0.208
NFATC2IP,ENSG00000176953,0.259,0.711862221456256,0.7388543554166797,0.2681,0.2241,0.129,0.155
MACO1,ENSG00000204178,0.7172,0.7132816453238366,0.7402125713359081,0.2784,0.1693,0.124,0.119
INSR,ENSG00000171105,0.1713,0.7135499946390934,0.7403760158761077,0.3824,0.3396,0.179,0.217
CDC16,ENSG00000130177,0.5586,0.713672999922861,0.7403886248034777,0.2848,0.1934,0.139,0.135
KIFC3,ENSG00000140859,0.3725,0.7140029144674498,0.7406158511769059,0.3741,0.289,0.189,0.19
CLIC4,ENSG00000169504,0.2785,0.7153510862494685,0.7418990535807765,0.4593,0.3786,0.204,0.248
APOE,ENSG00000130203,0.8203,0.7154742001830401,0.7419115328400132,0.3,0.1698,0.109,0.104
STX6,ENSG00000135823,0.2035,0.7175794709169037,0.7439790882108039,0.188,0.1632,0.095,0.114
COG3,ENSG00000136152,0.2174,0.7201972498976192,0.7465772826425887,0.2032,0.1747,0.1,0.119
TBC1D15,ENSG00000121749,0.3709,0.721437216973008,0.7477466126881938,0.2812,0.2174,0.124,0.15
SAFB,ENSG00000160633,0.2697,0.7221388803606898,0.7483577318741734,0.3156,0.2618,0.149,0.178
STX17,ENSG00000136874,0.1847,0.7227621534720384,0.7487945491373176,0.2414,0.2124,0.124,0.147
CHCHD3,ENSG00000106554,0.3811,0.7227846172014203,0.7487945491373176,0.5454,0.4188,0.249,0.273
HSPG2,ENSG00000142798,0.395,0.7236945988336586,0.7496210027310803,0.4103,0.312,0.194,0.201
MAFB,ENSG00000204103,0.3481,0.7238743945419186,0.7496909724213792,0.1973,0.155,0.085,0.105
SENP2,ENSG00000163904,0.1818,0.7260106308210226,0.7517868222098619,0.1849,0.163,0.095,0.114
ANKRD13A,ENSG00000076513,0.1503,0.7283742155114828,0.7541174058907447,0.2838,0.2557,0.149,0.173
RUFY3,ENSG00000018189,0.2484,0.7305149254026418,0.7562165509554006,0.601,0.5059,0.284,0.306
MFSD14B,ENSG00000148110,0.2355,0.7319357137907241,0.7575699104925223,0.2097,0.1781,0.104,0.125
RNF169,ENSG00000166439,0.4297,0.7321500395602767,0.7576743282031435,0.2734,0.203,0.139,0.133
SCAMP1,ENSG00000085365,0.148,0.732606961580309,0.7580297283338318,0.1683,0.1518,0.09,0.106
ACAP2,ENSG00000114331,0.4158,0.732889059536435,0.7582041556139791,0.5051,0.3786,0.229,0.246
ZNF280D,ENSG00000137871,0.12,0.737068309468186,0.7624096699609748,0.2599,0.2391,0.139,0.162
PXN,ENSG00000089159,0.1975,0.7390194130681328,0.7643094858906874,0.2453,0.2139,0.124,0.149
CHKA,ENSG00000110721,0.3375,0.739653176958818,0.7648465039337274,0.4151,0.3285,0.204,0.213
RPS6KA3,ENSG00000177189,0.2679,0.7408872598128521,0.7660040260510896,0.5299,0.44,0.254,0.276
SLC7A1,ENSG00000139514,0.1766,0.7410401514183433,0.7660435182360494,0.174,0.154,0.09,0.106
SKIC3,ENSG00000198677,0.2067,0.7431647007924662,0.768120866077512,0.3881,0.3363,0.189,0.224
PRKDC,ENSG00000253729,0.2624,0.7454046762403049,0.7703168548056625,0.4515,0.3764,0.209,0.248
STIM2,ENSG00000109689,0.4171,0.7457224171630488,0.7705259938477727,0.2419,0.1812,0.129,0.123
PRKRIP1,ENSG00000128563,0.3964,0.7463296495207763,0.7710341421731268,0.2027,0.154,0.114,0.105
PPP1CB,ENSG00000213639,0.2785,0.7469313621725471,0.7715364317894281,0.7375,0.608,0.323,0.382
CGN,ENSG00000143375,0.1899,0.7494136332169385,0.7739807725770732,0.2808,0.2461,0.139,0.165
TM9SF4,ENSG00000101337,0.4978,0.7496239222723486,0.7740782586359024,0.2481,0.1757,0.129,0.122
IP6K1,ENSG00000176095,0.4414,0.7506187846350767,0.7749857570841981,0.1964,0.1446,0.109,0.1
RYK,ENSG00000163785,0.4234,0.7527747923156107,0.777091628728897,0.3145,0.2345,0.159,0.158
HNRNPH1,ENSG00000169045,0.1048,0.7548985525394,0.7791635655092957,0.7897,0.7344,0.348,0.435
PLXNB1,ENSG00000164050,0.2432,0.7550808383951787,0.7792312916627624,0.2113,0.1785,0.1,0.119
RALGDS,ENSG00000160271,0.3376,0.756237531619311,0.7803044142878692,0.2535,0.2006,0.139,0.132
PPIP5K2,ENSG00000145725,0.493,0.7570697770639608,0.7810424839373177,0.228,0.162,0.119,0.113
ARFIP1,ENSG00000164144,0.2048,0.757440388000523,0.7813041469429334,0.2991,0.2595,0.149,0.174
SPATS2L,ENSG00000196141,0.3897,0.7578224607217304,0.7815775502100738,0.4477,0.3417,0.214,0.226
PARVA,ENSG00000197702,0.3969,0.7581532580256952,0.7817979944964673,0.3903,0.2964,0.189,0.198
SEL1L,ENSG00000071537,0.3221,0.759511130732398,0.7829564504031001,0.2547,0.2037,0.119,0.141
ZNF37A,ENSG00000075407,0.2944,0.7594369420277767,0.7829564504031001,0.2072,0.1689,0.1,0.117
MAN1A2,ENSG00000198162,0.2074,0.7610410515621264,0.7842973805337401,0.3183,0.2757,0.159,0.186
BDP1,ENSG00000145734,0.198,0.7610467619762195,0.7842973805337401,0.5123,0.4466,0.239,0.286
SLC36A4,ENSG00000180773,0.3141,0.7629376225004226,0.7861247116137493,0.2246,0.1806,0.104,0.124
CAPZB,ENSG00000077549,0.1828,0.7639893481397841,0.7870869745836215,0.8614,0.7589,0.363,0.464
RBM5,ENSG00000003756,0.3327,0.7641951715561124,0.7871775988314736,0.4133,0.3281,0.204,0.213
AP2A2,ENSG00000183020,0.1919,0.76660911812428,0.7895423747034798,0.3657,0.3202,0.184,0.213
ADCY7,ENSG00000121281,0.339,0.7687045674105237,0.7915784467676361,0.1881,0.1487,0.085,0.102
ARHGAP31,ENSG00000031081,0.4319,0.7693805106344609,0.7921523709769638,0.306,0.2268,0.149,0.148
SLC7A6,ENSG00000103064,0.5072,0.7700451680720368,0.7927145002393856,0.2768,0.1947,0.134,0.132
NNT,ENSG00000112992,0.1715,0.7715240630025381,0.7941145348734707,0.2079,0.1846,0.109,0.126
RAD54L2,ENSG00000164080,0.1608,0.7724760395699146,0.7949718749287303,0.1797,0.1607,0.095,0.109
TULP4,ENSG00000130338,0.448,0.7749091458833226,0.797230157941268,0.3108,0.2278,0.154,0.154
CBFB,ENSG00000067955,0.4951,0.7748976637559912,0.797230157941268,0.2413,0.1712,0.124,0.12
TRIM33,ENSG00000197323,0.4957,0.7753110513334699,0.7975207934477507,0.3809,0.2701,0.174,0.181
ARHGAP5,ENSG00000100852,0.3685,0.776505639460814,0.7986266039357525,0.5317,0.4118,0.244,0.269
TPCN1,ENSG00000186815,0.3452,0.7768962927206335,0.7989053639847746,0.1923,0.1514,0.109,0.101
FOSL2,ENSG00000075426,0.5036,0.7770801490795088,0.7989714155945258,0.3307,0.2333,0.154,0.154
SCAF11,ENSG00000139218,0.1636,0.7781605570329457,0.7999591135020848,0.7057,0.63,0.313,0.393
BAIAP2L1,ENSG00000006453,0.3465,0.7796324402726318,0.8013488871315648,0.3385,0.2662,0.169,0.172
UBE2E1,ENSG00000170142,0.408,0.7801500872796554,0.8017575677705521,0.5574,0.42,0.244,0.276
YAF2,ENSG00000015153,0.2097,0.7814964251701277,0.8029059373848303,0.3039,0.2628,0.154,0.178
CHM,ENSG00000188419,0.509,0.7815079351607699,0.8029059373848303,0.2251,0.1582,0.114,0.108
YPEL2,ENSG00000175155,0.511,0.7828203872108446,0.8041306315258737,0.2088,0.1465,0.109,0.102
UGGT1,ENSG00000136731,0.2145,0.783211940163155,0.8044091263032004,0.1759,0.1516,0.09,0.106
SP1,ENSG00000185591,0.4881,0.7844330161258661,0.8055393780296218,0.231,0.1647,0.119,0.114
ZNF331,ENSG00000130844,0.8208,0.7846519444243658,0.8056403284873697,0.2702,0.1529,0.109,0.107
MAPK1,ENSG00000100030,0.1471,0.7855681711498401,0.8064570880894224,0.54,0.4877,0.259,0.313
TLE4,ENSG00000106829,0.4515,0.7870382112712808,0.8078420490365582,0.3769,0.2756,0.174,0.178
BMS1,ENSG00000165733,0.1638,0.7894668779293461,0.8099614865883414,0.1805,0.1611,0.1,0.115
CNTLN,ENSG00000044459,0.5013,0.7893110585347767,0.8099614865883414,0.2193,0.1549,0.109,0.102
PROS1,ENSG00000184500,0.2666,0.7893918527249572,0.8099614865883414,0.3561,0.296,0.169,0.198
MAP3K8,ENSG00000107968,0.3042,0.7901075571733067,0.8104942980126733,0.4563,0.3695,0.199,0.236
GSAP,ENSG00000186088,0.2673,0.7902576467122484,0.8105237749372094,0.4111,0.3415,0.204,0.211
KCTD9,ENSG00000104756,0.1836,0.792244177169907,0.8124364899919866,0.1607,0.1415,0.085,0.1
IREB2,ENSG00000136381,0.1811,0.7941858122754618,0.8143025852299369,0.2329,0.2055,0.124,0.141
MCMBP,ENSG00000197771,0.2984,0.7945557925720851,0.8144318813058558,0.2082,0.1693,0.104,0.121
CRYBG1,ENSG00000112297,0.1264,0.7944401687605578,0.8144318813058558,0.1946,0.1783,0.104,0.121
ARID1A,ENSG00000117713,0.4436,0.7946945471038275,0.8144491146396292,0.4236,0.3114,0.194,0.206
GAK,ENSG00000178950,0.4824,0.795949413696812,0.8156100236393078,0.3628,0.2597,0.169,0.175
GAREM1,ENSG00000141441,0.1777,0.7964410953705227,0.81598866022085,0.3109,0.2749,0.149,0.171
PLEKHA1,ENSG00000107679,0.2454,0.7970775092387051,0.8165154423627778,0.3254,0.2745,0.159,0.186
PAWR,ENSG00000177425,0.4138,0.8003658574625707,0.8197582521074237,0.3862,0.2899,0.184,0.195
EGLN1,ENSG00000135766,0.1861,0.8017679583956094,0.821068413695841,0.1728,0.1519,0.095,0.108
RNF168,ENSG00000163961,0.4067,0.8035069861938786,0.8227231581770528,0.2486,0.1875,0.109,0.128
EIF2B3,ENSG00000070785,0.1799,0.8048176970123118,0.8239389022601518,0.1881,0.1661,0.1,0.113
TCAIM,ENSG00000179152,0.3746,0.8061753829196932,0.8252023574744262,0.2031,0.1566,0.114,0.109
MBP,ENSG00000197971,0.2589,0.8063146658670766,0.82521845745115,0.4798,0.401,0.214,0.263
CASD1,ENSG00000127995,0.1837,0.8077542819568312,0.8265651676405202,0.273,0.2404,0.139,0.158
PPM1B,ENSG00000138032,0.2986,0.8082071992967095,0.8269019430304415,0.327,0.2658,0.154,0.18
KPNA3,ENSG00000102753,0.3406,0.8094211019865812,0.8280170838058472,0.3755,0.2965,0.189,0.199
CLCN5,ENSG00000171365,0.3446,0.8118212128106467,0.8303451577890213,0.1988,0.1565,0.09,0.104
RPH3AL,ENSG00000181031,0.3734,0.8139613018758421,0.8324066046897488,0.3741,0.2887,0.184,0.191
MTREX,ENSG00000039123,0.3119,0.8155847420054416,0.8339391444969909,0.2721,0.2192,0.149,0.148
PNPT1,ENSG00000138035,0.515,0.8158815856976459,0.8341149718160994,0.2009,0.1406,0.104,0.1
NR3C1,ENSG00000113580,0.3051,0.8171041612139356,0.8352370206225704,0.5457,0.4416,0.254,0.283
TNPO3,ENSG00000064419,0.6089,0.8177447357504659,0.8357639005474157,0.2356,0.1545,0.109,0.107
RNF115,ENSG00000265491,0.411,0.8184203825747897,0.836326458876533,0.4258,0.3202,0.204,0.218
KIDINS220,ENSG00000134313,0.2565,0.8198303552973184,0.8376391223850068,0.6316,0.5287,0.284,0.323
REEP3,ENSG00000165476,0.2163,0.8205588754752511,0.8382552354388502,0.5451,0.4692,0.249,0.299
DUSP16,ENSG00000111266,0.2795,0.8221271752771337,0.8397289193570846,0.3356,0.2764,0.174,0.178
SERTAD2,ENSG00000179833,0.3078,0.8224304232381772,0.8399102135791721,0.2133,0.1723,0.104,0.119
GRB2,ENSG00000177885,0.3021,0.823299492035061,0.8406692107173479,0.454,0.3682,0.209,0.247
SOAT1,ENSG00000057252,0.6507,0.8239120533300553,0.8411660966358054,0.3352,0.2135,0.144,0.149
SKIL,ENSG00000136603,0.3868,0.8255168880676752,0.8426757290851296,0.372,0.2845,0.179,0.187
METTL16,ENSG00000127804,0.298,0.8267078552768241,0.843762494711783,0.2261,0.1839,0.109,0.125
RPS6KB1,ENSG00000108443,0.4062,0.8293539250692121,0.8462045318572056,0.2074,0.1565,0.114,0.109
ARHGAP35,ENSG00000160007,0.4145,0.8292954919155209,0.8462045318572056,0.3927,0.2946,0.184,0.195
MAP3K20,ENSG00000091436,0.2233,0.8301311756627797,0.8468682025739585,0.4627,0.3964,0.219,0.253
POLR2B,ENSG00000047315,0.5188,0.8321715165764552,0.8488200304236627,0.3724,0.2599,0.169,0.178
PTPN1,ENSG00000196396,0.1014,0.8333412772115264,0.8498834005948671,0.7506,0.6997,0.333,0.415
LRPPRC,ENSG00000138095,0.3485,0.833516773199019,0.849932599724618,0.4162,0.3268,0.184,0.217
KIAA0319L,ENSG00000142687,0.2578,0.8353307159215323,0.8516522441825545,0.4659,0.3897,0.209,0.251
CCDC88C,ENSG00000015133,0.2306,0.8364429210384745,0.8526560240561617,0.2438,0.2077,0.124,0.14
ANKRD28,ENSG00000206560,0.2326,0.8444016541940583,0.860637669519627,0.6376,0.5426,0.274,0.316
EDEM3,ENSG00000116406,0.2759,0.8451761185725828,0.861295589860586,0.1841,0.152,0.095,0.106
HMGXB3,ENSG00000113716,0.3203,0.8464789639583823,0.862491685778495,0.2151,0.1722,0.104,0.119
ZNF721,ENSG00000182903,0.4193,0.8478761743110574,0.8637835522000538,0.3165,0.2366,0.154,0.158
PACS2,ENSG00000179364,0.1634,0.8484046560132984,0.8641901323033124,0.1621,0.1448,0.09,0.101
DNM1L,ENSG00000087470,0.3096,0.8491622652487009,0.8648299435187669,0.239,0.1928,0.119,0.134
EPC1,ENSG00000120616,0.2918,0.8533874424824244,0.8690005684311805,0.4436,0.3623,0.204,0.239
CCDC66,ENSG00000180376,0.3191,0.8556222066836203,0.8710345794060248,0.2236,0.1792,0.124,0.123
DIAPH1,ENSG00000131504,0.3401,0.8556457367095266,0.8710345794060248,0.432,0.3412,0.189,0.226
RNPC3,ENSG00000185946,0.4075,0.8562399123426485,0.8715066099568043,0.3131,0.236,0.149,0.152
RETREG1,ENSG00000154153,0.3199,0.8566458811863366,0.8717869633465705,0.1954,0.1565,0.095,0.107
MIR222HG,ENSG00000270069,0.5072,0.8569577380903262,0.8719714705522986,0.241,0.1695,0.109,0.109
CD58,ENSG00000116815,0.4142,0.8574226228377276,0.8722505889654245,0.208,0.1561,0.095,0.107
SPAG1,ENSG00000104450,0.3175,0.857493242573286,0.8722505889654245,0.209,0.1677,0.114,0.112
ACOT9,ENSG00000123130,0.4268,0.8578699004134278,0.8725008473977897,0.1904,0.1416,0.104,0.1
ACIN1,ENSG00000100813,0.3053,0.8586586324760297,0.873170067951797,0.4855,0.3928,0.234,0.254
PSMD1,ENSG00000173692,0.3447,0.861237707076494,0.8756594071493232,0.3961,0.3119,0.179,0.208
BAZ1A,ENSG00000198604,0.3139,0.8614968744766951,0.875789592789931,0.5844,0.4701,0.254,0.288
RBM25,ENSG00000119707,0.13,0.8624040776402577,0.8765784255911249,0.8289,0.7574,0.358,0.451
MARF1,ENSG00000166783,0.5857,0.8626750956636846,0.8767204753404975,0.2287,0.1524,0.104,0.104
CLK1,ENSG00000013441,0.4686,0.8631405773603218,0.877060081574561,0.5234,0.3782,0.219,0.248
RSPRY1,ENSG00000159579,0.2122,0.8640363212400737,0.87783671882605,0.202,0.1744,0.109,0.122
UBR4,ENSG00000127481,0.4005,0.8649027661187885,0.878533572545909,0.3414,0.2586,0.164,0.171
RHOQ,ENSG00000119729,0.5996,0.8649852931669259,0.878533572545909,0.3906,0.2577,0.164,0.176
TNKS2,ENSG00000107854,0.2142,0.8662115822898758,0.8795115777005291,0.3472,0.2993,0.174,0.198
TTC3,ENSG00000182670,0.1378,0.8661349297517785,0.8795115777005291,0.8002,0.7272,0.348,0.442
SPG7,ENSG00000197912,0.2355,0.8669781767651483,0.8801561396282757,0.3029,0.2573,0.154,0.172
GTF3C1,ENSG00000077235,0.3837,0.8684645464189645,0.8813971593271941,0.2048,0.157,0.095,0.107
TOP2B,ENSG00000077097,0.2698,0.8683937563256869,0.8813971593271941,0.3272,0.2714,0.164,0.184
P4HA1,ENSG00000122884,0.4664,0.8694439173213961,0.8822570531433614,0.472,0.3416,0.204,0.224
RMC1,ENSG00000141452,0.2209,0.870270048553103,0.8829612113453099,0.2052,0.176,0.104,0.117
GNG12,ENSG00000172380,0.3809,0.8721293601860175,0.884713243724546,0.2636,0.2024,0.139,0.141
NFE2L2,ENSG00000116044,0.1545,0.8729972814236021,0.8854592016140074,0.6755,0.6069,0.303,0.378
GCNT2,ENSG00000111846,0.3103,0.8736586574189538,0.8859954711359235,0.4202,0.3389,0.204,0.22
RABEP1,ENSG00000029725,0.1846,0.8755310648057254,0.8877595235824259,0.3006,0.2645,0.159,0.176
PPHLN1,ENSG00000134283,0.2773,0.8766122993686768,0.8887209392051294,0.3263,0.2692,0.164,0.186
ARHGAP12,ENSG00000165322,0.2704,0.880052501107367,0.892073251615739,0.3599,0.2983,0.184,0.192
CENPC,ENSG00000145241,0.3521,0.8830808081275534,0.895007089147789,0.2802,0.2195,0.144,0.148
LAMA5,ENSG00000130702,0.3187,0.8846547858612944,0.8964662896021218,0.1898,0.1521,0.104,0.102
CYLD,ENSG00000083799,0.4461,0.885643192912752,0.89733174840174,0.2393,0.1756,0.109,0.122
GLG1,ENSG00000090863,0.3718,0.8886568543092435,0.900248616704298,0.467,0.3609,0.214,0.237
SLC30A7,ENSG00000162695,0.4045,0.8899125306197373,0.9013839538988816,0.2595,0.196,0.134,0.135
ATG5,ENSG00000057663,0.2591,0.8902442649476356,0.9015832366315782,0.2797,0.2337,0.144,0.16
USP48,ENSG00000090686,0.252,0.8910144364795567,0.90222641316661,0.3081,0.2587,0.154,0.173
FIP1L1,ENSG00000145216,0.3936,0.8927921466955483,0.9038894569925068,0.269,0.2047,0.139,0.142
AQR,ENSG00000021776,0.2888,0.8934915275230408,0.904460429270444,0.2067,0.1692,0.104,0.115
CYFIP1,ENSG00000273749,0.4007,0.8940487206994916,0.9048873171013645,0.3531,0.2674,0.159,0.182
RGL3,ENSG00000205517,0.253,0.8954952952732704,0.9062141025954807,0.1876,0.1574,0.095,0.104
MYO5C,ENSG00000128833,0.2411,0.896070464767541,0.9066587841512508,0.4935,0.4176,0.239,0.269
SFT2D2,ENSG00000213064,0.5062,0.8964440577413348,0.9068994034617351,0.2658,0.1871,0.129,0.133
SIN3A,ENSG00000169375,0.3719,0.8967049934422308,0.9070259959413387,0.2064,0.1594,0.1,0.112
SLC6A6,ENSG00000131389,0.3483,0.8998845534119497,0.9101043204479728,0.2911,0.2286,0.139,0.156
NUTM2B-AS1,ENSG00000225484,0.2911,0.9002049721884803,0.9102727305399309,0.4631,0.3784,0.224,0.247
TMX3,ENSG00000166479,0.3312,0.9003236499396292,0.9102727305399309,0.2072,0.1647,0.114,0.113
BIRC3,ENSG00000023445,0.3813,0.9005076048569016,0.9103209161252075,0.3248,0.2493,0.139,0.157
BCKDHB,ENSG00000083123,0.3332,0.900644090991328,0.9103211083128148,0.2338,0.1855,0.124,0.126
IFT43,ENSG00000119650,0.2389,0.9020922109597016,0.9116468266000677,0.2797,0.237,0.144,0.158
TRIM56,ENSG00000169871,0.3513,0.9034931616390817,0.9129244820858436,0.3418,0.2679,0.164,0.183
ATXN10,ENSG00000130638,0.2323,0.9048469079226342,0.9141540611125812,0.6702,0.5705,0.303,0.362
FERMT2,ENSG00000073712,0.3159,0.9080126590341822,0.9172136342542805,0.3794,0.3048,0.189,0.202
MMS19,ENSG00000155229,0.365,0.9127432037658857,0.9218526928704598,0.2078,0.1613,0.1,0.11
FAM91A1,ENSG00000176853,0.4339,0.9128918271316475,0.9218633978548947,0.2468,0.1827,0.124,0.127
ABHD2,ENSG00000140526,0.1955,0.9136290439574741,0.9224683876934194,0.7009,0.6121,0.303,0.377
POLK,ENSG00000122008,0.2788,0.917298384776744,0.9260332394080824,0.3037,0.2503,0.159,0.167
PARN,ENSG00000140694,0.2888,0.9191069463579419,0.9277187992632151,0.3546,0.2903,0.179,0.189
EXOC5,ENSG00000070367,0.6113,0.9236480210680786,0.9321615492163339,0.2589,0.1695,0.114,0.119
EMP1,ENSG00000134531,0.4108,0.9240230854779261,0.9323991823397897,0.343,0.258,0.149,0.168
WWTR1,ENSG00000018408,0.1765,0.9270897141754282,0.935352296220194,0.6046,0.535,0.284,0.328
SLC25A25,ENSG00000148339,0.614,0.9286978970421238,0.9368332962308329,0.2846,0.1859,0.119,0.127
TRIM22,ENSG00000132274,0.4664,0.9303302025777989,0.9381965005310462,0.2637,0.1909,0.124,0.13
APBB1IP,ENSG00000077420,0.5277,0.930324244721215,0.9381965005310462,0.2154,0.1494,0.1,0.101
POM121,ENSG00000196313,0.5105,0.9312298835385796,0.938962015723758,0.2316,0.1625,0.109,0.113
BLTP2,ENSG00000007202,0.5656,0.9336076061040768,0.9412173888557176,0.2504,0.1692,0.114,0.119
RNF216,ENSG00000011275,0.5476,0.9360276511427968,0.9435147422249833,0.2423,0.1658,0.114,0.117
AAGAB,ENSG00000103591,0.3199,0.9368980593308078,0.9442496058956489,0.1843,0.1477,0.095,0.102
SH3KBP1,ENSG00000147010,0.2678,0.9428498015342426,0.9501046808158127,0.4904,0.4073,0.224,0.259
TRA2A,ENSG00000164548,0.1902,0.9456180515704765,0.9527504852073031,0.584,0.5118,0.269,0.317
UPF2,ENSG00000151461,0.3096,0.9466443818595828,0.9536406978039447,0.3512,0.2834,0.174,0.186
OFD1,ENSG00000046651,0.2594,0.9481004902911563,0.9549635310895239,0.3927,0.328,0.194,0.218
DGKD,ENSG00000077044,0.2831,0.9486614966196726,0.9553845198918567,0.5537,0.455,0.249,0.285
NGLY1,ENSG00000151092,0.468,0.9489061988573635,0.9554868840899036,0.2855,0.2064,0.129,0.144
TRIM2,ENSG00000109654,0.3709,0.9494612729794194,0.9559016946381582,0.2986,0.2309,0.144,0.153
FNBP4,ENSG00000109920,0.2174,0.9499029623964378,0.956202243533656,0.4905,0.4219,0.244,0.271
AP1G1,ENSG00000166747,0.3658,0.9513833302849042,0.9575481107554061,0.3318,0.2575,0.154,0.17
MROH1,ENSG00000179832,0.4076,0.9516818120416857,0.9577042071156273,0.341,0.2571,0.154,0.171
ZNF33A,ENSG00000189180,0.346,0.9519086627125916,0.9577881829251882,0.3253,0.2559,0.164,0.173
PCMTD1,ENSG00000168300,0.254,0.956542018577677,0.9623051878415882,0.4491,0.3766,0.224,0.246
ORC4,ENSG00000115947,0.1551,0.9581067127424017,0.963734146747967,0.2133,0.1915,0.124,0.131
JADE1,ENSG00000077684,0.2213,0.9589070389417924,0.9643939336082263,0.2046,0.1755,0.119,0.123
GK,ENSG00000198814,0.4111,0.9597492179334468,0.965095607735244,0.3328,0.2503,0.149,0.164
NAA25,ENSG00000111300,0.3793,0.9620729063609947,0.9672866086986428,0.2043,0.157,0.104,0.108
CYP27A1,ENSG00000135929,0.5977,0.96236563073101,0.9674278046954511,0.225,0.1486,0.1,0.103
RPS6KA2,ENSG00000071242,0.1583,0.9625030337178129,0.9674278046954511,0.8402,0.7529,0.343,0.446
CPEB4,ENSG00000113742,0.2648,0.9627838171929914,0.9675644169473353,0.3799,0.3162,0.189,0.206
LARP1B,ENSG00000138709,0.355,0.9640205137675857,0.9686615031523552,0.3522,0.2753,0.164,0.184
GOLPH3L,ENSG00000143457,0.4589,0.9649465994413907,0.9694462000103863,0.2101,0.1528,0.1,0.107
ZNF652,ENSG00000198740,0.3237,0.9660639398192469,0.9704227784708602,0.2936,0.2346,0.149,0.159
USP10,ENSG00000103194,0.2839,0.9666076965414673,0.970822978225633,0.2627,0.2158,0.139,0.149
NRDC,ENSG00000078618,0.3098,0.9670678105212774,0.9711390627682472,0.5078,0.4097,0.234,0.269
RPRD2,ENSG00000163125,0.3299,0.9675697655439929,0.9714970631491775,0.2665,0.212,0.129,0.141
SLC25A26,ENSG00000144741,0.4668,0.9694701385732619,0.9729903408406807,0.2258,0.1634,0.109,0.113
TMEM87B,ENSG00000153214,0.3784,0.9694940437632475,0.9729903408406807,0.2285,0.1757,0.114,0.119
IVNS1ABP,ENSG00000116679,0.6041,0.9692191357387042,0.9729903408406807,0.3176,0.2089,0.134,0.148
CDK12,ENSG00000167258,0.3519,0.971382638625334,0.9747392793537569,0.3107,0.2434,0.154,0.164
HDGFL3,ENSG00000166503,0.3345,0.9717472279603777,0.9749586503751484,0.1838,0.1457,0.1,0.102
ATP6V1C1,ENSG00000155097,0.4324,0.972494355615903,0.975561700384292,0.279,0.2068,0.134,0.146
TBC1D2B,ENSG00000167202,0.2736,0.9729785072659145,0.975900803428299,0.2175,0.1799,0.119,0.124
STAT2,ENSG00000170581,0.4184,0.973833268324688,0.9766114713424311,0.2057,0.1539,0.1,0.106
MARK2,ENSG00000072518,0.3074,0.974717947769144,0.9773519251088595,0.2438,0.197,0.129,0.136
USP36,ENSG00000055483,0.4656,0.9767863043117436,0.9789849529559027,0.2528,0.183,0.119,0.126
SLC25A16,ENSG00000122912,0.3391,0.976499355035133,0.9789849529559027,0.3166,0.2503,0.154,0.168
RAB1A,ENSG00000138069,0.1411,0.9767863043117436,0.9789849529559027,0.8264,0.7494,0.353,0.454
DCAF10,ENSG00000122741,0.2763,0.979034174656075,0.9810906605443248,0.2581,0.2131,0.139,0.147
CHORDC1,ENSG00000110172,0.3882,0.9799309788998729,0.9818420354143791,0.2229,0.1703,0.114,0.118
SBNO1,ENSG00000139697,0.46,0.9802060040024769,0.9819702865955517,0.296,0.2151,0.139,0.151
AFF4,ENSG00000072364,0.2213,0.9830520480928354,0.9846737596298812,0.6483,0.5561,0.289,0.347
NUTM2A-AS1,ENSG00000223482,0.3056,0.9832732837111033,0.9847476775988092,0.2514,0.2034,0.129,0.135
UBP1,ENSG00000153560,0.4028,0.9838054502991455,0.9851329239202388,0.2664,0.2015,0.129,0.137
RARS2,ENSG00000146282,0.3147,0.9887268069748747,0.989912508437294,0.2227,0.179,0.119,0.124
LPIN2,ENSG00000101577,0.2707,0.9903115482549443,0.9912019827356171,0.5128,0.425,0.234,0.268
TBCD,ENSG00000141556,0.4133,0.9902936075619113,0.9912019827356171,0.3547,0.2663,0.159,0.176
RIF1,ENSG00000080345,0.3534,0.9921295623094245,0.992872841873636,0.3121,0.2442,0.154,0.166
RB1CC1,ENSG00000023287,0.1809,0.9924465231563077,0.9930412476645661,0.5699,0.5027,0.269,0.313
TPP2,ENSG00000134900,0.2954,0.9933017252095523,0.993748086080677,0.3168,0.2582,0.159,0.172
MECP2,ENSG00000169057,0.3669,0.9966508330995913,0.9969493656241082,0.3446,0.2672,0.164,0.18
STX7,ENSG00000079950,0.3588,0.9973924313261505,0.9975417862874153,0.4169,0.3251,0.194,0.218
ERICH1,ENSG00000104714,0.2866,0.9979546121624536,0.9979546121624536,0.3713,0.3044,0.184,0.201
