gene,gene_ens,log2FC,pvalue,padj,mean_group,mean_ref,pct_group,pct_ref
SFTPB,ENSG00000168878,-0.8093,4.1873019525359246e-209,3.0351810485945845e-205,1.6819,2.9474,0.852,0.998
SFTPC,ENSG00000168484,-1.6756,8.034893576689834e-209,3.0351810485945845e-205,0.9543,3.0487,0.555,0.972
SFTPA1,ENSG00000122852,-2.3856,7.586946572461943e-198,1.9106460451649995e-194,0.5152,2.6926,0.305,0.941
SFTPA2,ENSG00000185303,-2.478,6.30026290380751e-197,1.1899621559566434e-193,0.4753,2.6488,0.278,0.938
MDK,ENSG00000110492,4.7087,6.875055183752107e-190,1.0388208382649433e-186,1.6861,0.0644,0.916,0.042
SLPI,ENSG00000124107,-1.4208,4.3017685424443416e-180,5.416643556361167e-177,0.9694,2.5957,0.561,0.928
MALAT1,ENSG00000251562,-0.5225,1.8143655784997982e-177,1.9582188493665681e-174,2.0899,3.0021,0.989,0.994
NAPSA,ENSG00000131400,-0.6565,1.2799857622770387e-166,1.2087865542503783e-163,1.5952,2.5145,0.857,0.954
FABP5,ENSG00000164687,-2.8233,8.899566937998699e-164,7.470692024064463e-161,0.2887,2.0442,0.197,0.867
PEBP4,ENSG00000134020,-3.4718,4.416384402177078e-160,3.336578415844782e-157,0.1645,1.826,0.119,0.847
CYB5A,ENSG00000166347,-0.6539,4.797065416530785e-156,3.294711747444553e-153,1.4634,2.3026,0.844,0.929
KRT17,ENSG00000128422,6.3444,9.105762930934153e-155,5.732836578600628e-152,1.5706,0.0192,0.811,0.012
SFTPD,ENSG00000133661,-2.182,1.6863150483516294e-154,9.800084761766586e-152,0.4461,2.0246,0.278,0.868
SLC34A2,ENSG00000157765,-0.6496,6.717754217178546e-154,3.6251880793417085e-151,1.4654,2.2989,0.825,0.942
SFTA2,ENSG00000196260,-0.7106,8.821661009520596e-154,4.4431765951285406e-151,1.407,2.3026,0.814,0.919
CTSH,ENSG00000103811,-0.5862,3.216716138686898e-153,1.5188931517362198e-150,1.5357,2.3055,0.873,0.938
MMP7,ENSG00000137673,3.1853,3.8768139554322916e-153,1.7229017313700566e-150,1.6736,0.1839,0.868,0.117
LRRK2,ENSG00000188906,-3.6958,3.7152677851236095e-149,1.559380450922715e-146,0.1342,1.7407,0.1,0.815
CRIP2,ENSG00000182809,3.6935,1.0608208527812022e-146,4.2181587067168335e-144,1.4321,0.1106,0.838,0.072
SOX4,ENSG00000124766,2.4681,2.068695653070772e-145,7.814497829474841e-143,1.677,0.303,0.916,0.184
MGST1,ENSG00000008394,-0.4719,5.5455564586901725e-145,1.9950799545430594e-142,1.6207,2.2479,0.908,0.933
COL1A1,ENSG00000108821,4.5881,1.0134109134444191e-143,3.4801452050329937e-141,1.4328,0.0595,0.798,0.043
FTL,ENSG00000087086,-0.4001,1.3910764399804073e-142,4.569383697413903e-140,1.9868,2.6219,0.989,0.93
IL32,ENSG00000008517,3.1009,4.505218721861797e-142,1.4182053101527448e-139,1.5651,0.1823,0.854,0.112
CD24,ENSG00000272398,3.4903,8.82501959817671e-142,2.6669209225690015e-139,1.494,0.1328,0.838,0.079
NEAT1,ENSG00000245532,-0.4497,5.686479877681816e-141,1.65235982599562e-138,1.8315,2.5014,0.954,0.971
DST,ENSG00000151914,4.2944,4.993817772010381e-140,1.397344195094016e-137,1.3423,0.0683,0.801,0.045
LAMP3,ENSG00000078081,-3.012,3.31398193657486e-139,8.941833403865382e-137,0.2098,1.6931,0.137,0.813
HOPX,ENSG00000171476,-0.5047,3.989078898253266e-139,1.0392238302173595e-136,1.5924,2.2593,0.868,0.929
LAMB3,ENSG00000196878,2.4465,6.75461380323532e-139,1.7010369094480947e-136,1.5383,0.2821,0.895,0.184
RPS3,ENSG00000149273,-0.3847,2.0748228530862668e-138,5.056544082279595e-136,1.8535,2.4199,0.957,0.923
EEF1A1,ENSG00000156508,-0.3466,4.4411106364827466e-138,1.0485184643320983e-135,2.057,2.6157,0.997,0.932
FN1,ENSG00000115414,3.5234,5.6220150567386e-138,1.2871007198078824e-135,1.4517,0.1262,0.817,0.082
TPT1,ENSG00000133112,-0.3567,1.721839708544058e-137,3.826029117073635e-135,1.9678,2.5197,0.992,0.928
RPS27,ENSG00000177954,-0.4026,4.856971270776346e-137,1.0484119414490086e-134,1.8907,2.4993,0.968,0.925
RPS12,ENSG00000112306,-0.3708,2.585256867902791e-136,5.425448788057107e-134,1.9976,2.5831,0.987,0.929
RPL11,ENSG00000142676,-0.3308,2.6623178130330435e-136,5.436165156071525e-134,1.9659,2.4726,0.992,0.928
IGFBP7,ENSG00000163453,3.4231,3.0724838913015754e-136,6.108583104943001e-134,1.5492,0.1443,0.814,0.091
RPS4X,ENSG00000198034,-0.3707,3.4318739183133153e-136,6.648155757142846e-134,1.8676,2.4148,0.97,0.922
RPL10,ENSG00000147403,-0.34,6.961083353649724e-136,1.3147746184205916e-133,2.0181,2.5544,0.997,0.929
PDLIM4,ENSG00000131435,5.6364,9.126353370214746e-136,1.6816975539505464e-133,1.2586,0.0252,0.765,0.017
RPS6,ENSG00000137154,-0.3968,1.5741281148244243e-135,2.831556644642506e-133,1.8164,2.3916,0.957,0.919
RPL13,ENSG00000167526,-0.3668,1.652792622347097e-135,2.9039182004261203e-133,1.9331,2.4926,0.978,0.927
NPC2,ENSG00000119655,-0.3748,4.852450710629266e-135,8.331878436091842e-133,1.8769,2.4338,0.968,0.929
MARCKSL1,ENSG00000175130,5.7639,1.257570475748961e-134,2.1113210987296446e-132,1.2937,0.0237,0.76,0.017
RPL19,ENSG00000108298,-0.3391,1.3615126223375149e-134,2.23613649168694e-132,1.9201,2.4288,0.978,0.924
RPLP1,ENSG00000137818,-0.3499,3.0115282380514536e-134,4.8408714549954754e-132,2.0495,2.6121,0.997,0.931
RPS28,ENSG00000233927,-0.3431,4.491732833258585e-134,7.069800324014293e-132,1.9611,2.4877,0.987,0.926
RPS2,ENSG00000140988,-0.3677,9.543335126240978e-134,1.4714264669132775e-131,1.8413,2.376,0.968,0.917
ITGA2,ENSG00000164171,4.2002,1.631325126068821e-133,2.4649322654899885e-131,1.2976,0.0705,0.784,0.045
MT-CO1,ENSG00000198804,-0.3415,2.3268358206779983e-132,3.4469107108278978e-130,2.0979,2.6581,0.995,0.945
RPS13,ENSG00000110700,-0.3525,5.711148631355694e-132,8.29763998267159e-130,1.8698,2.3873,0.96,0.921
RPS9,ENSG00000170889,-0.3724,5.976558774762879e-132,8.519415385534633e-130,1.7842,2.3097,0.957,0.916
RPS14,ENSG00000164587,-0.3411,1.995409372237067e-131,2.7917255198613038e-129,1.9396,2.457,0.984,0.924
RPLP0,ENSG00000089157,-0.2968,4.913450708830874e-131,6.749294564584955e-129,1.92,2.3586,0.981,0.923
CDKN1A,ENSG00000124762,2.307,9.770517396340123e-131,1.3181474808812436e-128,1.594,0.322,0.892,0.197
RPL14,ENSG00000188846,-0.3356,1.2104967063241843e-130,1.604439055487581e-128,1.8514,2.3363,0.965,0.92
RPL32,ENSG00000144713,-0.3464,2.197582148092508e-130,2.8625401946273963e-128,1.9265,2.4493,0.976,0.924
RPL18,ENSG00000063177,-0.3188,5.577477891899044e-130,7.142007707338522e-128,1.8961,2.365,0.978,0.921
RPS8,ENSG00000142937,-0.3216,1.0861279814830842e-129,1.3676161500174503e-127,1.9562,2.4447,0.981,0.926
RPL8,ENSG00000161016,-0.3032,1.160160591022665e-129,1.436887420520694e-127,1.9461,2.4013,0.987,0.924
RPS15A,ENSG00000134419,-0.3503,5.6441497792836186e-129,6.877669610078668e-127,1.8848,2.4029,0.968,0.918
RPL30,ENSG00000156482,-0.3249,6.059061343220873e-129,7.266064833021221e-127,1.8894,2.3666,0.965,0.922
MT-CO2,ENSG00000198712,-0.3274,6.232104674548048e-129,7.356804815032891e-127,2.0748,2.6033,0.995,0.942
RPL28,ENSG00000108107,-0.3189,7.434095326421837e-129,8.640706183248765e-127,1.9714,2.4592,0.984,0.925
RPS16,ENSG00000105193,-0.3991,9.296531605330361e-129,1.064171155731377e-126,1.7437,2.2993,0.938,0.911
RPS25,ENSG00000118181,-0.3467,1.2646337064810379e-128,1.4260160675319764e-126,1.815,2.3081,0.96,0.916
RPL18A,ENSG00000105640,-0.3372,1.7052784039248018e-128,1.8946144620076294e-126,1.8889,2.3862,0.97,0.92
FHL2,ENSG00000115641,7.9358,2.3790767734242815e-128,2.604916670031949e-126,1.2557,0.005,0.733,0.004
RPL24,ENSG00000114391,-0.3469,2.744732549395021e-128,2.9623506300970546e-126,1.8146,2.3079,0.957,0.915
RPL9,ENSG00000163682,-0.3766,4.790613753651759e-128,5.097617874484372e-126,1.782,2.3136,0.957,0.911
RPS15,ENSG00000115268,-0.3232,4.926288978089715e-128,5.1691823929816386e-126,1.8907,2.3655,0.97,0.924
RPS23,ENSG00000186468,-0.3122,5.161902200295014e-128,5.342215222360114e-126,1.9222,2.3867,0.984,0.921
RPL12,ENSG00000197958,-0.3313,6.677802792878014e-128,6.817675689215324e-126,1.9406,2.4416,0.976,0.925
RPL23A,ENSG00000198242,-0.4039,2.171145693306261e-127,2.1870674283905067e-125,1.7293,2.2881,0.938,0.906
RPL6,ENSG00000089009,-0.3283,4.332802796255569e-127,4.3071480428566876e-125,1.856,2.3303,0.965,0.919
MUC1,ENSG00000185499,-0.7308,5.105692840186945e-127,5.009546676313295e-125,1.2479,2.071,0.739,0.907
RPS3A,ENSG00000145425,-0.3374,5.809689607290756e-127,5.627205767061752e-125,1.8731,2.3666,0.965,0.922
RPL37,ENSG00000145592,-0.3255,2.256981141777237e-125,2.1584167754591172e-123,1.8921,2.371,0.965,0.921
RPL34,ENSG00000109475,-0.3168,2.4869504268392626e-125,2.3486138093463288e-123,1.9634,2.4456,0.989,0.924
PGC,ENSG00000096088,-2.6119,3.892032303732871e-125,3.630160994407635e-123,0.303,1.853,0.197,0.793
RPS24,ENSG00000138326,-0.2828,4.063739149581914e-125,3.7440913750111414e-123,1.977,2.4051,0.995,0.925
RPL3,ENSG00000100316,-0.3268,4.3475060479983094e-125,3.957278095497256e-123,1.8317,2.2975,0.973,0.912
LBH,ENSG00000213626,4.5843,7.122819343470893e-125,6.40629763570507e-123,1.2671,0.0527,0.747,0.037
MT-CO3,ENSG00000198938,-0.3196,3.786159693334459e-124,3.3652278215460984e-122,2.0382,2.5436,0.995,0.941
RPL5,ENSG00000122406,-0.3355,7.3588885485918245e-124,6.464698021466422e-122,1.8154,2.2907,0.954,0.915
MT-ND4,ENSG00000198886,-0.3541,6.411728843770589e-123,5.56788636950423e-121,1.9316,2.4689,0.987,0.933
CALD1,ENSG00000122786,4.494,1.1056785144602368e-122,9.492501337212602e-121,1.2507,0.0554,0.744,0.037
RPL7A,ENSG00000148303,-0.2828,1.2340296264938294e-122,1.047538632377627e-120,1.9221,2.3384,0.981,0.92
SERINC2,ENSG00000168528,2.3239,1.4695428610086853e-122,1.2335995905467352e-120,1.4231,0.2842,0.844,0.195
RPL21,ENSG00000122026,-0.4093,1.9678321033763715e-122,1.633733136374559e-120,1.7556,2.3314,0.941,0.909
RPS5,ENSG00000083845,-0.3435,6.397137991970824e-122,5.2533019053629974e-120,1.7931,2.2751,0.949,0.91
MT-ND1,ENSG00000198888,-0.3146,9.851025501774958e-122,8.00263415762471e-120,1.958,2.4351,0.995,0.931
RPLP2,ENSG00000177600,-0.3358,1.0193635904839155e-121,8.192863751176576e-120,1.8863,2.3806,0.97,0.922
FTH1,ENSG00000167996,-0.2693,1.0981322700597908e-121,8.733041368738653e-120,2.0529,2.4742,1.0,0.928
RACK1,ENSG00000204628,-0.3211,2.33184040255613e-121,1.8351098168032876e-119,1.7789,2.2223,0.949,0.907
RPL29,ENSG00000162244,-0.3129,5.031847302889631e-121,3.9191346776630063e-119,1.8706,2.3237,0.965,0.914
RPL37A,ENSG00000197756,-0.3558,9.158125467639084e-121,7.060167133470743e-119,1.8082,2.3139,0.96,0.911
MT-ATP6,ENSG00000198899,-0.3393,2.8763422271725893e-120,2.1950268208372637e-118,1.9407,2.4553,0.987,0.936
EIF1,ENSG00000173812,-0.2847,5.5301319514739674e-120,4.1780146893385824e-118,1.8529,2.2571,0.973,0.917
RPS27A,ENSG00000143947,-0.2935,7.65155131751816e-120,5.723511901371257e-118,1.9324,2.3683,0.981,0.921
FAU,ENSG00000149806,-0.2826,1.0626780425091288e-119,7.871110403094577e-118,1.8677,2.2719,0.976,0.915
ABCA3,ENSG00000167972,-2.4352,1.1069373078248609e-119,8.119331418074588e-118,0.2975,1.6096,0.202,0.789
PMEPA1,ENSG00000124225,2.9968,3.691162252997367e-119,2.681416425134145e-117,1.2992,0.1627,0.784,0.114
RPL35A,ENSG00000182899,-0.2983,4.621747055335908e-119,3.3254570479107416e-117,1.8885,2.3222,0.973,0.915
IFI27,ENSG00000165949,2.3955,1.537840283748087e-118,1.0960739003506411e-116,1.5477,0.2941,0.844,0.175
DBI,ENSG00000155368,-0.7096,1.6607289726876506e-118,1.1725988213696448e-116,1.2314,2.0138,0.757,0.868
LAMC2,ENSG00000058085,4.293,1.9654831560927245e-118,1.3749282633593085e-116,1.223,0.0623,0.736,0.041
NICOL1,ENSG00000243449,2.7466,1.767852497700448e-117,1.225332625699714e-115,1.3969,0.2081,0.806,0.132
RPL39,ENSG00000198918,-0.3212,1.8892092135704855e-117,1.297543237138638e-115,1.9223,2.4016,0.965,0.92
GSN,ENSG00000148180,1.9379,2.9601297451986714e-117,2.0147549752230598e-115,1.5756,0.4112,0.898,0.255
RPL26,ENSG00000161970,-0.3914,3.4860224745993944e-117,2.351508910321288e-115,1.7247,2.2623,0.925,0.906
RPS7,ENSG00000171863,-0.2851,6.61843769353698e-117,4.424982015457689e-115,1.8738,2.2832,0.965,0.916
RPS19,ENSG00000105372,-0.2864,1.5860214077088098e-116,1.0510869943193034e-114,1.9673,2.3993,0.981,0.922
CLDN1,ENSG00000163347,2.8197,8.021887097991143e-116,5.270031045680268e-114,1.318,0.1866,0.801,0.118
SAT1,ENSG00000130066,-0.2655,2.140292301136136e-115,1.3939576150934056e-113,1.9386,2.3303,0.989,0.946
S100A6,ENSG00000197956,-0.2613,4.9577309758013245e-115,3.2013382497588894e-113,2.1068,2.525,0.997,0.93
RPL22,ENSG00000116251,-0.3091,6.09755609595418e-115,3.903986127536765e-113,1.7834,2.2095,0.949,0.911
RPL36,ENSG00000130255,-0.2928,1.0301483272499142e-113,6.540143371742103e-112,1.8697,2.2904,0.968,0.913
RPL10A,ENSG00000198755,-0.3353,3.348916103300682e-112,2.1084217633697213e-110,1.7271,2.179,0.93,0.897
RPL7,ENSG00000147604,-0.3977,1.5753293445161465e-111,9.836043965140072e-110,1.643,2.1645,0.911,0.889
MT-CYB,ENSG00000198727,-0.2749,1.9956580153204378e-110,1.235835762766058e-108,2.0287,2.4546,0.995,0.934
MT-ND2,ENSG00000198763,-0.3028,3.6003708679462677e-110,2.2114473095393537e-108,1.9094,2.3555,0.989,0.923
CST6,ENSG00000175315,4.5418,6.053097609391867e-110,3.687996164431899e-108,1.2051,0.0516,0.704,0.033
APP,ENSG00000142192,1.6887,3.335615260204162e-109,2.0160458632673955e-107,1.5531,0.4817,0.895,0.311
RPL15,ENSG00000174748,-0.2596,3.564259373269512e-109,2.1371412353215208e-107,1.8741,2.2436,0.978,0.907
RPL35,ENSG00000136942,-0.288,7.923399299080339e-108,4.713486748389918e-106,1.8121,2.2125,0.96,0.904
RPSA,ENSG00000168028,-0.3043,6.435009547238623e-107,3.798163838233422e-105,1.7345,2.1418,0.946,0.896
DPYSL3,ENSG00000113657,8.0498,3.401150007122695e-106,1.9919138220009272e-104,1.0888,0.004,0.666,0.003
NACA,ENSG00000196531,-0.2849,7.794948233395604e-106,4.5300641464079836e-104,1.7514,2.1338,0.943,0.896
PCSK1N,ENSG00000102109,3.7494,1.5486039827432373e-105,8.931071060782563e-104,1.2968,0.0963,0.712,0.057
GAS6,ENSG00000183087,3.8333,2.83807497291707e-103,1.6243679106354895e-101,1.161,0.0814,0.701,0.053
RPL41,ENSG00000229117,-0.3431,3.729100333111697e-103,2.1182972192976595e-101,1.8751,2.3786,0.962,0.908
SELENOP,ENSG00000250722,-1.1227,7.324771582755781e-103,4.129749948337308e-101,0.7947,1.7306,0.539,0.819
SLCO2A1,ENSG00000174640,5.8925,1.2585294269099256e-102,7.043103570595917e-101,1.0677,0.0179,0.663,0.011
RPS11,ENSG00000142534,-0.394,1.2697470805076776e-102,7.053631759731988e-101,1.5774,2.0727,0.892,0.877
OCIAD2,ENSG00000145247,1.3629,4.112806126186458e-102,2.268047465937131e-100,1.6516,0.6421,0.911,0.404
VIM,ENSG00000026025,1.4188,5.7038091674746385e-102,3.12262885943992e-100,1.7736,0.6633,0.935,0.384
STMN1,ENSG00000117632,2.9958,1.8423962405556707e-100,1.0013887480142512e-98,1.2446,0.1559,0.725,0.102
PALLD,ENSG00000129116,4.5743,2.04560404455598e-100,1.1038956111871736e-98,1.0762,0.0451,0.671,0.031
CRLF1,ENSG00000006016,8.1179,2.229051650751613e-100,1.1943606540020168e-98,1.0657,0.0037,0.647,0.003
MT-ND3,ENSG00000198840,-0.2665,6.170031023473956e-100,3.2827172100243477e-98,1.9614,2.3594,0.989,0.928
RPL27,ENSG00000131469,-0.3469,6.796102819800868e-100,3.590528447803885e-98,1.6384,2.0838,0.911,0.878
RPS21,ENSG00000171858,-0.2448,9.724235999386963e-100,5.1018474288450345e-98,1.8707,2.2166,0.97,0.914
COX7C,ENSG00000127184,-0.3137,5.527716944133488e-99,2.880131138822655e-97,1.6731,2.0795,0.911,0.892
SFTA3,ENSG00000229415,-1.0232,7.577446738155057e-99,3.92106918539462e-97,0.8588,1.7454,0.561,0.826
PRSS2,ENSG00000275896,10.4867,2.0054033835014077e-98,1.0306682015206215e-96,1.1723,0.0007,0.639,0.0
RPS29,ENSG00000213741,-0.4551,2.1298996702327882e-98,1.0872381532882707e-96,1.5396,2.1107,0.871,0.867
CTSE,ENSG00000196188,2.4592,2.1442552592978473e-98,1.0872381532882707e-96,1.3269,0.2412,0.763,0.15
MYADM,ENSG00000179820,2.5474,1.5111295773321517e-96,7.611055971162937e-95,1.2229,0.2091,0.752,0.138
SELENBP1,ENSG00000143416,-1.9691,2.3154138482945074e-96,1.1584736174745037e-94,0.3793,1.4854,0.275,0.743
B2M,ENSG00000166710,-0.1843,6.347140193454416e-96,3.1547792211544813e-94,2.0413,2.3195,1.0,0.921
BACE2,ENSG00000182240,2.7098,6.657817719604374e-96,3.2875694687327483e-94,1.163,0.1777,0.73,0.12
RPL23,ENSG00000125691,-0.4925,6.80867440807704e-96,3.3402295553910413e-94,1.438,2.0231,0.844,0.86
PTMA,ENSG00000187514,-0.1946,7.059913304597272e-96,3.441138388144025e-94,1.9872,2.2742,0.992,0.915
TUBA1A,ENSG00000167552,1.8613,1.7934185527282286e-95,8.68543408068062e-94,1.4405,0.3964,0.817,0.254
TNC,ENSG00000041982,3.6865,2.499027593834798e-95,1.2025575459504396e-93,1.1339,0.088,0.677,0.054
RPS20,ENSG00000008988,-0.5924,5.039308363838227e-95,2.4096186511897347e-93,1.34,2.0205,0.803,0.846
PTGS2,ENSG00000073756,3.4797,6.642989289139973e-95,3.156464407512736e-93,1.1604,0.1039,0.682,0.069
UBA52,ENSG00000221983,-0.2621,6.827547873850179e-95,3.2238827616836314e-93,1.7301,2.0748,0.943,0.886
ITGAV,ENSG00000138448,2.728,3.1727873896296403e-94,1.4888452626491883e-92,1.1671,0.1761,0.72,0.121
SLC39A8,ENSG00000138821,-2.2042,6.622062990275005e-94,3.0882522155263986e-92,0.3044,1.4028,0.218,0.722
GSTP1,ENSG00000084207,-0.1799,1.7947888028883763e-93,8.318791046516369e-92,1.9774,2.2399,0.989,0.912
FSTL3,ENSG00000070404,4.0856,1.889409618558401e-92,8.703957114761414e-91,1.0299,0.0606,0.655,0.041
SLC25A5,ENSG00000005022,-0.4598,2.6720413137708084e-92,1.2234710379114215e-90,1.3814,1.8999,0.806,0.854
OAZ1,ENSG00000104904,-0.3501,5.0274666316386114e-92,2.2881030362668496e-90,1.5226,1.9408,0.871,0.862
PIGR,ENSG00000162896,-2.0706,7.007894751331582e-92,3.1703380147491075e-90,0.3594,1.5099,0.229,0.732
NUPR1,ENSG00000176046,-0.9743,1.7214006438366237e-91,7.741179681062911e-90,0.9014,1.7712,0.571,0.823
PLPP2,ENSG00000141934,4.1103,1.232003179046164e-90,5.507564507511107e-89,1.0377,0.06,0.65,0.038
TACSTD2,ENSG00000184292,1.1963,1.5760942749076872e-90,7.004348380545635e-89,1.845,0.8051,0.97,0.457
TMEM98,ENSG00000006042,2.0622,5.901728029975661e-90,2.60745937230796e-88,1.2545,0.3003,0.768,0.204
RPS10,ENSG00000124614,-1.022,3.319792992022335e-89,1.458199770623764e-87,0.8935,1.8145,0.569,0.812
RPL31,ENSG00000071082,-0.3658,4.783256836535334e-89,2.088873144510084e-87,1.6096,2.0742,0.906,0.875
CDH3,ENSG00000062038,4.5421,7.229592929607569e-89,3.1390560105278844e-87,1.0049,0.043,0.631,0.03
JPT1,ENSG00000189159,1.8243,8.509080818975901e-89,3.6734917478493104e-87,1.3392,0.3781,0.801,0.249
RPL13A,ENSG00000142541,-0.3082,1.1559476711936074e-88,4.962036736288468e-87,1.7624,2.1821,0.957,0.888
SERF2,ENSG00000140264,-0.1896,2.9698197656998413e-87,1.2676264593142543e-85,1.8972,2.1636,0.976,0.904
S100A16,ENSG00000188643,1.461,3.2943654442917786e-87,1.3982545467204712e-85,1.4948,0.5429,0.871,0.342
CLDN18,ENSG00000066405,-3.1067,6.039752748178527e-87,2.5491805593569148e-85,0.1515,1.306,0.102,0.656
TIMP1,ENSG00000102265,2.2818,1.3851743934064467e-86,5.813884745658725e-85,1.2602,0.2591,0.749,0.154
C16orf89,ENSG00000153446,-1.8468,1.8934052924742674e-86,7.903136455603918e-85,0.4011,1.443,0.27,0.726
DSP,ENSG00000096696,2.7515,4.286680176482843e-86,1.779443336996037e-84,1.1113,0.1649,0.685,0.117
FASN,ENSG00000169710,-2.166,1.434487249756405e-85,5.922159110333137e-84,0.2999,1.3462,0.218,0.697
TPM1,ENSG00000140416,1.2691,3.708440444020343e-85,1.5226775844877005e-83,1.6482,0.6838,0.911,0.414
EEF2,ENSG00000167658,-0.2312,7.583873677335148e-85,3.0970900341765966e-83,1.6612,1.95,0.933,0.868
S100A14,ENSG00000189334,-0.9414,2.4935154930249046e-84,1.0128230940754383e-82,0.866,1.6632,0.561,0.798
EEF1B2,ENSG00000114942,-0.2949,5.470109928700267e-84,2.2099829150444127e-82,1.5943,1.956,0.9,0.87
DSTN,ENSG00000125868,-0.2094,3.526798073461891e-83,1.417285076861946e-81,1.7597,2.0346,0.962,0.898
CXCL17,ENSG00000189377,-0.5892,4.752414904493651e-83,1.899708709177224e-81,1.2607,1.8966,0.736,0.85
ARL4C,ENSG00000188042,3.3212,5.924925395928425e-83,2.3559374403283817e-81,1.046,0.1046,0.644,0.073
TMSB4X,ENSG00000205542,-0.195,8.013735951902598e-83,3.169831157938436e-81,2.0486,2.3451,0.997,0.906
DCXR,ENSG00000169738,-1.1909,9.766808405550277e-83,3.843137369996476e-81,0.6757,1.5426,0.469,0.77
RPL4,ENSG00000174444,-0.3399,1.1373025646946609e-82,4.451979728636354e-81,1.4985,1.8966,0.854,0.85
AGRN,ENSG00000188157,2.3711,3.3500819922379114e-82,1.3046324459462589e-80,1.1172,0.2159,0.712,0.145
PRSS23,ENSG00000150687,4.4502,8.903694322100874e-82,3.449610800178057e-80,0.965,0.044,0.606,0.031
LPCAT1,ENSG00000153395,-1.0003,1.5301187117974872e-81,5.8979830957296e-80,0.818,1.6363,0.528,0.796
AK1,ENSG00000106992,-1.2398,1.5677805634763774e-81,6.0124782523167666e-80,0.661,1.5612,0.447,0.759
PLAUR,ENSG00000011422,3.1053,2.1568920376806324e-81,8.229959264988473e-80,1.0521,0.1222,0.652,0.078
RPL27A,ENSG00000166441,-0.4896,3.86836804825737e-81,1.4686191258585142e-79,1.4094,1.979,0.846,0.832
RNASE1,ENSG00000129538,-0.3955,1.8958257694657446e-80,7.16148184415685e-79,1.5745,2.0711,0.873,0.871
PLA2G1B,ENSG00000170890,-2.7718,5.42492941114471e-80,2.0390717264277752e-78,0.1905,1.3018,0.14,0.642
PRDX5,ENSG00000126432,-0.2537,5.820357955341086e-80,2.1768715026040543e-78,1.6061,1.9148,0.911,0.861
FGGY,ENSG00000172456,-1.7332,6.535431357712962e-80,2.4322750693360307e-78,0.4195,1.3948,0.305,0.718
RPS17,ENSG00000182774,-0.791,1.1389118127097009e-79,4.2178817377557795e-78,1.0942,1.8934,0.668,0.811
PLAU,ENSG00000122861,7.8363,2.4585729946930203e-79,9.060740963368668e-78,0.9469,0.004,0.574,0.003
HES4,ENSG00000188290,3.4929,2.8786794133051947e-79,1.0557486877437256e-77,0.9728,0.0863,0.625,0.057
RPL38,ENSG00000172809,-0.3126,3.7459772553653433e-79,1.3671912156659502e-77,1.6076,1.9965,0.9,0.862
MYH9,ENSG00000100345,1.4517,7.291800473012558e-79,2.648536181423552e-77,1.4136,0.5167,0.836,0.331
S100A2,ENSG00000196754,3.4584,7.936715426154331e-79,2.868989715052439e-77,1.0391,0.0944,0.623,0.064
MARCKS,ENSG00000277443,4.3895,8.202182664363452e-79,2.9508328585364706e-77,0.9247,0.044,0.598,0.028
PERP,ENSG00000112378,1.1859,1.5660496625503381e-78,5.607348436288059e-77,1.567,0.6887,0.889,0.428
MID1IP1,ENSG00000165175,-2.4281,2.4628211912677563e-78,8.776704764164103e-77,0.2353,1.2669,0.17,0.657
PLEC,ENSG00000178209,2.7183,9.754900308667526e-78,3.460012762064937e-76,1.0326,0.1568,0.66,0.108
TPM4,ENSG00000167460,1.2359,1.3573423382828401e-77,4.7919258718349797e-76,1.5413,0.6543,0.879,0.406
CD63,ENSG00000135404,-0.1566,1.7028216281147682e-77,5.983636000189337e-76,1.8911,2.1079,0.987,0.894
CSTB,ENSG00000160213,-0.2202,2.547369187854238e-77,8.909895469554985e-76,1.715,1.9979,0.935,0.884
ACTB,ENSG00000075624,-0.1401,1.414557291430207e-76,4.924875731223601e-75,2.0493,2.2582,0.995,0.916
ATP5F1E,ENSG00000124172,-0.1902,2.3137882601031168e-76,8.018656103247269e-75,1.8442,2.1042,0.957,0.896
GDF15,ENSG00000130513,1.5456,2.4314294026751232e-75,8.387876318360984e-74,1.5518,0.5315,0.825,0.294
CEBPD,ENSG00000221869,-0.8016,5.403829914597826e-75,1.85572431839939e-73,0.9912,1.7277,0.609,0.799
TNFRSF21,ENSG00000146072,2.9662,1.0049287986959253e-74,3.4354013910170656e-73,0.9606,0.1228,0.633,0.082
ZNF385B,ENSG00000144331,-3.4221,1.164965837809888e-74,3.964557164258425e-73,0.1059,1.1365,0.078,0.602
TAGLN,ENSG00000149591,3.6882,1.1131033051052563e-73,3.771074201825207e-72,1.0742,0.0832,0.593,0.054
SCD,ENSG00000099194,-1.8625,2.387428463798383e-73,8.052241983927136e-72,0.3702,1.3465,0.253,0.682
SERP1,ENSG00000120742,-0.4329,3.2101008235098954e-73,1.0778805209607672e-71,1.2924,1.7446,0.792,0.834
ECE1,ENSG00000117298,4.7494,3.464691200436181e-73,1.1582186734201481e-71,0.8826,0.0327,0.569,0.022
BLVRB,ENSG00000090013,-0.9553,5.763306604877398e-73,1.9181401497730723e-71,0.7894,1.5307,0.542,0.768
SDR16C5,ENSG00000170786,-1.4565,8.698607537842085e-73,2.8823675415963574e-71,0.4989,1.3694,0.361,0.709
TNFRSF12A,ENSG00000006327,1.3676,9.104418644075605e-73,3.0036630068118426e-71,1.575,0.6103,0.881,0.35
PDLIM7,ENSG00000196923,4.6544,2.6384382981001394e-72,8.666696235715893e-71,0.8954,0.0355,0.566,0.026
RPS26,ENSG00000197728,-0.2241,4.2125661243981307e-72,1.3777461934990422e-70,1.8591,2.1715,0.96,0.901
SLC25A6,ENSG00000169100,-0.3102,5.957898050635068e-72,1.9401689557132734e-70,1.4818,1.8373,0.857,0.842
PEBP1,ENSG00000089220,-0.3535,1.5094408346084123e-71,4.894345710500667e-70,1.3945,1.7817,0.838,0.833
THBS1,ENSG00000137801,3.2113,3.164670756555468e-71,1.0217558788793402e-69,0.9877,0.1066,0.604,0.068
RPL36AL,ENSG00000165502,-0.287,5.1018381833941884e-71,1.6401867010869401e-69,1.5132,1.8463,0.876,0.85
ACTN1,ENSG00000072110,2.774,1.5069024129360284e-70,4.82400327531004e-69,0.9652,0.141,0.623,0.101
NDUFA4,ENSG00000189043,-0.2131,1.8482590484197425e-70,5.891813126924538e-69,1.6534,1.9165,0.922,0.862
HLA-DRA,ENSG00000204287,-0.9144,3.7879250864767265e-70,1.202427480182003e-68,0.8912,1.6798,0.539,0.79
TMOD3,ENSG00000138594,1.5802,4.0125664039745345e-70,1.268407497155967e-68,1.2665,0.4235,0.787,0.269
EEF1D,ENSG00000104529,-0.1874,1.4875077228723848e-69,4.682550352625361e-68,1.7089,1.946,0.949,0.872
TOMM7,ENSG00000196683,-0.3614,2.2543637678768357e-69,7.06710301506618e-68,1.4035,1.803,0.838,0.838
CD74,ENSG00000019582,-0.2487,2.9132491950855035e-69,9.094875069781396e-68,1.7786,2.1132,0.941,0.883
TM4SF1,ENSG00000169908,1.069,1.4972016423027739e-68,4.6548800031265254e-67,1.9075,0.9091,0.978,0.479
SPINT1,ENSG00000166145,1.3065,1.5887466879195531e-68,4.919254601324682e-67,1.3813,0.5584,0.836,0.357
DSG2,ENSG00000046604,1.7399,2.203366090513847e-67,6.79446155666617e-66,1.1523,0.3449,0.725,0.234
HHIP,ENSG00000164161,-4.1681,7.557420157604904e-67,2.320988182548986e-65,0.0576,1.0364,0.043,0.55
ZYX,ENSG00000159840,2.3157,1.6368526051745244e-66,5.006648353074304e-65,1.0054,0.2019,0.647,0.135
CDH1,ENSG00000039068,1.3507,2.1373137007197066e-66,6.51105040682959e-65,1.3507,0.5295,0.825,0.333
ITGB4,ENSG00000132470,5.8238,2.1784263550863635e-66,6.6096430171395485e-65,0.8184,0.0143,0.531,0.01
DHCR24,ENSG00000116133,-0.9092,2.8819743066819035e-66,8.709326354792713e-65,0.8069,1.5154,0.536,0.761
CAPG,ENSG00000042493,1.6839,3.8684165828192967e-66,1.1643779794103501e-64,1.1703,0.3642,0.73,0.24
CD99,ENSG00000002586,1.2864,3.91147273283062e-66,1.1726657339894973e-64,1.3921,0.5707,0.836,0.357
PPP1R14B,ENSG00000173457,1.9031,4.096655699810078e-66,1.2233293996863691e-64,1.102,0.2946,0.698,0.196
MFSD2A,ENSG00000168389,-1.812,1.6284460409709173e-65,4.843665291155622e-64,0.3534,1.241,0.251,0.656
CCND2,ENSG00000118971,1.9533,4.645904280165602e-65,1.3764630132020049e-63,1.1311,0.292,0.679,0.189
TSPAN1,ENSG00000117472,3.146,2.613138584762937e-64,7.711821096829682e-63,0.917,0.1035,0.577,0.068
IDS,ENSG00000010404,1.7464,2.8387233278500675e-64,8.344962934594264e-63,1.1153,0.3323,0.714,0.223
TUBB3,ENSG00000258947,7.9076,3.3874230967749934e-64,9.919372672920572e-63,0.7971,0.0032,0.515,0.003
VCAN,ENSG00000038427,5.2456,4.71192043397254e-64,1.3744617327668935e-62,0.8886,0.0233,0.526,0.015
RHOC,ENSG00000155366,1.734,1.971493652066738e-63,5.728705592832386e-62,1.1227,0.3374,0.701,0.227
TINAGL1,ENSG00000142910,3.7971,2.3824009293590435e-63,6.896183533068035e-62,0.8575,0.0616,0.547,0.044
ST14,ENSG00000149418,2.1285,3.5592995498334596e-63,1.0263552709538849e-61,0.9986,0.2283,0.647,0.158
CDKN2A,ENSG00000147889,7.838,7.484286430029512e-63,2.1499537634552457e-61,0.8668,0.0037,0.509,0.002
HMGB3,ENSG00000029993,1.9892,4.821718409474248e-62,1.3798516130143158e-60,1.0713,0.2698,0.663,0.177
RBP1,ENSG00000114115,5.7242,9.793897772901223e-62,2.7921848178969337e-60,0.8067,0.0152,0.512,0.01
PXDN,ENSG00000130508,6.8262,1.0872352625348067e-61,3.087993386635513e-60,0.7874,0.0068,0.507,0.005
CDH2,ENSG00000170558,8.1285,1.1624743235870763e-61,3.289323413745454e-60,0.818,0.0028,0.504,0.002
WIF1,ENSG00000156076,-1.8512,1.2866348710016375e-61,3.627062108364691e-60,0.3498,1.2622,0.24,0.639
PHLDA2,ENSG00000181649,1.2998,1.2946424465610425e-61,3.636068283928876e-60,1.5216,0.618,0.871,0.345
ABRACL,ENSG00000146386,1.4875,5.0215500884708816e-61,1.4051041080887968e-59,1.1981,0.4272,0.744,0.28
JUP,ENSG00000173801,1.7787,5.598941036789715e-61,1.5608855916216346e-59,1.0722,0.3124,0.687,0.21
FLNA,ENSG00000196924,1.1839,1.0615335812069899e-60,2.9484875757422095e-59,1.4323,0.6304,0.846,0.387
IFNGR2,ENSG00000159128,1.7026,1.0826943403511764e-60,2.9962475243051785e-59,1.0887,0.3344,0.706,0.221
C2,ENSG00000166278,-2.3149,1.562721745487301e-60,4.308891528159328e-59,0.2137,1.0638,0.156,0.592
CEACAM6,ENSG00000086548,1.5427,1.6568566355638442e-60,4.551837047885397e-59,1.3672,0.4692,0.757,0.262
KCNN4,ENSG00000104783,7.9086,2.4512591807584264e-60,6.709877938634026e-59,0.7382,0.003,0.499,0.002
MLPH,ENSG00000115648,-0.9531,2.465683698462624e-60,6.7249965133159294e-59,0.7439,1.4402,0.518,0.738
ABLIM1,ENSG00000099204,1.7505,2.5551769050574105e-60,6.944014934427603e-59,1.096,0.3257,0.695,0.206
GPX4,ENSG00000167468,-0.1774,8.447380749656533e-60,2.287453819485846e-58,1.6996,1.9221,0.93,0.864
NPM1,ENSG00000181163,-0.2075,2.324807632832544e-59,6.250505930978601e-58,1.5628,1.8045,0.895,0.836
LDHB,ENSG00000111716,-0.2879,2.31774271555553e-59,6.250505930978601e-58,1.4701,1.7948,0.849,0.837
MACROD2,ENSG00000172264,-2.1195,3.208739776148242e-59,8.596464187517719e-58,0.2705,1.1758,0.186,0.611
TES,ENSG00000135269,1.5543,3.460513508664428e-59,9.238225992211928e-58,1.1538,0.3928,0.728,0.255
UQCRB,ENSG00000156467,-0.286,7.651703417057962e-59,2.035514764643412e-57,1.4429,1.7592,0.844,0.826
DBN1,ENSG00000113758,4.6875,8.249321815824548e-59,2.1867939059141914e-57,0.7536,0.0291,0.509,0.021
MXRA8,ENSG00000162576,6.1026,1.7888667979121613e-58,4.725485544834398e-57,0.7603,0.011,0.496,0.008
ATP5MG,ENSG00000167283,-0.2103,4.521816116409387e-58,1.1903247651384294e-56,1.5715,1.8181,0.9,0.847
DUOX1,ENSG00000137857,-1.95,4.917124820850909e-58,1.2898915979697436e-56,0.2928,1.1317,0.213,0.614
SOD3,ENSG00000109610,-1.5325,9.142956467371265e-58,2.39013965781972e-56,0.4369,1.2641,0.305,0.649
PFDN5,ENSG00000123349,-0.1613,1.0373722995135505e-57,2.7025336975258185e-56,1.6537,1.8493,0.933,0.849
BAX,ENSG00000087088,1.1722,1.1522944367115965e-57,2.991609783283887e-56,1.3835,0.6139,0.819,0.381
SYTL1,ENSG00000142765,2.5964,1.4572018162611662e-57,3.7702601787168186e-56,0.866,0.1431,0.577,0.099
BTF3,ENSG00000145741,-0.1571,2.9073052452830174e-57,7.496481613690511e-56,1.6416,1.8305,0.922,0.845
TTN,ENSG00000155657,-4.1299,3.2817836250931275e-57,8.433290914142373e-56,0.0562,0.9859,0.043,0.51
COX7A2,ENSG00000112695,-0.2529,5.234969173989912e-57,1.340684478287925e-55,1.5046,1.7929,0.871,0.84
RAB11FIP1,ENSG00000156675,1.0574,5.465722024541565e-57,1.3950516856557945e-55,1.5594,0.7493,0.892,0.435
CRIP1,ENSG00000213145,2.2212,7.001471488857822e-57,1.7810140437145065e-55,1.0181,0.2183,0.617,0.127
SPTSSA,ENSG00000165389,-0.9668,1.0712488431093825e-56,2.7158674529165717e-55,0.708,1.3838,0.488,0.715
AKAP13,ENSG00000170776,-0.75,1.6883995011373176e-56,4.266173321435597e-55,0.9397,1.5804,0.617,0.774
PLXNB2,ENSG00000196576,1.5599,6.964269976794593e-56,1.753835322489438e-54,1.1163,0.3786,0.706,0.248
CACNA2D2,ENSG00000007402,-3.3818,7.1884048073055545e-56,1.804265724890148e-54,0.0885,0.9235,0.07,0.522
TACC2,ENSG00000138162,-1.3138,7.726526395230535e-56,1.9329108250320098e-54,0.5375,1.3365,0.383,0.671
STOM,ENSG00000148175,1.0139,9.083785422718189e-56,2.2649504577107566e-54,1.5337,0.7595,0.895,0.453
ITGB1,ENSG00000150093,0.9125,2.097956111741694e-55,5.213835007963322e-54,1.6068,0.8536,0.911,0.507
PGM2L1,ENSG00000165434,3.4693,2.188115912440083e-55,5.420070727372076e-54,0.7767,0.07,0.52,0.05
CA2,ENSG00000104267,-3.8523,2.8750428757984016e-55,7.098349322436904e-54,0.0627,0.9073,0.046,0.506
FSTL1,ENSG00000163430,4.9919,8.293270817026455e-55,2.0409010105092791e-53,0.7509,0.0235,0.488,0.016
COX4I1,ENSG00000131143,-0.1467,9.053604338924262e-55,2.220778596771844e-53,1.7003,1.8823,0.933,0.862
MMP14,ENSG00000157227,3.3347,1.2643822606390018e-54,3.0913941680024787e-53,0.7681,0.076,0.523,0.054
CLTB,ENSG00000175416,1.1748,1.899077451934699e-54,4.628235532053759e-53,1.3142,0.5821,0.79,0.372
ZMAT3,ENSG00000172667,2.7683,4.642944084711014e-54,1.1278920437296372e-52,0.8241,0.1209,0.547,0.086
CD151,ENSG00000177697,0.8029,1.1358405271057267e-53,2.7504087122704377e-52,1.7644,1.0113,0.957,0.575
PHLDA3,ENSG00000174307,2.3237,1.4584074354196076e-53,3.520213474311545e-52,0.8704,0.1738,0.58,0.121
CTSB,ENSG00000164733,1.0831,1.6120921589611406e-53,3.878775879283891e-52,1.409,0.665,0.844,0.409
KRT7,ENSG00000135480,0.8834,1.7931211419171197e-53,4.300644516566298e-52,1.9566,1.0606,0.978,0.544
NEDD9,ENSG00000111859,1.157,1.9651680959853774e-53,4.698368659863774e-52,1.3889,0.6228,0.827,0.367
SDC1,ENSG00000115884,1.1808,1.9923558302796379e-53,4.748343311597055e-52,1.3187,0.5817,0.798,0.364
GKN2,ENSG00000183607,-2.9839,2.2128746281979386e-53,5.2573169232815804e-52,0.1209,0.9568,0.092,0.524
NFKBIA,ENSG00000100906,-0.4436,2.725301603069236e-53,6.4544368687109964e-52,1.3313,1.8106,0.771,0.826
RHOD,ENSG00000173156,1.7824,3.0050380029841096e-52,7.094706910170296e-51,0.9765,0.2838,0.636,0.193
CSF3R,ENSG00000119535,-2.2202,3.862031560400733e-52,9.08961010555375e-51,0.217,1.0113,0.159,0.567
ABCC3,ENSG00000108846,3.8236,1.028238531270584e-51,2.412528603648839e-50,0.7365,0.0519,0.493,0.034
POLR2L,ENSG00000177700,-0.1983,1.0773987861552326e-51,2.52004576761696e-50,1.5971,1.8324,0.906,0.847
GJA1,ENSG00000152661,1.8954,1.1584541705691621e-51,2.7012719934105e-50,0.9839,0.2644,0.623,0.171
COL18A1,ENSG00000182871,5.6128,1.896925406284551e-51,4.409621982916856e-50,0.7032,0.0143,0.466,0.008
BCL2L1,ENSG00000171552,1.3007,1.3338789451948353e-50,3.091243997223e-49,1.1875,0.482,0.744,0.304
ATP1A1,ENSG00000163399,-0.3122,2.987535724919455e-50,6.902395229898007e-49,1.3417,1.6659,0.825,0.811
MISP,ENSG00000099812,3.3537,4.374858642411636e-50,1.007684665957924e-48,0.7119,0.0695,0.499,0.048
COX6C,ENSG00000164919,-0.2033,6.226936159284559e-50,1.429924093720208e-48,1.5478,1.7821,0.887,0.841
SKIL,ENSG00000136603,1.7969,6.998869435895913e-50,1.6023169269149582e-48,0.9888,0.2845,0.62,0.187
SPTAN1,ENSG00000197694,1.5981,7.437780255363591e-50,1.69765649031033e-48,1.0087,0.3331,0.666,0.22
TFPI,ENSG00000003436,-0.8129,1.0387500261343516e-49,2.3637820624834416e-48,0.8402,1.476,0.547,0.72
MSMO1,ENSG00000052802,-1.2544,1.0859705953543967e-49,2.4638161705412812e-48,0.518,1.2359,0.375,0.645
ELK3,ENSG00000111145,3.4467,1.1500770593373869e-49,2.6014467614652568e-48,0.7087,0.0649,0.493,0.045
APOC1,ENSG00000130208,-2.3582,1.1811148422040394e-49,2.6636783978661245e-48,0.1929,0.9896,0.132,0.546
CMTM7,ENSG00000153551,1.438,3.5750783406163256e-49,8.038606209332244e-48,1.1064,0.4083,0.69,0.262
AMIGO2,ENSG00000139211,5.2984,3.7136678781723346e-49,8.325448314418988e-48,0.6837,0.0173,0.458,0.013
TXNIP,ENSG00000265972,-1.4458,6.673726123545175e-49,1.4917160018752603e-47,0.4507,1.228,0.315,0.624
TRIM47,ENSG00000132481,3.6619,8.73979146842195e-49,1.9477617859565735e-47,0.7128,0.0562,0.482,0.04
MACC1,ENSG00000183742,1.9142,3.221716197533012e-48,7.158842903635855e-47,0.9167,0.2432,0.596,0.156
ANKLE2,ENSG00000176915,1.9477,4.670718842473196e-48,1.034817620377859e-46,0.8805,0.2282,0.59,0.156
PTTG1IP,ENSG00000183255,1.0255,5.650974922176827e-48,1.2483367116095301e-46,1.3713,0.6736,0.825,0.416
LGALS1,ENSG00000100097,2.2425,7.434296582640249e-48,1.6374959382462707e-46,0.951,0.2009,0.555,0.12
CLSTN1,ENSG00000171603,2.6708,7.851280772111982e-48,1.7243147160844776e-46,0.7717,0.1211,0.52,0.085
ANXA3,ENSG00000138772,1.6264,1.229940993138886e-47,2.693392522656314e-46,1.0366,0.3357,0.644,0.211
C12orf75,ENSG00000235162,4.7431,2.1035053356041978e-47,4.593058615748472e-46,0.7157,0.0266,0.456,0.017
BRI3,ENSG00000164713,-0.5196,2.580136246776284e-47,5.61755888887459e-46,1.0854,1.556,0.682,0.766
ALDH3A2,ENSG00000072210,1.6169,2.821372930038644e-47,6.1251357719660795e-46,0.9812,0.3198,0.636,0.213
FOS,ENSG00000170345,-0.4127,3.1535824309540534e-47,6.8072329331022495e-46,1.3931,1.8545,0.774,0.813
HMGB1,ENSG00000189403,-0.1398,3.147062180157851e-47,6.8072329331022495e-46,1.641,1.808,0.927,0.849
COTL1,ENSG00000103187,3.7072,4.382082486967941e-47,9.432089227647521e-46,0.6991,0.0534,0.472,0.036
EPS8L2,ENSG00000177106,1.6719,4.764912285838569e-47,1.0226963727133634e-45,0.9384,0.2944,0.633,0.191
MT-ND5,ENSG00000198786,-0.1262,4.836613866287412e-47,1.035144979031201e-45,1.7962,1.9604,0.965,0.871
PRSS22,ENSG00000005001,2.1068,3.3570142844615917e-46,7.164475400877776e-45,0.8591,0.1994,0.561,0.13
DSC2,ENSG00000134755,3.2281,4.120540422746181e-46,8.769206448971098e-45,0.7304,0.0779,0.482,0.056
DLC1,ENSG00000164741,-1.7966,4.530308570706507e-46,9.614180126878556e-45,0.3077,1.0691,0.218,0.581
PKM,ENSG00000067225,0.8315,6.661358124585198e-46,1.4097075807070356e-44,1.6183,0.9093,0.919,0.529
VEPH1,ENSG00000197415,-3.2543,1.2540421040462776e-45,2.6464491888462643e-44,0.0863,0.824,0.065,0.478
EPHB2,ENSG00000133216,6.5693,1.4447708818465063e-45,3.040457942158873e-44,0.6244,0.0065,0.434,0.005
MFGE8,ENSG00000140545,2.0576,1.4686763880973653e-45,3.082180586687665e-44,0.8357,0.2007,0.563,0.134
HSPG2,ENSG00000142798,1.6331,1.5268324173314894e-45,3.1953514994291973e-44,0.968,0.312,0.625,0.201
ANXA2,ENSG00000182718,0.6996,1.615927103622909e-45,3.3724666485831703e-44,1.9546,1.2035,0.997,0.633
ITGB6,ENSG00000115221,0.8829,1.6282162442506712e-45,3.3887530923729534e-44,1.5731,0.853,0.903,0.495
RTL8C,ENSG00000134590,1.6281,2.492999184219115e-45,5.174343087026212e-44,0.9358,0.3027,0.628,0.201
SFN,ENSG00000175793,0.9407,3.7577334684150135e-45,7.777993521609706e-44,1.6745,0.8723,0.908,0.471
QSOX1,ENSG00000116260,0.9326,6.12083284559897e-45,1.2634669985929022e-43,1.4438,0.7564,0.86,0.457
HNRNPA1,ENSG00000135486,-0.1537,7.290113709142966e-45,1.5007304924407387e-43,1.5539,1.7286,0.892,0.818
UQCR10,ENSG00000184076,-0.1867,7.88865478884305e-45,1.6195322535247076e-43,1.5881,1.8075,0.9,0.84
HINT1,ENSG00000169567,-0.121,1.61248813544093e-44,3.3014492854352914e-43,1.6907,1.8387,0.925,0.851
SH3BGRL3,ENSG00000142669,0.7665,2.018508029771021e-44,4.1215751797081255e-43,1.6887,0.9926,0.93,0.564
SPATS2L,ENSG00000196141,1.5134,3.0003458922757823e-44,6.1098687914133514e-43,0.9756,0.3417,0.639,0.226
GADD45A,ENSG00000116717,2.4006,3.5081330348094314e-44,7.12471641881324e-43,0.7931,0.1501,0.52,0.099
SUSD2,ENSG00000099994,-1.832,3.9750363449776946e-44,8.051313562012463e-43,0.284,1.0114,0.205,0.56
ALOX15B,ENSG00000179593,-2.5696,4.1549683926229084e-44,8.39325834392141e-43,0.1494,0.8876,0.102,0.503
CDKN2B,ENSG00000147883,4.0334,8.75385331516338e-44,1.7636096478949156e-42,0.6668,0.0406,0.447,0.03
SEMA3C,ENSG00000075223,4.9973,9.142874986744484e-44,1.8370856522567707e-42,0.6362,0.0198,0.434,0.014
TSPAN6,ENSG00000000003,2.4201,9.84739434190847e-44,1.9733969297909414e-42,0.7763,0.145,0.515,0.099
FBLIM1,ENSG00000162458,5.8332,2.3704404622831246e-43,4.737745421309261e-42,0.6121,0.0106,0.426,0.008
HHIP-AS1,ENSG00000248890,-4.189,3.5923707236382085e-43,7.161045070471416e-42,0.0402,0.7351,0.032,0.441
ASAH1,ENSG00000104763,-0.17,3.885132793617998e-43,7.724257435732625e-42,1.5181,1.7079,0.895,0.82
FLNB,ENSG00000136068,1.696,5.874477077294559e-43,1.1648733417049972e-41,0.8964,0.2766,0.596,0.182
MDM2,ENSG00000135679,1.856,6.58173858174939e-43,1.301702486521378e-41,0.8606,0.2377,0.569,0.156
VCL,ENSG00000035403,1.617,7.144987512919245e-43,1.4094094167129216e-41,0.9352,0.3048,0.609,0.2
CFH,ENSG00000000971,2.835,8.489694055559866e-43,1.6703030882748643e-41,0.7188,0.1006,0.482,0.067
RNF145,ENSG00000145860,-0.6012,8.993487871578476e-43,1.7648259966175427e-41,0.9658,1.4651,0.631,0.751
DRAM1,ENSG00000136048,-0.8193,1.3300111010400761e-42,2.6031693959476105e-41,0.7549,1.3322,0.515,0.699
EIF6,ENSG00000242372,1.0689,2.6472126586434075e-42,5.167878975723758e-41,1.2289,0.5857,0.765,0.37
ARPC2,ENSG00000163466,-0.1967,3.044544604534258e-42,5.92823053795266e-41,1.43,1.6389,0.857,0.794
SPARC,ENSG00000113140,4.5094,3.416980643701261e-42,6.636321018807977e-41,0.6646,0.0291,0.431,0.02
SPSB1,ENSG00000171621,2.7453,4.301578449470732e-42,8.332929534808047e-41,0.7116,0.106,0.482,0.072
SLC25A3,ENSG00000075415,-0.1932,6.127204755189341e-42,1.1839138599860736e-40,1.4408,1.6472,0.852,0.801
WDR1,ENSG00000071127,1.2251,1.2951486232215876e-41,2.4961346552140548e-40,1.0748,0.4597,0.695,0.304
TBCB,ENSG00000105254,1.3723,1.586002230223473e-41,3.048917773368534e-40,0.994,0.3839,0.655,0.257
ADAM9,ENSG00000168615,1.6897,2.2732341811580208e-41,4.358955390520012e-40,0.8816,0.2732,0.582,0.186
CD82,ENSG00000085117,2.7245,4.1760119958215365e-41,7.987283703400432e-40,0.7112,0.1075,0.477,0.077
HSD17B6,ENSG00000025423,-2.3442,5.638864238916128e-41,1.0757984678033168e-39,0.1712,0.8696,0.127,0.498
PCP4,ENSG00000183036,6.902,5.821983430722633e-41,1.1079366453176195e-39,0.6781,0.0056,0.41,0.004
ADGRG1,ENSG00000205336,3.4237,6.052949510333442e-41,1.1489958178534964e-39,0.6745,0.0628,0.447,0.046
TSTD1,ENSG00000215845,-0.499,7.561650586654313e-41,1.4317862201045947e-39,1.0372,1.4658,0.674,0.749
GSTA4,ENSG00000170899,-2.0988,8.44049959141187e-41,1.594199360327917e-39,0.2071,0.8874,0.164,0.512
IFI6,ENSG00000126709,1.9024,1.1483456246730515e-40,2.163528976160824e-39,0.8619,0.2305,0.55,0.146
ATP6V0E1,ENSG00000113732,-0.1485,1.25145206446401e-40,2.3519204843347252e-39,1.5751,1.7459,0.906,0.833
IDI1,ENSG00000067064,-1.8147,2.2918718246837055e-40,4.2965487929244155e-39,0.2708,0.9529,0.205,0.534
ENSG00000276850,ENSG00000276850,4.7721,2.85134117868702e-40,5.332149159648622e-39,0.611,0.0223,0.418,0.015
COL6A2,ENSG00000142173,5.7797,3.348275295300191e-40,6.245980211356282e-39,0.6449,0.0116,0.41,0.008
RND3,ENSG00000115963,3.8941,3.448845724800133e-40,6.417741244055419e-39,0.6521,0.0438,0.431,0.03
LY6E,ENSG00000160932,1.112,8.316146363004274e-40,1.5436974391276976e-38,1.2446,0.5758,0.76,0.339
SDC4,ENSG00000124145,-0.3751,9.173110948775032e-40,1.6985993435783179e-38,1.2684,1.6451,0.757,0.804
TUBB6,ENSG00000176014,4.174,9.45119055862594e-40,1.7458128281276035e-38,0.6147,0.034,0.423,0.024
MAP7D1,ENSG00000116871,2.2553,1.660976395688744e-39,3.060652846202064e-38,0.7275,0.1523,0.501,0.108
YWHAZ,ENSG00000164924,0.7538,1.7329056818230298e-39,3.185426381063988e-38,1.583,0.9387,0.908,0.549
C4BPA,ENSG00000123838,-1.113,1.7623324488995635e-39,3.231655740639855e-38,0.5699,1.2327,0.364,0.636
UCP2,ENSG00000175567,1.8692,1.8902957673501366e-39,3.457913927925008e-38,0.8082,0.2211,0.544,0.15
TUBA4A,ENSG00000127824,1.6724,2.0124057036970606e-39,3.6723973650800226e-38,0.8782,0.2755,0.571,0.187
PTPRF,ENSG00000142949,1.3515,2.759031477441122e-39,5.02276694266691e-38,0.9903,0.388,0.642,0.255
TRIM22,ENSG00000132274,1.9897,3.059637633620637e-39,5.556625558174017e-38,0.7583,0.1909,0.528,0.13
KRT15,ENSG00000171346,3.194,3.1547122272206683e-39,5.715551768981331e-38,0.7059,0.077,0.445,0.053
CIRBP,ENSG00000099622,-0.3058,5.295833179166625e-39,9.571775040335851e-38,1.2756,1.5769,0.784,0.781
ITGA3,ENSG00000005884,1.2862,6.073702661849856e-39,1.0951509214862927e-37,1.039,0.4259,0.663,0.269
CD302,ENSG00000241399,-2.2937,7.280932961226896e-39,1.309701155287362e-37,0.1705,0.8362,0.127,0.491
CMTM3,ENSG00000140931,5.7433,1.0697073023493746e-38,1.919629137588961e-37,0.5748,0.0106,0.402,0.007
HMGCS1,ENSG00000112972,-1.8,1.2619458871825336e-38,2.259241985228446e-37,0.2829,0.9855,0.208,0.531
FDPS,ENSG00000160752,-0.8936,1.5822303575925737e-38,2.8259457096009207e-37,0.6746,1.2533,0.464,0.66
LIMS1,ENSG00000169756,1.2418,2.921355845971545e-38,5.205387598187505e-37,1.0268,0.4341,0.66,0.282
MAP4K4,ENSG00000071054,2.0455,3.160472647447144e-38,5.618204906226629e-37,0.7499,0.1816,0.512,0.12
UQCRQ,ENSG00000164405,-0.1425,4.2525809694489843e-38,7.541842540888985e-37,1.6148,1.7825,0.908,0.839
CXCL16,ENSG00000161921,1.2433,4.973549518188859e-38,8.799804826678415e-37,1.0312,0.4355,0.663,0.286
DDT,ENSG00000099977,-0.7968,5.072586275643453e-38,8.954062923478104e-37,0.7288,1.2661,0.504,0.678
FAT1,ENSG00000083857,2.397,7.523208901461194e-38,1.3248914510615226e-36,0.7138,0.1354,0.48,0.09
LSR,ENSG00000105699,1.0181,1.107349738624404e-37,1.9455877384435747e-36,1.2005,0.5927,0.755,0.377
PIEZO1,ENSG00000103335,2.7901,1.5675890432108404e-37,2.747827197554037e-36,0.6754,0.0976,0.453,0.068
PDIA4,ENSG00000155660,1.1742,1.9958845151393365e-37,3.490487849971687e-36,1.07,0.4741,0.693,0.304
KDM5B,ENSG00000117139,1.7489,4.2776848344355876e-37,7.463720305810823e-36,0.815,0.2424,0.544,0.162
XPR1,ENSG00000143324,2.1816,5.352171385188418e-37,9.316971155552648e-36,0.7154,0.1576,0.488,0.101
ALPL,ENSG00000162551,-1.0977,5.637416263464442e-37,9.790960889764105e-36,0.558,1.1944,0.358,0.633
TMA7,ENSG00000232112,-0.1034,5.931522646003498e-37,1.027813155746707e-35,1.687,1.8124,0.927,0.849
C11orf96,ENSG00000187479,-1.6938,6.193360794424042e-37,1.0707286224685043e-35,0.3169,1.0253,0.199,0.534
DDIT4,ENSG00000168209,2.3148,6.263668976330429e-37,1.0804113953464929e-35,0.7645,0.1536,0.48,0.102
ITGB8,ENSG00000105855,5.8793,8.382683384873665e-37,1.4426235301303083e-35,0.6018,0.0101,0.391,0.007
TMEM243,ENSG00000135185,-1.1896,8.701857157214946e-37,1.4941484277899754e-35,0.4782,1.0909,0.345,0.607
PIM1,ENSG00000137193,2.5648,9.465173340780796e-37,1.6215279952290003e-35,0.6871,0.116,0.461,0.081
MAP4,ENSG00000047849,1.5117,9.94276752967506e-37,1.699493409201246e-35,0.8851,0.3104,0.582,0.206
BTG1,ENSG00000133639,-0.6686,1.764127749176306e-36,3.0085745248367926e-35,0.8541,1.3577,0.558,0.695
NOP53,ENSG00000105373,-0.6216,2.274142173137518e-36,3.8696270536157545e-35,0.8554,1.3162,0.59,0.689
PRDX6,ENSG00000117592,-0.3174,3.702554493085263e-36,6.286022291069475e-35,1.1828,1.4739,0.752,0.749
CCND1,ENSG00000110092,0.9757,4.270862785137576e-36,7.234611735810401e-35,1.2646,0.643,0.76,0.388
SYT8,ENSG00000149043,5.199,4.452127753122724e-36,7.524793103991539e-35,0.6046,0.0164,0.391,0.01
CAV2,ENSG00000105971,1.3704,5.860757839716744e-36,9.883487830147323e-35,0.9591,0.3709,0.623,0.235
NRGN,ENSG00000154146,-1.919,6.043469149283097e-36,1.01689107845955e-34,0.2377,0.8993,0.14,0.515
TUSC3,ENSG00000104723,2.0821,6.7184620585014e-36,1.1279551300439572e-34,0.7225,0.1706,0.493,0.115
SCD5,ENSG00000145284,5.4003,8.148622868709148e-36,1.365029839758262e-34,0.5911,0.0139,0.388,0.01
TSPAN15,ENSG00000099282,1.9008,8.812937584838522e-36,1.4730474215366158e-34,0.7488,0.2004,0.512,0.142
MAOA,ENSG00000189221,-1.1624,9.557360335343446e-36,1.5939482855081619e-34,0.4846,1.0847,0.34,0.604
PSAP,ENSG00000197746,0.6629,2.1520973902764653e-35,3.5812986307353955e-34,1.7224,1.0878,0.951,0.611
FAM177A1,ENSG00000151327,-0.3533,2.803160192739274e-35,4.654478078273674e-34,1.1788,1.5059,0.744,0.761
TPM3,ENSG00000143549,0.86,2.851552362022483e-35,4.724446950675408e-34,1.3511,0.7443,0.83,0.453
PMM1,ENSG00000100417,-1.5038,3.0621427406783e-35,5.062251292302967e-34,0.3377,0.9578,0.253,0.542
TESC,ENSG00000088992,4.2111,3.855699632107289e-35,6.360220681347286e-34,0.6064,0.0326,0.396,0.022
HDAC2,ENSG00000196591,1.2953,5.911950568510567e-35,9.730890314836021e-34,0.9334,0.3803,0.623,0.254
TMEM59L,ENSG00000105696,8.6371,6.203266426201496e-35,1.0188190836946151e-33,0.5604,0.0013,0.375,0.001
TP53I3,ENSG00000115129,1.1515,6.491134159590829e-35,1.0637856524014906e-33,1.036,0.4663,0.671,0.302
YWHAH,ENSG00000128245,1.3475,7.323318431448653e-35,1.1975686309436055e-33,0.9216,0.3621,0.606,0.241
WSB1,ENSG00000109046,-0.3124,1.161476288053688e-34,1.8952383058845815e-33,1.3039,1.6191,0.795,0.79
UBE2H,ENSG00000186591,1.2273,1.4691127727844576e-34,2.3920575427557278e-33,0.9781,0.4177,0.639,0.267
MFSD10,ENSG00000109736,1.0599,2.184761677216496e-34,3.549650423950673e-33,1.1067,0.5308,0.698,0.34
PABPC1,ENSG00000070756,-0.1471,3.3718519122225387e-34,5.4665968233564977e-33,1.509,1.671,0.876,0.805
MYH14,ENSG00000105357,1.2192,4.0269843968176225e-34,6.514746706200671e-33,0.9742,0.4184,0.636,0.269
TRAM1,ENSG00000067167,0.6943,4.220331799105757e-34,6.812950158599143e-33,1.6586,1.025,0.933,0.58
TIMP2,ENSG00000035862,2.1997,5.831146034695862e-34,9.393242706210498e-33,0.6891,0.1499,0.469,0.103
COL4A2,ENSG00000134871,4.4701,6.22797877184673e-34,1.0011144600277031e-32,0.5907,0.0266,0.385,0.018
AKR1A1,ENSG00000117448,0.9152,8.072796263547114e-34,1.2949039441846803e-32,1.2319,0.6532,0.771,0.408
FOSL2,ENSG00000075426,1.7384,1.1718052024396417e-33,1.8756331153456554e-32,0.7785,0.2333,0.52,0.154
SHISA5,ENSG00000164054,1.4434,1.2663841466766652e-33,2.0227340862879927e-32,0.8321,0.3059,0.574,0.21
DYNC1H1,ENSG00000197102,1.1114,1.2858128703512973e-33,2.0494338049586606e-32,1.0377,0.4803,0.679,0.308
PTPRE,ENSG00000132334,1.3078,1.4332248846748036e-33,2.2795818955196086e-32,0.9115,0.3681,0.606,0.23
MFAP2,ENSG00000117122,7.9717,2.034314124230005e-33,3.2288326068398503e-32,0.5852,0.0022,0.367,0.002
CCT2,ENSG00000166226,1.0455,2.0818486079085228e-33,3.297351411477755e-32,1.0824,0.5244,0.698,0.337
C1orf21,ENSG00000116667,-1.6691,3.0023801944277443e-33,4.745393801025441e-32,0.2771,0.8814,0.216,0.513
STK17A,ENSG00000164543,1.2144,3.05283048080529e-33,4.8150593491615794e-32,0.977,0.421,0.642,0.264
CLCF1,ENSG00000175505,3.7279,3.144561148782556e-33,4.949408224802545e-32,0.5865,0.0442,0.394,0.03
JUN,ENSG00000177606,-0.2237,4.0404212333063804e-33,6.346233350858566e-32,1.5012,1.753,0.846,0.789
SYCE1L,ENSG00000205078,2.6474,4.562563800834825e-33,7.151487451308528e-32,0.6303,0.1005,0.431,0.067
LIMCH1,ENSG00000064042,-1.2804,6.68047278143179e-33,1.0449476576338957e-31,0.4282,1.0404,0.307,0.571
NECTIN2,ENSG00000130202,1.1099,7.003387615990064e-33,1.0931940793141517e-31,1.0233,0.4741,0.666,0.306
KRT19,ENSG00000171345,0.5771,8.065970597773548e-33,1.2564620178593638e-31,1.9443,1.3032,0.987,0.676
MYL9,ENSG00000101335,1.2666,9.134950204798724e-33,1.4200524443879497e-31,1.0075,0.4187,0.609,0.26
NOTCH3,ENSG00000074181,5.0421,1.1980195107923189e-32,1.8585292410751476e-31,0.5354,0.0162,0.372,0.011
PHLDA1,ENSG00000139289,4.2749,1.3697665261523408e-32,2.1206119067788804e-31,0.5944,0.0306,0.38,0.022
MUC4,ENSG00000145113,3.5416,1.396115481837695e-32,2.1569841442298126e-31,0.606,0.0519,0.394,0.032
PDLIM5,ENSG00000163110,1.7773,1.8684214249529637e-32,2.8808007888815596e-31,0.7333,0.2139,0.501,0.141
RAB31,ENSG00000168461,1.4581,2.059283919359194e-32,3.168613036814401e-31,0.8313,0.3025,0.558,0.193
INSIG1,ENSG00000186480,-1.7278,2.4287417042001703e-32,3.729500726673229e-31,0.2651,0.8782,0.186,0.499
PPIC,ENSG00000168938,1.09,2.571514179505872e-32,3.9407281188979436e-31,1.0357,0.4865,0.663,0.315
VAT1,ENSG00000108828,2.5029,3.0350691219200727e-32,4.641689719859544e-31,0.6214,0.1095,0.434,0.077
RPL36A,ENSG00000241343,-0.3613,3.5885176496565554e-32,5.477020372354601e-31,1.2252,1.5739,0.749,0.759
PAFAH1B3,ENSG00000079462,1.7472,3.786008438074463e-32,5.766793094688018e-31,0.7506,0.2235,0.504,0.156
UBB,ENSG00000170315,-0.1001,3.883060374779321e-32,5.890867697079874e-31,1.5994,1.7143,0.908,0.809
ZBTB20,ENSG00000181722,1.0165,3.876227513651421e-32,5.890867697079874e-31,1.0987,0.543,0.685,0.308
ZFP36,ENSG00000128016,-0.3209,3.9742792979792655e-32,6.017170359966604e-31,1.3393,1.673,0.771,0.773
CRTAC1,ENSG00000095713,-2.1544,4.006287977406792e-32,6.053501133861663e-31,0.1749,0.7789,0.124,0.458
SEMA3B,ENSG00000012171,2.9574,4.0306594874919754e-32,6.066062236653759e-31,0.6172,0.0794,0.41,0.052
TMEM123,ENSG00000152558,1.1073,4.027243886712931e-32,6.066062236653759e-31,1.015,0.4711,0.658,0.31
PON2,ENSG00000105854,0.6996,4.4766869439197006e-32,6.723930389923129e-31,1.5655,0.9639,0.898,0.554
MBIP,ENSG00000151332,-0.7369,4.55554968173243e-32,6.828805128073117e-31,0.7328,1.2214,0.504,0.659
AHNAK2,ENSG00000185567,6.1437,7.084239722523723e-32,1.0598303188844898e-30,0.5016,0.007,0.361,0.005
SSR4,ENSG00000180879,-0.1037,7.190394619751823e-32,1.0735855998463443e-30,1.6043,1.7238,0.903,0.822
VCP,ENSG00000165280,0.9641,7.437346295668001e-32,1.1082672833091075e-30,1.1293,0.5789,0.72,0.367
RRAD,ENSG00000166592,1.6758,9.238786272478898e-32,1.3739966592239779e-30,0.8587,0.2687,0.518,0.157
ACSL1,ENSG00000151726,-1.9203,1.0069833628273835e-31,1.4946481937447707e-30,0.2127,0.8053,0.162,0.477
VASP,ENSG00000125753,1.6693,1.0271456465732862e-31,1.521585364678662e-30,0.7485,0.2353,0.512,0.163
CDK2AP1,ENSG00000111328,1.7218,1.6477498150044016e-31,2.436154569933122e-30,0.728,0.2206,0.509,0.137
FAS,ENSG00000026103,2.8263,2.3925120047096738e-31,3.530357069449528e-30,0.5641,0.0795,0.41,0.055
FMO5,ENSG00000131781,-2.755,2.43180461694244e-31,3.581341887134529e-30,0.1061,0.7168,0.086,0.415
IFI27L2,ENSG00000119632,1.4063,3.4413492721889824e-31,5.058247811554039e-30,0.8249,0.3112,0.566,0.201
TMEM97,ENSG00000109084,-1.4803,3.6229735717746205e-31,5.314867055292672e-30,0.3274,0.9136,0.243,0.522
ARF5,ENSG00000004059,0.8672,4.416701778819387e-31,6.466701926159005e-30,1.331,0.7296,0.814,0.433
TIMP3,ENSG00000100234,2.972,4.571663949215018e-31,6.680642386135292e-30,0.6421,0.0818,0.402,0.048
ENSG00000282012,ENSG00000282012,-3.5551,7.684177470771129e-31,1.1207328338161366e-29,0.0557,0.6563,0.038,0.383
GOLM1,ENSG00000135052,2.3392,7.864832527191513e-31,1.144871093312753e-29,0.6247,0.1234,0.434,0.089
BBC3,ENSG00000105327,2.8721,8.218931687673056e-31,1.1941159403917295e-29,0.584,0.0797,0.404,0.054
LAMA5,ENSG00000130702,2.1053,1.79998350711361e-30,2.610148828453613e-29,0.6549,0.1521,0.45,0.102
CD36,ENSG00000135218,-3.6167,1.8872104038136635e-30,2.731393601688166e-29,0.0532,0.6535,0.043,0.38
VAPA,ENSG00000101558,-0.2118,2.0345995311039153e-30,2.939082114242845e-29,1.3096,1.5167,0.817,0.773
AHNAK,ENSG00000124942,1.1337,2.046499109482058e-30,2.950629918346746e-29,1.0028,0.4569,0.636,0.286
STK38L,ENSG00000211455,2.6894,2.4458149070316996e-30,3.519644118595141e-29,0.6142,0.0951,0.41,0.068
NUTF2,ENSG00000102898,1.1047,2.7676862082504437e-30,3.975260323827395e-29,0.9696,0.4508,0.642,0.294
LDLR,ENSG00000130164,-0.989,2.9877285750159335e-30,4.283166866080717e-29,0.5737,1.1387,0.38,0.608
SOD2,ENSG00000291237,-0.8017,3.674965158408775e-30,5.258401850715585e-29,0.7306,1.2736,0.472,0.652
PDGFA,ENSG00000197461,2.347,4.7332880472712094e-30,6.759922721575423e-29,0.6308,0.1239,0.429,0.085
GNAI2,ENSG00000114353,1.4753,6.326863851753908e-30,9.018765358490712e-29,0.7919,0.2847,0.531,0.199
TPBG,ENSG00000146242,2.5235,7.377593809229168e-30,1.0496745994110427e-28,0.5861,0.1019,0.415,0.073
TGFBI,ENSG00000120708,3.5099,8.345183938400366e-30,1.1851102378686986e-28,0.5991,0.0525,0.377,0.038
TMEM50A,ENSG00000183726,0.8011,1.1802502457219784e-29,1.672943828598414e-28,1.2905,0.7406,0.798,0.456
PLA2G4F,ENSG00000168907,-5.3008,1.314177719924666e-29,1.859290762927126e-28,0.0142,0.5651,0.011,0.352
VPS37B,ENSG00000139722,1.2415,1.481099509804365e-29,2.091533980667659e-28,0.8757,0.3703,0.588,0.238
PBXIP1,ENSG00000163346,1.7932,3.6783559720520423e-29,5.184697643442758e-28,0.7051,0.2034,0.474,0.14
CAT,ENSG00000121691,-0.9002,3.8742636813864236e-29,5.450663335730806e-28,0.5847,1.0914,0.415,0.603
HLA-DRB1,ENSG00000196126,-0.3995,4.1395939504056914e-29,5.81312867942658e-28,1.1582,1.5278,0.687,0.749
ABHD2,ENSG00000140526,0.8979,4.8433557322271736e-29,6.788785261034563e-28,1.1406,0.6121,0.736,0.377
GPC1,ENSG00000063660,2.7595,6.786083911619686e-29,9.494234065238283e-28,0.5752,0.0849,0.396,0.062
CPB2,ENSG00000080618,-6.1282,7.497894943915709e-29,1.0470720203564358e-27,0.0085,0.6007,0.005,0.343
MBOAT2,ENSG00000143797,2.9659,1.0427008646928929e-28,1.4534326628698905e-27,0.5662,0.0724,0.385,0.05
EPHX1,ENSG00000143819,-0.9075,1.1457543936763613e-28,1.5941389400045874e-27,0.606,1.1367,0.41,0.609
ALDH1A3,ENSG00000184254,5.3228,1.1685801746351348e-28,1.622908680030964e-27,0.505,0.0125,0.345,0.008
NRG1,ENSG00000157168,4.6471,1.3210682015753118e-28,1.831315644569079e-27,0.5391,0.0214,0.35,0.015
UBE2D1,ENSG00000072401,1.8836,1.389171164972654e-28,1.9221956321187547e-27,0.6415,0.1738,0.458,0.121
CYBRD1,ENSG00000071967,-2.3283,1.3999532362635361e-28,1.933573436923403e-27,0.1387,0.6968,0.108,0.419
PLSCR1,ENSG00000188313,1.4356,1.8123427513990422e-28,2.4985856727773293e-27,0.7897,0.2919,0.528,0.193
MRPL14,ENSG00000180992,-0.2357,1.8616028046099745e-28,2.5618231673639995e-27,1.3188,1.5529,0.795,0.775
SECISBP2L,ENSG00000138593,-0.9694,1.9832243259776458e-28,2.7242290514111117e-27,0.5589,1.0945,0.394,0.596
FSCN1,ENSG00000075618,6.222,2.095479886387433e-28,2.8732033650920244e-27,0.5039,0.0067,0.34,0.005
LYPLA2,ENSG00000011009,1.3329,2.6714128797078867e-28,3.656254403295849e-27,0.8108,0.3218,0.547,0.22
PDE4D,ENSG00000113448,-1.7926,2.8239741585319805e-28,3.858069578247579e-27,0.2542,0.881,0.191,0.477
CD59,ENSG00000085063,-0.2077,2.8593432767475346e-28,3.89933907144903e-27,1.3543,1.5641,0.803,0.773
LTBP3,ENSG00000168056,1.5853,3.4242071365420677e-28,4.6612405255090664e-27,0.7212,0.2403,0.496,0.161
EMB,ENSG00000170571,3.4409,3.946860201192028e-28,5.3630447517995995e-27,0.522,0.048,0.367,0.033
FGD6,ENSG00000180263,2.201,4.083657928621465e-28,5.538965107851914e-27,0.6391,0.1389,0.423,0.093
SCGB3A2,ENSG00000164265,-1.1062,4.541641604918391e-28,6.149122280494345e-27,0.5904,1.271,0.358,0.575
STAP2,ENSG00000178078,1.7808,4.770797320416313e-28,6.447830725535822e-27,0.6771,0.197,0.466,0.138
EIF3E,ENSG00000104408,-0.3903,5.4477428155934765e-28,7.349588744965842e-27,1.0399,1.363,0.674,0.706
IGFBP4,ENSG00000141753,0.8607,6.738731514821678e-28,9.075065346609228e-27,1.2118,0.6673,0.739,0.405
INAVA,ENSG00000163362,3.7264,6.918262332314523e-28,9.300261907586515e-27,0.5084,0.0383,0.358,0.027
FAM3C,ENSG00000196937,1.3987,7.0378767295299985e-28,9.444255540248514e-27,0.7816,0.2964,0.528,0.207
LITAF,ENSG00000189067,1.081,7.11028310440704e-28,9.524501569821842e-27,0.9471,0.4476,0.617,0.295
COL6A1,ENSG00000142156,3.8408,8.523214412489628e-28,1.139697077634675e-26,0.5198,0.0362,0.356,0.026
OPTN,ENSG00000123240,2.5303,9.939139382700125e-28,1.3266819441042306e-26,0.56,0.0969,0.399,0.068
USP22,ENSG00000124422,1.1547,1.0064174408718309e-27,1.341002427828339e-26,0.8831,0.3966,0.598,0.262
DRAP1,ENSG00000175550,1.0344,1.1621646516923105e-27,1.5458017506224306e-26,0.9669,0.472,0.636,0.308
PLIN3,ENSG00000105355,1.9535,1.1845274516565752e-27,1.572777662085312e-26,0.6144,0.1585,0.442,0.114
SMDT1,ENSG00000183172,-0.4961,1.2030291922914351e-27,1.5945413241687356e-26,0.9192,1.2965,0.612,0.693
DCTN2,ENSG00000175203,1.1492,1.3230013577082669e-27,1.750486034585982e-26,0.8823,0.3978,0.593,0.267
TGFB1,ENSG00000105329,2.6195,1.657167645194614e-27,2.1887939789240052e-26,0.5591,0.0909,0.391,0.058
LGALS9,ENSG00000168961,4.1941,1.9193988739637827e-27,2.5307257404531205e-26,0.4985,0.0271,0.348,0.019
NECTIN4,ENSG00000143217,2.5364,2.4486407319878326e-27,3.222906050551929e-26,0.5797,0.0998,0.396,0.069
ANXA11,ENSG00000122359,0.7309,3.3300244388777296e-27,4.375362545342826e-26,1.3413,0.8081,0.809,0.487
NBL1,ENSG00000158747,5.1327,3.340195043538438e-27,4.381106519780017e-26,0.4927,0.0139,0.337,0.01
ERG28,ENSG00000133935,-0.8478,3.705385989776059e-27,4.85167957586796e-26,0.5985,1.0772,0.426,0.599
PSME2,ENSG00000100911,0.8378,4.588960246118948e-27,5.998199768067241e-26,1.2291,0.6876,0.765,0.413
TMEM51,ENSG00000171729,3.7206,4.699450961127309e-27,6.132012437187706e-26,0.503,0.0381,0.353,0.028
CHI3L2,ENSG00000064886,-2.5938,4.9301698392808494e-27,6.421971230304624e-26,0.1223,0.739,0.084,0.391
SYTL2,ENSG00000137501,3.3084,5.264438591224518e-27,6.845582367762691e-26,0.5083,0.0512,0.361,0.034
CCDC141,ENSG00000163492,-5.2709,5.6285344527302504e-27,7.306456665013237e-26,0.0151,0.588,0.011,0.335
PPP4C,ENSG00000149923,0.8796,5.742930394724181e-27,7.442167947194028e-26,1.0944,0.5948,0.709,0.38
CD2AP,ENSG00000198087,1.1934,5.788918141727453e-27,7.488917219306662e-26,0.8469,0.3703,0.571,0.242
FXYD5,ENSG00000089327,0.9912,6.3628952165721904e-27,8.217380061744086e-26,1.0221,0.5141,0.663,0.317
ACTR3,ENSG00000115091,1.0067,6.386019882031439e-27,8.233170684086608e-26,0.9756,0.4855,0.642,0.315
UBE2E3,ENSG00000170035,1.2639,7.525164919597457e-27,9.685284662275773e-26,0.8163,0.3399,0.547,0.229
PYCARD,ENSG00000103490,1.6467,7.644521868036357e-27,9.822170529424265e-26,0.6827,0.218,0.474,0.145
PTPRK,ENSG00000152894,0.9583,7.691875049493128e-27,9.866233616115549e-26,0.9787,0.5037,0.642,0.293
REEP3,ENSG00000165476,1.0264,7.947650427133101e-27,1.0177033724913657e-25,0.9557,0.4692,0.633,0.299
AKR1B1,ENSG00000085662,3.6014,8.885492324518671e-27,1.1358696194879623e-25,0.489,0.0402,0.353,0.028
TMBIM1,ENSG00000135926,1.233,9.239013889741882e-27,1.1790667219087822e-25,0.8295,0.3529,0.558,0.238
CREB5,ENSG00000146592,6.1949,9.63327158540829e-27,1.2273080409402972e-25,0.4756,0.0064,0.329,0.005
PLS3,ENSG00000102024,0.8836,1.1976308949140264e-26,1.523249395803951e-25,1.1076,0.6003,0.706,0.373
LPL,ENSG00000175445,-4.0177,1.204308569483823e-26,1.5291682760420642e-25,0.0355,0.5769,0.024,0.346
RAMP1,ENSG00000132329,4.3501,1.3758009487681915e-26,1.7439892899234372e-25,0.4902,0.0239,0.34,0.015
SNX25,ENSG00000109762,-1.9564,1.4425479420647954e-26,1.8255359635342595e-25,0.203,0.7881,0.146,0.443
REXO2,ENSG00000076043,0.8535,1.5188569287248224e-26,1.9188903171431493e-25,1.148,0.6353,0.733,0.395
TM7SF3,ENSG00000064115,1.248,1.8286656098041342e-26,2.3064388450868505e-25,0.8212,0.3457,0.547,0.232
XRCC5,ENSG00000079246,0.8281,1.9635672773339414e-26,2.472458463376321e-25,1.1666,0.6571,0.747,0.41
SPINK1,ENSG00000164266,4.7838,2.0416329226426167e-26,2.566478657331942e-25,0.5188,0.0187,0.334,0.012
TSPAN13,ENSG00000106537,0.7199,2.0540526186330811e-26,2.577801915909124e-25,1.3959,0.8475,0.836,0.502
SOX9,ENSG00000125398,3.5284,2.194420552816265e-26,2.749394241546747e-25,0.5307,0.0459,0.353,0.034
LGALS3BP,ENSG00000108679,0.7176,2.2517098612419642e-26,2.8165013247819606e-25,1.4228,0.8652,0.846,0.508
EDN1,ENSG00000078401,2.8228,2.5449627004443527e-26,3.1780484631168734e-25,0.6047,0.0854,0.375,0.053
BAMBI,ENSG00000095739,2.6262,3.448213620568596e-26,4.298886782738572e-25,0.5739,0.0929,0.383,0.066
CTSZ,ENSG00000101160,1.0551,4.073009863688319e-26,5.069454616172199e-25,0.9247,0.445,0.612,0.292
CRABP2,ENSG00000143320,6.655,4.679237063889245e-26,5.814413818697903e-25,0.5165,0.005,0.323,0.004
PAK2,ENSG00000180370,1.0802,4.759237301197312e-26,5.904111298940179e-25,0.9112,0.4309,0.601,0.282
CYBA,ENSG00000051523,1.3076,5.840618520553126e-26,7.233749659471946e-25,0.8578,0.3465,0.531,0.217
GLUD1,ENSG00000148672,1.357,6.116439132023832e-26,7.562961970939452e-25,0.7622,0.2975,0.518,0.199
HMOX2,ENSG00000103415,1.2075,7.842638764136699e-26,9.681558147557641e-25,0.8218,0.3558,0.555,0.241
FUCA1,ENSG00000179163,1.4768,8.116556089962581e-26,1.0003357464872315e-24,0.7228,0.2596,0.493,0.18
TEAD2,ENSG00000074219,2.3326,8.150625887786421e-26,1.0028986739776288e-24,0.5647,0.112,0.396,0.081
LRRN1,ENSG00000175928,7.0295,8.525949187632471e-26,1.0473747335376149e-24,0.4844,0.0036,0.321,0.002
TMC4,ENSG00000167608,1.3316,9.532564077596385e-26,1.1691318442571542e-24,0.7616,0.3025,0.523,0.202
TLN1,ENSG00000137076,1.1831,1.0533246975973527e-25,1.2897679238813614e-24,0.8364,0.3683,0.566,0.245
TMEM14A,ENSG00000096092,1.6103,1.067170584828378e-25,1.3046074058864717e-24,0.6649,0.2177,0.469,0.149
B4GALT1,ENSG00000086062,1.0037,1.0884362204929973e-25,1.3284548700847486e-24,0.9595,0.4785,0.633,0.295
CHPF,ENSG00000123989,1.1283,1.0949609597590706e-25,1.3342629114483513e-24,0.8717,0.3987,0.582,0.264
TNFSF10,ENSG00000121858,1.2449,1.2056954653945858e-25,1.4668324059671652e-24,0.8619,0.3636,0.544,0.229
TWF2,ENSG00000247596,2.2253,1.2785313767660275e-25,1.5529428539336557e-24,0.5491,0.1174,0.402,0.085
AUP1,ENSG00000115307,0.9176,1.3934534553709363e-25,1.689813941465076e-24,1.0344,0.5475,0.682,0.349
PIP5K1B,ENSG00000107242,-3.1787,1.906085561328432e-25,2.3077686563840233e-24,0.0668,0.6056,0.057,0.36
AQP1,ENSG00000240583,-1.3545,1.9436461423926532e-25,2.349479456924239e-24,0.3568,0.9126,0.226,0.502
CXCL14,ENSG00000145824,6.0302,2.1242786349597797e-25,2.5637260522557726e-24,0.5386,0.0081,0.321,0.005
COL4A4,ENSG00000081052,2.0311,2.6009765514125284e-25,3.134031554373469e-24,0.6282,0.1536,0.415,0.103
TRIP6,ENSG00000087077,1.2258,2.6212719758877685e-25,3.153456970992371e-24,0.7847,0.3354,0.547,0.226
RAB32,ENSG00000118508,1.4552,2.76350477549213e-25,3.3192811731070015e-24,0.7324,0.2671,0.491,0.183
TRIM2,ENSG00000109654,1.5841,2.9644274529778695e-25,3.554960223372667e-24,0.6925,0.2309,0.466,0.153
CAP1,ENSG00000131236,0.8597,3.1086135642982413e-25,3.721961248537751e-24,1.0789,0.5945,0.693,0.377
CTSA,ENSG00000064601,1.0904,3.297800647862682e-25,3.9422284643358486e-24,0.8886,0.4172,0.588,0.274
DUOXA1,ENSG00000140254,-1.6372,3.3680688757885622e-25,4.019867354910361e-24,0.2474,0.7699,0.183,0.457
RRM2B,ENSG00000048392,1.6676,3.7114913832925245e-25,4.422762996967669e-24,0.6478,0.2038,0.456,0.138
TGIF1,ENSG00000177426,1.1305,3.874262756631993e-25,4.609457500213339e-24,0.8821,0.4029,0.574,0.258
TMEM125,ENSG00000179178,-0.9331,3.950116070493722e-25,4.692315552292464e-24,0.5308,1.0137,0.377,0.576
ZNF428,ENSG00000131116,0.982,4.645231547967931e-25,5.5093758783198924e-24,0.9501,0.481,0.633,0.313
SRI,ENSG00000075142,0.6749,4.798816071351881e-25,5.682610567251326e-24,1.3905,0.871,0.827,0.519
FNDC3B,ENSG00000075420,0.9694,4.991028439776549e-25,5.900973374414997e-24,0.9387,0.4794,0.623,0.289
TGFB2,ENSG00000092969,4.35,6.295903110571561e-25,7.432116875057523e-24,0.4662,0.0228,0.329,0.017
EDIL3,ENSG00000164176,2.1615,6.603380565037858e-25,7.782923583285651e-24,0.582,0.13,0.399,0.084
SNX30,ENSG00000148158,-1.7558,7.673291210057196e-25,9.029862163860143e-24,0.2256,0.7622,0.156,0.445
AKR1C3,ENSG00000196139,3.074,8.666942425312571e-25,1.018332037686415e-23,0.5229,0.062,0.353,0.042
C15orf48,ENSG00000166920,3.4771,8.757237335065262e-25,1.0273436035158083e-23,0.5357,0.048,0.342,0.032
ENSG00000259342,ENSG00000259342,7.7742,9.46913255170436e-25,1.1091363787306426e-23,0.447,0.0019,0.313,0.001
AP1S1,ENSG00000106367,1.3719,9.62612931273408e-25,1.1257802934629408e-23,0.7188,0.2777,0.501,0.191
MAGED1,ENSG00000179222,1.3494,1.0914469740496478e-24,1.2744794264211885e-23,0.7521,0.2951,0.507,0.194
LPP,ENSG00000145012,0.8783,1.2970207604186719e-24,1.5121900995313374e-23,1.053,0.5728,0.663,0.347
RCN2,ENSG00000117906,0.8259,1.337368994804685e-24,1.5568293922572257e-23,1.1229,0.6335,0.722,0.399
GNG12,ENSG00000172380,1.6739,1.3849944820858073e-24,1.609789740332042e-23,0.6461,0.2024,0.447,0.141
STK32A,ENSG00000169302,2.9756,1.4054835825716493e-24,1.631095002508266e-23,0.5014,0.0637,0.353,0.04
EDN2,ENSG00000127129,5.8892,1.560476846961272e-24,1.8081905795693878e-23,0.5223,0.0087,0.315,0.006
SERPINB6,ENSG00000124570,0.9899,1.6018454434385522e-24,1.8532836638864107e-23,0.9339,0.4702,0.623,0.306
NET1,ENSG00000173848,1.521,1.711339663476476e-24,1.9769374858661734e-23,0.6891,0.2401,0.472,0.162
XBP1,ENSG00000100219,-0.4482,1.757861249895177e-24,2.0275788920546662e-23,0.9453,1.2897,0.623,0.679
MYOF,ENSG00000138119,0.9733,2.0383018984094014e-24,2.347465067451681e-23,0.9453,0.4814,0.625,0.297
ADGRF5,ENSG00000069122,-0.5627,2.112149407043435e-24,2.428811076135944e-23,0.86,1.2703,0.563,0.677
NME2,ENSG00000243678,0.8822,2.3562092626221337e-24,2.7053436138465377e-23,1.5313,0.8307,0.879,0.419
TRAF4,ENSG00000076604,1.1049,2.444901791513867e-24,2.802918518192301e-23,0.8514,0.3958,0.569,0.264
CSRP2,ENSG00000175183,3.5386,2.865110636521333e-24,3.2796834634725255e-23,0.4907,0.0421,0.337,0.03
PFKP,ENSG00000067057,3.4883,3.2868785023485195e-24,3.756787758735713e-23,0.4744,0.0422,0.337,0.029
ELAPOR2,ENSG00000164659,-3.1343,3.6401814534242435e-24,4.1543158429939815e-23,0.0652,0.5729,0.043,0.348
NEXN,ENSG00000162614,3.7405,4.295947628282808e-24,4.895306837356955e-23,0.4754,0.0355,0.332,0.025
SERPINH1,ENSG00000149257,1.0362,4.388017786886002e-24,4.992691924687311e-23,0.8983,0.438,0.596,0.284
COX8A,ENSG00000176340,-0.1054,4.553995009997543e-24,5.1737492181250284e-23,1.4639,1.5749,0.863,0.784
LMCD1,ENSG00000071282,3.38,4.5780615224050276e-24,5.1932815017672644e-23,0.517,0.0496,0.34,0.035
BCL10,ENSG00000142867,1.9447,4.8856274435648526e-24,5.533870365237251e-23,0.5878,0.1526,0.412,0.107
ICAM1,ENSG00000090339,0.7303,5.3269669038516685e-24,6.024735772245412e-23,1.6199,0.9764,0.911,0.504
COX14,ENSG00000178449,-0.5041,5.651962536949179e-24,6.382746930740067e-23,0.8685,1.2318,0.585,0.666
ERP29,ENSG00000089248,-0.2085,6.340708236895202e-24,7.149858317872126e-23,1.2379,1.4303,0.779,0.739
BCAP31,ENSG00000185825,0.7233,6.931336260171047e-24,7.804209455378876e-23,1.2831,0.7771,0.792,0.469
PAWR,ENSG00000177425,1.3344,7.22253247756914e-24,8.119975129171853e-23,0.7312,0.2899,0.501,0.195
UBE2J1,ENSG00000198833,1.2045,7.505288922359025e-24,8.425328054743304e-23,0.7628,0.3309,0.534,0.226
PAM,ENSG00000145730,0.9884,8.346699803226946e-24,9.355981752726941e-23,0.9147,0.461,0.601,0.282
ANK3,ENSG00000151150,-1.7107,8.413036385505233e-24,9.416368872961783e-23,0.2503,0.8195,0.186,0.45
PTOV1,ENSG00000104960,1.1017,8.584519576585965e-24,9.594089556376771e-23,0.8367,0.3898,0.566,0.257
SPOCK2,ENSG00000107742,4.0976,9.702063728521464e-24,1.0827044530129935e-22,0.5254,0.0306,0.323,0.019
PML,ENSG00000140464,1.9538,1.0193046692898255e-23,1.135818108626052e-22,0.5752,0.1484,0.407,0.102
FADS3,ENSG00000221968,2.986,1.0491075193417092e-23,1.165589310092149e-22,0.4934,0.0622,0.348,0.045
CCDC6,ENSG00000108091,1.2222,1.047940974555575e-23,1.165589310092149e-22,0.7684,0.3293,0.526,0.218
TNFRSF10B,ENSG00000120889,1.3499,1.1007491187849759e-23,1.2211688094596905e-22,0.7076,0.2775,0.493,0.183
PDLIM3,ENSG00000154553,2.1352,1.2115679118803017e-23,1.3421401135272258e-22,0.5906,0.1344,0.391,0.082
RGS16,ENSG00000143333,-3.1019,1.634959819104073e-23,1.808509726695647e-22,0.0696,0.5983,0.054,0.346
IER3,ENSG00000137331,0.9737,1.6468657644995118e-23,1.8190162062564053e-22,1.0217,0.5202,0.631,0.298
PARM1,ENSG00000169116,-1.3348,1.9733120971812353e-23,2.1764048020736106e-22,0.3325,0.8388,0.24,0.491
CAPN2,ENSG00000162909,0.6711,2.0670955624484508e-23,2.2765170516469454e-22,1.4147,0.8884,0.852,0.52
EMC10,ENSG00000161671,0.7908,2.162183051915755e-23,2.3777719006147787e-22,1.1351,0.6561,0.736,0.411
COX17,ENSG00000138495,-0.4417,2.3783697143881965e-23,2.6117126732852946e-22,0.9707,1.3185,0.623,0.699
CHD3,ENSG00000170004,1.325,2.395229200069474e-23,2.6264087963025946e-22,0.7126,0.2844,0.499,0.188
INPP4B,ENSG00000109452,6.6149,2.4753026849467875e-23,2.710277070256954e-22,0.4479,0.0045,0.305,0.003
KRT8,ENSG00000170421,0.4974,2.5073222910306823e-23,2.7413632284713174e-22,1.9349,1.3706,0.987,0.706
SNHG7,ENSG00000233016,-0.7817,2.7191541729142806e-23,2.968671933001068e-22,0.6296,1.0824,0.423,0.591
NKAIN4,ENSG00000101198,9.0648,2.7455060767338083e-23,2.9931166536398156e-22,0.4485,0.0007,0.302,0.0
GNG10,ENSG00000242616,1.3954,3.216104378928134e-23,3.5011049831126875e-22,0.6836,0.2598,0.485,0.162
PSD3,ENSG00000156011,2.5193,3.329158669183622e-23,3.6189631288751457e-22,0.5156,0.0899,0.358,0.054
ANO6,ENSG00000177119,2.3184,3.566419224211994e-23,3.8713070745577033e-22,0.5352,0.1072,0.375,0.073
PLXNB1,ENSG00000164050,1.7716,3.9507853641144e-23,4.282379257659153e-22,0.6097,0.1785,0.42,0.119
PPP4R1,ENSG00000154845,1.0701,4.598549315994509e-23,4.977369639303512e-22,0.8304,0.3954,0.561,0.25
DAPK3,ENSG00000167657,1.9388,4.814189185206314e-23,5.203318926213691e-22,0.5795,0.1511,0.404,0.106
MDFI,ENSG00000112559,7.0493,4.978914031164072e-23,5.373670786492081e-22,0.4187,0.0031,0.302,0.002
SMARCC1,ENSG00000173473,1.3491,6.082186848367158e-23,6.555053015608256e-22,0.711,0.279,0.485,0.185
SLC16A3,ENSG00000141526,2.271,6.33431023519662e-23,6.817053251696648e-22,0.5322,0.1102,0.375,0.075
PLD5,ENSG00000180287,6.4909,6.472884366472341e-23,6.946397924531043e-22,0.4339,0.0047,0.302,0.003
DKK3,ENSG00000050165,5.1163,6.46758107030881e-23,6.946397924531043e-22,0.4448,0.0127,0.307,0.008
CSRP1,ENSG00000159176,1.0522,7.052829201851205e-23,7.5580318609909e-22,0.877,0.4229,0.561,0.282
HOMER3,ENSG00000051128,5.5608,7.72114320604172e-23,8.262498147541812e-22,0.4221,0.0088,0.305,0.006
AP2M1,ENSG00000161203,0.8388,8.331805609686579e-23,8.903365117564654e-22,1.0349,0.5786,0.677,0.373
FADS1,ENSG00000149485,-1.7852,8.975565138476051e-23,9.577739353274938e-22,0.2012,0.6938,0.148,0.417
EBP,ENSG00000147155,-1.1766,1.0559252777282712e-22,1.1251784870574173e-21,0.383,0.8659,0.275,0.502
PSMB8,ENSG00000204264,1.0279,1.0591454183101137e-22,1.1270202303285788e-21,0.8624,0.4229,0.58,0.278
ACTR1A,ENSG00000138107,1.2836,1.2107487748444923e-22,1.2865270033685147e-21,0.7153,0.2938,0.499,0.202
AQP3,ENSG00000165272,-0.3097,1.4570950994950116e-22,1.5461170613321366e-21,1.2303,1.5249,0.717,0.75
ANAPC16,ENSG00000166295,-0.3134,1.6665641203477116e-22,1.7659034963852682e-21,1.0884,1.3525,0.693,0.714
TJP1,ENSG00000104067,0.9738,1.796534439295322e-22,1.9009548583860163e-21,0.8914,0.4538,0.596,0.29
ISG15,ENSG00000187608,2.2037,1.8568813881921663e-22,1.961122694530076e-21,0.566,0.1228,0.377,0.084
PHLDB2,ENSG00000144824,3.9518,1.8585888144057371e-22,1.961122694530076e-21,0.4578,0.0295,0.315,0.02
WASF2,ENSG00000158195,0.9482,2.177324077329731e-22,2.294237573811174e-21,0.8946,0.4636,0.609,0.304
TCIRG1,ENSG00000110719,1.7381,2.2164509627886006e-22,2.3322126774189245e-21,0.5856,0.1755,0.418,0.12
CARHSP1,ENSG00000153048,1.4954,2.342094423186569e-22,2.4609907325694756e-21,0.6612,0.2345,0.453,0.161
PKIG,ENSG00000168734,2.3812,2.380810070092971e-22,2.498197233271166e-21,0.5132,0.0984,0.364,0.07
ACAT2,ENSG00000120437,-1.5932,2.465462181330266e-22,2.583435059632477e-21,0.2427,0.7324,0.186,0.434
SPECC1,ENSG00000128487,2.4083,2.722267642741717e-22,2.8485778450018938e-21,0.5039,0.0948,0.361,0.067
PLP2,ENSG00000102007,0.7721,2.8177113547304547e-22,2.94437196196246e-21,1.1754,0.6882,0.722,0.416
DDA1,ENSG00000130311,1.3625,3.0997624013586025e-22,3.2346277544563868e-21,0.6896,0.2682,0.477,0.186
PELI1,ENSG00000197329,1.3635,3.1134623431722183e-22,3.24444248312636e-21,0.7111,0.2763,0.472,0.171
ISYNA1,ENSG00000105655,3.5455,3.4806109843972634e-22,3.62204076957594e-21,0.4642,0.0397,0.321,0.027
BEX3,ENSG00000166681,-0.2733,3.5272857185984434e-22,3.6655630817071855e-21,1.1523,1.3926,0.725,0.719
ECH1,ENSG00000104823,-0.5531,3.8473752594209485e-22,3.992708802874349e-21,0.7896,1.1586,0.536,0.638
GRN,ENSG00000030582,0.7653,3.9965412715644646e-22,4.141820206676204e-21,1.13,0.6648,0.712,0.414
CAPN1,ENSG00000014216,0.9494,4.928790670483946e-22,5.100960755548796e-21,0.9098,0.4711,0.612,0.304
CCL2,ENSG00000108691,2.1577,4.953650110300508e-22,5.1196753191956686e-21,0.6916,0.1549,0.377,0.087
SERPINA1,ENSG00000197249,-0.1137,4.96426619146587e-22,5.123638125208285e-21,1.6978,1.837,0.898,0.829
MPZL1,ENSG00000197965,1.1449,5.04056023598465e-22,5.195284117716784e-21,0.7761,0.3509,0.528,0.237
CDKN1C,ENSG00000129757,2.9062,5.740925032842649e-22,5.909085643477685e-21,0.4801,0.064,0.337,0.046
IP6K2,ENSG00000068745,1.3135,6.359520476973512e-22,6.536894857623794e-21,0.6934,0.2789,0.485,0.192
SEC61G,ENSG00000132432,-0.1599,7.839201214133452e-22,8.046897441953564e-21,1.4162,1.5822,0.83,0.781
IRF6,ENSG00000117595,1.9844,9.122691945555216e-22,9.35168760497553e-21,0.561,0.1417,0.388,0.101
SCARB2,ENSG00000138760,0.8504,1.0472126742245241e-21,1.0720449530848616e-20,1.0001,0.5546,0.652,0.352
RAB11A,ENSG00000103769,0.7098,1.0637450096971163e-21,1.0874957440137637e-20,1.2058,0.7372,0.765,0.449
WLS,ENSG00000116729,1.163,1.1610272609813763e-21,1.1853460752316619e-20,0.7567,0.3379,0.52,0.223
STEAP3,ENSG00000115107,2.7504,1.1629379526563201e-21,1.1856944982885963e-20,0.4798,0.0712,0.34,0.051
MGAT4B,ENSG00000161013,1.5053,1.3144936990829512e-21,1.3384096895649185e-20,0.636,0.224,0.445,0.155
TSPAN14,ENSG00000108219,1.2641,1.598457408389373e-21,1.6253493567135548e-20,0.7333,0.3053,0.491,0.206
VEZT,ENSG00000028203,1.1086,1.6874332031969103e-21,1.7135158400742818e-20,0.7728,0.3583,0.528,0.236
SARAF,ENSG00000133872,0.6126,1.735986077480945e-21,1.7604529953514815e-20,1.4455,0.9453,0.854,0.553
RAB34,ENSG00000109113,0.9299,2.2166776686062623e-21,2.2449061375764494e-20,0.8934,0.4689,0.604,0.307
FNBP1L,ENSG00000137942,1.1102,2.4099981055288275e-21,2.4374211094070003e-20,0.7808,0.3616,0.526,0.234
ERBB2,ENSG00000141736,1.4422,3.3521985854721316e-21,3.385810202305074e-20,0.6549,0.2409,0.447,0.164
AFAP1,ENSG00000196526,3.716,3.496349962134502e-21,3.526692118014174e-20,0.4403,0.0334,0.31,0.024
ILK,ENSG00000166333,1.1061,3.930031594554899e-21,3.9588518262483016e-20,0.7765,0.3607,0.531,0.245
IER2,ENSG00000160888,-0.3522,3.9755558590166656e-21,3.9993774320733565e-20,1.1161,1.4247,0.69,0.698
TM2D2,ENSG00000169490,1.9646,4.137737581340542e-21,4.156995668487739e-20,0.5329,0.1364,0.383,0.098
LMNA,ENSG00000160789,0.5883,4.372271106385648e-21,4.386787278717606e-20,1.6563,1.1017,0.919,0.595
SLC12A7,ENSG00000113504,2.4136,4.516324642798916e-21,4.525309373520665e-20,0.5069,0.0951,0.35,0.066
PSMD2,ENSG00000175166,1.0725,5.738629706491955e-21,5.742430123516121e-20,0.7888,0.375,0.536,0.254
FAM210B,ENSG00000124098,1.0746,5.9240418651924514e-21,5.920123848085843e-20,0.7789,0.3698,0.539,0.25
ATP2A2,ENSG00000174437,1.093,6.876537475175065e-21,6.862911575290306e-20,0.7858,0.3683,0.523,0.244
PDZK1IP1,ENSG00000162366,0.8485,7.125270632917877e-21,7.101770399959704e-20,1.0185,0.5656,0.623,0.352
PTGFRN,ENSG00000134247,2.7452,7.412514187471604e-21,7.378332633247426e-20,0.4944,0.0736,0.334,0.053
LYPD1,ENSG00000150551,7.001,8.0954647485799e-21,8.047531075726466e-20,0.3899,0.0029,0.286,0.002
CTNNB1,ENSG00000168036,0.7333,8.943467257786517e-21,8.878829846593579e-20,1.153,0.6935,0.717,0.411
PPP2R1A,ENSG00000105568,0.7868,9.291514353818289e-21,9.212256029277844e-20,1.0399,0.6027,0.685,0.384
GRAMD1A,ENSG00000089351,0.9315,9.367473754373089e-21,9.275395047744258e-20,0.8842,0.4636,0.59,0.303
RALA,ENSG00000006451,1.0998,9.389845467841122e-21,9.285377291824565e-20,0.7535,0.3515,0.523,0.24
STK24,ENSG00000102572,1.2736,9.473965348005106e-21,9.35631479793184e-20,0.6864,0.2839,0.474,0.187
SDF4,ENSG00000078808,0.9265,9.758097346651836e-21,9.62433752662593e-20,0.8808,0.4634,0.601,0.305
SINHCAF,ENSG00000139146,1.2385,1.027867504863906e-20,1.0124561928613833e-19,0.6864,0.2908,0.485,0.199
RHOBTB2,ENSG00000008853,-1.0813,1.1156686512079058e-20,1.0975099817546521e-19,0.4143,0.8768,0.294,0.505
BIK,ENSG00000100290,3.0644,1.1634232969366801e-20,1.1429990908136044e-19,0.4754,0.0567,0.321,0.039
MAP4K5,ENSG00000012983,1.5987,1.2145791750070755e-20,1.1917072295036955e-19,0.6009,0.1983,0.418,0.135
ATP6AP2,ENSG00000182220,0.8549,1.2217595943232006e-20,1.197197631013201e-19,0.949,0.5247,0.625,0.339
PLEKHG1,ENSG00000120278,3.857,1.3110657101858737e-20,1.2830442280381186e-19,0.4292,0.0295,0.302,0.019
NAA38,ENSG00000183011,-0.4747,1.3439799088145147e-20,1.3135534555101757e-19,0.8879,1.2339,0.588,0.669
CKB,ENSG00000166165,0.718,1.3903593986643994e-20,1.3571272941743587e-19,1.3529,0.8224,0.811,0.468
TUBB2A,ENSG00000137267,3.2188,1.5763941887516785e-20,1.5367300769056684e-19,0.457,0.049,0.315,0.035
ILF2,ENSG00000143621,0.818,1.5856046560529834e-20,1.5437169041856043e-19,1.0018,0.5682,0.652,0.363
STAT1,ENSG00000115415,1.413,1.7095902967453807e-20,1.662285031134022e-19,0.6359,0.2387,0.445,0.162
FILIP1,ENSG00000118407,-3.461,1.8020643984381896e-20,1.7499481401286019e-19,0.0458,0.5059,0.038,0.313
MAGED2,ENSG00000102316,1.2079,1.9870254691025277e-20,1.9270831089948135e-19,0.6935,0.3002,0.493,0.204
NINJ1,ENSG00000131669,0.8178,2.073861545135569e-20,2.00872102224349e-19,1.0226,0.5801,0.658,0.364
CYTH2,ENSG00000105443,1.2878,2.0942122315202734e-20,2.0258352636537345e-19,0.6752,0.2765,0.472,0.19
NGRN,ENSG00000182768,1.1843,2.1469493559679776e-20,2.074194678304101e-19,0.7059,0.3106,0.504,0.197
ANKRD37,ENSG00000186352,2.1395,2.721264212310674e-20,2.6256897987237734e-19,0.5498,0.1247,0.361,0.082
ANGPTL4,ENSG00000167772,3.5679,2.915195067164838e-20,2.8092217770957084e-19,0.4934,0.0415,0.305,0.025
PLOD1,ENSG00000083444,2.1518,3.3973469317320423e-20,3.2696759323866984e-19,0.4879,0.1097,0.358,0.079
RCN1,ENSG00000049449,1.1818,3.471410815641057e-20,3.3367059430239423e-19,0.7175,0.3162,0.499,0.214
FKBP1A,ENSG00000088832,0.6239,3.503843620090325e-20,3.363600832246812e-19,1.3993,0.908,0.838,0.533
FAM107B,ENSG00000065809,1.0494,3.814025737306665e-20,3.656721376313687e-19,0.8104,0.3915,0.528,0.252
ANOS1,ENSG00000011201,2.5656,3.948303712109866e-20,3.780663440429663e-19,0.4859,0.082,0.334,0.055
SLCO4C1,ENSG00000173930,-2.9995,3.9602073391440216e-20,3.7872615755991244e-19,0.0641,0.513,0.046,0.32
C19orf33,ENSG00000167644,0.6599,4.028265907693843e-20,3.847477741166496e-19,1.483,0.9386,0.844,0.513
GNB1,ENSG00000078369,0.9474,4.078298928829485e-20,3.890347021124591e-19,0.8599,0.4459,0.569,0.289
SVIL,ENSG00000197321,1.0516,4.1874684219278604e-20,3.9894481623789393e-19,0.7585,0.3659,0.526,0.227
MYO1E,ENSG00000157483,2.1353,4.257649469219463e-20,4.0512017304726754e-19,0.4943,0.1124,0.353,0.071
IRX3,ENSG00000177508,-1.2485,4.543936498885062e-20,4.318168584789515e-19,0.3381,0.8034,0.248,0.465
TP53TG1,ENSG00000182165,1.5263,4.598187689253162e-20,4.364234672400457e-19,0.5988,0.2078,0.423,0.143
FLII,ENSG00000177731,1.3115,4.960069457488574e-20,4.7017973339179645e-19,0.6526,0.2629,0.461,0.181
TAX1BP3,ENSG00000213977,1.0446,5.0187182369343514e-20,4.751430611533712e-19,0.7978,0.3867,0.534,0.26
SDCBP2,ENSG00000125775,3.3566,5.141478853159143e-20,4.861561043256236e-19,0.4142,0.0404,0.307,0.03
ANKRD65,ENSG00000235098,1.3442,5.541352560224401e-20,5.233114824061918e-19,0.6553,0.258,0.453,0.174
TPGS2,ENSG00000134779,1.02,5.563929133324966e-20,5.247875730620489e-19,0.7744,0.3818,0.55,0.252
MCUB,ENSG00000005059,3.1352,5.735593682689062e-20,5.403043674902227e-19,0.4358,0.0495,0.313,0.036
TCF3,ENSG00000071564,2.6112,5.79799435760078e-20,5.455024579286911e-19,0.4356,0.0712,0.329,0.05
PPA1,ENSG00000180817,-0.1009,6.556846622433352e-20,6.161315451801489e-19,1.3797,1.4797,0.825,0.751
UPP1,ENSG00000183696,1.3517,6.568498046099204e-20,6.164596613450868e-19,0.6646,0.2604,0.453,0.175
RFK,ENSG00000135002,1.7168,7.074631292248629e-20,6.631369654210719e-19,0.5513,0.1677,0.396,0.122
LRP10,ENSG00000197324,0.8276,9.247067483615938e-20,8.65695103329844e-19,0.9608,0.5414,0.633,0.348
ZNF706,ENSG00000120963,0.8509,1.0724352822198873e-19,1.0027535343033722e-18,0.9277,0.5143,0.617,0.333
SFTA1P,ENSG00000225383,-1.156,1.0999310728892957e-19,1.0271915025560728e-18,0.3885,0.8659,0.27,0.472
UBE2I,ENSG00000103275,0.7288,1.104543825884063e-19,1.0302257536486537e-18,1.0801,0.6517,0.695,0.411
ARL6IP1,ENSG00000170540,0.8983,1.346354554261836e-19,1.2542180835324502e-18,0.8873,0.476,0.585,0.31
CHMP4B,ENSG00000101421,0.7135,1.3756512221354672e-19,1.2799316481814598e-18,1.1478,0.6999,0.733,0.431
LASP1,ENSG00000002834,1.5972,1.4060017867637738e-19,1.3065613159901981e-18,0.5707,0.1886,0.407,0.133
PGAM1,ENSG00000171314,0.7712,1.487267638258465e-19,1.3803816961968922e-18,1.0264,0.6014,0.668,0.381
CCDC90B,ENSG00000137500,2.0238,1.620952315803628e-19,1.5026128522572282e-18,0.4968,0.1221,0.361,0.087
TM9SF2,ENSG00000125304,0.7114,1.8051753231077196e-19,1.6713357311371107e-18,1.1391,0.6957,0.714,0.425
PAIP1,ENSG00000172239,0.9398,1.8911099837275041e-19,1.7487559274248828e-18,0.8398,0.4378,0.569,0.294
SEC14L1,ENSG00000129657,2.172,2.107942127865983e-19,1.9468829799544626e-18,0.5029,0.1115,0.35,0.079
CDC37,ENSG00000105401,0.7201,2.1125879990637064e-19,1.9487914936417953e-18,1.0947,0.6645,0.698,0.413
NPDC1,ENSG00000107281,3.1057,2.605949588957975e-19,2.4009694078753055e-18,0.4221,0.0489,0.307,0.034
CEBPA,ENSG00000245848,-2.637,2.7886205513573683e-19,2.566142297869052e-18,0.0835,0.5199,0.062,0.327
PRSS1,ENSG00000204983,10.8665,2.797813876390397e-19,2.571470053057111e-18,0.4112,0.0001,0.272,0.0
TAP1,ENSG00000168394,2.156,2.8091375286671077e-19,2.578740465258809e-18,0.4861,0.109,0.35,0.079
CNN3,ENSG00000117519,0.6724,3.253074176676896e-19,2.982642646212858e-18,1.1871,0.7448,0.744,0.454
MCCC1,ENSG00000078070,-2.0231,3.788906065605988e-19,3.4697194334125135e-18,0.1452,0.5903,0.111,0.363
HSD17B4,ENSG00000133835,-0.8649,3.8684094991448306e-19,3.538236533418789e-18,0.5057,0.9211,0.369,0.537
SLC22A31,ENSG00000259803,-0.7636,4.109183436329633e-19,3.7539154608791265e-18,0.6027,1.0233,0.407,0.571
PPP1CB,ENSG00000213639,0.7595,4.2072055340343096e-19,3.838820991501112e-18,1.0294,0.608,0.652,0.382
PRKAR1A,ENSG00000108946,-0.3721,4.49657704693068e-19,4.097905861225728e-18,0.9583,1.2403,0.628,0.674
TMED9,ENSG00000184840,0.7007,4.63968772383899e-19,4.22323382573537e-18,1.1765,0.7239,0.741,0.441
ODF2L,ENSG00000122417,1.3397,4.851281583995696e-19,4.4052202364287844e-18,0.6249,0.2468,0.439,0.165
IFI16,ENSG00000163565,2.0787,4.84887896602403e-19,4.4052202364287844e-18,0.501,0.1185,0.353,0.083
ACSS2,ENSG00000131069,-1.7162,4.899581670459275e-19,4.443738237733472e-18,0.1944,0.6389,0.146,0.392
KDR,ENSG00000128052,6.9305,5.032377552040363e-19,4.558706523461025e-18,0.4293,0.0034,0.272,0.002
TMEM132A,ENSG00000006118,6.8888,5.209308506240395e-19,4.7133324269037346e-18,0.3753,0.0031,0.272,0.002
CCT6A,ENSG00000146731,0.7163,5.333212416442086e-19,4.819667440935402e-18,1.1016,0.6704,0.701,0.419
FERMT1,ENSG00000101311,4.7333,5.772951414780965e-19,5.210830100199545e-18,0.3961,0.0148,0.28,0.011
UBA1,ENSG00000130985,1.0289,5.984735399278508e-19,5.395546055077462e-18,0.7665,0.3756,0.526,0.252
ATOX1,ENSG00000177556,0.7595,6.013190447840188e-19,5.414738239980049e-18,1.0224,0.6039,0.666,0.378
PTBP3,ENSG00000119314,0.925,6.751307150782503e-19,6.072157800495454e-18,0.8294,0.4368,0.566,0.283
FBXO32,ENSG00000156804,3.7146,7.1788522366502e-19,6.4490164860751796e-18,0.4276,0.0325,0.291,0.023
RHOBTB3,ENSG00000164292,1.3818,7.365244469765327e-19,6.608601183975896e-18,0.6194,0.2376,0.434,0.159
UNC5B-AS1,ENSG00000237512,6.2733,7.687839292393129e-19,6.889872580549239e-18,0.3716,0.0047,0.272,0.004
HIF1A,ENSG00000100644,0.7674,8.353654750426481e-19,7.477708725055931e-18,1.0197,0.599,0.652,0.368
RAP1B,ENSG00000127314,1.0241,8.45413990528263e-19,7.558701418273404e-18,0.7661,0.3766,0.523,0.243
PTMS,ENSG00000159335,0.6561,8.86641399873611e-19,7.917938269556893e-18,1.2758,0.8096,0.779,0.478
C3,ENSG00000125730,-0.6024,8.932930486305487e-19,7.967920876509794e-18,0.8045,1.2215,0.477,0.641
LINC00511,ENSG00000227036,4.4559,9.054082537066344e-19,8.066461505605688e-18,0.3897,0.0177,0.28,0.012
ATF3,ENSG00000162772,0.9211,9.16784017681035e-19,8.158189933545606e-18,0.9542,0.5039,0.574,0.292
MUC20,ENSG00000176945,3.4469,9.415324038232597e-19,8.368561542217326e-18,0.4091,0.0374,0.294,0.025
GNPTG,ENSG00000090581,1.0302,1.094575893216205e-18,9.717415832254322e-18,0.7675,0.3757,0.526,0.242
BBLN,ENSG00000171159,0.6623,1.2976740301260399e-18,1.1506956922068346e-17,1.1958,0.7555,0.747,0.459
C5orf15,ENSG00000113583,1.2448,1.3397429298159153e-18,1.1866070146259367e-17,0.6523,0.2752,0.458,0.19
ARMC9,ENSG00000135931,-2.2567,1.3580872426174206e-18,1.2014460325497204e-17,0.1153,0.5512,0.084,0.34
SVBP,ENSG00000177868,1.6396,1.3626119662850593e-18,1.2040389947700144e-17,0.5572,0.1788,0.391,0.124
EMP1,ENSG00000134531,1.3555,1.418915938528971e-18,1.2523259247180347e-17,0.6603,0.258,0.434,0.168
APMAP,ENSG00000101474,1.2177,1.481926771872037e-18,1.3064126909560373e-17,0.6677,0.287,0.464,0.199
C1S,ENSG00000182326,1.4939,1.5060867938988463e-18,1.3261638377512568e-17,0.6209,0.2204,0.41,0.148
FAM114A1,ENSG00000197712,1.7232,1.5136099756381927e-18,1.3312367131486084e-17,0.5294,0.1603,0.38,0.112
NAGK,ENSG00000124357,1.6742,1.515533577349278e-18,1.3313786252178831e-17,0.5452,0.1708,0.385,0.12
MPST,ENSG00000128309,-0.574,1.5549721085308605e-18,1.3644383600407261e-17,0.7187,1.07,0.496,0.603
TNIP1,ENSG00000145901,1.2098,1.610368269878463e-18,1.4114074569526437e-17,0.6628,0.2865,0.464,0.196
ATP5PO,ENSG00000241837,-1.4607,1.6431569815018377e-18,1.4384763609787235e-17,0.258,0.7104,0.197,0.414
ADIRF,ENSG00000148671,-0.7526,1.749449917960503e-18,1.5279877607157922e-17,0.6237,1.0509,0.42,0.559
CGN,ENSG00000143375,1.3412,1.749194023427498e-18,1.5279877607157922e-17,0.6237,0.2461,0.434,0.165
TYMP,ENSG00000025708,0.9194,1.818758638463478e-18,1.5866883964886348e-17,0.8352,0.4415,0.563,0.282
MICAL2,ENSG00000133816,1.0623,2.040088454743327e-18,1.7777241378991737e-17,0.7276,0.3484,0.488,0.209
PDXK,ENSG00000160209,0.7269,2.116939281374313e-18,1.842566390643195e-17,1.0462,0.6321,0.666,0.397
ETV1,ENSG00000006468,-1.4171,2.2434866616889252e-18,1.950465101157633e-17,0.2671,0.7135,0.194,0.424
KRT80,ENSG00000167767,5.267,2.2751119170846805e-18,1.975686268226984e-17,0.3821,0.0098,0.272,0.007
RNF19A,ENSG00000034677,1.1656,2.3508545711764464e-18,2.0391166802799142e-17,0.7167,0.3194,0.472,0.206
CLIC6,ENSG00000159212,2.0414,2.5418840739793954e-18,2.2022860296920106e-17,0.4885,0.1186,0.345,0.078
LGI3,ENSG00000168481,-5.6147,2.9732460109525868e-18,2.5730668514028402e-17,0.0085,0.4202,0.005,0.27
ATP9A,ENSG00000054793,2.4994,3.2557388871138814e-18,2.8143143354857404e-17,0.4531,0.0801,0.318,0.054
TNFAIP1,ENSG00000109079,1.8794,3.32272299993901e-18,2.868933973090197e-17,0.482,0.1309,0.358,0.092
OTUB1,ENSG00000167770,0.8512,3.875724537087848e-18,3.3425911960843256e-17,0.8745,0.4847,0.601,0.308
C12orf57,ENSG00000111678,-0.2429,4.104400319446511e-18,3.5357747335710825e-17,1.1507,1.3617,0.73,0.713
NPEPPS,ENSG00000141279,0.9359,4.316736532577099e-18,3.714458371710704e-17,0.7977,0.4169,0.544,0.269
EPCAM,ENSG00000119888,0.5439,4.575477886973692e-18,3.9326206411929745e-17,1.6526,1.1335,0.93,0.626
SRPK1,ENSG00000096063,1.245,4.738055484810714e-18,4.067728316789198e-17,0.6374,0.2689,0.447,0.181
FOSL1,ENSG00000175592,3.2172,4.897839773737429e-18,4.2001338808838e-17,0.4356,0.0468,0.294,0.031
EPS8L1,ENSG00000131037,2.3343,5.086621519270248e-18,4.357077729941805e-17,0.4632,0.0918,0.326,0.065
VPS35,ENSG00000069329,0.9252,5.4581157145267546e-18,4.6699959482728917e-17,0.8151,0.4292,0.55,0.283
NAP1L4,ENSG00000205531,1.0198,5.712474634506938e-18,4.882097948382343e-17,0.7337,0.3618,0.512,0.24
VOPP1,ENSG00000154978,2.5982,5.8510264024308314e-18,4.9948592621881275e-17,0.4264,0.0703,0.313,0.051
GLG1,ENSG00000090863,1.0328,5.999226478310942e-18,5.115593232916384e-17,0.7384,0.3609,0.504,0.237
SYNGR2,ENSG00000108639,0.5668,6.137272805672047e-18,5.227406544177262e-17,1.5447,1.0428,0.892,0.586
CDCP1,ENSG00000163814,2.2147,6.401312132345918e-18,5.4461613918776366e-17,0.4581,0.0986,0.332,0.07
PROCR,ENSG00000101000,3.8179,6.453097608263006e-18,5.4840441429051755e-17,0.3922,0.0277,0.28,0.019
LEPROT,ENSG00000213625,0.8534,6.730540524003186e-18,5.713397040319559e-17,0.8706,0.4818,0.59,0.316
TLE2,ENSG00000065717,1.7129,6.908645665673054e-18,5.858004265337814e-17,0.5241,0.1598,0.372,0.11
ATP8A1,ENSG00000124406,-2.3644,7.097517871691587e-18,6.011406672716362e-17,0.1078,0.5558,0.086,0.333
CCDC124,ENSG00000007080,0.8831,7.652287530146088e-18,6.474023772704781e-17,0.8402,0.4555,0.569,0.295
PIGT,ENSG00000124155,1.187,7.780769085505528e-18,6.575359109730902e-17,0.6709,0.2946,0.461,0.203
SMURF1,ENSG00000198742,1.321,7.916678806225944e-18,6.682738366596314e-17,0.582,0.2329,0.412,0.141
SQLE,ENSG00000104549,-0.9058,9.74126848690929e-18,8.213759310111574e-17,0.4707,0.882,0.337,0.507
CSNK1D,ENSG00000141551,1.0268,1.0227769900259992e-17,8.61435915233715e-17,0.7248,0.3557,0.504,0.239
ATP5MJ,ENSG00000156411,-0.1596,1.0309022916342026e-17,8.673125627278843e-17,1.2753,1.4245,0.792,0.737
SESN1,ENSG00000080546,2.1752,1.1347057748540991e-17,9.535819943295571e-17,0.4871,0.1078,0.332,0.073
PODXL2,ENSG00000114631,3.9089,1.1538785068329882e-17,9.686169021248029e-17,0.3896,0.0258,0.278,0.018
PKP3,ENSG00000184363,1.4257,1.1624774196008645e-17,9.74752153727473e-17,0.5691,0.2118,0.41,0.149
ESAM,ENSG00000149564,-2.3606,1.2468528400175457e-17,1.0443429275313257e-16,0.0992,0.5098,0.081,0.326
IL13RA1,ENSG00000131724,1.3373,1.374485223995846e-17,1.1499707494228812e-16,0.5997,0.2373,0.423,0.163
CREG1,ENSG00000143162,-1.1964,1.3993766860838517e-17,1.1695012016995023e-16,0.3206,0.7348,0.235,0.447
TTYH3,ENSG00000136295,3.5654,1.4358455894780533e-17,1.1986534175145518e-16,0.4064,0.0342,0.283,0.026
YIPF3,ENSG00000137207,0.7215,1.4886377639569967e-17,1.2413530139840077e-16,1.0257,0.622,0.668,0.393
NCEH1,ENSG00000144959,1.9561,1.522266846945898e-17,1.2679962545398302e-16,0.49,0.1262,0.342,0.083
FDXR,ENSG00000161513,2.7113,1.652346404686233e-17,1.3748322783485122e-16,0.4264,0.065,0.305,0.047
NOSIP,ENSG00000142546,1.1192,1.710228451924081e-17,1.4214274977212796e-16,0.6776,0.3119,0.474,0.21
RNF213,ENSG00000173821,1.0218,1.7221731419204485e-17,1.429782207385603e-16,0.7463,0.3675,0.499,0.235
CX3CL1,ENSG00000006210,4.7649,2.0109816832336945e-17,1.6677241072261868e-16,0.3813,0.0139,0.267,0.009
NBEAL2,ENSG00000160796,2.548,2.0429644247785868e-17,1.6923899374125244e-16,0.4459,0.0762,0.31,0.054
TMEM165,ENSG00000134851,0.6213,2.0917829935673563e-17,1.7309332438555724e-16,1.2625,0.8207,0.776,0.484
COX7B,ENSG00000131174,-0.1944,2.1531057512368827e-17,1.7797280033473358e-16,1.2173,1.3929,0.752,0.724
NRBP1,ENSG00000115216,1.2105,2.3702715884711933e-17,1.9570930984590017e-16,0.6291,0.2718,0.447,0.188
PTK7,ENSG00000112655,1.0273,2.796163602302245e-17,2.3062244558289804e-16,0.7164,0.3514,0.499,0.232
MET,ENSG00000105976,0.6891,2.802220418166823e-17,2.3086995920665595e-16,1.0749,0.6666,0.687,0.404
LDAF1,ENSG00000011638,1.516,2.978846723401686e-17,2.45154542432459e-16,0.5495,0.1921,0.391,0.133
SMARCB1,ENSG00000099956,0.9503,3.218915331515465e-17,2.6462356180195143e-16,0.7562,0.3913,0.526,0.262
TM9SF1,ENSG00000100926,1.8001,3.250196803807947e-17,2.6690474839966346e-16,0.4918,0.1412,0.356,0.095
TP63,ENSG00000073282,4.3189,3.2996948162872147e-17,2.7067529139033555e-16,0.3947,0.0197,0.267,0.01
DSE,ENSG00000111817,3.3531,3.5927580037740434e-17,2.943957344741095e-16,0.3831,0.0374,0.28,0.023
BANF1,ENSG00000175334,0.6332,3.883905909758578e-17,3.1790800810645786e-16,1.225,0.7898,0.765,0.477
RAB27B,ENSG00000041353,1.2534,4.3677450447030186e-17,3.571246083628929e-16,0.6362,0.2668,0.434,0.172
PLK2,ENSG00000145632,2.1798,4.5554104602715704e-17,3.7206622732272125e-16,0.4772,0.1052,0.326,0.073
NECAB1,ENSG00000123119,-2.9963,4.836535600303091e-17,3.9460071771371333e-16,0.0578,0.4621,0.043,0.293
RPN1,ENSG00000163902,0.6415,5.291833531667388e-17,4.3128157855174884e-16,1.1951,0.7661,0.752,0.464
BZW1,ENSG00000082153,0.6748,5.962823945625159e-17,4.854432641077379e-16,1.0638,0.6663,0.682,0.415
COLEC12,ENSG00000158270,-3.8779,6.110059688032678e-17,4.968945203776845e-16,0.0298,0.44,0.022,0.274
MEAF6,ENSG00000163875,0.7829,6.544950915911119e-17,5.316892921474032e-16,0.9138,0.5311,0.604,0.342
EFHD2,ENSG00000142634,2.1584,6.622087121932729e-17,5.37377746575744e-16,0.4707,0.1054,0.326,0.076
HYAL2,ENSG00000068001,1.3965,6.793567386473177e-17,5.507017339571336e-16,0.5704,0.2166,0.404,0.153
FAM184A,ENSG00000111879,-2.4301,7.008387082410344e-17,5.675065852905697e-16,0.0964,0.5198,0.073,0.316
MTRR,ENSG00000124275,-2.3045,7.13318805826262e-17,5.769939591025064e-16,0.1041,0.5147,0.084,0.323
COX16,ENSG00000133983,0.9167,7.280096406094192e-17,5.882473620111404e-16,0.8161,0.4323,0.544,0.269
PHACTR3,ENSG00000087495,4.5418,7.904758862018609e-17,6.380390299417798e-16,0.3972,0.017,0.264,0.012
MMAB,ENSG00000139428,-1.0976,8.3705432397162e-17,6.749141320817064e-16,0.3509,0.751,0.261,0.458
BICC1,ENSG00000122870,7.9284,8.489680877757628e-17,6.837903947916724e-16,0.3755,0.0014,0.253,0.001
CTNND1,ENSG00000198561,0.7908,9.602615168098634e-17,7.726065771563917e-16,0.8664,0.5007,0.58,0.31
HPCAL1,ENSG00000115756,-1.0716,1.1116331426733408e-16,8.934455737124563e-16,0.364,0.7652,0.272,0.462
ACAT1,ENSG00000075239,-1.291,1.1421062161718302e-16,9.169620045885416e-16,0.2772,0.6784,0.213,0.42
UQCRH,ENSG00000173660,-0.1255,1.1749732366157695e-16,9.423484928484224e-16,1.3112,1.4303,0.792,0.735
SERTAD4-AS1,ENSG00000203706,2.3048,1.2838776413852162e-16,1.0285997434427687e-15,0.4382,0.0886,0.313,0.06
RTL8A,ENSG00000203950,0.8532,1.3222845316171116e-16,1.0582478428355167e-15,0.8264,0.4574,0.563,0.296
BCAR1,ENSG00000050820,1.9535,1.326309098622067e-16,1.0603455280518218e-15,0.4743,0.1224,0.337,0.088
ATP6V0C,ENSG00000185883,0.8204,1.506008019825455e-16,1.2027368488140923e-15,1.3296,0.7529,0.801,0.377
BSG,ENSG00000172270,0.5756,1.5315538848524245e-16,1.2218468426673776e-15,1.4222,0.9543,0.86,0.557
ZFP36L2,ENSG00000152518,1.0469,1.5471144086903517e-16,1.2329587930016464e-15,0.7287,0.3526,0.482,0.23
DNALI1,ENSG00000163879,1.5956,1.570170765562848e-16,1.250014766472847e-15,0.5374,0.1777,0.372,0.123
TRIM8,ENSG00000171206,0.9671,1.7255839263872056e-16,1.372293322511088e-15,0.7436,0.3803,0.509,0.253
KIAA1217,ENSG00000120549,1.4303,1.7343928429538808e-16,1.3778483626200388e-15,0.5349,0.1984,0.383,0.126
VWA1,ENSG00000179403,1.0554,1.8423542155280268e-16,1.4620783716716643e-15,0.6911,0.3325,0.474,0.224
AP1S3,ENSG00000152056,3.5318,1.957921024001843e-16,1.5521608957328358e-15,0.3807,0.0328,0.272,0.023
IFNGR1,ENSG00000027697,0.9123,1.9658266738985177e-16,1.5567946039101993e-15,0.7821,0.4155,0.528,0.273
EPDR1,ENSG00000086289,-1.5031,1.9800999593016984e-16,1.566456041102024e-15,0.2193,0.6218,0.164,0.386
CTXN1,ENSG00000178531,4.6397,2.0344008206783672e-16,1.6077299372620362e-15,0.3643,0.0145,0.259,0.009
HLA-DRB5,ENSG00000198502,-0.669,2.0554573146411242e-16,1.6226729375249419e-15,0.683,1.086,0.42,0.558
POLR1D,ENSG00000186184,-0.3695,2.2018316799173305e-16,1.7364131880767673e-15,0.9006,1.1635,0.609,0.64
DENR,ENSG00000139726,1.1297,2.2191110413459229e-16,1.7482152155754379e-15,0.6326,0.289,0.453,0.195
VPS72,ENSG00000163159,1.5137,2.250263423099102e-16,1.7709104334910122e-15,0.5285,0.185,0.38,0.131
NSFL1C,ENSG00000088833,1.1719,2.2540717633526045e-16,1.7720616204088374e-15,0.6193,0.2748,0.442,0.19
ADD1,ENSG00000087274,0.924,2.321278291978327e-16,1.822999739698156e-15,0.7675,0.4044,0.523,0.265
ARPC5,ENSG00000162704,0.6021,2.6401178217206263e-16,2.071245082357148e-15,1.2066,0.7949,0.755,0.483
LTBP1,ENSG00000049323,6.5476,2.749431923307478e-16,2.1547674461190865e-15,0.3669,0.0038,0.251,0.003
PPP1R13L,ENSG00000104881,1.9917,2.9505603165910196e-16,2.3099982582222956e-15,0.4408,0.1108,0.326,0.075
PSMA6,ENSG00000100902,0.7738,3.0992051910281643e-16,2.423860788635381e-15,0.9926,0.5805,0.655,0.338
CAPZB,ENSG00000077549,0.614,3.1363635893102565e-16,2.4503854102625637e-15,1.1615,0.7589,0.736,0.464
TGFBR1,ENSG00000106799,2.4438,3.379139507824432e-16,2.6373346055385934e-15,0.425,0.078,0.302,0.055
SNX6,ENSG00000129515,0.9799,3.38744063777952e-16,2.641085038021081e-15,0.7154,0.3627,0.496,0.24
ETV5,ENSG00000244405,-1.5868,3.462589143602863e-16,2.6968928845277967e-15,0.2083,0.6258,0.151,0.376
FARP1,ENSG00000152767,1.057,3.708282794361855e-16,2.885280794171351e-15,0.6619,0.3181,0.464,0.207
SSBP4,ENSG00000130511,1.7139,4.0362885109165444e-16,3.1372592283924377e-15,0.4947,0.1507,0.353,0.108
SULT1A1,ENSG00000196502,-1.9944,4.1814867187049826e-16,3.2467761726429745e-15,0.1327,0.529,0.1,0.333
RELB,ENSG00000104856,1.9116,4.3625315814584956e-16,3.383873316008104e-15,0.4664,0.1239,0.332,0.083
CRNDE,ENSG00000245694,-0.5931,4.618704663870075e-16,3.578903972875735e-15,0.6647,1.0027,0.469,0.578
DNAJB6,ENSG00000105993,0.8596,4.65393419613842e-16,3.60250746432641e-15,0.8027,0.4423,0.544,0.293
CLDN3,ENSG00000165215,0.7204,4.802076528626029e-16,3.713376476332615e-15,1.0047,0.6098,0.639,0.376
JUNB,ENSG00000171223,-0.125,4.856212581608276e-16,3.7513993920297055e-15,1.3867,1.5121,0.814,0.731
TMCO3,ENSG00000150403,1.7085,4.893668954723046e-16,3.776472824610073e-15,0.4921,0.1505,0.353,0.107
NUDC,ENSG00000090273,0.6616,5.004362061949372e-16,3.85795463041097e-15,1.0803,0.6829,0.695,0.425
GALNT5,ENSG00000136542,1.6347,5.235329109874681e-16,4.031897189103284e-15,0.517,0.1664,0.358,0.112
ADAM10,ENSG00000137845,1.368,5.453121139980646e-16,4.1953493088140304e-15,0.5717,0.2215,0.399,0.152
ACOT9,ENSG00000123130,1.7669,5.641288114322924e-16,4.331293872328221e-15,0.4821,0.1416,0.345,0.1
PXMP4,ENSG00000101417,-1.9906,5.641033692644764e-16,4.331293872328221e-15,0.1341,0.5333,0.105,0.334
ERO1A,ENSG00000197930,1.3615,5.698307477288473e-16,4.370630760498925e-15,0.5783,0.225,0.399,0.156
VSTM2L,ENSG00000132821,3.7656,5.8313794642038e-16,4.468161445442161e-15,0.3811,0.0279,0.264,0.019
HNRNPAB,ENSG00000197451,0.703,5.96374889804419e-16,4.56495672996189e-15,0.9898,0.608,0.633,0.382
UGCG,ENSG00000148154,1.1241,6.016654209822494e-16,4.6007917566000955e-15,0.6462,0.2964,0.447,0.198
SRSF5,ENSG00000100650,-0.3583,6.237713188279402e-16,4.76500739509109e-15,0.932,1.1947,0.62,0.653
PPM1G,ENSG00000115241,0.7317,6.292728988946582e-16,4.796814657071529e-15,0.9305,0.5603,0.62,0.361
DYNC1I2,ENSG00000077380,0.9337,6.29839859671073e-16,4.796814657071529e-15,0.7272,0.3807,0.515,0.249
TMEM41B,ENSG00000166471,-0.8297,6.29499622833922e-16,4.796814657071529e-15,0.4983,0.8857,0.353,0.517
EVA1C,ENSG00000166979,1.4041,6.73161304151753e-16,5.121584746089118e-15,0.5529,0.2088,0.383,0.134
SERINC3,ENSG00000132824,0.8349,6.756489260626669e-16,5.135339674450149e-15,0.8209,0.4602,0.558,0.305
ACOXL,ENSG00000153093,-3.2836,6.988573740683949e-16,5.306399458378617e-15,0.0508,0.4952,0.038,0.278
WEE1,ENSG00000166483,1.8132,7.047573892379138e-16,5.345825377201244e-15,0.4874,0.1386,0.34,0.094
NBEAL1,ENSG00000144426,-0.7268,7.146785805017823e-16,5.415643606510496e-15,0.6074,1.0052,0.426,0.546
SGPL1,ENSG00000166224,2.5024,7.619942291227996e-16,5.7684032074376266e-15,0.4071,0.0718,0.296,0.053
MYO1D,ENSG00000176658,1.2241,8.798431799988551e-16,6.653869093985336e-15,0.561,0.2401,0.404,0.148
LDOC1,ENSG00000182195,2.0358,8.845865352719327e-16,6.683051273979451e-15,0.4474,0.109,0.321,0.076
MT-ATP8,ENSG00000228253,0.6547,9.228727397706847e-16,6.965338210756765e-15,1.7755,1.1278,0.957,0.546
TMEM217,ENSG00000172738,4.6996,9.263502414398507e-16,6.984606860357358e-15,0.3519,0.0134,0.253,0.01
YWHAG,ENSG00000170027,1.0677,9.490158864737649e-16,7.148369912571579e-15,0.6663,0.3178,0.461,0.214
C1R,ENSG00000159403,1.0141,9.552372639947053e-16,7.188065268406373e-15,0.7289,0.3609,0.477,0.232
PLPP1,ENSG00000067113,1.5167,9.59221126809324e-16,7.210861306511882e-15,0.5057,0.1767,0.367,0.117
KCNS3,ENSG00000170745,1.5334,9.830744795621769e-16,7.382830708839211e-15,0.5085,0.1756,0.367,0.121
GTF2I,ENSG00000263001,0.6107,9.859811550390935e-16,7.397306480953675e-15,1.1788,0.7719,0.752,0.464
HGS,ENSG00000185359,1.2012,1.0211633226417964e-15,7.653659625554336e-15,0.6061,0.2635,0.426,0.181
MSLN,ENSG00000102854,0.8872,1.0224424399087296e-15,7.655651767602034e-15,0.9062,0.4899,0.547,0.276
PRSS8,ENSG00000052344,0.6493,1.0355521574063488e-15,7.74613519723264e-15,1.1096,0.7075,0.701,0.431
PSMD4,ENSG00000159352,0.7962,1.133033526388822e-15,8.466932039433779e-15,0.8451,0.4866,0.577,0.318
KRAS,ENSG00000133703,0.8647,1.2207304407372855e-15,9.113259367361849e-15,0.7745,0.4253,0.534,0.281
CCT5,ENSG00000150753,0.8642,1.2224734890960927e-15,9.117262793801559e-15,0.7945,0.4364,0.536,0.286
IFITM1,ENSG00000185885,0.7487,1.2503635588989123e-15,9.316071683906591e-15,1.0767,0.6408,0.66,0.343
JPT2,ENSG00000206053,1.6582,1.3395179718075575e-15,9.970500765523248e-15,0.4966,0.1573,0.353,0.112
MSI2,ENSG00000153944,1.314,1.3716836508500242e-15,1.0199872029696783e-14,0.5641,0.2268,0.394,0.147
SNAP23,ENSG00000092531,1.0853,1.543182688671137e-15,1.146385959971528e-14,0.6357,0.2996,0.45,0.204
GDI1,ENSG00000203879,1.4965,1.5734355680255914e-15,1.1677117599639827e-14,0.5218,0.1849,0.372,0.129
MAP2,ENSG00000078018,3.6751,1.8242146328134705e-15,1.3524967174588587e-14,0.3793,0.0296,0.261,0.02
MESD,ENSG00000117899,0.8661,1.8835190286639557e-15,1.3950966923094298e-14,0.7689,0.4218,0.534,0.276
PAPSS1,ENSG00000138801,1.6276,2.063362075988424e-15,1.5268070993234613e-14,0.4988,0.1614,0.353,0.113
LAMP1,ENSG00000185896,0.5931,2.079305255021518e-15,1.5370989434136564e-14,1.2012,0.7962,0.752,0.482
NREP,ENSG00000134986,2.0258,2.1937735792852154e-15,1.6201328828445555e-14,0.4506,0.1106,0.315,0.074
ZFAS1,ENSG00000177410,-0.1008,2.4743941579159825e-15,1.825590611626489e-14,1.3313,1.4276,0.803,0.717
PCDH9,ENSG00000184226,-4.3778,2.532921201187239e-15,1.866948260972643e-14,0.0205,0.4286,0.016,0.254
NT5DC2,ENSG00000168268,1.8423,2.568236561902268e-15,1.8911332578139997e-14,0.4747,0.1323,0.332,0.094
CMIP,ENSG00000153815,1.6124,2.624780174439679e-15,1.930887460359472e-14,0.5161,0.1687,0.35,0.111
NUTM2A-AS1,ENSG00000223482,1.4175,2.6607699026103795e-15,1.955458814612978e-14,0.5435,0.2034,0.377,0.135
FEZ2,ENSG00000171055,1.045,2.751005109732917e-15,2.0198098740556065e-14,0.6479,0.314,0.456,0.209
SH3RF1,ENSG00000154447,0.9883,2.8643556664209498e-15,2.1009909766806094e-14,0.6655,0.3354,0.458,0.207
CD44,ENSG00000026508,-0.3901,2.914587393611809e-15,2.1357621492470628e-14,0.9292,1.2177,0.596,0.657
KLF2,ENSG00000127528,1.5347,2.9234506079033447e-15,2.1401811378594737e-14,0.539,0.186,0.361,0.118
SNHG8,ENSG00000269893,-0.4301,3.0101110389863845e-15,2.201489728900497e-14,0.8398,1.1315,0.561,0.616
PTPN13,ENSG00000163629,-0.8545,3.222795957910127e-15,2.3547604895561907e-14,0.5058,0.9146,0.358,0.509
SHISA4,ENSG00000198892,2.297,3.3972087870664973e-15,2.479798298192018e-14,0.4075,0.0828,0.299,0.06
TMEM245,ENSG00000106771,-0.9773,3.4307800503527696e-15,2.5018864170284916e-14,0.4106,0.8085,0.305,0.465
KIF2A,ENSG00000068796,1.6859,3.4578417035011275e-15,2.5191893992238206e-14,0.4567,0.1419,0.34,0.097
GIPC1,ENSG00000123159,0.7879,3.5291275521025516e-15,2.5686472693771463e-14,0.8371,0.4848,0.569,0.315
LSM8,ENSG00000128534,0.7338,3.602491904344518e-15,2.619521302918463e-14,0.9024,0.5426,0.598,0.348
KLF4,ENSG00000136826,1.7053,3.796943739530549e-15,2.758260572322432e-14,0.4993,0.1531,0.342,0.102
LMAN2,ENSG00000169223,0.632,3.97047289595541e-15,2.881548773193384e-14,1.1096,0.716,0.717,0.441
BEX2,ENSG00000133134,-0.8859,4.298768188051562e-15,3.1168132112024525e-14,0.4472,0.8264,0.323,0.487
RHBDD2,ENSG00000005486,0.852,4.356118578737208e-15,3.155366813265542e-14,0.7679,0.4254,0.531,0.281
FLOT1,ENSG00000137312,0.7504,4.6521269853900624e-15,3.366553579944628e-14,0.8651,0.5142,0.588,0.33
SEC11C,ENSG00000166562,-0.5023,4.670455001551901e-15,3.376582539399484e-14,0.7434,1.053,0.515,0.588
STK38,ENSG00000112079,2.227,4.749871372986852e-15,3.4307149352691844e-14,0.4187,0.0894,0.299,0.061
KHDRBS1,ENSG00000121774,0.6834,4.759423703542804e-15,3.4343310487359964e-14,0.9854,0.6136,0.65,0.392
BAIAP2L1,ENSG00000006453,1.1664,4.8972962840125505e-15,3.530445937568208e-14,0.5977,0.2662,0.415,0.172
MXRA7,ENSG00000182534,1.6839,4.9337738724019195e-15,3.553351916682222e-14,0.4913,0.1529,0.342,0.106
VPS4B,ENSG00000119541,1.138,5.293002523357086e-15,3.808441339425027e-14,0.6149,0.2793,0.431,0.191
PRDX4,ENSG00000123131,0.6841,5.4432270740410264e-15,3.912804999465267e-14,0.9991,0.6218,0.652,0.384
SAT2,ENSG00000141504,-0.6661,5.686858944760092e-15,4.08405126688807e-14,0.5908,0.9375,0.42,0.547
DDOST,ENSG00000244038,0.7189,5.784770249131699e-15,4.150421579505222e-14,0.9411,0.5717,0.625,0.364
KIF9,ENSG00000088727,1.3118,5.931141106098402e-15,4.2514014285174035e-14,0.5298,0.2134,0.391,0.147
CPM,ENSG00000135678,-0.4864,6.045278348010408e-15,4.329106911774278e-14,0.8042,1.1267,0.534,0.607
RTCB,ENSG00000100220,1.1179,6.494990513895749e-15,4.6467474746668917e-14,0.6088,0.2804,0.434,0.195
METTL9,ENSG00000197006,0.9481,6.631025492007685e-15,4.7395834997273473e-14,0.6916,0.3584,0.485,0.245
WFS1,ENSG00000109501,2.4011,6.649778541129553e-15,4.7484949790391095e-14,0.4187,0.0792,0.291,0.056
DNAJC3,ENSG00000102580,0.7079,6.822403458507434e-15,4.86716318498807e-14,0.9287,0.5685,0.617,0.359
PDLIM1,ENSG00000107438,0.52,7.06292104489691e-15,5.033997027754354e-14,1.5176,1.0583,0.881,0.596
EVI5,ENSG00000067208,1.0299,7.537822143142507e-15,5.3674124685618894e-14,0.6325,0.3097,0.445,0.198
LRPAP1,ENSG00000163956,0.6377,7.732438893877215e-15,5.500807518196079e-14,1.0709,0.6883,0.701,0.425
GPX8,ENSG00000164294,7.0487,8.067496809832539e-15,5.733766547345703e-14,0.3369,0.0024,0.237,0.002
MVD,ENSG00000167508,-1.4626,8.226617917040158e-15,5.841362628123908e-14,0.2186,0.6026,0.164,0.373
POLR2C,ENSG00000102978,-0.9399,8.695240982247284e-15,6.168314142805467e-14,0.4011,0.7696,0.294,0.465
RASGRF1,ENSG00000058335,-2.1643,8.870757360400311e-15,6.286920436944123e-14,0.1151,0.5161,0.089,0.309
PSMB10,ENSG00000205220,1.4211,9.002926413549801e-15,6.374611907625936e-14,0.5181,0.1934,0.369,0.128
PNP,ENSG00000198805,1.4073,9.574392296291645e-15,6.772896423078969e-14,0.5464,0.206,0.375,0.143
RSU1,ENSG00000148484,0.9539,9.709739673343044e-15,6.862215456698476e-14,0.6974,0.36,0.48,0.239
BID,ENSG00000015475,3.1322,1.0855939656776637e-14,7.665105056724064e-14,0.3626,0.0413,0.264,0.03
ADRM1,ENSG00000130706,0.7591,1.0993920739049765e-14,7.75528208996461e-14,0.8583,0.5071,0.574,0.327
IFNAR1,ENSG00000142166,1.1229,1.1060458145049482e-14,7.794940418456049e-14,0.6051,0.2778,0.429,0.192
SGCB,ENSG00000163069,2.4265,1.116485610488253e-14,7.861182467137699e-14,0.3778,0.0702,0.286,0.051
SFXN3,ENSG00000107819,3.0017,1.1302316342741854e-14,7.950558656370085e-14,0.366,0.0456,0.267,0.032
TNFRSF1A,ENSG00000067182,0.7101,1.1554849638683033e-14,8.120640839093052e-14,0.9425,0.5761,0.62,0.361
MAP1B,ENSG00000131711,5.3062,1.16202215930461e-14,8.158993878760529e-14,0.3613,0.009,0.24,0.006
TMED3,ENSG00000166557,0.7152,1.2302753696165716e-14,8.630204658730918e-14,0.9108,0.5547,0.615,0.355
MXD4,ENSG00000123933,1.2997,1.3967058214940521e-14,9.788601559728724e-14,0.5624,0.2284,0.391,0.157
EGR1,ENSG00000120738,-0.5379,1.4196173542366224e-14,9.939952837124821e-14,0.7961,1.1559,0.496,0.575
AFF3,ENSG00000144218,-4.6108,1.4613421687388405e-14,1.0222629708168463e-13,0.0179,0.4396,0.013,0.245
KRTCAP3,ENSG00000157992,0.7003,1.5506360234416285e-14,1.0837238813229884e-13,0.9144,0.5627,0.62,0.359
IRF7,ENSG00000185507,1.8847,1.5715781390832828e-14,1.0973449945262662e-13,0.4199,0.1136,0.315,0.079
NDFIP2,ENSG00000102471,1.0031,1.6155458101787762e-14,1.1270035637950741e-13,0.6382,0.3184,0.456,0.216
ITGB5,ENSG00000082781,2.9904,1.6396656654790745e-14,1.1427743637171964e-13,0.3775,0.0474,0.267,0.035
MICALL2,ENSG00000164877,2.7665,1.7863423184410898e-14,1.2438540291080585e-13,0.395,0.058,0.272,0.041
PLCXD2,ENSG00000240891,5.6529,1.8162269815322462e-14,1.2634986045558122e-13,0.3475,0.0068,0.237,0.005
IRX2-DT,ENSG00000186493,-1.1788,1.8318230025486115e-14,1.2731759691126734e-13,0.2995,0.6782,0.21,0.417
SCTR,ENSG00000080293,1.2075,1.8357425483235443e-14,1.2747274772595936e-13,0.5826,0.2522,0.396,0.158
ABHD5,ENSG00000011198,1.1165,1.8409289842796233e-14,1.2771550483225486e-13,0.6268,0.289,0.426,0.194
GPAA1,ENSG00000197858,0.837,2.0297427975467257e-14,1.406853838116102e-13,0.764,0.4276,0.526,0.284
MFSD6,ENSG00000151690,2.465,2.048975957488475e-14,1.418882984310305e-13,0.3783,0.0684,0.28,0.047
AFF4,ENSG00000072364,0.7034,2.0611645537355565e-14,1.4260163189992794e-13,0.9056,0.5561,0.598,0.347
VGLL4,ENSG00000144560,1.0508,2.1191147923507797e-14,1.4647678185004704e-13,0.647,0.3122,0.445,0.215
YIF1B,ENSG00000167645,1.4147,2.137357069763041e-14,1.4760267515593943e-13,0.5126,0.1922,0.367,0.132
ARL3,ENSG00000138175,1.0185,2.1689367620678572e-14,1.4964673276185077e-13,0.653,0.3223,0.453,0.219
TFG,ENSG00000114354,0.7903,2.2463638380265522e-14,1.5484743427272447e-13,0.7916,0.4577,0.547,0.303
ARL6IP5,ENSG00000144746,0.5463,2.365462443952607e-14,1.6290855755753825e-13,1.3374,0.9158,0.814,0.537
C3orf52,ENSG00000114529,1.5799,2.4344049515825588e-14,1.6750391083065784e-13,0.4943,0.1653,0.342,0.112
ARFGEF3,ENSG00000112379,-1.2124,2.4494707123343864e-14,1.682412600950371e-13,0.3061,0.7095,0.216,0.416
RGS10,ENSG00000148908,4.0858,2.4495749318933263e-14,1.682412600950371e-13,0.3459,0.0203,0.245,0.014
HYOU1,ENSG00000149428,1.2942,2.8785699556302326e-14,1.9752584936227436e-13,0.5477,0.2233,0.385,0.152
CAPRIN1,ENSG00000135387,0.9259,2.920396966305735e-14,2.0021414773538866e-13,0.6939,0.3652,0.48,0.243
LRRC36,ENSG00000159708,-3.8446,3.4134526622049553e-14,2.338044865182089e-13,0.0295,0.4246,0.024,0.251
SF3B4,ENSG00000143368,1.0612,3.478915908601614e-14,2.3807255153519196e-13,0.6016,0.2882,0.437,0.194
COL5A1,ENSG00000130635,5.5225,3.5851119874194135e-14,2.451178376918884e-13,0.3433,0.0074,0.235,0.005
LEPROTL1,ENSG00000104660,1.1511,3.8087654220346765e-14,2.6017380437135607e-13,0.5735,0.2582,0.412,0.177
MX1,ENSG00000157601,2.2513,3.867115585871381e-14,2.6392103208002065e-13,0.4011,0.0842,0.288,0.059
NDUFB1,ENSG00000183648,-0.3323,4.062547890722017e-14,2.7700856781953826e-13,0.9559,1.2035,0.628,0.647
PSTPIP2,ENSG00000152229,2.9572,4.1744239039443374e-14,2.8438027587285367e-13,0.3739,0.0481,0.261,0.032
WWC3,ENSG00000047644,-1.5086,4.630552133039431e-14,3.151695618478639e-13,0.2059,0.5861,0.156,0.361
DBNDD1,ENSG00000003249,3.8564,4.6354283999659866e-14,3.152174758032676e-13,0.3325,0.0229,0.245,0.017
MALL,ENSG00000144063,-0.2123,4.6514580231059925e-14,3.160230698252318e-13,1.1547,1.3378,0.709,0.692
SLC25A37,ENSG00000147454,1.1077,4.7431943072420975e-14,3.2196615445834723e-13,0.615,0.2853,0.423,0.186
DLGAP4,ENSG00000080845,1.5869,4.82147154271036e-14,3.269857944809405e-13,0.4798,0.1597,0.34,0.111
RAB10,ENSG00000084733,0.7121,4.976202836391776e-14,3.3717679308466255e-13,0.8653,0.5282,0.58,0.335
PNPLA2,ENSG00000177666,0.756,5.120726468981401e-14,3.4665849886339144e-13,0.8422,0.4986,0.571,0.313
TP53I13,ENSG00000167543,1.4663,5.431606876888472e-14,3.6737502197755066e-13,0.4833,0.1748,0.353,0.122
SDF2,ENSG00000132581,0.9442,5.4496533196998814e-14,3.6826592871496065e-13,0.6654,0.3458,0.469,0.236
NSG1,ENSG00000168824,5.8229,5.5912331114462375e-14,3.77495676112389e-13,0.3352,0.0058,0.232,0.004
NCOR2,ENSG00000196498,0.8569,6.049170760787668e-14,4.08048974087061e-13,0.7271,0.4015,0.496,0.256
TAGLN2,ENSG00000158710,0.4701,6.53462503497322e-14,4.4040224923481427e-13,1.8104,1.3069,0.965,0.682
ANXA5,ENSG00000164111,0.4834,6.669453433591007e-14,4.4908841970392206e-13,1.65,1.1802,0.927,0.648
ORMDL2,ENSG00000123353,0.7303,6.70807465597784e-14,4.512867678175653e-13,0.8415,0.5072,0.58,0.327
MANF,ENSG00000145050,0.8676,7.006876984441495e-14,4.709693560271842e-13,0.7309,0.4005,0.504,0.256
R3HDM4,ENSG00000198858,1.2761,7.19324022974419e-14,4.830660438730431e-13,0.5417,0.2236,0.383,0.155
COBL,ENSG00000106078,1.4352,7.210695916970157e-14,4.838082384787703e-13,0.507,0.1874,0.35,0.12
FZD6,ENSG00000164930,1.5659,7.218534390858017e-14,4.839044128033037e-13,0.4673,0.1578,0.337,0.109
DYNC1LI2,ENSG00000135720,0.797,7.483831034994978e-14,5.012441796931477e-13,0.7787,0.4482,0.531,0.296
DCBLD2,ENSG00000057019,0.8799,7.50856138539334e-14,5.024551042218483e-13,0.7369,0.4004,0.485,0.259
CDC42EP3,ENSG00000163171,0.9416,7.865635507349949e-14,5.258838606905209e-13,0.6944,0.3615,0.469,0.237
EMP3,ENSG00000142227,1.0687,7.923277448634551e-14,5.29269329128506e-13,0.6721,0.3204,0.431,0.199
PHLDB1,ENSG00000019144,3.1271,8.114934476614928e-14,5.415930209436906e-13,0.3655,0.0417,0.256,0.03
SUN1,ENSG00000164828,1.154,8.129160537215583e-14,5.420636174639341e-13,0.5743,0.258,0.404,0.176
MT1E,ENSG00000169715,-0.5673,8.226001199113799e-14,5.480373814753505e-13,0.7445,1.1031,0.464,0.574
SERINC1,ENSG00000111897,0.6769,8.256237635899591e-14,5.49567183605475e-13,0.9219,0.5766,0.612,0.368
NCF2,ENSG00000116701,3.818,8.320853253048183e-14,5.533806894962942e-13,0.3469,0.0245,0.243,0.016
LTBR,ENSG00000111321,0.7262,8.521957377568299e-14,5.662567105323527e-13,0.8475,0.5123,0.574,0.327
SLC27A3,ENSG00000143554,-1.603,8.577530656612005e-14,5.69448542273319e-13,0.1851,0.5626,0.137,0.343
CREB3L2,ENSG00000182158,1.3548,9.356941348256234e-14,6.206469875862674e-13,0.5226,0.2043,0.367,0.141
G6PC3,ENSG00000141349,1.2963,1.008866054187016e-13,6.685950034546409e-13,0.5092,0.2073,0.375,0.144
GNB2,ENSG00000172354,0.5604,1.036132731017397e-13,6.860633464361468e-13,1.2526,0.8494,0.782,0.506
BCAT1,ENSG00000060982,0.9342,1.0527865785065674e-13,6.964800876197125e-13,0.7147,0.374,0.466,0.239
PUF60,ENSG00000179950,0.801,1.0556753326277056e-13,6.974017948005697e-13,0.7731,0.4437,0.534,0.294
EFNB1,ENSG00000090776,4.6916,1.056026013569625e-13,6.974017948005697e-13,0.3267,0.0125,0.235,0.009
UBE2L3,ENSG00000185651,0.6374,1.0808602908860498e-13,7.131789954274328e-13,0.9843,0.6327,0.65,0.399
ASCC3,ENSG00000112249,1.1814,1.0874287101853398e-13,7.168869027443493e-13,0.5568,0.2455,0.391,0.158
SFT2D2,ENSG00000213064,1.409,1.0902298911371846e-13,7.181069596810314e-13,0.4971,0.1871,0.358,0.133
UFD1,ENSG00000070010,0.9949,1.128466315985245e-13,7.426448621314046e-13,0.616,0.3091,0.447,0.213
ARFGAP3,ENSG00000242247,0.8214,1.1660851298918435e-13,7.667339561647413e-13,0.7434,0.4207,0.512,0.276
RGCC,ENSG00000102760,1.7314,1.1733566591680902e-13,7.70844309566515e-13,0.5148,0.155,0.321,0.097
CDC42EP1,ENSG00000128283,0.7384,1.2107390241572568e-13,7.947118442665574e-13,0.8626,0.517,0.566,0.327
NHSL3,ENSG00000162522,1.0147,1.331259977328518e-13,8.730615563122356e-13,0.6338,0.3137,0.439,0.213
CLDN10,ENSG00000134873,6.6972,1.3402072411496838e-13,8.781670170759636e-13,0.3628,0.0034,0.226,0.002
LIMK2,ENSG00000182541,1.9595,1.3579425693555724e-13,8.890169940625086e-13,0.4157,0.1068,0.299,0.075
GPRC5A,ENSG00000013588,0.5237,1.4261448391922267e-13,9.328592432984653e-13,1.657,1.1526,0.922,0.608
RHOB,ENSG00000143878,0.5707,1.51292773972267e-13,9.88768951003873e-13,1.4503,0.9764,0.83,0.522
KCTD1,ENSG00000134504,2.5358,1.561042124183977e-13,1.0193321735704361e-12,0.3692,0.0636,0.267,0.042
DYNLT3,ENSG00000165169,1.3478,1.7530512236291627e-13,1.1437221066078001e-12,0.5226,0.2053,0.367,0.146
LRP1,ENSG00000123384,3.0486,1.814542924290705e-13,1.1828189640221119e-12,0.3572,0.0431,0.253,0.03
CAMK2N1,ENSG00000162545,5.9458,1.8332192793699963e-13,1.1939630737620966e-12,0.3267,0.0052,0.226,0.003
AP2B1,ENSG00000006125,0.8341,1.8539128376620463e-13,1.2064006450074728e-12,0.7224,0.4052,0.501,0.264
SYNE2,ENSG00000054654,0.7678,1.9080276470694149e-13,1.2405463746651832e-12,0.804,0.4721,0.531,0.287
PFN2,ENSG00000070087,2.0059,1.918404670513966e-13,1.2462207468386081e-12,0.3998,0.0995,0.294,0.069
BAAT,ENSG00000136881,7.912,2.0241090564645096e-13,1.313758068865066e-12,0.3263,0.0013,0.224,0.001
TP53INP1,ENSG00000164938,1.8407,2.0504488115552674e-13,1.329711654188845e-12,0.4447,0.1241,0.307,0.086
P4HA2,ENSG00000072682,1.6847,2.2040227463099854e-13,1.4280782031193773e-12,0.4489,0.1396,0.321,0.099
CORO1C,ENSG00000110880,1.6156,2.2176144672491045e-13,1.4356535818395016e-12,0.4469,0.1458,0.326,0.102
CALU,ENSG00000128595,0.7681,2.313004501621249e-13,1.4961257713825802e-12,0.7968,0.4678,0.536,0.304
BTBD10,ENSG00000148925,2.1365,2.348987733009633e-13,1.5181011396824444e-12,0.3948,0.0897,0.286,0.063
P3H2,ENSG00000090530,-1.2166,2.412323472332166e-13,1.5577011823478217e-12,0.2982,0.6931,0.216,0.405
SF3B2,ENSG00000087365,0.6107,2.443017668071229e-13,1.576174080467817e-12,1.0486,0.6867,0.687,0.426
ZFP36L1,ENSG00000185650,0.4882,2.462786378573472e-13,1.5875726186111415e-12,1.8317,1.3057,0.976,0.672
MGLL,ENSG00000074416,0.5369,2.4818999553970454e-13,1.5985297666687707e-12,1.294,0.8919,0.784,0.518
SNX9,ENSG00000130340,4.8766,2.514388657807473e-13,1.6180754948667341e-12,0.3001,0.0101,0.229,0.007
SEMA7A,ENSG00000138623,6.6073,2.8165558681959105e-13,1.8109854965293704e-12,0.3234,0.0032,0.224,0.002
SAP30BP,ENSG00000161526,0.9617,2.8734352772177453e-13,1.8459866938248354e-12,0.6311,0.324,0.447,0.22
ANKRD10,ENSG00000088448,0.7999,2.9192735046948713e-13,1.873841234321984e-12,0.7547,0.4334,0.512,0.28
CMTM6,ENSG00000091317,0.7411,3.0040399051869037e-13,1.9266147269683412e-12,0.8118,0.4857,0.553,0.317
EPHX3,ENSG00000105131,3.7829,3.010046089641493e-13,1.9288293644818896e-12,0.308,0.0223,0.237,0.015
INF2,ENSG00000203485,2.1241,3.10283079104746e-13,1.9866005615562337e-12,0.3868,0.0887,0.286,0.065
IFNAR2,ENSG00000159110,2.0287,3.1368907091678494e-13,2.0067069693279514e-12,0.3899,0.0955,0.288,0.067
TMCO1,ENSG00000143183,0.6316,3.1988137288865636e-13,2.0445886397409465e-12,0.9788,0.6317,0.65,0.397
PTPN14,ENSG00000152104,2.5031,3.352232591410244e-13,2.140838311758613e-12,0.3618,0.0637,0.264,0.042
CCDC68,ENSG00000166510,2.033,3.6001691426436105e-13,2.2972363068135537e-12,0.4005,0.0978,0.288,0.067
HMGN2,ENSG00000198830,-0.192,3.689146530430911e-13,2.3520254883886527e-12,1.1122,1.2705,0.712,0.677
EHD2,ENSG00000024422,1.1867,3.913756319660583e-13,2.493122174960852e-12,0.559,0.2455,0.388,0.166
NFIB,ENSG00000147862,0.9127,3.935090299625819e-13,2.504600439231092e-12,0.665,0.3532,0.453,0.225
DNAJA1,ENSG00000086061,0.5968,4.011313032669119e-13,2.5509654850012786e-12,1.1222,0.742,0.709,0.441
VAMP2,ENSG00000220205,-1.232,4.073267402320249e-13,2.5881863098847336e-12,0.2631,0.618,0.191,0.385
CASC15,ENSG00000272168,7.5875,4.147744237490411e-13,2.6332947659025254e-12,0.3148,0.0015,0.221,0.001
PSMC4,ENSG00000013275,0.9384,4.3113701002574104e-13,2.7348783465528743e-12,0.6441,0.3361,0.456,0.229
SLFN5,ENSG00000166750,1.2761,4.321684243956941e-13,2.7391211797898225e-12,0.5418,0.2237,0.372,0.153
ATP5IF1,ENSG00000130770,-0.1239,4.401330802549227e-13,2.7872635551768158e-12,1.2409,1.3521,0.774,0.71
TGM2,ENSG00000198959,2.1995,4.472451508787058e-13,2.829930581983771e-12,0.4031,0.0877,0.278,0.056
CCDC167,ENSG00000198937,1.6405,4.658240676413915e-13,2.9450216159252826e-12,0.4426,0.1419,0.321,0.101
MEA1,ENSG00000124733,0.7713,4.680523518667781e-13,2.9566350487905587e-12,0.7564,0.4431,0.531,0.289
UBR4,ENSG00000127481,1.0966,4.958222517867281e-13,3.1294378548443865e-12,0.5532,0.2586,0.399,0.171
GSK3B,ENSG00000082701,1.0223,5.003896193700321e-13,3.155629026995486e-12,0.5769,0.284,0.415,0.184
SYNPO,ENSG00000171992,2.0248,5.186778567628192e-13,3.2682328672586313e-12,0.4143,0.1017,0.288,0.07
STMP1,ENSG00000243317,0.6347,5.41211954553359e-13,3.405641856777909e-12,0.9555,0.6154,0.633,0.388
EHD4,ENSG00000103966,1.2601,5.41386614161518e-13,3.405641856777909e-12,0.5062,0.2113,0.369,0.148
ERBB3,ENSG00000065361,0.7646,5.438376671959661e-13,3.418214289239205e-12,0.7863,0.4628,0.534,0.299
SHKBP1,ENSG00000160410,1.4657,5.521016292797196e-13,3.4672716618522705e-12,0.4668,0.1689,0.34,0.121
ENSG00000275993,ENSG00000275993,2.2837,5.753409929441829e-13,3.6102169449279912e-12,0.424,0.087,0.275,0.057
IGFBP2,ENSG00000115457,3.6361,5.767334264286569e-13,3.6159510677746912e-12,0.3796,0.0304,0.237,0.018
TMEM87B,ENSG00000153214,1.4521,5.993710528195683e-13,3.754766421270181e-12,0.481,0.1757,0.34,0.119
ABHD11,ENSG00000106077,1.1734,6.054090350783548e-13,3.789449262648691e-12,0.5229,0.2318,0.385,0.161
GPI,ENSG00000105220,0.9277,6.166713685937774e-13,3.856748501428798e-12,0.641,0.3369,0.456,0.226
SLC44A3,ENSG00000143036,1.7094,6.52152310251519e-13,4.075277670761146e-12,0.4146,0.1267,0.307,0.087
RNF167,ENSG00000108523,0.7839,6.640006795791671e-13,4.145888540678188e-12,0.7507,0.4359,0.512,0.288
RAI14,ENSG00000039560,0.618,6.685249424797261e-13,4.1706902893759956e-12,0.952,0.6203,0.625,0.381
IGFBP3,ENSG00000146674,5.1524,6.855486339408447e-13,4.2733662784018835e-12,0.3388,0.0094,0.224,0.006
GRB7,ENSG00000141738,1.3354,7.180246026223018e-13,4.472115311468665e-12,0.5071,0.2009,0.356,0.133
CACNB3,ENSG00000167535,4.6778,7.298452061609612e-13,4.54199384888473e-12,0.3084,0.012,0.226,0.009
PPP2R5A,ENSG00000066027,-1.3608,7.376737099312793e-13,4.586934056403963e-12,0.2227,0.5721,0.17,0.363
AMD1,ENSG00000123505,-0.8496,7.429285122273608e-13,4.615809958781012e-12,0.4304,0.7757,0.313,0.462
WBP1,ENSG00000239779,1.3915,8.109679243430336e-13,5.034398248489416e-12,0.4692,0.1788,0.342,0.114
PSMD1,ENSG00000173692,0.9764,8.302811077020119e-13,5.150060565425862e-12,0.6138,0.3119,0.431,0.208
CAV1,ENSG00000105974,0.7705,8.318109020636859e-13,5.155316952494787e-12,0.8514,0.4991,0.531,0.286
EIF2S2,ENSG00000125977,-0.3171,8.893687140929062e-13,5.5075251106327105e-12,0.9336,1.1631,0.62,0.632
KIFC3,ENSG00000140859,1.049,9.64090844646777e-13,5.9653614507013926e-12,0.598,0.289,0.41,0.19
DGKA,ENSG00000065357,3.8015,1.0076186433899403e-12,6.2295898942806865e-12,0.3156,0.0225,0.232,0.015
ENSG00000214708,ENSG00000214708,-3.2691,1.0194180684032332e-12,6.2973863506021475e-12,0.0383,0.37,0.03,0.243
FAM229B,ENSG00000203778,1.9152,1.0316819733460704e-12,6.3679389776385315e-12,0.3941,0.1044,0.291,0.073
RUNX1,ENSG00000159216,0.8829,1.0542069143071023e-12,6.501659785787884e-12,0.6711,0.3639,0.461,0.232
GINM1,ENSG00000055211,0.8533,1.0772142822131238e-12,6.63813531983699e-12,0.6853,0.3793,0.48,0.253
CCDC12,ENSG00000160799,0.7213,1.0782443713851122e-12,6.639067828699692e-12,0.791,0.4797,0.547,0.313
LRIG3,ENSG00000139263,1.9087,1.1371364562390307e-12,6.995982025151366e-12,0.4244,0.113,0.291,0.076
RAB11B,ENSG00000185236,0.5959,1.1464024482197294e-12,7.047250200406881e-12,1.0218,0.676,0.674,0.42
BMPR2,ENSG00000204217,1.3791,1.1743670392092497e-12,7.2132869766064075e-12,0.478,0.1837,0.342,0.125
KLF7,ENSG00000118263,2.7995,1.1798896302563827e-12,7.241321004538563e-12,0.3422,0.0491,0.251,0.035
LPGAT1,ENSG00000123684,1.8826,1.1916743610446904e-12,7.307710874750517e-12,0.4054,0.1099,0.294,0.077
CDC34,ENSG00000099804,1.4995,1.230753582786578e-12,7.54123545657145e-12,0.4735,0.1674,0.332,0.117
CCNG2,ENSG00000138764,1.847,1.2385517063852408e-12,7.582867213728114e-12,0.4134,0.1148,0.296,0.082
NXN,ENSG00000167693,1.4923,1.2457054574278145e-12,7.620489660621164e-12,0.4463,0.1586,0.321,0.101
BHLHE40,ENSG00000134107,0.6264,1.272806490946556e-12,7.779978186975106e-12,1.0044,0.6506,0.636,0.387
SLC52A2,ENSG00000185803,1.2658,1.2863178031194886e-12,7.856209379602051e-12,0.4999,0.2078,0.364,0.147
FILIP1L,ENSG00000168386,1.5723,1.364860536618313e-12,8.32917718429027e-12,0.484,0.1627,0.321,0.106
RIOK3,ENSG00000101782,0.837,1.3690879378849964e-12,8.348231937628045e-12,0.7047,0.3945,0.485,0.258
VDAC2,ENSG00000165637,0.5497,1.4044855390538122e-12,8.557167941573832e-12,1.1701,0.7993,0.73,0.483
HEBP2,ENSG00000051620,0.6426,1.421561768859929e-12,8.654229785444613e-12,0.9468,0.6065,0.615,0.378
HDGFL3,ENSG00000166503,1.5852,1.4260743985705474e-12,8.674711820612307e-12,0.4375,0.1457,0.318,0.102
PRMT1,ENSG00000126457,0.6808,1.440666530131067e-12,8.756424485229454e-12,0.8611,0.5372,0.588,0.343
CXCL2,ENSG00000081041,-0.4233,1.464655524800025e-12,8.895074348765426e-12,0.9671,1.2969,0.566,0.583
ZNF486,ENSG00000256229,2.7669,1.4697096126176327e-12,8.918599295844349e-12,0.3563,0.0523,0.251,0.036
RALBP1,ENSG00000017797,0.8566,1.4875045916393486e-12,9.019339638712101e-12,0.6611,0.365,0.472,0.244
SEC31A,ENSG00000138674,0.6841,1.5616253308638622e-12,9.461170308481539e-12,0.8413,0.5236,0.566,0.333
NFE2L2,ENSG00000116044,0.6294,1.6616665345038607e-12,1.0059207266167201e-11,0.939,0.6069,0.633,0.378
EPC1,ENSG00000120616,0.8724,1.7083773923514982e-12,1.0333699919307901e-11,0.6634,0.3623,0.461,0.239
SEC61A1,ENSG00000058262,0.68,1.7398190565310576e-12,1.0515466377673712e-11,0.8491,0.5299,0.58,0.34
DHRS1,ENSG00000157379,1.2433,1.7555442324888024e-12,1.0602027718987133e-11,0.5023,0.2121,0.364,0.146
TSPAN5,ENSG00000168785,2.629,1.8756442892520904e-12,1.1318284828514012e-11,0.3353,0.0541,0.251,0.036
SLC35B2,ENSG00000157593,1.1437,1.8803810919598e-12,1.13378125696379e-11,0.5316,0.2406,0.385,0.169
CTTN,ENSG00000085733,0.6638,1.882234590983672e-12,1.1339938066093813e-11,0.8718,0.5503,0.577,0.349
UCHL3,ENSG00000118939,0.9924,2.000798756740835e-12,1.2044649089384072e-11,0.5998,0.3015,0.42,0.204
TMEM43,ENSG00000170876,0.9612,2.041041281046344e-12,1.2277123310752492e-11,0.6053,0.3109,0.429,0.209
NPNT,ENSG00000168743,-1.2621,2.070887644499843e-12,1.2446743161651802e-11,0.2622,0.629,0.183,0.375
EFEMP2,ENSG00000172638,2.0926,2.1099386628994497e-12,1.267137249459884e-11,0.3923,0.0919,0.278,0.066
ALDOA,ENSG00000149925,-0.1242,2.123087656746635e-12,1.2740212269039579e-11,1.2384,1.3497,0.747,0.697
CCDC107,ENSG00000159884,0.7974,2.1347218772700036e-12,1.2799860145059427e-11,0.7116,0.4094,0.501,0.274
RAB22A,ENSG00000124209,1.096,2.1682959946994574e-12,1.2990861411541951e-11,0.5622,0.2629,0.396,0.182
GLIPR1,ENSG00000139278,4.4108,2.1833454283094836e-12,1.3070661419079356e-11,0.3439,0.0161,0.224,0.011
NDUFC2,ENSG00000151366,-0.5772,2.22832317553457e-12,1.3329359929662452e-11,0.6322,0.9432,0.437,0.533
SELENOW,ENSG00000178980,0.4171,2.25579788556099e-12,1.3483032456814302e-11,1.8571,1.3908,0.976,0.718
JMJD1C,ENSG00000171988,0.5945,2.313018553434556e-12,1.381411475984037e-11,0.8999,0.596,0.593,0.346
CSNK1E,ENSG00000213923,1.1772,2.3225711921792647e-12,1.3860209602617965e-11,0.528,0.2335,0.375,0.161
ZFYVE21,ENSG00000100711,1.0607,2.3563573614186176e-12,1.4050733911221512e-11,0.5594,0.2681,0.404,0.187
OLA1,ENSG00000138430,0.7221,2.398515752650309e-12,1.4290841097218522e-11,0.7657,0.4641,0.534,0.304
DNAJC10,ENSG00000077232,1.0995,2.421390436601656e-12,1.4404413187815361e-11,0.5611,0.2618,0.394,0.179
SCNM1,ENSG00000163156,1.606,2.4206308404289056e-12,1.4404413187815361e-11,0.4308,0.1415,0.313,0.098
PTHLH,ENSG00000087494,8.5578,2.4654626416098075e-12,1.465505134332187e-11,0.3576,0.0008,0.213,0.001
IFITM2,ENSG00000185201,-0.173,2.484479379601163e-12,1.4756479334030494e-11,1.2682,1.4298,0.757,0.719
TNFRSF10C,ENSG00000173535,3.2424,2.5219569315365623e-12,1.4967309204837965e-11,0.3067,0.0323,0.235,0.021
EPHA2,ENSG00000142627,0.9918,2.5840690111321023e-12,1.532389433210599e-11,0.6168,0.3101,0.42,0.202
GFUS,ENSG00000104522,0.9198,2.6664041190844166e-12,1.5799751466417858e-11,0.6511,0.3441,0.447,0.23
CDC123,ENSG00000151465,0.9925,2.8786519977740432e-12,1.7044056303434873e-11,0.5845,0.2937,0.418,0.203
TPST2,ENSG00000128294,1.5046,2.963341187106449e-12,1.75317483700777e-11,0.4389,0.1546,0.323,0.111
TBCA,ENSG00000171530,-0.1266,3.012356367062694e-12,1.7793864232336712e-11,1.2516,1.3664,0.779,0.723
SLC1A5,ENSG00000105281,-1.7463,3.01094496357762e-12,1.7793864232336712e-11,0.1432,0.4805,0.105,0.307
CLIC5,ENSG00000112782,2.1368,3.0204845363031644e-12,1.782793802482063e-11,0.3929,0.0893,0.27,0.056
SNHG25,ENSG00000266402,-4.1069,3.1707709988196973e-12,1.8700370722937403e-11,0.0223,0.3866,0.016,0.226
UQCRC1,ENSG00000010256,0.6312,3.263622457327152e-12,1.923297009758708e-11,0.924,0.5965,0.625,0.378
VPS13C,ENSG00000129003,0.8045,3.4874163960648195e-12,2.0535799588674756e-11,0.7051,0.4036,0.48,0.255
IDH2,ENSG00000182054,0.9703,3.975045337126433e-12,2.338899339718863e-11,0.602,0.3072,0.423,0.213
KIF22,ENSG00000079616,-1.0824,4.081410885886389e-12,2.3996155052818417e-11,0.314,0.6651,0.232,0.402
DIAPH1,ENSG00000131504,0.8849,4.162688254900524e-12,2.4454984265764744e-11,0.6302,0.3412,0.445,0.226
SMARCA4,ENSG00000127616,0.8233,4.182118112807612e-12,2.4550040669977864e-11,0.6994,0.3953,0.477,0.262
LFNG,ENSG00000106003,5.2408,4.204409243047395e-12,2.4661732788216667e-11,0.3052,0.008,0.216,0.005
TMPRSS4,ENSG00000137648,5.0871,4.2243577587948164e-12,2.4759521231726017e-11,0.2882,0.0084,0.216,0.005
THYN1,ENSG00000151500,1.0157,4.261391710874914e-12,2.4957220446248044e-11,0.5737,0.2837,0.41,0.196
PLXNA1,ENSG00000114554,2.5191,4.54886020917015e-12,2.6620169543207193e-11,0.3587,0.0625,0.253,0.044
FMC1,ENSG00000164898,-1.1042,4.577851301740703e-12,2.6769091783785613e-11,0.2978,0.6403,0.224,0.396
TMED1,ENSG00000099203,1.0838,4.615417367060577e-12,2.696788724527661e-11,0.55,0.2594,0.394,0.18
DTX2,ENSG00000091073,2.1052,4.674957687272157e-12,2.7294671814019437e-11,0.3595,0.0835,0.27,0.058
SH2D4A,ENSG00000104611,1.1009,4.793336919278047e-12,2.796421654451401e-11,0.5414,0.2523,0.385,0.172
TMCC1,ENSG00000172765,1.4122,4.8858401550691395e-12,2.8481884545947027e-11,0.4365,0.1639,0.318,0.101
YWHAQ,ENSG00000134308,0.5176,4.890756920696154e-12,2.848856479248993e-11,1.313,0.9172,0.806,0.538
NARF,ENSG00000141562,1.3248,5.421103465941929e-12,3.155349513497017e-11,0.475,0.1895,0.342,0.132
NPTXR,ENSG00000221890,7.4176,5.4927214749634006e-12,3.194573575315511e-11,0.3113,0.0017,0.21,0.001
DHRSX,ENSG00000169084,1.3271,5.604917104647838e-12,3.255066585095691e-11,0.4735,0.1887,0.337,0.124
NKX2-1,ENSG00000136352,-0.2382,5.6053496058365245e-12,3.255066585095691e-11,1.0471,1.2351,0.668,0.659
ARF6,ENSG00000165527,0.7675,5.8826150485419825e-12,3.413452894910498e-11,0.7123,0.4184,0.504,0.279
RBM42,ENSG00000126254,0.9455,5.9026012091707295e-12,3.422421499254402e-11,0.5918,0.3073,0.426,0.21
CHPT1,ENSG00000111666,-1.5645,6.044379846854944e-12,3.501939397468489e-11,0.1697,0.5023,0.127,0.323
CYBC1,ENSG00000178927,1.5577,6.1980800663899055e-12,3.587422930279002e-11,0.4209,0.1429,0.313,0.104
TPR,ENSG00000047410,0.6412,6.20142203434067e-12,3.587422930279002e-11,0.8842,0.5669,0.588,0.357
FNIP2,ENSG00000052795,-0.9242,6.8111553771485225e-12,3.937129217624873e-11,0.3971,0.7536,0.283,0.439
EPPK1,ENSG00000261150,2.2821,7.146178142274189e-12,4.127628124226414e-11,0.3792,0.0779,0.261,0.054
FTSJ1,ENSG00000068438,1.6351,7.350937549237718e-12,4.242653413635673e-11,0.3943,0.1269,0.302,0.091
SLC39A6,ENSG00000141424,1.6131,7.505965741178419e-12,4.328822227068928e-11,0.4077,0.1332,0.305,0.096
RAB6A,ENSG00000175582,0.7423,7.970042008534561e-12,4.5929570842470336e-11,0.7405,0.4426,0.507,0.291
TMC6,ENSG00000141524,1.1919,7.991749620082998e-12,4.601956431381635e-11,0.507,0.2219,0.364,0.153
NBDY,ENSG00000204272,0.6981,8.230608014499276e-12,4.7358905978326e-11,0.775,0.4776,0.539,0.311
TRADD,ENSG00000102871,1.1546,8.466084910210412e-12,4.8676766740212834e-11,0.5161,0.2318,0.372,0.162
CERCAM,ENSG00000167123,4.1891,8.806943508159458e-12,5.059635971710929e-11,0.2919,0.0159,0.218,0.011
CDKL2,ENSG00000138769,-1.8648,8.813343400094749e-12,5.059635971710929e-11,0.1256,0.4576,0.092,0.292
FBXO2,ENSG00000116661,1.6445,9.08073976371379e-12,5.209186705759885e-11,0.4197,0.1342,0.302,0.094
CTNNA1,ENSG00000044115,0.4904,9.396896061083027e-12,5.386460526667851e-11,1.2744,0.9071,0.787,0.528
CYB5R1,ENSG00000159348,0.8364,9.528029091191909e-12,5.4574874741436597e-11,0.6582,0.3686,0.466,0.249
TMEM35B,ENSG00000243749,1.2367,9.791959684776774e-12,5.604413289279434e-11,0.4688,0.1989,0.345,0.122
MT-ND6,ENSG00000198695,0.5495,1.004196683167231e-11,5.743153627046504e-11,1.1972,0.8179,0.744,0.458
OSMR,ENSG00000145623,0.7283,1.0106113577595314e-11,5.775468084624251e-11,0.7135,0.4307,0.493,0.265
DBNDD2,ENSG00000244274,1.339,1.02888087362427e-11,5.875430839177142e-11,0.4382,0.1732,0.329,0.109
DDB2,ENSG00000134574,1.8788,1.0563298522091097e-11,6.027622381752132e-11,0.3854,0.1047,0.28,0.074
CCNL1,ENSG00000163660,-0.4897,1.0586258594996633e-11,6.036164806430156e-11,0.737,1.0349,0.501,0.567
KDM6B,ENSG00000132510,0.9309,1.0668020174203873e-11,6.078197014789613e-11,0.6307,0.3308,0.429,0.211
DNAJA2,ENSG00000069345,0.8558,1.0729951305422557e-11,6.10887581857328e-11,0.6488,0.3585,0.456,0.241
ID4,ENSG00000172201,-1.5461,1.1329243665153736e-11,6.445213545951542e-11,0.1815,0.5302,0.132,0.321
CNPY3,ENSG00000137161,1.2661,1.1525678359687958e-11,6.552031603268813e-11,0.482,0.2003,0.348,0.141
GCHFR,ENSG00000137880,-1.0283,1.1809533494167766e-11,6.708347785596802e-11,0.3224,0.6577,0.229,0.402
PLEKHJ1,ENSG00000104886,0.8871,1.2134754794034069e-11,6.88790927640326e-11,0.6299,0.3405,0.442,0.229
ILF3,ENSG00000129351,0.656,1.2748690749678994e-11,7.23095785389075e-11,0.8208,0.5208,0.561,0.335
FIBP,ENSG00000172500,0.9169,1.279521500628851e-11,7.251901678357818e-11,0.6049,0.3203,0.431,0.22
CENPX,ENSG00000169689,-0.7022,1.2944132635475879e-11,7.33080375270017e-11,0.5007,0.8147,0.364,0.49
BLOC1S2,ENSG00000196072,1.0872,1.3132544058944256e-11,7.431937855080438e-11,0.5278,0.2484,0.383,0.174
SERTAD1,ENSG00000197019,0.7771,1.3392511281066484e-11,7.573384934764766e-11,0.7378,0.4305,0.493,0.272
TSPAN4,ENSG00000214063,-0.7884,1.3412833574267871e-11,7.579204012983827e-11,0.4453,0.7692,0.318,0.464
SPTLC1,ENSG00000090054,1.4248,1.3470407377195531e-11,7.606048410666087e-11,0.4363,0.1624,0.318,0.107
UBAC2,ENSG00000134882,1.087,1.3705209844649091e-11,7.732849916080947e-11,0.5131,0.2415,0.372,0.161
RNF149,ENSG00000163162,0.9019,1.3824633326825512e-11,7.794410804788563e-11,0.6143,0.3287,0.434,0.219
TIMM23,ENSG00000265354,1.1863,1.4051106069989221e-11,7.916189885068499e-11,0.4811,0.2114,0.356,0.144
C5orf24,ENSG00000181904,0.7633,1.4656855472811667e-11,8.251307235252768e-11,0.6935,0.4085,0.499,0.272
SMC4,ENSG00000113810,-1.5074,1.4699062748973794e-11,8.268906855435369e-11,0.1814,0.5159,0.132,0.323
AFDN,ENSG00000130396,0.6688,1.4893852993940787e-11,8.372251441162398e-11,0.8161,0.5133,0.539,0.317
SF3B5,ENSG00000169976,-0.293,1.5017162250320664e-11,8.43529076588644e-11,0.9052,1.1091,0.612,0.616
ABI1,ENSG00000136754,1.1272,1.6381840897057627e-11,9.195008022085466e-11,0.525,0.2403,0.369,0.165
BNIP2,ENSG00000140299,1.0442,1.7319329951650352e-11,9.713996865977609e-11,0.542,0.2628,0.388,0.18
RAB18,ENSG00000099246,0.7406,1.7349396128955167e-11,9.723641524796461e-11,0.7125,0.4264,0.501,0.284
CLIC4,ENSG00000169504,0.8197,1.749323960759996e-11,9.79699223390791e-11,0.6684,0.3786,0.461,0.248
SUN2,ENSG00000100242,1.4621,1.8010357878952658e-11,1.0079129909295358e-10,0.4536,0.1646,0.318,0.116
CD276,ENSG00000103855,1.7136,1.8243896129617845e-11,1.0202267598761126e-10,0.4025,0.1226,0.291,0.087
PGRMC1,ENSG00000101856,0.5804,1.8464399933155603e-11,1.0317939459688654e-10,0.9865,0.6597,0.65,0.413
GAMT,ENSG00000130005,2.8355,1.934367806095561e-11,1.0801292516668118e-10,0.3125,0.0437,0.235,0.03
HSDL2,ENSG00000119471,-1.1101,2.0272292473024613e-11,1.1311460091115284e-10,0.2831,0.6111,0.21,0.382
UFC1,ENSG00000143222,0.5331,2.0396088986052613e-11,1.1372136700341512e-10,1.1072,0.7651,0.706,0.467
NENF,ENSG00000117691,0.5881,2.061103138346181e-11,1.1483506054723746e-10,0.9558,0.6358,0.628,0.397
POLD4,ENSG00000175482,0.7613,2.0755556756411697e-11,1.15555070961452e-10,0.7387,0.4358,0.509,0.262
TMEM160,ENSG00000130748,0.6743,2.127005043282621e-11,1.1833227615611342e-10,0.7956,0.4985,0.539,0.323
MIR4435-2HG,ENSG00000172965,1.6421,2.1988427050749388e-11,1.222388273498246e-10,0.3902,0.125,0.28,0.07
ARSA,ENSG00000100299,1.4119,2.2565792565256864e-11,1.2535629619890853e-10,0.4323,0.1624,0.321,0.114
SMAD3,ENSG00000166949,1.5992,2.3614532337864408e-11,1.3108581323480206e-10,0.4145,0.1368,0.296,0.092
FUCA2,ENSG00000001036,0.9591,2.366412516065079e-11,1.3126465902255267e-10,0.571,0.2937,0.41,0.204
WNT7A,ENSG00000154764,6.5092,2.37395948692814e-11,1.3158667588952383e-10,0.2836,0.003,0.205,0.002
CHMP5,ENSG00000086065,0.6104,2.416026606793442e-11,1.3382024204050187e-10,0.8896,0.5827,0.596,0.372
LTA4H,ENSG00000111144,-0.4401,2.4575350054817432e-11,1.3601961147556462e-10,0.7493,1.0166,0.507,0.582
NOTCH2,ENSG00000134250,1.4588,2.4716489937823418e-11,1.3670064530033375e-10,0.445,0.1618,0.313,0.11
CELSR1,ENSG00000075275,1.3488,2.54265682110183e-11,1.4052503499213112e-10,0.4523,0.1775,0.323,0.118
MEX3A,ENSG00000254726,6.2307,2.6534729467389378e-11,1.4654231076471255e-10,0.2814,0.0036,0.205,0.003
RBFOX2,ENSG00000100320,1.0198,2.7977962569167957e-11,1.5439993222064566e-10,0.5467,0.2696,0.38,0.174
TOMM5,ENSG00000175768,0.6233,2.822129311427102e-11,1.556291018089909e-10,0.9091,0.5902,0.609,0.354
NUDT16,ENSG00000198585,-0.9452,2.8310961884072973e-11,1.5600971337284558e-10,0.3527,0.6792,0.264,0.412
GPR87,ENSG00000138271,8.8169,2.8358546422831804e-11,1.5615803077587046e-10,0.2916,0.0005,0.202,0.0
MYO5B,ENSG00000167306,1.4751,2.9255841138346695e-11,1.6098170415164552e-10,0.4076,0.1465,0.302,0.096
COL17A1,ENSG00000065618,5.8831,2.928094624205537e-11,1.610025828666145e-10,0.3082,0.0051,0.205,0.003
TEN1,ENSG00000257949,2.2093,2.9876466849108137e-11,1.6415760512364506e-10,0.3273,0.0707,0.251,0.045
BUB3,ENSG00000154473,0.9187,3.0007050263612805e-11,1.6475527960871712e-10,0.5748,0.304,0.42,0.211
AIG1,ENSG00000146416,0.9029,3.0113490324053464e-11,1.6521962193044585e-10,0.6088,0.3255,0.423,0.215
RBM38,ENSG00000132819,2.8322,3.019440676628536e-11,1.655433549486835e-10,0.3196,0.0448,0.235,0.034
ACADL,ENSG00000115361,-1.5287,3.047134471791517e-11,1.6694054339655484e-10,0.1826,0.5269,0.135,0.32
TFPI2,ENSG00000105825,4.1153,3.0572560977514474e-11,1.6737369433704483e-10,0.31,0.0178,0.213,0.011
HP1BP3,ENSG00000127483,0.5756,3.0877037922246907e-11,1.6891819080563026e-10,0.9666,0.6486,0.636,0.401
TBRG1,ENSG00000154144,0.7805,3.124493305382634e-11,1.7080714126024457e-10,0.6764,0.3938,0.477,0.26
ST13,ENSG00000100380,-0.1597,3.256060568441936e-11,1.7787084305552295e-10,1.106,1.2355,0.709,0.672
YPEL5,ENSG00000119801,0.5928,3.270144322886735e-11,1.7851112976451794e-10,0.9423,0.6248,0.612,0.388
SPTBN1,ENSG00000115306,0.502,3.319167738516674e-11,1.8105640624183013e-10,1.2487,0.8817,0.768,0.511
XIST,ENSG00000229807,-1.6496,3.570369036244315e-11,1.9461860078517893e-10,0.1837,0.5765,0.113,0.3
MDH1,ENSG00000014641,0.624,3.580592710449988e-11,1.9503516890735153e-10,0.8683,0.5633,0.588,0.358
CHIC2,ENSG00000109220,1.3458,3.608353340562591e-11,1.9640568795353296e-10,0.4269,0.1679,0.321,0.114
JOSD2,ENSG00000161677,0.9226,3.8253647539127923e-11,2.0806789572218249e-10,0.5844,0.3083,0.418,0.207
ENY2,ENSG00000120533,0.5079,4.100734548878933e-11,2.228852483221607e-10,1.1828,0.8318,0.752,0.501
CXXC5,ENSG00000171604,1.4412,4.213206811060193e-11,2.2883377036347778e-10,0.4229,0.1557,0.313,0.111
DECR1,ENSG00000104325,0.7316,4.2923460497084734e-11,2.329646149823816e-10,0.7076,0.4261,0.499,0.279
UBE2Q2,ENSG00000140367,2.4767,4.3176634245839696e-11,2.341704750375584e-10,0.3284,0.0589,0.243,0.042
CLMN,ENSG00000165959,3.6435,4.338471678138405e-11,2.3513022617170476e-10,0.2883,0.023,0.216,0.015
PHACTR1,ENSG00000112137,-2.1302,4.3595392386705546e-11,2.3610264478964904e-10,0.1031,0.4518,0.078,0.27
IFT22,ENSG00000128581,1.1063,4.371484204927054e-11,2.365799653884233e-10,0.5223,0.2426,0.369,0.168
BAG5,ENSG00000166170,1.2011,4.47200336818204e-11,2.4184671042673806e-10,0.4878,0.2121,0.35,0.15
SPTLC2,ENSG00000100596,1.5899,4.571910958460533e-11,2.470728704661611e-10,0.4117,0.1367,0.296,0.096
PEG10,ENSG00000242265,-0.9879,4.8631621026013004e-11,2.626246582212497e-10,0.3805,0.7548,0.251,0.405
BRD3,ENSG00000169925,1.4404,4.891588279914126e-11,2.6397106753393733e-10,0.4333,0.1596,0.313,0.113
MTUS1,ENSG00000129422,-0.4762,4.9259869809338354e-11,2.656376277013214e-10,0.7494,1.0426,0.504,0.575
TFCP2L1,ENSG00000115112,-1.6569,4.962634777764608e-11,2.6742300817411994e-10,0.1519,0.4793,0.108,0.298
DAAM1,ENSG00000100592,1.0687,4.971609176716258e-11,2.677156616542504e-10,0.5275,0.2514,0.369,0.165
GALNT2,ENSG00000143641,0.808,4.984457294027608e-11,2.6821634513090157e-10,0.6499,0.3711,0.447,0.239
MAML2,ENSG00000184384,1.3244,5.1281370063316817e-11,2.7575142407712353e-10,0.4367,0.1743,0.307,0.099
PCBD1,ENSG00000166228,-0.1931,5.1983279074965735e-11,2.7932693699243677e-10,1.0547,1.2059,0.679,0.655
COL7A1,ENSG00000114270,8.9118,5.2102133638774825e-11,2.797666095529096e-10,0.3021,0.0005,0.199,0.0
CNN2,ENSG00000064666,0.5594,5.2421667403851067e-11,2.812824554233628e-10,1.018,0.6908,0.65,0.423
TNFRSF14,ENSG00000157873,1.2958,5.317015167746461e-11,2.8509616460130955e-10,0.4468,0.1819,0.329,0.126
MRPL37,ENSG00000116221,0.8394,5.43435077468857e-11,2.9118099363668187e-10,0.6145,0.3434,0.445,0.23
MSANTD3,ENSG00000066697,2.2744,5.4612138550871035e-11,2.9241297431029814e-10,0.349,0.0721,0.251,0.052
LAMC1,ENSG00000135862,1.0028,5.6063485520527576e-11,2.9997141154928176e-10,0.5323,0.2656,0.377,0.171
ALS2CL,ENSG00000178038,2.0285,5.824405061306462e-11,3.114181191661028e-10,0.3519,0.0862,0.259,0.059
ACTN4,ENSG00000130402,0.4822,5.970852735844347e-11,3.190225772228008e-10,1.2366,0.8852,0.76,0.52
CDC42,ENSG00000070831,0.4884,6.123371967345795e-11,3.267095707153777e-10,1.3356,0.952,0.814,0.552
CAVIN1,ENSG00000177469,0.7403,6.119327644847861e-11,3.267095707153777e-10,0.7614,0.4558,0.488,0.292
COPB2,ENSG00000184432,0.7007,6.256933731142683e-11,3.336001011911289e-10,0.7268,0.4471,0.515,0.295
PSMC1,ENSG00000100764,0.6957,6.299541925875954e-11,3.356349735542513e-10,0.7522,0.4644,0.518,0.303
COL4A3,ENSG00000169031,1.6041,6.514965456609366e-11,3.468679635284268e-10,0.4291,0.1411,0.288,0.088
PSMD7,ENSG00000103035,0.652,6.665170771354526e-11,3.5461524772946087e-10,0.8,0.5091,0.553,0.331
CSNK2A1,ENSG00000101266,0.9223,6.724767792613165e-11,3.575342763771461e-10,0.5652,0.2982,0.41,0.202
LAPTM4B,ENSG00000104341,0.6289,6.879449110945396e-11,3.655009706975561e-10,0.8446,0.5461,0.569,0.351
IGF2BP2,ENSG00000073792,2.0173,7.046885192465033e-11,3.7413364461752165e-10,0.3549,0.0876,0.259,0.059
HES2,ENSG00000069812,6.5239,7.335647054902676e-11,3.8919110603784913e-10,0.2739,0.0029,0.199,0.002
SRP19,ENSG00000153037,0.7509,7.370322984950759e-11,3.9075642211440685e-10,0.6907,0.4104,0.488,0.268
RPS27L,ENSG00000185088,0.4141,7.38974664030834e-11,3.9151147172180587e-10,1.7522,1.315,0.941,0.685
NPTN,ENSG00000156642,0.7935,7.423315899650513e-11,3.9301437716790206e-10,0.661,0.3813,0.456,0.252
TDG,ENSG00000139372,1.1147,7.458124450073171e-11,3.945807438396555e-10,0.4876,0.2251,0.358,0.156
NDUFAF8,ENSG00000224877,0.6316,7.47996079487257e-11,3.9545908891016274e-10,0.8435,0.5444,0.563,0.347
HMGA1,ENSG00000137309,0.7158,7.657196588714008e-11,4.045462952988415e-10,0.7551,0.4597,0.507,0.297
FOXJ1,ENSG00000129654,3.184,7.71361386763873e-11,4.071658850528258e-10,0.3155,0.0346,0.221,0.024
NEURL1B,ENSG00000214357,6.4928,7.717558536011205e-11,4.071658850528258e-10,0.2795,0.003,0.199,0.002
IVNS1ABP,ENSG00000116679,1.196,7.849418076478536e-11,4.138335908429542e-10,0.4787,0.2089,0.345,0.148
ZNFX1,ENSG00000124201,1.8462,7.872948803201765e-11,4.1478471553827993e-10,0.3632,0.1009,0.27,0.071
ELF1,ENSG00000120690,0.7071,8.010325749865195e-11,4.217282999319272e-10,0.7152,0.4381,0.493,0.282
TMEM30A,ENSG00000112697,0.5718,8.301222836896423e-11,4.367391262726496e-10,0.95,0.6391,0.623,0.402
RASGRP1,ENSG00000172575,2.5361,8.368679403159477e-11,4.39981718099303e-10,0.3227,0.0555,0.235,0.036
SSB,ENSG00000138385,0.6185,8.748425950230491e-11,4.596269683865881e-10,0.8541,0.5563,0.58,0.355
GLRX3,ENSG00000108010,0.7593,9.0935768303145e-11,4.774285820224186e-10,0.6824,0.4031,0.474,0.267
SMOC1,ENSG00000198732,8.8494,9.27701240330334e-11,4.867210326871995e-10,0.2943,0.0005,0.197,0.0
MBNL2,ENSG00000139793,0.8772,9.651995264044282e-11,5.060431937533279e-10,0.5784,0.3148,0.407,0.198
PRDX3,ENSG00000165672,0.557,1.0177562849081605e-10,5.332280674397471e-10,1.0081,0.6852,0.668,0.424
EGLN2,ENSG00000269858,-1.4227,1.0297560827978911e-10,5.391411784849665e-10,0.1828,0.4904,0.146,0.322
FPGS,ENSG00000136877,0.8599,1.0345871256706364e-10,5.41295410972414e-10,0.6023,0.3318,0.429,0.223
GLMP,ENSG00000198715,1.011,1.0734964643056378e-10,5.612640683618749e-10,0.5306,0.2633,0.38,0.177
OSTC,ENSG00000198856,0.5189,1.1031939310511353e-10,5.763921264931762e-10,1.1601,0.8096,0.733,0.483
UBXN4,ENSG00000144224,0.4909,1.1100490535816599e-10,5.795729509197955e-10,1.2342,0.8782,0.768,0.521
CCT4,ENSG00000115484,0.5875,1.1193350977434184e-10,5.840177253764866e-10,0.9137,0.608,0.604,0.386
SMARCC2,ENSG00000139613,1.2221,1.1303330254088963e-10,5.893489307773783e-10,0.4706,0.2016,0.337,0.14
RNF181,ENSG00000168894,0.5062,1.2025236895036388e-10,6.265563085655167e-10,1.1652,0.8204,0.744,0.49
SH3BP4,ENSG00000130147,3.2428,1.2263620030065087e-10,6.385365218962215e-10,0.2993,0.0315,0.218,0.024
VPS25,ENSG00000131475,0.8403,1.2371789971670798e-10,6.437250222863146e-10,0.6104,0.3409,0.437,0.23
PXN,ENSG00000089159,1.1778,1.2419266816591894e-10,6.457505904979473e-10,0.484,0.2139,0.345,0.149
DAG1,ENSG00000173402,1.1391,1.2521991078057474e-10,6.505492783164139e-10,0.4851,0.2202,0.35,0.153
LANCL1-AS1,ENSG00000234281,-5.2361,1.2528778291864754e-10,6.505492783164139e-10,0.0089,0.3379,0.008,0.202
ACADVL,ENSG00000072778,0.5042,1.266345058405501e-10,6.570904475448873e-10,1.1574,0.816,0.736,0.488
SERPINE1,ENSG00000106366,5.4881,1.2673516307415997e-10,6.571613980955928e-10,0.3291,0.0072,0.199,0.005
ATXN7L3B,ENSG00000253719,0.9687,1.3301579686265327e-10,6.892553808623769e-10,0.5597,0.2859,0.396,0.196
ACTA2,ENSG00000107796,3.2928,1.3415784827474163e-10,6.946967400381583e-10,0.2898,0.0295,0.216,0.021
MRPS24,ENSG00000062582,0.7814,1.3456006852069692e-10,6.963022723793597e-10,0.7031,0.409,0.477,0.237
PLOD2,ENSG00000152952,1.5712,1.3494886600937158e-10,6.978361962360043e-10,0.4132,0.139,0.291,0.097
FAM50A,ENSG00000071859,0.6556,1.355341216571715e-10,7.003832346921551e-10,0.7743,0.4915,0.542,0.318
MPC1,ENSG00000060762,-0.767,1.3571018155989998e-10,7.008136853622996e-10,0.4281,0.7287,0.315,0.446
ENAH,ENSG00000154380,1.004,1.3607278469656787e-10,7.022062079115916e-10,0.5606,0.2794,0.38,0.185
PPP2CA,ENSG00000113575,0.7032,1.3644125397260286e-10,7.036270810669042e-10,0.7224,0.4437,0.501,0.292
BAG1,ENSG00000107262,0.5476,1.4333579459963244e-10,7.38677986494013e-10,1.0108,0.6916,0.663,0.429
HSPB1,ENSG00000106211,0.4331,1.435941329060014e-10,7.395048903236814e-10,1.8257,1.3522,0.96,0.683
OS9,ENSG00000135506,0.5981,1.5196881596216154e-10,7.821010930477727e-10,0.8643,0.5709,0.582,0.364
TP53BP1,ENSG00000067369,1.7057,1.5231902457412776e-10,7.833697962270492e-10,0.3808,0.1167,0.275,0.079
C1GALT1C1,ENSG00000171155,1.4022,1.533909356442434e-10,7.883459311511965e-10,0.4222,0.1597,0.307,0.11
CASP6,ENSG00000138794,1.6167,1.55260820907935e-10,7.974136655060835e-10,0.3658,0.1192,0.283,0.087
COMMD1,ENSG00000173163,0.7121,1.5651601600721203e-10,8.033141990044067e-10,0.6982,0.4261,0.488,0.276
RNASEK,ENSG00000219200,0.6586,1.6165412151879473e-10,8.291221236079391e-10,0.9748,0.6175,0.615,0.338
RNF121,ENSG00000137522,1.8964,1.67473016591145e-10,8.583844235726597e-10,0.3486,0.0936,0.261,0.067
RBMS1,ENSG00000153250,0.5928,1.7610971749848066e-10,9.020399428481501e-10,0.846,0.5609,0.569,0.348
DUSP10,ENSG00000143507,2.8795,1.783327990452178e-10,9.128077891508268e-10,0.3096,0.042,0.224,0.031
SMIM15,ENSG00000188725,0.8253,1.7871664188280248e-10,9.141531681953776e-10,0.5936,0.3349,0.437,0.231
KIAA0232,ENSG00000170871,1.2287,1.7955107263287014e-10,9.177999687018497e-10,0.4826,0.2059,0.332,0.138
RCAN1,ENSG00000159200,1.4378,1.7968622192497413e-10,9.178697813679374e-10,0.4456,0.1644,0.302,0.108
MMP2,ENSG00000087245,4.986,1.802859359082396e-10,9.203109768829392e-10,0.2923,0.0091,0.199,0.006
MTPN,ENSG00000105887,0.7548,1.8075157326672237e-10,9.2193802051107e-10,0.6639,0.3934,0.472,0.265
LY6D,ENSG00000167656,7.6937,1.8084872884148323e-10,9.2193802051107e-10,0.2828,0.0013,0.194,0.001
SH3YL1,ENSG00000035115,-0.5397,1.819533975148098e-10,9.269439772248065e-10,0.6147,0.8936,0.437,0.523
SF3A2,ENSG00000104897,1.1548,1.8225343938486095e-10,9.278468561675366e-10,0.4736,0.2126,0.345,0.146
HMGCR,ENSG00000113161,-1.3367,1.833205275839053e-10,9.326508995935383e-10,0.2088,0.5276,0.156,0.33
TOP6BL,ENSG00000173715,3.5448,1.8438051402022365e-10,9.374123710785932e-10,0.2876,0.0245,0.21,0.017
SPOCD1,ENSG00000134668,5.8144,1.8557932656359398e-10,9.42872772150607e-10,0.2743,0.0048,0.197,0.004
TMEM92,ENSG00000167105,1.0223,1.8685262951581847e-10,9.487040430053821e-10,0.5456,0.2686,0.377,0.182
CACUL1,ENSG00000151893,1.1065,1.8885631417723103e-10,9.58233346950289e-10,0.5016,0.2329,0.356,0.163
PSMA5,ENSG00000143106,0.6341,1.9579770006499394e-10,9.927863248261942e-10,0.8105,0.5222,0.553,0.338
UBE2Z,ENSG00000159202,1.2862,2.0201133332762127e-10,1.0236053811470011e-09,0.4492,0.1841,0.323,0.13
ATP6V1D,ENSG00000100554,0.6923,2.026475337555713e-10,1.0261408294392368e-09,0.7284,0.4508,0.501,0.298
PACS1,ENSG00000175115,2.7661,2.0503611615860346e-10,1.037540427045043e-09,0.3036,0.0445,0.224,0.03
GABARAPL1,ENSG00000139112,0.8656,2.0636595925137112e-10,1.0435708314217596e-09,0.5976,0.3279,0.42,0.221
C6orf132,ENSG00000188112,1.5664,2.2251186836044561e-10,1.1244663314134893e-09,0.3966,0.1338,0.288,0.096
ABCC1,ENSG00000103222,2.8656,2.2278175814214502e-10,1.125077662275338e-09,0.2909,0.0398,0.221,0.028
TRAPPC5,ENSG00000181029,0.8702,2.343854386976469e-10,1.1828871004413643e-09,0.6104,0.3339,0.42,0.201
CKAP4,ENSG00000136026,0.8959,2.353807290014631e-10,1.187117094530076e-09,0.5902,0.3171,0.412,0.217
NECAP2,ENSG00000157191,1.4963,2.362875902721512e-10,1.1908957601775198e-09,0.4071,0.1442,0.296,0.105
LMBRD1,ENSG00000168216,0.8299,2.365401012365091e-10,1.1913736432278842e-09,0.6222,0.35,0.429,0.228
SLC25A29,ENSG00000197119,1.5917,2.447436765446381e-10,1.2318710701497274e-09,0.3797,0.1259,0.28,0.085
CAMTA1,ENSG00000171735,0.5279,2.478712819759005e-10,1.2467826466896992e-09,1.0043,0.6965,0.658,0.427
NSD3,ENSG00000147548,0.719,2.6712214540249874e-10,1.342719766144962e-09,0.6819,0.4142,0.477,0.272
SF1,ENSG00000168066,0.5155,2.7368623470012484e-10,1.3748002015687788e-09,1.0267,0.7182,0.658,0.442
MLXIP,ENSG00000175727,1.0399,2.782087321255108e-10,1.3965893496400226e-09,0.5205,0.2531,0.364,0.171
INPP1,ENSG00000151689,1.7242,2.788706222143687e-10,1.3989824374698245e-09,0.3565,0.1078,0.27,0.076
SLC44A2,ENSG00000129353,0.9565,2.7998050087692136e-10,1.4036182376411021e-09,0.5516,0.2842,0.388,0.192
NUP58,ENSG00000139496,-0.8934,2.934842157606921e-10,1.4703403515066506e-09,0.3768,0.7,0.278,0.415
CREB3,ENSG00000107175,1.0647,3.046008792337966e-10,1.5250229573302408e-09,0.5029,0.2404,0.364,0.171
LIFR,ENSG00000113594,-2.7301,3.048597213523019e-10,1.5253080760375105e-09,0.054,0.3592,0.043,0.23
TMEM141,ENSG00000244187,-0.5026,3.0520517830822287e-10,1.5260258915411142e-09,0.6345,0.899,0.45,0.527
NDUFB8,ENSG00000166136,-1.0026,3.074817436940972e-10,1.5363919137625031e-09,0.314,0.6293,0.24,0.385
CCM2,ENSG00000136280,1.5697,3.122614039496802e-10,1.5592431638068962e-09,0.3777,0.1272,0.283,0.091
CD58,ENSG00000116815,1.3849,3.2116404340858327e-10,1.6026382747370188e-09,0.4078,0.1561,0.302,0.107
MPG,ENSG00000103152,0.6573,3.2320246039442456e-10,1.6117456028250017e-09,0.7486,0.4746,0.523,0.312
MYO6,ENSG00000196586,0.4962,3.268318848519853e-10,1.6287697163962724e-09,1.0482,0.7431,0.671,0.44
SLC39A1,ENSG00000143570,0.7408,3.616575106992496e-10,1.8011354603380558e-09,0.661,0.3955,0.469,0.268
PRMT2,ENSG00000160310,0.6696,3.629217353724938e-10,1.8062409161654747e-09,0.7321,0.4602,0.512,0.297
MAD2L2,ENSG00000116670,1.5473,3.635362448310858e-10,1.808108182816888e-09,0.401,0.1372,0.288,0.1
GNAQ,ENSG00000156052,-0.8121,3.670635679160227e-10,1.8244508260562839e-09,0.4334,0.761,0.315,0.442
MFHAS1,ENSG00000147324,1.0612,3.7445605698034966e-10,1.859970749826786e-09,0.4828,0.2313,0.348,0.151
DAP,ENSG00000112977,0.6137,3.7588305844689487e-10,1.865832133092175e-09,0.8194,0.5354,0.558,0.343
DPYD,ENSG00000188641,-1.6643,3.907368393993634e-10,1.938290756180033e-09,0.1648,0.5225,0.129,0.301
PEA15,ENSG00000162734,1.0715,3.9908521809338567e-10,1.978404739301528e-09,0.5113,0.2432,0.358,0.167
SH3GLB1,ENSG00000097033,0.6455,4.019300649545205e-10,1.991201075889444e-09,0.7636,0.4881,0.528,0.317
HSF1,ENSG00000185122,0.9752,4.063201773761074e-10,2.011631022330597e-09,0.5194,0.2641,0.377,0.183
FAIM,ENSG00000158234,1.0715,4.081667610305062e-10,2.0194498229112474e-09,0.4762,0.2265,0.353,0.156
SNRNP70,ENSG00000104852,0.5693,4.2629497666205216e-10,2.107760830289139e-09,0.8715,0.5873,0.588,0.369
LAMTOR2,ENSG00000116586,0.5494,4.2844064641132956e-10,2.116984358167165e-09,0.9454,0.646,0.628,0.405
PLSCR3,ENSG00000187838,3.5958,4.3634762176889156e-10,2.154644629061422e-09,0.2697,0.0222,0.205,0.015
RABIF,ENSG00000183155,1.2946,4.398062163277886e-10,2.170304352943464e-09,0.434,0.1769,0.315,0.125
HLA-A,ENSG00000206503,0.4099,4.4271657117531035e-10,2.1832400099409073e-09,1.9195,1.4447,0.989,0.727
NELFE,ENSG00000204356,0.885,4.598195051096552e-10,2.2661033014373418e-09,0.5597,0.303,0.404,0.209
CRACDL,ENSG00000196872,3.2325,4.6146619023661e-10,2.2727360281861725e-09,0.291,0.0309,0.21,0.021
RC3H1,ENSG00000135870,1.076,4.633945981063258e-10,2.280746702731786e-09,0.4936,0.2341,0.348,0.154
SYNE1,ENSG00000131018,-0.5451,4.727742289749229e-10,2.3253966796260043e-09,0.6792,0.9911,0.464,0.536
UBA3,ENSG00000144744,1.1025,4.746822412690013e-10,2.333262415606574e-09,0.5041,0.2347,0.35,0.161
MAPK6,ENSG00000069956,1.2194,4.773995222995987e-10,2.345093232102385e-09,0.4623,0.1985,0.326,0.136
EPN1,ENSG00000063245,0.7021,4.812258657005701e-10,2.3623530964053328e-09,0.6941,0.4266,0.485,0.283
GALNT7,ENSG00000109586,1.093,4.868681746687062e-10,2.3884993893649843e-09,0.4928,0.231,0.345,0.153
FDFT1,ENSG00000079459,-0.3291,4.889001126714885e-10,2.396279203095131e-09,0.8483,1.0657,0.577,0.596
GRAMD2B,ENSG00000155324,1.8594,4.890883562108129e-10,2.396279203095131e-09,0.3462,0.0953,0.253,0.062
CHP1,ENSG00000187446,-0.474,4.964158149697891e-10,2.4306036824995182e-09,0.6939,0.9639,0.477,0.553
CKLF,ENSG00000217555,1.1373,5.034100538726306e-10,2.463253210497231e-09,0.4705,0.2138,0.34,0.147
CITED2,ENSG00000164442,-0.3911,5.234912142644412e-10,2.5598550962898724e-09,0.8138,1.0673,0.528,0.57
GPR160,ENSG00000173890,-1.154,5.296535771065441e-10,2.5883135672962097e-09,0.2489,0.5539,0.186,0.351
AQP4,ENSG00000171885,-0.6954,5.351200219862035e-10,2.6133366296740582e-09,0.4899,0.7934,0.34,0.467
PRRC2A,ENSG00000204469,0.9394,5.4721082349074e-10,2.6706574751114605e-09,0.5372,0.2801,0.385,0.191
HOOK3,ENSG00000168172,0.6774,5.5455413260655e-10,2.7047491748498935e-09,0.7018,0.4388,0.488,0.278
CLDN2,ENSG00000165376,5.8349,5.627389231286024e-10,2.7428984285397362e-09,0.2882,0.005,0.191,0.004
TNKS1BP1,ENSG00000149115,0.827,5.656116289591418e-10,2.7551230540208357e-09,0.6099,0.3438,0.423,0.228
BCL7C,ENSG00000099385,1.0368,5.714000338860868e-10,2.7815252938204804e-09,0.4885,0.238,0.358,0.165
MRPL47,ENSG00000136522,0.777,5.829882207689096e-10,2.8361081828133366e-09,0.6185,0.3609,0.445,0.246
PLK3,ENSG00000173846,1.3338,5.899357654464548e-10,2.8680596576241738e-09,0.4451,0.1765,0.31,0.123
RBM3,ENSG00000102317,-0.1559,6.118200907598921e-10,2.9725406981935595e-09,1.0729,1.1954,0.687,0.641
EPHA4,ENSG00000116106,1.537,6.188872437379448e-10,3.0049441686633505e-09,0.3983,0.1372,0.28,0.091
GTF3C6,ENSG00000155115,0.5712,6.195336475128857e-10,3.006150743069911e-09,0.86,0.5788,0.585,0.371
TMEM134,ENSG00000172663,0.6346,6.288277254468864e-10,3.0492897726259477e-09,0.7566,0.4873,0.528,0.314
ARPP19,ENSG00000128989,0.5986,6.320731092983003e-10,3.0630611550664907e-09,0.8193,0.541,0.563,0.347
FBLN1,ENSG00000077942,3.7115,6.359979919625212e-10,3.080105659792851e-09,0.2976,0.0226,0.202,0.015
COMTD1,ENSG00000165644,0.9323,6.398131598845951e-10,3.0965973241051347e-09,0.5193,0.2721,0.38,0.181
GADD45G,ENSG00000130222,-1.3123,6.49358747023607e-10,3.1407844646372287e-09,0.2184,0.5426,0.162,0.325
MAN2B1,ENSG00000104774,1.6831,6.521179582032626e-10,3.1521120756402105e-09,0.371,0.1155,0.267,0.076
ESYT1,ENSG00000139641,1.9508,6.551845159054368e-10,3.1649098578424394e-09,0.3547,0.0917,0.253,0.068
CTTNBP2NL,ENSG00000143079,1.7567,6.579221524957577e-10,3.1761034262654628e-09,0.3711,0.1097,0.264,0.078
EIF4E2,ENSG00000135930,0.6012,6.60257915552796e-10,3.1853439029382974e-09,0.8115,0.5349,0.561,0.343
COPS8,ENSG00000198612,0.9755,6.669199319595479e-10,3.215430814265721e-09,0.5186,0.2637,0.375,0.183
ARHGDIA,ENSG00000141522,0.5361,6.6944958915079e-10,3.2255686518075373e-09,0.9611,0.6628,0.636,0.413
TAOK3,ENSG00000135090,-0.87,6.78648235927742e-10,3.2678058779057304e-09,0.379,0.6927,0.272,0.419
APEX1,ENSG00000100823,0.5538,6.80772085297103e-10,3.2759446524965692e-09,0.9128,0.6218,0.612,0.394
POLR3H,ENSG00000100413,-1.4254,6.824284497840186e-10,3.281824912869676e-09,0.178,0.4782,0.135,0.307
SUGT1,ENSG00000165416,0.8774,7.125781226076173e-10,3.424635951845133e-09,0.5761,0.3136,0.407,0.213
TUBB2B,ENSG00000137285,6.6999,7.175370611178119e-10,3.446276221706973e-09,0.2912,0.0027,0.189,0.002
CHST3,ENSG00000122863,6.5465,7.344214758805096e-10,3.525129765106258e-09,0.269,0.0028,0.189,0.002
SRA1,ENSG00000213523,0.6818,7.544315794071079e-10,3.6188765602671113e-09,0.7104,0.4428,0.491,0.291
PABPN1,ENSG00000100836,0.5965,7.971894481617295e-10,3.821552208668697e-09,0.821,0.5429,0.555,0.341
PRAG1,ENSG00000275342,2.806,7.979065578700276e-10,3.822564391064083e-09,0.2977,0.0425,0.216,0.029
TPM2,ENSG00000198467,3.313,8.002276766231336e-10,3.831254814250808e-09,0.3148,0.0316,0.208,0.022
KPNB1,ENSG00000108424,0.6385,8.052793833703835e-10,3.85299920288996e-09,0.7565,0.4859,0.523,0.316
HBEGF,ENSG00000113070,1.3074,8.085153689273323e-10,3.866033931801263e-09,0.4734,0.1912,0.31,0.123
UBE2A,ENSG00000077721,0.7141,8.156454161707069e-10,3.8976604169321254e-09,0.6568,0.4003,0.472,0.269
GSDME,ENSG00000105928,5.1005,8.265412848536651e-10,3.94723097792e-09,0.2628,0.0076,0.191,0.005
COMT,ENSG00000093010,0.4887,8.39287673544843e-10,4.005570671908584e-09,1.3451,0.9586,0.825,0.552
GPS1,ENSG00000169727,0.9304,8.501097518735372e-10,4.05465857033117e-09,0.5299,0.278,0.383,0.192
SNRPB,ENSG00000125835,0.5309,8.510495427011301e-10,4.0565799969129575e-09,1.0249,0.7093,0.677,0.437
ZMIZ2,ENSG00000122515,1.5003,8.664639180307413e-10,4.127449496041772e-09,0.3949,0.1395,0.283,0.095
SLC25A4,ENSG00000151729,-0.448,8.716221921766298e-10,4.149404953934744e-09,0.6784,0.9255,0.48,0.537
EPHB4,ENSG00000196411,1.4804,8.926795685608258e-10,4.246973640098891e-09,0.4107,0.1471,0.288,0.103
PPL,ENSG00000118898,1.0945,8.943434848887373e-10,4.2522121009027125e-09,0.4774,0.2235,0.34,0.15
UBAP1,ENSG00000165006,0.8375,9.023662575514023e-10,4.287658538239525e-09,0.5517,0.3087,0.399,0.199
PPME1,ENSG00000214517,1.4155,9.118410806586602e-10,4.329955603001998e-09,0.3819,0.1431,0.288,0.099
BLOC1S1,ENSG00000135441,-0.9036,9.29352136328791e-10,4.410336300228653e-09,0.3514,0.6574,0.256,0.398
RIPK4,ENSG00000183421,2.8583,9.389414359845258e-10,4.4530461700333285e-09,0.3013,0.0415,0.216,0.031
COL4A1,ENSG00000187498,4.1014,9.401063869149735e-10,4.455773998207418e-09,0.2969,0.0172,0.197,0.011
SPSB3,ENSG00000162032,0.8784,9.471257493563415e-10,4.486228862938658e-09,0.5657,0.3077,0.399,0.205
ZDHHC9,ENSG00000188706,0.7362,9.55050749285512e-10,4.52093258825316e-09,0.6415,0.385,0.453,0.249
EIF3L,ENSG00000100129,-0.2083,9.921348387405385e-10,4.693537073691152e-09,0.9884,1.142,0.647,0.632
SUPT5H,ENSG00000196235,0.8153,9.965465776596336e-10,4.711457693503462e-09,0.5853,0.3326,0.418,0.222
STEAP4,ENSG00000127954,-0.6662,9.990172556362016e-10,4.720184719406819e-09,0.548,0.8696,0.364,0.476
TMEM179B,ENSG00000185475,0.504,1.0385847044764397e-09,4.904067151449688e-09,1.073,0.7565,0.695,0.46
STIP1,ENSG00000168439,0.851,1.079530483294271e-09,5.094224110735926e-09,0.5529,0.3065,0.404,0.208
SCN1A,ENSG00000144285,-4.3335,1.082833171310313e-09,5.106619606273043e-09,0.0159,0.3235,0.011,0.195
EDNRB,ENSG00000136160,-4.1152,1.096707003239046e-09,5.168821839969428e-09,0.0169,0.2942,0.013,0.197
MRPS23,ENSG00000181610,0.6456,1.0999099634611464e-09,5.180685644606584e-09,0.7336,0.4689,0.507,0.308
RNF44,ENSG00000146083,1.8421,1.1021385552321376e-09,5.187948152510156e-09,0.3561,0.0992,0.256,0.072
C18orf32,ENSG00000177576,0.6582,1.1038791551390418e-09,5.189674559474462e-09,0.7539,0.4777,0.52,0.294
ANAPC15,ENSG00000110200,0.8705,1.1032355779578199e-09,5.189674559474462e-09,0.5592,0.3058,0.399,0.207
SGPP2,ENSG00000163082,0.94,1.1280665799892786e-09,5.300088937698383e-09,0.4875,0.2541,0.353,0.157
ARID4B,ENSG00000054267,0.6823,1.1539561060751372e-09,5.418358223367099e-09,0.6787,0.4229,0.472,0.271
TBC1D4,ENSG00000136111,-4.1563,1.1725269252161548e-09,5.502137217396304e-09,0.0175,0.3144,0.016,0.199
ARHGAP29,ENSG00000137962,0.9796,1.2039353742044756e-09,5.646015985173689e-09,0.5175,0.2624,0.367,0.176
LDHA,ENSG00000134333,-0.1098,1.2807808981493137e-09,6.002667298708477e-09,1.2189,1.3152,0.739,0.686
SDCCAG8,ENSG00000054282,-0.7291,1.2833660583781878e-09,6.011054290791822e-09,0.4698,0.7789,0.337,0.457
MAPK14,ENSG00000112062,1.3124,1.2994280422334266e-09,6.082514782573443e-09,0.4318,0.1738,0.302,0.118
ARPC1A,ENSG00000241685,-1.0763,1.3486145492174242e-09,6.308843912902564e-09,0.2693,0.5679,0.186,0.355
ANXA1,ENSG00000135046,0.4807,1.380743675515222e-09,6.455147567151919e-09,1.6044,1.1498,0.898,0.603
NCSTN,ENSG00000162736,1.2704,1.4058800892550394e-09,6.568598685418567e-09,0.4136,0.1714,0.307,0.121
BCR,ENSG00000186716,1.5318,1.4274186807857123e-09,6.665110094768886e-09,0.3792,0.1311,0.275,0.09
CMPK1,ENSG00000162368,0.5355,1.45328373688286e-09,6.781691557844352e-09,0.9438,0.6511,0.639,0.411
B3GNT5,ENSG00000176597,1.5256,1.4604800750691634e-09,6.811066029103413e-09,0.3738,0.1298,0.275,0.089
ZMPSTE24,ENSG00000084073,0.9596,1.5294292499237262e-09,7.1282159057210065e-09,0.5152,0.2649,0.369,0.181
DKK1,ENSG00000107984,4.5202,1.5816931906011418e-09,7.367257740438734e-09,0.2922,0.0126,0.191,0.008
LRRFIP2,ENSG00000093167,0.6768,1.5852458570769834e-09,7.379255976720031e-09,0.6935,0.4338,0.474,0.28
CNPPD1,ENSG00000115649,0.9981,1.5992626704211458e-09,7.435341215404158e-09,0.482,0.2413,0.356,0.166
VEZF1,ENSG00000136451,0.7928,1.5989909357306081e-09,7.435341215404158e-09,0.6191,0.3573,0.429,0.242
HABP2,ENSG00000148702,5.9015,1.6089111265071234e-09,7.475598745855669e-09,0.2647,0.0043,0.186,0.003
DCAF12,ENSG00000198876,1.1263,1.6175717753109448e-09,7.511219890887639e-09,0.4598,0.2106,0.332,0.146
SH3D19,ENSG00000109686,1.3016,1.6720863513494805e-09,7.759589916735457e-09,0.3896,0.158,0.291,0.103
ANXA4,ENSG00000196975,0.4728,1.6996648373444845e-09,7.88273041506297e-09,1.3216,0.9523,0.806,0.546
RCC2,ENSG00000179051,1.8105,1.7813394778737969e-09,8.256453837629777e-09,0.3439,0.098,0.253,0.071
TPD52L2,ENSG00000101150,0.9897,1.826441963116729e-09,8.460312097698889e-09,0.4881,0.2457,0.358,0.172
EDEM2,ENSG00000088298,1.4668,1.8513507500046091e-09,8.570438061449033e-09,0.3873,0.1401,0.283,0.1
DCLK1,ENSG00000133083,5.5073,1.9240403718186998e-09,8.901485002504763e-09,0.2518,0.0054,0.186,0.004
METRNL,ENSG00000176845,1.8453,1.943792822282351e-09,8.987365221752241e-09,0.3877,0.1078,0.253,0.074
KCNK1,ENSG00000135750,0.9571,2.0354946985488798e-09,9.405603943447575e-09,0.5076,0.2614,0.358,0.173
TIPRL,ENSG00000143155,1.035,2.0790491069367824e-09,9.600987776838258e-09,0.4813,0.2348,0.35,0.166
RBM4,ENSG00000173933,0.8541,2.0832642766508033e-09,9.614576426448881e-09,0.5552,0.3071,0.394,0.198
BEND7,ENSG00000165626,2.0506,2.0881220146982193e-09,9.631112222860225e-09,0.3277,0.079,0.237,0.055
NECAB3,ENSG00000125967,-1.4944,2.091366635360572e-09,9.634313981798246e-09,0.159,0.4482,0.116,0.289
SMPDL3B,ENSG00000130768,1.1246,2.091366635360572e-09,9.634313981798246e-09,0.4444,0.2037,0.329,0.142
COL12A1,ENSG00000111799,2.98,2.0932027234182497e-09,9.636896145901814e-09,0.2929,0.037,0.208,0.026
ETS1,ENSG00000134954,2.1546,2.127957461066438e-09,9.790937039194239e-09,0.3238,0.0727,0.232,0.05
ID1,ENSG00000125968,-0.3375,2.1609408715061004e-09,9.936645334283985e-09,0.8912,1.1261,0.558,0.578
PRRC2C,ENSG00000117523,0.4911,2.2151559483503433e-09,1.0179746465807083e-08,1.0936,0.778,0.701,0.463
TOR1A,ENSG00000136827,1.321,2.230061070634483e-09,1.0242013002214906e-08,0.3846,0.1539,0.296,0.112
SP100,ENSG00000067066,0.7972,2.2383419624067846e-09,1.0273799225992259e-08,0.567,0.3263,0.412,0.216
GLT8D1,ENSG00000016864,1.5503,2.3124392866569085e-09,1.0604945088604689e-08,0.3806,0.1299,0.275,0.095
CTBP2,ENSG00000175029,1.0299,2.313295765191334e-09,1.0604945088604689e-08,0.4619,0.2262,0.34,0.153
SYNCRIP,ENSG00000135316,0.5631,2.428125377626395e-09,1.1124613237093642e-08,0.8327,0.5636,0.563,0.36
PPP1R12A,ENSG00000058272,0.8541,2.4351561933715595e-09,1.1150063661164928e-08,0.557,0.3081,0.391,0.203
ATP6AP1,ENSG00000071553,0.6282,2.471106995737314e-09,1.1307821534097763e-08,0.7451,0.482,0.512,0.316
BUD23,ENSG00000071462,0.5888,2.505216917081172e-09,1.1456969617765288e-08,0.7862,0.5227,0.553,0.34
RHPN2,ENSG00000131941,3.0328,2.566532876001453e-09,1.1730281837986073e-08,0.2762,0.0337,0.205,0.024
CYTOR,ENSG00000222041,2.933,2.609445295344605e-09,1.1919201454853983e-08,0.2978,0.0389,0.208,0.027
CUX1,ENSG00000257923,0.5552,2.643993744033264e-09,1.2069711623064235e-08,0.7927,0.5395,0.542,0.329
HDAC7,ENSG00000061273,1.0426,2.7427853535494907e-09,1.2513130039895172e-08,0.4641,0.2253,0.34,0.152
TIGAR,ENSG00000078237,1.9852,2.7719840979788973e-09,1.2638708425003362e-08,0.3175,0.0801,0.237,0.056
TRBC2,ENSG00000211772,5.072,2.7835243382274258e-09,1.2683670913937395e-08,0.29,0.0085,0.186,0.006
CAPNS1,ENSG00000126247,0.5224,2.8110731586816804e-09,1.2801481442941587e-08,0.9347,0.6508,0.617,0.408
SPSB2,ENSG00000111671,-2.1648,2.8591100736375277e-09,1.3012395545982846e-08,0.0801,0.3594,0.062,0.237
SLC25A36,ENSG00000114120,-0.7786,2.873310851017848e-09,1.3069153208573054e-08,0.4086,0.701,0.299,0.427
ALKBH7,ENSG00000125652,-0.3264,2.9965223810606442e-09,1.362137580560359e-08,0.825,1.0345,0.555,0.59
BAG3,ENSG00000151929,0.758,3.0065583863679468e-09,1.3658778478057629e-08,0.6089,0.36,0.431,0.236
HRAS,ENSG00000174775,1.2823,3.0489662825491622e-09,1.3843113139819063e-08,0.4129,0.1697,0.302,0.121
KATNBL1,ENSG00000134152,0.9014,3.0563119629301755e-09,1.3868130258220706e-08,0.5135,0.2749,0.375,0.189
RRAGA,ENSG00000155876,0.6619,3.077629746103607e-09,1.39564782303798e-08,0.6963,0.4401,0.488,0.293
ETV6,ENSG00000139083,1.1763,3.084012046254644e-09,1.3977031199432414e-08,0.417,0.1844,0.302,0.115
DHCR7,ENSG00000172893,-1.1988,3.1299911021454495e-09,1.4176908139513712e-08,0.2232,0.5125,0.173,0.328
LRRC42,ENSG00000116212,1.5648,3.147496720538211e-09,1.4247655915917426e-08,0.3496,0.1181,0.267,0.086
ARL4A,ENSG00000122644,0.9779,3.2502090224455668e-09,1.4703789918907937e-08,0.4946,0.2511,0.358,0.173
S100A9,ENSG00000163220,-1.0586,3.3013499579908612e-09,1.492621121042547e-08,0.2979,0.6206,0.194,0.352
PSMD6,ENSG00000163636,0.735,3.340998614733604e-09,1.5096438118607882e-08,0.6185,0.3716,0.442,0.248
ZNF431,ENSG00000196705,1.8904,3.3832526161674836e-09,1.5278226847068343e-08,0.3381,0.0911,0.243,0.063
CLDN4,ENSG00000189143,0.4112,3.4096268069152694e-09,1.538813054136491e-08,1.6986,1.2773,0.925,0.67
LCN2,ENSG00000148346,0.7842,3.4299100887364568e-09,1.5470430280838168e-08,0.6561,0.381,0.418,0.215
COBLL1,ENSG00000082438,-0.7221,3.435170907172149e-09,1.5484914202676365e-08,0.4677,0.7715,0.332,0.452
UBE2L6,ENSG00000156587,0.9739,3.4731425587295e-09,1.5646745397257823e-08,0.5022,0.2556,0.358,0.174
TSPO,ENSG00000100300,0.4305,3.522647860822019e-09,1.586031262724097e-08,1.4356,1.0652,0.846,0.601
MAZ,ENSG00000103495,0.9322,3.529104416168488e-09,1.5879918918494894e-08,0.5035,0.2638,0.369,0.182
GPC4,ENSG00000076716,0.7524,3.6882998597515124e-09,1.658637228596588e-08,0.6097,0.3619,0.423,0.236
ETS2,ENSG00000157557,-0.4696,3.6999698350073625e-09,1.662895425549115e-08,0.6889,0.9539,0.458,0.535
PPFIBP1,ENSG00000110841,1.8004,3.765738598070935e-09,1.6914479850431577e-08,0.3372,0.0967,0.248,0.069
HK2,ENSG00000159399,-2.4098,3.770121647775378e-09,1.692410519842126e-08,0.063,0.3349,0.046,0.223
AP1M2,ENSG00000129354,0.6372,3.800184627928217e-09,1.7048928066506935e-08,0.7191,0.4623,0.501,0.303
ANKRD36C,ENSG00000174501,2.4797,3.819933051025171e-09,1.7127355608602473e-08,0.3077,0.0551,0.216,0.037
ADAM15,ENSG00000143537,1.1006,3.876559696657446e-09,1.7370942175709966e-08,0.4573,0.2132,0.329,0.149
CHL1,ENSG00000134121,6.1734,3.907059215729469e-09,1.7497233180104413e-08,0.2518,0.0034,0.181,0.002
PSENEN,ENSG00000205155,0.6541,4.024193896494913e-09,1.8011128488162954e-08,0.7021,0.4462,0.482,0.289
SNX33,ENSG00000173548,1.9334,4.1099858618320234e-09,1.838421739854407e-08,0.3325,0.087,0.24,0.062
SH3BGRL,ENSG00000131171,0.5664,4.137330493085536e-09,1.849445099909105e-08,0.8106,0.5474,0.558,0.351
DGKH,ENSG00000102780,2.6913,4.139525696818393e-09,1.849445099909105e-08,0.2889,0.0446,0.208,0.028
FHDC1,ENSG00000137460,-1.2929,4.272766827785994e-09,1.9078459446763112e-08,0.2068,0.5069,0.154,0.313
PSMD13,ENSG00000185627,0.7279,4.302304590831964e-09,1.919900247119639e-08,0.6059,0.3658,0.439,0.25
QDPR,ENSG00000151552,-1.0167,4.324588232274021e-09,1.9287050823394467e-08,0.277,0.5605,0.208,0.36
RAPH1,ENSG00000173166,1.0767,4.360244921611557e-09,1.9434601995737648e-08,0.441,0.209,0.321,0.136
KIF1B,ENSG00000054523,1.0321,4.376151833377571e-09,1.9494001828518603e-08,0.4678,0.2287,0.332,0.148
RIC8A,ENSG00000177963,1.1976,4.38427157723728e-09,1.9518663385991544e-08,0.431,0.1878,0.313,0.134
EFHC1,ENSG00000096093,1.9352,4.40784348074004e-09,1.9612047995872203e-08,0.3548,0.0927,0.24,0.062
RASEF,ENSG00000165105,0.6244,4.424212167211621e-09,1.9673291891279457e-08,0.7275,0.4719,0.493,0.29
TNKS2,ENSG00000107854,0.8385,4.457127195717002e-09,1.9807997625671733e-08,0.5353,0.2993,0.388,0.198
RASD1,ENSG00000108551,0.8165,4.508885401718604e-09,2.0026237042906556e-08,0.6174,0.3505,0.404,0.212
CARD19,ENSG00000165233,1.0529,4.5194863779036155e-09,2.006152737077662e-08,0.4644,0.2238,0.337,0.157
HAGLR,ENSG00000224189,-2.5326,4.530261432119304e-09,2.0097548514187516e-08,0.0567,0.3285,0.046,0.22
PPP1R18,ENSG00000146112,3.7668,4.582088255848095e-09,2.0315538012284247e-08,0.264,0.0193,0.191,0.014
BAZ1A,ENSG00000198604,0.6185,4.637249922749653e-09,2.0548048777931746e-08,0.7218,0.4701,0.499,0.288
ATP11A,ENSG00000068650,-0.5631,4.683917496247185e-09,2.0742670975467458e-08,0.6185,0.9138,0.431,0.513
CNKSR1,ENSG00000142675,1.2509,4.756269056378171e-09,2.1050739731070346e-08,0.4224,0.1774,0.302,0.122
CCDC57,ENSG00000176155,-0.9075,5.044381110250667e-09,2.2312821597156787e-08,0.3332,0.6252,0.243,0.387
TICAM1,ENSG00000127666,2.1221,5.059540891104352e-09,2.236678258179835e-08,0.3151,0.0723,0.229,0.052
PTGR1,ENSG00000106853,0.815,5.139902232332776e-09,2.2708749336417615e-08,0.5667,0.3221,0.402,0.217
PRKDC,ENSG00000253729,0.7218,5.158400451220056e-09,2.2777156872570146e-08,0.6208,0.3764,0.437,0.248
SCAMP3,ENSG00000116521,0.7131,5.216690290402086e-09,2.3021083612142384e-08,0.6223,0.3796,0.445,0.25
SEC13,ENSG00000157020,0.5591,5.2522134857215895e-09,2.3164315752846824e-08,0.8545,0.5799,0.58,0.365
NRIP1,ENSG00000180530,1.0905,5.3482138930098305e-09,2.3573953303202608e-08,0.4589,0.2154,0.321,0.14
UBALD1,ENSG00000153443,1.0823,5.381949898027963e-09,2.3708823020175664e-08,0.4528,0.2138,0.329,0.147
GOLGB1,ENSG00000173230,0.5113,5.4620734610237605e-09,2.404776515036976e-08,0.9988,0.7007,0.655,0.421
DNTTIP2,ENSG00000067334,0.9033,5.506100440680705e-09,2.4227483301888598e-08,0.5208,0.2784,0.372,0.192
WBP1L,ENSG00000166272,1.5695,5.5705900171422874e-09,2.4496977636501737e-08,0.3554,0.1197,0.261,0.084
LLGL2,ENSG00000073350,0.6856,5.700282006673622e-09,2.5052722839103677e-08,0.6605,0.4106,0.456,0.267
TOX,ENSG00000198846,-2.7577,5.712285059289327e-09,2.5090880013331896e-08,0.0544,0.3683,0.04,0.214
TPRA1,ENSG00000163870,1.2014,5.752599094054043e-09,2.5253274930609118e-08,0.4012,0.1744,0.305,0.123
PIN4,ENSG00000102309,0.6904,5.9131450895019776e-09,2.5942979762594333e-08,0.6501,0.4028,0.456,0.266
SMS,ENSG00000102172,0.654,5.929865668128804e-09,2.600123918903837e-08,0.6977,0.4434,0.477,0.292
TMEM167A,ENSG00000174695,0.5899,5.971084500743904e-09,2.6166788516891064e-08,0.7703,0.5117,0.534,0.33
EXOC7,ENSG00000182473,1.1161,6.074856370206694e-09,2.6606110073571927e-08,0.4429,0.2043,0.321,0.142
STRAP,ENSG00000023734,0.5626,6.0952203002030936e-09,2.6679831615315395e-08,0.8239,0.5578,0.566,0.36
PFKFB2,ENSG00000123836,-1.4231,6.113243604537955e-09,2.6743228391594816e-08,0.1694,0.4544,0.127,0.291
MAFF,ENSG00000185022,1.0087,6.3269690915628606e-09,2.7662182573354982e-08,0.495,0.2459,0.342,0.161
TMEM164,ENSG00000157600,-1.3119,6.387592534515901e-09,2.7911082474417367e-08,0.2042,0.5071,0.151,0.312
GLRX5,ENSG00000182512,0.7548,6.520140513378809e-09,2.847379281998665e-08,0.5775,0.3422,0.42,0.235
TMC7,ENSG00000170537,2.4523,6.532536039029994e-09,2.8511444121820684e-08,0.2876,0.0525,0.213,0.036
SLC46A2,ENSG00000119457,-4.2927,6.675431357346298e-09,2.9118293247546928e-08,0.0151,0.2988,0.011,0.186
SUPT4H1,ENSG00000213246,0.6983,6.733568899162509e-09,2.935494116166922e-08,0.6292,0.3877,0.45,0.261
SIVA1,ENSG00000184990,-0.2533,6.823596338435292e-09,2.973025970984927e-08,0.9247,1.1021,0.62,0.62
ALDH1A1,ENSG00000165092,-1.3781,6.834317044033911e-09,2.9759807070706745e-08,0.1772,0.4607,0.129,0.294
UBE2V1,ENSG00000244687,0.8778,6.919316971163415e-09,3.011258048222327e-08,0.5373,0.2924,0.375,0.182
ARRDC1,ENSG00000197070,0.6806,6.963111999099584e-09,3.028572893102899e-08,0.6591,0.4112,0.464,0.269
TMX1,ENSG00000139921,0.8573,7.08500081997288e-09,3.0798147983253804e-08,0.5254,0.29,0.383,0.198
SMARCE1,ENSG00000073584,0.7334,7.09125367902215e-09,3.0807602958603994e-08,0.6045,0.3635,0.431,0.243
NME1,ENSG00000239672,0.7788,7.190857973992806e-09,3.122237470891704e-08,0.5862,0.3416,0.412,0.217
PSMD9,ENSG00000110801,0.8117,7.3830726739922494e-09,3.203854913958153e-08,0.5463,0.3112,0.396,0.206
DNAJC15,ENSG00000120675,0.4455,7.47665263567041e-09,3.242601071325485e-08,1.1688,0.8583,0.73,0.51
SCCPDH,ENSG00000143653,1.1703,7.566448614221591e-09,3.2796626093198e-08,0.4267,0.1895,0.31,0.132
TADA3,ENSG00000171148,0.8908,7.605536276276895e-09,3.2947148261050424e-08,0.5191,0.2799,0.375,0.196
FBXW5,ENSG00000159069,0.6715,7.61968565926177e-09,3.298952730986973e-08,0.6645,0.4171,0.469,0.279
CLNS1A,ENSG00000074201,0.674,7.805718892799678e-09,3.3775604945648093e-08,0.6534,0.4095,0.464,0.271
GLB1,ENSG00000170266,0.9056,7.895495988118872e-09,3.414451756739444e-08,0.4896,0.2613,0.364,0.178
HM13,ENSG00000101294,0.4998,7.918934933570806e-09,3.4226289143665583e-08,1.0109,0.7148,0.663,0.432
PAPPA,ENSG00000182752,4.8345,8.14832031823181e-09,3.519757576000076e-08,0.2635,0.0091,0.181,0.006
OSBPL3,ENSG00000070882,1.2776,8.393436523400251e-09,3.623566453387937e-08,0.3753,0.1547,0.275,0.094
LUZP1,ENSG00000169641,2.1194,8.442159936144863e-09,3.6425196069431436e-08,0.3059,0.0703,0.226,0.052
FHL3,ENSG00000183386,2.6271,8.567958922310212e-09,3.694687765870642e-08,0.272,0.0439,0.208,0.033
HMG20B,ENSG00000064961,0.8619,8.95202882311089e-09,3.858104835060056e-08,0.5221,0.2872,0.38,0.199
CKS2,ENSG00000123975,-0.7778,9.095235223618308e-09,3.917588489990668e-08,0.416,0.7132,0.296,0.418
GPN1,ENSG00000198522,1.8225,9.424035768297117e-09,4.0568997281757675e-08,0.3296,0.0931,0.243,0.069
EVPL,ENSG00000167880,1.3666,9.570543101334294e-09,4.1176226156367077e-08,0.398,0.1543,0.28,0.105
RSPRY1,ENSG00000159579,1.1898,9.622154801460126e-09,4.1374717999448636e-08,0.3979,0.1744,0.299,0.122
LOXL1,ENSG00000129038,5.4613,9.739114555173576e-09,4.185381710144276e-08,0.2503,0.0056,0.178,0.004
ZNF24,ENSG00000172466,0.7528,9.800173928734876e-09,4.209227631130869e-08,0.6026,0.3576,0.426,0.243
PPP4R2,ENSG00000163605,0.7687,9.81859597839185e-09,4.2147438986790016e-08,0.565,0.3316,0.41,0.223
RHOG,ENSG00000177105,1.0076,9.853626846989092e-09,4.227379377001851e-08,0.4556,0.2265,0.337,0.158
SPTBN2,ENSG00000173898,5.3225,9.882698723255906e-09,4.237445451430101e-08,0.2464,0.0061,0.178,0.004
GOPC,ENSG00000047932,0.9616,9.931765839739431e-09,4.256068685152093e-08,0.4941,0.2537,0.35,0.175
ELOVL1,ENSG00000066322,0.6396,1.001439511271707e-08,4.2890450723683364e-08,0.6915,0.4438,0.482,0.287
MRPL23,ENSG00000214026,-1.3414,1.0284254928996274e-08,4.402127251476875e-08,0.1856,0.4704,0.143,0.299
MRPL13,ENSG00000172172,0.7123,1.0387179706422634e-08,4.443666063534711e-08,0.6095,0.372,0.437,0.249
KRTCAP2,ENSG00000163463,0.4495,1.0578937151688832e-08,4.523139229259147e-08,1.5043,1.1016,0.887,0.607
GET4,ENSG00000239857,1.6877,1.0585091549922763e-08,4.523210783917787e-08,0.3362,0.1043,0.245,0.069
ID2,ENSG00000115738,-1.6217,1.0789453388613394e-08,4.607932184905268e-08,0.1419,0.4369,0.1,0.265
SNHG9,ENSG00000255198,-1.3321,1.1004038662119689e-08,4.696921587136398e-08,0.1927,0.4852,0.154,0.305
TIMM17A,ENSG00000134375,0.7632,1.1155630399200774e-08,4.758937756406654e-08,0.561,0.3305,0.41,0.224
CD2BP2,ENSG00000169217,0.8912,1.1252855498503958e-08,4.7977044746725394e-08,0.5299,0.2857,0.372,0.2
PPHLN1,ENSG00000134283,0.8954,1.1262659502607972e-08,4.799176116311519e-08,0.5008,0.2692,0.364,0.186
CUEDC2,ENSG00000107874,0.7913,1.1648179362219787e-08,4.960653612264402e-08,0.5747,0.3321,0.404,0.225
SPATA20,ENSG00000006282,1.9852,1.1702727784870048e-08,4.979234331340068e-08,0.2943,0.0742,0.226,0.052
MX2,ENSG00000183486,5.144,1.1704990301072085e-08,4.979234331340068e-08,0.2523,0.007,0.178,0.005
NPC1,ENSG00000141458,-1.0383,1.1749572931102213e-08,4.9953868032907835e-08,0.2837,0.5828,0.205,0.353
SEMA4A,ENSG00000196189,-1.6027,1.1782169265457323e-08,5.006427941537125e-08,0.1362,0.4138,0.097,0.265
HSBP1,ENSG00000230989,0.4216,1.1874366086006692e-08,5.042767609880863e-08,1.3357,0.9972,0.809,0.576
TFDP2,ENSG00000114126,1.1313,1.1896183659795917e-08,5.0491948061661884e-08,0.4104,0.1873,0.305,0.127
TCN2,ENSG00000185339,1.4221,1.1964566780497633e-08,5.075367884708569e-08,0.3823,0.1426,0.275,0.102
RAB5IF,ENSG00000101084,0.5607,1.2064362373927533e-08,5.1148292780596245e-08,0.816,0.5532,0.558,0.351
RAP1A,ENSG00000116473,-0.5357,1.214618801714179e-08,5.146632107095133e-08,0.5704,0.8269,0.407,0.497
CLDN7,ENSG00000181885,0.4247,1.219868213282691e-08,5.165977775420813e-08,1.6028,1.194,0.903,0.645
CRYZ,ENSG00000116791,0.9368,1.2380568430602936e-08,5.240066918386845e-08,0.4907,0.2563,0.353,0.174
TMEM87A,ENSG00000103978,-0.3109,1.2561856950398471e-08,5.313820227338211e-08,0.8745,1.0848,0.577,0.607
KLC1,ENSG00000126214,1.0164,1.2664860697061507e-08,5.3543940999608106e-08,0.472,0.2333,0.332,0.157
SNRPC,ENSG00000124562,0.5269,1.322072432334764e-08,5.586273616492809e-08,0.8669,0.6016,0.588,0.38
BCL7A,ENSG00000110987,1.3058,1.3303751789876022e-08,5.618213793880008e-08,0.3847,0.1555,0.283,0.108
CCDC69,ENSG00000198624,-1.3068,1.3428166153952618e-08,5.667586329224136e-08,0.1862,0.4607,0.137,0.298
TTC1,ENSG00000113312,0.7288,1.3580698693474462e-08,5.72876485925179e-08,0.5746,0.3467,0.42,0.234
SLC12A4,ENSG00000124067,1.7538,1.3752104627798658e-08,5.797832057088106e-08,0.3331,0.0987,0.243,0.07
ACTR2,ENSG00000138071,0.5953,1.4100340359708583e-08,5.941331367406489e-08,0.7317,0.4843,0.507,0.319
DPP3,ENSG00000254986,1.4299,1.4572405423123688e-08,6.136818448812679e-08,0.3625,0.1345,0.27,0.097
KGD4,ENSG00000134056,-0.2987,1.4656627163091976e-08,6.16884781154094e-08,0.8374,1.0301,0.571,0.587
RSF1,ENSG00000048649,0.5859,1.4766349948096066e-08,6.211568700326603e-08,0.7637,0.5088,0.515,0.323
KLF10,ENSG00000155090,0.7773,1.519674206901851e-08,6.389058783051465e-08,0.5839,0.3406,0.404,0.221
SLC38A10,ENSG00000157637,0.8716,1.5472269541740188e-08,6.501278998211742e-08,0.5139,0.2808,0.367,0.188
PCBP4,ENSG00000090097,2.2592,1.5670322443846893e-08,6.580125368898394e-08,0.2871,0.0599,0.216,0.044
DGUOK,ENSG00000114956,0.5893,1.567733377103522e-08,6.580125368898394e-08,0.741,0.4925,0.515,0.32
VASN,ENSG00000168140,1.7226,1.625029685093224e-08,6.816823581831931e-08,0.3278,0.0993,0.243,0.071
PLPP5,ENSG00000147535,0.7116,1.652852719928277e-08,6.929690510021161e-08,0.6275,0.3832,0.434,0.251
DDB1,ENSG00000167986,0.7472,1.6576051536439153e-08,6.945011699028252e-08,0.5852,0.3486,0.418,0.236
RNPS1,ENSG00000205937,0.5248,1.658345612845396e-08,6.945011699028252e-08,0.8507,0.5912,0.574,0.376
SLC39A10,ENSG00000196950,1.554,1.67942358853521e-08,7.029387928744327e-08,0.3441,0.1171,0.253,0.08
SEZ6L2,ENSG00000174938,0.7687,1.688551826197947e-08,7.063681642815886e-08,0.5765,0.3383,0.404,0.221
ZDHHC1,ENSG00000159714,1.5597,1.698594392015672e-08,7.101760172483897e-08,0.3593,0.1218,0.256,0.084
SLC2A1,ENSG00000117394,4.8133,1.7060284070160374e-08,7.128896357857391e-08,0.2523,0.0089,0.178,0.007
CCDC186,ENSG00000165813,0.6076,1.707279546932447e-08,7.130180750179456e-08,0.7172,0.4707,0.499,0.305
SMYD2,ENSG00000143499,1.4516,1.7520815792942167e-08,7.313246592026412e-08,0.3557,0.13,0.264,0.091
PUM1,ENSG00000134644,0.6274,1.7620980118164398e-08,7.350994190653342e-08,0.6748,0.4368,0.466,0.28
PSMC3,ENSG00000165916,0.5964,1.772903703879775e-08,7.387913669504523e-08,0.7415,0.4904,0.504,0.319
DUSP4,ENSG00000120875,4.6908,1.772113618769471e-08,7.387913669504523e-08,0.2539,0.0097,0.178,0.007
EIF2AK4,ENSG00000128829,0.7818,1.8115785285309214e-08,7.544914985143941e-08,0.5626,0.3272,0.396,0.219
NEBL,ENSG00000078114,-1.1332,1.8616967357391404e-08,7.749376770528489e-08,0.2573,0.5645,0.191,0.337
ENSA,ENSG00000143420,-0.2004,1.8652514311256208e-08,7.759897886648714e-08,1.004,1.1537,0.652,0.639
MOSPD3,ENSG00000106330,1.3645,1.8824657412208913e-08,7.827203453452852e-08,0.3779,0.1467,0.275,0.103
ARMCX3,ENSG00000102401,0.7882,1.9087890223258413e-08,7.932288813900842e-08,0.56,0.3243,0.399,0.222
PHF14,ENSG00000106443,0.7638,1.9378066395946313e-08,8.048449237018934e-08,0.5652,0.3328,0.399,0.22
PSMC6,ENSG00000100519,0.6423,1.9457608802654312e-08,8.077045851871062e-08,0.6572,0.421,0.466,0.279
IKBIP,ENSG00000166130,1.8027,1.96775200183614e-08,8.163847541939614e-08,0.3266,0.0936,0.237,0.067
EEIG1,ENSG00000167106,1.7192,1.9806599658468922e-08,8.212890253552837e-08,0.3515,0.1067,0.245,0.077
SEMA4B,ENSG00000185033,1.0222,2.007741822067568e-08,8.320619564300865e-08,0.466,0.2294,0.321,0.147
SH3PXD2B,ENSG00000174705,4.4745,2.0389296143543613e-08,8.445237519982017e-08,0.2461,0.011,0.178,0.008
SPRY4,ENSG00000187678,-2.0175,2.040740699685753e-08,8.448107389658007e-08,0.0934,0.3786,0.073,0.235
SLC3A2,ENSG00000168003,0.56,2.0510547303097573e-08,8.48615470289716e-08,0.8142,0.5522,0.544,0.349
QPCT,ENSG00000115828,4.5249,2.1260295326548434e-08,8.791545221241019e-08,0.2422,0.0104,0.178,0.008
EIF2AK2,ENSG00000055332,0.9607,2.1431313013907555e-08,8.857416292126455e-08,0.4609,0.2367,0.34,0.165
ARHGEF26,ENSG00000114790,1.7039,2.154902196514838e-08,8.901195240387972e-08,0.3401,0.1043,0.243,0.073
PLCD1,ENSG00000187091,2.5825,2.1600930445819477e-08,8.917761175856074e-08,0.2635,0.0439,0.202,0.032
MYD88,ENSG00000172936,2.0629,2.176220603026997e-08,8.979435639469668e-08,0.29,0.0693,0.221,0.051
MAP1S,ENSG00000130479,1.6485,2.183740668015277e-08,9.005546259200554e-08,0.3275,0.1044,0.245,0.074
ELAVL1,ENSG00000066044,0.6878,2.186645035173239e-08,9.012604059320141e-08,0.6197,0.3847,0.439,0.258
IRF2BPL,ENSG00000119669,1.2735,2.1905926746254414e-08,9.023951830313637e-08,0.4002,0.1655,0.286,0.116
NDST1,ENSG00000070614,1.5439,2.3020138376094978e-08,9.477773592991693e-08,0.3625,0.1242,0.256,0.087
BACH1,ENSG00000156273,1.1024,2.3254043673459817e-08,9.568861653212905e-08,0.413,0.1923,0.305,0.13
TMED4,ENSG00000158604,0.5274,2.3671929667278533e-08,9.73551598455576e-08,0.838,0.5814,0.569,0.373
UGDH,ENSG00000109814,0.7748,2.3934156041212383e-08,9.838005924448288e-08,0.5666,0.3311,0.399,0.221
EIF4B,ENSG00000063046,-0.2297,2.461647394003366e-08,1.0112966863347162e-07,0.9136,1.0713,0.612,0.603
AP2A1,ENSG00000196961,1.3137,2.472382722906242e-08,1.0151549712802532e-07,0.3748,0.1507,0.278,0.106
CDK17,ENSG00000059758,1.9346,2.5176837362309458e-08,1.0331939504195978e-07,0.3102,0.0811,0.224,0.054
ME2,ENSG00000082212,1.23,2.5261076887192137e-08,1.0360881426858664e-07,0.3981,0.1697,0.288,0.118
PKN2,ENSG00000065243,0.6435,2.5310475782757012e-08,1.0369162238902573e-07,0.664,0.425,0.456,0.273
DAB2IP,ENSG00000136848,1.6594,2.532244120552647e-08,1.0369162238902573e-07,0.3317,0.1049,0.243,0.072
PKIB,ENSG00000135549,3.3391,2.5315261293274682e-08,1.0369162238902573e-07,0.2699,0.0266,0.186,0.017
TIMM8B,ENSG00000150779,0.4836,2.5733358297365588e-08,1.0531718414766903e-07,0.9663,0.6911,0.631,0.425
AGPAT2,ENSG00000169692,-0.1205,2.5764172904607964e-08,1.0538620806405695e-07,1.1102,1.2069,0.714,0.652
HTATIP2,ENSG00000109854,1.0941,2.5889420181228724e-08,1.058412172452289e-07,0.4422,0.2071,0.315,0.146
GALNT18,ENSG00000110328,1.8595,2.6359818119200244e-08,1.0770601724746232e-07,0.3151,0.0868,0.226,0.056
AFF1,ENSG00000172493,0.9306,2.6655082219786143e-08,1.0885359252458612e-07,0.474,0.2486,0.334,0.159
MRPL50,ENSG00000136897,0.8438,2.710656157797642e-08,1.1063753253463634e-07,0.5046,0.2811,0.369,0.195
TMEM185A,ENSG00000269556,2.6745,2.760794173113529e-08,1.1262311003171011e-07,0.273,0.0427,0.199,0.031
TYMS,ENSG00000176890,2.7172,2.785980633525743e-08,1.1358922658546675e-07,0.2563,0.0389,0.194,0.024
ESD,ENSG00000139684,-0.3584,2.8402331648579608e-08,1.1573873549353773e-07,0.7452,0.9553,0.515,0.557
TAF10,ENSG00000166337,0.6416,2.9245478745773346e-08,1.191102921424893e-07,0.6767,0.4337,0.464,0.278
ARF3,ENSG00000134287,0.618,2.9364998109264035e-08,1.195326296958458e-07,0.701,0.4567,0.482,0.302
ALOX5,ENSG00000012779,3.2641,2.9607317288016663e-08,1.2045410991435965e-07,0.2475,0.0257,0.186,0.017
DERL2,ENSG00000072849,0.8694,2.983660359025576e-08,1.2132160394207875e-07,0.4892,0.2677,0.361,0.184
IER5L,ENSG00000188483,2.1304,3.018849724109947e-08,1.2268644252636176e-07,0.2942,0.0671,0.216,0.047
IMPA2,ENSG00000141401,-1.0064,3.026808413801416e-08,1.229437503562887e-07,0.2658,0.534,0.197,0.343
CD109,ENSG00000156535,6.3375,3.1266549061407496e-08,1.2693110056901323e-07,0.2434,0.0029,0.17,0.002
ZFAND3,ENSG00000156639,0.6039,3.149054007186483e-08,1.2777176704776518e-07,0.5951,0.3915,0.423,0.232
GSTK1,ENSG00000197448,0.4773,3.164271223373041e-08,1.283202849843442e-07,0.9938,0.7138,0.66,0.438
STT3B,ENSG00000163527,0.6865,3.193220821251856e-08,1.2942480313603954e-07,0.6145,0.3818,0.431,0.255
ARHGAP18,ENSG00000146376,1.5571,3.237583205798223e-08,1.3115249930190654e-07,0.3446,0.117,0.251,0.082
NME4,ENSG00000103202,0.6587,3.245085576793964e-08,1.3138596748487887e-07,0.6559,0.4154,0.45,0.269
DHX9,ENSG00000135829,0.6911,3.280286016124333e-08,1.3274001527487594e-07,0.5985,0.3707,0.426,0.246
TRIOBP,ENSG00000100106,0.9489,3.282851115219648e-08,1.3277269901222932e-07,0.4872,0.2523,0.342,0.174
NTM,ENSG00000182667,2.6133,3.3032355444099366e-08,1.3352565295889284e-07,0.3192,0.0521,0.197,0.027
DCBLD1,ENSG00000164465,1.4066,3.3147168324862096e-08,1.3391810518413536e-07,0.3702,0.1396,0.264,0.096
CCT7,ENSG00000135624,0.5658,3.3264447495449906e-08,1.3432009664784823e-07,0.7503,0.5069,0.531,0.33
GOLGA2,ENSG00000167110,0.6477,3.417350007208825e-08,1.3791709030161685e-07,0.6506,0.4153,0.453,0.27
ASCC2,ENSG00000100325,1.0922,3.456195032598059e-08,1.3941032285786616e-07,0.4225,0.1981,0.307,0.138
GALNT1,ENSG00000141429,0.9357,3.4931781362603586e-08,1.4082689871636612e-07,0.4592,0.24,0.337,0.165
SMAGP,ENSG00000170545,-0.8662,3.543123334783499e-08,1.4276424956954312e-07,0.3285,0.5989,0.248,0.376
GTF2A2,ENSG00000140307,0.4769,3.585925033374758e-08,1.444118530231679e-07,0.9689,0.6961,0.647,0.433
REEP5,ENSG00000129625,0.4399,3.655224966331283e-08,1.4712426542691977e-07,1.241,0.9149,0.776,0.538
PELO,ENSG00000152684,1.4874,3.6638926185057506e-08,1.473946151906866e-07,0.3567,0.1271,0.259,0.092
EHD1,ENSG00000110047,1.4583,3.684271260661249e-08,1.4813554749492143e-07,0.3721,0.1353,0.259,0.091
ALDH7A1,ENSG00000164904,1.0542,3.827886526371049e-08,1.5382809950390038e-07,0.4319,0.2079,0.315,0.146
MGST2,ENSG00000085871,0.6138,3.831581348262272e-08,1.538947213509913e-07,0.6775,0.4427,0.474,0.288
P4HTM,ENSG00000178467,0.9139,3.935105732809478e-08,1.5796877689360045e-07,0.4577,0.2429,0.342,0.166
ETHE1,ENSG00000105755,0.636,3.9558384694793624e-08,1.5871672669631748e-07,0.6615,0.4256,0.464,0.274
TM2D3,ENSG00000184277,0.8494,3.9719822449092055e-08,1.5927986125418814e-07,0.4921,0.2731,0.364,0.19
LAD1,ENSG00000159166,0.6901,4.055805725325076e-08,1.625549721741695e-07,0.6174,0.3826,0.431,0.252
CDR2L,ENSG00000109089,3.9164,4.0972127748249743e-08,1.641274788642772e-07,0.228,0.015,0.178,0.012
REC8,ENSG00000100918,2.7931,4.115704606195025e-08,1.647808600943477e-07,0.2654,0.0382,0.194,0.028
PIN1,ENSG00000127445,0.5535,4.1694661282824425e-08,1.6684489724138693e-07,0.7593,0.5173,0.52,0.337
FBXO7,ENSG00000100225,0.7267,4.18736419091907e-08,1.6747240054205175e-07,0.5623,0.3397,0.41,0.232
SEC14L2,ENSG00000100003,2.5901,4.270023470039107e-08,1.7068797521770082e-07,0.2627,0.0435,0.197,0.03
MPZL2,ENSG00000149573,0.4553,4.3389018806673e-08,1.7334957011338685e-07,1.0662,0.7776,0.682,0.469
HLF,ENSG00000108924,-4.3929,4.382564530303301e-08,1.75001453628126e-07,0.0126,0.2659,0.011,0.176
RIPOR1,ENSG00000039523,2.6431,4.462177863978286e-08,1.7808639071503407e-07,0.2771,0.0443,0.197,0.031
CRB3,ENSG00000130545,0.4777,4.732881462539607e-08,1.887904933975012e-07,0.9476,0.6804,0.625,0.423
CAPS,ENSG00000105519,1.735,4.766216033489099e-08,1.9001985294464457e-07,0.3198,0.096,0.229,0.06
TMUB1,ENSG00000164897,0.7239,4.7862963095287105e-08,1.9071977119456441e-07,0.5702,0.3452,0.412,0.234
TSKU,ENSG00000182704,5.1455,4.8115119997780274e-08,1.9162347474076435e-07,0.2213,0.0062,0.17,0.004
EPSTI1,ENSG00000133106,3.2026,4.826703174083601e-08,1.921271995795659e-07,0.2582,0.028,0.186,0.021
DVL3,ENSG00000161202,1.2029,4.832075857054596e-08,1.9223977409187714e-07,0.3906,0.1696,0.286,0.118
FAM135A,ENSG00000082269,0.9471,4.8401457525401826e-08,1.9245947979179516e-07,0.4399,0.2281,0.315,0.14
RUVBL2,ENSG00000183207,0.9745,4.859927200351336e-08,1.9314439767835002e-07,0.471,0.2397,0.332,0.166
CDC42SE1,ENSG00000197622,0.8057,4.873459458436912e-08,1.9358036912981527e-07,0.5349,0.3059,0.38,0.206
ATG101,ENSG00000123395,0.8521,4.891559296241645e-08,1.9419721746245735e-07,0.4985,0.2761,0.364,0.193
TFAP2A,ENSG00000137203,6.4508,5.01219873145042e-08,1.988821502946845e-07,0.2279,0.0025,0.167,0.002
DHX30,ENSG00000132153,0.7377,5.0390336353467317e-08,1.9984199010522078e-07,0.5721,0.343,0.404,0.228
TFAM,ENSG00000108064,0.8657,5.091864915114049e-08,2.018312667034976e-07,0.5015,0.2752,0.361,0.193
MIER1,ENSG00000198160,0.7659,5.1361951194040856e-08,2.0348166820712042e-07,0.5371,0.3158,0.388,0.212
RCE1,ENSG00000173653,1.4276,5.222920335362698e-08,2.068090310988741e-07,0.3347,0.1244,0.256,0.088
ACTR10,ENSG00000131966,0.6086,5.2545717233077314e-08,2.079533230465684e-07,0.6525,0.4279,0.466,0.283
EFNA4,ENSG00000243364,2.1393,5.2838030250375285e-08,2.090006903359085e-07,0.2885,0.0654,0.213,0.048
DDX6,ENSG00000110367,0.7597,5.2926031054569145e-08,2.092392279525222e-07,0.5536,0.3269,0.391,0.219
WDR6,ENSG00000178252,0.7736,5.314174254527353e-08,2.0998214692967656e-07,0.5317,0.311,0.383,0.209
POMGNT1,ENSG00000085998,1.2579,5.33106544737428e-08,2.1053946395667897e-07,0.3847,0.1608,0.28,0.116
MTCH2,ENSG00000109919,0.6014,5.376087420847404e-08,2.1220658549896622e-07,0.6913,0.4556,0.482,0.301
MTG1,ENSG00000148824,1.4325,5.4984626630006284e-08,2.1692368364997256e-07,0.3472,0.1286,0.253,0.085
EIF4E,ENSG00000151247,0.5693,5.6004038630235065e-08,2.208301210080511e-07,0.7295,0.4916,0.501,0.315
NSD1,ENSG00000165671,0.9264,5.640337885213689e-08,2.2228874659775387e-07,0.4755,0.2501,0.334,0.166
STX18,ENSG00000168818,1.5319,5.7085614891778265e-08,2.2486017753252598e-07,0.3331,0.1151,0.248,0.082
ARHGAP21,ENSG00000107863,1.138,5.853346789673263e-08,2.3044312139646434e-07,0.4058,0.1844,0.291,0.124
CANT1,ENSG00000171302,1.4504,5.9133412758701066e-08,2.32683819474993e-07,0.3642,0.1332,0.259,0.095
SH3RF2,ENSG00000156463,3.5673,5.9709976573392e-08,2.348302306152923e-07,0.2407,0.0202,0.178,0.013
CDK5RAP3,ENSG00000108465,0.8776,6.199699702288381e-08,2.436978733131567e-07,0.4988,0.2714,0.353,0.184
TCEA3,ENSG00000204219,-0.8737,6.341942391196336e-08,2.491595151611457e-07,0.3227,0.5913,0.24,0.37
MYRF,ENSG00000124920,4.3447,6.392862036446596e-08,2.5082259267201e-07,0.2457,0.012,0.173,0.009
NUMA1,ENSG00000137497,0.727,6.39305789048732e-08,2.5082259267201e-07,0.5746,0.3471,0.402,0.23
USP14,ENSG00000101557,0.7619,6.394233136813914e-08,2.5082259267201e-07,0.5478,0.323,0.388,0.218
TEAD1,ENSG00000187079,0.6629,6.411101352594156e-08,2.5135376605526126e-07,0.5635,0.3559,0.404,0.22
NEK6,ENSG00000119408,1.573,6.461173511882615e-08,2.531855076881388e-07,0.3085,0.1036,0.24,0.075
FKBP3,ENSG00000100442,0.6978,6.496489019173975e-08,2.544374004139937e-07,0.5922,0.365,0.418,0.245
HLA-DMA,ENSG00000204257,-0.5314,6.506243482457927e-08,2.5468740678740747e-07,0.5724,0.8274,0.394,0.484
ANKRD13A,ENSG00000076513,0.8981,6.528392834497637e-08,2.5542210183650776e-07,0.4766,0.2557,0.342,0.173
TMED10,ENSG00000170348,0.4258,6.584388574016423e-08,2.5747958424789894e-07,1.2557,0.9348,0.782,0.546
USP4,ENSG00000114316,1.0628,6.888663802143786e-08,2.692387740568872e-07,0.4011,0.192,0.299,0.13
CLTC,ENSG00000141367,0.4767,6.958910523724416e-08,2.71843686694612e-07,0.9051,0.6504,0.601,0.403
GSDMD,ENSG00000104518,0.7841,6.978498945000882e-08,2.72468007904298e-07,0.5217,0.3029,0.38,0.208
NRK,ENSG00000123572,7.2598,6.993866259503073e-08,2.7292696069496754e-07,0.2328,0.0014,0.164,0.001
NTAN1,ENSG00000157045,2.4247,7.034576445250809e-08,2.7437390316917843e-07,0.2685,0.0499,0.199,0.036
KPNA4,ENSG00000186432,0.7954,7.102359009653205e-08,2.7687472816269334e-07,0.5437,0.3133,0.375,0.208
MRPL4,ENSG00000105364,0.6086,7.257523008208571e-08,2.8277764995882286e-07,0.6629,0.4347,0.469,0.288
RHOF,ENSG00000139725,1.209,7.290370834771768e-08,2.8391109101392114e-07,0.4055,0.1753,0.283,0.119
SHTN1,ENSG00000187164,0.8745,7.406476053388493e-08,2.882840112485835e-07,0.4938,0.2693,0.348,0.179
PLEKHG3,ENSG00000126822,2.5224,7.413254875511938e-08,2.8839928210346397e-07,0.267,0.0464,0.197,0.034
DPY19L1,ENSG00000173852,1.1583,7.434534120021798e-08,2.890782566997668e-07,0.3934,0.1762,0.283,0.116
HERPUD1,ENSG00000051108,-0.3747,7.872754785320685e-08,3.0596019754679926e-07,0.727,0.9426,0.496,0.535
PFDN1,ENSG00000113068,0.592,8.084655340101468e-08,3.1403378454738607e-07,0.6725,0.4461,0.469,0.291
AP4M1,ENSG00000221838,1.8321,8.105086786748855e-08,3.14665625251221e-07,0.2994,0.084,0.224,0.061
MTHFD1L,ENSG00000120254,2.2401,8.124827064699616e-08,3.1526999729740934e-07,0.2825,0.0597,0.205,0.042
HSP90B1,ENSG00000166598,0.4167,8.179353189431335e-08,3.172228611198857e-07,1.5936,1.1938,0.903,0.641
GORASP2,ENSG00000115806,0.5957,8.3179814482934e-08,3.2243381139998274e-07,0.6811,0.4507,0.48,0.296
LSM7,ENSG00000130332,0.4243,8.405616976192903e-08,3.256637756673712e-07,1.2328,0.9186,0.771,0.536
NDNF,ENSG00000173376,0.8021,8.507826130184878e-08,3.2945477403150564e-07,0.5454,0.3128,0.369,0.198
HEXB,ENSG00000049860,0.6809,8.732806058759269e-08,3.3799359515331083e-07,0.5865,0.3658,0.423,0.247
STAT3,ENSG00000168610,-0.2473,8.752962738619868e-08,3.3860027388772707e-07,0.9132,1.084,0.612,0.604
YTHDF1,ENSG00000149658,1.2374,8.780085934602808e-08,3.3947568698016486e-07,0.3886,0.1648,0.28,0.119
AGAP3,ENSG00000133612,1.0215,8.834844581793495e-08,3.4141816273887393e-07,0.4115,0.2026,0.307,0.139
SLC26A9,ENSG00000174502,-2.541,8.882389868238698e-08,3.4308003811116233e-07,0.0535,0.3117,0.04,0.2
HERC2,ENSG00000128731,0.8593,8.99974784896736e-08,3.4743533469058973e-07,0.4804,0.2647,0.345,0.175
MORF4L2,ENSG00000123562,0.4649,9.058027711438643e-08,3.495066361589324e-07,0.9742,0.7058,0.642,0.433
KCNJ8,ENSG00000121361,-3.563,9.093776957329503e-08,3.5070691634826133e-07,0.0223,0.2644,0.019,0.179
GOLT1A,ENSG00000174567,-1.0069,9.172351101933396e-08,3.535566968117694e-07,0.2617,0.5259,0.197,0.334
MRPS15,ENSG00000116898,-0.3388,9.203518459495483e-08,3.54577164515494e-07,0.7503,0.949,0.52,0.553
TMEM109,ENSG00000110108,0.9353,9.358066449219606e-08,3.6034756383208014e-07,0.4487,0.2346,0.332,0.165
ASS1,ENSG00000130707,0.5815,9.465736620618597e-08,3.643078969372058e-07,0.7395,0.4942,0.493,0.307
LTBP4,ENSG00000090006,1.5898,9.564185120298607e-08,3.679094632579224e-07,0.3359,0.1115,0.24,0.078
LSS,ENSG00000160285,-1.3777,9.714306118388779e-08,3.7349405966629634e-07,0.1648,0.4284,0.124,0.275
DMBT1,ENSG00000187908,-1.5198,9.760523071986595e-08,3.7508012110304543e-07,0.1712,0.4911,0.108,0.259
CALR,ENSG00000179218,0.4415,9.950534162211827e-08,3.8218752209207097e-07,1.6318,1.2016,0.925,0.642
LRP2,ENSG00000081479,-3.9319,1.0096454193642549e-07,3.8759507841956024e-07,0.0191,0.2929,0.013,0.174
PTK2,ENSG00000169398,0.7521,1.0136775619354989e-07,3.889453519767747e-07,0.5222,0.31,0.372,0.2
PARP4,ENSG00000102699,1.0253,1.0235790396467189e-07,3.92545159620861e-07,0.4043,0.1986,0.299,0.132
ALDH6A1,ENSG00000119711,-1.4553,1.0325142767818428e-07,3.957709467826901e-07,0.1459,0.4003,0.119,0.266
PFDN4,ENSG00000101132,0.718,1.0390770992650083e-07,3.980845580601997e-07,0.5614,0.3413,0.402,0.229
ITFG1,ENSG00000129636,0.739,1.0478903620948198e-07,4.0125756135967383e-07,0.5351,0.3206,0.377,0.209
EHMT1,ENSG00000181090,0.8935,1.0555976194688218e-07,4.0400405344918687e-07,0.4613,0.2483,0.329,0.161
FAM32A,ENSG00000105058,0.8022,1.080807139462642e-07,4.134429336020385e-07,0.5132,0.2943,0.369,0.202
CDK10,ENSG00000185324,0.9623,1.1008495499771557e-07,4.208966776354965e-07,0.4468,0.2292,0.321,0.155
PLOD3,ENSG00000106397,1.6163,1.1122433117625173e-07,4.250378462501678e-07,0.325,0.1059,0.237,0.076
NADSYN1,ENSG00000172890,1.3632,1.131759340501811e-07,4.322771394080476e-07,0.3401,0.1321,0.256,0.092
EMC6,ENSG00000127774,0.4981,1.144770056266182e-07,4.370256581652857e-07,0.8332,0.5899,0.558,0.375
ADAR,ENSG00000160710,0.6438,1.1484251034964174e-07,4.3819957863209256e-07,0.6238,0.3992,0.439,0.266
ICMT,ENSG00000116237,1.1349,1.149392471557981e-07,4.3834730553359653e-07,0.3824,0.1741,0.288,0.124
PBDC1,ENSG00000102390,0.8745,1.1539982482538699e-07,4.398817742461144e-07,0.4713,0.257,0.345,0.179
POLB,ENSG00000070501,1.5728,1.156985921825234e-07,4.407982168123874e-07,0.3192,0.1072,0.237,0.075
TLNRD1,ENSG00000140406,1.5803,1.1748932296596965e-07,4.4739507812898224e-07,0.326,0.1089,0.24,0.08
LUC7L,ENSG00000007392,0.8472,1.183253785738321e-07,4.5035175573063047e-07,0.4727,0.2627,0.342,0.173
YES1,ENSG00000176105,0.8596,1.2300544509013223e-07,4.67928568809642e-07,0.4816,0.2654,0.348,0.182
RBBP8,ENSG00000101773,0.9841,1.23497260973373e-07,4.695630632379632e-07,0.452,0.2285,0.318,0.156
DNAAF2,ENSG00000165506,1.3002,1.249616640211187e-07,4.7489203806818506e-07,0.354,0.1437,0.264,0.101
IGF2R,ENSG00000197081,0.6015,1.2560031340483414e-07,4.770791190414892e-07,0.6603,0.4352,0.456,0.28
SERPINF2,ENSG00000167711,-1.314,1.2722603502957992e-07,4.83011404345968e-07,0.1826,0.4541,0.14,0.284
ROGDI,ENSG00000067836,1.431,1.2751997816853014e-07,4.838841964154923e-07,0.3526,0.1307,0.253,0.093
TNS3,ENSG00000136205,1.6699,1.2912330135372002e-07,4.897221595016841e-07,0.3189,0.1002,0.226,0.065
PNKD,ENSG00000127838,-0.3264,1.3247190253576026e-07,5.021702075552778e-07,0.7755,0.9724,0.536,0.565
LRRC8A,ENSG00000136802,1.0822,1.3503327765462297e-07,5.116230755670394e-07,0.4273,0.2017,0.299,0.138
PRRG4,ENSG00000135378,0.8769,1.369611086910332e-07,5.186672562209301e-07,0.4915,0.2676,0.345,0.186
ITGB1BP1,ENSG00000119185,0.9366,1.383148265955155e-07,5.235313201047693e-07,0.4581,0.2393,0.329,0.169
CSNK1A1,ENSG00000113712,0.4191,1.395146290685734e-07,5.27808223641999e-07,1.1288,0.8442,0.73,0.499
SMARCA1,ENSG00000102038,0.9282,1.4042632506880552e-07,5.309914343817946e-07,0.4415,0.232,0.321,0.154
INTS11,ENSG00000127054,0.7992,1.4288008841444977e-07,5.399995337524603e-07,0.5139,0.2953,0.367,0.202
ABI2,ENSG00000138443,1.071,1.4313628017464523e-07,5.406972983597223e-07,0.3907,0.1859,0.288,0.123
GLIS2,ENSG00000126603,1.7676,1.4448428062929283e-07,5.45516611771268e-07,0.3058,0.0897,0.224,0.064
TRNAU1AP,ENSG00000180098,0.9689,1.5479472251438506e-07,5.841529113867029e-07,0.4325,0.2209,0.315,0.152
VDAC1,ENSG00000213585,0.4649,1.5520089641526156e-07,5.853932962642541e-07,0.9476,0.6865,0.633,0.427
HIKESHI,ENSG00000149196,0.6594,1.576737475687062e-07,5.94423733972842e-07,0.5955,0.377,0.426,0.256
MFSD12,ENSG00000161091,1.8568,1.6264235629737458e-07,6.128493774696583e-07,0.2983,0.0823,0.218,0.06
DCUN1D5,ENSG00000137692,0.8466,1.6289883686594655e-07,6.135098267807708e-07,0.4591,0.2552,0.345,0.178
TRIAP1,ENSG00000170855,0.9344,1.669320886329228e-07,6.283866116700208e-07,0.4429,0.2317,0.326,0.164
FKBP7,ENSG00000079150,2.7454,1.675580340668335e-07,6.304287586528522e-07,0.2519,0.0375,0.186,0.028
ERLEC1,ENSG00000068912,-0.228,1.6859630927304845e-07,6.340194706609662e-07,0.8978,1.0516,0.609,0.595
RASSF2,ENSG00000101265,5.5369,1.696559142498709e-07,6.376867821680471e-07,0.2178,0.0046,0.162,0.003
PTRH2,ENSG00000141378,1.0596,1.7010478477919274e-07,6.390560164131283e-07,0.3923,0.1882,0.291,0.127
LCOR,ENSG00000196233,1.1897,1.7104150725159876e-07,6.422557590883841e-07,0.3753,0.1645,0.27,0.106
CHMP1B,ENSG00000255112,0.7404,1.739332854686866e-07,6.525044380526592e-07,0.5424,0.3246,0.385,0.222
GNS,ENSG00000135677,0.7504,1.739436053260166e-07,6.525044380526592e-07,0.5539,0.3292,0.385,0.224
EMC4,ENSG00000128463,0.4619,1.7651605726391878e-07,6.618257134634771e-07,0.9474,0.6878,0.631,0.429
GAA,ENSG00000171298,1.131,1.7741324031314093e-07,6.648596381774701e-07,0.4078,0.1861,0.288,0.13
PVT1,ENSG00000249859,2.6053,1.775184615188882e-07,6.649241332549332e-07,0.2467,0.0404,0.183,0.024
DGCR2,ENSG00000070413,0.8713,1.7776596888431669e-07,6.655212561551102e-07,0.4633,0.2532,0.334,0.169
BMP4,ENSG00000125378,2.2813,1.823109658234582e-07,6.821987849411721e-07,0.2826,0.058,0.199,0.042
PFN1,ENSG00000108518,0.1136,1.8621164441783257e-07,6.964499869191709e-07,1.8876,1.7447,0.984,0.828
TMEM263,ENSG00000151135,1.0059,1.875667053822124e-07,7.011709347662617e-07,0.4229,0.2105,0.307,0.146
FAM136A,ENSG00000035141,0.7314,1.9057020172177674e-07,7.118058070924235e-07,0.5231,0.315,0.385,0.215
PCDH7,ENSG00000169851,6.9116,1.9064912364859428e-07,7.118058070924235e-07,0.2145,0.0017,0.159,0.001
MLF1,ENSG00000178053,0.9781,1.9069423607611717e-07,7.118058070924235e-07,0.4337,0.2201,0.313,0.151
VSIG2,ENSG00000019102,0.5991,1.9259260944297888e-07,7.185368712798545e-07,0.6493,0.4286,0.458,0.271
NDUFA12,ENSG00000184752,0.4335,1.927521040525742e-07,7.187769724171757e-07,1.0024,0.7422,0.652,0.455
GNA15,ENSG00000060558,1.9626,1.9438281160308796e-07,7.245003165571434e-07,0.2745,0.0704,0.21,0.051
EWSR1,ENSG00000182944,0.4802,1.96409486991067e-07,7.316931332433487e-07,0.8564,0.6139,0.582,0.385
GCLM,ENSG00000023909,1.3009,1.9777777618833422e-07,7.364273529338912e-07,0.355,0.144,0.261,0.102
ORAI2,ENSG00000160991,3.1749,2.023797137710249e-07,7.531914963251691e-07,0.2564,0.0283,0.178,0.021
ERC1,ENSG00000082805,0.9307,2.0261280573661198e-07,7.536877141014789e-07,0.4,0.2098,0.296,0.129
PRPF40A,ENSG00000196504,0.516,2.0767218927070242e-07,7.721276525296047e-07,0.7664,0.5359,0.528,0.345
PNPLA6,ENSG00000032444,1.5936,2.0832234638762908e-07,7.741639581694725e-07,0.3299,0.1092,0.235,0.077
USB1,ENSG00000103005,1.4721,2.0892518472357539e-07,7.760225027466135e-07,0.3362,0.1211,0.245,0.088
SERTAD3,ENSG00000167565,1.0876,2.0914705866033337e-07,7.764648787119502e-07,0.3916,0.1842,0.288,0.129
PCGF3,ENSG00000185619,1.4262,2.0984497643067385e-07,7.786732794370044e-07,0.3299,0.1227,0.243,0.084
AXL,ENSG00000167601,3.7323,2.0999968678842616e-07,7.788648177155423e-07,0.2319,0.0174,0.17,0.012
GALNT10,ENSG00000164574,0.5914,2.1018548472301052e-07,7.791714117185204e-07,0.6521,0.4327,0.447,0.273
LIMD2,ENSG00000136490,3.4453,2.1391607055166802e-07,7.926120220783972e-07,0.2297,0.021,0.173,0.015
RAB3GAP1,ENSG00000115839,0.834,2.1581481268582186e-07,7.992553479614628e-07,0.4572,0.2564,0.334,0.167
EXT2,ENSG00000151348,1.3684,2.160628421686481e-07,7.997818581989889e-07,0.3277,0.1269,0.248,0.089
ZFR,ENSG00000056097,0.7342,2.2054879561495597e-07,8.159873412688503e-07,0.5302,0.3187,0.377,0.211
MMP23B,ENSG00000189409,4.0004,2.2315996932336546e-07,8.25244037316704e-07,0.2334,0.0145,0.167,0.01
SCAMP2,ENSG00000140497,0.6049,2.2331758603455754e-07,8.254228779310579e-07,0.6369,0.4187,0.456,0.277
RNF4,ENSG00000063978,1.3354,2.2467489416005834e-07,8.300336554421715e-07,0.3411,0.1351,0.253,0.095
SLC4A1AP,ENSG00000163798,1.2857,2.2790874796741622e-07,8.41569203760425e-07,0.3387,0.1389,0.259,0.099
WNT7B,ENSG00000188064,1.2435,2.2852595978497654e-07,8.434360655473853e-07,0.3882,0.1639,0.27,0.113
LAMB2,ENSG00000172037,0.8811,2.2879481620542958e-07,8.440160334140725e-07,0.4845,0.263,0.337,0.178
IL20RA,ENSG00000016402,-2.5759,2.292256222728294e-07,8.451925701665329e-07,0.0498,0.2975,0.038,0.192
EIF4G1,ENSG00000114867,0.4835,2.3122831635340705e-07,8.521609414878001e-07,0.8351,0.5973,0.569,0.378
COX7A2L,ENSG00000115944,-0.2363,2.3135064553664447e-07,8.52196063885592e-07,0.893,1.0519,0.601,0.599
RGS12,ENSG00000159788,2.51,2.3173843393771771e-07,8.532085128652326e-07,0.2573,0.0451,0.189,0.032
AP1G2,ENSG00000213983,1.2755,2.331246125428786e-07,8.578940320318792e-07,0.3684,0.1521,0.261,0.103
PPP1R2,ENSG00000184203,0.6617,2.349945190174263e-07,8.63933621010538e-07,0.5876,0.3714,0.418,0.252
TNPO1,ENSG00000083312,0.894,2.3493931551752703e-07,8.63933621010538e-07,0.4542,0.2444,0.326,0.165
UBE2N,ENSG00000177889,0.5088,2.369415125710876e-07,8.706678635576686e-07,0.7739,0.5439,0.539,0.348
KLF3,ENSG00000109787,0.7598,2.381339558389714e-07,8.746242276924787e-07,0.5394,0.3185,0.377,0.215
OVCA2,ENSG00000262664,1.4574,2.4070571905263793e-07,8.83640285443479e-07,0.3023,0.11,0.235,0.072
PSMA3-AS1,ENSG00000257621,-1.0715,2.420300437203146e-07,8.880704129708485e-07,0.235,0.4939,0.178,0.315
HIBADH,ENSG00000106049,1.4609,2.427767314588586e-07,8.90377769986251e-07,0.3145,0.1142,0.24,0.081
EPB41L4A,ENSG00000129595,3.5597,2.4829173363017366e-07,9.101620803376817e-07,0.2299,0.0194,0.17,0.013
CELSR2,ENSG00000143126,2.1993,2.5023502486985196e-07,9.168407434004518e-07,0.2619,0.0569,0.197,0.04
MRPL15,ENSG00000137547,0.9803,2.511312157335617e-07,9.196783009534941e-07,0.4154,0.2105,0.31,0.151
BNIP3L,ENSG00000104765,-0.2811,2.535189140554413e-07,9.279725754306487e-07,0.7951,0.9662,0.544,0.555
EIF2AK1,ENSG00000086232,0.6465,2.536897697326209e-07,9.281482858740682e-07,0.5983,0.3822,0.426,0.258
LYPLA1,ENSG00000120992,0.5209,2.5746932057334036e-07,9.415201921256469e-07,0.741,0.5164,0.518,0.337
LIPA,ENSG00000107798,1.0686,2.596718808956874e-07,9.491151718272465e-07,0.3922,0.187,0.291,0.131
LAMP2,ENSG00000005893,0.5675,2.678420501864179e-07,9.7850420172069e-07,0.69,0.4656,0.474,0.305
COL3A1,ENSG00000168542,4.9106,2.727081140267582e-07,9.9579980738142e-07,0.2599,0.0085,0.162,0.006
MT1X,ENSG00000187193,0.4978,2.792530782521741e-07,1.019206283186075e-06,0.8329,0.5898,0.534,0.342
TVP23B,ENSG00000171928,0.9927,2.796936728949617e-07,1.0203214383010311e-06,0.4127,0.2074,0.302,0.14
ERAP2,ENSG00000164308,2.5265,2.8106050527418667e-07,1.0243782353423373e-06,0.2649,0.0459,0.189,0.033
PPP2R2A,ENSG00000221914,0.5879,2.810769135492608e-07,1.0243782353423373e-06,0.6107,0.4063,0.439,0.262
SAA1,ENSG00000173432,1.9419,2.826151810781141e-07,1.029487797996698e-06,0.3393,0.0882,0.205,0.046
SCG5,ENSG00000166922,5.536,2.833170782423074e-07,1.0315472415039193e-06,0.2173,0.0046,0.159,0.003
GPR161,ENSG00000143147,4.6513,2.8536627575087783e-07,1.038507809873739e-06,0.2124,0.0084,0.162,0.006
RBM17,ENSG00000134453,0.5516,2.8777370009118846e-07,1.046764710731309e-06,0.6964,0.4751,0.485,0.311
UNC45A,ENSG00000140553,1.1624,2.8862260636123634e-07,1.0493473489216268e-06,0.3782,0.1689,0.275,0.117
ZC2HC1A,ENSG00000104427,1.4165,2.946845483831459e-07,1.0708714588911337e-06,0.3299,0.1235,0.243,0.086
ATXN10,ENSG00000130638,0.4824,2.9674390685475363e-07,1.077836642445992e-06,0.7971,0.5705,0.55,0.362
GSTM3,ENSG00000134202,1.9993,2.9938342873713955e-07,1.0869013955353623e-06,0.2854,0.0713,0.208,0.053
RFTN1,ENSG00000131378,-1.2371,3.040395374584087e-07,1.1027454179060383e-06,0.1977,0.4663,0.148,0.289
LPIN2,ENSG00000101577,0.572,3.0390680460157077e-07,1.1027454179060383e-06,0.6319,0.425,0.447,0.268
PLEKHO1,ENSG00000023902,3.5157,3.0585027095333725e-07,1.1087806127890898e-06,0.2346,0.0204,0.17,0.015
ACTL6A,ENSG00000136518,0.9612,3.0614416043878934e-07,1.1093137324292822e-06,0.3984,0.2045,0.307,0.144
ADAM8,ENSG00000151651,4.1253,3.064383225828574e-07,1.1098473284340784e-06,0.2195,0.0125,0.164,0.009
STXBP1,ENSG00000136854,-1.113,3.0712576262514976e-07,1.110739653725709e-06,0.2252,0.4871,0.173,0.307
BSCL2,ENSG00000168000,1.1658,3.070095969377636e-07,1.110739653725709e-06,0.3495,0.1557,0.267,0.103
TMEM45A,ENSG00000181458,3.1001,3.0690240472769163e-07,1.110739653725709e-06,0.2452,0.0285,0.175,0.02
CRYBG3,ENSG00000080200,1.2498,3.075461004527953e-07,1.1117276502013726e-06,0.3427,0.1441,0.256,0.097
SUSD6,ENSG00000100647,0.8217,3.0855897427950223e-07,1.1148555957348825e-06,0.489,0.2766,0.345,0.186
MRPL57,ENSG00000173141,-0.1946,3.0940399520843156e-07,1.117374370841157e-06,0.9598,1.0984,0.636,0.618
MGAT5,ENSG00000152127,1.867,3.1327986790477625e-07,1.1308310568660222e-06,0.2902,0.0795,0.205,0.048
IST1,ENSG00000182149,0.8055,3.1531783905133347e-07,1.1376438748962867e-06,0.4829,0.2763,0.35,0.187
AFAP1L2,ENSG00000169129,6.7499,3.1657620715184124e-07,1.1416387804449454e-06,0.2142,0.0019,0.156,0.001
HRH1,ENSG00000196639,3.8347,3.187089687055384e-07,1.1487816119133313e-06,0.2266,0.0158,0.164,0.009
NAV2,ENSG00000166833,0.7839,3.189313481484317e-07,1.1490349715123519e-06,0.4738,0.2751,0.334,0.169
PHACTR4,ENSG00000204138,0.9284,3.199896978871185e-07,1.1522984592646237e-06,0.444,0.2333,0.315,0.155
GUSB,ENSG00000169919,0.7866,3.2073442321774993e-07,1.1544299987661272e-06,0.4977,0.2885,0.358,0.197
SYT17,ENSG00000103528,1.4933,3.2313819279837395e-07,1.1625281174246262e-06,0.3074,0.1091,0.232,0.074
DUSP7,ENSG00000164086,1.9871,3.2974523805073736e-07,1.185733114456602e-06,0.2939,0.0741,0.208,0.053
RTKN,ENSG00000114993,1.6342,3.301091740128745e-07,1.1864770740567396e-06,0.2974,0.0957,0.224,0.068
SMAD1,ENSG00000170365,1.6156,3.308958311716888e-07,1.1887389465059956e-06,0.2994,0.0976,0.224,0.067
CAVIN3,ENSG00000170955,0.6986,3.310687540786433e-07,1.1887948845361928e-06,0.5492,0.3384,0.391,0.226
KIF21A,ENSG00000139116,1.1478,3.340993698297957e-07,1.1991072394603834e-06,0.3922,0.1769,0.278,0.122
MRPL17,ENSG00000158042,0.6644,3.4277594531654194e-07,1.2296639443810421e-06,0.5653,0.3567,0.407,0.241
ANXA8L1,ENSG00000264230,5.1328,3.463111475663516e-07,1.2417563929111469e-06,0.2255,0.0063,0.159,0.005
PRTG,ENSG00000166450,-2.5928,3.4653200707828495e-07,1.2419588773607413e-06,0.0484,0.2922,0.038,0.19
TGOLN2,ENSG00000152291,0.5622,3.51557807418792e-07,1.2593737482451273e-06,0.6775,0.4589,0.474,0.301
AKIRIN1,ENSG00000174574,0.7959,3.6097424295813965e-07,1.2924930831984574e-06,0.487,0.2805,0.356,0.195
GAR1,ENSG00000109534,0.9551,3.663185425527385e-07,1.3103866425122817e-06,0.419,0.2161,0.31,0.15
NSA2,ENSG00000164346,-0.2533,3.662443844021849e-07,1.3103866425122817e-06,0.864,1.0299,0.588,0.585
RNF130,ENSG00000113269,0.7908,3.685926698674973e-07,1.3178975962370763e-06,0.4841,0.2798,0.353,0.19
PPP1R1B,ENSG00000131771,-2.2448,3.860437157058908e-07,1.379640620699151e-06,0.066,0.313,0.049,0.199
EFNB2,ENSG00000125266,1.0299,3.8851438742416796e-07,1.38781380472321e-06,0.4103,0.2009,0.294,0.137
HUWE1,ENSG00000086758,0.688,3.9207363636647367e-07,1.3998659370267998e-06,0.5447,0.338,0.385,0.221
ATP13A1,ENSG00000105726,1.3838,3.942515628805801e-07,1.4069771174127455e-06,0.3369,0.1291,0.245,0.091
HID1,ENSG00000167861,2.2419,3.967957886723282e-07,1.4153881885833048e-06,0.2672,0.0564,0.194,0.04
PMF1,ENSG00000160783,-1.486,3.992061759976284e-07,1.4233141385852206e-06,0.1331,0.3729,0.102,0.248
STX1A,ENSG00000106089,3.9043,4.0210570119963377e-07,1.4329757417751098e-06,0.2299,0.0153,0.164,0.011
PITPNB,ENSG00000180957,0.9676,4.102052404261217e-07,1.4611506795942243e-06,0.4273,0.2185,0.305,0.148
FYN,ENSG00000010810,4.2134,4.11447889841257e-07,1.4648863373000456e-06,0.2226,0.0119,0.162,0.008
ENSG00000273132,ENSG00000273132,1.5982,4.20902399907184e-07,1.4978415597262248e-06,0.3105,0.1025,0.224,0.068
GSS,ENSG00000100983,0.9951,4.2464972619253143e-07,1.5104654808778602e-06,0.407,0.2041,0.299,0.143
RPS6KA2,ENSG00000071242,-0.6017,4.256528038332017e-07,1.5133209096281593e-06,0.4961,0.7529,0.348,0.446
RFX2,ENSG00000087903,1.124,4.2685460261777237e-07,1.516879831974257e-06,0.3677,0.1687,0.259,0.1
TSPAN17,ENSG00000048140,1.747,4.311735220000832e-07,1.531507267847028e-06,0.3143,0.0936,0.221,0.07
TMTC3,ENSG00000139324,1.7866,4.3189328858151353e-07,1.533342948887845e-06,0.2863,0.0829,0.213,0.059
FNDC4,ENSG00000115226,4.2137,4.354093942536719e-07,1.5451000345638757e-06,0.2129,0.0114,0.162,0.009
NEDD4L,ENSG00000049759,-0.3799,4.393822381866196e-07,1.5584661077464372e-06,0.7644,0.9947,0.518,0.551
BCAS4,ENSG00000124243,1.7214,4.409507364663781e-07,1.5632955485703832e-06,0.289,0.0876,0.216,0.061
CISD2,ENSG00000145354,0.5633,4.428171636450536e-07,1.5691762060686586e-06,0.6768,0.458,0.474,0.298
RBBP4,ENSG00000162521,0.4854,4.4757447566850017e-07,1.5852907471521418e-06,0.7987,0.5705,0.55,0.36
SAMD4A,ENSG00000020577,2.0997,4.4951957016692075e-07,1.5914340921326552e-06,0.2735,0.0637,0.191,0.037
SERPING1,ENSG00000149131,0.4845,4.518748271278826e-07,1.599023100211313e-06,0.8383,0.5991,0.555,0.364
LZTS2,ENSG00000107816,1.4204,4.5264089619347395e-07,1.6009840686992958e-06,0.3301,0.1233,0.243,0.089
GCC2,ENSG00000135968,0.5725,4.545941749299444e-07,1.6071403797827468e-06,0.6679,0.4491,0.458,0.29
RIC1,ENSG00000107036,1.8632,4.554692640363085e-07,1.609480958743831e-06,0.2919,0.0802,0.205,0.05
CYFIP1,ENSG00000273749,0.8145,4.57434313883047e-07,1.6156691170577e-06,0.4704,0.2674,0.34,0.182
RAB11FIP4,ENSG00000131242,2.0595,4.6251544570454817e-07,1.6328524263074118e-06,0.2747,0.0658,0.199,0.047
DUSP18,ENSG00000167065,2.7721,4.627941584281832e-07,1.6330732680639532e-06,0.2446,0.0357,0.178,0.025
NFATC1,ENSG00000131196,2.0638,4.688325367545907e-07,1.6535480874718014e-06,0.2788,0.0666,0.197,0.043
SWAP70,ENSG00000133789,0.7411,4.690342225614918e-07,1.6535480874718014e-06,0.5189,0.3104,0.367,0.206
GID8,ENSG00000101193,0.8094,4.697609846138183e-07,1.6553377979278908e-06,0.4653,0.2655,0.345,0.185
SPON2,ENSG00000159674,4.1432,4.813448729622804e-07,1.6953662075664472e-06,0.2519,0.0142,0.162,0.009
DBNL,ENSG00000136279,0.7504,4.82601232790122e-07,1.6989992142261752e-06,0.4957,0.2946,0.364,0.203
JKAMP,ENSG00000050130,0.8177,4.901639718196498e-07,1.7248201244049624e-06,0.4662,0.2644,0.34,0.179
FKBP8,ENSG00000105701,0.4369,4.942355502343047e-07,1.7383377942365793e-06,0.9984,0.7375,0.658,0.455
FAM120AOS,ENSG00000188938,0.8214,4.953400312731639e-07,1.7414117897946732e-06,0.4777,0.2703,0.345,0.188
SRPK2,ENSG00000135250,0.6246,4.98582179633447e-07,1.7511800869970675e-06,0.5472,0.3549,0.396,0.227
SORBS2,ENSG00000154556,0.6773,4.984680744054536e-07,1.7511800869970675e-06,0.5576,0.3486,0.38,0.217
DDX41,ENSG00000183258,1.4337,4.990959649581933e-07,1.7521700814401259e-06,0.323,0.1195,0.24,0.087
ARL1,ENSG00000120805,0.5593,5.052435564264136e-07,1.7729285038558082e-06,0.6814,0.4624,0.472,0.303
UQCC2,ENSG00000137288,0.4807,5.14278617936404e-07,1.8037952453618997e-06,0.8204,0.5879,0.555,0.365
AHCYL2,ENSG00000158467,-0.8439,5.161927275267584e-07,1.8096687036958976e-06,0.3403,0.6109,0.245,0.365
PLEK2,ENSG00000100558,3.022,5.230061083305432e-07,1.8327046143029935e-06,0.2208,0.0271,0.173,0.02
ARL5A,ENSG00000162980,-0.5709,5.243222469906069e-07,1.836464801119163e-06,0.4882,0.7252,0.35,0.445
SPAG1,ENSG00000104450,1.1669,5.273705319294503e-07,1.84628562035542e-06,0.3766,0.1677,0.267,0.112
MMP15,ENSG00000102996,1.2358,5.323319836939354e-07,1.8627920967149984e-06,0.3655,0.1551,0.261,0.109
PLEKHA1,ENSG00000107679,0.816,5.326359626360193e-07,1.8629929156088545e-06,0.4833,0.2745,0.342,0.186
MED10,ENSG00000133398,0.6634,5.37123813269765e-07,1.8778206428750924e-06,0.5566,0.3514,0.402,0.239
RAP2B,ENSG00000181467,1.3332,5.378906718801603e-07,1.8796318344378405e-06,0.3612,0.1433,0.253,0.104
CIB1,ENSG00000185043,0.3941,5.396584549957098e-07,1.8849374144672159e-06,1.2398,0.9434,0.765,0.55
MTMR3,ENSG00000100330,1.3744,5.449022282235687e-07,1.9023735370744278e-06,0.3242,0.125,0.237,0.083
MCL1,ENSG00000143384,0.423,5.475971523267384e-07,1.9108990696667476e-06,1.3302,0.9921,0.803,0.55
USP13,ENSG00000058056,-1.4896,5.551735042054431e-07,1.9364431321662615e-06,0.1403,0.3942,0.108,0.25
FHOD3,ENSG00000134775,6.1268,5.620337163453463e-07,1.95946687909049e-06,0.2215,0.0031,0.154,0.002
NR4A1,ENSG00000123358,-0.5154,5.813853610561255e-07,2.0259992632744596e-06,0.6126,0.8758,0.394,0.464
VSIG10,ENSG00000176834,-2.2165,5.89998763987507e-07,2.0550671562589285e-06,0.0627,0.2918,0.046,0.196
PHF23,ENSG00000040633,1.3327,5.91275275875377e-07,2.0585643821375453e-06,0.3354,0.1331,0.248,0.095
TEAD3,ENSG00000007866,1.5966,5.918303793732484e-07,2.0595479116374446e-06,0.2925,0.0967,0.221,0.068
C11orf54,ENSG00000182919,-1.1146,6.009001827320878e-07,2.0901477350556735e-06,0.2143,0.4642,0.164,0.296
PNKP,ENSG00000039650,0.9498,6.036042693543095e-07,2.0985873239630963e-06,0.4135,0.214,0.305,0.148
VAV2,ENSG00000160293,2.8366,6.106413354350538e-07,2.122076949959444e-06,0.2464,0.0344,0.175,0.024
AGTRAP,ENSG00000177674,0.6373,6.189512090819891e-07,2.1499661538457142e-06,0.5882,0.3781,0.412,0.252
SNHG19,ENSG00000260260,-2.207,6.298492096347511e-07,2.186815615253008e-06,0.0637,0.2946,0.049,0.197
RNF144B,ENSG00000137393,1.7421,6.328402863811992e-07,2.1961912556775196e-06,0.3088,0.0922,0.216,0.066
CLN3,ENSG00000188603,-1.946,6.352862427611352e-07,2.2036673847843784e-06,0.0817,0.3149,0.067,0.213
REST,ENSG00000084093,0.7779,6.387186489364056e-07,2.214556857601902e-06,0.4771,0.2782,0.35,0.192
TIA1,ENSG00000116001,0.9039,6.40278133716465e-07,2.2189455505632535e-06,0.4355,0.2327,0.313,0.158
HLA-E,ENSG00000204592,0.4297,6.439920670723818e-07,2.230793244718865e-06,1.2135,0.9009,0.757,0.525
SLC39A7,ENSG00000112473,0.6052,6.49344236951478e-07,2.2472724279287294e-06,0.6174,0.4059,0.434,0.27
KLRK1-AS1,ENSG00000245648,5.6005,6.493074328695011e-07,2.2472724279287294e-06,0.2129,0.0043,0.154,0.003
RASA2,ENSG00000155903,1.1219,6.524984313541485e-07,2.2571546011358024e-06,0.3712,0.1705,0.264,0.109
CPA6,ENSG00000165078,9.291,6.59224519701569e-07,2.2793781447804825e-06,0.2061,0.0002,0.151,0.0
FRMD6,ENSG00000139926,5.6992,6.646797987601202e-07,2.297189331945429e-06,0.2188,0.0041,0.154,0.003
MED25,ENSG00000104973,1.3411,6.749184808778766e-07,2.329378311115741e-06,0.3255,0.1284,0.243,0.089
ST6GALNAC4,ENSG00000136840,-1.5026,6.748420830333168e-07,2.329378311115741e-06,0.1243,0.3525,0.092,0.238
RBPMS-AS1,ENSG00000254109,-2.2576,6.746511248785765e-07,2.329378311115741e-06,0.0633,0.3031,0.049,0.196
PCYT2,ENSG00000185813,-1.2631,6.841082777508452e-07,2.360017369135906e-06,0.1666,0.4,0.127,0.267
DNAJC2,ENSG00000105821,0.9608,6.889820430522371e-07,2.3757459312002062e-06,0.4127,0.212,0.302,0.148
RALB,ENSG00000144118,1.3311,7.000755931111833e-07,2.412897402351729e-06,0.3195,0.1269,0.245,0.093
CISH,ENSG00000114737,-1.1998,7.155525011504049e-07,2.4651158897361193e-06,0.1929,0.4433,0.151,0.283
PLEKHB2,ENSG00000115762,0.6168,7.290509463548705e-07,2.5104739743441416e-06,0.5836,0.3806,0.418,0.256
CORO2A,ENSG00000106789,1.3465,7.304513064166563e-07,2.5141501685548236e-06,0.3428,0.1347,0.245,0.095
RER1,ENSG00000157916,0.4445,7.451653146292438e-07,2.5636265719598982e-06,0.9221,0.6776,0.625,0.421
SPG7,ENSG00000197912,0.8666,7.519609958206289e-07,2.585828549578904e-06,0.4692,0.2573,0.323,0.172
ANKRD50,ENSG00000151458,1.3329,7.579828586838614e-07,2.6053505447482132e-06,0.3252,0.129,0.24,0.087
C11orf98,ENSG00000278615,0.87,7.634271775853697e-07,2.622870544182569e-06,0.4128,0.2258,0.305,0.139
FAM3B,ENSG00000183844,0.7536,7.749962213785233e-07,2.6614074784157927e-06,0.5063,0.3003,0.358,0.196
MYLIP,ENSG00000007944,-1.6384,7.795480622995286e-07,2.6758226309281867e-06,0.1118,0.3483,0.084,0.227
EMD,ENSG00000102119,0.4793,7.944753809805327e-07,2.725822662719312e-06,0.8263,0.5927,0.569,0.372
DNAJC7,ENSG00000168259,0.6385,8.051603610610981e-07,2.761228564601269e-06,0.5709,0.3667,0.404,0.247
DHX15,ENSG00000109606,0.5866,8.260880045593025e-07,2.8317127379516926e-06,0.6182,0.4116,0.431,0.271
PID1,ENSG00000153823,-0.7682,8.383346440825737e-07,2.872389222695621e-06,0.3912,0.6664,0.291,0.391
SMTN,ENSG00000183963,3.4737,8.43717756051296e-07,2.889522958734153e-06,0.2329,0.0209,0.164,0.015
FBP1,ENSG00000165140,-0.4395,8.728477637481503e-07,2.9879315156852178e-06,0.6215,0.8428,0.434,0.494
MYO1B,ENSG00000128641,0.4023,8.879477096528721e-07,3.0382449938530113e-06,1.046,0.7915,0.666,0.463
RAB7B,ENSG00000276600,3.5481,8.934870624456184e-07,3.055814738242031e-06,0.2112,0.018,0.162,0.013
ATL3,ENSG00000184743,0.892,8.954161300115146e-07,3.061026634496377e-06,0.4416,0.2379,0.318,0.166
KPNA2,ENSG00000182481,1.4719,9.001681316399209e-07,3.075879798525374e-06,0.2983,0.1075,0.229,0.079
AP3S1,ENSG00000177879,0.5818,9.102035715392214e-07,3.108764910930749e-06,0.6206,0.4146,0.439,0.277
SORL1,ENSG00000137642,1.6362,9.115803588193095e-07,3.112060375454082e-06,0.2983,0.0959,0.216,0.066
ACVR1,ENSG00000115170,1.5551,9.2039819194673e-07,3.140744507749569e-06,0.2877,0.0979,0.221,0.071
CCT3,ENSG00000163468,0.477,9.308588950818463e-07,3.175006299026343e-06,0.8043,0.5778,0.55,0.369
ELMOD2,ENSG00000179387,1.5036,9.69950032318628e-07,3.3068467933967664e-06,0.3145,0.1108,0.226,0.077
TMEM115,ENSG00000126062,1.0815,9.704647914676483e-07,3.30710938183946e-06,0.37,0.1748,0.275,0.124
AMOT,ENSG00000126016,4.8797,9.78436295476421e-07,3.332771060561028e-06,0.204,0.0068,0.154,0.005
ZBTB16,ENSG00000109906,-1.8666,9.796388116940467e-07,3.3353633268808122e-06,0.0997,0.3638,0.073,0.217
RING1,ENSG00000204227,0.8326,9.830353803427194e-07,3.345419954274435e-06,0.4412,0.2477,0.326,0.17
CDK16,ENSG00000102225,0.7196,9.868287610019463e-07,3.356817329747728e-06,0.4953,0.3007,0.364,0.204
NCK2,ENSG00000071051,1.7292,9.878482198893776e-07,3.3587728628551974e-06,0.2903,0.0875,0.21,0.061
ARSJ,ENSG00000180801,1.8467,9.884824484695957e-07,3.359417408091676e-06,0.2727,0.0758,0.202,0.053
LINC00623,ENSG00000226067,2.3365,9.93237816923322e-07,3.3740610192696485e-06,0.2366,0.0468,0.181,0.031
ITM2C,ENSG00000135916,1.8147,9.962072011803956e-07,3.382627148277703e-06,0.2709,0.0769,0.205,0.056
MACO1,ENSG00000204178,1.1013,9.986000014542872e-07,3.3892286662116533e-06,0.3634,0.1693,0.27,0.119
F2RL1,ENSG00000164251,2.5756,1.0165531411378204e-06,3.4486120257279895e-06,0.2381,0.0399,0.178,0.03
ATF7IP,ENSG00000171681,0.9562,1.0291527739593098e-06,3.4897886926672287e-06,0.4214,0.2171,0.294,0.142
MMP24OS,ENSG00000126005,0.4192,1.0335203103131897e-06,3.503026444332054e-06,1.0991,0.8219,0.704,0.489
MCRIP1,ENSG00000225663,0.6793,1.0429768141808563e-06,3.533493197819e-06,0.5569,0.3477,0.388,0.237
TMEM233,ENSG00000224982,4.5539,1.0460891873049692e-06,3.5424490408287957e-06,0.2239,0.0094,0.154,0.005
PPIH,ENSG00000171960,1.0112,1.0628203479853903e-06,3.5974945022534158e-06,0.3914,0.1941,0.286,0.134
PDIA3,ENSG00000167004,0.4166,1.0817927912833162e-06,3.6600736847942024e-06,1.5106,1.1317,0.881,0.62
CREB3L1,ENSG00000157613,-0.7892,1.0868887665975566e-06,3.6756690383368577e-06,0.3322,0.5742,0.232,0.358
TRAPPC3,ENSG00000054116,0.4923,1.1169909620079347e-06,3.7757792921565755e-06,0.7502,0.5333,0.515,0.347
ATXN2,ENSG00000204842,0.6251,1.1305350786263787e-06,3.819853541602098e-06,0.546,0.354,0.388,0.224
DCTPP1,ENSG00000179958,0.9,1.1440466393202304e-06,3.863778435433322e-06,0.4035,0.2162,0.307,0.154
CPD,ENSG00000108582,0.8693,1.1534818294270796e-06,3.893903137319744e-06,0.4527,0.2478,0.315,0.166
PARP14,ENSG00000173193,0.4834,1.1548907340197947e-06,3.896918041768446e-06,0.7488,0.5356,0.504,0.329
RELA,ENSG00000173039,0.9424,1.157167686040199e-06,3.90285797680076e-06,0.413,0.2148,0.302,0.152
BRWD1,ENSG00000185658,0.7318,1.1581632023253245e-06,3.904472554024019e-06,0.4979,0.2997,0.353,0.197
UBE2J2,ENSG00000160087,0.7119,1.1605107387566585e-06,3.909223465264665e-06,0.4864,0.2969,0.361,0.204
SUPT7L,ENSG00000119760,1.2833,1.1606073107331098e-06,3.909223465264665e-06,0.329,0.1351,0.245,0.096
PRPS2,ENSG00000101911,1.7135,1.1617345552782437e-06,3.909859646634836e-06,0.2775,0.0845,0.21,0.063
TRIP10,ENSG00000125733,0.9422,1.1618312252409272e-06,3.909859646634836e-06,0.3945,0.2053,0.294,0.141
ACSL4,ENSG00000068366,-0.5108,1.1649287539062862e-06,3.918538172645589e-06,0.5879,0.8377,0.402,0.475
OLFM2,ENSG00000105088,7.2046,1.1766154063724102e-06,3.95608784830599e-06,0.21,0.0013,0.148,0.001
YTHDF2,ENSG00000198492,0.4959,1.2114164401933866e-06,4.071286123514695e-06,0.7276,0.5159,0.509,0.334
PLXNA3,ENSG00000130827,2.2918,1.2179750785369306e-06,4.09150810064318e-06,0.2536,0.0517,0.183,0.036
RECQL,ENSG00000004700,1.7644,1.2251103392872797e-06,4.113648272584622e-06,0.2798,0.0823,0.208,0.06
AK3,ENSG00000147853,0.565,1.2279620936531003e-06,4.119561997135511e-06,0.6272,0.4239,0.445,0.28
UBE2B,ENSG00000119048,0.4027,1.2279620936531003e-06,4.119561997135511e-06,1.1134,0.8422,0.714,0.505
PSMB2,ENSG00000126067,0.4219,1.2304115363757515e-06,4.125947251362097e-06,0.945,0.7053,0.609,0.436
ST6GALNAC1,ENSG00000070526,2.0558,1.2330362804521009e-06,4.132914418285547e-06,0.2429,0.0583,0.189,0.04
OCIAD1,ENSG00000109180,0.4073,1.2604527183589203e-06,4.222935825810041e-06,1.0851,0.8181,0.704,0.494
RIGI,ENSG00000107201,2.6556,1.2753136351716518e-06,4.270830901472442e-06,0.2364,0.0374,0.173,0.025
GLIS3,ENSG00000107249,0.7389,1.295521764751118e-06,4.336582601991447e-06,0.4648,0.2785,0.323,0.167
APH1A,ENSG00000117362,0.4679,1.3061196205518302e-06,4.370121228197111e-06,0.8204,0.5931,0.558,0.383
TBC1D16,ENSG00000167291,1.9209,1.3076352323284685e-06,4.373255502541646e-06,0.2653,0.07,0.197,0.05
USP9X,ENSG00000124486,0.7167,1.327053244287226e-06,4.4362333011460145e-06,0.5068,0.3083,0.358,0.205
HIVEP2,ENSG00000010818,1.086,1.336423443344027e-06,4.465581209404743e-06,0.35,0.1648,0.248,0.096
GNAI3,ENSG00000065135,0.739,1.3493137396227567e-06,4.506660169252841e-06,0.4802,0.2876,0.35,0.199
GPR107,ENSG00000148358,1.2214,1.3503933119989358e-06,4.508272855568696e-06,0.3405,0.146,0.251,0.103
NDUFA11,ENSG00000174886,-0.288,1.3628118982892633e-06,4.547722566950258e-06,0.8171,0.9977,0.547,0.566
NECTIN1,ENSG00000110400,3.1878,1.3846184244845367e-06,4.61845130109522e-06,0.2314,0.0253,0.164,0.018
RAB27A,ENSG00000069974,-0.5861,1.386947348727254e-06,4.624177943351458e-06,0.4796,0.72,0.345,0.435
CHMP2B,ENSG00000083937,0.4594,1.4049795931185743e-06,4.682232389065209e-06,0.827,0.6014,0.563,0.384
CDC42BPB,ENSG00000198752,1.0379,1.407845279584025e-06,4.689713883270418e-06,0.3804,0.1852,0.272,0.123
PTPRA,ENSG00000132670,0.8495,1.4217494314830478e-06,4.733943126864005e-06,0.436,0.2419,0.313,0.161
PIK3IP1,ENSG00000100100,1.4386,1.4293998011257878e-06,4.7573196024252545e-06,0.3154,0.1163,0.229,0.083
ZDHHC5,ENSG00000156599,1.2032,1.4451374365682913e-06,4.807579627156954e-06,0.345,0.1498,0.253,0.106
OXR1,ENSG00000164830,0.8706,1.4558283632796727e-06,4.841013769620566e-06,0.4452,0.2434,0.313,0.164
STARD3,ENSG00000131748,1.181,1.4690162969940847e-06,4.88271804830194e-06,0.3236,0.1426,0.251,0.102
DPM3,ENSG00000179085,-0.3969,1.5303427964106486e-06,5.0820834403878895e-06,0.654,0.8611,0.464,0.507
RUFY3,ENSG00000018189,-1.0735,1.5298808501022548e-06,5.0820834403878895e-06,0.2403,0.5059,0.183,0.306
SH2D3A,ENSG00000125731,1.0554,1.5333276776077973e-06,5.0897586135004e-06,0.3683,0.1772,0.272,0.123
RAB8B,ENSG00000166128,1.8918,1.5435012578466545e-06,5.1212788770450045e-06,0.2797,0.0753,0.199,0.054
ATF4,ENSG00000128272,-0.3045,1.5496535260633845e-06,5.1394347626904606e-06,0.7718,0.9531,0.523,0.535
MMADHC,ENSG00000168288,0.4752,1.5584772848935219e-06,5.166430841321e-06,0.7594,0.5463,0.528,0.352
ASAP1,ENSG00000153317,2.6645,1.56704852114208e-06,5.192566481240533e-06,0.2411,0.0379,0.173,0.027
DYRK1B,ENSG00000105204,2.1054,1.6002097369614249e-06,5.299979865694018e-06,0.2627,0.061,0.189,0.043
PSMC5,ENSG00000087191,0.4452,1.6008675120468234e-06,5.299979865694018e-06,0.882,0.6478,0.596,0.405
TIMM50,ENSG00000105197,0.7773,1.6071513648092458e-06,5.3184531586219235e-06,0.4438,0.2589,0.334,0.181
MAGEF1,ENSG00000177383,0.5956,1.6116038903969218e-06,5.33085262344516e-06,0.5906,0.3908,0.423,0.264
ITGA6,ENSG00000091409,0.952,1.6661043948189964e-06,5.5087171566116055e-06,0.3973,0.2053,0.286,0.136
CES1,ENSG00000198848,-2.2945,1.6705310075638682e-06,5.5209369038254705e-06,0.0611,0.3,0.046,0.188
FAM222B,ENSG00000173065,1.4488,1.6759311999664084e-06,5.536362140684834e-06,0.283,0.1036,0.218,0.07
TXNDC9,ENSG00000115514,0.7899,1.6868742067493859e-06,5.570076325171158e-06,0.4534,0.2622,0.334,0.183
DNAJB11,ENSG00000090520,0.663,1.692787886742942e-06,5.587161417362571e-06,0.5345,0.3375,0.383,0.227
TM9SF3,ENSG00000077147,0.5609,1.6939915352954374e-06,5.588692597885165e-06,0.6497,0.4404,0.445,0.288
SMURF2,ENSG00000108854,0.8191,1.7136430784641363e-06,5.651057816585137e-06,0.4334,0.2456,0.31,0.158
CAPN6,ENSG00000077274,7.7937,1.7464383305431123e-06,5.7566935371959925e-06,0.1947,0.0008,0.146,0.001
TMEM106B,ENSG00000106460,0.6208,1.755138141837467e-06,5.782847213947695e-06,0.555,0.3609,0.404,0.242
MAFK,ENSG00000198517,1.2413,1.7661437884804211e-06,5.816572067118388e-06,0.3473,0.1468,0.248,0.102
TNS1,ENSG00000079308,0.5877,1.7697143542471616e-06,5.82579169775046e-06,0.6072,0.404,0.415,0.259
CMC2,ENSG00000103121,0.6947,1.786355199531429e-06,5.8780111204093846e-06,0.5078,0.3137,0.364,0.212
PIH1D1,ENSG00000104872,0.6605,1.8058528844356694e-06,5.939581428781664e-06,0.5353,0.3386,0.385,0.232
MLEC,ENSG00000110917,0.4458,1.8084153749704475e-06,5.945421304569944e-06,0.8854,0.65,0.59,0.407
RBCK1,ENSG00000125826,0.5108,1.81444109432222e-06,5.962637002002771e-06,0.6983,0.4901,0.488,0.318
ENSG00000257550,ENSG00000257550,-4.2603,1.8560519451980394e-06,6.096727150422256e-06,0.0118,0.2278,0.011,0.154
INSIG2,ENSG00000125629,0.7867,1.8582778554630866e-06,6.101386005225389e-06,0.4846,0.2808,0.34,0.194
LMBR1,ENSG00000105983,1.3267,1.8669020865453338e-06,6.127039645460468e-06,0.3097,0.1234,0.229,0.082
SLC25A39,ENSG00000013306,0.4839,1.8678174886689918e-06,6.127382165390461e-06,0.753,0.5384,0.526,0.347
IQCA1,ENSG00000132321,1.975,1.8731149288517954e-06,6.1420934407444945e-06,0.262,0.0666,0.191,0.046
NISCH,ENSG00000010322,1.0077,1.8795011478508232e-06,6.160360595233392e-06,0.402,0.1999,0.28,0.135
PLRG1,ENSG00000171566,1.0294,1.8844712639955093e-06,6.173972419551636e-06,0.3747,0.1835,0.278,0.131
TRAPPC2B,ENSG00000256060,1.846,1.9013711429334236e-06,6.224803330638135e-06,0.2548,0.0708,0.197,0.051
PSEN1,ENSG00000080815,1.0694,1.9016816391154257e-06,6.224803330638135e-06,0.3695,0.176,0.267,0.121
ARFRP1,ENSG00000101246,1.1507,1.9024580927125684e-06,6.224803330638135e-06,0.3562,0.1604,0.259,0.113
DNAJB1,ENSG00000132002,0.4271,1.9049966309829502e-06,6.230411059340341e-06,1.0757,0.8001,0.677,0.457
RBMS3,ENSG00000144642,1.5649,1.9139332045548987e-06,6.256930056431095e-06,0.291,0.0983,0.208,0.06
TWF1,ENSG00000151239,0.6791,1.9266797939086986e-06,6.295876229662724e-06,0.5129,0.3203,0.375,0.22
NAB2,ENSG00000166886,1.0796,1.957200830190374e-06,6.392845772627875e-06,0.3832,0.1812,0.27,0.124
SNRNP200,ENSG00000144028,0.688,1.9800461312229114e-06,6.464670925405832e-06,0.5133,0.3186,0.367,0.216
GCNT1,ENSG00000187210,5.1318,1.9817146257766234e-06,6.467323541141421e-06,0.2005,0.0056,0.148,0.004
TMEM63B,ENSG00000137216,0.4704,1.9970089403012718e-06,6.514422514670168e-06,0.7679,0.5542,0.523,0.345
TMEM184B,ENSG00000198792,1.0957,2.0083767587641845e-06,6.548677778361422e-06,0.3534,0.1653,0.261,0.115
SCAF1,ENSG00000126461,1.1585,2.009358707379338e-06,6.549053077761389e-06,0.3492,0.1564,0.256,0.11
DIP2B,ENSG00000066084,1.1885,2.0128538166059534e-06,6.557615603474764e-06,0.347,0.1522,0.243,0.096
ZFHX3,ENSG00000140836,0.8578,2.0240334942612336e-06,6.5911952798032846e-06,0.4173,0.2302,0.305,0.153
ZBTB7A,ENSG00000178951,0.6825,2.035714780961065e-06,6.6263787893842495e-06,0.5227,0.3257,0.369,0.218
LIF,ENSG00000128342,3.0706,2.068622016318674e-06,6.7305940281169595e-06,0.2501,0.0297,0.162,0.017
TRIM32,ENSG00000119401,2.9405,2.078125591655242e-06,6.758604754608418e-06,0.2149,0.0279,0.164,0.02
HNRNPL,ENSG00000104824,0.525,2.109459919836463e-06,6.857560109451153e-06,0.6553,0.4554,0.458,0.289
MAPRE1,ENSG00000101367,0.7647,2.113580307467413e-06,6.867999665770454e-06,0.4522,0.2661,0.337,0.186
ME1,ENSG00000065833,1.1013,2.161933549791633e-06,7.0221014482699e-06,0.3533,0.1646,0.259,0.113
PCMT1,ENSG00000120265,0.4846,2.1664455878051883e-06,7.033732881765448e-06,0.7287,0.5208,0.509,0.336
POMP,ENSG00000132963,0.3827,2.170202734088874e-06,7.042904491426736e-06,1.3261,1.017,0.801,0.58
PSMD11,ENSG00000108671,0.5313,2.2318990250406054e-06,7.2400159442601e-06,0.6201,0.429,0.45,0.287
KANK1,ENSG00000107104,-1.4598,2.248739093114253e-06,7.291512381321107e-06,0.1482,0.4079,0.119,0.25
PDE9A,ENSG00000160191,2.3779,2.2621521816642083e-06,7.331857457088415e-06,0.2376,0.0456,0.175,0.031
SEL1L3,ENSG00000091490,0.558,2.3001187789969797e-06,7.451714140361142e-06,0.5784,0.3928,0.418,0.255
RAB17,ENSG00000124839,-0.9024,2.3370560318039023e-06,7.568134727937626e-06,0.2668,0.4987,0.194,0.321
RALGPS2,ENSG00000116191,2.3012,2.3547842143578354e-06,7.62227709489008e-06,0.2491,0.0505,0.178,0.034
PRCP,ENSG00000137509,1.3316,2.363951770229656e-06,7.648674785475396e-06,0.3134,0.1245,0.232,0.087
GLIPR2,ENSG00000122694,2.714,2.3680372297661937e-06,7.658613557741264e-06,0.2253,0.0343,0.167,0.024
HMOX1,ENSG00000100292,-1.5761,2.3864414701687726e-06,7.714833250802344e-06,0.1203,0.3588,0.092,0.227
ATRX,ENSG00000085224,0.409,2.389726247300071e-06,7.722147903486755e-06,0.9258,0.6973,0.606,0.418
PMAIP1,ENSG00000141682,1.331,2.397860199132312e-06,7.741809318138726e-06,0.3499,0.139,0.237,0.096
FBLN5,ENSG00000140092,1.4736,2.39773088142998e-06,7.741809318138726e-06,0.3105,0.1117,0.221,0.079
RHOT2,ENSG00000140983,0.8708,2.4208552204707654e-06,7.812713024629061e-06,0.4062,0.2221,0.302,0.154
LMO3,ENSG00000048540,-0.3081,2.4254272604175566e-06,7.824125940416158e-06,0.8053,0.997,0.531,0.561
DOCK1,ENSG00000150760,0.9448,2.4439301555530357e-06,7.880449135810151e-06,0.3658,0.19,0.261,0.111
PJA1,ENSG00000181191,2.2525,2.4544884258457296e-06,7.911117771870514e-06,0.2375,0.0498,0.181,0.038
CSTPP1,ENSG00000149179,0.6385,2.4660866704300637e-06,7.945110786822657e-06,0.4807,0.3088,0.356,0.197
TMEM9B,ENSG00000175348,0.4955,2.475203136272665e-06,7.971082563742534e-06,0.7237,0.5133,0.499,0.337
NPR1,ENSG00000169418,-2.6846,2.4778709741836753e-06,7.976274056223974e-06,0.0397,0.256,0.03,0.171
ZNF260,ENSG00000254004,2.8163,2.510303804937444e-06,8.077233920912433e-06,0.2359,0.0334,0.167,0.025
TRNP1,ENSG00000253368,3.5124,2.5172726456587737e-06,8.096208956131135e-06,0.2113,0.0184,0.156,0.014
ZSWIM6,ENSG00000130449,0.9032,2.545745039035713e-06,8.184299476559494e-06,0.3722,0.1989,0.267,0.115
RABL6,ENSG00000196642,0.7506,2.5547316463125794e-06,8.209696974858162e-06,0.4796,0.285,0.345,0.196
USP11,ENSG00000102226,0.9564,2.5705142469848753e-06,8.256902693865107e-06,0.3938,0.2029,0.286,0.139
SH3GL1,ENSG00000141985,1.121,2.5892427838718726e-06,8.31352708548746e-06,0.3425,0.1574,0.256,0.111
CASK,ENSG00000147044,0.7042,2.5974689124161685e-06,8.33639661567721e-06,0.4525,0.2777,0.326,0.173
GMDS,ENSG00000112699,1.1143,2.6144179915514134e-06,8.387230541898483e-06,0.3351,0.1547,0.248,0.102
UGP2,ENSG00000169764,0.5409,2.6214526934279003e-06,8.406228819544901e-06,0.6301,0.4331,0.445,0.284
POLR2A,ENSG00000181222,0.8054,2.652479309782838e-06,8.502113358255978e-06,0.4484,0.2565,0.321,0.175
RRBP1,ENSG00000125844,0.4067,2.6572563602766507e-06,8.513813317171372e-06,1.1147,0.8409,0.717,0.494
WASL,ENSG00000106299,0.4751,2.6782442257527487e-06,8.57742057039509e-06,0.7466,0.5371,0.518,0.345
CYFIP2,ENSG00000055163,0.9226,2.694252134274488e-06,8.625031726459218e-06,0.4047,0.2135,0.294,0.148
HCFC1R1,ENSG00000103145,0.5529,2.7163219005091036e-06,8.691999982357592e-06,0.6038,0.4116,0.429,0.265
HNRNPA0,ENSG00000177733,0.4104,2.7423873241381875e-06,8.771691885632518e-06,0.9951,0.7487,0.65,0.458
ADA2,ENSG00000093072,3.0095,2.752260506321233e-06,8.799546392406651e-06,0.2243,0.0278,0.162,0.02
HIPK2,ENSG00000064393,0.9402,2.7684699975356803e-06,8.84762725523776e-06,0.3959,0.2063,0.286,0.139
BIRC2,ENSG00000110330,0.8525,2.781637721612827e-06,8.88595052295345e-06,0.4234,0.2344,0.307,0.161
SLC16A7,ENSG00000118596,1.0263,2.80199007782831e-06,8.947183025356248e-06,0.3841,0.1885,0.272,0.129
CTNNAL1,ENSG00000119326,0.7586,2.8374949750994616e-06,9.056727729985818e-06,0.4458,0.2635,0.326,0.175
PIDD1,ENSG00000177595,2.1787,2.8740467855136045e-06,9.169520044153412e-06,0.2456,0.0542,0.181,0.039
EPAS1,ENSG00000116016,-0.5423,2.947091374237865e-06,9.394630941927034e-06,0.5156,0.7509,0.356,0.445
RAB4A,ENSG00000168118,0.5673,2.9466973301562894e-06,9.394630941927034e-06,0.602,0.4063,0.426,0.272
SDC3,ENSG00000162512,3.0018,2.9724950834997613e-06,9.471615502252508e-06,0.2201,0.0274,0.162,0.02
GOLGA7,ENSG00000147533,0.7518,2.9846771967377816e-06,9.506423364820379e-06,0.4634,0.2751,0.34,0.191
TXNDC12,ENSG00000117862,0.6739,3.003963212284598e-06,9.563818823771655e-06,0.5175,0.3243,0.372,0.222
STK25,ENSG00000115694,0.725,3.0087028700585555e-06,9.574873708210778e-06,0.4761,0.288,0.345,0.198
DNTTIP1,ENSG00000101457,0.6865,3.035345387741068e-06,9.655593433424744e-06,0.5121,0.3182,0.364,0.216
SLC39A13,ENSG00000165915,1.3969,3.0372107031656062e-06,9.6574608006802e-06,0.2829,0.1074,0.221,0.077
EBAG9,ENSG00000147654,-0.6924,3.0674514096622727e-06,9.749514261673736e-06,0.3718,0.6009,0.278,0.38
SF3A3,ENSG00000183431,0.8635,3.1336464680490817e-06,9.951533865536282e-06,0.3807,0.2092,0.296,0.149
CBX1,ENSG00000108468,1.001,3.133312109607883e-06,9.951533865536282e-06,0.3851,0.1924,0.278,0.136
MRPL52,ENSG00000172590,0.4019,3.137494050840146e-06,9.959566199200547e-06,1.0957,0.8292,0.712,0.493
RBM8A,ENSG00000265241,0.3909,3.145790094871271e-06,9.981706915897713e-06,1.1974,0.9132,0.755,0.534
ENSG00000256116,ENSG00000256116,4.9408,3.1578946388207386e-06,1.0015908478711453e-05,0.1871,0.006,0.146,0.004
PYGL,ENSG00000100504,2.0779,3.1601692089699103e-06,1.001891664866457e-05,0.2436,0.0576,0.183,0.042
FLAD1,ENSG00000160688,1.2935,3.1750345906687706e-06,1.0061823126049731e-05,0.3149,0.1284,0.235,0.092
MIDN,ENSG00000167470,0.4624,3.207530340047219e-06,1.0160541601281653e-05,0.7886,0.5723,0.526,0.35
EMC8,ENSG00000131148,0.8568,3.221149868926818e-06,1.0199407904334498e-05,0.3965,0.2189,0.302,0.155
ENC1,ENSG00000171617,1.2401,3.237411277001517e-06,1.0246603350543134e-05,0.3347,0.1416,0.24,0.097
PLAA,ENSG00000137055,1.4621,3.2982394653281113e-06,1.0434756767401123e-05,0.2795,0.1014,0.216,0.073
VTA1,ENSG00000009844,1.1124,3.3217623356437717e-06,1.0504777917868856e-05,0.3093,0.143,0.248,0.102
TMEM106C,ENSG00000134291,0.7792,3.336823185118424e-06,1.0547991281828324e-05,0.4399,0.2563,0.326,0.178
SACS,ENSG00000151835,3.9973,3.3562323623297715e-06,1.0604908196320127e-05,0.2305,0.0143,0.151,0.01
STX4,ENSG00000103496,0.9598,3.36929165452775e-06,1.064172176001553e-05,0.3801,0.1954,0.283,0.139
YPEL3,ENSG00000090238,0.4976,3.37970225582366e-06,1.0670142307876203e-05,0.707,0.5007,0.485,0.315
FADD,ENSG00000168040,1.5232,3.400977745178621e-06,1.0732826593493936e-05,0.2763,0.0961,0.213,0.071
SLMAP,ENSG00000163681,0.7182,3.404415442067407e-06,1.073470728915662e-05,0.4498,0.2733,0.332,0.182
TUSC2,ENSG00000114383,0.5432,3.403510462067529e-06,1.073470728915662e-05,0.6066,0.4162,0.434,0.277
GRHPR,ENSG00000137106,0.53,3.4069506138343563e-06,1.0738219394041953e-05,0.6,0.4155,0.447,0.28
SRPRA,ENSG00000182934,0.4965,3.4107567662000007e-06,1.0745732847640118e-05,0.6906,0.4895,0.48,0.314
UBA6,ENSG00000033178,1.1357,3.4712903117308817e-06,1.0931887580294627e-05,0.3431,0.1561,0.251,0.109
MFSD13A,ENSG00000138111,-2.6873,3.4906143715040687e-06,1.0988163156963848e-05,0.0374,0.2414,0.027,0.167
COPB1,ENSG00000129083,0.5457,3.507153478150462e-06,1.103562870779956e-05,0.6197,0.4245,0.431,0.279
AHDC1,ENSG00000126705,2.3166,3.5311655978443006e-06,1.110655957190412e-05,0.2362,0.0473,0.175,0.035
HSPBP1,ENSG00000133265,1.0302,3.5419612971360087e-06,1.1132133314452882e-05,0.3675,0.1799,0.27,0.127
UBAP2,ENSG00000137073,0.918,3.5422433471799775e-06,1.1132133314452882e-05,0.3903,0.2065,0.283,0.138
HNRNPLL,ENSG00000143889,0.9054,3.5520344062874725e-06,1.11582619291068e-05,0.3846,0.2053,0.286,0.14
CPTP,ENSG00000224051,1.6993,3.5671482601060196e-06,1.1201082753574804e-05,0.2688,0.0827,0.202,0.061
ERBB4,ENSG00000178568,-2.7811,3.5764359240933816e-06,1.1225580974875569e-05,0.0492,0.3388,0.038,0.175
ENSG00000275895,ENSG00000275895,1.6879,3.6107532957944113e-06,1.1328588517328396e-05,0.2614,0.0811,0.197,0.053
CHST15,ENSG00000182022,1.9507,3.6509957080600177e-06,1.1450092392857383e-05,0.2502,0.0646,0.186,0.045
BLOC1S4,ENSG00000186222,1.0619,3.6688460501361693e-06,1.1501299547211104e-05,0.345,0.1652,0.261,0.119
TCEAL8,ENSG00000180964,-0.4738,3.6752692551242264e-06,1.1516656666305902e-05,0.5481,0.7612,0.394,0.461
PNMA1,ENSG00000176903,3.0232,3.7215201532355243e-06,1.1656751557916412e-05,0.197,0.0241,0.159,0.019
THOC2,ENSG00000125676,-0.54,3.7379185883917014e-06,1.1703263545503234e-05,0.5175,0.7525,0.364,0.446
NRP2,ENSG00000118257,0.6758,3.741781269436404e-06,1.1710504345729921e-05,0.5355,0.3352,0.361,0.215
TIMM17B,ENSG00000126768,0.4828,3.7450526803362333e-06,1.1715889440969044e-05,0.7008,0.5014,0.491,0.321
RPAIN,ENSG00000129197,0.4411,3.7533922850771475e-06,1.1737118672913018e-05,0.8028,0.5913,0.55,0.375
CAPZA1,ENSG00000116489,0.5424,3.852114414035564e-06,1.2040845841141369e-05,0.6056,0.4158,0.431,0.274
POLR2B,ENSG00000047315,0.7694,3.897300608013591e-06,1.2177049666477535e-05,0.4431,0.2599,0.323,0.178
SUDS3,ENSG00000111707,0.7727,3.905035710010712e-06,1.219617395168703e-05,0.4423,0.2588,0.323,0.175
NME3,ENSG00000103024,0.4109,3.90761734574408e-06,1.2199193821114265e-05,0.9264,0.6968,0.623,0.427
ATOSB,ENSG00000005238,3.4029,3.94852061222336e-06,1.2321798110428536e-05,0.2038,0.0192,0.154,0.014
C8orf34-AS1,ENSG00000248801,-2.2148,3.969964757623517e-06,1.2378491020984593e-05,0.0636,0.2957,0.049,0.185
CBX3,ENSG00000122565,0.4197,3.969650137597706e-06,1.2378491020984593e-05,0.9351,0.699,0.617,0.426
PLBD2,ENSG00000151176,1.9635,4.0368868323443e-06,1.2581963703944386e-05,0.2499,0.064,0.186,0.046
SPNS1,ENSG00000169682,0.9985,4.1561992047564286e-06,1.2948488656467966e-05,0.3688,0.1846,0.272,0.13
PITPNM1,ENSG00000110697,2.0494,4.172448566718199e-06,1.2993754707978562e-05,0.2508,0.0605,0.183,0.044
SNX4,ENSG00000114520,0.7572,4.1839034390411245e-06,1.3024058707027481e-05,0.4306,0.2547,0.323,0.175
MCC,ENSG00000171444,3.9157,4.1978218316248595e-06,1.306200326932694e-05,0.2091,0.0138,0.148,0.008
PET100,ENSG00000229833,0.3861,4.206238493122987e-06,1.3082804370335185e-05,1.1443,0.8756,0.725,0.512
FNDC3A,ENSG00000102531,0.6103,4.233369843595164e-06,1.316177332031336e-05,0.5184,0.3396,0.367,0.215
COPA,ENSG00000122218,0.54,4.240737417228029e-06,1.3176613652452595e-05,0.5987,0.4117,0.429,0.273
BAZ2B,ENSG00000123636,0.5157,4.241631290902013e-06,1.3176613652452595e-05,0.5866,0.4102,0.418,0.256
EIF2B2,ENSG00000119718,1.3601,4.287684822789823e-06,1.3314204207224462e-05,0.3061,0.1192,0.226,0.086
PAFAH1B1,ENSG00000007168,0.4625,4.290847357989475e-06,1.3318550447662484e-05,0.7171,0.5204,0.491,0.327
SIK1,ENSG00000142178,2.0632,4.296274047581241e-06,1.332991804085268e-05,0.2603,0.0622,0.181,0.04
ZDHHC16,ENSG00000171307,0.6866,4.335358213938915e-06,1.3445661455791667e-05,0.4737,0.2943,0.353,0.201
RASSF4,ENSG00000107551,1.7822,4.345296715417609e-06,1.3470954733270428e-05,0.2608,0.0757,0.194,0.055
ZNF217,ENSG00000171940,4.3905,4.348271076522033e-06,1.3474646424579146e-05,0.1917,0.009,0.146,0.006
BDH2,ENSG00000164039,0.4898,4.356288670823075e-06,1.3493956911877134e-05,0.6949,0.4948,0.48,0.32
TMEM222,ENSG00000186501,0.928,4.375934115756928e-06,1.3549255018255572e-05,0.376,0.1976,0.283,0.14
DGKZ,ENSG00000149091,1.8034,4.415944501668186e-06,1.3667538185212268e-05,0.2595,0.0743,0.194,0.055
BRD9,ENSG00000028310,1.0822,4.4668614838262075e-06,1.3819467039437756e-05,0.3322,0.1568,0.251,0.107
RHBDF1,ENSG00000007384,2.1967,4.484979972131046e-06,1.3869841870425728e-05,0.2446,0.0533,0.178,0.039
CP,ENSG00000047457,2.5547,4.505062657737109e-06,1.3920551484336956e-05,0.2453,0.0417,0.164,0.024
LGALSL,ENSG00000119862,-1.4132,4.504115661621948e-06,1.3920551484336956e-05,0.1336,0.3559,0.1,0.232
CES2,ENSG00000172831,1.1593,4.5081417126398756e-06,1.3924370661894626e-05,0.3498,0.1566,0.251,0.113
AGPAT3,ENSG00000160216,0.8681,4.58806504957013e-06,1.4165439905803976e-05,0.4137,0.2266,0.296,0.154
COA4,ENSG00000181924,0.4791,4.658574986361621e-06,1.4377260629886457e-05,0.7006,0.5026,0.499,0.327
APOD,ENSG00000189058,2.0173,4.6639568817284495e-06,1.4387992748655957e-05,0.2622,0.0647,0.178,0.037
PHTF1,ENSG00000116793,1.4818,4.668487175842873e-06,1.4396090046323636e-05,0.282,0.1009,0.21,0.071
ANXA8,ENSG00000265190,6.7368,4.695018546110533e-06,1.447199719129542e-05,0.2034,0.0018,0.14,0.001
MAN1B1,ENSG00000177239,1.1775,4.774605794688204e-06,1.471131597833172e-05,0.3274,0.1447,0.243,0.102
ABTB1,ENSG00000114626,1.1992,4.781369189872438e-06,1.4726149298608342e-05,0.3268,0.1423,0.24,0.099
MLF2,ENSG00000089693,0.4078,4.8296032233820845e-06,1.4868643990485593e-05,1.0554,0.7956,0.69,0.483
TNIP2,ENSG00000168884,1.0444,4.850017971953617e-06,1.4925411722244228e-05,0.3608,0.1749,0.264,0.125
C11orf24,ENSG00000171067,1.3438,4.8990432250339055e-06,1.5064009591017972e-05,0.2926,0.1152,0.224,0.084
HLA-DQB1,ENSG00000179344,-0.2828,4.898914940880613e-06,1.5064009591017972e-05,0.7987,0.9716,0.534,0.553
GOLGA3,ENSG00000090615,0.8106,4.9291503400103965e-06,1.515041937297744e-05,0.4431,0.2526,0.313,0.172
GOT2,ENSG00000125166,0.8677,4.941035787125227e-06,1.5180774856336353e-05,0.4044,0.2216,0.296,0.155
C1orf52,ENSG00000162642,0.9696,4.958136770957497e-06,1.522093592222019e-05,0.3967,0.2025,0.28,0.142
VPS36,ENSG00000136100,0.6062,4.957358225362614e-06,1.522093592222019e-05,0.5491,0.3607,0.388,0.241
PCMTD1,ENSG00000168300,0.5906,5.057969556954497e-06,1.552110479398506e-05,0.5672,0.3766,0.396,0.246
HS3ST1,ENSG00000002587,4.8806,5.124519507835345e-06,1.571893823860984e-05,0.2056,0.0069,0.143,0.005
GGH,ENSG00000137563,2.1913,5.1902802641318674e-06,1.5914191313115364e-05,0.2354,0.0515,0.175,0.037
IER3IP1,ENSG00000134049,-0.608,5.213105607609087e-06,1.597769284603921e-05,0.4203,0.6406,0.313,0.4
ACAA2,ENSG00000167315,0.5137,5.250950277824557e-06,1.6087157075816923e-05,0.6594,0.4618,0.458,0.302
EIF4A2,ENSG00000156976,-0.1139,5.276922915093604e-06,1.6160175364220582e-05,1.0317,1.1164,0.666,0.617
SMIM30,ENSG00000214194,-0.7677,5.368309115834258e-06,1.6433377378495874e-05,0.3212,0.547,0.243,0.349
TSC2,ENSG00000103197,1.1988,5.403425951509018e-06,1.6534177020514632e-05,0.3243,0.1412,0.237,0.097
POLR2G,ENSG00000168002,0.5354,5.4720381783883965e-06,1.6737347545637383e-05,0.6081,0.4195,0.434,0.279
TMEM25,ENSG00000149582,1.8578,5.4810302202884965e-06,1.67580669017724e-05,0.2455,0.0677,0.189,0.051
SCAP,ENSG00000114650,1.14,5.4917534767990205e-06,1.6784060484310923e-05,0.3345,0.1517,0.245,0.106
YIPF5,ENSG00000145817,0.7543,5.512542082486551e-06,1.6840782625631173e-05,0.4743,0.2812,0.334,0.196
EDEM1,ENSG00000134109,-1.1447,5.557239675577354e-06,1.697047120007555e-05,0.1839,0.4068,0.146,0.269
MED15,ENSG00000099917,0.8889,5.596015183681994e-06,1.7081977661704026e-05,0.4049,0.2186,0.288,0.148
UPF3A,ENSG00000169062,0.5082,5.620399542299263e-06,1.7149482448332364e-05,0.6446,0.4532,0.453,0.296
TNS2,ENSG00000111077,-1.8336,5.635196292267494e-06,1.7187689942705256e-05,0.0838,0.2988,0.067,0.2
GUCD1,ENSG00000138867,-0.928,5.656062724848706e-06,1.7244372028342197e-05,0.2438,0.4639,0.178,0.303
NIFK,ENSG00000155438,0.6703,5.6765599377590786e-06,1.7299883150371052e-05,0.4955,0.3113,0.356,0.209
DYNLT1,ENSG00000146425,0.38,5.679219447241942e-06,1.7301009243513255e-05,1.3379,1.0281,0.814,0.585
GBP3,ENSG00000117226,1.9789,5.69757294770411e-06,1.7349924877027228e-05,0.2515,0.0637,0.183,0.046
PCSK9,ENSG00000169174,-2.518,5.7226784307811805e-06,1.7419353563477768e-05,0.0441,0.2532,0.035,0.171
IFT43,ENSG00000119650,0.7874,5.728934071177251e-06,1.743137209333231e-05,0.4091,0.237,0.305,0.158
EXOSC4,ENSG00000178896,0.7034,5.7460961251865854e-06,1.747655242583923e-05,0.4598,0.2823,0.34,0.192
ATL1,ENSG00000198513,3.6304,5.763007635525458e-06,1.7520934682653857e-05,0.1988,0.016,0.148,0.01
BMAL2,ENSG00000029153,4.0279,5.865786346821613e-06,1.782623324627405e-05,0.2043,0.0124,0.146,0.008
SF3B1,ENSG00000115524,0.3967,5.929525177288823e-06,1.8012691079379598e-05,0.9203,0.699,0.612,0.43
APLP2,ENSG00000084234,0.1235,5.93707636630991e-06,1.8028381007826113e-05,1.6617,1.5253,0.943,0.765
YIPF2,ENSG00000130733,0.6519,5.944791147811975e-06,1.804455489020469e-05,0.5076,0.323,0.367,0.221
TST,ENSG00000128311,-0.6188,5.97341934513941e-06,1.8124169940774395e-05,0.4236,0.6505,0.313,0.396
AHSA1,ENSG00000100591,0.649,5.996416852743972e-06,1.8186643646118308e-05,0.5003,0.319,0.367,0.22
LRRC59,ENSG00000108829,0.5167,6.077892639484472e-06,1.8426355895387314e-05,0.6482,0.4531,0.456,0.296
DDX56,ENSG00000136271,0.9583,6.146703643696407e-06,1.8627495398365965e-05,0.349,0.1796,0.27,0.128
UNC13B,ENSG00000198722,-0.8211,6.180106083894905e-06,1.8721211493113877e-05,0.344,0.6079,0.253,0.355
SPIRE1,ENSG00000134278,-1.2511,6.1876415235265324e-06,1.873652573556832e-05,0.1782,0.4243,0.132,0.258
GPD1L,ENSG00000152642,-1.4807,6.208047244970209e-06,1.8790784028745966e-05,0.118,0.3296,0.086,0.22
CCNL2,ENSG00000221978,0.5809,6.215131951250627e-06,1.880469438994733e-05,0.5503,0.3679,0.388,0.24
PAF1,ENSG00000006712,0.9167,6.256992170657626e-06,1.8923769355211515e-05,0.3948,0.2091,0.286,0.146
HTATSF1,ENSG00000102241,0.7813,6.288849358977282e-06,1.901250776593572e-05,0.4244,0.2469,0.315,0.172
PARP12,ENSG00000059378,2.084,6.358461417094737e-06,1.9215270402460292e-05,0.2445,0.0576,0.178,0.041
F11R,ENSG00000158769,0.4319,6.370492264960175e-06,1.9243930052688572e-05,0.8218,0.6092,0.547,0.384
RAB8A,ENSG00000167461,0.7815,6.415179452888961e-06,1.9371175366337372e-05,0.427,0.2483,0.318,0.177
CFAP298,ENSG00000159079,0.6443,6.476569624443662e-06,1.9548734923160956e-05,0.5013,0.3207,0.364,0.219
WDFY1,ENSG00000085449,1.3672,6.541228010160403e-06,1.973601342522438e-05,0.2966,0.1149,0.218,0.081
TNFAIP8,ENSG00000145779,0.954,6.568690588524144e-06,1.981096103644707e-05,0.3697,0.1908,0.267,0.125
NLN,ENSG00000123213,2.381,6.727102516701911e-06,2.0278825943477184e-05,0.2131,0.0408,0.167,0.03
PTPA,ENSG00000119383,0.7665,6.729188172110828e-06,2.0278825943477184e-05,0.4611,0.271,0.323,0.186
PTCHD4,ENSG00000244694,4.8747,6.742411694614079e-06,2.0310574303353016e-05,0.1948,0.0065,0.14,0.003
PICALM,ENSG00000073921,0.6343,6.816466431757428e-06,2.0525469865256025e-05,0.4975,0.3205,0.356,0.21
CADM4,ENSG00000105767,2.8651,6.850866555032638e-06,2.0620835387757602e-05,0.2281,0.0312,0.159,0.023
ASPH,ENSG00000198363,-0.1467,6.867153952201211e-06,2.066162808000006e-05,1.0446,1.1564,0.679,0.636
ALPK3,ENSG00000136383,2.918,6.931601639155839e-06,2.0847233433050307e-05,0.2283,0.0301,0.156,0.02
APOH,ENSG00000091583,-3.6466,6.94413047007976e-06,2.086937650843521e-05,0.0185,0.2331,0.013,0.149
SLC29A1,ENSG00000112759,1.2507,6.944488754759249e-06,2.086937650843521e-05,0.3038,0.1276,0.229,0.09
RILP,ENSG00000167705,-0.9579,7.024829386319879e-06,2.1102419886141822e-05,0.2358,0.4582,0.178,0.298
SDCBP,ENSG00000137575,0.407,7.0934332322069945e-06,2.130003500370582e-05,0.929,0.7006,0.615,0.428
CARD11,ENSG00000198286,6.2037,7.162308536835931e-06,2.1498307904567128e-05,0.1727,0.0022,0.137,0.001
LPAR2,ENSG00000064547,2.5024,7.2364803339005136e-06,2.171231490175472e-05,0.2199,0.0387,0.164,0.028
INO80E,ENSG00000169592,0.7039,7.288461798715212e-06,2.185959860630942e-05,0.4435,0.2722,0.329,0.182
MRPL19,ENSG00000115364,0.6433,7.456138953038968e-06,2.235362293262278e-05,0.4792,0.3068,0.358,0.211
HYI,ENSG00000178922,-0.4731,7.49150088245559e-06,2.2450729538656082e-05,0.5453,0.757,0.394,0.459
SPAG9,ENSG00000008294,-0.3402,7.499787898871671e-06,2.2466652488491465e-05,0.7449,0.943,0.501,0.532
NSMCE1,ENSG00000169189,0.699,7.675459322988136e-06,2.298378723153998e-05,0.4774,0.294,0.342,0.2
MAT2B,ENSG00000038274,0.6386,7.683743457586637e-06,2.299947774249883e-05,0.4965,0.3189,0.364,0.215
IGSF3,ENSG00000143061,1.073,7.768651608718449e-06,2.3244420952026884e-05,0.3678,0.1748,0.256,0.121
PPP1R15A,ENSG00000087074,0.3932,7.805429242395289e-06,2.3345216914606656e-05,1.0221,0.7782,0.644,0.453
NTN1,ENSG00000065320,6.0739,7.853650285564469e-06,2.3480145590597374e-05,0.2021,0.0029,0.137,0.002
SLC2A3,ENSG00000059804,-1.9608,7.866557252247953e-06,2.3509430395859683e-05,0.0793,0.3092,0.062,0.192
GSTM1,ENSG00000134184,2.1222,7.885753429191821e-06,2.355748009392812e-05,0.2252,0.0516,0.173,0.036
CCAR1,ENSG00000060339,0.654,7.97749732763207e-06,2.382213134792897e-05,0.4841,0.3076,0.348,0.204
UQCC5,ENSG00000168273,-0.5334,8.01891887731997e-06,2.3936361958969723e-05,0.4889,0.7076,0.35,0.428
SEPHS2,ENSG00000179918,0.9184,8.06137236166191e-06,2.405358143457967e-05,0.3556,0.1881,0.27,0.123
FRY,ENSG00000073910,-1.4985,8.173680389867729e-06,2.4379058565120684e-05,0.1174,0.3318,0.081,0.214
TXNDC17,ENSG00000129235,0.3675,8.288119557589783e-06,2.4710632698338917e-05,1.4086,1.0919,0.83,0.608
CRELD1,ENSG00000163703,1.1239,8.305533889801324e-06,2.475278443291874e-05,0.3267,0.1498,0.243,0.105
ZC3H15,ENSG00000065548,0.4211,8.3654754897583e-06,2.492159594839273e-05,0.8256,0.6165,0.563,0.386
ZNHIT1,ENSG00000106400,0.3787,8.405594350876781e-06,2.5031243721274765e-05,1.0822,0.8323,0.701,0.5
WIPF1,ENSG00000115935,2.959,8.48226229333007e-06,2.5249602689562128e-05,0.2007,0.0257,0.154,0.018
IGF1R,ENSG00000140443,1.156,8.582601177979248e-06,2.553822445830375e-05,0.3211,0.144,0.229,0.091
MYCBP,ENSG00000214114,1.1456,8.681633979054886e-06,2.5822734138488053e-05,0.3195,0.1443,0.237,0.099
PANK2,ENSG00000125779,1.1466,8.691175280138584e-06,2.5840940276051556e-05,0.3136,0.1416,0.237,0.1
HSPA1A,ENSG00000204389,0.4315,8.775706380233012e-06,2.6082006964067823e-05,0.8713,0.646,0.544,0.355
NDUFV3,ENSG00000160194,-0.6685,8.781758269507565e-06,2.6089730132178394e-05,0.3677,0.5845,0.275,0.372
FAM83H,ENSG00000180921,0.9858,8.802409483404044e-06,2.6140803320407845e-05,0.3505,0.1769,0.261,0.123
PCSK2,ENSG00000125851,-4.1519,8.845205713013341e-06,2.625757530916141e-05,0.0132,0.2363,0.008,0.143
ZDHHC13,ENSG00000177054,1.7352,8.869394187615355e-06,2.6308705570252848e-05,0.2578,0.0774,0.189,0.053
C5orf46,ENSG00000178776,9.6519,8.86667831787283e-06,2.6308705570252848e-05,0.1957,0.0001,0.135,0.0
SMARCD1,ENSG00000066117,1.1398,8.967010394650787e-06,2.6587819282412357e-05,0.3346,0.1518,0.243,0.108
ECHDC1,ENSG00000093144,-0.3693,9.000465273775572e-06,2.667654576044506e-05,0.6342,0.8193,0.458,0.49
UBTD2,ENSG00000168246,1.7265,9.201602570113498e-06,2.7262002908708817e-05,0.2299,0.0694,0.183,0.047
TMC5,ENSG00000103534,0.3846,9.221316517392962e-06,2.7309700622855283e-05,0.9373,0.7179,0.609,0.419
BPGM,ENSG00000172331,1.4122,9.261809155049575e-06,2.7418874673354054e-05,0.3034,0.1139,0.216,0.082
SDC2,ENSG00000169439,-1.3579,9.342590986263905e-06,2.7647189542194987e-05,0.1306,0.3349,0.1,0.229
CDC42BPG,ENSG00000171219,2.4931,9.436046087708583e-06,2.7912814484196687e-05,0.2186,0.0387,0.162,0.027
NR2F2,ENSG00000185551,1.2703,9.470929829741998e-06,2.800503908559718e-05,0.3216,0.1333,0.229,0.096
TTC39C,ENSG00000168234,2.7774,9.525061471415705e-06,2.8154084278773734e-05,0.1879,0.0273,0.154,0.019
SORBS3,ENSG00000120896,0.9731,9.563664493206146e-06,2.825713150026298e-05,0.3391,0.1727,0.259,0.119
NUCB1,ENSG00000104805,0.3962,9.569747731235938e-06,2.82640516456167e-05,0.9919,0.7537,0.655,0.458
LMF2,ENSG00000100258,0.9268,9.71167406221686e-06,2.8672019359143563e-05,0.3796,0.1996,0.275,0.138
TBC1D7,ENSG00000145979,1.467,9.845600785922994e-06,2.9056060131893836e-05,0.2815,0.1018,0.208,0.073
RNASET2,ENSG00000026297,1.0027,1.0157086402053771e-05,2.9963603189190254e-05,0.3504,0.1748,0.259,0.122
RBM15B,ENSG00000259956,1.1058,1.0193736167875283e-05,3.005998311799288e-05,0.32,0.1486,0.243,0.106
NABP1,ENSG00000173559,1.3137,1.026220969470446e-05,3.025009529593921e-05,0.3139,0.1262,0.221,0.087
SUCO,ENSG00000094975,0.718,1.038599139220195e-05,3.060302845869179e-05,0.4429,0.2692,0.321,0.18
TEX9,ENSG00000151575,2.1653,1.0470540976174886e-05,3.0840131413255857e-05,0.2147,0.0478,0.167,0.032
ATP13A2,ENSG00000159363,1.4316,1.0505076650794868e-05,3.092979504939798e-05,0.2735,0.1013,0.208,0.073
ASAP2,ENSG00000151693,1.3026,1.0559490463589586e-05,3.107789265774029e-05,0.2955,0.1197,0.216,0.08
SBNO2,ENSG00000064932,1.041,1.0693456923686261e-05,3.145991707883555e-05,0.3255,0.1581,0.243,0.104
PRKD2,ENSG00000105287,1.6366,1.0716755409551486e-05,3.1516188057283566e-05,0.2657,0.0854,0.194,0.061
PSMD10,ENSG00000101843,0.9822,1.0788852429533741e-05,3.171586774518576e-05,0.3391,0.1716,0.259,0.12
FRS2,ENSG00000166225,1.1667,1.082028370260916e-05,3.179589396079821e-05,0.3294,0.1467,0.232,0.098
RAP1GAP,ENSG00000076864,-1.273,1.0832880676324573e-05,3.1820534023962736e-05,0.1531,0.3702,0.116,0.241
ENOSF1,ENSG00000132199,-0.7461,1.0890015919406771e-05,3.197593092542486e-05,0.3379,0.5667,0.251,0.354
RIT1,ENSG00000143622,1.0225,1.0909860453040621e-05,3.2021754360031815e-05,0.3451,0.1698,0.256,0.12
APBB2,ENSG00000163697,1.3131,1.1036904408209938e-05,3.23820632248645e-05,0.2895,0.1164,0.208,0.071
ABCC4,ENSG00000125257,-1.312,1.1104040418459626e-05,3.256639183286587e-05,0.1571,0.3901,0.116,0.241
PLXDC2,ENSG00000120594,2.4914,1.1113582824019798e-05,3.258173000988342e-05,0.2122,0.0377,0.159,0.025
MNAT1,ENSG00000020426,0.7303,1.1237213646360644e-05,3.2931399960533226e-05,0.4404,0.2654,0.315,0.176
HNRNPH3,ENSG00000096746,0.4576,1.1302087933568087e-05,3.310867558670294e-05,0.6936,0.5051,0.488,0.329
CRIPT,ENSG00000119878,0.7927,1.131807657588185e-05,3.314266222123542e-05,0.3964,0.2288,0.299,0.158
CENPT,ENSG00000102901,1.6479,1.1327794497929086e-05,3.315826711811478e-05,0.2544,0.0811,0.191,0.057
UBQLN1,ENSG00000135018,0.6219,1.135212416382464e-05,3.321661427486257e-05,0.514,0.3339,0.367,0.225
CACNB4,ENSG00000182389,-3.4514,1.1415614968754983e-05,3.338945841616101e-05,0.0225,0.2468,0.016,0.149
KDM5A,ENSG00000073614,0.7108,1.148263058708316e-05,3.3572474491259004e-05,0.4699,0.2871,0.329,0.192
ADAM17,ENSG00000151694,0.8191,1.151976530741498e-05,3.366801814217415e-05,0.4036,0.2287,0.288,0.151
ARL16,ENSG00000214087,0.8272,1.15651782519781e-05,3.3787672735380715e-05,0.4019,0.2265,0.294,0.158
SUCLG2,ENSG00000172340,-0.7971,1.1578601839609167e-05,3.381381403101942e-05,0.3042,0.5286,0.237,0.337
DCTD,ENSG00000129187,0.6361,1.1618083075468133e-05,3.3916003723014584e-05,0.4857,0.3125,0.356,0.213
PHF20L1,ENSG00000129292,0.6362,1.1677104426638633e-05,3.407513477916372e-05,0.4923,0.3167,0.356,0.214
NAXE,ENSG00000163382,0.4023,1.1710706299928565e-05,3.415999463164491e-05,0.9207,0.6966,0.617,0.43
SLC47A1,ENSG00000142494,4.9265,1.1721336578194279e-05,3.417780696574982e-05,0.2021,0.0065,0.137,0.005
BCAM,ENSG00000187244,0.3892,1.1730793446043502e-05,3.419218537224485e-05,1.0913,0.8332,0.682,0.482
PKD2,ENSG00000118762,2.4425,1.184902348167023e-05,3.452347566680238e-05,0.2075,0.0381,0.159,0.025
CCNDBP1,ENSG00000166946,0.6011,1.1858877368921508e-05,3.453886604556746e-05,0.5206,0.3432,0.377,0.232
ATG14,ENSG00000126775,1.5117,1.1907064663202191e-05,3.466584721791621e-05,0.2725,0.0955,0.199,0.066
PDE6D,ENSG00000156973,1.5323,1.2010046111121857e-05,3.495219505759847e-05,0.2681,0.0926,0.199,0.066
TRIP12,ENSG00000153827,0.6034,1.2035469525160697e-05,3.501269628902159e-05,0.516,0.3396,0.364,0.222
ARHGEF3,ENSG00000163947,1.3852,1.2045774549906728e-05,3.502918657603746e-05,0.2665,0.1019,0.202,0.067
FARSA,ENSG00000179115,0.8798,1.2077348101259978e-05,3.5107489382462154e-05,0.3692,0.2006,0.278,0.141
MBOAT7,ENSG00000125505,0.7793,1.2111133924899794e-05,3.519216030869921e-05,0.4003,0.2332,0.302,0.162
GRSF1,ENSG00000132463,0.4848,1.21854126385262e-05,3.5394383884684905e-05,0.6513,0.4654,0.461,0.305
ESYT2,ENSG00000117868,0.737,1.2311415839415786e-05,3.574663592113231e-05,0.4311,0.2586,0.307,0.17
PHETA1,ENSG00000198324,2.9954,1.261080442275975e-05,3.660185455779866e-05,0.1999,0.025,0.151,0.019
LAYN,ENSG00000204381,4.6858,1.2676538954047148e-05,3.677851451529424e-05,0.1836,0.007,0.137,0.005
IL18,ENSG00000150782,0.547,1.2986018051975078e-05,3.766194486858799e-05,0.6088,0.4167,0.415,0.268
DAPP1,ENSG00000070190,4.4683,1.3089019459397014e-05,3.7946102078182826e-05,0.1842,0.0082,0.137,0.005
SMIM14,ENSG00000163683,0.3981,1.3138670664017348e-05,3.807543416442312e-05,0.908,0.689,0.609,0.428
LDLRAD4,ENSG00000168675,2.9816,1.315647030361089e-05,3.811239767782986e-05,0.1962,0.0248,0.146,0.013
LYN,ENSG00000254087,0.5263,1.3222264080332278e-05,3.828831166228837e-05,0.5551,0.3854,0.391,0.243
HMGB2,ENSG00000164104,-1.5537,1.3371533386119628e-05,3.870059184648074e-05,0.1073,0.3151,0.084,0.21
SANBR,ENSG00000162929,2.9427,1.337488356203325e-05,3.870059184648074e-05,0.2051,0.0266,0.151,0.019
PIGC,ENSG00000135845,0.8608,1.3440708885295386e-05,3.887616984242215e-05,0.3688,0.203,0.28,0.143
DUSP5,ENSG00000138166,1.4772,1.3446096003066433e-05,3.887686770117371e-05,0.2821,0.1013,0.202,0.069
COPS5,ENSG00000121022,0.6097,1.3485889654578541e-05,3.897700701619773e-05,0.5006,0.328,0.367,0.225
GAPDH,ENSG00000111640,0.12,1.3547486643809335e-05,3.914006179502085e-05,1.8532,1.7053,0.962,0.81
SNRPD1,ENSG00000167088,0.3983,1.3882414114261571e-05,4.0092369508121625e-05,0.9191,0.6974,0.612,0.428
CHRNB1,ENSG00000170175,2.0625,1.3911606053026315e-05,4.0161323550100805e-05,0.2292,0.0548,0.173,0.041
MYO1C,ENSG00000197879,0.6224,1.3924134798733532e-05,4.018213842797243e-05,0.5237,0.3402,0.367,0.23
KDELR3,ENSG00000100196,1.8204,1.4008635563099784e-05,4.041055428759789e-05,0.2372,0.0671,0.181,0.048
GOLPH3L,ENSG00000143457,1.0597,1.4059500271808737e-05,4.0541803264700385e-05,0.3186,0.1528,0.243,0.107
WNT10A,ENSG00000135925,8.0017,1.4203215058063615e-05,4.0940591287169256e-05,0.1892,0.0006,0.132,0.0
TMEM47,ENSG00000147027,4.4798,1.4453673060250876e-05,4.1646643772004334e-05,0.1889,0.0084,0.137,0.006
PTBP1,ENSG00000011304,0.5275,1.4526002545793237e-05,4.18390961622066e-05,0.6146,0.4264,0.42,0.282
TENT5C,ENSG00000183508,-2.1642,1.4579748443855915e-05,4.197789614837326e-05,0.0569,0.2556,0.043,0.173
RRAS,ENSG00000126458,0.7578,1.4593578631110353e-05,4.2001709164967126e-05,0.4496,0.2659,0.315,0.18
HSBP1L1,ENSG00000226742,-0.4134,1.4601591298739758e-05,4.2008767045688835e-05,0.592,0.7886,0.429,0.473
SUMF1,ENSG00000144455,0.7952,1.4707605740379143e-05,4.2297663254116646e-05,0.3747,0.2159,0.278,0.138
TMEM248,ENSG00000106609,0.4751,1.4742493923984014e-05,4.238186514296013e-05,0.6593,0.4743,0.464,0.314
ASRGL1,ENSG00000162174,-1.1722,1.477893504632087e-05,4.2470465680849817e-05,0.17,0.3833,0.129,0.249
SMAD7,ENSG00000101665,1.7092,1.4868375288060877e-05,4.2711245361710995e-05,0.2451,0.0749,0.186,0.054
ARAP2,ENSG00000047365,0.8455,1.4901026792778928e-05,4.2788771349085825e-05,0.3825,0.2128,0.27,0.133
NAPRT,ENSG00000147813,0.9786,1.5040934755546587e-05,4.317411173182161e-05,0.3368,0.1709,0.253,0.117
CDC42BPA,ENSG00000143776,0.7224,1.5102514032614554e-05,4.3334406956476624e-05,0.4323,0.262,0.307,0.169
ZC3H11A,ENSG00000058673,-1.5258,1.5145083449757031e-05,4.344005522510037e-05,0.1073,0.3092,0.084,0.21
ARID1A,ENSG00000117713,0.632,1.5182850897297795e-05,4.353185522925421e-05,0.4827,0.3114,0.345,0.206
IVD,ENSG00000128928,-0.8719,1.528527205340394e-05,4.380888860526054e-05,0.2613,0.4783,0.202,0.309
RANGAP1,ENSG00000100401,1.5054,1.5342075076864884e-05,4.395501600520068e-05,0.2676,0.0942,0.199,0.068
SIRT6,ENSG00000077463,1.5298,1.5353154070562657e-05,4.397008301861291e-05,0.2587,0.0895,0.197,0.065
SERPINB8,ENSG00000166401,1.6705,1.537074329334996e-05,4.400377627179194e-05,0.2511,0.0788,0.189,0.057
SELENON,ENSG00000162430,0.9957,1.5419020904571496e-05,4.412526626289305e-05,0.3663,0.1836,0.261,0.131
PPID,ENSG00000171497,1.3089,1.5463594739589026e-05,4.423606901082737e-05,0.273,0.1101,0.213,0.08
AGFG1,ENSG00000173744,0.7621,1.5575179966402186e-05,4.4538412053810946e-05,0.4272,0.2519,0.302,0.167
FNTA,ENSG00000168522,0.7556,1.5604263280319812e-05,4.4604695074845325e-05,0.4168,0.2468,0.307,0.171
MFAP1,ENSG00000140259,0.9294,1.5632231963198116e-05,4.466774299620339e-05,0.3642,0.1912,0.267,0.133
LENG8,ENSG00000167615,0.5247,1.571720661747001e-05,4.489357126464496e-05,0.5849,0.4066,0.404,0.26
HK1,ENSG00000156515,0.6862,1.572932587037142e-05,4.49112082202026e-05,0.4431,0.2754,0.323,0.186
CDC16,ENSG00000130177,0.9476,1.5744585326143823e-05,4.4937794536840414e-05,0.373,0.1934,0.267,0.135
TCTN1,ENSG00000204852,1.1158,1.587426990156518e-05,4.5290826701784335e-05,0.3155,0.1455,0.235,0.101
CERS6,ENSG00000172292,1.6448,1.5942662247991242e-05,4.546878568651333e-05,0.2643,0.0845,0.189,0.057
EIF4G3,ENSG00000075151,0.9099,1.5958118925996162e-05,4.5495693768264534e-05,0.3436,0.1828,0.256,0.119
MRPL51,ENSG00000111639,0.3857,1.6025661185879552e-05,4.5671018581410794e-05,1.082,0.8282,0.704,0.497
PRRC1,ENSG00000164244,0.8384,1.617360809301731e-05,4.6075267399225404e-05,0.3998,0.2235,0.291,0.158
PPP1R9B,ENSG00000108819,1.7916,1.6223480898649234e-05,4.619992393113267e-05,0.2578,0.0744,0.183,0.053
ZNF267,ENSG00000185947,2.3339,1.63346094434811e-05,4.649885996439326e-05,0.2159,0.0427,0.162,0.031
IL4R,ENSG00000077238,0.8359,1.6471781899937038e-05,4.6863333678279426e-05,0.3864,0.2164,0.278,0.142
B4GALNT3,ENSG00000139044,0.9631,1.647505152210591e-05,4.6863333678279426e-05,0.35,0.1795,0.248,0.113
SUSD4,ENSG00000143502,2.4048,1.6599756533421004e-05,4.720028626646431e-05,0.2139,0.0403,0.159,0.028
EBNA1BP2,ENSG00000117395,0.5969,1.6623238656372337e-05,4.724927315609218e-05,0.5311,0.3511,0.377,0.236
RNF38,ENSG00000137075,1.2979,1.671541187884621e-05,4.7493394789275334e-05,0.2748,0.1117,0.208,0.074
LAMA3,ENSG00000053747,0.958,1.6926368142299726e-05,4.807470350190768e-05,0.3706,0.1907,0.253,0.119
KLHL5,ENSG00000109790,2.9741,1.6956591041197028e-05,4.814244468855451e-05,0.2036,0.0258,0.148,0.018
TFF3,ENSG00000160180,1.7678,1.701255473920828e-05,4.8283189727542655e-05,0.2492,0.0731,0.178,0.045
URM1,ENSG00000167118,0.7587,1.7124586527132724e-05,4.858289568625149e-05,0.4365,0.258,0.313,0.179
NIN,ENSG00000100503,2.2917,1.716109486189489e-05,4.866819507568164e-05,0.2318,0.0473,0.164,0.034
YKT6,ENSG00000106636,0.977,1.721386537706165e-05,4.879953205392149e-05,0.348,0.1768,0.259,0.127
DUSP11,ENSG00000144048,1.2294,1.733102006196302e-05,4.911322451917878e-05,0.2989,0.1274,0.224,0.092
DPAGT1,ENSG00000172269,1.1516,1.7405811575150247e-05,4.930667658427451e-05,0.3041,0.1368,0.229,0.097
TMEM208,ENSG00000168701,0.3945,1.7481775569022335e-05,4.950330375710785e-05,0.8886,0.676,0.601,0.421
SOCS3,ENSG00000184557,-0.5474,1.7758923592688245e-05,5.026926479683765e-05,0.5134,0.7504,0.35,0.41
ANKIB1,ENSG00000001629,1.0434,1.81618642436691e-05,5.1390593393603014e-05,0.313,0.1518,0.237,0.103
ABR,ENSG00000159842,0.895,1.8200476528206857e-05,5.148056913912497e-05,0.3579,0.1924,0.261,0.128
PSMF1,ENSG00000125818,0.4616,1.8293284689611145e-05,5.172371475674109e-05,0.6711,0.4873,0.472,0.318
ARB2A,ENSG00000113391,0.8685,1.8304126566334615e-05,5.173500793440256e-05,0.3341,0.183,0.251,0.113
ZNF532,ENSG00000074657,1.8645,1.8314070330518818e-05,5.17437551784105e-05,0.243,0.0667,0.175,0.045
ADGRD1,ENSG00000111452,-1.2777,1.847660750056812e-05,5.218346529599707e-05,0.1514,0.3672,0.111,0.234
SCEL,ENSG00000136155,1.2531,1.8487552853312027e-05,5.219486614602854e-05,0.3227,0.1353,0.218,0.086
CEP170B,ENSG00000099814,1.2985,1.850717872546418e-05,5.223075654496895e-05,0.2985,0.1213,0.216,0.086
ESYT3,ENSG00000158220,-1.3374,1.8584505420159043e-05,5.242940196015742e-05,0.1365,0.3452,0.094,0.221
RPL22L1,ENSG00000163584,0.3756,1.8903423112011304e-05,5.328931403404679e-05,1.044,0.8047,0.666,0.471
RMDN2,ENSG00000115841,-1.5416,1.8896435023511663e-05,5.328931403404679e-05,0.1071,0.312,0.081,0.206
PPIB,ENSG00000166794,0.1094,1.918686415739241e-05,5.4048008467225823e-05,1.7413,1.6141,0.943,0.788
PHF11,ENSG00000136147,0.8617,1.9181193674522205e-05,5.4048008467225823e-05,0.3797,0.2089,0.278,0.144
MRPL36,ENSG00000171421,0.5103,1.9194900074613755e-05,5.405049201032684e-05,0.5702,0.4003,0.42,0.268
UBE2R2,ENSG00000107341,0.6311,1.9226128732431526e-05,5.411825729266773e-05,0.4557,0.2942,0.34,0.198
PROM2,ENSG00000155066,2.912,1.9368211189605966e-05,5.449789033053001e-05,0.1973,0.0261,0.148,0.018
HNMT,ENSG00000150540,0.6156,1.9464286291683914e-05,5.4747834301441534e-05,0.48,0.3133,0.35,0.209
PARVA,ENSG00000197702,0.6199,1.9532914365783337e-05,5.492041981149725e-05,0.4556,0.2964,0.34,0.198
CCDC112,ENSG00000164221,1.4554,1.957526150112443e-05,5.501901065513209e-05,0.2776,0.1012,0.202,0.073
ASL,ENSG00000126522,-0.7298,1.963749661013391e-05,5.517340531408022e-05,0.3364,0.5579,0.259,0.349
MAP1LC3A,ENSG00000101460,0.3989,1.9659250828412578e-05,5.521399256827399e-05,0.9231,0.7001,0.601,0.422
HSPA4,ENSG00000170606,0.6577,1.988196981625757e-05,5.581875955474766e-05,0.4849,0.3074,0.342,0.208
PDZD11,ENSG00000120509,0.7911,1.9927976920873956e-05,5.592714176716298e-05,0.3834,0.2215,0.291,0.155
TRAF7,ENSG00000131653,0.7331,1.993777873770558e-05,5.5933872396348176e-05,0.4121,0.2479,0.31,0.175
SREK1IP1,ENSG00000153006,0.5494,1.9959849614185456e-05,5.597500513554978e-05,0.5577,0.381,0.394,0.254
ROMO1,ENSG00000125995,0.3636,2.0186305497148164e-05,5.65890679150109e-05,1.5561,1.2094,0.9,0.657
GTF2B,ENSG00000137947,0.7523,2.0196228268866507e-05,5.659588448489855e-05,0.4034,0.2395,0.299,0.163
TGFBR2,ENSG00000163513,-0.3625,2.0339132570857622e-05,5.697521192911729e-05,0.6915,0.8891,0.464,0.513
ATP2C2,ENSG00000064270,-1.4004,2.0397665542579525e-05,5.711799969391709e-05,0.127,0.3354,0.094,0.219
GTF3A,ENSG00000122034,0.4534,2.053940490172886e-05,5.749359171269416e-05,0.6936,0.5065,0.488,0.329
FRK,ENSG00000111816,1.3277,2.063087304168136e-05,5.7728239196260245e-05,0.2792,0.1112,0.205,0.074
STYXL1,ENSG00000127952,1.2616,2.085228850031178e-05,5.83261901591468e-05,0.2794,0.1165,0.213,0.082
GOLGA4,ENSG00000144674,-0.1905,2.0970271234369306e-05,5.863449266308664e-05,0.9214,1.0515,0.612,0.581
LIMS2,ENSG00000072163,3.0124,2.0979531431753645e-05,5.863868293262996e-05,0.1978,0.0244,0.146,0.016
SULT1E1,ENSG00000109193,7.6604,2.1171263670458447e-05,5.9152698605885196e-05,0.1803,0.0008,0.129,0.0
ZKSCAN1,ENSG00000106261,1.0133,2.120814602765688e-05,5.923384223251303e-05,0.3546,0.1756,0.251,0.12
GNB5,ENSG00000069966,1.3741,2.1230512962048413e-05,5.9274399640900134e-05,0.2757,0.1063,0.205,0.075
SCRIB,ENSG00000180900,1.5377,2.1253944265672453e-05,5.931789764579069e-05,0.2586,0.089,0.194,0.065
BCL9L,ENSG00000186174,0.7759,2.1554463664846213e-05,6.01344065686533e-05,0.3998,0.2335,0.291,0.155
RNF139,ENSG00000170881,1.274,2.1655532532313018e-05,6.0394074670219584e-05,0.3028,0.1251,0.218,0.09
THOC7,ENSG00000163634,0.4276,2.2061098270005253e-05,6.150243447597405e-05,0.7113,0.5288,0.499,0.343
NCLN,ENSG00000125912,0.916,2.2122174321106455e-05,6.16499546277976e-05,0.3375,0.1788,0.259,0.125
TLK1,ENSG00000198586,0.6963,2.241353095090891e-05,6.243887401700473e-05,0.425,0.2622,0.31,0.173
DPP9,ENSG00000142002,0.9009,2.246619674159285e-05,6.256251986094139e-05,0.3695,0.1978,0.267,0.136
B3GNT2,ENSG00000170340,1.0352,2.2498072708765448e-05,6.262820166349409e-05,0.3165,0.1544,0.24,0.108
LPCAT4,ENSG00000176454,2.0021,2.2617162263090236e-05,6.291335084596713e-05,0.2116,0.0527,0.167,0.038
RANBP17,ENSG00000204764,0.9962,2.2611083046828604e-05,6.291335084596713e-05,0.3145,0.1576,0.226,0.092
MFSD1,ENSG00000118855,0.6969,2.2650902521408443e-05,6.29840149242697e-05,0.456,0.2813,0.323,0.189
ZCCHC17,ENSG00000121766,0.7604,2.2803605893576445e-05,6.338529894259383e-05,0.4088,0.2413,0.302,0.17
RALY,ENSG00000125970,0.372,2.281586439483281e-05,6.33960483644582e-05,1.0458,0.8081,0.682,0.485
TMEM127,ENSG00000135956,1.4045,2.2881721637017212e-05,6.355566432634744e-05,0.2879,0.1087,0.208,0.08
GATAD2A,ENSG00000167491,0.8055,2.2910800862801713e-05,6.361304686455971e-05,0.3831,0.2192,0.283,0.15
HS6ST2,ENSG00000171004,4.0672,2.301903732349716e-05,6.389009073439421e-05,0.1806,0.0107,0.135,0.006
RBPJ,ENSG00000168214,0.5044,2.3086016118504642e-05,6.405246117344935e-05,0.5868,0.4136,0.412,0.271
COL16A1,ENSG00000084636,3.3786,2.3107443343381054e-05,6.408837535214532e-05,0.2045,0.0196,0.143,0.015
P3H1,ENSG00000117385,2.3809,2.3384872150503857e-05,6.483402168699326e-05,0.2036,0.039,0.156,0.028
KCMF1,ENSG00000176407,0.7681,2.3400853203151196e-05,6.485452896177816e-05,0.406,0.2383,0.296,0.164
USP33,ENSG00000077254,0.8667,2.3530798070822196e-05,6.519075153100905e-05,0.3593,0.197,0.267,0.134
AEN,ENSG00000181026,1.6835,2.3655083334784595e-05,6.551105373691261e-05,0.2279,0.0709,0.181,0.051
UNC93B1,ENSG00000110057,1.1285,2.3761448394040202e-05,6.578151066946638e-05,0.3151,0.1441,0.232,0.103
MRPL28,ENSG00000086504,0.5478,2.3822930346894426e-05,6.59275599892994e-05,0.5467,0.3739,0.391,0.25
ENSG00000283103,ENSG00000283103,0.7642,2.3841520661145296e-05,6.595484752652974e-05,0.4141,0.2438,0.299,0.166
SHARPIN,ENSG00000179526,0.5229,2.3937012864863493e-05,6.619477752344206e-05,0.5651,0.3933,0.407,0.265
FGF7,ENSG00000140285,-6.0325,2.398489532323791e-05,6.630292139299759e-05,0.0028,0.1867,0.003,0.131
TCP1,ENSG00000120438,0.5425,2.408210722559424e-05,6.654730069106235e-05,0.5438,0.3734,0.394,0.253
CROT,ENSG00000005469,2.5044,2.418146099117698e-05,6.67974178385163e-05,0.226,0.0397,0.156,0.029
RANBP1,ENSG00000099901,0.4144,2.4340408777005417e-05,6.71873541506306e-05,0.8151,0.6115,0.558,0.385
TP53I11,ENSG00000175274,0.5864,2.4337445312134756e-05,6.71873541506306e-05,0.5038,0.3355,0.367,0.227
USP15,ENSG00000135655,0.6279,2.4370062313439634e-05,6.724463870636831e-05,0.4599,0.2976,0.332,0.193
PDCD6,ENSG00000249915,0.3778,2.443780094388175e-05,6.740693177474503e-05,0.9132,0.7028,0.612,0.438
SERTAD4,ENSG00000082497,3.2512,2.4571423536516635e-05,6.775076818189167e-05,0.1879,0.0196,0.143,0.015
DHRS7,ENSG00000100612,0.3853,2.4706943420985217e-05,6.809958319793627e-05,1.1701,0.8959,0.741,0.519
SDR39U1,ENSG00000100445,0.8076,2.4835922741798537e-05,6.843012265291318e-05,0.4049,0.2313,0.288,0.157
MOB1A,ENSG00000114978,0.5318,2.4949759959438076e-05,6.871871545517852e-05,0.5643,0.3903,0.402,0.263
SIN3B,ENSG00000127511,1.3633,2.5023898422125158e-05,6.889779612942988e-05,0.261,0.1014,0.199,0.07
HDLBP,ENSG00000115677,0.3668,2.5119003761046492e-05,6.913445297439208e-05,1.1327,0.8783,0.725,0.519
TMEM63A,ENSG00000196187,1.5425,2.5146501825628086e-05,6.918493127917706e-05,0.2499,0.0857,0.189,0.06
EDC4,ENSG00000038358,2.4248,2.5507831964055128e-05,7.012797324906714e-05,0.2049,0.0381,0.154,0.025
RNFT1,ENSG00000189050,1.2904,2.550411378492436e-05,7.012797324906714e-05,0.2675,0.1093,0.208,0.077
RERG,ENSG00000134533,6.0419,2.5578575406065343e-05,7.029688511925197e-05,0.1742,0.0025,0.129,0.002
PXDC1,ENSG00000168994,1.4695,2.563455727088708e-05,7.042512006601886e-05,0.2741,0.0989,0.197,0.068
YAP1,ENSG00000137693,-0.5639,2.5903009610336218e-05,7.11367639425991e-05,0.4692,0.6936,0.334,0.414
SNTB1,ENSG00000172164,-1.6105,2.598930094169385e-05,7.134780836282597e-05,0.1075,0.3284,0.078,0.202
TSG101,ENSG00000074319,0.5071,2.604866620714094e-05,7.148480682707948e-05,0.5726,0.4029,0.415,0.268
PIGP,ENSG00000185808,-0.6284,2.6693423677271513e-05,7.322760199048159e-05,0.3814,0.5896,0.286,0.374
MMP24,ENSG00000125966,2.0791,2.685696848108846e-05,7.364950884741318e-05,0.2308,0.0545,0.164,0.037
HYAL1,ENSG00000114378,-2.5767,2.686998895815621e-05,7.365847843935781e-05,0.0374,0.2234,0.03,0.156
TUBA1C,ENSG00000167553,0.3582,2.6882363971142408e-05,7.366567276096514e-05,1.0768,0.84,0.668,0.495
ALG3,ENSG00000214160,0.7009,2.6990059319289505e-05,7.393397322597252e-05,0.4141,0.2547,0.313,0.176
HSD17B11,ENSG00000198189,-0.5273,2.7450198659695993e-05,7.516718045451368e-05,0.4924,0.7097,0.342,0.419
RNF10,ENSG00000022840,0.5029,2.747745753874142e-05,7.520734414967314e-05,0.5649,0.3986,0.41,0.266
DCAF13,ENSG00000164934,1.01,2.7484775274288225e-05,7.520734414967314e-05,0.3094,0.1536,0.24,0.109
ATG12,ENSG00000145782,0.6077,2.761681180138224e-05,7.554127920327401e-05,0.4865,0.3192,0.353,0.218
GMFB,ENSG00000197045,0.9109,2.7664304967111153e-05,7.564380167445702e-05,0.3623,0.1926,0.264,0.135
ENSG00000235584,ENSG00000235584,-6.0437,2.7709193669766532e-05,7.573913103295447e-05,0.0032,0.2182,0.003,0.13
RNPEP,ENSG00000176393,0.5695,2.811632021745336e-05,7.682415885817726e-05,0.5385,0.3629,0.377,0.246
CD40,ENSG00000101017,0.9263,2.835865788926183e-05,7.745830092312839e-05,0.3505,0.1844,0.259,0.128
RABGGTA,ENSG00000100949,0.9283,2.8605053619031095e-05,7.810306472417056e-05,0.3392,0.1782,0.256,0.124
GRINA,ENSG00000178719,0.3973,2.879292299742338e-05,7.858762039217256e-05,0.9166,0.6959,0.615,0.422
HARS2,ENSG00000112855,2.1474,2.8999463519555774e-05,7.912276882999056e-05,0.211,0.0475,0.162,0.035
PNPLA8,ENSG00000135241,0.6602,2.903939790209883e-05,7.920312315897352e-05,0.4435,0.2806,0.326,0.191
TM2D1,ENSG00000162604,0.5258,2.9056228012869037e-05,7.922042679077068e-05,0.5469,0.3798,0.396,0.254
ZNF90,ENSG00000213988,-2.2972,2.9072365569093774e-05,7.923583040205752e-05,0.0515,0.2538,0.043,0.166
MICAL3,ENSG00000243156,4.5945,2.9208116808177015e-05,7.957710872188147e-05,0.1823,0.0075,0.132,0.005
PGD,ENSG00000142657,0.4645,2.931686842402461e-05,7.984460740573395e-05,0.6599,0.4782,0.461,0.308
ELMO3,ENSG00000102890,1.0187,2.9360760117963205e-05,7.993533069953587e-05,0.3227,0.1592,0.24,0.11
IFT52,ENSG00000101052,1.3129,2.94174868598238e-05,8.006091974998877e-05,0.2794,0.1124,0.208,0.08
CXCL6,ENSG00000124875,5.422,2.9500637338891084e-05,8.025830575992875e-05,0.1958,0.0045,0.129,0.003
C16orf87,ENSG00000155330,1.311,2.9772242453798238e-05,8.096806758043401e-05,0.2905,0.117,0.21,0.083
ZNF292,ENSG00000188994,0.6271,2.99154243071256e-05,8.132818662840371e-05,0.4804,0.311,0.337,0.202
EI24,ENSG00000149547,0.3907,2.9926964796871312e-05,8.133029461883552e-05,0.8933,0.6813,0.601,0.425
TMEM9,ENSG00000116857,0.4342,3.021321592392312e-05,8.207869338555885e-05,0.7054,0.522,0.491,0.336
GCLC,ENSG00000001084,3.8594,3.0542495375338514e-05,8.294340494632728e-05,0.1762,0.012,0.135,0.008
SUPT20H,ENSG00000102710,0.8317,3.0630140006115245e-05,8.315152991239694e-05,0.3824,0.2148,0.278,0.147
C1orf210,ENSG00000253313,-1.0906,3.104281594201681e-05,8.424154972770727e-05,0.182,0.3876,0.148,0.258
MRPL3,ENSG00000114686,0.4641,3.146606759995531e-05,8.535947602070462e-05,0.6369,0.4617,0.453,0.303
MARVELD2,ENSG00000152939,0.9763,3.152589502183979e-05,8.54910756963387e-05,0.3343,0.1699,0.248,0.119
GPATCH8,ENSG00000186566,0.6938,3.167936336706755e-05,8.587642276217988e-05,0.4,0.2473,0.296,0.161
CCPG1,ENSG00000260916,0.4349,3.1717460032412535e-05,8.594885600605334e-05,0.7135,0.5278,0.485,0.339
IFT25,ENSG00000081870,0.6289,3.180754082340758e-05,8.616205482999076e-05,0.4658,0.3012,0.34,0.203
RAB14,ENSG00000119396,0.3776,3.190016420204089e-05,8.638198585893152e-05,0.915,0.7043,0.625,0.437
LCA5,ENSG00000135338,1.7124,3.1926236691361185e-05,8.642161168155993e-05,0.2444,0.0745,0.178,0.051
PMM2,ENSG00000140650,1.0573,3.1959239717330963e-05,8.644899966503238e-05,0.2857,0.1372,0.224,0.093
TBC1D2,ENSG00000095383,0.8762,3.1957703974384014e-05,8.644899966503238e-05,0.3743,0.2038,0.267,0.138
BICD1,ENSG00000151746,2.9028,3.222288544257923e-05,8.713095902601507e-05,0.1882,0.0251,0.143,0.016
VRK2,ENSG00000028116,1.438,3.229260856931685e-05,8.728824963906576e-05,0.2569,0.0948,0.191,0.064
ACTMAP,ENSG00000188493,-3.1723,3.232985281924748e-05,8.73576673996476e-05,0.023,0.2082,0.019,0.144
OGA,ENSG00000198408,0.5539,3.235470498730871e-05,8.739356316736407e-05,0.5162,0.3516,0.367,0.228
DNAJB2,ENSG00000135924,0.7764,3.242002831039274e-05,8.753871118120698e-05,0.4197,0.245,0.299,0.173
PPP1R11,ENSG00000204619,0.5514,3.25510510356176e-05,8.786108987998963e-05,0.5295,0.3613,0.385,0.246
ZNF226,ENSG00000167380,1.3488,3.260735749041979e-05,8.79816378000434e-05,0.2684,0.1053,0.202,0.075
STAT2,ENSG00000170581,1.0983,3.289975126339517e-05,8.873888639591235e-05,0.3295,0.1539,0.232,0.106
MKRN1,ENSG00000133606,0.6194,3.291238304061729e-05,8.874127547175718e-05,0.4723,0.3074,0.348,0.213
CPNE3,ENSG00000085719,-0.379,3.3209763108065704e-05,8.951115243718744e-05,0.6073,0.7898,0.437,0.477
CPLANE1,ENSG00000197603,1.0263,3.341183553304331e-05,9.00236866805072e-05,0.3148,0.1545,0.229,0.099
LINC03040,ENSG00000181577,-3.3297,3.3485605566938325e-05,9.019028522574655e-05,0.0201,0.2027,0.013,0.139
SLC25A23,ENSG00000125648,0.6442,3.3627162154041105e-05,9.053927657654332e-05,0.4761,0.3046,0.34,0.208
STT3A,ENSG00000134910,0.7329,3.370299891670537e-05,9.071113531019205e-05,0.417,0.2509,0.302,0.17
RRAS2,ENSG00000133818,0.5416,3.383894175141988e-05,9.104458865098903e-05,0.5016,0.3446,0.369,0.231
TSSC4,ENSG00000184281,0.7109,3.3864083292924505e-05,9.107979682379659e-05,0.4257,0.2601,0.313,0.18
NFATC2,ENSG00000101096,2.8145,3.39331108292039e-05,9.12329723539628e-05,0.1979,0.028,0.146,0.02
FAM83G,ENSG00000188522,2.0134,3.404057151278177e-05,9.148933396622776e-05,0.2072,0.0513,0.164,0.038
EHBP1L1,ENSG00000173442,2.1519,3.4161442088069054e-05,9.178154159863502e-05,0.2103,0.0473,0.159,0.033
XPNPEP1,ENSG00000108039,1.1742,3.421875249343309e-05,9.190283508278954e-05,0.289,0.128,0.218,0.091
CYP7B1,ENSG00000172817,2.4131,3.4320498006448854e-05,9.21433413072925e-05,0.1968,0.0369,0.151,0.025
CNP,ENSG00000173786,1.3286,3.4374769977478335e-05,9.225626542801024e-05,0.2687,0.1069,0.205,0.079
CCNT2,ENSG00000082258,0.9437,3.4514110934159e-05,9.259733952683638e-05,0.3405,0.177,0.248,0.12
USP6NL,ENSG00000148429,0.9477,3.473036058300762e-05,9.314443528740595e-05,0.3149,0.1632,0.237,0.106
SLC25A13,ENSG00000004864,0.7807,3.4791906494312644e-05,9.327638522517105e-05,0.3837,0.2233,0.278,0.146
PSMC2,ENSG00000161057,0.6325,3.5079374240754116e-05,9.398038027975082e-05,0.4734,0.3053,0.342,0.213
CDV3,ENSG00000091527,0.4512,3.5067631071248625e-05,9.398038027975082e-05,0.6974,0.5101,0.464,0.33
GNL2,ENSG00000134697,0.8498,3.5124704314774855e-05,9.406846547257145e-05,0.3721,0.2064,0.272,0.145
GNL1,ENSG00000204590,0.7504,3.5256813492149134e-05,9.438881145754313e-05,0.4064,0.2415,0.296,0.167
C6orf89,ENSG00000198663,0.6159,3.5322622664450665e-05,9.453149636199956e-05,0.4702,0.3068,0.345,0.21
ZNF195,ENSG00000005801,1.3908,3.5416475323437864e-05,9.474910448603862e-05,0.2736,0.1043,0.199,0.074
GTF3C5,ENSG00000148308,1.1601,3.5481719378840766e-05,9.489004952465203e-05,0.2986,0.1335,0.221,0.094
CKAP5,ENSG00000175216,1.0825,3.593562475928604e-05,9.606993809497737e-05,0.3,0.1416,0.226,0.097
PHC2,ENSG00000134686,0.6255,3.599489828796085e-05,9.619436029909593e-05,0.4896,0.3173,0.345,0.214
MFF,ENSG00000168958,0.4993,3.621562383264056e-05,9.675001345671832e-05,0.5746,0.4065,0.415,0.271
FRYL,ENSG00000075539,0.9772,3.657791905862846e-05,9.768334340330082e-05,0.3249,0.165,0.237,0.108
CIBAR1,ENSG00000188343,1.6135,3.671871666615221e-05,9.802470120592931e-05,0.2343,0.0765,0.181,0.054
TLR2,ENSG00000137462,-1.4949,3.6737996003801527e-05,9.804152589499136e-05,0.1166,0.3288,0.094,0.211
DESI2,ENSG00000121644,-0.4054,3.7076944144164985e-05,9.891112747498815e-05,0.5833,0.7725,0.415,0.463
SRSF7,ENSG00000115875,-0.2486,3.7274625600940866e-05,9.940338736855215e-05,0.804,0.9551,0.539,0.543
KRT10,ENSG00000186395,0.3502,3.7356471485804676e-05,9.958650037941225e-05,1.3029,1.022,0.795,0.586
PAK1,ENSG00000149269,1.5497,3.769454532717543e-05,0.00010045230685954509,0.2745,0.0937,0.189,0.065
CHD9NB,ENSG00000277639,3.6154,3.7982108861794555e-05,0.00010118294515192448,0.2061,0.0167,0.135,0.009
PAFAH1B2,ENSG00000168092,0.7007,3.8311869273782994e-05,0.00010202543967692299,0.4345,0.2673,0.313,0.183
PARP3,ENSG00000041880,1.5128,3.83757712064405e-05,0.00010215960234836435,0.2404,0.0842,0.186,0.06
NBPF1,ENSG00000219481,2.2569,3.887676501791033e-05,0.00010345683681236794,0.2167,0.0453,0.156,0.031
BPTF,ENSG00000171634,0.4191,3.939894727609097e-05,0.00010480952347565748,0.6712,0.502,0.466,0.311
HGSNAT,ENSG00000165102,0.748,3.9556613436495684e-05,0.0001051919093673794,0.3883,0.2312,0.286,0.155
MZT2A,ENSG00000173272,0.4541,3.990217621717996e-05,0.00010607351911358008,0.6598,0.4816,0.461,0.312
SYT15,ENSG00000204176,-4.4349,3.995055521865406e-05,0.00010616477125463644,0.0085,0.1866,0.005,0.13
SRD5A3,ENSG00000128039,0.6573,3.996669391899048e-05,0.00010617031383894976,0.4612,0.2924,0.329,0.2
ZNF207,ENSG00000010244,0.4008,4.0040821425114854e-05,0.00010629248273603048,0.7447,0.564,0.515,0.358
SHISA2,ENSG00000180730,-3.6998,4.003035964902883e-05,0.00010629248273603048,0.0153,0.2003,0.011,0.135
AKIRIN2,ENSG00000135334,0.6833,4.034917646126761e-05,0.0001070734205004836,0.4262,0.2654,0.313,0.181
DDX27,ENSG00000124228,0.8105,4.056145317016462e-05,0.00010759893915048937,0.3723,0.2122,0.278,0.148
ICE1,ENSG00000164151,0.9304,4.0582642690562436e-05,0.00010761736241740934,0.3412,0.179,0.251,0.123
LNX2,ENSG00000139517,-1.1582,4.083483031574918e-05,0.0001082481203633281,0.1635,0.365,0.119,0.238
ZFAND1,ENSG00000104231,-0.7236,4.127606928737482e-05,0.00010936699724784627,0.3119,0.515,0.229,0.333
CLIP4,ENSG00000115295,1.7278,4.12858605097098e-05,0.00010936699724784627,0.2423,0.0731,0.175,0.05
BRD4,ENSG00000141867,0.4356,4.138291259059397e-05,0.00010958566583313616,0.6552,0.4844,0.453,0.308
CBLC,ENSG00000142273,2.0033,4.149887360847736e-05,0.00010985423619903521,0.2106,0.0525,0.162,0.037
AMZ2,ENSG00000196704,0.8403,4.151462085254884e-05,0.00010985742926129823,0.3743,0.209,0.275,0.148
RAB5A,ENSG00000144566,0.5386,4.1943933868220325e-05,0.00011095462898263465,0.5139,0.3537,0.377,0.241
COL9A2,ENSG00000049089,3.626,4.2193142534025165e-05,0.0001115747958853903,0.1861,0.015,0.135,0.011
RTF2,ENSG00000022277,0.4971,4.233030406337677e-05,0.00011189833701847846,0.572,0.4053,0.412,0.275
DPCD,ENSG00000166171,1.1355,4.2605897204807454e-05,0.00011258746183362025,0.2896,0.1318,0.221,0.094
MYO5A,ENSG00000197535,2.5761,4.2948207771820605e-05,0.00011341269126742562,0.2018,0.0338,0.148,0.024
THOC3,ENSG00000051596,1.0661,4.294414154686289e-05,0.00011341269126742562,0.2928,0.1398,0.226,0.099
ABCA1,ENSG00000165029,1.9545,4.305609591488064e-05,0.00011365786325538898,0.2333,0.0601,0.164,0.04
NOP16,ENSG00000048162,0.7963,4.3375147524768874e-05,0.00011446009065652422,0.3898,0.2244,0.28,0.152
RNF11,ENSG00000123091,0.4598,4.343367756195393e-05,0.0001145745230379057,0.6071,0.4414,0.437,0.29
RPN2,ENSG00000118705,0.3819,4.3510804919394235e-05,0.00011467415044239694,1.1558,0.887,0.739,0.518
SBK1,ENSG00000188322,2.8988,4.351698071718756e-05,0.00011467415044239694,0.2002,0.0268,0.143,0.019
MUC15,ENSG00000169550,-2.3502,4.3490224930682274e-05,0.00011467415044239694,0.047,0.2401,0.038,0.159
DYNC2I2,ENSG00000119333,0.4853,4.369127429733867e-05,0.00011509329753012332,0.6011,0.4294,0.426,0.281
ITPKC,ENSG00000086544,0.6,4.386830436818268e-05,0.00011551935848784252,0.4871,0.3213,0.332,0.198
BST2,ENSG00000130303,2.1147,4.4158604380104475e-05,0.00011624329480546666,0.2634,0.0607,0.162,0.038
TAPBPL,ENSG00000139192,1.306,4.429553789376454e-05,0.00011656314482319439,0.267,0.1079,0.202,0.077
SSH1,ENSG00000084112,1.2171,4.437411614238713e-05,0.00011672926443444804,0.2773,0.1192,0.205,0.079
BASP1,ENSG00000176788,2.9987,4.470875902703054e-05,0.0001175686301598384,0.1953,0.0243,0.14,0.016
C6orf141,ENSG00000197261,1.9068,4.515121162876508e-05,0.00011869081553768968,0.2266,0.0604,0.164,0.039
EXT1,ENSG00000182197,0.8152,4.5321007616844454e-05,0.00011909572610269908,0.3148,0.1789,0.232,0.1
COMMD2,ENSG00000114744,0.6207,4.560534739169034e-05,0.00011980125158004887,0.4736,0.3079,0.342,0.213
G3BP2,ENSG00000138757,0.4408,4.629904760456276e-05,0.0001215812668239387,0.6436,0.4741,0.466,0.309
ARPC5L,ENSG00000136950,0.3737,4.648937033473955e-05,0.00012203863546871344,0.9518,0.7345,0.628,0.447
SNRPA1,ENSG00000131876,0.6485,4.655078126760855e-05,0.00012215739926251567,0.4284,0.2733,0.321,0.188
TMEM120A,ENSG00000189077,0.7003,4.681043066646445e-05,0.00012279611239067323,0.4011,0.2468,0.302,0.169
RETSAT,ENSG00000042445,0.844,4.7381814537431786e-05,0.0001242518600591104,0.3658,0.2037,0.27,0.143
HCFC1,ENSG00000172534,0.9197,4.747451815164308e-05,0.00012445176427330445,0.3337,0.1763,0.251,0.124
PPIL4,ENSG00000131013,0.5507,4.793046739045401e-05,0.00012560342737942423,0.493,0.3366,0.364,0.225
POP7,ENSG00000172336,0.5809,4.8155463124024355e-05,0.0001261492801324563,0.4529,0.3027,0.345,0.208
WFDC3,ENSG00000124116,2.0882,4.8513660291681826e-05,0.00012704357140508015,0.2144,0.0503,0.159,0.036
SLC25A1,ENSG00000100075,0.4701,4.858445946135778e-05,0.0001271848895462779,0.6137,0.443,0.434,0.286
SFXN1,ENSG00000164466,1.2182,4.879056084300829e-05,0.0001276801826009448,0.2933,0.126,0.213,0.089
BCAT2,ENSG00000105552,-0.7009,4.920525271720673e-05,0.0001287208048055737,0.3316,0.5391,0.253,0.339
TSN,ENSG00000211460,0.8559,5.003057986929358e-05,0.00013083455552527276,0.3559,0.1966,0.267,0.141
MANBAL,ENSG00000101363,0.6812,5.0332220302569446e-05,0.00013157782850723603,0.423,0.2637,0.315,0.185
TAPT1,ENSG00000169762,-1.5353,5.044104277077106e-05,0.0001318166994580337,0.1097,0.3182,0.086,0.203
CLINT1,ENSG00000113282,-0.4239,5.082606541839965e-05,0.0001326851846012472,0.5664,0.7599,0.394,0.458
KIAA1191,ENSG00000122203,0.6367,5.082606541839965e-05,0.0001326851846012472,0.4451,0.2862,0.329,0.198
SMCO4,ENSG00000166002,-0.9758,5.081175578388992e-05,0.0001326851846012472,0.2056,0.4045,0.148,0.263
ATXN7,ENSG00000163635,-4.2129,5.0981331474126446e-05,0.00013304454552228852,0.0106,0.1989,0.008,0.131
INSR,ENSG00000171105,-1.3583,5.12186776498887e-05,0.0001336177864795957,0.1324,0.3396,0.102,0.217
SLC1A1,ENSG00000106688,1.9941,5.1599643190416345e-05,0.00013456517235194872,0.2013,0.0505,0.154,0.029
CLASP1,ENSG00000074054,1.2649,5.197354721823195e-05,0.00013549349524973856,0.2555,0.1063,0.197,0.071
CHPF2,ENSG00000033100,1.3538,5.217857562538177e-05,0.00013598107583641232,0.284,0.1111,0.202,0.08
SRRT,ENSG00000087087,0.943,5.296791966270721e-05,0.00013799056312129414,0.349,0.1815,0.248,0.124
KIAA0930,ENSG00000100364,1.6244,5.362283357230111e-05,0.00013964857209194584,0.2423,0.0785,0.181,0.058
C9orf152,ENSG00000188959,-1.3481,5.37270721110611e-05,0.00013987182281153228,0.1238,0.3153,0.097,0.213
PDZD2,ENSG00000133401,-1.2791,5.397777596393348e-05,0.0001404760928031407,0.1486,0.3608,0.113,0.227
ISCA1,ENSG00000135070,0.6969,5.418395170831459e-05,0.0001409641030152606,0.4111,0.2536,0.307,0.178
BRAT1,ENSG00000106009,1.4241,5.425749467245119e-05,0.00014110684070580678,0.2734,0.1018,0.194,0.072
ATIC,ENSG00000138363,0.7473,5.477622993261453e-05,0.00014240688821090942,0.394,0.2347,0.291,0.164
CD99L2,ENSG00000102181,1.5836,5.5275120909118236e-05,0.0001436544679973816,0.2534,0.0845,0.181,0.058
PPARD,ENSG00000112033,1.4066,5.529707766672746e-05,0.00014366211202617812,0.2832,0.1068,0.194,0.072
RNF114,ENSG00000124226,0.4998,5.567941021438126e-05,0.00014460568723604348,0.5702,0.4032,0.407,0.269
NIT2,ENSG00000114021,0.6865,5.584608149104746e-05,0.00014498870985046858,0.4319,0.2683,0.31,0.184
BBX,ENSG00000114439,0.4729,5.594526606205438e-05,0.0001451963191682655,0.5742,0.4137,0.41,0.267
ENSG00000273877,ENSG00000273877,-5.2589,5.596878157345391e-05,0.0001452074673033806,0.0047,0.1846,0.003,0.125
OAS1,ENSG00000089127,3.7182,5.605770247690115e-05,0.00014538823968863307,0.1809,0.0137,0.132,0.01
PATZ1,ENSG00000100105,1.6199,5.632263976071752e-05,0.00014602523795203187,0.2511,0.0816,0.181,0.058
KIFAP3,ENSG00000075945,0.9969,5.648454348570825e-05,0.00014636504752913373,0.3116,0.1561,0.232,0.106
BBS7,ENSG00000138686,1.6414,5.6492452494368486e-05,0.00014636504752913373,0.2416,0.0774,0.178,0.056
MTMR11,ENSG00000014914,4.1323,5.673285819438364e-05,0.00014693751925216606,0.1694,0.0096,0.129,0.007
NPLOC4,ENSG00000182446,0.8734,5.686668791885567e-05,0.00014723366251780486,0.346,0.1888,0.253,0.127
TRIM27,ENSG00000204713,0.827,5.739295842209605e-05,0.00014854532404211566,0.3715,0.2094,0.27,0.144
RAPGEF5,ENSG00000136237,-1.441,5.755777469045122e-05,0.0001489208862282051,0.1353,0.3675,0.102,0.216
FAM174A,ENSG00000174132,0.5633,5.764370995892388e-05,0.00014909217005808624,0.5038,0.3409,0.361,0.229
ELOA,ENSG00000011007,-0.847,5.790359487449396e-05,0.0001497130935238884,0.242,0.4353,0.183,0.289
ZFC3H1,ENSG00000133858,0.8124,5.807521216733916e-05,0.00015005411351718447,0.3587,0.2042,0.261,0.135
NIPA2,ENSG00000140157,0.7691,5.806979955871461e-05,0.00015005411351718447,0.3818,0.224,0.283,0.157
GPR137,ENSG00000173264,1.273,5.8102282378273874e-05,0.00015007273277533646,0.2586,0.1069,0.199,0.075
THRAP3,ENSG00000054118,0.3915,5.8381801873510364e-05,0.00015074316922569065,0.7491,0.5711,0.52,0.365
TFPT,ENSG00000105619,1.5686,5.854521526742127e-05,0.00015111346134108906,0.2356,0.0794,0.181,0.058
VAMP3,ENSG00000049245,0.5393,5.880894740114435e-05,0.00015174234891244723,0.5391,0.3709,0.383,0.252
CXADR,ENSG00000154639,0.3856,5.885415397906051e-05,0.00015180714691423767,0.8217,0.6289,0.563,0.394
NDN,ENSG00000182636,0.9385,5.8892536880893636e-05,0.00015185430584817455,0.3399,0.1773,0.251,0.126
PACS2,ENSG00000179364,1.0804,5.8974865796024414e-05,0.0001520147086622192,0.3062,0.1448,0.224,0.101
LMO4,ENSG00000143013,0.54,5.9216993164366344e-05,0.00015258676103573933,0.5432,0.3736,0.38,0.249
MSRB2,ENSG00000148450,0.5858,5.9385383561551466e-05,0.000152968487148831,0.5005,0.3334,0.353,0.227
EPS8,ENSG00000151491,-0.3033,5.955422733035956e-05,0.0001533511204774596,0.7461,0.9207,0.509,0.528
TCERG1,ENSG00000113649,0.699,6.009423277596164e-05,0.00015468890242670874,0.4124,0.254,0.296,0.17
GTPBP4,ENSG00000107937,0.6661,6.0203348830658965e-05,0.00015491467978597556,0.4316,0.2719,0.315,0.189
PSME3,ENSG00000131467,0.7207,6.02229536110404e-05,0.00015491467978597556,0.4009,0.2432,0.296,0.171
PDCD4,ENSG00000150593,0.9687,6.073904041700201e-05,0.0001561890573010382,0.3049,0.1558,0.232,0.104
TMEM50B,ENSG00000142188,0.4333,6.091577330603905e-05,0.00015653696167589287,0.6564,0.4861,0.464,0.317
SLCO3A1,ENSG00000176463,0.5242,6.0898785844521826e-05,0.00015653696167589287,0.4677,0.3252,0.337,0.202
SPPL2A,ENSG00000138600,0.4976,6.128209074608214e-05,0.00015742475198458027,0.5614,0.3976,0.396,0.264
PSMD3,ENSG00000108344,0.5179,6.171639716475249e-05,0.00015848653316781274,0.5472,0.3821,0.391,0.258
SEMA4C,ENSG00000168758,2.3195,6.18340436780696e-05,0.00015873469248651575,0.2032,0.0406,0.151,0.029
TREM1,ENSG00000124731,1.3021,6.257343238010915e-05,0.00016057822066294991,0.2809,0.1138,0.199,0.077
APOL1,ENSG00000100342,1.6161,6.327860742647116e-05,0.00016230397381618875,0.2395,0.0781,0.178,0.056
AZGP1,ENSG00000160862,-2.0072,6.328888244374481e-05,0.00016230397381618875,0.0788,0.317,0.051,0.168
DMAP1,ENSG00000178028,1.1202,6.351975177911959e-05,0.00016284076168688447,0.2782,0.1279,0.216,0.092
YIF1A,ENSG00000174851,0.3671,6.369379591665524e-05,0.0001632315563603563,0.8918,0.6914,0.593,0.425
SLC4A7,ENSG00000033867,1.4492,6.399278412196833e-05,0.0001639421783796103,0.2438,0.0892,0.183,0.06
BPHL,ENSG00000137274,1.9329,6.439897369919305e-05,0.0001649268631516622,0.2097,0.0548,0.162,0.04
CD83,ENSG00000112149,-1.8571,6.443778543785194e-05,0.00016497033852354165,0.0805,0.292,0.057,0.175
MMP28,ENSG00000271447,-0.616,6.446466807145785e-05,0.00016498325449859893,0.3841,0.5886,0.27,0.36
FAM162A,ENSG00000114023,0.3884,6.486918357845005e-05,0.0001659623033983035,0.7417,0.5666,0.518,0.363
TNFSF9,ENSG00000125657,1.2191,6.554871973584975e-05,0.00016764406824791635,0.2688,0.1154,0.202,0.078
GOLM2,ENSG00000166734,0.6092,6.589253396319823e-05,0.00016846636009880292,0.4509,0.2956,0.329,0.199
UHRF2,ENSG00000147854,1.6072,6.632240027157627e-05,0.00016950802911087912,0.2359,0.0774,0.178,0.056
PRRG2,ENSG00000126460,1.1203,6.64714034730461e-05,0.00016982505225526898,0.3038,0.1397,0.221,0.099
LINC02471,ENSG00000223914,-4.3768,6.649139703124893e-05,0.00016982505225526898,0.0094,0.1964,0.005,0.126
VWA5A,ENSG00000110002,1.299,6.676109564255581e-05,0.00017045626143275065,0.2677,0.1087,0.199,0.077
HTRA1,ENSG00000166033,1.2713,6.688473092709075e-05,0.0001707142372142468,0.271,0.1122,0.202,0.08
PUM3,ENSG00000080608,0.4948,6.69868931155032e-05,0.00017091725008025216,0.5447,0.3865,0.383,0.244
KDM4B,ENSG00000127663,1.0799,6.762485246324741e-05,0.00017248675231594672,0.3004,0.1421,0.218,0.096
NBPF15,ENSG00000266338,2.0725,6.792400718095167e-05,0.00017319131766860946,0.2149,0.051,0.156,0.035
SRPX2,ENSG00000102359,7.4721,6.87527557276849e-05,0.00017523070028433195,0.1732,0.0009,0.121,0.001
PCDH1,ENSG00000156453,1.6672,6.877022188524742e-05,0.00017523070028433195,0.2233,0.0702,0.173,0.051
PLCD3,ENSG00000161714,4.3657,6.930736046186078e-05,0.0001765398207314087,0.17,0.0082,0.127,0.006
PSMD12,ENSG00000197170,0.5178,6.948354516453472e-05,0.00017692894631549032,0.5319,0.3715,0.38,0.25
PHB1,ENSG00000167085,0.3945,6.990328040915939e-05,0.00017793776397951455,0.7868,0.5985,0.544,0.381
PPP6R1,ENSG00000105063,1.1191,7.098358925092299e-05,0.0001806268160292096,0.3004,0.1382,0.218,0.098
SUMO1,ENSG00000116030,0.3463,7.103924529887397e-05,0.00018070757516262386,1.0513,0.827,0.677,0.501
SNX7,ENSG00000162627,1.3585,7.107528003036442e-05,0.0001807383845942118,0.2645,0.1031,0.197,0.076
TRPT1,ENSG00000149743,0.6554,7.15865336089961e-05,0.00018197720774426834,0.4238,0.269,0.313,0.184
RAE1,ENSG00000101146,1.2313,7.165749453549877e-05,0.00018209632398778782,0.2626,0.1118,0.202,0.08
KDM1A,ENSG00000004487,0.9634,7.204814071391923e-05,0.00018302747245919966,0.3205,0.1643,0.237,0.115
NYNRIN,ENSG00000205978,4.1926,7.207801829467232e-05,0.00018304182461050398,0.168,0.0091,0.127,0.006
PMPCA,ENSG00000165688,0.7683,7.226418673211566e-05,0.00018345293372349925,0.3736,0.2193,0.278,0.152
RAC1,ENSG00000136238,0.3758,7.229081932240174e-05,0.00018345889821321637,1.6632,1.2818,0.941,0.683
CIAPIN1,ENSG00000005194,0.8337,7.255097407513064e-05,0.00018405728983801614,0.362,0.2031,0.267,0.145
MBNL1,ENSG00000152601,-0.1846,7.301005746598518e-05,0.00018515977984408127,0.9896,1.1247,0.65,0.609
FCGRT,ENSG00000104870,0.3743,7.30520811405998e-05,0.00018520418557625218,0.9722,0.75,0.652,0.456
ARHGAP42,ENSG00000165895,2.735,7.335363965311486e-05,0.00018590632256936692,0.1907,0.0286,0.137,0.017
FBXW11,ENSG00000072803,0.4194,7.388377713997491e-05,0.0001871871013724046,0.5732,0.4286,0.415,0.266
PCSK7,ENSG00000160613,0.9442,7.450999113164108e-05,0.0001887103530001838,0.3451,0.1793,0.245,0.125
MTX1,ENSG00000173171,0.6218,7.513949540695542e-05,0.00019024091414193977,0.4512,0.2932,0.329,0.202
PGF,ENSG00000119630,6.5711,7.590990821005171e-05,0.0001921270876137155,0.1712,0.0017,0.121,0.001
ACOT7,ENSG00000097021,1.8163,7.594827537664527e-05,0.0001921598193136487,0.21,0.0596,0.164,0.044
ADSL,ENSG00000239900,0.7525,7.665786440144874e-05,0.0001938902462514045,0.3551,0.2108,0.275,0.148
YIPF1,ENSG00000058799,1.3102,7.673004772885085e-05,0.00019400786833717143,0.2626,0.1058,0.197,0.076
COMMD4,ENSG00000140365,0.4909,7.783660618995279e-05,0.00019673989955339353,0.5682,0.4043,0.404,0.269
DOCK7,ENSG00000116641,1.4949,7.806365941459453e-05,0.0001972478083201544,0.2349,0.0833,0.178,0.056
CAPN13,ENSG00000162949,3.5742,7.84638592705574e-05,0.00019819273045438353,0.1675,0.014,0.129,0.009
ZNF664,ENSG00000179195,0.4711,7.852144594185478e-05,0.0001982718997629388,0.5967,0.4304,0.423,0.285
ALDH3B1,ENSG00000006534,-1.2712,7.903065893744674e-05,0.00019949102180835622,0.1334,0.322,0.1,0.214
CHORDC1,ENSG00000110172,0.9456,7.928461783938697e-05,0.00020006522637827943,0.3281,0.1703,0.24,0.118
GPAT4,ENSG00000158669,0.9792,7.933913788329378e-05,0.0002001359554952536,0.3165,0.1605,0.235,0.113
TMEM62,ENSG00000137842,1.3981,7.95065537685274e-05,0.00020049132634219777,0.2537,0.0962,0.186,0.065
ABHD14B,ENSG00000114779,-0.6589,7.967065328434683e-05,0.00020083809995436778,0.3309,0.5225,0.245,0.338
MFSD14CP,ENSG00000196312,1.6796,7.984055911931055e-05,0.00020119927423161815,0.2205,0.0688,0.167,0.045
ANXA6,ENSG00000197043,1.2694,8.000714257895047e-05,0.00020155183800732603,0.2856,0.1184,0.205,0.086
CHID1,ENSG00000177830,0.6284,8.038545813186683e-05,0.00020243737872875132,0.4473,0.2893,0.326,0.202
KMT2A,ENSG00000118058,0.5674,8.055864884177101e-05,0.0002028059286902966,0.4789,0.3232,0.342,0.211
ARHGEF1,ENSG00000076928,-0.8891,8.063245394481888e-05,0.00020292411377518542,0.245,0.4539,0.189,0.288
DCAF7,ENSG00000136485,0.6104,8.09764880790667e-05,0.00020372206707870426,0.4657,0.305,0.332,0.208
TP53INP2,ENSG00000078804,1.4013,8.126052350646186e-05,0.00020436859357234331,0.2474,0.0936,0.189,0.068
PODXL,ENSG00000128567,2.6678,8.155482935314727e-05,0.00020504051106922717,0.1797,0.0282,0.14,0.02
C19orf25,ENSG00000119559,0.8348,8.16313643335301e-05,0.00020516465653353956,0.3505,0.1964,0.261,0.138
MRPL34,ENSG00000130312,-0.3885,8.235148264378495e-05,0.00020690570381569514,0.5723,0.7491,0.41,0.459
TPD52,ENSG00000076554,-0.56,8.268732028838501e-05,0.0002076804204716585,0.4055,0.5979,0.294,0.381
HSD17B14,ENSG00000087076,-2.0244,8.289929688263354e-05,0.0002081363207673307,0.0603,0.2454,0.049,0.165
EEF1G,ENSG00000254772,0.4852,8.292393454793718e-05,0.0002081363207673307,0.9636,0.6883,0.582,0.358
SGCE,ENSG00000127990,0.6312,8.339717840116579e-05,0.00020925462730681088,0.422,0.2724,0.31,0.182
DDX42,ENSG00000198231,0.6452,8.34715317286986e-05,0.00020937165412029149,0.4681,0.2993,0.323,0.202
VANGL1,ENSG00000173218,2.5251,8.399759908051632e-05,0.00021062126155104572,0.1789,0.031,0.143,0.023
FBXW4,ENSG00000107829,-1.1967,8.405709733292533e-05,0.0002107005210186632,0.1496,0.343,0.113,0.225
SNX5,ENSG00000089006,-0.5344,8.460983038054143e-05,0.00021201567778606653,0.4318,0.6254,0.318,0.393
TRAP1,ENSG00000126602,0.8406,8.482452482684107e-05,0.00021248318470384095,0.3482,0.1944,0.259,0.137
FGG,ENSG00000171557,-2.9873,8.496212174925477e-05,0.00021275731846722565,0.0358,0.2845,0.024,0.141
TXNDC15,ENSG00000113621,0.6382,8.533332447926832e-05,0.0002136160591255375,0.4163,0.2675,0.313,0.186
PTPRG,ENSG00000144724,-1.0452,8.576474367757392e-05,0.000214624921657526,0.2416,0.4987,0.181,0.28
AKAP8L,ENSG00000011243,0.8189,8.6274934215812e-05,0.0002158301748345893,0.3392,0.1922,0.256,0.132
TBC1D9,ENSG00000109436,1.919,8.648178448018433e-05,0.00021627602838391016,0.2277,0.0601,0.162,0.043
RIMOC1,ENSG00000205765,0.8662,8.673260095472664e-05,0.0002168315023868166,0.3105,0.1703,0.243,0.116
SPIN1,ENSG00000106723,0.8434,8.725618422021571e-05,0.00021806830029233532,0.3339,0.1861,0.251,0.127
PTPN9,ENSG00000169410,1.648,8.735170144490166e-05,0.00021816267914586182,0.2233,0.0712,0.17,0.05
SRSF2,ENSG00000161547,0.3727,8.734373790456598e-05,0.00021816267914586182,0.9189,0.7097,0.612,0.436
GPCPD1,ENSG00000125772,0.6781,8.850564052518895e-05,0.00022097161737204315,0.4177,0.261,0.294,0.169
CLDND1,ENSG00000080822,0.6841,8.893599339857643e-05,0.0002219727222088685,0.4303,0.2678,0.307,0.185
MRPS28,ENSG00000147586,0.6138,8.914886589503057e-05,0.00022243054221828137,0.4139,0.2704,0.313,0.181
TCF4,ENSG00000196628,2.6454,8.966988844895842e-05,0.00022365665474806233,0.189,0.0301,0.14,0.021
OSBPL8,ENSG00000091039,0.5538,8.980059281698811e-05,0.00022390873885555946,0.4991,0.3399,0.353,0.227
GNL3,ENSG00000163938,0.5969,9.007073916648912e-05,0.00022450822646084639,0.454,0.3001,0.332,0.204
SELENOM,ENSG00000198832,-0.2177,9.029644735406539e-05,0.000224996589630595,0.8479,0.9861,0.555,0.557
NCBP3,ENSG00000074356,0.743,9.039099275033008e-05,0.0002251579130328862,0.3815,0.2279,0.28,0.156
CALCOCO1,ENSG00000012822,0.6122,9.14288674862903e-05,0.0002276681258598956,0.4497,0.2941,0.321,0.192
METTL5,ENSG00000138382,0.4622,9.179122835759853e-05,0.00022849513352278644,0.5844,0.4241,0.418,0.285
UBE2G1,ENSG00000132388,0.6497,9.208376740521268e-05,0.00022914784675440769,0.3983,0.2539,0.302,0.174
SNW1,ENSG00000100603,0.5642,9.248849733522078e-05,0.0002300792220505739,0.4704,0.3181,0.345,0.216
ARHGEF38,ENSG00000236699,-1.5177,9.255997073771437e-05,0.000230173460543932,0.1111,0.3182,0.075,0.191
VGLL1,ENSG00000102243,5.3078,9.258731258676497e-05,0.000230173460543932,0.1672,0.0041,0.121,0.003
ARHGAP1,ENSG00000175220,0.8235,9.26293918653591e-05,0.00023020232090223292,0.3346,0.189,0.256,0.132
ARID5B,ENSG00000150347,0.4378,9.321828444937723e-05,0.00023158965439495067,0.5949,0.4392,0.41,0.27
CDH6,ENSG00000113361,9.0882,9.379580441529546e-05,0.00023294783114975582,0.1817,0.0002,0.119,0.0
CTCF,ENSG00000102974,0.9351,9.525010111951232e-05,0.00023648193031807938,0.3181,0.1663,0.237,0.116
ZDHHC12,ENSG00000160446,0.4822,9.545556692475694e-05,0.00023691419451923082,0.5644,0.404,0.407,0.27
PLEKHA5,ENSG00000052126,0.5688,9.656576703581669e-05,0.0002395909260937915,0.4359,0.2938,0.315,0.185
MYL6B,ENSG00000196465,0.5538,9.813165458678194e-05,0.00024339614261429334,0.4734,0.3225,0.348,0.218
ENPP5,ENSG00000112796,1.4863,9.863956729288925e-05,0.00024457562549976317,0.245,0.0874,0.181,0.062
MXD1,ENSG00000059728,1.4789,9.903109501582617e-05,0.0002454658539516295,0.2508,0.0899,0.183,0.065
REEP4,ENSG00000168476,1.029,9.989762640190968e-05,0.0002475324917895794,0.3,0.147,0.224,0.103
MRPL27,ENSG00000108826,0.3958,0.00010053686860413862,0.00024903476796861223,0.714,0.5427,0.496,0.347
NIT1,ENSG00000158793,0.9407,0.00010138144865281467,0.0002510445246057079,0.3093,0.1611,0.235,0.113
PSMD14,ENSG00000115233,0.5106,0.00010153280557764596,0.0002513369417231701,0.5083,0.3568,0.372,0.238
TCTN3,ENSG00000119977,1.1263,0.00010185457208422521,0.0002520508654098662,0.2842,0.1301,0.213,0.094
PGBD5,ENSG00000177614,5.214,0.00010215883328714041,0.00025272101685800454,0.1824,0.0048,0.121,0.004
DDIT3,ENSG00000175197,-1.2038,0.0001029000007398873,0.0002544711965924218,0.1501,0.3459,0.116,0.224
KNOP1,ENSG00000103550,1.1373,0.00010295579240496221,0.0002545258545875293,0.2851,0.1295,0.21,0.092
KLF5,ENSG00000102554,0.3603,0.0001033798093211241,0.000255334988954945,0.9194,0.7162,0.598,0.429
BUD31,ENSG00000106245,0.3872,0.00010338447798983147,0.000255334988954945,0.7447,0.5694,0.52,0.368
RARRES2,ENSG00000106538,1.4531,0.00010337047258064146,0.000255334988954945,0.2573,0.0939,0.181,0.062
PGLS,ENSG00000130313,0.3427,0.00010478227720494944,0.00025870264845862515,1.0466,0.8253,0.679,0.493
PDCD6IP,ENSG00000170248,0.4569,0.00010501657583198577,0.00025919641633801127,0.5694,0.4148,0.407,0.273
ATP8A2,ENSG00000132932,-2.637,0.00010542481619633678,0.00026011903538972057,0.0339,0.2113,0.03,0.145
CYTH1,ENSG00000108669,0.6075,0.00010610695169808848,0.00026163120759760395,0.4465,0.293,0.315,0.192
CDC42SE2,ENSG00000158985,0.6894,0.00010610695169808848,0.00026163120759760395,0.3938,0.2442,0.288,0.165
RFC1,ENSG00000035928,-0.4748,0.00010615959580555525,0.00026167561054191515,0.4887,0.6791,0.348,0.416
SHOC2,ENSG00000108061,0.5646,0.0001068028787879806,0.0002630895824073014,0.4545,0.3073,0.334,0.204
KIAA0319L,ENSG00000142687,0.4727,0.00010676918360118827,0.0002630895824073014,0.5408,0.3897,0.385,0.251
NRAS,ENSG00000213281,1.1971,0.00010858358982631568,0.00026738885956252117,0.2846,0.1241,0.208,0.091
TSPAN11,ENSG00000110900,6.2832,0.0001089214960154918,0.00026804622227916635,0.1597,0.002,0.119,0.001
MAPK8,ENSG00000107643,0.7577,0.00010889207353027775,0.00026804622227916635,0.3602,0.213,0.259,0.135
NONO,ENSG00000147140,0.3775,0.00010943514211004693,0.0002692225654970383,0.7831,0.6028,0.534,0.384
MEX3C,ENSG00000176624,1.7328,0.00010990902159664423,0.0002703003444539867,0.2218,0.0667,0.167,0.05
WDR45,ENSG00000196998,0.5609,0.00010997581595251464,0.00027037659925846014,0.4545,0.3081,0.337,0.208
CDK5,ENSG00000164885,1.2685,0.00011146002866458181,0.0002739364074693935,0.2564,0.1064,0.194,0.075
BTF3L4,ENSG00000134717,0.4347,0.00011157034709987706,0.0002740292497852962,0.6393,0.4729,0.445,0.309
RBL2,ENSG00000103479,-0.7427,0.00011156031389657011,0.0002740292497852962,0.2913,0.4874,0.213,0.313
FAM234A,ENSG00000167930,1.0218,0.0001126184604397201,0.0002765136394611912,0.3229,0.159,0.229,0.113
ROBO1,ENSG00000169855,1.8118,0.00011273492617352426,0.0002767096709684782,0.2211,0.0629,0.159,0.041
MACF1,ENSG00000127603,0.3085,0.00011287940002230684,0.00027697429917782665,1.0289,0.8308,0.679,0.469
PLXND1,ENSG00000004399,-1.3642,0.00011354317169740898,0.00027851255265387174,0.1164,0.2999,0.086,0.2
GON4L,ENSG00000116580,0.8535,0.0001141362800672128,0.00027987653226478176,0.3491,0.1931,0.251,0.131
YPEL2,ENSG00000175155,1.0327,0.00011512956987632411,0.00028222060363907483,0.2998,0.1465,0.221,0.102
TMEM234,ENSG00000160055,1.6319,0.00011679969959553292,0.00028614821511839213,0.2186,0.0705,0.167,0.049
AHI1,ENSG00000135541,-0.7598,0.00011680755730312659,0.00028614821511839213,0.2985,0.5055,0.21,0.312
ABCF1,ENSG00000204574,0.5034,0.0001168520937301526,0.0002861645277573105,0.5267,0.3716,0.375,0.247
ANKRD22,ENSG00000152766,4.0599,0.0001169569484995675,0.0002863284983519872,0.1532,0.0091,0.124,0.007
TINF2,ENSG00000092330,0.8148,0.00011722472991779943,0.0002868911028600501,0.3497,0.1988,0.261,0.141
PSMB4,ENSG00000159377,0.392,0.00011736673051656055,0.00028714561173983646,0.6875,0.5238,0.493,0.339
ERRFI1,ENSG00000116285,0.35,0.00011778314597949799,0.000288071112941116,0.9,0.7062,0.566,0.403
ARFGEF1,ENSG00000066777,0.7027,0.00011837059059594176,0.0002894141786253527,0.3707,0.2277,0.272,0.149
TMEM185B,ENSG00000226479,1.6894,0.00011902743547529945,0.00029092600291681897,0.2176,0.0674,0.167,0.05
SARNP,ENSG00000205323,1.1362,0.00012001511938584308,0.00029324522217336497,0.27,0.1228,0.202,0.084
ADD3,ENSG00000148700,0.7225,0.00012054827677024532,0.00029445270966673245,0.3899,0.2363,0.283,0.16
ARID1B,ENSG00000049618,0.5122,0.00012063465295993391,0.00029456845608025233,0.4813,0.3375,0.332,0.203
TCAF1,ENSG00000198420,1.2726,0.00012100781916060316,0.00029538419184438027,0.2689,0.1112,0.197,0.08
TCF25,ENSG00000141002,0.3404,0.00012152881770892624,0.00029656014786528997,1.0193,0.8051,0.674,0.483
DHX32,ENSG00000089876,0.7825,0.0001218800506196711,0.0002973212084054295,0.3347,0.1945,0.253,0.13
MAN2B2,ENSG00000013288,1.4095,0.00012396052402940998,0.00030228908705543655,0.2329,0.0876,0.181,0.063
FBXO3,ENSG00000110429,0.9216,0.00012399654279084024,0.00030228908705543655,0.3175,0.1676,0.237,0.118
ESPN,ENSG00000187017,4.4096,0.00012469391911557344,0.0003038911480381153,0.1614,0.0075,0.121,0.005
ANKRD39,ENSG00000213337,0.9864,0.00012535299050133667,0.0003053988530272811,0.3088,0.1558,0.229,0.111
ENTREP1,ENSG00000135063,1.4036,0.00012595908510898676,0.0003067765596384252,0.2351,0.0888,0.175,0.057
TMEM54,ENSG00000121900,0.505,0.00012692155450903504,0.0003090210584324073,0.5327,0.3753,0.377,0.247
GGT6,ENSG00000167741,2.0994,0.00012732723004588877,0.00030990889916130467,0.1911,0.0445,0.148,0.031
AARD,ENSG00000205002,-2.4235,0.00012829096289870105,0.0003121540176166462,0.0418,0.2245,0.035,0.149
CIAO1,ENSG00000144021,0.7355,0.00012933074862290868,0.0003144814309128018,0.3682,0.2211,0.275,0.154
CTDSP2,ENSG00000175215,0.4435,0.0001293019189029149,0.0003144814309128018,0.6053,0.4451,0.429,0.297
CDC73,ENSG00000134371,0.681,0.00012957315754506804,0.000314969499759649,0.384,0.2395,0.283,0.16
HADHA,ENSG00000084754,0.3567,0.00012989993075357152,0.0003156622633783316,0.857,0.6692,0.577,0.415
LRRC41,ENSG00000132128,0.6295,0.00013000130111517574,0.00031580701926853786,0.4048,0.2616,0.305,0.181
TGFA,ENSG00000163235,2.5604,0.00013141370081684136,0.0003191354900904007,0.1948,0.0329,0.14,0.025
FLJ16779,ENSG00000275620,10.6389,0.00013180353760343776,0.0003199793465918934,0.1593,0.0,0.116,0.0
MEGF9,ENSG00000106780,-0.6687,0.00013251566145368413,0.0003215015485814334,0.3535,0.562,0.259,0.344
GADD45B,ENSG00000099860,-0.2012,0.00013247436560240102,0.0003215015485814334,0.9391,1.0796,0.59,0.558
ITCH,ENSG00000078747,0.8017,0.00013314544637286276,0.0003229257936908437,0.3237,0.1857,0.243,0.12
ZNF561,ENSG00000171469,1.6751,0.00013324920154580261,0.0003230737219764245,0.2229,0.0697,0.167,0.051
APOBEC3C,ENSG00000244509,1.9594,0.00013386142019891794,0.0003244539716403032,0.1948,0.05,0.154,0.037
PPP1CA,ENSG00000172531,0.3491,0.0001350757928333975,0.0003271874366323559,1.0904,0.856,0.706,0.512
IFT81,ENSG00000122970,1.0241,0.00013504575790680132,0.0003271874366323559,0.2811,0.1382,0.213,0.094
PDCD10,ENSG00000114209,0.4141,0.00013515391309820677,0.00032727173508235644,0.6413,0.4812,0.447,0.316
SNRNP40,ENSG00000060688,0.733,0.00013520802129123437,0.00032729785352620175,0.3725,0.2241,0.278,0.157
TGFB1I1,ENSG00000140682,0.9117,0.0001353012554663014,0.0003274186371069529,0.3225,0.1714,0.237,0.118
TAF11,ENSG00000064995,0.7177,0.00013594048223379234,0.00032886018036384923,0.3845,0.2338,0.28,0.16
MFN2,ENSG00000116688,1.0333,0.0001363187170227003,0.0003295641302740802,0.3071,0.15,0.224,0.108
ABCC5,ENSG00000114770,2.1549,0.00013628236350845226,0.0003295641302740802,0.2056,0.0461,0.148,0.033
MAP3K2,ENSG00000169967,0.511,0.00013778037150690984,0.00033299126894904157,0.5176,0.3632,0.364,0.239
VMP1,ENSG00000062716,0.3238,0.00013837530238622082,0.0003343221648634149,0.9926,0.7931,0.644,0.45
FAAP20,ENSG00000162585,0.3444,0.0001387167884882882,0.00033504006938267814,0.8985,0.7077,0.598,0.436
ROCK1,ENSG00000067900,0.4574,0.00013902819969805253,0.0003355776513478552,0.549,0.3998,0.394,0.261
C9orf78,ENSG00000136819,0.5601,0.00013899116590438982,0.0003355776513478552,0.4691,0.3181,0.345,0.219
SDAD1,ENSG00000198301,0.7526,0.00013939904919324414,0.0003363653199153495,0.368,0.2184,0.272,0.153
GCN1,ENSG00000089154,1.1069,0.00013947023500617686,0.00033642963776234555,0.2896,0.1344,0.21,0.094
WDR77,ENSG00000116455,0.9707,0.00014056708713238003,0.00033896723373288577,0.3098,0.158,0.229,0.113
RANBP2,ENSG00000153201,0.4481,0.00014257014064605333,0.00034368775130214833,0.5773,0.4232,0.407,0.274
ZNF493,ENSG00000196268,1.5731,0.0001426460127282703,0.0003437609652829608,0.2285,0.0767,0.17,0.054
EPN2,ENSG00000072134,0.6991,0.0001431845296101604,0.00034483873803148286,0.3719,0.2291,0.272,0.15
SMU1,ENSG00000122692,0.7007,0.00014316549058179145,0.00034483873803148286,0.3687,0.2268,0.278,0.156
NACC2,ENSG00000148411,1.5065,0.00014324801026054844,0.0003448635143089868,0.2353,0.0827,0.175,0.06
TMEM230,ENSG00000089063,0.3587,0.0001432861113720595,0.0003448635143089868,0.8871,0.6918,0.601,0.431
LTC4S,ENSG00000213316,2.1464,0.00014526770476947038,0.000349521499851385,0.1929,0.0435,0.146,0.03
SP140L,ENSG00000185404,1.7408,0.00014582844967037797,0.0003507589739763469,0.2163,0.0646,0.162,0.046
SLC10A3,ENSG00000126903,1.1795,0.00014633615778130202,0.00035186813241175585,0.2602,0.1148,0.199,0.083
MIIP,ENSG00000116691,0.9678,0.00014638475193418674,0.0003518729878659818,0.2933,0.1499,0.224,0.105
DNM1L,ENSG00000087470,0.8372,0.0001474381016719276,0.00035429225767538583,0.3446,0.1928,0.251,0.134
ELOC,ENSG00000154582,0.3431,0.00014782676896565817,0.0003550867887556007,1.0402,0.82,0.679,0.495
PLEKHA7,ENSG00000166689,1.1528,0.00014786274486103506,0.0003550867887556007,0.2521,0.1133,0.183,0.064
RIPK2,ENSG00000104312,1.1904,0.00014875495714094885,0.00035711588852871574,0.2549,0.1116,0.197,0.08
TMBIM4,ENSG00000155957,-0.2356,0.0001489096388434219,0.00035737367263724665,0.7689,0.9053,0.518,0.529
TTC7A,ENSG00000068724,1.2506,0.00015092099223622276,0.00036208577210055987,0.2437,0.1023,0.186,0.069
ATOSA,ENSG00000047346,0.8877,0.00015124143033761392,0.00036273936704783277,0.3126,0.1689,0.232,0.113
TRPM4,ENSG00000130529,1.7478,0.00015130158374135886,0.0003627684751399448,0.225,0.0669,0.162,0.047
ANP32B,ENSG00000136938,-0.1681,0.0001517333426952324,0.0003636882627101779,0.8711,0.9787,0.588,0.564
TSC22D2,ENSG00000196428,0.7812,0.0001521125028803442,0.0003644814333209643,0.3536,0.2057,0.256,0.137
RASSF1,ENSG00000068028,1.169,0.00015263741103407237,0.00036562322142118475,0.2861,0.1272,0.205,0.091
EOGT,ENSG00000163378,2.0771,0.00015287012540872945,0.0003660645950754203,0.2109,0.0499,0.151,0.037
KLF16,ENSG00000129911,1.7212,0.0001536109547925132,0.0003677220416531804,0.2124,0.0644,0.162,0.046
SMAP1,ENSG00000112305,0.4211,0.00015476438566404914,0.00037032207740388216,0.6049,0.4518,0.426,0.294
GAS8,ENSG00000141013,1.4133,0.00015479511852302578,0.00037032207740388216,0.2495,0.0936,0.181,0.066
ZBTB1,ENSG00000126804,1.3805,0.00015726897758380475,0.0003760022549511534,0.2581,0.0991,0.183,0.069
NCKAP1,ENSG00000061676,0.4359,0.00015726551119399644,0.0003760022549511534,0.615,0.4546,0.42,0.293
NCOR1,ENSG00000141027,0.3604,0.0001575499940865253,0.0003765549526490663,0.7391,0.5757,0.507,0.36
TPGS1,ENSG00000141933,0.573,0.00015765766859898261,0.0003766931329112314,0.4374,0.294,0.323,0.198
TNFRSF19,ENSG00000127863,1.1052,0.0001579184579839162,0.0003771969491206092,0.2695,0.1252,0.202,0.085
PIGM,ENSG00000143315,1.0036,0.00015839937152789145,0.0003782260593847092,0.2782,0.1387,0.216,0.098
NKIRAS2,ENSG00000168256,1.0461,0.00016071143646322918,0.0003836255616049594,0.2926,0.1417,0.218,0.104
TMEM259,ENSG00000182087,0.4613,0.00016110458239254857,0.0003844425521085611,0.57,0.4139,0.399,0.272
PSMB5,ENSG00000100804,0.3488,0.0001616337417004856,0.00038558349180523163,0.9819,0.7709,0.65,0.469
COQ4,ENSG00000167113,0.4316,0.00016342860885893096,0.00038974215275543666,0.6171,0.4575,0.429,0.298
RARG,ENSG00000172819,1.8361,0.00016364438507806436,0.0003900105139636518,0.208,0.0582,0.156,0.041
PIGA,ENSG00000165195,-1.0795,0.00016362999166160934,0.0003900105139636518,0.1722,0.3641,0.127,0.233
ORMDL3,ENSG00000172057,0.6563,0.00016388204850158544,0.0003904537610941274,0.3919,0.2486,0.294,0.172
SLC51B,ENSG00000186198,-5.8238,0.00016534392952405422,0.0003938125433651418,0.003,0.1778,0.003,0.117
RNF7,ENSG00000114125,0.3334,0.00016584244576929098,0.00039487541058524846,1.0674,0.8472,0.69,0.508
NFATC3,ENSG00000072736,-0.7771,0.00016640085416139882,0.0003960801679865684,0.2709,0.4644,0.197,0.296
DNAJC9,ENSG00000213551,1.3145,0.0001667814351777457,0.0003968610213442106,0.2373,0.0954,0.183,0.068
C15orf61,ENSG00000189227,-0.7316,0.00016698303487211344,0.0003972156260890482,0.2843,0.4722,0.21,0.307
G3BP1,ENSG00000145907,0.445,0.00016772910730845038,0.00039886477989151483,0.5898,0.4333,0.412,0.287
SRC,ENSG00000197122,1.5716,0.00016778804417022795,0.0003988793812794437,0.2392,0.0804,0.17,0.055
ICA1,ENSG00000003147,0.5736,0.0001689226752047591,0.0004014503967197091,0.4454,0.2992,0.323,0.201
ANAPC5,ENSG00000089053,0.5105,0.00016928638718408763,0.0004021882563445856,0.5087,0.357,0.367,0.243
PCAT6,ENSG00000228288,2.3883,0.0001720755229320365,0.00040868612881217724,0.1754,0.0334,0.137,0.023
ARMC10,ENSG00000170632,0.5923,0.00017410887537871894,0.0004133854662118861,0.4263,0.2827,0.321,0.198
PLAGL1,ENSG00000118495,-1.2269,0.00017483506222590816,0.0004149792318934138,0.1434,0.3358,0.113,0.218
MPZL3,ENSG00000160588,0.826,0.00017554103098704212,0.0004165240229607736,0.3308,0.1865,0.243,0.124
XRCC6,ENSG00000196419,0.3438,0.0001758796150513296,0.00041719638672301255,1.0395,0.8191,0.677,0.492
AKR1C1,ENSG00000187134,0.6352,0.0001761879515834887,0.0004177966020757241,0.4664,0.3002,0.31,0.187
SLC2A8,ENSG00000136856,1.359,0.0001762882703550275,0.0004179033205309799,0.2402,0.0936,0.183,0.069
B3GNT8,ENSG00000177191,-0.8496,0.00017675971466841236,0.0004188894743788756,0.2347,0.423,0.178,0.274
NEMF,ENSG00000165525,0.4994,0.00017719355956534986,0.00041978593368335475,0.5001,0.3537,0.358,0.23
NOL7,ENSG00000225921,0.3566,0.00017753513994160836,0.0004204633173225239,0.8476,0.6619,0.59,0.413
LARGE2,ENSG00000165905,2.0669,0.0001788528839926251,0.0004234514379706307,0.2004,0.0477,0.148,0.035
TOP2B,ENSG00000077097,0.6282,0.00018029410042502813,0.00042672992754106754,0.4196,0.2714,0.302,0.184
ZNF430,ENSG00000118620,1.8976,0.00018109596869493897,0.0004284935933261083,0.2039,0.0547,0.154,0.04
SEL1L,ENSG00000071537,0.7799,0.00018135739610942704,0.0004289778107722985,0.3498,0.2037,0.259,0.141
KANSL1,ENSG00000120071,0.4752,0.00018182568112978768,0.00042995086727247136,0.4631,0.3331,0.332,0.203
GTPBP2,ENSG00000172432,1.685,0.00018220749717533772,0.00043071891150177615,0.2077,0.0645,0.159,0.045
IFI44,ENSG00000137965,2.1467,0.00018432904412959506,0.00043559772549236494,0.1959,0.0442,0.146,0.032
MGRN1,ENSG00000102858,0.4787,0.00018516797892181101,0.00043744342737782435,0.5586,0.4008,0.383,0.26
WBP4,ENSG00000120688,0.6552,0.00018637617109792888,0.0004401600414644741,0.3965,0.2517,0.291,0.17
YTHDC1,ENSG00000083896,0.4019,0.00018791117605580359,0.0004436465422192488,0.6223,0.471,0.442,0.303
LZTS3,ENSG00000088899,1.2784,0.00019162544159726758,0.00045227435528502234,0.2464,0.1015,0.186,0.072
SLC37A3,ENSG00000157800,1.2512,0.00019260457243471262,0.0004544433306509225,0.2567,0.1078,0.191,0.078
TCF12,ENSG00000140262,0.5611,0.0001931589748336751,0.00045560913358364517,0.3776,0.2559,0.28,0.155
AIMP2,ENSG00000106305,0.7758,0.0001945854251866575,0.00045883048916516776,0.3377,0.1972,0.256,0.137
GPS2,ENSG00000132522,1.243,0.00019634610415233193,0.0004628376963715656,0.246,0.1039,0.186,0.071
MTHFR,ENSG00000177000,-1.7564,0.00019643153900822787,0.00046289465914134794,0.073,0.2468,0.054,0.165
CNTNAP2,ENSG00000174469,8.288,0.00019730497204236804,0.00046480794006239183,0.1646,0.0004,0.113,0.0
FBXO21,ENSG00000135108,0.5658,0.0001974680730025524,0.00046504716070270674,0.4356,0.2942,0.321,0.198
NAMPT,ENSG00000105835,-0.3112,0.00019951321724927896,0.0004697171568458406,0.7006,0.8693,0.485,0.487
NDRG1,ENSG00000104419,-0.8652,0.00020001673891134592,0.0004707559073131522,0.2324,0.4234,0.175,0.271
GPR108,ENSG00000125734,0.5093,0.0002010448325821561,0.0004730008446424419,0.4844,0.3403,0.356,0.23
GDE1,ENSG00000006007,0.3806,0.0002011496621298313,0.0004730008446424419,0.704,0.5407,0.488,0.349
DNAJC17,ENSG00000104129,1.1142,0.0002011584002430398,0.0004730008446424419,0.2665,0.123,0.199,0.085
SAFB,ENSG00000160633,0.6212,0.00020125454302768678,0.0004730796741052189,0.4027,0.2618,0.299,0.178
MAP3K11,ENSG00000173327,0.9242,0.00020169210001280463,0.00047396075135201836,0.3084,0.1625,0.232,0.117
TRMT10C,ENSG00000174173,0.6503,0.00020191998268532556,0.0004743487155434187,0.4075,0.2596,0.299,0.18
GBA1,ENSG00000177628,1.073,0.00020238526203356658,0.0004752939554440769,0.278,0.1321,0.208,0.093
MINK1,ENSG00000141503,1.3452,0.00020356612501226665,0.00047791860611176963,0.2464,0.0969,0.181,0.067
NOX4,ENSG00000086991,7.3916,0.00020401725601083305,0.00047882894351097973,0.1627,0.0009,0.113,0.001
EFR3A,ENSG00000132294,0.5146,0.0002060232425544318,0.00048338683152134547,0.4785,0.3349,0.345,0.221
ERVK3-1,ENSG00000142396,0.8611,0.0002065377031569778,0.00048444344841694115,0.2907,0.16,0.226,0.107
YBX3,ENSG00000060138,0.3547,0.00020660937583027146,0.00048446115282361915,1.3185,1.0311,0.798,0.572
STARD4,ENSG00000164211,-1.4995,0.00020739931862262837,0.00048616253558608666,0.0941,0.2662,0.073,0.182
NFKB2,ENSG00000077150,0.986,0.00020859859482364723,0.0004888220793711709,0.3075,0.1552,0.221,0.107
ARFIP1,ENSG00000164144,0.6044,0.00020900130846339835,0.0004896139179661936,0.3946,0.2595,0.296,0.174
EAPP,ENSG00000129518,0.4321,0.00020976802238310623,0.0004912577213590725,0.5781,0.4285,0.412,0.282
CGGBP1,ENSG00000163320,0.5083,0.00020987711879423576,0.0004913609025381008,0.4977,0.3499,0.358,0.234
HSPA1B,ENSG00000204388,0.3717,0.00021029581554800892,0.0004921886265381683,0.7662,0.5922,0.507,0.339
PPP2R2D,ENSG00000175470,1.0604,0.00021299041857895866,0.0004983051944345455,0.2824,0.1353,0.208,0.094
UTP6,ENSG00000108651,1.1073,0.00021304113541013658,0.0004983051944345455,0.256,0.1188,0.199,0.085
MAEA,ENSG00000090316,0.8125,0.00021347037664316718,0.0004991546566199715,0.3031,0.1725,0.24,0.122
VCF1,ENSG00000133193,1.13,0.00021396060965133684,0.0005001461651967357,0.2683,0.1225,0.202,0.089
PTPRM,ENSG00000173482,-1.2455,0.00021420148764552226,0.0005005543579220293,0.1671,0.3962,0.132,0.231
BICD2,ENSG00000185963,1.283,0.0002144055063582141,0.0005008761906420247,0.2434,0.1,0.186,0.073
GPR137B,ENSG00000077585,4.1798,0.0002156194645869004,0.0005035564312068107,0.1496,0.0082,0.119,0.006
HERC6,ENSG00000138642,2.4523,0.00021653065392923622,0.0005055281490838626,0.1736,0.0316,0.135,0.022
KXD1,ENSG00000105700,0.4255,0.0002170368671328274,0.0005065534541824254,0.6022,0.4484,0.429,0.296
CREBZF,ENSG00000137504,0.7291,0.0002171401207732609,0.0005066379284873336,0.3675,0.2217,0.267,0.15
ILVBL,ENSG00000105135,0.9019,0.00021724342053443518,0.0005067224582086008,0.3073,0.1644,0.232,0.117
NXT1,ENSG00000132661,0.6643,0.0002174125560407718,0.0005069604508913675,0.3912,0.2468,0.291,0.174
SLC25A24,ENSG00000085491,0.5417,0.00021899239509549426,0.000510486746358056,0.4705,0.3232,0.34,0.216
SELENOT,ENSG00000198843,0.364,0.00021982671262630593,0.0005122735391399572,0.7961,0.6185,0.566,0.394
PPP4R3A,ENSG00000100796,0.5697,0.00021994546540413484,0.0005123922266815413,0.4429,0.2983,0.321,0.2
AP1M1,ENSG00000072958,0.9144,0.000220059524730864,0.0005124999104012569,0.3047,0.1616,0.229,0.115
SF3A1,ENSG00000099995,0.5948,0.0002201736395866691,0.0005126076570346025,0.4125,0.2731,0.31,0.188
M6PR,ENSG00000003056,0.424,0.0002204067966084611,0.0005129924055381774,0.5974,0.4452,0.431,0.297
TRPC4AP,ENSG00000100991,0.6498,0.00022056395132664903,0.0005132000776941279,0.3822,0.2436,0.283,0.164
E2F3,ENSG00000112242,2.1972,0.00022090719957359157,0.0005138404842298289,0.2008,0.0437,0.143,0.031
GABARAP,ENSG00000170296,0.4988,0.00022124139387748616,0.0005144594431346285,1.6193,1.1459,0.898,0.561
LNPEP,ENSG00000113441,0.7918,0.00022197350029826658,0.0005160030137702782,0.3502,0.2022,0.253,0.139
PTPMT1,ENSG00000110536,0.4005,0.00022377750841002633,0.0005200366275108425,0.6249,0.4734,0.45,0.306
VPS28,ENSG00000160948,0.3339,0.00022614573712796834,0.0005253785498160519,1.1694,0.9278,0.747,0.542
ALDH1B1,ENSG00000137124,2.1927,0.0002268196959433711,0.0005267822941445339,0.192,0.0419,0.143,0.031
AHR,ENSG00000106546,0.3979,0.00022718676816439428,0.0005274726593368158,0.6502,0.4935,0.442,0.305
GNAI1,ENSG00000127955,1.1196,0.00023102258797268754,0.0005362137180134114,0.2542,0.1169,0.197,0.083
DAPK2,ENSG00000035664,-1.0506,0.00023267502781185506,0.0005398832417440309,0.1798,0.3726,0.124,0.231
ERBIN,ENSG00000112851,0.5408,0.00023289552083915506,0.0005402289407245369,0.4544,0.3123,0.323,0.203
SPOPL,ENSG00000144228,1.23,0.0002341369328513889,0.0005429271093889437,0.2323,0.099,0.183,0.069
TRIM28,ENSG00000130726,0.4189,0.00023420244202495928,0.0005429271093889437,0.6068,0.4539,0.426,0.299
TTC39A,ENSG00000085831,-1.1149,0.0002346110021713636,0.0005437073992038809,0.1501,0.3252,0.113,0.22
EFTUD2,ENSG00000108883,1.0306,0.00023501517475484957,0.0005443101303718236,0.2902,0.142,0.213,0.1
CYP1B1,ENSG00000138061,-2.0543,0.00023497472811443473,0.0005443101303718236,0.0559,0.2325,0.04,0.151
GADD45GIP1,ENSG00000179271,0.3423,0.00023539974380677953,0.0005450337310635057,0.9231,0.7281,0.617,0.446
FAM20A,ENSG00000108950,-0.7413,0.00023597770471309615,0.0005462045217853682,0.2984,0.4989,0.208,0.306
PLIN2,ENSG00000147872,-0.6289,0.0002375560933962665,0.0005496895208602737,0.3727,0.5764,0.267,0.341
AKAP1,ENSG00000121057,-0.7543,0.00023829264494050064,0.0005512250252680595,0.2676,0.4515,0.194,0.292
AAMDC,ENSG00000087884,0.5379,0.00023852325636515332,0.0005515895934615039,0.4569,0.3146,0.334,0.213
KIAA0408,ENSG00000189367,-3.8188,0.00023880539913980967,0.0005520730693088317,0.0129,0.1827,0.008,0.12
LIMK1,ENSG00000106683,2.7049,0.00023919578447544515,0.000552806409211376,0.1822,0.0279,0.132,0.021
ZSWIM4,ENSG00000132003,1.8543,0.00024166486143831968,0.0005583419046380749,0.1909,0.0527,0.146,0.033
CPNE1,ENSG00000214078,0.53,0.00024210122031797184,0.0005591790643541049,0.4763,0.3298,0.342,0.222
DIAPH2,ENSG00000147202,-1.0455,0.00024224683746181636,0.0005593443939559972,0.2132,0.4401,0.159,0.255
STAT6,ENSG00000166888,0.4703,0.000242861412966257,0.0005605921096731047,0.5351,0.3862,0.377,0.255
KDM2A,ENSG00000173120,0.5788,0.0002478203079995302,0.0005718639056006264,0.4161,0.2785,0.299,0.18
HPS3,ENSG00000163755,1.2022,0.00024794788132241895,0.0005719835857682062,0.2556,0.111,0.191,0.079
PDE4C,ENSG00000105650,-10.7299,0.00024886929633161434,0.0005739339236219005,0.0,0.1697,0.0,0.111
DPH1,ENSG00000108963,1.3616,0.0002498046303630882,0.0005759151609377879,0.2222,0.0864,0.17,0.056
MBD2,ENSG00000134046,0.6549,0.00025094213708769497,0.0005783611487789918,0.3937,0.25,0.288,0.172
PPP2R5C,ENSG00000078304,-0.6308,0.0002518955671694253,0.0005803815217947569,0.3552,0.5501,0.264,0.344
VTI1B,ENSG00000100568,0.3968,0.0002520359048852426,0.0005805278236000024,0.6441,0.4892,0.453,0.319
OTULIN,ENSG00000154124,1.4105,0.00025345960305538773,0.0005836291682668255,0.2472,0.0929,0.175,0.064
GBP1,ENSG00000117228,2.2295,0.00025363334242743766,0.0005838512803288517,0.1978,0.0421,0.14,0.029
MUCL3,ENSG00000168631,-4.0912,0.00025381806288118724,0.0005840985272821717,0.0105,0.1808,0.008,0.119
GTF2F1,ENSG00000125651,0.5573,0.0002558802357603302,0.0005886647932915026,0.4625,0.3143,0.332,0.214
ITGAE,ENSG00000083457,0.601,0.00025739586188797836,0.000591971304890008,0.4456,0.2937,0.315,0.2
NCDN,ENSG00000020129,1.6059,0.00025799673984231987,0.0005931726626624244,0.2156,0.0708,0.162,0.05
MIA2,ENSG00000150527,0.746,0.00025821757522817237,0.0005934997812135206,0.3516,0.2096,0.253,0.136
ACOT8,ENSG00000101473,0.8679,0.00025907498757951977,0.0005951847636949874,0.3018,0.1653,0.229,0.113
SERPINF1,ENSG00000132386,1.7342,0.0002591082313425299,0.0005951847636949874,0.2318,0.0696,0.154,0.042
SMPD1,ENSG00000166311,0.9223,0.00025930223302426497,0.0005954493527350523,0.2994,0.1579,0.226,0.113
ACOX1,ENSG00000161533,0.7043,0.00026236877329399337,0.0006023081380237375,0.3797,0.233,0.275,0.16
SAMD9,ENSG00000205413,2.154,0.00026269412823351214,0.0006028718526136647,0.1773,0.0398,0.14,0.029
CHD9,ENSG00000177200,0.3646,0.00026322785449797075,0.0006039132829432642,0.6674,0.5183,0.458,0.323
GANAB,ENSG00000089597,0.5449,0.00026352605920612875,0.000604413897177384,0.4793,0.3285,0.34,0.224
PLIN5,ENSG00000214456,-2.5229,0.0002637118937999912,0.0006046565577113607,0.0346,0.1996,0.024,0.135
FOXA1,ENSG00000129514,0.81,0.0002644338698787327,0.0006059441573957614,0.3564,0.2032,0.253,0.143
DMTN,ENSG00000158856,1.263,0.0002644112801050537,0.0006059441573957614,0.2497,0.104,0.186,0.074
NGDN,ENSG00000129460,0.7027,0.00026503315855794295,0.00060713326649644,0.3713,0.2281,0.272,0.157
TM9SF4,ENSG00000101337,0.8111,0.00026615599648814294,0.0006095206285140709,0.3083,0.1757,0.237,0.122
CLN8-AS1,ENSG00000253982,0.9518,0.0002691491023105794,0.0006158151023490089,0.2931,0.1515,0.218,0.105
PLCXD1,ENSG00000182378,-2.4365,0.0002690687252591028,0.0006158151023490089,0.0376,0.2042,0.027,0.137
MRPL44,ENSG00000135900,0.9415,0.0002690285451713148,0.0006158151023490089,0.291,0.1515,0.221,0.109
MINDY2,ENSG00000128923,0.8574,0.00026983897227707103,0.0006172066108244843,0.3068,0.1693,0.232,0.118
ST6GAL1,ENSG00000073849,0.7263,0.00026995986979599847,0.0006172962519094336,0.3277,0.198,0.237,0.12
MMD,ENSG00000108960,3.9354,0.0002739080346751111,0.0006261347055886428,0.1745,0.0113,0.119,0.009
TUBGCP2,ENSG00000130640,0.5863,0.00027415913907325893,0.0006265191457043167,0.4328,0.2882,0.313,0.196
PFKL,ENSG00000141959,0.5916,0.0002745566748065365,0.0006272378827225229,0.4338,0.2878,0.313,0.196
MESP1,ENSG00000166823,1.0674,0.00027504263438691477,0.0006281581326460523,0.3029,0.1445,0.21,0.101
NNMT,ENSG00000166741,-0.3615,0.000275781897139273,0.0006296561598329427,0.6648,0.8541,0.41,0.432
PTP4A2,ENSG00000184007,-0.1458,0.00027678226657493156,0.0006317492519557728,0.8907,0.9854,0.598,0.564
CNOT2,ENSG00000111596,0.5224,0.00027786293497700666,0.0006340243049686757,0.4605,0.3206,0.334,0.214
COMMD5,ENSG00000170619,0.8149,0.0002794467428827152,0.0006374456951929086,0.3345,0.1901,0.248,0.136
ZNF322,ENSG00000181315,1.0411,0.0002807581059858851,0.0006402437339943743,0.2791,0.1356,0.208,0.096
ZNF254,ENSG00000213096,1.2368,0.00028223127636015446,0.0006434089598373467,0.248,0.1052,0.181,0.069
CETN2,ENSG00000147400,0.5431,0.0002833499420451902,0.0006457643475569869,0.4738,0.3251,0.337,0.219
GSKIP,ENSG00000100744,1.2155,0.0002846905620252178,0.0006486240036491317,0.2429,0.1046,0.189,0.078
ITPR3,ENSG00000096433,0.3278,0.00028487823789488355,0.0006487844777373463,0.8414,0.6704,0.555,0.409
CORO1B,ENSG00000172725,0.4059,0.0002849327461459319,0.0006487844777373463,0.6076,0.4586,0.437,0.304
DLG2,ENSG00000150672,-4.5686,0.00028502967383190684,0.0006488096371798904,0.011,0.2631,0.008,0.118
ABCC9,ENSG00000069431,-3.6969,0.00028563617213422373,0.0006497986391069137,0.0146,0.1902,0.011,0.121
ABL2,ENSG00000143322,1.0672,0.0002855876078099906,0.0006497986391069137,0.2945,0.1405,0.205,0.095
MMP11,ENSG00000099953,7.1559,0.00028797637978671104,0.0006549252105022883,0.1443,0.0009,0.111,0.001
SNN,ENSG00000184602,1.7608,0.0002898417703496009,0.0006589691769459027,0.1998,0.0589,0.154,0.043
MGAT2,ENSG00000168282,1.1757,0.00029071697727503775,0.0006605614325753113,0.252,0.1115,0.194,0.084
TOMM34,ENSG00000025772,1.1598,0.0002906614330128585,0.0006605614325753113,0.2434,0.1089,0.189,0.076
CDKL5,ENSG00000008086,-1.1354,0.00029173705257500433,0.0006626799254973414,0.16,0.3516,0.124,0.224
B3GAT3,ENSG00000149541,0.5457,0.0002919042928640475,0.0006628605147543971,0.4292,0.294,0.321,0.201
PLEKHN1,ENSG00000187583,4.229,0.0002935442700290065,0.0006663843029053919,0.1659,0.0088,0.116,0.006
MRPL41,ENSG00000182154,0.3354,0.00029424886424313414,0.0006677831689266681,1.1352,0.8997,0.733,0.53
RLIM,ENSG00000131263,0.9677,0.0002956565373345361,0.000670776318186913,0.2838,0.1451,0.216,0.104
IFI44L,ENSG00000137959,3.3704,0.00029705162150328075,0.00067365116548879,0.1666,0.016,0.121,0.012
PM20D2,ENSG00000146281,1.4507,0.000297102009716565,0.00067365116548879,0.228,0.0833,0.17,0.059
IWS1,ENSG00000163166,0.5878,0.0002978840514354029,0.0006752217247508157,0.4226,0.2811,0.305,0.189
PRCC,ENSG00000143294,0.7926,0.0002983263775717299,0.0006760215304602337,0.3209,0.1852,0.245,0.132
NAV1,ENSG00000134369,4.1644,0.0002984908267555645,0.000676191363159907,0.1452,0.008,0.116,0.006
CXXC1,ENSG00000154832,1.0973,0.0003007383297510391,0.0006808744624720108,0.2659,0.1242,0.199,0.089
SMNDC1,ENSG00000119953,0.6253,0.00030072558759534185,0.0006808744624720108,0.3862,0.2503,0.288,0.17
ZMAT2,ENSG00000146007,0.474,0.000301823262952956,0.0006831260490142548,0.513,0.3693,0.372,0.25
NUMB,ENSG00000133961,0.5222,0.00030268102771654446,0.0006848622834377039,0.4547,0.3166,0.323,0.205
SNHG12,ENSG00000197989,0.536,0.00030298242589424796,0.0006853389903086956,0.459,0.3165,0.329,0.208
HAPLN3,ENSG00000140511,3.4026,0.00030378538508335295,0.0006869495912315868,0.1755,0.0165,0.121,0.012
SCAMP1,ENSG00000085365,0.9344,0.0003065238908561752,0.000692934768228128,0.2903,0.1518,0.218,0.106
RAB25,ENSG00000132698,0.3364,0.00030897169898099283,0.0006982594034703562,1.0201,0.8079,0.666,0.487
WDR18,ENSG00000065268,0.74,0.00030979606108784885,0.0006999130506933906,0.3564,0.2133,0.261,0.15
ING4,ENSG00000111653,1.2174,0.00031176712412456415,0.000704155642081041,0.2473,0.1063,0.186,0.076
RSL1D1,ENSG00000171490,-0.3423,0.00031245316225707716,0.0007054942142415474,0.6148,0.7794,0.418,0.472
MYO9A,ENSG00000066933,-0.7783,0.00031257864873546274,0.000705566683954712,0.2874,0.493,0.21,0.3
ETNK1,ENSG00000139163,0.5061,0.00031297523165695594,0.0007062508587718943,0.4714,0.3319,0.334,0.215
TBC1D10A,ENSG00000099992,1.3727,0.0003133921506788088,0.0007069805011580771,0.2347,0.0906,0.175,0.065
FZR1,ENSG00000105325,1.5379,0.00031359086624350427,0.0007072176102894551,0.2227,0.0766,0.164,0.055
SURF4,ENSG00000148248,0.3496,0.0003137366659557727,0.0007073352764237131,0.8079,0.634,0.553,0.401
NTPCR,ENSG00000135778,0.6688,0.0003145463440607906,0.0007089491734425039,0.376,0.2365,0.28,0.167
POP5,ENSG00000167272,0.4943,0.0003146792646610553,0.0007090372336755957,0.5079,0.3606,0.358,0.24
FAM89B,ENSG00000176973,1.3792,0.0003170205976714245,0.0007140997660726333,0.2428,0.0933,0.178,0.07
CSNK1G3,ENSG00000151292,0.8727,0.00031719467687578104,0.0007142789221450151,0.3222,0.1759,0.232,0.121
AKAP12,ENSG00000131016,4.2123,0.00032075600942546367,0.0007220833287274666,0.1814,0.0097,0.116,0.007
TXLNA,ENSG00000084652,1.0588,0.0003209049253180046,0.0007222033693111483,0.2882,0.1383,0.208,0.098
DHCR7-DT,ENSG00000254682,-1.9794,0.00032179978051333165,0.0007240015907618287,0.057,0.2249,0.046,0.152
RUSC1,ENSG00000160753,1.1076,0.00032252686897612663,0.0007253737707884887,0.2628,0.1219,0.199,0.089
GLOD4,ENSG00000167699,0.5441,0.0003226017034876667,0.0007253737707884887,0.4581,0.3141,0.332,0.214
DNAJB13,ENSG00000187726,4.459,0.0003257663346911389,0.0007322715437642233,0.1499,0.0067,0.113,0.004
TRAK1,ENSG00000182606,0.7692,0.00032668763926089973,0.000734124067405145,0.3333,0.1955,0.243,0.129
SMARCAD1,ENSG00000163104,1.0766,0.00032804652303461396,0.0007369585136861458,0.2797,0.1326,0.199,0.089
CA12,ENSG00000074410,-2.9475,0.00032896000185654166,0.0007387909673086125,0.0251,0.194,0.019,0.127
FOXJ3,ENSG00000198815,0.7528,0.0003320920556642441,0.0007456034117513711,0.3394,0.2014,0.245,0.132
CBX6,ENSG00000183741,0.7803,0.0003372181739505446,0.0007568874938194784,0.348,0.2026,0.253,0.142
ENSG00000260740,ENSG00000260740,-2.895,0.00033736004073685305,0.0007569810239878007,0.0259,0.1934,0.019,0.127
FUNDC1,ENSG00000069509,0.9238,0.0003411972770925555,0.0007653638445469884,0.3008,0.1585,0.224,0.114
DCTN1,ENSG00000204843,0.5644,0.0003439899531229313,0.0007713992567063657,0.4321,0.2922,0.315,0.198
GRHL1,ENSG00000134317,2.8913,0.000345394296089219,0.0007743186667519436,0.1657,0.0222,0.124,0.015
MRPS35,ENSG00000061794,0.4622,0.000347737060164628,0.0007793395103956583,0.5275,0.3829,0.377,0.256
CYB561,ENSG00000008283,0.6106,0.000349522212518047,0.0007831080413920063,0.4051,0.2653,0.299,0.184
ENSG00000234961,ENSG00000234961,3.691,0.0003496542430065125,0.0007831715997373858,0.166,0.0128,0.116,0.007
TMT1A,ENSG00000185432,-0.7601,0.00035109493102093215,0.0007861654427573036,0.2535,0.4294,0.175,0.276
UBN1,ENSG00000118900,0.7205,0.0003551227187563434,0.0007949487822827183,0.3529,0.2141,0.261,0.149
GRB2,ENSG00000177885,0.4597,0.00035981863392353853,0.0008052220910226106,0.5064,0.3682,0.367,0.247
TRMT1,ENSG00000104907,1.2237,0.0003626928370200486,0.0008111735890131638,0.2453,0.105,0.183,0.074
PSME4,ENSG00000068878,0.6185,0.00036263969763888443,0.0008111735890131638,0.3869,0.252,0.28,0.165
ACP2,ENSG00000134575,0.8233,0.00036288267996693565,0.0008113579896863565,0.307,0.1734,0.235,0.122
TDRP,ENSG00000180190,1.0625,0.0003650458288145721,0.0008159530286077195,0.263,0.1259,0.197,0.087
DLG5,ENSG00000151208,1.7499,0.00036525974867827215,0.000816189707561179,0.1936,0.0575,0.148,0.039
HSPA5,ENSG00000044574,0.3606,0.0003662391615226406,0.0008181362700483589,1.4311,1.1146,0.844,0.603
LEO1,ENSG00000166477,1.3029,0.0003675591144654574,0.0008208421843885695,0.2381,0.0965,0.178,0.069
DPH3,ENSG00000154813,0.6586,0.0003706614862195951,0.0008275258653631919,0.3822,0.2421,0.28,0.167
MGMT,ENSG00000170430,0.4394,0.00037246303283866247,0.0008313022786103678,0.5355,0.3949,0.38,0.257
IARS2,ENSG00000067704,0.5834,0.0003727277392739787,0.0008316473922666594,0.4386,0.2927,0.313,0.201
ACAP3,ENSG00000131584,1.5836,0.0003733122724914913,0.0008327057037712479,0.2256,0.0752,0.162,0.054
ERGIC2,ENSG00000087502,0.4764,0.00037347609529153896,0.0008328252361061324,0.4884,0.351,0.358,0.239
PHAX,ENSG00000164902,0.8001,0.00037386642011267933,0.0008334496323255511,0.3312,0.1902,0.245,0.135
FMN1,ENSG00000248905,-1.2834,0.0003742727624274847,0.0008341093569733471,0.1421,0.3462,0.111,0.209
LMAN1,ENSG00000074695,0.3253,0.0003745230243972304,0.0008344209523211666,0.9905,0.7906,0.644,0.475
LYRM4,ENSG00000214113,0.6412,0.0003753374565519847,0.0008359889399322654,0.387,0.2481,0.283,0.17
RASGRP3,ENSG00000152689,2.598,0.0003772862497211351,0.0008400818204076557,0.179,0.0295,0.129,0.022
KRT16,ENSG00000186832,3.7117,0.0003787066154646777,0.0008429960164512786,0.1617,0.0123,0.116,0.008
ARSD,ENSG00000006756,0.598,0.00038102139931071795,0.0008478988723983723,0.3977,0.2627,0.296,0.18
GBE1,ENSG00000114480,0.8175,0.00038215185480677696,0.000850164093953239,0.3005,0.1705,0.224,0.112
MRPS6,ENSG00000243927,-0.3033,0.0003877866445918582,0.0008624457167770058,0.6583,0.8123,0.456,0.485
POLR1H,ENSG00000066379,0.5999,0.0003903158359282992,0.0008678152267328725,0.4086,0.2696,0.299,0.186
FURIN,ENSG00000140564,0.5209,0.0003939908680534693,0.0008757284519399708,0.4965,0.346,0.345,0.233
NIPSNAP3A,ENSG00000136783,1.034,0.00039725988201222396,0.0008827348260595153,0.2775,0.1355,0.205,0.096
TACC1,ENSG00000147526,-0.3535,0.000398128710599739,0.0008844052950841013,0.6261,0.8,0.431,0.469
HIPK1,ENSG00000163349,0.7293,0.0004001545636365617,0.0008886442469941868,0.3444,0.2077,0.253,0.142
ZMYM2,ENSG00000121741,0.5359,0.0004006875270057834,0.0008895663433819258,0.4479,0.3089,0.313,0.197
NSUN5,ENSG00000130305,0.9798,0.00040353003200318486,0.0008956138048719334,0.2914,0.1477,0.213,0.105
GTF2E2,ENSG00000197265,0.6849,0.00040536247879659903,0.0008994166012652881,0.3334,0.2073,0.256,0.143
CDC37L1,ENSG00000106993,0.7619,0.0004056995504095376,0.0008999002065014846,0.3106,0.1831,0.24,0.127
NBPF14,ENSG00000270629,1.1861,0.0004063660361746914,0.0009011140015555602,0.2437,0.107,0.183,0.074
STAMBP,ENSG00000124356,0.6742,0.00040699972211002137,0.0009022543722245339,0.3551,0.2225,0.267,0.154
SLC35A1,ENSG00000164414,-1.2759,0.0004095437078555716,0.0009076276658400831,0.1176,0.285,0.089,0.192
ZFP90,ENSG00000184939,1.7629,0.0004102416442681067,0.0009089078071687818,0.2054,0.0605,0.151,0.044
NDE1,ENSG00000072864,2.463,0.00041163230599044895,0.0009117215103365118,0.1711,0.031,0.129,0.022
MALT1,ENSG00000172175,1.0378,0.0004122394299480766,0.000912798620532743,0.265,0.129,0.197,0.087
PDGFA-DT,ENSG00000223855,5.0303,0.00041357633128236165,0.0009154905311568246,0.1438,0.0043,0.111,0.004
RARA,ENSG00000131759,1.0948,0.00041471071716911277,0.0009177327089082153,0.2647,0.1239,0.197,0.089
EXTL3,ENSG00000012232,2.21,0.0004154168740604118,0.0009190262030824045,0.1972,0.0425,0.137,0.031
LRRIQ1,ENSG00000133640,2.5327,0.00041755940819932375,0.0009234957051949329,0.1742,0.03,0.127,0.019
SMAD5,ENSG00000113658,0.5586,0.00042166567370506325,0.0009319908107566116,0.4403,0.2989,0.315,0.202
KCTD14,ENSG00000151364,-1.9367,0.0004217530773889449,0.0009319908107566116,0.058,0.2223,0.051,0.154
DUT,ENSG00000128951,0.3371,0.0004217705601557717,0.0009319908107566116,0.8536,0.6757,0.585,0.416
KEAP1,ENSG00000079999,0.6117,0.000422242850746592,0.00093276161912003,0.372,0.2434,0.286,0.169
TRIO,ENSG00000038382,0.5204,0.0004304011812038672,0.0009505059701827585,0.3873,0.27,0.278,0.161
JADE1,ENSG00000077684,0.838,0.0004330994015897907,0.0009561852656373083,0.3138,0.1755,0.232,0.123
ST3GAL6,ENSG00000064225,-2.3041,0.00043507492597108207,0.0009602661600092098,0.0438,0.2166,0.032,0.138
GBP2,ENSG00000162645,1.2652,0.00044068766630534054,0.0009718426530613535,0.2362,0.0982,0.178,0.07
SRSF10,ENSG00000188529,0.3226,0.000440596604409124,0.0009718426530613535,0.8465,0.6769,0.574,0.419
EIF4A3,ENSG00000141543,0.5095,0.00044070588079261376,0.0009718426530613535,0.4758,0.3342,0.342,0.227
ATP2B4,ENSG00000058668,0.3937,0.0004415810030569997,0.0009734883215919559,0.5766,0.4389,0.402,0.273
APOL6,ENSG00000221963,0.7525,0.00044178178023523913,0.0009736468347949918,0.3336,0.1979,0.248,0.138
VPS13A,ENSG00000197969,0.433,0.00044278694492550484,0.0009755775354074625,0.5206,0.3856,0.367,0.245
MIA3,ENSG00000154305,0.6711,0.0004443354034582151,0.0009787037822527158,0.3851,0.2418,0.275,0.165
POLR3C,ENSG00000186141,1.3383,0.0004448128681414308,0.0009794698976416526,0.2322,0.0918,0.173,0.065
TRAFD1,ENSG00000135148,0.8986,0.000446921252800539,0.000983825776488366,0.2858,0.1532,0.216,0.106
VPS29,ENSG00000111237,0.3157,0.0004495304193988749,0.0009892811880450043,0.8857,0.7116,0.588,0.44
NHP2,ENSG00000145912,0.3357,0.0004503475332707977,0.0009907908019396844,0.9659,0.7654,0.644,0.459
PAPSS2,ENSG00000198682,-1.1185,0.00045087753968993806,0.0009916680676440995,0.1444,0.3136,0.102,0.206
SULT2B1,ENSG00000088002,2.886,0.0004516689815226625,0.0009931196610604527,0.168,0.0226,0.121,0.015
ABHD16A,ENSG00000204427,1.2976,0.00045296601587918806,0.0009956817718845697,0.2144,0.0872,0.167,0.058
ENSG00000238142,ENSG00000238142,-0.9676,0.0004546976767045167,0.000999197483275923,0.1899,0.3714,0.146,0.238
MEF2A,ENSG00000068305,0.5443,0.000456501391179847,0.0010028694418039383,0.4217,0.2891,0.302,0.186
YIPF4,ENSG00000119820,0.5257,0.0004588221584175423,0.0010076748275710849,0.4368,0.3034,0.326,0.209
ANKRD13D,ENSG00000172932,1.2458,0.0004596929126031719,0.0010092937967791234,0.2368,0.0998,0.178,0.071
PNPT1,ENSG00000138035,1.0676,0.0004613439912312178,0.0010126245943497532,0.2948,0.1406,0.205,0.1
SESN3,ENSG00000149212,1.2296,0.0004616101983187191,0.0010129146233801693,0.2476,0.1055,0.181,0.074
TRAPPC4,ENSG00000196655,0.4754,0.0004621906457946324,0.0010138938237451939,0.491,0.3531,0.356,0.237
WDR54,ENSG00000005448,1.4343,0.00046260022283693035,0.0010144977310690881,0.2093,0.0774,0.162,0.054
HLA-G,ENSG00000204632,3.1689,0.0004628480383329371,0.0010147466423695124,0.1577,0.0174,0.119,0.012
ZDHHC18,ENSG00000204160,1.8918,0.0004654767581245499,0.0010202137823124382,0.2043,0.055,0.146,0.04
AZI2,ENSG00000163512,0.5008,0.0004658315016583182,0.001020695184173026,0.4625,0.3268,0.337,0.22
TRPV4,ENSG00000111199,5.7914,0.00047098917418555693,0.0010316970747961387,0.1464,0.0025,0.108,0.002
CISD1,ENSG00000122873,0.3989,0.0004720465010364411,0.001033713424733424,0.6149,0.4663,0.431,0.303
CHD8,ENSG00000100888,0.7879,0.0004724642203535465,0.0010343283641759038,0.3231,0.1871,0.237,0.127
EPHA1,ENSG00000146904,2.0835,0.0004752122394511385,0.0010400430095751309,0.1686,0.0397,0.135,0.028
SERPINB1,ENSG00000021355,0.3152,0.00047784746465971673,0.001045507557342647,1.1909,0.9572,0.725,0.533
BCAS2,ENSG00000116752,0.5297,0.0004806345480939237,0.0010513011033148794,0.4502,0.3119,0.329,0.217
MT1F,ENSG00000198417,0.8215,0.00048408255973440676,0.0010585365380009965,0.3367,0.1905,0.232,0.122
SPATA18,ENSG00000163071,2.2812,0.0004858251780677356,0.0010620397049484207,0.1644,0.0337,0.129,0.023
PDLIM2,ENSG00000120913,0.5223,0.00048716347889881837,0.0010646572412729455,0.466,0.3244,0.326,0.208
ARL6IP6,ENSG00000177917,1.0086,0.0004873835282235687,0.0010648301202224007,0.2908,0.1445,0.208,0.102
RIDA,ENSG00000132541,-1.0953,0.0004921673547030348,0.0010749709062681202,0.1448,0.3095,0.113,0.212
ROCK2,ENSG00000134318,0.6068,0.0004945553702733338,0.0010798745151488548,0.42,0.2758,0.294,0.183
SP110,ENSG00000135899,1.6587,0.0004963127652394041,0.001083398711754897,0.2051,0.0649,0.151,0.045
FRAS1,ENSG00000138759,5.3317,0.0004992819866861208,0.0010895653984441486,0.1459,0.0035,0.108,0.002
BRMS1,ENSG00000174744,0.5641,0.0004995173722867012,0.0010897642932792457,0.4167,0.2818,0.307,0.196
DNAJC8,ENSG00000126698,0.3338,0.0005010037089081448,0.0010926914032335549,0.8228,0.6528,0.563,0.408
IRS1,ENSG00000169047,2.0721,0.0005017227256003744,0.0010939437783292435,0.1826,0.0433,0.137,0.032
MOB3B,ENSG00000120162,1.882,0.000503534791636149,0.0010975780008110518,0.1934,0.0524,0.143,0.037
ST7,ENSG00000004866,-0.9812,0.0005046704294174085,0.0010997361102533952,0.1783,0.3521,0.135,0.233
PDCL3,ENSG00000115539,0.7407,0.0005053529577643902,0.0011009058811735778,0.3438,0.2057,0.253,0.146
ESRRA,ENSG00000173153,-1.0071,0.0005059120300249275,0.001101511137249526,0.1681,0.338,0.127,0.226
CYP51A1,ENSG00000001630,-0.6543,0.0005059223886506758,0.001101511137249526,0.3484,0.5484,0.248,0.317
PRKCSH,ENSG00000130175,0.3717,0.0005098625776485766,0.0011097700300014394,0.6833,0.5281,0.464,0.342
THOC5,ENSG00000100296,1.3113,0.000510300977577397,0.0011104043449300788,0.2171,0.0874,0.17,0.063
TSPAN31,ENSG00000135452,0.6958,0.0005125192217269463,0.001114910083543645,0.3489,0.2154,0.261,0.152
TRIM16,ENSG00000221926,1.8829,0.0005144307304541073,0.0011187461625160565,0.1929,0.0522,0.143,0.037
MBD6,ENSG00000166987,0.9639,0.000518379652650291,0.0011270095757619997,0.2774,0.1422,0.208,0.1
TAX1BP1,ENSG00000106052,0.322,0.0005201945720358503,0.0011306300321435123,1.0849,0.8679,0.706,0.514
NEK7,ENSG00000151414,0.6849,0.0005220367438184966,0.0011343076213830147,0.3497,0.2175,0.253,0.143
IFI35,ENSG00000068079,0.9512,0.0005297042119195803,0.0011506369525740164,0.2762,0.1428,0.21,0.103
SLBP,ENSG00000163950,0.5021,0.0005300935722532272,0.001150938406797372,0.4591,0.3241,0.337,0.22
NOC4L,ENSG00000184967,1.1202,0.0005301476711654341,0.001150938406797372,0.2465,0.1133,0.189,0.083
LRBA,ENSG00000198589,0.365,0.0005323267128144406,0.0011553370627156272,0.4591,0.3565,0.334,0.209
HUS1,ENSG00000136273,1.1711,0.0005344377797398743,0.0011595857053230184,0.2312,0.1026,0.181,0.073
CALM3,ENSG00000160014,0.3631,0.0005410383819020884,0.0011735701910049606,0.6843,0.532,0.477,0.34
LAP3,ENSG00000002549,0.5579,0.0005449107761538853,0.0011816305722854776,0.4245,0.2883,0.31,0.196
SNF8,ENSG00000159210,0.409,0.0005455994294093882,0.0011827844158358472,0.581,0.4376,0.415,0.294
SUMF2,ENSG00000129103,0.4091,0.000546556000496883,0.0011845182397458266,0.5799,0.4367,0.41,0.286
LSM1,ENSG00000175324,0.4839,0.0005488425035137139,0.0011887916037976228,0.4783,0.342,0.35,0.236
KCNJ15,ENSG00000157551,-0.4254,0.0005487419337255303,0.0011887916037976228,0.5256,0.7059,0.348,0.423
NHERF1,ENSG00000109062,0.9889,0.0005530031870538433,0.0011974603262229252,0.2757,0.1389,0.205,0.1
FKBP14,ENSG00000106080,1.525,0.0005543665167099001,0.0012000684910439242,0.2271,0.0788,0.162,0.058
ERI3,ENSG00000117419,0.5087,0.0005546711576911512,0.0012003840149976074,0.4299,0.3021,0.321,0.205
EXOSC10,ENSG00000171824,0.9955,0.0005655127836356168,0.0012234963002196691,0.2718,0.1363,0.202,0.096
DLG1,ENSG00000075711,0.5238,0.0005665478731268374,0.0012253848214924868,0.4012,0.279,0.291,0.177
FBN1,ENSG00000166147,4.8756,0.0005678269133971786,0.0012275959946287187,0.1514,0.0051,0.108,0.003
COQ10B,ENSG00000115520,0.5288,0.0005679768866868425,0.0012275959946287187,0.4295,0.2977,0.318,0.206
SDF2L1,ENSG00000128228,0.3644,0.0005680576568129717,0.0012275959946287187,0.6611,0.5135,0.464,0.32
WDR41,ENSG00000164253,1.0653,0.0005718659404768365,0.0012354724564776949,0.2644,0.1263,0.194,0.09
MED31,ENSG00000108590,0.5474,0.0005744607429157468,0.0012407235313689157,0.4222,0.2889,0.307,0.193
MOGS,ENSG00000115275,0.9301,0.0005757447240390584,0.0012431412946885072,0.3021,0.1585,0.216,0.111
SRM,ENSG00000116649,0.5431,0.0005796009605937429,0.0012511100735102078,0.4474,0.307,0.315,0.204
NUB1,ENSG00000013374,0.513,0.0005825709230440337,0.0012571617605249,0.4346,0.3045,0.321,0.205
BCL6,ENSG00000113916,-1.0787,0.0005839901652393617,0.001259864562645168,0.165,0.3487,0.127,0.22
SZRD1,ENSG00000055070,0.4613,0.0005845587628881922,0.0012607312171339685,0.4584,0.3329,0.348,0.226
TIAL1,ENSG00000151923,0.4623,0.0005879216106076709,0.0012676220799489022,0.4894,0.3552,0.356,0.241
ZDHHC24,ENSG00000174165,0.6598,0.0005883626050238267,0.001268210978874468,0.3454,0.2186,0.264,0.154
STON2,ENSG00000140022,4.8754,0.0005923574329647244,0.0012763004380259837,0.1419,0.0047,0.108,0.004
PDP2,ENSG00000172840,-2.1712,0.0005924534263609695,0.0012763004380259837,0.0434,0.1958,0.035,0.138
FRMD4B,ENSG00000114541,-0.5626,0.0005950266305480294,0.0012814783904761579,0.4265,0.63,0.286,0.367
TOR3A,ENSG00000186283,0.907,0.0005969089759498625,0.0012847998043593195,0.2846,0.1517,0.216,0.109
CRELD2,ENSG00000184164,0.5642,0.0005968606415248071,0.0012847998043593195,0.4079,0.2758,0.302,0.189
APPL1,ENSG00000157500,0.4552,0.0006006538410297484,0.0012924921016746651,0.4845,0.3533,0.356,0.237
SMG5,ENSG00000198952,1.044,0.0006038584324941762,0.0012990177840243454,0.2723,0.132,0.197,0.092
ARL8A,ENSG00000143862,0.6905,0.0006054973022984241,0.001302172535970565,0.3569,0.2211,0.261,0.155
AGPS,ENSG00000018510,1.1937,0.0006098344604264099,0.0013111267354927508,0.2388,0.1044,0.178,0.073
MUC3A,ENSG00000169894,3.9375,0.0006124902207132171,0.001316461911091993,0.1448,0.0094,0.111,0.007
AZIN1,ENSG00000155096,0.5407,0.0006126759073578704,0.0013164864846668689,0.4257,0.2926,0.313,0.2
CHD4,ENSG00000111642,0.3788,0.0006132580647857368,0.001317362718071152,0.621,0.4775,0.434,0.308
PRKAA2,ENSG00000162409,3.5301,0.0006189830108235608,0.001329012331092071,0.1554,0.0134,0.113,0.009
GJB3,ENSG00000188910,6.205,0.0006190330103392453,0.001329012331092071,0.149,0.0019,0.105,0.001
CCDC174,ENSG00000154781,0.7617,0.0006202090813278406,0.001331158979952226,0.322,0.1899,0.24,0.133
ZFYVE27,ENSG00000155256,1.4385,0.0006216507190359814,0.0013338742352504516,0.2205,0.0813,0.162,0.058
TXNL1,ENSG00000091164,0.3287,0.0006222282466277138,0.0013347343564089659,0.7758,0.6177,0.534,0.394
LTBP2,ENSG00000119681,5.9653,0.0006232715704485788,0.0013365928795739464,0.1449,0.0022,0.105,0.001
FUBP1,ENSG00000162613,0.5451,0.000629578469283115,0.0013497347716895384,0.4152,0.2845,0.302,0.19
PLGRKT,ENSG00000107020,0.6605,0.0006352016718692971,0.0013614038669425646,0.3554,0.2248,0.267,0.158
PWP1,ENSG00000136045,0.5396,0.0006356883908063653,0.001362060633165652,0.4126,0.2838,0.31,0.196
LMO7,ENSG00000136153,0.286,0.0006368168616454241,0.0013640916897451599,1.3406,1.0995,0.798,0.601
DDX60,ENSG00000137628,2.3052,0.0006377800971140707,0.0013657677533154206,0.1749,0.0353,0.129,0.026
NHERF2,ENSG00000065054,0.4509,0.0006383586887352002,0.0013666194087261086,0.5354,0.3917,0.372,0.259
ATP6V0E2,ENSG00000171130,1.2326,0.0006388991480523474,0.0013673889698400806,0.239,0.1016,0.178,0.074
NT5C,ENSG00000125458,0.3863,0.0006426295788708112,0.0013749834234973036,0.6086,0.4656,0.426,0.304
RAB24,ENSG00000169228,1.0667,0.0006431863539560387,0.001375785080446736,0.2401,0.1146,0.183,0.076
LRRFIP1,ENSG00000124831,0.3384,0.0006484394045528638,0.0013866288427389997,1.3805,1.0919,0.844,0.605
VILL,ENSG00000136059,1.8251,0.0006492752229413696,0.0013880232906966744,0.1931,0.0544,0.143,0.039
AKIP1,ENSG00000166452,0.7728,0.0006511070699936917,0.001391545661613109,0.3108,0.1818,0.235,0.127
UBE3A,ENSG00000114062,0.3722,0.0006525103638648135,0.0013941503956444192,0.6153,0.4753,0.431,0.306
STAU1,ENSG00000124214,0.3168,0.0006530750962611836,0.0013949624971029805,0.9055,0.7269,0.612,0.445
GALE,ENSG00000117308,-0.4639,0.0006542585658727617,0.0013967006118024061,0.4438,0.6121,0.326,0.382
RP9,ENSG00000164610,0.6694,0.0006541796058928423,0.0013967006118024061,0.3722,0.234,0.264,0.158
IMMT,ENSG00000132305,0.617,0.0006560507043849978,0.0014001308111945363,0.3807,0.2482,0.28,0.172
RCAN3,ENSG00000117602,1.1268,0.0006578209518026501,0.0014035123668085347,0.2421,0.1108,0.183,0.079
PDGFC,ENSG00000145431,1.0364,0.000658151713102973,0.001403821624080452,0.2532,0.1234,0.183,0.078
SIAH1,ENSG00000196470,0.9267,0.0006586282810748196,0.001404441621089546,0.2669,0.1404,0.205,0.099
SMIM1,ENSG00000235169,-1.1151,0.0006606041575107102,0.0014082574520297446,0.1425,0.3088,0.108,0.205
PES1,ENSG00000100029,0.7582,0.0006653741186177476,0.0014180258014547485,0.3316,0.196,0.245,0.14
CEP89,ENSG00000121289,1.3844,0.0006661499133282156,0.0014192787916510628,0.2142,0.082,0.162,0.057
UNC5CL,ENSG00000124602,3.431,0.0006724001149991423,0.0014321913923931548,0.1503,0.0138,0.113,0.01
ZNF3,ENSG00000166526,1.5485,0.0006737919239712696,0.0014347514051868495,0.203,0.0693,0.154,0.05
ITSN2,ENSG00000198399,-0.4315,0.000677670614584233,0.001442603971029552,0.5037,0.6794,0.358,0.411
BSDC1,ENSG00000160058,0.6978,0.0006780242501225762,0.0014429501999087503,0.346,0.2133,0.256,0.149
LOX,ENSG00000113083,5.6065,0.0006814880329140481,0.0014499132888385335,0.1517,0.003,0.105,0.002
PTK2B,ENSG00000120899,-1.5689,0.0006816931005114169,0.0014499412653051112,0.0841,0.2498,0.065,0.165
RWDD1,ENSG00000111832,-0.1587,0.0006819529351460794,0.001450085681122609,0.8573,0.957,0.58,0.556
COQ8A,ENSG00000163050,-1.8682,0.0006840074959131957,0.0014536354293087337,0.0579,0.2117,0.043,0.145
SIKE1,ENSG00000052723,0.8259,0.0006841995481961426,0.0014536354293087337,0.2895,0.1633,0.224,0.117
IGSF8,ENSG00000162729,0.7934,0.0006838977742508744,0.0014536354293087337,0.2975,0.1716,0.229,0.122
CEP70,ENSG00000114107,-0.8063,0.0006857927678369916,0.00145661072842521,0.2617,0.4578,0.197,0.281
TAF7,ENSG00000178913,0.4321,0.0006865356147414866,0.0014577786872883448,0.5451,0.404,0.385,0.27
NORAD,ENSG00000260032,0.3266,0.0006901919203832573,0.0014651306430164396,0.8211,0.6548,0.555,0.409
PHGDH,ENSG00000092621,-1.7384,0.0006914793612366098,0.0014674512848715134,0.0699,0.2334,0.051,0.152
TMEM139,ENSG00000178826,1.5681,0.0006948121089039336,0.001474109936189053,0.2027,0.0683,0.154,0.05
RECK,ENSG00000122707,3.0148,0.0007004559699859212,0.0014856667190465006,0.1451,0.0179,0.116,0.013
TNFRSF10A,ENSG00000104689,1.367,0.0007008066147555405,0.0014859932569402494,0.211,0.0817,0.162,0.058
PPIL6,ENSG00000185250,1.5242,0.0007015083937107472,0.0014870639490697796,0.1976,0.0686,0.151,0.047
EIF4A1,ENSG00000161960,-0.4074,0.0007082362753721313,0.0015004837522255895,0.5009,0.6643,0.361,0.403
PON3,ENSG00000105852,-0.6299,0.0007081654426195449,0.0015004837522255895,0.3155,0.4883,0.232,0.312
SNAPIN,ENSG00000143553,0.4886,0.000711003893181882,0.001505924982615396,0.4447,0.3169,0.329,0.214
SAFB2,ENSG00000130254,0.5601,0.0007129543286339494,0.0015096328343131972,0.4148,0.2813,0.299,0.193
BECN1,ENSG00000126581,0.5078,0.0007173287419126699,0.0015184697800925248,0.4493,0.316,0.326,0.215
TYK2,ENSG00000105397,1.0677,0.0007185051995747079,0.0015204728706925035,0.2448,0.1167,0.186,0.082
PDAP1,ENSG00000106244,0.325,0.0007186775143935049,0.0015204728706925035,0.7793,0.6221,0.536,0.394
ENDOD1,ENSG00000149218,0.7474,0.0007213244872877401,0.0015256457170937504,0.3225,0.1921,0.24,0.133
SEC16A,ENSG00000148396,0.7292,0.0007235612996939348,0.0015299483960782752,0.3578,0.2158,0.253,0.149
RNMT,ENSG00000101654,0.43,0.0007239226787921165,0.001530284230071192,0.5269,0.391,0.375,0.256
ARG2,ENSG00000081181,1.291,0.0007245301731654057,0.0015311399883257734,0.2313,0.0945,0.17,0.067
CFDP1,ENSG00000153774,0.3521,0.0007289414149450875,0.0015400314289457876,0.6195,0.4854,0.442,0.306
SPATS2,ENSG00000123352,0.8531,0.0007315066817178127,0.001545019004858282,0.3031,0.1677,0.218,0.115
TAOK1,ENSG00000160551,0.5522,0.0007334361321578086,0.0015486612572532825,0.4295,0.2929,0.299,0.192
HDHD3,ENSG00000119431,0.8663,0.000733787448804143,0.0015489701524770327,0.2974,0.1631,0.218,0.114
HSPD1,ENSG00000144381,-0.1215,0.0007341682182252419,0.0015489701847882574,0.9342,1.0163,0.609,0.574
AP3B1,ENSG00000132842,0.5782,0.0007341975157811714,0.0015489701847882574,0.3711,0.2485,0.275,0.165
RNF115,ENSG00000265491,0.458,0.000738339359923913,0.0015572735522683312,0.4399,0.3202,0.334,0.218
TPPP3,ENSG00000159713,0.4243,0.0007388696652625136,0.0015579571088636032,0.5502,0.41,0.364,0.24
OGFR,ENSG00000060491,0.8218,0.0007424584898302004,0.0015650875811013293,0.3048,0.1724,0.226,0.121
DUSP3,ENSG00000108861,0.5133,0.0007429471077396404,0.0015656807249575966,0.4164,0.2917,0.315,0.201
GBF1,ENSG00000107862,0.69,0.0007436583578463294,0.0015666805167191137,0.3278,0.2031,0.24,0.132
TMTC4,ENSG00000125247,2.1274,0.0007438362691557195,0.0015666805167191137,0.1811,0.0414,0.132,0.03
KDM5C,ENSG00000126012,0.7992,0.000744577991856074,0.001567805665683567,0.302,0.1735,0.226,0.121
RP2,ENSG00000102218,1.4897,0.0007452758374525795,0.0015688378244508882,0.207,0.0736,0.156,0.054
ARRDC3,ENSG00000113369,-0.6009,0.0007508655506826999,0.0015801641324255703,0.366,0.5552,0.261,0.333
MALSU1,ENSG00000156928,0.3686,0.0007535924349043441,0.001585461109914319,0.6267,0.4854,0.439,0.318
RGMA,ENSG00000182175,2.6181,0.0007538926526600011,0.0015856511667166782,0.1609,0.0261,0.121,0.019
SMPDL3A,ENSG00000172594,0.7507,0.0007556812458695098,0.0015889707243373634,0.3119,0.1853,0.232,0.124
CNOT4,ENSG00000080802,0.5077,0.000756855738041962,0.0015909975239029003,0.4326,0.3043,0.313,0.201
SEC23A,ENSG00000100934,0.7794,0.0007574737787458025,0.0015918537965019575,0.2937,0.1711,0.224,0.117
SPAST,ENSG00000021574,1.8959,0.0007582281211414044,0.0015929959552901307,0.1851,0.0497,0.137,0.035
CCS,ENSG00000173992,0.517,0.0007600111356904597,0.0015962980623134343,0.4183,0.2923,0.31,0.197
RAD21,ENSG00000164754,-0.2908,0.0007622377946400805,0.0016005298884118422,0.6349,0.7767,0.453,0.466
OFD1,ENSG00000046651,0.4878,0.0007627688435604826,0.0016011999480687541,0.46,0.328,0.329,0.218
TMUB2,ENSG00000168591,0.9853,0.000768159365966889,0.0016120677805221797,0.2623,0.1324,0.199,0.096
MTRFR,ENSG00000130921,-1.0626,0.0007685719557746036,0.0016124857333732659,0.1525,0.3186,0.119,0.213
HIRIP3,ENSG00000149929,-2.0188,0.0007700252967290379,0.0016150863733447754,0.0499,0.2024,0.04,0.141
SWI5,ENSG00000175854,0.5913,0.0007740774625937369,0.0016231349514004114,0.3874,0.2571,0.286,0.178
PARP1,ENSG00000143799,0.4153,0.000793817473611269,0.0016640652089714586,0.5403,0.4051,0.388,0.269
CDIP1,ENSG00000089486,1.1325,0.0007967046619953229,0.0016696542916434574,0.2489,0.1135,0.183,0.081
DPP4,ENSG00000197635,-0.9539,0.0007986823838440609,0.0016733348335945314,0.1812,0.3512,0.137,0.23
PARP10,ENSG00000178685,1.1231,0.0008011093166032848,0.0016779542242688708,0.2293,0.1052,0.178,0.074
PPP1R3B,ENSG00000173281,1.4657,0.0008026196777190463,0.0016806517918978368,0.2134,0.0772,0.156,0.054
TRIB3,ENSG00000101255,-1.9473,0.0008055525269639517,0.001686325669496441,0.0547,0.2113,0.043,0.143
SNRPD3,ENSG00000100028,0.3147,0.0008130409356347082,0.0017015302683435513,1.104,0.8876,0.717,0.526
CLPTM1,ENSG00000104853,0.4877,0.0008147657658599677,0.001704667782074787,0.4586,0.3271,0.334,0.224
ADIPOR2,ENSG00000006831,-0.913,0.0008165748319801729,0.0017079797496152287,0.1862,0.3508,0.137,0.233
MAPK8IP3,ENSG00000138834,1.0923,0.0008196847612844751,0.0017136036393976069,0.2254,0.1057,0.173,0.068
KCNK6,ENSG00000099337,2.6361,0.000819717214134077,0.0017136036393976069,0.1634,0.0262,0.121,0.02
EIF2A,ENSG00000144895,-0.4756,0.0008212113344995952,0.0017162521803995691,0.4189,0.5826,0.315,0.373
NACC1,ENSG00000160877,0.8269,0.0008216665680499003,0.0017167286840754968,0.3067,0.1728,0.224,0.12
TMEM33,ENSG00000109133,0.4765,0.0008221057649820075,0.0017171714278239056,0.469,0.337,0.34,0.227
AP1B1,ENSG00000100280,0.7584,0.0008230499616122677,0.0017186684521781877,0.3229,0.1908,0.237,0.134
CCDC125,ENSG00000183323,1.5596,0.0008242397770201844,0.0017206774013228772,0.1952,0.0662,0.148,0.046
OSBPL2,ENSG00000130703,0.8168,0.0008277369307953632,0.001727500693966566,0.2884,0.1637,0.218,0.114
ULK1,ENSG00000177169,1.5418,0.0008322017783269603,0.0017363392530406474,0.2225,0.0764,0.154,0.052
ZBTB38,ENSG00000177311,0.4208,0.0008396375587905391,0.0017513698941641423,0.5526,0.4128,0.38,0.267
STUB1,ENSG00000103266,0.3269,0.0008431619504910292,0.0017582358641898223,0.8442,0.673,0.574,0.421
EFCAB14,ENSG00000159658,-0.4935,0.0008462654006296415,0.0017637338211743286,0.409,0.5759,0.299,0.366
AAMP,ENSG00000127837,0.3888,0.0008461985484450715,0.0017637338211743286,0.5579,0.4261,0.407,0.282
TCEAL1,ENSG00000172465,0.6545,0.0008521339693511417,0.0017754749416568879,0.3847,0.2443,0.272,0.17
MST1R,ENSG00000164078,1.7205,0.0008555887778719573,0.0017821817526392713,0.1826,0.0553,0.14,0.038
GGA1,ENSG00000100083,0.6841,0.0008559434175841963,0.0017824290297267374,0.3574,0.2224,0.259,0.155
RHBDF2,ENSG00000129667,2.5413,0.0008623843052173905,0.0017953467693351847,0.1605,0.0275,0.121,0.02
RAB9A,ENSG00000123595,0.5774,0.0008630308597803208,0.001796197836264552,0.4062,0.2722,0.294,0.19
NDEL1,ENSG00000166579,0.9745,0.0008687502276352791,0.0018076034067156523,0.274,0.1394,0.199,0.098
EFHD1,ENSG00000115468,5.9709,0.0008715801288734014,0.0018129922559577498,0.1399,0.0021,0.102,0.001
PRKX,ENSG00000183943,3.259,0.0008728520707774048,0.0018151382864638847,0.1633,0.017,0.113,0.012
ELP5,ENSG00000170291,0.7101,0.0008733337947235049,0.0018156402914518656,0.3523,0.2153,0.248,0.146
CDC5L,ENSG00000096401,0.6073,0.000875642602328966,0.0018199394389533255,0.381,0.2501,0.28,0.176
ZDHHC20,ENSG00000180776,0.7454,0.0008771964693850838,0.001822667581464331,0.3169,0.189,0.232,0.127
HDAC1,ENSG00000116478,0.6602,0.0008789779207009914,0.0018258669757756365,0.3429,0.2169,0.259,0.153
GPSM2,ENSG00000121957,1.8413,0.0008811270299393563,0.0018293252847463141,0.1777,0.0495,0.135,0.033
SLC4A11,ENSG00000088836,5.7488,0.0008809882308619758,0.0018293252847463141,0.1369,0.0024,0.102,0.002
SOCS6,ENSG00000170677,1.2134,0.0008816650678688901,0.0018299394471839188,0.2246,0.0968,0.17,0.068
UBXN2A,ENSG00000173960,0.8429,0.0008857710948187105,0.0018379567759833448,0.2962,0.1651,0.218,0.115
CXCL1,ENSG00000163739,0.5479,0.0008867829131455157,0.0018395510458029574,0.4425,0.3027,0.267,0.152
FAM171A1,ENSG00000148468,5.8728,0.0008881278446308875,0.001841835263844731,0.1464,0.0024,0.102,0.002
METTL17,ENSG00000165792,0.7642,0.0008885998915650761,0.0018423085018589873,0.3159,0.1859,0.232,0.128
MTFP1,ENSG00000242114,0.9649,0.0008936671303844813,0.0018523059451453377,0.2557,0.1309,0.194,0.09
YDJC,ENSG00000161179,0.7129,0.0008951097640329286,0.0018547872373200153,0.3048,0.1859,0.237,0.131
DCPS,ENSG00000110063,1.0953,0.0008995744322870252,0.0018635275119079997,0.2519,0.1178,0.186,0.085
FUNDC2,ENSG00000165775,0.3524,0.0009081017264294485,0.0018806766839842334,0.6637,0.5198,0.461,0.338
CHKB,ENSG00000100288,0.9141,0.0009095659427343525,0.0018831928466314148,0.2444,0.1296,0.191,0.086
C1QB,ENSG00000173369,-2.7708,0.0009098876487847278,0.0018833427908407174,0.029,0.1987,0.019,0.119
MBTPS1,ENSG00000140943,0.4755,0.0009139358306100481,0.0018912038346367882,0.4696,0.3377,0.334,0.226
ACBD6,ENSG00000230124,0.4281,0.0009150313383653585,0.0018929522895263645,0.4718,0.3506,0.345,0.23
ZDHHC17,ENSG00000186908,1.2991,0.0009211055327598903,0.001904996523405686,0.2319,0.0942,0.164,0.063
MCAM,ENSG00000076706,5.4353,0.000921376764061793,0.0019050359749553493,0.1414,0.0032,0.102,0.002
ADGRV1,ENSG00000164199,-1.5523,0.0009260717109282358,0.0019142193641758746,0.1031,0.3027,0.078,0.173
RARB,ENSG00000077092,5.3592,0.0009276355464470039,0.0019169273942579634,0.1308,0.0031,0.102,0.002
CACNG4,ENSG00000075461,5.5961,0.0009324148842060454,0.001926276852659741,0.136,0.0027,0.102,0.002
TIMM22,ENSG00000177370,0.9688,0.0009335675117000277,0.0019281308230983348,0.2623,0.134,0.199,0.098
VAMP5,ENSG00000168899,1.5671,0.0009358216851867162,0.0019322582212587156,0.2052,0.0692,0.148,0.047
FTSJ3,ENSG00000108592,1.0811,0.000936574196215672,0.0019332836208768858,0.2387,0.1128,0.183,0.082
SSBP3,ENSG00000157216,0.993,0.0009400134953182148,0.0019398530339057943,0.2656,0.1334,0.194,0.093
BTBD1,ENSG00000064726,1.1559,0.0009436308780047114,0.001946786259783068,0.235,0.1054,0.175,0.074
FREM2,ENSG00000150893,-1.3959,0.0009450925476483876,0.001948737499313201,0.1119,0.2947,0.086,0.181
YLPM1,ENSG00000119596,0.7935,0.0009448703868662882,0.001948737499313201,0.3002,0.1731,0.221,0.118
AP2S1,ENSG00000042753,0.3076,0.000945777848039298,0.0019496184561901492,1.0098,0.8159,0.66,0.492
UBFD1,ENSG00000103353,1.2685,0.0009519103797346384,0.0019617247460161466,0.2102,0.0872,0.164,0.063
GTF2IRD2B,ENSG00000174428,0.8027,0.0009529173846320165,0.001963264478018785,0.2913,0.1669,0.216,0.111
PAK1IP1,ENSG00000111845,0.9272,0.0009557198001271538,0.0019685013876664793,0.2665,0.1401,0.202,0.1
MEX3D,ENSG00000181588,2.0917,0.0009575173501200989,0.0019716662796831147,0.1801,0.0422,0.132,0.033
PPP2R5E,ENSG00000154001,0.3904,0.0009631548967721093,0.0019827343992134296,0.5468,0.4171,0.388,0.272
BIRC3,ENSG00000023445,0.6653,0.0009648898938382451,0.0019857649544941275,0.3955,0.2493,0.261,0.157
CERS5,ENSG00000139624,1.0528,0.000971497918055261,0.001998819926717728,0.225,0.1084,0.178,0.075
PRPF8,ENSG00000174231,0.3478,0.0009797355197923396,0.0020152196711220056,0.6488,0.5098,0.453,0.325
IRF3,ENSG00000126456,0.6169,0.0009823997672812118,0.00202014976641523,0.3707,0.2417,0.27,0.165
RNF26,ENSG00000173456,1.142,0.0009831869047333716,0.0020212182490505094,0.2352,0.1065,0.178,0.077
U2AF2,ENSG00000063244,0.5595,0.0009855903197547315,0.0020256079613022297,0.389,0.2639,0.288,0.181
UBE4A,ENSG00000110344,0.6748,0.000988520201555827,0.002031076998301407,0.3375,0.2114,0.251,0.147
SCRN2,ENSG00000141295,0.7004,0.0009893698290724437,0.0020322699996308626,0.3387,0.2084,0.245,0.143
EIF4EBP1,ENSG00000187840,0.4499,0.0009919227700516385,0.0020369601869367026,0.4919,0.3601,0.337,0.213
MAPK1IP1L,ENSG00000168175,0.3406,0.0010055437128361846,0.0020643703126297214,0.6527,0.5154,0.458,0.332
MITD1,ENSG00000158411,0.7701,0.0010073885782612183,0.002067595954567646,0.3157,0.1851,0.232,0.13
TAF15,ENSG00000270647,0.3698,0.0010079976780335209,0.002068284209001426,0.5877,0.4548,0.407,0.29
P2RX4,ENSG00000135124,0.691,0.00100939399775822,0.0020702266731172842,0.3373,0.2089,0.248,0.146
RASAL2,ENSG00000075391,0.8521,0.0010094923975862444,0.0020702266731172842,0.2598,0.1439,0.191,0.087
DNAL4,ENSG00000100246,0.8112,0.001010831517090124,0.002071848104073762,0.2987,0.1702,0.224,0.121
ETV7,ENSG00000010030,1.9629,0.0010107132933777543,0.002071848104073762,0.1698,0.0435,0.132,0.032
SMIM12,ENSG00000163866,0.5239,0.0010153335148157287,0.0020805111755988147,0.3944,0.2743,0.302,0.192
NIPSNAP1,ENSG00000184117,0.7896,0.001022081503430384,0.002093202970565614,0.303,0.1752,0.226,0.124
IBTK,ENSG00000005700,0.4591,0.001022081503430384,0.002093202970565614,0.4654,0.3385,0.337,0.227
RPP38,ENSG00000152464,0.7676,0.0010247523896547474,0.002098104147382552,0.3093,0.1817,0.229,0.127
CHI3L1,ENSG00000133048,-0.7926,0.001025271368997747,0.0020985979931666156,0.2577,0.4464,0.173,0.258
DENND4C,ENSG00000137145,0.7018,0.0010260702737677004,0.0020990958349079276,0.3078,0.1892,0.229,0.124
DCAF5,ENSG00000139990,0.5692,0.0010258704935801565,0.0020990958349079276,0.3715,0.2503,0.275,0.168
FGFRL1,ENSG00000127418,1.5868,0.0010305547975702806,0.002107699376189353,0.1871,0.0622,0.146,0.045
SNX21,ENSG00000124104,1.4462,0.0010357424824635473,0.002117735982411935,0.1996,0.0732,0.154,0.054
ARL8B,ENSG00000134108,0.3197,0.0010382443773376102,0.0021222771295415707,0.7228,0.5791,0.509,0.366
ANPEP,ENSG00000166825,3.7109,0.0010406304047826322,0.002126579039256907,0.157,0.0119,0.108,0.009
FGFR2,ENSG00000066468,-0.8654,0.001042859236399701,0.0021305574718766197,0.2126,0.3874,0.159,0.247
RYK,ENSG00000163785,0.5967,0.001044889279298118,0.0021341277386042936,0.3547,0.2345,0.264,0.158
TRMT6,ENSG00000089195,1.0764,0.001045417689064349,0.0021346299029408535,0.23,0.109,0.181,0.079
SNRPE,ENSG00000182004,0.315,0.0010464752504541854,0.0021362119743802677,0.9606,0.7721,0.633,0.463
NDUFS4,ENSG00000164258,0.3381,0.0010468415599758402,0.0021363824920630665,0.662,0.5237,0.466,0.338
CCDC24,ENSG00000159214,1.6217,0.0010483487459552207,0.0021388805767463387,0.1926,0.0625,0.143,0.043
CARD16,ENSG00000204397,1.0464,0.0010489603390823527,0.002139550583630447,0.2311,0.1118,0.178,0.075
ZNF703,ENSG00000183779,3.0675,0.0010555250818811627,0.0021523595124459337,0.1538,0.0183,0.113,0.014
GLRX2,ENSG00000023572,0.9338,0.0010574751955158472,0.0021557542099628238,0.254,0.1329,0.197,0.095
MSL3,ENSG00000005302,1.3492,0.0010592434356018492,0.002158776411106547,0.2201,0.0863,0.162,0.062
HDGF,ENSG00000143321,0.3433,0.001060313930658784,0.0021603753360644857,0.6773,0.5338,0.466,0.343
ARID5A,ENSG00000196843,1.8438,0.0010649160669938666,0.002169167130261165,0.1732,0.0482,0.135,0.035
HNRNPM,ENSG00000099783,0.3046,0.0010686027752862628,0.0021760900181368504,0.8114,0.6569,0.55,0.408
TMEM138,ENSG00000149483,1.0462,0.001081515524540735,0.0022017919126664652,0.245,0.1186,0.186,0.086
LHFPL2,ENSG00000145685,1.7764,0.0010827538075246495,0.002203719023666144,0.1808,0.0527,0.135,0.035
FOXP4,ENSG00000137166,0.6738,0.0010855500025922194,0.002208815047019719,0.328,0.2056,0.245,0.14
ARHGAP5,ENSG00000100852,0.4,0.0010906549551949769,0.0022186047890409397,0.5434,0.4118,0.383,0.269
CHMP1A,ENSG00000131165,0.776,0.001090972107470756,0.002218652563106746,0.3136,0.1831,0.232,0.131
MAGEH1,ENSG00000187601,-1.2025,0.0010920510633177548,0.002220249134382572,0.1189,0.2739,0.097,0.19
LINC02256,ENSG00000261064,1.2082,0.0010963555198242995,0.0022284008480690297,0.2279,0.0986,0.167,0.067
ILF3-DT,ENSG00000267100,-0.9996,0.0011072389935178999,0.0022499167821483953,0.1597,0.3194,0.124,0.215
COPS7A,ENSG00000111652,0.5636,0.0011088479043469138,0.002252580241285543,0.3885,0.2629,0.288,0.183
DALRD3,ENSG00000178149,0.8009,0.0011129334918927546,0.002260272185819828,0.2701,0.155,0.213,0.109
PRPF31,ENSG00000105618,0.4865,0.0011159960147058196,0.002265882797931327,0.4212,0.3006,0.315,0.206
RNF126,ENSG00000070423,0.6473,0.0011200626098662166,0.0022735284840245205,0.3472,0.2216,0.261,0.159
SMIM22,ENSG00000267795,0.3179,0.0011232736053968736,0.00227943381379892,1.0037,0.8051,0.65,0.472
KLHL18,ENSG00000114648,1.0851,0.0011256221331647478,0.002283586255655121,0.2216,0.1044,0.175,0.074
SUPT16H,ENSG00000092201,0.5277,0.0011269506217374832,0.0022856676368393784,0.4134,0.2867,0.302,0.198
VDAC3,ENSG00000078668,0.4365,0.0011341846130770304,0.0022997221556084178,0.4915,0.3632,0.356,0.247
ATP10A,ENSG00000206190,1.31,0.001135368845597203,0.0023007158500593034,0.216,0.0871,0.154,0.054
ERGIC3,ENSG00000125991,0.3082,0.0011355882733118654,0.0023007158500593034,1.1935,0.9639,0.747,0.561
RNF187,ENSG00000168159,0.4744,0.0011355663287764188,0.0023007158500593034,0.4424,0.3184,0.329,0.22
NOC2L,ENSG00000188976,0.6925,0.001138488395568013,0.0023059731443743534,0.3304,0.2044,0.245,0.144
QKI,ENSG00000112531,0.3981,0.0011418805240633262,0.0023122238968904933,0.4864,0.3691,0.353,0.236
ANTXR1,ENSG00000169604,0.9217,0.0011432046597195376,0.0023142848885801463,0.2745,0.1448,0.197,0.097
SLC7A8,ENSG00000092068,-1.8667,0.0011435580021894724,0.002314380044613304,0.0565,0.2062,0.046,0.142
CHIA,ENSG00000134216,-3.061,0.0011465212108211116,0.002319755690346411,0.0215,0.18,0.016,0.114
CADM1,ENSG00000182985,-0.234,0.001147739506222908,0.002321598920887301,0.7904,0.9296,0.528,0.528
GTF2IRD1,ENSG00000006704,1.0744,0.0011538044109424067,0.0023332420569244865,0.2392,0.1135,0.175,0.075
IL23A,ENSG00000110944,4.7777,0.001154650954668053,0.0023343291309920098,0.1391,0.005,0.102,0.004
STK33,ENSG00000130413,0.8494,0.001158333398644313,0.002341147358683195,0.2776,0.154,0.199,0.098
RPL7L1,ENSG00000146223,0.4157,0.0011590711886754522,0.002342011989955347,0.5026,0.3767,0.369,0.257
PEX16,ENSG00000121680,0.7722,0.0011599884418897937,0.002343238684084864,0.301,0.1762,0.226,0.126
CFAP90,ENSG00000215217,1.7408,0.001161443998741254,0.002345551833865323,0.1918,0.0573,0.137,0.038
FOXO3,ENSG00000118689,0.4066,0.0011683640755787484,0.0023588964700687986,0.5367,0.4049,0.367,0.259
MTA3,ENSG00000057935,0.7911,0.0011712059822367744,0.002364002456799046,0.2712,0.1567,0.208,0.104
IL17RE,ENSG00000163701,1.114,0.0011734660088606602,0.002367931542986722,0.2291,0.1058,0.175,0.075
SAMM50,ENSG00000100347,0.8044,0.0011778619571031687,0.00237616744617208,0.2896,0.1658,0.218,0.118
DDX18,ENSG00000088205,0.3079,0.0011812257938908983,0.0023823173712882372,0.8104,0.6546,0.558,0.406
NT5E,ENSG00000135318,1.7008,0.0011886895507593077,0.0023967305994092793,0.1879,0.0577,0.14,0.042
XRN2,ENSG00000088930,0.3164,0.0011891703604171658,0.002397060318290205,0.731,0.587,0.512,0.372
S100A13,ENSG00000189171,0.2928,0.0011952071648261861,0.0024085863244230027,1.2275,1.002,0.749,0.566
PICK1,ENSG00000100151,0.858,0.0011991012566867376,0.0024157893318048807,0.271,0.1495,0.208,0.107
ATAD1,ENSG00000138138,0.5822,0.0012006021027428679,0.0024181681914749046,0.3666,0.2448,0.27,0.165
TMEM205,ENSG00000105518,0.3085,0.0012071568032188044,0.002430722187718035,0.8215,0.6633,0.553,0.412
MED19,ENSG00000156603,0.6007,0.0012151221397572638,0.0024461091835507936,0.3391,0.2236,0.259,0.153
PFDN2,ENSG00000143256,0.2978,0.001225582624226975,0.002466509516791368,0.9508,0.7734,0.628,0.471
SMG1,ENSG00000157106,0.4396,0.0012275620433072516,0.002469835216294617,0.4597,0.3389,0.334,0.221
SMCHD1,ENSG00000101596,0.4718,0.0012333285413593602,0.0024807766586714504,0.4036,0.291,0.299,0.189
KDELR2,ENSG00000136240,0.3166,0.0012449844387996173,0.0025035553460556583,1.0426,0.8372,0.671,0.496
ATXN2L,ENSG00000168488,0.627,0.0012477586443384986,0.00250846635390563,0.3762,0.2435,0.267,0.168
RCBTB1,ENSG00000136144,1.4686,0.0012495313771620443,0.0025106940304412883,0.1907,0.0689,0.148,0.049
APEH,ENSG00000164062,0.5397,0.001249435494341351,0.0025106940304412883,0.3881,0.2669,0.288,0.182
TRAM2,ENSG00000065308,2.6821,0.0012505385570646408,0.0025120496672755544,0.1526,0.0237,0.116,0.018
TLE1,ENSG00000196781,1.1498,0.001258188706362367,0.00252674526224553,0.2293,0.1033,0.17,0.071
SCIN,ENSG00000006747,-1.7165,0.001262150932997662,0.002534028779908939,0.066,0.2173,0.054,0.149
DHX40,ENSG00000108406,0.9605,0.0012646452908761242,0.002538362160618788,0.2592,0.1331,0.194,0.095
CDC25B,ENSG00000101224,-1.2486,0.0012668042742573027,0.0025420202634831132,0.1108,0.2634,0.078,0.174
ETFA,ENSG00000140374,0.3437,0.0012695990110060409,0.002546951813104259,0.6335,0.4992,0.453,0.326
FERMT2,ENSG00000073712,0.5067,0.001272887051413252,0.002552870101785803,0.433,0.3048,0.305,0.202
ATP6V1A,ENSG00000114573,-0.7713,0.001279339725964713,0.002565130474963749,0.2347,0.4007,0.191,0.268
RRP12,ENSG00000052749,1.1135,0.0012877437691855512,0.0025812958811878054,0.2239,0.1034,0.17,0.07
ARVCF,ENSG00000099889,2.2223,0.001297066903271784,0.002599294550190538,0.1716,0.0367,0.124,0.027
ST3GAL5,ENSG00000115525,-0.4793,0.0012980349127019533,0.0026005446209130885,0.4264,0.5944,0.299,0.367
ZFYVE19,ENSG00000166140,1.4372,0.0012997243189687732,0.002603238926248431,0.1977,0.0729,0.151,0.053
TNFAIP2,ENSG00000185215,2.197,0.0013010673516727857,0.0026052382300259464,0.1716,0.0373,0.121,0.023
RBSN,ENSG00000131381,0.9837,0.00130820183110275,0.0026188301096929717,0.2705,0.1367,0.194,0.097
RRAGD,ENSG00000025039,-1.2014,0.0013210642879264197,0.002643878329876583,0.1153,0.2653,0.089,0.182
POLE3,ENSG00000148229,0.6315,0.0013272350209315386,0.0026555245188394526,0.3417,0.2205,0.256,0.154
SMIM29,ENSG00000186577,0.39,0.001347345550118872,0.0026950478239735442,0.5427,0.4141,0.394,0.274
CRACR2B,ENSG00000177685,0.9712,0.0013485024357640946,0.002696647935997283,0.2418,0.1233,0.183,0.083
RDH11,ENSG00000072042,-0.577,0.0013523395562988077,0.002703605543222411,0.3327,0.4964,0.248,0.322
LRRC1,ENSG00000137269,1.7641,0.001367163718336873,0.0027325190190568985,0.195,0.0573,0.137,0.041
SIRT7,ENSG00000187531,0.9979,0.0013740037314514779,0.0027454636845056636,0.2646,0.1324,0.191,0.094
TWSG1,ENSG00000128791,1.0156,0.001375365039443715,0.002747457131940049,0.2322,0.1148,0.181,0.081
ADNP,ENSG00000101126,0.6054,0.001376360627969457,0.0027487191499627936,0.3317,0.218,0.251,0.147
LCMT1,ENSG00000205629,0.4992,0.0013768324544863526,0.002748934776333085,0.4066,0.2877,0.302,0.196
TMEM19,ENSG00000139291,1.4059,0.0013844019948836962,0.0027633175882024637,0.2044,0.0771,0.154,0.057
SNRPA,ENSG00000077312,0.4275,0.001387435262098145,0.0027686406247098483,0.4641,0.3451,0.34,0.227
VPS41,ENSG00000006715,0.5789,0.0013905804856262042,0.0027741842009257915,0.3638,0.2435,0.267,0.164
SBF1,ENSG00000100241,1.2058,0.0013986984192715115,0.0027896427026389303,0.2108,0.0913,0.162,0.063
ILRUN-AS1,ENSG00000272288,-1.335,0.0014001088985215924,0.0027917188514992425,0.1025,0.2588,0.081,0.173
ECPAS,ENSG00000136813,0.5115,0.001408358405456375,0.0028074268478160726,0.3665,0.2571,0.272,0.167
PEMT,ENSG00000133027,0.5704,0.0014095903127452317,0.0028091413381140136,0.372,0.2505,0.272,0.17
DHRS4L2,ENSG00000187630,-1.5036,0.0014151730889505713,0.0028195233879276284,0.079,0.2242,0.067,0.16
TMEM163,ENSG00000152128,-0.5502,0.0014171641803351076,0.002822745948439688,0.4208,0.6162,0.294,0.362
RAB5B,ENSG00000111540,0.3701,0.0014179721150598909,0.0028236107878960135,0.5692,0.4404,0.404,0.287
PHF5A,ENSG00000100410,0.4396,0.0014204254488125927,0.0028277507946717095,0.4687,0.3455,0.345,0.235
GTF2F2,ENSG00000188342,0.5092,0.0014320983312278734,0.0028487369385009433,0.4307,0.3026,0.307,0.206
MAN2A1,ENSG00000112893,0.9269,0.0014317721390022186,0.0028487369385009433,0.2749,0.1445,0.197,0.099
CEACAM1,ENSG00000079385,1.9742,0.001431609068574247,0.0028487369385009433,0.1645,0.0418,0.127,0.029
TAP2,ENSG00000204267,1.8924,0.0014325333607590669,0.002848852208616676,0.1912,0.0514,0.135,0.039
PRKAR1B,ENSG00000188191,1.6891,0.001434111364189339,0.0028512398306448565,0.1874,0.0581,0.137,0.04
PDGFRL,ENSG00000104213,2.0521,0.0014383908987733928,0.0028589958537839997,0.1641,0.0395,0.124,0.027
QTRT1,ENSG00000213339,0.6456,0.001440712753038337,0.002862857666808163,0.3249,0.2077,0.245,0.143
PDZD8,ENSG00000165650,0.4946,0.0014447089439323844,0.0028700436685272584,0.4223,0.2997,0.305,0.199
FBRS,ENSG00000156860,0.9916,0.00145413748439363,0.002888014903941607,0.2575,0.1294,0.189,0.091
MFSD4A,ENSG00000174514,3.4274,0.001455213117360455,0.0028893916167301546,0.1424,0.0131,0.105,0.008
MORN2,ENSG00000188010,0.5163,0.0014589144726297708,0.0028959797269358695,0.4118,0.2879,0.299,0.197
ERCC3,ENSG00000163161,0.9988,0.0014596889852337258,0.0028967560502865244,0.2504,0.1253,0.186,0.088
FBXO22,ENSG00000167196,0.7632,0.0014677886574310983,0.0029120649440367513,0.2856,0.1682,0.218,0.118
LMTK3,ENSG00000142235,1.8362,0.0014704048858588106,0.002916489606895068,0.1776,0.0497,0.132,0.035
DDX3Y,ENSG00000067048,0.8076,0.0014739184860527446,0.0029226913811360856,0.2859,0.1633,0.213,0.113
WDR11,ENSG00000120008,0.7272,0.0014794835054389706,0.0029329566737316772,0.2585,0.1561,0.205,0.103
MIR4458HG,ENSG00000247516,-1.3551,0.0014826240850195345,0.0029384115850793766,0.0987,0.2526,0.075,0.168
CMC1,ENSG00000187118,0.4144,0.001485855178150435,0.0029440429769017934,0.49,0.3676,0.353,0.244
ACAP2,ENSG00000114331,0.3922,0.0014918568677497622,0.002955159579404681,0.4969,0.3786,0.361,0.246
HOMER2,ENSG00000103942,1.2042,0.0014964364781815782,0.0029634541527291808,0.2287,0.0992,0.167,0.071
RTL6,ENSG00000188636,1.8194,0.0014990146531170115,0.002967781893160121,0.1837,0.052,0.135,0.039
NBN,ENSG00000104320,0.7886,0.0015031596167089237,0.002975208515649966,0.3009,0.1742,0.221,0.123
NAB1,ENSG00000138386,1.4728,0.0015061755869268817,0.0029803972129996306,0.2031,0.0731,0.148,0.052
CEBPZ,ENSG00000115816,0.3419,0.001509739318273092,0.0029866668105664337,0.6247,0.4929,0.442,0.318
PRPSAP1,ENSG00000161542,0.8897,0.0015263192341263558,0.003018675867493355,0.2445,0.1319,0.194,0.094
MVP-DT,ENSG00000238045,-1.2793,0.0015307938352083618,0.003026733165401511,0.1182,0.2871,0.089,0.179
NUDT4,ENSG00000173598,0.454,0.0015339766849237094,0.0030322328243324505,0.4904,0.358,0.342,0.243
PRELID1,ENSG00000169230,0.3059,0.0015404769761579943,0.0030442855231163084,1.0763,0.8706,0.695,0.517
EMC7,ENSG00000134153,0.3172,0.0015426299622075036,0.0030477430346437474,0.7445,0.5975,0.52,0.381
DCDC2,ENSG00000146038,1.2568,0.0015456021342018969,0.00305281676441708,0.2249,0.094,0.162,0.066
NANS,ENSG00000095380,0.3557,0.0015515623053000153,0.003063788085870783,0.5709,0.4461,0.412,0.292
FLYWCH2,ENSG00000162076,0.5468,0.0015552834862091653,0.003070333613355172,0.3746,0.2564,0.28,0.177
ITPRIPL2,ENSG00000205730,0.5963,0.0015601303662803325,0.0030790974182988277,0.3649,0.2413,0.267,0.165
SLC7A1,ENSG00000139514,0.8531,0.001561866866333645,0.003081719554753379,0.2782,0.154,0.205,0.106
CASP3,ENSG00000164305,1.4724,0.00156354619209109,0.003084227540795871,0.1958,0.0705,0.148,0.052
WDR43,ENSG00000163811,0.5968,0.0015641358231217994,0.003084585263295535,0.3678,0.2431,0.264,0.164
NASP,ENSG00000132780,0.405,0.0015718789221113036,0.003099046256928731,0.524,0.3957,0.369,0.259
MCM7,ENSG00000166508,1.18,0.0015796573004106182,0.003113569242004232,0.2376,0.1048,0.17,0.074
PGGHG,ENSG00000142102,1.5423,0.0015802525231817014,0.003113930050244589,0.1962,0.0673,0.143,0.047
AGPAT4,ENSG00000026652,1.7132,0.0015824566433270046,0.003117460219122691,0.1832,0.0558,0.132,0.035
ACIN1,ENSG00000100813,0.3845,0.001583917685489988,0.003119525055755177,0.5129,0.3928,0.367,0.254
CBL,ENSG00000110395,1.7298,0.0015858577190466917,0.003122531943549063,0.1943,0.0585,0.137,0.042
KMT5B,ENSG00000110066,0.5657,0.0015926800676855611,0.0031351479706525315,0.3801,0.2568,0.272,0.172
GGT5,ENSG00000099998,0.8485,0.0016082200026101827,0.003164913289846296,0.3009,0.167,0.21,0.114
SH3BP2,ENSG00000087266,1.9781,0.001608825125848112,0.003165279642130856,0.1827,0.0463,0.129,0.034
CAMSAP1,ENSG00000130559,1.8592,0.0016113083229080756,0.003169339854092817,0.1824,0.0502,0.132,0.037
ABCF3,ENSG00000161204,1.1212,0.0016159814247210939,0.003177704233151448,0.243,0.1116,0.175,0.08
SSH3,ENSG00000172830,0.9893,0.001619266103041616,0.0031827459420068777,0.2283,0.1149,0.181,0.083
DNAH11,ENSG00000105877,2.16,0.0016193878757213022,0.0031827459420068777,0.1771,0.0396,0.121,0.025
SAMHD1,ENSG00000101347,1.3328,0.0016216117081624694,0.0031862877646729407,0.2002,0.0794,0.151,0.054
TAF1B,ENSG00000115750,1.0724,0.0016285448846499594,0.0031990786800651177,0.2372,0.1127,0.175,0.078
MCTS1,ENSG00000232119,0.3694,0.001644900582561895,0.003229528040866714,0.5533,0.4283,0.394,0.281
DDX39A,ENSG00000123136,0.5827,0.0016447152800681054,0.003229528040866714,0.3621,0.2417,0.267,0.166
C17orf49,ENSG00000258315,1.2917,0.001648920190296849,0.003236578861442633,0.2055,0.0839,0.154,0.057
SETX,ENSG00000107290,0.5982,0.001661220300080577,0.0032598751602879892,0.341,0.2252,0.253,0.152
MYEF2,ENSG00000104177,0.7882,0.0016748918508659415,0.003285674438116895,0.2866,0.1659,0.21,0.112
MRPL22,ENSG00000082515,0.3746,0.0016752373177533128,0.003285674438116895,0.536,0.4134,0.388,0.274
PTDSS1,ENSG00000156471,0.7704,0.0016765569762198645,0.0032874092798705103,0.2847,0.1669,0.218,0.12
GPBP1L1,ENSG00000159592,0.4405,0.0017029285793866646,0.003338252573239816,0.451,0.3323,0.329,0.223
EEA1,ENSG00000102189,0.4248,0.0017086450383208135,0.0033485896924808677,0.4704,0.3504,0.337,0.23
NAPA,ENSG00000105402,-0.219,0.001710180941573692,0.0033507305533167124,0.7204,0.8386,0.499,0.497
CUEDC1,ENSG00000180891,0.7398,0.0017202274877130188,0.0033689824979060068,0.2971,0.1779,0.221,0.123
A4GALT,ENSG00000128274,2.9163,0.0017203884152113002,0.0033689824979060068,0.1455,0.0192,0.108,0.012
ANKRD11,ENSG00000167522,0.3038,0.0017235131496354458,0.003374226961776572,0.685,0.5549,0.474,0.345
NELFA,ENSG00000185049,1.0232,0.0017243838491937322,0.0033750569898079396,0.2369,0.1165,0.181,0.084
SCRN1,ENSG00000136193,1.3695,0.0017280645976601955,0.003380509589674463,0.2134,0.0825,0.154,0.059
RUVBL1,ENSG00000175792,0.8532,0.001727967643366442,0.003380509589674463,0.26,0.1439,0.199,0.102
SCAMP4,ENSG00000227500,0.4918,0.0017305548038465957,0.0033845046707380354,0.4248,0.3021,0.307,0.205
TOMM40,ENSG00000130204,0.5138,0.0017407113378121353,0.00340348710071705,0.3927,0.275,0.294,0.191
GSTM4,ENSG00000168765,1.2277,0.0017501704329022563,0.0034210964089460665,0.222,0.0947,0.164,0.069
ABCD4,ENSG00000119688,1.0062,0.0017583627327109718,0.003436221015424571,0.2464,0.1226,0.183,0.087
AKR1C2,ENSG00000151632,2.2042,0.0017624720900002305,0.003443360910253877,0.1686,0.0365,0.119,0.023
VPS37A,ENSG00000155975,0.6119,0.0017707503562521174,0.0034586398504355604,0.3464,0.2266,0.256,0.157
MARVELD1,ENSG00000155254,1.3566,0.0017741246352383714,0.003464334871859885,0.2104,0.0821,0.154,0.059
CUL4A,ENSG00000139842,0.5226,0.0017927890592677159,0.0034998763159606186,0.3665,0.2551,0.275,0.172
WDTC1,ENSG00000142784,0.8133,0.0018023399629676596,0.0035176126117852408,0.2963,0.1686,0.213,0.117
FBXO34,ENSG00000178974,0.4231,0.0018105540100697996,0.003532731287726585,0.4405,0.3285,0.315,0.209
PACSIN3,ENSG00000165912,0.6584,0.0018158236285125502,0.003542098505915909,0.3327,0.2108,0.245,0.147
FAM168A,ENSG00000054965,1.3191,0.0018323310026441548,0.0035733765423274625,0.1877,0.0752,0.146,0.05
DNMT3A,ENSG00000119772,1.8058,0.0018347540846161236,0.003575799114829615,0.1741,0.0497,0.129,0.035
ARMT1,ENSG00000146476,-0.5767,0.001834993139403629,0.003575799114829615,0.3275,0.4885,0.245,0.315
SNX18,ENSG00000178996,1.1973,0.0018347199362682913,0.003575799114829615,0.2209,0.0963,0.164,0.07
CTBP1,ENSG00000159692,0.4193,0.0018373168757540132,0.003579404073316547,0.4913,0.3674,0.35,0.244
KLHL23,ENSG00000213160,1.7931,0.0018407390472049473,0.00358514655881242,0.1597,0.046,0.127,0.031
MOV10,ENSG00000155363,1.4271,0.0018438240079379812,0.003590229479374084,0.1852,0.0688,0.143,0.047
WAC-AS1,ENSG00000254635,0.8066,0.0018590436595993334,0.0036189319371999393,0.2823,0.1613,0.21,0.114
ZFYVE1,ENSG00000165861,2.0524,0.0018605650374813893,0.0036209605507913174,0.1523,0.0366,0.121,0.026
AGBL5,ENSG00000084693,1.1941,0.0018637497970809007,0.0036262244957368543,0.2106,0.092,0.159,0.064
DHRS4,ENSG00000157326,0.4117,0.0018817750490346893,0.0036594106809413325,0.4257,0.32,0.321,0.204
ANKRA2,ENSG00000164331,1.0727,0.0018817750490346893,0.0036594106809413325,0.2206,0.1048,0.17,0.073
GSTM2,ENSG00000213366,1.7992,0.0018831036488449555,0.0036610519987194134,0.1697,0.0487,0.127,0.031
RBM22,ENSG00000086589,0.746,0.001890145585891659,0.0036737972475975,0.3084,0.1839,0.226,0.131
FYCO1,ENSG00000163820,1.1626,0.0018965075211010828,0.0036852145889708543,0.2022,0.0903,0.159,0.063
MCRIP2,ENSG00000172366,-0.5841,0.0018992551874894852,0.00368960476767371,0.3244,0.4863,0.245,0.313
AAK1,ENSG00000115977,0.5345,0.0019056806331109637,0.0037011355226615247,0.3569,0.2464,0.267,0.165
KRT18,ENSG00000111057,0.2996,0.0019109204322410674,0.0037103582281113505,1.9342,1.5714,0.984,0.769
ABO,ENSG00000175164,-1.5393,0.0019131194129172742,0.0037136734749717384,0.0791,0.2302,0.062,0.153
TMEM250,ENSG00000238227,1.158,0.0019174532261083815,0.0037211300085406686,0.2266,0.1015,0.167,0.073
DGCR6L,ENSG00000128185,0.359,0.0019239351813192434,0.0037322072694321072,0.5804,0.4525,0.412,0.298
NR1D1,ENSG00000126368,-1.0177,0.0019241492143531511,0.0037322072694321072,0.1596,0.3232,0.113,0.201
SPAG16,ENSG00000144451,0.6554,0.0019297932923780044,0.003742194128315149,0.3005,0.1908,0.229,0.129
FAM13B,ENSG00000031003,0.8361,0.0019315825570765234,0.0037447026478606964,0.2572,0.1441,0.194,0.097
DEFB4A,ENSG00000171711,3.1722,0.0019366723782890728,0.0037536069312401085,0.1741,0.0192,0.105,0.011
WDR75,ENSG00000115368,1.2109,0.0019469611063599199,0.003772580445896177,0.2094,0.0904,0.159,0.064
ZNF821,ENSG00000102984,1.9226,0.0019482597409499279,0.0037741288058658223,0.1728,0.0455,0.127,0.033
SCOC,ENSG00000153130,0.3309,0.001952775065921303,0.003781906081270301,0.6097,0.4847,0.442,0.318
ALDH16A1,ENSG00000161618,0.9795,0.001954366745064884,0.0037840186465825727,0.2402,0.1217,0.183,0.088
SETD5,ENSG00000168137,0.3961,0.0019624883208978535,0.0037987699883123963,0.5092,0.3869,0.35,0.247
MYL12A,ENSG00000101608,0.1724,0.0019699481537070723,0.003812233171428517,1.7503,1.5531,0.957,0.772
ST3GAL4,ENSG00000110080,3.1325,0.0019749845445958493,0.0038210008282769884,0.1352,0.0153,0.105,0.011
HMGN4,ENSG00000182952,0.9501,0.0019765928337137917,0.0038231333483634655,0.2394,0.1239,0.181,0.084
RSRP1,ENSG00000117616,0.3685,0.0019916370607450584,0.0038512459672200967,0.5747,0.4451,0.391,0.281
NOL4L,ENSG00000197183,1.4617,0.0019986443499425462,0.003863807078765593,0.1844,0.0669,0.143,0.048
CDR2,ENSG00000140743,1.5343,0.002000640020560107,0.0038652698038557773,0.1778,0.0613,0.135,0.04
SRGAP1,ENSG00000196935,3.4503,0.002000935830956975,0.0038652698038557773,0.135,0.0123,0.102,0.009
PDCD5,ENSG00000105185,0.278,0.001999937631715909,0.0038652698038557773,0.9647,0.7956,0.631,0.478
CCDC71,ENSG00000177352,1.3421,0.0020031186726152997,0.003868497334255774,0.2021,0.0797,0.151,0.056
CIMAP1B,ENSG00000177989,0.4292,0.0020058966260952035,0.0038728722233961825,0.4803,0.3567,0.337,0.231
GNPAT,ENSG00000116906,0.5997,0.002007750558825946,0.0038754612856234092,0.3455,0.228,0.256,0.158
CPSF1,ENSG00000071894,1.046,0.002009643190092558,0.003878123703997261,0.2274,0.1101,0.173,0.077
ISG20L2,ENSG00000143319,1.0463,0.0020135449404141414,0.003884660884787753,0.2565,0.1241,0.183,0.091
PEDS1,ENSG00000240849,0.5785,0.002020734866901023,0.003897536869909938,0.355,0.2377,0.264,0.165
RTRAF,ENSG00000087302,0.3008,0.0020281729771820457,0.003910884850079213,1.1104,0.9014,0.709,0.534
SRP54,ENSG00000100883,0.3621,0.002029895910341498,0.003913208370153104,0.5189,0.4037,0.38,0.268
GATA6,ENSG00000141448,0.6638,0.002039132674288891,0.0039300120801664725,0.3372,0.2128,0.24,0.144
APH1B,ENSG00000138613,0.8723,0.0020401864541871317,0.003931040209483238,0.2589,0.1414,0.194,0.098
ZBED1,ENSG00000214717,1.1328,0.002049314966028945,0.003947622276478501,0.2298,0.1047,0.17,0.076
TMEM237,ENSG00000155755,1.6881,0.002049919822689943,0.0039477808463988075,0.1807,0.056,0.135,0.041
IK,ENSG00000113141,0.3485,0.0020595438867242253,0.00396530429770681,0.5777,0.4537,0.407,0.294
ARHGEF16,ENSG00000130762,1.3616,0.0020693619309057588,0.00398319220076255,0.1924,0.0748,0.148,0.054
ST8SIA4,ENSG00000113532,1.4399,0.00207096427473312,0.003985261104332329,0.2001,0.0737,0.14,0.046
OSGIN2,ENSG00000164823,1.0439,0.0020905508307533746,0.0040219280688418,0.2425,0.1176,0.178,0.084
STK39,ENSG00000198648,1.0466,0.002095907997202897,0.0040303303546487335,0.2128,0.103,0.164,0.068
POLR1C,ENSG00000171453,0.8289,0.0020959851705380375,0.0040303303546487335,0.2919,0.1643,0.208,0.114
SLC25A38,ENSG00000144659,-0.8863,0.0021019353498422924,0.004040743401541608,0.1769,0.327,0.137,0.222
SERTAD2,ENSG00000179833,0.7408,0.0021107343202901494,0.004056626250265092,0.288,0.1723,0.216,0.119
TBL1XR1,ENSG00000177565,0.3835,0.002116372474598099,0.004066427783720407,0.4954,0.3797,0.348,0.242
CHCHD1,ENSG00000172586,0.3116,0.0021178912988529678,0.0040683114067719735,0.6628,0.534,0.474,0.345
SKI,ENSG00000157933,0.7137,0.0021212440340012814,0.004073715982938404,0.2873,0.1751,0.216,0.119
EFL1,ENSG00000140598,1.5794,0.0021374521594271427,0.004103799508125047,0.1736,0.058,0.135,0.041
PPP2R5B,ENSG00000068971,1.2519,0.0021613422365244525,0.004148612956540203,0.2122,0.089,0.156,0.063
TOMM22,ENSG00000100216,0.3112,0.002178950292950383,0.004181348606360208,0.7152,0.5764,0.493,0.369
LGMN,ENSG00000100600,-0.1197,0.0021824315826791773,0.004186965618877904,0.8763,0.9522,0.593,0.548
NRSN2,ENSG00000125841,1.4201,0.00218455486664586,0.00418997512503414,0.1902,0.071,0.146,0.052
UBQLN4,ENSG00000160803,1.0455,0.0021892086632151163,0.004197835393550813,0.218,0.1055,0.17,0.075
RNF207,ENSG00000158286,2.6231,0.0021937106050158714,0.004205400563535882,0.1543,0.025,0.111,0.018
MTMR2,ENSG00000087053,1.4829,0.0021973746791978757,0.004211356088619977,0.1639,0.0586,0.135,0.041
PIP4K2C,ENSG00000166908,0.8928,0.0022050026089644906,0.004223832330305964,0.2661,0.1433,0.197,0.104
RIN2,ENSG00000132669,1.0415,0.002204719660820052,0.004223832330305964,0.2101,0.102,0.162,0.066
ST3GAL1,ENSG00000008513,0.4807,0.002208076760330079,0.0042286489034965135,0.4226,0.3028,0.296,0.197
DTX3L,ENSG00000163840,0.6908,0.0022108711676378737,0.0042327082782939954,0.3329,0.2062,0.237,0.143
PIP5K1A,ENSG00000143398,0.6494,0.0022113169522735144,0.0042327082782939954,0.3272,0.2086,0.235,0.138
LRP5,ENSG00000162337,0.7264,0.002221104385142028,0.0042503656610304,0.3065,0.1852,0.221,0.126
AGGF1,ENSG00000164252,0.6279,0.002225054917945361,0.004256847279077539,0.319,0.2064,0.243,0.145
C1orf122,ENSG00000197982,0.326,0.0022404292549176733,0.004285175448329879,0.6518,0.52,0.456,0.336
CC2D1A,ENSG00000132024,1.0905,0.0022463019150909588,0.0042953204172392285,0.2385,0.1119,0.173,0.08
VSIR,ENSG00000107738,2.0521,0.0022543328195668987,0.004309586146717591,0.1487,0.0358,0.119,0.025
QPRT,ENSG00000103485,-2.3432,0.0022587920163584297,0.0043170183869435715,0.0334,0.17,0.022,0.114
PIGF,ENSG00000151665,0.529,0.0022693112573816884,0.004336025935639518,0.3602,0.2496,0.272,0.172
HDGFL2,ENSG00000167674,1.0986,0.0022740470674008323,0.0043439761300160026,0.2252,0.1051,0.17,0.077
IAH1,ENSG00000134330,0.376,0.0022941706385460796,0.004381309194695559,0.4979,0.3836,0.364,0.256
TAF6,ENSG00000106290,0.8886,0.0022987859563012615,0.004389013874110698,0.2641,0.1426,0.197,0.104
TSPAN9,ENSG00000011105,1.5356,0.002299794064248134,0.0043898292459309375,0.1858,0.064,0.137,0.045
IER5,ENSG00000162783,0.5693,0.0023093069603424485,0.00440687397963809,0.3855,0.2598,0.27,0.173
SHMT1,ENSG00000176974,-1.077,0.002324364997293597,0.004434489281452809,0.1253,0.2644,0.094,0.183
MAPKAPK2,ENSG00000162889,0.3858,0.0023276337373815295,0.004439604364028643,0.5124,0.3922,0.361,0.255
EXD2,ENSG00000081177,1.2627,0.002328355974345523,0.004439861026294909,0.1848,0.077,0.148,0.054
PGM3,ENSG00000013375,0.7016,0.0023309917545152182,0.004443765507282986,0.305,0.1875,0.226,0.132
FNBP4,ENSG00000109920,0.3541,0.0023333748075270813,0.0044471863448201565,0.5393,0.4219,0.38,0.271
CFTR,ENSG00000001626,-1.2171,0.002343228502640602,0.004464840185989848,0.1163,0.2705,0.081,0.171
CCDC80,ENSG00000091986,1.5535,0.0023440834262418043,0.004465342986701168,0.1827,0.0622,0.135,0.042
ELK4,ENSG00000158711,0.9988,0.0023475487884836136,0.004470817014619032,0.241,0.1206,0.181,0.088
RAB1A,ENSG00000138069,0.2877,0.002362748823366145,0.004498630887230651,0.9149,0.7494,0.615,0.454
NARS2,ENSG00000137513,-1.4672,0.002374056534750393,0.004519021698170628,0.0846,0.234,0.067,0.156
PIGG,ENSG00000174227,1.0551,0.0023777356978394804,0.004524884936316693,0.2197,0.1057,0.167,0.073
TUT7,ENSG00000083223,0.843,0.0023799457005456103,0.004527950079985416,0.2549,0.142,0.191,0.096
DRG2,ENSG00000108591,0.8042,0.0023808562481255364,0.004528542032877247,0.2703,0.1548,0.205,0.11
ZNF644,ENSG00000122482,0.4069,0.002382200972696191,0.004529959312539573,0.4709,0.3552,0.332,0.23
DERL1,ENSG00000136986,0.4671,0.0023953376216069187,0.004553793591152559,0.4338,0.3138,0.315,0.216
FDX1,ENSG00000137714,0.2964,0.002396558942133032,0.004554969259827688,0.7279,0.5927,0.507,0.377
TSPYL4,ENSG00000187189,1.4652,0.0023998331453302683,0.004560045123986464,0.188,0.068,0.14,0.047
LINC02967,ENSG00000274173,-1.7527,0.002426130427353075,0.00460885475953042,0.0549,0.1851,0.043,0.134
TLCD1,ENSG00000160606,-1.4547,0.0024327568853776188,0.004620281113380571,0.0849,0.2329,0.073,0.16
NT5C3B,ENSG00000141698,0.5975,0.0024361206093125357,0.004625506711072181,0.3496,0.231,0.256,0.161
RHBDL1,ENSG00000103269,2.5483,0.0024469487236253072,0.004644759987950034,0.1538,0.0262,0.111,0.019
USP8,ENSG00000138592,-0.4631,0.002447838224123569,0.004644759987950034,0.423,0.5832,0.31,0.363
SEC24C,ENSG00000176986,0.7075,0.0024481051319678406,0.004644759987950034,0.3022,0.185,0.224,0.129
FAM133B,ENSG00000234545,0.3042,0.0024503303999398518,0.004647814755597684,0.6605,0.5349,0.461,0.335
ATP11B,ENSG00000058063,0.6606,0.0024576422777289643,0.004660513907691346,0.3113,0.1969,0.226,0.131
SURF2,ENSG00000148291,0.5251,0.0024624683143444153,0.004668493880770906,0.3942,0.2739,0.286,0.189
USP3,ENSG00000140455,0.3844,0.0024669893975046726,0.004674719061486783,0.4753,0.3641,0.34,0.237
SSBP2,ENSG00000145687,0.7748,0.0024669445971016377,0.004674719061486783,0.2754,0.1609,0.199,0.104
ZDHHC6,ENSG00000023041,0.7641,0.002500664046999985,0.004737341242498718,0.2824,0.1663,0.213,0.119
WRNIP1,ENSG00000124535,0.9478,0.0025128931455588137,0.004759315045048092,0.2485,0.1288,0.183,0.091
CHSY1,ENSG00000131873,1.6893,0.002518503095121789,0.004768744582367196,0.1943,0.0602,0.132,0.041
AGPAT1,ENSG00000204310,0.9422,0.0025217008621234976,0.004773603110334008,0.2307,0.12,0.181,0.087
MFN1,ENSG00000171109,0.8062,0.002537193834032375,0.004801728310649948,0.2598,0.1485,0.197,0.102
NSUN2,ENSG00000037474,0.8883,0.002539953147510737,0.0048057465638476375,0.2428,0.1311,0.186,0.092
CCAR2,ENSG00000158941,1.131,0.002554715895186258,0.004832468349557381,0.2226,0.1016,0.164,0.073
PHF20,ENSG00000025293,0.4285,0.0025699756207933915,0.004860116599522921,0.4132,0.307,0.307,0.205
LTF,ENSG00000012223,1.9878,0.0025710455210281543,0.004860923150992919,0.2286,0.0576,0.124,0.033
PTPRU,ENSG00000060656,0.7465,0.002588032174635843,0.004891814630816561,0.2892,0.1724,0.213,0.119
SGK1,ENSG00000118515,-0.6779,0.0025933732346789373,0.004900684039019353,0.2661,0.4258,0.178,0.26
PANX1,ENSG00000110218,1.5114,0.0025989123136291713,0.004909923113145383,0.1792,0.0628,0.137,0.046
NCKAP5L,ENSG00000167566,1.639,0.0026007924209557783,0.004912246685080226,0.1774,0.0569,0.132,0.041
KDM3A,ENSG00000115548,1.2774,0.002604556366711745,0.0049181263060502954,0.2089,0.0861,0.154,0.062
C20orf96,ENSG00000196476,1.4096,0.002610777766817086,0.004928479661451255,0.1912,0.0719,0.143,0.051
COLCA1,ENSG00000196167,0.661,0.002611344021811962,0.004928479661451255,0.3247,0.2053,0.235,0.139
RAN,ENSG00000132341,0.3031,0.002634847694362583,0.004971596985741587,1.4297,1.1587,0.833,0.635
GCA,ENSG00000115271,0.5797,0.002639419067333351,0.004978979039626334,0.3339,0.2234,0.251,0.153
OXSR1,ENSG00000172939,0.7796,0.002645334487218784,0.0049880072920156894,0.2779,0.1619,0.205,0.111
DCAF6,ENSG00000143164,0.5224,0.002645525508816263,0.0049880072920156894,0.3442,0.2396,0.259,0.159
TSPYL2,ENSG00000184205,-0.8668,0.0026467674565580656,0.004989103825922202,0.1834,0.3346,0.132,0.218
ALDH9A1,ENSG00000143149,-0.6785,0.0026650279946880072,0.005022271514060338,0.2458,0.3934,0.189,0.266
ZGPAT,ENSG00000197114,1.4814,0.002669984303428684,0.005030356960699179,0.1669,0.0597,0.132,0.039
PABPC1L,ENSG00000101104,1.3836,0.0026794390001863354,0.005046911405237537,0.2002,0.0767,0.143,0.051
HP,ENSG00000257017,-1.7648,0.0026839358518524073,0.005054121475758957,0.0812,0.2763,0.054,0.141
RNF103,ENSG00000239305,1.1891,0.0026862110768305285,0.00505714544865553,0.2222,0.0974,0.162,0.071
CFAP96,ENSG00000205129,2.7052,0.0026926105000707784,0.005067930325868144,0.1504,0.023,0.105,0.014
RBBP7,ENSG00000102054,0.3966,0.0026946495998861246,0.0050681632022450615,0.4827,0.3667,0.353,0.249
UROD,ENSG00000126088,0.4458,0.002694746735065309,0.0050681632022450615,0.4324,0.3174,0.313,0.212
ATG5,ENSG00000057663,0.5294,0.0026939211880208053,0.0050681632022450615,0.3373,0.2337,0.259,0.16
CEP290,ENSG00000198707,0.8095,0.00270053204044324,0.00507651643830522,0.2431,0.1386,0.189,0.094
MRAS,ENSG00000158186,1.8002,0.002699996788644789,0.00507651643830522,0.167,0.0479,0.127,0.036
MSRA,ENSG00000175806,0.5967,0.002713358331557031,0.005099358754953574,0.3091,0.2044,0.235,0.137
NSL1,ENSG00000117697,0.6903,0.0027251605480387844,0.005120265590756781,0.2908,0.1802,0.221,0.126
PRKRIP1,ENSG00000128563,0.8202,0.002726976654048333,0.005121683913409446,0.272,0.154,0.197,0.105
ATG4B,ENSG00000168397,0.6352,0.0027272712618989017,0.005121683913409446,0.3303,0.2126,0.24,0.147
ANO10,ENSG00000160746,0.8588,0.002730317246198101,0.005126129919241216,0.2465,0.1359,0.183,0.089
RSRC1,ENSG00000174891,0.5418,0.0027349412800562207,0.005133535744304285,0.3086,0.212,0.24,0.14
SCO1,ENSG00000133028,0.9256,0.002739325947336912,0.005140488706440728,0.2384,0.1254,0.183,0.091
ZNF146,ENSG00000167635,0.7393,0.002746631525174702,0.005152918096025546,0.2707,0.1621,0.21,0.116
SULT1A2,ENSG00000197165,-2.1434,0.002750686868568894,0.005159245107258688,0.0408,0.1805,0.032,0.122
EHBP1,ENSG00000115504,0.771,0.0027514292912063894,0.005159356737419774,0.2654,0.1555,0.191,0.097
CDYL,ENSG00000153046,1.2449,0.002763929392270529,0.005181510312308647,0.2078,0.0876,0.154,0.063
TMEM102,ENSG00000181284,2.3552,0.002767410836826572,0.0051867499062825,0.1551,0.0302,0.113,0.023
NDUFS3,ENSG00000213619,0.3061,0.0027901881716903116,0.005228142767142932,0.6596,0.5335,0.461,0.345
MICAL1,ENSG00000135596,1.7183,0.002792846614375681,0.005231826474487545,0.1759,0.0534,0.129,0.039
TNFAIP3,ENSG00000118503,0.591,0.002794000997784772,0.00523269150675854,0.3718,0.2468,0.248,0.151
SNAP29,ENSG00000099940,0.6493,0.0028147534729469396,0.005270250926422337,0.3321,0.2117,0.24,0.148
PIP5K1C,ENSG00000186111,1.4715,0.0028175850382464096,0.005274245531207042,0.1798,0.0648,0.137,0.046
TEX264,ENSG00000164081,0.3595,0.0028235600677561533,0.0052841209591027345,0.5159,0.4021,0.375,0.268
SEC24B,ENSG00000138802,0.798,0.002825993897016509,0.005287365996027668,0.2598,0.1494,0.191,0.099
TAF13,ENSG00000197780,0.9547,0.002833561116409263,0.005298899562988115,0.2276,0.1174,0.178,0.086
C1orf43,ENSG00000143612,-0.1076,0.0028329001532572833,0.005298899562988115,0.8607,0.9274,0.585,0.543
SH3TC1,ENSG00000125089,2.3389,0.0028369698523267413,0.005303961206218394,0.1598,0.0315,0.113,0.023
MAP2K3,ENSG00000034152,0.3372,0.00283768259825818,0.005303981204809637,0.6063,0.4799,0.418,0.308
TAB2,ENSG00000055208,0.6908,0.0028557593121701125,0.00533644857864091,0.3155,0.1954,0.224,0.132
RPS10-NUDT3,ENSG00000270800,2.6802,0.0028572960590973386,0.0053379999323640934,0.1402,0.0218,0.105,0.014
OLFM1,ENSG00000130558,-1.7059,0.0028703374710817614,0.005361038218547023,0.0652,0.213,0.051,0.139
CBY1,ENSG00000100211,0.6475,0.0028804380418846753,0.005378573753445063,0.308,0.1966,0.235,0.14
SCML1,ENSG00000047634,-1.3765,0.002890674614268872,0.005394558655588382,0.0845,0.2194,0.062,0.152
PRMT7,ENSG00000132600,1.506,0.0028911407010559042,0.005394558655588382,0.1748,0.0615,0.135,0.044
TSPAN3,ENSG00000140391,0.1438,0.0028898461848839065,0.005394558655588382,1.6145,1.4613,0.925,0.753
MRPS34,ENSG00000074071,0.2802,0.0028974136432669798,0.0054049284135511185,0.8445,0.6954,0.574,0.431
GLYR1,ENSG00000140632,0.4624,0.0028990746790943794,0.005406691977427311,0.3767,0.2734,0.286,0.185
MORC4,ENSG00000133131,1.1017,0.002907132629337329,0.005420381790385864,0.2247,0.1046,0.162,0.071
MRPL9,ENSG00000143436,0.5137,0.002913124312631148,0.005430213220312934,0.3686,0.2581,0.278,0.181
ORC4,ENSG00000115947,0.6531,0.002915680713328634,0.005433637836506618,0.3012,0.1915,0.226,0.131
RPS6KA4,ENSG00000162302,1.111,0.0029375192010061843,0.005472985835660104,0.2024,0.0936,0.159,0.068
NSMF,ENSG00000165802,1.3282,0.00295575258313163,0.0055055993011734385,0.1944,0.0774,0.146,0.055
ENSG00000272831,ENSG00000272831,-1.8088,0.0029567039605787183,0.00550601390736313,0.052,0.1824,0.04,0.129
APTR,ENSG00000214293,-1.1013,0.0029702649425805113,0.005529904297978256,0.1287,0.2763,0.1,0.185
CARD10,ENSG00000100065,2.8215,0.002985588864748197,0.005557064270306142,0.1476,0.0208,0.105,0.015
B4GAT1-DT,ENSG00000255468,-1.8994,0.0029934916831024813,0.005570401395526908,0.0496,0.1855,0.035,0.125
PTPN23,ENSG00000076201,0.8844,0.002995951849251319,0.005573606555305027,0.2465,0.1335,0.186,0.094
HIVEP1,ENSG00000095951,0.9564,0.0030006098160561398,0.005580897873043854,0.2408,0.1241,0.173,0.082
PRR14,ENSG00000156858,0.9624,0.0030225962747760203,0.005620407299023587,0.2461,0.1263,0.181,0.09
ARCN1,ENSG00000095139,0.4173,0.003030209955479071,0.005633178202176275,0.4748,0.3556,0.34,0.241
ARHGAP31,ENSG00000031081,-1.4287,0.0030508706710515024,0.005669807638052029,0.0842,0.2268,0.059,0.148
TRAPPC12,ENSG00000171853,0.7214,0.0030514146732388554,0.005669807638052029,0.28,0.1698,0.213,0.12
STX8,ENSG00000170310,0.4931,0.0030645519127170118,0.005692817728196957,0.3621,0.2572,0.27,0.173
ZNG1B,ENSG00000136682,0.7673,0.0030671199495970938,0.005696187615340718,0.2667,0.1566,0.199,0.106
N4BP1,ENSG00000102921,0.6179,0.003077850379837305,0.005714711137790818,0.3116,0.203,0.232,0.138
XAF1,ENSG00000132530,2.6545,0.003080044465225225,0.005717379836554442,0.1386,0.0219,0.105,0.015
AKT2,ENSG00000105221,0.5778,0.003094230617598358,0.005742302214678358,0.3356,0.2248,0.251,0.156
SMIM3,ENSG00000256235,1.2525,0.003101842991677687,0.005755015668498263,0.2108,0.0884,0.154,0.064
SYBU,ENSG00000147642,-1.2711,0.003105932019004291,0.005761187430291533,0.0985,0.2379,0.067,0.156
FLOT2,ENSG00000132589,0.494,0.0031125733222666166,0.005772089212008907,0.3726,0.2645,0.278,0.18
HSD17B10,ENSG00000072506,0.3465,0.00312178180260907,0.005787745157966017,0.5641,0.4437,0.402,0.294
MYO10,ENSG00000145555,0.5705,0.0031227818036972453,0.005788178735753849,0.3322,0.2237,0.243,0.148
BRAP,ENSG00000089234,1.1437,0.0031402733150731827,0.005819172159768921,0.201,0.0909,0.156,0.065
ZNF749,ENSG00000186230,1.6458,0.003143737593738543,0.005824163197816256,0.1731,0.0553,0.127,0.036
GLCCI1,ENSG00000106415,-1.0781,0.003146589853443265,0.005827729525446771,0.1576,0.3328,0.119,0.2
HAPSTR1,ENSG00000182831,0.5696,0.0031472053558997785,0.005827729525446771,0.3623,0.2441,0.261,0.17
SMG9,ENSG00000105771,1.3946,0.0031516290081488327,0.005834202367835214,0.1839,0.0699,0.14,0.05
RPL39L,ENSG00000163923,1.5492,0.003152245409067286,0.005834202367835214,0.1666,0.0569,0.132,0.042
HEBP1,ENSG00000013583,0.3231,0.003160156286384109,0.005847411399371037,0.6189,0.4947,0.437,0.321
CPNE8,ENSG00000139117,1.054,0.0031799844684881075,0.0058826598088706295,0.206,0.0992,0.156,0.065
MR1,ENSG00000153029,0.7861,0.0031827536144314462,0.00588634114003172,0.273,0.1583,0.202,0.111
RRP7A,ENSG00000189306,0.4786,0.0031906775744054467,0.00589955190274918,0.408,0.2928,0.296,0.201
SUSD1,ENSG00000106868,1.7015,0.0031963485491284666,0.0059071461077949035,0.1626,0.0499,0.124,0.034
ZNF426,ENSG00000130818,1.6005,0.0031958945333417856,0.0059071461077949035,0.1877,0.0618,0.135,0.046
MED14,ENSG00000180182,0.945,0.00322976549307228,0.00596744394721474,0.232,0.1204,0.175,0.085
USP10,ENSG00000103194,0.5705,0.0032306823494176354,0.00596759582852005,0.3205,0.2158,0.245,0.149
CIMAP3,ENSG00000173947,0.7433,0.0032314274698180714,0.00596759582852005,0.3029,0.1809,0.216,0.125
ARHGEF5,ENSG00000050327,0.9053,0.0032342947770868245,0.005969972401879052,0.2453,0.1309,0.183,0.093
PPP1R14C,ENSG00000198729,0.4015,0.003233549054269083,0.005969972401879052,0.4633,0.3507,0.332,0.232
XPO4,ENSG00000132953,0.9549,0.003247226369402153,0.005992377923994447,0.22,0.1135,0.167,0.076
ERAL1,ENSG00000132591,0.7197,0.0032516050060027585,0.00599899287432255,0.2797,0.1698,0.213,0.12
DNAJB12,ENSG00000148719,0.4802,0.003265814872745079,0.006023738125876238,0.3833,0.2747,0.286,0.189
NDUFAF2,ENSG00000164182,-0.6504,0.0032829879026660008,0.006053935466107307,0.2836,0.4452,0.218,0.284
NUDT1,ENSG00000106268,1.179,0.0032884586852053896,0.006062544013354494,0.1973,0.0871,0.154,0.063
ODF2,ENSG00000136811,1.316,0.003297614577077221,0.006077940504956918,0.1787,0.0717,0.14,0.05
E2F4,ENSG00000205250,0.7079,0.0033030490760979974,0.006086472139004968,0.317,0.194,0.226,0.138
BPNT2,ENSG00000104331,0.543,0.00330392637179513,0.006086604179203171,0.3634,0.2494,0.27,0.176
MT2A,ENSG00000125148,0.2704,0.003309956203526269,0.006096226016002185,1.1547,0.9573,0.679,0.487
EXOC1,ENSG00000090989,0.6773,0.003326928413679121,0.0061259917536792005,0.2814,0.176,0.216,0.122
RTL8B,ENSG00000212747,0.9596,0.003331935302771891,0.0061337161823688206,0.2235,0.1149,0.173,0.081
NUCB2,ENSG00000070081,0.3258,0.003354403065609309,0.006173572511736499,0.6045,0.4823,0.426,0.304
BMF,ENSG00000104081,2.0649,0.0033559453648290237,0.006174906778198557,0.1545,0.0368,0.116,0.027
MTHFS,ENSG00000136371,-0.4786,0.0033715826564593415,0.006202168728889779,0.4144,0.5775,0.313,0.353
SLC35E2A,ENSG00000215790,2.5516,0.003397352295290754,0.006248051750467781,0.144,0.0245,0.105,0.016
ETF1,ENSG00000120705,0.3059,0.0034023955159197226,0.006255803875096984,0.6241,0.5049,0.445,0.326
SCYL1,ENSG00000142186,0.4457,0.0034224554201713153,0.006291155887930483,0.4029,0.2958,0.302,0.202
B4GALT5,ENSG00000158470,0.3751,0.00342856090034621,0.00630084592608018,0.4401,0.3393,0.321,0.217
EXOSC1,ENSG00000171311,0.5467,0.0034323137284295595,0.0063062087106725,0.3467,0.2373,0.259,0.164
ITSN1,ENSG00000205726,1.1005,0.0034397092457165135,0.006318259993043584,0.2096,0.0977,0.156,0.066
PDPN,ENSG00000162493,1.6892,0.0034517426844873633,0.0063388225525770605,0.1856,0.0575,0.127,0.038
LACTB2,ENSG00000147592,0.3168,0.0034607013712593744,0.006353729978095887,0.6193,0.4972,0.431,0.323
ZNF506,ENSG00000081665,1.2293,0.0034986580077568507,0.006421856474393345,0.1893,0.0807,0.146,0.056
SPNS2,ENSG00000183018,1.1604,0.0035106935025894506,0.0064423826602048335,0.2173,0.0972,0.156,0.067
PSME1,ENSG00000092010,0.2909,0.003516818238317316,0.006452054830132911,1.3176,1.0769,0.798,0.605
SLC16A4,ENSG00000168679,0.868,0.003534069010610384,0.0064821294914206,0.2384,0.1306,0.181,0.09
IRX2,ENSG00000170561,-0.4561,0.003554896555014526,0.006518748415809405,0.401,0.5502,0.283,0.346
NR2F6,ENSG00000160113,0.4543,0.003559776528555273,0.006526113000057046,0.4181,0.3051,0.305,0.208
TP53RK,ENSG00000172315,0.6304,0.003560778301721091,0.006526365858685794,0.2977,0.1923,0.229,0.136
MFSD11,ENSG00000092931,0.8855,0.0035631585409274563,0.006529144500777815,0.2363,0.1278,0.181,0.09
CLTRN,ENSG00000147003,1.5758,0.0035672960810246685,0.006535141098967355,0.1635,0.0548,0.127,0.037
PAQR5,ENSG00000137819,-1.7773,0.003568425259341656,0.0065356249295336274,0.0563,0.1933,0.043,0.13
PRKCA,ENSG00000154229,-1.9377,0.0035855280241532087,0.006565357300648931,0.0534,0.205,0.04,0.127
NBPF26,ENSG00000273136,1.7142,0.003596065527143814,0.0065828497538239755,0.1706,0.0519,0.124,0.035
ODR4,ENSG00000157181,0.6162,0.0035968237966625244,0.0065828497538239755,0.29,0.1892,0.226,0.132
IRF2,ENSG00000168310,0.5642,0.003614304183455195,0.00661324003536062,0.3302,0.2233,0.248,0.154
C1QA,ENSG00000173372,-2.2439,0.003630395709382921,0.006641074959900234,0.0385,0.1829,0.024,0.112
DTX4,ENSG00000110042,1.4096,0.0036667597275512926,0.006705971857092718,0.1794,0.0675,0.137,0.049
MAP2K4,ENSG00000065559,0.5973,0.0036677245179020422,0.006706112955651,0.2956,0.1953,0.221,0.128
CDC42EP2,ENSG00000149798,1.5611,0.003671006531887072,0.006710489801211427,0.1853,0.0627,0.132,0.044
WIPI2,ENSG00000157954,0.4287,0.003685647130289219,0.0067356226582813376,0.4068,0.3022,0.307,0.208
ANG,ENSG00000214274,-0.851,0.00368881439380467,0.006739780591340818,0.1865,0.3365,0.143,0.221
SLC30A7,ENSG00000162695,0.6449,0.0036921135613659393,0.006744177455541507,0.3065,0.196,0.226,0.135
PHPT1,ENSG00000054148,0.3259,0.0036965814109943323,0.006750706444298327,1.4673,1.1706,0.865,0.64
HTRA2,ENSG00000115317,0.903,0.0037039738459000255,0.0067625718718643535,0.2192,0.1172,0.175,0.085
FAM98A,ENSG00000119812,0.8902,0.003715087700114736,0.006777949184826572,0.2432,0.1312,0.183,0.094
TUBG2,ENSG00000037042,1.7259,0.0037139814585038363,0.006777949184826572,0.152,0.0459,0.121,0.033
PLEKHA8,ENSG00000106086,1.9802,0.003714762303844787,0.006777949184826572,0.1512,0.0383,0.116,0.028
B4GALT7,ENSG00000027847,0.7917,0.003719711124351296,0.006784415342507905,0.2549,0.1472,0.197,0.107
MOB4,ENSG00000115540,0.4936,0.003720427897287922,0.006784415342507905,0.3765,0.2674,0.28,0.187
UFSP2,ENSG00000109775,0.5997,0.0037240788701740266,0.006789434330155591,0.2902,0.1915,0.226,0.132
IQCK,ENSG00000174628,1.3698,0.003726101344647158,0.006791482667987763,0.1854,0.0717,0.137,0.048
PMP22,ENSG00000109099,2.1485,0.0037308025577295293,0.006797248063929791,0.149,0.0335,0.111,0.022
RPP30,ENSG00000148688,0.8534,0.0037310638942576893,0.006797248063929791,0.2586,0.1431,0.191,0.102
SVIP,ENSG00000198168,-0.4681,0.003735509161961816,0.006803705814518207,0.3805,0.5263,0.275,0.337
EIF2S1,ENSG00000134001,0.4806,0.0037520248107541644,0.006832139659013668,0.3942,0.2825,0.291,0.198
LAMTOR3,ENSG00000109270,0.3695,0.0037574790011328275,0.006840422615315304,0.4856,0.3759,0.356,0.253
TRABD,ENSG00000170638,0.5626,0.0037637305928213387,0.006850152885754086,0.3339,0.2261,0.251,0.158
IL34,ENSG00000157368,-2.9122,0.0037671565186812163,0.006854736873467387,0.0201,0.1519,0.016,0.103
PAGR1,ENSG00000280789,1.2225,0.003774677121969638,0.006866767555136194,0.1955,0.0837,0.146,0.056
DCP2,ENSG00000172795,0.9799,0.0037827405995256506,0.006879779785608158,0.2281,0.1156,0.17,0.081
ARPC4,ENSG00000241553,0.4026,0.0037855201709513994,0.006883178072572281,0.4728,0.3577,0.342,0.243
ADGRA3,ENSG00000152990,1.2074,0.003787374249611786,0.006884892313719211,0.205,0.0887,0.148,0.06
NGLY1,ENSG00000151092,0.6354,0.003794666122097078,0.006896488465827142,0.3206,0.2064,0.235,0.144
ME3,ENSG00000151376,1.8824,0.003810486764671895,0.006923575639032267,0.1525,0.0413,0.116,0.028
LMBR1L,ENSG00000139636,1.1327,0.003814951273450857,0.00693002088745401,0.2082,0.0949,0.156,0.068
ARHGEF7,ENSG00000102606,0.7378,0.0038234268955012972,0.006943747643151995,0.2766,0.1658,0.202,0.112
MEST,ENSG00000106484,1.0587,0.003824629548117283,0.006944262493637604,0.2064,0.099,0.162,0.072
MIOS,ENSG00000164654,1.0282,0.0038447244271317413,0.006979070890672827,0.2181,0.1069,0.164,0.076
TBC1D22B,ENSG00000065491,1.331,0.003848351675830507,0.006983977158515369,0.1806,0.0717,0.137,0.049
GLA,ENSG00000102393,1.6814,0.003856692682928479,0.0069974335301452115,0.1724,0.0537,0.127,0.039
KIAA1671,ENSG00000197077,0.8241,0.003863094078479365,0.007005683092393568,0.2584,0.1459,0.189,0.1
GAS2L1,ENSG00000185340,2.008,0.00386289178164074,0.007005683092393568,0.1521,0.0378,0.116,0.028
MAP3K7,ENSG00000135341,0.7451,0.003886151305076695,0.007045805881894511,0.2574,0.1535,0.197,0.106
ANKRD1,ENSG00000148677,2.5095,0.003902454141930916,0.007073202976640267,0.1601,0.028,0.105,0.017
OTUD7B,ENSG00000264522,0.7755,0.0039031347729468263,0.007073202976640267,0.2548,0.1488,0.191,0.102
TMEM220,ENSG00000187824,-1.3121,0.0039040878375132867,0.007073233480194936,0.089,0.221,0.067,0.153
COL4A5,ENSG00000188153,1.06,0.00393332658576613,0.007124498287092571,0.193,0.0925,0.146,0.055
LACTB,ENSG00000103642,0.7458,0.003941697341372556,0.0071379490445996315,0.261,0.1556,0.202,0.112
NEPRO,ENSG00000163608,1.0464,0.003943483362818866,0.007139472035968496,0.2351,0.1138,0.17,0.083
COL27A1,ENSG00000196739,1.1323,0.003945270119155656,0.007140995627748198,0.2008,0.0915,0.148,0.059
SIPA1,ENSG00000213445,0.6911,0.003947470213114823,0.007143266457504788,0.2793,0.173,0.213,0.122
ODAM,ENSG00000109205,-2.2619,0.003956006104777024,0.007156998592334869,0.0342,0.1642,0.027,0.113
TMPRSS13,ENSG00000137747,1.8393,0.003964627795502658,0.007170879338047062,0.1531,0.0427,0.119,0.031
C7orf50,ENSG00000146540,0.2984,0.003974304342852058,0.0071866609167657485,0.6707,0.5454,0.469,0.351
DPY30,ENSG00000162961,0.2795,0.003991776185919143,0.007216527658439609,0.7677,0.6325,0.523,0.397
SLC38A2,ENSG00000134294,0.2908,0.003997267810902523,0.007224726868748459,0.7357,0.6013,0.491,0.366
DNMT1,ENSG00000130816,0.5126,0.0040028359394215516,0.007233060397591443,0.3449,0.2418,0.259,0.163
OSBPL7,ENSG00000006025,1.8856,0.004038217782374938,0.00729524996313789,0.1614,0.0436,0.119,0.031
HSP90AA1,ENSG00000080824,0.1872,0.004044118848691698,0.007304163973670996,1.7091,1.5011,0.946,0.735
MRPL38,ENSG00000204316,0.5646,0.004045384380845275,0.007304703393232805,0.2893,0.1956,0.224,0.126
ARIH2,ENSG00000177479,0.4106,0.0040648342749779005,0.007338069999392601,0.4452,0.3349,0.321,0.224
ENTPD4,ENSG00000197217,0.9039,0.004067942815064555,0.007341927369281584,0.2462,0.1315,0.181,0.093
PIGS,ENSG00000087111,0.5738,0.004077989645383323,0.007358302309737523,0.3254,0.2186,0.245,0.153
TASP1,ENSG00000089123,0.8534,0.004082383348461815,0.007364471393894225,0.2401,0.1329,0.175,0.086
PTRH1,ENSG00000187024,0.6805,0.004094026122381268,0.007383711471613865,0.296,0.1846,0.218,0.129
MCUR1,ENSG00000050393,-0.3805,0.004101140155908294,0.0073947765818346434,0.4675,0.6086,0.337,0.383
ISOC2,ENSG00000063241,0.3807,0.00410527143382943,0.007400459480453672,0.4487,0.3446,0.334,0.23
YPEL1,ENSG00000100027,2.6238,0.004111332716098393,0.007409618003369122,0.1338,0.0216,0.102,0.015
PRPF6,ENSG00000101161,0.353,0.004123479650455275,0.007429737362077177,0.5265,0.4122,0.372,0.269
USP44,ENSG00000136014,-1.093,0.004135300455909534,0.007448775899700796,0.1264,0.2698,0.1,0.181
CYB5R3,ENSG00000100243,0.2868,0.0041360178556247304,0.007448775899700796,1.0679,0.8753,0.69,0.519
RFNG,ENSG00000169733,0.9167,0.004138314293655297,0.007451135483452281,0.243,0.1287,0.181,0.093
THADA,ENSG00000115970,0.8723,0.0041397501548687205,0.007451203560931857,0.2237,0.1221,0.164,0.074
TNFSF15,ENSG00000181634,1.0128,0.004140324625915544,0.007451203560931857,0.2425,0.1201,0.17,0.083
MAX,ENSG00000125952,0.4521,0.004159899731936912,0.0074846493152615785,0.3668,0.2681,0.283,0.186
CHMP7,ENSG00000147457,1.1065,0.004163651578606598,0.007487833295970685,0.2107,0.0978,0.159,0.072
TSPAN8,ENSG00000127324,2.0982,0.004162785495451701,0.007487833295970685,0.1593,0.0371,0.113,0.026
BTN3A2,ENSG00000186470,1.3573,0.004170296982602265,0.007497999453488841,0.197,0.0768,0.143,0.056
PSMB6,ENSG00000142507,0.2966,0.004197120343412772,0.007544431166900664,1.1775,0.9587,0.747,0.556
MEMO1,ENSG00000162959,1.2677,0.004208403597739482,0.007562913696698808,0.1795,0.0745,0.14,0.052
COG7,ENSG00000168434,1.0445,0.004211830404160226,0.007566521002052246,0.1947,0.0943,0.154,0.065
NT5C2,ENSG00000076685,0.5628,0.004212413942373494,0.007566521002052246,0.3018,0.2043,0.224,0.132
TSPYL5,ENSG00000180543,1.7018,0.004213654204579887,0.00756694973035442,0.1625,0.0499,0.124,0.037
NOB1,ENSG00000141101,0.5242,0.004219641299296259,0.007575900669245066,0.34,0.2364,0.259,0.166
NME7,ENSG00000143156,0.9382,0.004223368871060766,0.007580791594408194,0.2182,0.1138,0.164,0.076
SMIM5,ENSG00000204323,2.5961,0.004243666917664896,0.007615416523268003,0.1368,0.0225,0.102,0.015
DDRGK1,ENSG00000198171,0.2863,0.004270105406672605,0.007661041640325702,0.939,0.77,0.633,0.467
BFAR,ENSG00000103429,-0.3027,0.004275203980087081,0.00766836801271555,0.5622,0.6935,0.399,0.423
ZMYND8,ENSG00000101040,-0.7376,0.004280308073527585,0.007675700805957964,0.2405,0.401,0.181,0.252
HAUS1,ENSG00000152240,0.9333,0.004285047244214554,0.007682375873289264,0.2325,0.1217,0.175,0.087
ZNF480,ENSG00000198464,1.4132,0.004290310328599443,0.007689986840467091,0.1739,0.0652,0.135,0.047
CDS2,ENSG00000101290,0.5163,0.004317012122726519,0.007736011998861208,0.3339,0.2334,0.253,0.16
TWIST2,ENSG00000233608,-2.9619,0.004322161452678948,0.0077434028396939645,0.0199,0.1556,0.016,0.102
DMPK,ENSG00000104936,1.9719,0.004341614790209165,0.007776410559514045,0.1552,0.0395,0.113,0.026
PLXNA2,ENSG00000076356,0.3918,0.004353850982228813,0.007796478826911279,0.4263,0.3249,0.305,0.208
DONSON,ENSG00000159147,-2.2952,0.004386129329322746,0.007852418740055295,0.0408,0.2007,0.032,0.116
SACM1L,ENSG00000211456,-0.7694,0.004398858504468138,0.007873341862415726,0.2169,0.3699,0.17,0.242
MAGT1,ENSG00000102158,0.4258,0.004400376110661553,0.007874192684994796,0.4298,0.3199,0.31,0.217
KLHL7,ENSG00000122550,1.1081,0.004405539522025056,0.007881565495832181,0.1973,0.0915,0.154,0.066
LRRN4,ENSG00000125872,2.2118,0.004408275315319807,0.007884592804744588,0.1447,0.0312,0.108,0.021
CREBRF,ENSG00000164463,-0.7526,0.004438164888308073,0.007936174137554436,0.2169,0.3654,0.159,0.236
GRB10,ENSG00000106070,1.2634,0.0044434450319293176,0.007943735735027449,0.1892,0.0788,0.14,0.053
UROS,ENSG00000188690,0.3778,0.00444551272422731,0.007945552077486947,0.4641,0.3571,0.342,0.244
RHOT1,ENSG00000126858,-0.7907,0.004451951121894967,0.007955177560528968,0.1999,0.346,0.148,0.227
MPP7,ENSG00000150054,-0.7017,0.004464853272912855,0.007976345820963968,0.2575,0.4188,0.194,0.265
UBL7,ENSG00000138629,0.4676,0.004493078915265141,0.00802487262525488,0.3703,0.2678,0.278,0.182
ABHD12,ENSG00000100997,0.4991,0.004497489232276146,0.008028953485313394,0.3484,0.2465,0.264,0.169
RC3H2,ENSG00000056586,0.7505,0.004496792605780135,0.008028953485313394,0.2765,0.1643,0.202,0.114
TMEM242,ENSG00000215712,0.773,0.00450764009306824,0.008045173849074074,0.2386,0.1396,0.189,0.099
SPPL2B,ENSG00000005206,0.8848,0.004514004625004586,0.008054630359449609,0.2468,0.1336,0.181,0.094
EXOC3,ENSG00000180104,0.8312,0.004543448956639893,0.008103342036688948,0.2443,0.1373,0.186,0.098
PEX13,ENSG00000162928,0.5144,0.004543136467776043,0.008103342036688948,0.3549,0.2484,0.261,0.171
OSER1,ENSG00000132823,0.7286,0.004545011693027793,0.008104216035125083,0.2611,0.1575,0.202,0.113
CERS2,ENSG00000143418,-0.2374,0.00455627777577937,0.008122387587544392,0.6397,0.7542,0.456,0.46
KDELR1,ENSG00000105438,0.301,0.004557609467481991,0.008122844898991849,1.2993,1.0546,0.792,0.598
UBE2E2,ENSG00000182247,0.3372,0.004568040171323292,0.008138994388703639,0.4382,0.3468,0.313,0.213
TFIP11,ENSG00000100109,1.403,0.004568825308073082,0.008138994388703639,0.179,0.0676,0.135,0.048
ARPIN,ENSG00000242498,0.8236,0.004586838420489598,0.008169157064309034,0.2363,0.1335,0.183,0.095
HMGXB3,ENSG00000113716,0.6819,0.004590070256071479,0.008172986279665336,0.2764,0.1722,0.208,0.119
TUBG1,ENSG00000131462,0.9164,0.004603018231710987,0.008194109976573164,0.2384,0.1263,0.178,0.092
ANO9,ENSG00000185101,1.2064,0.0046410254070244315,0.008259822603078818,0.1963,0.085,0.146,0.059
BCLAF1,ENSG00000029363,0.2753,0.00466881610991117,0.008307325885628566,0.8298,0.6857,0.566,0.42
ZC3HAV1,ENSG00000105939,0.6003,0.004698126212785068,0.008357509662724555,0.3329,0.2196,0.24,0.151
NAA60,ENSG00000122390,0.5265,0.004713610895664691,0.008383081524657896,0.3289,0.2283,0.251,0.158
TOR4A,ENSG00000198113,0.8414,0.004729060753787795,0.008408579429246128,0.2402,0.134,0.183,0.096
PDF,ENSG00000258429,1.8624,0.004776584871777551,0.008491082048536328,0.1432,0.0393,0.113,0.027
ZNRF1,ENSG00000186187,0.9447,0.004785338906088894,0.008504642539520489,0.2224,0.1155,0.167,0.08
ZNF326,ENSG00000162664,0.5304,0.004799851756614534,0.00852842897959144,0.3711,0.2569,0.264,0.176
KCTD12,ENSG00000178695,1.6971,0.0048137458167521185,0.008551105018942453,0.163,0.0502,0.121,0.035
SSH2,ENSG00000141298,-0.5357,0.004815063114752822,0.00855143437516633,0.3813,0.5528,0.28,0.334
TBC1D9B,ENSG00000197226,0.704,0.004828336592383545,0.008572992468967727,0.2827,0.1735,0.21,0.123
OSGEP,ENSG00000092094,0.5556,0.004832052486035312,0.008577574373119543,0.3268,0.2223,0.243,0.153
WDR44,ENSG00000131725,1.1826,0.0048597966817069274,0.008624797728516757,0.1827,0.0804,0.14,0.053
MFSD3,ENSG00000167700,1.1189,0.004893363458455472,0.00868232995035958,0.2037,0.0937,0.154,0.068
PNO1,ENSG00000115946,0.7003,0.004904989635308957,0.008700914931852351,0.2835,0.1745,0.21,0.124
COPS7B,ENSG00000144524,1.0792,0.004906162001089855,0.008700951623998558,0.2062,0.0976,0.156,0.07
PSORS1C1,ENSG00000204540,1.5101,0.004909345414565253,0.008702511639380687,0.174,0.061,0.129,0.044
SESN2,ENSG00000130766,1.1539,0.0049088426461494266,0.008702511639380687,0.1968,0.0884,0.151,0.065
RAB4B,ENSG00000167578,-1.9409,0.004934711678305135,0.008745424989349118,0.0446,0.1715,0.038,0.121
FTX,ENSG00000230590,0.3533,0.004952504746138944,0.008772842522175785,0.3021,0.2365,0.218,0.121
IQCB1,ENSG00000173226,0.8511,0.0049519979816796435,0.008772842522175785,0.2322,0.1287,0.175,0.088
STARD3NL,ENSG00000010270,-0.3532,0.004971118528530545,0.008803750699261197,0.4954,0.6328,0.358,0.395
POGZ,ENSG00000143442,0.4933,0.004979770001710952,0.008817005475258084,0.3986,0.2831,0.275,0.188
ACADSB,ENSG00000196177,-1.0146,0.004992687657426854,0.008836337918554458,0.1356,0.274,0.105,0.185
ABHD14A,ENSG00000248487,-1.7184,0.0049930280045412286,0.008836337918554458,0.051,0.1681,0.038,0.123
DUSP12,ENSG00000081721,0.9923,0.005020152826410601,0.008882261031272152,0.234,0.1176,0.17,0.085
KMT2C,ENSG00000055609,0.2593,0.005031965375078677,0.008901076658562258,0.5815,0.4858,0.415,0.299
TERF2IP,ENSG00000166848,0.301,0.005048957710855378,0.00892904389173979,0.6393,0.5189,0.445,0.336
TOLLIP,ENSG00000078902,0.4322,0.005069969106171025,0.008964104048004235,0.4285,0.3176,0.31,0.219
ARHGEF9,ENSG00000131089,1.0004,0.005076184275932987,0.008970894082964611,0.2283,0.1141,0.164,0.079
WTAP,ENSG00000146457,0.2849,0.005075147936254424,0.008970894082964611,0.6376,0.5234,0.45,0.336
ATAT1,ENSG00000137343,1.8899,0.005087163935533211,0.00898819540059715,0.1478,0.0398,0.113,0.028
ASPSCR1,ENSG00000169696,-0.6907,0.005109013927856501,0.009024690256010255,0.2448,0.3951,0.194,0.26
NOP56,ENSG00000101361,0.5181,0.005115707213386352,0.009033518397718366,0.3611,0.2522,0.264,0.174
RASA1,ENSG00000145715,0.9015,0.005116403073969145,0.009033518397718366,0.2233,0.1195,0.164,0.077
C1orf198,ENSG00000119280,0.5346,0.005118665211738399,0.009035400858570936,0.3573,0.2467,0.259,0.17
CROCC,ENSG00000058453,1.5635,0.005174107097391035,0.009131132707495743,0.1605,0.0542,0.121,0.036
YARS2,ENSG00000139131,1.3792,0.005185894336686237,0.009149797224115954,0.1665,0.064,0.132,0.046
UGGT1,ENSG00000136731,0.8021,0.005201766128933863,0.009175657974339326,0.2644,0.1516,0.191,0.106
IFIH1,ENSG00000115267,1.6913,0.005205122446430642,0.009179435126700162,0.1566,0.0484,0.121,0.036
KATNIP,ENSG00000047578,1.749,0.005219098652547275,0.009201934730453831,0.151,0.0449,0.113,0.028
CCNB1IP1,ENSG00000100814,-0.5574,0.00522609946231377,0.00921212819360255,0.3066,0.4512,0.237,0.296
NABP2,ENSG00000139579,0.6625,0.0052364833379823445,0.009228278893971684,0.2777,0.1754,0.213,0.125
UTP4,ENSG00000141076,0.8915,0.0052512480006134095,0.00925214054212554,0.222,0.1196,0.173,0.086
DHX29,ENSG00000067248,0.3802,0.005274270145994235,0.009290536477730578,0.4428,0.3402,0.326,0.227
EXOC6,ENSG00000138190,0.8441,0.005295229499235229,0.009325281787114722,0.2372,0.1321,0.175,0.089
CAB39,ENSG00000135932,0.5795,0.005309424057817848,0.00934810038611369,0.3279,0.2194,0.237,0.149
UBE2E1,ENSG00000170142,0.3041,0.005325095795423359,0.009373508558812554,0.5186,0.42,0.383,0.276
RFXANK,ENSG00000064490,0.3791,0.005331231727534283,0.009382123387263337,0.4587,0.3527,0.334,0.239
ASB1,ENSG00000065802,1.2402,0.005333398874658305,0.009383751396842919,0.1868,0.079,0.143,0.058
PRKCQ,ENSG00000065675,-2.6968,0.0053406284455002236,0.009394283563621465,0.0248,0.1611,0.019,0.103
RPAP3,ENSG00000005175,0.8329,0.0053556580465769854,0.009418528059098959,0.2296,0.1288,0.178,0.091
BCAR3,ENSG00000137936,1.1952,0.005367273205549695,0.009436757986485442,0.1813,0.0791,0.137,0.052
TUFT1,ENSG00000143367,1.7845,0.0053878367701790135,0.00947070888755292,0.1717,0.0498,0.121,0.038
UHMK1,ENSG00000152332,0.4399,0.005390389414934908,0.009472991865511336,0.4224,0.3113,0.305,0.213
HPS4,ENSG00000100099,0.7189,0.00539376422751452,0.009476718311365626,0.2815,0.171,0.205,0.119
ACSL5,ENSG00000197142,0.3642,0.005407008239765416,0.009497778947088519,0.5283,0.4104,0.358,0.267
TTC9,ENSG00000133985,1.3882,0.0054089287702262685,0.009498943946782764,0.1771,0.0676,0.135,0.05
DDHD2,ENSG00000085788,1.1978,0.005413412403313801,0.009504608577047586,0.1856,0.0809,0.143,0.058
CCDC9B,ENSG00000188549,1.6234,0.0054191820048993125,0.00951252789196429,0.1749,0.0567,0.124,0.04
CWC27,ENSG00000153015,0.6922,0.005436156587217252,0.009535677505555222,0.276,0.1708,0.205,0.118
PCK2,ENSG00000100889,-1.0812,0.00543514594712769,0.009535677505555222,0.1219,0.258,0.097,0.176
CAPN15,ENSG00000103326,1.2192,0.0054341354766617115,0.009535677505555222,0.2,0.0858,0.146,0.061
CAND1,ENSG00000111530,0.4771,0.005453271299289541,0.009563478334756844,0.3976,0.2856,0.283,0.195
FZD5,ENSG00000163251,-0.7838,0.005471543621460209,0.009593295906273353,0.1782,0.3069,0.127,0.21
INTS6,ENSG00000102786,-0.9754,0.0055264128657213,0.00968725039455323,0.153,0.3008,0.113,0.191
PEX2,ENSG00000164751,0.479,0.00553443847725134,0.009696818806965183,0.3524,0.2528,0.27,0.178
NUDT2,ENSG00000164978,1.7179,0.005534345095778354,0.009696818806965183,0.1509,0.0458,0.119,0.034
CCSER2,ENSG00000107771,0.2999,0.005548368217151135,0.009718970990163884,0.5393,0.4381,0.38,0.279
PTPN6,ENSG00000111679,0.9801,0.005573784641351284,0.009761229245574628,0.1972,0.0999,0.156,0.07
SOS2,ENSG00000100485,0.8277,0.005583472278379072,0.00977592886747483,0.2341,0.1318,0.175,0.089
MCF2L,ENSG00000126217,1.8023,0.005591572620447939,0.009787843175969457,0.1529,0.0438,0.116,0.032
ANTXR2,ENSG00000163297,1.3402,0.005595909712701713,0.009793166059638973,0.1743,0.0688,0.132,0.047
RAD23B,ENSG00000119318,0.2807,0.005608372138435056,0.009812702988855221,0.6816,0.5611,0.482,0.359
PLEKHA4,ENSG00000105559,1.573,0.005625975331739122,0.009838945285020618,0.1566,0.0526,0.121,0.037
B4GALT4,ENSG00000121578,1.3023,0.0056252171804906685,0.009838945285020618,0.1786,0.0724,0.137,0.053
USP48,ENSG00000090686,0.4967,0.005630146811629734,0.009843961851854348,0.365,0.2587,0.261,0.173
BCL2L12,ENSG00000126453,0.8047,0.005638023336701445,0.009855452639699079,0.2346,0.1343,0.183,0.097
ACY1,ENSG00000243989,0.8015,0.005639922780192144,0.009856492390550925,0.2033,0.1166,0.167,0.078
RAB20,ENSG00000139832,-0.5821,0.005645719648790536,0.00986434133825451,0.2996,0.4486,0.229,0.289
IQCN,ENSG00000130518,-2.4529,0.005659997108961066,0.009884715246925763,0.0304,0.1671,0.019,0.103
CCDC71L,ENSG00000253276,1.451,0.005659234822992039,0.009884715246925763,0.1933,0.0706,0.135,0.052
INPPL1,ENSG00000165458,0.6516,0.005683100081816047,0.009922768920295873,0.2874,0.1829,0.213,0.125
SSBP1,ENSG00000106028,0.2895,0.005691234924963377,0.009934676492166892,1.0902,0.892,0.712,0.524
BNIP3,ENSG00000176171,-0.2815,0.005715702508097773,0.009975082570727345,0.5768,0.7011,0.402,0.432
TBRG4,ENSG00000136270,0.9767,0.005720318766172573,0.009980833320654454,0.2265,0.115,0.167,0.083
GTF3C1,ENSG00000077235,0.7341,0.005725901230634042,0.009988266866183372,0.2612,0.157,0.194,0.107
PFKFB3,ENSG00000170525,0.6028,0.005731970508367455,0.009996545981236409,0.3194,0.2103,0.226,0.139
GPHN,ENSG00000171723,-1.1651,0.005754661093827957,0.010033802114901966,0.1466,0.3288,0.108,0.185
FLRT3,ENSG00000125848,0.2756,0.005764534956946605,0.010048699030856393,0.7492,0.6189,0.504,0.367
SYAP1,ENSG00000169895,0.2886,0.005787147286786432,0.010085789562092617,0.6112,0.5004,0.437,0.324
AVL9,ENSG00000105778,0.7077,0.005790939987214088,0.010090071864253331,0.2702,0.1654,0.197,0.111
NCBP2,ENSG00000114503,0.3882,0.005792399314793209,0.010090287485188539,0.4226,0.3229,0.318,0.221
CFI,ENSG00000205403,0.3446,0.005794734928612593,0.01009202913454775,0.4863,0.383,0.35,0.249
TCF7L2,ENSG00000148737,0.5151,0.005796779287212254,0.010093262852013962,0.3489,0.2441,0.245,0.157
REL,ENSG00000162924,0.275,0.005805255702125698,0.010105692817870887,0.6625,0.5475,0.458,0.333
PHKB,ENSG00000102893,0.3636,0.005826251116186268,0.010139904902738367,0.4275,0.3322,0.318,0.219
KLF13,ENSG00000169926,-0.4067,0.005848198198486807,0.010174097028843856,0.4412,0.5849,0.323,0.364
ZBTB17,ENSG00000116809,1.3637,0.005848590787064046,0.010174097028843856,0.1729,0.0671,0.132,0.048
LRP12,ENSG00000147650,1.7953,0.005873371814028268,0.010214853603817579,0.1571,0.0452,0.116,0.032
OAT,ENSG00000065154,0.388,0.005889549947783003,0.010240632878135925,0.4639,0.3545,0.332,0.242
WIZ,ENSG00000011451,1.2502,0.0059113154003660314,0.010273749217797416,0.1961,0.0824,0.143,0.06
CD164,ENSG00000135535,0.2673,0.005910423575248997,0.010273749217797416,0.8525,0.7083,0.571,0.438
SH3BP5,ENSG00000131370,0.7061,0.005914685612101313,0.010277242364173277,0.2738,0.1678,0.202,0.116
AGL,ENSG00000162688,0.5368,0.005930469304381087,0.010302298366198922,0.335,0.2309,0.243,0.154
PER1,ENSG00000179094,-0.5232,0.005939121722176646,0.010314957381849326,0.3429,0.4929,0.245,0.308
RBM4B,ENSG00000173914,1.4702,0.005958656223438258,0.010346506037250297,0.1618,0.0583,0.127,0.043
ELF4,ENSG00000102034,2.1914,0.005960652791744638,0.010347594632727653,0.1382,0.0302,0.105,0.021
FIP1L1,ENSG00000145216,0.6259,0.005974245450992566,0.010368808725533847,0.3159,0.2047,0.226,0.142
CNPY2,ENSG00000257727,-0.4384,0.005979650278400947,0.010375805662223049,0.3982,0.5397,0.296,0.341
CHMP4C,ENSG00000164695,0.5637,0.006013983285523375,0.010432983633095085,0.3014,0.2039,0.235,0.146
SAMD12,ENSG00000177570,0.5555,0.006025366206319424,0.010450330966194502,0.2507,0.1706,0.189,0.099
DENND6A,ENSG00000174839,1.4444,0.0060282906150283515,0.010451653959578398,0.1795,0.0659,0.129,0.046
OPA1,ENSG00000198836,0.8917,0.006028895824730994,0.010451653959578398,0.2446,0.1318,0.175,0.092
DENND5A,ENSG00000184014,1.0397,0.00606023956599362,0.010501172000248119,0.2084,0.1013,0.151,0.066
FAH,ENSG00000103876,-0.7884,0.006059327521387973,0.010501172000248119,0.1933,0.3339,0.151,0.224
ZNF189,ENSG00000136870,1.6792,0.00606561300415739,0.010508072975558148,0.1581,0.0493,0.119,0.035
HINT2,ENSG00000137133,-0.2495,0.006069366815818551,0.010509756198374779,0.6291,0.7478,0.445,0.456
AMFR,ENSG00000159461,1.0301,0.00606825059923044,0.010509756198374779,0.2049,0.1003,0.156,0.072
SUMO3,ENSG00000184900,0.2689,0.006075661678119928,0.010518245641199828,0.7313,0.6069,0.509,0.384
RALGAPB,ENSG00000170471,0.8485,0.006102633475344433,0.010562519107955828,0.2443,0.1356,0.178,0.093
FYTTD1,ENSG00000122068,0.4802,0.006127972644704026,0.010603947166912259,0.3645,0.2613,0.27,0.18
GFER,ENSG00000127554,0.5018,0.006135654339084745,0.010614808457015169,0.3424,0.2418,0.256,0.167
APBB1,ENSG00000166313,1.2742,0.006154742376005394,0.010645393463992847,0.1838,0.0759,0.137,0.054
ZBTB7B,ENSG00000160685,0.7348,0.006179451112340926,0.010685683944549254,0.2869,0.1723,0.205,0.122
MPRIP,ENSG00000133030,0.3373,0.006203421091216345,0.010724678797285924,0.4817,0.3812,0.348,0.248
RAB13,ENSG00000143545,0.2755,0.006207355177703771,0.010729025021174099,0.9096,0.7515,0.612,0.461
AMOTL2,ENSG00000114019,0.6404,0.006233293376577832,0.010771393289122947,0.2921,0.1874,0.216,0.13
PARP8,ENSG00000151883,0.7294,0.0062411979072568525,0.010782586368471422,0.2437,0.147,0.183,0.097
QRICH1,ENSG00000198218,0.7742,0.006260372576188545,0.010813240698011992,0.2552,0.1492,0.189,0.105
DCTN4,ENSG00000132912,0.4475,0.006268099068702994,0.010824111648925971,0.3706,0.2718,0.272,0.181
HBS1L,ENSG00000112339,0.5981,0.006285881640435498,0.010852339075294832,0.2916,0.1926,0.221,0.133
SIPA1L3,ENSG00000105738,0.6611,0.006289024451065446,0.010855284379209377,0.2804,0.1773,0.197,0.11
ELF2,ENSG00000109381,0.4262,0.0063299044963797185,0.0109233504956941,0.3806,0.2832,0.275,0.183
FBRSL1,ENSG00000112787,0.9225,0.006353658788819093,0.010961838810122916,0.218,0.115,0.164,0.08
MOSPD1,ENSG00000101928,1.1962,0.006384606183527015,0.011010203085265144,0.1844,0.0804,0.143,0.059
NDUFB6,ENSG00000165264,0.2704,0.006383331704997475,0.011010203085265144,0.9495,0.7872,0.631,0.475
RNF19B,ENSG00000116514,1.2279,0.006394172073311899,0.011024183024616933,0.2014,0.0859,0.143,0.06
RAI1,ENSG00000108557,0.8855,0.006416756045242182,0.011060595921014073,0.2324,0.1257,0.17,0.086
RBFA,ENSG00000101546,0.8658,0.006420384673552179,0.011064326233733284,0.2334,0.1281,0.175,0.092
TANC1,ENSG00000115183,0.3916,0.006426792639292853,0.011072843418439567,0.3704,0.2823,0.272,0.178
SPPL3,ENSG00000157837,0.4608,0.0064381274427951305,0.01108731543886875,0.3558,0.2585,0.261,0.172
SUCLG1,ENSG00000163541,-0.3533,0.006437378363758536,0.01108731543886875,0.4783,0.6111,0.35,0.387
RNASEH2C,ENSG00000172922,-0.3913,0.006452267623416613,0.011109134433662833,0.4361,0.572,0.315,0.363
C8orf76,ENSG00000189376,1.1958,0.006457201823024186,0.011115096781259451,0.189,0.0824,0.143,0.06
RNF220,ENSG00000187147,0.5435,0.00646246155188361,0.011121616634278058,0.3495,0.2397,0.248,0.164
AASDHPPT,ENSG00000149313,0.4771,0.006471702232014523,0.011134983002247717,0.3538,0.2541,0.264,0.175
FGD5-AS1,ENSG00000225733,0.4343,0.006510080922876815,0.011195916542757645,0.4057,0.3002,0.296,0.207
KIF13A,ENSG00000137177,0.3692,0.006510080922876815,0.011195916542757645,0.3955,0.3062,0.286,0.191
ZNF414,ENSG00000133250,1.1128,0.006518084168718447,0.01120712924321071,0.2025,0.0936,0.151,0.068
TMPRSS3,ENSG00000160183,2.1306,0.006532924350057724,0.011230089525525849,0.1367,0.0311,0.105,0.022
MICU1,ENSG00000107745,0.3464,0.006569776390914098,0.011287045137359179,0.4169,0.3279,0.307,0.211
MRPS18A,ENSG00000096080,0.4416,0.0065696674084651414,0.011287045137359179,0.3787,0.2788,0.283,0.193
RHOBTB1,ENSG00000072422,1.49,0.0065705393135811595,0.011287045137359179,0.168,0.0597,0.124,0.041
PPP4R3B,ENSG00000275052,0.3936,0.006572065397940972,0.011287100268571049,0.416,0.3166,0.305,0.212
TNFRSF10D,ENSG00000173530,1.6049,0.006670842259589667,0.011454139379818169,0.1497,0.0492,0.116,0.033
PDCD2,ENSG00000071994,0.3728,0.006680018563166508,0.011467289308048844,0.4278,0.3304,0.323,0.227
PLCG1,ENSG00000124181,1.3786,0.006703841297461316,0.01150448082688816,0.1709,0.0657,0.127,0.044
DEDD,ENSG00000158796,0.9796,0.006704729196662948,0.01150448082688816,0.2014,0.1021,0.156,0.072
STX6,ENSG00000135823,0.6956,0.006720951936746468,0.011529698429182462,0.2644,0.1632,0.199,0.114
RASSF6,ENSG00000169435,1.589,0.0067315267687464535,0.01154521787466049,0.155,0.0515,0.119,0.036
NCOA7,ENSG00000111912,0.243,0.006761998786726323,0.011594848123857778,1.0248,0.8659,0.644,0.485
UNG,ENSG00000076248,1.6133,0.006771399702131967,0.011608333276516227,0.1513,0.0494,0.119,0.036
MCFD2,ENSG00000180398,0.2786,0.0067830552038891405,0.011625676512110357,0.6947,0.5727,0.482,0.366
METAP1,ENSG00000164024,0.5458,0.006791696371019465,0.011637846696088016,0.3007,0.206,0.232,0.144
EFEMP1,ENSG00000115380,0.2711,0.006796975710550965,0.01164425203927722,0.7105,0.5887,0.477,0.367
LSM12,ENSG00000161654,0.3848,0.0068097962409743775,0.011663570755058132,0.448,0.3431,0.326,0.233
TNK1,ENSG00000174292,2.0732,0.00688262995924673,0.011785645816434508,0.1313,0.0311,0.105,0.023
POFUT2,ENSG00000186866,1.4176,0.006914970962029499,0.01183834253753294,0.1906,0.0713,0.132,0.051
KLC2,ENSG00000174996,0.8732,0.006957769119833467,0.011908913842397338,0.2172,0.1185,0.167,0.083
FARP2,ENSG00000006607,1.1698,0.006967529093497987,0.011922917848556577,0.1909,0.0848,0.14,0.057
TCP11L2,ENSG00000166046,1.3231,0.006970631892802469,0.011925526256821254,0.1836,0.0733,0.132,0.05
GSE1,ENSG00000131149,0.3874,0.006995729621520792,0.01196575442395055,0.4258,0.3255,0.307,0.216
DVL1,ENSG00000107404,0.7782,0.007007846910664696,0.011983767181999045,0.2397,0.1398,0.183,0.099
BAHD1,ENSG00000140320,1.0071,0.00701859510395123,0.011999431095349976,0.2176,0.1082,0.159,0.077
PIERCE2,ENSG00000261652,2.163,0.007048722407458448,0.01204548694601868,0.1316,0.0293,0.102,0.02
BMP2,ENSG00000125845,-0.5109,0.0070479097690108175,0.01204548694601868,0.3622,0.5162,0.253,0.308
PISD,ENSG00000241878,0.9003,0.007053251504942077,0.012050500931668338,0.2132,0.1142,0.162,0.078
SMPD2,ENSG00000135587,0.9967,0.007102309148272353,0.012131572601220355,0.1929,0.0966,0.154,0.07
SDHC,ENSG00000143252,0.2729,0.007122908450733115,0.012164008441520949,0.8511,0.7044,0.585,0.435
SH3BGRL2,ENSG00000198478,0.6172,0.0071339323101446825,0.012180081040258323,0.3085,0.2011,0.224,0.139
ZSCAN18,ENSG00000121413,0.7875,0.0071548492480694205,0.012213033454397755,0.2518,0.1459,0.186,0.103
NELFCD,ENSG00000101158,0.562,0.007167213691324157,0.012231375522465329,0.3228,0.2186,0.237,0.153
NUP160,ENSG00000030066,0.712,0.0071706320112864255,0.012233694450518534,0.2653,0.1619,0.197,0.113
TCEA2,ENSG00000171703,0.8135,0.007171811081581282,0.012233694450518534,0.2589,0.1473,0.186,0.105
SH3GLB2,ENSG00000148341,0.6036,0.0071734620723568265,0.01223374852294714,0.3067,0.2018,0.224,0.14
SAMD5,ENSG00000203727,-1.9333,0.007209870286700664,0.0122930647745483,0.0469,0.1795,0.038,0.118
SMYD3,ENSG00000185420,-1.0787,0.007218523781863477,0.012305042231944624,0.1754,0.3706,0.135,0.205
PDE5A,ENSG00000138735,1.767,0.0072497774119669916,0.012355530870158046,0.1453,0.0426,0.108,0.026
KCTD13,ENSG00000174943,1.2965,0.007270760156619184,0.012388496387744235,0.1628,0.0662,0.129,0.047
NAA20,ENSG00000173418,0.3013,0.007276253258349102,0.012395060511122316,0.5704,0.4629,0.404,0.305
CRYM,ENSG00000103316,-1.3299,0.00729119897921645,0.0124177205338098,0.0873,0.2195,0.065,0.144
WFDC2,ENSG00000101443,0.141,0.007334516994125931,0.012488680615420647,1.8385,1.6673,0.962,0.796
METTL2A,ENSG00000087995,1.0065,0.0073488468582392314,0.012509494099765135,0.2024,0.1007,0.156,0.074
TBC1D23,ENSG00000036054,0.7584,0.007350052191774643,0.012509494099765135,0.225,0.1329,0.178,0.093
EHMT2,ENSG00000204371,1.0414,0.007359097848057851,0.012522068522990329,0.219,0.1063,0.156,0.075
MED8,ENSG00000159479,0.3801,0.007371899407743785,0.012541026801509637,0.3924,0.3015,0.302,0.207
NIP7,ENSG00000132603,0.728,0.007379638319907925,0.012551365940320658,0.2212,0.1335,0.183,0.098
TANK,ENSG00000136560,-0.4775,0.007398774972989916,0.012581081458685308,0.3621,0.5042,0.267,0.325
NOPCHAP1,ENSG00000151131,0.6224,0.007425251787291888,0.012623262208143613,0.2867,0.1862,0.213,0.128
FHIP2A,ENSG00000151553,1.0666,0.007434623979640518,0.012633509708993278,0.1919,0.0916,0.146,0.063
CDK7,ENSG00000134058,0.7729,0.007434502194886026,0.012633509708993278,0.2411,0.1411,0.183,0.101
PHC1,ENSG00000111752,1.3151,0.007454254675004672,0.012664019354544703,0.1778,0.0714,0.132,0.051
PTPRN2,ENSG00000155093,1.2685,0.007458894782411407,0.012669053525431247,0.155,0.0643,0.121,0.038
ZNF84,ENSG00000198040,1.0589,0.007464026335807203,0.012674354308962976,0.2054,0.0986,0.151,0.069
DHX38,ENSG00000140829,0.9275,0.007465370837178721,0.012674354308962976,0.2121,0.1115,0.162,0.079
PKP4,ENSG00000144283,0.6029,0.007471362618722528,0.012681677057840643,0.2533,0.1667,0.194,0.108
GEMIN7,ENSG00000142252,0.6927,0.007476746668750761,0.012687965202698112,0.2495,0.1543,0.194,0.11
PDIA6,ENSG00000143870,0.2914,0.0074855644380444585,0.012700076202431144,1.154,0.9429,0.725,0.542
SYK,ENSG00000165025,0.9367,0.007487280086875313,0.012700134947539961,0.209,0.1091,0.159,0.076
CABIN1,ENSG00000099991,-0.614,0.007518099111495113,0.012749548549348054,0.2688,0.4114,0.194,0.263
WDR48,ENSG00000114742,1.0624,0.007532134123411214,0.012770483236618429,0.2033,0.0973,0.151,0.069
BMPR1A,ENSG00000107779,0.8539,0.007539283756538519,0.01277973721800505,0.2493,0.1379,0.173,0.09
DNAJC1,ENSG00000136770,0.2588,0.007555083794225996,0.012803646941538223,0.6337,0.5296,0.453,0.335
CSK,ENSG00000103653,1.1328,0.007568066921051478,0.012822773175273361,0.1872,0.0853,0.143,0.061
SIGIRR,ENSG00000185187,0.3388,0.007572027658607512,0.012826607390309362,0.4562,0.3607,0.34,0.242
PPP1R15B,ENSG00000158615,0.6182,0.007584292961439994,0.012844504219609762,0.3171,0.2066,0.226,0.144
EPB41L3,ENSG00000082397,1.7732,0.007592727929525592,0.012855907554362585,0.1537,0.0449,0.113,0.032
TMEM131,ENSG00000075568,0.5575,0.007596576072780057,0.012859541167343341,0.2983,0.2027,0.218,0.133
MRPS10,ENSG00000048544,0.5066,0.007609498747968272,0.012878531147155084,0.3386,0.2383,0.253,0.168
C1orf131,ENSG00000143633,0.9737,0.007623935746632991,0.01290007493075302,0.2317,0.118,0.164,0.084
NTMT1,ENSG00000148335,0.499,0.0076345301641210506,0.012915108685610062,0.3339,0.2363,0.253,0.167
SHROOM4,ENSG00000158352,0.7127,0.007658134471431887,0.012952139228042963,0.2436,0.1486,0.175,0.091
NOP14-AS1,ENSG00000249673,1.2411,0.007661887196473375,0.012955585892872951,0.183,0.0774,0.137,0.056
TRRAP,ENSG00000196367,0.8539,0.007673906995469922,0.01297300679140194,0.2202,0.1218,0.159,0.076
USP16,ENSG00000156256,-0.3332,0.007699630869370491,0.013013581927985247,0.5019,0.6323,0.367,0.398
STX10,ENSG00000104915,-0.3876,0.007702396066845092,0.013015343834715875,0.4416,0.5777,0.329,0.366
APOO,ENSG00000184831,0.7486,0.007721651388392474,0.013044963380882187,0.2403,0.143,0.186,0.103
FNBP1,ENSG00000187239,1.8055,0.0077271968473965206,0.01305141340981013,0.1451,0.0414,0.111,0.03
RHBDD3,ENSG00000100263,1.1223,0.007737793544141303,0.013066390305316842,0.1957,0.0898,0.146,0.064
PSMA2,ENSG00000106588,-0.5319,0.007747518620397551,0.013075538672708937,0.3084,0.4459,0.232,0.291
MINPP1,ENSG00000107789,1.0236,0.007748403261114217,0.013075538672708937,0.1963,0.0965,0.151,0.069
IQCE,ENSG00000106012,1.3049,0.007746128653555343,0.013075538672708937,0.1909,0.0772,0.135,0.054
YJU2B,ENSG00000104957,0.8433,0.007779042264045419,0.013124310921139604,0.2291,0.1277,0.17,0.087
MPDZ,ENSG00000107186,1.6473,0.00780063039739399,0.013157794742646035,0.1652,0.0527,0.116,0.035
TOR1B,ENSG00000136816,1.8932,0.007825331833415055,0.013196513839609542,0.15,0.0403,0.111,0.03
CBLB,ENSG00000114423,1.0357,0.007832092339927162,0.013204967111838809,0.1842,0.0898,0.14,0.057
POLR2H,ENSG00000163882,0.2875,0.007837581123315618,0.013211272955521975,0.6079,0.498,0.429,0.323
LSM6,ENSG00000164167,-0.5166,0.007840390670396718,0.013213060788500382,0.3237,0.4632,0.248,0.304
TPD52L1,ENSG00000111907,-0.722,0.007845884663136586,0.013219370791703147,0.2024,0.334,0.151,0.224
WASHC5,ENSG00000164961,0.8845,0.007863924052255148,0.01324681075023136,0.2294,0.1242,0.17,0.088
XRCC1,ENSG00000073050,0.9737,0.00788597984748365,0.013281002618755903,0.2084,0.106,0.156,0.075
ZNF600,ENSG00000189190,1.7543,0.007911695782339075,0.013321342018179567,0.1434,0.0424,0.111,0.03
KCTD5,ENSG00000167977,1.374,0.007946789984105689,0.013377450608270605,0.1673,0.0645,0.129,0.049
GPX7,ENSG00000116157,1.424,0.007953773778726041,0.013383242961753953,0.1674,0.0623,0.127,0.046
POGLUT1,ENSG00000163389,1.5577,0.007952868162052252,0.013383242961753953,0.1759,0.0597,0.124,0.044
SFPQ,ENSG00000116560,0.2521,0.008004896190538624,0.013466263798601493,0.9215,0.7738,0.606,0.46
ZNF579,ENSG00000218891,1.2629,0.008011535020723748,0.013474431674436313,0.1754,0.073,0.135,0.054
ECI2,ENSG00000198721,0.5768,0.008020915879827116,0.013487206648585322,0.3141,0.2106,0.232,0.148
SGTA,ENSG00000104969,0.5774,0.008022871462951442,0.013487493080239908,0.2799,0.1875,0.218,0.134
GUK1,ENSG00000143774,0.3055,0.00802678390997282,0.01349106839596099,1.4396,1.1649,0.86,0.644
MTA2,ENSG00000149480,1.3977,0.008047156185588893,0.013520831555654226,0.1609,0.061,0.124,0.043
FAM241B,ENSG00000171224,0.9831,0.008048071410427142,0.013520831555654226,0.185,0.0936,0.151,0.069
ZNF580,ENSG00000213015,0.2956,0.008058668649717991,0.01353562508862148,0.5106,0.416,0.38,0.272
CPPED1,ENSG00000103381,1.4673,0.008072817734673783,0.013556376524885626,0.1545,0.0558,0.121,0.04
STAM,ENSG00000136738,0.3539,0.008083050345450569,0.013570543413306454,0.4192,0.328,0.31,0.216
ENSG00000254531,ENSG00000254531,1.196,0.008085675961428377,0.013571935545121393,0.1816,0.0792,0.137,0.056
BOD1L1,ENSG00000038219,0.3836,0.008096054610404592,0.013586337756909525,0.4293,0.3291,0.307,0.216
STK19,ENSG00000204344,0.6365,0.008103024184033929,0.013595013926354949,0.2563,0.1649,0.202,0.117
BRPF3,ENSG00000096070,1.1702,0.0081370283096545,0.013649033943037242,0.1847,0.082,0.14,0.059
RSRC2,ENSG00000111011,0.258,0.008188539593003533,0.013732389927889388,0.7219,0.6036,0.491,0.378
NDUFS2,ENSG00000158864,0.3206,0.0082022276039911,0.013752292398613574,0.5596,0.4481,0.388,0.297
RTN3,ENSG00000133318,0.2803,0.008206085202482616,0.013755707500500591,0.6763,0.5568,0.469,0.361
ETFRF1,ENSG00000205707,-0.6542,0.008222997954625345,0.013781000343210843,0.2323,0.3656,0.178,0.246
PDP1,ENSG00000164951,1.1398,0.00824114382891208,0.013808348109875974,0.205,0.093,0.148,0.07
COPG1,ENSG00000181789,0.3473,0.00825103236445714,0.013821851333364455,0.4657,0.366,0.337,0.245
ERF,ENSG00000105722,0.8658,0.008255311775209353,0.013825954436201875,0.2422,0.1329,0.175,0.095
RSPH3,ENSG00000130363,0.8192,0.008270037400952604,0.013847547110859247,0.2243,0.1271,0.173,0.09
BLTP2,ENSG00000007202,0.6573,0.008297408966140484,0.013887223025961754,0.2669,0.1692,0.202,0.119
MFSD5,ENSG00000182544,0.8048,0.008297140224516563,0.013887223025961754,0.2432,0.1392,0.181,0.1
WIPI1,ENSG00000070540,0.613,0.008304936894136814,0.013888865551413726,0.2635,0.1723,0.208,0.123
UBQLN2,ENSG00000188021,0.547,0.008305205861683514,0.013888865551413726,0.2862,0.1958,0.224,0.138
SLC39A11,ENSG00000133195,0.9466,0.008305743820157143,0.013888865551413726,0.1821,0.0944,0.143,0.061
ATRN,ENSG00000088812,0.7807,0.00830278543430025,0.013888865551413726,0.2319,0.135,0.175,0.093
MPP3,ENSG00000161647,1.6315,0.008308299548665656,0.013890064857306712,0.15,0.0484,0.113,0.033
ASPHD1,ENSG00000174939,1.4019,0.008313547722087882,0.013895763946985386,0.1638,0.0619,0.124,0.043
RIPK1,ENSG00000137275,1.0318,0.008356451327009833,0.013964386148099821,0.1956,0.0956,0.148,0.067
CADPS2,ENSG00000081803,-0.7639,0.008360779620172969,0.013968529418488895,0.2461,0.418,0.186,0.25
SAR1B,ENSG00000152700,0.2985,0.0083971078764758,0.014023021663743298,0.5572,0.4531,0.396,0.296
DNMBP,ENSG00000107554,1.3212,0.008395885610329532,0.014023021663743298,0.1571,0.0628,0.124,0.043
KATNAL1,ENSG00000102781,1.5863,0.008407707518303375,0.014037242237623202,0.1483,0.0493,0.116,0.035
ABHD13,ENSG00000139826,0.6641,0.008409339294173741,0.014037242237623202,0.2572,0.1623,0.197,0.113
HES1,ENSG00000114315,0.4347,0.008433031895880023,0.014073681460873332,0.4249,0.3144,0.288,0.202
ECD,ENSG00000122882,0.7486,0.008441761422353665,0.014085138592288413,0.2369,0.141,0.181,0.098
UBA7,ENSG00000182179,1.1828,0.008462799973511338,0.014114007461341756,0.1822,0.0802,0.137,0.057
POLE4,ENSG00000115350,-0.32,0.008461569158939992,0.014114007461341756,0.5175,0.646,0.372,0.4
WAPL,ENSG00000062650,0.3635,0.008466767020761812,0.014117507137906753,0.4282,0.3328,0.313,0.221
ADGRE5,ENSG00000123146,0.2877,0.008484982030727497,0.014144757114330591,0.5902,0.4834,0.407,0.308
BAK1,ENSG00000030110,1.9403,0.008502133336263911,0.014167096902398289,0.1398,0.0363,0.108,0.028
SLC39A4,ENSG00000147804,0.3491,0.008501996002899668,0.014167096902398289,0.4863,0.3818,0.342,0.248
ZNF83,ENSG00000167766,1.1739,0.008518627748034732,0.014191451518501081,0.1959,0.0868,0.14,0.06
IKBKB,ENSG00000104365,0.6031,0.008535012956027859,0.01421561351031536,0.2659,0.175,0.202,0.118
AHCYL1,ENSG00000168710,-0.3122,0.008553773407924065,0.014243720100697885,0.5302,0.6583,0.383,0.408
PRELID2,ENSG00000186314,1.6063,0.008599170969074046,0.01431616057103447,0.1347,0.0442,0.111,0.03
SLC25A32,ENSG00000164933,0.8029,0.008618752492017578,0.014343596177113994,0.2438,0.1397,0.178,0.097
RPP25,ENSG00000178718,-1.405,0.00861944760345434,0.014343596177113994,0.0719,0.1904,0.057,0.135
ZNF160,ENSG00000170949,0.9686,0.008640602923341482,0.014375634240441509,0.2052,0.1048,0.154,0.073
SORT1,ENSG00000134243,0.2967,0.008650640053664047,0.014389164598289712,0.5598,0.4557,0.391,0.294
MRPS12,ENSG00000128626,0.3079,0.008657616413143443,0.014397598943715322,0.5739,0.4636,0.396,0.306
CFL1,ENSG00000172757,0.2936,0.008675219147124916,0.014423697327581149,1.8279,1.4913,0.968,0.755
SP3,ENSG00000172845,0.5803,0.008677176979669738,0.014423778235732645,0.2937,0.1964,0.218,0.136
SLC7A5,ENSG00000103257,1.3456,0.008694955365245739,0.014450151294419612,0.1769,0.0696,0.129,0.05
ELAC2,ENSG00000006744,0.8379,0.008709117313064093,0.014470503914712827,0.2223,0.1243,0.17,0.089
GSAP,ENSG00000186088,-0.8999,0.00872568906273003,0.014494850674785701,0.183,0.3415,0.143,0.211
HDAC3,ENSG00000171720,0.659,0.008734688911755627,0.014506611283427954,0.2893,0.1832,0.213,0.133
JOSD1,ENSG00000100221,0.4764,0.008737503065225959,0.014508095748963102,0.345,0.2479,0.259,0.173
FZD3,ENSG00000104290,1.2911,0.008746936383653283,0.01452056787046815,0.1685,0.0688,0.129,0.049
DAPK1,ENSG00000196730,0.2919,0.008763149118303684,0.01454428637714946,0.5211,0.4256,0.356,0.261
TNIK,ENSG00000154310,-0.679,0.008771053732393432,0.014554208422629557,0.2691,0.4309,0.197,0.261
DAP3,ENSG00000132676,0.3358,0.00878249846433845,0.014569999099270309,0.5099,0.404,0.361,0.273
BORCS7,ENSG00000166275,-0.4852,0.008798911687851565,0.014594023666678063,0.3352,0.4693,0.253,0.307
CCDC106,ENSG00000173581,0.9566,0.008803019273537549,0.014597631828704168,0.1901,0.0979,0.151,0.069
PREP,ENSG00000085377,0.9576,0.008825002673879688,0.014630874522967092,0.2097,0.1079,0.156,0.076
MAGI3,ENSG00000081026,-0.6855,0.008838358421312118,0.01464980207832669,0.2824,0.4542,0.205,0.269
RAB15,ENSG00000139998,1.4794,0.008888817793378053,0.014730208034431055,0.1473,0.0528,0.119,0.039
PRKAA1,ENSG00000132356,0.5556,0.008891533326647957,0.01473147681640906,0.3349,0.2279,0.24,0.159
DUS1L,ENSG00000169718,0.5008,0.00890497897510975,0.014750518780301288,0.3464,0.2448,0.253,0.17
ZNF219,ENSG00000165804,0.7151,0.008938816203530235,0.014803322318647725,0.2571,0.1566,0.191,0.11
SLC6A20,ENSG00000163817,-1.8034,0.0089590872697081,0.014833641096349924,0.0509,0.1778,0.043,0.12
ZNHIT6,ENSG00000117174,1.1201,0.008981851134599313,0.014868073032843517,0.1874,0.0861,0.14,0.06
TSC22D4,ENSG00000166925,0.5338,0.008984303486354043,0.014868874663615509,0.3208,0.2216,0.237,0.154
FAM120B,ENSG00000112584,0.7932,0.009025650442188579,0.014934031776332611,0.2095,0.1209,0.159,0.077
MED27,ENSG00000160563,0.7321,0.009035796173192988,0.014947545454012048,0.2326,0.14,0.175,0.094
DCTN5,ENSG00000166847,0.8374,0.009074151759432377,0.01500770940072496,0.2379,0.1331,0.175,0.096
IMP3,ENSG00000177971,0.2539,0.009083034871906632,0.0150191132539406,0.72,0.6038,0.501,0.383
MAGOH,ENSG00000162385,0.2551,0.009131372175409158,0.015091552189937942,0.6781,0.5682,0.477,0.364
ASXL1,ENSG00000171456,0.4064,0.00913283608370566,0.015091552189937942,0.3388,0.2556,0.256,0.167
TMEM107,ENSG00000179029,0.8863,0.009132396889220865,0.015091552189937942,0.2189,0.1184,0.162,0.081
JMJD4,ENSG00000081692,1.0643,0.009146313872839009,0.015110518545659023,0.1864,0.0891,0.146,0.066
SNX27,ENSG00000143376,-0.6338,0.009152472677197534,0.015117387642375902,0.2406,0.3733,0.183,0.251
FHIP2B,ENSG00000158863,1.0294,0.009168914257090986,0.015141234363349156,0.2023,0.0991,0.148,0.069
XPC,ENSG00000154767,0.4776,0.009223713153481984,0.015228398792516694,0.3286,0.236,0.245,0.16
SLC27A4,ENSG00000167114,1.3937,0.009248556708874825,0.015266079513993731,0.158,0.0601,0.124,0.045
DNAJC11,ENSG00000007923,1.0016,0.009298125502010028,0.015344547437240227,0.1944,0.097,0.148,0.068
GOSR1,ENSG00000108587,0.4181,0.00930794853592067,0.015357403622817355,0.3703,0.2771,0.275,0.19
BLZF1,ENSG00000117475,1.1044,0.009357801175063497,0.01543628556279579,0.2,0.093,0.146,0.067
AAGAB,ENSG00000103591,0.7141,0.00941721643676987,0.015530903772057708,0.2423,0.1477,0.183,0.102
NCOA5,ENSG00000124160,1.1078,0.00943558882177291,0.015557807409099593,0.1948,0.0903,0.14,0.061
RRS1,ENSG00000179041,0.7429,0.009448559052248246,0.015575793942774493,0.2457,0.1468,0.186,0.106
AGO2,ENSG00000123908,0.4528,0.009477270604123423,0.015616309577786796,0.3635,0.2655,0.259,0.174
SCGB1A1,ENSG00000149021,0.2476,0.009475454943545285,0.015616309577786796,0.7762,0.6538,0.477,0.346
CASP7,ENSG00000165806,0.8438,0.009482719447752072,0.015621880817219125,0.2216,0.1234,0.17,0.09
LRRC4,ENSG00000128594,1.9549,0.009498779493505593,0.015644926765518805,0.1317,0.0339,0.102,0.023
DEAF1,ENSG00000177030,0.9224,0.009513193537847976,0.015665252218492035,0.2054,0.1083,0.156,0.077
TET3,ENSG00000187605,1.0834,0.009519724199718652,0.015672590178442886,0.1763,0.0831,0.135,0.055
CLIP1,ENSG00000130779,0.2858,0.009598251518418945,0.01579842924219066,0.5291,0.434,0.377,0.279
RALGDS,ENSG00000160271,0.5957,0.009609735585714643,0.015813467525302854,0.3032,0.2006,0.213,0.132
TOM1,ENSG00000100284,0.3069,0.009611574172890894,0.015813467525302854,0.4691,0.3792,0.348,0.248
CNFN,ENSG00000105427,1.4313,0.009624759894719668,0.015829781378136246,0.1433,0.0531,0.116,0.036
ZFAND2A,ENSG00000178381,0.8336,0.009625680430331955,0.015829781378136246,0.2175,0.122,0.167,0.087
MORC3,ENSG00000159256,0.7538,0.009663182108868799,0.015887995828618884,0.2354,0.1396,0.178,0.097
MRPS17,ENSG00000239789,0.6942,0.009697415590967795,0.01594081261744162,0.2606,0.161,0.194,0.113
COX20,ENSG00000203667,0.2547,0.009703904342842571,0.015948008986333615,0.7445,0.624,0.515,0.39
FANK1,ENSG00000203780,1.7466,0.009772736790617268,0.016057639506984224,0.151,0.0449,0.108,0.029
FOXP2,ENSG00000128573,-1.7841,0.009783628370975786,0.01606854616146132,0.0656,0.2262,0.051,0.126
LGALS8,ENSG00000116977,0.5467,0.009782383071673577,0.01606854616146132,0.2853,0.1953,0.221,0.138
ATAD3C,ENSG00000215915,-1.117,0.00984450829072537,0.016157996988144723,0.0999,0.2168,0.078,0.154
DCUN1D4,ENSG00000109184,0.9082,0.009843256088489115,0.016157996988144723,0.1997,0.1064,0.154,0.074
CCNYL1,ENSG00000163249,-1.007,0.00984294306010632,0.016157996988144723,0.1323,0.2659,0.105,0.178
AP1G1,ENSG00000166747,0.4912,0.009855784499719035,0.01617299128917839,0.362,0.2575,0.251,0.17
CLIC2,ENSG00000155962,-0.588,0.009858605349543283,0.016174107147839196,0.2655,0.3991,0.197,0.263
TRAPPC1,ENSG00000170043,0.2806,0.00988056985996339,0.016203105120908057,1.2556,1.0336,0.779,0.588
SLC22A17,ENSG00000092096,1.8531,0.00987899952167322,0.016203105120908057,0.1401,0.0387,0.105,0.026
GPBP1,ENSG00000062194,0.2496,0.009901476518176801,0.016233866123009057,0.6499,0.5467,0.453,0.341
BCCIP,ENSG00000107949,0.3357,0.009906040343034616,0.016237824862578982,0.4572,0.3623,0.337,0.241
NAA10,ENSG00000102030,0.2826,0.009913598378205518,0.016246688882286916,0.5926,0.4872,0.415,0.317
CACYBP,ENSG00000116161,0.2913,0.009916276414008012,0.01624755330900684,0.5676,0.4638,0.404,0.304
U2SURP,ENSG00000163714,0.2527,0.00994198678491177,0.016286147042499654,0.6244,0.5241,0.45,0.333
ENOPH1,ENSG00000145293,0.5468,0.010025677662331848,0.016419682362652743,0.3306,0.2263,0.24,0.161
MRPS7,ENSG00000125445,0.2879,0.010037138536115348,0.016434889822356188,0.581,0.4759,0.418,0.315
ARHGEF18,ENSG00000104880,1.4778,0.010065203141817775,0.016477271882217398,0.1524,0.0547,0.111,0.031
NUDT9,ENSG00000170502,0.3891,0.010080220803062135,0.01649828166532375,0.3826,0.2922,0.286,0.197
PSPH,ENSG00000146733,1.5458,0.010104546903388942,0.016534514155318054,0.1584,0.0542,0.119,0.041
HECTD4,ENSG00000173064,0.6064,0.010114324041084973,0.016546929001818315,0.2363,0.1552,0.183,0.1
APEX2,ENSG00000169188,1.3789,0.010128925264246892,0.01656722891781452,0.1611,0.0619,0.124,0.046
ELOF1,ENSG00000130165,0.3075,0.010132939874258881,0.016567672495953513,0.4708,0.3804,0.356,0.257
ZNF513,ENSG00000163795,1.508,0.010133582343322461,0.016567672495953513,0.1618,0.0568,0.119,0.041
SKAP2,ENSG00000005020,0.9713,0.010155769748786906,0.01660035492256276,0.1966,0.1002,0.151,0.072
UBE2M,ENSG00000130725,0.4161,0.010160920827900205,0.016605182101402997,0.4365,0.3271,0.302,0.222
STOML2,ENSG00000165283,0.2735,0.010166557484044839,0.016610800560544713,0.6509,0.5385,0.461,0.348
REPIN1,ENSG00000214022,0.5231,0.010191068987601347,0.016647248908395283,0.323,0.2248,0.24,0.159
MAPKBP1,ENSG00000137802,1.6076,0.010227934894697623,0.016703858220804266,0.1475,0.0483,0.111,0.032
UNC119,ENSG00000109103,0.713,0.010234900966390474,0.01671162239055112,0.255,0.1555,0.189,0.109
MIER2,ENSG00000105556,1.4561,0.010240574142279081,0.01671727261126155,0.154,0.0561,0.119,0.04
NBR1,ENSG00000188554,0.5028,0.010244465937695341,0.016720012996173754,0.3183,0.2246,0.24,0.157
IFIT3,ENSG00000119917,1.5079,0.010258097591577309,0.01673864520612669,0.1739,0.0611,0.121,0.044
HILPDA,ENSG00000135245,1.8119,0.010264432060252973,0.016745364762515917,0.144,0.0409,0.108,0.03
PIGO,ENSG00000165282,1.2361,0.010271420253515132,0.016753147671698367,0.1669,0.0708,0.129,0.051
IRAK1,ENSG00000184216,0.5948,0.010275972981196079,0.016756955724786613,0.292,0.1933,0.218,0.138
TBC1D10B,ENSG00000169221,1.1398,0.010358557368998166,0.016887980345874222,0.1802,0.0817,0.137,0.059
CNTROB,ENSG00000170037,-1.0625,0.010374948116443832,0.016911053510190538,0.1097,0.2292,0.078,0.155
MICU2,ENSG00000165487,0.3842,0.01040681199723807,0.01695933232077947,0.3912,0.2997,0.288,0.201
ALG6,ENSG00000088035,1.4441,0.010419812424572442,0.01697685634411145,0.16,0.0587,0.119,0.041
SETD7,ENSG00000145391,0.6363,0.01044321661588687,0.017011319864817874,0.2778,0.1787,0.205,0.126
GCNT2,ENSG00000111846,-0.7152,0.010467824810520445,0.017047729347592577,0.2064,0.3389,0.148,0.22
LETMD1,ENSG00000050426,-0.6416,0.01051321215608369,0.017117956430864716,0.244,0.3807,0.186,0.249
MAP2K7,ENSG00000076984,0.6161,0.010532147454837201,0.017145092441563252,0.2902,0.1893,0.213,0.134
HBP1,ENSG00000105856,0.3509,0.010546452047282745,0.01716468014158146,0.4369,0.3426,0.321,0.23
TRIM5,ENSG00000132256,0.7097,0.01058663028490323,0.0172263605002033,0.2436,0.1489,0.183,0.103
CMTM8,ENSG00000170293,0.2469,0.010604512353146588,0.017251742211029816,0.7666,0.646,0.526,0.398
SKIC8,ENSG00000140395,0.3297,0.010667563520643627,0.01735057963368409,0.4618,0.3674,0.34,0.248
BTBD6,ENSG00000184887,0.747,0.010682031557091897,0.017370372021917626,0.2282,0.1359,0.178,0.098
RDH14,ENSG00000240857,0.5442,0.010689103681724793,0.01737813176574797,0.3143,0.2155,0.232,0.152
BLCAP,ENSG00000166619,0.4459,0.010758360083994539,0.017486964379212294,0.3537,0.2596,0.261,0.179
ANKRD54,ENSG00000100124,0.9928,0.010769037207027718,0.01750055411897062,0.2033,0.1021,0.151,0.074
SETD4,ENSG00000185917,1.2026,0.010778705577552191,0.01751249906202297,0.1792,0.0778,0.132,0.054
C2CD3,ENSG00000168014,1.5237,0.010816094503969845,0.017569467636528096,0.1338,0.0465,0.111,0.032
GPRIN2,ENSG00000204175,1.2882,0.01085189143415135,0.017623826265050182,0.1706,0.0698,0.129,0.052
NFKBIL1,ENSG00000204498,0.6303,0.010883000579216423,0.017670550048566536,0.2826,0.1825,0.208,0.129
SLC35B3,ENSG00000124786,0.8761,0.010895158039816794,0.01768648882484226,0.2142,0.1167,0.162,0.083
SDK1,ENSG00000146555,1.2314,0.010898413491327107,0.017687972916643674,0.1501,0.0639,0.111,0.031
FKBP1B,ENSG00000119782,0.7736,0.010925862130515059,0.017728713143479652,0.2293,0.1341,0.175,0.096
SNX14,ENSG00000135317,0.3799,0.010929297526590068,0.01773047945316469,0.3647,0.2802,0.272,0.185
ATP5MC1,ENSG00000159199,-0.1324,0.010934452420597084,0.017735033928211887,0.8031,0.8803,0.55,0.516
HNRNPUL1,ENSG00000105323,0.2663,0.010947177064982735,0.017751861499451505,0.6531,0.543,0.453,0.348
FAM120A,ENSG00000048828,0.2546,0.011074106126179237,0.017953835146627496,0.678,0.5682,0.464,0.359
PLA2G12A,ENSG00000123739,-0.538,0.011085583181652052,0.017964732075800356,0.2886,0.4191,0.218,0.28
FOXK1,ENSG00000164916,0.9513,0.011083669605583536,0.017964732075800356,0.2015,0.1042,0.151,0.072
SPINDOC,ENSG00000168005,1.9064,0.011104038142586635,0.017990780220296383,0.1485,0.0395,0.105,0.028
KCTD20,ENSG00000112078,0.789,0.011115717143075474,0.01800584112691578,0.2327,0.1346,0.173,0.094
GIT1,ENSG00000108262,1.4103,0.011125312536024298,0.018017521159627774,0.1727,0.0649,0.124,0.047
HDAC5,ENSG00000108840,0.6973,0.011231172455519847,0.01818506384514626,0.2487,0.1534,0.186,0.107
CHD7,ENSG00000171316,0.791,0.011249313733964716,0.018210534660403562,0.2246,0.1298,0.167,0.088
CLCN3,ENSG00000109572,0.411,0.01128373015060371,0.018262335323010075,0.355,0.267,0.267,0.181
GRK2,ENSG00000173020,0.8862,0.011302300766222434,0.018288473396618227,0.2197,0.1188,0.162,0.084
RTF1,ENSG00000137815,0.2604,0.011331892795418888,0.018332430421710857,0.6198,0.5174,0.442,0.334
PPP6R3,ENSG00000110075,0.367,0.011380059796143675,0.01840641227999689,0.3829,0.2969,0.275,0.189
MAGOHB,ENSG00000111196,0.437,0.011390213967077917,0.01841889266294385,0.3376,0.2494,0.259,0.173
SRD5A1,ENSG00000145545,1.8819,0.011413045631571651,0.018451863844751514,0.1437,0.0389,0.105,0.028
MVB12A,ENSG00000141971,0.3822,0.011415545307924118,0.0184519565257524,0.4206,0.3227,0.305,0.22
PPIP5K2,ENSG00000145725,0.6791,0.011423047253105351,0.01846013304753175,0.2595,0.162,0.191,0.113
IFI27L1,ENSG00000165948,0.5154,0.011441105563203454,0.018485361961078292,0.3093,0.2164,0.232,0.15
PPIL2,ENSG00000100023,0.8027,0.011461339445499626,0.018514094400416865,0.2331,0.1336,0.17,0.092
TMEM192,ENSG00000170088,-0.9699,0.011467971598014434,0.018520847674860848,0.1234,0.2418,0.097,0.17
PPP2R3C,ENSG00000092020,0.5924,0.011474607156529882,0.01852760356221057,0.2724,0.1807,0.202,0.121
ILKAP,ENSG00000132323,0.471,0.011484656645915792,0.018539867726473036,0.3166,0.2284,0.24,0.157
HSPB8,ENSG00000152137,0.4768,0.011501542993408402,0.018563161144029155,0.3577,0.257,0.253,0.173
ZNF140,ENSG00000196387,1.2383,0.01151377238128661,0.01857873662970311,0.184,0.0779,0.132,0.056
ALG2,ENSG00000119523,0.3916,0.011516111666035694,0.01857873662970311,0.3964,0.3021,0.291,0.206
TOMM70,ENSG00000154174,0.6527,0.01156136062253564,0.01864775395031101,0.2745,0.1746,0.202,0.125
BDH1,ENSG00000161267,-1.7795,0.011575996509789405,0.0186673753749112,0.0461,0.1584,0.038,0.113
SLC22A3,ENSG00000146477,-0.5298,0.011583953757338963,0.01867223610767994,0.3275,0.4729,0.232,0.293
CCDC50,ENSG00000152492,0.3216,0.01158323017069516,0.01867223610767994,0.4508,0.3607,0.329,0.237
ALG14,ENSG00000172339,0.7287,0.01173076023924007,0.01890484078657396,0.2226,0.1343,0.173,0.093
ALAD,ENSG00000148218,1.1031,0.011740825447540583,0.01891702628623781,0.1824,0.0849,0.14,0.063
DNAJC5,ENSG00000101152,0.5127,0.011770333103487575,0.018960525926833397,0.3259,0.2284,0.237,0.157
CCT8,ENSG00000156261,0.2533,0.01178318302229216,0.01897717922264278,0.743,0.6233,0.52,0.394
PPP3CC,ENSG00000120910,0.679,0.011791266481074088,0.018986150525258896,0.2308,0.1442,0.178,0.098
DHRS3,ENSG00000162496,0.3239,0.01183396974165201,0.01905085050035818,0.4916,0.3927,0.345,0.255
FRMD8,ENSG00000126391,1.4149,0.011847619429706533,0.01906876114005813,0.1641,0.0615,0.121,0.045
FKBP9,ENSG00000122642,0.7499,0.011872371967443906,0.019104530397026347,0.2367,0.1407,0.178,0.1
COP1,ENSG00000143207,0.5979,0.011906805967836297,0.019155860112223855,0.2616,0.1728,0.191,0.112
DAZAP1,ENSG00000071626,0.3265,0.011929996821738871,0.019189083667923604,0.4912,0.3917,0.35,0.263
CDS1,ENSG00000163624,-0.4656,0.011937612139178514,0.019197245575030584,0.3456,0.4773,0.248,0.307
NOXA1,ENSG00000188747,1.3399,0.011950251923912207,0.019213482290946313,0.1421,0.0561,0.116,0.038
AIDA,ENSG00000186063,-0.4545,0.011970351264788178,0.01924170293733504,0.3538,0.4849,0.264,0.316
ABRAXAS2,ENSG00000165660,1.0214,0.011989921017794433,0.019269060474247382,0.1926,0.0948,0.146,0.069
ZNF282,ENSG00000170265,1.3137,0.01199607736663956,0.019274854212029322,0.1553,0.0624,0.121,0.044
HES6,ENSG00000144485,1.3155,0.01204468002826229,0.01934883215256679,0.1488,0.0597,0.121,0.044
COMMD9,ENSG00000110442,0.5486,0.012087068674239228,0.019412798434072568,0.2946,0.2014,0.224,0.144
ACBD3,ENSG00000182827,0.3473,0.012093833042238765,0.01941953424742059,0.4307,0.3386,0.31,0.224
ATP6V1H,ENSG00000047249,0.4143,0.012110005948778374,0.019441371641100852,0.3794,0.2847,0.278,0.195
ODC1,ENSG00000115758,0.2623,0.012115652168229058,0.019446303830671453,0.6893,0.5747,0.458,0.357
CSF3,ENSG00000108342,-2.2636,0.012146936774403328,0.019492376238448843,0.0424,0.2042,0.027,0.102
MTA1,ENSG00000182979,0.576,0.012157506754649001,0.019505195058690424,0.2995,0.2009,0.218,0.141
ZNHIT2,ENSG00000174276,0.9536,0.012170730691550608,0.019522265472327993,0.1931,0.0996,0.148,0.071
ATP10D,ENSG00000145246,1.2401,0.012228498151483013,0.01960660091987567,0.1607,0.068,0.124,0.047
FUT3,ENSG00000171124,0.6154,0.012226410519404853,0.01960660091987567,0.2516,0.1642,0.197,0.117
PTS,ENSG00000150787,0.3411,0.012260611496292931,0.019653918916718246,0.4583,0.3618,0.332,0.244
TBC1D24,ENSG00000162065,-1.3957,0.012269746060240115,0.019664389368925343,0.0697,0.1837,0.051,0.127
ZNF48,ENSG00000180035,1.9664,0.012323724595537166,0.019746710354036752,0.1363,0.0348,0.102,0.027
IGFBP6,ENSG00000167779,0.9376,0.012347059311534812,0.019779905237202185,0.2319,0.121,0.156,0.08
HEXA,ENSG00000213614,0.3043,0.012355676254375069,0.019789513271529287,0.5082,0.4115,0.367,0.272
ALG5,ENSG00000120697,0.2589,0.012362190365813278,0.0197957499393216,0.5957,0.4978,0.431,0.324
MYDGF,ENSG00000074842,0.2849,0.012405951883373022,0.019861616121823095,1.1975,0.9829,0.752,0.56
CHTF8,ENSG00000168802,0.4176,0.012461039680828076,0.01994558364166443,0.3407,0.2551,0.259,0.174
HIP1R,ENSG00000130787,0.6504,0.012469533926072482,0.019954952088853548,0.2608,0.1661,0.191,0.113
DIP2A,ENSG00000160305,0.7499,0.012476487576607189,0.019958243278309334,0.2076,0.1234,0.162,0.083
NBAS,ENSG00000151779,0.6244,0.012476873991191923,0.019958243278309334,0.2515,0.1631,0.186,0.106
UFM1,ENSG00000120686,0.2415,0.012579258911223759,0.020117760599977882,0.7629,0.6453,0.528,0.404
ARMCX6,ENSG00000198960,0.5348,0.012590550958322325,0.020131558198968287,0.3234,0.2232,0.235,0.158
UBE2V2,ENSG00000169139,0.3112,0.012611211337507236,0.02016032620712382,0.458,0.3691,0.345,0.252
KDF1,ENSG00000175707,0.7595,0.01261433249100612,0.02016104970796514,0.228,0.1346,0.175,0.098
TUFM,ENSG00000178952,0.2767,0.012623309616860971,0.020171130320512827,1.0597,0.8748,0.698,0.519
ALDH18A1,ENSG00000059573,1.0205,0.01264479959344327,0.020201197066708372,0.1848,0.091,0.143,0.066
CDIPT,ENSG00000103502,0.361,0.012684739468833887,0.020260720229818185,0.4294,0.3343,0.313,0.228
HEATR1,ENSG00000119285,1.1759,0.012706321981974694,0.020290903101631542,0.1786,0.079,0.132,0.056
JAG1,ENSG00000101384,0.9779,0.012727543700891217,0.020320497180945297,0.2164,0.1098,0.154,0.079
C1QBP,ENSG00000108561,-0.1396,0.012750569291160176,0.020352958164951432,0.7612,0.8386,0.523,0.5
VPS45,ENSG00000136631,0.7825,0.012755100022743385,0.020355889453279735,0.2088,0.1214,0.159,0.081
ERICH1,ENSG00000104714,0.3752,0.012784090975822232,0.020397847375361555,0.3948,0.3044,0.286,0.201
CNOT3,ENSG00000088038,0.7763,0.012787052512554357,0.020398264723891082,0.2317,0.1352,0.173,0.096
KAT8,ENSG00000103510,0.4657,0.012837293467323199,0.020474087427829166,0.3109,0.2251,0.237,0.155
NAALADL2,ENSG00000177694,0.5966,0.012885919645937898,0.020547303276711865,0.2066,0.1366,0.151,0.07
PCGF2,ENSG00000277258,0.6336,0.012893476245849182,0.020555014356908752,0.2747,0.177,0.199,0.122
ZNF358,ENSG00000198816,0.5933,0.012987864678421574,0.020701121866133966,0.2808,0.1861,0.208,0.13
POLR2K,ENSG00000147669,0.2413,0.01299166891634564,0.020702817688882366,0.8726,0.7382,0.588,0.453
ATF2,ENSG00000115966,0.7292,0.013007497108420201,0.020723669475772803,0.2577,0.1554,0.183,0.108
CCDC43,ENSG00000180329,0.5844,0.013037195840247965,0.020766606488103176,0.2838,0.1892,0.213,0.135
POLR2I,ENSG00000105258,0.2429,0.013071383245001513,0.020816673780772857,0.906,0.7656,0.604,0.464
PATJ,ENSG00000132849,0.2262,0.013133524777008033,0.020911228596479595,0.4635,0.3962,0.337,0.24
UPF1,ENSG00000005007,0.6677,0.013146672395453494,0.02092775177995178,0.2556,0.1608,0.189,0.112
ARL2BP,ENSG00000102931,0.3077,0.013168746064103272,0.020958474091910727,0.4971,0.4016,0.361,0.27
FAAP100,ENSG00000185504,1.1833,0.013195927404374084,0.020995150417813777,0.1658,0.073,0.129,0.054
RWDD4,ENSG00000182552,0.4259,0.013197348687517886,0.020995150417813777,0.3962,0.2949,0.28,0.202
ERAP1,ENSG00000164307,0.8899,0.01320892703233879,0.0210091460482778,0.1962,0.1058,0.148,0.071
KIF5B,ENSG00000170759,0.2626,0.013211975457508652,0.021009571581030912,0.9826,0.8191,0.652,0.492
ALCAM,ENSG00000170017,-0.1773,0.01322071772399242,0.021019049327601583,0.8117,0.9178,0.534,0.514
ASMTL,ENSG00000169093,0.6951,0.013243919653650241,0.02105150704467233,0.2226,0.1375,0.175,0.097
MAP3K20,ENSG00000091436,-0.6433,0.013306581143762958,0.02114665976885342,0.2537,0.3964,0.194,0.253
ARHGEF12,ENSG00000196914,0.2425,0.013347748898075724,0.021207622066238087,0.5687,0.4807,0.396,0.299
NAT14,ENSG00000090971,0.9906,0.013353492633966015,0.021207827801053864,0.1963,0.0987,0.148,0.073
SLC48A1,ENSG00000211584,-1.2945,0.013353082294679875,0.021207827801053864,0.0777,0.1908,0.062,0.135
PRKCE,ENSG00000171132,0.5398,0.01336252291849521,0.02121770925793008,0.2588,0.178,0.181,0.101
RPS19BP1,ENSG00000187051,-0.1386,0.013388000948091497,0.02125369765976702,0.7769,0.8552,0.542,0.51
RBBP6,ENSG00000122257,0.2749,0.013407755351159057,0.021280586486976193,0.5518,0.456,0.394,0.294
COMMD7,ENSG00000149600,-0.8508,0.013450644953021491,0.021344176143683544,0.1458,0.2631,0.113,0.184
KRT10-AS1,ENSG00000167920,0.5718,0.01345456878992466,0.021345919195271065,0.269,0.1809,0.205,0.126
NUBP2,ENSG00000095906,0.3313,0.013485375018095004,0.021390301965506564,0.4414,0.3508,0.329,0.239
CSPP1,ENSG00000104218,0.8746,0.013553409779142588,0.021493705054874527,0.2017,0.11,0.148,0.072
CYB5R4,ENSG00000065615,0.7329,0.013565055728613211,0.021507659187759248,0.216,0.1299,0.17,0.092
RCOR1,ENSG00000089902,-0.6491,0.013629684447409576,0.021605595048296126,0.2476,0.3883,0.189,0.249
MAST4,ENSG00000069020,0.1672,0.013644315618281805,0.021624250995619685,0.8218,0.7319,0.555,0.421
ZNF302,ENSG00000089335,0.6975,0.013669848822783522,0.02166017362754394,0.2769,0.1707,0.194,0.119
RALGAPA1,ENSG00000174373,0.3569,0.013714528465595874,0.021726412782045887,0.3743,0.2923,0.27,0.185
ARRDC2,ENSG00000105643,1.4011,0.013740598506361718,0.021763149206616938,0.1589,0.0601,0.119,0.044
APBB1IP,ENSG00000077420,-1.9706,0.013760390433820262,0.021789928679000644,0.038,0.1494,0.027,0.101
MOK,ENSG00000080823,1.3633,0.013780418488969291,0.021817070763655282,0.1558,0.0605,0.116,0.041
POMT2,ENSG00000009830,1.4732,0.013838751369051364,0.021904832724320773,0.152,0.0547,0.113,0.038
DDX39B,ENSG00000198563,0.6913,0.0138663024550747,0.021943844794321193,0.2492,0.1543,0.181,0.104
HOXD1,ENSG00000128645,-2.0736,0.013887740947146954,0.02197316918443879,0.0342,0.1445,0.027,0.101
ACP5,ENSG00000102575,-0.5118,0.013920911373897905,0.02202103966285567,0.3149,0.4491,0.232,0.285
ABCB8,ENSG00000197150,0.6929,0.013960978912018267,0.022079798132781662,0.2315,0.1432,0.178,0.101
MIR23AHG,ENSG00000267519,0.7148,0.01400050641860358,0.022137678106435757,0.2582,0.1573,0.175,0.1
AKR7A2,ENSG00000053371,0.2901,0.014033914458034482,0.022185859746903226,0.5086,0.4159,0.372,0.278
BMP3,ENSG00000152785,-1.2492,0.014052791042517334,0.022211053624731893,0.0829,0.1972,0.062,0.135
CRYBG1,ENSG00000112297,0.6229,0.014057943089577328,0.022214549266211404,0.2746,0.1783,0.197,0.121
SUCLA2,ENSG00000136143,0.4829,0.014098358500154291,0.022273755430503066,0.2955,0.2114,0.224,0.142
FASTKD2,ENSG00000118246,0.8337,0.014196163929721924,0.022423587390560138,0.2029,0.1138,0.156,0.08
SLC41A3,ENSG00000114544,0.7539,0.014261917133940401,0.022522739119339406,0.2172,0.1288,0.17,0.093
TBPL1,ENSG00000028839,0.7137,0.014283241274478177,0.022551700695649452,0.2443,0.1489,0.181,0.105
MTMR9,ENSG00000104643,1.0122,0.014291081693236198,0.02255936527212693,0.1926,0.0954,0.143,0.068
CRAT,ENSG00000095321,1.0415,0.014312008040857976,0.022587679287378735,0.1747,0.0848,0.137,0.062
RYBP,ENSG00000163602,-0.6663,0.014339077909508394,0.022625675356377595,0.2089,0.3316,0.148,0.217
UBE2F,ENSG00000184182,0.6221,0.014373416639721017,0.02267512272146425,0.2682,0.1742,0.199,0.123
MAPKAP1,ENSG00000119487,0.4098,0.014448689349299626,0.02278911232441726,0.3417,0.2572,0.256,0.174
NPHP1,ENSG00000144061,1.1557,0.014485463832945656,0.02284234591064588,0.1755,0.0787,0.129,0.055
AIFM2,ENSG00000042286,0.9271,0.014556824788455942,0.02295008582570631,0.1826,0.096,0.146,0.07
OGFRL1,ENSG00000119900,0.9668,0.014606051192981974,0.0230228910417231,0.1964,0.1004,0.148,0.074
RUFY1,ENSG00000176783,0.6756,0.01464518176599761,0.02307975557824613,0.2901,0.1816,0.199,0.127
ERP44,ENSG00000023318,0.2635,0.014660325128865545,0.023098802158202127,0.5967,0.4971,0.426,0.321
MOB3A,ENSG00000172081,1.2393,0.014671022870267418,0.02311083773662851,0.1796,0.076,0.129,0.056
MCEE,ENSG00000124370,-0.9661,0.014678158520102912,0.023117258207083075,0.1261,0.2465,0.1,0.169
OSTF1,ENSG00000134996,0.3178,0.014685520362954771,0.023124032168012357,0.418,0.3353,0.318,0.228
BCKDK,ENSG00000103507,0.5902,0.014708519172730415,0.023155420368822316,0.2653,0.1762,0.205,0.128
SIL1,ENSG00000120725,0.2519,0.014730431002044573,0.023185084629259736,0.5495,0.4614,0.391,0.295
HELZ2,ENSG00000130589,1.5519,0.014760662777747374,0.023227829053505813,0.1588,0.0541,0.113,0.04
PCGF1,ENSG00000115289,0.4749,0.014770752180908803,0.023238865624066227,0.3036,0.2184,0.229,0.149
PEX26,ENSG00000215193,0.8675,0.014786683377016257,0.023254244986127773,0.2218,0.1215,0.162,0.088
HYCC1,ENSG00000122591,1.1215,0.014783989717564528,0.023254244986127773,0.187,0.0859,0.135,0.061
ACYP1,ENSG00000119640,0.9247,0.01481611730445886,0.02329306233847871,0.2037,0.1073,0.151,0.076
ACSS3,ENSG00000111058,-0.9676,0.014820615573933443,0.02329306233847871,0.1459,0.2854,0.113,0.181
STXBP2,ENSG00000076944,0.2716,0.014819265966742403,0.02329306233847871,0.599,0.4962,0.418,0.321
CD274,ENSG00000120217,1.7263,0.014846954571390403,0.02332960519693313,0.1341,0.0405,0.102,0.028
REPS1,ENSG00000135597,0.8276,0.014885072607275122,0.023379776205397825,0.2064,0.1163,0.154,0.078
TP53,ENSG00000141510,0.8092,0.014883266260780218,0.023379776205397825,0.2297,0.131,0.167,0.093
TNIP3,ENSG00000050730,1.5093,0.014949323181370967,0.023473781573836873,0.1488,0.0522,0.105,0.03
IDUA,ENSG00000127415,0.9549,0.014951136589451096,0.023473781573836873,0.1745,0.09,0.137,0.062
LSM4,ENSG00000130520,0.2471,0.014959299324218332,0.02347683971634181,0.7553,0.6364,0.515,0.4
BDP1,ENSG00000145734,0.2808,0.014958392159849307,0.02347683971634181,0.5426,0.4466,0.375,0.286
GNAS,ENSG00000087460,0.1501,0.015054821717369625,0.023621843836911217,1.5642,1.4095,0.903,0.719
PLEKHA3,ENSG00000116095,0.6016,0.015067142063877137,0.02363626625676739,0.2841,0.1872,0.208,0.134
MAP1LC3B,ENSG00000140941,0.2457,0.015092723688995145,0.023671481725214515,0.9912,0.836,0.647,0.499
ARF4,ENSG00000168374,0.2815,0.015100497104763232,0.023678757913342927,1.2845,1.0567,0.79,0.596
BTN2A1,ENSG00000112763,1.5085,0.0151520277613901,0.023754631611807887,0.1555,0.0546,0.113,0.04
C11orf58,ENSG00000110696,0.2769,0.015173372291617394,0.023783159266217723,1.2206,1.0074,0.776,0.583
OBSL1,ENSG00000124006,0.6017,0.015217982683366197,0.023848135070075008,0.278,0.1831,0.202,0.126
MARF1,ENSG00000166783,0.6485,0.015270558977351908,0.023925564718766834,0.2389,0.1524,0.181,0.104
GAK,ENSG00000178950,0.3772,0.01535738101963002,0.024056606594091808,0.3373,0.2597,0.259,0.175
ATP5PB,ENSG00000116459,0.2799,0.015365970968091218,0.024065072691527602,1.0511,0.8657,0.695,0.515
DNPH1,ENSG00000112667,0.2421,0.015371545087733186,0.024068813085559426,0.6959,0.5883,0.482,0.369
NME5,ENSG00000112981,1.3931,0.015390603428562896,0.024093661189969473,0.1569,0.0597,0.116,0.042
WASHC1,ENSG00000181404,0.5948,0.015448369923668366,0.024179083234579346,0.3007,0.1991,0.208,0.133
BICDL2,ENSG00000162069,0.5511,0.015452570071343853,0.024180647657208534,0.2856,0.1949,0.21,0.133
PEX10,ENSG00000157911,1.0277,0.015526001173333427,0.02429052368286064,0.1929,0.0946,0.143,0.07
MAP9,ENSG00000164114,0.4703,0.01554569714950919,0.024306604807547757,0.3383,0.2441,0.245,0.167
CREB3L4,ENSG00000143578,1.4314,0.015545931757785672,0.024306604807547757,0.1462,0.0541,0.113,0.039
BRD7,ENSG00000166164,0.3039,0.015542412960753474,0.024306604807547757,0.4734,0.3835,0.34,0.253
NUDT21,ENSG00000167005,0.3349,0.01563743104513704,0.024444608223879647,0.4196,0.3327,0.315,0.227
PPP2R1B,ENSG00000137713,1.1511,0.01570737228435003,0.02454886173112629,0.1643,0.0739,0.127,0.053
TMEM181,ENSG00000146433,0.4564,0.01572513751987085,0.02457154373580647,0.2971,0.2165,0.226,0.146
NTN4,ENSG00000074527,-0.3963,0.015756922076904933,0.02461611792618213,0.4598,0.6051,0.329,0.362
COPS9,ENSG00000172428,0.2615,0.01577236030285809,0.02463514204839629,1.1181,0.9327,0.72,0.543
NEIL1,ENSG00000140398,0.966,0.01581018066794352,0.024689110158394645,0.2021,0.1034,0.146,0.072
MRPS18C,ENSG00000163319,0.2557,0.01585189903944001,0.024749141815038078,0.5818,0.4873,0.415,0.317
CD55,ENSG00000196352,0.285,0.01588271339269225,0.024792128033427674,1.5108,1.24,0.873,0.659
PIGQ,ENSG00000007541,0.5031,0.015999518849285778,0.024969296613582742,0.3075,0.217,0.226,0.149
UBE3C,ENSG00000009335,0.4576,0.0160036098535282,0.02497052301598628,0.2942,0.2142,0.221,0.142
ESRP2,ENSG00000103067,0.6305,0.016026970241587023,0.025001808832374555,0.2404,0.1552,0.186,0.11
ACSM3,ENSG00000005187,-1.2569,0.016039505674863994,0.025016198466886345,0.0809,0.1935,0.062,0.133
MAP2K2,ENSG00000126934,0.2902,0.01605494573230055,0.025035111456662675,0.5602,0.4581,0.385,0.3
ARMC8,ENSG00000114098,0.5189,0.01606967419709372,0.025052907255270953,0.2695,0.188,0.205,0.127
RTN2,ENSG00000125744,1.1587,0.016098440966116113,0.025092577160925774,0.1573,0.0704,0.121,0.047
MIB1,ENSG00000101752,0.623,0.01612168074967057,0.025123617587409483,0.2443,0.1586,0.186,0.11
IFFO2,ENSG00000169991,1.0111,0.016138887470946613,0.025145245379047568,0.194,0.0962,0.14,0.067
ZNF618,ENSG00000157657,1.0159,0.016226625084083613,0.025276732476340557,0.1701,0.0841,0.132,0.058
INTS1,ENSG00000164880,0.635,0.016277611899463317,0.025350929272406793,0.2685,0.1728,0.194,0.12
SNAP47,ENSG00000143740,0.8228,0.016316250344176005,0.025401776199365015,0.2045,0.1156,0.156,0.082
TRIM56,ENSG00000169871,0.4376,0.016316984764463062,0.025401776199365015,0.3629,0.2679,0.261,0.183
XPO1,ENSG00000082898,0.3477,0.016357667983335888,0.02545986436219667,0.3835,0.3014,0.283,0.2
FAM210A,ENSG00000177150,1.0284,0.016388115980931393,0.025502001284435978,0.1712,0.0839,0.135,0.061
RGS3,ENSG00000138835,0.6884,0.016407786264317645,0.025527352806202597,0.2499,0.155,0.183,0.109
DNPEP,ENSG00000123992,0.4152,0.01641172280900094,0.025528220263949374,0.3382,0.2536,0.259,0.179
DDX49,ENSG00000105671,0.6906,0.016465440953509762,0.025606506052648467,0.2386,0.1478,0.183,0.109
TRUB2,ENSG00000167112,0.5803,0.016502739875573463,0.025653669267243592,0.2566,0.1716,0.199,0.123
ZRANB2,ENSG00000132485,-0.2651,0.016505954508017354,0.025653669267243592,0.6124,0.736,0.434,0.438
DTX3,ENSG00000178498,0.8437,0.016501009147423022,0.025653669267243592,0.2135,0.1189,0.156,0.083
TATDN1,ENSG00000147687,0.327,0.01653020559720089,0.025686076365045805,0.4432,0.3533,0.321,0.235
EXTL2,ENSG00000162694,1.1637,0.01655994342478681,0.025726994154691415,0.1665,0.0743,0.127,0.053
STPG1,ENSG00000001460,1.5733,0.016601655314352246,0.02578649381166349,0.131,0.044,0.105,0.032
SRP9,ENSG00000143742,0.258,0.016612097692395154,0.025797409674418372,1.0821,0.9049,0.69,0.534
PRR14L,ENSG00000183530,0.7456,0.01663399566571663,0.025826107121761026,0.2314,0.138,0.17,0.096
ZNF121,ENSG00000197961,0.9227,0.01664719644469685,0.025841292200469424,0.1751,0.0923,0.14,0.066
PHKG2,ENSG00000156873,0.6482,0.016700091596341338,0.02591807559785514,0.2739,0.1748,0.194,0.121
GCAT,ENSG00000100116,-1.2671,0.016715088689615083,0.02593069713553223,0.077,0.1854,0.059,0.131
ROBO3,ENSG00000154134,1.6718,0.016713338419652488,0.02593069713553223,0.1374,0.0431,0.102,0.03
DOCK9,ENSG00000088387,-0.694,0.016787992460310826,0.026038448580917327,0.2405,0.3892,0.181,0.239
RDX,ENSG00000137710,0.2363,0.016810847769163577,0.026068545750416835,0.6607,0.5609,0.458,0.352
PSMG2,ENSG00000128789,0.2367,0.016870752375719545,0.026156071044235823,0.7011,0.595,0.491,0.379
RBM47,ENSG00000163694,-0.2451,0.0169288213260703,0.026240715042770025,0.6393,0.7577,0.453,0.448
DEXI,ENSG00000182108,0.5376,0.016962480312852152,0.026287495130994466,0.2906,0.2001,0.218,0.143
NT5C3A,ENSG00000122643,0.5804,0.016984276023755587,0.026315874766093816,0.2827,0.1891,0.208,0.133
RAB38,ENSG00000123892,0.6031,0.017006096307594858,0.0263442808291735,0.262,0.1725,0.197,0.122
MBD1,ENSG00000141644,0.8672,0.017009904689515905,0.026344778583290828,0.23,0.1261,0.162,0.09
LMNB2,ENSG00000176619,0.9648,0.017075526095952746,0.02644099193583173,0.1953,0.1,0.146,0.073
RAPGEF1,ENSG00000107263,0.9938,0.017098214409463464,0.02647069874251977,0.1716,0.0861,0.135,0.061
DRG1,ENSG00000185721,0.4509,0.017112759017294338,0.026487788235127784,0.3101,0.2269,0.237,0.159
CTSL,ENSG00000135047,0.3885,0.017140091368939014,0.02652466003529993,0.3594,0.2745,0.267,0.186
RNF25,ENSG00000163481,1.1014,0.017183851556280706,0.026581490275942,0.1525,0.071,0.124,0.05
RBMX,ENSG00000147274,-0.2216,0.0171820582815393,0.026581490275942,0.6436,0.7504,0.445,0.452
UBA2,ENSG00000126261,0.3288,0.017198972825461224,0.026599434942959986,0.4155,0.3308,0.31,0.226
B9D1,ENSG00000108641,0.5613,0.017231818426810357,0.026644778594873568,0.2467,0.1672,0.191,0.114
KPNA6,ENSG00000025800,0.3565,0.017303860059429726,0.026750698332103865,0.4033,0.3149,0.291,0.212
PGPEP1,ENSG00000130517,0.8188,0.017313915359365457,0.02676076729541858,0.2061,0.1168,0.156,0.082
HADHB,ENSG00000138029,0.2679,0.017354446243939614,0.026817926237055388,0.5493,0.4562,0.394,0.3
HIBCH,ENSG00000198130,0.4361,0.01737694184297708,0.026847197469057636,0.301,0.2224,0.232,0.152
PIERCE1,ENSG00000160345,1.6568,0.017389364150513564,0.026860896781257408,0.1419,0.0449,0.102,0.03
CCDC51,ENSG00000164051,1.1879,0.017424343649305948,0.026909426874592482,0.157,0.0688,0.124,0.051
HIF1AN,ENSG00000166135,1.042,0.017477838675697726,0.02698652589309142,0.1784,0.0866,0.135,0.062
SLC9A7,ENSG00000065923,1.3916,0.017521051033074164,0.027042998617160186,0.1533,0.0584,0.113,0.041
MTAP,ENSG00000099810,0.7706,0.017521572234414178,0.027042998617160186,0.2071,0.1213,0.159,0.085
TNRC6B,ENSG00000100354,0.2533,0.017534606686158888,0.02705758854451193,0.5364,0.45,0.372,0.281
NOC3L,ENSG00000173145,0.8679,0.01756279011580445,0.02709554407288189,0.2076,0.1137,0.154,0.081
METAP2,ENSG00000111142,-0.175,0.017640237248311475,0.027209471704980236,0.722,0.8151,0.499,0.485
CRTC1,ENSG00000105662,0.9925,0.017693261375616758,0.02728568885339551,0.175,0.0879,0.132,0.059
LSM14A,ENSG00000257103,0.2387,0.01775538724228515,0.02737590828887027,0.5763,0.4884,0.426,0.316
SOAT1,ENSG00000057252,0.5112,0.017766991149597525,0.027388210188779696,0.3043,0.2135,0.224,0.149
SHC2,ENSG00000129946,1.2473,0.0177796575362203,0.027402144570816887,0.1668,0.0702,0.121,0.049
RPUSD1,ENSG00000007376,1.1778,0.017797086737630984,0.027423412258372852,0.1681,0.0743,0.127,0.055
MEIS2,ENSG00000134138,0.77,0.017909944903747112,0.02759168714270176,0.2282,0.1338,0.159,0.087
SHB,ENSG00000107338,0.6593,0.017931208711540053,0.02761881382582775,0.2538,0.1607,0.181,0.108
CPSF3,ENSG00000119203,0.939,0.017969006442006986,0.027671390882462857,0.1867,0.0973,0.143,0.07
DRAM2,ENSG00000156171,0.4646,0.017979666281170033,0.027682164001271572,0.3077,0.2229,0.235,0.157
ZPR1,ENSG00000109917,0.4801,0.0179841983899373,0.02768350017032932,0.3038,0.2178,0.232,0.155
RETREG2,ENSG00000144567,0.5225,0.01799299886953467,0.027691404860324797,0.3051,0.2123,0.224,0.15
HPN,ENSG00000105707,-0.4934,0.01814990348698954,0.027927193654624437,0.3216,0.4528,0.235,0.288
ZNF43,ENSG00000198521,1.1912,0.018241488485953094,0.02805668678977517,0.1617,0.0708,0.121,0.049
USP7,ENSG00000187555,0.5072,0.018238789044955777,0.02805668678977517,0.3226,0.227,0.229,0.157
COPS4,ENSG00000138663,0.5477,0.018266339760549692,0.028089191306931185,0.2832,0.1937,0.213,0.139
IL1RAP,ENSG00000196083,1.1675,0.01830665089962561,0.02814545127119892,0.1556,0.0692,0.119,0.046
UIMC1,ENSG00000087206,0.8067,0.0183481252398161,0.028203476335058115,0.2104,0.1202,0.154,0.081
PREPL,ENSG00000138078,-0.72,0.018489152888395154,0.02841447316351208,0.1917,0.3158,0.148,0.21
SLC35F5,ENSG00000115084,0.4846,0.018559199552943297,0.0285163214607457,0.2894,0.2068,0.216,0.14
CFAP68,ENSG00000137720,-0.4534,0.018614359759747647,0.02859525985866073,0.3379,0.4627,0.253,0.302
PTBP2,ENSG00000117569,0.9443,0.018619581321668986,0.028597466331613988,0.1815,0.0943,0.132,0.059
CPEB4,ENSG00000113742,-0.743,0.01868454551513606,0.028691410846921325,0.1889,0.3162,0.143,0.206
SNRNP35,ENSG00000184209,0.4701,0.01873146454062574,0.028757613209597126,0.2879,0.2078,0.221,0.144
EMC1,ENSG00000127463,0.9922,0.018758005498494722,0.02879250945573499,0.1938,0.0974,0.14,0.069
DR1,ENSG00000117505,0.4734,0.018789288562170832,0.028834668918789486,0.2919,0.2102,0.226,0.15
SLC4A2,ENSG00000164889,0.3555,0.018831717994883368,0.028893913373546676,0.4185,0.3271,0.299,0.221
OTUD3,ENSG00000169914,0.9496,0.018870337620921353,0.028947289487525042,0.1743,0.0902,0.135,0.062
CTSF,ENSG00000174080,0.7332,0.01887506563498519,0.028948664407696532,0.2181,0.1312,0.164,0.091
KLHL28,ENSG00000179454,0.9495,0.01891738570709384,0.02900768196003531,0.1764,0.0913,0.135,0.062
GNPNAT1,ENSG00000100522,0.9313,0.018936903103913005,0.029031717319412086,0.1931,0.1012,0.146,0.074
GABPB1-AS1,ENSG00000244879,-0.7665,0.018966491539985263,0.02907117946532535,0.1684,0.2866,0.127,0.193
GNPDA1,ENSG00000113552,0.4505,0.018992764153471207,0.029105544255471596,0.3257,0.2383,0.243,0.167
RAP2A,ENSG00000125249,1.2507,0.01900955054002638,0.029125360845649827,0.151,0.0634,0.119,0.047
RBM28,ENSG00000106344,0.8328,0.019025229536460637,0.02914013902305362,0.2174,0.122,0.159,0.088
RAB11FIP5,ENSG00000135631,1.1592,0.01902691009936777,0.02914013902305362,0.1499,0.0671,0.121,0.049
ABL1,ENSG00000097007,0.6164,0.019042041007156806,0.029157401663775773,0.2224,0.145,0.167,0.092
MAF1,ENSG00000179632,0.2578,0.01912432372910509,0.029277460136451664,0.5942,0.4969,0.426,0.325
UBAP2L,ENSG00000143569,0.3092,0.019159803570130893,0.029325833867977897,0.4122,0.3326,0.302,0.218
SGSH,ENSG00000181523,0.8525,0.019186592275618017,0.02936088811875514,0.1935,0.1071,0.148,0.076
VKORC1,ENSG00000167397,-0.6281,0.01921539132650897,0.02939900394325137,0.219,0.3385,0.17,0.229
ATP11C,ENSG00000101974,1.3544,0.01925045281654422,0.029446683747518035,0.1439,0.0562,0.111,0.039
SLC37A1,ENSG00000160190,0.6555,0.019284436514702397,0.029492695924813076,0.2455,0.1558,0.178,0.106
ZMIZ1,ENSG00000108175,0.8249,0.01934431834028543,0.02957828882025024,0.2155,0.1216,0.156,0.085
DIDO1,ENSG00000101191,0.5241,0.019348297283969706,0.02957838647923738,0.26,0.1808,0.199,0.123
TXN2,ENSG00000100348,-0.3059,0.019355404319384747,0.029583265149292284,0.4847,0.5992,0.356,0.382
PGRMC2,ENSG00000164040,0.3798,0.019442294003066022,0.02971005889829365,0.3652,0.2806,0.275,0.196
UTP11,ENSG00000183520,0.3376,0.01945742757127576,0.029727171951665996,0.4144,0.3279,0.305,0.224
ZFYVE16,ENSG00000039319,0.5684,0.019466284050407522,0.029734689850551724,0.2762,0.1862,0.199,0.126
PHF6,ENSG00000156531,0.84,0.019507183740979813,0.02978599410272391,0.1918,0.1071,0.148,0.075
ZNF846,ENSG00000196605,1.4049,0.019507756296529174,0.02978599410272391,0.1386,0.0523,0.108,0.036
IMPDH2,ENSG00000178035,-0.2694,0.019523220846700187,0.02980358324849867,0.5444,0.6562,0.38,0.407
IRGQ,ENSG00000167378,1.0425,0.019531816890132364,0.029810682142414145,0.1782,0.0865,0.135,0.064
TRANK1,ENSG00000168016,1.1819,0.019688554960303913,0.03003997068834366,0.1615,0.0711,0.119,0.047
TENT2,ENSG00000164329,0.527,0.019689997994530483,0.03003997068834366,0.2819,0.1956,0.202,0.128
DDX23,ENSG00000174243,0.5003,0.019702411902221495,0.03005284109050745,0.2646,0.1871,0.205,0.129
SLC6A14,ENSG00000268104,-0.328,0.01971772216882922,0.03007012333175308,0.5091,0.639,0.318,0.371
ACTR8,ENSG00000113812,1.3671,0.019733621165425742,0.030088296247182945,0.151,0.0585,0.113,0.042
RBM18,ENSG00000119446,0.7715,0.019762846661382397,0.030126776942442292,0.2123,0.1243,0.162,0.09
ANAPC10,ENSG00000164162,-1.1064,0.019895266453959025,0.030322521295069686,0.1035,0.2229,0.086,0.152
DNAJB4,ENSG00000162616,1.0805,0.019905170818447733,0.030331497687247404,0.1813,0.0857,0.132,0.061
VHL,ENSG00000134086,0.8273,0.01993199244828291,0.030360121561850282,0.2044,0.1152,0.154,0.082
PIGU,ENSG00000101464,1.0507,0.01993199244828291,0.030360121561850282,0.1771,0.0854,0.132,0.061
PEPD,ENSG00000124299,0.2706,0.01994833410007952,0.030378888152812086,0.4899,0.4061,0.361,0.272
CNDP2,ENSG00000133313,0.236,0.019961182172964772,0.030392327955813956,0.6955,0.5905,0.488,0.377
MARK2,ENSG00000072518,0.5064,0.020112394934973528,0.03061639003298912,0.2799,0.197,0.21,0.136
BIRC6,ENSG00000115760,0.2669,0.020118275964856946,0.030619173028705524,0.4527,0.3762,0.321,0.236
RNF34,ENSG00000170633,0.8508,0.020153593668902674,0.03066674726456389,0.2118,0.1174,0.154,0.083
SPATA2L,ENSG00000158792,1.2818,0.020188080509412402,0.030713038310231713,0.1611,0.0662,0.119,0.048
SETD9,ENSG00000155542,0.9606,0.020301630191305615,0.030873352676190402,0.1886,0.0969,0.14,0.069
CAPZA2,ENSG00000198898,0.23,0.02030133376688298,0.030873352676190402,0.8686,0.7406,0.585,0.454
IFT20,ENSG00000109083,0.2774,0.02031556639908059,0.030888328465496856,0.4939,0.4075,0.358,0.272
S100A10,ENSG00000197747,0.276,0.020378531365335437,0.03097782786018294,2.0389,1.6838,1.0,0.791
NAA35,ENSG00000135040,0.7492,0.020397573078514152,0.031000536030612435,0.2203,0.131,0.162,0.091
ANAPC7,ENSG00000196510,0.7383,0.02045270282765743,0.03107807117114881,0.2285,0.1369,0.167,0.096
GART,ENSG00000159131,0.6368,0.02050048736709531,0.031144416259482218,0.2455,0.1579,0.183,0.111
RAB11FIP2,ENSG00000107560,-0.9797,0.020510953204309422,0.03115405135877718,0.1197,0.2361,0.094,0.16
FAXDC2,ENSG00000170271,1.0392,0.020602953408599682,0.03128750010089861,0.178,0.0866,0.129,0.058
CCDC127,ENSG00000164366,0.8894,0.020615567694880262,0.031300364536740434,0.1944,0.1049,0.146,0.074
SSRP1,ENSG00000149136,0.32,0.02064653124174342,0.03134107766352653,0.4204,0.3368,0.315,0.233
PLEKHM2,ENSG00000116786,0.5589,0.02068807993485902,0.03139783927437925,0.2519,0.1709,0.191,0.118
RBM25,ENSG00000119707,0.2165,0.02077139605700131,0.031517954852509515,0.88,0.7574,0.59,0.451
GBA2,ENSG00000070610,0.839,0.020796811125446846,0.031550182339909826,0.2189,0.1223,0.156,0.086
SNRPN,ENSG00000128739,0.2383,0.020808317320416984,0.031561300412718395,0.6983,0.592,0.493,0.377
FBXL6,ENSG00000182325,1.3027,0.020847722592771328,0.031614721836288114,0.1545,0.0626,0.116,0.046
PJA2,ENSG00000198961,0.2479,0.020987069082041346,0.031819648186799596,0.5006,0.4216,0.369,0.276
USP5,ENSG00000111667,0.7503,0.0210429733539385,0.03189800635814714,0.2232,0.1327,0.167,0.096
LANCL2,ENSG00000132434,1.4124,0.021084297334161048,0.03194782718804386,0.1533,0.0575,0.111,0.04
CD47,ENSG00000196776,0.2724,0.021080621230546766,0.03194782718804386,1.3408,1.1101,0.811,0.619
HSPA8,ENSG00000109971,0.1275,0.021106059044335098,0.03197438862641902,1.4656,1.3417,0.846,0.694
SLC35C2,ENSG00000080189,0.4168,0.02114626229723098,0.03202887162301124,0.3153,0.2362,0.243,0.166
SAMD8,ENSG00000156671,1.226,0.02118683990918272,0.03208119671351445,0.1484,0.0634,0.116,0.045
PRKRA,ENSG00000180228,0.261,0.021189301336920856,0.03208119671351445,0.4852,0.4049,0.367,0.273
B4GALT2,ENSG00000117411,1.1153,0.021210849457594032,0.032107386826712665,0.1522,0.0702,0.121,0.05
CSNK2B,ENSG00000204435,0.2211,0.02123426616994086,0.03213639441384279,0.8095,0.6945,0.523,0.43
SPRTN,ENSG00000010072,1.4545,0.021290434585078823,0.03221494758467264,0.1412,0.0514,0.108,0.038
BIN3,ENSG00000147439,0.9516,0.021328777252745047,0.032260042471369134,0.1728,0.0893,0.135,0.064
KBTBD2,ENSG00000170852,0.7516,0.02132784889814933,0.032260042471369134,0.2301,0.1366,0.167,0.097
ISG20,ENSG00000172183,0.2931,0.02146656235213586,0.03246194527029352,0.5091,0.4155,0.353,0.271
DYNLL1,ENSG00000088986,0.3179,0.021492093759023043,0.032494050099943786,1.5114,1.2125,0.879,0.648
MDFIC,ENSG00000135272,0.6811,0.02149770175169581,0.032496025757115216,0.2371,0.1478,0.173,0.101
CPQ,ENSG00000104324,0.6982,0.02150673953085626,0.032503184067937396,0.2303,0.1419,0.167,0.096
SLK,ENSG00000065613,0.29,0.021513909776742897,0.03250751767265852,0.492,0.4024,0.34,0.261
GRPEL1,ENSG00000109519,0.4034,0.021524513083077165,0.032510535054507794,0.3714,0.2808,0.267,0.195
SPR,ENSG00000116096,0.4609,0.021523265399167633,0.032510535054507794,0.2912,0.2115,0.224,0.147
GOLT1B,ENSG00000111711,0.5164,0.021534184768636586,0.032518642000209756,0.2904,0.203,0.216,0.144
ALG8,ENSG00000159063,0.7666,0.02165085395717508,0.03268828969753352,0.2002,0.1176,0.154,0.082
PCGF5,ENSG00000180628,0.3837,0.021716466452884605,0.03278080001029834,0.3265,0.2502,0.248,0.171
SLC20A2,ENSG00000168575,0.316,0.021741312381194054,0.032811748909293066,0.35,0.2812,0.261,0.181
LRG1,ENSG00000171236,-0.7491,0.02176586807266315,0.032842247511278226,0.1752,0.2946,0.132,0.195
GOLGA5,ENSG00000066455,0.4681,0.02182199582745423,0.03291474314832167,0.284,0.2053,0.218,0.144
ANP32E,ENSG00000143401,-0.4201,0.021822627191256553,0.03291474314832167,0.3571,0.4779,0.261,0.309
OCLN,ENSG00000197822,0.2289,0.02189534013619273,0.033017823299188835,0.6499,0.5545,0.45,0.352
CLIC3,ENSG00000169583,0.2322,0.021948268073081256,0.03309103278629593,0.7473,0.6362,0.485,0.369
OSBPL1A,ENSG00000141447,0.4652,0.02196508881517165,0.033109785714010735,0.3283,0.2378,0.235,0.162
TMEM214,ENSG00000119777,0.4991,0.022032802313269186,0.033205230695541335,0.2867,0.2028,0.216,0.142
GSPT1,ENSG00000103342,-0.1623,0.02212113323055678,0.03333170354145522,0.7612,0.8518,0.509,0.503
AATF,ENSG00000275700,0.4961,0.02213519244599601,0.03334623707467594,0.2861,0.2028,0.213,0.14
GRIPAP1,ENSG00000068400,0.6605,0.022177416732446296,0.033403186485971244,0.2409,0.1524,0.178,0.107
PGM1,ENSG00000079739,0.2765,0.022241526397257984,0.033493069948432146,0.4522,0.3734,0.334,0.245
FHOD1,ENSG00000135723,0.6326,0.02224730416422326,0.03349509425283115,0.2475,0.1596,0.181,0.11
PGAP3,ENSG00000161395,0.9668,0.022265287786846447,0.03351549098020022,0.1863,0.0953,0.137,0.068
RRP1B,ENSG00000160208,0.7555,0.02229646790313161,0.03354905696238983,0.2296,0.136,0.167,0.098
MED22,ENSG00000148297,1.3377,0.022292930106027738,0.03354905696238983,0.1425,0.0563,0.111,0.041
SEC22C,ENSG00000093183,0.4751,0.022306118922072748,0.033556895351704426,0.2981,0.2145,0.226,0.152
ENO2,ENSG00000111674,0.6659,0.02238087620657525,0.03366265573176906,0.2056,0.1296,0.162,0.089
SNX17,ENSG00000115234,0.2591,0.02241445874067716,0.03370645616755891,0.5054,0.4223,0.372,0.282
TGS1,ENSG00000137574,0.4192,0.02243935094869136,0.03373717341639069,0.3434,0.2568,0.251,0.176
MAN1A1,ENSG00000111885,-0.777,0.02246459093058474,0.03376840120982247,0.1603,0.2748,0.116,0.182
GANC,ENSG00000214013,-0.6127,0.022527474347726853,0.033856190311731926,0.2513,0.3843,0.183,0.242
CHST11,ENSG00000171310,-1.6184,0.022552150766858063,0.03388653521153792,0.0526,0.1617,0.038,0.107
FASTK,ENSG00000164896,0.4374,0.022561247999710037,0.033893463638458805,0.3073,0.2269,0.235,0.16
NR1D2,ENSG00000174738,0.48,0.022574574702415546,0.03390674192380705,0.3139,0.225,0.226,0.155
CRTAP,ENSG00000170275,0.2417,0.02260906081930646,0.03395178980120459,0.5918,0.5005,0.426,0.322
IMPDH1,ENSG00000106348,0.8134,0.022700049822522557,0.03408165270452264,0.1912,0.1087,0.148,0.077
PRKCD,ENSG00000163932,0.3166,0.022739609823658854,0.03413426429917398,0.389,0.3123,0.291,0.209
NRDC,ENSG00000078618,0.2711,0.02277922971612242,0.03418694487590482,0.4944,0.4097,0.356,0.269
SCNN1B,ENSG00000168447,0.6935,0.02280283364125073,0.0342155726235649,0.2261,0.1397,0.164,0.093
LRRC57,ENSG00000180979,0.965,0.02281562797119815,0.03422797246274862,0.1894,0.097,0.14,0.071
RTCA,ENSG00000137996,0.5699,0.022853719772029588,0.034278311073592124,0.2677,0.1803,0.199,0.128
ARFGAP1,ENSG00000101199,0.7857,0.022947871881034577,0.034412697908141374,0.2146,0.1244,0.156,0.087
E4F1,ENSG00000167967,0.8804,0.022958097390582338,0.03442119979873974,0.1776,0.0964,0.137,0.067
SHC1,ENSG00000160691,0.5029,0.022969977142462985,0.03443217803795791,0.2801,0.1976,0.213,0.14
SUPT6H,ENSG00000109111,0.3126,0.023006970523033004,0.0344807899824468,0.3705,0.2983,0.28,0.199
SIAH2,ENSG00000181788,0.6933,0.02304600165989563,0.0345324360453216,0.2552,0.1578,0.181,0.113
COG3,ENSG00000136152,0.5609,0.02311162379739288,0.034623898034761694,0.2578,0.1747,0.191,0.119
RANBP6,ENSG00000137040,1.0892,0.023120252887038572,0.03462995847771142,0.1726,0.0811,0.127,0.057
UBE2S,ENSG00000108106,0.5858,0.023252360373500872,0.03482092817082242,0.2726,0.1816,0.199,0.13
KANSL2,ENSG00000139620,0.9969,0.02331782351041415,0.03491204055116506,0.1868,0.0936,0.135,0.066
ATP6AP1-DT,ENSG00000197180,-0.7243,0.023322840028698534,0.03491263253751088,0.1845,0.3048,0.14,0.201
SRFBP1,ENSG00000151304,0.4941,0.023341576642521875,0.034933758227863064,0.2703,0.1919,0.208,0.133
PARP6,ENSG00000137817,0.67,0.023367360821065955,0.034965421074104434,0.2204,0.1385,0.167,0.096
CTSS,ENSG00000163131,0.2456,0.023458976778641907,0.03508861008961386,0.6218,0.5244,0.431,0.336
NDUFB5,ENSG00000136521,0.2267,0.02345830446749746,0.03508861008961386,0.7059,0.6032,0.499,0.384
HOOK2,ENSG00000095066,0.2286,0.02346570080992639,0.0350917200354303,0.6381,0.5446,0.442,0.345
DKC1,ENSG00000130826,0.4387,0.02354449633585718,0.03519562125393767,0.3134,0.2312,0.235,0.16
EIF4EBP3,ENSG00000243056,-1.0155,0.023542473073075436,0.03519562125393767,0.1352,0.2733,0.105,0.165
CHCHD7,ENSG00000170791,-0.3527,0.0235816162378002,0.03524413663236014,0.4431,0.5658,0.326,0.353
PLPBP,ENSG00000147471,-0.717,0.023592424285786583,0.035253315957103966,0.1732,0.2848,0.135,0.197
NAGA,ENSG00000198951,1.4675,0.02362352137074466,0.03529280283883249,0.1339,0.0484,0.105,0.036
MRPL43,ENSG00000055950,0.225,0.023639083246121104,0.035309069577786664,0.7172,0.6137,0.499,0.39
AADAC,ENSG00000114771,-1.4076,0.023653299682421712,0.03531735079654917,0.0718,0.1906,0.054,0.12
TPRN,ENSG00000176058,1.0341,0.023653976840574294,0.03531735079654917,0.1803,0.088,0.132,0.063
RNF6,ENSG00000127870,0.7296,0.02366142669046948,0.035321493508495734,0.2022,0.1219,0.159,0.088
ZNF598,ENSG00000167962,1.0178,0.02366684604172214,0.035322604078469134,0.1865,0.0921,0.135,0.067
KLHL24,ENSG00000114796,-0.3997,0.023690229332275246,0.03535051996945279,0.406,0.5357,0.302,0.333
PRNP,ENSG00000171867,0.3101,0.023716347391682432,0.0353825048467932,0.428,0.3452,0.315,0.236
CACHD1,ENSG00000158966,-1.5421,0.023765258604126805,0.035448475568445804,0.0691,0.2015,0.057,0.122
CYP20A1,ENSG00000119004,-0.5803,0.023780221140319996,0.03546379208746893,0.2361,0.353,0.175,0.236
CWC15,ENSG00000150316,0.2415,0.023805403835316305,0.03549434102542228,0.5324,0.4504,0.396,0.299
MPPE1,ENSG00000154889,0.5647,0.023853792176880755,0.035557031323577425,0.2549,0.1723,0.194,0.123
SPAG7,ENSG00000091640,0.2295,0.023856861916507474,0.035557031323577425,0.6032,0.5144,0.437,0.336
TMEM191C,ENSG00000206140,1.3403,0.023876994252408686,0.035580018062514325,0.1439,0.0568,0.108,0.039
CPNE2,ENSG00000140848,0.6684,0.02393645341612444,0.03566158658229543,0.2388,0.1502,0.175,0.105
WTIP,ENSG00000142279,1.0908,0.023987128900633294,0.03573003920431477,0.1815,0.0851,0.127,0.058
CHML,ENSG00000203668,1.6432,0.023999812299418898,0.035741884865387305,0.1401,0.0448,0.102,0.035
PI4K2A,ENSG00000155252,1.2527,0.02406606598035939,0.03583349004367662,0.1563,0.0655,0.116,0.047
TP53BP2,ENSG00000143514,0.4072,0.024073628273266107,0.03583768701567004,0.3068,0.2313,0.229,0.155
MED23,ENSG00000112282,0.9156,0.02408084874760609,0.03584137357922853,0.1937,0.1027,0.14,0.071
STK11,ENSG00000118046,0.6889,0.024100800766044185,0.03586400429140513,0.235,0.1457,0.173,0.104
CRTC2,ENSG00000160741,0.7676,0.024152812060604042,0.03593432357579038,0.1944,0.1141,0.151,0.081
TTC3,ENSG00000182670,0.2135,0.024161432584971516,0.03594007150609565,0.8432,0.7272,0.571,0.442
COMMD10,ENSG00000145781,0.3383,0.024223233500504263,0.03602192886183611,0.3186,0.252,0.24,0.163
SMIM19,ENSG00000176209,-0.4236,0.02422599874877423,0.03602192886183611,0.3451,0.4629,0.259,0.305
CHD6,ENSG00000124177,0.5102,0.02428032215475283,0.03608849771378273,0.2695,0.1892,0.199,0.128
DBP,ENSG00000105516,-1.6914,0.02427928313917663,0.03608849771378273,0.0445,0.1441,0.035,0.103
PCNX4,ENSG00000126773,0.5416,0.024293139849523762,0.03610044680628482,0.2527,0.1736,0.189,0.117
CHCHD6,ENSG00000159685,0.6418,0.02433128115393166,0.03615001555908627,0.2425,0.1554,0.178,0.109
RNF111,ENSG00000157450,0.6844,0.02434030395156587,0.03615631072632327,0.202,0.1257,0.151,0.08
POLDIP3,ENSG00000100227,0.6392,0.024430691544572766,0.036283443015381805,0.2374,0.1524,0.178,0.108
TCOF1,ENSG00000070814,0.6637,0.024472506908840105,0.03633840206294949,0.2046,0.1291,0.159,0.089
FKBP15,ENSG00000119321,0.8952,0.024530104293421093,0.03641676909742511,0.173,0.093,0.135,0.065
AXIN2,ENSG00000168646,-1.372,0.024566818299097615,0.036464108496990666,0.0625,0.1619,0.043,0.112
ARID4A,ENSG00000032219,-0.5138,0.024616895845401308,0.03653126067806067,0.301,0.4299,0.221,0.27
SRP68,ENSG00000167881,0.3838,0.0247081725300816,0.036659513641941574,0.359,0.2751,0.264,0.19
RIF1,ENSG00000080345,0.4016,0.024743708994234274,0.03670503071891615,0.3227,0.2442,0.24,0.166
TBCC,ENSG00000124659,0.7819,0.02475215980947509,0.0367103587280299,0.2052,0.1193,0.156,0.087
GPATCH2L,ENSG00000089916,0.68,0.024757795075091505,0.03671150967464501,0.2196,0.137,0.164,0.094
CAAP1,ENSG00000120159,0.5291,0.024773650217909043,0.03672781149848956,0.2588,0.1793,0.194,0.122
HNRNPR,ENSG00000125944,0.2246,0.024837511986642448,0.03681526448088752,0.6429,0.5502,0.453,0.353
EXOSC5,ENSG00000077348,0.6298,0.02486436934492622,0.036847844331290236,0.2195,0.1418,0.17,0.099
SHROOM3,ENSG00000138771,0.1575,0.02487497785510409,0.03685633608458745,0.5783,0.5185,0.404,0.308
SRP72,ENSG00000174780,0.2454,0.02488275992023922,0.03685655529369218,0.5817,0.4907,0.415,0.322
ANAPC4,ENSG00000053900,1.1991,0.02488488266752135,0.03685655529369218,0.1868,0.0813,0.124,0.057
MGAT1,ENSG00000131446,0.2896,0.025019287746582873,0.03704835729624336,0.4588,0.3753,0.334,0.253
ZBED4,ENSG00000100426,1.3224,0.025040267402799358,0.0370721575990886,0.1546,0.0618,0.111,0.042
PHRF1,ENSG00000070047,0.7833,0.025140039664557755,0.03721257830441494,0.1916,0.1113,0.148,0.079
CKAP2,ENSG00000136108,1.2723,0.025172897005728733,0.037253915157351734,0.1427,0.059,0.111,0.042
PUS7,ENSG00000091127,1.0723,0.025232277132103638,0.03733447977537074,0.1482,0.0705,0.119,0.05
ST6GALNAC2,ENSG00000070731,0.7422,0.025321574632348135,0.03745927087280011,0.2158,0.129,0.162,0.093
TTTY14,ENSG00000176728,0.9399,0.025339898189307646,0.03747903892330056,0.176,0.0917,0.127,0.058
TRNT1,ENSG00000072756,0.6937,0.025426280829748314,0.03759944248752173,0.2047,0.1265,0.159,0.089
LYSET,ENSG00000153485,-0.8749,0.02543601480364563,0.03760647589854065,0.1255,0.2303,0.097,0.162
SLC22A18,ENSG00000110628,0.945,0.025461626939134036,0.0376369774066049,0.1714,0.089,0.132,0.063
CDK9,ENSG00000136807,0.5605,0.025493763806565137,0.03766974096589079,0.2452,0.1662,0.189,0.118
CCDC115,ENSG00000136710,0.3678,0.02549015117338043,0.03766974096589079,0.3568,0.2765,0.27,0.193
RNF14,ENSG00000013561,0.7037,0.025512195127279303,0.03768960386910347,0.1997,0.1226,0.159,0.089
ZNF608,ENSG00000168916,0.7763,0.02553317024702177,0.03770584464742953,0.2168,0.1266,0.151,0.082
LPCAT2,ENSG00000087253,0.9214,0.025528829343424014,0.03770584464742953,0.192,0.1014,0.14,0.072
TMEM65,ENSG00000164983,1.2521,0.025649526667845344,0.037870270466205114,0.1382,0.058,0.108,0.039
HECTD3,ENSG00000126107,1.2218,0.02567023597075506,0.03789344133627481,0.1583,0.0678,0.116,0.048
LINC00467,ENSG00000153363,-0.7674,0.025694233230651016,0.0379214557643228,0.1662,0.2829,0.127,0.188
PLCH1,ENSG00000114805,-1.5503,0.025796255683123555,0.038064592126171574,0.0727,0.213,0.059,0.123
PBRM1,ENSG00000163939,0.2593,0.025809763392003974,0.038077086980392506,0.4801,0.4012,0.345,0.261
CFAP36,ENSG00000163001,0.2708,0.02582400786845726,0.03809066369507899,0.455,0.3771,0.337,0.252
SMG6,ENSG00000070366,0.6777,0.025831315364950414,0.03809400499359758,0.1956,0.1223,0.151,0.081
PPM1D,ENSG00000170836,1.0902,0.025837893640612487,0.03809626979992727,0.179,0.084,0.127,0.06
SLC30A9,ENSG00000014824,0.3203,0.025870806753292255,0.038122478061463426,0.3895,0.3119,0.288,0.211
NMI,ENSG00000123609,0.6013,0.025862026380378222,0.038122478061463426,0.2302,0.1517,0.178,0.107
PDE7A,ENSG00000205268,0.6727,0.02587044085296279,0.038122478061463426,0.2224,0.1395,0.162,0.093
ECHS1,ENSG00000127884,0.2278,0.02592061090530427,0.038188419537748396,0.8114,0.6929,0.553,0.43
UBXN7,ENSG00000163960,0.6654,0.025969029486852136,0.038252294360141915,0.2413,0.1521,0.175,0.107
ARHGDIB,ENSG00000111348,0.2865,0.02602230667301503,0.03832329959349485,0.4579,0.3754,0.329,0.243
CMAS,ENSG00000111726,0.5297,0.026032973441937206,0.03833153661154465,0.2655,0.1839,0.202,0.132
GLO1,ENSG00000124767,-0.1177,0.02604769242904065,0.038345735834256066,0.795,0.8626,0.539,0.513
VPS35L,ENSG00000103544,0.6415,0.02610479647636845,0.038422313925377684,0.2243,0.1437,0.167,0.097
CCDC137,ENSG00000185298,0.84,0.026122871221187668,0.038441428141034836,0.1959,0.1094,0.146,0.077
MTSS1,ENSG00000170873,0.4596,0.026180487367045254,0.038518711208963365,0.3041,0.2211,0.213,0.143
ZDHHC7,ENSG00000153786,0.3906,0.026228584690518426,0.038566943817996635,0.3322,0.2534,0.248,0.175
FOXP1,ENSG00000114861,-0.1734,0.026223771524142774,0.038566943817996635,0.7973,0.8991,0.539,0.508
ICE2,ENSG00000128915,0.6032,0.026219699441151215,0.038566943817996635,0.2546,0.1676,0.186,0.117
TOB1,ENSG00000141232,-0.3067,0.02623821331378071,0.038573594392997325,0.4729,0.5849,0.326,0.363
ZDHHC3,ENSG00000163812,0.2074,0.026362176026858773,0.03874829569706576,0.7585,0.6569,0.523,0.401
LXN,ENSG00000079257,1.0992,0.02642770105213938,0.03882632871392412,0.1502,0.07,0.119,0.05
CCNK,ENSG00000090061,0.379,0.026429191891175728,0.03882632871392412,0.3233,0.2486,0.245,0.17
FGFBP1,ENSG00000137440,0.6412,0.026430682802873827,0.03882632871392412,0.2693,0.1727,0.178,0.109
ISCA2,ENSG00000165898,0.2854,0.02647320434352812,0.03888025278708762,0.4313,0.3539,0.321,0.238
NCBP1,ENSG00000136937,0.9636,0.0264776837312463,0.03888025278708762,0.1641,0.0841,0.127,0.058
MFSD14B,ENSG00000148110,0.5617,0.02652662632061958,0.038936985011128994,0.263,0.1781,0.194,0.125
TSR1,ENSG00000167721,0.779,0.026526252417256174,0.038936985011128994,0.2115,0.1232,0.156,0.089
DCAF15,ENSG00000132017,1.2788,0.026581265091563402,0.039009607180800605,0.1367,0.0563,0.108,0.04
TIMM21,ENSG00000075336,0.9559,0.026616869900860082,0.03905427308234568,0.1842,0.0949,0.137,0.07
STRN3,ENSG00000196792,0.4421,0.02663224890789242,0.0390692505823548,0.3213,0.2364,0.221,0.151
BRCC3,ENSG00000185515,0.8022,0.026695721470303576,0.03915476134889216,0.181,0.1038,0.143,0.074
GK,ENSG00000198814,-0.8737,0.02670248955388838,0.03915708629262941,0.1365,0.2503,0.1,0.164
SYMPK,ENSG00000125755,0.3845,0.026729576709364208,0.03918159721366833,0.3209,0.2458,0.24,0.165
ATXN7L3,ENSG00000087152,1.0858,0.026728823968078044,0.03918159721366833,0.1652,0.0778,0.124,0.057
FAM199X,ENSG00000123575,0.6869,0.026951678045110953,0.0394995009953081,0.2015,0.1251,0.159,0.089
SPG21,ENSG00000090487,-0.1702,0.027010869634718913,0.039578572554364116,0.6752,0.7597,0.482,0.463
PPP1R35,ENSG00000160813,0.573,0.027041267802506947,0.03960341376236879,0.2494,0.1676,0.186,0.117
ACSS1,ENSG00000154930,-1.221,0.027034425641276165,0.03960341376236879,0.0767,0.1789,0.057,0.123
RPA2,ENSG00000117748,0.6617,0.02704354885507089,0.03960341376236879,0.219,0.1384,0.17,0.101
USP40,ENSG00000085982,0.5029,0.027098724823001324,0.03967652442592539,0.2508,0.177,0.189,0.117
TULP3,ENSG00000078246,0.8512,0.027176898005845804,0.03978327154314378,0.1912,0.1059,0.143,0.075
PAIP2,ENSG00000120727,0.2263,0.027221218750906266,0.03983271502287369,0.7465,0.6381,0.52,0.403
MED24,ENSG00000008838,0.3569,0.02721663095552318,0.03983271502287369,0.3146,0.2456,0.229,0.153
EEF1E1,ENSG00000124802,-0.4903,0.027249524905594562,0.03986641376099282,0.2875,0.4039,0.218,0.268
TIFA,ENSG00000145365,-0.9483,0.02726866506179047,0.039886692070053624,0.1132,0.2186,0.084,0.148
CAMKK2,ENSG00000110931,1.4058,0.027287050524974803,0.03990373811470255,0.137,0.0517,0.105,0.038
CARS2,ENSG00000134905,0.5931,0.027290882175866057,0.03990373811470255,0.2439,0.1617,0.181,0.111
RPF2,ENSG00000197498,0.4048,0.02744992052348635,0.04012851191078548,0.326,0.2463,0.243,0.17
TJP2,ENSG00000119139,-0.814,0.02756721082377438,0.04029217987494979,0.1363,0.2398,0.097,0.163
CCND3,ENSG00000112576,-0.2417,0.027583449343128865,0.04030811601302487,0.6165,0.729,0.434,0.439
HSPH1,ENSG00000120694,0.2351,0.02762795418400793,0.0403653440069967,0.6093,0.5177,0.415,0.321
SECISBP2,ENSG00000187742,-0.3755,0.027671745338473025,0.04042150735347326,0.3945,0.5118,0.278,0.328
LUC7L2,ENSG00000146963,0.2453,0.027701231453669022,0.0404567569364913,0.4657,0.3929,0.34,0.255
WDR83OS,ENSG00000105583,0.122,0.027718314743636136,0.04047388246775628,1.4752,1.3556,0.876,0.717
PDCL,ENSG00000136940,0.7365,0.02779724852945153,0.040573456846987314,0.188,0.1128,0.151,0.082
PDRG1,ENSG00000088356,0.7954,0.027796080610798708,0.040573456846987314,0.1911,0.1101,0.148,0.081
CLCC1,ENSG00000121940,0.7362,0.02786779128765693,0.04066856541978908,0.1902,0.1142,0.151,0.082
PTPN1,ENSG00000196396,0.1884,0.027884182370714293,0.04068462684641686,0.7973,0.6997,0.526,0.415
MRPS21,ENSG00000266472,0.2426,0.027978788239144854,0.0408147799086193,1.2488,1.0555,0.776,0.601
THOC1,ENSG00000079134,0.8034,0.028027763186618253,0.040878330284729904,0.1713,0.0981,0.135,0.066
MOB2,ENSG00000182208,0.7216,0.028054828996870236,0.04090990794660387,0.2093,0.1269,0.159,0.091
OSBPL10,ENSG00000144645,0.7104,0.028343351893552856,0.04132265989112154,0.1772,0.1082,0.137,0.068
ZSWIM8,ENSG00000214655,0.5536,0.028362360422726007,0.04134239494379606,0.2352,0.1602,0.181,0.11
ECT2,ENSG00000114346,1.1934,0.02838098358211169,0.04136156075672334,0.1511,0.066,0.113,0.046
QSER1,ENSG00000060749,0.8736,0.028566599557581434,0.04162404236403621,0.1965,0.1072,0.143,0.076
NFE2L1,ENSG00000082641,0.4033,0.028651206526421346,0.04173927213789303,0.3748,0.2834,0.261,0.194
MRPL12,ENSG00000262814,-0.619,0.02876207943629897,0.041892714505733314,0.194,0.298,0.14,0.202
HACD4,ENSG00000188921,1.4393,0.02885964740000746,0.04202672245702705,0.1417,0.0522,0.102,0.036
NEDD1,ENSG00000139350,1.2529,0.029022489859011846,0.042255716108081424,0.1406,0.0589,0.111,0.044
STRN4,ENSG00000090372,0.709,0.029072629569746385,0.04231240924666421,0.2293,0.1402,0.164,0.098
CLEC16A,ENSG00000038532,0.4595,0.029072629569746385,0.04231240924666421,0.221,0.1607,0.17,0.099
DPH5,ENSG00000117543,-1.3286,0.029103397195696615,0.04234097199209272,0.0692,0.174,0.059,0.123
GDI2,ENSG00000057608,0.2177,0.029109067971797426,0.04234097199209272,0.8212,0.7062,0.542,0.436
LYRM1,ENSG00000102897,-0.7146,0.029109067971797426,0.04234097199209272,0.1609,0.2642,0.121,0.185
DGCR8,ENSG00000128191,1.1672,0.02918937083341168,0.04244960474425895,0.1575,0.0701,0.116,0.05
ACOT2,ENSG00000119673,0.4261,0.029200742164765616,0.04245796902517403,0.2802,0.2085,0.21,0.136
SIAE,ENSG00000110013,-0.65,0.02923935187992809,0.042505927160449625,0.1903,0.2987,0.14,0.202
BBIP1,ENSG00000214413,0.4622,0.029286148721519988,0.04256576636996605,0.3077,0.2233,0.224,0.154
DNASE2,ENSG00000105612,0.3816,0.029296737804294676,0.04257296674580617,0.3481,0.2671,0.259,0.187
MAN1A2,ENSG00000198162,0.3318,0.029302440982449746,0.04257306569661689,0.347,0.2757,0.261,0.186
RPRD1A,ENSG00000141425,0.4194,0.029426517203943788,0.04274511391574607,0.309,0.231,0.229,0.158
DCAKD,ENSG00000172992,1.0677,0.029456788275862723,0.04278086032759378,0.1476,0.0703,0.116,0.049
NCK1,ENSG00000158092,0.5377,0.029464155558553896,0.042783335622693576,0.2584,0.1779,0.191,0.123
UGGT2,ENSG00000102595,0.6086,0.029548172601792395,0.042897087626160936,0.2191,0.1437,0.162,0.093
TSTD2,ENSG00000136925,0.9032,0.029615945666777537,0.042987217965899,0.1755,0.0938,0.132,0.065
NMB,ENSG00000197696,1.0428,0.029864349514644836,0.043339446904176286,0.1691,0.082,0.127,0.061
GMCL1,ENSG00000087338,0.4538,0.029884232680876473,0.04335997271058609,0.3044,0.2223,0.224,0.155
PER2,ENSG00000132326,0.807,0.029969693879290032,0.04347562159332492,0.2229,0.1274,0.151,0.086
AJUBA,ENSG00000129474,1.3322,0.029990468543616602,0.04349740638261152,0.1641,0.0651,0.113,0.048
YY1,ENSG00000100811,0.217,0.030092026589708182,0.04363632646549814,0.6816,0.5864,0.482,0.373
USE1,ENSG00000053501,0.3615,0.03010244880110957,0.04364306288474051,0.3717,0.2893,0.27,0.197
POM121C,ENSG00000272391,0.5745,0.030145421038366763,0.04369697926800861,0.2262,0.1519,0.175,0.106
MICALL1,ENSG00000100139,1.497,0.030162541155108986,0.04371340848395326,0.1447,0.0512,0.102,0.037
LSG1,ENSG00000041802,0.7957,0.03023026824764189,0.04380316007114202,0.1918,0.1105,0.146,0.079
SNIP1,ENSG00000163877,0.9585,0.030258317009506305,0.043835395015689387,0.1631,0.0839,0.127,0.06
RAB35,ENSG00000111737,0.793,0.030281777903728695,0.043860972404653045,0.1647,0.095,0.137,0.07
CDK13,ENSG00000065883,0.4147,0.030316159553876468,0.043902354883944165,0.2814,0.2111,0.208,0.136
RAI2,ENSG00000131831,1.3063,0.03032748767844034,0.04391034293035967,0.1415,0.0572,0.108,0.042
EIF2B4,ENSG00000115211,0.5781,0.030401839931079734,0.04400956134878471,0.2243,0.1502,0.175,0.107
PTAR1,ENSG00000188647,0.3956,0.030558616221898077,0.04422803554721072,0.3111,0.2365,0.232,0.16
BRD3OS,ENSG00000235106,1.4169,0.030577205495970906,0.044246463804263586,0.1331,0.0498,0.102,0.037
TUT4,ENSG00000134744,0.2986,0.030596650120467576,0.04426612249332297,0.3799,0.3089,0.278,0.202
MED17,ENSG00000042429,1.0208,0.03062202863294436,0.04429435694464764,0.1572,0.0774,0.121,0.055
SND1,ENSG00000197157,0.195,0.030634724667004665,0.044304239061872176,0.6315,0.5516,0.453,0.346
SPINK5,ENSG00000133710,-1.0599,0.030679196391360204,0.04436006291611987,0.1183,0.2468,0.092,0.152
CTNNBL1,ENSG00000132792,0.7223,0.03069869669899745,0.04437976531973321,0.2253,0.1365,0.162,0.096
SMG7,ENSG00000116698,0.4135,0.030722026254205385,0.044404994901572924,0.2592,0.1946,0.205,0.132
CLK3,ENSG00000179335,0.5151,0.030780629259345712,0.044481188610244235,0.2504,0.1752,0.191,0.122
KLHL9,ENSG00000198642,0.6001,0.03080571344204981,0.04450892427896086,0.2262,0.1492,0.173,0.104
TRIP4,ENSG00000103671,1.02,0.030812093574219736,0.04450963039258702,0.1563,0.077,0.121,0.055
RANBP3,ENSG00000031823,0.5011,0.03089641770171217,0.044622908762461375,0.2653,0.1874,0.199,0.13
DHX36,ENSG00000174953,0.2371,0.031036542083902368,0.04481671931266865,0.5819,0.4937,0.407,0.32
TBL3,ENSG00000183751,0.6703,0.03116174555785223,0.044980318626208174,0.2093,0.1315,0.162,0.095
PCNX3,ENSG00000197136,0.7163,0.031157021143959743,0.044980318626208174,0.1846,0.1123,0.146,0.078
SLC27A1,ENSG00000130304,1.2098,0.03118666627153667,0.045007691247652255,0.1467,0.0634,0.111,0.045
ABCC10,ENSG00000124574,1.2986,0.031211173978237132,0.045034457487697,0.1507,0.0612,0.108,0.042
SPATA33,ENSG00000167523,1.108,0.031365909670965336,0.04524908297959578,0.1516,0.0703,0.116,0.05
LRRC47,ENSG00000130764,0.4965,0.03142469985356248,0.045325240052245995,0.2753,0.1951,0.205,0.137
PBX1,ENSG00000185630,0.3771,0.03152607480229588,0.04546277822701763,0.2986,0.2299,0.216,0.144
LRRK1,ENSG00000154237,1.249,0.031612942262411986,0.04557934709780965,0.1449,0.0609,0.105,0.039
FAM8A1,ENSG00000137414,-0.8293,0.031682583954595826,0.04567104021693789,0.1294,0.23,0.097,0.16
ZNF516,ENSG00000101493,0.7367,0.031816140151297585,0.04585481473541649,0.1814,0.1088,0.137,0.07
LINC00891,ENSG00000281852,-1.4438,0.031896680620542954,0.045962125136029375,0.0589,0.1604,0.046,0.11
AP3M1,ENSG00000185009,0.8044,0.031968613950917574,0.046052007788834504,0.208,0.1191,0.151,0.086
EIF3D,ENSG00000100353,0.221,0.03197124829284407,0.046052007788834504,0.7137,0.6124,0.493,0.39
DAGLB,ENSG00000164535,0.7759,0.03200199603398015,0.04608751049117805,0.202,0.1179,0.148,0.083
ADCY7,ENSG00000121281,-1.629,0.032019577549653275,0.046104042002597774,0.048,0.1487,0.038,0.102
AARSD1,ENSG00000266967,0.859,0.032038047051044634,0.046121845554619324,0.1615,0.089,0.129,0.062
BTRC,ENSG00000166167,0.9869,0.032082939575053954,0.04617767355487381,0.1428,0.072,0.113,0.047
MPHOSPH10,ENSG00000124383,0.4757,0.03211862791717604,0.04621143285360217,0.319,0.2293,0.226,0.162
RSBN1L,ENSG00000187257,-0.4054,0.03211818711301688,0.04621143285360217,0.3549,0.4701,0.251,0.302
ALKBH6,ENSG00000239382,0.7298,0.03222766546663673,0.0463594845012263,0.1954,0.1178,0.148,0.082
TMX2,ENSG00000213593,0.3391,0.03223695047886971,0.0463640131101962,0.3492,0.276,0.264,0.19
CHMP4A,ENSG00000254505,-0.6715,0.032249776407021355,0.046373631662551644,0.1812,0.2886,0.143,0.2
RAB3GAP2,ENSG00000118873,0.543,0.032269687366173305,0.046385323980356996,0.2589,0.1776,0.189,0.122
NOP14,ENSG00000087269,0.5577,0.03227632669288375,0.046385323980356996,0.2366,0.1607,0.181,0.113
STK17B,ENSG00000081320,0.3066,0.03227499873391228,0.046385323980356996,0.3956,0.3198,0.286,0.211
NDUFV1,ENSG00000167792,0.2196,0.03229138016687919,0.04639376261551472,0.7101,0.6098,0.501,0.389
PTPN4,ENSG00000088179,-0.7094,0.03229448015817233,0.04639376261551472,0.1873,0.3064,0.135,0.195
PIP4P1,ENSG00000165782,0.3861,0.03233968039665778,0.04644986414386873,0.3207,0.2453,0.243,0.172
COA6,ENSG00000168275,0.305,0.03243291040650723,0.04657491695897399,0.3932,0.3182,0.291,0.217
LYPLAL1,ENSG00000143353,0.3302,0.03257764881530844,0.046773876244708336,0.3516,0.2796,0.261,0.187
MACROD1,ENSG00000133315,-0.6317,0.03261470134124108,0.04681817758561208,0.2049,0.3176,0.156,0.213
PSMB7,ENSG00000136930,0.2261,0.03266341550111271,0.04687919910921476,0.6828,0.5838,0.482,0.373
DNAAF4,ENSG00000256061,0.8617,0.03268667722967399,0.046889715460434064,0.1689,0.0929,0.127,0.06
ERN1,ENSG00000178607,-0.6094,0.03268667722967399,0.046889715460434064,0.2391,0.3648,0.175,0.23
VCPIP1,ENSG00000175073,0.9586,0.03268936218796906,0.046889715460434064,0.1643,0.0845,0.127,0.061
CHERP,ENSG00000085872,0.7526,0.032787941168975536,0.0470221897364484,0.1861,0.1104,0.146,0.079
ADIPOR1,ENSG00000159346,-0.1504,0.03288677458645646,0.04714224445202825,0.694,0.7703,0.488,0.47
IL6R,ENSG00000160712,-0.4832,0.03289037332980025,0.04714224445202825,0.2865,0.4006,0.205,0.259
FAAH2,ENSG00000165591,0.6932,0.03287957811111079,0.04714224445202825,0.1748,0.1081,0.132,0.065
RAB40B,ENSG00000141542,0.797,0.03292367769181013,0.04718102901396539,0.17,0.0978,0.137,0.071
AGER,ENSG00000204305,-0.46,0.032985862952635094,0.047252217407500595,0.3409,0.469,0.224,0.274
BOP1,ENSG00000261236,1.0692,0.03298405906737937,0.047252217407500595,0.1602,0.0763,0.121,0.057
NIPA1,ENSG00000170113,1.2956,0.03305266610151379,0.047338936947286574,0.1342,0.0546,0.105,0.04
KCTD10,ENSG00000110906,0.6759,0.03308972848700637,0.047383036148471024,0.1981,0.1239,0.156,0.09
MLLT3,ENSG00000171843,0.2978,0.03316849089553523,0.04748681991960748,0.3231,0.2628,0.24,0.166
GAB2,ENSG00000033327,-0.8478,0.03320158264052546,0.04752519076338951,0.1589,0.286,0.119,0.178
DEF8,ENSG00000140995,0.4072,0.03323107166795847,0.04755839106865434,0.2991,0.2256,0.229,0.159
C11orf68,ENSG00000175573,1.0998,0.03339753632348879,0.04778757328105261,0.1499,0.0699,0.116,0.051
FBXL15,ENSG00000107872,-0.473,0.03343903564707933,0.047837893261443734,0.2794,0.3878,0.205,0.26
MPLKIP,ENSG00000168303,0.2551,0.033471901530189425,0.047875845524532584,0.4566,0.3825,0.34,0.256
SCRN3,ENSG00000144306,0.8749,0.03348194939362043,0.04788115231285299,0.1776,0.0968,0.135,0.069
OSBPL9,ENSG00000117859,0.2258,0.03364581851497805,0.04810638888733141,0.478,0.4087,0.35,0.263
RNF8,ENSG00000112130,0.6231,0.03369401059192589,0.04816617786603596,0.2103,0.1365,0.164,0.098
RAC3,ENSG00000169750,0.9227,0.03382281149835701,0.04834115415627832,0.1679,0.0885,0.129,0.064
ANKRD9,ENSG00000156381,0.5928,0.03383848023625395,0.048345256842832564,0.2288,0.1517,0.175,0.109
DIMT1,ENSG00000086189,0.6343,0.033833410259655104,0.048345256842832564,0.2181,0.1405,0.167,0.101
CABLES1,ENSG00000134508,-1.0909,0.03387306557581346,0.04838551908210828,0.0863,0.184,0.059,0.124
DFFA,ENSG00000160049,0.4834,0.033886446674102254,0.048395482915471175,0.2736,0.1957,0.208,0.14
ZNF224,ENSG00000267680,1.3587,0.03391229882682615,0.048423250356581286,0.1382,0.0538,0.102,0.038
ERCC1,ENSG00000012061,0.2859,0.03397145278848454,0.04849854985204095,0.3965,0.3252,0.294,0.218
RORA,ENSG00000069667,-0.637,0.033978853232450666,0.048499950155141656,0.239,0.3716,0.175,0.229
PLEKHG2,ENSG00000090924,0.5689,0.03407703929952389,0.04863090893613581,0.2027,0.1366,0.151,0.082
CEMIP2,ENSG00000135048,0.2517,0.03410579988694193,0.04866276074520232,0.4419,0.3711,0.31,0.231
ZNF638,ENSG00000075292,0.2174,0.03415037334309167,0.04871715834725407,0.524,0.4507,0.367,0.282
ANXA7,ENSG00000138279,0.2198,0.03418941595113996,0.04876364687764063,0.6482,0.5566,0.461,0.36
ACAA1,ENSG00000060971,0.2198,0.03422151519710508,0.048800216556083215,0.5686,0.4883,0.415,0.318
IRF1,ENSG00000125347,0.2668,0.034238738442228515,0.0488155631121035,0.4517,0.3754,0.313,0.229
RRP1,ENSG00000160214,0.6824,0.03427693528016068,0.048851583859953585,0.2221,0.1384,0.164,0.1
BAG4,ENSG00000156735,0.7269,0.034274139155334706,0.048851583859953585,0.1835,0.1108,0.146,0.079
YY1AP1,ENSG00000163374,0.4005,0.03436324484631989,0.048965355491125385,0.2917,0.221,0.221,0.151
MRPS26,ENSG00000125901,0.2136,0.034378192891476436,0.048977417932322166,0.6592,0.5685,0.464,0.361
GLUL,ENSG00000135821,0.2328,0.034449740043321936,0.04907009540484488,0.9826,0.8362,0.644,0.495
PDHB,ENSG00000168291,0.2853,0.03446612490671818,0.04908417976819149,0.3971,0.3259,0.302,0.222
MTREX,ENSG00000039123,0.4349,0.0344726807160285,0.04908426362789207,0.2963,0.2192,0.216,0.148
MAFG,ENSG00000197063,0.528,0.03457020687461499,0.0492138520704195,0.2574,0.1785,0.194,0.128
PTGES2,ENSG00000148334,0.3305,0.034584762185326474,0.04922529734554286,0.3584,0.285,0.27,0.197
CUL5,ENSG00000166266,0.3028,0.03461200876199245,0.0492547986808915,0.386,0.3129,0.28,0.208
FAM204A,ENSG00000165669,0.2305,0.03479758334136109,0.04950955595931884,0.5332,0.4545,0.383,0.298
HAT1,ENSG00000128708,0.5237,0.034825445442328344,0.04953986825772748,0.2655,0.1847,0.194,0.128
TK2,ENSG00000166548,0.9231,0.034885957537743546,0.04961660564714843,0.1875,0.0988,0.135,0.071
LLPH,ENSG00000139233,0.408,0.03495082383888181,0.04969950575997592,0.3063,0.2308,0.229,0.16
EIF3B,ENSG00000106263,0.2712,0.03502291277042608,0.049792643202967446,0.4423,0.3665,0.321,0.245
TOX4,ENSG00000092203,0.2428,0.03507991471557165,0.049864300221287634,0.4776,0.4036,0.35,0.27
TEAD4,ENSG00000197905,1.1991,0.03513033229228759,0.049926572699065606,0.1347,0.0586,0.108,0.043
ACTR6,ENSG00000075089,0.7172,0.035173188209447835,0.04997807728463013,0.2012,0.1224,0.151,0.086
NOL11,ENSG00000130935,0.7254,0.03527813502000419,0.05011777173300708,0.2064,0.1248,0.154,0.089
MSRB1,ENSG00000198736,0.5244,0.0354514018596943,0.050354454042111384,0.2509,0.1744,0.191,0.125
CCDC82,ENSG00000149231,0.5626,0.03551620357106034,0.0504370146577746,0.2324,0.1573,0.178,0.112
THOP1,ENSG00000172009,0.8318,0.03552821497157638,0.050444590135361685,0.1777,0.0998,0.137,0.073
GFOD2,ENSG00000141098,1.2884,0.03561672554622064,0.05056075939528315,0.142,0.0581,0.105,0.041
CTR9,ENSG00000198730,0.3981,0.03571507665226345,0.05068133059876979,0.3095,0.2348,0.232,0.162
RTN4,ENSG00000115310,0.1325,0.03571073275349136,0.05068133059876979,1.394,1.2716,0.841,0.68
WRAP73,ENSG00000116213,0.8494,0.035768688471767916,0.050747876320038805,0.1773,0.0983,0.135,0.07
OTUD4,ENSG00000164164,0.6146,0.0358165623126511,0.05080625765529085,0.2178,0.1422,0.164,0.099
MAGI1,ENSG00000151276,0.1543,0.03586400638984803,0.050864007560597314,0.3984,0.358,0.283,0.202
CENATAC,ENSG00000186166,0.5368,0.03588241748735222,0.050880567589516895,0.2451,0.1689,0.181,0.115
SETD3,ENSG00000183576,-0.465,0.035956627958222076,0.05097622897811368,0.2845,0.3927,0.21,0.263
NOMO1,ENSG00000103512,1.0787,0.03600909057883203,0.05104102801558649,0.1432,0.0677,0.113,0.049
DNM2,ENSG00000079805,-0.3754,0.03614589645186866,0.05122533252558013,0.4262,0.5529,0.313,0.341
OGFOD1,ENSG00000087263,0.9467,0.03631642503562306,0.05145735017706906,0.1739,0.0902,0.129,0.066
TFE3,ENSG00000068323,0.64,0.03648567259916605,0.05168746605788477,0.2277,0.1461,0.17,0.106
PCNP,ENSG00000081154,0.2058,0.03654371421370453,0.051759985167704865,0.7324,0.635,0.515,0.402
GGPS1,ENSG00000152904,-1.1867,0.03657719764109539,0.05179769975229159,0.0702,0.16,0.057,0.119
FADS2,ENSG00000134824,-0.5649,0.03666496922428728,0.05191226433461215,0.232,0.3433,0.175,0.227
MCM3AP,ENSG00000160294,0.6556,0.03667681731118657,0.05191930949709846,0.2145,0.1361,0.159,0.094
YME1L1,ENSG00000136758,0.2239,0.036909500540244805,0.052238905316888254,0.5346,0.4577,0.385,0.299
STX7,ENSG00000079950,0.3019,0.03707462066708116,0.05246277563959508,0.4008,0.3251,0.291,0.218
MRFAP1L1,ENSG00000178988,0.3512,0.03722736629759649,0.0526690547524984,0.3554,0.2786,0.259,0.189
COX10,ENSG00000006695,0.8808,0.03725137493859995,0.05269315440200761,0.153,0.0831,0.121,0.056
NDUFA5,ENSG00000128609,0.215,0.03743989903904025,0.052949913373258904,0.8213,0.7075,0.569,0.44
ABCA5,ENSG00000154265,-0.9596,0.03756468863273828,0.05311645566541975,0.1089,0.2118,0.081,0.142
CITED4,ENSG00000179862,1.2896,0.03768882134245531,0.05328200696898388,0.1403,0.0573,0.105,0.042
LMTK2,ENSG00000164715,0.4171,0.03776721412904864,0.0533728587252081,0.2606,0.1951,0.199,0.13
MAK16,ENSG00000198042,0.9695,0.03776417699070879,0.0533728587252081,0.16,0.0817,0.124,0.06
UCHL5,ENSG00000116750,0.4361,0.03786400501587378,0.05349963678603449,0.308,0.2276,0.224,0.158
POLR3D,ENSG00000168495,0.8578,0.0378741523804316,0.0535039680692148,0.1858,0.1025,0.137,0.074
C1D,ENSG00000197223,0.2187,0.03790765509682488,0.05354128514797382,0.5472,0.4702,0.399,0.31
ZZZ3,ENSG00000036549,0.4745,0.03800424307679379,0.053667674101902256,0.2378,0.1711,0.181,0.114
RCAN2,ENSG00000172348,0.571,0.03801493142422128,0.053672735359744296,0.1816,0.1222,0.14,0.074
DOHH,ENSG00000129932,0.576,0.03803122334556251,0.05368570485346128,0.2213,0.1485,0.173,0.108
YTHDF3,ENSG00000185728,0.4151,0.03814083873344165,0.05383038233348621,0.2889,0.2166,0.216,0.148
HAX1,ENSG00000143575,-0.2437,0.03818373813466473,0.053880863206460974,0.5298,0.6274,0.383,0.396
PAXX,ENSG00000310560,0.2271,0.038318832011256646,0.05406139604949467,0.5117,0.4372,0.372,0.287
CXCL8,ENSG00000169429,0.3405,0.03833318395357711,0.054071546820253,0.3947,0.3117,0.235,0.161
CEP170,ENSG00000143702,0.4248,0.03844199701069882,0.05421491271529394,0.2778,0.2069,0.205,0.137
COG5,ENSG00000164597,0.6081,0.03852429381709941,0.05432083609335312,0.2022,0.1326,0.148,0.083
TMEM91,ENSG00000142046,-0.7772,0.03856549834047311,0.05436878894612322,0.1526,0.2616,0.113,0.172
MYO9B,ENSG00000099331,0.7007,0.03864647110207506,0.054472777831376315,0.1858,0.1143,0.14,0.076
GNA13,ENSG00000120063,0.9717,0.03870173910443743,0.054530331766882656,0.1632,0.0832,0.124,0.061
DYM,ENSG00000141627,0.4064,0.038698638187686166,0.054530331766882656,0.252,0.1901,0.189,0.121
FRG1,ENSG00000109536,0.2975,0.03871311093894658,0.05453618369266109,0.3753,0.3053,0.278,0.205
NCOA4,ENSG00000266412,0.2246,0.03873379427572767,0.05455514835069399,0.5509,0.4714,0.402,0.308
SLC6A6,ENSG00000131389,0.4434,0.03874207023907322,0.0545566338594964,0.3109,0.2286,0.221,0.156
SLC12A9,ENSG00000146828,0.8654,0.03877984838948485,0.054599656090674256,0.1811,0.0994,0.135,0.072
NDFIP1,ENSG00000131507,0.2209,0.03880107997738616,0.05461937008182456,0.9561,0.8204,0.631,0.496
NXF1,ENSG00000162231,0.4485,0.03882439430705152,0.05463183069282441,0.2734,0.2003,0.205,0.138
XAB2,ENSG00000076924,-0.5162,0.03882180323838066,0.05463183069282441,0.2745,0.3926,0.213,0.256
DHRS7B,ENSG00000109016,0.3813,0.03884046221232294,0.054634088999087664,0.3034,0.2329,0.229,0.16
AK2,ENSG00000004455,0.209,0.03884046221232294,0.054634088999087664,0.659,0.5701,0.461,0.364
BCL7B,ENSG00000106635,0.2535,0.03885342431525486,0.05464214830635712,0.4424,0.3711,0.334,0.253
SS18L2,ENSG00000008324,0.3351,0.038867427513979015,0.054651668503277774,0.372,0.2949,0.275,0.206
FAAH,ENSG00000117480,0.5853,0.03896868908433759,0.05478385672351516,0.2243,0.1495,0.167,0.102
HERC1,ENSG00000103657,-0.7522,0.03899989153928239,0.05481752196823785,0.175,0.2949,0.129,0.186
YEATS2,ENSG00000163872,1.0775,0.03915726630353009,0.05502415755985175,0.1559,0.0738,0.113,0.05
BRD2,ENSG00000204256,0.2054,0.03916770748653613,0.05502415755985175,0.7145,0.6197,0.491,0.384
ELMOD3,ENSG00000115459,1.1806,0.03916875173486204,0.05502415755985175,0.149,0.0657,0.108,0.045
MRGBP,ENSG00000101189,1.2339,0.03919068641177922,0.05504473616675813,0.1443,0.0613,0.108,0.045
GATD1,ENSG00000177225,0.8591,0.039232495606399485,0.055093216413819354,0.1833,0.101,0.135,0.072
PRPSAP2,ENSG00000141127,0.4621,0.039251845164446804,0.05511014499487002,0.2671,0.1939,0.202,0.136
WASHC2C,ENSG00000172661,0.711,0.03930575283297741,0.05517557834506583,0.1845,0.1127,0.146,0.081
UBXN11,ENSG00000158062,0.9662,0.03939906184527613,0.055296286873687754,0.1511,0.0773,0.119,0.055
GALM,ENSG00000143891,-1.1246,0.03943843371480821,0.055341264248769687,0.0851,0.1857,0.067,0.128
ADRB2,ENSG00000169252,0.3448,0.039505179579685135,0.05542393060739941,0.3656,0.2878,0.259,0.188
MTX2,ENSG00000128654,0.2864,0.03951201724043061,0.05542393060739941,0.3787,0.3105,0.286,0.212
GSTO1,ENSG00000148834,0.2103,0.039548852684473626,0.05546530202918104,0.6876,0.5944,0.472,0.377
WWTR1,ENSG00000018408,0.1857,0.039573074701092004,0.055488971671631415,0.6085,0.535,0.423,0.328
TFB1M,ENSG00000029639,0.642,0.039600471272495906,0.05551708303279024,0.1989,0.1274,0.154,0.089
EVL,ENSG00000196405,0.4108,0.039782115930491004,0.05576138884134685,0.3001,0.2257,0.216,0.149
LRWD1,ENSG00000161036,1.2469,0.039795873579231006,0.05577032552236881,0.1384,0.0583,0.105,0.043
SELENOO,ENSG00000073169,0.8064,0.03981069402340091,0.055780748024257025,0.1856,0.1061,0.135,0.071
MED21,ENSG00000152944,-0.4505,0.03991562944777819,0.05591075700482454,0.3123,0.4268,0.237,0.28
SMIM10L1,ENSG00000256537,0.3916,0.03991828236717718,0.05591075700482454,0.3366,0.2565,0.243,0.177
RNF24,ENSG00000101236,0.4324,0.03997880952998799,0.05598515403133628,0.2615,0.1937,0.199,0.132
ITPR2,ENSG00000123104,-0.6416,0.03999528212923959,0.055997842195404955,0.2164,0.3376,0.151,0.208
KIF3B,ENSG00000101350,0.5943,0.04005697262653164,0.05607382401212647,0.2298,0.1522,0.173,0.109
SDHD,ENSG00000204370,-0.3215,0.040130468159361596,0.056155896822370224,0.4198,0.5246,0.305,0.338
RABGEF1,ENSG00000154710,0.662,0.04012353979073695,0.056155896822370224,0.1635,0.1033,0.129,0.064
ZNF32,ENSG00000169740,0.4146,0.040250008755297044,0.056312743730790586,0.2899,0.2174,0.221,0.154
PTPN11,ENSG00000179295,0.253,0.04029705368616315,0.056368124532301916,0.4816,0.4042,0.342,0.265
SLC35C1,ENSG00000181830,0.5958,0.040311497271395484,0.05637789001950997,0.2067,0.1368,0.162,0.097
SAMD1,ENSG00000141858,0.7432,0.04035271235150315,0.0564146450435985,0.1984,0.1185,0.148,0.086
ZNF692,ENSG00000171163,0.9283,0.04035057042881777,0.0564146450435985,0.1641,0.0862,0.121,0.058
MMS19,ENSG00000155229,0.5384,0.04037092258732829,0.05642966145185296,0.2344,0.1613,0.175,0.11
CERK,ENSG00000100422,0.9313,0.04043632257087617,0.056510620980941444,0.1716,0.09,0.127,0.064
SQOR,ENSG00000137767,-0.2415,0.040450271878255784,0.05651966044760911,0.5428,0.6418,0.38,0.404
DTYMK,ENSG00000168393,0.5199,0.04050181236243341,0.056581211612090315,0.2404,0.1677,0.183,0.118
BYSL,ENSG00000112578,1.2421,0.040563626853805164,0.05665709019791052,0.1294,0.0547,0.102,0.04
ADORA2B,ENSG00000170425,1.0768,0.04061367443865293,0.05671650838891366,0.1601,0.0758,0.116,0.054
SLC20A1,ENSG00000144136,0.3956,0.040725798302677856,0.05686257737511203,0.3031,0.2303,0.224,0.157
AP3S2,ENSG00000157823,0.7221,0.04090801739170205,0.057106443347063746,0.1729,0.1048,0.135,0.071
EP400,ENSG00000183495,0.5974,0.0409871752030121,0.0572063751447915,0.2049,0.1354,0.156,0.092
MID1,ENSG00000101871,0.631,0.04102517358433171,0.05724883384366939,0.2092,0.1351,0.151,0.087
DHX8,ENSG00000067596,0.7837,0.04109854046843412,0.057319452323983715,0.1945,0.113,0.143,0.081
PKN1,ENSG00000123143,0.4144,0.041095277359273444,0.057319452323983715,0.2958,0.2219,0.221,0.155
DYNLT2B,ENSG00000213123,1.0174,0.04109201446960859,0.057319452323983715,0.1359,0.0671,0.111,0.047
KIN,ENSG00000151657,0.5071,0.04115840304941407,0.05739234681401316,0.2331,0.164,0.181,0.115
MUL1,ENSG00000090432,0.8759,0.04116602721943662,0.05739238524503482,0.1663,0.0906,0.129,0.067
DESI1,ENSG00000100418,-0.425,0.041204166017769564,0.05743495835133746,0.3166,0.4251,0.24,0.283
AMOTL1,ENSG00000166025,0.404,0.04121833947836652,0.057444116354742496,0.2682,0.2027,0.202,0.136
DDX50,ENSG00000107625,0.4821,0.04126470461522588,0.05749812677388999,0.2458,0.1759,0.189,0.123
ZNF800,ENSG00000048405,0.4233,0.04131985473192128,0.05756435598371109,0.2845,0.2121,0.213,0.148
CRNKL1,ENSG00000101343,0.8862,0.041351553305105794,0.05759789550517594,0.1747,0.0945,0.129,0.067
CLEC11A,ENSG00000105472,-0.9793,0.04136959789106221,0.057606359045074836,0.1015,0.2002,0.075,0.136
TARDBP,ENSG00000120948,0.2905,0.04137287944124104,0.057606359045074836,0.3787,0.3096,0.286,0.212
UQCC4,ENSG00000174109,0.5605,0.04145225063498169,0.05770623798549597,0.2285,0.1549,0.175,0.111
AUTS2,ENSG00000158321,-0.7172,0.0415795127382659,0.05787273742402337,0.2672,0.4393,0.202,0.244
TRDMT1,ENSG00000107614,1.0875,0.04165426834755715,0.05796610745363681,0.1506,0.0708,0.111,0.048
DLST,ENSG00000119689,0.4805,0.04187590271950626,0.058263802034230164,0.2819,0.202,0.205,0.141
EXOSC9,ENSG00000123737,0.7367,0.04189248254626455,0.05827613802928166,0.1866,0.1119,0.143,0.08
SLC25A51,ENSG00000122696,1.0156,0.04191349163572809,0.05829462984313802,0.1528,0.0755,0.116,0.054
ZNF444,ENSG00000167685,0.2923,0.04203418985642859,0.058451740173995584,0.3764,0.3074,0.278,0.205
DNAJB14,ENSG00000164031,-0.4015,0.04204416889683808,0.05845485756636211,0.3613,0.4773,0.27,0.306
SNX12,ENSG00000147164,0.709,0.042069679997325624,0.05847956437530728,0.1908,0.1167,0.148,0.085
ATG3,ENSG00000144848,0.2681,0.04209742430968958,0.05849201707185613,0.4609,0.3827,0.329,0.259
CYP2R1,ENSG00000186104,1.013,0.04208798950688453,0.05849201707185613,0.1452,0.0719,0.113,0.051
MAPKAPK5,ENSG00000089022,0.513,0.042101864836102405,0.05849201707185613,0.2354,0.1649,0.181,0.116
DYNC2I1,ENSG00000126870,0.357,0.04211185746965926,0.05849514307469676,0.2926,0.2284,0.218,0.15
CMBL,ENSG00000164237,0.4845,0.04239805067359771,0.058881851624821825,0.2727,0.1949,0.199,0.135
IFT88,ENSG00000032742,0.6561,0.04245951149389765,0.05895637003058202,0.2269,0.1439,0.159,0.096
RNASEH1,ENSG00000171865,0.5557,0.042719032414692104,0.059305823207092774,0.229,0.1558,0.178,0.114
A1BG,ENSG00000121410,0.9386,0.04276232229223418,0.05935501468268036,0.1664,0.0868,0.116,0.053
SRPRB,ENSG00000144867,0.2846,0.04285014015819054,0.05946598253033239,0.3663,0.3007,0.275,0.2
SIN3A,ENSG00000169375,0.5454,0.04291441112769835,0.05954347903988456,0.2327,0.1594,0.175,0.112
MCCC2,ENSG00000131844,0.4041,0.04292174544688435,0.05954347903988456,0.3363,0.2541,0.237,0.175
SPG11,ENSG00000104133,0.4153,0.04293811043882116,0.059555245890452344,0.2636,0.1977,0.197,0.131
FAM193B,ENSG00000146067,0.9152,0.042995146933933005,0.059623409523836976,0.1712,0.0907,0.124,0.062
EXOC5,ENSG00000070367,0.5799,0.04310997836387031,0.05976071312642939,0.2534,0.1695,0.181,0.119
PRELID3B,ENSG00000101166,0.2446,0.04310601434892459,0.05976071312642939,0.4751,0.401,0.35,0.27
RPS6KB2,ENSG00000175634,0.2892,0.04326424739601177,0.05996356431423022,0.3892,0.3185,0.294,0.219
CNOT1,ENSG00000125107,0.2839,0.04334952160511056,0.06007073289189477,0.3893,0.3197,0.283,0.212
RETREG3,ENSG00000141699,0.5841,0.043747627693119906,0.06061128318751529,0.2354,0.157,0.173,0.11
EPM2AIP1,ENSG00000178567,-0.5273,0.043876798543542726,0.06077910029271457,0.2179,0.3141,0.154,0.213
BLOC1S6,ENSG00000104164,0.3207,0.043994191655330354,0.06093054407993049,0.3455,0.2766,0.261,0.192
WDR37,ENSG00000047056,1.0473,0.04406163963006223,0.0610127726182405,0.1552,0.0751,0.113,0.052
MT-ND4L,ENSG00000212907,0.1517,0.04407317793015052,0.061017566293254014,1.9076,1.7172,0.976,0.794
LRCH3,ENSG00000186001,0.6231,0.04427724909683768,0.06128886348966814,0.1986,0.1289,0.148,0.085
B3GALT6,ENSG00000176022,1.0176,0.044634105617417354,0.06174805847992513,0.1578,0.0779,0.119,0.058
MECR,ENSG00000116353,0.9252,0.04462652495680397,0.06174805847992513,0.1611,0.0848,0.124,0.063
COPS6,ENSG00000168090,0.2144,0.04464635359470384,0.06174805847992513,0.5625,0.4848,0.404,0.317
MYG1,ENSG00000139637,0.288,0.04464985353750244,0.06174805847992513,0.3766,0.3084,0.28,0.209
EIF3I,ENSG00000084623,0.2176,0.04463060671600473,0.06174805847992513,0.8556,0.7358,0.585,0.452
SRSF1,ENSG00000136450,0.2321,0.04473216884701297,0.06185057387247126,0.4906,0.4177,0.356,0.277
CANX,ENSG00000127022,0.2876,0.04474619270408117,0.061858643344800235,1.3214,1.0825,0.811,0.605
DNAJC4,ENSG00000110011,0.212,0.04475729755413978,0.061862675269214414,0.5302,0.4577,0.383,0.296
G6PD,ENSG00000160211,0.3792,0.04487140279861034,0.062009044840589195,0.3177,0.2443,0.235,0.168
KLHL36,ENSG00000135686,0.6836,0.044961689979043,0.06212245204675747,0.1909,0.1188,0.148,0.086
POFUT1,ENSG00000101346,1.0598,0.044998669773734054,0.062162177754719466,0.1488,0.0713,0.113,0.052
NFKBIE,ENSG00000146232,1.2586,0.045023924674825626,0.062185694866235396,0.1353,0.0565,0.102,0.041
FAF2,ENSG00000113194,0.3389,0.04508387945320813,0.06225712105081108,0.3513,0.2777,0.253,0.187
C2CD2,ENSG00000157617,1.1337,0.04515214511254145,0.062339995673474174,0.1447,0.0659,0.108,0.047
PPP1R12C,ENSG00000125503,0.6687,0.04521696027148576,0.06241807689586605,0.2245,0.1412,0.159,0.099
PECR,ENSG00000115425,-1.516,0.04527831217534483,0.06249134974145601,0.0487,0.1394,0.04,0.1
NSMCE3,ENSG00000185115,0.6888,0.04537342803404103,0.06261118699491872,0.2083,0.1292,0.156,0.095
TRIM44,ENSG00000166326,0.2172,0.045396493843500106,0.06263157614821828,0.4962,0.4268,0.358,0.278
ROR1,ENSG00000185483,0.6346,0.04565859776068778,0.06298168816541833,0.1925,0.124,0.14,0.077
SMARCD3,ENSG00000082014,-0.5898,0.045693085938818316,0.06300625374480241,0.197,0.2965,0.148,0.203
C17orf75,ENSG00000108666,0.892,0.04569070673931731,0.06300625374480241,0.1515,0.0816,0.121,0.06
DENND6B,ENSG00000205593,1.0543,0.04590047624579761,0.06328067482427024,0.1469,0.0707,0.111,0.049
GYG1,ENSG00000163754,0.4809,0.04598174053450308,0.06338114390406327,0.2349,0.1683,0.183,0.119
TCEAL2,ENSG00000184905,-1.3027,0.046071510764248876,0.06349329876393656,0.0614,0.1517,0.046,0.106
USP19,ENSG00000172046,1.0008,0.04614583221863734,0.06358412591862213,0.1605,0.0802,0.119,0.058
C1orf35,ENSG00000143793,0.3852,0.046255099760021824,0.06372306321790024,0.3113,0.2384,0.229,0.165
PPP1R12B,ENSG00000077157,0.5433,0.046297183705655325,0.06376941164926636,0.2233,0.1532,0.162,0.099
MRTO4,ENSG00000053372,0.3967,0.04644171633926507,0.06395682955580526,0.2604,0.1978,0.205,0.138
PARP2,ENSG00000129484,1.1095,0.04655882432031662,0.06410641839620777,0.1507,0.0698,0.111,0.05
RNF32-DT,ENSG00000182648,0.7892,0.04667860309319728,0.06424792245747958,0.1559,0.0902,0.124,0.062
KLF11,ENSG00000172059,1.1216,0.04667194192015356,0.06424792245747958,0.1593,0.0732,0.113,0.053
ZNF205,ENSG00000122386,0.9804,0.04675617376574087,0.06434296772316435,0.1567,0.0794,0.119,0.058
SLC12A6,ENSG00000140199,0.7393,0.04684357040639528,0.06445149780009403,0.1819,0.1089,0.137,0.076
SLC26A11,ENSG00000181045,1.0329,0.046876379565235944,0.06448489577847005,0.1509,0.0737,0.113,0.053
CDC42EP4,ENSG00000179604,0.4537,0.046971270205673814,0.06460366765043976,0.2613,0.1907,0.197,0.133
B9D2,ENSG00000123810,0.7239,0.046985883099152234,0.06461200342448037,0.1777,0.1076,0.137,0.076
SMC6,ENSG00000163029,0.8156,0.047006591244984124,0.06462871644328573,0.1695,0.0962,0.129,0.068
KIAA2013,ENSG00000116685,0.553,0.0472361113657898,0.06493246385890501,0.233,0.1587,0.175,0.113
APC,ENSG00000134982,0.6047,0.04724589905013258,0.06493410356990206,0.2282,0.1501,0.164,0.103
UQCC6,ENSG00000204954,0.7237,0.0474211418472291,0.06516310051942813,0.1899,0.115,0.143,0.082
CTDSPL,ENSG00000144677,0.3916,0.04752310665012498,0.06529133856004622,0.282,0.2149,0.213,0.148
TBC1D22A-DT,ENSG00000260708,-0.8494,0.04763757528775031,0.06543670569071883,0.1369,0.2467,0.111,0.164
C5orf22,ENSG00000082213,0.9709,0.047702913725056265,0.06551454520865299,0.1472,0.0751,0.116,0.055
PLS1,ENSG00000120756,0.3684,0.047735611182235765,0.06553562465596788,0.3021,0.234,0.226,0.161
ZMYND19,ENSG00000165724,0.981,0.047735611182235765,0.06553562465596788,0.1602,0.0811,0.119,0.058
NUDT22,ENSG00000149761,0.3114,0.04774486859913348,0.06553642483038762,0.3881,0.3127,0.28,0.214
ANKS6,ENSG00000165138,0.7653,0.047878342808608455,0.06570769844124194,0.179,0.1053,0.135,0.074
ATF5,ENSG00000169136,0.5872,0.04791423646643589,0.06574501571084693,0.2156,0.1435,0.164,0.102
RNF41,ENSG00000181852,0.4501,0.04811267724068785,0.0660053162435803,0.2757,0.2018,0.205,0.143
TMEM59,ENSG00000116209,0.2827,0.048157421449968735,0.06605470571069604,1.5363,1.2629,0.892,0.68
PTPN12,ENSG00000127947,0.1616,0.04823580793756521,0.06615021400767929,0.5479,0.4898,0.396,0.303
MCOLN1,ENSG00000090674,0.741,0.04831056135794526,0.06624070618135688,0.1945,0.1164,0.143,0.082
NOL6,ENSG00000165271,1.1822,0.04833799531661011,0.06626629552113761,0.1385,0.061,0.105,0.045
AKAP17A,ENSG00000197976,0.4955,0.04860929567976013,0.06662613005453334,0.2373,0.1683,0.181,0.118
SETD2,ENSG00000181555,0.1976,0.048830274542490774,0.06691687360212549,0.375,0.3269,0.288,0.209
PXMP2,ENSG00000176894,-0.7407,0.048908319969552694,0.06701167163039003,0.1502,0.251,0.121,0.174
ZNF268,ENSG00000090612,1.1083,0.04897133607668237,0.06708584661094022,0.15,0.0695,0.111,0.051
FAM20C,ENSG00000177706,1.1783,0.04911147544675763,0.06726562672230854,0.1449,0.064,0.105,0.045
SAR1A,ENSG00000079332,-0.2316,0.04912158857064763,0.06726728324292965,0.5477,0.6432,0.394,0.401
SLC41A2,ENSG00000136052,0.6767,0.04931407022772196,0.06751863004176141,0.1688,0.1056,0.129,0.068
KYAT3,ENSG00000137944,0.5916,0.0493635588583222,0.06757414154278388,0.2219,0.1472,0.164,0.104
SLC35E3,ENSG00000175782,0.8084,0.049464568574191355,0.06770014774964052,0.1546,0.0882,0.124,0.063
ADCY6,ENSG00000174233,0.9251,0.04958486221962264,0.06785249666170061,0.1703,0.0897,0.121,0.061
CRK,ENSG00000167193,0.2196,0.04974435766433258,0.06805842487396462,0.4547,0.3905,0.342,0.263
HNRNPU,ENSG00000153187,0.2207,0.04979932346074734,0.06812129073799496,1.1761,1.0092,0.741,0.572
GCSH,ENSG00000140905,-0.5008,0.05017006768099624,0.06861601399890054,0.2445,0.346,0.186,0.235
IREB2,ENSG00000136381,0.4594,0.05023444446151655,0.0686916249604991,0.2825,0.2055,0.202,0.141
BBS2,ENSG00000125124,0.9266,0.05028083860302165,0.06874262317152163,0.1638,0.0861,0.121,0.062
NMD3,ENSG00000169251,0.5624,0.05030146974549733,0.0687583868151316,0.2178,0.1475,0.167,0.106
CSGALNACT2,ENSG00000169826,0.7889,0.050334365292649515,0.06879090625650634,0.1839,0.1064,0.135,0.075
GALNT12,ENSG00000119514,0.5647,0.05051723108632731,0.06902833800998423,0.2292,0.155,0.17,0.109
SMAD4,ENSG00000141646,0.3571,0.05057809398259473,0.0690990054319174,0.2897,0.2261,0.218,0.153
CPT2,ENSG00000157184,-1.2428,0.050705846383678164,0.06926101417983882,0.0633,0.1499,0.049,0.107
MINDY3,ENSG00000148481,0.6701,0.050725324760587095,0.06927509554704184,0.1828,0.1148,0.14,0.079
ANKRD28,ENSG00000206560,0.132,0.05089114417100146,0.06946388332645276,0.5947,0.5426,0.412,0.316
RNF214,ENSG00000167257,0.7271,0.05087421633538133,0.06946388332645276,0.1828,0.1104,0.137,0.077
MECOM,ENSG00000085276,-0.3555,0.05089114417100146,0.06946388332645276,0.5542,0.7091,0.391,0.394
ZSCAN16-AS1,ENSG00000269293,-0.6384,0.050982375165206734,0.06957583894023427,0.1824,0.284,0.137,0.191
EXOC4,ENSG00000131558,0.1886,0.05102804199879164,0.06961835353476964,0.2898,0.2543,0.221,0.15
TEX261,ENSG00000144043,0.5934,0.051031957892197784,0.06961835353476964,0.2129,0.1411,0.164,0.103
RILPL2,ENSG00000150977,-0.3963,0.051051541134087206,0.0696324956252083,0.3387,0.4458,0.251,0.291
CDK18,ENSG00000117266,0.9533,0.051190108813621724,0.06980889387850399,0.1534,0.0792,0.116,0.056
LBR,ENSG00000143815,0.4176,0.05126999324499996,0.06990521547842893,0.2956,0.2213,0.216,0.154
MED16,ENSG00000175221,0.4916,0.051285720493712425,0.0699140415608079,0.2627,0.1868,0.191,0.131
CDK8,ENSG00000132964,0.7754,0.05139067206414955,0.0700444754545643,0.1476,0.0862,0.116,0.055
VPS18,ENSG00000104142,0.9737,0.05143270300124183,0.07008911817719733,0.1497,0.0762,0.116,0.056
KITLG,ENSG00000049130,0.388,0.05147476270802917,0.07013378399624173,0.291,0.2223,0.21,0.147
S100P,ENSG00000163993,-1.5002,0.0517990589621519,0.07056290848522495,0.0593,0.1681,0.046,0.103
LHFPL6,ENSG00000183722,-1.2761,0.0518651814376838,0.07064024621627928,0.0777,0.1884,0.059,0.116
BZW2,ENSG00000136261,0.2169,0.051877090979567365,0.07064373149795088,0.4496,0.3868,0.329,0.252
UBTD1,ENSG00000165886,-0.2947,0.05197775170657623,0.07076805084577102,0.4659,0.5715,0.337,0.359
COLGALT1,ENSG00000130309,1.1635,0.05213569338672567,0.07097029973634458,0.1311,0.0585,0.102,0.043
HAUS2,ENSG00000137814,0.7413,0.052155630459217533,0.07098464927389452,0.1603,0.0958,0.129,0.069
HNRNPH2,ENSG00000126945,-0.5004,0.05228271273784721,0.07114479372017933,0.2587,0.366,0.205,0.247
RLF,ENSG00000117000,0.5105,0.05230736068579487,0.07116551593394205,0.2114,0.1483,0.159,0.097
TCEAL3,ENSG00000196507,0.225,0.05233668440630587,0.07119259104962926,0.4895,0.4188,0.353,0.276
MED13L,ENSG00000123066,-0.5121,0.052591845787404376,0.07152680376666787,0.3109,0.4434,0.229,0.268
INO80C,ENSG00000153391,0.3873,0.05267355589155491,0.07162503865383321,0.2732,0.2089,0.21,0.146
PARAIL,ENSG00000251136,0.9963,0.0527627541692015,0.07173341870583361,0.1388,0.0695,0.102,0.043
CARM1,ENSG00000142453,0.638,0.05285409495170263,0.07184467206911,0.1714,0.1101,0.14,0.079
MRPL35,ENSG00000132313,0.7464,0.05292672438202644,0.07193045560464288,0.1758,0.1048,0.135,0.075
REX1BD,ENSG00000006015,0.1868,0.05303919517451664,0.07207034524163188,0.6116,0.5374,0.434,0.343
IRX5,ENSG00000176842,-0.8026,0.05309381875351668,0.0721186265161486,0.1149,0.2005,0.081,0.139
MRPL24,ENSG00000143314,0.2867,0.05309179482018614,0.0721186265161486,0.3551,0.2911,0.267,0.197
MTF2,ENSG00000143033,0.5136,0.053116086274917484,0.07213590361441696,0.2523,0.1767,0.183,0.124
VLDLR,ENSG00000147852,0.9308,0.05317955774202438,0.07220912270686453,0.1585,0.0831,0.116,0.057
CCDC85B,ENSG00000175602,0.3369,0.053262030074764107,0.0723081109101245,0.3528,0.2793,0.253,0.191
SDHA,ENSG00000073578,0.252,0.05333919091824836,0.07239985400419806,0.3687,0.3096,0.283,0.21
DHDDS,ENSG00000117682,0.6791,0.05373866264455926,0.07291587576861444,0.1751,0.1093,0.137,0.078
PRPF3,ENSG00000117360,0.5981,0.053736618201645665,0.07291587576861444,0.1842,0.1217,0.146,0.084
PCF11,ENSG00000165494,-0.525,0.05375570219437282,0.07292589873917878,0.2449,0.3525,0.183,0.23
RALGPS1,ENSG00000136828,0.7655,0.05378092900601929,0.07294702309523801,0.1778,0.1046,0.127,0.067
PRKG1,ENSG00000185532,-1.6589,0.053953007061056706,0.07316728923824868,0.0713,0.2255,0.057,0.111
CDK12,ENSG00000167258,0.3335,0.05398583588330757,0.07319867015405396,0.3068,0.2434,0.229,0.164
MANSC1,ENSG00000111261,0.6443,0.0540460653599231,0.07326718532105134,0.2146,0.1373,0.159,0.1
RAP1GDS1,ENSG00000138698,0.5431,0.05410292408911821,0.07333110719291139,0.2158,0.1481,0.162,0.101
PLPP3,ENSG00000162407,0.3442,0.0542092397157114,0.07346202799142594,0.3132,0.2467,0.218,0.155
ZDHHC8,ENSG00000099904,0.8482,0.0543239812703738,0.07360431823846378,0.15,0.0833,0.119,0.059
MIR22HG,ENSG00000186594,0.2621,0.05441963917584878,0.07372070539242201,0.4378,0.3651,0.305,0.236
UBXN1,ENSG00000162191,0.2117,0.05443892538898118,0.07373361084864696,0.9883,0.8535,0.644,0.506
CNOT6,ENSG00000113300,0.5358,0.05445821730381087,0.07374651939958615,0.2054,0.1416,0.159,0.098
LUC7L3,ENSG00000108848,-0.2143,0.05449337080330308,0.07378089899981269,0.6186,0.7176,0.431,0.431
THUMPD3,ENSG00000134077,0.4331,0.05452992292691569,0.07381715959735675,0.2336,0.173,0.186,0.123
UBAC1,ENSG00000130560,0.6617,0.054569256524304686,0.07385717180958831,0.2235,0.1413,0.156,0.098
POLR2M,ENSG00000255529,0.6074,0.054616902539926335,0.07390841817824528,0.2012,0.132,0.156,0.096
RPH3AL,ENSG00000181031,-0.7229,0.05465145031606567,0.07394192463070848,0.1749,0.2887,0.143,0.191
FAHD1,ENSG00000180185,0.6431,0.054705381240310644,0.07400163926061717,0.1907,0.1221,0.148,0.089
MED4,ENSG00000136146,0.2237,0.05483000663514024,0.07414367283488178,0.4331,0.3709,0.326,0.251
ENSG00000278743,ENSG00000278743,1.0326,0.05483000663514024,0.07414367283488178,0.1319,0.0644,0.102,0.043
SNX1,ENSG00000028528,0.1949,0.054881310146914525,0.07419399154722087,0.5117,0.447,0.372,0.289
ACSF2,ENSG00000167107,0.473,0.05488685886928093,0.07419399154722087,0.2578,0.1857,0.186,0.126
RABEP2,ENSG00000177548,0.7243,0.05492224297182699,0.07421526482778625,0.1764,0.1067,0.135,0.075
CCDC88A,ENSG00000115355,1.1172,0.05492154898312481,0.07421526482778625,0.1467,0.0676,0.105,0.047
PAPOLA,ENSG00000090060,0.1965,0.054967367923781214,0.07426187671798827,0.8329,0.7268,0.566,0.448
UCKL1,ENSG00000198276,0.5398,0.054976396622595416,0.07426187671798827,0.2116,0.1455,0.162,0.1
TPRG1L,ENSG00000158109,0.5849,0.05509109912540318,0.07440351338799088,0.2194,0.1462,0.164,0.105
RAD51C,ENSG00000108384,0.5638,0.05513285855968977,0.07444660347068029,0.2216,0.1499,0.167,0.108
MRPS2,ENSG00000122140,0.3251,0.05529597256094948,0.07465351549284728,0.2988,0.2385,0.235,0.168
UEVLD,ENSG00000151116,0.8258,0.05532389551007307,0.07467786860435985,0.1586,0.0894,0.121,0.062
SCAF11,ENSG00000139218,0.1838,0.055491680095175154,0.07487759298429153,0.7157,0.63,0.499,0.393
MITF,ENSG00000187098,0.761,0.055490980114034964,0.07487759298429153,0.1698,0.1002,0.129,0.07
SKIC2,ENSG00000204351,0.9083,0.05568656039157614,0.0751137232205602,0.1526,0.0813,0.116,0.057
SF3B3,ENSG00000189091,0.3752,0.05568515634146933,0.0751137232205602,0.284,0.2189,0.213,0.15
EPB41L4A-AS1,ENSG00000224032,-0.516,0.05599052717549869,0.07551025219758882,0.2234,0.3194,0.162,0.214
STN1,ENSG00000107960,0.2775,0.05615575200002049,0.07571956208462517,0.3786,0.3123,0.28,0.213
PRKD3,ENSG00000115825,0.5265,0.05632138261249614,0.07592934433215709,0.2116,0.1469,0.162,0.101
POP4,ENSG00000105171,0.36,0.05649878756759397,0.07615492240377741,0.2884,0.2247,0.221,0.158
YWHAB,ENSG00000166913,0.265,0.0566951825938546,0.07640601221843944,1.409,1.1726,0.833,0.647
TNKS,ENSG00000173273,0.4828,0.05705743207770169,0.0768804885584156,0.2129,0.1523,0.156,0.095
VAPB,ENSG00000124164,0.4536,0.057079643775309906,0.07689670269658815,0.2544,0.1858,0.191,0.131
SBNO1,ENSG00000139697,0.4287,0.05710688082943347,0.0769196799191246,0.2896,0.2151,0.21,0.151
OGFOD3,ENSG00000181396,0.3073,0.05720229566970313,0.07703446413272856,0.3044,0.246,0.237,0.171
NCOA6,ENSG00000198646,0.5305,0.057456903293675775,0.07736355451500988,0.2274,0.1574,0.167,0.108
C4orf19,ENSG00000154274,0.3435,0.05768859027512887,0.07766167133439035,0.2371,0.1868,0.175,0.113
TRAPPC6B,ENSG00000182400,0.5196,0.05776020164289486,0.07774422294888128,0.2175,0.1517,0.167,0.107
EXOC6B,ENSG00000144036,0.6328,0.05802922105554045,0.07809240560644962,0.1538,0.0991,0.116,0.056
RHPN1,ENSG00000158106,1.0532,0.05809172978110834,0.07816260347217693,0.138,0.0665,0.105,0.047
EXOSC6,ENSG00000223496,0.4789,0.05819579256876761,0.07828867750303407,0.2445,0.1754,0.183,0.123
ASH1L,ENSG00000116539,-0.3443,0.05830584512364005,0.07840880382860459,0.4353,0.5527,0.307,0.338
CCDC126,ENSG00000169193,0.7908,0.05830292759642954,0.07840880382860459,0.1642,0.0949,0.127,0.068
DLG3,ENSG00000082458,0.4971,0.05843725943297755,0.07857154209221309,0.234,0.1658,0.175,0.115
DMTF1,ENSG00000135164,0.441,0.058628979857332945,0.07881529231710861,0.2355,0.1734,0.175,0.114
SAMD4B,ENSG00000179134,0.3178,0.05888076190481315,0.07913968265270653,0.3282,0.2633,0.243,0.18
HPRT1,ENSG00000165704,0.4078,0.058974214771299265,0.07925119042994769,0.2271,0.1712,0.183,0.121
HINFP,ENSG00000172273,1.132,0.05901693497264295,0.07929449470359551,0.1445,0.0659,0.105,0.048
EBPL,ENSG00000123179,-0.111,0.0590626297989477,0.07934177953966036,0.7651,0.8264,0.526,0.494
TIMM29,ENSG00000142444,0.766,0.05907368940985944,0.07934252862070898,0.1778,0.1045,0.135,0.077
EIPR1,ENSG00000032389,0.7376,0.05916887304263381,0.07945624526077115,0.1633,0.0979,0.129,0.071
ZNF10,ENSG00000256223,1.011,0.05933889608815272,0.07967040340252245,0.1447,0.0717,0.105,0.047
TRAF3,ENSG00000131323,0.8551,0.059686107933520645,0.08012234282831351,0.1512,0.0836,0.113,0.055
TPRKB,ENSG00000144034,0.325,0.05970247124496811,0.08013007110601067,0.3081,0.2459,0.237,0.173
PGK1,ENSG00000102144,0.2389,0.05972925559958098,0.08015178082679117,1.1238,0.9523,0.712,0.551
ATG13,ENSG00000175224,0.5864,0.059829040533089656,0.08027142625244048,0.1907,0.127,0.148,0.089
TRMT61A,ENSG00000166166,0.7285,0.05994538220427267,0.08041323908971591,0.1686,0.1017,0.132,0.074
NUTM2B-AS1,ENSG00000225484,0.2152,0.06019135893895509,0.08072886859289999,0.4393,0.3784,0.318,0.247
NDUFAB1,ENSG00000004779,0.2224,0.060244551698180396,0.08078586937872788,1.111,0.9523,0.709,0.557
RMND1,ENSG00000155906,0.5945,0.060396102043452735,0.08097472066340469,0.2104,0.1393,0.156,0.098
WASHC4,ENSG00000136051,0.3666,0.06044418386536663,0.08102480644124288,0.2895,0.2245,0.213,0.152
MARVELD3,ENSG00000140832,0.7531,0.060635321527273384,0.08126660531107867,0.1785,0.1059,0.135,0.078
RLIG1,ENSG00000133641,0.6869,0.06066697517480601,0.08129460756396938,0.1998,0.1241,0.148,0.091
MAD2L1BP,ENSG00000124688,0.695,0.06086474291631947,0.08154515565398007,0.1841,0.1137,0.14,0.083
PIAS3,ENSG00000131788,0.8175,0.06104182644669547,0.08176790758950075,0.1609,0.0912,0.121,0.064
CREB1,ENSG00000118260,0.4461,0.06111915015329944,0.0818569720631408,0.2638,0.1936,0.191,0.133
ARHGAP10,ENSG00000071205,0.717,0.06115101289838811,0.08188512982051085,0.1406,0.0855,0.116,0.057
SLX9,ENSG00000160256,0.3831,0.06132194052664915,0.08208491507420879,0.2899,0.2223,0.216,0.156
ZNG1E,ENSG00000147996,0.3572,0.06131661682153946,0.08208491507420879,0.2919,0.2279,0.218,0.156
AXIN1,ENSG00000103126,0.6999,0.0615100364420259,0.08232211254552801,0.1508,0.0928,0.124,0.065
PYCR2,ENSG00000143811,-0.6965,0.061771265300269496,0.08265708631660221,0.1508,0.2445,0.121,0.172
CYC1,ENSG00000179091,-0.1626,0.061788100883198194,0.082664972936526,0.6206,0.6946,0.445,0.432
MRPL10,ENSG00000159111,0.3739,0.061872335774820784,0.08273371624403027,0.2744,0.2118,0.213,0.151
ZFAND2B,ENSG00000158552,0.3721,0.06186773869501918,0.08273371624403027,0.2999,0.2317,0.224,0.162
GOLIM4,ENSG00000173905,-0.3316,0.06186927102354301,0.08273371624403027,0.3881,0.4884,0.278,0.314
ZRANB1,ENSG00000019995,0.5803,0.06194209281687454,0.08281233608768132,0.2073,0.1386,0.156,0.098
OARD1,ENSG00000124596,-0.5635,0.06201037967877443,0.08288896292872272,0.2031,0.3002,0.156,0.206
MKNK2,ENSG00000099875,-0.2049,0.062125610861234214,0.08302830179667867,0.58,0.6685,0.407,0.412
POMT1,ENSG00000130714,0.9863,0.062418322975046334,0.08340474532657853,0.1515,0.0764,0.111,0.054
SOCS1,ENSG00000185338,0.6054,0.06256355969416881,0.08358403067894701,0.2213,0.1454,0.156,0.099
GNA12,ENSG00000146535,0.4757,0.06263937894319846,0.08366814351969258,0.2036,0.1464,0.159,0.099
TMEM254,ENSG00000133678,0.8617,0.06264866815233633,0.08366814351969258,0.1593,0.0876,0.121,0.064
MRPL39,ENSG00000154719,0.508,0.0626904836916034,0.08370919128491759,0.1988,0.1397,0.162,0.102
ING1,ENSG00000153487,0.7471,0.06279046979529015,0.08381410935819478,0.1782,0.1061,0.135,0.078
GOT1,ENSG00000120053,0.3326,0.06279124539607973,0.08381410935819478,0.3028,0.2404,0.229,0.167
SH3KBP1,ENSG00000147010,-0.4796,0.06281374126493172,0.08382932613611714,0.2921,0.4073,0.221,0.259
CBFB,ENSG00000067955,0.4748,0.06303206376782294,0.08410583570574044,0.2379,0.1712,0.178,0.12
CSE1L,ENSG00000124207,0.6404,0.06310367917721256,0.08418652590214389,0.2117,0.1358,0.154,0.097
DLGAP1-AS1,ENSG00000177337,0.7217,0.06319251329790485,0.0842901550080634,0.1559,0.0945,0.124,0.065
EEF1AKMT1,ENSG00000150456,0.6854,0.06328379260384749,0.08439700849462804,0.1677,0.1043,0.129,0.071
SLC50A1,ENSG00000169241,-0.3252,0.06333455039288276,0.08443489116256031,0.4045,0.5068,0.299,0.324
MAP3K3,ENSG00000198909,-1.0449,0.06332673931327845,0.08443489116256031,0.08,0.1651,0.057,0.113
TENT5A,ENSG00000112773,0.2511,0.06337830715293,0.0844783187262502,0.3998,0.3359,0.278,0.211
RNPEPL1,ENSG00000142327,0.3215,0.06347685120062853,0.08459474524973515,0.3308,0.2647,0.248,0.185
ABCD3,ENSG00000117528,-0.4803,0.06355358406436587,0.08468206836089667,0.2743,0.3827,0.208,0.25
KLHL21,ENSG00000162413,0.8682,0.06361549592064016,0.0847496158844007,0.156,0.0854,0.119,0.062
AMMECR1L,ENSG00000144233,1.0203,0.06369629126236023,0.08484229204639131,0.1359,0.067,0.105,0.048
ENTPD6,ENSG00000197586,0.4315,0.06374496620617302,0.08489215929625193,0.2562,0.19,0.191,0.132
RAD50,ENSG00000113522,-0.5582,0.06382511118755892,0.08498391170638132,0.2021,0.2976,0.151,0.202
DAXX,ENSG00000204209,0.4781,0.06388645466522046,0.08505060176136398,0.2388,0.1714,0.181,0.122
MRPS33,ENSG00000090263,-0.2468,0.0641923230921957,0.08544274153656423,0.5117,0.6072,0.364,0.383
EMC9,ENSG00000100908,0.5419,0.06435679096206488,0.08564656609448655,0.1947,0.1337,0.154,0.095
CEP350,ENSG00000135837,0.2534,0.06438845924288283,0.08567361915815072,0.3869,0.3246,0.278,0.212
BMS1,ENSG00000165733,0.5084,0.06453985268497596,0.0858599378473311,0.2292,0.1611,0.173,0.115
RARS2,ENSG00000146282,0.4292,0.06456048391560419,0.08587226337718128,0.241,0.179,0.183,0.124
STARD13,ENSG00000133121,-1.1214,0.06498941263776903,0.08642756776594702,0.0924,0.2012,0.07,0.123
NRP1,ENSG00000099250,0.7997,0.0651123945879282,0.08657587840756732,0.1598,0.0918,0.116,0.059
TESK1,ENSG00000107140,0.7255,0.0652948241812787,0.08680316675867686,0.175,0.1058,0.132,0.075
PAAF1,ENSG00000175575,0.8196,0.06534129890053685,0.08684966804953481,0.16,0.0906,0.121,0.065
CAMK2D,ENSG00000145349,-0.3946,0.06536855538136753,0.08687061317611815,0.3674,0.483,0.261,0.299
SNAPC2,ENSG00000104976,0.5963,0.0654535916534969,0.08696832306404662,0.1793,0.1186,0.143,0.084
VTI1A,ENSG00000151532,0.5504,0.06552506045588427,0.08703373792591176,0.197,0.1345,0.14,0.082
MRPL46,ENSG00000259494,0.3756,0.06552586384150709,0.08703373792591176,0.2734,0.2107,0.208,0.146
RNF141,ENSG00000110315,-0.4077,0.06563841801062924,0.08716791142033818,0.32,0.4245,0.248,0.282
DEGS1,ENSG00000143753,0.2425,0.06579787382167303,0.08736431225355708,0.437,0.3694,0.315,0.248
TFDP1,ENSG00000198176,0.4474,0.06586319770458646,0.08743568066388169,0.2455,0.18,0.183,0.124
FAR1,ENSG00000197601,0.4173,0.06593180492448125,0.08751138197548416,0.2589,0.1938,0.189,0.13
ZNF316,ENSG00000205903,0.8319,0.06609993925582723,0.0877191359700992,0.1711,0.0961,0.124,0.068
ANKRD13C,ENSG00000118454,0.5635,0.06615012451532422,0.0877703180037363,0.1965,0.1329,0.148,0.091
ZNF562,ENSG00000171466,0.7544,0.06617603886546392,0.08778928421924141,0.1744,0.1033,0.129,0.073
TSEN15,ENSG00000198860,0.33,0.06645677229878615,0.08814622800514911,0.284,0.2259,0.218,0.156
KIDINS220,ENSG00000134313,0.1457,0.06671565180501302,0.08847406518990229,0.5849,0.5287,0.415,0.323
TRMT10B,ENSG00000165275,0.8766,0.06677601316180959,0.08853857132984756,0.1572,0.0856,0.116,0.06
C3orf38,ENSG00000179021,0.8834,0.066999904954307,0.08881984241617641,0.1443,0.0782,0.113,0.057
NIPAL3,ENSG00000001461,0.5678,0.06710798559797002,0.08894751424432693,0.2339,0.1577,0.167,0.112
SIK2,ENSG00000170145,0.3817,0.06713093023516249,0.08896231852774121,0.2333,0.1791,0.17,0.11
CFAP97,ENSG00000164323,0.2182,0.06737223900301238,0.08926644434720422,0.4813,0.4137,0.342,0.272
VBP1,ENSG00000155959,0.2512,0.06747422928649478,0.089385902552949,0.3763,0.3162,0.286,0.218
ERLIN2,ENSG00000147475,0.4707,0.0675598674512376,0.08948366034258416,0.1998,0.1441,0.162,0.102
B4GAT1,ENSG00000174684,-1.0575,0.0676043686805675,0.08952690716593996,0.0785,0.1635,0.062,0.116
TMEM183A,ENSG00000163444,0.2262,0.06789669655491677,0.0898982724276895,0.419,0.3582,0.315,0.245
PHYHD1,ENSG00000175287,-0.4394,0.06791655296759122,0.08990880632033496,0.2948,0.3997,0.224,0.26
C19orf12,ENSG00000131943,0.7639,0.0679902288634414,0.08999057096413801,0.1577,0.0928,0.124,0.068
GPD2,ENSG00000115159,0.5885,0.06812782245177923,0.09015689238451428,0.1822,0.1212,0.14,0.083
CDK11A,ENSG00000008128,0.661,0.06816682123707675,0.09019270305536162,0.1962,0.1241,0.143,0.086
RABEPK,ENSG00000136933,0.6332,0.06824487387618274,0.09028016496840494,0.1903,0.1227,0.143,0.087
DHX16,ENSG00000204560,0.6966,0.06866545794400937,0.09082064684296057,0.1781,0.1098,0.135,0.079
LRRC27,ENSG00000148814,0.8688,0.06880500999229315,0.09098929642775683,0.1486,0.0813,0.113,0.057
SNX29,ENSG00000048471,-0.9011,0.06885018443832494,0.09103310175560814,0.1282,0.2395,0.1,0.15
ANAPC2,ENSG00000176248,0.7744,0.06890878017413268,0.09109463415845537,0.1721,0.1006,0.127,0.071
NF1,ENSG00000196712,0.2194,0.06907390526122378,0.09129694790912275,0.3743,0.3215,0.27,0.204
RNF170,ENSG00000120925,0.6059,0.06972497556781586,0.09212525190885777,0.1853,0.1217,0.143,0.086
POLR1A,ENSG00000068654,0.9393,0.0697156754480526,0.09212525190885777,0.1402,0.0731,0.108,0.052
ARFIP2,ENSG00000132254,0.2832,0.06992136093207295,0.09236857524773756,0.3602,0.296,0.267,0.205
THUMPD2,ENSG00000138050,0.48,0.06995865760111016,0.0924016884923754,0.224,0.1606,0.17,0.112
LIG4,ENSG00000174405,0.9715,0.06997476802793158,0.09240681217462386,0.1427,0.0727,0.108,0.052
NUDT5,ENSG00000165609,-0.2394,0.07016323137975652,0.09263949896435872,0.5107,0.6028,0.377,0.382
NKIRAS1,ENSG00000197885,0.8143,0.07032571092798746,0.0928378029112258,0.1488,0.0846,0.116,0.06
HERC4,ENSG00000148634,0.2709,0.07041090179913552,0.09293402569749631,0.3063,0.2538,0.224,0.161
TARBP2,ENSG00000139546,0.4905,0.07044841259388643,0.09296729382477065,0.2295,0.1633,0.173,0.115
TRAF3IP1,ENSG00000204104,0.8105,0.07062595833419674,0.09318531526630394,0.153,0.0872,0.116,0.06
SLC25A26,ENSG00000144741,0.4852,0.07066356307690076,0.09321865183271963,0.2287,0.1634,0.17,0.113
HDHD5,ENSG00000069998,0.5307,0.07076791667245051,0.09334001579266124,0.1819,0.1259,0.148,0.091
KMT2D,ENSG00000167548,0.516,0.07094269188949373,0.09355420443796914,0.1916,0.134,0.148,0.09
SLC5A3,ENSG00000198743,-0.6496,0.07097700300735112,0.09358311653063485,0.1686,0.2645,0.121,0.172
SPCS3,ENSG00000129128,0.189,0.07106455794506825,0.09366586449319445,0.7132,0.6256,0.488,0.392
COX19,ENSG00000240230,0.6536,0.07105768769258142,0.09366586449319445,0.2064,0.1312,0.148,0.093
RRP15,ENSG00000067533,0.3066,0.07112125830962457,0.0937242467345567,0.3252,0.263,0.24,0.178
RAD1,ENSG00000113456,-0.5282,0.07150366177595512,0.09419532078767932,0.2153,0.3106,0.164,0.211
CD46,ENSG00000117335,0.2107,0.07149848295317907,0.09419532078767932,1.1354,0.9811,0.712,0.56
COQ2,ENSG00000173085,0.9103,0.07158310889199229,0.09428354039034202,0.1584,0.0842,0.116,0.061
LRRC14,ENSG00000160959,1.0423,0.07168424936873095,0.09440029701599482,0.1515,0.0735,0.108,0.054
DROSHA,ENSG00000113360,0.8961,0.07176992119510672,0.09449664597926652,0.1432,0.0769,0.108,0.052
PAXBP1,ENSG00000159086,0.5372,0.0718513437788434,0.09458736752904023,0.1979,0.1363,0.148,0.092
SPICE1,ENSG00000163611,0.8592,0.07191723011376212,0.09464226190953882,0.1428,0.0787,0.108,0.052
AFG3L2,ENSG00000141385,0.2654,0.07191809736898246,0.09464226190953882,0.37,0.3078,0.27,0.207
HNRNPH1,ENSG00000169045,0.1659,0.07204394008458054,0.09479135620672344,0.8239,0.7344,0.558,0.435
UTP3,ENSG00000132467,0.3572,0.07219866939686216,0.09497839931974468,0.3036,0.237,0.224,0.166
EIF4H,ENSG00000106682,0.1838,0.07233449852334985,0.09514051816572217,0.7673,0.6755,0.531,0.425
IDH3G,ENSG00000067829,0.2263,0.07241382875847249,0.09522828133511918,0.4372,0.3737,0.318,0.253
CHD1,ENSG00000153922,0.2219,0.07259804437471036,0.09545392016201475,0.4421,0.3791,0.31,0.245
TMEM37,ENSG00000171227,-0.9308,0.072627764264088,0.09547470947145982,0.0978,0.1865,0.075,0.128
RAB1B,ENSG00000174903,0.1771,0.07263913038278638,0.09547470947145982,0.6757,0.5976,0.48,0.376
CRLS1,ENSG00000088766,0.1955,0.07268023542182106,0.09551212012730181,0.5237,0.4573,0.369,0.299
UPF3B,ENSG00000125351,0.6026,0.0729176168546772,0.09580740788471065,0.1942,0.1279,0.146,0.09
CHM,ENSG00000188419,0.4951,0.07293954743818024,0.09581955849338405,0.223,0.1582,0.164,0.108
PI4KB,ENSG00000143393,0.3983,0.0730115176399043,0.09589742972348347,0.2708,0.2055,0.199,0.143
GPATCH2,ENSG00000092978,0.4369,0.07302644556103877,0.09590036436878982,0.2349,0.1735,0.173,0.115
STIM1,ENSG00000167323,0.6831,0.07309409153893097,0.09597251678425851,0.152,0.0946,0.121,0.065
COQ9,ENSG00000088682,0.3,0.07313980353263683,0.09601584981565095,0.2654,0.2156,0.213,0.15
NUDT14,ENSG00000183828,-0.2128,0.0731582707741897,0.09602340786987547,0.5477,0.6348,0.388,0.396
DPF2,ENSG00000133884,0.4605,0.07331407486356342,0.09621119256456863,0.2061,0.1497,0.164,0.106
PDHA1,ENSG00000131828,0.2463,0.07334755969502135,0.09623841846055685,0.3683,0.3105,0.28,0.214
DCTN3,ENSG00000137100,0.1811,0.07347279795522277,0.09638600252677688,0.6486,0.5721,0.461,0.366
DDX54,ENSG00000123064,0.2958,0.07361942491697426,0.09656158945273273,0.3358,0.2736,0.251,0.191
SMPD4,ENSG00000136699,0.5332,0.07367601966762241,0.09661904679550205,0.1867,0.129,0.148,0.092
EIF3J,ENSG00000104131,0.1821,0.07375743694380064,0.09670903091121379,0.5513,0.4859,0.391,0.308
RNF43,ENSG00000108375,0.614,0.07380348793535278,0.09675262039763843,0.1854,0.1211,0.137,0.081
LINC00662,ENSG00000261824,0.9036,0.07386640320900423,0.0968182991401851,0.1398,0.0747,0.108,0.053
VEGFB,ENSG00000173511,0.2438,0.07405896540086972,0.097053856652831,0.4084,0.3449,0.294,0.228
NUP93,ENSG00000102900,0.4969,0.07408917358403981,0.0970766053464136,0.1916,0.1358,0.151,0.094
PCLO,ENSG00000186472,-1.0029,0.07426529198814724,0.09729049435936404,0.0938,0.1882,0.073,0.124
CCDC32,ENSG00000128891,0.5592,0.07432941980954913,0.0973576225140679,0.2332,0.1583,0.167,0.114
FEM1B,ENSG00000169018,0.4271,0.07438467724190322,0.09741311086194814,0.2424,0.1802,0.183,0.127
SLC33A1,ENSG00000169359,-0.9161,0.07454886469596747,0.09761120845373211,0.0837,0.158,0.057,0.112
EEF2KMT,ENSG00000118894,0.9196,0.07457208895384634,0.09762469798064619,0.1423,0.0752,0.111,0.056
TBP,ENSG00000112592,0.917,0.07472498042788113,0.09780790490863513,0.1565,0.0828,0.113,0.059
RUFY2,ENSG00000204130,0.6292,0.07480107433234434,0.09789054505124917,0.154,0.0995,0.124,0.068
TMEM101,ENSG00000091947,0.2367,0.0750728418064648,0.0982291859798825,0.3801,0.3226,0.286,0.22
CASC3,ENSG00000108349,0.3113,0.07543464849292747,0.09868139129659044,0.2981,0.2402,0.226,0.166
BAZ2A,ENSG00000076108,0.2482,0.0754445686471352,0.09868139129659044,0.3551,0.2989,0.27,0.205
VAC14,ENSG00000103043,0.5148,0.0756431954531518,0.09892406814065464,0.1859,0.1301,0.148,0.091
STK35,ENSG00000125834,0.9504,0.07583862585999705,0.09916248154591169,0.1436,0.0743,0.108,0.054
FBXL12,ENSG00000127452,0.677,0.0758793923390557,0.0991814548653228,0.1664,0.104,0.129,0.074
AP3D1,ENSG00000065000,0.2189,0.07586942554898116,0.0991814548653228,0.467,0.4013,0.334,0.267
CNOT11,ENSG00000158435,0.5109,0.0759627927845195,0.09927329172929335,0.2355,0.1653,0.173,0.118
SELENOS,ENSG00000131871,0.2276,0.07599272637950973,0.09929523483175302,1.0653,0.9098,0.693,0.53
SMAD2,ENSG00000175387,0.1688,0.07601359487837908,0.09930532756461248,0.5215,0.4639,0.377,0.297
ATP6V1E1,ENSG00000131100,-0.2207,0.0761707121606693,0.09949338353628226,0.526,0.613,0.377,0.389
IKBKG,ENSG00000269335,0.4723,0.07622162764950098,0.0995426788058738,0.1998,0.144,0.159,0.102
SEC23B,ENSG00000101310,-0.4301,0.07624072811310809,0.09955041494893391,0.2886,0.3888,0.221,0.259
DAD1,ENSG00000129562,0.2595,0.07627712074845078,0.09958072356221627,1.4003,1.1698,0.836,0.644
TTF1,ENSG00000125482,0.6887,0.07650215925353912,0.09985725866629026,0.1846,0.1145,0.135,0.081
B3GALNT2,ENSG00000162885,0.918,0.07660894523955565,0.09996210384885025,0.132,0.0698,0.102,0.048
PPP1R7,ENSG00000115685,0.1871,0.07660255291818503,0.09996210384885025,0.5544,0.487,0.402,0.318
COG4,ENSG00000103051,0.5352,0.07697219357363395,0.10041873984610682,0.2026,0.1398,0.154,0.098
KHDC4,ENSG00000132680,0.5864,0.07701529056578739,0.10045343438829138,0.1949,0.1297,0.146,0.09
RBMX2,ENSG00000134597,0.4743,0.07702537993532388,0.10045343438829138,0.2575,0.1853,0.186,0.133
OTUD5,ENSG00000068308,0.4331,0.07708043182438247,0.10050430786085003,0.2224,0.1647,0.173,0.115
SART3,ENSG00000075856,0.7168,0.07709511774245534,0.10050430786085003,0.1763,0.1072,0.129,0.075
STRN,ENSG00000115808,0.7028,0.0771042975991379,0.10050430786085003,0.1697,0.1042,0.127,0.072
RNASE4,ENSG00000258818,0.2928,0.07718695640020985,0.10059469649880722,0.2916,0.238,0.216,0.152
MTR,ENSG00000116984,0.4464,0.07720165885501819,0.10059650442388107,0.2243,0.1646,0.17,0.113
TOR1AIP1,ENSG00000143337,0.2785,0.07760133416988266,0.10109985853655172,0.2868,0.2365,0.226,0.164
CC2D1B,ENSG00000154222,0.5493,0.07785175465488235,0.10140862179614417,0.1886,0.1288,0.146,0.09
FKBP5,ENSG00000096060,-0.6562,0.07795544147220286,0.10152617830072273,0.1634,0.2576,0.119,0.169
N4BP2L1,ENSG00000139597,-0.9746,0.07808242553346784,0.10167403049040839,0.0909,0.1787,0.073,0.124
NHSL1,ENSG00000135540,-0.5708,0.07817522091332511,0.10177732104087045,0.2492,0.3702,0.186,0.225
WDR45B,ENSG00000141580,0.232,0.07829784826061652,0.10190185075089712,0.3859,0.3286,0.288,0.224
NDUFA9,ENSG00000139180,0.313,0.07829227089555002,0.10190185075089712,0.3129,0.2518,0.235,0.177
SP1,ENSG00000185591,0.4679,0.07846904454831966,0.10210706709654753,0.2278,0.1647,0.17,0.114
XIAP,ENSG00000101966,0.2318,0.07854916460613176,0.10219372112955492,0.4188,0.3566,0.302,0.238
CSDE1,ENSG00000009307,0.2613,0.07865733896477779,0.10231683813341877,1.2394,1.0341,0.782,0.59
LAPTM4A,ENSG00000068697,0.2566,0.07872267521941077,0.10238419887805963,1.5529,1.2999,0.881,0.691
EIF3M,ENSG00000149100,0.1799,0.07895450766783098,0.10266803880042392,0.8037,0.7095,0.547,0.441
IL17RA,ENSG00000177663,0.7603,0.07901442546497882,0.10272827127652985,0.1618,0.0955,0.121,0.067
GAPVD1,ENSG00000165219,0.2448,0.07907063198612609,0.10278365875003141,0.3577,0.3019,0.261,0.199
RWDD3,ENSG00000122481,0.6303,0.07916250590364446,0.10287315216442428,0.1572,0.1016,0.121,0.066
FAM174B,ENSG00000185442,0.2339,0.0791803282377402,0.10287315216442428,0.3293,0.28,0.243,0.179
KPNA3,ENSG00000102753,0.2768,0.07916907164711683,0.10287315216442428,0.3592,0.2965,0.259,0.199
IMMP2L,ENSG00000184903,0.1064,0.07920941378830733,0.1028932464186145,0.2667,0.2477,0.205,0.14
PPM1A,ENSG00000100614,0.3573,0.07931644829137033,0.1030145722608394,0.2932,0.2288,0.216,0.16
BCL2L13,ENSG00000099968,0.3815,0.07942077907819856,0.1031195060932726,0.2463,0.1891,0.189,0.132
RMDN3,ENSG00000137824,0.325,0.0794245408281606,0.1031195060932726,0.2981,0.238,0.226,0.168
WDR36,ENSG00000134987,0.6248,0.07951486629688637,0.10321904035618153,0.1881,0.122,0.14,0.086
COIL,ENSG00000121058,0.5095,0.07964202776754643,0.10334859494740867,0.2211,0.1553,0.164,0.11
TNPO3,ENSG00000064419,0.4755,0.07963260273365064,0.10334859494740867,0.2148,0.1545,0.162,0.107
SGMS2,ENSG00000164023,0.142,0.07981088931946659,0.10354993453693459,0.8289,0.7512,0.544,0.424
MIR200CHG,ENSG00000257084,0.4676,0.079899681683021,0.10364733776016889,0.2289,0.1655,0.167,0.111
GEMIN6,ENSG00000152147,0.5671,0.07992614598547176,0.10366386831248742,0.1791,0.1208,0.14,0.085
QTRT2,ENSG00000151576,0.8661,0.08018265092174703,0.1039780637490455,0.1366,0.0749,0.108,0.054
DPP8,ENSG00000074603,0.402,0.08019592024694747,0.1039780637490455,0.2389,0.1807,0.183,0.127
MAD1L1,ENSG00000002822,0.4066,0.08022341238185075,0.10399586145245067,0.2215,0.1671,0.167,0.111
ZNF33A,ENSG00000189180,0.2377,0.08039992334624328,0.10420679720035478,0.3018,0.2559,0.237,0.173
CLASRP,ENSG00000104859,0.4199,0.08048164252996336,0.10429482149466092,0.2333,0.1744,0.173,0.116
PPP3CA,ENSG00000138814,-0.4067,0.08088266047817551,0.10479651859245685,0.3854,0.511,0.291,0.311
GON7,ENSG00000170270,-0.7901,0.0809323047617509,0.10484286050669205,0.1178,0.2038,0.094,0.144
TFRC,ENSG00000072274,0.2344,0.0811005151620904,0.10504275536595112,0.4049,0.3442,0.294,0.229
JMJD8,ENSG00000161999,0.3177,0.08162511785979086,0.10570410789007884,0.2868,0.2301,0.221,0.162
DTWD1,ENSG00000104047,0.3892,0.08176271564906887,0.10586415025342163,0.2318,0.177,0.181,0.124
CNTLN,ENSG00000044459,-1.3192,0.08208289908611316,0.10626050421445937,0.062,0.1549,0.051,0.102
F3,ENSG00000117525,0.1891,0.08271854015215034,0.10706502841348224,1.1234,0.9854,0.668,0.543
IMMP1L,ENSG00000148950,0.3009,0.08289754439670957,0.1072783398282187,0.2831,0.2298,0.218,0.158
MRPS14,ENSG00000120333,0.2132,0.0830066571049004,0.10740114650240154,0.3436,0.2964,0.27,0.202
ZNF75A,ENSG00000162086,0.9681,0.0831744496008808,0.10759982307100247,0.1526,0.078,0.108,0.056
ZNF581,ENSG00000171425,0.4564,0.08319690778394215,0.1076104499756348,0.2252,0.1641,0.173,0.118
PRDM2,ENSG00000116731,0.3264,0.08323890799932697,0.10764634541850654,0.2804,0.2236,0.208,0.15
EIF2S3,ENSG00000130741,-0.2131,0.08361866391015597,0.10811894674674455,0.5378,0.6234,0.391,0.392
HSD17B7,ENSG00000132196,-0.4924,0.08366181744525768,0.10813899778275064,0.2335,0.3285,0.175,0.219
CKS1B,ENSG00000173207,-0.4712,0.08366279841696592,0.10813899778275064,0.2306,0.3197,0.173,0.218
CRYL1,ENSG00000165475,0.3146,0.08368536333706474,0.10814966130884777,0.2617,0.2104,0.205,0.145
RGL3,ENSG00000205517,0.453,0.08371284032587736,0.10816666814811074,0.2155,0.1574,0.159,0.104
CCDC28A,ENSG00000024862,0.3795,0.08373247121858957,0.10817353284138922,0.2774,0.2132,0.205,0.15
NUDT8,ENSG00000167799,-0.5362,0.08384443849413081,0.1082626444749886,0.2095,0.3038,0.159,0.203
ANKRD17,ENSG00000132466,0.1375,0.08383461195556556,0.1082626444749886,0.4128,0.3752,0.31,0.236
PEX1,ENSG00000127980,0.6256,0.08381889143331171,0.1082626444749886,0.1616,0.1047,0.127,0.072
BRK1,ENSG00000254999,0.2585,0.08387982175447824,0.10828982456512014,1.3053,1.0912,0.801,0.613
STRIP1,ENSG00000143093,0.7827,0.08390341731005792,0.10830177990389332,0.136,0.079,0.111,0.057
GNPTAB,ENSG00000111670,0.2068,0.08450791068752969,0.10906342077968685,0.486,0.4211,0.334,0.27
BTG2,ENSG00000159388,-0.18,0.0845712251988427,0.10912649126853231,0.6344,0.7187,0.426,0.416
APTX,ENSG00000137074,0.4702,0.08467518369706785,0.10924197623486126,0.2162,0.156,0.164,0.109
RB1,ENSG00000139687,0.436,0.08485463102681419,0.10945479552801454,0.2135,0.1578,0.162,0.106
RCOR3,ENSG00000117625,0.3094,0.08499662173225082,0.10961923475369664,0.2849,0.2299,0.21,0.153
UNC50,ENSG00000115446,0.1999,0.08502842217221307,0.10964153089453316,0.4473,0.3894,0.332,0.262
ELL,ENSG00000105656,0.7347,0.0852473107430996,0.1099050226389279,0.1433,0.086,0.113,0.06
ABT1,ENSG00000146109,0.3158,0.08543671730963126,0.11013042130596556,0.2634,0.2116,0.21,0.15
DYRK3,ENSG00000143479,0.8966,0.08558648899081482,0.11030466126332412,0.142,0.0763,0.105,0.053
ABCA7,ENSG00000064687,0.5298,0.08570545875583317,0.11043915075905161,0.2085,0.1444,0.151,0.097
LARP4,ENSG00000161813,-0.4085,0.08626007302460818,0.11112627936342284,0.2989,0.3967,0.218,0.258
PROSER2,ENSG00000148426,0.6896,0.08626811759979815,0.11112627936342284,0.1637,0.1015,0.124,0.071
BOD1,ENSG00000145919,0.2426,0.08637073906218337,0.11123950453712843,0.3387,0.2863,0.267,0.203
CSKMT,ENSG00000214756,-0.8043,0.0864059750210858,0.11126591806447984,0.1176,0.2054,0.086,0.136
TRAPPC2,ENSG00000196459,0.7731,0.08651175256073369,0.11138314427340543,0.1513,0.0885,0.116,0.063
MED11,ENSG00000161920,-0.4573,0.08661662575363664,0.11149916639439851,0.2453,0.3369,0.186,0.228
ITPK1,ENSG00000100605,-0.7615,0.08664286008548017,0.11151393661768358,0.112,0.19,0.081,0.132
PDS5A,ENSG00000121892,0.1536,0.08671958184410766,0.11159367072598082,0.4797,0.4313,0.345,0.274
ATN1,ENSG00000111676,0.2204,0.08677614875788257,0.11164744616243236,0.4279,0.3673,0.305,0.243
FGFR1,ENSG00000077782,-0.6285,0.08686611103700412,0.11174416292943404,0.1553,0.2401,0.113,0.163
MAT2A,ENSG00000168906,0.189,0.08689948696528772,0.11176806673863614,0.5176,0.454,0.369,0.296
POGK,ENSG00000143157,0.3491,0.08694602825822527,0.11180889250908799,0.2819,0.2213,0.21,0.155
URGCP,ENSG00000106608,0.6854,0.08735564714340935,0.11231652725807653,0.1812,0.1126,0.129,0.077
LEMD3,ENSG00000174106,0.4604,0.08791784022921985,0.11302012641343473,0.2082,0.1513,0.159,0.105
FBXO44,ENSG00000132879,0.8797,0.0879546061172207,0.11304815400061285,0.1535,0.0834,0.111,0.058
SLC30A6,ENSG00000152683,0.678,0.08797299371033189,0.11305255442788865,0.1716,0.1072,0.127,0.074
CASD1,ENSG00000127995,-0.6978,0.08831474849497382,0.11347243620400123,0.1482,0.2404,0.111,0.158
ATL2,ENSG00000119787,0.2725,0.08845421241238086,0.1136323031415639,0.3045,0.2521,0.218,0.161
SS18,ENSG00000141380,0.3241,0.08866785349413746,0.1138486800047941,0.2879,0.23,0.213,0.159
ITPA,ENSG00000125877,0.2091,0.08865140481461445,0.1138486800047941,0.4047,0.3501,0.305,0.237
NFYC,ENSG00000066136,0.3125,0.08865860080928943,0.1138486800047941,0.2971,0.2392,0.221,0.165
NIPSNAP2,ENSG00000146729,-0.3073,0.08895816537174688,0.1142020287822511,0.4032,0.4989,0.305,0.325
EVA1A,ENSG00000115363,0.172,0.08904788409171911,0.11429778530630953,0.5284,0.469,0.377,0.302
DPYSL2,ENSG00000092964,0.166,0.08915419702952562,0.11441480525871685,0.6236,0.5558,0.429,0.346
TSNAX,ENSG00000116918,-0.8436,0.08923890759317181,0.11450406706290982,0.0937,0.1681,0.073,0.123
USP9Y,ENSG00000114374,0.667,0.08948307056950436,0.11479786010402537,0.1547,0.0974,0.116,0.063
MAN2C1,ENSG00000140400,0.3738,0.08950067933178424,0.11480095625664345,0.2767,0.2135,0.199,0.145
DPM2,ENSG00000136908,-0.1601,0.08957943498142218,0.11488247008736116,0.6251,0.6984,0.442,0.434
IFT46,ENSG00000118096,0.9292,0.08965305974469837,0.11495737718452073,0.1319,0.0692,0.102,0.05
CCDC97,ENSG00000142039,0.6309,0.08978176068185746,0.11510286814040949,0.1602,0.1034,0.127,0.074
ADGRG6,ENSG00000112414,0.739,0.08987734455606831,0.11520585987802785,0.1546,0.0926,0.116,0.063
ATP1B3,ENSG00000069849,0.176,0.08991061031613035,0.11522895011677095,0.6238,0.5521,0.442,0.349
CDC26,ENSG00000176386,0.1939,0.09018438889155107,0.11556022016208758,0.4628,0.4046,0.34,0.271
BTC,ENSG00000174808,0.9049,0.09025215608905716,0.11562744433658247,0.1584,0.0845,0.111,0.059
CIZ1,ENSG00000148337,0.4531,0.09045256927759503,0.11586455762838765,0.2248,0.1642,0.17,0.116
DXO,ENSG00000204348,0.6647,0.09060520633332238,0.11604040241536712,0.1612,0.1016,0.124,0.071
SURF6,ENSG00000148296,0.4255,0.09070777751025125,0.11615207781185562,0.2681,0.1996,0.191,0.139
TMEM199,ENSG00000244045,0.5186,0.09092578909011863,0.11641151272256334,0.232,0.162,0.167,0.116
FOCAD,ENSG00000188352,0.6211,0.09118207031542085,0.11671984771823186,0.1535,0.0998,0.116,0.063
SLC7A2,ENSG00000003989,-0.5219,0.09124938767619535,0.1167862313897435,0.221,0.3174,0.154,0.2
IFRD2,ENSG00000214706,0.2014,0.09133569642944918,0.11687689473653261,0.4509,0.3922,0.332,0.264
FARSB,ENSG00000116120,0.4618,0.09165835497043764,0.11726991901806205,0.2032,0.1475,0.156,0.102
CREBBP,ENSG00000005339,0.2733,0.09248708953702217,0.11830240117689922,0.3156,0.2611,0.229,0.172
MCPH1,ENSG00000147316,0.6352,0.09249666230998593,0.11830240117689922,0.1792,0.1153,0.129,0.078
NPRL3,ENSG00000103148,0.5618,0.09255092305295946,0.11835176433058714,0.2095,0.1419,0.151,0.1
ATP13A3,ENSG00000133657,0.3023,0.09279594598466807,0.11864501132411022,0.2958,0.2399,0.218,0.163
SMC3,ENSG00000108055,0.2567,0.09290050514875815,0.11875859837544296,0.3603,0.3016,0.264,0.206
ZFPL1,ENSG00000162300,0.333,0.09341935919451184,0.11940166785899796,0.2921,0.2319,0.216,0.161
PLEKHH3,ENSG00000068137,0.8503,0.0934729812406716,0.1194499954792412,0.1617,0.0896,0.113,0.063
EML3,ENSG00000149499,0.6918,0.09369523928947343,0.11971377183019985,0.1789,0.1107,0.129,0.079
DTD1,ENSG00000125821,0.2453,0.09381351979751709,0.11984463004231342,0.3498,0.2951,0.261,0.204
FBXL4,ENSG00000112234,0.5429,0.09383073420691221,0.11984635620172811,0.1755,0.1204,0.135,0.082
NAA15,ENSG00000164134,0.2774,0.09406984566268366,0.12013145435794033,0.2737,0.2258,0.208,0.151
ARMC1,ENSG00000104442,0.4078,0.09423708231359942,0.12032468427906771,0.2313,0.1743,0.178,0.124
DYNC1LI1,ENSG00000144635,0.2434,0.0943332161906711,0.12042707812107471,0.3839,0.3243,0.278,0.218
MTF1,ENSG00000188786,0.8149,0.09439374520622146,0.12048399138925547,0.1359,0.0772,0.108,0.056
IQCG,ENSG00000114473,0.7924,0.09447377772285126,0.12056577545542926,0.137,0.079,0.105,0.053
KIF3A,ENSG00000131437,0.3701,0.09450840321926275,0.12058959404180546,0.2301,0.178,0.178,0.122
ATOH8,ENSG00000168874,-0.5842,0.09452680215090221,0.1205927035207812,0.155,0.2324,0.108,0.158
POLRMT,ENSG00000099821,0.8318,0.09459284548008011,0.12065658409623589,0.1548,0.0869,0.113,0.062
SPOUT1,ENSG00000198917,0.7529,0.09470444519890876,0.12077854211305802,0.1561,0.0926,0.119,0.067
RGL1,ENSG00000143344,0.4659,0.09485196176949102,0.12094625673730036,0.1894,0.1371,0.146,0.092
ALDH2,ENSG00000111275,0.1382,0.09510838329411117,0.12125275662960006,1.3163,1.196,0.803,0.648
IMPACT,ENSG00000154059,0.4657,0.09514863528065595,0.12128360714448383,0.2164,0.1566,0.164,0.112
MSL1,ENSG00000188895,0.3178,0.09518781247203628,0.12131307746731344,0.2945,0.2363,0.218,0.163
ARL2,ENSG00000213465,-0.2033,0.0953838922792871,0.12154247025974264,0.5409,0.6227,0.38,0.394
PNN,ENSG00000100941,0.1737,0.0955497225708536,0.1217332468841145,0.5731,0.5081,0.402,0.327
DAB2,ENSG00000153071,-0.465,0.09556937564670187,0.12173775636668903,0.2436,0.3362,0.175,0.218
CYREN,ENSG00000122783,0.5658,0.09579671273425525,0.122006770854231,0.1794,0.1212,0.137,0.085
DNAJC21,ENSG00000168724,-0.2997,0.09599270018491582,0.12223577446435852,0.4207,0.5179,0.318,0.33
DNAL1,ENSG00000119661,0.7339,0.09642852148300403,0.12276056491294557,0.1641,0.0986,0.121,0.071
UXS1,ENSG00000115652,0.1749,0.09643732002095724,0.12276056491294557,0.5337,0.4727,0.383,0.308
CD38,ENSG00000004468,-0.5989,0.09665969604151918,0.1230229116566168,0.1817,0.2752,0.121,0.169
TAF1C,ENSG00000103168,0.8323,0.0967258272764511,0.1230863441255833,0.1295,0.0727,0.102,0.051
FHIP1B,ENSG00000051009,0.5931,0.0969178125212598,0.12330988103706936,0.1712,0.1135,0.132,0.08
TTC19,ENSG00000011295,0.1819,0.09719861381353273,0.12364632553649432,0.4799,0.4231,0.342,0.278
CCNH,ENSG00000134480,0.2463,0.09754331491846929,0.12406393000152113,0.3147,0.2653,0.232,0.174
HTT,ENSG00000197386,0.2691,0.0976388064376183,0.12414782216043202,0.2977,0.247,0.221,0.164
PHYH,ENSG00000107537,-0.3573,0.0976421388851472,0.12414782216043202,0.3089,0.3957,0.226,0.264
NKAPD1,ENSG00000150776,0.429,0.0977154757297857,0.12422016138962325,0.2208,0.164,0.17,0.117
U2AF1L4,ENSG00000161265,0.5865,0.09789455783866542,0.12442688164049752,0.1739,0.1158,0.135,0.083
VPS51,ENSG00000149823,-0.3201,0.09802374839677161,0.12457012937554408,0.3856,0.4814,0.296,0.315
CASP1,ENSG00000137752,0.6699,0.0981508441957168,0.12471066732234115,0.1485,0.0933,0.119,0.067
NCOA1,ENSG00000084676,-0.6524,0.09858328315166218,0.12523906241984326,0.18,0.2829,0.137,0.18
THAP9-AS1,ENSG00000251022,0.6516,0.09875578737367438,0.12543711728448384,0.1741,0.1108,0.132,0.082
UBE2K,ENSG00000078140,0.1608,0.09887690805681636,0.12556985045709324,0.4932,0.4412,0.361,0.288
AGA,ENSG00000038002,0.3688,0.09890496214668551,0.12558436790222,0.2701,0.2091,0.199,0.147
VPS8,ENSG00000156931,0.4847,0.09903409280475901,0.12572720066206594,0.1957,0.1398,0.143,0.091
PRPS1,ENSG00000147224,0.6201,0.09905768770879679,0.12573602665321904,0.177,0.1151,0.135,0.085
MFSD14A,ENSG00000156875,-0.5621,0.09923648045642242,0.12594181250600897,0.1749,0.2582,0.135,0.18
HCCS,ENSG00000004961,0.6313,0.0992567373611568,0.12594636391728917,0.1719,0.1109,0.132,0.081
WDR13,ENSG00000101940,0.2088,0.09940313521510073,0.12611094652394392,0.4447,0.3848,0.321,0.261
HPS1,ENSG00000107521,0.2079,0.09949782234102424,0.12620988042082573,0.3646,0.3157,0.278,0.214
MTOR,ENSG00000198793,0.7301,0.09973937425618573,0.1264824084426533,0.1561,0.0941,0.116,0.065
HLA-DQA1,ENSG00000196735,0.2811,0.099746153474696,0.1264824084426533,0.3857,0.3174,0.248,0.194
NMRAL1,ENSG00000153406,0.2541,0.09976536325633521,0.12648553774150234,0.3417,0.2865,0.253,0.197
MANBA,ENSG00000109323,0.2762,0.09989538928584203,0.12662913859975444,0.2801,0.2313,0.21,0.153
NSF,ENSG00000073969,0.6102,0.10036233141559156,0.12719563241391305,0.1692,0.1108,0.129,0.078
PRP4K,ENSG00000112739,0.1494,0.1003759577037392,0.12719563241391305,0.5939,0.5354,0.418,0.335
CLK1,ENSG00000013441,0.2014,0.10047820187858672,0.12730384289664978,0.4349,0.3782,0.31,0.248
NDUFS5,ENSG00000168653,0.1574,0.10054186236072031,0.1273631405324014,1.6073,1.4412,0.906,0.741
POM121,ENSG00000196313,0.4433,0.10064651722268407,0.12747433991909107,0.221,0.1625,0.164,0.113
CHTOP,ENSG00000160679,0.2432,0.10072051048107908,0.127546673933046,0.376,0.3176,0.275,0.217
ATP6V0A1,ENSG00000033627,-0.4175,0.10094845397147181,0.1278139047686391,0.2942,0.393,0.216,0.252
TTC14,ENSG00000163728,0.2619,0.10104431271559779,0.12791383756138427,0.3198,0.2667,0.232,0.175
CLK2,ENSG00000176444,0.814,0.10137237733943649,0.12830764127985303,0.1398,0.0795,0.105,0.055
MCRS1,ENSG00000187778,0.3324,0.10140557386119452,0.12832815921630228,0.2591,0.2057,0.199,0.146
PRKAB1,ENSG00000111725,0.1866,0.10158200392001798,0.1285127300890879,0.3743,0.3289,0.286,0.219
KRBOX5,ENSG00000197302,0.4405,0.10158544329477603,0.1285127300890879,0.1878,0.1384,0.148,0.096
CALCOCO2,ENSG00000136436,-0.2885,0.10183102467436896,0.1288018401833011,0.4077,0.4979,0.302,0.322
PHIP,ENSG00000146247,0.141,0.10187238383242371,0.1288325845085305,0.5607,0.5085,0.399,0.317
NOLC1,ENSG00000166197,0.2793,0.10211276095458759,0.12911496385136556,0.2973,0.245,0.226,0.17
C14orf119,ENSG00000179933,0.1611,0.10224752309485095,0.1292637277412314,0.5787,0.5176,0.426,0.336
PARN,ENSG00000140694,-0.5425,0.10231783980687593,0.12932829256967077,0.1993,0.2903,0.146,0.189
FBH1,ENSG00000134452,0.4616,0.10233283030860249,0.12932829256967077,0.2136,0.1551,0.162,0.111
IFT27,ENSG00000100360,0.4063,0.10255674241455379,0.12957376244234522,0.2224,0.1678,0.17,0.117
CEP112,ENSG00000154240,-0.9231,0.1025613632568133,0.12957376244234522,0.1202,0.228,0.094,0.139
NR0B2,ENSG00000131910,0.5498,0.10267693815282423,0.1296980885712401,0.2228,0.1522,0.154,0.104
RASSF9,ENSG00000198774,0.6188,0.10286902118554117,0.12991899950798455,0.1807,0.1176,0.132,0.082
SLC19A1,ENSG00000173638,0.6995,0.1028910248084639,0.12992506976900298,0.1278,0.0787,0.102,0.051
PPIE,ENSG00000084072,0.2753,0.10299182605455218,0.13003062263404774,0.2941,0.243,0.226,0.17
PUM2,ENSG00000055917,0.1599,0.10312170878309226,0.13010763357653007,0.4387,0.3927,0.315,0.25
EIF2B1,ENSG00000111361,0.3932,0.10312170878309226,0.13010763357653007,0.2379,0.1812,0.181,0.129
ZMYM5,ENSG00000132950,0.551,0.10308226633758008,0.13010763357653007,0.1811,0.1236,0.137,0.087
PCED1A,ENSG00000132635,0.4737,0.10309966593748689,0.13010763357653007,0.1682,0.1211,0.135,0.082
NUP88,ENSG00000108559,0.5772,0.10318321652700976,0.13016349989339768,0.1689,0.1132,0.129,0.079
HIVEP3,ENSG00000127124,-1.1035,0.10359246130060068,0.13065793741670087,0.0863,0.1855,0.065,0.112
SNAPC3,ENSG00000164975,0.5154,0.10364603733022397,0.13067792293606834,0.1935,0.1354,0.146,0.095
ZNF384,ENSG00000126746,0.8435,0.10366118237254794,0.13067792293606834,0.1435,0.0799,0.105,0.055
RNF169,ENSG00000166439,0.2751,0.10366817298526174,0.13067792293606834,0.2457,0.203,0.189,0.133
VPS26B,ENSG00000151502,0.4609,0.1036774943850157,0.13067792293606834,0.2058,0.1495,0.159,0.108
PCYOX1,ENSG00000116005,0.1741,0.1037264426623992,0.13071781056120532,0.4542,0.4026,0.337,0.264
NUP62,ENSG00000213024,0.631,0.10392942405621643,0.13095176763587643,0.1671,0.1079,0.129,0.079
ZNF592,ENSG00000166716,0.8058,0.10422863695757091,0.13130687880847894,0.1469,0.084,0.108,0.058
TMEM45B,ENSG00000151715,0.4385,0.10449335416287363,0.13161842125717077,0.2143,0.1581,0.162,0.11
TOR2A,ENSG00000160404,0.561,0.10453791652425928,0.13165260199046155,0.1768,0.1198,0.137,0.087
NUP188,ENSG00000095319,0.7117,0.10489966329340361,0.13206414867216534,0.1663,0.1015,0.121,0.072
MMGT1,ENSG00000169446,0.394,0.10489260679993762,0.13206414867216534,0.237,0.1803,0.178,0.126
YTHDC2,ENSG00000047188,0.3812,0.10504558188164216,0.13215256885752233,0.2339,0.1795,0.173,0.12
NDUFAF5,ENSG00000101247,0.7581,0.10504793672682614,0.13215256885752233,0.1422,0.084,0.111,0.061
SH2B1,ENSG00000178188,0.4599,0.10499849377643443,0.13215256885752233,0.1797,0.1306,0.143,0.091
SLC35A2,ENSG00000102100,0.5655,0.10505735652657565,0.13215256885752233,0.1898,0.1282,0.143,0.093
TNRC6C,ENSG00000078687,-1.0395,0.10504204969242921,0.13215256885752233,0.0768,0.158,0.059,0.107
FAM53C,ENSG00000120709,0.5837,0.10517987494444168,0.13228466043037407,0.1808,0.1206,0.137,0.087
SPA17,ENSG00000064199,0.447,0.10534498262285083,0.13247026360113814,0.1817,0.1332,0.143,0.091
NUP98,ENSG00000110713,0.2465,0.10539691606257316,0.13251351320564825,0.2988,0.2519,0.218,0.163
ASH2L,ENSG00000129691,0.7133,0.10553392887595438,0.13266369927751004,0.15,0.0914,0.116,0.066
COPRS,ENSG00000172301,0.2469,0.10558830065755304,0.1327099669718538,0.3512,0.296,0.261,0.206
ZNF131,ENSG00000172262,0.393,0.10592685009466132,0.1331133320800343,0.198,0.1508,0.156,0.104
LATS1,ENSG00000131023,0.508,0.10607390105845292,0.13327595584510424,0.1769,0.1244,0.137,0.086
PGGT1B,ENSG00000164219,0.3528,0.10613086745449322,0.13328699750392817,0.2161,0.1692,0.173,0.119
TRIM37,ENSG00000108395,0.6588,0.10613561574899164,0.13328699750392817,0.1667,0.1055,0.124,0.074
GTF3C4,ENSG00000125484,0.794,0.10613324158068613,0.13328699750392817,0.1433,0.0826,0.111,0.061
EP300,ENSG00000100393,0.2114,0.10626031873871246,0.13342142397722662,0.3445,0.2975,0.253,0.195
DPH7,ENSG00000148399,0.6873,0.10630785518546872,0.133458930861784,0.1717,0.1066,0.124,0.075
COMMD8,ENSG00000169019,0.5085,0.10642439073620408,0.1335830323994055,0.1964,0.138,0.151,0.101
RPS6KB1,ENSG00000108443,0.4688,0.10658509021771694,0.13376251770678596,0.2166,0.1565,0.159,0.109
DTNBP1,ENSG00000047579,0.4644,0.10662082731997083,0.13378514373067257,0.1906,0.1381,0.148,0.097
CHFR,ENSG00000072609,0.7625,0.10680681337179423,0.1339962595522925,0.1406,0.0828,0.108,0.058
RBM19,ENSG00000122965,0.7722,0.10712812389178032,0.1343770506396149,0.1445,0.0845,0.108,0.058
WDR73,ENSG00000177082,0.5428,0.10733277485424318,0.13461140671045937,0.2032,0.1395,0.148,0.099
SCAF4,ENSG00000156304,0.3591,0.10738548364193021,0.13465515832610503,0.2329,0.1816,0.175,0.123
USP28,ENSG00000048028,0.8025,0.10745499472932712,0.13471996103220485,0.1322,0.0757,0.102,0.053
ANKS1A,ENSG00000064999,0.587,0.10764693421020521,0.13493820938412152,0.1687,0.1122,0.124,0.074
RFX5,ENSG00000143390,0.6654,0.10812315197729754,0.13551267637499714,0.1561,0.0984,0.121,0.072
NSD2,ENSG00000109685,0.3152,0.10816170692549434,0.13553851315676063,0.2369,0.1904,0.181,0.127
SLC39A9,ENSG00000029364,0.4558,0.10824367232007237,0.1356187304109696,0.2092,0.1525,0.159,0.108
ZSWIM7,ENSG00000214941,-0.2744,0.10833051278193924,0.13570502803308754,0.4315,0.5219,0.315,0.334
PPP5C,ENSG00000011485,0.2619,0.10856960835569028,0.1359819945502719,0.2804,0.2338,0.218,0.162
PLEKHB1,ENSG00000021300,-0.6957,0.10891328222590986,0.13638983046854783,0.1286,0.2084,0.097,0.143
APOL2,ENSG00000128335,0.8094,0.10921166653046922,0.13673640943977106,0.1272,0.0726,0.102,0.053
PIK3CA,ENSG00000121879,0.4458,0.10922623838107458,0.13673640943977106,0.2123,0.1559,0.159,0.108
PLEKHM1,ENSG00000225190,0.395,0.10958494672844689,0.1371627356748536,0.2179,0.1657,0.167,0.115
B4GALT3,ENSG00000158850,0.3092,0.10963609270979258,0.13720402193514708,0.2964,0.2392,0.221,0.168
LRP6,ENSG00000070018,-0.4795,0.109793301921725,0.137378005302854,0.2397,0.3342,0.178,0.217
KATNA1,ENSG00000186625,0.5029,0.10996900165458579,0.13757506333836655,0.1847,0.1303,0.143,0.092
ARL5B,ENSG00000165997,0.2894,0.11003250335488293,0.1376317157030034,0.2686,0.2197,0.202,0.147
UQCC1,ENSG00000101019,0.7366,0.11008870208505203,0.13767921606564612,0.1473,0.0884,0.111,0.061
KPNA1,ENSG00000114030,0.2738,0.110591832612929,0.13828555037912588,0.283,0.2341,0.21,0.157
CBR4,ENSG00000145439,0.485,0.11082257953894399,0.13855114817420516,0.1944,0.1388,0.146,0.096
ACO1,ENSG00000122729,0.3896,0.11088769917804642,0.13860962397255802,0.2481,0.1894,0.183,0.133
PCM1,ENSG00000078674,0.1417,0.11121621429859027,0.13899727031031422,0.6729,0.6099,0.464,0.375
RRP8,ENSG00000132275,0.5022,0.11132958830628926,0.13911595098478588,0.1797,0.1268,0.14,0.09
RASSF3,ENSG00000153179,0.7837,0.11148624357301988,0.13928866713976604,0.1413,0.082,0.108,0.059
AGAP1,ENSG00000157985,-1.0705,0.11151463280675004,0.13930109967840554,0.1055,0.2217,0.081,0.125
NOL8,ENSG00000198000,0.4902,0.11158130820921354,0.1393383113257204,0.2004,0.1426,0.151,0.102
TMEM11,ENSG00000178307,0.2337,0.11157636821202259,0.1393383113257204,0.3504,0.298,0.264,0.209
TSR3,ENSG00000007520,0.3273,0.1117283520789864,0.13949887621165794,0.3147,0.2508,0.226,0.178
ALYREF,ENSG00000183684,0.4132,0.11179760207294509,0.1395622742334931,0.2219,0.1666,0.164,0.113
MIX23,ENSG00000160124,0.4994,0.11213196128195035,0.13995654509914668,0.18,0.1273,0.14,0.09
BEX4,ENSG00000102409,-0.1576,0.1122386263285086,0.14006653814203543,0.6132,0.6839,0.434,0.422
LRRC61,ENSG00000127399,0.7946,0.11228826523280201,0.1401053416736283,0.1366,0.0787,0.105,0.056
CDKN2AIP,ENSG00000168564,0.565,0.11246213773505974,0.14029911667575568,0.1931,0.1305,0.143,0.094
DECR2,ENSG00000242612,0.6633,0.11262875730913952,0.14048378099233103,0.1565,0.0988,0.121,0.072
CCDC47,ENSG00000108588,0.1598,0.11318722699169292,0.1411570650251304,0.7501,0.6715,0.518,0.417
ERLIN1,ENSG00000107566,0.8876,0.11346727884771818,0.14148296611561492,0.1405,0.0759,0.105,0.057
RDH13,ENSG00000160439,0.658,0.11366013090870454,0.1416766687040526,0.1611,0.1021,0.121,0.073
XPOT,ENSG00000184575,-0.8022,0.11365261236221498,0.1416766687040526,0.1081,0.1885,0.084,0.129
RHOQ,ENSG00000119729,0.229,0.11386829940881985,0.14191273540640614,0.3021,0.2577,0.235,0.176
PCNA,ENSG00000132646,0.2523,0.1139360815492951,0.14197379120978468,0.306,0.2569,0.232,0.177
PPP1R16A,ENSG00000160972,0.2749,0.11427672737920587,0.14237478155506272,0.2951,0.2438,0.221,0.167
DLAT,ENSG00000150768,0.516,0.11471659925996613,0.14289924277148294,0.1851,0.1294,0.143,0.094
PPP1R37,ENSG00000104866,0.6319,0.11487447013002805,0.143072308247999,0.1627,0.105,0.124,0.076
PUSL1,ENSG00000169972,0.5344,0.11494904453281961,0.14314159081019484,0.1794,0.1238,0.137,0.088
ZBTB10,ENSG00000205189,0.4948,0.11512868482175125,0.1433416634522628,0.173,0.1228,0.137,0.087
EIF4EBP2,ENSG00000148730,-0.3598,0.11519199098212174,0.14339685151918435,0.3104,0.3983,0.235,0.266
FAM168B,ENSG00000152102,0.3347,0.1153491084021243,0.14356878319242983,0.2818,0.2235,0.205,0.155
MRPS22,ENSG00000175110,0.3582,0.11542773028277342,0.14364297517482347,0.2493,0.1944,0.189,0.138
AKAP10,ENSG00000108599,0.5918,0.11556986371304534,0.14379616606588563,0.1882,0.1249,0.132,0.084
SLC25A22,ENSG00000177542,0.7367,0.11565876695987709,0.1438830865110936,0.1511,0.0907,0.116,0.068
SAC3D1,ENSG00000168061,0.5754,0.11573247037237423,0.14395107238447272,0.1719,0.1153,0.132,0.084
DENND3,ENSG00000105339,-0.6401,0.11590543695474678,0.14414248167787852,0.1462,0.2279,0.108,0.152
PARL,ENSG00000175193,-0.7172,0.1159359815499366,0.1441567380858741,0.1095,0.18,0.084,0.131
ZNF622,ENSG00000173545,0.2813,0.1159588941478483,0.1441615016104976,0.2832,0.233,0.218,0.164
ECI1,ENSG00000167969,-0.3914,0.11620861730696398,0.14444819081179877,0.2863,0.3756,0.218,0.251
ZNF721,ENSG00000182903,0.2799,0.11667734741624947,0.14500696820690323,0.2873,0.2366,0.21,0.158
DERA,ENSG00000023697,0.1659,0.11682452986797398,0.1451660070974578,0.4123,0.3675,0.315,0.248
SYF2,ENSG00000117614,0.1547,0.11686038765851738,0.14518668455189915,0.6543,0.5878,0.461,0.372
SNU13,ENSG00000100138,0.1027,0.11689369191696942,0.14519304181360132,1.2268,1.1424,0.774,0.633
GTF3C3,ENSG00000119041,0.6197,0.11690394088049462,0.14519304181360132,0.1517,0.0987,0.119,0.07
WDR5,ENSG00000196363,0.6265,0.11709880529266645,0.14541115614498604,0.1626,0.1053,0.124,0.076
BUD13,ENSG00000137656,0.7689,0.11737615647089229,0.1457316125123404,0.142,0.0833,0.108,0.06
MYBBP1A,ENSG00000132382,0.4721,0.11748158213003926,0.14583853976215028,0.1457,0.105,0.124,0.073
CCNC,ENSG00000112237,0.1635,0.11778670585258634,0.14619329106559714,0.5393,0.4815,0.383,0.317
MAP7,ENSG00000135525,0.1414,0.1178086162432892,0.1461964677592066,0.4057,0.3678,0.299,0.235
LONP2,ENSG00000102910,0.1562,0.11783826480313868,0.14620924463585364,0.4473,0.4014,0.329,0.261
LYZ,ENSG00000090382,-0.9061,0.11790144864856625,0.14626361979308997,0.0954,0.1789,0.065,0.111
GUCY1A1,ENSG00000164116,-0.4271,0.1183794096580664,0.14683244786844388,0.2481,0.3336,0.181,0.221
NOL9,ENSG00000162408,0.6463,0.11850884880735195,0.14696886945823112,0.1711,0.1093,0.124,0.076
AKNA,ENSG00000106948,0.6312,0.11852956936657173,0.14697044092638265,0.1369,0.0884,0.111,0.061
HSCB,ENSG00000100209,-0.579,0.1186876570582771,0.14714231195853028,0.15,0.2241,0.111,0.156
CNOT7,ENSG00000198791,0.1569,0.1188303368176649,0.14729502783551407,0.5116,0.4589,0.377,0.303
CEP95,ENSG00000258890,0.4612,0.11889783222016896,0.14735451483323106,0.1817,0.132,0.14,0.09
BOLA1,ENSG00000178096,-0.743,0.11914990722050589,0.1476427011728591,0.1042,0.1744,0.078,0.124
NAA25,ENSG00000111300,0.4504,0.11926308710581969,0.1477587115586205,0.2146,0.157,0.156,0.108
ZNF766,ENSG00000196214,0.778,0.11934770176162039,0.14783929936203344,0.1342,0.0782,0.105,0.057
EXPH5,ENSG00000110723,0.1984,0.11950925094556923,0.14801514604815993,0.3554,0.3097,0.259,0.202
USP42,ENSG00000106346,0.7573,0.1196266116459672,0.14813621553602396,0.1314,0.0777,0.102,0.054
RETREG1,ENSG00000154153,0.4388,0.11973884065110467,0.1482508916943782,0.2122,0.1565,0.156,0.107
NUDCD3,ENSG00000015676,0.2839,0.11988250956561902,0.148404450232386,0.3026,0.2485,0.218,0.167
UBALD2,ENSG00000185262,0.2994,0.12012182148642028,0.1486763370461837,0.3244,0.2636,0.232,0.182
ARHGAP17,ENSG00000140750,0.5263,0.12014930741907096,0.14867946359393827,0.1742,0.1209,0.132,0.084
FCHO2,ENSG00000157107,-0.2863,0.12016370677757605,0.14867946359393827,0.4597,0.5607,0.34,0.345
TGFBRAP1,ENSG00000135966,0.8553,0.12037199391580151,0.14891279090124127,0.1517,0.0838,0.108,0.061
HNF1B,ENSG00000275410,0.4539,0.12043492856223745,0.14896625495869417,0.2176,0.1589,0.159,0.111
PPT1,ENSG00000131238,0.2234,0.12048477008908037,0.14900350925241485,0.3731,0.3196,0.272,0.217
FAM219B,ENSG00000178761,0.4402,0.12066065591617348,0.14919660481942565,0.2292,0.1689,0.167,0.119
USP39,ENSG00000168883,0.3655,0.12075393056445785,0.14928750538610358,0.212,0.1645,0.167,0.116
PHACTR2,ENSG00000112419,0.1707,0.12083937231568555,0.14934425942172488,0.5001,0.4443,0.348,0.285
CD68,ENSG00000129226,0.4885,0.12083279819415413,0.14934425942172488,0.1695,0.1207,0.129,0.08
SDHB,ENSG00000117118,0.1734,0.12177441978121849,0.15047526029556849,0.5439,0.4823,0.383,0.319
WDR55,ENSG00000120314,0.7052,0.12214922339012949,0.15090542269047036,0.1641,0.1006,0.121,0.075
COG6,ENSG00000133103,0.6027,0.12216248380872492,0.15090542269047036,0.1607,0.1058,0.121,0.073
CGRRF1,ENSG00000100532,0.5021,0.1222195164301432,0.1509511928444878,0.1672,0.118,0.135,0.086
USO1,ENSG00000138768,-0.2768,0.12243855568615139,0.1511970068991294,0.4192,0.5079,0.302,0.326
GMEB1,ENSG00000162419,0.8637,0.12301615991824903,0.15188545320842808,0.1376,0.0756,0.102,0.055
ARRB2,ENSG00000141480,-0.7927,0.1231628948266252,0.15204177621162634,0.1014,0.1758,0.078,0.123
CLCN5,ENSG00000171365,-1.0475,0.12353434317452737,0.15247540641783275,0.0757,0.1565,0.059,0.104
KDM6A,ENSG00000147050,0.3406,0.12360124312477153,0.15253305975296452,0.2098,0.1657,0.151,0.101
PRKCZ,ENSG00000067606,0.1398,0.12398177150680569,0.15297767168608803,0.5492,0.4985,0.388,0.313
GGA3,ENSG00000125447,0.6395,0.12411060735555422,0.15311163268635078,0.1525,0.0979,0.116,0.068
CD320,ENSG00000167775,0.2043,0.12415626175992932,0.1531429481789822,0.3876,0.3364,0.288,0.227
RPAP2,ENSG00000122484,0.3435,0.1242516411481712,0.1532355776811024,0.1897,0.1495,0.151,0.1
TUSC1,ENSG00000198680,0.5819,0.1243174996918052,0.1532917757747002,0.1866,0.1246,0.137,0.091
AFTPH,ENSG00000119844,0.242,0.12441970150692498,0.15339276189373666,0.3433,0.2902,0.248,0.195
SOCS4,ENSG00000180008,0.6249,0.12454081471921805,0.15351702646495224,0.1775,0.1151,0.129,0.083
PPWD1,ENSG00000113593,0.4359,0.1248682797088266,0.15389557148453262,0.1908,0.141,0.146,0.096
HIGD1A,ENSG00000181061,-0.242,0.12493709209142921,0.15395526516893618,0.4403,0.5208,0.321,0.34
ELP6,ENSG00000163832,0.4086,0.12502618729484122,0.154039929062708,0.2067,0.1557,0.159,0.11
PHYKPL,ENSG00000175309,0.2819,0.12528565499865746,0.15433444048831846,0.2938,0.2417,0.213,0.162
SHANK2,ENSG00000162105,0.1445,0.1259701129345734,0.1551522991882462,0.2434,0.2202,0.183,0.128
CWF19L2,ENSG00000152404,-0.6876,0.1260040725095003,0.15516882930876524,0.131,0.211,0.094,0.139
CIC,ENSG00000079432,0.4614,0.1264502829552333,0.15569294128533046,0.1834,0.1332,0.143,0.095
NUDCD1,ENSG00000120526,0.7005,0.12664656845171945,0.15590921046973122,0.1293,0.0795,0.105,0.058
DENND2D,ENSG00000162777,0.3639,0.12738064198272664,0.15678734932869007,0.2259,0.1755,0.173,0.123
FBXL5,ENSG00000118564,-0.3141,0.12758079374760495,0.15700812783240845,0.3549,0.4412,0.253,0.287
MKNK1,ENSG00000079277,0.5546,0.1276837065022628,0.15705802712871955,0.1564,0.1065,0.124,0.076
INAFM1,ENSG00000257704,0.6715,0.12767547110655023,0.15705802712871955,0.1533,0.0962,0.113,0.066
BTBD7,ENSG00000011114,0.3121,0.1276837065022628,0.15705802712871955,0.2796,0.2251,0.202,0.153
HSF2,ENSG00000025156,0.623,0.12774960454255918,0.1571135051797224,0.1679,0.109,0.124,0.077
DHPS,ENSG00000095059,-0.3019,0.12786773801170415,0.15723319672500405,0.3572,0.4404,0.261,0.291
C11orf71,ENSG00000180425,-0.9341,0.12796120599881308,0.15732252421823154,0.0896,0.1712,0.075,0.118
CBX5,ENSG00000094916,0.24,0.12801621197975632,0.1573645430372696,0.4014,0.3398,0.278,0.23
MTURN,ENSG00000180354,-0.5714,0.12824468329165165,0.15761974658669728,0.149,0.2215,0.108,0.153
NT5DC1,ENSG00000178425,-0.3474,0.1284403740529847,0.15783458457552038,0.3332,0.424,0.251,0.277
MRPL58,ENSG00000167862,0.244,0.1286708143109259,0.15806803811903505,0.3236,0.2732,0.243,0.189
ZER1,ENSG00000160445,0.4989,0.12867219515977044,0.15806803811903505,0.1866,0.132,0.137,0.09
GSK3A,ENSG00000105723,0.378,0.12922822978997683,0.158725292808206,0.2314,0.1781,0.175,0.127
DDX46,ENSG00000145833,0.1468,0.1293294011816692,0.15882373633412072,0.715,0.6458,0.485,0.402
SLC27A5,ENSG00000083807,-0.8858,0.12936406305584816,0.1588404837293894,0.0891,0.1647,0.073,0.116
JMJD6,ENSG00000070495,0.4445,0.12979029937903436,0.15933794472028023,0.2175,0.1598,0.162,0.116
RBM23,ENSG00000100461,0.2137,0.12989320327746304,0.15943836730483074,0.3454,0.2978,0.253,0.199
STX11,ENSG00000135604,-0.8847,0.13008109651082253,0.15964306110124502,0.083,0.1533,0.065,0.109
PRSS16,ENSG00000112812,0.413,0.13063905579738536,0.16030178115141244,0.187,0.1404,0.148,0.099
KDM4A,ENSG00000066135,0.591,0.13096632166824893,0.1606772588833421,0.173,0.1148,0.127,0.081
WWP2,ENSG00000198373,0.2408,0.13110216942579336,0.16081780971129547,0.2369,0.2005,0.183,0.131
KDM5D,ENSG00000012817,0.7898,0.13121148706751684,0.16092577675244962,0.1398,0.0808,0.102,0.056
FUS,ENSG00000089280,0.1849,0.13157217480117772,0.16134195432931303,0.9865,0.8678,0.642,0.511
MIGA1,ENSG00000180488,0.4615,0.1317844545332474,0.1615760392727498,0.207,0.1503,0.151,0.104
TJAP1,ENSG00000137221,0.7122,0.13189702812715196,0.16168782208350366,0.1545,0.0942,0.113,0.067
RPRD2,ENSG00000163125,0.2801,0.13204771177564217,0.16184627879055427,0.2575,0.212,0.191,0.141
SCAF8,ENSG00000213079,0.3213,0.1322295544009819,0.16204286836973533,0.2025,0.162,0.156,0.106
TRAPPC6A,ENSG00000007255,-0.4032,0.13226340697972616,0.16205806677454285,0.2708,0.3582,0.21,0.241
ATPAF2,ENSG00000171953,0.6466,0.1326376423320931,0.16249025260563701,0.1661,0.1061,0.124,0.078
ALKBH3,ENSG00000166199,0.4479,0.13273946289980015,0.16258862552010217,0.1915,0.1404,0.148,0.101
UFL1,ENSG00000014123,0.2026,0.13282294430793934,0.16266450709134087,0.3684,0.3201,0.27,0.215
E2F6,ENSG00000169016,0.7346,0.13286965502272505,0.16269533933495747,0.1346,0.0809,0.105,0.059
KIF13B,ENSG00000197892,0.3065,0.13294753447572216,0.16273794928128338,0.2456,0.1985,0.183,0.134
MON1B,ENSG00000103111,0.4322,0.13294611817030927,0.16273794928128338,0.2136,0.1583,0.159,0.112
USP46,ENSG00000109189,0.6645,0.1330282831945087,0.16278404268456648,0.1301,0.082,0.105,0.058
UBE2D3,ENSG00000109332,0.1113,0.13302544926356832,0.16278404268456648,1.2252,1.1342,0.779,0.631
FMR1,ENSG00000102081,0.3926,0.13322535591624013,0.16299322874700625,0.2238,0.1705,0.167,0.119
TIMM10,ENSG00000134809,0.1536,0.1332423799790219,0.16299322874700625,0.5235,0.4706,0.377,0.306
TRAPPC9,ENSG00000167632,0.2665,0.1333857325708079,0.163142174125377,0.1698,0.1411,0.129,0.08
MDH2,ENSG00000146701,0.2259,0.13363297633598273,0.16341811852028965,1.0493,0.8972,0.695,0.529
MYCBP2,ENSG00000005810,-0.4159,0.1337780771035423,0.1635690844015637,0.2774,0.3702,0.202,0.237
VPS53,ENSG00000141252,0.303,0.13399168196375416,0.16380374712559267,0.2378,0.1927,0.178,0.129
RBM14,ENSG00000239306,0.5467,0.1340771977357255,0.16388177137896878,0.1846,0.1263,0.135,0.089
AKT1S1,ENSG00000204673,0.313,0.13417701947920646,0.1639772536663547,0.2499,0.2012,0.191,0.142
FER,ENSG00000151422,0.3162,0.13439968611992328,0.16422280909526452,0.1907,0.1531,0.14,0.091
GTF3C2,ENSG00000115207,0.5008,0.13502782624055784,0.16496365253030634,0.2127,0.1503,0.151,0.106
SUPV3L1,ENSG00000156502,0.7994,0.13506509920002424,0.16498251001716785,0.1518,0.0872,0.108,0.063
MLLT6,ENSG00000275023,0.285,0.13525875970135587,0.1651389672824408,0.3044,0.2498,0.218,0.17
PPIG,ENSG00000138398,0.1596,0.13523579614544878,0.1651389672824408,0.8007,0.7169,0.561,0.44
TMEM219,ENSG00000149932,0.1999,0.13525445380516193,0.1651389672824408,1.1044,0.9615,0.701,0.559
NOP58,ENSG00000055044,0.1515,0.13549718439529757,0.16540333302738294,0.4939,0.4446,0.353,0.288
NAA50,ENSG00000121579,0.1897,0.13597500755964065,0.16595980324928677,0.3871,0.3394,0.288,0.232
CGNL1,ENSG00000128849,-0.361,0.13623749829559006,0.16622646957738743,0.3149,0.4044,0.229,0.26
FBXO38,ENSG00000145868,-0.642,0.13622306557939698,0.16622646957738743,0.1517,0.2368,0.116,0.157
UTP23,ENSG00000147679,0.3689,0.13631256744859793,0.1662912073428318,0.2189,0.1695,0.167,0.12
UTP18,ENSG00000011260,0.3635,0.13638622397373185,0.16635420118203811,0.2375,0.1846,0.178,0.131
CLUAP1,ENSG00000103351,0.4976,0.1364815897790285,0.16644364984351256,0.1863,0.1319,0.14,0.094
ACBD5,ENSG00000107897,0.4219,0.13664788041962456,0.16661955076989404,0.1835,0.137,0.146,0.098
SYNJ2BP,ENSG00000213463,-0.6187,0.1367375976095018,0.16670204130059482,0.1348,0.2071,0.105,0.148
PHF21A,ENSG00000135365,0.4662,0.13703891634692242,0.16704243514052902,0.2011,0.1455,0.14,0.094
ING2,ENSG00000168556,0.2865,0.1372797591769542,0.1673090144510226,0.2792,0.2289,0.208,0.158
PIAS4,ENSG00000105229,0.6692,0.13735236613299218,0.16736120981926625,0.1489,0.0936,0.113,0.068
TMED7,ENSG00000134970,0.2629,0.13736689107733555,0.16736120981926625,0.3277,0.2731,0.24,0.191
RUSF1,ENSG00000140688,-0.5756,0.1374279087789534,0.16740855382537778,0.1385,0.2064,0.1,0.144
AAR2,ENSG00000131043,0.4941,0.13805090049274607,0.16812744765747095,0.1773,0.1258,0.137,0.091
TMPO,ENSG00000120802,0.349,0.13806256588576435,0.16812744765747095,0.2269,0.1781,0.173,0.124
CIR1,ENSG00000138433,0.1666,0.13825515457169477,0.1683348417065518,0.4592,0.4091,0.329,0.268
SPRYD3,ENSG00000167778,0.3413,0.1383471448472808,0.16841970340335263,0.2367,0.1868,0.178,0.129
NUP107,ENSG00000111581,0.6244,0.1384494115689377,0.16851704598088033,0.1359,0.0881,0.108,0.062
DCAF16,ENSG00000163257,0.5671,0.13862778705359638,0.1687069798952836,0.1523,0.1028,0.119,0.072
NHLRC3,ENSG00000188811,0.4812,0.13868484605092296,0.16874923690042246,0.1889,0.1353,0.14,0.094
MAGIX,ENSG00000269313,-0.9328,0.13921386659626228,0.1693656621795107,0.0763,0.1457,0.059,0.103
SLC25A17,ENSG00000100372,0.5216,0.1396738028203709,0.16989785546738082,0.161,0.1121,0.124,0.078
NFIA,ENSG00000162599,-0.3249,0.13978271247362106,0.17000296084002045,0.4202,0.5264,0.302,0.318
NRDE2,ENSG00000119720,0.4259,0.13988284922116231,0.17009736453659766,0.1863,0.1386,0.143,0.096
VIRMA,ENSG00000164944,0.4951,0.14014523324083275,0.17038899857330084,0.1955,0.1387,0.143,0.097
HDDC2,ENSG00000111906,-0.2376,0.1408220965622901,0.17117843916114753,0.4499,0.5304,0.337,0.343
KHNYN,ENSG00000100441,0.7332,0.14083986470227572,0.17117843916114753,0.1565,0.0941,0.113,0.069
C1RL,ENSG00000139178,0.1753,0.1410487694782533,0.17140476972948426,0.3709,0.3284,0.275,0.217
STK16,ENSG00000115661,0.2849,0.1411510862368438,0.17145484583524445,0.2746,0.2254,0.208,0.158
RNF2,ENSG00000121481,0.6391,0.14118075392998752,0.17145484583524445,0.1289,0.0827,0.105,0.059
YOD1,ENSG00000180667,0.713,0.14115701939209113,0.17145484583524445,0.1454,0.0887,0.108,0.063
TMF1,ENSG00000144747,0.1576,0.14117482000797069,0.17145484583524445,0.4877,0.4372,0.35,0.288
PPP1R9A,ENSG00000158528,-0.4298,0.14121487770187904,0.17146872404977437,0.3235,0.4358,0.243,0.266
GALNT3,ENSG00000115339,-0.3115,0.14148958211649748,0.17177467345173364,0.3596,0.4463,0.261,0.288
WDR82,ENSG00000164091,0.295,0.1417036901457428,0.17200696964188414,0.2986,0.2434,0.216,0.168
MED1,ENSG00000125686,0.4557,0.14185252266304116,0.17213412425240351,0.1967,0.1434,0.148,0.102
SCAI,ENSG00000173611,-0.6755,0.14185401159436986,0.17213412425240351,0.1614,0.2578,0.124,0.162
ABCB7,ENSG00000131269,0.3162,0.1419821046043029,0.1722618918075331,0.2067,0.166,0.162,0.113
MAML1,ENSG00000161021,0.6375,0.14216546176755993,0.1724566576194469,0.1429,0.0918,0.111,0.065
TXLNG,ENSG00000086712,-0.6455,0.14254019372199273,0.17288347464595522,0.1615,0.2526,0.135,0.17
CUL3,ENSG00000036257,0.173,0.1425940022588955,0.17292097705713572,0.3501,0.3105,0.259,0.205
CS,ENSG00000062485,0.18,0.14270316188045806,0.17302557984382294,0.3987,0.3519,0.294,0.238
TMEM260,ENSG00000070269,0.6376,0.14284082425359426,0.17316470270152512,0.1433,0.0921,0.108,0.062
RDH10,ENSG00000121039,-0.5766,0.14295012885760144,0.17326940855433642,0.163,0.2431,0.124,0.163
GIT2,ENSG00000139436,0.622,0.14301754038060407,0.17332331048692073,0.1516,0.0984,0.113,0.068
MLX,ENSG00000108788,-0.2591,0.1430624949465153,0.1733499838525939,0.4237,0.5071,0.318,0.328
SCAND1,ENSG00000171222,0.1877,0.1431164547372892,0.17338755861773894,1.0453,0.9177,0.674,0.539
AMBRA1,ENSG00000110497,0.4286,0.14341801728365117,0.1737250473910509,0.157,0.1166,0.119,0.072
GRWD1,ENSG00000105447,0.5475,0.14353968019122496,0.1738294191015561,0.1622,0.111,0.127,0.081
ARHGEF17,ENSG00000110237,0.5476,0.14355019798472649,0.1738294191015561,0.1569,0.1073,0.119,0.073
TENT5B,ENSG00000158246,0.4418,0.1437140513317938,0.17399209179404268,0.1964,0.1446,0.148,0.102
ENSG00000247134,ENSG00000247134,0.4442,0.14373059495521115,0.17399209179404268,0.1974,0.1451,0.146,0.099
GEM,ENSG00000164949,0.1892,0.14376819953083025,0.17400973204989148,0.2997,0.2628,0.216,0.158
CCDC92,ENSG00000119242,0.2091,0.1438374116625392,0.17406561670839077,0.3135,0.2712,0.235,0.182
CLCN7,ENSG00000103249,0.3884,0.1442728290477895,0.17456457774760567,0.2155,0.1646,0.162,0.115
CDCA7L,ENSG00000164649,-0.4894,0.1444282563801457,0.17472465603714984,0.202,0.2837,0.159,0.194
SLC35A3,ENSG00000117620,0.4595,0.14445543160653498,0.17472955263966886,0.1993,0.1449,0.148,0.103
GLS,ENSG00000115419,0.1184,0.14450677328148812,0.17473570296761248,0.9221,0.8495,0.58,0.478
EIF1AY,ENSG00000198692,0.2343,0.14448563089844316,0.17473570296761248,0.2825,0.2402,0.213,0.16
HDAC6,ENSG00000094631,0.5438,0.14465181349792353,0.17488309345124214,0.1818,0.1247,0.132,0.087
PIK3C2A,ENSG00000011405,-0.4027,0.14473949600294062,0.17496110276835464,0.2794,0.3694,0.213,0.243
INTS14,ENSG00000138614,0.532,0.1448120916271964,0.1749648732198095,0.1777,0.1228,0.135,0.09
CTSD,ENSG00000117984,0.2238,0.14478184006089753,0.1749648732198095,1.2519,1.072,0.771,0.591
MREG,ENSG00000118242,0.4085,0.14480301564884776,0.1749648732198095,0.1797,0.1354,0.137,0.091
MTERF3,ENSG00000156469,0.7011,0.14502853144725836,0.1751983618618543,0.13,0.0799,0.102,0.057
PPP6C,ENSG00000119414,0.1421,0.1450876034751825,0.17521368993845968,0.4979,0.4511,0.364,0.295
DGAT1,ENSG00000185000,0.5069,0.145067910751763,0.17521368993845968,0.1797,0.1265,0.135,0.089
MTMR14,ENSG00000163719,0.412,0.14513002552647894,0.17523690951774787,0.2112,0.1587,0.159,0.113
HEATR5B,ENSG00000008869,0.7366,0.14529525899664517,0.17540838634062866,0.1409,0.0845,0.102,0.058
AP5Z1,ENSG00000242802,0.674,0.14533317688511188,0.1754261305906727,0.1523,0.0954,0.113,0.069
SYNE4,ENSG00000181392,0.24,0.14597437500374602,0.17617194938551137,0.2763,0.234,0.21,0.16
TRIM11,ENSG00000154370,0.8274,0.146053534805966,0.17623933164974814,0.1416,0.0798,0.102,0.058
PRPF38B,ENSG00000134186,0.1303,0.146169288993729,0.17635084291721853,0.548,0.5007,0.399,0.322
LRP3,ENSG00000130881,0.6354,0.14639033052936465,0.1765893257463436,0.1611,0.1037,0.119,0.075
R3HDM2,ENSG00000179912,-0.534,0.14650171025483796,0.17669546950435838,0.1958,0.2836,0.14,0.179
MRPL21,ENSG00000197345,0.1474,0.14685305660691494,0.17709095653076495,0.499,0.4506,0.364,0.297
AQR,ENSG00000021776,0.3768,0.14698612503992234,0.1772231367182594,0.2197,0.1692,0.162,0.115
RIC3,ENSG00000166405,0.3596,0.14754233675742875,0.17786538283107933,0.2688,0.2095,0.186,0.141
STYX,ENSG00000198252,0.7469,0.14767741792756836,0.17799982329974137,0.1418,0.0845,0.105,0.061
ZDHHC4,ENSG00000136247,0.1857,0.14773731366364384,0.17804361217559886,0.3947,0.347,0.291,0.237
IPO5,ENSG00000065150,0.2628,0.14780183752397,0.17809296371508665,0.3091,0.2576,0.226,0.179
ZC3H7B,ENSG00000100403,0.3392,0.14835578284391793,0.17873193101352255,0.2267,0.1792,0.173,0.126
CCDC122,ENSG00000151773,0.6615,0.14848526463411332,0.17885940279188872,0.132,0.0834,0.102,0.057
SCYL2,ENSG00000136021,0.2064,0.14867656213474562,0.17906128278782132,0.3169,0.2746,0.237,0.185
TSR2,ENSG00000158526,0.192,0.14898395703545836,0.17940290012797067,0.3444,0.3015,0.264,0.209
STX3,ENSG00000166900,-0.3144,0.149092201165026,0.179504634231358,0.3201,0.3981,0.229,0.263
HMBS,ENSG00000256269,-0.6816,0.14915253464263334,0.17954866144440645,0.1216,0.1951,0.097,0.138
R3HCC1,ENSG00000104679,0.3483,0.14920824362214072,0.17958710858137217,0.2158,0.1695,0.167,0.12
EPB41L1,ENSG00000088367,0.3355,0.14927170930094488,0.17960626911429187,0.2341,0.1855,0.17,0.124
SKA2,ENSG00000182628,0.3313,0.14925313184814362,0.17960626911429187,0.2178,0.1731,0.17,0.122
TRIQK,ENSG00000205133,0.3652,0.14936307411315844,0.17965897546965642,0.2113,0.164,0.162,0.115
NR2C1,ENSG00000120798,0.418,0.14935223198947628,0.17965897546965642,0.1714,0.1282,0.132,0.086
CLSTN3,ENSG00000139182,0.3243,0.14962346531006332,0.17994353397286347,0.2438,0.1947,0.178,0.131
MRE11,ENSG00000020922,0.6803,0.14989196805726163,0.18023775563785,0.1395,0.087,0.105,0.061
BTBD2,ENSG00000133243,0.4483,0.15010174850412852,0.1804612842057115,0.1887,0.1383,0.14,0.095
PACSIN2,ENSG00000100266,-0.2199,0.15043786284384697,0.1808366036253403,0.5552,0.6467,0.388,0.392
GPRC5C,ENSG00000170412,0.1389,0.15071683659064197,0.1811431276554725,0.5802,0.5269,0.418,0.337
SPEN-AS1,ENSG00000179743,0.6103,0.15078235119828726,0.1811930433120821,0.1579,0.1034,0.116,0.071
DNAJB9,ENSG00000128590,-0.2862,0.15117433152103318,0.18163518998750092,0.3629,0.4426,0.264,0.29
MRPL49,ENSG00000149792,0.2978,0.15127283880800824,0.1817246457615682,0.2493,0.2028,0.194,0.146
UBE2D2,ENSG00000131508,0.1837,0.151321328596005,0.18174201417464517,1.037,0.913,0.674,0.538
NUAK2,ENSG00000163545,0.65,0.15133540849406918,0.18174201417464517,0.1478,0.0941,0.111,0.066
EGFL7,ENSG00000172889,-0.6431,0.15150444512688763,0.18191609709689066,0.1383,0.216,0.105,0.145
CELF2,ENSG00000048740,-0.1237,0.15156082261869772,0.1819259635977536,0.8123,0.885,0.547,0.501
ANKRD49,ENSG00000168876,0.4302,0.15154516060170942,0.1819259635977536,0.1664,0.1235,0.132,0.086
EZR,ENSG00000092820,0.2456,0.15165168663046766,0.18200611477254697,1.5937,1.3441,0.898,0.696
ARHGAP12,ENSG00000165322,0.169,0.15177708437278564,0.18212767986600947,0.3354,0.2983,0.245,0.192
SMIM27,ENSG00000235453,-0.6348,0.15187745940650976,0.18221918466193127,0.1373,0.2133,0.108,0.147
NF2,ENSG00000186575,0.4967,0.15239267495288658,0.18277927595952662,0.1732,0.1227,0.132,0.088
NDUFA7,ENSG00000267855,-0.3537,0.15238323834886255,0.18277927595952662,0.3235,0.4134,0.243,0.266
CC2D2A,ENSG00000048342,0.3975,0.15257205494842221,0.18296537700560792,0.189,0.1435,0.143,0.097
ZNF362,ENSG00000160094,0.5138,0.1529707266051484,0.183414353198206,0.1606,0.1124,0.124,0.079
MYLK,ENSG00000065534,-0.5224,0.1530227856270927,0.18344765874526903,0.1879,0.27,0.137,0.175
IDE,ENSG00000119912,0.4781,0.1530922186193008,0.18350177878293156,0.1855,0.1331,0.137,0.093
USP47,ENSG00000170242,0.1136,0.15319483393117336,0.18356652979381677,0.4391,0.4059,0.318,0.256
XPA,ENSG00000136936,0.2489,0.1531916757570893,0.18356652979381677,0.2977,0.2506,0.221,0.173
C1orf53,ENSG00000203724,0.244,0.15325326908434306,0.18360742910437866,0.3027,0.2556,0.224,0.174
AUH,ENSG00000148090,0.2779,0.15341761003655474,0.1837751773943509,0.198,0.1633,0.156,0.108
C14orf132,ENSG00000227051,-0.4695,0.1538971750713372,0.18429119633285032,0.1975,0.2734,0.146,0.184
SUGP2,ENSG00000064607,0.2957,0.1538829141643345,0.18429119633285032,0.2631,0.2143,0.191,0.145
HERPUD2,ENSG00000122557,0.3736,0.1541540432119376,0.18456953985201086,0.2256,0.1741,0.167,0.122
RPE,ENSG00000197713,0.5256,0.15437470202120157,0.18477517011568093,0.1655,0.1149,0.127,0.082
GMPPA,ENSG00000144591,0.3486,0.1543556428801107,0.18477517011568093,0.2195,0.1724,0.167,0.121
EPS15L1,ENSG00000127527,0.4906,0.15441123703946152,0.1847896239241457,0.1603,0.114,0.124,0.079
PDPR,ENSG00000090857,0.6538,0.15473398321028292,0.1851465383518669,0.1479,0.094,0.111,0.067
PPFIA1,ENSG00000131626,0.2149,0.15478808928010718,0.18518195004136337,0.3403,0.2932,0.245,0.196
PROS1,ENSG00000184500,0.2157,0.1548963445274918,0.18528212205592154,0.3438,0.296,0.248,0.198
ERCC6L2,ENSG00000182150,0.4577,0.1552629281490618,0.18569121769291783,0.1462,0.1064,0.116,0.071
PIK3C3,ENSG00000078142,0.4221,0.15541932461732288,0.18584884417281963,0.1758,0.1311,0.135,0.09
SELENOF,ENSG00000183291,0.1929,0.1555151365624385,0.1859339858726417,0.973,0.8512,0.644,0.509
SPTLC3,ENSG00000172296,-0.9517,0.15565094688899148,0.18606691514973586,0.0781,0.1511,0.059,0.101
DUSP8,ENSG00000184545,0.7313,0.1557868472109174,0.1861999099317325,0.1484,0.0893,0.108,0.065
INPP5K,ENSG00000132376,0.4567,0.15644684031735642,0.18695917092654663,0.201,0.1464,0.148,0.105
ATP6V1C1,ENSG00000155097,0.2989,0.1570220495215812,0.18761688820742464,0.2544,0.2068,0.191,0.146
TRA2A,ENSG00000164548,0.1068,0.15706388685386768,0.1876372019577752,0.5512,0.5118,0.388,0.317
HMGN1,ENSG00000205581,0.2835,0.15727642212976403,0.18786140224353634,1.5405,1.2657,0.9,0.681
PIK3R1,ENSG00000145675,0.515,0.1574859501418795,0.18805991557688106,0.1923,0.1345,0.137,0.094
PALS1,ENSG00000072415,0.3103,0.15749240051024838,0.18805991557688106,0.2332,0.188,0.175,0.129
RIMKLB,ENSG00000166532,0.2432,0.15786686450435972,0.18847726948963933,0.2,0.169,0.159,0.11
RANGRF,ENSG00000108961,-0.3166,0.15790240900143793,0.188489919419476,0.3362,0.4187,0.248,0.274
HMCES,ENSG00000183624,0.2797,0.15795088853922135,0.18851800361987636,0.2518,0.2074,0.194,0.147
TMEM126B,ENSG00000171204,-0.2645,0.15800907886524707,0.18855766716584135,0.3944,0.4738,0.288,0.31
SEC24D,ENSG00000150961,0.1838,0.15813197842875648,0.18867452574688176,0.3351,0.295,0.248,0.197
PRPF18,ENSG00000165630,0.3461,0.1581837472659937,0.18870649148817029,0.1927,0.1516,0.154,0.108
SLC38A1,ENSG00000111371,0.1309,0.1582711362805762,0.18878093378587832,0.5672,0.518,0.407,0.328
API5,ENSG00000166181,0.1961,0.15837313633032712,0.18887277742314468,0.28,0.2444,0.221,0.17
LINC00667,ENSG00000263753,0.2447,0.15875729664101712,0.1893010378981825,0.2688,0.2268,0.208,0.159
BMAL1,ENSG00000133794,0.3754,0.15888713010673328,0.1894259535989222,0.181,0.1395,0.14,0.094
UTY,ENSG00000183878,0.346,0.15952121924868023,0.19015191092202258,0.1605,0.1262,0.121,0.076
IDH1,ENSG00000138413,-0.2385,0.1596287157531906,0.1902500311587561,0.4421,0.5217,0.326,0.333
PTCD3,ENSG00000132300,0.3067,0.16011802683185705,0.1908031061064164,0.24,0.194,0.181,0.135
CBLL1,ENSG00000105879,0.5592,0.16056919374268952,0.1913105596476927,0.1463,0.0993,0.116,0.072
TERF1,ENSG00000147601,0.3493,0.16061501792100008,0.19133498271730617,0.2183,0.1713,0.167,0.122
HACL1,ENSG00000131373,0.585,0.16084264854909658,0.191575943526474,0.1574,0.1049,0.119,0.076
ZZEF1,ENSG00000074755,0.3885,0.16093442470194974,0.19162483508640352,0.1937,0.148,0.146,0.101
LAS1L,ENSG00000001497,0.4348,0.16092950711961163,0.19162483508640352,0.1717,0.127,0.135,0.09
S100PBP,ENSG00000116497,0.4662,0.16146947869694483,0.19223162804213967,0.1736,0.1256,0.129,0.085
HAGH,ENSG00000063854,-0.2199,0.16157960999879295,0.19233243320322682,0.4642,0.5407,0.342,0.348
UBL3,ENSG00000122042,0.1359,0.16169473312596294,0.19243914756878544,0.4673,0.4253,0.342,0.279
TECR,ENSG00000099797,0.2118,0.16185930214464472,0.19260466651485128,1.0643,0.919,0.698,0.533
NPEPL1,ENSG00000215440,0.4173,0.16189552429072995,0.19261743086873462,0.1914,0.1433,0.143,0.098
C1orf50,ENSG00000164008,0.507,0.16218881944622654,0.1929359991995342,0.1521,0.107,0.121,0.077
RAB3D,ENSG00000105514,0.3147,0.16238017130679838,0.1931332169746319,0.2383,0.1916,0.181,0.134
THEM6,ENSG00000130193,0.4506,0.1625056320973557,0.19325201487415744,0.1803,0.1319,0.14,0.096
TPCN1,ENSG00000186815,0.4066,0.16296848715388468,0.1937719421541704,0.2007,0.1514,0.146,0.101
TMEM116,ENSG00000198270,-0.5543,0.16327981868196628,0.19411157043937927,0.156,0.2291,0.116,0.155
ERV3-1,ENSG00000213462,0.4103,0.16398694164043381,0.19492154564088693,0.1738,0.1308,0.135,0.09
STK4,ENSG00000101109,0.4566,0.16403349989534732,0.1949462154647395,0.1937,0.1411,0.143,0.1
MPDU1,ENSG00000129255,0.1799,0.1642048534674394,0.1951191676543732,0.3624,0.3199,0.275,0.22
RMND5A,ENSG00000153561,0.627,0.16435968658422784,0.19527243782730638,0.156,0.101,0.116,0.073
TMEM68,ENSG00000167904,0.3988,0.16441298791699543,0.19527434738451507,0.2245,0.1702,0.164,0.121
NDRG3,ENSG00000101079,0.5426,0.16440132713809563,0.19527434738451507,0.1536,0.1054,0.119,0.076
HLTF,ENSG00000071794,0.5468,0.1652174149533746,0.19619892643394296,0.1617,0.1107,0.121,0.078
SRF,ENSG00000112658,0.5258,0.16526590840398692,0.19622566996575846,0.1729,0.12,0.129,0.087
NR2C2,ENSG00000177463,0.4759,0.16541647353212818,0.1963735791224432,0.1456,0.1046,0.113,0.069
BAP1,ENSG00000163930,0.423,0.16570953452930037,0.196690578691102,0.1715,0.1279,0.135,0.091
DNAJC16,ENSG00000116138,0.5678,0.16580004359827816,0.19676709541077467,0.1561,0.1053,0.116,0.073
CHMP6,ENSG00000176108,0.3121,0.16597446213746647,0.19694315398909365,0.2108,0.1698,0.164,0.119
SETDB1,ENSG00000143379,0.5263,0.16606340157987387,0.19701774480778064,0.136,0.0944,0.108,0.064
MNT,ENSG00000070444,0.649,0.1663640469350791,0.19734344082187513,0.1463,0.0933,0.111,0.068
PITPNA,ENSG00000174238,0.2098,0.1665994736404357,0.19759168341499084,0.289,0.2499,0.218,0.169
SNX19,ENSG00000120451,0.4448,0.16673074854473657,0.19768531155924116,0.1655,0.1215,0.129,0.086
VPS11,ENSG00000160695,0.6197,0.16673074854473657,0.19768531155924116,0.1422,0.0925,0.111,0.068
MAP3K8,ENSG00000107968,-0.3723,0.16692949168103366,0.1978898963832119,0.2854,0.3695,0.205,0.236
TMEM18,ENSG00000151353,-0.3118,0.16704073071060277,0.19799069979896516,0.3377,0.4191,0.251,0.275
CRY1,ENSG00000008405,0.2524,0.16741361848607306,0.19840155100584814,0.2236,0.1877,0.167,0.121
ARK2N,ENSG00000152242,0.6441,0.16770595314982983,0.19871682497599819,0.1363,0.0872,0.105,0.063
DYNC2LI1,ENSG00000138036,0.271,0.16796819696976684,0.19899635065180937,0.2003,0.166,0.162,0.115
NAE1,ENSG00000159593,0.2394,0.16801052318142606,0.19901528733704515,0.3028,0.2565,0.226,0.18
SYVN1,ENSG00000162298,0.3992,0.16805455093633404,0.19903623331619433,0.2287,0.1734,0.164,0.122
CPSF7,ENSG00000149532,0.3159,0.16819346444521432,0.19916953352407432,0.2405,0.1932,0.178,0.134
EPB41L5,ENSG00000115109,-0.4356,0.16828499113762097,0.1992466867332278,0.2661,0.3599,0.208,0.234
TTBK2,ENSG00000128881,0.5799,0.16842404760204788,0.19938008142172856,0.1298,0.0868,0.102,0.059
PCBP1,ENSG00000169564,0.1623,0.1684986988119206,0.19940596327131266,1.4489,1.2947,0.86,0.693
NECTIN3,ENSG00000177707,-0.9242,0.16848512401786397,0.19940596327131266,0.0775,0.1472,0.062,0.102
N4BP2,ENSG00000078177,0.5642,0.16871091159871054,0.19962583196996997,0.1627,0.11,0.119,0.076
MIPOL1,ENSG00000151338,0.4231,0.16899133948706568,0.19992633414105562,0.1469,0.1095,0.113,0.069
EXOC2,ENSG00000112685,0.4882,0.169018551082167,0.1999272198881747,0.1329,0.0947,0.105,0.062
SEC63,ENSG00000025796,-0.1625,0.16914785105018137,0.20004884387666255,0.5776,0.6465,0.404,0.402
AEBP2,ENSG00000139154,0.3215,0.16918359175298447,0.20005979585127526,0.2338,0.1871,0.167,0.123
CLN8,ENSG00000182372,0.5902,0.16931809561141298,0.2001875136688928,0.1369,0.0909,0.108,0.065
TRAF3IP2,ENSG00000056972,0.3556,0.16942200788035122,0.2002790282484828,0.2255,0.1762,0.167,0.124
AKAP11,ENSG00000023516,0.3698,0.16945097555681143,0.20028193371897848,0.2168,0.1677,0.159,0.116
DNAJC13,ENSG00000138246,0.4949,0.16950892205214896,0.2003190843272306,0.1734,0.123,0.127,0.084
DUSP6,ENSG00000139318,-0.1198,0.16966238155831415,0.20046907924195548,0.7408,0.805,0.472,0.436
DOT1L,ENSG00000104885,0.5443,0.16969990972069693,0.20048206691788353,0.1787,0.1225,0.124,0.082
PTPN2,ENSG00000175354,-0.2345,0.1699286247565619,0.20069757186445483,0.4756,0.5596,0.35,0.352
PITRM1,ENSG00000107959,0.3019,0.16993545562103474,0.20069757186445483,0.2461,0.1996,0.183,0.14
MAPK13,ENSG00000156711,0.153,0.17008578671952168,0.20081233296858672,0.5132,0.4615,0.369,0.304
ANKRD29,ENSG00000154065,-0.4973,0.1700823689970853,0.20081233296858672,0.1906,0.269,0.143,0.179
THUMPD3-AS1,ENSG00000206573,-0.3346,0.17058703938502806,0.20137266914904484,0.3031,0.3823,0.221,0.252
SLC35D2,ENSG00000130958,-0.807,0.17139512549602032,0.2022949809596053,0.0823,0.144,0.062,0.103
MYNN,ENSG00000085274,0.5655,0.17191132195146708,0.20287254566437576,0.1723,0.1164,0.124,0.082
CPSF6,ENSG00000111605,0.1552,0.17211295359217738,0.20307877001232236,0.3335,0.2995,0.248,0.196
TYW1,ENSG00000198874,0.4401,0.17215261138303894,0.20309384431587435,0.1496,0.1102,0.116,0.072
GTF2H5,ENSG00000272047,0.1378,0.1730804788032302,0.20415659911918876,0.6836,0.6213,0.474,0.391
HNRNPDL,ENSG00000152795,0.1495,0.17322422514964642,0.20429425866462358,1.4444,1.3022,0.857,0.696
RAPGEF2,ENSG00000109756,-0.592,0.17327620361011697,0.2043236644723636,0.1736,0.2618,0.124,0.161
ZNF654,ENSG00000175105,0.6032,0.17336112683099925,0.2043919028102683,0.1365,0.0898,0.102,0.06
NDUFB9,ENSG00000147684,0.249,0.1736126124577645,0.20465646545770178,1.578,1.3278,0.903,0.707
WDR20,ENSG00000140153,0.3969,0.17379836623175338,0.2048434722123084,0.1644,0.1249,0.129,0.086
PFDN6,ENSG00000204220,0.1547,0.1738556847259899,0.20487906693259297,0.4254,0.3821,0.31,0.256
UBIAD1,ENSG00000120942,0.5691,0.17392865595957485,0.20490113765391987,0.143,0.0963,0.113,0.071
FAM221A,ENSG00000188732,0.4621,0.17391649249875196,0.20490113765391987,0.1815,0.1317,0.135,0.093
TNFSF13,ENSG00000161955,0.2672,0.17409901114122472,0.2050698517573983,0.1713,0.1423,0.137,0.09
UNK,ENSG00000132478,0.4838,0.1741477069326426,0.20509523396354087,0.1826,0.1306,0.132,0.09
PSMD5,ENSG00000095261,0.3701,0.1742625301171017,0.20519847491189264,0.206,0.1594,0.156,0.113
NDUFAF4,ENSG00000123545,0.2073,0.17482005028302527,0.20582288918314726,0.3067,0.2657,0.232,0.183
ZCCHC10,ENSG00000155329,0.2843,0.17498058347703171,0.2059797924850381,0.2753,0.226,0.199,0.156
NELFB,ENSG00000188986,0.396,0.17550307616970384,0.20656266403834125,0.2222,0.1689,0.162,0.12
CTBS,ENSG00000117151,0.2141,0.1758917661165489,0.20698789610755872,0.2533,0.2183,0.199,0.151
MRPL42,ENSG00000198015,0.1456,0.17600919945708304,0.20709383303196735,0.4743,0.4288,0.345,0.286
VPS16,ENSG00000215305,0.5837,0.176086351656758,0.2071407266331584,0.1413,0.0943,0.111,0.068
CNST,ENSG00000162852,0.2984,0.17610388976370306,0.2071407266331584,0.1947,0.1583,0.151,0.106
MRPL11,ENSG00000174547,0.1286,0.1762372219406475,0.20726528825678578,0.4833,0.4421,0.356,0.289
MED6,ENSG00000133997,0.3682,0.17656736695757647,0.20761165655652675,0.1971,0.1527,0.151,0.108
EXOSC7,ENSG00000075914,0.1404,0.17658669821737139,0.20761165655652675,0.4378,0.3972,0.318,0.26
NUDCD2,ENSG00000170584,0.1587,0.17667986185127016,0.2076888682567833,0.4306,0.3857,0.313,0.26
DPY19L4,ENSG00000156162,0.4704,0.17698421692738298,0.2080142748734254,0.1396,0.1007,0.113,0.07
PRPF4,ENSG00000136875,0.6963,0.17728719978466245,0.2083379677046391,0.1364,0.0841,0.102,0.061
ATMIN,ENSG00000166454,0.4462,0.17780774986042103,0.2089171928764356,0.1854,0.1361,0.14,0.098
RBM41,ENSG00000089682,0.5369,0.1780852519055146,0.2092107103321665,0.1411,0.0972,0.108,0.066
PLEKHF2,ENSG00000175895,0.5286,0.1783347481252885,0.20947124099604392,0.1586,0.1099,0.121,0.08
DBT,ENSG00000137992,-0.8799,0.17837724145949574,0.20948858374420803,0.0811,0.1494,0.067,0.106
NUP133,ENSG00000069248,0.5712,0.1787103666115455,0.20984718988968387,0.1466,0.0986,0.111,0.069
RUNDC1,ENSG00000198863,0.647,0.178747606115916,0.2098583005758734,0.1437,0.0917,0.108,0.067
EXOSC8,ENSG00000120699,0.2293,0.17878130397455672,0.20986525039275575,0.282,0.2406,0.213,0.167
SLTM,ENSG00000137776,0.1192,0.17913985765125762,0.21022081773147738,0.6402,0.5894,0.45,0.369
OTULINL,ENSG00000145569,-0.4711,0.17912209489776731,0.21022081773147738,0.192,0.2662,0.14,0.176
RFX3,ENSG00000080298,0.3223,0.17927489738622815,0.21034661434274787,0.1296,0.1036,0.102,0.059
RGP1,ENSG00000107185,0.3339,0.17986213205044077,0.21100285832936025,0.2056,0.1631,0.159,0.116
TSEN54,ENSG00000182173,0.6452,0.18005997737603918,0.21120216256419438,0.145,0.0927,0.108,0.067
PER3,ENSG00000049246,-0.7283,0.18014379843426376,0.2112676804052876,0.0996,0.165,0.073,0.112
PPP1R8,ENSG00000117751,0.506,0.1802865392408507,0.21140226664048226,0.1634,0.115,0.127,0.085
RPP25L,ENSG00000164967,-0.6594,0.18062052359755432,0.21176102665728164,0.1292,0.2041,0.108,0.143
CINP,ENSG00000100865,0.2107,0.1807224176365806,0.2118476129161158,0.2844,0.2457,0.218,0.171
ORAI3,ENSG00000175938,0.534,0.1815319312663577,0.2127635340858412,0.1619,0.1118,0.121,0.08
TRIM41,ENSG00000146063,0.618,0.18175807102591957,0.21299553693203388,0.1488,0.0969,0.111,0.07
EXD3,ENSG00000187609,0.4326,0.18202036731498705,0.21326983174080755,0.1362,0.1009,0.111,0.068
ELF3,ENSG00000163435,0.1405,0.1828738674373106,0.21423663645354032,1.4747,1.3378,0.844,0.673
DNAH5,ENSG00000039139,0.3862,0.18303625897514209,0.21439363357475943,0.1954,0.1495,0.135,0.092
CCDC93,ENSG00000125633,0.4894,0.18325656031715654,0.21461840229361612,0.1613,0.1149,0.121,0.08
FTO,ENSG00000140718,0.1552,0.18331618377011094,0.21462380601818182,0.1933,0.1735,0.151,0.105
HMGXB4,ENSG00000100281,0.299,0.18331799076576138,0.21462380601818182,0.2308,0.1876,0.175,0.133
GTPBP6,ENSG00000178605,-0.4357,0.1835186493279527,0.21482544091612685,0.2098,0.2838,0.162,0.195
TPP1,ENSG00000166340,0.1561,0.18360728008179927,0.21489589481301216,0.422,0.3787,0.307,0.253
MAP3K13,ENSG00000073803,-0.1161,0.18376834356168759,0.21504320329239368,0.6967,0.7552,0.48,0.454
NDUFB3,ENSG00000119013,0.1629,0.18379006798927677,0.21504320329239368,0.8681,0.7754,0.588,0.47
ATPAF1,ENSG00000123472,-0.4253,0.18395849679861043,0.21520694383919198,0.2255,0.3028,0.178,0.208
PDSS2,ENSG00000164494,-0.686,0.18401104098107934,0.2152350850924376,0.1358,0.2186,0.108,0.144
CSNK1G2,ENSG00000133275,0.3169,0.1841034732236484,0.21530986690474668,0.2302,0.1848,0.173,0.129
MINCR,ENSG00000253716,-0.8454,0.18416692700478943,0.21535074036854732,0.0936,0.1683,0.075,0.113
LZIC,ENSG00000162441,0.3922,0.1842993255664347,0.21547220746741164,0.1573,0.1198,0.129,0.087
SEC24A,ENSG00000113615,0.3278,0.18478236033773798,0.21600351730645373,0.1699,0.1354,0.137,0.094
MRPS30,ENSG00000112996,0.3336,0.18481871657307591,0.21601259339566653,0.2187,0.1735,0.167,0.124
C12orf43,ENSG00000157895,0.5906,0.18517164677633802,0.21639161506500135,0.1452,0.0964,0.111,0.069
EDEM3,ENSG00000116406,0.4619,0.185413891974456,0.21664119298902185,0.2094,0.152,0.146,0.106
POLR3E,ENSG00000058600,0.4241,0.18556336291040887,0.2167823112398545,0.1613,0.1202,0.129,0.087
NTAQ1,ENSG00000156795,0.5267,0.18574394042965459,0.21695972015244905,0.1428,0.0991,0.113,0.072
DDX1,ENSG00000079785,0.1775,0.1860250969907027,0.21722095946905082,0.3797,0.3357,0.278,0.229
SREK1,ENSG00000153914,0.1126,0.1860013508451328,0.21722095946905082,0.5226,0.4833,0.377,0.309
BRIX1,ENSG00000113460,0.2117,0.18618224332640587,0.21737086205084163,0.266,0.2297,0.205,0.158
CWC22,ENSG00000163510,0.3441,0.18625536806641563,0.21742263685750465,0.2297,0.181,0.167,0.125
TIPARP,ENSG00000163659,0.1159,0.18628828112338924,0.21742746236477764,0.598,0.5519,0.407,0.335
KCNQ1OT1,ENSG00000269821,-0.3759,0.18650049059930085,0.21764152092643155,0.3516,0.4563,0.245,0.263
DELE1,ENSG00000081791,0.2332,0.18667624726848464,0.21781298040361413,0.2624,0.2233,0.199,0.154
BAZ1B,ENSG00000009954,0.1139,0.1869841158269545,0.21813851066594214,0.4574,0.4227,0.334,0.274
TMEM223,ENSG00000168569,0.24,0.18706847853096775,0.21820323534066102,0.2477,0.2097,0.191,0.146
SSR1,ENSG00000124783,0.1384,0.18742457833655124,0.2185848547904669,0.6444,0.5855,0.445,0.371
TRMO,ENSG00000136932,0.5202,0.18750725026707182,0.21864751902573354,0.1195,0.0833,0.102,0.061
KLHDC3,ENSG00000124702,0.2125,0.18830780056228602,0.21954713476050475,0.2645,0.2283,0.208,0.161
VEGFA,ENSG00000112715,0.1658,0.18845161371416563,0.2196809044299524,0.4595,0.4096,0.31,0.263
RPS6KA3,ENSG00000177189,0.1171,0.18850694803164736,0.21971150761787964,0.4772,0.44,0.326,0.276
RNF40,ENSG00000103549,0.3783,0.18862318910501663,0.2198130793904675,0.2106,0.162,0.156,0.116
TSFM,ENSG00000123297,0.2664,0.18909422873983672,0.2203280225369319,0.2333,0.1939,0.183,0.139
CNOT9,ENSG00000144580,0.3499,0.18918484148115766,0.22039961100850364,0.1973,0.1548,0.151,0.109
SLC11A2,ENSG00000110911,-0.4724,0.1894142901771163,0.22063289581993736,0.2028,0.2814,0.156,0.188
PTEN,ENSG00000171862,0.1469,0.18952353532864297,0.22072611521626292,0.3815,0.3445,0.272,0.224
NFIX,ENSG00000008441,0.1361,0.1896272685866197,0.22081288751108383,0.7468,0.6796,0.512,0.419
ACO2,ENSG00000100412,0.1422,0.18999066445938995,0.22120195253362473,0.3793,0.3437,0.283,0.23
ENSG00000272447,ENSG00000272447,0.5432,0.1900222076496112,0.22120458841183552,0.1473,0.101,0.113,0.073
IL17RC,ENSG00000163702,0.4557,0.19010386676092839,0.221265554364322,0.1605,0.117,0.124,0.083
MAP2K5,ENSG00000137764,0.2837,0.19044005451638557,0.22162270669613263,0.1351,0.111,0.113,0.07
ASNSD1,ENSG00000138381,0.2393,0.19092746612845102,0.22215570716162752,0.2779,0.2354,0.208,0.164
CHMP2A,ENSG00000130724,0.1935,0.19147550148991843,0.2227590720290012,1.0064,0.88,0.66,0.52
COA3,ENSG00000183978,0.1777,0.19154268731087787,0.222768627252722,0.9713,0.8587,0.65,0.509
ENSG00000280071,ENSG00000280071,0.3451,0.191522156470324,0.222768627252722,0.1659,0.1306,0.129,0.086
PMS1,ENSG00000064933,0.5452,0.19188635236368246,0.22313396830962304,0.1484,0.1017,0.111,0.07
FBXW2,ENSG00000119402,0.1823,0.19212007900296202,0.22337137532585075,0.3698,0.3259,0.27,0.223
HSD11B1L,ENSG00000167733,0.483,0.19270624869526454,0.22401841958650923,0.1458,0.1043,0.116,0.075
ZNF704,ENSG00000164684,-0.7544,0.19312279442268576,0.22446810951744478,0.1026,0.1731,0.078,0.116
RAB5C,ENSG00000108774,0.1432,0.19325991107635498,0.22459292850051712,0.7557,0.6843,0.512,0.428
NFKB1,ENSG00000109320,0.1309,0.1937620290212907,0.22514182240169966,0.3606,0.3293,0.261,0.211
NOL12,ENSG00000273899,0.5477,0.19440281577064877,0.2258516489539061,0.1601,0.1095,0.116,0.076
MED7,ENSG00000155868,0.519,0.19492979833482882,0.2264290631026494,0.1333,0.093,0.108,0.067
CBFA2T2,ENSG00000078699,0.3225,0.19524194734581835,0.2267567889619766,0.1753,0.1402,0.132,0.09
DPH6,ENSG00000134146,0.2393,0.19531010126734882,0.22675775639991677,0.214,0.1813,0.159,0.116
TMEM39A,ENSG00000176142,0.366,0.1953328231172281,0.22675775639991677,0.176,0.1366,0.137,0.096
ESCO1,ENSG00000141446,0.2936,0.195279808482262,0.22675775639991677,0.2285,0.1864,0.17,0.128
DDX19B,ENSG00000157349,0.412,0.19562838355968193,0.2270659760014437,0.2022,0.1519,0.148,0.108
ZYG11B,ENSG00000162378,-0.592,0.1959128853184514,0.22736126706311832,0.1541,0.2323,0.124,0.157
SLC15A4,ENSG00000139370,0.5351,0.19623188713233808,0.22766153367395794,0.1318,0.0909,0.105,0.065
TUBA1B,ENSG00000123416,0.2044,0.19621098847298846,0.22766153367395794,1.1144,0.9671,0.695,0.538
TYROBP,ENSG00000011600,-0.7339,0.19637061955966106,0.22778750664413316,0.108,0.1797,0.07,0.108
CASP8,ENSG00000064012,0.4589,0.19684437066864757,0.22830199883353278,0.1682,0.1224,0.127,0.086
SPOP,ENSG00000121067,-0.3257,0.1971568563203323,0.22862932455872764,0.2988,0.3745,0.224,0.251
MAU2,ENSG00000129933,0.4408,0.19759380033177865,0.22910085351543705,0.1622,0.1195,0.124,0.084
RNF216,ENSG00000011275,0.3333,0.19900100547925392,0.23069703796160249,0.2089,0.1658,0.159,0.117
FBXO42,ENSG00000037637,0.4198,0.19986809243984494,0.23166668278352692,0.145,0.1084,0.113,0.072
TUBB4B,ENSG00000188229,0.2022,0.2002477068066073,0.23207108834543919,1.2115,1.0531,0.741,0.583
PPP2CB,ENSG00000104695,0.1216,0.20047534196551142,0.23226364185699108,0.6093,0.56,0.418,0.353
MCM3,ENSG00000112118,0.5497,0.20047534196551142,0.23226364185699108,0.1487,0.1015,0.113,0.074
CYP4X1,ENSG00000186377,0.5488,0.20066453842264753,0.23244719223905275,0.1395,0.0953,0.105,0.065
RPS4Y1,ENSG00000129824,0.3644,0.20108587128747546,0.23289954891566414,1.2196,0.9473,0.704,0.434
FAHD2B,ENSG00000144199,0.5957,0.20126000414611234,0.23306550142916596,0.1448,0.0958,0.108,0.068
WBP2,ENSG00000132471,-0.1501,0.2015369080936742,0.23335039703413157,0.5615,0.6231,0.404,0.394
TBC1D22A,ENSG00000054611,0.1518,0.2036137640307515,0.2357189683193882,0.2624,0.2362,0.194,0.149
RBX1,ENSG00000100387,0.102,0.20374066553116066,0.23582974231468037,1.2321,1.148,0.774,0.637
SEC22B,ENSG00000265808,0.1091,0.20442497091064327,0.23658557831340532,0.4135,0.3834,0.315,0.255
SLC43A3,ENSG00000134802,-0.309,0.2045209069219882,0.23662411206671072,0.3137,0.3887,0.232,0.255
FBXW7,ENSG00000109670,0.3177,0.20449545131987545,0.23662411206671072,0.1912,0.1534,0.14,0.1
CEP20,ENSG00000133393,0.2099,0.20538580496644765,0.23758838715686909,0.242,0.2092,0.191,0.147
TMX3,ENSG00000166479,0.3306,0.20546045554118786,0.23760198096030524,0.2071,0.1647,0.154,0.113
LNPK,ENSG00000144320,0.5218,0.20542902131718255,0.23760198096030524,0.1651,0.115,0.121,0.082
JADE2,ENSG00000043143,0.6322,0.20585171085064924,0.23798841140960678,0.1391,0.0897,0.102,0.064
GATAD2B,ENSG00000143614,0.2646,0.20585761331062613,0.23798841140960678,0.2571,0.214,0.181,0.14
KDSR,ENSG00000119537,0.1319,0.20606624582661803,0.2381931589994032,0.4248,0.3877,0.315,0.262
UBTF,ENSG00000108312,0.2355,0.20644453720102895,0.23859392359702827,0.2359,0.2004,0.183,0.14
DYRK4,ENSG00000010219,0.2857,0.20648397153325015,0.23860299861329226,0.2323,0.1906,0.175,0.134
RBM26,ENSG00000139746,-0.362,0.20658258129198204,0.23868044068831998,0.3163,0.4066,0.24,0.259
EXOSC3,ENSG00000107371,0.3419,0.20724612586340396,0.23941047108532368,0.1934,0.1526,0.151,0.111
ARL14EP,ENSG00000152219,0.3575,0.20796274531012537,0.24019462252894735,0.1933,0.1509,0.148,0.108
EHF,ENSG00000135373,0.12,0.2079885136445233,0.24019462252894735,0.5131,0.4722,0.367,0.301
ZBED5,ENSG00000236287,0.2487,0.2082721181458317,0.24046237767601356,0.2371,0.1995,0.181,0.139
CRYZL1,ENSG00000205758,0.407,0.20828402376066613,0.24046237767601356,0.1846,0.1392,0.137,0.098
TXNL4A,ENSG00000141759,0.1266,0.20851826779339577,0.24069602951552407,0.6602,0.6048,0.453,0.382
SRSF4,ENSG00000116350,0.1192,0.2089932961209171,0.24120750873717214,0.7326,0.6745,0.512,0.416
BPNT1,ENSG00000162813,0.4131,0.20908083442449865,0.2412716823090098,0.1567,0.1177,0.124,0.084
PPTC7,ENSG00000196850,-0.4623,0.20973024125080897,0.2419125251158473,0.1768,0.2436,0.135,0.169
MAPKAPK3,ENSG00000114738,0.1513,0.20967640061784842,0.2419125251158473,0.3587,0.323,0.27,0.22
PYGB,ENSG00000100994,0.2098,0.20973223554054266,0.2419125251158473,0.2933,0.2536,0.218,0.176
NAA16,ENSG00000172766,0.5099,0.20990778680808297,0.2420780536307536,0.1592,0.1118,0.116,0.077
RB1CC1,ENSG00000023287,0.1113,0.20998961405537597,0.24213546004095932,0.5431,0.5027,0.383,0.313
CARMIL1,ENSG00000079691,-0.519,0.21041109020904192,0.24258443255445014,0.2068,0.2964,0.159,0.188
LENG1,ENSG00000105617,0.3615,0.21071509193049598,0.24289785162265748,0.183,0.1425,0.14,0.1
NUP205,ENSG00000155561,0.5414,0.21107951182751272,0.24328081035192353,0.1415,0.0972,0.105,0.066
PURB,ENSG00000146676,0.2256,0.2111957413531632,0.2433776427582593,0.2561,0.219,0.197,0.154
TALDO1,ENSG00000177156,0.1939,0.21217550569883026,0.24446941368837313,1.0938,0.9563,0.698,0.553
SLC43A2,ENSG00000167703,0.3027,0.2124692691194372,0.2447705593469576,0.2048,0.166,0.156,0.116
GAREM1,ENSG00000141441,-0.525,0.21287216145514698,0.2451973135834175,0.191,0.2749,0.137,0.171
ZNF445,ENSG00000185219,0.5583,0.2129850700963577,0.2452899702100583,0.1339,0.0909,0.102,0.064
MUS81,ENSG00000172732,0.4716,0.21415297544032263,0.24659742866203893,0.1321,0.0952,0.108,0.069
INTS10,ENSG00000104613,0.1824,0.21434334743347727,0.2467790292380251,0.3462,0.305,0.253,0.208
RABGGTB,ENSG00000137955,0.1251,0.21439197259914045,0.2467974025577489,0.5162,0.4734,0.375,0.309
GDAP2,ENSG00000196505,0.375,0.215006549539701,0.24746716663199894,0.1695,0.1307,0.129,0.09
PIGK,ENSG00000142892,0.4092,0.21540680646159716,0.2478900872532165,0.1662,0.1251,0.127,0.088
SPECC1L,ENSG00000100014,0.2408,0.2157526370909132,0.24825025483122892,0.1762,0.1491,0.137,0.096
DICER1,ENSG00000100697,0.1114,0.21591551921016416,0.24839983974916863,0.4176,0.3865,0.307,0.251
CAMSAP3,ENSG00000076826,-0.6091,0.21603570149422568,0.24850026260488353,0.1302,0.1986,0.102,0.136
POLK,ENSG00000122008,0.1961,0.21641897646369646,0.248903237506961,0.2868,0.2503,0.21,0.167
PELP1,ENSG00000141456,0.413,0.2166618341774268,0.2491446205799786,0.1733,0.1301,0.129,0.09
MEGF6,ENSG00000162591,0.2166,0.2166985860270103,0.2491489601938918,0.3038,0.2614,0.21,0.169
VPS26C,ENSG00000157538,0.2927,0.21680478323627306,0.2492331310636097,0.2051,0.1675,0.159,0.119
TMCO4,ENSG00000162542,0.5718,0.21700706988872054,0.2494277214375907,0.1357,0.0912,0.102,0.064
BLTP1,ENSG00000138688,-0.3258,0.21708679583944124,0.24948140288515036,0.3244,0.4066,0.235,0.256
ATF6,ENSG00000118217,0.1177,0.21720540160299184,0.24951324612755127,0.4129,0.3806,0.294,0.245
MIS18BP1,ENSG00000129534,0.3499,0.21721358302857774,0.24951324612755127,0.1991,0.1562,0.148,0.109
UBA5,ENSG00000081307,0.2518,0.21720540160299184,0.24951324612755127,0.2286,0.192,0.175,0.134
GOSR2,ENSG00000108433,0.4863,0.21727495078593317,0.24954579707931365,0.1727,0.1232,0.127,0.09
PIK3R3,ENSG00000117461,0.4945,0.21791596492161125,0.25024397552557726,0.1491,0.1058,0.108,0.069
WBP11,ENSG00000084463,0.1715,0.2179959308389,0.25029775949663974,0.3439,0.3053,0.256,0.21
IMP4,ENSG00000136718,0.1221,0.21823800744585786,0.2505376304898125,0.3802,0.3494,0.294,0.238
ACER3,ENSG00000078124,0.5417,0.21880291859823264,0.25114798693552837,0.1332,0.0915,0.102,0.064
EIF5A,ENSG00000132507,0.1913,0.21940184024552767,0.2517589463935239,1.1162,0.9775,0.701,0.555
GORASP1,ENSG00000114745,0.4524,0.21938741939448547,0.2517589463935239,0.1391,0.1016,0.113,0.074
B3GNT7,ENSG00000156966,-0.5415,0.21953578064636214,0.2518361407202044,0.153,0.2227,0.119,0.152
CDC40,ENSG00000168438,0.2239,0.21952547545527568,0.2518361407202044,0.3021,0.2587,0.218,0.177
GRHL2,ENSG00000083307,0.2814,0.21997716835127,0.2523041607551002,0.1611,0.1326,0.124,0.084
MRPL48,ENSG00000175581,0.2223,0.22027246903275965,0.2526045087344413,0.2733,0.2343,0.205,0.163
TXNDC11,ENSG00000153066,-0.2978,0.22055978199645643,0.2528956067663118,0.3267,0.4017,0.237,0.263
PRKAG2,ENSG00000106617,-0.5094,0.2206611290264746,0.25297341878528307,0.1688,0.2403,0.127,0.161
POLR2E,ENSG00000099817,0.1431,0.22073560934595016,0.2530204109556446,0.8152,0.7383,0.558,0.454
LHPP,ENSG00000107902,0.289,0.22132380839801513,0.2536561548008198,0.2142,0.1753,0.162,0.122
SGSM3,ENSG00000100359,-0.5009,0.22192351534642862,0.2543048928321353,0.1637,0.2317,0.129,0.162
LTN1,ENSG00000198862,0.311,0.22213337573730252,0.2545067718676555,0.2083,0.1679,0.156,0.117
ZNF524,ENSG00000171443,-0.3372,0.22218742219919074,0.2545300947255324,0.2789,0.3523,0.21,0.235
FOXA2,ENSG00000125798,-0.2616,0.2229533975883663,0.255368847601593,0.3561,0.4269,0.256,0.279
SLC19A2,ENSG00000117479,0.2267,0.22309722810496224,0.25549485498453683,0.2688,0.2297,0.194,0.153
TMX4,ENSG00000125827,0.2307,0.22324529691786987,0.25562567720741236,0.3241,0.2762,0.229,0.19
PEX14,ENSG00000142655,0.4847,0.22440097212507248,0.25691003855204164,0.1449,0.1035,0.108,0.07
C18orf21,ENSG00000141428,0.4978,0.22476758124350027,0.2572907691355522,0.1549,0.1097,0.116,0.078
ZNF277,ENSG00000198839,-0.4427,0.22495628962108893,0.2574677727749321,0.2007,0.2728,0.154,0.184
HAUS4,ENSG00000092036,0.1641,0.2250443922530294,0.2575295945882516,0.2482,0.2215,0.194,0.148
SLC4A4,ENSG00000080493,-0.4601,0.2253550455915,0.2578460350513074,0.249,0.3425,0.175,0.203
TDP2,ENSG00000111802,0.3293,0.22591415156703576,0.2584466104011137,0.1883,0.1499,0.146,0.106
TULP4,ENSG00000130338,0.2203,0.22600462624247264,0.2585109691539562,0.2654,0.2278,0.194,0.154
KLHL22,ENSG00000099910,0.5246,0.2265585574120802,0.25902692210173517,0.1436,0.0998,0.105,0.068
ZBTB18,ENSG00000179456,-0.7809,0.22653747769372512,0.25902692210173517,0.0852,0.1464,0.067,0.103
INIP,ENSG00000148153,0.2978,0.2264953224545454,0.25902692210173517,0.176,0.1431,0.143,0.103
UBXN6,ENSG00000167671,0.1689,0.226697718646935,0.2591468095593273,0.365,0.3247,0.264,0.22
ENPP4,ENSG00000001561,0.4243,0.2272528605995473,0.2597421122283782,0.153,0.114,0.119,0.081
TTC32,ENSG00000183891,-0.7668,0.22730990716693888,0.25976801522405435,0.098,0.1669,0.084,0.116
ZNF639,ENSG00000121864,0.3609,0.22762701844131983,0.2600910653847809,0.1895,0.1476,0.143,0.104
ZNF274,ENSG00000171606,0.5448,0.2278132037299465,0.2602644418841291,0.137,0.0939,0.105,0.068
METTL21A,ENSG00000144401,0.4333,0.22838937152249184,0.2608832328171191,0.1705,0.1262,0.127,0.089
BCL3,ENSG00000069399,0.1424,0.22885402493402285,0.2613744759450556,0.3893,0.3527,0.275,0.226
SFT2D1,ENSG00000198818,0.1275,0.2289262232146364,0.26141741481054687,0.7344,0.6723,0.507,0.421
ZMAT5,ENSG00000100319,0.2015,0.22902392904684088,0.2614894640998765,0.2548,0.2216,0.194,0.152
ARMC6,ENSG00000105676,0.2908,0.2290812919446369,0.2615154367847887,0.1729,0.1413,0.14,0.1
CHD1L,ENSG00000131778,0.5036,0.2291471656595494,0.2615511159628185,0.1385,0.0977,0.108,0.07
GK5,ENSG00000175066,0.4289,0.2291832956780241,0.26155283970505616,0.1733,0.1287,0.127,0.09
HSDL1,ENSG00000103160,0.522,0.22957035346794075,0.2619469990619898,0.1644,0.1145,0.119,0.082
ISOC1,ENSG00000066583,-0.3394,0.2295980182380538,0.2619469990619898,0.2324,0.2941,0.173,0.205
NEO1,ENSG00000067141,0.4731,0.2300857327182375,0.2624637944566336,0.1782,0.1284,0.121,0.085
VPS13D,ENSG00000048707,0.1057,0.23051868912218199,0.2629179795166191,0.2687,0.2497,0.205,0.16
EIF4G2,ENSG00000110321,0.2668,0.23075140207090739,0.2631436743616159,1.4535,1.208,0.865,0.657
CDK4,ENSG00000135446,0.119,0.23114461732941527,0.2635523066591809,0.5927,0.5457,0.429,0.352
AVPI1,ENSG00000119986,-0.4458,0.23132642634501455,0.26370684412334483,0.1711,0.2331,0.129,0.162
KMT5A,ENSG00000183955,0.2518,0.23134996199199598,0.26370684412334483,0.2126,0.1785,0.164,0.124
PSD4,ENSG00000125637,0.3723,0.23201179481366274,0.26442134708360565,0.16,0.1236,0.124,0.086
FKBP4,ENSG00000004478,-0.366,0.23222412236312784,0.26462341545300616,0.2108,0.2717,0.154,0.187
STAU2,ENSG00000040341,0.1522,0.23270075210673036,0.26512655439094374,0.2156,0.194,0.167,0.125
HPF1,ENSG00000056050,0.2216,0.23293717697337046,0.26535590651897073,0.2434,0.2087,0.186,0.145
LRIF1,ENSG00000121931,0.4418,0.2330834157201317,0.26548246732482966,0.1381,0.1016,0.111,0.073
PDS5B,ENSG00000083642,-0.5658,0.23322756756955976,0.2656066133536364,0.1483,0.2196,0.113,0.146
WARS2,ENSG00000116874,0.4422,0.23437226104013542,0.2668699973109605,0.1439,0.1059,0.111,0.073
FN3KRP,ENSG00000141560,0.3924,0.2344197728486771,0.2668838733983959,0.1629,0.1241,0.127,0.089
DLD,ENSG00000091140,0.1967,0.23456018850382432,0.2670034991933694,0.2929,0.2556,0.221,0.178
POLDIP2,ENSG00000004142,0.1248,0.23530430327096197,0.267810185479379,0.3996,0.3664,0.302,0.251
UBE2Q1,ENSG00000160714,0.2877,0.23558160926544247,0.26808541316469614,0.2505,0.2052,0.183,0.146
SRSF11,ENSG00000116754,0.1757,0.23575721139767403,0.26824483917310654,1.0812,0.9572,0.709,0.554
SUB1,ENSG00000113387,0.2269,0.23600668211690357,0.26844782947804974,1.2998,1.1106,0.798,0.623
GATAD1,ENSG00000157259,-0.4414,0.23600017181387944,0.26844782947804974,0.1855,0.2519,0.143,0.173
ZBTB43,ENSG00000169155,0.1087,0.23627805767497223,0.26867560592029127,0.3733,0.3462,0.28,0.228
RBMS2,ENSG00000076067,0.1097,0.23626937024065509,0.26867560592029127,0.3941,0.3653,0.288,0.239
JAGN1,ENSG00000171135,0.1163,0.23675186453576713,0.26917386554818973,0.4458,0.4112,0.332,0.275
C1GALT1,ENSG00000106392,-0.2827,0.23696072629637255,0.2693707925322141,0.3461,0.421,0.256,0.274
BABAM1,ENSG00000105393,0.232,0.2371697182511513,0.26956780824243237,0.3128,0.2663,0.224,0.187
ATXN3,ENSG00000066427,0.4159,0.2379065805864965,0.2703646534793894,0.1648,0.1235,0.124,0.087
HDHD2,ENSG00000167220,-0.5844,0.23821226284645503,0.2706713258843387,0.1043,0.1564,0.078,0.114
ZNF518A,ENSG00000177853,0.3213,0.23827343255784095,0.27070011774052455,0.1644,0.1316,0.127,0.089
NDUFB4,ENSG00000065518,0.1335,0.23836520791469096,0.2707636664855646,1.378,1.2562,0.822,0.68
CAMK2G,ENSG00000148660,0.2578,0.23856195340944208,0.2709464158160455,0.2523,0.211,0.183,0.145
SASH1,ENSG00000111961,-0.923,0.2388769845401173,0.27126343276726084,0.0801,0.1519,0.067,0.101
LIPH,ENSG00000163898,-0.2919,0.2390127132988349,0.2713767732150132,0.3355,0.4108,0.243,0.263
ANAPC1,ENSG00000153107,0.5023,0.239082788134797,0.271415546860765,0.1496,0.1056,0.111,0.074
GFM1,ENSG00000168827,0.2769,0.23994896812829392,0.2723579408367279,0.2208,0.1823,0.167,0.129
SHC3,ENSG00000148082,-0.6192,0.2400060599995485,0.27238182113513426,0.1343,0.2064,0.102,0.135
MRPS16,ENSG00000182180,0.1177,0.24029825663835758,0.2726724735510351,0.5569,0.5132,0.396,0.332
RREB1,ENSG00000124782,0.144,0.24042795793672256,0.27273772105284366,0.2658,0.2405,0.199,0.157
TMEM167B,ENSG00000215717,0.2598,0.24040377259864776,0.27273772105284366,0.2468,0.2061,0.186,0.148
TAF9,ENSG00000273841,0.1143,0.240685308080274,0.2729886657478562,0.4615,0.4263,0.337,0.283
GAB1,ENSG00000109458,-0.7472,0.24088780510970698,0.2731773292710652,0.111,0.1864,0.086,0.119
PRPF19,ENSG00000110107,0.2366,0.2414254434697619,0.2736666758940476,0.2175,0.1846,0.173,0.133
SLC36A4,ENSG00000180773,0.2743,0.2415004272912793,0.2736666758940476,0.2184,0.1806,0.162,0.124
CFL2,ENSG00000165410,-0.3069,0.24149601602450954,0.2736666758940476,0.2895,0.3582,0.216,0.239
BMI1,ENSG00000168283,0.3473,0.24140559755476454,0.2736666758940476,0.1946,0.1529,0.146,0.108
SHMT2,ENSG00000182199,-0.4005,0.2415004272912793,0.2736666758940476,0.2473,0.3265,0.197,0.215
ATP6V1B2,ENSG00000147416,0.2235,0.2415754275044707,0.27371061109722195,0.2494,0.2136,0.191,0.151
CELF1,ENSG00000149187,-0.2156,0.24176520709960037,0.2738845613491499,0.4943,0.574,0.353,0.351
PHF2,ENSG00000197724,0.3478,0.24213182251014842,0.2742587584803855,0.1686,0.1324,0.127,0.089
CFLAR,ENSG00000003402,0.1668,0.24218043943031187,0.27427270572567924,1.0387,0.9253,0.668,0.522
GSR,ENSG00000104687,0.2513,0.24231085507184758,0.2743792730916979,0.2347,0.1972,0.173,0.134
NUP214,ENSG00000126883,0.3748,0.24235507497269138,0.2743882199038938,0.1643,0.1267,0.124,0.087
CNTRL,ENSG00000119397,0.54,0.24325618318784403,0.275325912207365,0.1442,0.0991,0.102,0.067
GYS1,ENSG00000104812,0.5503,0.2432340147584331,0.275325912207365,0.1457,0.0995,0.105,0.069
MRPS11,ENSG00000181991,0.1454,0.2434779455806918,0.27553563194459657,0.2944,0.2662,0.229,0.186
SRSF9,ENSG00000111786,0.1684,0.24357556602234065,0.2756048227196022,0.9036,0.804,0.606,0.486
FAM98C,ENSG00000130244,0.4125,0.2436643357385604,0.27566397971021617,0.1466,0.1101,0.116,0.079
GATC,ENSG00000257218,0.371,0.24478478179696572,0.27689010727295643,0.183,0.1415,0.137,0.101
GOLGA8B,ENSG00000215252,0.2045,0.24508774291574342,0.2771913020551559,0.2411,0.2092,0.175,0.136
EBLN3P,ENSG00000281649,0.1371,0.24639168368054942,0.2786243332145713,0.3359,0.3054,0.253,0.208
CCNY,ENSG00000108100,0.1139,0.24651249864156088,0.27867752913915794,0.2986,0.2759,0.224,0.18
STRBP,ENSG00000165209,-0.442,0.24649459750992286,0.27867752913915794,0.2013,0.2735,0.148,0.178
PTPRJ,ENSG00000149177,0.234,0.24675873158278339,0.27891415576121015,0.1653,0.1405,0.124,0.086
TXNRD2,ENSG00000184470,0.149,0.2469692853184382,0.27911038901732244,0.3016,0.272,0.226,0.182
RABL2B,ENSG00000079974,0.3884,0.24726068396874767,0.27939791615074616,0.1588,0.1213,0.121,0.084
XPO6,ENSG00000169180,0.3916,0.24763986203491217,0.27978453083202653,0.1644,0.1253,0.124,0.088
TBK1,ENSG00000183735,0.4176,0.24775885966531996,0.27987712092875183,0.1633,0.1222,0.121,0.085
SLU7,ENSG00000164609,0.1975,0.24815206060261397,0.28027938673235886,0.2969,0.2589,0.221,0.182
ABCE1,ENSG00000164163,0.1676,0.24838819063688167,0.280504152505477,0.3003,0.2673,0.226,0.184
TMEM42,ENSG00000169964,0.3619,0.2485299440809865,0.2806222877793832,0.1991,0.1549,0.146,0.11
SF3B6,ENSG00000115128,0.1862,0.24960505634180974,0.2817571057466986,1.1496,1.0104,0.722,0.581
FAM241A,ENSG00000174749,-0.4525,0.24960957098115866,0.2817571057466986,0.1455,0.1992,0.105,0.14
NUP50,ENSG00000093000,0.2118,0.2505589096624693,0.2827864598894466,0.2469,0.2131,0.189,0.149
KIAA1958,ENSG00000165185,-0.7688,0.2506290796611683,0.28282340505453724,0.1001,0.1706,0.075,0.108
MCAT,ENSG00000100294,0.3492,0.25101412678031765,0.2832156104876493,0.1727,0.1356,0.135,0.098
ZNF791,ENSG00000173875,0.3081,0.2516424111022929,0.2838820988319879,0.2262,0.1827,0.164,0.128
MIR99AHG,ENSG00000215386,0.2478,0.2518717693718252,0.28409842006630925,0.1555,0.1309,0.113,0.076
ATP6V0A2,ENSG00000185344,0.4392,0.2520058183662801,0.284207188797917,0.1557,0.1148,0.116,0.08
CMTR2,ENSG00000180917,-0.7361,0.2524378395688217,0.2846519220809624,0.0842,0.1403,0.067,0.101
EIF2D,ENSG00000143486,-0.508,0.25276560984702223,0.2849789855833835,0.1563,0.2223,0.127,0.156
DMXL1,ENSG00000172869,0.2282,0.253842046451082,0.28614990464606455,0.2332,0.1991,0.17,0.132
LEMD2,ENSG00000161904,0.4206,0.2542442451905764,0.2865177912313253,0.1393,0.1041,0.111,0.074
MDM4,ENSG00000198625,-0.2754,0.25421223588474084,0.2865177912313253,0.3245,0.3927,0.224,0.251
CPEB2,ENSG00000137449,0.3498,0.2548483743689851,0.2871129538260785,0.1686,0.1323,0.127,0.091
MOCS2,ENSG00000164172,-0.3217,0.25482776263306417,0.2871129538260785,0.2815,0.3519,0.216,0.237
ZBTB4,ENSG00000174282,0.1485,0.2553296440526309,0.28761226491987874,0.2937,0.265,0.224,0.182
SNX2,ENSG00000205302,0.1008,0.2555865793900741,0.2878587667400134,0.4473,0.4171,0.342,0.279
SCAPER,ENSG00000140386,-0.4876,0.25646426377567166,0.28880422012597995,0.2282,0.3201,0.173,0.196
TMED5,ENSG00000117500,0.1142,0.25657699760174246,0.28888810981835533,0.6324,0.5843,0.453,0.372
GNA11,ENSG00000088256,0.1978,0.2567588245864083,0.28904975707797864,0.2938,0.2562,0.218,0.179
MVB12B,ENSG00000196814,0.3201,0.2574432022300679,0.2897770251561625,0.1644,0.1317,0.124,0.088
C8orf34,ENSG00000165084,-0.9109,0.25761160985823195,0.2899233893160945,0.1147,0.2157,0.089,0.118
ATP5F1C,ENSG00000165629,0.2046,0.2577731683861927,0.29006200285339373,1.0785,0.9359,0.709,0.547
TAFAZZIN,ENSG00000102125,0.3595,0.2585727612093539,0.2908777083168065,0.1364,0.1063,0.111,0.074
SLC9A1,ENSG00000090020,0.2872,0.2585750746599169,0.2908777083168065,0.1812,0.1485,0.14,0.103
STX2,ENSG00000111450,0.4003,0.25882732677985176,0.2911181262203037,0.1531,0.116,0.116,0.08
EIF5B,ENSG00000158417,0.1284,0.25891993912123,0.2911789431469028,0.8084,0.7396,0.553,0.443
MIF,ENSG00000240972,0.1713,0.25897088569485016,0.2911928920113995,1.7725,1.5741,0.93,0.762
MGAT4A,ENSG00000071073,0.4349,0.2601910404956125,0.29252132603338576,0.153,0.1131,0.116,0.081
SREBF1,ENSG00000072310,0.1061,0.260288638545908,0.2925875114141251,0.3814,0.3543,0.278,0.228
CLDN12,ENSG00000157224,0.1871,0.2604048597292653,0.2926746080414459,0.2544,0.2234,0.194,0.154
TIMM9,ENSG00000100575,-0.3501,0.26047228446597703,0.29270684354312904,0.2205,0.281,0.167,0.196
CACFD1,ENSG00000160325,0.1422,0.26056762970264735,0.2927704405716093,0.3208,0.2907,0.24,0.196
ZMYM4,ENSG00000146463,0.1658,0.26082588065371837,0.2930170302362591,0.2584,0.2304,0.189,0.15
CUL2,ENSG00000108094,0.3532,0.2609981462768943,0.2931669632949653,0.1485,0.1163,0.119,0.082
LRRC8B,ENSG00000197147,0.352,0.2617369853468423,0.29395316252347164,0.2014,0.1578,0.146,0.111
ITPRIP,ENSG00000148841,0.4766,0.2621711720029988,0.29437950216305014,0.138,0.0991,0.105,0.07
CAMLG,ENSG00000164615,-0.2245,0.2621945294579966,0.29437950216305014,0.3952,0.4618,0.294,0.304
RPRD1B,ENSG00000101413,0.3594,0.2623160113970706,0.29447213463668176,0.1768,0.1378,0.129,0.094
PWWP2B,ENSG00000171813,0.508,0.2623650824300263,0.29448346423396954,0.1413,0.0993,0.108,0.074
VPS26A,ENSG00000122958,0.1105,0.26264327137732846,0.2947519184871831,0.3917,0.3628,0.294,0.247
ORAI1,ENSG00000276045,-0.5053,0.2628397626359088,0.2949286212259455,0.121,0.1717,0.089,0.122
GEMIN8,ENSG00000046647,0.3395,0.2632236808693531,0.29531554929729176,0.1685,0.1331,0.129,0.093
CLASP2,ENSG00000163539,0.2056,0.26357047573783166,0.2956168266329154,0.1892,0.1641,0.143,0.105
MTG2,ENSG00000101181,0.4051,0.2635470337266891,0.2956168266329154,0.1437,0.1085,0.113,0.078
GGT7,ENSG00000131067,0.3718,0.26375337279755995,0.29577805128181167,0.1713,0.1324,0.127,0.091
OTUD6B-AS1,ENSG00000253738,-0.2718,0.2638190495021966,0.2958077944477731,0.3359,0.4056,0.253,0.269
RRP36,ENSG00000124541,0.3018,0.26398798425285175,0.29595328995849457,0.1935,0.157,0.148,0.113
PTTG1,ENSG00000164611,0.251,0.264077174332211,0.29600935490799024,0.1997,0.1678,0.148,0.111
SCN9A,ENSG00000169432,0.3001,0.2643401712302783,0.2962601978407881,0.1781,0.1446,0.132,0.096
MVK,ENSG00000110921,-0.4273,0.26451403607779844,0.2964110861120984,0.1787,0.2403,0.137,0.166
HAS3,ENSG00000103044,-0.684,0.26471149168500896,0.29658836121611193,0.0988,0.1587,0.075,0.108
C5,ENSG00000106804,0.3306,0.26507375742533823,0.296950213129957,0.2183,0.1736,0.148,0.114
ELL2,ENSG00000118985,-0.3196,0.26518203289469466,0.297027466051804,0.3634,0.4535,0.261,0.276
TIMMDC1,ENSG00000113845,0.1689,0.265375121247305,0.2971274170012947,0.343,0.3051,0.251,0.21
PFKM,ENSG00000152556,0.4606,0.2653892534645581,0.2971274170012947,0.1565,0.1137,0.116,0.082
ADAMTS9,ENSG00000163638,0.3308,0.26531859756187726,0.2971274170012947,0.1945,0.1546,0.132,0.097
DYNLL2,ENSG00000264364,0.136,0.2668240064504318,0.2986894901071288,0.318,0.2894,0.243,0.199
ARFGAP2,ENSG00000149182,0.1518,0.26748653909152453,0.29938678560540266,0.2737,0.2463,0.21,0.169
FBXL20,ENSG00000108306,0.1961,0.2680173788227873,0.29993649785308224,0.2353,0.2054,0.173,0.135
DNAJC30,ENSG00000176410,0.249,0.26859881310952505,0.30054265892216553,0.2113,0.1778,0.162,0.125
ARHGAP32,ENSG00000134909,-0.4633,0.26903605129961583,0.30098731934971085,0.1999,0.2757,0.146,0.174
PANK3,ENSG00000120137,0.2631,0.2694571162658934,0.3013717980257968,0.2577,0.2147,0.183,0.149
CYP27A1,ENSG00000135929,0.2459,0.2694594964479493,0.3013717980257968,0.1763,0.1486,0.14,0.103
UBE3B,ENSG00000151148,0.3539,0.2695380505495717,0.3014150343253425,0.1659,0.1298,0.127,0.092
CEP15,ENSG00000114405,0.259,0.26974284112755453,0.301599402799863,0.209,0.1747,0.156,0.12
TMEM64,ENSG00000180694,-0.5323,0.2698238342792725,0.3016453193222704,0.136,0.1967,0.105,0.136
SLAIN2,ENSG00000109171,0.1316,0.2700073216124488,0.3018057870664374,0.351,0.3204,0.259,0.216
CNIH1,ENSG00000100528,0.1256,0.2704437452206886,0.30224888981395004,0.7648,0.701,0.534,0.432
PCCB,ENSG00000114054,-0.4883,0.2705487497511745,0.3023215211315077,0.1479,0.2075,0.113,0.144
CASZ1,ENSG00000130940,0.1823,0.27097382601394804,0.302751738470183,0.2747,0.2421,0.197,0.16
BIN1,ENSG00000136717,0.2532,0.2722470055896675,0.304084288472788,0.214,0.1795,0.164,0.128
NFIC,ENSG00000141905,0.1712,0.2722278297608699,0.304084288472788,1.0385,0.9223,0.682,0.538
NEK9,ENSG00000119638,0.2896,0.2729667665990564,0.30484315175992177,0.1732,0.1416,0.132,0.096
PEX11B,ENSG00000131779,0.2233,0.27308685318974235,0.30493218679404427,0.232,0.1987,0.173,0.136
KRR1,ENSG00000111615,0.1161,0.2733319418548845,0.30516075376291596,0.3778,0.3486,0.283,0.238
BRD10,ENSG00000183354,-0.474,0.27338963162651275,0.3051800630819007,0.1587,0.2204,0.119,0.149
BANK1,ENSG00000153064,-0.6428,0.2735579410084321,0.3053228311890537,0.1022,0.1596,0.073,0.105
ENDOV,ENSG00000173818,0.2861,0.2746802058589336,0.3065301263314983,0.1781,0.1461,0.14,0.104
ZBTB41,ENSG00000177888,0.4843,0.27488766228747896,0.30671633268083054,0.1431,0.1023,0.105,0.071
C2orf74,ENSG00000237651,0.2555,0.27515799844520994,0.30697263411895465,0.1774,0.1486,0.14,0.104
RNF146,ENSG00000118518,0.1691,0.27530772682750493,0.3070943269130075,0.2488,0.2212,0.191,0.153
ASXL2,ENSG00000143970,0.2649,0.2755324236463582,0.3072995956079475,0.1729,0.1439,0.135,0.099
IFRD1,ENSG00000006652,0.1011,0.27652209149998164,0.30835784520772863,0.4127,0.3848,0.296,0.249
ATG2A,ENSG00000110046,0.4002,0.2767692806028611,0.3085424103518689,0.1291,0.0978,0.105,0.071
NUFIP1,ENSG00000083635,0.4182,0.2767450397204134,0.3085424103518689,0.1306,0.0977,0.105,0.071
GGA2,ENSG00000103365,0.1315,0.2776040481918153,0.30942735085411105,0.3746,0.3419,0.272,0.231
PYM1,ENSG00000170473,-0.3336,0.27799775877046806,0.30979917415280595,0.2445,0.3081,0.186,0.21
TMEM150A,ENSG00000168890,0.2174,0.27801964272085034,0.30979917415280595,0.2462,0.2118,0.183,0.147
MTHFD1,ENSG00000100714,0.5009,0.27821908384406746,0.30997569362069455,0.1443,0.1019,0.108,0.075
FUBP3,ENSG00000107164,0.2617,0.2788423557693501,0.3106242992977647,0.2089,0.1742,0.156,0.122
NDUFA8,ENSG00000119421,0.1022,0.27932750795913663,0.3111188740426474,0.5122,0.4771,0.375,0.316
POLR1F,ENSG00000105849,0.2628,0.279720437797054,0.31151059958088784,0.2329,0.1941,0.173,0.139
ARNT,ENSG00000143437,0.3139,0.27976439117888896,0.3115136293819464,0.1715,0.1379,0.129,0.095
CYB561A3,ENSG00000162144,0.2999,0.28031420452363853,0.3120798430851885,0.1853,0.1505,0.143,0.108
DCAF8,ENSG00000132716,-0.3919,0.2803728945744911,0.3120991923545426,0.2034,0.2669,0.151,0.179
SENP7,ENSG00000138468,0.37,0.2809651523379295,0.3127123933283821,0.1384,0.1071,0.105,0.071
CPT1A,ENSG00000110090,0.3087,0.2816490152882589,0.3134273546181759,0.1895,0.153,0.14,0.106
TCF20,ENSG00000100207,0.3423,0.28186740250342535,0.3135943877751709,0.1314,0.1037,0.105,0.071
PGP,ENSG00000184207,-0.3967,0.281882129368787,0.3135943877751709,0.1801,0.2371,0.137,0.167
CHST12,ENSG00000136213,0.2981,0.2820294267284207,0.3136658794248812,0.2074,0.1686,0.154,0.12
SRSF6,ENSG00000124193,0.1089,0.28199259749537375,0.3136658794248812,0.4389,0.407,0.313,0.268
LATS2,ENSG00000150457,0.3382,0.28261667927355016,0.3142727424067812,0.1554,0.1229,0.119,0.085
NAT9,ENSG00000109065,0.3551,0.28287001840748005,0.3144974457933389,0.1683,0.1315,0.127,0.093
ATP6V1F,ENSG00000128524,0.1659,0.28290200418418676,0.3144974457933389,1.0491,0.9351,0.674,0.547
METRN,ENSG00000103260,0.3273,0.2830028984574807,0.31456332173698204,0.1967,0.1568,0.143,0.109
SHLD2,ENSG00000122376,0.2138,0.28305950835813765,0.31457996258395554,0.1661,0.1432,0.135,0.099
APPL2,ENSG00000136044,0.4278,0.2832244591879487,0.3147169861986987,0.1366,0.1015,0.102,0.069
MAPK9,ENSG00000050748,0.2408,0.28346092012602997,0.31493341934590535,0.1965,0.1663,0.154,0.118
NME6,ENSG00000172113,0.3427,0.2836482131736119,0.3150951699054018,0.1738,0.137,0.132,0.098
IFT140,ENSG00000187535,0.4367,0.28393917631079535,0.31537201955719774,0.1404,0.1037,0.102,0.069
SCMH1,ENSG00000010803,0.1444,0.28432908733947737,0.31575867335730584,0.1762,0.1594,0.137,0.101
ATP7A,ENSG00000165240,0.3672,0.2849047436359199,0.31635146063629843,0.145,0.1124,0.113,0.079
PTPN18,ENSG00000072135,0.172,0.2851248374453874,0.31654932357088933,0.2613,0.232,0.197,0.159
MRRF,ENSG00000148187,0.3129,0.2854316766532652,0.31684342008748434,0.1955,0.1573,0.143,0.11
METTL26,ENSG00000130731,0.1701,0.2860980869761711,0.31753651345746625,1.0323,0.9174,0.679,0.536
BOK,ENSG00000176720,0.118,0.2861947912679125,0.31759718684328414,0.313,0.2884,0.24,0.196
NINJ2,ENSG00000171840,-0.2947,0.28628903720074783,0.3176551147087164,0.2698,0.3309,0.191,0.218
THOC6,ENSG00000131652,0.1846,0.28656197254802573,0.31791126323059243,0.2652,0.2333,0.199,0.163
IGBP1,ENSG00000089289,0.1006,0.2879342647154495,0.31938678166572027,0.5355,0.4994,0.385,0.324
SAYSD1,ENSG00000112167,0.2577,0.2880861844612038,0.31946425108471393,0.2056,0.1719,0.156,0.122
POLL,ENSG00000166169,0.45,0.2880886753990941,0.31946425108471393,0.1618,0.1184,0.116,0.084
SLC39A3,ENSG00000141873,0.2614,0.28878171944367637,0.3201857778686491,0.2069,0.1726,0.159,0.125
CLTA,ENSG00000122705,0.2617,0.29016366677265715,0.3216708000685876,1.4647,1.2217,0.873,0.667
RAF1,ENSG00000132155,0.1295,0.2902562883975416,0.32172627037022106,0.3282,0.3,0.24,0.201
ERH,ENSG00000100632,0.1052,0.2903864929583936,0.3218233760159401,1.1812,1.0982,0.747,0.618
CYLD,ENSG00000083799,0.261,0.2904340775042791,0.3218289022506348,0.2104,0.1756,0.156,0.122
GCFC2,ENSG00000005436,0.4424,0.2913667898441844,0.3228150897892379,0.1458,0.1073,0.108,0.075
ZNF462,ENSG00000148143,0.2497,0.29196206688678006,0.3234271869984785,0.1984,0.1668,0.146,0.111
NSMCE4A,ENSG00000107672,-0.3801,0.29437661526525694,0.32605414577466885,0.2166,0.2819,0.173,0.195
ARAP1,ENSG00000186635,0.1549,0.2947837106584309,0.32645718763184484,0.2697,0.2422,0.199,0.162
ZNF12,ENSG00000164631,0.451,0.29518358703069736,0.32685211783920837,0.1452,0.1062,0.108,0.076
AIFM1,ENSG00000156709,-0.4271,0.29557115521806154,0.32723330563781583,0.1648,0.2215,0.127,0.154
MSH6,ENSG00000116062,0.3764,0.2981381582608599,0.3300269283019482,0.1693,0.1304,0.124,0.092
TOM1L2,ENSG00000175662,0.1981,0.2982069848674813,0.33005475691090264,0.1985,0.173,0.151,0.116
ZC3H7A,ENSG00000122299,0.1161,0.29865844432180355,0.3305060124287719,0.2776,0.2561,0.21,0.171
CPSF2,ENSG00000165934,0.3027,0.29881669051816573,0.3306327031143442,0.1857,0.1505,0.137,0.105
ARRB1,ENSG00000137486,-0.4982,0.2990924788270706,0.3308409483950978,0.1663,0.2349,0.129,0.156
PYURF,ENSG00000145337,0.1382,0.2990822614170837,0.3308409483950978,0.8471,0.7697,0.577,0.469
SLC35B1,ENSG00000121073,0.1178,0.299291764881208,0.3310129239756297,0.4157,0.3831,0.305,0.259
SPINT1-AS1,ENSG00000261183,-0.161,0.3003612430722231,0.33214712989031697,0.5103,0.5706,0.372,0.363
XPO7,ENSG00000130227,0.387,0.3007456474163903,0.3325235425480505,0.1499,0.1146,0.113,0.081
SGSM2,ENSG00000141258,0.4299,0.3015719420635895,0.33338835561756197,0.1676,0.1244,0.116,0.084
MGA,ENSG00000174197,0.3288,0.30211164342170926,0.3339361325604994,0.1576,0.1255,0.119,0.086
LRIG1,ENSG00000144749,-0.3695,0.302448639588455,0.3342597238283759,0.2308,0.2983,0.167,0.193
ZNF117,ENSG00000152926,-0.5497,0.3025850525718403,0.3343615726459344,0.1114,0.163,0.078,0.109
C12orf76,ENSG00000174456,-0.3632,0.3026803085298658,0.3344179191200843,0.2318,0.2982,0.178,0.2
C6orf136,ENSG00000204564,0.3706,0.3039101238031342,0.33572758960852156,0.1322,0.1022,0.105,0.072
CDC27,ENSG00000004897,0.2033,0.30422520005270026,0.3360265184792618,0.2083,0.1809,0.159,0.125
RAB40C,ENSG00000197562,-0.2917,0.304292375480833,0.3360515855514827,0.2492,0.305,0.175,0.204
WDR74,ENSG00000133316,0.1409,0.3050423074500378,0.336830551415527,0.2544,0.2307,0.199,0.162
TMEM216,ENSG00000187049,0.3816,0.30509924884524586,0.3368441948013784,0.147,0.1128,0.113,0.081
FBXO28,ENSG00000143756,0.2551,0.3052183309144716,0.33687720818974914,0.1494,0.1251,0.121,0.088
SERINC5,ENSG00000164300,0.1404,0.30519244088540554,0.33687720818974914,0.306,0.2776,0.218,0.182
CRBN,ENSG00000113851,0.185,0.3053581622496987,0.33698231314584776,0.2208,0.1942,0.17,0.135
PLAGL2,ENSG00000126003,0.3398,0.3054980360737132,0.33708743428317556,0.1783,0.1409,0.132,0.1
CEP57,ENSG00000166037,-0.2779,0.3060060832468521,0.3375987089558948,0.311,0.3771,0.237,0.252
ZNF22,ENSG00000165512,0.109,0.3061253999139042,0.3376810331945607,0.3674,0.3407,0.278,0.233
CEBPZOS,ENSG00000218739,0.1161,0.306782192758018,0.33835612646523006,0.3234,0.2984,0.243,0.202
ASNS,ENSG00000070669,0.3792,0.3075049616978217,0.3391037783720688,0.1589,0.1221,0.119,0.086
UBE4B,ENSG00000130939,0.3844,0.30789280866318003,0.3394819278240404,0.1932,0.148,0.129,0.099
SLC35A4,ENSG00000176087,0.1943,0.30806992017639456,0.33962764437949233,0.2515,0.2198,0.191,0.156
TBL2,ENSG00000106638,0.2881,0.3084530239106127,0.3400003787050888,0.1721,0.1409,0.135,0.102
MYSM1,ENSG00000162601,0.2364,0.3086329567248097,0.3400994731703526,0.184,0.1561,0.14,0.107
SNHG15,ENSG00000232956,0.1136,0.3086329567248097,0.3400994731703526,0.3586,0.3315,0.261,0.219
TBC1D14,ENSG00000132405,0.2264,0.30900347159328034,0.34045810527741477,0.1965,0.168,0.148,0.115
NFYB,ENSG00000120837,0.2285,0.3097270823643148,0.3412056149405655,0.1657,0.1414,0.135,0.101
RNF138,ENSG00000134758,0.3305,0.3104256285939173,0.34192529873553656,0.1731,0.1377,0.129,0.098
LARP1B,ENSG00000138709,-0.4031,0.3109915050360874,0.3424986618874111,0.2082,0.2753,0.162,0.184
ABCC6,ENSG00000091262,-0.3516,0.3120727478255816,0.3436393542956229,0.2516,0.321,0.194,0.211
EIF1B,ENSG00000114784,0.1321,0.3123118996548775,0.3438525796987175,0.867,0.7911,0.588,0.479
TMEM14C,ENSG00000111843,0.18,0.3125248726164036,0.34403692446698664,1.1204,0.989,0.712,0.573
PNPLA4,ENSG00000006757,-0.4122,0.3130985342363425,0.344618214766254,0.1622,0.2159,0.127,0.153
ALKBH2,ENSG00000189046,0.3255,0.3131775327289409,0.3446549540811578,0.1445,0.1153,0.116,0.084
RSAD1,ENSG00000136444,0.2132,0.31335927905617,0.3448047412276965,0.1931,0.1666,0.151,0.117
CRKL,ENSG00000099942,0.2364,0.3135410947939231,0.34495456111374534,0.2215,0.188,0.164,0.132
COX15,ENSG00000014919,0.3907,0.3139154847216603,0.3453161745882562,0.1341,0.1022,0.105,0.074
UMPS,ENSG00000114491,0.3153,0.3140473821411701,0.3454109727873839,0.1443,0.116,0.116,0.084
SAP18,ENSG00000150459,0.1414,0.3141634820203093,0.3454883706933678,1.2864,1.1663,0.798,0.644
ICAM4,ENSG00000105371,-0.4446,0.3142162640234164,0.34549612497408105,0.1606,0.2186,0.108,0.136
TMEM175,ENSG00000127419,0.3006,0.3146598630875229,0.3459335369071938,0.189,0.1534,0.137,0.106
CBX4,ENSG00000141582,-0.5685,0.3156065242939359,0.34687333299980877,0.1021,0.1514,0.078,0.107
PAK4,ENSG00000130669,0.2498,0.31559064306749907,0.34687333299980877,0.1752,0.1473,0.137,0.105
CIT,ENSG00000122966,-0.4824,0.31571241255024796,0.34693924026430883,0.1438,0.2009,0.105,0.133
WASHC2A,ENSG00000099290,0.3854,0.31642246560644316,0.3476689539931178,0.1454,0.1113,0.111,0.079
WSB2,ENSG00000176871,0.1902,0.31738854306563025,0.34862902629555637,0.2682,0.2351,0.197,0.164
NUS1,ENSG00000153989,0.162,0.31737791633225043,0.34862902629555637,0.2325,0.2078,0.181,0.145
TMEM30B,ENSG00000182107,0.1265,0.318708065916673,0.35002753859579366,0.3375,0.3092,0.251,0.212
THRB,ENSG00000151090,-0.7085,0.31886792880891657,0.3501305819981384,0.1074,0.1756,0.078,0.106
C1orf174,ENSG00000198912,0.2703,0.31889457772722574,0.3501305819981384,0.1374,0.1139,0.116,0.083
MIR222HG,ENSG00000270069,0.3114,0.32001247776380903,0.3513069266936322,0.2104,0.1695,0.14,0.109
SMC1A,ENSG00000072501,0.1776,0.320587095557226,0.3518866056857246,0.304,0.2688,0.216,0.183
APOE,ENSG00000130203,0.2158,0.3207850268806862,0.35202506549852164,0.1972,0.1698,0.137,0.104
S100A4,ENSG00000196154,-0.1513,0.32080642964358985,0.35202506549852164,0.6153,0.6833,0.402,0.382
CNOT6L,ENSG00000138767,-0.6751,0.32119719396533697,0.3524026721475633,0.1005,0.1605,0.086,0.113
CCNJL,ENSG00000135083,0.2454,0.32145430423938237,0.3525823560581495,0.1877,0.1583,0.14,0.108
SART1,ENSG00000175467,0.316,0.3214221581073392,0.3525823560581495,0.1806,0.145,0.135,0.104
MGC32805,ENSG00000250328,-0.6076,0.3215346787541884,0.35261932036404314,0.1555,0.2371,0.121,0.143
PBX2,ENSG00000204304,0.2111,0.32177051969088355,0.3528267454665639,0.2405,0.2078,0.178,0.145
MKKS,ENSG00000125863,-0.2372,0.32198501851149175,0.3529947702322918,0.345,0.4066,0.256,0.271
HOOK1,ENSG00000134709,0.1213,0.32201720138199275,0.3529947702322918,0.3024,0.278,0.229,0.191
MAP4K3,ENSG00000011566,0.1559,0.32239013929290805,0.3533523142837546,0.2075,0.1862,0.151,0.117
SORBS1,ENSG00000095637,-0.7172,0.3225485218320262,0.3534746275661384,0.1056,0.1736,0.078,0.106
FAM193A,ENSG00000125386,0.3387,0.32292992175151025,0.35384127031655693,0.1498,0.1184,0.108,0.077
CEPT1,ENSG00000134255,0.3025,0.3230669751586659,0.35394010982072516,0.1465,0.1188,0.113,0.081
SUZ12,ENSG00000178691,-0.2748,0.32316642979474974,0.35399773482663976,0.2659,0.3217,0.194,0.218
MRPS31,ENSG00000102738,0.1635,0.32328472615049797,0.3540759794240377,0.2367,0.2113,0.178,0.143
SAE1,ENSG00000142230,0.184,0.3239870188495534,0.3547937277008807,0.2692,0.2369,0.199,0.166
RNF113A,ENSG00000125352,0.3807,0.32497621370920615,0.35579318064971527,0.1427,0.1096,0.111,0.08
MLH1,ENSG00000076242,0.2895,0.32500319472456285,0.35579318064971527,0.1655,0.1354,0.127,0.095
PPP1R10,ENSG00000204569,0.1007,0.32504097059488213,0.35579318064971527,0.3827,0.3569,0.275,0.232
HELZ,ENSG00000198265,0.1038,0.32553231688890616,0.3562793936108483,0.3462,0.3222,0.245,0.21
SLC2A13,ENSG00000151229,-0.7397,0.3257646594838165,0.35646589420299685,0.1046,0.1747,0.086,0.112
ALKBH5,ENSG00000091542,-0.2839,0.32579708795124995,0.35646589420299685,0.2507,0.3053,0.186,0.211
VAMP7,ENSG00000124333,0.3179,0.3263351660383297,0.35700292201268186,0.1587,0.1273,0.124,0.093
LYRM2,ENSG00000083099,-0.2199,0.3275594776670072,0.3582904088278905,0.3804,0.443,0.28,0.291
RXYLT1,ENSG00000118600,0.2356,0.32787687530366116,0.3585856677647887,0.1848,0.1569,0.143,0.111
AGO4,ENSG00000134698,0.3427,0.3282243422498544,0.35891372205784483,0.1404,0.1107,0.105,0.074
MRC2,ENSG00000011028,-0.342,0.32854215761806804,0.3592092620556446,0.2362,0.2994,0.173,0.196
PRKACA,ENSG00000072062,0.4011,0.3289580633186776,0.35961194738425833,0.1692,0.1281,0.121,0.092
DGLUCY,ENSG00000133943,0.23,0.3294260247163643,0.3600193283280967,0.1744,0.1487,0.132,0.1
PPCS,ENSG00000127125,0.1052,0.32937975352017446,0.3600193283280967,0.6838,0.6357,0.48,0.4
RXRA,ENSG00000186350,0.1674,0.32973642271479764,0.36030340565394287,0.2626,0.2338,0.197,0.163
EPG5,ENSG00000152223,0.3383,0.3297963458805818,0.36030340565394287,0.1484,0.1174,0.111,0.08
LYSMD2,ENSG00000140280,0.2892,0.32982903421610443,0.36030340565394287,0.1947,0.1593,0.143,0.112
ALG12,ENSG00000182858,0.3052,0.3305978140851856,0.3610910055535026,0.1659,0.1343,0.127,0.096
SPART,ENSG00000133104,-0.3087,0.3307178700466239,0.36116992023738703,0.2574,0.3188,0.197,0.217
PPRC1,ENSG00000148840,0.2819,0.3309635269091301,0.3613859583463619,0.1834,0.1508,0.135,0.104
CENPB,ENSG00000125817,0.1961,0.33123115414271354,0.3616259204549423,0.2417,0.211,0.181,0.149
IPO7,ENSG00000205339,-0.1394,0.33146612595774094,0.3618301663936906,0.5344,0.5886,0.377,0.371
NINL,ENSG00000101004,0.3708,0.33321265325506255,0.3636841368595778,0.1475,0.1141,0.105,0.075
SLC12A2-DT,ENSG00000245937,-0.3263,0.33375588445037396,0.3642244268413369,0.2184,0.2738,0.159,0.184
RPUSD3,ENSG00000156990,0.15,0.33500363055574855,0.3655332797297343,0.2149,0.1937,0.17,0.135
GPN2,ENSG00000142751,0.3207,0.3353724817071402,0.3658829024256237,0.1518,0.1215,0.119,0.088
SLC17A5,ENSG00000119899,0.1786,0.3355101797111857,0.3659802783306393,0.2306,0.2037,0.175,0.142
IDH3A,ENSG00000166411,-0.3606,0.33562036432217024,0.3660476183707227,0.1644,0.2111,0.121,0.149
WWP1,ENSG00000123124,0.1171,0.33569199681147,0.36607289779310853,0.2791,0.2573,0.205,0.17
ITM2B,ENSG00000136156,0.1983,0.33615784789030767,0.3665280041580711,1.8302,1.5952,0.97,0.792
BAIAP2-DT,ENSG00000226137,-0.4659,0.3365799533428677,0.36693528824031246,0.1398,0.1931,0.108,0.134
BRD1,ENSG00000100425,0.2989,0.33676766515216094,0.36708695862423546,0.1353,0.11,0.108,0.077
PURA,ENSG00000185129,-0.2479,0.3369609682073219,0.367244678996872,0.3365,0.3996,0.245,0.261
MZF1,ENSG00000099326,0.1973,0.3370990854879313,0.3673422170577414,0.181,0.1578,0.137,0.105
ZNF503,ENSG00000165655,0.1516,0.3374362443748692,0.36765659449843335,0.3306,0.2976,0.237,0.202
TRIM38,ENSG00000112343,0.2243,0.33814442955283364,0.3683750779050697,0.184,0.1575,0.143,0.111
IPO8,ENSG00000133704,0.2794,0.3387815030823319,0.36901589616306485,0.128,0.1054,0.105,0.074
MTDH,ENSG00000147649,0.2241,0.33944154612426225,0.3696282618865381,1.2653,1.0833,0.803,0.607
PCID2,ENSG00000126226,0.2213,0.3394026972470431,0.3696282618865381,0.2161,0.1853,0.162,0.131
AFMID,ENSG00000183077,0.1026,0.33960807361390566,0.36975630438868096,0.1791,0.1668,0.148,0.113
TMED2,ENSG00000086598,0.1825,0.3401024133568502,0.3702411718891936,1.0925,0.9627,0.698,0.553
WWC2,ENSG00000151718,-0.2538,0.3403914544151858,0.37050244029775664,0.3585,0.4275,0.259,0.271
THAP7,ENSG00000184436,-0.345,0.34096444255322156,0.3710726539166795,0.2108,0.2678,0.162,0.185
MDN1,ENSG00000112159,0.2864,0.3413347094236727,0.37142211287568017,0.161,0.132,0.119,0.088
PHB2,ENSG00000215021,0.143,0.3416383530568723,0.3716454654203989,0.9436,0.8545,0.628,0.509
RALGAPA2,ENSG00000188559,-0.3472,0.34159377069317454,0.3716454654203989,0.2988,0.3801,0.218,0.234
KMT2B,ENSG00000272333,0.3488,0.3417331029423468,0.3716950176690801,0.1422,0.1117,0.108,0.078
ZNF830,ENSG00000198783,0.3836,0.34238008032666944,0.372345113987043,0.1385,0.1062,0.108,0.078
ENSG00000277196,ENSG00000277196,-0.5164,0.34256985996331013,0.37249788313511917,0.1383,0.1979,0.1,0.125
VCF2,ENSG00000182518,0.1681,0.343642818633231,0.37350330812459503,0.2289,0.2037,0.175,0.142
HACD2,ENSG00000206527,-0.2217,0.34357849251897976,0.37350330812459503,0.3618,0.422,0.27,0.278
TTC9C,ENSG00000162222,0.3411,0.34360366269124576,0.37350330812459503,0.1519,0.1199,0.116,0.086
JARID2,ENSG00000008083,0.2476,0.34460583121554333,0.374496124112979,0.1545,0.1301,0.116,0.085
PHF1,ENSG00000112511,-0.3529,0.3448748859129932,0.37473461283944537,0.2127,0.2717,0.164,0.186
DEPP1,ENSG00000165507,0.3764,0.34553126789415856,0.3753398603796359,0.1544,0.1189,0.108,0.079
EIF1AD,ENSG00000175376,0.4248,0.3454919747965306,0.3753398603796359,0.1503,0.1119,0.111,0.082
PDK4,ENSG00000004799,0.3269,0.3456996991452135,0.3754688365500414,0.1622,0.1293,0.116,0.086
CCDC66,ENSG00000180376,-0.5539,0.3460732415887562,0.37582051749361123,0.122,0.1792,0.097,0.123
STX12,ENSG00000117758,-0.2109,0.3471503672113677,0.3769360483302505,0.3825,0.4427,0.272,0.287
GALK1,ENSG00000108479,0.3059,0.3492092751982261,0.37911712517927837,0.1568,0.1269,0.121,0.091
PAICS,ENSG00000128050,0.1965,0.3493958044959027,0.3792651297365725,0.1986,0.1733,0.154,0.123
GRK3,ENSG00000100077,0.1287,0.34950605608058505,0.3793095688985077,0.1769,0.1618,0.129,0.098
PI4KA,ENSG00000241973,0.1604,0.3495371566739127,0.3793095688985077,0.2578,0.2306,0.183,0.152
CXCL3,ENSG00000163734,-0.3551,0.350547465873411,0.380351300398337,0.2844,0.3637,0.173,0.192
ZDHHC2,ENSG00000104219,0.1564,0.3516901776440713,0.3815363716399998,0.2487,0.2232,0.186,0.153
ZNF827,ENSG00000151612,0.2603,0.3525025640229692,0.38236279557696085,0.1452,0.1212,0.111,0.08
CLDN23,ENSG00000253958,0.328,0.3535610097857971,0.38345022348425006,0.1611,0.1283,0.121,0.093
JPX,ENSG00000225470,-0.3089,0.3536065793533779,0.38345022348425006,0.3052,0.3781,0.229,0.241
ANKZF1,ENSG00000163516,0.2725,0.35471277784527566,0.3845945804565238,0.1404,0.1162,0.111,0.081
IPO9,ENSG00000198700,0.1333,0.35491829188576207,0.3847621890080259,0.2701,0.2463,0.202,0.168
GULP1,ENSG00000144366,0.1025,0.3550382097802973,0.3848369691377541,0.2284,0.2127,0.173,0.138
PGAP2,ENSG00000148985,0.2619,0.3566395580700119,0.3865172659903801,0.1444,0.1205,0.116,0.086
BRAF,ENSG00000157764,-0.3651,0.35729857110488794,0.38717594731747396,0.2797,0.3603,0.202,0.219
NDUFS1,ENSG00000023228,0.1291,0.35756239088815567,0.38740626174673976,0.3154,0.2884,0.232,0.198
PIAS2,ENSG00000078043,-0.4987,0.3580559480234745,0.3878853867676154,0.1187,0.1677,0.089,0.115
ZHX1,ENSG00000165156,0.1801,0.3590385960767548,0.3888941352487287,0.2116,0.1868,0.164,0.133
APIP,ENSG00000149089,-0.2706,0.3592284248524611,0.38898821123123745,0.2945,0.3553,0.221,0.237
CENPC,ENSG00000145241,0.134,0.35918815287288053,0.38898821123123745,0.2409,0.2195,0.181,0.148
HNRNPF,ENSG00000169813,0.1574,0.35934350328576004,0.3890570603788932,0.945,0.8473,0.628,0.506
GALNT11,ENSG00000178234,-0.3588,0.3594413381648478,0.3891072230742836,0.2167,0.2779,0.164,0.185
CCDC59,ENSG00000133773,-0.215,0.36030819434937333,0.38998974331081887,0.3657,0.4244,0.275,0.282
ZNF76,ENSG00000065029,0.348,0.360590709541723,0.3902396233473309,0.1635,0.1284,0.119,0.09
AKTIP,ENSG00000166971,0.2048,0.36149395912975313,0.3911611087403731,0.231,0.2004,0.173,0.142
MRPL18,ENSG00000112110,-0.1147,0.36277767693734553,0.39249396380662255,0.5526,0.5983,0.407,0.383
PINK1,ENSG00000158828,0.1548,0.36386411843885125,0.39355668071661004,0.2693,0.2419,0.199,0.168
FAM91A1,ENSG00000176853,0.2169,0.3638293208276321,0.39355668071661004,0.2123,0.1827,0.156,0.127
TFB2M,ENSG00000162851,0.2825,0.36458954197216564,0.394284853936403,0.1237,0.1017,0.102,0.073
NCMAP,ENSG00000184454,-0.4757,0.364726022452322,0.3943759982291817,0.136,0.1891,0.105,0.13
GTPBP1,ENSG00000100226,0.3538,0.36497874075182646,0.3945927856868988,0.1637,0.128,0.119,0.091
KHSRP,ENSG00000088247,0.1408,0.36524900882202926,0.39482848213627575,0.2948,0.2673,0.218,0.185
MPV17L2,ENSG00000254858,0.4204,0.36615662721180475,0.3957529783383669,0.1426,0.1065,0.105,0.078
COPS2,ENSG00000166200,-0.218,0.36654686922015733,0.39611809425808736,0.3681,0.4281,0.275,0.281
CREM,ENSG00000095794,0.1657,0.3668091176046737,0.3963448059930363,0.216,0.1925,0.164,0.133
WDR26,ENSG00000162923,0.1449,0.36686158131481694,0.39634480864199084,0.3125,0.2826,0.221,0.19
METTL25B,ENSG00000143303,-0.5397,0.3673806409355458,0.39684883360995826,0.1112,0.1617,0.089,0.114
PTRHD1,ENSG00000184924,0.1139,0.3679118376707612,0.3973658232455469,0.829,0.7661,0.563,0.461
FAM50B,ENSG00000145945,0.2601,0.3685925839211147,0.3980441640257321,0.1368,0.1142,0.113,0.084
SIGMAR1,ENSG00000147955,0.1524,0.36920972949505393,0.398653638178524,0.2408,0.2166,0.183,0.152
TMA16,ENSG00000198498,-0.3081,0.3698831788955297,0.3993237234289407,0.215,0.2662,0.159,0.182
ZNRF3,ENSG00000183579,-0.3978,0.3718257985754716,0.401306272605384,0.1728,0.2277,0.124,0.149
RFX1,ENSG00000132005,0.389,0.3717758335589372,0.401306272605384,0.1616,0.1233,0.113,0.086
SELENOI,ENSG00000138018,0.2702,0.3723492117199495,0.4018137829658932,0.1462,0.1212,0.113,0.085
GALT,ENSG00000213930,0.372,0.3724668954588283,0.40188337549149494,0.1434,0.1108,0.105,0.077
MTFR1L,ENSG00000117640,0.2643,0.3728907477325575,0.40228324990996317,0.1802,0.15,0.137,0.11
TOPORS,ENSG00000197579,0.192,0.3735447716991587,0.40293128928999766,0.1804,0.1579,0.143,0.113
C2orf49,ENSG00000135974,0.3399,0.3736420520588354,0.4029786871241258,0.1512,0.1194,0.113,0.086
NDUFAF1,ENSG00000137806,0.326,0.3751149595375761,0.4045094946198098,0.148,0.118,0.113,0.086
ZNF593,ENSG00000142684,0.1107,0.3762982338183647,0.40572758049061586,0.7865,0.7284,0.536,0.445
FAHD2A,ENSG00000115042,0.2307,0.3767040342642388,0.40610716022635907,0.1823,0.1554,0.14,0.111
SNUPN,ENSG00000169371,0.1841,0.3778993033792112,0.40733759980452855,0.1645,0.1448,0.132,0.102
TRIM24,ENSG00000122779,-0.3495,0.3779616518555633,0.4073466875561741,0.2146,0.2734,0.162,0.182
CLK4,ENSG00000113240,0.172,0.3784992989928049,0.40786795091864797,0.1675,0.1487,0.132,0.102
FAM200B,ENSG00000237765,-0.1639,0.37912665297958903,0.40848571923285726,0.4636,0.5194,0.34,0.334
ZNF770,ENSG00000198146,0.1619,0.3798142049146396,0.40915152819964923,0.2386,0.2133,0.181,0.15
SMARCA2,ENSG00000080503,0.1389,0.37985292108436,0.40915152819964923,0.2681,0.2435,0.194,0.164
AGO3,ENSG00000126070,0.1216,0.3802759787581328,0.4094904531809711,0.267,0.2454,0.194,0.163
AIMP1,ENSG00000164022,-0.1321,0.3802223357102392,0.4094904531809711,0.5175,0.5672,0.377,0.361
REV1,ENSG00000135945,-0.2597,0.3805532085842923,0.4097305815668132,0.3686,0.4413,0.278,0.279
TMEM69,ENSG00000159596,0.1868,0.3807559928206271,0.40986099624596956,0.1755,0.1542,0.137,0.108
HLA-C,ENSG00000204525,0.2725,0.3807828368829199,0.40986099624596956,1.843,1.5258,0.97,0.752
INTS3,ENSG00000143624,-0.4202,0.3830089574340483,0.41219838652624424,0.1794,0.2401,0.14,0.161
CLN5,ENSG00000102805,-0.3749,0.384369448049274,0.41360364335739425,0.1432,0.1857,0.105,0.131
TRIM4,ENSG00000146833,0.1731,0.386864319522101,0.4162289851879056,0.2095,0.1858,0.159,0.13
INTS15,ENSG00000146576,0.3148,0.3873765336322581,0.41672073353149797,0.136,0.1093,0.108,0.081
RAB2A,ENSG00000104388,0.2103,0.38796458227707653,0.4172929142002148,1.2927,1.1173,0.803,0.629
TLK2,ENSG00000146872,0.1574,0.38801889109947174,0.4172929142002148,0.2021,0.1812,0.151,0.122
VRK3,ENSG00000105053,0.1855,0.38826937503382886,0.41750286484209753,0.1889,0.1661,0.148,0.119
UVSSA,ENSG00000163945,0.2923,0.3884625865128326,0.4176511798924791,0.1554,0.1269,0.113,0.086
LZTFL1,ENSG00000163818,0.1287,0.38894587132176384,0.41811127743823645,0.2014,0.1842,0.159,0.128
PROSER1,ENSG00000120685,0.2726,0.38904257218223637,0.41813522431870653,0.1439,0.1191,0.111,0.083
YRDC,ENSG00000196449,0.3546,0.389078838777036,0.41813522431870653,0.1345,0.1051,0.105,0.079
MYO5C,ENSG00000128833,-0.2267,0.3899740659801526,0.41903769996871754,0.3568,0.4176,0.256,0.269
NRBF2,ENSG00000148572,0.1034,0.39117369140803804,0.4202669565682206,0.288,0.2681,0.221,0.187
RXRB,ENSG00000204231,0.2294,0.39201718981211975,0.42111330428416954,0.1449,0.1236,0.116,0.088
SREBF2,ENSG00000198911,-0.1759,0.3922176067807017,0.42126869764404345,0.4825,0.5451,0.342,0.34
ZNF280D,ENSG00000137871,-0.3621,0.3926581349661955,0.4216819061364047,0.186,0.2391,0.14,0.162
RABGAP1,ENSG00000011454,-0.3417,0.39311416926842035,0.42211164707545706,0.2614,0.3313,0.199,0.213
AP2A2,ENSG00000183020,-0.313,0.3932419163558305,0.4221888131403012,0.2577,0.3202,0.199,0.213
GTF2H3,ENSG00000111358,0.2378,0.3938505807519266,0.42278220198647415,0.1786,0.1515,0.135,0.107
UBE2D4,ENSG00000078967,0.1836,0.39439581874993646,0.4233073463071132,0.212,0.1866,0.159,0.131
KRIT1,ENSG00000001631,-0.2759,0.39478598950737165,0.42366593050116375,0.2453,0.297,0.178,0.199
PA2G4,ENSG00000170515,0.1185,0.39519469952199504,0.42404430548056704,0.8749,0.8059,0.58,0.482
THAP11,ENSG00000168286,0.3608,0.39659967879576197,0.425491419099969,0.164,0.1277,0.119,0.093
ING3,ENSG00000071243,0.2285,0.3972879934241983,0.42616935827343716,0.1301,0.111,0.108,0.08
MTHFD2L,ENSG00000163738,-0.2072,0.39750228259781184,0.42633869179819256,0.3777,0.436,0.275,0.283
SPRING1,ENSG00000111412,-0.1517,0.3985349068815385,0.4273855530858798,0.473,0.5254,0.34,0.336
RHEB,ENSG00000106615,0.1628,0.39878948046627305,0.4275978604772485,1.0095,0.9018,0.658,0.531
ULK3,ENSG00000140474,0.2279,0.4001959957080802,0.4290450897650838,0.1589,0.1357,0.124,0.097
PLLP,ENSG00000102934,-0.179,0.4010604191111381,0.42991082099668676,0.4141,0.4688,0.299,0.301
PRMT5,ENSG00000100462,0.2218,0.4016701874517644,0.43050337157016316,0.1424,0.1221,0.116,0.089
EMP2,ENSG00000213853,0.1624,0.4019906925496558,0.430785770526617,1.4848,1.3268,0.863,0.693
OAZ2,ENSG00000180304,-0.2187,0.40274942075853937,0.4315376363396348,0.3027,0.3523,0.224,0.24
CAST,ENSG00000153113,0.197,0.4029160856681423,0.43165499535207247,1.3321,1.1621,0.809,0.639
DCAF11,ENSG00000100897,-0.2768,0.40318468827423126,0.43188151423675275,0.2523,0.3057,0.194,0.21
ALG13,ENSG00000101901,-0.2889,0.40349046996827476,0.4321477885753212,0.2793,0.3413,0.213,0.226
GPN3,ENSG00000111231,-0.2928,0.4045973846305394,0.43327189806998234,0.2459,0.3012,0.194,0.208
ATG4D,ENSG00000130734,0.2611,0.40466546650489077,0.43328163196356906,0.1587,0.1324,0.121,0.095
TCF7L1,ENSG00000152284,-0.3709,0.40472117495260185,0.43328163196356906,0.252,0.3259,0.183,0.2
ATG10,ENSG00000152348,0.2568,0.40521966001392307,0.4337538298958896,0.1307,0.1093,0.102,0.076
HNRNPD,ENSG00000138668,0.1053,0.4053466620158298,0.4338000117860373,0.7565,0.7032,0.523,0.434
SPATA6,ENSG00000132122,0.2146,0.405377641721962,0.4338000117860373,0.145,0.1249,0.111,0.083
SPRYD7,ENSG00000123178,0.1046,0.4060502497752865,0.43445824062488164,0.2621,0.2438,0.199,0.168
ATF1,ENSG00000123268,-0.3709,0.4070992329535731,0.4355189330167438,0.1733,0.2241,0.135,0.155
EPC2,ENSG00000135999,0.1811,0.40745650369382314,0.43583942877061216,0.1282,0.1131,0.102,0.075
CSF2,ENSG00000164400,-0.2056,0.409273700693211,0.43772123566495036,0.1715,0.1977,0.1,0.128
GMNN,ENSG00000112312,0.2554,0.41070844337496437,0.4391313741434837,0.1402,0.1175,0.111,0.084
ARHGAP44,ENSG00000006740,-0.5598,0.4106772215850756,0.4391313741434837,0.1267,0.1868,0.097,0.119
PDIA5,ENSG00000065485,0.1271,0.4111956858213145,0.4395713473513488,0.2372,0.2172,0.178,0.149
CCDC88C,ENSG00000015133,0.165,0.41123630484173834,0.4395713473513488,0.2329,0.2077,0.167,0.14
PPA2,ENSG00000138777,-0.1115,0.4116801446056797,0.43998351853103834,0.5576,0.6024,0.394,0.381
ZCCHC8,ENSG00000033030,0.2908,0.4122588126855783,0.4405107833576407,0.1599,0.1307,0.116,0.09
ZFX,ENSG00000005889,0.1733,0.41229010577390834,0.4405107833576407,0.1815,0.1609,0.137,0.11
IMPA1,ENSG00000133731,-0.3803,0.41245911278496117,0.4406290437062191,0.1664,0.2166,0.127,0.148
HMBOX1,ENSG00000147421,0.2385,0.41306035910524996,0.441208965508294,0.1404,0.119,0.105,0.079
COX11,ENSG00000166260,-0.3208,0.413574334557408,0.4416955184593183,0.1768,0.2208,0.135,0.157
PHC3,ENSG00000173889,-0.4378,0.41494887966522875,0.44310088846230433,0.1617,0.219,0.121,0.142
L3MBTL2,ENSG00000100395,0.2986,0.4154076607389785,0.4435281058342259,0.1319,0.1072,0.102,0.077
ARV1,ENSG00000173409,-0.2843,0.4156591746602468,0.44373393592739363,0.2207,0.2688,0.164,0.184
EEF1AKMT2,ENSG00000203791,-0.4968,0.4163198264505351,0.4443764183150315,0.1026,0.1448,0.078,0.102
SEM1,ENSG00000127922,0.2229,0.4179678549542267,0.44607248822986056,1.456,1.2476,0.868,0.68
PIBF1,ENSG00000083535,-0.4855,0.41831812139651725,0.44638324959755477,0.1777,0.2488,0.135,0.153
PIP4K2B,ENSG00000276293,0.3512,0.41875698695726493,0.4467884531086198,0.1385,0.1086,0.102,0.077
CDK19,ENSG00000155111,0.2494,0.4190476080771286,0.44703539664257363,0.1384,0.1164,0.102,0.077
RPA1,ENSG00000132383,0.1892,0.4203663667646812,0.4483789214890818,0.1933,0.1696,0.148,0.122
ETFDH,ENSG00000171503,0.2019,0.42111379352608846,0.44911274845985294,0.1378,0.1198,0.111,0.084
PCIF1,ENSG00000100982,0.1299,0.4213863546643507,0.44934000133933233,0.235,0.2148,0.175,0.147
CSTF1,ENSG00000101138,0.2823,0.42200792708802815,0.4499231651729588,0.1414,0.1163,0.108,0.082
LANCL1,ENSG00000115365,0.2058,0.42205234567581196,0.4499231651729588,0.1354,0.1173,0.105,0.079
EGFR,ENSG00000146648,-0.2128,0.4226586158201796,0.45050590329027324,0.4164,0.4826,0.302,0.302
SERGEF,ENSG00000129158,0.2318,0.4227443600654738,0.4505337339955783,0.1522,0.1296,0.116,0.09
PHF12,ENSG00000109118,0.1785,0.42304295653764235,0.4507883690609151,0.1384,0.1223,0.113,0.087
TOGARAM1,ENSG00000198718,0.2058,0.42331307027505294,0.4510125858028522,0.1329,0.1152,0.102,0.076
MLLT1,ENSG00000130382,0.122,0.4236278005585511,0.45122064475114243,0.2884,0.265,0.21,0.182
VPS4A,ENSG00000132612,0.1299,0.42358328493566577,0.45122064475114243,0.287,0.2622,0.213,0.184
DNAJC19,ENSG00000205981,-0.1093,0.42386314289082794,0.4514076747307873,0.5702,0.6151,0.41,0.389
KTN1,ENSG00000126777,0.2204,0.4245155040109312,0.45203870793552997,1.3322,1.1435,0.825,0.635
PATL1,ENSG00000166889,0.2903,0.4249390568741923,0.4523622058171795,0.1452,0.1187,0.111,0.085
GMPS,ENSG00000163655,0.1253,0.4249199439103106,0.4523622058171795,0.2311,0.2119,0.175,0.147
AHCTF1,ENSG00000153207,0.1945,0.42532779605801996,0.45271224277519595,0.1936,0.1691,0.143,0.117
TMEM203,ENSG00000187713,0.2428,0.42564021230774585,0.4529171554908479,0.1628,0.1376,0.127,0.101
DHTKD1,ENSG00000181192,-0.5012,0.42559238481353434,0.4529171554908479,0.113,0.16,0.092,0.113
UTRN,ENSG00000152818,-0.1454,0.42887101088610746,0.45625423409376803,0.6209,0.6867,0.431,0.398
KLHDC4,ENSG00000104731,0.2439,0.4289190526908656,0.45625423409376803,0.1445,0.122,0.111,0.085
AKAP8,ENSG00000105127,0.2183,0.4289574883875624,0.45625423409376803,0.1458,0.1253,0.113,0.088
TIMM10B,ENSG00000132286,-0.3076,0.4293131135049437,0.4565550662652652,0.1818,0.2251,0.14,0.161
NR2C2AP,ENSG00000184162,0.2394,0.42936118409195356,0.4565550662652652,0.13,0.1101,0.105,0.08
HNRNPK,ENSG00000165119,0.177,0.4294861822563635,0.4566237133333558,1.3554,1.199,0.83,0.658
SLC40A1,ENSG00000138449,-0.2067,0.4298613035949782,0.45695823113269457,0.3324,0.3836,0.243,0.252
MBD3,ENSG00000071655,0.1264,0.429931860480094,0.4569689372435439,0.2477,0.227,0.183,0.155
RPF1,ENSG00000117133,0.1268,0.4301692375381927,0.4571569263751647,0.2094,0.1918,0.164,0.136
UBL4A,ENSG00000102178,0.3134,0.4303617612718035,0.4572972020265085,0.1511,0.1216,0.113,0.089
TBC1D2B,ENSG00000167202,-0.4355,0.43089145935490625,0.45779566522659493,0.133,0.1799,0.102,0.124
STIM2,ENSG00000109689,-0.4993,0.43186194632172026,0.45876223347308726,0.1281,0.1812,0.102,0.123
TRPM7,ENSG00000092439,-0.3612,0.4319745018131612,0.4588172868267163,0.2016,0.259,0.148,0.166
ZXDC,ENSG00000070476,0.1852,0.43206134194596113,0.4588450152378038,0.1495,0.1314,0.113,0.088
NR3C2,ENSG00000151623,-0.6006,0.43427111482162517,0.46112695326456477,0.1354,0.2053,0.097,0.117
TENT4B,ENSG00000121274,-0.3452,0.4349779396981428,0.46181258212752513,0.1643,0.2087,0.121,0.143
DENND4A,ENSG00000174485,-0.5528,0.43522338565465735,0.46200824485330005,0.1284,0.1883,0.094,0.116
LRRC58,ENSG00000163428,0.1362,0.43557231472764113,0.4623136889248846,0.2388,0.2173,0.181,0.154
ANGEL2,ENSG00000174606,0.31,0.43576623391831093,0.4624545437916616,0.1427,0.1151,0.105,0.081
RRM1,ENSG00000167325,0.2453,0.4359990026550923,0.4626365821712391,0.1599,0.1349,0.121,0.097
PABPC4,ENSG00000090621,-0.1524,0.4380647218379511,0.4647632317772392,0.5104,0.5673,0.367,0.351
PVR,ENSG00000073008,0.2038,0.4383760375119242,0.46502141818608694,0.1918,0.1665,0.143,0.117
DYNLRB1,ENSG00000125971,0.173,0.43843117958166744,0.46502141818608694,1.1362,1.0078,0.722,0.582
ZC3H18,ENSG00000158545,0.1506,0.43872641962511194,0.4652692448438687,0.1757,0.1583,0.137,0.111
ARPC3,ENSG00000111229,0.225,0.44214128985466883,0.4688249045406348,1.4982,1.2818,0.865,0.687
EAF1,ENSG00000144597,-0.278,0.44229450077782273,0.46892154832675426,0.165,0.2001,0.119,0.141
DUSP16,ENSG00000111266,-0.3198,0.44246078528631483,0.4690320236899268,0.2215,0.2764,0.159,0.178
MRS2,ENSG00000124532,0.2154,0.4426890771413353,0.46920818992743946,0.1929,0.1662,0.143,0.118
ANKFY1,ENSG00000185722,0.118,0.4427575778306829,0.4692149671077023,0.223,0.2055,0.167,0.14
KANSL1L,ENSG00000144445,-0.4253,0.443606183516317,0.4700483473304032,0.1652,0.2218,0.113,0.134
RMC1,ENSG00000141452,0.1011,0.4446486255376363,0.4710868554111404,0.1888,0.176,0.143,0.117
TSC1,ENSG00000165699,0.3015,0.44519818453453097,0.47160295627571247,0.1536,0.1246,0.111,0.087
NUP54,ENSG00000138750,0.1651,0.445669543148719,0.47203608558650945,0.1774,0.1582,0.137,0.112
EMG1,ENSG00000126749,-0.3097,0.4463771139435435,0.4727192452822359,0.2067,0.2562,0.162,0.179
THAP12,ENSG00000137492,-0.3603,0.4471246875386733,0.4734445710377963,0.1482,0.1903,0.113,0.134
GTPBP8,ENSG00000163607,0.3292,0.4479583486392973,0.47426083575811256,0.1563,0.1244,0.113,0.09
STARD7,ENSG00000084090,-0.1847,0.44811270553273963,0.47435778202323775,0.3927,0.4463,0.296,0.293
SLC15A2,ENSG00000163406,0.1807,0.4491085398234693,0.475345337400716,0.13,0.1147,0.105,0.08
PMVK,ENSG00000163344,-0.1034,0.45124904818822675,0.4775439920243806,0.5437,0.5841,0.394,0.374
FAM217B,ENSG00000196227,0.2968,0.4528136056333122,0.47913260371984223,0.145,0.118,0.108,0.085
KCTD9,ENSG00000104756,0.2337,0.453015173887087,0.4792787618984655,0.1664,0.1415,0.124,0.1
UVRAG,ENSG00000198382,-0.3375,0.453679716167809,0.4799146255457571,0.2416,0.3054,0.183,0.196
PHF10,ENSG00000130024,0.2647,0.45424219584339787,0.48044236169632804,0.1742,0.145,0.127,0.104
ACSF3,ENSG00000176715,0.2424,0.4549475043273412,0.481120995967674,0.1396,0.118,0.108,0.084
CSTF3,ENSG00000176102,0.1868,0.4550800253846653,0.4811937847139463,0.1936,0.1701,0.14,0.116
GHDC,ENSG00000167925,0.2518,0.4557031654526146,0.4817458833534252,0.1291,0.1084,0.102,0.078
PRR15L,ENSG00000167183,-0.1555,0.4557296926971449,0.4817458833534252,0.4224,0.4704,0.302,0.302
NDUFA3,ENSG00000170906,0.1036,0.45591540773566497,0.48187477692262853,1.1992,1.1161,0.749,0.62
ADCY9,ENSG00000162104,-0.5054,0.4562571018934636,0.48216847178697964,0.1449,0.2057,0.116,0.133
IP6K1,ENSG00000176095,0.1997,0.45639315613081755,0.48224479644312257,0.1661,0.1446,0.124,0.1
CCP110,ENSG00000103540,0.1652,0.4564694892251243,0.4822580046281379,0.1359,0.1212,0.111,0.086
ARHGEF35,ENSG00000213214,0.1356,0.45870623689035095,0.4845533584600953,0.1621,0.1476,0.129,0.103
STAG2,ENSG00000101972,-0.1832,0.4596119822874797,0.4854422656482467,0.335,0.3804,0.237,0.251
SPTY2D1,ENSG00000179119,0.1629,0.45999856044549925,0.48578265643915947,0.2101,0.1876,0.156,0.132
METTL3,ENSG00000165819,0.2183,0.460208588603087,0.4859365320609814,0.1533,0.1318,0.116,0.092
CDK11B,ENSG00000248333,0.1278,0.46118275276320075,0.486897106920903,0.2273,0.2081,0.17,0.144
PEX5,ENSG00000139197,-0.457,0.4636700705269201,0.48945471326406054,0.1168,0.1604,0.094,0.114
MCMBP,ENSG00000197771,0.1439,0.46459132999297614,0.4903586893122289,0.1871,0.1693,0.146,0.121
CLPX,ENSG00000166855,0.1437,0.4648327005859054,0.49054491589977867,0.2837,0.2568,0.199,0.177
TMEM147,ENSG00000105677,0.1184,0.4651445741370436,0.49080548290577714,0.8724,0.8037,0.582,0.483
ABHD18,ENSG00000164074,0.198,0.4652720398120639,0.49087142309455983,0.1465,0.1277,0.108,0.084
FXR2,ENSG00000129245,0.228,0.4659029450438178,0.4914684096350242,0.1666,0.1422,0.124,0.101
PPP1R21,ENSG00000162869,0.1748,0.4688422137849595,0.4944999197466661,0.1331,0.1179,0.105,0.081
TMEM161A,ENSG00000064545,0.1127,0.46897697918674486,0.4945730147621241,0.1872,0.1732,0.146,0.12
AP5M1,ENSG00000053770,0.1783,0.4698669681057972,0.4954424206614512,0.175,0.1546,0.135,0.111
MSH3,ENSG00000113318,0.1158,0.47192356593238405,0.4975415211581303,0.148,0.1366,0.113,0.089
ACADS,ENSG00000122971,0.1139,0.4724207283181693,0.4979961772629788,0.239,0.2208,0.181,0.155
VAMP4,ENSG00000117533,0.1593,0.4737614569925369,0.49933981690549895,0.1324,0.1186,0.105,0.081
TPP2,ENSG00000134900,-0.3357,0.4745343396317985,0.5000846611686759,0.2045,0.2582,0.156,0.172
FCF1,ENSG00000119616,0.1386,0.474744629169508,0.5002364955893491,0.1515,0.1376,0.119,0.094
ABHD17C,ENSG00000136379,0.114,0.4757492970611732,0.5012252041970664,0.2483,0.2294,0.181,0.155
ATAD3A,ENSG00000197785,0.3407,0.4759259130910165,0.5013413655051073,0.1379,0.1089,0.102,0.081
NR4A2,ENSG00000153234,-0.4388,0.47654095295199184,0.5019192666321342,0.1777,0.2409,0.14,0.153
CREBL2,ENSG00000111269,-0.3392,0.477428599679278,0.5027840912429531,0.196,0.248,0.159,0.172
COG2,ENSG00000135775,0.252,0.47875665248534927,0.5041124055089636,0.1461,0.1227,0.111,0.088
DNAJA3,ENSG00000103423,0.192,0.47885889390051073,0.5041497970203955,0.1788,0.1565,0.135,0.112
TKFC,ENSG00000149476,0.2972,0.47987855135967583,0.5051529128497075,0.135,0.1099,0.102,0.081
SERBP1,ENSG00000142864,0.1714,0.4804690607180935,0.5056695533727118,1.1106,0.9862,0.706,0.568
ORC3,ENSG00000135336,0.1472,0.4805032063087621,0.5056695533727118,0.1308,0.1181,0.105,0.082
JUND,ENSG00000130522,0.1901,0.481066799417895,0.5061921545406959,1.4787,1.2962,0.868,0.656
FBXO9,ENSG00000112146,-0.1663,0.4812684139816398,0.5063337790880502,0.4226,0.4743,0.305,0.304
ZNF710,ENSG00000140548,0.1041,0.48208901491979017,0.5071264978723218,0.1372,0.1277,0.105,0.082
CSNK1G1,ENSG00000169118,0.1605,0.48311241038406105,0.5080615618668682,0.1427,0.1276,0.108,0.085
RICTOR,ENSG00000164327,-0.272,0.4830507679389918,0.5080615618668682,0.2667,0.3221,0.194,0.207
SPRY2,ENSG00000136158,-0.2415,0.48357486484746615,0.5084771195438562,0.2087,0.2467,0.151,0.171
CTNNBIP1,ENSG00000178585,-0.1067,0.4840992701887612,0.5089576936092528,0.5344,0.5754,0.383,0.362
MAP3K4,ENSG00000085511,0.2126,0.4867878128189159,0.5117130827670668,0.1772,0.1529,0.124,0.103
ACAD9,ENSG00000177646,0.1322,0.48835037429084627,0.5132842345252286,0.1579,0.1441,0.127,0.103
RBM12,ENSG00000244462,0.2291,0.4895602851795877,0.5144345361257452,0.1686,0.1438,0.124,0.103
P4HA1,ENSG00000122884,-0.2167,0.4895809814353551,0.5144345361257452,0.2939,0.3416,0.21,0.224
CWC25,ENSG00000273559,-0.2268,0.48967412041437997,0.514460851026372,0.2863,0.3351,0.213,0.224
LONRF1,ENSG00000154359,0.2506,0.49112763148568483,0.5159161924185691,0.1397,0.1174,0.102,0.081
DCUN1D3,ENSG00000188215,0.1558,0.4923066376303429,0.5170828093003254,0.152,0.1364,0.119,0.096
ARID2,ENSG00000189079,0.1092,0.49238967467261163,0.5170981362457021,0.176,0.1631,0.127,0.104
SPCS2,ENSG00000118363,0.1871,0.4951792210803446,0.5199553878056989,1.1891,1.0444,0.749,0.586
CAMTA2,ENSG00000108509,0.201,0.49565480298032194,0.5203824397604686,0.1348,0.1172,0.105,0.083
APOOL,ENSG00000155008,0.2378,0.4969891193771784,0.5216899653504463,0.1724,0.1462,0.124,0.103
UBN2,ENSG00000157741,-0.4671,0.4970934433936558,0.5216899653504463,0.1065,0.1473,0.081,0.1
NVL,ENSG00000143748,0.1838,0.49710735414399243,0.5216899653504463,0.1451,0.1278,0.108,0.086
C22orf39,ENSG00000242259,-0.1645,0.49900114675326046,0.5236046755167892,0.411,0.4606,0.305,0.302
ARHGAP27,ENSG00000159314,0.1734,0.4991161507591986,0.5236526203285301,0.1581,0.1401,0.119,0.097
MRPL1,ENSG00000169288,-0.281,0.5017895900156337,0.5263843866381718,0.2023,0.2458,0.151,0.167
SEC23IP,ENSG00000107651,0.1231,0.5022440580174936,0.5267879853286358,0.238,0.2185,0.173,0.15
ITFG2,ENSG00000111203,0.1087,0.5026357742063239,0.5271256627052716,0.1594,0.1479,0.124,0.101
ZNF787,ENSG00000142409,0.1964,0.5030241522320944,0.5274597460254647,0.1719,0.15,0.127,0.105
CD81,ENSG00000110651,0.1302,0.5032341523022692,0.5276067194898201,1.2511,1.1431,0.768,0.621
LARP4B,ENSG00000107929,-0.2397,0.5040080518179948,0.52834478028097,0.3707,0.4377,0.275,0.273
BCAP29,ENSG00000075790,-0.108,0.5066250310687308,0.5310144436354414,0.5467,0.5892,0.394,0.372
SLC25A33,ENSG00000171612,-0.2633,0.5069166372954625,0.5311874319512683,0.1756,0.2107,0.132,0.151
ASB3,ENSG00000115239,-0.5435,0.506930692835029,0.5311874319512683,0.1183,0.1725,0.089,0.106
ENSG00000268205,ENSG00000268205,0.2177,0.507953782483746,0.5321856644937875,0.1415,0.1217,0.108,0.087
TAF2,ENSG00000064313,0.1634,0.5086364436818276,0.5328270011115096,0.1415,0.1263,0.108,0.086
KDM7A,ENSG00000006459,0.1386,0.5090342977775308,0.5330959411850908,0.1592,0.1446,0.119,0.097
SLIRP,ENSG00000119705,0.1482,0.5090272546950674,0.5330959411850908,1.0167,0.9174,0.666,0.532
DOK4,ENSG00000125170,-0.2668,0.5096542889144325,0.533671261642209,0.2346,0.2822,0.181,0.192
C8orf33,ENSG00000182307,0.1039,0.510754334795246,0.5347118647138155,0.2418,0.225,0.181,0.157
PITPNA-AS1,ENSG00000236618,0.1375,0.5107896131885648,0.5347118647138155,0.1676,0.1523,0.127,0.104
PGS1,ENSG00000087157,-0.2648,0.5116366765102599,0.5355243960979514,0.242,0.2908,0.181,0.194
HMGCL,ENSG00000117305,-0.3047,0.512763698778417,0.5366296916845741,0.2062,0.2547,0.167,0.177
SMIM7,ENSG00000214046,-0.1104,0.5134178932419963,0.5372399146043326,0.5257,0.5675,0.385,0.363
FDX2,ENSG00000267673,0.2155,0.5169970886396391,0.540910262383669,0.1353,0.1165,0.105,0.084
SH3PXD2A,ENSG00000107957,-0.313,0.5172420786863741,0.5410575962096246,0.1975,0.2454,0.146,0.161
MIB2,ENSG00000197530,-0.3424,0.5172811406250322,0.5410575962096246,0.1267,0.1607,0.092,0.111
PSMG4,ENSG00000180822,-0.2514,0.5181479979583558,0.5418892752734465,0.2782,0.3312,0.21,0.219
IFIT5,ENSG00000152778,0.1328,0.5202649956827707,0.5440279643437139,0.1844,0.1682,0.14,0.119
MARK3,ENSG00000075413,-0.1583,0.5213732988999846,0.5451114410724306,0.4866,0.543,0.342,0.336
PTDSS2,ENSG00000174915,0.1898,0.5220188831525261,0.5457108983281216,0.131,0.1148,0.102,0.082
MOAP1,ENSG00000165943,-0.3129,0.522468537918106,0.5461053962328847,0.1912,0.2375,0.156,0.168
KLHL2,ENSG00000109466,-0.3552,0.5230541007996865,0.546566214597736,0.1895,0.2424,0.146,0.159
ARHGEF2,ENSG00000116584,-0.2456,0.5230183861028814,0.546566214597736,0.2818,0.3341,0.205,0.215
CAMSAP2,ENSG00000118200,0.1332,0.5236793106004396,0.5471438516922031,0.2094,0.1909,0.148,0.128
WWC1,ENSG00000113645,-0.2242,0.5239866969647502,0.5473893107810686,0.3318,0.3876,0.24,0.247
COQ6,ENSG00000119723,0.1754,0.5244872911523499,0.5478365110819858,0.1314,0.1164,0.105,0.084
NRBP2,ENSG00000185189,0.243,0.5274099077857518,0.5508130845066844,0.1568,0.1325,0.113,0.094
CMTM4,ENSG00000183723,0.1254,0.5284398089499569,0.5518124058903835,0.1827,0.1675,0.135,0.114
SYS1,ENSG00000204070,-0.2238,0.5302832605759338,0.5536608670054145,0.244,0.285,0.186,0.198
CEP63,ENSG00000182923,-0.3784,0.5314852335421387,0.5548391515007404,0.1404,0.1825,0.111,0.126
BCKDHB,ENSG00000083123,-0.3807,0.5325660261755706,0.5558906227903337,0.1425,0.1855,0.111,0.126
MRM2,ENSG00000122687,0.108,0.5376823384964511,0.5611534835392579,0.1905,0.1768,0.148,0.127
HACD1,ENSG00000165996,-0.1232,0.5385012034361802,0.5619304685028096,0.4778,0.5204,0.342,0.332
VMA21,ENSG00000160131,-0.1899,0.5389725151613987,0.5623446142859228,0.2363,0.2696,0.173,0.189
TPMT,ENSG00000137364,0.1242,0.5394730568095073,0.5627891389389433,0.1881,0.1726,0.146,0.125
H6PD,ENSG00000049239,-0.2384,0.5396181848528118,0.5628628174186101,0.1589,0.1875,0.113,0.132
EIF5,ENSG00000100664,0.1258,0.5410996066001814,0.5643301391309181,0.9262,0.8489,0.609,0.498
PRKAR2A,ENSG00000114302,-0.1695,0.5414084916625979,0.5645743484487131,0.3743,0.421,0.275,0.277
ALDH5A1,ENSG00000112294,-0.4041,0.5420883485672834,0.5652052820074284,0.1142,0.1512,0.089,0.106
ACTR3C,ENSG00000106526,-0.4011,0.5424629969878579,0.5655178614934824,0.1391,0.1838,0.102,0.118
TMEM218,ENSG00000150433,0.1441,0.5448667159618362,0.5679453696318533,0.1583,0.1432,0.124,0.104
OGDH,ENSG00000105953,-0.2037,0.546008507790655,0.5690570114992962,0.3156,0.3635,0.235,0.24
CCDC117,ENSG00000159873,0.1544,0.5478312580094208,0.5708779523118861,0.1298,0.1167,0.102,0.083
MTMR10,ENSG00000166912,0.1737,0.5483980546204265,0.5713897810863773,0.1356,0.1202,0.102,0.083
ACADM,ENSG00000117054,-0.1892,0.5492213389257754,0.5721686728604845,0.3139,0.3579,0.237,0.242
TPST1,ENSG00000169902,-0.3754,0.5497522227657026,0.572642774437458,0.1925,0.2498,0.148,0.16
TSPAN12,ENSG00000106025,-0.1784,0.5499573214432856,0.5727774418946819,0.2594,0.2935,0.186,0.201
ABHD3,ENSG00000158201,0.2092,0.5514087370278851,0.5742099253267638,0.1353,0.117,0.102,0.084
RRN3,ENSG00000085721,0.1724,0.5540083754847247,0.5768375519276592,0.1359,0.1206,0.105,0.086
ACSL3,ENSG00000123983,-0.1315,0.5571594314355934,0.5800385151572149,0.471,0.5159,0.337,0.328
TTC39B,ENSG00000155158,-0.3439,0.5597722570554259,0.5826783414237727,0.1499,0.1902,0.113,0.128
CYB5D2,ENSG00000167740,0.1568,0.56003090973076,0.5827985235313952,0.1432,0.1284,0.108,0.089
HINT3,ENSG00000111911,-0.2087,0.5600419961400303,0.5827985235313952,0.1981,0.2289,0.146,0.162
PCMTD2,ENSG00000203880,0.2186,0.5601861291412912,0.582868228296716,0.1392,0.1196,0.102,0.084
TMEM70,ENSG00000175606,0.1207,0.5610697981887993,0.5837072879807738,0.2131,0.196,0.162,0.142
PSMA7,ENSG00000101182,0.2386,0.5630947892830442,0.5857333241130936,1.4291,1.2112,0.857,0.655
TACO1,ENSG00000136463,0.1206,0.5650119552824652,0.5876466577862093,0.1324,0.1218,0.108,0.088
FAM151B-DT,ENSG00000249042,-0.3388,0.5663933636249456,0.5890023210167191,0.1849,0.2338,0.146,0.156
IL1R1,ENSG00000115594,-0.1608,0.5664713946441686,0.5890023928621929,0.4293,0.4799,0.294,0.296
AASS,ENSG00000008311,-0.377,0.5702751224126398,0.5928758153058337,0.161,0.2091,0.121,0.135
PDHX,ENSG00000110435,-0.3442,0.5704391566568032,0.5929647535143298,0.1635,0.2076,0.132,0.144
NHLRC2,ENSG00000196865,-0.3033,0.5707561046461717,0.5932125974139258,0.1583,0.1953,0.119,0.133
ORC2,ENSG00000115942,0.1001,0.5720583341730533,0.5944842798730974,0.1305,0.1217,0.102,0.083
SLC12A2,ENSG00000064651,-0.2037,0.5745323377195074,0.5969731552016062,0.2805,0.3231,0.199,0.209
PEX7,ENSG00000112357,-0.361,0.5751834438356418,0.5975675080003127,0.1116,0.1434,0.086,0.102
MYC,ENSG00000136997,-0.2025,0.5757824697661598,0.5981075978390399,0.3127,0.3599,0.221,0.225
ZNF672,ENSG00000171161,0.1184,0.5768539619568471,0.5991382571602942,0.1946,0.1793,0.146,0.127
IFT74,ENSG00000096872,0.2003,0.5776338188727499,0.5998657734135567,0.1509,0.1313,0.108,0.091
SPCS1,ENSG00000114902,0.2045,0.5779564046705835,0.600118284398881,1.3371,1.1603,0.814,0.644
CLUH,ENSG00000132361,-0.2645,0.5799613319878956,0.6021173372500414,0.1615,0.1941,0.119,0.134
PET117,ENSG00000232838,0.129,0.5806717216007569,0.6027720330714095,0.1455,0.133,0.113,0.095
METTL23,ENSG00000181038,-0.1865,0.5878697702721691,0.610160202556153,0.2823,0.3212,0.213,0.22
CFAP221,ENSG00000163075,-0.29,0.5907544343103732,0.6130700207712734,0.2604,0.3184,0.197,0.201
RSBN1,ENSG00000081019,-0.1913,0.5924420542819343,0.6147369482351344,0.2717,0.3102,0.199,0.209
MSN,ENSG00000147065,0.1333,0.5934101130172784,0.6156568805061162,0.9796,0.8931,0.647,0.521
SATB1,ENSG00000182568,-0.3303,0.594952907180021,0.6171727603659287,0.1354,0.1703,0.105,0.119
PTPN3,ENSG00000070159,-0.2281,0.5958124967121781,0.6179796008594872,0.2118,0.2481,0.154,0.166
THEM4,ENSG00000159445,-0.253,0.5972057749967439,0.6193396884146054,0.1616,0.1926,0.121,0.135
SEH1L,ENSG00000085415,0.1207,0.5983031657022341,0.6203548807930948,0.1832,0.1685,0.137,0.12
HMG20A,ENSG00000140382,0.1609,0.5983489101706527,0.6203548807930948,0.158,0.1413,0.113,0.096
BSPRY,ENSG00000119411,0.2041,0.5994968527660254,0.621459758870379,0.1832,0.159,0.129,0.115
GFPT1,ENSG00000198380,-0.106,0.5997296137899626,0.6216157541752184,0.5303,0.5707,0.38,0.354
C2orf68,ENSG00000168887,-0.2634,0.6009360465493583,0.6227807725213171,0.1429,0.1716,0.102,0.118
RNF168,ENSG00000163961,0.1188,0.6050215726903818,0.6269288138356651,0.2036,0.1875,0.146,0.128
EPS15,ENSG00000085832,-0.2284,0.6053089449872985,0.6271405758885135,0.2601,0.3047,0.189,0.198
HSPA13,ENSG00000155304,0.1826,0.6058493704011818,0.6276144238833029,0.1534,0.1351,0.113,0.097
RITA1,ENSG00000139405,-0.2786,0.6089504319075411,0.630740404861732,0.118,0.1432,0.089,0.104
FOXK2,ENSG00000141568,-0.347,0.6099305728886422,0.6315824394426661,0.1848,0.235,0.146,0.155
PWWP2A,ENSG00000170234,-0.2952,0.6098767430497314,0.6315824394426661,0.1965,0.2411,0.156,0.164
PDPK1,ENSG00000140992,-0.1755,0.6104459080802436,0.6320294416261806,0.2962,0.3345,0.221,0.226
NMRK1,ENSG00000106733,-0.2066,0.6117504910507272,0.6332933625497731,0.2723,0.3142,0.208,0.212
KDM3B,ENSG00000120733,0.1224,0.6123281337479787,0.6338045006803643,0.1959,0.18,0.137,0.122
RAB2B,ENSG00000129472,0.1668,0.6142784915324164,0.635736164866768,0.1405,0.1252,0.102,0.087
HDDC3,ENSG00000184508,-0.2892,0.6152353964012893,0.6366392850036626,0.1664,0.2033,0.132,0.143
ARMCX1,ENSG00000126947,0.1164,0.6155133302199729,0.6368396617107498,0.1305,0.1204,0.105,0.088
ZC3H6,ENSG00000188177,-0.2362,0.6171511695597732,0.6384468144631092,0.185,0.218,0.135,0.148
SMARCD2,ENSG00000108604,-0.2492,0.6184388285034501,0.6396913128893161,0.1989,0.2364,0.156,0.166
PDE12,ENSG00000174840,0.2045,0.618798654603977,0.6399758843987743,0.1522,0.132,0.111,0.096
NR3C1,ENSG00000113580,-0.1584,0.6191005147165758,0.6402004364472667,0.3957,0.4416,0.286,0.283
SIK3,ENSG00000160584,-0.1221,0.6197431487854594,0.6407772668775347,0.2095,0.228,0.154,0.133
HIP1,ENSG00000127946,-0.2447,0.623259529778175,0.6443248149253027,0.2675,0.317,0.199,0.204
JDP2,ENSG00000140044,-0.2562,0.6233643393484289,0.6443449970963717,0.2345,0.2801,0.17,0.178
CNOT8,ENSG00000155508,-0.1438,0.6237059938489736,0.644609956707113,0.4121,0.4553,0.305,0.294
SNX13,ENSG00000071189,-0.262,0.6246459610550849,0.6454931248490173,0.2231,0.2676,0.17,0.177
NUDT15,ENSG00000136159,0.1197,0.62700244155218,0.6478396397602189,0.1844,0.1697,0.137,0.121
NQO2,ENSG00000124588,0.1092,0.6271191981959026,0.6478716726883692,0.1918,0.1778,0.143,0.127
TMEM126A,ENSG00000171202,-0.1642,0.6285950273207259,0.6493075514640531,0.3085,0.3457,0.232,0.234
SLC41A1,ENSG00000133065,-0.1583,0.6295342563981148,0.6501888321377659,0.1667,0.186,0.116,0.131
ALAS1,ENSG00000023330,-0.2137,0.6305638094677743,0.6511631466004696,0.2835,0.3288,0.218,0.219
CCNG1,ENSG00000113328,-0.1353,0.6311178811877858,0.6516462474202162,0.3538,0.3886,0.256,0.26
FAM118B,ENSG00000197798,-0.1977,0.6319220439738074,0.6523874066988404,0.2343,0.2687,0.173,0.182
MAP3K5,ENSG00000197442,-0.4214,0.6323438180141596,0.6527336446368324,0.144,0.1928,0.111,0.121
C15orf40,ENSG00000169609,-0.1854,0.6333088803716254,0.6536405179245395,0.2651,0.3015,0.194,0.203
NFAT5,ENSG00000102908,-0.1848,0.6334378631416953,0.6536843403955072,0.395,0.449,0.283,0.278
PDE8A,ENSG00000073417,-0.4437,0.6345600918614442,0.6547530038258962,0.1704,0.2318,0.135,0.143
EFNA5,ENSG00000184349,-0.2176,0.6377201249207056,0.6579237394204467,0.1965,0.2285,0.148,0.126
MECP2,ENSG00000169057,-0.2363,0.6386023533596992,0.6587439622655007,0.2268,0.2672,0.173,0.18
MAFB,ENSG00000204103,-0.2703,0.6396617030460108,0.6597466438925067,0.1285,0.155,0.092,0.105
ENDOG,ENSG00000167136,0.1402,0.6434342218385896,0.6635470305747398,0.143,0.1298,0.108,0.093
CHCHD3,ENSG00000106554,-0.1919,0.6445874648697341,0.6646455980743606,0.3666,0.4188,0.286,0.273
NDUFS8,ENSG00000110717,0.1846,0.6455327385554658,0.6655294541193428,1.2633,1.1116,0.782,0.621
PCYT1A,ENSG00000161217,0.1331,0.6502202555819596,0.6702707096359264,0.1546,0.1409,0.116,0.102
EIF3J-DT,ENSG00000179523,-0.3355,0.6522368413151924,0.6722577539067229,0.1122,0.1415,0.089,0.101
NDUFA6,ENSG00000184983,0.1303,0.6536301664394417,0.6736019516368821,1.0129,0.9255,0.666,0.54
CYB5B,ENSG00000103018,-0.1307,0.6543669003714025,0.6742692215365448,0.3834,0.4198,0.283,0.279
CCL20,ENSG00000115009,-0.3574,0.6549850659862395,0.6747221398317479,0.1848,0.2368,0.102,0.112
TOR1AIP2,ENSG00000169905,-0.1022,0.6549176902929206,0.6747221398317479,0.4568,0.4904,0.323,0.318
SLC35F6,ENSG00000213699,0.1451,0.6562062410827963,0.6758879551984358,0.1536,0.1389,0.116,0.102
RNF128,ENSG00000133135,-0.2403,0.657015577637648,0.6766293196636355,0.1869,0.2208,0.143,0.152
AAAS,ENSG00000094914,0.1079,0.6575077240464109,0.6770438674077462,0.1478,0.1372,0.111,0.096
HYCC2,ENSG00000155744,-0.3028,0.6591757740243335,0.6786689796611938,0.1491,0.184,0.116,0.126
TIMM44,ENSG00000104980,-0.1838,0.6598434695407693,0.6792638523478011,0.1943,0.2207,0.143,0.154
LTV1,ENSG00000135521,-0.2171,0.6609887207616212,0.6803501069964644,0.1995,0.232,0.154,0.162
CASP10,ENSG00000003400,0.1268,0.6642418903449907,0.6836054327143992,0.1367,0.1252,0.102,0.089
SLC35E2B,ENSG00000189339,-0.2281,0.6654579815647268,0.6847636952766972,0.1283,0.1503,0.094,0.107
DDX19A,ENSG00000168872,-0.2481,0.668963635900734,0.6882773075350737,0.1272,0.1511,0.094,0.107
SLC31A1,ENSG00000136868,-0.2192,0.6728890959423489,0.6922218300441784,0.1815,0.2113,0.14,0.15
TMEM41A,ENSG00000163900,-0.1024,0.6769881173269219,0.6963438020973308,0.4572,0.4908,0.329,0.315
ACOT13,ENSG00000112304,-0.1426,0.6773294674130008,0.696600071645143,0.407,0.4493,0.31,0.294
DSEL,ENSG00000171451,0.1643,0.679515674738862,0.6987533581941068,0.1491,0.1331,0.105,0.092
BTD,ENSG00000169814,-0.1498,0.6850090977498917,0.704306441684871,0.1711,0.1898,0.132,0.115
LARGE1,ENSG00000133424,-0.1939,0.6863003066031872,0.705466910256633,0.1431,0.1637,0.105,0.089
KIF1C,ENSG00000129250,-0.1053,0.6863245255309401,0.705466910256633,0.4464,0.4802,0.326,0.313
COMMD3,ENSG00000148444,-0.1784,0.6869543306499628,0.7060182244674832,0.2029,0.2296,0.154,0.163
FAM13A,ENSG00000138640,-0.2667,0.6887399575984638,0.7077571245452113,0.3134,0.3771,0.24,0.232
MCTP1,ENSG00000175471,-0.3504,0.6890107813041806,0.707939134061347,0.1587,0.2024,0.119,0.126
CSNK2A2,ENSG00000070770,-0.1542,0.6895606355488066,0.7084077510975298,0.2005,0.2231,0.146,0.156
MTHFD2,ENSG00000065911,-0.2712,0.6919033911603811,0.7107178953387735,0.194,0.2342,0.148,0.152
PSMD8,ENSG00000099341,0.1339,0.6927902817487159,0.7115321613120649,1.0228,0.9322,0.663,0.543
RIOK1,ENSG00000124784,0.117,0.6939531915260091,0.7126296536603233,0.1396,0.1287,0.105,0.093
PYCR1,ENSG00000183010,-0.2092,0.6953155629569561,0.7139316496520526,0.1572,0.1817,0.116,0.126
NCAPH2,ENSG00000025770,-0.1612,0.6988151872870176,0.7174274683997035,0.142,0.1588,0.1,0.112
PPP6R2,ENSG00000100239,-0.1003,0.7006162169119969,0.7191787389633338,0.2577,0.2763,0.199,0.177
FCHSD2,ENSG00000137478,-0.4732,0.7013525630405123,0.7198367903506413,0.1274,0.1769,0.102,0.11
GSTO2,ENSG00000065621,-0.1863,0.701796133411539,0.7201942118886413,0.2219,0.2525,0.167,0.174
MKLN1,ENSG00000128585,-0.24,0.7027120815740188,0.7210362320102828,0.2983,0.3523,0.221,0.22
BORCS8,ENSG00000254901,-0.2516,0.7035266202824989,0.7217739837363225,0.1313,0.1564,0.102,0.112
TAOK2,ENSG00000149930,-0.1287,0.7036732734209294,0.7218264196463167,0.1865,0.2039,0.129,0.14
ZNF33B,ENSG00000196693,-0.1593,0.7044719115347408,0.7225475552056702,0.1961,0.219,0.143,0.152
NPM3,ENSG00000107833,-0.2329,0.7051077952728546,0.7231015872521266,0.1368,0.1608,0.105,0.115
EIF2B5,ENSG00000145191,-0.2521,0.7067596083117882,0.7246971825183984,0.1748,0.2082,0.14,0.146
NNT,ENSG00000112992,-0.2849,0.7077431953574802,0.7256072521272579,0.1515,0.1846,0.119,0.126
SDHAF1,ENSG00000205138,-0.1678,0.7085924926677318,0.72637941412547,0.1562,0.1755,0.116,0.126
LRCH4,ENSG00000077454,0.1167,0.7098099058143905,0.7275286716086989,0.1857,0.1713,0.132,0.121
DMKN,ENSG00000161249,0.1228,0.7103085238531078,0.7279409790708397,1.0449,0.9596,0.674,0.552
PIAS1,ENSG00000033800,-0.2194,0.7109135712402261,0.7284622312111635,0.3215,0.3744,0.245,0.238
ZNF511,ENSG00000198546,-0.156,0.7122796850311353,0.7297630892880699,0.3385,0.3772,0.259,0.252
NDUFB7,ENSG00000099795,0.1178,0.7148016447306302,0.7322476509749032,1.1475,1.0575,0.73,0.601
USP53,ENSG00000145390,-0.1642,0.7151375958333575,0.73249248054786,0.3214,0.3602,0.235,0.233
AKT1,ENSG00000142208,-0.1112,0.7152728112451405,0.7325316644919394,0.3861,0.417,0.28,0.276
ANKHD1,ENSG00000131503,-0.3049,0.718532964775004,0.7357707439516339,0.2,0.2471,0.148,0.154
MRPS9,ENSG00000135972,-0.2412,0.7226122823350312,0.7398476477898307,0.1655,0.1956,0.129,0.137
SELENOK,ENSG00000113811,0.122,0.7265017503784531,0.7437290954077524,0.9809,0.9013,0.65,0.528
MED29,ENSG00000063322,-0.18,0.7313518307175149,0.7485927490950853,0.2457,0.2783,0.189,0.192
RMND5B,ENSG00000145916,-0.2207,0.7318556044145368,0.7490069210717726,0.1373,0.16,0.108,0.116
AREG,ENSG00000109321,0.1181,0.7332477761434852,0.7503300756825181,1.2095,1.1144,0.674,0.545
PIGH,ENSG00000100564,-0.1997,0.7363409497525993,0.7533632179250469,0.1659,0.1906,0.129,0.137
MTMR6,ENSG00000139505,0.1255,0.7364112990571107,0.7533632179250469,0.1726,0.1582,0.121,0.112
LIMD1,ENSG00000144791,-0.2386,0.7389701990667861,0.755878669638447,0.2133,0.2516,0.164,0.167
NADK,ENSG00000008130,-0.1647,0.7393099475287166,0.7560680846800277,0.2053,0.2302,0.154,0.161
USP32,ENSG00000170832,-0.327,0.7393555274144334,0.7560680846800277,0.1511,0.1895,0.113,0.12
ARHGAP35,ENSG00000160007,-0.1742,0.7437146798461189,0.7604228456134021,0.2611,0.2946,0.191,0.195
ELP2,ENSG00000134759,-0.2643,0.7450767913444187,0.761712470718144,0.1589,0.1909,0.127,0.132
SON,ENSG00000159140,0.2,0.746157080744642,0.7627136713605426,1.4021,1.2206,0.849,0.666
ATP2B1,ENSG00000070961,-0.1512,0.7466059631941354,0.7630692710946554,0.3234,0.3592,0.237,0.236
TAF12,ENSG00000120656,-0.1741,0.7467556097928465,0.7631189817374483,0.2519,0.2843,0.191,0.194
SELENOH,ENSG00000211450,0.173,0.7488599838205094,0.765165969402752,1.3053,1.1578,0.795,0.643
KLHL20,ENSG00000076321,-0.2057,0.7498920611009217,0.7661169062363034,0.1573,0.1814,0.116,0.124
LRP11,ENSG00000120256,-0.2555,0.7506206111155476,0.7667575333934508,0.1449,0.173,0.113,0.12
CCNT1,ENSG00000129315,0.1132,0.7507371997767521,0.766772954483353,0.1504,0.139,0.108,0.098
SOCS2,ENSG00000120833,-0.2483,0.7535328607701981,0.7695242988806227,0.2708,0.3217,0.197,0.192
HADH,ENSG00000138796,-0.1106,0.7541499260506616,0.770050370497736,0.4095,0.4421,0.302,0.29
KAT6A,ENSG00000083168,-0.2687,0.7545085631574806,0.7703124587371306,0.1772,0.2135,0.137,0.143
PTGES3,ENSG00000110958,0.1499,0.7603166122928693,0.7761372795396064,1.1323,1.0206,0.717,0.585
TCTA,ENSG00000145022,-0.122,0.7626084940996241,0.7782665369340348,0.1788,0.1946,0.129,0.138
C6orf226,ENSG00000221821,-0.2067,0.7625959416131123,0.7782665369340348,0.148,0.1708,0.113,0.12
LRRC23,ENSG00000010626,-0.1574,0.7657276199094816,0.7813441610502612,0.3174,0.354,0.235,0.23
TAF8,ENSG00000137413,-0.286,0.7662513370144463,0.781772971120073,0.1329,0.1621,0.108,0.114
COA5,ENSG00000183513,-0.1518,0.7669763376839049,0.7824069985419797,0.2899,0.3221,0.218,0.217
METTL16,ENSG00000127804,-0.2471,0.7672990914953868,0.7826305705748139,0.1549,0.1839,0.119,0.125
IL10RB,ENSG00000243646,-0.2112,0.7682256608638791,0.7834698795662266,0.1346,0.1559,0.105,0.113
NCOA2,ENSG00000140396,-0.2426,0.7683598522412359,0.783500969588681,0.2123,0.2512,0.154,0.158
PRDX2,ENSG00000167815,0.1928,0.7720864187009544,0.7871947224407166,1.3534,1.184,0.811,0.646
NECAP1,ENSG00000089818,-0.1547,0.7792436506689,0.7943548852945348,0.136,0.1514,0.1,0.108
FN3K,ENSG00000167363,-0.2391,0.7793194453743338,0.7943548852945348,0.2194,0.259,0.167,0.165
RANBP9,ENSG00000010017,-0.1137,0.7811475735759988,0.7961108752686727,0.1942,0.2102,0.146,0.133
UMAD1,ENSG00000219545,-0.3149,0.7813540513620606,0.7962139004640366,0.1603,0.1995,0.124,0.128
POLD3,ENSG00000077514,-0.2751,0.783702236122927,0.7984990416599749,0.1204,0.1457,0.094,0.1
MXI1,ENSG00000119950,0.1301,0.783887814356166,0.7985804257633271,0.1754,0.1603,0.121,0.114
STAG1,ENSG00000118007,-0.3131,0.7841915143388911,0.7987821074329678,0.1727,0.2146,0.127,0.131
MTERF4,ENSG00000122085,-0.2441,0.7853053618378419,0.7998088445247905,0.1809,0.2143,0.143,0.146
BET1L,ENSG00000177951,-0.1662,0.7922175638954795,0.8067399508330432,0.2002,0.2247,0.154,0.157
MTRF1L,ENSG00000112031,-0.1249,0.7936307638986323,0.8080701376353325,0.1411,0.1539,0.1,0.108
CYSTM1,ENSG00000120306,0.123,0.7942910539118258,0.8086334607605233,1.2335,1.1327,0.755,0.631
NFX1,ENSG00000086102,-0.1591,0.7947397966638775,0.8089812939632975,0.2426,0.2709,0.175,0.179
STAM2,ENSG00000115145,-0.2126,0.795671366182859,0.8098204461149805,0.1651,0.1913,0.127,0.132
PNRC1,ENSG00000146278,0.2072,0.7965693361079852,0.8106251797273475,1.3358,1.1571,0.806,0.619
ANKRD44,ENSG00000065413,-0.301,0.7968023440625448,0.8107530921740776,0.1549,0.1908,0.113,0.118
SLC22A23,ENSG00000137266,-0.1359,0.7990910173591079,0.812972345293302,0.1705,0.1874,0.119,0.108
WDR33,ENSG00000136709,-0.1003,0.7993284604261486,0.8131044188123808,0.4755,0.5097,0.35,0.325
PI4K2B,ENSG00000038210,-0.2025,0.79968890052989,0.8133615567451963,0.1424,0.1639,0.111,0.116
SLC7A6,ENSG00000103064,-0.1912,0.8026163988671615,0.8162292224312028,0.1705,0.1947,0.127,0.132
SLC2A4RG,ENSG00000125520,-0.1057,0.8047565000387932,0.8182954721121241,0.216,0.2325,0.156,0.162
GMPPB,ENSG00000173540,-0.1659,0.8060225670142679,0.8194725466011027,0.2398,0.2691,0.183,0.183
RAD54L2,ENSG00000164080,-0.1591,0.8063200391854858,0.819664679231209,0.1439,0.1607,0.102,0.109
FBXO11,ENSG00000138081,-0.135,0.8073826682726208,0.820634475823981,0.2533,0.2782,0.191,0.175
KCNQ1,ENSG00000053918,-0.1746,0.808075694044282,0.8212283923196867,0.1975,0.2229,0.146,0.15
HNRNPUL2,ENSG00000214753,-0.1203,0.8087858827983816,0.8218395890439506,0.1933,0.2101,0.143,0.148
SLC30A5,ENSG00000145740,-0.1386,0.8092962953830862,0.8222476481467478,0.2542,0.2799,0.191,0.191
MTMR12,ENSG00000150712,-0.1962,0.8160327412764337,0.8289804168809273,0.1834,0.2102,0.137,0.141
NAF1,ENSG00000145414,-0.2208,0.8166124969230077,0.8294578400448136,0.1356,0.158,0.108,0.112
TTC28,ENSG00000100154,-0.3275,0.8173970319136007,0.8301431074213272,0.1651,0.2071,0.116,0.119
TBC1D20,ENSG00000125875,-0.1534,0.8176315752095153,0.8302696976757914,0.1825,0.203,0.14,0.144
TNRC18,ENSG00000182095,-0.2418,0.8200333810962911,0.832596720089031,0.2244,0.2653,0.173,0.171
KIF16B,ENSG00000089177,-0.1167,0.8208656626303579,0.8333297609745167,0.1529,0.1657,0.119,0.109
SRSF8,ENSG00000263465,-0.1385,0.8235089552120205,0.8359008674763959,0.3035,0.3341,0.235,0.227
CDK5RAP2,ENSG00000136861,-0.182,0.8236285701545936,0.8359099741426591,0.1648,0.187,0.121,0.126
ZNF655,ENSG00000197343,-0.1097,0.8246027298283827,0.8367862490065052,0.3212,0.3466,0.232,0.232
ARHGAP24,ENSG00000138639,-0.1458,0.8250300781814577,0.836995063872823,0.231,0.2556,0.17,0.157
MIF4GD,ENSG00000125457,-0.2012,0.8249360570898464,0.836995063872823,0.1514,0.1741,0.121,0.125
ZCCHC9,ENSG00000131732,-0.2338,0.8272231880122414,0.839107302018325,0.155,0.1823,0.124,0.127
TRIR,ENSG00000123144,0.1703,0.8310525919478081,0.8428785517741563,1.2465,1.1076,0.774,0.623
CMSS1,ENSG00000184220,-0.2456,0.8315920280557333,0.8433124526122235,0.1752,0.2077,0.137,0.139
TJP3,ENSG00000105289,-0.1513,0.832594048286353,0.8441019907143581,0.1722,0.1913,0.127,0.131
CRIM1,ENSG00000150938,-0.2475,0.8324955470358326,0.8441019907143581,0.2135,0.2535,0.162,0.161
PPP1R13B,ENSG00000088808,-0.1975,0.8336605993407239,0.8450698816609645,0.2507,0.2875,0.183,0.183
FBXL3,ENSG00000005812,-0.1384,0.8339733411063248,0.845273489677795,0.1818,0.2001,0.137,0.141
ARPC1B,ENSG00000130429,0.157,0.8344317908744865,0.8456247055743455,1.2122,1.0872,0.744,0.605
LSM10,ENSG00000181817,-0.1172,0.8365533866946421,0.8476610563945843,0.2829,0.3069,0.213,0.212
FMNL2,ENSG00000157827,-0.228,0.8385560638255551,0.849576379536284,0.2146,0.2514,0.167,0.152
MBD5,ENSG00000204406,-0.2497,0.8419677317520609,0.8529185054152346,0.1648,0.196,0.121,0.111
KLF6,ENSG00000067082,0.1805,0.843565158492178,0.8544221440418829,1.3993,1.2347,0.795,0.608
LRRCC1,ENSG00000133739,-0.1658,0.8458550650567842,0.8566266778155502,0.1263,0.1417,0.097,0.102
KRCC1,ENSG00000172086,-0.131,0.8477550009001424,0.85843573673778,0.2716,0.2974,0.205,0.202
SNHG18,ENSG00000250786,-0.1162,0.8483182745860939,0.8588909896137684,0.3634,0.3939,0.261,0.25
IFT80,ENSG00000068885,-0.1248,0.8486536957325569,0.8591154590994864,0.165,0.1799,0.127,0.117
AURKAIP1,ENSG00000175756,0.1533,0.8489891442850372,0.8593398961781158,1.1398,1.0249,0.733,0.588
MED28,ENSG00000118579,-0.1054,0.8509120481415445,0.8611708672082209,0.3584,0.3855,0.27,0.261
NFIL3,ENSG00000165030,-0.1221,0.8528100104311239,0.8629761088678196,0.1656,0.1803,0.119,0.123
LPIN1,ENSG00000134324,-0.119,0.8544633526401171,0.8645333640278672,0.2572,0.2793,0.186,0.187
CNKSR3,ENSG00000153721,-0.1306,0.8580563978202579,0.8680525020798137,0.1772,0.194,0.129,0.12
RASSF8,ENSG00000123094,-0.1605,0.8587891565675512,0.8686774772885056,0.179,0.2001,0.127,0.131
INO80,ENSG00000128908,-0.1577,0.8675051941162701,0.8773764044910871,0.2142,0.2389,0.151,0.153
THAP5,ENSG00000177683,-0.1667,0.8691769228442819,0.8789494916461719,0.13,0.146,0.102,0.106
DUSP22,ENSG00000112679,-0.1208,0.8702355552565901,0.879902251065784,0.2422,0.2633,0.183,0.183
RRP9,ENSG00000114767,-0.1622,0.8709011005087368,0.8804573550573407,0.1614,0.1806,0.127,0.129
THRA,ENSG00000126351,-0.1441,0.8712209405194671,0.8806628586599643,0.1654,0.1828,0.127,0.129
ZCCHC7,ENSG00000147905,-0.1894,0.8720465707257771,0.8813795106131432,0.1929,0.22,0.151,0.139
FEM1C,ENSG00000145780,-0.1658,0.8726042742494224,0.8818252129419992,0.2399,0.2691,0.186,0.182
NUBP1,ENSG00000103274,-0.1525,0.8799250296966862,0.8891044000746909,0.23,0.2557,0.181,0.177
STX5,ENSG00000162236,-0.1341,0.8864410153864095,0.8955685840123461,0.2426,0.2662,0.189,0.186
BTBD9,ENSG00000183826,-0.3019,0.8874641793691587,0.8964824007399377,0.2784,0.3433,0.199,0.183
ATP5F1B,ENSG00000110955,0.1616,0.8893115508107263,0.8982284447025451,1.1175,0.9991,0.714,0.573
LYSMD3,ENSG00000176018,-0.101,0.8901877452142454,0.8989932382159636,0.1722,0.1847,0.127,0.13
FHIT,ENSG00000189283,-0.2983,0.8930167677135648,0.9017297086442103,0.2413,0.2968,0.186,0.169
KAT6B,ENSG00000156650,-0.1237,0.8951958713156565,0.9038092753962026,0.2091,0.2278,0.159,0.149
MORF4L1,ENSG00000185787,0.205,0.8960989995652859,0.9046002060015681,1.4241,1.2355,0.86,0.674
MAPK10,ENSG00000109339,-0.3757,0.8983660945790671,0.9066465194422725,0.2021,0.2623,0.148,0.144
VPS39,ENSG00000166887,-0.1986,0.8982879049700881,0.9066465194422725,0.1739,0.1996,0.132,0.132
ADPGK,ENSG00000159322,-0.1083,0.899756296064307,0.9079282512041992,0.2549,0.2747,0.191,0.189
NPRL2,ENSG00000114388,-0.1487,0.9001821069954561,0.9082366210404208,0.1248,0.1383,0.105,0.098
SESTD1,ENSG00000187231,-0.1212,0.9005210382763171,0.9084572632097178,0.3867,0.4206,0.275,0.264
FNIP1,ENSG00000217128,-0.1482,0.9014119055337043,0.9092345722706456,0.2625,0.291,0.194,0.191
SRRM1,ENSG00000133226,0.1169,0.9022942037813848,0.9100030315803447,1.0419,0.9608,0.682,0.557
EIF2B3,ENSG00000070785,-0.1799,0.9032679142889072,0.9108634666914968,0.1466,0.1661,0.121,0.113
TMEM53,ENSG00000126106,-0.1087,0.905063573431986,0.9125524218975916,0.2601,0.2805,0.194,0.192
HNRNPC,ENSG00000092199,0.1106,0.9055027798104839,0.912873432274914,1.0387,0.9621,0.671,0.549
NDUFA2,ENSG00000131495,0.1209,0.9088434236984195,0.9161190214865322,1.1066,1.0177,0.709,0.584
CETN3,ENSG00000153140,-0.1914,0.9156514295319783,0.9228583978273874,0.1999,0.2282,0.159,0.155
PTER,ENSG00000165983,-0.1238,0.9165660304457223,0.9236569774599749,0.1511,0.1647,0.113,0.115
DIS3,ENSG00000083520,-0.124,0.9182038767274128,0.9251840875801018,0.2121,0.2311,0.17,0.159
ACYP2,ENSG00000170634,-0.1015,0.9184739806524526,0.9253328342218001,0.364,0.3905,0.272,0.248
GGTLC1,ENSG00000149435,-0.1569,0.9231587032047167,0.9299285336948846,0.1952,0.2177,0.14,0.138
UBR3,ENSG00000144357,-0.1476,0.9235902700435343,0.9302392334593924,0.202,0.2238,0.143,0.143
ECSIT,ENSG00000130159,-0.1163,0.9258574521779496,0.9323984339115448,0.2471,0.2679,0.189,0.184
PARP9,ENSG00000138496,-0.1284,0.9263022399031778,0.9327220341821283,0.2814,0.3076,0.213,0.205
TLE4,ENSG00000106829,-0.1078,0.9268866038614255,0.9331860730507822,0.2557,0.2756,0.189,0.178
OGT,ENSG00000147162,-0.1272,0.9274928141170956,0.933671980100554,0.3638,0.3973,0.264,0.252
MRPL16,ENSG00000166902,-0.1083,0.9317679889033321,0.9378506736163967,0.3255,0.3509,0.259,0.235
UBR2,ENSG00000024048,-0.1124,0.9324312567559488,0.9383932522700404,0.1955,0.2114,0.146,0.139
EID1,ENSG00000255302,0.1623,0.9330683871666215,0.9388238646327818,1.1519,1.0293,0.739,0.587
NOTCH1,ENSG00000148400,-0.1029,0.9331076637362751,0.9388238646327818,0.1828,0.1963,0.135,0.135
USP38,ENSG00000170185,-0.1335,0.9341420050580824,0.939739393903304,0.1624,0.1782,0.124,0.124
KANK2,ENSG00000197256,-0.1261,0.937848204052984,0.9433421890054978,0.1553,0.1695,0.119,0.119
SGMS1,ENSG00000198964,-0.132,0.9380403177272646,0.9434098243383232,0.3157,0.346,0.24,0.223
AP1S2,ENSG00000182287,-0.1176,0.939490018217535,0.9447420587825738,0.2126,0.2307,0.162,0.154
DCAF10,ENSG00000122741,-0.1344,0.9406516701790828,0.9457843183661127,0.1941,0.2131,0.148,0.147
WDFY2,ENSG00000139668,-0.1463,0.9420755208642886,0.9470898948941716,0.1361,0.1507,0.1,0.101
SPRED2,ENSG00000198369,-0.193,0.9433466606717383,0.9482416207257828,0.1899,0.2171,0.146,0.138
GSTZ1,ENSG00000100577,-0.1108,0.9456228397330474,0.9504031600616167,0.1867,0.2016,0.148,0.142
ATF7,ENSG00000170653,-0.1028,0.9457713968024867,0.9504260312374018,0.3164,0.3398,0.232,0.224
ZNG1A,ENSG00000172785,-0.1375,0.9464268180796553,0.9509581873376508,0.1836,0.202,0.14,0.139
GALK2,ENSG00000156958,-0.1555,0.9490838257427991,0.9535011041870808,0.1475,0.1643,0.116,0.111
COPE,ENSG00000105669,0.1433,0.9520823779242027,0.9563864333489365,1.1179,1.0122,0.709,0.576
LAMTOR1,ENSG00000149357,0.1144,0.9529698366041077,0.9571506401946336,1.0414,0.962,0.674,0.561
LRMDA,ENSG00000148655,-0.3018,0.9537349340404729,0.9577917621528343,0.3669,0.4523,0.28,0.25
ISCU,ENSG00000136003,0.1258,0.9539098194667417,0.9578400699190901,1.1293,1.035,0.717,0.59
FBXO33,ENSG00000165355,-0.159,0.9549285709201601,0.9586082053284362,0.1396,0.1559,0.113,0.108
RAB28,ENSG00000157869,-0.1697,0.954889218627677,0.9586082053284362,0.1457,0.1639,0.111,0.11
SPINT2,ENSG00000167642,0.2306,0.9561835289021611,0.9597404757347983,1.7955,1.5303,0.962,0.772
MLLT10,ENSG00000078403,-0.1332,0.9566120761743032,0.9600430706026648,0.2878,0.3157,0.213,0.202
UBE2W,ENSG00000104343,-0.1884,0.9576966188944359,0.9610038458955323,0.1715,0.1954,0.135,0.131
U2AF1,ENSG00000160201,-0.1017,0.9600627653750858,0.9632502247554812,0.2179,0.2339,0.162,0.159
PSMB1,ENSG00000008018,0.1568,0.9621930360981329,0.9651312251356072,1.2087,1.0842,0.757,0.61
OSTM1,ENSG00000081087,-0.1009,0.9621317924414774,0.9651312251356072,0.1608,0.1725,0.124,0.123
RBM10,ENSG00000182872,-0.1488,0.9639998227865788,0.9668151680807916,0.1314,0.1457,0.102,0.102
SPIDR,ENSG00000164808,-0.2462,0.966060572183278,0.9687533345957878,0.2729,0.3237,0.197,0.187
SENP5,ENSG00000119231,-0.2066,0.9671457296629383,0.9697128052559388,0.1367,0.1578,0.105,0.104
NDUFC1,ENSG00000109390,0.1615,0.969298720218021,0.9717425466092288,1.3533,1.21,0.814,0.664
LDLRAP1,ENSG00000157978,-0.1464,0.972257256020635,0.9745792184205782,0.1257,0.1392,0.102,0.099
ATXN1,ENSG00000124788,-0.2537,0.9729575585730093,0.9748931505330352,0.2641,0.3149,0.202,0.188
STK3,ENSG00000104375,-0.2044,0.9729488046613041,0.9748931505330352,0.2629,0.303,0.197,0.188
XPNPEP3,ENSG00000196236,-0.1414,0.9727299579304891,0.9748931505330352,0.1417,0.1563,0.111,0.109
SGF29,ENSG00000176476,-0.1592,0.9742094009739584,0.9760180379735122,0.1902,0.2124,0.148,0.144
FBXL17,ENSG00000145743,-0.3281,0.9755401002456576,0.9772216199093005,0.1341,0.1684,0.105,0.102
TRMT11,ENSG00000066651,-0.1621,0.9773524113157576,0.9789072607040367,0.2055,0.23,0.154,0.15
IQGAP1,ENSG00000140575,0.108,0.981695411776964,0.9831268340369781,1.1055,1.0258,0.709,0.582
NSDHL,ENSG00000147383,-0.1371,0.9819843820757912,0.9832858855642945,0.174,0.1913,0.137,0.134
METTL15,ENSG00000169519,-0.1582,0.9823302738717029,0.9835018843229149,0.1645,0.1836,0.119,0.115
FAF1,ENSG00000185104,-0.1873,0.9901464378331563,0.9911960166727832,0.2473,0.2816,0.181,0.173
ACAD8,ENSG00000151498,-0.1252,0.9918587022932746,0.9927785500563976,0.1596,0.174,0.124,0.121
MEF2C,ENSG00000081189,-0.1031,0.9920338722602416,0.9928223479833257,0.379,0.407,0.275,0.257
GLCE,ENSG00000138604,-0.1167,0.993895075200516,0.9945532838595892,0.1624,0.1761,0.121,0.119
NDUFA1,ENSG00000125356,0.1848,0.9942454233051006,0.99477210608794,1.396,1.2281,0.841,0.669
FAM110A,ENSG00000125898,-0.1087,0.9952833358180555,0.995678707905907,0.1531,0.1651,0.119,0.116
LIN7C,ENSG00000148943,-0.1174,0.9956293085161283,0.995892946622448,0.1375,0.1492,0.111,0.108
PRR13,ENSG00000205352,0.1132,0.9986773999749883,0.9988096050848605,1.0923,1.0099,0.698,0.579
TIMM13,ENSG00000099800,0.1042,0.9999518258048711,0.9999518258048711,1.0031,0.9332,0.658,0.541
