Name,Term,ES,NES,NOM p-val,FDR q-val,FWER p-val,Tag %,Gene %,Lead_genes,population,gene_set_db
prerank,HALLMARK_BILE_ACID_METABOLISM,-0.7587228418248353,-1.4860475231532206,0.012526096033402923,0.21490049637961656,0.214,14/38,9.85%,HSD17B6;PRDX5;ABCA3;IDI1;CAT;FADS1;HSD17B4;DHCR24;SCP2;ACSL1;ALDH9A1;HSD17B11;ALDH1A1;PHYH,KRT8+ DATP,Hallmark
prerank,HALLMARK_PEROXISOME,-0.7396922537062556,-1.4614830002677415,0.012320328542094456,0.1518511771938613,0.288,18/47,10.45%,PRDX5;FDPS;IDI1;CAT;FADS1;HSD17B4;SLC25A4;DHCR24;SCP2;ACSL1;ALDH9A1;HSD17B11;SOD2;ALDH1A1;RDH11;ACSL4;ECH1;CADM1,KRT8+ DATP,Hallmark
prerank,HALLMARK_CHOLESTEROL_HOMEOSTASIS,-0.7197093174822895,-1.4322800771486905,0.024691358024691357,0.15037114622705952,0.39,20/52,11.00%,FABP5;FASN;SCD;LPL;TMEM97;FDPS;IDI1;EBP;ACAT2;LGMN;SQLE;HMGCS1;HMGCR;PMVK;DHCR7;TM7SF2;CD9;ECH1;MVD;PCYT2,KRT8+ DATP,Hallmark
prerank,HALLMARK_ALLOGRAFT_REJECTION,-0.7256066305061167,-1.4226860625897748,0.01642710472279261,0.12787467553167267,0.428,12/49,9.03%,C2;RPS3A;HLA-DRA;RPL9;RPS9;RPL39;CD74;B2M;RPS19;HLA-DMA;CTSS;CCND3,KRT8+ DATP,Hallmark
prerank,HALLMARK_INTERFERON_ALPHA_RESPONSE,-0.7058423098773645,-1.376237295420078,0.03319502074688797,0.19074639100141175,0.626,5/37,6.70%,LAMP3;TXNIP;CD74;B2M;PSMA3,KRT8+ DATP,Hallmark
prerank,HALLMARK_KRAS_SIGNALING_UP,-0.6922172258339981,-1.3742291263505417,0.016260162601626018,0.16221139396147366,0.64,15/54,13.49%,SLPI;CA2;PIGR;TFPI;ETV1;RGS16;MALL;ETV5;CTSS;GADD45G;SDCCAG8;GUCY1A1;BMP2;TRIB1;ID2,KRT8+ DATP,Hallmark
prerank,HALLMARK_KRAS_SIGNALING_DN,-0.7040805642020714,-1.3638882174136684,0.08459869848156182,0.1562912700942666,0.686,4/23,7.88%,SELENOP;FGGY;BTG2;GPRC5C,KRT8+ DATP,Hallmark
prerank,HALLMARK_UV_RESPONSE_UP,-0.6667651100804903,-1.3247698846867866,0.034274193548387094,0.2184525706999408,0.826,27/75,13.94%,CA2;FOS;NFKBIA;JUNB;EPHX1;BTG1;CXCL2;BTG2;SLC25A4;CREG1;TST;ALDOA;AP2S1;TMBIM6;SULT1A1;SOD2;MAOA;AMD1;NUP58;CCND3;FOSB;BMP2;EPCAM;MRPL23;NR4A1;ACAA1;IL6ST,KRT8+ DATP,Hallmark
prerank,HALLMARK_COMPLEMENT,-0.6624508771071499,-1.3178780451279801,0.046747967479674794,0.2074016728144876,0.85,20/74,14.13%,CTSH;C2;CA2;APOC1;CD36;LGMN;CD59;SERPINA1;SERPING1;F3;CTSS;CTSC;S100A9;CPM;ANG;LAMP2;USP8;CEBPB;FDX1;C3,KRT8+ DATP,Hallmark
prerank,HALLMARK_OXIDATIVE_PHOSPHORYLATION,-0.6383856326134832,-1.3037916512922525,0.006072874493927126,0.2163213261077463,0.89,87/174,22.56%,CYB5A;LDHB;NDUFA4;ATP6V0E1;ATP5PO;NDUFC2;COX7A2;MGST3;COX7C;SLC25A5;ATP5F1E;SLC25A4;UQCR10;ACAT1;UQCRB;MTRR;COX6C;NDUFB1;ATP5F1A;NDUFB8;MPC1;SLC25A6;ATP5MG;NDUFB5;COX4I1;ALDH6A1;UQCR11;POR;ECHS1;MRPS15;SURF1;ATP5F1B;ECH1;GPX4;COX6A1;PHYH;SUCLG1;UQCRQ;HSD17B10;ATP5PB;RHOT1;NDUFA2;ACAA2;COX7B;SLC25A3;OAT;COX17;SDHB;COX5B;COX7A2L;ATP5MC2;ACAA1;FDX1;ATP6V0B;UQCRC2;UQCRFS1;BDH2;NDUFS7;MDH1;LDHA;NDUFV2;IDH3B;ATP6V1G1;SLC25A11;NDUFS4;CYCS;ETFB;TIMM13;ECI1;SDHD;ISCU;NDUFB3;ATP5PD;NDUFS8;NDUFC1;NDUFA5;NDUFB6;TOMM22;MRPL11;NDUFA8;VDAC3;NDUFA6;NDUFB7;FH;COX8A;COX11;NDUFS2,KRT8+ DATP,Hallmark
prerank,HALLMARK_XENOBIOTIC_METABOLISM,-0.6484062882150096,-1.3003117644754345,0.032520325203252036,0.20230677833483063,0.896,25/83,13.60%,CYB5A;CA2;PMM1;DCXR;EPHX1;BLVRB;TMEM97;CD36;CAT;IGFBP4;DDT;PGRMC1;ALDH9A1;ADH5;TMBIM6;FBP1;MAOA;POR;ECH1;DHRS7;SPINT2;DHPS;CES1;ID2;ASL,KRT8+ DATP,Hallmark
prerank,HALLMARK_P53_PATHWAY,-0.6380926874609812,-1.2975551288042808,0.014227642276422764,0.1929960380709504,0.91,25/111,10.92%,AK1;LDHB;FOS;RPS12;NUPR1;TXNIP;PMM1;RPL18;DCXR;RACK1;EPHX1;RPL36;BTG1;BTG2;JUN;CEBPA;RGS16;DRAM1;ALOX15B;TOB1;SAT1;CCND3;NDRG1;TSC22D1;BMP2,KRT8+ DATP,Hallmark
prerank,HALLMARK_ESTROGEN_RESPONSE_EARLY,0.4469397851761987,1.2650315610586993,0.0,1.0,0.152,10/90,2.18%,KRT8;KRT19;SFN;KRT18;RAB31;NAV2;SEMA3B;MYOF;CCND1;AREG,KRT8+ DATP,Hallmark
prerank,HALLMARK_REACTIVE_OXYGEN_SPECIES_PATHWAY,-0.6406477503164377,-1.2456194404641219,0.1401673640167364,0.29796438817796805,0.98,9/33,13.57%,FTL;MGST1;JUNB;CAT;EGLN2;SOD2;GPX4;LAMTOR5;PRDX6,KRT8+ DATP,Hallmark
prerank,HALLMARK_TNFA_SIGNALING_VIA_NFKB,-0.6166183645156413,-1.232220054005398,0.05454545454545454,0.3155003155230852,0.992,34/107,15.40%,FOS;CEBPD;EIF1;NFKBIA;IER2;JUNB;BTG1;CXCL2;BTG2;JUN;EGR1;DUSP1;DRAM1;F3;EFNA1;SOD2;ZFP36;SDC4;SAT1;FOSB;TSC22D1;BMP2;TANK;TRIB1;CXCL3;NR4A1;CD83;SLC2A3;GADD45B;ID2;CEBPB;IL6ST;CCNL1;CD44,KRT8+ DATP,Hallmark
prerank,HALLMARK_FATTY_ACID_METABOLISM,-0.5905262406629842,-1.192229513199907,0.14634146341463414,0.41772394007013064,0.998,38/95,19.74%,CA2;FASN;EPHX1;IDI1;CD36;ACAT2;ERP29;HSD17B4;DHCR24;HMGCS1;ACSL1;PCBD1;ALDH9A1;ALDOA;HSD17B11;ACADL;ALDH1A1;MAOA;RDH11;ACSL4;ECHS1;ECH1;SUCLG1;HSD17B10;ACAA2;HADH;ACAA1;PRDX6;MDH1;LDHA;IDH3B;APEX1;ECI1;SDHD;MCEE;ELOVL5;HSD17B7;HSDL2,KRT8+ DATP,Hallmark
prerank,HALLMARK_ADIPOGENESIS,-0.5652086297402281,-1.1456428886665357,0.1845841784989858,0.5687759005419191,1.0,35/134,12.46%,LPL;ATP5PO;MGST3;CD302;CD36;CAT;UQCR10;SCP2;DDT;TST;QDPR;ALDOA;SULT1A1;MCCC1;ACADL;DHCR7;TOB1;DNAJB9;UQCR11;MYLK;POR;ECHS1;LIFR;ECH1;GPX4;COX6A1;PHYH;SUCLG1;UQCRQ;DHRS7;ACAA2;COX7B;HADH;TANK;SDHB,KRT8+ DATP,Hallmark
prerank,HALLMARK_ESTROGEN_RESPONSE_LATE,-0.5663549721896917,-1.1329898609451998,0.2210953346855984,0.5852564806604822,1.0,19/91,9.93%,FABP5;CA2;FOS;CACNA2D2;DCXR;BLVRB;ABCA3;IGFBP4;COX6C;TST;CHPT1;SERPINA1;XBP1;DHCR7;CD9;ZFP36;TOB1;GALE;S100A9,KRT8+ DATP,Hallmark
prerank,HALLMARK_MTORC1_SIGNALING,-0.5571435065101367,-1.1318188537739586,0.19797979797979798,0.5570836559041851,1.0,38/136,17.85%,NUPR1;SCD;TMEM97;IDI1;EBP;INSIG1;LGMN;FADS1;BTG2;SQLE;DHCR24;HMGCS1;HMGCR;QDPR;PSMA3;XBP1;ALDOA;DHCR7;SERP1;TM7SF2;CD9;RDH11;CTSC;PSMA4;HK2;CANX;SLC2A3;M6PR;LDHA;CALR;CYP51A1;SC5D;LTA4H;RAB1A;SLC1A5;ADD3;USO1;TFRC,KRT8+ DATP,Hallmark
prerank,HALLMARK_MYOGENESIS,-0.5680701766775703,-1.1293459331541444,0.28775510204081634,0.5361762710889433,1.0,7/55,5.68%,SOD3;AK1;SCD;FDPS;CD36;GABARAPL2;ACSL1,KRT8+ DATP,Hallmark
prerank,HALLMARK_MYC_TARGETS_V1,-0.5507862155101935,-1.1184797619512254,0.20040485829959515,0.547729860193998,1.0,47/145,24.83%,RPL34;RPS6;RPS3;RPL6;RPL18;RPS2;RPL14;RACK1;RPL22;RPLP0;RPS10;RPS5;SNRPB2;PSMA2;PSMA4;SRSF7;SLC25A3;MRPL23;PSMD8;C1QBP;CANX;PSMA1;EEF1B2;PSMD3;SRSF3;LDHA;FBL;GLO1;EIF4H;APEX1;CDK4;UBE2E1;PSMA7;DUT;DDX18;PCNA;EIF4A1;EXOSC7;VDAC3;DEK;SRSF2;RANBP1;HDDC2;HNRNPA1;ACP1;PGK1;PTGES3,KRT8+ DATP,Hallmark
prerank,HALLMARK_INTERFERON_GAMMA_RESPONSE,-0.5540395820785855,-1.1075297601273426,0.29471544715447157,0.5560687775269496,1.0,11/73,8.66%,TXNIP;NFKBIA;BTG1;CD74;B2M;HLA-DRB1;PSMA3;SERPING1;HLA-DMA;SOD2;PSMA2,KRT8+ DATP,Hallmark
prerank,HALLMARK_IL2_STAT5_SIGNALING,-0.5480194567011061,-1.1072962743215737,0.29878048780487804,0.5318424005067295,1.0,26/85,18.74%,CA2;AGER;MUC1;HOPX;SLC39A8;RGS16;NFKBIZ;XBP1;CCND3;NDRG1;GPX4;HK2;SPRY4;BMP2;CD83;SLC2A3;RNH1;GADD45B;CD44;FURIN;GSTO1;RRAGD;SLC1A5;CISH;CD81;RABGAP1L,KRT8+ DATP,Hallmark
prerank,HALLMARK_HEME_METABOLISM,-0.5425193096960983,-1.0877784651898001,0.31160896130346233,0.5694129573493685,1.0,34/87,27.23%,CA2;SELENBP1;BLVRB;MGST3;CAT;BTG2;BNIP3L;TMEM9B;ALDH6A1;CCND3;ACP5;HAGH;LAMP2;C3;PRDX2;LRP10;TFRC;HEBP1;TENT5C;CIR1;DCAF11;PGLS;BLVRA;NUDT4;RAD23A;FBXO9;ADIPOR1;SLC25A38;VEZF1;ARL2BP;KLF3;NCOA4;GLRX5;SDCBP,KRT8+ DATP,Hallmark
prerank,HALLMARK_COAGULATION,-0.5257783386634449,-1.0454660929362636,0.43004115226337447,0.6877703902727811,1.0,12/50,11.93%,CTSH;C2;APOC1;CPB2;LGMN;SERPINA1;SERPING1;F3;CD9;BMP1;ANG;LAMP2,KRT8+ DATP,Hallmark
prerank,HALLMARK_INFLAMMATORY_RESPONSE,-0.5246422028833141,-1.0284477566149133,0.451417004048583,0.7185135935151873,1.0,6/62,7.18%,LAMP3;NFKBIA;CSF3R;BTG2;RGS16;F3,KRT8+ DATP,Hallmark
prerank,HALLMARK_APICAL_JUNCTION,-0.5039563012505026,-0.9932477640822343,0.5141700404858299,0.7972357575481579,1.0,8/61,11.78%,CLDN18;INSIG1;TSPAN4;ALOX15B;ARPC2;BMP1;MVD;HADH,KRT8+ DATP,Hallmark
prerank,HALLMARK_SPERMATOGENESIS,-0.5028737140058057,-0.9673768915838878,0.5588865096359743,0.8446043383882084,1.0,1/21,2.47%,PEBP1,KRT8+ DATP,Hallmark
prerank,HALLMARK_MYC_TARGETS_V2,-0.49971456914983425,-0.9547941945013328,0.5769230769230769,0.8486920429631846,1.0,4/20,19.35%,TMEM97;HK2;CDK4;DDX18,KRT8+ DATP,Hallmark
prerank,HALLMARK_IL6_JAK_STAT3_SIGNALING,-0.4856575170011309,-0.9463809808563879,0.6232179226069247,0.8414129152919784,1.0,11/36,21.92%,CSF3R;CD36;JUN;CD9;HAX1;CXCL3;IL6ST;CD44;TLR2;SOCS3;HMOX1,KRT8+ DATP,Hallmark
prerank,HALLMARK_DNA_REPAIR,-0.46047447390317103,-0.929938275761834,0.6577319587628866,0.8540962703219637,1.0,21/85,21.88%,AK1;POLR2C;ELOA;SURF1;GPX4;POLR2G;POLR2J;ARL6IP1;COX17;POLR2K;APRT;POLR1D;NME3;GTF2A2;DUT;POLR3GL;EIF1B;DAD1;PCNA;GTF2H5;NELFE,KRT8+ DATP,Hallmark
prerank,HALLMARK_ANDROGEN_RESPONSE,-0.4559425445808305,-0.9128175232901115,0.6611570247933884,0.8656748867757948,1.0,18/60,10.14%,DBI;SELENOP;SCD;IDI1;INSIG1;B2M;FADS1;DHCR24;HMGCS1;HMGCR;GPD1L;DNAJB9;SAT1;CCND3;LIFR;NDRG1;GUCY1A1;TSC22D1,KRT8+ DATP,Hallmark
prerank,HALLMARK_UNFOLDED_PROTEIN_RESPONSE,-0.45471143496155875,-0.9118482252740668,0.6937119675456389,0.8405095860467235,1.0,16/68,21.04%,RPS14;HERPUD1;XBP1;SERP1;DNAJB9;ATP6V0D1;SPCS1;EIF4A2;CKS1B;CEBPB;EEF2;CALR;SLC30A5;EIF4A3;IMP3;EIF4A1,KRT8+ DATP,Hallmark
prerank,HALLMARK_GLYCOLYSIS,-0.43820052713378066,-0.8813068417497427,0.7520491803278688,0.8716575104844152,1.0,30/90,30.63%,CYB5A;CITED2;ALDH9A1;ALDOA;GALE;HK2;HAX1;ANG;SDC2;NDUFV3;MDH1;LDHA;CD44;RRAGD;GPC4;GFPT1;PGLS;NSDHL;PGK1;CHPF;IER3;NOL3;TPST1;SDHC;AKR1A1;B3GAT3;P4HA1;PGAM1;PPIA;MDH2,KRT8+ DATP,Hallmark
prerank,HALLMARK_HYPOXIA,-0.4311800373690127,-0.8707285056169473,0.8004073319755601,0.8638853692576807,1.0,16/93,10.06%,SELENBP1;FOS;PRDX5;BTG1;JUN;CITED2;DUSP1;BNIP3L;ALDOA;F3;EFNA1;FBP1;ZFP36;SDC4;NDRG1;HK2,KRT8+ DATP,Hallmark
prerank,HALLMARK_EPITHELIAL_MESENCHYMAL_TRANSITION,0.3616723889008846,0.8661478519839064,0.5384615384615384,1.0,0.436,25/55,5.76%,FLNA;TIMP1;TNFRSF12A;TPM4;DST;IL32;FSTL3;LAMC2;FN1;AREG;QSOX1;ITGA2;PDLIM4;GADD45A;LGALS1;GJA1;VIM;ITGAV;ITGB1;TGM2;PMEPA1;TGFB1;EMP3;CAPG;PLAUR,KRT8+ DATP,Hallmark
prerank,HALLMARK_PROTEIN_SECRETION,-0.3850578860653497,-0.7779185095782011,0.8615071283095723,0.9619524698626661,1.0,17/67,23.18%,CD63;ANP32E;AP2S1;BNIP3;CTSC;NAPA;LAMP2;TMED10;M6PR;SNX2;ATP1A1;USO1;COPE;YIPF6;LMAN1;PPT1;TMX1,KRT8+ DATP,Hallmark
prerank,HALLMARK_G2M_CHECKPOINT,-0.36399344624109403,-0.7472613782803125,0.8872950819672131,0.9654735340103526,1.0,11/73,18.30%,SQLE;CKS2;HMGN2;RAD21;SMC4;AMD1;ARID4A;CKS1B;HSPA8;KIF22;CDK4,KRT8+ DATP,Hallmark
prerank,HALLMARK_MITOTIC_SPINDLE,0.3388224795483633,0.7394620197340509,1.0,1.0,0.516,14/91,3.89%,GSN;EZR;NEDD9;FLNA;DST;SPTAN1;MYH9;TRIO;VCL;PALLD;RHOF;CTTN;CD2AP;RASA2,KRT8+ DATP,Hallmark
prerank,HALLMARK_UV_RESPONSE_DN,0.2951314355858384,0.7054590539237872,0.8,1.0,0.54,6/61,3.89%,ANXA2;CAV1;CELF2;RUNX1;GJA1;RASA2,KRT8+ DATP,Hallmark
prerank,HALLMARK_E2F_TARGETS,-0.33730630695953673,-0.7013696620519622,0.9390243902439024,0.973604370799143,1.0,30/77,35.62%,ANP32E;CKS2;NAA38;RAD21;SMC4;RFC1;CKS1B;HMGB2;KIF22;TFRC;CDK4;PHF5A;DUT;RAD1;PCNA;DEK;SRSF2;SMC3;RANBP1;POLD2;TRA2B;SHMT1;CDKN1B;POLE4;RAD50;XRCC6;RBBP7;USP1;PRDX4;HNRNPD,KRT8+ DATP,Hallmark
prerank,HALLMARK_APOPTOSIS,0.353468309594369,0.6967772371861906,1.0,0.9937153419593345,0.544,16/80,2.98%,GSN;KRT18;CDKN1A;NEDD9;ANXA1;LMNA;TIMP1;TNFRSF12A;BCL2L1;CFLAR;CCND1;CAV1;SPTAN1;CTNNB1;GADD45A;BIRC3,KRT8+ DATP,Hallmark
prerank,HALLMARK_TGF_BETA_SIGNALING,-0.34908662502096155,-0.6879894151488273,0.8946280991735537,0.9571438158673701,1.0,7/34,22.15%,JUNB;BMP2;ID1;ID2;FURIN;ID3;KLF10,KRT8+ DATP,Hallmark
prerank,HALLMARK_PI3K_AKT_MTOR_SIGNALING,0.289447487790143,0.6562325395745925,0.7,0.8632162661737524,0.56,2/51,0.37%,SFN;CDKN1A,KRT8+ DATP,Hallmark
prerank,HALLMARK_NOTCH_SIGNALING,-0.29346305262730155,-0.545406210778968,0.9464668094218416,0.9835602714149096,1.0,7/15,39.63%,FZD5;SKP1;APH1A;PSENEN;ST3GAL6;RBX1;HES1,KRT8+ DATP,Hallmark
prerank,REACTOME_KERATINIZATION,0.9424406385290193,2.480522383075505,0.0,0.012757136022962846,0.01,4/19,0.27%,KRT8;KRT7;KRT19;KRT18,KRT8+ DATP,Reactome
prerank,REACTOME_FORMATION_OF_THE_CORNIFIED_ENVELOPE,0.9424406385290193,2.480522383075505,0.0,0.012757136022962846,0.01,4/19,0.27%,KRT8;KRT7;KRT19;KRT18,KRT8+ DATP,Reactome
prerank,REACTOME_SENSORY_PROCESSING_OF_SOUND_BY_OUTER_HAIR_CELLS_OF_THE_COCHLEA,0.7909973068012611,2.125396574230967,0.025,0.27555413809599744,0.176,6/15,4.69%,GSN;EZR;SPTAN1;MYH9;EPS8L2;CLIC5,KRT8+ DATP,Reactome
prerank,REACTOME_APOPTOTIC_CLEAVAGE_OF_CELLULAR_PROTEINS,0.7451966909556589,2.046450633867179,0.0,0.29213841492584913,0.224,7/22,3.68%,GSN;LMNA;PLEC;SPTAN1;CDH1;CTNNB1;VIM,KRT8+ DATP,Reactome
prerank,REACTOME_MET_PROMOTES_CELL_MOTILITY,0.680521225564009,1.9208078707152123,0.0,0.40312549832562594,0.322,7/15,5.39%,ITGA3;LAMB3;LAMC2;FN1;ITGA2;ITGB1;MET,KRT8+ DATP,Reactome
prerank,REACTOME_SELENOAMINO_ACID_METABOLISM,-0.9283137520579821,-1.8721478227799304,0.0,0.0,0.0,71/89,4.61%,RPS4X;RPS27;RPL11;RPL34;RPLP1;RPS14;RPS25;RPL10;RPS23;RPL19;RPS12;RPL21;RPS6;RPS3;RPS28;RPL5;RPS3A;RPS15A;RPS13;RPL30;RPL32;RPS15;RPL23A;RPL6;RPS11;RPL7;RPL10A;RPS16;RPL9;RPL18;RPL41;RPL35A;RPL13;RPS9;RPS2;RPS24;RPL3;RPL39;RPL12;RPS29;RPL28;RPLP2;RPL37A;RPL24;RPL23;RPL18A;RPS20;RPL14;FAU;RPL8;RPS8;RPL22;RPS27A;RPS7;RPL29;RPL36;RPLP0;RPL37;RPS10;RPS5;RPL7A;RPL15;RPL31;RPL26;RPL38;UBA52;RPL27A;RPS19;RPL35;RPS17;RPL27,KRT8+ DATP,Reactome
prerank,REACTOME_RESPONSE_OF_EIF2AK4_GCN2_TO_AMINO_ACID_DEFICIENCY,-0.9285619323462082,-1.8713007637352563,0.0,0.0,0.0,71/88,4.61%,RPS4X;RPS27;RPL11;RPL34;RPLP1;RPS14;RPS25;RPL10;RPS23;RPL19;RPS12;RPL21;RPS6;RPS3;RPS28;RPL5;RPS3A;RPS15A;RPS13;RPL30;RPL32;RPS15;RPL23A;RPL6;RPS11;RPL7;RPL10A;RPS16;RPL9;RPL18;RPL41;RPL35A;RPL13;RPS9;RPS2;RPS24;RPL3;RPL39;RPL12;RPS29;RPL28;RPLP2;RPL37A;RPL24;RPL23;RPL18A;RPS20;RPL14;FAU;RPL8;RPS8;RPL22;RPS27A;RPS7;RPL29;RPL36;RPLP0;RPL37;RPS10;RPS5;RPL7A;RPL15;RPL31;RPL26;RPL38;UBA52;RPL27A;RPS19;RPL35;RPS17;RPL27,KRT8+ DATP,Reactome
prerank,REACTOME_EUKARYOTIC_TRANSLATION_ELONGATION,-0.9326683595869698,-1.8704927727990903,0.0,0.0,0.0,72/83,4.61%,RPS4X;RPS27;RPL11;EEF1A1;RPL34;RPLP1;RPS14;RPS25;RPL10;RPS23;RPL19;RPS12;RPL21;RPS6;RPS3;RPS28;RPL5;RPS3A;RPS15A;RPS13;RPL30;RPL32;RPS15;RPL23A;RPL6;RPS11;RPL7;RPL10A;RPS16;RPL9;RPL18;RPL41;RPL35A;RPL13;RPS9;RPS2;RPS24;RPL3;RPL39;RPL12;RPS29;RPL28;RPLP2;RPL37A;RPL24;RPL23;RPL18A;RPS20;RPL14;FAU;RPL8;RPS8;RPL22;RPS27A;RPS7;RPL29;RPL36;RPLP0;RPL37;RPS10;RPS5;RPL7A;RPL15;RPL31;RPL26;RPL38;UBA52;RPL27A;RPS19;RPL35;RPS17;RPL27,KRT8+ DATP,Reactome
prerank,REACTOME_NONSENSE_MEDIATED_DECAY_NMD,-0.9243796219098863,-1.870406272743845,0.0,0.0,0.0,71/99,4.61%,RPS4X;RPS27;RPL11;RPL34;RPLP1;RPS14;RPS25;RPL10;RPS23;RPL19;RPS12;RPL21;RPS6;RPS3;RPS28;RPL5;RPS3A;RPS15A;RPS13;RPL30;RPL32;RPS15;RPL23A;RPL6;RPS11;RPL7;RPL10A;RPS16;RPL9;RPL18;RPL41;RPL35A;RPL13;RPS9;RPS2;RPS24;RPL3;RPL39;RPL12;RPS29;RPL28;RPLP2;RPL37A;RPL24;RPL23;RPL18A;RPS20;RPL14;FAU;RPL8;RPS8;RPL22;RPS27A;RPS7;RPL29;RPL36;RPLP0;RPL37;RPS10;RPS5;RPL7A;RPL15;RPL31;RPL26;RPL38;UBA52;RPL27A;RPS19;RPL35;RPS17;RPL27,KRT8+ DATP,Reactome
prerank,REACTOME_EUKARYOTIC_TRANSLATION_INITIATION,-0.9120895771856998,-1.8531273623670972,0.0,0.0,0.0,74/103,5.94%,RPS4X;RPS27;RPL11;RPL34;RPLP1;RPS14;RPS25;RPL10;RPS23;RPL19;RPS12;RPL21;RPS6;RPS3;RPS28;RPL5;RPS3A;RPS15A;RPS13;RPL30;RPL32;RPS15;RPL23A;RPL6;RPS11;RPL7;RPL10A;RPS16;RPL9;RPL18;RPL41;RPL35A;RPL13;RPS9;RPS2;RPS24;RPL3;RPL39;RPL12;RPS29;RPL28;RPLP2;RPL37A;RPL24;RPL23;RPL18A;RPS20;RPL14;FAU;RPL8;RPS8;RPL22;RPS27A;RPS7;RPL29;RPL36;RPLP0;RPL37;RPS10;RPS5;RPL7A;RPL15;RPL31;RPL26;RPL38;UBA52;RPL27A;RPS19;RPL35;RPS17;RPL27;EIF3E;RPL36AL;RPS21,KRT8+ DATP,Reactome
prerank,REACTOME_INFLUENZA_INFECTION,-0.904940902936488,-1.8412560688253978,0.0,0.0,0.0,73/119,4.61%,RPS4X;RPS27;RPL11;RPL34;RPLP1;RPS14;RPS25;RPL10;RPS23;RPL19;RPS12;RPL21;RPS6;RPS3;RPS28;RPL5;RPS3A;RPS15A;RPS13;RPL30;RPL32;RPS15;RPL23A;RPL6;RPS11;RPL7;RPL10A;RPS16;RPL9;RPL18;RPL41;RPL35A;RPL13;RPS9;RPS2;RPS24;RPL3;RPL39;RPL12;RPS29;RPL28;RPLP2;RPL37A;RPL24;RPL23;RPL18A;RPS20;RPL14;FAU;RPL8;RPS8;RPL22;RPS27A;RPS7;RPL29;RPL36;RPLP0;RPL37;RPS10;RPS5;RPL7A;RPL15;RPL31;POLR2C;RPL26;RPL38;UBA52;RPL27A;RPS19;RPL35;RPS17;POLR2L;RPL27,KRT8+ DATP,Reactome
prerank,REACTOME_CELLULAR_RESPONSE_TO_STARVATION,-0.9023155700344904,-1.8404243611598683,0.0,0.0,0.0,75/113,5.94%,RPS4X;RPS27;RPL11;RPL34;RPLP1;RPS14;RPS25;RPL10;RPS23;RPL19;RPS12;RPL21;RPS6;RPS3;RPS28;RPL5;RPS3A;RPS15A;RPS13;RPL30;RPL32;RPS15;RPL23A;RPL6;RPS11;RPL7;RPL10A;RPS16;RPL9;RPL18;RPL41;RPL35A;RPL13;RPS9;RPS2;RPS24;RPL3;RPL39;RPL12;RPS29;RPL28;RPLP2;RPL37A;RPL24;RPL23;RPL18A;RPS20;RPL14;FAU;RPL8;RPS8;ATP6V0E1;RPL22;RPS27A;RPS7;RPL29;RPL36;RPLP0;RPL37;RPS10;RPS5;RPL7A;RPL15;RPL31;RPL26;RPL38;UBA52;RPL27A;RPS19;RPL35;RPS17;RPL27;FNIP2;RPL36AL;RPS21,KRT8+ DATP,Reactome
prerank,REACTOME_SRP_DEPENDENT_COTRANSLATIONAL_PROTEIN_TARGETING_TO_MEMBRANE,-0.9051822964029744,-1.8355125996507138,0.0,0.0,0.0,78/99,7.47%,RPS4X;RPS27;RPL11;RPL34;RPLP1;RPS14;RPS25;RPL10;RPS23;RPL19;RPS12;RPL21;RPS6;RPS3;RPS28;RPL5;RPS3A;RPS15A;RPS13;RPL30;RPL32;RPS15;RPL23A;RPL6;RPS11;RPL7;RPL10A;RPS16;RPL9;RPL18;RPL41;RPL35A;RPL13;RPS9;RPS2;RPS24;RPL3;RPL39;RPL12;RPS29;RPL28;RPLP2;RPL37A;RPL24;RPL23;RPL18A;RPS20;RPL14;FAU;RPL8;RPS8;RPL22;RPS27A;RPS7;RPL29;RPL36;RPLP0;RPL37;RPS10;RPS5;RPL7A;RPL15;RPL31;RPL26;RPL38;UBA52;RPL27A;RPS19;RPL35;RPS17;RPL27;SEC11C;RPL36AL;RPS21;SSR2;RPSA;SPCS2;RPS26,KRT8+ DATP,Reactome
prerank,REACTOME_RRNA_PROCESSING,-0.8990562243079422,-1.831736115933964,0.0,0.0,0.0,71/129,4.61%,RPS4X;RPS27;RPL11;RPL34;RPLP1;RPS14;RPS25;RPL10;RPS23;RPL19;RPS12;RPL21;RPS6;RPS3;RPS28;RPL5;RPS3A;RPS15A;RPS13;RPL30;RPL32;RPS15;RPL23A;RPL6;RPS11;RPL7;RPL10A;RPS16;RPL9;RPL18;RPL41;RPL35A;RPL13;RPS9;RPS2;RPS24;RPL3;RPL39;RPL12;RPS29;RPL28;RPLP2;RPL37A;RPL24;RPL23;RPL18A;RPS20;RPL14;FAU;RPL8;RPS8;RPL22;RPS27A;RPS7;RPL29;RPL36;RPLP0;RPL37;RPS10;RPS5;RPL7A;RPL15;RPL31;RPL26;RPL38;UBA52;RPL27A;RPS19;RPL35;RPS17;RPL27,KRT8+ DATP,Reactome
prerank,REACTOME_SMOOTH_MUSCLE_CONTRACTION,0.7017823657050485,1.8216547596830854,0.09375,0.46350927550098336,0.412,4/18,2.76%,ANXA2;ANXA1;TPM4;VCL,KRT8+ DATP,Reactome
prerank,REACTOME_SARS_COV_1_MODULATES_HOST_TRANSLATION_MACHINERY,-0.9281283943024724,-1.8155599649337413,0.0,0.0,0.0,32/33,7.47%,RPS4X;RPS27;EEF1A1;RPS14;RPS25;RPS23;RPS12;RPS6;RPS3;RPS28;RPS3A;RPS15A;RPS13;RPS15;RPS11;RPS16;RPS9;RPS2;RPS24;RPS29;RPS20;FAU;RPS8;RPS27A;RPS7;RPS10;RPS5;RPS19;RPS17;RPS21;RPSA;RPS26,KRT8+ DATP,Reactome
prerank,REACTOME_REGULATION_OF_EXPRESSION_OF_SLITS_AND_ROBOS,-0.8878122303024717,-1.8065813737873677,0.0,0.0,0.0,72/136,4.61%,RPS4X;RPS27;RPL11;RPL34;RPLP1;RPS14;RPS25;RPL10;RPS23;RPL19;RPS12;RPL21;RPS6;RPS3;RPS28;RPL5;RPS3A;RPS15A;RPS13;RPL30;RPL32;RPS15;RPL23A;RPL6;RPS11;RPL7;RPL10A;RPS16;RPL9;RPL18;RPL41;RPL35A;RPL13;RPS9;RPS2;RPS24;RPL3;RPL39;RPL12;RPS29;RPL28;RPLP2;RPL37A;RPL24;RPL23;RPL18A;RPS20;RPL14;FAU;RPL8;RPS8;RPL22;RPS27A;RPS7;RPL29;RPL36;RPLP0;RPL37;RPS10;RPS5;RPL7A;RPL15;RPL31;RPL26;RPL38;UBA52;RPL27A;RPS19;UBB;RPL35;RPS17;RPL27,KRT8+ DATP,Reactome
prerank,REACTOME_SARS_COV_2_MODULATES_HOST_TRANSLATION_MACHINERY,-0.9123366101793937,-1.7994938287939166,0.0,0.00015493613255298573,0.002,31/39,7.47%,RPS4X;RPS27;RPS14;RPS25;RPS23;RPS12;RPS6;RPS3;RPS28;RPS3A;RPS15A;RPS13;RPS15;RPS11;RPS16;RPS9;RPS2;RPS24;RPS29;RPS20;FAU;RPS8;RPS27A;RPS7;RPS10;RPS5;RPS19;RPS17;RPS21;RPSA;RPS26,KRT8+ DATP,Reactome
prerank,REACTOME_SIGNALING_BY_ROBO_RECEPTORS,-0.8817029911237116,-1.7955653517519259,0.0,0.00014301796851044838,0.002,72/153,4.61%,RPS4X;RPS27;RPL11;RPL34;RPLP1;RPS14;RPS25;RPL10;RPS23;RPL19;RPS12;RPL21;RPS6;RPS3;RPS28;RPL5;RPS3A;RPS15A;RPS13;RPL30;RPL32;RPS15;RPL23A;RPL6;RPS11;RPL7;RPL10A;RPS16;RPL9;RPL18;RPL41;RPL35A;RPL13;RPS9;RPS2;RPS24;RPL3;RPL39;RPL12;RPS29;RPL28;RPLP2;RPL37A;RPL24;RPL23;RPL18A;RPS20;RPL14;FAU;RPL8;RPS8;RPL22;RPS27A;RPS7;RPL29;RPL36;RPLP0;RPL37;RPS10;RPS5;RPL7A;RPL15;RPL31;RPL26;RPL38;UBA52;RPL27A;RPS19;UBB;RPL35;RPS17;RPL27,KRT8+ DATP,Reactome
prerank,REACTOME_SARS_COV_1_HOST_INTERACTIONS,-0.8806108056002131,-1.7806213881542399,0.0,0.0002656047986622613,0.004,33/65,4.44%,SFTPD;RPS4X;RPS27;EEF1A1;RPS14;RPS25;RPS23;RPS12;RPS6;RPS3;RPS28;RPS3A;RPS15A;RPS13;RPS15;RPS11;RPS16;RPS9;RPS2;RPS24;RPS29;RPS20;NFKBIA;FAU;RPS8;RPS27A;RPS7;RPS10;RPS5;UBA52;RPS19;UBB;RPS17,KRT8+ DATP,Reactome
prerank,REACTOME_SURFACTANT_METABOLISM,-0.9585556842463909,-1.772221285144591,0.0,0.0002478978120847772,0.004,10/16,3.13%,SFTPC;SFTPA1;SFTPA2;SFTPD;CTSH;NAPSA;SLC34A2;SFTPB;SFTA3;ABCA3,KRT8+ DATP,Reactome
prerank,REACTOME_ACTIVATION_OF_THE_MRNA_UPON_BINDING_OF_THE_CAP_BINDING_COMPLEX_AND_EIFS_AND_SUBSEQUENT_BINDING_TO_43S,-0.883747110290195,-1.7718729679846061,0.0,0.00023240419882947862,0.004,32/50,7.47%,RPS4X;RPS27;RPS14;RPS25;RPS23;RPS12;RPS6;RPS3;RPS28;RPS3A;RPS15A;RPS13;RPS15;RPS11;RPS16;RPS9;RPS2;RPS24;RPS29;RPS20;FAU;RPS8;RPS27A;RPS7;RPS10;RPS5;RPS19;RPS17;EIF3E;RPS21;RPSA;RPS26,KRT8+ DATP,Reactome
prerank,REACTOME_METABOLISM_OF_AMINO_ACIDS_AND_DERIVATIVES,-0.8306040539248238,-1.7141201765883927,0.0,0.005249600726501164,0.062,94/204,8.95%,RPS4X;RPS27;RPL11;RPL34;RPLP1;RPS14;RPS25;RPL10;RPS23;RPL19;RPS12;RPL21;RPS6;RPS3;RPS28;RPL5;RPS3A;RPS15A;RPS13;RPL30;RPL32;RPS15;RPL23A;RPL6;RPS11;RPL7;RPL10A;RPS16;RPL9;RPL18;RPL41;RPL35A;RPL13;RPS9;RPS2;RPS24;RPL3;RPL39;RPL12;RPS29;RPL28;RPLP2;RPL37A;RPL24;RPL23;RPL18A;RPS20;RPL14;FAU;RPL8;RPS8;RPL22;RPS27A;RPS7;RPL29;RPL36;OAZ1;RPLP0;RPL37;RPS10;RPS5;RPL7A;DUOX1;RPL15;RPL31;RPL26;RPL38;UBA52;RPL27A;RPS19;RPL35;RPS17;RPL27;ACAT1;MPST;MTRR;TST;ADI1;RPL36AL;PCBD1;RPS21;QDPR;ALDH9A1;TSTD1;PSMA3;RPSA;MCCC1;RPS26;ALDH6A1;RPL13A;PSMA2;AMD1;ECHS1;SAT1,KRT8+ DATP,Reactome
prerank,REACTOME_SARS_COV_2_HOST_INTERACTIONS,-0.8490605951876629,-1.7115125595332126,0.0,0.005164537751766191,0.066,32/90,4.44%,SFTPD;RPS4X;RPS27;RPS14;RPS25;RPS23;RPS12;RPS6;RPS3;RPS28;RPS3A;RPS15A;RPS13;RPS15;RPS11;RPS16;RPS9;RPS2;RPS24;RPS29;RPS20;FAU;RPS8;RPS27A;RPS7;RPS10;RPS5;B2M;UBA52;RPS19;UBB;RPS17,KRT8+ DATP,Reactome
prerank,REACTOME_TOLL_LIKE_RECEPTOR_TLR1_TLR2_CASCADE,-0.8571509407478327,-1.700679156682316,0.0,0.006947662365007571,0.09,11/53,4.46%,SFTPA1;SFTPA2;SFTPD;FOS;NFKBIA;AGER;RPS27A;CD36;UBA52;UBB;JUN,KRT8+ DATP,Reactome
prerank,REACTOME_APOPTOTIC_EXECUTION_PHASE,0.5779777859029872,1.6928547452108362,0.03571428571428571,0.5780805066405449,0.514,7/29,3.68%,GSN;LMNA;PLEC;SPTAN1;CDH1;CTNNB1;VIM,KRT8+ DATP,Reactome
prerank,REACTOME_SARS_COV_1_INFECTION,-0.8315552611869391,-1.6926439073656228,0.0,0.008180627798797647,0.116,33/92,4.44%,SFTPD;RPS4X;RPS27;EEF1A1;RPS14;RPS25;RPS23;RPS12;RPS6;RPS3;RPS28;RPS3A;RPS15A;RPS13;RPS15;RPS11;RPS16;RPS9;RPS2;RPS24;RPS29;RPS20;NFKBIA;FAU;RPS8;RPS27A;RPS7;RPS10;RPS5;UBA52;RPS19;UBB;RPS17,KRT8+ DATP,Reactome
prerank,REACTOME_TRANSLATION,-0.8060765869104319,-1.6696984582586076,0.0,0.015050938590861472,0.196,81/219,7.47%,RPS4X;RPS27;RPL11;EEF1A1;RPL34;RPLP1;RPS14;RPS25;RPL10;RPS23;RPL19;RPS12;RPL21;RPS6;RPS3;RPS28;RPL5;RPS3A;RPS15A;RPS13;RPL30;RPL32;RPS15;RPL23A;RPL6;RPS11;RPL7;RPL10A;RPS16;RPL9;RPL18;RPL41;RPL35A;RPL13;RPS9;RPS2;RPS24;RPL3;RPL39;RPL12;RPS29;RPL28;RPLP2;RPL37A;RPL24;RPL23;RPL18A;RPS20;RPL14;FAU;RPL8;RPS8;RPL22;RPS27A;RPS7;RPL29;RPL36;RPLP0;RPL37;RPS10;RPS5;RPL7A;RPL15;RPL31;RPL26;RPL38;UBA52;RPL27A;RPS19;RPL35;RPS17;RPL27;EIF3E;SEC11C;RPL36AL;RPS21;SSR2;RPSA;MRPL57;SPCS2;RPS26,KRT8+ DATP,Reactome
prerank,REACTOME_NERVOUS_SYSTEM_DEVELOPMENT,-0.8069402862514118,-1.6674644765668842,0.0,0.015380932431623674,0.202,80/269,7.47%,RPS4X;RPS27;RPL11;RPL34;RPLP1;RPS14;RPS25;RPL10;RPS23;RPL19;RPS12;RPL21;RPS6;RPS3;RPS28;RPL5;RPS3A;RPS15A;RPS13;RPL30;RPL32;RPS15;RPL23A;RPL6;RPS11;RPL7;RPL10A;RPS16;RPL9;RPL18;RPL41;RPL35A;RPL13;RPS9;RPS2;RPS24;RPL3;RPL39;RPL12;RPS29;RPL28;RPLP2;RPL37A;RPL24;RPL23;RPL18A;RPS20;RPL14;FAU;RPL8;RPS8;RPL22;RPS27A;RPS7;RPL29;RPL36;RPLP0;RPL37;RPS10;RPS5;RPL7A;RPL15;RPL31;RPL26;RPL38;UBA52;RPL27A;RPS19;UBB;RPL35;RPS17;RPL27;RPL36AL;HMGCR;RPS21;PSMA3;RPSA;AP2S1;EFNA1;RPS26,KRT8+ DATP,Reactome
prerank,REACTOME_SARS_COV_1_ACTIVATES_MODULATES_INNATE_IMMUNE_RESPONSES,-0.87066186643179,-1.6496577977077702,0.004357298474945534,0.02271498430298556,0.282,5/18,4.26%,SFTPD;NFKBIA;RPS27A;UBA52;UBB,KRT8+ DATP,Reactome
prerank,REACTOME_TAK1_DEPENDENT_IKK_AND_NF_KAPPA_B_ACTIVATION,-0.8653436166147424,-1.6340799838941484,0.004357298474945534,0.03129709877570312,0.356,6/17,6.25%,NFKBIA;AGER;RPS27A;UBA52;UBB;HMGB1,KRT8+ DATP,Reactome
prerank,REACTOME_TOLL_LIKE_RECEPTOR_CASCADES,-0.8145269735871655,-1.625895039407219,0.0,0.03525106887845531,0.4,12/72,4.46%,SFTPA1;SFTPA2;SFTPD;FOS;NFKBIA;AGER;RPS27A;CD36;LGMN;UBA52;UBB;JUN,KRT8+ DATP,Reactome
prerank,REACTOME_CELL_CELL_COMMUNICATION,-0.8015917935961829,-1.6074696740532388,0.002044989775051125,0.047481965545468865,0.506,4/55,0.21%,SFTPA1;SFTPA2;SFTPD;CLDN18,KRT8+ DATP,Reactome
prerank,REACTOME_DISEASES_OF_METABOLISM,-0.791548839451795,-1.5694716312252448,0.0,0.08462955862560866,0.74,15/90,5.14%,SFTPC;SFTPA1;SFTPA2;SFTPD;SLC34A2;SFTPB;DCXR;SFTA3;RPS27A;ABCA3;MUC1;UBA52;UBB;MTRR;MMAB,KRT8+ DATP,Reactome
prerank,REACTOME_PLASMA_LIPOPROTEIN_CLEARANCE,-0.8302075718021367,-1.5675765321052244,0.008695652173913044,0.08426312237560239,0.75,7/19,8.58%,NPC2;APOC1;RPS27A;UBA52;UBB;AP2S1;MYLIP,KRT8+ DATP,Reactome
prerank,REACTOME_RHO_GTPASES_ACTIVATE_PKNS,0.6276728758300151,1.561692535671802,0.09375,0.739913889331845,0.644,4/23,3.08%,SFN;YWHAZ;MYH9;RHOC,KRT8+ DATP,Reactome
prerank,REACTOME_CELLULAR_RESPONSES_TO_STIMULI,-0.7482040347790934,-1.5604883268201504,0.0,0.09071777692240338,0.792,95/416,5.94%,SOD3;RPS4X;RPS27;MT-CO3;MT-CO1;RPL11;EEF1A1;RPL34;RPLP1;RPS14;RPS25;RPL10;MT-CO2;RPS23;FOS;RPL19;RPS12;RPL21;RPS6;RPS3;RPS28;RPL5;RPS3A;RPS15A;TXNIP;RPS13;RPL30;RPL32;RPS15;RPL23A;RPL6;RPS11;RPL7;RPL10A;RPS16;RPL9;RPL18;RPL41;RPL35A;RPL13;RPS9;RPS2;RPS24;RPL3;RPL39;RPL12;RPS29;RPL28;RPLP2;RPL37A;RPL24;RPL23;RPL18A;PRDX5;RPS20;RPL14;FAU;RPL8;RPS8;NDUFA4;ATP6V0E1;RPL22;BLVRB;RPS27A;RPS7;RPL29;RPL36;RPLP0;RPL37;RPS10;RPS5;COX7A2;RPL7A;RPL15;GSTP1;RPL31;CAT;RPL26;COX7C;RPL38;UBA52;RPL27A;RPS19;UBB;RPL35;RPS17;JUN;RPL27;HERPUD1;COX6C;EGLN2;CITED2;FNIP2;RPL36AL;RPS21,KRT8+ DATP,Reactome
prerank,REACTOME_SARS_COV_2_INFECTION,-0.7611226008720793,-1.556910347532212,0.0,0.09258983281366429,0.81,39/144,8.99%,SFTPD;RPS4X;RPS27;RPS14;RPS25;RPS23;RPS12;RPS6;RPS3;RPS28;RPS3A;RPS15A;RPS13;RPS15;RPS11;RPS16;RPS9;RPS2;RPS24;RPS29;RPS20;FAU;RPS8;RPS27A;RPS7;RPS10;RPS5;B2M;UBA52;RPS19;UBB;RPS17;RPS21;RPSA;RPS26;SNRPF;SDC4;NUP58;ZCRB1,KRT8+ DATP,Reactome
prerank,REACTOME_INTEGRIN_CELL_SURFACE_INTERACTIONS,0.5948904354940947,1.5481754686109952,0.1,0.6826485231843229,0.652,8/19,4.22%,ITGA3;CDH1;FN1;ITGA2;AGRN;HSPG2;ITGAV;ITGB1,KRT8+ DATP,Reactome
prerank,REACTOME_CYTOPROTECTION_BY_HMOX1,-0.7852141093636473,-1.5466858496220113,0.00408997955010225,0.10573641355777312,0.852,14/33,12.90%,MT-CO3;MT-CO1;MT-CO2;TXNIP;NDUFA4;BLVRB;COX7A2;COX7C;COX6C;COX4I1;COX6A1;COX7B;COX5B;COX7A2L,KRT8+ DATP,Reactome
prerank,REACTOME_NR1H2_AND_NR1H3_MEDIATED_SIGNALING,-0.8136530208612629,-1.537468158129001,0.010570824524312896,0.11707361516034985,0.884,3/18,1.65%,APOC1;FASN;SCD,KRT8+ DATP,Reactome
prerank,REACTOME_VIRAL_INFECTION_PATHWAYS,-0.7365259400142231,-1.5370224582652108,0.0,0.11420201479450987,0.884,98/434,8.99%,SFTPD;RPS4X;RPS27;RPL11;EEF1A1;RPL34;RPLP1;RPS14;RPS25;RPL10;RPS23;RPL19;RPS12;RPL21;RPS6;RPS3;RPS28;RPL5;RPS3A;RPS15A;RPS13;RPL30;RPL32;RPS15;RPL23A;RPL6;RPS11;RPL7;RPL10A;RPS16;RPL9;RPL18;RPL41;RPL35A;RPL13;RPS9;RPS2;RPS24;RPL3;RPL39;RPL12;RPS29;RPL28;RPLP2;RPL37A;RPL24;RPL23;RPL18A;CEBPD;RPS20;NFKBIA;RPL14;FAU;RPL8;RPS8;RPL22;RPS27A;RPS7;RPL29;RPL36;RPLP0;RPL37;RPS10;RPS5;RPL7A;RPL15;RPL31;POLR2C;RPL26;B2M;RPL38;UBA52;SLC25A5;RPL27A;RPS19;UBB;SLC25A4;RPL35;RPS17;POLR2L;RPL27;SEC11C;RPL36AL;RPS21;PSMA3;RPSA;AP2S1;SPCS2;SLC25A6;RPS26;ELOA;RAB5C;SNRPF;RPL13A;PSMA2;SDC4;NUP58;ZCRB1,KRT8+ DATP,Reactome
prerank,REACTOME_INACTIVATION_OF_CSF3_G_CSF_SIGNALING,-0.8058100813910554,-1.5093641482655886,0.034858387799564274,0.16312040590784346,0.966,4/16,4.26%,RPS27A;CSF3R;UBA52;UBB,KRT8+ DATP,Reactome
prerank,REACTOME_TNFR1_INDUCED_NF_KAPPA_B_SIGNALING_PATHWAY,-0.8108902528157236,-1.5039457350341563,0.028199566160520606,0.16849968427133857,0.972,4/17,4.26%,RACK1;RPS27A;UBA52;UBB,KRT8+ DATP,Reactome
prerank,REACTOME_PLASMA_LIPOPROTEIN_ASSEMBLY_REMODELING_AND_CLEARANCE,-0.776207128965615,-1.4976124163276963,0.022964509394572025,0.17719529026309805,0.976,9/27,9.75%,NPC2;APOC1;RPS27A;LPL;UBA52;UBB;AP2S1;MYLIP;BMP1,KRT8+ DATP,Reactome
prerank,REACTOME_SARS_COV_2_ACTIVATES_MODULATES_INNATE_AND_ADAPTIVE_IMMUNE_RESPONSES,-0.773901645204138,-1.4939838445731826,0.008298755186721992,0.18104915208272682,0.98,5/38,4.26%,SFTPD;RPS27A;B2M;UBA52;UBB,KRT8+ DATP,Reactome
prerank,REACTOME_RRNA_MODIFICATION_IN_THE_NUCLEUS_AND_CYTOSOL,-0.7620955369166534,-1.490249421686701,0.026748971193415638,0.1840151982731935,0.982,5/32,2.94%,RPS14;RPS6;RPS9;RPS2;RPS7,KRT8+ DATP,Reactome
prerank,REACTOME_ACTIVATION_OF_GENE_EXPRESSION_BY_SREBF_SREBP,-0.7716389846654818,-1.4778923490082256,0.024844720496894408,0.20966434183631733,0.992,15/29,16.72%,FASN;SCD;FDPS;IDI1;SQLE;HMGCS1;HMGCR;PMVK;DHCR7;TM7SF2;MVD;FDFT1;LSS;CYP51A1;SC5D,KRT8+ DATP,Reactome
prerank,REACTOME_SARS_COV_INFECTIONS,-0.7162369101586591,-1.4762024185728424,0.0,0.20879193222840361,0.994,42/207,8.99%,SFTPD;RPS4X;RPS27;EEF1A1;RPS14;RPS25;RPS23;RPS12;RPS6;RPS3;RPS28;RPS3A;RPS15A;RPS13;RPS15;RPS11;RPS16;RPS9;RPS2;RPS24;RPS29;RPS20;NFKBIA;FAU;RPS8;RPS27A;RPS7;RPS10;RPS5;B2M;UBA52;RPS19;UBB;RPS17;RPS21;RPSA;AP2S1;RPS26;SNRPF;SDC4;NUP58;ZCRB1,KRT8+ DATP,Reactome
prerank,REACTOME_TOLL_LIKE_RECEPTOR_9_TLR9_CASCADE,-0.749343760993016,-1.4757165481307806,0.006172839506172839,0.20469708361293004,0.994,8/46,6.25%,FOS;NFKBIA;AGER;RPS27A;UBA52;UBB;JUN;HMGB1,KRT8+ DATP,Reactome
prerank,REACTOME_METABOLISM_OF_RNA,-0.711425305811756,-1.4753003431893783,0.0,0.20084149525511322,0.994,109/426,12.88%,RPS4X;RPS27;RPL11;RPL34;RPLP1;RPS14;RPS25;RPL10;RPS23;RPL19;RPS12;RPL21;RPS6;RPS3;RPS28;RPL5;RPS3A;RPS15A;RPS13;RPL30;RPL32;RPS15;RPL23A;RPL6;RPS11;RPL7;RPL10A;RPS16;RPL9;RPL18;RPL41;RPL35A;RPL13;RPS9;RPS2;RPS24;RPL3;RPL39;RPL12;RPS29;RPL28;RPLP2;RPL37A;RPL24;RPL23;RPL18A;RPS20;RPL14;FAU;RPL8;RPS8;RPL22;RPS27A;RPS7;RPL29;RPL36;RPLP0;RPL37;RPS10;RPS5;RPL7A;RPL15;RPL31;POLR2C;RPL26;RPL38;UBA52;RPL27A;RPS19;UBB;RPL35;RPS17;POLR2L;RPL27;SF3B5;RPL36AL;RPS21;PSMA3;SNRPB2;RPSA;SNRPN;RPS26;UBL5;ZFP36;SNRPF;RPL13A;PSMA2;NUP58;ZCRB1;SYF2;PSMA4;CNOT8;POLR2G;HSD17B10;RPL4;SRSF5;SRSF7;POLR2J;C1D;SF3B6;HNRNPF;RPL36A;PQBP1;PSMD8;EIF4A2;ANP32A;POLR2K;ZBTB8OS;ZC3H11A,KRT8+ DATP,Reactome
prerank,REACTOME_SIGNALING_BY_CSF3_G_CSF,-0.7815026802102436,-1.4739569823677336,0.04219409282700422,0.19924066013139302,0.994,4/20,4.26%,RPS27A;CSF3R;UBA52;UBB,KRT8+ DATP,Reactome
prerank,REACTOME_GLUTATHIONE_CONJUGATION,-0.7874315244980868,-1.4719018760614253,0.029350104821802937,0.19927603666905838,0.994,5/16,3.72%,MGST1;GSTA4;GSTP1;MGST3;ESD,KRT8+ DATP,Reactome
prerank,REACTOME_OVARIAN_TUMOR_DOMAIN_PROTEASES,-0.7978095983243756,-1.46847499767722,0.0525164113785558,0.20348278741958795,0.994,3/15,4.26%,RPS27A;UBA52;UBB,KRT8+ DATP,Reactome
prerank,REACTOME_INTERLEUKIN_17_SIGNALING,-0.7496960569753831,-1.4670936353045558,0.016563146997929608,0.20221186204241418,0.994,5/35,4.46%,FOS;RPS27A;UBA52;UBB;JUN,KRT8+ DATP,Reactome
prerank,REACTOME_DISEASES_OF_CARBOHYDRATE_METABOLISM,-0.7784279012050854,-1.4662002587255116,0.04721030042918455,0.19988739007410306,0.996,4/17,4.26%,DCXR;RPS27A;UBA52;UBB,KRT8+ DATP,Reactome
prerank,REACTOME_CHOLESTEROL_BIOSYNTHESIS,-0.7607926749821583,-1.4654833925404847,0.03177966101694915,0.19762103707133333,0.996,17/25,16.72%,FDPS;IDI1;EBP;ACAT2;MSMO1;SQLE;DHCR24;HMGCS1;HMGCR;PMVK;DHCR7;TM7SF2;MVD;FDFT1;LSS;CYP51A1;SC5D,KRT8+ DATP,Reactome
prerank,REACTOME_SMAD2_SMAD3_SMAD4_HETEROTRIMER_REGULATES_TRANSCRIPTION,-0.7668485978910392,-1.46189151421509,0.06060606060606061,0.20345327577529215,0.998,4/18,4.26%,JUNB;RPS27A;UBA52;UBB,KRT8+ DATP,Reactome
prerank,REACTOME_COMPLEX_IV_ASSEMBLY,-0.7620343588096058,-1.4571024226125258,0.025210084033613446,0.21065116581903942,1.0,16/33,12.90%,MT-CO3;MT-CO1;MT-CO2;NDUFA4;COX7A2;COX7C;COX14;COX6C;COX4I1;PNKD;SURF1;COX6A1;COX7B;COX17;COX5B;COX7A2L,KRT8+ DATP,Reactome
prerank,REACTOME_NEGATIVE_REGULATION_OF_MAPK_PATHWAY,-0.7556056311689074,-1.455651025602971,0.04103671706263499,0.20936428452983463,1.0,5/21,5.90%,PEBP1;RPS27A;UBA52;UBB;DUSP1,KRT8+ DATP,Reactome
prerank,REACTOME_REGULATION_OF_CHOLESTEROL_BIOSYNTHESIS_BY_SREBP_SREBF,-0.7474815751561922,-1.4420975479078655,0.02663934426229508,0.24105678592436072,1.0,16/36,16.72%,FASN;SCD;FDPS;IDI1;INSIG1;SQLE;HMGCS1;HMGCR;PMVK;DHCR7;TM7SF2;MVD;FDFT1;LSS;CYP51A1;SC5D,KRT8+ DATP,Reactome
prerank,REACTOME_FCERI_MEDIATED_MAPK_ACTIVATION,-0.7970770729976904,-1.4387801715854274,0.03017241379310345,0.24541883396392944,1.0,2/15,4.46%,FOS;JUN,KRT8+ DATP,Reactome
prerank,REACTOME_SYNTHESIS_OF_ACTIVE_UBIQUITIN_ROLES_OF_E1_AND_E2_ENZYMES,-0.7597387078404336,-1.4362448998803967,0.05010893246187364,0.24727806755456525,1.0,3/18,4.26%,RPS27A;UBA52;UBB,KRT8+ DATP,Reactome
prerank,REACTOME_DDX58_IFIH1_MEDIATED_INDUCTION_OF_INTERFERON_ALPHA_BETA,-0.7237524957614173,-1.4244570548347644,0.03711340206185567,0.2754370053909225,1.0,6/32,6.25%,NFKBIA;AGER;RPS27A;UBA52;UBB;HMGB1,KRT8+ DATP,Reactome
prerank,REACTOME_NGF_STIMULATED_TRANSCRIPTION,-0.761610168461282,-1.4163377292464554,0.0423728813559322,0.29518653311327064,1.0,9/19,13.49%,FOS;JUNB;ID4;EGR1;F3;FOSB;TRIB1;ID1;ID2,KRT8+ DATP,Reactome
prerank,REACTOME_OXIDATIVE_STRESS_INDUCED_SENESCENCE,-0.7210813399696235,-1.4143336505469641,0.031315240083507306,0.29623788544130875,1.0,5/34,4.46%,FOS;RPS27A;UBA52;UBB;JUN,KRT8+ DATP,Reactome
prerank,REACTOME_GLYCEROPHOSPHOLIPID_BIOSYNTHESIS,-0.719100105628816,-1.4113800537680348,0.022727272727272728,0.2997212771111207,1.0,15/43,15.32%,PLA2G1B;MFSD2A;PLD3;PLA2G4F;LPCAT1;CHPT1;CDS1;CRLS1;GPD1L;CPNE3;PCYT2;AGPAT2;STARD10;CDIPT;SLC44A1,KRT8+ DATP,Reactome
prerank,REACTOME_SIGNALING_BY_FGFR3,-0.7651926141490965,-1.4084980593895389,0.07675438596491228,0.3031496125748589,1.0,3/15,4.26%,RPS27A;UBA52;UBB,KRT8+ DATP,Reactome
prerank,REACTOME_MYD88_INDEPENDENT_TLR4_CASCADE,-0.7101569642639443,-1.4070164137120666,0.024640657084188913,0.3024973051964494,1.0,8/52,6.25%,FOS;NFKBIA;AGER;RPS27A;UBA52;UBB;JUN;HMGB1,KRT8+ DATP,Reactome
prerank,REACTOME_PEROXISOMAL_PROTEIN_IMPORT,-0.7193672882802495,-1.4061247131630605,0.05052631578947368,0.29964140048427595,1.0,8/26,9.85%,RPS27A;CAT;UBA52;UBB;HSD17B4;SCP2;ECH1;PHYH,KRT8+ DATP,Reactome
prerank,REACTOME_EGFR_DOWNREGULATION,-0.7468523592707668,-1.4024948998447626,0.07974137931034483,0.3057839503824766,1.0,3/16,4.26%,RPS27A;UBA52;UBB,KRT8+ DATP,Reactome
prerank,REACTOME_SIGNALING_BY_ERBB4,-0.7314521897599577,-1.3962583254436736,0.0811965811965812,0.3194930611464046,1.0,3/20,4.26%,RPS27A;UBA52;UBB,KRT8+ DATP,Reactome
prerank,REACTOME_DEVELOPMENTAL_BIOLOGY,-0.6677475014383072,-1.3952642217595872,0.0,0.31752223665077517,1.0,95/467,7.47%,FABP5;RPS4X;RPS27;RPL11;RPL34;RPLP1;RPS14;RPS25;RPL10;RPS23;RPL19;RPS12;RPL21;RPS6;RPS3;RPS28;RPL5;RPS3A;RPS15A;RPS13;RPL30;RPL32;RPS15;RPL23A;RPL6;RPS11;RPL7;RPL10A;RPS16;RPL9;RPL18;RPL41;ASAH1;RPL35A;RPL13;RPS9;RPS2;RPS24;RPL3;RPL39;RPL12;RPS29;RPL28;RPLP2;RPL37A;RPL24;RPL23;RPL18A;CEBPD;RPS20;RPL14;FAU;RPL8;RPS8;ATP6V0E1;RPL22;RPS27A;LPL;RPS7;RPL29;RPL36;RPLP0;RPL37;RPS10;RPS5;RPL7A;CSF3R;RPL15;RPL31;POLR2C;CD36;RPL26;RPL38;UBA52;RPL27A;RPS19;LGI3;UBB;RPL35;RPS17;JUN;POLR2L;RPL27;ID4;HOPX;CEBPA;RPL36AL;HMGCR;RPS21;PSMA3;RPSA;AP2S1;PAIP2;EFNA1;RPS26,KRT8+ DATP,Reactome
prerank,REACTOME_COMPLEX_III_ASSEMBLY,-0.7425581831296051,-1.392513342485343,0.06060606060606061,0.32070349258782943,1.0,8/17,14.64%,MT-CYB;UQCR10;UQCRB;UQCC5;UQCR11;UQCRQ;UQCRC2;UQCRFS1,KRT8+ DATP,Reactome
prerank,REACTOME_DETOXIFICATION_OF_REACTIVE_OXYGEN_SPECIES,-0.7309067380473353,-1.3920226215928388,0.05230125523012552,0.3174782207040272,1.0,9/21,17.75%,SOD3;PRDX5;GSTP1;CAT;SOD2;TXN2;PRDX6;PRDX2;CYCS,KRT8+ DATP,Reactome
prerank,REACTOME_NOD1_2_SIGNALING_PATHWAY,-0.7438328693911995,-1.3888196373437818,0.08528784648187633,0.3228406506486154,1.0,3/18,4.26%,RPS27A;UBA52;UBB,KRT8+ DATP,Reactome
prerank,REACTOME_FATTY_ACID_METABOLISM,-0.685032475484243,-1.3875577501781815,0.016260162601626018,0.3221122195776574,1.0,23/66,13.43%,DBI;MID1IP1;FASN;SCD;FADS1;HSD17B4;SCP2;SLC27A3;ACSL1;PON3;ALOX15B;HSD17B12;ACADL;ACSL4;ECHS1;GPX4;PHYH;HACD3;ACAA2;HADH;ACOT13;HACD1;ACAA1,KRT8+ DATP,Reactome
prerank,REACTOME_INFECTION_WITH_MYCOBACTERIUM_TUBERCULOSIS,-0.7234660828603867,-1.3822523380858505,0.09698275862068965,0.3331261576960979,1.0,4/18,4.26%,RPS27A;B2M;UBA52;UBB,KRT8+ DATP,Reactome
prerank,REACTOME_TRANSCRIPTIONAL_REGULATION_BY_SMALL_RNAS,-0.730225053922908,-1.374746974315043,0.06289308176100629,0.3525903702241519,1.0,6/20,12.71%,POLR2C;POLR2L;NUP58;POLR2G;POLR2J;POLR2K,KRT8+ DATP,Reactome
prerank,REACTOME_METABOLISM_OF_STEROIDS,-0.688324706172503,-1.3744314876442527,0.028455284552845527,0.3483837139411136,1.0,28/67,16.72%,FASN;SCD;FDPS;IDI1;EBP;ACAT2;INSIG1;MSMO1;LGMN;SQLE;HSD17B4;DHCR24;SCP2;HMGCS1;HMGCR;PMVK;HSD17B12;HSD17B11;DHCR7;TM7SF2;MVD;FDFT1;FDX1;STARD3NL;HSD17B14;LSS;CYP51A1;SC5D,KRT8+ DATP,Reactome
prerank,REACTOME_NUCLEOTIDE_BINDING_DOMAIN_LEUCINE_RICH_REPEAT_CONTAINING_RECEPTOR_NLR_SIGNALING_PATHWAYS,-0.7244174472415797,-1.3726585272869098,0.0819327731092437,0.3496392057945712,1.0,4/24,4.26%,TXNIP;RPS27A;UBA52;UBB,KRT8+ DATP,Reactome
prerank,REACTOME_DOWNREGULATION_OF_SMAD2_3_SMAD4_TRANSCRIPTIONAL_ACTIVITY,-0.7194447956304308,-1.3703404738999583,0.0881057268722467,0.35266859629499075,1.0,3/19,4.26%,RPS27A;UBA52;UBB,KRT8+ DATP,Reactome
prerank,REACTOME_FATTY_ACYL_COA_BIOSYNTHESIS,-0.7356818721487123,-1.3680209408572546,0.07300884955752213,0.35606835738501313,1.0,9/15,15.88%,FASN;SCD;SLC27A3;ACSL1;HSD17B12;ACSL4;HACD3;HACD1;HACD2,KRT8+ DATP,Reactome
prerank,REACTOME_P75_NTR_RECEPTOR_MEDIATED_SIGNALLING,-0.6920838068837202,-1.3676312200207106,0.03696098562628337,0.352659427471804,1.0,5/38,4.26%,NFKBIA;RPS27A;BEX3;UBA52;UBB,KRT8+ DATP,Reactome
prerank,REACTOME_GAMMA_CARBOXYLATION_HYPUSINYLATION_HYDROXYLATION_AND_ARYLSULFATASE_ACTIVATION,-0.7118633599141315,-1.3644558271281595,0.08050847457627118,0.3601041901863079,1.0,9/25,16.10%,RPS23;RPS6;RPL8;RPL27A;GGCX;DHPS;RWDD1;EEF2;FURIN,KRT8+ DATP,Reactome
prerank,REACTOME_CELL_DEATH_SIGNALLING_VIA_NRAGE_NRIF_AND_NADE,-0.699751352530496,-1.3626743677650888,0.060542797494780795,0.3610293590543755,1.0,5/28,9.48%,RPS27A;BEX3;UBA52;UBB;BAD,KRT8+ DATP,Reactome
prerank,REACTOME_RESPIRATORY_ELECTRON_TRANSPORT,-0.6679290126253332,-1.3622662032491788,0.0102880658436214,0.3574019033076105,1.0,63/120,22.56%,MT-CYB;MT-CO3;MT-CO1;MT-CO2;MT-ND3;MT-ND1;MT-ND2;MT-ND4;NDUFA4;NDUFC2;COX7A2;COX7C;UQCR10;UQCRB;COX14;NDUFA11;COX6C;NDUFB1;NDUFB8;NDUFB5;NDUFB10;UQCC5;COX4I1;UQCR11;PNKD;SURF1;COX6A1;UQCRQ;MT-ND5;NDUFAF3;NDUFB11;NDUFA2;COX7B;COX17;SDHB;COX5B;COX7A2L;TMEM126B;NDUFV3;NDUFB9;UQCRC2;UQCRFS1;NDUFS7;MDH1;NDUFV2;SLC25A11;NDUFS4;CYCS;ETFB;SDHD;ISCU;NDUFB3;NDUFS8;SMIM20;NDUFC1;NDUFA5;NDUFB6;NDUFA8;NDUFA6;NDUFB7;COX8A;COX11;NDUFS2,KRT8+ DATP,Reactome
prerank,REACTOME_PHOSPHOLIPID_METABOLISM,-0.6776077745370674,-1.3559718620088552,0.016359918200409,0.37368241711538847,1.0,18/66,15.32%,PLA2G1B;MFSD2A;PLD3;PLA2G4F;LPCAT1;CHPT1;CDS1;CRLS1;GPD1L;PIP5K1B;CPNE3;SACM1L;PCYT2;AGPAT2;STARD10;PTPN13;CDIPT;SLC44A1,KRT8+ DATP,Reactome
prerank,REACTOME_MICRORNA_MIRNA_BIOGENESIS,-0.722702224847098,-1.3558738453481491,0.10805084745762712,0.3693599931996904,1.0,5/16,12.71%,POLR2C;POLR2L;POLR2G;POLR2J;POLR2K,KRT8+ DATP,Reactome
prerank,REACTOME_TNF_SIGNALING,-0.6975344924763254,-1.3478322462264773,0.09394572025052192,0.39305575316108565,1.0,4/27,4.26%,RACK1;RPS27A;UBA52;UBB,KRT8+ DATP,Reactome
prerank,REACTOME_NEGATIVE_REGULATORS_OF_DDX58_IFIH1_SIGNALING,-0.7031590497803729,-1.3455435906613424,0.11965811965811966,0.3959033869035636,1.0,3/20,4.26%,RPS27A;UBA52;UBB,KRT8+ DATP,Reactome
prerank,REACTOME_AEROBIC_RESPIRATION_AND_RESPIRATORY_ELECTRON_TRANSPORT,-0.6467441239783722,-1.3412413065727256,0.004032258064516129,0.4052009207350784,1.0,87/187,22.56%,MT-CYB;MT-CO3;MT-CO1;MT-ATP6;MT-CO2;LDHB;MT-ND3;MT-ND1;MT-ND2;MT-ND4;NDUFA4;RPS27A;ATP5PO;NDUFC2;COX7A2;COX7C;UBA52;ATP5F1E;UBB;SLC25A4;UQCR10;ACAT1;UQCRB;COX14;NDUFA11;COX6C;NDUFB1;ATP5F1A;NDUFB8;MPC1;ATP5MG;NDUFB5;ATP5MJ;NDUFB10;UQCC5;COX4I1;UQCR11;PNKD;SURF1;ATP5F1B;HAGH;COX6A1;SUCLG1;UQCRQ;MT-ND5;ATP5PB;NDUFAF3;NDUFB11;NDUFA2;COX7B;COX17;SDHB;COX5B;COX7A2L;ATP5MC2;TMEM126B;NDUFV3;NDUFB9;UQCRC2;UQCRFS1;NDUFS7;MDH1;LDHA;NDUFV2;GLO1;IDH3B;SLC25A11;NDUFS4;CYCS;ETFB;SDHD;ISCU;NDUFB3;ATP5MK;ATP5PD;NDUFS8;SMIM20;NDUFC1;NDUFA5;NDUFB6;NDUFA8;NDUFA6;NDUFB7;FH;COX8A;COX11;NDUFS2,KRT8+ DATP,Reactome
prerank,REACTOME_COMPLEMENT_CASCADE,-0.7114877797084995,-1.3411273080465786,0.12280701754385964,0.40079764118135225,1.0,5/15,7.05%,C2;CPB2;C4BPA;CD59;SERPING1,KRT8+ DATP,Reactome
prerank,REACTOME_IRON_UPTAKE_AND_TRANSPORT,-0.687973034463978,-1.3297603033296612,0.08125,0.4390416074263807,1.0,7/34,4.26%,FTL;FTH1;ATP6V0E1;CYBRD1;RPS27A;UBA52;UBB,KRT8+ DATP,Reactome
prerank,REACTOME_RESPONSE_OF_MTB_TO_PHAGOCYTOSIS,-0.7013745406360447,-1.3236705699067521,0.13566739606126915,0.45674451243445535,1.0,3/16,4.26%,RPS27A;UBA52;UBB,KRT8+ DATP,Reactome
prerank,REACTOME_SIGNALING_BY_FGFR1,-0.7056787458254352,-1.3198068547427881,0.1351931330472103,0.4669027067610528,1.0,3/17,4.26%,RPS27A;UBA52;UBB,KRT8+ DATP,Reactome
prerank,REACTOME_TRANSCRIPTIONAL_ACTIVITY_OF_SMAD2_SMAD3_SMAD4_HETEROTRIMER,-0.6737764633858446,-1.314963625256021,0.11814345991561181,0.48114007454033786,1.0,4/29,4.26%,JUNB;RPS27A;UBA52;UBB,KRT8+ DATP,Reactome
prerank,REACTOME_NUCLEAR_EVENTS_STIMULATED_BY_ALK_SIGNALING_IN_CANCER,-0.716631691605137,-1.3133282456170148,0.11087420042643924,0.4824815619025293,1.0,2/16,2.69%,RPS6;JUNB,KRT8+ DATP,Reactome
prerank,REACTOME_FORMATION_OF_ATP_BY_CHEMIOSMOTIC_COUPLING,-0.7062530041924063,-1.3126616007687448,0.1337719298245614,0.479702924535051,1.0,9/19,13.04%,MT-ATP6;ATP5PO;ATP5F1E;ATP5F1A;ATP5MG;ATP5MJ;ATP5F1B;ATP5PB;ATP5MC2,KRT8+ DATP,Reactome
prerank,REACTOME_MHC_CLASS_II_ANTIGEN_PRESENTATION,-0.6558029093632932,-1.312523625720959,0.043121149897330596,0.4749831045615577,1.0,14/60,10.80%,CTSH;HLA-DRA;CD74;HLA-DRB5;LGMN;HLA-DRB1;AP2S1;HLA-DQB1;HLA-DMA;CTSS;RILP;CTSC;CAPZA2;DCTN6,KRT8+ DATP,Reactome
prerank,REACTOME_VIRAL_MESSENGER_RNA_SYNTHESIS,-0.6917974762951538,-1.31132322189025,0.1160337552742616,0.47424602903751084,1.0,6/21,12.71%,POLR2C;POLR2L;NUP58;POLR2G;POLR2J;POLR2K,KRT8+ DATP,Reactome
prerank,REACTOME_MITOCHONDRIAL_PROTEIN_DEGRADATION,-0.6539547827516802,-1.3103441253593096,0.034552845528455285,0.4731249694192208,1.0,25/76,14.62%,MT-CO1;MT-ATP6;MT-CO2;MT-ND1;MT-ND2;ATP5PO;SLC25A5;ACAT1;ATP5F1A;SLC25A6;ATP5MG;COX4I1;CLPP;ATP5F1B;ECH1;SMDT1;UQCRQ;HSD17B10;MRPL32;MT-ND5;NDUFA2;HADH;COX5B;NDUFV3;UQCRC2,KRT8+ DATP,Reactome
prerank,REACTOME_SIGNALING_BY_EGFR,-0.6879231858301437,-1.3101653238156898,0.10805084745762712,0.4686850974862405,1.0,3/24,4.26%,RPS27A;UBA52;UBB,KRT8+ DATP,Reactome
prerank,REACTOME_NUCLEAR_EVENTS_KINASE_AND_TRANSCRIPTION_FACTOR_ACTIVATION,-0.6835169615211527,-1.3099889819153936,0.08057851239669421,0.4645931179800415,1.0,9/30,13.49%,FOS;JUNB;ID4;EGR1;F3;FOSB;TRIB1;ID1;ID2,KRT8+ DATP,Reactome
prerank,REACTOME_PINK1_PRKN_MEDIATED_MITOPHAGY,-0.6836398104747744,-1.308979567128338,0.1292372881355932,0.46382067981393194,1.0,6/24,10.47%,RPS27A;UBA52;UBB;TOMM7;TOMM20;MAP1LC3A,KRT8+ DATP,Reactome
prerank,REACTOME_DOWNREGULATION_OF_ERBB2_SIGNALING,-0.6963875703386095,-1.3071541756850962,0.16163793103448276,0.4663992882571302,1.0,5/16,15.84%,RPS27A;UBA52;UBB;USP8;AKT1,KRT8+ DATP,Reactome
prerank,REACTOME_REGULATION_OF_INSULIN_SECRETION,-0.6938629232704402,-1.3057338647190913,0.11320754716981132,0.46717986907558456,1.0,7/22,13.27%,CACNA2D2;CD36;PRKAR1A;ACSL4;GNG5;VAMP2;RAP1A,KRT8+ DATP,Reactome
prerank,REACTOME_MITOCHONDRIAL_FATTY_ACID_BETA_OXIDATION,-0.6931276747886516,-1.3029953415771172,0.1193058568329718,0.47335336012097035,1.0,8/21,18.22%,DBI;ACADL;ECHS1;ACAA2;HADH;ACOT13;ECI1;MCEE,KRT8+ DATP,Reactome
prerank,REACTOME_TP53_REGULATES_TRANSCRIPTION_OF_DNA_REPAIR_GENES,-0.6787881162125601,-1.3025171091424075,0.09090909090909091,0.47053483711811556,1.0,8/35,12.71%,FOS;POLR2C;JUN;POLR2L;ELOA;POLR2G;POLR2J;POLR2K,KRT8+ DATP,Reactome
prerank,REACTOME_DNA_DOUBLE_STRAND_BREAK_RESPONSE,-0.6791324810494508,-1.3016726372871192,0.1314655172413793,0.46931841973525207,1.0,3/20,4.26%,RPS27A;UBA52;UBB,KRT8+ DATP,Reactome
prerank,REACTOME_METABOLISM_OF_LIPIDS,-0.6289528444561769,-1.301168482812563,0.002,0.4663942145450878,1.0,87/273,19.52%,FABP5;DBI;PLA2G1B;MID1IP1;MFSD2A;FASN;SCD;ASAH1;PLD3;SPTSSA;FDPS;IDI1;EBP;CD36;ACAT2;INSIG1;MSMO1;LGMN;FADS1;SQLE;PLA2G4F;LPCAT1;HSD17B4;DHCR24;ACAT1;SCP2;SLC27A3;HMGCS1;ACSL1;CHPT1;HMGCR;PON3;ALOX15B;PMVK;HSD17B12;HSD17B11;ACADL;DHCR7;CDS1;TM7SF2;CRLS1;GPD1L;CERS2;ACSL4;ECHS1;PIP5K1B;GPX4;CPNE3;PHYH;SACM1L;HACD3;MVD;ORMDL1;PCYT2;ACAA2;AGPAT2;HADH;STARD10;FDFT1;ACOT13;HACD1;ACAA1;MED21;M6PR;FDX1;PTPN13;CDIPT;STARD3NL;BDH2;HSD17B14;SLC44A1;HACD2;LSS;CYP51A1;SC5D;LTA4H;KDSR;DEGS1;PLA2G12A;ECI1;MCEE;SLC51B;SAR1B;ELOVL5;HSD17B7;MED11;ST3GAL5,KRT8+ DATP,Reactome
prerank,REACTOME_CYTOSOLIC_SENSORS_OF_PATHOGEN_ASSOCIATED_DNA,-0.6675334474071177,-1.3010389247361331,0.11764705882352941,0.46249789377933215,1.0,6/29,6.91%,NFKBIA;RPS27A;UBA52;UBB;POLR2L;POLR3H,KRT8+ DATP,Reactome
prerank,REACTOME_GENE_SILENCING_BY_RNA,-0.6726073883612191,-1.2957080080933385,0.11752577319587629,0.47830571843713077,1.0,7/28,12.71%,POLR2C;POLR2L;NUP58;POLR2G;POLR2J;ANG;POLR2K,KRT8+ DATP,Reactome
prerank,REACTOME_INHIBITION_OF_DNA_RECOMBINATION_AT_TELOMERE,-0.6897580885211937,-1.288022129445866,0.14565217391304347,0.5028075908542381,1.0,5/15,12.71%,POLR2C;POLR2L;POLR2G;POLR2J;POLR2K,KRT8+ DATP,Reactome
prerank,REACTOME_MAPK_TARGETS_NUCLEAR_EVENTS_MEDIATED_BY_MAP_KINASES,-0.6878457484001042,-1.287495871968043,0.1431578947368421,0.5004144749135868,1.0,2/19,4.46%,FOS;JUN,KRT8+ DATP,Reactome
prerank,REACTOME_PROCESSING_OF_DNA_DOUBLE_STRAND_BREAK_ENDS,-0.6690104641132641,-1.2867353938160226,0.16997792494481237,0.4983093543201336,1.0,3/18,4.26%,RPS27A;UBA52;UBB,KRT8+ DATP,Reactome
prerank,REACTOME_NOTCH1_INTRACELLULAR_DOMAIN_REGULATES_TRANSCRIPTION,-0.6568820442177308,-1.285895631907033,0.16,0.49688017709742527,1.0,3/23,4.26%,RPS27A;UBA52;UBB,KRT8+ DATP,Reactome
prerank,REACTOME_TP53_REGULATES_METABOLIC_GENES,-0.6450181191604897,-1.282099487064327,0.081799591002045,0.5067690823650502,1.0,19/49,18.70%,MT-CO3;MT-CO1;MT-CO2;PRDX5;NDUFA4;COX7A2;COX7C;COX6C;COX4I1;COX6A1;COX7B;LAMTOR5;COX5B;COX7A2L;AKT1;PRDX2;RRAGD;CYCS;LAMTOR4,KRT8+ DATP,Reactome
prerank,REACTOME_SIGNALING_BY_NUCLEAR_RECEPTORS,-0.6347949123559248,-1.2815562348789165,0.03225806451612903,0.5047312134869739,1.0,18/104,10.96%,FABP5;APOC1;FASN;FOS;SCD;SDR16C5;POLR2C;JUN;POLR2L;EBAG9;RAD21;ALDH1A1;RDH11;MYLIP;GNG5;POLR2G;FOSB;POLR2J,KRT8+ DATP,Reactome
prerank,REACTOME_LATE_ENDOSOMAL_MICROAUTOPHAGY,-0.6757700716693867,-1.2813552368779544,0.1540084388185654,0.5009880783416003,1.0,9/22,16.62%,RNASE1;RPS27A;UBA52;UBB;CHMP3;CHMP2B;HSPA8;PARK7;CHMP2A,KRT8+ DATP,Reactome
prerank,REACTOME_MITOPHAGY,-0.664214956891952,-1.2812709676135285,0.1371308016877637,0.49684697649759246,1.0,6/27,10.47%,RPS27A;UBA52;UBB;TOMM7;TOMM20;MAP1LC3A,KRT8+ DATP,Reactome
prerank,REACTOME_COMPLEX_I_BIOGENESIS,-0.6391815309419895,-1.2786868058798078,0.07039337474120083,0.5026512052559696,1.0,34/60,25.05%,MT-ND3;MT-ND1;MT-ND2;MT-ND4;NDUFC2;NDUFA11;NDUFB1;NDUFB8;NDUFB5;NDUFB10;MT-ND5;NDUFAF3;NDUFB11;NDUFA2;TMEM126B;NDUFV3;NDUFB9;NDUFS7;NDUFV2;NDUFS4;NDUFB3;NDUFS8;NDUFC1;NDUFA5;NDUFB6;NDUFA8;NDUFA6;NDUFB7;NDUFS2;DMAC1;LYRM2;NDUFS3;NDUFA12;PYURF,KRT8+ DATP,Reactome
prerank,REACTOME_AGGREPHAGY,-0.6778386043887203,-1.27517196416331,0.17532467532467533,0.5124634902189388,1.0,3/18,4.26%,RPS27A;UBA52;UBB,KRT8+ DATP,Reactome
prerank,REACTOME_DEGRADATION_OF_THE_EXTRACELLULAR_MATRIX,0.46742700036660595,1.2741559929378619,0.2777777777777778,1.0,0.89,10/28,3.70%,TIMP1;CAST;LAMB3;LAMC2;CDH1;FN1;CAPN2;MMP7;CAPN8;HSPG2,KRT8+ DATP,Reactome
prerank,REACTOME_INTEGRATION_OF_ENERGY_METABOLISM,-0.659403470429327,-1.27076065663369,0.11801242236024845,0.5245625485371314,1.0,9/34,13.27%,FASN;CACNA2D2;CD36;PRKAR1A;MLX;ACSL4;GNG5;VAMP2;RAP1A,KRT8+ DATP,Reactome
prerank,REACTOME_SIGNALING_BY_PTK6,-0.6604229197132171,-1.2645596414418254,0.1595744680851064,0.5446432469258284,1.0,4/24,4.26%,RPS27A;LRRK2;UBA52;UBB,KRT8+ DATP,Reactome
prerank,REACTOME_TERMINATION_OF_TRANSLESION_DNA_SYNTHESIS,-0.6703847405451409,-1.2598530700025696,0.2,0.5598994558330154,1.0,4/17,10.69%,RPS27A;UBA52;UBB;RFC1,KRT8+ DATP,Reactome
prerank,REACTOME_CELLULAR_RESPONSE_TO_CHEMICAL_STRESS,-0.6149340851789044,-1.253111901582113,0.04435483870967742,0.5829169993149418,1.0,29/126,13.70%,SOD3;MT-CO3;MT-CO1;MT-CO2;TXNIP;PRDX5;NDUFA4;BLVRB;RPS27A;COX7A2;GSTP1;CAT;COX7C;UBA52;UBB;COX6C;PSMA3;SOD2;COX4I1;PSMA2;PSMA4;COX6A1;COX7B;TXN2;PSMD8;COX5B;COX7A2L;PRDX6;PSMA1,KRT8+ DATP,Reactome
prerank,REACTOME_GOLGI_ASSOCIATED_VESICLE_BIOGENESIS,-0.6272982199429625,-1.2491028142201808,0.12396694214876033,0.5953453442956157,1.0,12/39,21.45%,FTL;FTH1;BLOC1S1;RAB5C;NAPA;VAMP2;SNX5;HSPA8;SNX2;TFRC;CLINT1;YIPF6,KRT8+ DATP,Reactome
prerank,REACTOME_PHASE_II_CONJUGATION_OF_COMPOUNDS,-0.6501219164409511,-1.2490384512242922,0.12114989733059549,0.5906785117450029,1.0,7/35,7.32%,MGST1;GSTA4;GSTP1;MGST3;ESD;MTRR;SULT1A1,KRT8+ DATP,Reactome
prerank,REACTOME_SIGNALING_BY_NOTCH3,-0.6501265027843641,-1.2448422356688242,0.18550106609808104,0.6039282400524846,1.0,3/21,4.26%,RPS27A;UBA52;UBB,KRT8+ DATP,Reactome
prerank,REACTOME_REGULATION_OF_TP53_EXPRESSION_AND_DEGRADATION,-0.6551070104824556,-1.2425204575016269,0.19912472647702406,0.6085027708237543,1.0,3/16,4.26%,RPS27A;UBA52;UBB,KRT8+ DATP,Reactome
prerank,REACTOME_SENESCENCE_ASSOCIATED_SECRETORY_PHENOTYPE_SASP,-0.6398142036308834,-1.2420369736207661,0.1962025316455696,0.605641563219559,1.0,5/25,4.46%,FOS;RPS27A;UBA52;UBB;JUN,KRT8+ DATP,Reactome
prerank,REACTOME_PYRUVATE_METABOLISM,-0.6489106594682714,-1.2393684197349593,0.15578947368421053,0.6127374186687402,1.0,6/27,9.56%,LDHB;RPS27A;UBA52;UBB;MPC1;HAGH,KRT8+ DATP,Reactome
prerank,REACTOME_EXTRACELLULAR_MATRIX_ORGANIZATION,0.5166693374811294,1.239065194284827,0.2222222222222222,1.0,0.904,20/65,4.22%,CEACAM6;ITGA3;TIMP1;PLEC;CD151;DST;CAST;LAMB3;LAMC2;CDH1;FN1;CAPN2;ITGA2;MMP7;AGRN;CAPN8;APP;HSPG2;ITGAV;ITGB1,KRT8+ DATP,Reactome
prerank,REACTOME_N_GLYCAN_TRIMMING_IN_THE_ER_AND_CALNEXIN_CALRETICULIN_CYCLE,-0.6607148873166948,-1.238123310377885,0.19574468085106383,0.6130562472418958,1.0,8/22,17.13%,RPS27A;UBA52;UBB;CANX;CALR;OS9;MLEC;PSMC1,KRT8+ DATP,Reactome
prerank,REACTOME_PROTEIN_LOCALIZATION,-0.6076359274921533,-1.2380602475768372,0.09164969450101833,0.6084268146245011,1.0,25/88,14.52%,CYB5A;RPS27A;CAT;UBA52;UBB;HSD17B4;SLC25A4;TOMM7;SCP2;ATP5F1A;NDUFB8;PXMP4;TOMM20;SLC25A6;SERP1;ATP5F1B;ECH1;PHYH;DNAJC19;VAMP2;PMPCB;COX17;CHCHD7;ACAA1;CHCHD5,KRT8+ DATP,Reactome
prerank,REACTOME_CRISTAE_FORMATION,-0.6394256057712053,-1.2356155512163751,0.1906779661016949,0.6144693818878554,1.0,9/28,13.04%,MT-ATP6;ATP5PO;ATP5F1E;ATP5F1A;ATP5MG;ATP5MJ;ATP5F1B;ATP5PB;ATP5MC2,KRT8+ DATP,Reactome
prerank,REACTOME_NON_INTEGRIN_MEMBRANE_ECM_INTERACTIONS,0.45886707828682954,1.2348723692716992,0.22727272727272727,1.0,0.904,9/22,5.04%,LAMB3;LAMC2;FN1;ITGA2;AGRN;HSPG2;ITGAV;ITGB1;TGFB1,KRT8+ DATP,Reactome
prerank,REACTOME_SIGNALING_BY_FGFR2_IIIA_TM,-0.6624824631375004,-1.2345411799827688,0.2145922746781116,0.6140409438323362,1.0,5/15,12.71%,POLR2C;POLR2L;POLR2G;POLR2J;POLR2K,KRT8+ DATP,Reactome
prerank,REACTOME_RHOV_GTPASE_CYCLE,0.4638097546027219,1.2330056408971266,0.18518518518518517,1.0,0.904,5/20,6.01%,TPM4;DST;SPTAN1;TPM3;SH3RF1,KRT8+ DATP,Reactome
prerank,REACTOME_METABOLISM_OF_FAT_SOLUBLE_VITAMINS,-0.6687950638637455,-1.2316842465909084,0.21841541755888652,0.6218199537549783,1.0,8/16,18.28%,LPL;RDH11;SDC4;VKORC1L1;SDC2;VKORC1;LRP10;GPC4,KRT8+ DATP,Reactome
prerank,REACTOME_ABORTIVE_ELONGATION_OF_HIV_1_TRANSCRIPT_IN_THE_ABSENCE_OF_TAT,-0.6492234953579308,-1.2299416200965798,0.22698072805139186,0.6250171259843615,1.0,5/18,12.71%,POLR2C;POLR2L;POLR2G;POLR2J;POLR2K,KRT8+ DATP,Reactome
prerank,REACTOME_TCR_SIGNALING,-0.6150133043634828,-1.2208902105538122,0.11728395061728394,0.660567244343232,1.0,21/65,21.95%,HLA-DRA;NFKBIA;RPS27A;HLA-DRB5;UBA52;UBB;HLA-DRB1;PSMA3;HLA-DQB1;PSMA2;PSMA4;PSMD8;PSMA1;PSMD3;PSMC5;PSMC1;PSMA7;PSMC3;PSME1;PDPK1;SKP1,KRT8+ DATP,Reactome
prerank,REACTOME_SIGNALING_BY_ERBB2,-0.6304279323890086,-1.21524403112749,0.18295218295218296,0.6803949835549573,1.0,5/27,15.84%,RPS27A;UBA52;UBB;USP8;AKT1,KRT8+ DATP,Reactome
prerank,REACTOME_TRANSLATION_OF_SARS_COV_1_STRUCTURAL_PROTEINS,-0.6613463545886432,-1.2147351159449122,0.2348993288590604,0.6776696749868651,1.0,7/15,22.36%,RPS27A;UBA52;UBB;CANX;ST6GALNAC4;SUMO1;PARP9,KRT8+ DATP,Reactome
prerank,REACTOME_SIGNALING_BY_FGFR2,-0.6203292460701094,-1.2143649061695188,0.17219917012448133,0.6741802997686188,1.0,15/37,24.41%,RPS27A;POLR2C;UBA52;UBB;POLR2L;POLR2G;POLR2J;HNRNPF;POLR2K;FGF7;FGFR2;HNRNPH1;PPP2R1A;POLR2I;HNRNPA1,KRT8+ DATP,Reactome
prerank,REACTOME_RHOBTB2_GTPASE_CYCLE,0.4281416231268631,1.2118036110017583,0.23333333333333334,1.0,0.91,7/17,6.89%,TMOD3;MYO6;CCT6A;DDX39B;CDC37;STK38;MSI2,KRT8+ DATP,Reactome
prerank,REACTOME_BRANCHED_CHAIN_AMINO_ACID_CATABOLISM,-0.6394921412739276,-1.2110826028416026,0.23376623376623376,0.6836883936291441,1.0,9/16,22.99%,ACAT1;MCCC1;ALDH6A1;ECHS1;HSD17B10;MCCC2;BCAT2;BCAT1;IVD,KRT8+ DATP,Reactome
prerank,REACTOME_DEATH_RECEPTOR_SIGNALING,-0.6052792167361742,-1.210737353461933,0.14081632653061224,0.6800283566102796,1.0,6/64,4.26%,NFKBIA;RACK1;RPS27A;BEX3;UBA52;UBB,KRT8+ DATP,Reactome
prerank,REACTOME_INNATE_IMMUNE_SYSTEM,-0.5876550026975956,-1.2101084564940174,0.004,0.6779009950324155,1.0,86/439,15.40%,SFTPA1;SFTPA2;SLPI;SFTPD;FABP5;NPC2;CTSH;C2;EEF1A1;PIGR;FOS;FTL;TXNIP;CD63;ASAH1;FTH1;MGST1;PLD3;NFKBIA;ATP6V0E1;CPB2;AGER;RPS27A;NDUFC2;GSTP1;BRI3;CD36;CAT;LGMN;B2M;MUC1;UBA52;LPCAT1;C4BPA;CST3;UBB;CREG1;JUN;POLR2L;SLCO4C1;CD59;SERPINA1;PGRMC1;HMGB1;CSTB;PSMA3;POLR3H;ALDOA;SERPING1;CTSS;ARPC2;RAB5C;CTSC;PSMA2;PSMA4;CPNE3;CAPZA2;S100A9;ARPC1A;ATP6V0D1;SVIP;CMTM6;AGPAT2;LAMP2;CHI3L1;TANK;PSMD8;TMT1A;POLR2K;APRT;SLC2A3;TMEM179B;RAP1A;ACAA1;PRDX6;PSMA1;POLR1D;C3;ATP6V0B;PSMD3;EEF2;LRG1;HSPA8;BRK1;CNN2;CD44,KRT8+ DATP,Reactome
prerank,REACTOME_HSF1_ACTIVATION,-0.6553645266491017,-1.2064936510333522,0.2550335570469799,0.690045116269463,1.0,3/15,11.29%,EEF1A1;UBB;MRPL18,KRT8+ DATP,Reactome
prerank,REACTOME_FGFR2_MUTANT_RECEPTOR_ACTIVATION,-0.646495914531723,-1.2045304024843022,0.24078091106290672,0.6936546386818954,1.0,8/16,24.33%,POLR2C;POLR2L;POLR2G;POLR2J;POLR2K;FGF7;FGFR2;POLR2I,KRT8+ DATP,Reactome
prerank,REACTOME_SIGNALING_BY_FGFR,-0.616462759242154,-1.2024736279509767,0.18672199170124482,0.6974250803273657,1.0,17/41,24.41%,RPS27A;POLR2C;UBA52;UBB;POLR2L;POLR2G;POLR2J;HNRNPF;POLR2K;FLRT3;FGF7;FGFR2;HNRNPH1;PPP2R1A;FGFR1;POLR2I;HNRNPA1,KRT8+ DATP,Reactome
prerank,REACTOME_SIGNALING_BY_NOTCH2,-0.6517090265445926,-1.2022304670967274,0.23178807947019867,0.6936919201146785,1.0,3/16,4.26%,RPS27A;UBA52;UBB,KRT8+ DATP,Reactome
prerank,REACTOME_RECOGNITION_OF_DNA_DAMAGE_BY_PCNA_CONTAINING_REPLICATION_COMPLEX,-0.6484046661048494,-1.2021677602789607,0.23883928571428573,0.6890555364393787,1.0,4/18,10.69%,RPS27A;UBA52;UBB;RFC1,KRT8+ DATP,Reactome
prerank,REACTOME_HIV_ELONGATION_ARREST_AND_RECOVERY,-0.6352104654223993,-1.19526062514363,0.22573839662447256,0.7152718654212552,1.0,6/25,12.71%,POLR2C;POLR2L;ELOA;POLR2G;POLR2J;POLR2K,KRT8+ DATP,Reactome
prerank,REACTOME_COSTIMULATION_BY_THE_CD28_FAMILY,-0.6371687832307371,-1.1939918856928124,0.2782608695652174,0.7159727798717266,1.0,6/21,15.84%,HLA-DRA;HLA-DRB5;HLA-DRB1;HLA-DQB1;PPP2R5A;AKT1,KRT8+ DATP,Reactome
prerank,REACTOME_ISG15_ANTIVIRAL_MECHANISM,-0.6139302306720466,-1.1932943793195774,0.2286902286902287,0.7141123887122843,1.0,9/32,21.04%,RPS27A;UBA52;UBB;NUP58;EIF4A2;UBE2E1;PIN1;EIF4A3;EIF4A1,KRT8+ DATP,Reactome
prerank,REACTOME_INTERFERON_ALPHA_BETA_SIGNALING,-0.6253762010081054,-1.193198183127483,0.2389937106918239,0.7096414456970699,1.0,4/29,4.94%,RPS27A;UBA52;UBB;EGR1,KRT8+ DATP,Reactome
prerank,REACTOME_TRANS_GOLGI_NETWORK_VESICLE_BUDDING,-0.5937634904887139,-1.1931678457626795,0.19507186858316222,0.7049404313447521,1.0,15/50,21.45%,FTL;FTH1;BLOC1S1;RAB5C;NAPA;VAMP2;SNX5;M6PR;HSPA8;SNX2;CHMP2A;TFRC;DNASE2;CLINT1;YIPF6,KRT8+ DATP,Reactome
prerank,REACTOME_SIGNALING_BY_FGFR2_IN_DISEASE,-0.6196035032685331,-1.1929188865540776,0.22478991596638656,0.7011194995065964,1.0,8/21,24.33%,POLR2C;POLR2L;POLR2G;POLR2J;POLR2K;FGF7;FGFR2;POLR2I,KRT8+ DATP,Reactome
prerank,REACTOME_TRANSLESION_SYNTHESIS_BY_Y_FAMILY_DNA_POLYMERASES_BYPASSES_LESIONS_ON_DNA_TEMPLATE,-0.6232403049474542,-1.1923535866405999,0.25869565217391305,0.6989969616123346,1.0,4/23,10.69%,RPS27A;UBA52;UBB;RFC1,KRT8+ DATP,Reactome
prerank,REACTOME_METABOLISM_OF_WATER_SOLUBLE_VITAMINS_AND_COFACTORS,-0.597881542439554,-1.1866995772237763,0.17463617463617465,0.7186929419055818,1.0,15/49,20.32%,CYB5A;FASN;MTRR;MMAB;MCCC1;ACP5;NNMT;SLC2A3;NUDT8;GSTO1;MCCC2;PPCS;MTHFS;MMADHC;MOCS2,KRT8+ DATP,Reactome
prerank,REACTOME_SPHINGOLIPID_DE_NOVO_BIOSYNTHESIS,-0.6273709829019687,-1.18665036621906,0.27645788336933047,0.7141796421036423,1.0,5/18,17.05%,SPTSSA;CERS2;ORMDL1;KDSR;DEGS1,KRT8+ DATP,Reactome
prerank,REACTOME_SIGNALING_BY_NOTCH1_PEST_DOMAIN_MUTANTS_IN_CANCER,-0.606113125342774,-1.1857937956894482,0.27405857740585776,0.7130160820088404,1.0,3/28,4.26%,RPS27A;UBA52;UBB,KRT8+ DATP,Reactome
prerank,REACTOME_VISUAL_PHOTOTRANSDUCTION,-0.6145681670788318,-1.18514219840497,0.2733050847457627,0.7111872280520385,1.0,7/24,18.28%,HSD17B6;LPL;RDH11;SDC4;SDC2;LRP10;GPC4,KRT8+ DATP,Reactome
prerank,REACTOME_PHASE_I_FUNCTIONALIZATION_OF_COMPOUNDS,-0.6308078817885563,-1.1822060558295278,0.2558139534883721,0.7193060865589785,1.0,14/23,27.09%,EPHX1;ADH5;ALDH1A1;MAOA;POR;CES1;FDX1;CYP51A1;AIP;ALDH2;CYP1B1;PTGES3;CYB5R3;ACSS2,KRT8+ DATP,Reactome
prerank,REACTOME_RESPONSE_TO_ELEVATED_PLATELET_CYTOSOLIC_CA2,-0.5981009451675464,-1.1821104024593527,0.18237704918032788,0.7149412884043053,1.0,13/54,12.28%,SELENOP;CD63;TMSB4X;TTN;CD36;SERPINA1;ALDOA;SERPING1;CD9;SERPINF2;APOH;LAMP2;TEX264,KRT8+ DATP,Reactome
prerank,REACTOME_BIOLOGICAL_OXIDATIONS,-0.6086137447546284,-1.1819808401841116,0.1738241308793456,0.7109304033013965,1.0,21/59,19.15%,MGST1;GSTA4;EPHX1;GSTP1;MGST3;ESD;MTRR;ADH5;SULT1A1;ALDH1A1;MAOA;POR;NNMT;CES1;FDX1;ABHD14B;CYP51A1;GSTO1;AIP;ALDH2;AKR7A2,KRT8+ DATP,Reactome
prerank,REACTOME_STIMULI_SENSING_CHANNELS,-0.6114818473174767,-1.1818464231162649,0.26652452025586354,0.7070179812849101,1.0,3/22,4.26%,RPS27A;UBA52;UBB,KRT8+ DATP,Reactome
prerank,REACTOME_COLLAGEN_FORMATION,0.44891097613290826,1.1813125421644888,0.25806451612903225,1.0,0.938,6/19,2.61%,PLEC;CD151;DST;LAMB3;LAMC2;MMP7,KRT8+ DATP,Reactome
prerank,REACTOME_DUAL_INCISION_IN_TC_NER,-0.6044323042584415,-1.1775313866808668,0.21473684210526317,0.7212531928534295,1.0,9/42,12.71%,RPS27A;POLR2C;UBA52;UBB;POLR2L;POLR2G;RFC1;POLR2J;POLR2K,KRT8+ DATP,Reactome
prerank,REACTOME_DOWNREGULATION_OF_TGF_BETA_RECEPTOR_SIGNALING,-0.6225372168003495,-1.1743570528981282,0.2894168466522678,0.730830813929178,1.0,3/19,4.26%,RPS27A;UBA52;UBB,KRT8+ DATP,Reactome
prerank,REACTOME_GENE_AND_PROTEIN_EXPRESSION_BY_JAK_STAT_SIGNALING_AFTER_INTERLEUKIN_12_STIMULATION,0.48394481235813497,1.1738826483034226,0.23255813953488372,1.0,0.946,1/20,0.04%,ANXA2,KRT8+ DATP,Reactome
prerank,REACTOME_METABOLISM_OF_VITAMINS_AND_COFACTORS,-0.5859912235328407,-1.1718851219230437,0.16942148760330578,0.7370234357479255,1.0,25/76,20.32%,CYB5A;FASN;LPL;MTRR;MMAB;GCHFR;MCCC1;RDH11;SDC4;ACP5;NNMT;SLC2A3;VKORC1L1;SDC2;AKT1;VKORC1;NUDT8;GSTO1;LRP10;MCCC2;GPC4;PPCS;MTHFS;MMADHC;MOCS2,KRT8+ DATP,Reactome
prerank,REACTOME_INTERLEUKIN_12_SIGNALING,0.47591965506857403,1.1709833955949085,0.2619047619047619,0.9959571135103699,0.946,1/22,0.04%,ANXA2,KRT8+ DATP,Reactome
prerank,REACTOME_MRNA_CAPPING,-0.6145412169673082,-1.1708450378815116,0.266384778012685,0.7366260390029705,1.0,5/22,12.71%,POLR2C;POLR2L;POLR2G;POLR2J;POLR2K,KRT8+ DATP,Reactome
prerank,REACTOME_SIGNALING_BY_NTRKS,-0.5911067423618142,-1.1702066631733554,0.20773930753564154,0.7344087450517119,1.0,11/59,13.49%,FOS;JUNB;ID4;EGR1;AP2S1;F3;FOSB;TRIB1;RAP1A;ID1;ID2,KRT8+ DATP,Reactome
prerank,REACTOME_SIGNALING_BY_NOTCH1,-0.5902751838037112,-1.1674870121205032,0.26458333333333334,0.7415034187733373,1.0,3/32,4.26%,RPS27A;UBA52;UBB,KRT8+ DATP,Reactome
prerank,REACTOME_FORMATION_OF_TC_NER_PRE_INCISION_COMPLEX,-0.6023940984116463,-1.1668020797301162,0.24109014675052412,0.7403717567295981,1.0,8/39,12.71%,RPS27A;POLR2C;UBA52;UBB;POLR2L;POLR2G;POLR2J;POLR2K,KRT8+ DATP,Reactome
prerank,REACTOME_RIPK1_MEDIATED_REGULATED_NECROSIS,-0.6156573128827182,-1.164152092397666,0.3019271948608137,0.7468823035643312,1.0,3/20,4.26%,RPS27A;UBA52;UBB,KRT8+ DATP,Reactome
prerank,REACTOME_REGULATION_OF_PYRUVATE_METABOLISM,-0.6171995851890597,-1.158510436316982,0.255863539445629,0.767113059374931,1.0,3/20,4.26%,RPS27A;UBA52;UBB,KRT8+ DATP,Reactome
prerank,REACTOME_DISASSEMBLY_OF_THE_DESTRUCTION_COMPLEX_AND_RECRUITMENT_OF_AXIN_TO_THE_MEMBRANE,0.4257331885942401,1.1575271515373704,0.35135135135135137,0.9780470950938182,0.95,5/17,6.07%,CSNK1A1;CAV1;CTNNB1;AXIN1;GSK3B,KRT8+ DATP,Reactome
prerank,REACTOME_RND3_GTPASE_CYCLE,0.42302174604385834,1.1566113654897108,0.23809523809523808,0.9297937876104709,0.95,3/22,1.85%,TMOD3;DST;CAV1,KRT8+ DATP,Reactome
prerank,REACTOME_ESTROGEN_DEPENDENT_GENE_EXPRESSION,-0.5884375011537143,-1.153920703831066,0.22606924643584522,0.7832271996097078,1.0,11/50,13.45%,FOS;POLR2C;JUN;POLR2L;EBAG9;RAD21;POLR2G;FOSB;POLR2J;POLR2K;STAG2,KRT8+ DATP,Reactome
prerank,REACTOME_REGULATION_OF_MECP2_EXPRESSION_AND_ACTIVITY,0.407378489166504,1.1514077430767433,0.32558139534883723,0.8958060915324509,0.952,15/15,59.38%,NCOR2;CREB1;TBL1XR1;HTT;AGO3;HDAC2;AGO2;HIPK2;LBR;CAMK2G;MECP2;TNRC6C;HDAC3;HDAC1;CALM1,KRT8+ DATP,Reactome
prerank,REACTOME_ABC_TRANSPORTER_DISORDERS,-0.5822023866675009,-1.150097758447177,0.25363825363825365,0.7958073111251895,1.0,17/50,21.10%,RPS27A;ABCA3;UBA52;UBB;ERLEC1;PSMA3;PSMA2;PSMA4;PSMD8;PSMA1;PSMD3;OS9;PSMC5;PSMC1;PSMA7;PSMC3;PSME1,KRT8+ DATP,Reactome
prerank,REACTOME_TRANSCRIPTIONAL_REGULATION_BY_TP53,-0.5594156467266688,-1.1494282317220754,0.13387423935091278,0.7942117832850992,1.0,30/175,12.90%,MT-CO3;MT-CO1;MT-CO2;FOS;PRDX5;NDUFA4;RPS27A;COX7A2;POLR2C;COX7C;UBA52;BTG2;UBB;JUN;POLR2L;COX6C;BNIP3L;COX4I1;ELOA;NDRG1;CNOT8;COX6A1;POLR2G;POLR2J;COX7B;RBL2;LAMTOR5;POLR2K;COX5B;COX7A2L,KRT8+ DATP,Reactome
prerank,REACTOME_ACTIVATION_OF_ANTERIOR_HOX_GENES_IN_HINDBRAIN_DEVELOPMENT_DURING_EARLY_EMBRYOGENESIS,-0.5874982688820142,-1.1472325669586285,0.2776617954070981,0.7993720139597845,1.0,6/30,12.71%,POLR2C;JUN;POLR2L;POLR2G;POLR2J;POLR2K,KRT8+ DATP,Reactome
prerank,REACTOME_DISORDERS_OF_TRANSMEMBRANE_TRANSPORTERS,-0.5733597844491669,-1.146766487126939,0.2249488752556237,0.7967848843424881,1.0,21/72,21.10%,SLC34A2;RPS27A;ABCA3;UBA52;UBB;ERLEC1;PSMA3;PSMA2;NUP58;PSMA4;PSMD8;PSMA1;PSMD3;OS9;PSMC5;PSMC1;SLC6A14;PSMA7;PSMC3;SLC35A1;PSME1,KRT8+ DATP,Reactome
prerank,REACTOME_ANTIGEN_PROCESSING_CROSS_PRESENTATION,-0.5802442449106435,-1.145908571192371,0.24329896907216494,0.7958925002611945,1.0,23/65,22.21%,RPS27A;CD36;B2M;UBA52;UBB;HMGB1;PSMA3;CTSS;PSMA2;PSMA4;S100A9;PSMD8;PSMA1;PSMD3;CALR;PSMC5;PSMC1;PSMA7;PSMC3;TLR2;SEC61G;PSME1;SEC61B,KRT8+ DATP,Reactome
prerank,REACTOME_FGFR2_ALTERNATIVE_SPLICING,-0.6081866268219374,-1.1451888701904915,0.29273504273504275,0.7941399245459188,1.0,10/21,24.41%,POLR2C;POLR2L;POLR2G;POLR2J;HNRNPF;POLR2K;FGFR2;HNRNPH1;POLR2I;HNRNPA1,KRT8+ DATP,Reactome
prerank,REACTOME_HDR_THROUGH_HOMOLOGOUS_RECOMBINATION_HRR,-0.5955490070991291,-1.1415677081385678,0.3275488069414317,0.8053473317598989,1.0,4/21,10.69%,RPS27A;UBA52;UBB;RFC1,KRT8+ DATP,Reactome
prerank,REACTOME_FORMATION_OF_THE_EARLY_ELONGATION_COMPLEX,-0.59016771780643,-1.1385552770334557,0.3249475890985325,0.8145674207293694,1.0,8/24,24.33%,POLR2C;POLR2L;POLR2G;POLR2J;POLR2K;GTF2H5;NELFE;POLR2I,KRT8+ DATP,Reactome
prerank,REACTOME_TRANSCRIPTIONAL_REGULATION_OF_WHITE_ADIPOCYTE_DIFFERENTIATION,-0.5736365741693826,-1.138314246397057,0.2515463917525773,0.8109110688521486,1.0,11/39,20.81%,CEBPD;LPL;CD36;CEBPA;CCND3;MED21;CEBPB;CDK4;MED11;MED30;MED4,KRT8+ DATP,Reactome
prerank,REACTOME_RHOBTB_GTPASE_CYCLE,0.3815103878772587,1.1379342672851351,0.2222222222222222,0.883036805856133,0.956,8/24,6.89%,TMOD3;MYO6;VIM;CCT6A;DDX39B;CDC37;STK38;MSI2,KRT8+ DATP,Reactome
prerank,REACTOME_INTERLEUKIN_1_SIGNALING,-0.5698440265443463,-1.1336624861222786,0.2448559670781893,0.8276005431582808,1.0,19/65,21.95%,NFKBIA;AGER;RPS27A;UBA52;UBB;HMGB1;PSMA3;PSMA2;PSMA4;PSMD8;PSMA1;PSMD3;PSMC5;PSMC1;TOLLIP;PSMA7;PSMC3;PSME1;SKP1,KRT8+ DATP,Reactome
prerank,REACTOME_INTERLEUKIN_12_FAMILY_SIGNALING,0.4355743415360525,1.1300470046507367,0.2631578947368421,0.8575114886707934,0.96,1/25,0.04%,ANXA2,KRT8+ DATP,Reactome
prerank,REACTOME_FCERI_MEDIATED_NF_KB_ACTIVATION,-0.5672327398814826,-1.1291128572408238,0.2674897119341564,0.8431937687509435,1.0,17/57,21.95%,NFKBIA;RPS27A;UBA52;UBB;PSMA3;PSMA2;PSMA4;PSMD8;PSMA1;PSMD3;PSMC5;PSMC1;PSMA7;PSMC3;PSME1;PDPK1;SKP1,KRT8+ DATP,Reactome
prerank,REACTOME_DUAL_INCISION_IN_GG_NER,-0.5942380712236079,-1.1229784589434324,0.32158590308370044,0.8657069389872875,1.0,4/22,10.69%,RPS27A;UBA52;UBB;RFC1,KRT8+ DATP,Reactome
prerank,REACTOME_AMYLOID_FIBER_FORMATION,-0.5892364966108133,-1.1214507442128994,0.326133909287257,0.8681691251474004,1.0,5/22,4.26%,RPS27A;B2M;UBA52;CST3;UBB,KRT8+ DATP,Reactome
prerank,REACTOME_TRANSPORT_OF_SMALL_MOLECULES,-0.5457737337355129,-1.1199998639605815,0.154,0.8699980563121112,1.0,58/244,17.85%,NPC2;CA2;APOC1;SLC34A2;FTL;FTH1;ATP6V0E1;CYBRD1;RPS27A;LPL;ABCA3;UBA52;SLC25A5;UBB;SLC25A4;AQP1;SLC39A8;SLCO4C1;PRKAR1A;ERLEC1;PSMA3;CLN3;AP2S1;SLC25A6;AQP4;MYLIP;PSMA2;ARL2;AKAP1;GNG5;PSMA4;BMP1;SMDT1;ATP6V0D1;ATP2C1;PMPCB;TSC22D3;PSMD8;SLC2A3;PSMA1;SLC50A1;ATP6V0B;PSMD3;ATP8A2;SLC44A1;CYB5R1;FURIN;ATP6V1G1;OS9;PSMC5;SLC25A11;PSMC1;ATP1B3;ATP1A1;SLC6A14;SLC1A5;ADD3;TFRC,KRT8+ DATP,Reactome
prerank,REACTOME_HEDGEHOG_LIGAND_BIOGENESIS,-0.5707594623629474,-1.1198848999224984,0.30165289256198347,0.8656979789629233,1.0,16/48,21.10%,RPS27A;UBA52;UBB;ERLEC1;PSMA3;PSMA2;PSMA4;PSMD8;PSMA1;PSMD3;OS9;PSMC5;PSMC1;PSMA7;PSMC3;PSME1,KRT8+ DATP,Reactome
prerank,REACTOME_PEPTIDE_HORMONE_METABOLISM,-0.5850579755361234,-1.118718101950289,0.3304904051172708,0.8663723739971054,1.0,8/23,19.42%,CPB2;SEC11C;SPCS2;VAMP2;SPCS1;CES1;ATP6AP2;SLC30A5,KRT8+ DATP,Reactome
prerank,REACTOME_DEFECTIVE_CFTR_CAUSES_CYSTIC_FIBROSIS,-0.5711745812360486,-1.1179963301152156,0.3020833333333333,0.8649983235129355,1.0,16/47,21.10%,RPS27A;UBA52;UBB;ERLEC1;PSMA3;PSMA2;PSMA4;PSMD8;PSMA1;PSMD3;OS9;PSMC5;PSMC1;PSMA7;PSMC3;PSME1,KRT8+ DATP,Reactome
prerank,REACTOME_FC_EPSILON_RECEPTOR_FCERI_SIGNALING,-0.5586684837918348,-1.1175181695670224,0.25918367346938775,0.862332639159499,1.0,19/77,21.95%,FOS;NFKBIA;RPS27A;UBA52;UBB;JUN;PSMA3;PSMA2;PSMA4;PSMD8;PSMA1;PSMD3;PSMC5;PSMC1;PSMA7;PSMC3;PSME1;PDPK1;SKP1,KRT8+ DATP,Reactome
prerank,REACTOME_DNA_DAMAGE_RECOGNITION_IN_GG_NER,-0.5788432723302073,-1.1167074677258988,0.35654008438818563,0.8608551401029474,1.0,3/26,4.26%,RPS27A;UBA52;UBB,KRT8+ DATP,Reactome
prerank,REACTOME_HEDGEHOG_ON_STATE,-0.566589586701794,-1.1151570387032645,0.3048016701461378,0.8628633497161553,1.0,15/52,21.10%,HHIP;RPS27A;UBA52;UBB;PSMA3;PSMA2;PSMA4;PSMD8;PSMA1;PSMD3;PSMC5;PSMC1;PSMA7;PSMC3;PSME1,KRT8+ DATP,Reactome
prerank,REACTOME_SYNTHESIS_OF_SUBSTRATES_IN_N_GLYCAN_BIOSYTHESIS,-0.5760013205080147,-1.113793806718301,0.3235908141962422,0.8645930673475392,1.0,10/29,20.79%,PMM1;DPM2;MVD;DPM3;NUDT14;ALG5;ST6GALNAC4;GFPT1;ST3GAL5;SLC35A1,KRT8+ DATP,Reactome
prerank,REACTOME_NEUTROPHIL_DEGRANULATION,-0.5471669269906333,-1.1125374110836292,0.156312625250501,0.8658814808537371,1.0,53/240,15.73%,SLPI;FABP5;NPC2;CTSH;EEF1A1;PIGR;FTL;CD63;ASAH1;FTH1;MGST1;NDUFC2;GSTP1;BRI3;CD36;CAT;B2M;LPCAT1;CST3;CREG1;SLCO4C1;CD59;SERPINA1;PGRMC1;HMGB1;CSTB;ALDOA;CTSS;RAB5C;CTSC;PSMA2;CPNE3;S100A9;SVIP;CMTM6;AGPAT2;LAMP2;CHI3L1;TMT1A;APRT;SLC2A3;TMEM179B;RAP1A;ACAA1;PRDX6;C3;PSMD3;EEF2;LRG1;HSPA8;CNN2;CD44;ATP6AP2,KRT8+ DATP,Reactome
prerank,REACTOME_HOST_INTERACTIONS_OF_HIV_FACTORS,-0.5569879111416007,-1.109275655957508,0.2525458248472505,0.8759827989480462,1.0,23/80,23.82%,RPS27A;B2M;UBA52;SLC25A5;UBB;SLC25A4;PSMA3;AP2S1;SLC25A6;PSMA2;NUP58;PSMA4;PSMD8;PSMA1;PSMD3;PSMC5;PSMC1;PSMA7;PSMC3;PSME1;SKP1;RANBP1;PSMB6,KRT8+ DATP,Reactome
prerank,REACTOME_MRNA_SPLICING_MINOR_PATHWAY,-0.5629379107046797,-1.1088918355312418,0.36082474226804123,0.8732167983328675,1.0,10/42,12.71%,POLR2C;POLR2L;SF3B5;SNRPF;ZCRB1;POLR2G;SRSF7;POLR2J;SF3B6;POLR2K,KRT8+ DATP,Reactome
prerank,REACTOME_HIV_TRANSCRIPTION_ELONGATION,-0.5784850498754277,-1.1088585583522328,0.3298538622129436,0.8687849962742984,1.0,6/31,12.71%,POLR2C;POLR2L;ELOA;POLR2G;POLR2J;POLR2K,KRT8+ DATP,Reactome
prerank,REACTOME_DNA_DAMAGE_BYPASS,-0.5729936012702312,-1.1068868031365169,0.3640256959314775,0.872250287378866,1.0,4/28,10.69%,RPS27A;UBA52;UBB;RFC1,KRT8+ DATP,Reactome
prerank,REACTOME_CELL_CELL_JUNCTION_ORGANIZATION,-0.5814890365710194,-1.1060810573241526,0.33263157894736844,0.8716259579110206,1.0,1/28,0.21%,CLDN18,KRT8+ DATP,Reactome
prerank,REACTOME_INTERFERON_GAMMA_SIGNALING,-0.5689322397199148,-1.1037456231752791,0.34917355371900827,0.8772245461869203,1.0,5/34,7.26%,HLA-DRA;HLA-DRB5;B2M;HLA-DRB1;HLA-DQB1,KRT8+ DATP,Reactome
prerank,REACTOME_AUF1_HNRNP_D0_BINDS_AND_DESTABILIZES_MRNA,-0.5623073788705892,-1.103227374276183,0.31392931392931395,0.8749780938788209,1.0,15/45,21.10%,RPS27A;UBA52;UBB;PSMA3;PSMA2;PSMA4;PSMD8;PSMA1;PSMD3;HSPA8;PSMC5;PSMC1;PSMA7;PSMC3;PSME1,KRT8+ DATP,Reactome
prerank,REACTOME_E3_UBIQUITIN_LIGASES_UBIQUITINATE_TARGET_PROTEINS,-0.5701036119162044,-1.1025946445696728,0.3628691983122363,0.8732546480931572,1.0,3/27,4.26%,RPS27A;UBA52;UBB,KRT8+ DATP,Reactome
prerank,REACTOME_ASYMMETRIC_LOCALIZATION_OF_PCP_PROTEINS,-0.5670240068645713,-1.102423162914943,0.3333333333333333,0.8697081573974266,1.0,15/44,21.10%,RPS27A;UBA52;UBB;PSMA3;PSMA2;PSMA4;PSMD8;PSMA1;PSMD3;FZD5;PSMC5;PSMC1;PSMA7;PSMC3;PSME1,KRT8+ DATP,Reactome
prerank,REACTOME_SCF_BETA_TRCP_MEDIATED_DEGRADATION_OF_EMI1,-0.5631267659382225,-1.1010295768734761,0.33541666666666664,0.8712985235955584,1.0,16/43,23.82%,RPS27A;UBA52;UBB;PSMA3;PSMA2;PSMA4;PSMD8;PSMA1;PSMD3;PSMC5;PSMC1;PSMA7;PSMC3;PSME1;SKP1;PSMB6,KRT8+ DATP,Reactome
prerank,REACTOME_ENDOSOMAL_SORTING_COMPLEX_REQUIRED_FOR_TRANSPORT_ESCRT,-0.5783099648450637,-1.1007509870113221,0.3554603854389722,0.8680947558037749,1.0,6/23,16.62%,RPS27A;UBA52;UBB;CHMP3;CHMP2B;CHMP2A,KRT8+ DATP,Reactome
prerank,REACTOME_TRANSFERRIN_ENDOCYTOSIS_AND_RECYCLING,-0.6007122334421361,-1.0995219283078204,0.38064516129032255,0.8690020802958418,1.0,9/15,28.75%,ATP6V0E1;ATP6V0D1;ATP6V0B;ATP6V1G1;TFRC;ATP6V1A;ATP6AP1;ATP6V1E1;STEAP4,KRT8+ DATP,Reactome
prerank,REACTOME_SENSORY_PROCESSING_OF_SOUND,0.4082028827248141,1.0976966258498098,0.3333333333333333,0.8903371627852156,0.972,5/23,2.65%,GSN;EZR;SPTAN1;MYH9;EPS8L2,KRT8+ DATP,Reactome
prerank,REACTOME_CELLULAR_RESPONSE_TO_HYPOXIA,-0.5537395822045625,-1.0975374089625967,0.35523613963039014,0.8730390285771301,1.0,18/53,23.82%,RPS27A;UBA52;UBB;EGLN2;CITED2;PSMA3;PSMA2;PSMA4;PSMD8;PSMA1;PSMD3;PSMC5;PSMC1;PSMA7;PSMC3;PSME1;EPAS1;PSMB6,KRT8+ DATP,Reactome
prerank,REACTOME_DEGRADATION_OF_DVL,-0.5616324526346618,-1.0951289642285085,0.3471933471933472,0.879142724785924,1.0,14/45,21.10%,RPS27A;UBA52;UBB;PSMA3;PSMA2;PSMA4;PSMD8;PSMA1;PSMD3;PSMC5;PSMC1;PSMA7;PSMC3;PSME1,KRT8+ DATP,Reactome
prerank,REACTOME_INTRINSIC_PATHWAY_FOR_APOPTOSIS,0.4360821329696551,1.0907197019075232,0.3333333333333333,0.8715250093020783,0.972,3/22,1.87%,SFN;BCL2L1;YWHAZ,KRT8+ DATP,Reactome
prerank,REACTOME_MAPK6_MAPK4_SIGNALING,-0.5567101936347199,-1.0904927633122494,0.33608247422680415,0.8955855294971586,1.0,16/54,21.10%,RPS27A;UBA52;UBB;JUN;PSMA3;PSMA2;CCND3;PSMA4;PSMD8;PSMA1;PSMD3;PSMC5;PSMC1;PSMA7;PSMC3;PSME1,KRT8+ DATP,Reactome
prerank,REACTOME_FORMATION_OF_INCISION_COMPLEX_IN_GG_NER,-0.5627522509944074,-1.09016618107176,0.35807860262008734,0.8925681649874394,1.0,3/28,4.26%,RPS27A;UBA52;UBB,KRT8+ DATP,Reactome
prerank,REACTOME_ADIPOGENESIS,-0.5424747379216756,-1.0896239042158369,0.3543788187372709,0.8904645850452046,1.0,11/47,20.81%,CEBPD;LPL;CD36;CEBPA;CCND3;MED21;CEBPB;CDK4;MED11;MED30;MED4,KRT8+ DATP,Reactome
prerank,REACTOME_DECTIN_1_MEDIATED_NONCANONICAL_NF_KB_SIGNALING,-0.5528024581799234,-1.0861910058666315,0.35208333333333336,0.9008121473702376,1.0,16/47,23.82%,RPS27A;UBA52;UBB;PSMA3;PSMA2;PSMA4;PSMD8;PSMA1;PSMD3;PSMC5;PSMC1;PSMA7;PSMC3;PSME1;SKP1;PSMB6,KRT8+ DATP,Reactome
prerank,REACTOME_CYCLIN_D_ASSOCIATED_EVENTS_IN_G1,-0.5503306110867855,-1.0855390671050813,0.41014799154334036,0.8996008991767841,1.0,6/23,12.55%,RPS27A;UBA52;UBB;CCND3;RBL2;CKS1B,KRT8+ DATP,Reactome
prerank,REACTOME_PCP_CE_PATHWAY,-0.5504995517008006,-1.0845464822740356,0.35450819672131145,0.8995399112512171,1.0,16/57,21.10%,RPS27A;UBA52;UBB;PSMA3;AP2S1;PSMA2;PSMA4;PSMD8;PSMA1;PSMD3;FZD5;PSMC5;PSMC1;PSMA7;PSMC3;PSME1,KRT8+ DATP,Reactome
prerank,REACTOME_MITOCHONDRIAL_PROTEIN_IMPORT,-0.5442805720241726,-1.0830893860464876,0.390495867768595,0.9012944702872288,1.0,12/43,14.52%,SLC25A4;TOMM7;ATP5F1A;NDUFB8;TOMM20;SLC25A6;ATP5F1B;DNAJC19;PMPCB;COX17;CHCHD7;CHCHD5,KRT8+ DATP,Reactome
prerank,REACTOME_DEGRADATION_OF_GLI1_BY_THE_PROTEASOME,-0.5507286585014214,-1.0827756270422897,0.36875,0.8983887202221165,1.0,16/46,23.82%,RPS27A;UBA52;UBB;PSMA3;PSMA2;PSMA4;PSMD8;PSMA1;PSMD3;PSMC5;PSMC1;PSMA7;PSMC3;PSME1;SKP1;PSMB6,KRT8+ DATP,Reactome
prerank,REACTOME_TP53_REGULATES_TRANSCRIPTION_OF_CELL_DEATH_GENES,-0.570277377591146,-1.0820428560098756,0.41629955947136565,0.8971591372096919,1.0,2/15,9.28%,BNIP3L;NDRG1,KRT8+ DATP,Reactome
prerank,REACTOME_DOWNSTREAM_SIGNALING_EVENTS_OF_B_CELL_RECEPTOR_BCR,-0.5451900884233535,-1.0807253250015623,0.36213991769547327,0.8982193153859093,1.0,16/56,21.95%,NFKBIA;RPS27A;UBA52;UBB;PSMA3;PSMA2;PSMA4;PSMD8;PSMA1;PSMD3;PSMC5;PSMC1;PSMA7;PSMC3;PSME1;SKP1,KRT8+ DATP,Reactome
prerank,REACTOME_G_ALPHA_12_13_SIGNALLING_EVENTS,0.3521917036368305,1.0804389861166601,0.3333333333333333,0.8589124541540424,0.978,9/23,11.35%,TRIO;GNB2;GNG12;RHOC;GNB1;GNG10;NET1;FGD4;SOS2,KRT8+ DATP,Reactome
prerank,REACTOME_APC_C_CDH1_MEDIATED_DEGRADATION_OF_CDC20_AND_OTHER_APC_C_CDH1_TARGETED_PROTEINS_IN_LATE_MITOSIS_EARLY_G1,-0.5463807005157655,-1.0780046822505795,0.35610766045548653,0.9056813348403363,1.0,18/53,23.82%,RPS27A;UBA52;UBB;PSMA3;PSMA2;ANAPC16;PSMA4;PSMD8;PSMA1;PSMD3;PSMC5;PSMC1;UBE2E1;PSMA7;PSMC3;PSME1;CDC26;PSMB6,KRT8+ DATP,Reactome
prerank,REACTOME_INTERLEUKIN_1_FAMILY_SIGNALING,-0.5388124586563608,-1.0770281241889292,0.3333333333333333,0.9056370057977603,1.0,20/76,21.95%,NFKBIA;AGER;RPS27A;UBA52;UBB;HMGB1;PSMA3;PSMA2;PSMA4;PSMD8;PSMA1;PTPN13;PSMD3;PSMC5;PSMC1;TOLLIP;PSMA7;PSMC3;PSME1;SKP1,KRT8+ DATP,Reactome
prerank,REACTOME_TRANSCRIPTION_COUPLED_NUCLEOTIDE_EXCISION_REPAIR_TC_NER,-0.5481717906271597,-1.0760438959563479,0.3836477987421384,0.9055156191430056,1.0,9/50,12.71%,RPS27A;POLR2C;UBA52;UBB;POLR2L;POLR2G;RFC1;POLR2J;POLR2K,KRT8+ DATP,Reactome
prerank,REACTOME_NEGATIVE_REGULATION_OF_NOTCH4_SIGNALING,-0.5494398550587225,-1.0743638951688643,0.3731656184486373,0.9087453988810993,1.0,16/45,21.95%,RPS27A;UBA52;UBB;PSMA3;PSMA2;PSMA4;PSMD8;PSMA1;PSMD3;AKT1;PSMC5;PSMC1;PSMA7;PSMC3;PSME1;SKP1,KRT8+ DATP,Reactome
prerank,REACTOME_AMINO_ACIDS_REGULATE_MTORC1,-0.5535206143135605,-1.0740577751683493,0.40461215932914046,0.9057708452288421,1.0,12/25,28.14%,ATP6V0E1;FNIP2;ATP6V0D1;LAMTOR5;ATP6V0B;ATP6V1G1;RRAGD;LAMTOR4;ATP6V1A;LAMTOR2;ATP6V1E1;LAMTOR1,KRT8+ DATP,Reactome
prerank,REACTOME_ADHERENS_JUNCTIONS_INTERACTIONS,0.34058121943286795,1.0730970208201804,0.36363636363636365,0.8396158139420777,0.978,7/19,6.85%,ANGPTL4;CDH1;CTNNB1;AFDN;CTNND1;JUP;NECTIN4,KRT8+ DATP,Reactome
prerank,REACTOME_SIGNALING_BY_HEDGEHOG,-0.5374196973620797,-1.0706116669154837,0.39835728952772076,0.9150485540323845,1.0,19/71,21.95%,HHIP;RPS27A;UBA52;UBB;PRKAR1A;ERLEC1;PSMA3;PSMA2;PSMA4;PSMD8;PSMA1;PSMD3;OS9;PSMC5;PSMC1;PSMA7;PSMC3;PSME1;SKP1,KRT8+ DATP,Reactome
prerank,REACTOME_HIV_TRANSCRIPTION_INITIATION,-0.5504369925455632,-1.0688620887560258,0.43388429752066116,0.9187318277509193,1.0,9/30,24.33%,POLR2C;POLR2L;POLR2G;POLR2J;POLR2K;GTF2A2;GTF2H5;TAF11;POLR2I,KRT8+ DATP,Reactome
prerank,REACTOME_BUDDING_AND_MATURATION_OF_HIV_VIRION,-0.5630057800584176,-1.067743805048881,0.42735042735042733,0.9189072733229849,1.0,6/21,16.62%,RPS27A;UBA52;UBB;CHMP3;CHMP2B;CHMP2A,KRT8+ DATP,Reactome
prerank,REACTOME_ORC1_REMOVAL_FROM_CHROMATIN,-0.545146347764959,-1.0663883720339147,0.3958333333333333,0.9203038775125674,1.0,16/45,23.82%,RPS27A;UBA52;UBB;PSMA3;PSMA2;PSMA4;PSMD8;PSMA1;PSMD3;PSMC5;PSMC1;PSMA7;PSMC3;PSME1;SKP1;PSMB6,KRT8+ DATP,Reactome
prerank,REACTOME_SIGNALING_BY_ALK_IN_CANCER,-0.5378010325402564,-1.0658914914491555,0.3885480572597137,0.9179278020709574,1.0,7/49,6.11%,RPS6;JUNB;RPS27A;UBA52;UBB;JUN;PRKAR1A,KRT8+ DATP,Reactome
prerank,REACTOME_MTORC1_MEDIATED_SIGNALLING,-0.5648649566031062,-1.0644130508593277,0.4427645788336933,0.9198226183672437,1.0,7/17,29.88%,RPS6;LAMTOR5;RRAGD;LAMTOR4;LAMTOR2;LAMTOR1;EIF4B,KRT8+ DATP,Reactome
prerank,REACTOME_CARDIAC_CONDUCTION,-0.5541441968780972,-1.0634989114789466,0.41286307053941906,0.9193455626372019,1.0,5/24,17.42%,CACNA2D2;CES1;NPR1;ATP1B3;ATP1A1,KRT8+ DATP,Reactome
prerank,REACTOME_M_DECAY_DEGRADATION_OF_MATERNAL_MRNAS_BY_MATERNALLY_STORED_FACTORS,-0.5669401933783887,-1.0634258854210237,0.4418604651162791,0.9155655963231977,1.0,11/20,35.42%,RPS2;PAIP2;CNOT8;EIF4A2;EIF4A3;EIF4A1;CNOT7;EIF4B;CNOT1;ZFP36L2;CNOT2,KRT8+ DATP,Reactome
prerank,REACTOME_BACTERIAL_INFECTION_PATHWAYS,-0.5358735160088067,-1.062747599960014,0.4194214876033058,0.9144808319897427,1.0,11/38,21.39%,RPS27A;B2M;UBA52;UBB;CD9;VAMP2;EEF2;FURIN;TLR2;SH3KBP1;RAB7A,KRT8+ DATP,Reactome
prerank,REACTOME_STABILIZATION_OF_P53,-0.5426668922815542,-1.0626323839781313,0.41372141372141374,0.9110081503449716,1.0,14/45,21.10%,RPS27A;UBA52;UBB;PSMA3;PSMA2;PSMA4;PSMD8;PSMA1;PSMD3;PSMC5;PSMC1;PSMA7;PSMC3;PSME1,KRT8+ DATP,Reactome
prerank,REACTOME_CLEC7A_DECTIN_1_SIGNALING,-0.5330886201145192,-1.062568038473761,0.4094650205761317,0.9073059922302845,1.0,17/64,21.95%,NFKBIA;RPS27A;UBA52;UBB;PSMA3;PSMA2;PSMA4;PSMD8;PSMA1;PSMD3;PSMC5;PSMC1;PSMA7;PSMC3;PSME1;PDPK1;SKP1,KRT8+ DATP,Reactome
prerank,REACTOME_MUSCLE_CONTRACTION,0.3878743349287133,1.0619822037593676,0.3333333333333333,0.8310092902661871,0.98,4/45,1.05%,ANXA2;ANXA1;TMOD3;TPM4,KRT8+ DATP,Reactome
prerank,REACTOME_SEPARATION_OF_SISTER_CHROMATIDS,-0.5270931280155543,-1.0618447179676789,0.3673469387755102,0.906408709932195,1.0,26/94,23.82%,RPS27;RPS27A;UBA52;UBB;PSMA3;RAD21;PSMA2;ANAPC16;PSMA4;PMF1;PSMD8;STAG2;PSMA1;PSMD3;PPP2R5A;PSMC5;PSMC1;UBE2E1;PSMA7;DYNC1LI1;PSMC3;PSME1;PPP2R1A;CDC26;SMC3;PSMB6,KRT8+ DATP,Reactome
prerank,REACTOME_INTERLEUKIN_4_AND_INTERLEUKIN_13_SIGNALING,-0.5438067932814581,-1.0610548066188268,0.3967280163599182,0.9057606552198859,1.0,5/36,3.80%,FOS;CEBPD;JUNB;CD36;MUC1,KRT8+ DATP,Reactome
prerank,REACTOME_APC_C_MEDIATED_DEGRADATION_OF_CELL_CYCLE_PROTEINS,-0.5333684313535326,-1.060103313139623,0.4094650205761317,0.9055429258943367,1.0,19/56,23.82%,RPS27A;UBA52;UBB;PSMA3;PSMA2;ANAPC16;PSMA4;PSMD8;PSMA1;PSMD3;PSMC5;PSMC1;UBE2E1;PSMA7;PSMC3;PSME1;SKP1;CDC26;PSMB6,KRT8+ DATP,Reactome
prerank,REACTOME_AUTOPHAGY,-0.5235182434813729,-1.0589258228170266,0.36639676113360325,0.9060931016475521,1.0,20/86,19.07%,EEF1A1;RNASE1;RPS27A;UBA52;UBB;TOMM7;GABARAPL2;TOMM20;MAP1LC3A;CHMP3;LAMP2;LAMTOR5;RB1CC1;CHMP2B;HSPA8;PARK7;CHMP2A;RRAGD;LAMTOR4;DYNC1LI1,KRT8+ DATP,Reactome
prerank,REACTOME_REGULATION_OF_RAS_BY_GAPS,-0.5416663706068613,-1.0587449711109875,0.39669421487603307,0.9029439441907158,1.0,14/48,21.10%,RPS27A;UBA52;UBB;PSMA3;PSMA2;PSMA4;PSMD8;PSMA1;PSMD3;PSMC5;PSMC1;PSMA7;PSMC3;PSME1,KRT8+ DATP,Reactome
prerank,REACTOME_CIRCADIAN_CLOCK,-0.5377025003116587,-1.0577899365958483,0.4110429447852761,0.9029308595680648,1.0,3/37,4.26%,RPS27A;UBA52;UBB,KRT8+ DATP,Reactome
prerank,REACTOME_SWITCHING_OF_ORIGINS_TO_A_POST_REPLICATIVE_STATE,-0.5363883221253243,-1.0567722985352437,0.41458333333333336,0.9031463509766587,1.0,19/55,23.82%,RPS27A;UBA52;UBB;PSMA3;PSMA2;ANAPC16;PSMA4;PSMD8;PSMA1;PSMD3;PSMC5;PSMC1;UBE2E1;PSMA7;PSMC3;PSME1;SKP1;CDC26;PSMB6,KRT8+ DATP,Reactome
prerank,REACTOME_MATERNAL_TO_ZYGOTIC_TRANSITION_MZT,-0.5417836418059927,-1.0548986037470423,0.44142259414225943,0.906764696374783,1.0,7/28,21.04%,RPS2;PAIP2;CNOT8;EIF4A2;METTL23;EIF4A3;EIF4A1,KRT8+ DATP,Reactome
prerank,REACTOME_RUNX1_INTERACTS_WITH_CO_FACTORS_WHOSE_PRECISE_EFFECT_ON_RUNX1_TARGETS_IS_NOT_KNOWN,0.3768342790060651,1.0502539214346869,0.30434782608695654,0.8246577214843839,0.984,27/27,62.51%,RUNX1;SMARCC1;ARID1B;CSNK2A1;SMARCA4;AUTS2;PCGF5;CBX6;SCMH1;ARID2;ACTL6A;SMARCC2;HIPK2;SMARCA2;PHC3;SMARCD3;BMI1;CBFB;ARID1A;CBX4;SMARCB1;RYBP;RING1;SMARCD2;CSNK2B;EP300;SMARCE1,KRT8+ DATP,Reactome
prerank,REACTOME_G2_M_DNA_DAMAGE_CHECKPOINT,0.4312695007866794,1.049261781275791,0.2972972972972973,0.7985087347890398,0.984,2/21,1.87%,SFN;YWHAZ,KRT8+ DATP,Reactome
prerank,REACTOME_DEGRADATION_OF_AXIN,-0.5356373067327492,-1.0472329748482359,0.4318181818181818,0.9316713265546255,1.0,14/47,21.10%,RPS27A;UBA52;UBB;PSMA3;PSMA2;PSMA4;PSMD8;PSMA1;PSMD3;PSMC5;PSMC1;PSMA7;PSMC3;PSME1,KRT8+ DATP,Reactome
prerank,REACTOME_TGF_BETA_RECEPTOR_SIGNALING_ACTIVATES_SMADS,-0.5363213841629314,-1.0470616616240733,0.4495798319327731,0.9283876785508832,1.0,3/26,4.26%,RPS27A;UBA52;UBB,KRT8+ DATP,Reactome
prerank,REACTOME_REGULATION_OF_TP53_ACTIVITY_THROUGH_PHOSPHORYLATION,-0.530045677879253,-1.0459759678194365,0.4405010438413361,0.9288111274286389,1.0,3/36,4.26%,RPS27A;UBA52;UBB,KRT8+ DATP,Reactome
prerank,REACTOME_RUNX1_REGULATES_TRANSCRIPTION_OF_GENES_INVOLVED_IN_DIFFERENTIATION_OF_HSCS,-0.5343923925350581,-1.0450530155675997,0.43568464730290457,0.9283670200412215,1.0,14/50,21.10%,RPS27A;UBA52;UBB;PSMA3;PSMA2;PSMA4;PSMD8;PSMA1;PSMD3;PSMC5;PSMC1;PSMA7;PSMC3;PSME1,KRT8+ DATP,Reactome
prerank,REACTOME_SEMA4D_IN_SEMAPHORIN_SIGNALING,0.40179158336627163,1.0448773499665602,0.38235294117647056,0.7805666294583532,0.986,6/16,11.07%,MYH9;RHOC;MET;ERBB2;MYL9;MYH14,KRT8+ DATP,Reactome
prerank,REACTOME_SIGNALING_BY_THE_B_CELL_RECEPTOR_BCR,-0.5233020033445182,-1.0439537204627285,0.4156378600823045,0.9288869308918385,1.0,17/64,21.95%,NFKBIA;RPS27A;UBA52;UBB;PSMA3;PSMA2;PSMA4;PSMD8;PSMA1;PSMD3;PSMC5;PSMC1;PSMA7;PSMC3;PSME1;SH3KBP1;SKP1,KRT8+ DATP,Reactome
prerank,REACTOME_REGULATION_OF_RUNX3_EXPRESSION_AND_ACTIVITY,-0.5288973039870859,-1.043521042387777,0.42857142857142855,0.926755258845084,1.0,14/46,21.10%,RPS27A;UBA52;UBB;PSMA3;PSMA2;PSMA4;PSMD8;PSMA1;PSMD3;PSMC5;PSMC1;PSMA7;PSMC3;PSME1,KRT8+ DATP,Reactome
prerank,REACTOME_RHOF_GTPASE_CYCLE,0.361214325363061,1.0427513962839852,0.35294117647058826,0.7595022659348459,0.986,6/18,7.16%,BAIAP2L1;CAV1;RHOF;DIAPH1;FARP1;CAPZB,KRT8+ DATP,Reactome
prerank,REACTOME_PROTEIN_UBIQUITINATION,-0.531024227229086,-1.0418105652081708,0.425,0.9291748463496485,1.0,3/37,4.26%,RPS27A;UBA52;UBB,KRT8+ DATP,Reactome
prerank,REACTOME_REGULATION_OF_PLK1_ACTIVITY_AT_G2_M_TRANSITION,-0.538611005900343,-1.0415206974812161,0.429769392033543,0.9263157071059692,1.0,4/31,9.38%,RPS27A;UBA52;UBB;SDCCAG8,KRT8+ DATP,Reactome
prerank,REACTOME_DEACTIVATION_OF_THE_BETA_CATENIN_TRANSACTIVATING_COMPLEX,-0.5442288328355442,-1.0409136234971557,0.4617067833698031,0.9248477855793323,1.0,3/17,4.26%,RPS27A;UBA52;UBB,KRT8+ DATP,Reactome
prerank,REACTOME_UCH_PROTEINASES,-0.5252923615128301,-1.040489467424609,0.46421267893660534,0.9226314966454041,1.0,18/58,23.82%,RPS27A;UBA52;UBB;PSMA3;PSMA2;PSMA4;PSMD8;TGFBR2;PSMA1;PSMD3;PSMC5;PSMC1;PSMA7;PSMC3;PSME1;NEDD8;YY1;PSMB6,KRT8+ DATP,Reactome
prerank,REACTOME_REGULATION_OF_PTEN_STABILITY_AND_ACTIVITY,-0.5286124572748725,-1.0392150842605992,0.43917525773195876,0.9234693294133928,1.0,16/52,21.10%,RPS27A;UBA52;UBB;PSMA3;PSMA2;PSMA4;USP13;PSMD8;PSMA1;PSMD3;AKT1;PSMC5;PSMC1;PSMA7;PSMC3;PSME1,KRT8+ DATP,Reactome
prerank,REACTOME_SLC_TRANSPORTER_DISORDERS,-0.5529359541779079,-1.03605840671494,0.4789915966386555,0.9315506969242385,1.0,2/22,8.88%,SLC34A2;NUP58,KRT8+ DATP,Reactome
prerank,REACTOME_LYSOSOME_VESICLE_BIOGENESIS,-0.5330246909490727,-1.035232945712761,0.4703389830508475,0.9307695201441086,1.0,6/22,18.84%,BLOC1S1;VAMP2;M6PR;HSPA8;CHMP2A;DNASE2,KRT8+ DATP,Reactome
prerank,REACTOME_C_TYPE_LECTIN_RECEPTORS_CLRS,-0.5167872649775674,-1.0348893166327326,0.44123711340206184,0.9283501461386366,1.0,18/72,21.95%,NFKBIA;RPS27A;MUC1;UBA52;UBB;PSMA3;PSMA2;PSMA4;PSMD8;PSMA1;PSMD3;PSMC5;PSMC1;PSMA7;PSMC3;PSME1;PDPK1;SKP1,KRT8+ DATP,Reactome
prerank,REACTOME_BIOSYNTHESIS_OF_THE_N_GLYCAN_PRECURSOR_DOLICHOL_LIPID_LINKED_OLIGOSACCHARIDE_LLO_AND_TRANSFER_TO_A_NASCENT_PROTEIN,-0.5293893179956257,-1.0322958237285507,0.4488517745302714,0.934449327071353,1.0,10/32,20.79%,PMM1;DPM2;MVD;DPM3;NUDT14;ALG5;ST6GALNAC4;GFPT1;ST3GAL5;SLC35A1,KRT8+ DATP,Reactome
prerank,REACTOME_SPHINGOLIPID_METABOLISM,-0.5233368825638781,-1.0312064497804223,0.44834710743801653,0.9352459373354126,1.0,9/38,21.62%,ASAH1;SPTSSA;CERS2;ORMDL1;M6PR;KDSR;DEGS1;ST3GAL5;HEXB,KRT8+ DATP,Reactome
prerank,REACTOME_DNA_REPLICATION_PRE_INITIATION,-0.5213484502329885,-1.0295042688743778,0.465979381443299,0.9377564321399107,1.0,18/58,23.82%,RPS27A;UBA52;UBB;PSMA3;PSMA2;ANAPC16;PSMA4;PSMD8;PSMA1;PSMD3;PSMC5;PSMC1;UBE2E1;PSMA7;PSMC3;PSME1;CDC26;PSMB6,KRT8+ DATP,Reactome
prerank,REACTOME_RESPIRATORY_SYNCYTIAL_VIRUS_INFECTION_PATHWAY,-0.513152169025185,-1.0260052621826412,0.4539877300613497,0.9465977954457218,1.0,17/58,20.81%,RPS27A;UBA52;UBB;SEC11C;SPCS2;RAB5C;SDC4;SPCS1;MED21;SDC2;HSPA8;FURIN;GPC4;MED11;MED30;TLR2;MED4,KRT8+ DATP,Reactome
prerank,REACTOME_RNA_POLYMERASE_III_TRANSCRIPTION,-0.5493284993068227,-1.0242355755995256,0.4989339019189765,0.9494292532681275,1.0,5/19,19.62%,POLR2L;POLR3H;POLR2K;POLR1D;POLR3GL,KRT8+ DATP,Reactome
prerank,REACTOME_HOMOLOGY_DIRECTED_REPAIR,-0.5176119681265252,-1.0228507763300385,0.49148936170212765,0.9509871300523045,1.0,14/31,33.69%,RPS27A;UBA52;UBB;RFC1;UBE2V2;RAD1;PCNA;BABAM1;POLD2;PARP1;POLE4;RAD50;SUMO2;KAT5,KRT8+ DATP,Reactome
prerank,REACTOME_POST_TRANSLATIONAL_MODIFICATION_SYNTHESIS_OF_GPI_ANCHORED_PROTEINS,-0.5420744215200497,-1.0220643492173465,0.47619047619047616,0.9501548407958684,1.0,7/17,19.58%,DPM2;PIGP;DPM3;CPM;GPAA1;ALPL;PIGA,KRT8+ DATP,Reactome
prerank,REACTOME_MITOCHONDRIAL_BIOGENESIS,-0.5149808950872211,-1.0214214914749464,0.4876543209876543,0.9488623754588206,1.0,15/54,20.59%,MT-ATP6;ATP5PO;ATP5F1E;ATP5F1A;ATP5MG;ATP5MJ;SOD2;ATP5F1B;ATP5PB;ATP5MC2;CYCS;ATP5MK;ATP5PD;GABPB1;ESRRA,KRT8+ DATP,Reactome
prerank,REACTOME_METABOLISM_OF_POLYAMINES,-0.5202683453306062,-1.019929127880642,0.48459958932238195,0.9503043444629509,1.0,15/46,21.41%,OAZ1;PSMA3;PSMA2;AMD1;SAT1;PSMA4;PSMD8;PSMA1;PSMD3;PSMC5;PSMC1;PSMA7;PSMC3;PSME1;OAZ2,KRT8+ DATP,Reactome
prerank,REACTOME_NUCLEAR_ENVELOPE_BREAKDOWN,0.3649903090261353,1.0191409983586557,0.38235294117647056,0.7852017222133632,0.99,1/16,0.64%,LMNA,KRT8+ DATP,Reactome
prerank,REACTOME_RSV_HOST_INTERACTIONS,-0.5161915939195265,-1.0180284461455904,0.47010309278350515,0.9534520274798589,1.0,11/41,20.81%,RPS27A;UBA52;UBB;SDC4;MED21;SDC2;GPC4;MED11;MED30;TLR2;MED4,KRT8+ DATP,Reactome
prerank,REACTOME_PLATELET_ACTIVATION_SIGNALING_AND_AGGREGATION,-0.5055883023357537,-1.017695370590763,0.46558704453441296,0.9511541004613487,1.0,15/92,13.27%,SELENOP;CD63;TMSB4X;TTN;CD36;SERPINA1;ALDOA;SERPING1;CD9;GNG5;SERPINF2;APOH;LAMP2;TEX264;RAP1A,KRT8+ DATP,Reactome
prerank,REACTOME_ABC_FAMILY_PROTEINS_MEDIATED_TRANSPORT,-0.5087222686655515,-1.0169252497783787,0.487551867219917,0.9501673354242961,1.0,17/56,21.10%,RPS27A;ABCA3;UBA52;UBB;ERLEC1;PSMA3;PSMA2;PSMA4;PSMD8;PSMA1;PSMD3;OS9;PSMC5;PSMC1;PSMA7;PSMC3;PSME1,KRT8+ DATP,Reactome
prerank,REACTOME_HIV_INFECTION,-0.5021733431812285,-1.0143524551167749,0.4827586206896552,0.9553784486305883,1.0,38/141,24.33%,RPS27A;POLR2C;B2M;UBA52;SLC25A5;UBB;SLC25A4;POLR2L;PSMA3;AP2S1;SLC25A6;ELOA;PSMA2;NUP58;PSMA4;POLR2G;POLR2J;CHMP3;PSMD8;POLR2K;PSMA1;CHMP2B;PSMD3;FURIN;CHMP2A;PSMC5;PSMC1;GTF2A2;PSMA7;PSMC3;PSME1;GTF2H5;NELFE;SKP1;TAF11;RANBP1;PSMB6;POLR2I,KRT8+ DATP,Reactome
prerank,REACTOME_ADAPTIVE_IMMUNE_SYSTEM,-0.4899153505486168,-1.013686955579108,0.46693386773547096,0.953948199439896,1.0,65/277,22.81%,SFTPD;CTSH;HLA-DRA;NFKBIA;RPS27A;CD74;HLA-DRB5;CD36;LGMN;B2M;UBA52;UBB;CXADR;HMGB1;COLEC12;HLA-DRB1;PSMA3;AP2S1;HLA-DQB1;HLA-DMA;CTSS;RILP;CTSC;MYLIP;PSMA2;PSMA4;CAPZA2;S100A9;SPSB2;DCTN6;PSMD8;CANX;RAP1A;PSMA1;C3;PSMD3;FBXL15;PPP2R5A;AKT1;CALR;PSMC5;PSMC1;KIF22;UBE2E1;CD81;UBE2V2;PSMA7;SAR1B;DYNC1LI1;PSMC3;TLR2;SEC61G;PSME1;UFL1;SH3KBP1;RAB7A;SOCS3;ACTR10;PDPK1;SKP1;SEC61B;PPP2R1A;DCTN3;FBXW4;CDC26,KRT8+ DATP,Reactome
prerank,REACTOME_REGULATION_OF_MRNA_STABILITY_BY_PROTEINS_THAT_BIND_AU_RICH_ELEMENTS,-0.5055515424102883,-1.0132816655637888,0.4927835051546392,0.9519345880055091,1.0,19/67,21.10%,RPS27A;UBA52;UBB;PSMA3;ZFP36;PSMA2;PSMA4;PSMD8;ANP32A;PSMA1;PSMD3;HSPA8;AKT1;PSMC5;PSMC1;PSMA7;PSMC3;EXOSC7;PSME1,KRT8+ DATP,Reactome
prerank,REACTOME_ARACHIDONIC_ACID_METABOLISM,-0.5412694596528046,-1.0131215375808407,0.513978494623656,0.9488428025978602,1.0,6/15,24.83%,PON3;ALOX15B;GPX4;LTA4H;CYP1B1;PTGES3,KRT8+ DATP,Reactome
prerank,REACTOME_CARGO_CONCENTRATION_IN_THE_ER,-0.5514819378097366,-1.0126999878588427,0.5010570824524313,0.9467938937149828,1.0,8/19,21.72%,CD59;SERPINA1;CTSC;MCFD2;TMED10;CNIH1;SAR1B;LMAN1,KRT8+ DATP,Reactome
prerank,REACTOME_TELOMERE_MAINTENANCE,-0.5139389269552279,-1.0126587313577267,0.48232848232848236,0.9433986234953413,1.0,13/33,30.83%,POLR2C;POLR2L;POLR2G;RFC1;POLR2J;POLR2K;PPP6C;PCNA;NOP10;POLR2I;CHTF8;POLD2;TERF2IP,KRT8+ DATP,Reactome
prerank,REACTOME_RNA_POLYMERASE_I_PROMOTER_ESCAPE,-0.5514004029468326,-1.0115576205787062,0.5010845986984815,0.9439328939658103,1.0,4/15,21.14%,POLR2L;POLR2K;POLR1D;GTF2H5,KRT8+ DATP,Reactome
prerank,REACTOME_RHOU_GTPASE_CYCLE,0.34907436691535865,1.0098816116646017,0.4,0.781045988508913,0.99,3/20,1.89%,DST;MYO6;SPTAN1,KRT8+ DATP,Reactome
prerank,REACTOME_ION_CHANNEL_TRANSPORT,-0.5151215246180613,-1.0098080214967564,0.5113871635610766,0.9461921029008523,1.0,12/51,17.42%,ATP6V0E1;RPS27A;UBA52;UBB;ATP6V0D1;ATP2C1;TSC22D3;ATP6V0B;ATP8A2;ATP6V1G1;ATP1B3;ATP1A1,KRT8+ DATP,Reactome
prerank,REACTOME_SYNTHESIS_OF_DNA,-0.5051510224011746,-1.0090864339279957,0.49586776859504134,0.9452972433212917,1.0,21/65,23.82%,RPS27A;UBA52;UBB;PSMA3;PSMA2;ANAPC16;PSMA4;RFC1;PSMD8;PSMA1;PSMD3;PSMC5;PSMC1;UBE2E1;PSMA7;PSMC3;PCNA;PSME1;SKP1;CDC26;PSMB6,KRT8+ DATP,Reactome
prerank,REACTOME_REGULATION_OF_RUNX2_EXPRESSION_AND_ACTIVITY,-0.5106790053011866,-1.0086729974283075,0.5041322314049587,0.9432035023264072,1.0,17/54,21.95%,RPS27A;UBA52;UBB;PSMA3;PSMA2;PSMA4;BMP2;PSMD8;PSMA1;PSMD3;PSMC5;PSMC1;PSMA7;PSMC3;ESRRA;PSME1;SKP1,KRT8+ DATP,Reactome
prerank,REACTOME_SIGNALING_BY_TGF_BETA_RECEPTOR_COMPLEX,-0.49812502487259736,-1.0086718892907165,0.49793388429752067,0.939767939301824,1.0,4/53,4.26%,JUNB;RPS27A;UBA52;UBB,KRT8+ DATP,Reactome
prerank,REACTOME_TRANSCRIPTION_OF_THE_HIV_GENOME,-0.5144956964141317,-1.007036681472355,0.49387755102040815,0.9415361728462454,1.0,11/44,24.33%,POLR2C;POLR2L;ELOA;POLR2G;POLR2J;POLR2K;GTF2A2;GTF2H5;NELFE;TAF11;POLR2I,KRT8+ DATP,Reactome
prerank,REACTOME_DNA_REPLICATION,-0.5025032289947671,-1.0019007342748942,0.5216494845360825,0.955565229343745,1.0,21/67,23.82%,RPS27A;UBA52;UBB;PSMA3;PSMA2;ANAPC16;PSMA4;RFC1;PSMD8;PSMA1;PSMD3;PSMC5;PSMC1;UBE2E1;PSMA7;PSMC3;PCNA;PSME1;SKP1;CDC26;PSMB6,KRT8+ DATP,Reactome
prerank,REACTOME_MTOR_SIGNALLING,-0.5208317483391324,-0.9973885794648488,0.5391120507399577,0.967029676307821,1.0,5/23,18.70%,RPS6;LAMTOR5;AKT1;RRAGD;LAMTOR4,KRT8+ DATP,Reactome
prerank,REACTOME_LATE_SARS_COV_2_INFECTION_EVENTS,-0.5075603549662097,-0.9966028258221868,0.5273109243697479,0.9662664358815273,1.0,11/35,22.36%,RPS27A;UBA52;UBB;CANX;FURIN;ST6GALNAC4;TMPRSS2;RPN2;DAD1;SUMO1;PARP9,KRT8+ DATP,Reactome
prerank,REACTOME_MITOTIC_SPINDLE_CHECKPOINT,-0.5031196892998453,-0.9961764323928866,0.5277207392197125,0.9642425219736269,1.0,12/41,30.77%,RPS27;ANAPC16;PMF1;PPP2R5A;UBE2E1;DYNC1LI1;PPP2R1A;CDC26;BUB3;MAPRE1;PPP1CC;ANAPC10,KRT8+ DATP,Reactome
prerank,REACTOME_SLC_MEDIATED_TRANSMEMBRANE_TRANSPORT,-0.5065878542911405,-0.9954345901297301,0.508130081300813,0.9632290825886238,1.0,15/58,20.79%,SLC34A2;SLC25A5;SLC25A4;SLC39A8;SLCO4C1;SLC25A6;ARL2;SLC2A3;SLC50A1;SLC44A1;SLC25A11;SLC6A14;SLC1A5;SLC30A5;SLC35A1,KRT8+ DATP,Reactome
prerank,REACTOME_CARGO_RECOGNITION_FOR_CLATHRIN_MEDIATED_ENDOCYTOSIS,-0.49259051677477617,-0.9921582273789106,0.5182926829268293,0.970897074221747,1.0,12/45,25.57%,RPS27A;UBA52;UBB;AP2S1;VAMP2;ITSN2;M6PR;TFRC;SH3KBP1;NEDD8;COPS6;DAB2,KRT8+ DATP,Reactome
prerank,REACTOME_SCF_SKP2_MEDIATED_DEGRADATION_OF_P27_P21,-0.5019687422446757,-0.991710043962703,0.524896265560166,0.9687925612596098,1.0,17/47,21.95%,RPS27A;UBA52;UBB;PSMA3;PSMA2;PSMA4;PSMD8;CKS1B;PSMA1;PSMD3;PSMC5;PSMC1;CDK4;PSMA7;PSMC3;PSME1;SKP1,KRT8+ DATP,Reactome
prerank,REACTOME_SIGNALING_BY_FGFR_IN_DISEASE,-0.5088016853790799,-0.9898612677492872,0.5157232704402516,0.9714725451622284,1.0,9/31,24.33%,POLR2C;POLR2L;POLR2G;POLR2J;POLR2K;FGF7;FGFR2;FGFR1;POLR2I,KRT8+ DATP,Reactome
prerank,REACTOME_MITOTIC_METAPHASE_AND_ANAPHASE,-0.48705716378365016,-0.987761679555061,0.5415821501014199,0.9748341418338358,1.0,30/117,22.91%,RPS27;RPS27A;UBA52;UBB;PSMA3;RAD21;PSMA2;NUP58;ANAPC16;PSMA4;PMF1;CHMP3;PSMD8;STAG2;PSMA1;CHMP2B;PSMD3;PPP2R5A;CHMP2A;PSMC5;PSMC1;UBE2E1;PSMA7;DYNC1LI1;PSMC3;PSME1;SUMO1;PPP2R1A;CDC26;SMC3,KRT8+ DATP,Reactome
prerank,REACTOME_L1CAM_INTERACTIONS,0.326791071517956,0.9829802419266838,0.38461538461538464,0.8172071252356786,0.99,7/40,4.61%,EZR;CD24;SPTAN1;ITGA2;ITGAV;ITGB1;KCNQ3,KRT8+ DATP,Reactome
prerank,REACTOME_RESOLUTION_OF_SISTER_CHROMATID_COHESION,-0.4998464653239699,-0.9813081212617479,0.5723014256619144,0.9920739967100106,1.0,8/42,22.91%,RPS27;RAD21;PMF1;STAG2;PPP2R5A;DYNC1LI1;PPP2R1A;SMC3,KRT8+ DATP,Reactome
prerank,REACTOME_SIGNALING_BY_NOTCH4,-0.4921932252285869,-0.9772784540281283,0.5424430641821946,1.0,1.0,18/57,23.82%,RPS27A;UBA52;UBB;PSMA3;PSMA2;PSMA4;PSMD8;PSMA1;PSMD3;AKT1;PSMC5;PSMC1;PSMA7;PSMC3;PSME1;SKP1;APH1A;PSMB6,KRT8+ DATP,Reactome
prerank,REACTOME_RNA_POLYMERASE_I_TRANSCRIPTION_TERMINATION,-0.5305495037780902,-0.9759832120155046,0.544468546637744,1.0,1.0,4/16,21.14%,POLR2L;POLR2K;POLR1D;GTF2H5,KRT8+ DATP,Reactome
prerank,REACTOME_EARLY_SARS_COV_2_INFECTION_EVENTS,-0.5111557116150218,-0.975584886974592,0.5452631578947369,0.9988345125359609,1.0,10/26,19.13%,SDC4;ZCRB1;CHMP3;SDC2;CHMP2B;FURIN;CHMP2A;GPC4;TMPRSS2;ISCU,KRT8+ DATP,Reactome
prerank,REACTOME_SELECTIVE_AUTOPHAGY,-0.4915620076011802,-0.9755207804811065,0.5644171779141104,0.9955070044365725,1.0,12/49,23.39%,RPS27A;UBA52;UBB;TOMM7;TOMM20;MAP1LC3A;HSPA8;PARK7;DYNC1LI1;TOMM22;VDAC3;EPAS1,KRT8+ DATP,Reactome
prerank,REACTOME_RNA_POLYMERASE_II_TRANSCRIBES_SNRNA_GENES,-0.4979197843581345,-0.9752301147755048,0.5560165975103735,0.9928948489026581,1.0,8/41,17.28%,POLR2C;POLR2L;POLR2G;POLR2J;POLR2K;SSU72;PCF11;GTF2A2,KRT8+ DATP,Reactome
prerank,REACTOME_DNA_DOUBLE_STRAND_BREAK_REPAIR,-0.48941205557634226,-0.9749184937866122,0.5509355509355509,0.9903837048730258,1.0,16/41,33.69%,RPS27A;UBA52;UBB;RFC1;UBE2V2;RAD1;PCNA;SUMO1;BABAM1;POLD2;PARP1;POLE4;RAD50;XRCC6;SUMO2;KAT5,KRT8+ DATP,Reactome
prerank,REACTOME_NCAM_SIGNALING_FOR_NEURITE_OUT_GROWTH,0.36749114995022536,0.9748305995604534,0.4318181818181818,0.813394992824111,0.99,6/16,11.19%,SPTAN1;ST8SIA4;AGRN;HRAS;PTK2;CREB1,KRT8+ DATP,Reactome
prerank,REACTOME_TRANSMISSION_ACROSS_CHEMICAL_SYNAPSES,-0.49023165203286156,-0.97203842788834,0.5760649087221096,0.995785135981913,1.0,9/61,11.60%,CACNA2D2;NRGN;PRKAR1A;KCNJ15;AP2S1;MAOA;GNG5;VAMP2;RASGRF1,KRT8+ DATP,Reactome
prerank,REACTOME_HEDGEHOG_OFF_STATE,-0.4877011700454667,-0.9701334525051039,0.6033057851239669,0.9981609633931645,1.0,16/58,21.95%,RPS27A;UBA52;UBB;PRKAR1A;PSMA3;PSMA2;PSMA4;PSMD8;PSMA1;PSMD3;PSMC5;PSMC1;PSMA7;PSMC3;PSME1;SKP1,KRT8+ DATP,Reactome
prerank,REACTOME_FORMATION_OF_RNA_POL_II_ELONGATION_COMPLEX,-0.5022155123373312,-0.9695731346387282,0.578838174273859,0.9964543457241394,1.0,6/41,12.71%,POLR2C;POLR2L;ELOA;POLR2G;POLR2J;POLR2K,KRT8+ DATP,Reactome
prerank,REACTOME_INSULIN_RECEPTOR_RECYCLING,-0.5270262850891451,-0.9676425950828619,0.579520697167756,0.9988937296510298,1.0,8/17,27.72%,ATP6V0E1;ATP6V0D1;ATP6V0B;ATP6V1G1;ATP6V1A;INSR;ATP6AP1;ATP6V1E1,KRT8+ DATP,Reactome
prerank,REACTOME_TRANSLATION_OF_SARS_COV_2_STRUCTURAL_PROTEINS,-0.4954395730888444,-0.967289149808941,0.5873684210526315,0.9965743293590563,1.0,9/32,22.36%,RPS27A;UBA52;UBB;CANX;ST6GALNAC4;RPN2;DAD1;SUMO1;PARP9,KRT8+ DATP,Reactome
prerank,REACTOME_INTERCONVERSION_OF_NUCLEOTIDE_DI_AND_TRIPHOSPHATES,-0.5180045799454771,-0.9672877303803713,0.5540838852097131,0.9932188602366353,1.0,1/16,0.93%,AK1,KRT8+ DATP,Reactome
prerank,REACTOME_CYCLIN_A_CDK2_ASSOCIATED_EVENTS_AT_S_PHASE_ENTRY,-0.48616120643575084,-0.9664386222103786,0.5711340206185567,0.9924251998713737,1.0,19/59,21.95%,RPS27A;UBA52;UBB;PSMA3;PSMA2;PSMA4;PSMD8;RBL2;CKS1B;PSMA1;PSMD3;AKT1;PSMC5;PSMC1;CDK4;PSMA7;PSMC3;PSME1;SKP1,KRT8+ DATP,Reactome
prerank,REACTOME_BETA_CATENIN_INDEPENDENT_WNT_SIGNALING,-0.4835906590358301,-0.9658445757329139,0.5918367346938775,0.9909963764990725,1.0,17/74,21.10%,RPS27A;UBA52;UBB;PSMA3;AP2S1;PSMA2;GNG5;PSMA4;PSMD8;PSMA1;PSMD3;FZD5;PSMC5;PSMC1;PSMA7;PSMC3;PSME1,KRT8+ DATP,Reactome
prerank,REACTOME_HIV_LIFE_CYCLE,-0.48488201203116527,-0.9658344262128277,0.6073619631901841,0.987717845025284,1.0,19/82,22.93%,RPS27A;POLR2C;UBA52;UBB;POLR2L;ELOA;NUP58;POLR2G;POLR2J;CHMP3;POLR2K;CHMP2B;FURIN;CHMP2A;GTF2A2;GTF2H5;NELFE;TAF11;RANBP1,KRT8+ DATP,Reactome
prerank,REACTOME_MITOCHONDRIAL_CALCIUM_ION_TRANSPORT,-0.5138943129553398,-0.9655926077028308,0.5534188034188035,0.9851776130845897,1.0,7/16,35.23%,AKAP1;SMDT1;PMPCB;VDAC3;PHB2;STOML2;VDAC1,KRT8+ DATP,Reactome
prerank,REACTOME_FOXO_MEDIATED_TRANSCRIPTION,-0.5012059710286154,-0.9640845097653205,0.5660377358490566,0.9860894765328232,1.0,5/30,8.06%,TXNIP;BTG1;CAT;CITED2;SOD2,KRT8+ DATP,Reactome
prerank,REACTOME_CHROMOSOME_MAINTENANCE,-0.48660469161373826,-0.962272584482249,0.577639751552795,0.988210265803002,1.0,8/42,14.50%,POLR2C;POLR2L;CENPX;POLR2G;RFC1;POLR2J;POLR2K;PPP6C,KRT8+ DATP,Reactome
prerank,REACTOME_NUCLEAR_EVENTS_MEDIATED_BY_NFE2L2,-0.4797411386989666,-0.9607761610350274,0.5979591836734693,0.9893140949172445,1.0,17/68,21.95%,SOD3;RPS27A;UBA52;UBB;PSMA3;PSMA2;PSMA4;PSMD8;PSMA1;PSMD3;PSMC5;PSMC1;PSMA7;PSMC3;PSME1;HMOX1;SKP1,KRT8+ DATP,Reactome
prerank,REACTOME_NUCLEOTIDE_EXCISION_REPAIR,-0.47816734739534195,-0.9574841813321978,0.6029106029106029,0.9954519519699372,1.0,19/69,25.01%,RPS27A;POLR2C;UBA52;UBB;POLR2L;POLR2G;RFC1;POLR2J;POLR2K;XAB2;UBE2V2;PCNA;GTF2H5;SUMO1;RAD23A;YY1;COPS6;POLR2I;CETN2,KRT8+ DATP,Reactome
prerank,REACTOME_ACTIVATION_OF_NMDA_RECEPTORS_AND_POSTSYNAPTIC_EVENTS,-0.4952293748959495,-0.9557868491909265,0.5781893004115226,0.9967679379444085,1.0,3/27,11.60%,NRGN;PRKAR1A;RASGRF1,KRT8+ DATP,Reactome
prerank,REACTOME_TNFR2_NON_CANONICAL_NF_KB_PATHWAY,-0.48461997986076205,-0.9539780925762266,0.6,0.9985235047454534,1.0,15/54,21.95%,RPS27A;UBA52;UBB;PSMA3;PSMA2;PSMA4;PSMD8;PSMA1;PSMD3;PSMC5;PSMC1;PSMA7;PSMC3;PSME1;SKP1,KRT8+ DATP,Reactome
prerank,REACTOME_THE_ROLE_OF_GTSE1_IN_G2_M_PROGRESSION_AFTER_G2_CHECKPOINT,-0.4872698227945876,-0.953654303606303,0.6099585062240664,0.9962292715278703,1.0,14/47,21.10%,RPS27A;UBA52;UBB;PSMA3;PSMA2;PSMA4;PSMD8;PSMA1;PSMD3;PSMC5;PSMC1;PSMA7;PSMC3;PSME1,KRT8+ DATP,Reactome
prerank,REACTOME_SIGNALING_BY_INSULIN_RECEPTOR,-0.49018693212156605,-0.951153888184286,0.5895833333333333,1.0,1.0,13/33,27.87%,ATP6V0E1;ATP6V0D1;ATP6V0B;ATP6V1G1;FGF7;ATP6V1A;FGFR2;PDPK1;INSR;FGFR1;ATP6AP1;ATP6V1E1;THEM4,KRT8+ DATP,Reactome
prerank,REACTOME_CELLULAR_SENESCENCE,-0.4681138253914555,-0.9497386777682253,0.6371134020618556,1.0,1.0,5/66,4.46%,FOS;RPS27A;UBA52;UBB;JUN,KRT8+ DATP,Reactome
prerank,REACTOME_CITRIC_ACID_CYCLE_TCA_CYCLE,-0.48303008615167775,-0.9494520041297567,0.5940803382663847,0.9983665904700433,1.0,17/27,41.46%,ACAT1;SUCLG1;SDHB;IDH3B;SDHD;ISCU;FH;ISCA2;SDHC;MDH2;SUCLG2;IDH3G;SDHAF3;DLD;NNT;SDHAF1;ACO2,KRT8+ DATP,Reactome
prerank,REACTOME_O_LINKED_GLYCOSYLATION_OF_MUCINS,-0.5125308020209708,-0.948910216941417,0.5720430107526882,0.9966862634672936,1.0,4/18,18.39%,MUC1;B3GNT8;C1GALT1;ST6GALNAC4,KRT8+ DATP,Reactome
prerank,REACTOME_ESR_MEDIATED_SIGNALING,-0.47328870792103267,-0.9465348201111525,0.6247464503042597,1.0,1.0,12/79,13.45%,FOS;POLR2C;JUN;POLR2L;EBAG9;RAD21;GNG5;POLR2G;FOSB;POLR2J;POLR2K;STAG2,KRT8+ DATP,Reactome
prerank,REACTOME_REGULATED_NECROSIS,-0.4831588792266418,-0.9449997588448643,0.6136363636363636,1.0,1.0,8/35,17.75%,RPS27A;UBA52;UBB;HMGB1;CHMP3;CHMP2B;CHMP2A;CYCS,KRT8+ DATP,Reactome
prerank,REACTOME_DEADENYLATION_OF_MRNA,-0.49976077734261337,-0.9433978264594569,0.5927505330490405,1.0,1.0,9/15,35.68%,CNOT8;EIF4A2;EIF4A3;EIF4A1;CNOT7;EIF4B;CNOT1;CNOT2;PARN,KRT8+ DATP,Reactome
prerank,REACTOME_G1_S_DNA_DAMAGE_CHECKPOINTS,-0.47917384366651083,-0.9433598100970035,0.6268041237113402,0.9989791522799579,1.0,14/47,21.10%,RPS27A;UBA52;UBB;PSMA3;PSMA2;PSMA4;PSMD8;PSMA1;PSMD3;PSMC5;PSMC1;PSMA7;PSMC3;PSME1,KRT8+ DATP,Reactome
prerank,REACTOME_RMTS_METHYLATE_HISTONE_ARGININES,-0.5111190654211987,-0.9430265702145049,0.6132478632478633,0.9966606412944387,1.0,1/19,1.93%,RPS2,KRT8+ DATP,Reactome
prerank,REACTOME_PTEN_REGULATION,-0.4654990151252473,-0.939704845598157,0.6619144602851323,1.0,1.0,22/94,21.10%,RPS27A;UBA52;UBB;JUN;EGR1;PSMA3;PSMA2;PSMA4;USP13;PSMD8;LAMTOR5;PSMA1;PSMD3;AKT1;MAF1;PSMC5;PSMC1;RRAGD;LAMTOR4;PSMA7;PSMC3;PSME1,KRT8+ DATP,Reactome
prerank,REACTOME_DEGRADATION_OF_BETA_CATENIN_BY_THE_DESTRUCTION_COMPLEX,-0.4660766348520569,-0.9390631812960155,0.6521739130434783,1.0,1.0,18/60,23.82%,RPS27A;UBA52;UBB;PSMA3;PSMA2;PSMA4;PSMD8;PSMA1;PSMD3;PPP2R5A;PSMC5;PSMC1;PSMA7;PSMC3;PSME1;SKP1;PPP2R1A;PSMB6,KRT8+ DATP,Reactome
prerank,REACTOME_HCMV_LATE_EVENTS,-0.4901754774372281,-0.9363106331690471,0.614406779661017,1.0,1.0,5/27,16.62%,CEBPD;NUP58;CHMP3;CHMP2B;CHMP2A,KRT8+ DATP,Reactome
prerank,REACTOME_INTERFERON_SIGNALING,-0.4622405913133109,-0.9318503893227136,0.6762295081967213,1.0,1.0,23/102,22.60%,HLA-DRA;RPS27A;HLA-DRB5;B2M;UBA52;UBB;EGR1;CENPX;HLA-DRB1;HLA-DQB1;NUP58;EIF4A2;HSPA8;PPP2R5A;CD44;UBE2E1;PIN1;EIF4A3;TRIM8;EIF4A1;SOCS3;SUMO1;PPP2R1A,KRT8+ DATP,Reactome
prerank,REACTOME_NEUROTRANSMITTER_RECEPTORS_AND_POSTSYNAPTIC_SIGNAL_TRANSMISSION,-0.47568334024433223,-0.9306898789095853,0.6326530612244898,1.0,1.0,6/45,11.60%,NRGN;PRKAR1A;KCNJ15;AP2S1;GNG5;RASGRF1,KRT8+ DATP,Reactome
prerank,REACTOME_GLUCOSE_METABOLISM,-0.48108688464324667,-0.9303073366970548,0.60625,1.0,1.0,5/28,10.06%,ALDOA;PFKFB2;FBP1;NUP58;HK2,KRT8+ DATP,Reactome
prerank,REACTOME_LEISHMANIA_INFECTION,-0.4691070460247356,-0.9294947577702436,0.6483739837398373,1.0,1.0,9/60,16.10%,TXNIP;JUN;PRKAR1A;ARPC2;GNG5;ARPC1A;C3;BRK1;FURIN,KRT8+ DATP,Reactome
prerank,REACTOME_CELLULAR_RESPONSE_TO_HEAT_STRESS,-0.4754803420169279,-0.9280310953527255,0.6342975206611571,1.0,1.0,6/40,18.20%,EEF1A1;UBB;NUP58;MRPL18;HSPA8;ST13,KRT8+ DATP,Reactome
prerank,REACTOME_MITOTIC_G1_PHASE_AND_G1_S_TRANSITION,-0.4607233550788938,-0.9273491546568343,0.6516393442622951,1.0,1.0,23/74,23.82%,RPS27A;UBA52;UBB;PSMA3;PSMA2;CCND3;PSMA4;PSMD8;RBL2;CKS1B;PSMA1;PSMD3;AKT1;PSMC5;PSMC1;CDK4;PSMA7;PSMC3;PCNA;PSME1;SKP1;PPP2R1A;PSMB6,KRT8+ DATP,Reactome
prerank,REACTOME_G_ALPHA_Q_SIGNALLING_EVENTS,0.3230906624316725,0.9257665677340728,0.47058823529411764,0.8921490458725349,0.996,11/30,8.12%,ANXA1;TRIO;GNB2;GNG12;DGKD;APP;EDN1;GNB1;GNG10;HRAS;RPS6KA3,KRT8+ DATP,Reactome
prerank,REACTOME_ATF4_ACTIVATES_GENES_IN_RESPONSE_TO_ENDOPLASMIC_RETICULUM_STRESS,-0.49155831983083503,-0.9195639761846839,0.6167023554603854,1.0,1.0,10/17,36.94%,HERPUD1;CEBPB;EXOSC7;CXCL8;DDIT3;DIS3;EXOSC4;PARN;ATF4;CEBPG,KRT8+ DATP,Reactome
prerank,REACTOME_S_PHASE,-0.454371665508435,-0.9188403177298498,0.7244897959183674,1.0,1.0,28/90,23.82%,RPS27A;UBA52;UBB;PSMA3;RAD21;PSMA2;ANAPC16;PSMA4;RFC1;PSMD8;RBL2;CKS1B;STAG2;PSMA1;PSMD3;AKT1;PSMC5;PSMC1;CDK4;UBE2E1;PSMA7;PSMC3;PCNA;PSME1;SKP1;CDC26;SMC3;PSMB6,KRT8+ DATP,Reactome
prerank,REACTOME_SIGNALING_BY_WNT_IN_CANCER,0.3773652803440616,0.9187556110130423,0.5135135135135135,0.8845867075814453,0.998,5/18,6.07%,CSNK1A1;CTNNB1;TNKS;AXIN1;GSK3B,KRT8+ DATP,Reactome
prerank,REACTOME_B_WICH_COMPLEX_POSITIVELY_REGULATES_RRNA_EXPRESSION,-0.4846527929941038,-0.9063375156645623,0.6285714285714286,1.0,1.0,3/15,14.07%,POLR2L;POLR2K;POLR1D,KRT8+ DATP,Reactome
prerank,REACTOME_PYROPTOSIS,-0.4881207945267274,-0.9055033152102937,0.6157205240174672,1.0,1.0,5/15,17.75%,HMGB1;CHMP3;CHMP2B;CHMP2A;CYCS,KRT8+ DATP,Reactome
prerank,REACTOME_SIGNALING_BY_INTERLEUKINS,-0.4425399375565167,-0.9034978169248533,0.7560483870967742,1.0,1.0,40/186,18.82%,FOS;CEBPD;NFKBIA;JUNB;AGER;RPS27A;RPLP0;CSF3R;CD36;MUC1;CXCL2;UBA52;UBB;JUN;HMGB1;PSMA3;SOD2;MAOA;PSMA2;LIFR;PSMA4;VAMP2;HNRNPF;PSMD8;CANX;PSMA1;IL6ST;PTPN13;PSMD3;HSPA8;CNN2;AKT1;PSMC5;GSTO1;AIP;PSMC1;CISH;IL20RA;TOLLIP;PSMA7,KRT8+ DATP,Reactome
prerank,REACTOME_INTRAFLAGELLAR_TRANSPORT,0.3699218750000001,0.8986903131127286,0.5675675675675675,0.899848089367095,0.998,18/18,63.14%,TNPO1;TUBA1A;IFT81;DYNLL2;DYNC2I1;DYNLRB1;TUBA1B;IFT27;IFT22;KIF3B;IFT80;DYNC2LI1;IFT20;TUBA1C;IFT25;DYNC2I2;KIF3A;TUBB4B,KRT8+ DATP,Reactome
prerank,REACTOME_RETROGRADE_TRANSPORT_AT_THE_TRANS_GOLGI_NETWORK,-0.4592429286705031,-0.8983652233529805,0.649895178197065,1.0,1.0,5/26,15.96%,NAA38;NAPA;M6PR;STX10;SCOC,KRT8+ DATP,Reactome
prerank,REACTOME_UB_SPECIFIC_PROCESSING_PROTEASES,-0.44957433917908196,-0.8977402426376859,0.7382413087934561,1.0,1.0,24/94,26.06%,NFKBIA;RPS27A;UBA52;UBB;PSMA3;TOMM20;PSMA2;PSMA4;RHOT1;USP13;PSMD8;USP8;PSMA1;PSMD3;PSMC5;PSMC1;PSMA7;PSMC3;PSME1;VDAC3;PSMB6;RNF128;USP44;ATXN7,KRT8+ DATP,Reactome
prerank,REACTOME_PERK_REGULATES_GENE_EXPRESSION,-0.46970015578924845,-0.8968142669245739,0.6334745762711864,1.0,1.0,11/20,36.94%,HERPUD1;CEBPB;EXOSC7;CXCL8;DDIT3;EIF2S2;DIS3;EXOSC4;PARN;ATF4;CEBPG,KRT8+ DATP,Reactome
prerank,REACTOME_ION_TRANSPORT_BY_P_TYPE_ATPASES,-0.48257494688419006,-0.8942145110912673,0.6652542372881356,1.0,1.0,7/18,29.08%,ATP2C1;ATP8A2;ATP1B3;ATP1A1;ATP8A1;ATP2C2;PDZD11,KRT8+ DATP,Reactome
prerank,REACTOME_M_PHASE,-0.43641431732916847,-0.8924384282449674,0.8,1.0,1.0,36/160,22.91%,RPS27;RPS27A;UBA52;UBB;ENSA;PSMA3;RAD21;PSMA2;SMC4;NUP58;ANAPC16;PSMA4;SDCCAG8;PMF1;CHMP3;PSMD8;STAG2;PSMA1;CHMP2B;PSMD3;PPP2R5A;CHMP2A;PSMC5;PSMC1;RAB1A;USO1;UBE2E1;PSMA7;DYNC1LI1;PSMC3;PSME1;SUMO1;PPP2R1A;DCTN3;CDC26;SMC3,KRT8+ DATP,Reactome
prerank,REACTOME_RNA_POLYMERASE_II_PRE_TRANSCRIPTION_EVENTS,-0.4561584544925492,-0.8910965991457911,0.7063655030800822,1.0,1.0,11/52,24.33%,POLR2C;POLR2L;ELOA;POLR2G;POLR2J;POLR2K;GTF2A2;GTF2H5;NELFE;TAF11;POLR2I,KRT8+ DATP,Reactome
prerank,REACTOME_RNA_POLYMERASE_II_TRANSCRIPTION,-0.4255060983282967,-0.8901717115589772,0.866,1.0,1.0,94/470,22.81%,MT-CO3;MT-CO1;MT-CO2;FOS;TXNIP;PRDX5;NDUFA4;JUNB;RPS27A;COX7A2;BTG1;POLR2C;CAT;COX7C;UBA52;BTG2;UBB;JUN;POLR2L;COX6C;CITED2;BNIP3L;PSMA3;SOD2;COX4I1;ELOA;SNRPF;PSMA2;CCND3;ANAPC16;LIFR;NDRG1;PSMA4;CNOT8;COX6A1;POLR2G;SRSF5;SRSF7;BMP2;POLR2J;COX7B;PSMD8;UXT;RBL2;LAMTOR5;POLR2K;COX5B;ZC3H11A;COX7A2L;NR4A1;SLC2A3;PSMA1;CEBPB;ZNF664;SRSF9;PSMD3;SRSF3;AKT1;SSU72;FURIN;PCF11;PRDX2;PSMC5;PSMC1;RRAGD;GTF2A2;CYCS;CDK4;UBE2E1;LAMTOR4;PSMA7;PIN1;EIF4A3;MED30;PSMC3;THOC7;CDC40;RAD1;PCNA;ESRRA;MED4;PSME1;GTF2H5;SOCS3;PDPK1;NELFE;SKP1;DEK;SUMO1;COX8A;TAF11;SRSF2;PPP2R1A;CDC26,KRT8+ DATP,Reactome
prerank,REACTOME_RND2_GTPASE_CYCLE,0.32191487643455474,0.8899451599409237,0.46875,0.8903826731924324,0.998,3/22,1.85%,ALDH3A2;DST;CAV1,KRT8+ DATP,Reactome
prerank,REACTOME_CLATHRIN_MEDIATED_ENDOCYTOSIS,-0.4387690579119036,-0.8886876279266476,0.7232323232323232,1.0,1.0,11/70,15.18%,RPS27A;UBA52;UBB;AP2S1;ARPC2;RAB5C;ARPC1A;VAMP2;ITSN2;M6PR;HSPA8,KRT8+ DATP,Reactome
prerank,REACTOME_REGULATION_OF_LIPID_METABOLISM_BY_PPARALPHA,-0.44811528180191307,-0.8880492920858392,0.717479674796748,1.0,1.0,11/50,20.81%,CD36;FADS1;HMGCS1;ACSL1;HMGCR;FDFT1;MED21;MED11;MED30;ESRRA;MED4,KRT8+ DATP,Reactome
prerank,REACTOME_ASPARAGINE_N_LINKED_GLYCOSYLATION,-0.4320692472532319,-0.8834535061479403,0.8084677419354839,1.0,1.0,60/155,33.40%,PMM1;RPS27A;UBA52;UBB;CD59;SERPINA1;DPM2;CTSC;NAPA;TRAPPC6A;CAPZA2;MVD;DCTN6;DPM3;NUDT14;MCFD2;CANX;TMED10;PPP6C;ALG5;CALR;CNIH1;OS9;MLEC;PSMC1;RAB1A;USO1;ST6GALNAC4;COPE;SAR1B;DYNC1LI1;GFPT1;ST3GAL5;RPN2;DAD1;SLC35A1;ACTR10;TMED7;LMAN1;DCTN3;TRAPPC2L;COPZ1;B4GALT3;TRAPPC3;LMAN2;DPM1;MPDU1;KDELR1;TRAPPC4;MAN1A1;MAGT1;PRKCSH;ST3GAL6;DERL1;ALG2;RAB1B;SLC17A5;SEC22B;BET1L;RPN1,KRT8+ DATP,Reactome
prerank,REACTOME_SIGNALING_BY_MET,-0.4547635423053395,-0.8823313850559493,0.7051546391752578,1.0,1.0,6/37,13.27%,RPS27A;UBA52;UBB;SPINT2;USP8;RAP1A,KRT8+ DATP,Reactome
prerank,REACTOME_TCF_DEPENDENT_SIGNALING_IN_RESPONSE_TO_WNT,-0.4346369547757554,-0.8821432758601317,0.7633744855967078,1.0,1.0,18/91,17.13%,WIF1;RPS27A;UBA52;UBB;PSMA3;PSMA2;PIP5K1B;PSMA4;PSMD8;USP8;PSMA1;PSMD3;CTNNBIP1;PPP2R5A;FZD5;AKT1;PSMC5;PSMC1,KRT8+ DATP,Reactome
prerank,REACTOME_GLOBAL_GENOME_NUCLEOTIDE_EXCISION_REPAIR_GG_NER,-0.44107392983364146,-0.8793066644563373,0.7050209205020921,1.0,1.0,19/51,33.09%,RPS27A;UBA52;UBB;RFC1;UBE2V2;PCNA;GTF2H5;SUMO1;RAD23A;YY1;COPS6;CETN2;POLD2;PARP1;COPS2;POLE4;ACTB;SUMO2;COPS7A,KRT8+ DATP,Reactome
prerank,REACTOME_O_LINKED_GLYCOSYLATION,-0.47090787323541183,-0.8786153978613942,0.6610169491525424,1.0,1.0,6/23,25.24%,MUC1;B3GNT8;C1GALT1;ST6GALNAC4;B4GAT1;GALNT11,KRT8+ DATP,Reactome
prerank,REACTOME_METABOLISM_OF_CARBOHYDRATES,-0.43856457426272716,-0.8763672163593871,0.7716049382716049,1.0,1.0,12/95,10.06%,DCXR;RPS27A;UBA52;UBB;ALDOA;PFKFB2;FBP1;ALDH1A1;SDC4;NUP58;GALE;HK2,KRT8+ DATP,Reactome
prerank,REACTOME_NEURONAL_SYSTEM,-0.4370945922165748,-0.8728622995910357,0.77079107505071,1.0,1.0,11/79,15.38%,CACNA2D2;NRGN;PRKAR1A;KCNJ15;AP2S1;MAOA;GNG5;VAMP2;RASGRF1;HSPA8;KCNJ8,KRT8+ DATP,Reactome
prerank,REACTOME_MRNA_SPLICING,-0.43112866267541816,-0.8726592550836233,0.8350100603621731,1.0,1.0,83/150,43.15%,POLR2C;POLR2L;SF3B5;SNRPB2;SNRPN;UBL5;SNRPF;ZCRB1;SYF2;POLR2G;SRSF5;SRSF7;POLR2J;SF3B6;HNRNPF;PQBP1;POLR2K;NKAP;SRSF9;SRSF3;HSPA8;LSM6;XAB2;PHF5A;EIF4A3;CDC40;SRSF8;RBM7;HNRNPH2;HNRNPH1;PPIL4;DDX46;SRSF2;SLU7;POLR2I;DNAJC8;HNRNPA1;RBMX;WBP11;RBM17;BCAS2;PRPF40A;DHX15;YBX1;DDX5;RBM8A;SNRNP27;LSM5;TRA2B;ZMAT2;PRPF38A;BUD31;PDCD7;MAGOHB;SNRPE;PRPF31;SRSF6;CWC15;SNRNP25;HNRNPD;GTF2F1;CDC5L;PCBP2;IK;SNRPD2;SMNDC1;SAP18;RBMX2;SNRPC;LSM3;ISY1;SRRM1;PRCC;SNRNP35;PRPF8;SNRPD3;SMU1;WBP4;POLR2E;SF3B2;MAGOH;SF3A1;GTF2F2,KRT8+ DATP,Reactome
prerank,REACTOME_SENSORY_PERCEPTION,-0.43262539249817233,-0.8666519457001787,0.7192622950819673,1.0,1.0,7/49,11.25%,HSD17B6;CACNA2D2;LPL;RDH11;SDC4;CAPZA2;VAMP2,KRT8+ DATP,Reactome
prerank,REACTOME_EPHB_MEDIATED_FORWARD_SIGNALING,-0.46668387511410747,-0.8661254579439176,0.6688311688311688,1.0,1.0,3/17,13.76%,ARPC2;ARPC1A;SDC2,KRT8+ DATP,Reactome
prerank,REACTOME_COPII_MEDIATED_VESICLE_TRANSPORT,-0.44254565236289956,-0.8616179923370253,0.7280163599182005,1.0,1.0,16/44,26.08%,CD59;SERPINA1;CTSC;NAPA;TRAPPC6A;MCFD2;TMED10;PPP6C;CNIH1;RAB1A;USO1;SAR1B;LMAN1;TRAPPC2L;TRAPPC3;LMAN2,KRT8+ DATP,Reactome
prerank,REACTOME_TRANSCRIPTIONAL_REGULATION_OF_GRANULOPOIESIS,-0.4615880793830005,-0.8615094676089827,0.6934782608695652,1.0,1.0,5/16,22.13%,CSF3R;CEBPA;CEBPB;CDK4;DEK,KRT8+ DATP,Reactome
prerank,REACTOME_TRANSCRIPTIONAL_REGULATION_BY_RUNX2,-0.43010996741233143,-0.8590675278470129,0.7910750507099391,1.0,1.0,19/67,21.95%,RPS27A;UBA52;UBB;PSMA3;PSMA2;PSMA4;BMP2;PSMD8;PSMA1;PSMD3;AKT1;PSMC5;PSMC1;CDK4;PSMA7;PSMC3;ESRRA;PSME1;SKP1,KRT8+ DATP,Reactome
prerank,REACTOME_KEAP1_NFE2L2_PATHWAY,-0.4290465872736266,-0.8571814878962565,0.789795918367347,1.0,1.0,18/81,21.95%,SOD3;RPS27A;UBA52;UBB;PSMA3;PSMA2;PSMA4;PSMD8;PSMA1;PSMD3;AKT1;PSMC5;PSMC1;PSMA7;PSMC3;PSME1;HMOX1;SKP1,KRT8+ DATP,Reactome
prerank,REACTOME_ANTIVIRAL_MECHANISM_BY_IFN_STIMULATED_GENES,-0.4288146280772487,-0.855230921539017,0.7800829875518672,1.0,1.0,14/61,22.60%,RPS27A;UBA52;UBB;CENPX;NUP58;EIF4A2;HSPA8;PPP2R5A;UBE2E1;PIN1;EIF4A3;EIF4A1;SUMO1;PPP2R1A,KRT8+ DATP,Reactome
prerank,REACTOME_MAP2K_AND_MAPK_ACTIVATION,-0.4462852924139025,-0.8538362721815214,0.6774193548387096,1.0,1.0,1/19,2.47%,PEBP1,KRT8+ DATP,Reactome
prerank,REACTOME_CYTOKINE_SIGNALING_IN_IMMUNE_SYSTEM,-0.4131720406031779,-0.8530681170639064,0.894,1.0,1.0,56/290,19.89%,FOS;HLA-DRA;CEBPD;NFKBIA;JUNB;AGER;RPS27A;RPLP0;CSF3R;HLA-DRB5;CD36;B2M;MUC1;CXCL2;UBA52;UBB;JUN;EGR1;CENPX;HMGB1;HLA-DRB1;PSMA3;HLA-DQB1;SOD2;MAOA;PSMA2;NUP58;LIFR;PSMA4;VAMP2;HNRNPF;PSMD8;EIF4A2;CANX;PSMA1;IL6ST;PTPN13;PSMD3;HSPA8;PPP2R5A;CNN2;CD44;AKT1;PSMC5;GSTO1;AIP;PSMC1;CISH;IL20RA;TOLLIP;UBE2E1;PSMA7;PIN1;EIF4A3;PSMC3;TRIM8,KRT8+ DATP,Reactome
prerank,REACTOME_RNA_POLYMERASE_I_TRANSCRIPTION_INITIATION,-0.4473000458698303,-0.8514878375400599,0.715203426124197,1.0,1.0,4/23,21.14%,POLR2L;POLR2K;POLR1D;GTF2H5,KRT8+ DATP,Reactome
prerank,REACTOME_G2_M_CHECKPOINTS,-0.42463824186805593,-0.8500682318617515,0.768595041322314,1.0,1.0,16/63,21.10%,RPS27A;UBA52;UBB;PSMA3;PSMA2;PSMA4;PSMD8;PSMA1;PSMD3;PSMC5;PSMC1;UBE2V2;PSMA7;PSMC3;RAD1;PSME1,KRT8+ DATP,Reactome
prerank,REACTOME_REGULATION_OF_PTEN_GENE_TRANSCRIPTION,-0.4310325669517069,-0.84849763076136,0.7338877338877339,1.0,1.0,19/37,43.60%,JUN;EGR1;LAMTOR5;MAF1;RRAGD;LAMTOR4;LAMTOR2;LAMTOR1;RBBP7;SUZ12;MLST8;ATN1;RCOR1;LAMTOR3;RRAGA;RING1;MAPK1;ATF2;HDAC1,KRT8+ DATP,Reactome
prerank,REACTOME_CELL_JUNCTION_ORGANIZATION,-0.4329302151286345,-0.8462486280385659,0.743801652892562,1.0,1.0,1/39,0.21%,CLDN18,KRT8+ DATP,Reactome
prerank,REACTOME_CROSS_PRESENTATION_OF_SOLUBLE_EXOGENOUS_ANTIGENS_ENDOSOMES,-0.4356472578971935,-0.8419664081412261,0.7697095435684648,1.0,1.0,18/39,36.10%,PSMA3;PSMA2;PSMA4;PSMD8;PSMA1;PSMD3;PSMC5;PSMC1;PSMA7;PSMC3;PSME1;PSMB6;MRC2;PSMD4;PSMB1;PSMF1;PSMC6;PSMB5,KRT8+ DATP,Reactome
prerank,REACTOME_RHO_GTPASES_ACTIVATE_FORMINS,-0.42759453546231085,-0.8407931742106758,0.7861507128309573,1.0,1.0,1/50,0.53%,RPS27,KRT8+ DATP,Reactome
prerank,REACTOME_MITOCHONDRIAL_TRANSLATION,-0.41861121596358086,-0.8406656497041186,0.8045267489711934,1.0,1.0,43/80,38.34%,MRPL57;MRPS15;MRPL55;MRPL32;MRPL18;MRPL23;MRPL33;MRPL54;MRPS33;CHCHD1;MRPS18C;MRPS7;MRPL28;MRPL14;MRPL27;MRPS35;MRPL21;MRPS26;MRPL11;MRPS6;MRPL16;MRPL34;MRPL42;MRPL22;MRPL9;MRPL20;MRPS2;MRPS11;TUFM;MRPS10;MRPL46;MRPL12;MRPS5;MRPS12;MRPL40;MRPL47;MRPS14;MRPL50;MRPL17;TSFM;MRPL13;MRPS23;OXA1L,KRT8+ DATP,Reactome
prerank,REACTOME_BILE_ACID_AND_BILE_SALT_METABOLISM,-0.4618728061095787,-0.8396719653644158,0.7015250544662309,1.0,1.0,2/15,4.89%,HSD17B4;SCP2,KRT8+ DATP,Reactome
prerank,REACTOME_SIGNALING_BY_MODERATE_KINASE_ACTIVITY_BRAF_MUTANTS,-0.442034494835131,-0.8382864112100276,0.7053763440860215,1.0,1.0,1/21,2.47%,PEBP1,KRT8+ DATP,Reactome
prerank,REACTOME_TRANSPORT_OF_INORGANIC_CATIONS_ANIONS_AND_AMINO_ACIDS_OLIGOPEPTIDES,-0.434902246215116,-0.836811197147226,0.7348643006263048,1.0,1.0,1/28,1.15%,SLC34A2,KRT8+ DATP,Reactome
prerank,REACTOME_FCGAMMA_RECEPTOR_FCGR_DEPENDENT_PHAGOCYTOSIS,-0.4315304426886019,-0.8352822169764497,0.7360824742268042,1.0,1.0,4/34,15.28%,PLD3;ARPC2;ARPC1A;BRK1,KRT8+ DATP,Reactome
prerank,REACTOME_PROCESSING_OF_CAPPED_INTRON_CONTAINING_PRE_MRNA,-0.41064449695611277,-0.8329767767273575,0.8951612903225806,1.0,1.0,90/180,42.76%,POLR2C;POLR2L;SF3B5;SNRPB2;SNRPN;UBL5;SNRPF;NUP58;ZCRB1;SYF2;POLR2G;SRSF5;SRSF7;POLR2J;SF3B6;HNRNPF;PQBP1;POLR2K;ZC3H11A;NKAP;SRSF9;SRSF3;HSPA8;LSM6;PCF11;XAB2;PHF5A;EIF4A3;THOC7;CDC40;SRSF8;RBM7;HNRNPH2;HNRNPH1;PPIL4;DDX46;SRSF2;SLU7;POLR2I;DNAJC8;HNRNPA1;RBMX;WBP11;RBM17;BCAS2;PRPF40A;DHX15;YBX1;DDX5;RBM8A;SNRNP27;LSM5;TRA2B;ZMAT2;WDR33;PRPF38A;BUD31;FYTTD1;PDCD7;MAGOHB;SNRPE;PRPF31;SRSF6;CWC15;SNRNP25;HNRNPD;GTF2F1;CDC5L;PCBP2;IK;SNRPD2;SMNDC1;SAP18;RBMX2;SNRPC;LSM3;ISY1;SRRM1;PRCC;SNRNP35;PRPF8;CHTOP;SNRPD3;SMU1;WBP4;POLR2E;SF3B2;WTAP;MAGOH;SF3A1,KRT8+ DATP,Reactome
prerank,REACTOME_TP53_REGULATES_TRANSCRIPTION_OF_CELL_CYCLE_GENES,0.32591223443621703,0.8320831356503879,0.5555555555555556,0.977196619358954,1.0,3/23,2.94%,SFN;CDKN1A;GADD45A,KRT8+ DATP,Reactome
prerank,REACTOME_SIGNALING_BY_WNT,-0.40333831095621153,-0.8256450542252256,0.8643724696356275,1.0,1.0,21/124,17.13%,WIF1;RPS27A;UBA52;UBB;PSMA3;AP2S1;PSMA2;PIP5K1B;GNG5;PSMA4;TMED5;PSMD8;USP8;PSMA1;PSMD3;CTNNBIP1;PPP2R5A;FZD5;AKT1;PSMC5;PSMC1,KRT8+ DATP,Reactome
prerank,REACTOME_SIGNALING_BY_TGFB_FAMILY_MEMBERS,-0.4055037982458122,-0.8250262151993513,0.8302658486707567,1.0,1.0,4/69,4.26%,JUNB;RPS27A;UBA52;UBB,KRT8+ DATP,Reactome
prerank,REACTOME_RHOB_GTPASE_CYCLE,0.29239242061085297,0.8244575376226615,0.6,0.9679243595178736,1.0,9/29,9.63%,CAV1;DIAPH1;FLOT1;STOM;CAVIN1;JUP;ARHGAP26;NET1;OPHN1,KRT8+ DATP,Reactome
prerank,REACTOME_DEUBIQUITINATION,-0.4080937168218226,-0.8224423463872813,0.8638211382113821,1.0,1.0,29/128,26.06%,NFKBIA;RPS27A;UBA52;UBB;PSMA3;TOMM20;PSMA2;PSMA4;RHOT1;USP13;PSMD8;USP8;TGFBR2;PSMA1;PSMD3;PSMC5;PSMC1;PSMA7;PSMC3;PSME1;VDAC3;NEDD8;RAD23A;YY1;PSMB6;RNF128;USP44;MAVS;ATXN7,KRT8+ DATP,Reactome
prerank,REACTOME_MAPK_FAMILY_SIGNALING_CASCADES,-0.40061479005175293,-0.8212759753648796,0.8554216867469879,1.0,1.0,25/138,21.10%,PEBP1;RPS27A;UBA52;UBB;JUN;DUSP1;PSMA3;PSMA2;ARL2;CCND3;PSMA4;RASGRF1;PSMD8;RAP1A;PSMA1;IL6ST;PSMD3;PPP2R5A;PSMC5;PSMC1;PSMA7;FGF7;PSMC3;FGFR2;PSME1,KRT8+ DATP,Reactome
prerank,REACTOME_SIGNALING_BY_TGFBR3,0.29433764391677886,0.8194933219427891,0.5813953488372093,0.9532618022492045,1.0,4/16,9.32%,TIMP1;TGFB1;TCF12;SMAD3,KRT8+ DATP,Reactome
prerank,REACTOME_MITOTIC_PROMETAPHASE,-0.41035063705730773,-0.8183663706476129,0.8241308793456033,1.0,1.0,11/66,22.91%,RPS27;RAD21;SMC4;SDCCAG8;PMF1;STAG2;PPP2R5A;DYNC1LI1;PPP2R1A;DCTN3;SMC3,KRT8+ DATP,Reactome
prerank,REACTOME_CLASS_A_1_RHODOPSIN_LIKE_RECEPTORS,-0.4499674929849071,-0.8180747632031741,0.7323008849557522,1.0,1.0,6/15,23.14%,CXCL2;EDNRB;CXCL3;C3;HEBP1;CXCL8,KRT8+ DATP,Reactome
prerank,REACTOME_DISEASES_OF_GLYCOSYLATION,-0.42548233741772534,-0.8164956574800408,0.8069815195071869,1.0,1.0,17/44,31.67%,MUC1;DPM2;SDC4;GALE;DPM3;SDC2;C1GALT1;GPC4;GFPT1;HEXB;PGM1;B4GAT1;DPM1;MPDU1;B3GAT3;MUC15;ALG2,KRT8+ DATP,Reactome
prerank,REACTOME_EPH_EPHRIN_MEDIATED_REPULSION_OF_CELLS,-0.42957043737219613,-0.8156163000207219,0.6855895196506551,1.0,1.0,2/17,7.43%,AP2S1;EFNA1,KRT8+ DATP,Reactome
prerank,REACTOME_RNA_POLYMERASE_II_TRANSCRIPTION_TERMINATION,-0.41061970511659857,-0.8145675683057904,0.8016194331983806,1.0,1.0,18/45,33.48%,SNRPF;SRSF5;SRSF7;ZC3H11A;SRSF9;SRSF3;PCF11;EIF4A3;THOC7;CDC40;SRSF2;SLU7;RBM8A;WDR33;FYTTD1;MAGOHB;SNRPE;SRSF6,KRT8+ DATP,Reactome
prerank,REACTOME_SOMITOGENESIS,-0.41454423165070764,-0.8112010543587037,0.7925311203319502,1.0,1.0,12/40,23.82%,PSMA3;PSMA2;PSMA4;PSMD8;PSMA1;PSMD3;PSMC5;PSMC1;PSMA7;PSMC3;PSME1;PSMB6,KRT8+ DATP,Reactome
prerank,REACTOME_UNFOLDED_PROTEIN_RESPONSE_UPR,-0.4084125558564961,-0.8096626201475736,0.8167006109979633,1.0,1.0,29/54,37.93%,HERPUD1;XBP1;SERP1;DNAJB9;ATP6V0D1;CREB3L1;CEBPB;CALR;TPP1;CREBRF;GFPT1;MYDGF;EXOSC7;SSR1;CXCL8;DDIT3;DNAJB11;KLHDC3;EIF2S2;CTDSP2;DIS3;EXOSC4;SRPRB;PARN;PDIA5;TSPYL2;ATF4;CEBPG;YIF1A,KRT8+ DATP,Reactome
prerank,REACTOME_MATURATION_OF_SPIKE_PROTEIN,-0.4208409346288539,-0.8089036946951567,0.7430997876857749,1.0,1.0,11/21,40.37%,CANX;ST6GALNAC4;RPN2;DAD1;MAGT1;PRKCSH;RPN1;DDOST;GOLGA7;ZDHHC3;MGAT1,KRT8+ DATP,Reactome
prerank,REACTOME_RECYCLING_PATHWAY_OF_L1,0.28029831953984424,0.8074265097526546,0.71875,0.9503176304361531,1.0,1/19,0.47%,EZR,KRT8+ DATP,Reactome
prerank,REACTOME_SIGNALING_BY_RECEPTOR_TYROSINE_KINASES,-0.39523044123445045,-0.8073621639084522,0.9218436873747495,1.0,1.0,42/214,23.30%,FOS;JUNB;ATP6V0E1;RPS27A;POLR2C;UBA52;UBB;POLR2L;ID4;EGR1;AP2S1;F3;POLR2G;FOSB;ATP6V0D1;POLR2J;SPINT2;HNRNPF;TRIB1;USP8;POLR2K;RAP1A;ID1;ID2;ATP6V0B;BRK1;AKT1;FURIN;ATP6V1G1;FLRT3;FGF7;ATP6V1A;HPN;FGFR2;SH3KBP1;HNRNPH1;PDPK1;ID3;PPP2R1A;APH1A;INSR;FGFR1,KRT8+ DATP,Reactome
prerank,REACTOME_CELL_CYCLE_CHECKPOINTS,-0.39481916498499475,-0.8048536535085216,0.8879837067209776,1.0,1.0,24/110,22.81%,RPS27;RPS27A;UBA52;UBB;PSMA3;PSMA2;ANAPC16;PSMA4;PMF1;PSMD8;PSMA1;PSMD3;PPP2R5A;PSMC5;PSMC1;UBE2E1;UBE2V2;PSMA7;DYNC1LI1;PSMC3;RAD1;PSME1;PPP2R1A;CDC26,KRT8+ DATP,Reactome
prerank,REACTOME_REGULATION_OF_ENDOGENOUS_RETROELEMENTS_BY_PIWI_INTERACTING_RNAS_PIRNAS,0.29702776691435284,0.8039373407623348,0.7692307692307693,0.9337063829170351,1.0,24/24,70.44%,SMARCC1;ARID1B;CHD3;SMARCA4;GATAD2A;BCL7C;GATAD2B;HDAC2;MTA3;ACTL6A;RBBP4;SMARCC2;SMARCA2;SMARCD3;BCL7A;DPF2;ARID1A;SMARCB1;HDAC1;SMARCD2;SMARCE1;RBBP7;ACTB;BCL7B,KRT8+ DATP,Reactome
prerank,REACTOME_CELL_CYCLE_MITOTIC,-0.38911824258649924,-0.8036410342107921,0.929718875502008,1.0,1.0,44/207,22.91%,RPS27;RPS27A;UBA52;UBB;ENSA;PSMA3;RAD21;PSMA2;SMC4;NUP58;CCND3;ANAPC16;PSMA4;SDCCAG8;PMF1;RFC1;CHMP3;PSMD8;RBL2;CKS1B;STAG2;PSMA1;CHMP2B;PSMD3;PPP2R5A;AKT1;CHMP2A;PSMC5;PSMC1;RAB1A;USO1;CDK4;UBE2E1;PSMA7;DYNC1LI1;PSMC3;PCNA;PSME1;SKP1;SUMO1;PPP2R1A;DCTN3;CDC26;SMC3,KRT8+ DATP,Reactome
prerank,REACTOME_TRANSCRIPTIONAL_REGULATION_BY_RUNX3,-0.3992786953225766,-0.8026708728074308,0.8323108384458078,1.0,1.0,14/63,21.10%,RPS27A;UBA52;UBB;PSMA3;PSMA2;PSMA4;PSMD8;PSMA1;PSMD3;PSMC5;PSMC1;PSMA7;PSMC3;PSME1,KRT8+ DATP,Reactome
prerank,REACTOME_TRANSPORT_OF_MATURE_TRANSCRIPT_TO_CYTOPLASM,-0.40855712697055935,-0.8018727286969676,0.8121212121212121,1.0,1.0,16/43,33.48%,NUP58;SRSF5;SRSF7;ZC3H11A;SRSF9;SRSF3;EIF4A3;THOC7;CDC40;SRSF2;SLU7;RBM8A;WDR33;FYTTD1;MAGOHB;SRSF6,KRT8+ DATP,Reactome
prerank,REACTOME_INSULIN_RECEPTOR_SIGNALLING_CASCADE,-0.4318250084016833,-0.8006365486707626,0.775377969762419,1.0,1.0,6/17,27.87%,FGF7;FGFR2;PDPK1;INSR;FGFR1;THEM4,KRT8+ DATP,Reactome
prerank,REACTOME_RNA_POLYMERASE_I_TRANSCRIPTION,-0.41763930017613715,-0.7994351304802011,0.7702127659574468,1.0,1.0,4/25,21.14%,POLR2L;POLR2K;POLR1D;GTF2H5,KRT8+ DATP,Reactome
prerank,REACTOME_DNA_REPAIR,-0.3894106075697185,-0.7979036036901802,0.8925619834710744,1.0,1.0,36/117,34.18%,RPS27A;POLR2C;UBA52;UBB;POLR2L;CENPX;POLR2G;RFC1;POLR2J;POLR2K;XAB2;APEX1;UBE2V2;RAD1;PCNA;GTF2H5;SUMO1;RAD23A;YY1;COPS6;POLR2I;CETN2;FAAP20;BABAM1;POLD2;PARP1;TERF2IP;COPS2;POLE4;RAD50;ACTB;XRCC6;SUMO2;COPS7A;KAT5;USP1,KRT8+ DATP,Reactome
prerank,REACTOME_EXTRA_NUCLEAR_ESTROGEN_SIGNALING,-0.40994402692948434,-0.7962517533216997,0.8243801652892562,1.0,1.0,1/30,1.01%,FOS,KRT8+ DATP,Reactome
prerank,REACTOME_INTRA_GOLGI_TRAFFIC,-0.41404563864971583,-0.7947652634287382,0.7653508771929824,1.0,1.0,2/19,9.17%,GOLIM4;NAPA,KRT8+ DATP,Reactome
prerank,REACTOME_NEGATIVE_EPIGENETIC_REGULATION_OF_RRNA_EXPRESSION,-0.4184401553577606,-0.7943758414196834,0.7707006369426752,1.0,1.0,4/22,21.14%,POLR2L;POLR2K;POLR1D;GTF2H5,KRT8+ DATP,Reactome
prerank,REACTOME_SIGNALING_BY_FGFR1_IN_DISEASE,0.338038365765504,0.7939050265856484,0.6285714285714286,0.9280391218838037,1.0,7/15,12.94%,LRRFIP1;CUX1;HRAS;STAT1;ZMYM2;GAB2;FRS2,KRT8+ DATP,Reactome
prerank,REACTOME_MITF_M_DEPENDENT_GENE_EXPRESSION,-0.4035362230180266,-0.7926904424889518,0.831275720164609,1.0,1.0,7/46,16.54%,ASAH1;ATP6V0E1;MLPH;ATP6V0D1;ATP6V0B;ATP6AP2;ATP6V1G1,KRT8+ DATP,Reactome
prerank,REACTOME_DISEASES_OF_MITOTIC_CELL_CYCLE,0.28748363728668597,0.7901171385641427,0.6829268292682927,0.9138546657145036,1.0,2/19,1.79%,CDKN1A;CCND1,KRT8+ DATP,Reactome
prerank,REACTOME_INTRACELLULAR_SIGNALING_BY_SECOND_MESSENGERS,-0.38625909498502553,-0.7896360550145562,0.912,1.0,1.0,34/148,23.82%,RPS27A;UBA52;UBB;JUN;EGR1;PRKAR1A;PSMA3;PSMA2;PIP5K1B;PSMA4;BAD;USP13;PSMD8;LAMTOR5;NR4A1;PSMA1;PSMD3;PPP2R5A;AKT1;MAF1;PSMC5;PSMC1;RRAGD;LAMTOR4;PSMA7;FGF7;PSMC3;FGFR2;PSME1;PDPK1;PPP2R1A;INSR;FGFR1;PSMB6,KRT8+ DATP,Reactome
prerank,REACTOME_TRANSCRIPTIONAL_REGULATION_BY_RUNX1,-0.3889157356274033,-0.7895286901036596,0.8719512195121951,1.0,1.0,17/99,21.43%,RPS27A;UBA52;UBB;PSMA3;PSMA2;CCND3;LIFR;PSMA4;PSMD8;PSMA1;PSMD3;PSMC5;PSMC1;PSMA7;PSMC3;PSME1;SOCS3,KRT8+ DATP,Reactome
prerank,REACTOME_ENERGY_DEPENDENT_REGULATION_OF_MTOR_BY_LKB1_AMPK,-0.4231079492495238,-0.7883959971956155,0.7575757575757576,1.0,1.0,9/15,40.02%,LAMTOR5;RRAGD;LAMTOR4;LAMTOR2;LAMTOR1;MLST8;PRKAG1;LAMTOR3;RRAGA,KRT8+ DATP,Reactome
prerank,REACTOME_POSITIVE_EPIGENETIC_REGULATION_OF_RRNA_EXPRESSION,-0.40473154248084287,-0.7872427151809585,0.7610993657505285,1.0,1.0,3/23,14.07%,POLR2L;POLR2K;POLR1D,KRT8+ DATP,Reactome
prerank,REACTOME_SIGNALING_BY_TYPE_1_INSULIN_LIKE_GROWTH_FACTOR_1_RECEPTOR_IGF1R,-0.4239721148595822,-0.7799396263446611,0.7952069716775599,1.0,1.0,5/16,27.87%,FGF7;FGFR2;PDPK1;FGFR1;THEM4,KRT8+ DATP,Reactome
prerank,REACTOME_METABOLISM_OF_NUCLEOTIDES,-0.39919469085489573,-0.7794517807065338,0.8298755186721992,1.0,1.0,4/40,14.11%,AK1;NUDT5;APRT;NME3,KRT8+ DATP,Reactome
prerank,REACTOME_TRNA_PROCESSING_IN_THE_NUCLEUS,-0.41325268396628173,-0.7786471811761086,0.7870967741935484,1.0,1.0,8/19,38.77%,NUP58;ZBTB8OS;TSEN34;RTRAF;DDX1;RPP25;POP4;POP5,KRT8+ DATP,Reactome
prerank,REACTOME_ORGANELLE_BIOGENESIS_AND_MAINTENANCE,-0.38431446651066026,-0.7779643264998863,0.9161554192229039,1.0,1.0,28/108,29.12%,MT-ATP6;ATP5PO;ATP5F1E;ATP5F1A;ATP5MG;ATP5MJ;SOD2;ATP5F1B;SDCCAG8;RAB3IP;ATP5PB;ATP5MC2;CYCS;ATP5MK;ATP5PD;GABPB1;ESRRA;PPP2R1A;DCTN3;CETN2;MKKS;ALAS1;ACSS2;ARL13B;ATP5MF;MAPRE1;ATP5MC1;CCT8,KRT8+ DATP,Reactome
prerank,REACTOME_DEADENYLATION_DEPENDENT_MRNA_DECAY,-0.39826165700913224,-0.7766813722169713,0.7902542372881356,1.0,1.0,22/31,50.58%,CNOT8;EIF4A2;LSM6;EIF4A3;EIF4A1;EXOSC7;LSM5;CNOT7;EIF4B;DIS3;CNOT1;EXOSC4;CNOT2;PARN;LSM3;CNOT11;EXOSC1;SKIC8;LSM4;TNKS1BP1;LSM1;SKIC3,KRT8+ DATP,Reactome
prerank,REACTOME_REGULATION_OF_TP53_ACTIVITY,-0.3809440692656823,-0.7761828833397314,0.8709016393442623,1.0,1.0,3/67,4.26%,RPS27A;UBA52;UBB,KRT8+ DATP,Reactome
prerank,REACTOME_RHOD_GTPASE_CYCLE,-0.39914173650286794,-0.7718131831601641,0.7845188284518828,1.0,1.0,7/26,23.32%,FILIP1;HINT2;TOR1AIP1;ADD3;RAB7A;LMAN1;PGRMC2,KRT8+ DATP,Reactome
prerank,REACTOME_HEMOSTASIS,-0.37737752630481736,-0.7708302014228623,0.9496981891348089,1.0,1.0,32/185,15.84%,SELENOP;CD63;TMSB4X;TTN;CD74;CD36;TFPI;CXADR;ESAM;SERPINA1;PRKAR1A;ALDOA;SERPING1;F3;CD9;SDC4;AKAP1;GNG5;CAPZA2;GUCY1A1;SERPINF2;EPCAM;APOH;LAMP2;TEX264;C1QBP;RAP1A;SDC2;PPP2R5A;CD44;CYB5R1;AKT1,KRT8+ DATP,Reactome
prerank,REACTOME_HSF1_DEPENDENT_TRANSACTIVATION,-0.4172631841561565,-0.7702232962515668,0.771551724137931,1.0,1.0,9/16,40.52%,UBB;MRPL18;HSPA8;PTGES3;DNAJB6;SERPINH1;MLST8;HSPA1B;EP300,KRT8+ DATP,Reactome
prerank,REACTOME_RHOH_GTPASE_CYCLE,-0.40141424864024455,-0.7670178894259566,0.7870563674321504,1.0,1.0,5/21,21.39%,TMEM59;NIPSNAP2;SLC1A5;TFRC;RAB7A,KRT8+ DATP,Reactome
prerank,REACTOME_FORMATION_OF_PARAXIAL_MESODERM,-0.38828565519166497,-0.765559806188665,0.8636363636363636,1.0,1.0,13/45,23.82%,PSMA3;PSMA2;PSMA4;PSMD8;PSMA1;PSMD3;PSMC5;PSMC1;PSMA7;PSMC3;PSME1;FGFR1;PSMB6,KRT8+ DATP,Reactome
prerank,REACTOME_MITF_M_REGULATED_MELANOCYTE_DEVELOPMENT,-0.3831435208532205,-0.7635646572194636,0.8721649484536083,1.0,1.0,9/58,16.54%,ASAH1;ATP6V0E1;EDNRB;MLPH;ATP6V0D1;ID1;ATP6V0B;ATP6AP2;ATP6V1G1,KRT8+ DATP,Reactome
prerank,REACTOME_SIGNALING_BY_NOTCH,-0.37826173032493987,-0.7619011098953415,0.9098360655737705,1.0,1.0,20/94,23.82%,RPS27A;UBA52;UBB;JUN;PSMA3;PSMA2;PSMA4;PSMD8;PSMA1;PSMD3;AKT1;FURIN;PSMC5;PSMC1;PSMA7;PSMC3;PSME1;SKP1;APH1A;PSMB6,KRT8+ DATP,Reactome
prerank,REACTOME_CELL_CYCLE,-0.36330541484904694,-0.7576194470786548,0.9719438877755511,1.0,1.0,53/264,22.91%,RPS27;RPS27A;POLR2C;UBA52;UBB;POLR2L;CENPX;ENSA;PSMA3;RAD21;PSMA2;SMC4;NUP58;CCND3;ANAPC16;PSMA4;SDCCAG8;POLR2G;PMF1;RFC1;POLR2J;CHMP3;PSMD8;RBL2;CKS1B;POLR2K;STAG2;PSMA1;CHMP2B;PSMD3;PPP6C;PPP2R5A;AKT1;CHMP2A;PSMC5;PSMC1;RAB1A;USO1;CDK4;UBE2E1;UBE2V2;PSMA7;DYNC1LI1;PSMC3;RAD1;PCNA;PSME1;SKP1;SUMO1;PPP2R1A;DCTN3;CDC26;SMC3,KRT8+ DATP,Reactome
prerank,REACTOME_PKR_MEDIATED_SIGNALING,-0.3862553235357941,-0.7558399613333155,0.8343815513626834,1.0,1.0,17/32,45.64%,CENPX;HSPA8;PPP2R5A;SUMO1;PPP2R1A;FAAP20;MAVS;PTPN2;EIF2S2;ILF2;PRKRA;TUBB4B;HSPA1B;PPP2CA;NCK1;HSPA1A;NPM1,KRT8+ DATP,Reactome
prerank,REACTOME_CLASS_I_MHC_MEDIATED_ANTIGEN_PROCESSING_PRESENTATION,-0.37103429263926985,-0.7556086966197219,0.9512195121951219,1.0,1.0,37/169,23.82%,RPS27A;CD36;B2M;UBA52;UBB;HMGB1;PSMA3;CTSS;MYLIP;PSMA2;PSMA4;S100A9;SPSB2;PSMD8;CANX;PSMA1;PSMD3;FBXL15;CALR;PSMC5;PSMC1;UBE2E1;UBE2V2;PSMA7;SAR1B;PSMC3;TLR2;SEC61G;PSME1;UFL1;SOCS3;SKP1;SEC61B;FBXW4;CDC26;FBXO9;PSMB6,KRT8+ DATP,Reactome
prerank,REACTOME_PI3K_AKT_SIGNALING_IN_CANCER,0.25659899204395503,0.7532455780417406,0.6666666666666666,0.9566223446666011,1.0,6/32,6.07%,CDKN1A;MDM2;AREG;MET;ERBB4;GSK3B,KRT8+ DATP,Reactome
prerank,REACTOME_COPI_INDEPENDENT_GOLGI_TO_ER_RETROGRADE_TRAFFIC,-0.3964840479685795,-0.7507396089995372,0.8050847457627118,1.0,1.0,5/22,22.75%,CAPZA2;DCTN6;DYNC1LI1;ACTR10;DCTN3,KRT8+ DATP,Reactome
prerank,REACTOME_G_ALPHA_I_SIGNALLING_EVENTS,-0.3814835459027306,-0.7439949725687219,0.8521560574948666,1.0,1.0,10/39,23.14%,CXCL2;RGS16;PRKAR1A;GNG5;CXCL3;C3;HEBP1;PPP1R1B;PPP2R1A;CXCL8,KRT8+ DATP,Reactome
prerank,REACTOME_MITOTIC_G2_G2_M_PHASES,-0.3670687997976799,-0.7414356247730793,0.924643584521385,1.0,1.0,20/89,25.01%,RPS27A;UBA52;UBB;PSMA3;PSMA2;PSMA4;SDCCAG8;PSMD8;PSMA1;PSMD3;PSMC5;PSMC1;PSMA7;PSMC3;PSME1;SKP1;PPP2R1A;DCTN3;PSMB6;CETN2,KRT8+ DATP,Reactome
prerank,REACTOME_EPH_EPHRIN_SIGNALING,-0.3704759105648878,-0.7404312717871305,0.8509316770186336,1.0,1.0,5/39,13.76%,AP2S1;EFNA1;ARPC2;ARPC1A;SDC2,KRT8+ DATP,Reactome
prerank,REACTOME_CELL_SURFACE_INTERACTIONS_AT_THE_VASCULAR_WALL,0.3540549577045061,0.737360479352006,0.6363636363636364,0.9647584117365651,1.0,12/36,7.47%,CEACAM6;ITGA3;GAS6;CAV1;FN1;ITGAV;ITGB1;TGFB1;SLC16A3;LYN;HRAS;GPC1,KRT8+ DATP,Reactome
prerank,REACTOME_GPCR_LIGAND_BINDING,-0.3870257920678505,-0.7368063351360183,0.8347457627118644,1.0,1.0,7/25,18.92%,CXCL2;EDNRB;GNG5;CXCL3;C3;FZD5;HEBP1,KRT8+ DATP,Reactome
prerank,REACTOME_DRUG_ADME,-0.3927312590548879,-0.7299345619538548,0.8343815513626834,1.0,1.0,4/19,13.31%,GSTP1;PON3;SULT1A1;CES1,KRT8+ DATP,Reactome
prerank,REACTOME_VESICLE_MEDIATED_TRANSPORT,-0.35359319612815254,-0.7286046206940835,0.992,1.0,1.0,62/314,22.97%,FTL;FTH1;RPS27A;CD36;UBA52;UBB;BLOC1S1;GABARAPL2;CD59;SERPINA1;COLEC12;NAA38;AP2S1;ARPC2;RAB5C;CTSC;GOLIM4;NAPA;TRAPPC6A;CAPZA2;RAB3IP;ARPC1A;DCTN6;VAMP2;SNX5;CHMP3;MCFD2;ITSN2;TMED10;M6PR;STX10;CHMP2B;PPP6C;HSPA8;ASPSCR1;SNX2;AKT1;SCOC;CALR;CNIH1;CHMP2A;KIF22;RAB1A;USO1;TFRC;COPE;DNASE2;SAR1B;DYNC1LI1;SCGB3A2;CLINT1;SH3KBP1;RAB7A;YIPF6;ACTR10;TMED7;LMAN1;NEDD8;DCTN3;RAB21;TRAPPC2L;GGA2,KRT8+ DATP,Reactome
prerank,REACTOME_HSP90_CHAPERONE_CYCLE_FOR_STEROID_HORMONE_RECEPTORS_SHR_IN_THE_PRESENCE_OF_LIGAND,-0.3875594103927864,-0.7264904689861353,0.8535564853556485,1.0,1.0,11/25,37.74%,CAPZA2;DCTN6;HSPA8;DYNC1LI1;ACTR10;DCTN3;PTGES3;NR3C1;DNAJA2;TUBB4B;HSPA1B,KRT8+ DATP,Reactome
prerank,REACTOME_ER_TO_GOLGI_ANTEROGRADE_TRANSPORT,-0.36110043289818117,-0.7255236830233258,0.9207317073170732,1.0,1.0,26/84,28.42%,CD59;SERPINA1;CTSC;NAPA;TRAPPC6A;CAPZA2;DCTN6;MCFD2;TMED10;PPP6C;CNIH1;RAB1A;USO1;COPE;SAR1B;DYNC1LI1;ACTR10;TMED7;LMAN1;DCTN3;TRAPPC2L;COPZ1;TRAPPC3;LMAN2;KDELR1;TRAPPC4,KRT8+ DATP,Reactome
prerank,REACTOME_TRANSCRIPTIONAL_ACTIVATION_OF_MITOCHONDRIAL_BIOGENESIS,-0.38197774944749313,-0.7254663568135009,0.8354700854700855,1.0,1.0,8/23,30.17%,SOD2;ATP5F1B;CYCS;GABPB1;ESRRA;ALAS1;ACSS2;NR1D1,KRT8+ DATP,Reactome
prerank,REACTOME_DISEASES_OF_SIGNAL_TRANSDUCTION_BY_GROWTH_FACTOR_RECEPTORS_AND_SECOND_MESSENGERS,-0.34981188936421254,-0.7253886526699385,0.9839679358717435,1.0,1.0,31/230,17.13%,RPS6;PEBP1;JUNB;RPS27A;POLR2C;UBA52;UBB;JUN;POLR2L;PRKAR1A;ERLEC1;PSMA3;PSMA2;PSMA4;BAD;POLR2G;POLR2J;PSMD8;POLR2K;TGFBR2;NR4A1;RAP1A;PSMA1;CEBPB;PSMD3;PPP2R5A;FZD5;AKT1;OS9;PSMC5;PSMC1,KRT8+ DATP,Reactome
prerank,REACTOME_SYNTHESIS_OF_PIPS_AT_THE_PLASMA_MEMBRANE,-0.38729458393488503,-0.7226846793541312,0.8026315789473685,1.0,1.0,2/16,14.21%,PIP5K1B;PTPN13,KRT8+ DATP,Reactome
prerank,REACTOME_G_PROTEIN_MEDIATED_EVENTS,-0.39572992469603263,-0.7220650967133811,0.8271334792122538,1.0,1.0,9/16,52.51%,PRKAR1A;AHCYL1;ADCY7;CALM1;GNAQ;MAPK1;GNAI3;PRKCD;PRKAR2A,KRT8+ DATP,Reactome
prerank,REACTOME_NRAGE_SIGNALS_DEATH_THROUGH_JNK,-0.3804930875047796,-0.7185865452415096,0.8248945147679325,1.0,1.0,2/18,16.35%,BAD;ARHGEF1,KRT8+ DATP,Reactome
prerank,REACTOME_REGULATION_OF_HSF1_MEDIATED_HEAT_SHOCK_RESPONSE,-0.3729884153794627,-0.716283852797893,0.8789144050104384,1.0,1.0,5/32,18.20%,UBB;NUP58;MRPL18;HSPA8;ST13,KRT8+ DATP,Reactome
prerank,REACTOME_TRANSPORT_OF_BILE_SALTS_AND_ORGANIC_ACIDS_METAL_IONS_AND_AMINE_COMPOUNDS,-0.3769842033812437,-0.7159189450553672,0.8195329087048833,1.0,1.0,13/19,50.25%,SLC39A8;SLC44A1;SLC6A14;SLC30A5;SLC22A3;SLC39A7;SLC40A1;SLC41A1;SLC31A1;SLC16A7;SLC39A4;SLC11A2;SLC6A20,KRT8+ DATP,Reactome
prerank,REACTOME_GASTRULATION,-0.36173151433074835,-0.7156760504704079,0.9030927835051547,1.0,1.0,14/51,23.82%,PSMA3;PSMA2;PSMA4;PSMD8;PSMA1;PSMD3;PSMC5;PSMC1;PSMA7;FOXA2;PSMC3;PSME1;FGFR1;PSMB6,KRT8+ DATP,Reactome
prerank,REACTOME_TRANSLOCATION_OF_SLC2A4_GLUT4_TO_THE_PLASMA_MEMBRANE,0.307575369527024,0.7153427997506673,0.7368421052631579,0.9821432639392864,1.0,5/38,5.12%,SFN;YWHAZ;MYH9;EXOC4;RAB10,KRT8+ DATP,Reactome
prerank,REACTOME_RECRUITMENT_OF_MITOTIC_CENTROSOME_PROTEINS_AND_COMPLEXES,-0.3700012860679122,-0.7125101618309766,0.8598726114649682,1.0,1.0,16/25,49.26%,SDCCAG8;PPP2R1A;DCTN3;CETN2;MAPRE1;CEP57;TUBB4B;TUBGCP2;CEP63;MZT2B;MZT1;CEP70;SSNA1;HAUS4;CDK5RAP2;DCTN1,KRT8+ DATP,Reactome
prerank,REACTOME_NEGATIVE_REGULATION_OF_THE_PI3K_AKT_NETWORK,-0.36188094655603054,-0.7075982993657957,0.8711018711018711,1.0,1.0,10/32,27.87%,PIP5K1B;PPP2R5A;AKT1;FGF7;FGFR2;PPP2R1A;INSR;FGFR1;IER3;THEM4,KRT8+ DATP,Reactome
prerank,REACTOME_NUCLEAR_RECEPTOR_TRANSCRIPTION_PATHWAY,-0.37943753687035514,-0.7055289092815887,0.8404255319148937,1.0,1.0,8/17,37.29%,NR4A1;ESRRA;NR4A2;NR1H2;NR1D1;THRA;NR3C1;NRBF2,KRT8+ DATP,Reactome
prerank,REACTOME_TBC_RABGAPS,-0.3710509825082207,-0.7026568802990244,0.8404255319148937,1.0,1.0,4/19,22.97%,GABARAPL2;RAB5C;RAB7A;GGA2,KRT8+ DATP,Reactome
prerank,REACTOME_TRANSPORT_TO_THE_GOLGI_AND_SUBSEQUENT_MODIFICATION,-0.3471652196433223,-0.701158875073842,0.9530612244897959,1.0,1.0,28/94,28.82%,CD59;SERPINA1;CTSC;NAPA;TRAPPC6A;CAPZA2;DCTN6;MCFD2;TMED10;PPP6C;CNIH1;RAB1A;USO1;COPE;SAR1B;DYNC1LI1;ACTR10;TMED7;LMAN1;DCTN3;TRAPPC2L;COPZ1;B4GALT3;TRAPPC3;LMAN2;KDELR1;TRAPPC4;MAN1A1,KRT8+ DATP,Reactome
prerank,REACTOME_REGULATION_OF_TP53_ACTIVITY_THROUGH_ACETYLATION,-0.36885155257447755,-0.6982285989472289,0.8574468085106383,1.0,1.0,7/18,43.60%,AKT1;PIN1;PIP4P1;RBBP7;BRD7;EP300;HDAC1,KRT8+ DATP,Reactome
prerank,REACTOME_POTENTIAL_THERAPEUTICS_FOR_SARS,-0.35320169028399284,-0.6965235629952155,0.9247967479674797,1.0,1.0,21/49,44.51%,AP2S1;ARID4A;FURIN;ATP1B3;ATP1A1;SH3KBP1;PTGES3;IMPDH2;IFNGR1;HMG20B;NR3C1;RBBP7;COMT;RBX1;RCOR1;SAP18;NFE2L2;JAK1;NCK1;HDAC1;BRMS1,KRT8+ DATP,Reactome
prerank,REACTOME_PROTEIN_PROTEIN_INTERACTIONS_AT_SYNAPSES,0.302207462394999,0.695501499636911,0.6428571428571429,0.995362781055653,1.0,19/19,69.89%,FLOT1;PPFIBP1;DLGAP4;DLG2;PTPRF;CASK;PPFIA1;SIPA1L1;EPB41L1;PDLIM5;SHANK2;DLG1;LIN7C;EPB41;EPB41L5;DBNL;RTN3;SHARPIN;STXBP1,KRT8+ DATP,Reactome
prerank,REACTOME_COPI_MEDIATED_ANTEROGRADE_TRANSPORT,-0.3444235162527989,-0.6929483006318202,0.8952772073921971,1.0,1.0,13/51,24.31%,CD59;NAPA;CAPZA2;DCTN6;TMED10;RAB1A;USO1;COPE;DYNC1LI1;ACTR10;TMED7;DCTN3;COPZ1,KRT8+ DATP,Reactome
prerank,REACTOME_MEMBRANE_TRAFFICKING,-0.3348923327278303,-0.6904520545684315,0.99,1.0,1.0,58/306,22.97%,FTL;FTH1;RPS27A;UBA52;UBB;BLOC1S1;GABARAPL2;CD59;SERPINA1;NAA38;AP2S1;ARPC2;RAB5C;CTSC;GOLIM4;NAPA;TRAPPC6A;CAPZA2;RAB3IP;ARPC1A;DCTN6;VAMP2;SNX5;CHMP3;MCFD2;ITSN2;TMED10;M6PR;STX10;CHMP2B;PPP6C;HSPA8;ASPSCR1;SNX2;AKT1;SCOC;CNIH1;CHMP2A;KIF22;RAB1A;USO1;TFRC;COPE;DNASE2;SAR1B;DYNC1LI1;CLINT1;SH3KBP1;RAB7A;YIPF6;ACTR10;TMED7;LMAN1;NEDD8;DCTN3;RAB21;TRAPPC2L;GGA2,KRT8+ DATP,Reactome
prerank,REACTOME_PROTEIN_FOLDING,-0.3543058096149895,-0.6900616564689805,0.9004149377593361,1.0,1.0,18/37,43.54%,PFDN5;ARL2;GNG5;PFDN2;XRN2;FBXW4;TBCA;FBXL5;CCT8;PFDN4;ACTB;VBP1;FBXL3;TUBB4B;CCT4;CSNK2B;GNAQ;LONP2,KRT8+ DATP,Reactome
prerank,REACTOME_PI_METABOLISM,-0.3596688184996174,-0.6896676796531636,0.8827292110874201,1.0,1.0,3/24,14.21%,PIP5K1B;SACM1L;PTPN13,KRT8+ DATP,Reactome
prerank,REACTOME_RHO_GTPASES_ACTIVATE_WASPS_AND_WAVES,-0.3635034841935022,-0.6860613546858877,0.8583509513742071,1.0,1.0,7/23,32.44%,ARPC2;ARPC1A;BRK1;BAIAP2;CYFIP1;ARPC5;ACTB,KRT8+ DATP,Reactome
prerank,REACTOME_IRE1ALPHA_ACTIVATES_CHAPERONES,-0.3527361810251684,-0.6829033306163557,0.8893528183716075,1.0,1.0,15/30,37.93%,XBP1;SERP1;DNAJB9;ATP6V0D1;TPP1;GFPT1;MYDGF;SSR1;DNAJB11;KLHDC3;CTDSP2;SRPRB;PDIA5;TSPYL2;YIF1A,KRT8+ DATP,Reactome
prerank,REACTOME_HCMV_INFECTION,-0.3478309469569924,-0.6818357515811289,0.9132231404958677,1.0,1.0,6/47,19.07%,CEBPD;NUP58;CHMP3;CHMP2B;CHMP2A;DYNC1LI1,KRT8+ DATP,Reactome
prerank,REACTOME_TRANSPORT_OF_MATURE_MRNAS_DERIVED_FROM_INTRONLESS_TRANSCRIPTS,-0.36441157767602794,-0.6787835488700471,0.8784067085953878,1.0,1.0,1/16,8.88%,NUP58,KRT8+ DATP,Reactome
prerank,REACTOME_ION_HOMEOSTASIS,-0.36577543277416363,-0.6751215014416062,0.8589473684210527,1.0,1.0,6/15,40.66%,ATP1B3;ATP1A1;AHCYL1;CLIC2;ATP2B1;CALM1,KRT8+ DATP,Reactome
prerank,REACTOME_AURKA_ACTIVATION_BY_TPX2,-0.35377177803383275,-0.6748362616224347,0.8997867803837953,1.0,1.0,13/21,49.26%,SDCCAG8;PPP2R1A;DCTN3;CETN2;MAPRE1;CEP57;TUBB4B;CEP63;CEP70;SSNA1;HAUS4;CDK5RAP2;DCTN1,KRT8+ DATP,Reactome
prerank,REACTOME_SUMOYLATION_OF_DNA_DAMAGE_RESPONSE_AND_REPAIR_PROTEINS,-0.3425887693841846,-0.6703153165242821,0.9147609147609148,1.0,1.0,10/35,35.97%,RAD21;NUP58;STAG2;SUMO1;SMC3;CETN2;NSMCE4A;PARP1;SUMO2;SUMO3,KRT8+ DATP,Reactome
prerank,REACTOME_RHO_GTPASE_CYCLE,0.20347743549156558,0.6673580204240568,1.0,1.0,1.0,36/196,7.16%,TMOD3;ALDH3A2;TPM4;DST;BAIAP2L1;IL32;MYO6;CAV1;SPTAN1;TRIO;RHOC;RHOF;GJA1;DIAPH1;FLOT1;VIM;ANKLE2;STOM;ITGB1;ARAP2;FAM135A;TPM3;RASAL2;CCT6A;SH3RF1;DDX39B;CDC37;STK38;CAVIN1;FARP1;JUP;ARHGAP26;FNBP1L;MSI2;VCP;CAPZB,KRT8+ DATP,Reactome
prerank,REACTOME_G_ALPHA_S_SIGNALLING_EVENTS,-0.3607307006867881,-0.6673464396852157,0.8993576017130621,1.0,1.0,2/20,9.26%,PRKAR1A;GNG5,KRT8+ DATP,Reactome
prerank,REACTOME_GOLGI_TO_ER_RETROGRADE_TRANSPORT,-0.3341392022926495,-0.6671860824568685,0.9385245901639344,1.0,1.0,19/59,36.90%,NAPA;CAPZA2;DCTN6;TMED10;KIF22;RAB1A;COPE;DYNC1LI1;ACTR10;TMED7;DCTN3;COPZ1;KDELR1;USE1;RAB1B;SEC22B;ARCN1;COPB1;TUBB4B,KRT8+ DATP,Reactome
prerank,REACTOME_REGULATION_OF_INSULIN_LIKE_GROWTH_FACTOR_IGF_TRANSPORT_AND_UPTAKE_BY_INSULIN_LIKE_GROWTH_FACTOR_BINDING_PROTEINS_IGFBPS,-0.3437528788194294,-0.665974360569982,0.8930041152263375,1.0,1.0,5/35,14.13%,CST3;IGFBP4;SERPINA1;SDC2;C3,KRT8+ DATP,Reactome
prerank,REACTOME_NS1_MEDIATED_EFFECTS_ON_HOST_PATHWAYS,-0.36025472155957755,-0.6654318845489557,0.8704103671706264,1.0,1.0,1/15,8.88%,NUP58,KRT8+ DATP,Reactome
prerank,REACTOME_ANCHORING_OF_THE_BASAL_BODY_TO_THE_PLASMA_MEMBRANE,-0.34619389506232673,-0.6652857259065086,0.9069767441860465,1.0,1.0,14/24,49.26%,SDCCAG8;RAB3IP;PPP2R1A;DCTN3;CETN2;MAPRE1;CEP57;TUBB4B;CEP63;CEP70;SSNA1;HAUS4;CDK5RAP2;DCTN1,KRT8+ DATP,Reactome
prerank,REACTOME_SIGNALLING_TO_ERKS,-0.3533897331342158,-0.6624170938511456,0.8665254237288136,1.0,1.0,8/18,44.84%,RAP1A;MAP2K2;MAPK13;SHC3;KIDINS220;MAPK1;CRKL;RIT1,KRT8+ DATP,Reactome
prerank,REACTOME_COPI_DEPENDENT_GOLGI_TO_ER_RETROGRADE_TRAFFIC,-0.33757776205868867,-0.6622765454354028,0.9166666666666666,1.0,1.0,14/41,36.90%,NAPA;TMED10;KIF22;RAB1A;COPE;TMED7;COPZ1;KDELR1;USE1;RAB1B;SEC22B;ARCN1;COPB1;TUBB4B,KRT8+ DATP,Reactome
prerank,REACTOME_INTRA_GOLGI_AND_RETROGRADE_GOLGI_TO_ER_TRAFFIC,-0.32565931353797717,-0.6619056930154199,0.9592668024439919,1.0,1.0,39/93,47.43%,NAA38;GOLIM4;NAPA;CAPZA2;DCTN6;TMED10;M6PR;STX10;SCOC;KIF22;RAB1A;COPE;DYNC1LI1;ACTR10;TMED7;DCTN3;COPZ1;KDELR1;MAN1A1;USE1;RAB1B;RAB9A;SEC22B;BET1L;IGF2R;ARCN1;COPB1;TUBB4B;TMF1;STX5;KIF3A;RAB6A;SYS1;TGOLN2;KIF1C;ARL1;TMED2;VPS51;MAN1A2,KRT8+ DATP,Reactome
prerank,REACTOME_RECRUITMENT_OF_NUMA_TO_MITOTIC_CENTROSOMES,-0.3413586156809765,-0.6587872318304291,0.9282700421940928,1.0,1.0,17/27,51.38%,SDCCAG8;PPP2R1A;DCTN3;CETN2;MAPRE1;CEP57;TUBB4B;TUBGCP2;CEP63;MZT2B;MZT1;CEP70;SSNA1;HAUS4;CDK5RAP2;DCTN1;TUBA1C,KRT8+ DATP,Reactome
prerank,REACTOME_SNRNP_ASSEMBLY,-0.34553063911289084,-0.6587102710145094,0.8752642706131079,1.0,1.0,2/22,8.88%,SNRPF;NUP58,KRT8+ DATP,Reactome
prerank,REACTOME_CHONDROITIN_SULFATE_DERMATAN_SULFATE_METABOLISM,-0.35896645423032275,-0.6580786455122488,0.8789808917197452,1.0,1.0,9/17,36.40%,SDC4;SDC2;GPC4;HEXB;CHPF;B3GAT3;HYAL1;CHST12;HEXA,KRT8+ DATP,Reactome
prerank,REACTOME_TRNA_PROCESSING,-0.3384132529414579,-0.6577267233876762,0.9147609147609148,1.0,1.0,11/30,38.77%,NUP58;HSD17B10;ZBTB8OS;TSEN34;RTRAF;DDX1;TPRKB;RPP25;POP4;TRMT11;POP5,KRT8+ DATP,Reactome
prerank,REACTOME_TRANSCRIPTIONAL_REGULATION_BY_VENTX,-0.3470523703103454,-0.654891457946304,0.8841201716738197,1.0,1.0,4/17,22.81%,ANAPC16;CEBPB;UBE2E1;CDC26,KRT8+ DATP,Reactome
prerank,REACTOME_EXTENSION_OF_TELOMERES,-0.34114874487879454,-0.6533998560293204,0.8867521367521367,1.0,1.0,7/21,30.83%,RFC1;PPP6C;PCNA;NOP10;CHTF8;POLD2;TERF2IP,KRT8+ DATP,Reactome
prerank,REACTOME_CA2_PATHWAY,0.25611454961465163,0.6527322788572052,0.8,1.0,1.0,6/20,8.97%,CTNNB1;GNB2;GNG12;GNB1;GNG10;PRKG1,KRT8+ DATP,Reactome
prerank,REACTOME_RHOC_GTPASE_CYCLE,0.22983567077147787,0.6518688460647167,0.7777777777777778,1.0,1.0,8/36,6.70%,CAV1;RHOC;DIAPH1;FLOT1;STOM;CAVIN1;JUP;ARHGAP26,KRT8+ DATP,Reactome
prerank,REACTOME_SEMAPHORIN_INTERACTIONS,0.25428649747531934,0.6426644546106133,0.6956521739130435,0.9978915289073158,1.0,10/25,11.27%,MYH9;RHOC;ITGB1;MET;GSK3B;NRP1;ERBB2;MYL9;MYH14;PLXNA2,KRT8+ DATP,Reactome
prerank,REACTOME_OPIOID_SIGNALLING,-0.3333012855201718,-0.6397416310944488,0.904862579281184,1.0,1.0,13/26,44.59%,PRKAR1A;GNG5;PPP1R1B;PPP2R1A;AHCYL1;PPP1CA;PDE4C;ADCY7;PPP2CA;CALM1;GNAQ;MAPK1;GNAI3,KRT8+ DATP,Reactome
prerank,REACTOME_RHOBTB1_GTPASE_CYCLE,0.2361897325785674,0.6360594493685942,0.8484848484848485,0.9883765094736232,1.0,15/15,76.45%,MYO6;VIM;STK38;CUL3;CPSF7;GPS1;ROCK1;CCT2;COPS4;SRRM1;COPS2;RBBP6;TRA2B;RBMX;TXNL1,KRT8+ DATP,Reactome
prerank,REACTOME_NEDDYLATION,-0.3126937081243656,-0.6338692341778058,0.9878296146044625,1.0,1.0,46/127,36.10%,RPS27A;UBA52;UBB;PSMA3;PSMA2;PSMA4;SPSB2;PSMD8;PSMA1;PSMD3;FBXL15;COMMD7;PSMC5;PSMC1;CISH;PSMA7;PSMC3;PSME1;SOCS3;DCAF11;SKP1;NEDD8;FBXW4;COMMD4;EPAS1;FBXO9;PSMB6;COPS6;FBXL5;COMMD6;COMMD9;COPS2;PSMD4;CUL5;KLHL20;COPS7A;COMMD3;RBBP7;PSMB1;PSMF1;FBXO21;PSMC6;FBXL3;COPS5;DCAF8;PSMB5,KRT8+ DATP,Reactome
prerank,REACTOME_DISEASES_ASSOCIATED_WITH_GLYCOSAMINOGLYCAN_METABOLISM,-0.350278448571613,-0.6307385515848198,0.8951965065502183,1.0,1.0,4/15,21.62%,SDC4;SDC2;GPC4;HEXB,KRT8+ DATP,Reactome
prerank,REACTOME_RESOLUTION_OF_ABASIC_SITES_AP_SITES,-0.3328151550001953,-0.629202079381239,0.9028077753779697,1.0,1.0,6/17,30.98%,RFC1;APEX1;PCNA;POLD2;PARP1;POLE4,KRT8+ DATP,Reactome
prerank,REACTOME_SIGNALING_BY_BRAF_AND_RAF1_FUSIONS,-0.3196587287973267,-0.627822038163038,0.9194915254237288,1.0,1.0,1/31,2.47%,PEBP1,KRT8+ DATP,Reactome
prerank,REACTOME_TRANSCRIPTIONAL_REGULATION_BY_MECP2,0.19408619806930738,0.6246418723424091,0.9444444444444444,0.9855798801740437,1.0,3/22,5.39%,PTPN1;NCOR2;MET,KRT8+ DATP,Reactome
prerank,REACTOME_RHOJ_GTPASE_CYCLE,0.22808437886628952,0.6199848742845382,0.8235294117647058,0.9742870971081028,1.0,7/28,6.87%,CAV1;TRIO;GJA1;STOM;JUP;ARHGAP26;FNBP1L,KRT8+ DATP,Reactome
prerank,REACTOME_ASSOCIATION_OF_TRIC_CCT_WITH_TARGET_PROTEINS_DURING_BIOSYNTHESIS,-0.33609634468400085,-0.6179231062753808,0.8969957081545065,1.0,1.0,10/16,54.34%,XRN2;FBXW4;FBXL5;CCT8;FBXL3;CCT4;LONP2;HDAC3;FBXW2;TCP1,KRT8+ DATP,Reactome
prerank,REACTOME_ANTI_INFLAMMATORY_RESPONSE_FAVOURING_LEISHMANIA_PARASITE_INFECTION,-0.323177824151305,-0.6162849153721304,0.9079229122055674,1.0,1.0,3/21,16.10%,PRKAR1A;GNG5;FURIN,KRT8+ DATP,Reactome
prerank,REACTOME_REPRODUCTION,-0.3150274932236086,-0.6125435667014514,0.9100642398286938,1.0,1.0,5/23,22.91%,RAD21;CD9;STAG2;CDK4;SMC3,KRT8+ DATP,Reactome
prerank,REACTOME_DISEASES_OF_PROGRAMMED_CELL_DEATH,-0.32743909588027137,-0.6084774878976094,0.9150743099787686,1.0,1.0,4/19,16.64%,JUN;SOD2;C1QBP;PRDX2,KRT8+ DATP,Reactome
prerank,REACTOME_SIGNALING_BY_GPCR,-0.3034984161938194,-0.6064772182064113,0.9858585858585859,1.0,1.0,15/84,23.14%,CXCL2;RGS16;PRKAR1A;EDNRB;GNG5;CXCL3;C3;FZD5;AKT1;ARHGEF1;HEBP1;PPP1R1B;PDPK1;PPP2R1A;CXCL8,KRT8+ DATP,Reactome
prerank,REACTOME_ANTIGEN_PROCESSING_UBIQUITINATION_PROTEASOME_DEGRADATION,-0.29814433571058724,-0.6051857166210209,0.9898373983739838,1.0,1.0,26/137,23.82%,RPS27A;UBA52;UBB;PSMA3;MYLIP;PSMA2;PSMA4;SPSB2;PSMD8;PSMA1;PSMD3;FBXL15;PSMC5;PSMC1;UBE2E1;UBE2V2;PSMA7;PSMC3;PSME1;UFL1;SOCS3;SKP1;FBXW4;CDC26;FBXO9;PSMB6,KRT8+ DATP,Reactome
prerank,REACTOME_HDACS_DEACETYLATE_HISTONES,-0.31576648684818664,-0.601998541867929,0.9204301075268817,1.0,1.0,9/20,49.20%,ARID4A;HMG20B;RBBP7;RCOR1;SAP18;HDAC1;BRMS1;HDAC3;REST,KRT8+ DATP,Reactome
prerank,REACTOME_BASE_EXCISION_REPAIR,-0.3100053161204215,-0.596875217624934,0.9065817409766455,1.0,1.0,7/20,30.98%,RFC1;APEX1;PCNA;POLD2;PARP1;TERF2IP;POLE4,KRT8+ DATP,Reactome
prerank,REACTOME_PRE_NOTCH_EXPRESSION_AND_PROCESSING,-0.3123565677713436,-0.5941971553033363,0.919661733615222,1.0,1.0,1/21,4.46%,JUN,KRT8+ DATP,Reactome
prerank,REACTOME_PLATELET_HOMEOSTASIS,-0.31082881176450416,-0.5924294984226046,0.9217758985200846,1.0,1.0,4/22,22.60%,GNG5;GUCY1A1;PPP2R5A;PPP2R1A,KRT8+ DATP,Reactome
prerank,REACTOME_SUMOYLATION,-0.29207529983898417,-0.5918108125630196,0.9757575757575757,1.0,1.0,20/78,35.97%,NFKBIA;RAD21;NUP58;STAG2;PARK7;PCNA;SUMO1;SMC3;CETN2;NR4A2;NR1H2;NSMCE4A;DDX5;PARP1;THRA;NR3C1;SUMO2;SATB1;SUZ12;SUMO3,KRT8+ DATP,Reactome
prerank,REACTOME_APOPTOSIS,-0.29112847027245836,-0.5882334180072717,0.9918864097363083,1.0,1.0,19/100,19.81%,RPS27A;UBA52;UBB;HMGB1;PSMA3;PSMA2;PSMA4;BAD;PSMD8;C1QBP;PSMA1;PSMD3;HMGB2;AKT1;PSMC5;PSMC1;CYCS;PSMA7;PSMC3,KRT8+ DATP,Reactome
prerank,REACTOME_PROCESSING_OF_CAPPED_INTRONLESS_PRE_MRNA,-0.3097278939834686,-0.5857834710195247,0.9297872340425531,1.0,1.0,12/18,65.20%,SNRPF;PCF11;WDR33;SNRPE;SNRPD3;CPSF6;SNRPB;LSM10;CSTF3;SNRPG;NCBP2;NUDT21,KRT8+ DATP,Reactome
prerank,REACTOME_RAF_ACTIVATION,-0.3103651533790325,-0.583788645127624,0.925764192139738,1.0,1.0,13/17,61.64%,PPP2R5A;PPP2R1A;PPP1CC;MAP2K2;PPP2CA;CALM1;PHB1;ARAF;RAF1;PPP2R5C;MAP3K11;PPP1CB;CAMK2G,KRT8+ DATP,Reactome
prerank,REACTOME_PKMTS_METHYLATE_HISTONE_LYSINES,0.2564453124999998,0.5830020736647581,0.7037037037037037,0.9976080369956944,1.0,18/18,74.45%,SMYD3;KMT2A;DOT1L;KMT2C;AEBP2;MECOM;NSD3;SETD2;NSD2;EHMT1;NFKB2;RBBP4;KMT5A;KMT5B;DPY30;SUZ12;RBBP7;SETD3,KRT8+ DATP,Reactome
prerank,REACTOME_MITOTIC_PROPHASE,-0.2978706230462778,-0.5773847802797725,0.9585062240663901,1.0,1.0,7/34,25.38%,ENSA;SMC4;NUP58;RAB1A;USO1;PPP2R1A;CTDNEP1,KRT8+ DATP,Reactome
prerank,REACTOME_GLYCOSAMINOGLYCAN_METABOLISM,-0.2945000387090847,-0.5702324080648778,0.9629629629629629,1.0,1.0,16/41,36.53%,SDC4;SDC2;CD44;CHP1;GPC4;HEXB;B4GALT3;B4GAT1;CHPF;GNS;B3GAT3;ST3GAL6;HYAL1;CHST12;HEXA;GUSB,KRT8+ DATP,Reactome
prerank,REACTOME_PARASITE_INFECTION,-0.2969423268531526,-0.565723515213649,0.9451476793248945,1.0,1.0,7/27,32.44%,ARPC2;ARPC1A;BRK1;BAIAP2;CYFIP1;ARPC5;ACTB,KRT8+ DATP,Reactome
prerank,REACTOME_REGULATION_OF_ENDOGENOUS_RETROELEMENTS,0.20799059929494707,0.5641316661986927,0.95,1.0,1.0,32/32,79.33%,SMARCC1;ARID1B;CHD3;SMARCA4;GATAD2A;BCL7C;EHMT1;GATAD2B;HDAC2;MTA3;ACTL6A;RBBP4;SMARCC2;SMARCA2;PPHLN1;SMARCD3;BCL7A;DPF2;CBX5;ARID1A;ZNF331;TRIM28;SMARCB1;HDAC1;SMARCD2;MPHOSPH8;SMARCE1;RBBP7;SUMO2;ACTB;BCL7B;RBM7,KRT8+ DATP,Reactome
prerank,REACTOME_RND1_GTPASE_CYCLE,-0.2939906988952985,-0.560392065002729,0.9337606837606838,1.0,1.0,6/23,24.54%,TMEM59;PTPN13;TFRC;RND1;TXNL1;RBMX,KRT8+ DATP,Reactome
prerank,REACTOME_ONCOGENIC_MAPK_SIGNALING,-0.283131539060287,-0.5590379437655961,0.9684873949579832,1.0,1.0,1/40,2.47%,PEBP1,KRT8+ DATP,Reactome
prerank,REACTOME_CARGO_TRAFFICKING_TO_THE_PERICILIARY_MEMBRANE,-0.3022113567608539,-0.5567135465612191,0.9262472885032538,1.0,1.0,10/15,55.12%,RAB3IP;MKKS;ARL13B;CCT8;ARL3;CCT4;LZTFL1;TCP1;BBIP1;ARF4,KRT8+ DATP,Reactome
prerank,REACTOME_CONSTITUTIVE_SIGNALING_BY_ABERRANT_PI3K_IN_CANCER,0.1923828124999998,0.5549191727035017,0.9714285714285714,0.9930154680274279,1.0,18/18,80.83%,AREG;MET;ERBB4;ERBB2;GAB2;FRS2;HBEGF;GAB1;RAC1;RHOG;KITLG;GRB2;ERBB3;PTPN11;IRS2;FGFR1;FGFR2;FGF7,KRT8+ DATP,Reactome
prerank,REACTOME_PROGRAMMED_CELL_DEATH,-0.27006097884158103,-0.5476985993741192,0.9959432048681541,1.0,1.0,22/121,19.81%,RPS27A;UBA52;UBB;HMGB1;PSMA3;PSMA2;PSMA4;BAD;CHMP3;PSMD8;C1QBP;PSMA1;CHMP2B;PSMD3;HMGB2;AKT1;CHMP2A;PSMC5;PSMC1;CYCS;PSMA7;PSMC3,KRT8+ DATP,Reactome
prerank,REACTOME_RAC3_GTPASE_CYCLE,0.22956945142780466,0.5403959751545212,1.0,0.9885316484154225,1.0,6/40,4.28%,BAIAP2L1;IL32;CAV1;TRIO;ITGB1;ARAP2,KRT8+ DATP,Reactome
prerank,REACTOME_SUMOYLATION_OF_CHROMATIN_ORGANIZATION_PROTEINS,-0.27709366861671714,-0.5303251901991809,0.9617834394904459,1.0,1.0,12/25,53.64%,NUP58;SUMO1;SUMO2;SATB1;SUZ12;SUMO3;PIAS1;RING1;HDAC1;CBX4;CBX5;RANBP2,KRT8+ DATP,Reactome
prerank,REACTOME_HATS_ACETYLATE_HISTONES,-0.27278841320378466,-0.5289176206683635,0.9730290456431535,1.0,1.0,14/38,44.22%,MBIP;SGF29;YEATS4;ATXN7;TADA3;ACTB;RBBP7;KAT5;ELP2;EP300;MORF4L1;ATF2;KAT8;TAF12,KRT8+ DATP,Reactome
prerank,REACTOME_FORMATION_OF_WDR5_CONTAINING_HISTONE_MODIFYING_COMPLEXES,-0.2789652467477547,-0.5198529342491774,0.9635193133047211,1.0,1.0,7/20,43.66%,MBIP;SGF29;BOD1;TADA3;DPY30;PSIP1;KAT8,KRT8+ DATP,Reactome
prerank,REACTOME_HEME_SIGNALING,-0.27485962666763936,-0.5183869855010358,0.957983193277311,1.0,1.0,10/21,49.73%,HMOX1;PGRMC2;NR1D1;NFE2L2;EP300;ATF2;HDAC3;TGS1;XPO1;RORA,KRT8+ DATP,Reactome
prerank,REACTOME_CHROMATIN_MODIFYING_ENZYMES,-0.25135241780534634,-0.5043166931807876,0.9959266802443992,1.0,1.0,31/99,45.35%,RPS2;MBIP;ARID4A;SGF29;CDK4;COPRS;YEATS4;SETD3;ATXN7;HMG20B;TADA3;ACTB;RBBP7;KAT5;ELP2;SUZ12;SMARCE1;RCOR1;SAP18;DPY30;EP300;SMARCD2;MORF4L1;KMT5B;ATF2;HDAC1;KAT8;TAF12;BRMS1;SMARCB1;HDAC3,KRT8+ DATP,Reactome
prerank,REACTOME_RHOA_GTPASE_CYCLE,-0.24321184810607152,-0.48740332783697604,0.9979757085020243,1.0,1.0,13/57,31.32%,TMEM87A;C1QBP;EMC3;DDRGK1;ARHGEF1;TFRC;LMAN1;PGRMC2;DLC1;ATP6AP1;ARHGAP31;KTN1;MYO9A,KRT8+ DATP,Reactome
prerank,REACTOME_MEIOSIS,-0.25172923967711736,-0.48377396916112964,0.9627192982456141,1.0,1.0,6/20,31.47%,RAD21;STAG2;CDK4;SMC3;TERF2IP;RAD50,KRT8+ DATP,Reactome
prerank,REACTOME_CILIUM_ASSEMBLY,-0.24486198297293088,-0.4823689941165035,0.9958333333333333,1.0,1.0,29/54,55.12%,SDCCAG8;RAB3IP;PPP2R1A;DCTN3;CETN2;MKKS;ARL13B;MAPRE1;CCT8;CEP57;TUBB4B;ARL3;CCT4;KIF3A;DYNC2I2;CEP63;CEP70;SSNA1;HAUS4;CDK5RAP2;IFT25;LZTFL1;DCTN1;TUBA1C;IFT20;DYNC2LI1;TCP1;BBIP1;ARF4,KRT8+ DATP,Reactome
prerank,REACTOME_RAB_GERANYLGERANYLATION,-0.24663657184024973,-0.4789029540589059,0.9874213836477987,1.0,1.0,8/31,22.87%,PTP4A2;RAB5C;RAB20;RAB17;RAB34;RAB1A;RAB7A;RAB21,KRT8+ DATP,Reactome
prerank,REACTOME_RHO_GTPASE_EFFECTORS,-0.2393972136646914,-0.4770018857882337,1.0,1.0,1.0,6/113,10.78%,RPS27;ARPC2;MYLK;S100A9;PMF1;ARPC1A,KRT8+ DATP,Reactome
prerank,REACTOME_CDC42_GTPASE_CYCLE,0.17994100294985238,0.474184205908981,1.0,1.0,1.0,53/53,82.19%,CAV1;TRIO;STOM;ARAP2;FARP1;JUP;ARHGAP26;FNBP1L;FMNL2;OPHN1;FGD4;ARHGAP44;ARHGAP27;ARHGAP29;DOCK9;CDC42SE2;ARHGEF12;ARHGEF5;SHKBP1;ARHGEF7;DAAM1;ABR;ARHGAP21;SNAP23;RALBP1;CDC42BPA;YKT6;CDC42BPB;CDC42EP1;ARHGDIB;CDC42EP4;LBR;PAK4;WIPF2;WASL;MAP3K11;ARHGAP35;ARFGAP2;ARHGDIA;ARHGAP1;PAK2;SH3PXD2A;TMPO;ARHGAP5;IQGAP1;CDC42EP3;BAIAP2;KTN1;LAMTOR1;ARHGAP31;DLC1;RAB7A;TFRC,KRT8+ DATP,Reactome
prerank,REACTOME_EPIGENETIC_REGULATION_OF_GENE_EXPRESSION,-0.23439199942541702,-0.46965087919824605,0.9959100204498977,1.0,1.0,28/83,44.65%,POLR2L;MBIP;POLR2K;POLR1D;SGF29;RBM7;GTF2H5;DEK;BOD1;BCL7B;TADA3;ACTB;SUMO2;RBBP7;SUZ12;SMARCE1;SAP18;MPHOSPH8;BAZ2A;DPY30;EP300;PSIP1;POLR1F;SMARCD2;POLR2E;HDAC1;KAT8;SMARCB1,KRT8+ DATP,Reactome
prerank,REACTOME_FACTORS_INVOLVED_IN_MEGAKARYOCYTE_DEVELOPMENT_AND_PLATELET_PRODUCTION,-0.2395863758390765,-0.46575642298163167,0.9938775510204082,1.0,1.0,3/49,9.71%,PRKAR1A;AKAP1;CAPZA2,KRT8+ DATP,Reactome
prerank,REACTOME_SUMOYLATION_OF_TRANSCRIPTION_COFACTORS,-0.24255744791887038,-0.4643386784950785,0.9808102345415778,1.0,1.0,12/25,50.37%,PARK7;SUMO1;DDX5;SUMO2;SUMO3;PIAS1;EP300;RING1;DDX17;NPM1;TRIM28;CBX4,KRT8+ DATP,Reactome
prerank,REACTOME_RAB_GEFS_EXCHANGE_GTP_FOR_GDP_ON_RABS,0.21895078250566063,0.4639090746945889,1.0,0.9982155196634546,1.0,2/43,0.62%,RAB31;RAB27B,KRT8+ DATP,Reactome
prerank,REACTOME_NUCLEAR_ENVELOPE_NE_REASSEMBLY,-0.23877051507592542,-0.46314257350253,0.9834710743801653,1.0,1.0,6/33,22.60%,NUP58;CHMP3;CHMP2B;CHMP2A;SUMO1;PPP2R1A,KRT8+ DATP,Reactome
prerank,REACTOME_HEPARAN_SULFATE_HEPARIN_HS_GAG_METABOLISM,-0.2417904874816446,-0.4474744533584822,0.9807280513918629,1.0,1.0,3/18,18.28%,SDC4;SDC2;GPC4,KRT8+ DATP,Reactome
prerank,REACTOME_TRANSCRIPTIONAL_AND_POST_TRANSLATIONAL_REGULATION_OF_MITF_M_EXPRESSION_AND_ACTIVITY,-0.2345659983368858,-0.44668018239316865,0.9803921568627451,1.0,1.0,4/16,26.59%,EDNRB;ID1;HINT1;EEF1E1,KRT8+ DATP,Reactome
prerank,REACTOME_SUMOYLATION_OF_RNA_BINDING_PROTEINS,-0.24030186554287114,-0.44626390512250746,0.9849462365591398,1.0,1.0,2/17,22.27%,NUP58;SUMO1,KRT8+ DATP,Reactome
prerank,REACTOME_RHOG_GTPASE_CYCLE,0.179482149862691,0.43020329020177833,1.0,0.9921862541859353,1.0,40/40,82.19%,CAV1;TRIO;ANKLE2;ITGB1;OPHN1;DOCK5;DOCK1;ERBIN;ARHGEF5;DSG2;LEMD3;LETM1;ARHGAP21;YKT6;HSPE1;RHOG;CDC42EP1;ARHGDIB;LBR;VAPB;EPHA2;PAK4;SHMT2;MAP3K11;ARHGAP35;ARHGDIA;ARHGAP1;PAK2;TMPO;ARHGAP5;STX5;CYFIP1;KTN1;LAMTOR1;NDUFS3;PGRMC2;LMAN1;RAB7A;NDUFA5;TFRC,KRT8+ DATP,Reactome
prerank,REACTOME_RAB_REGULATION_OF_TRAFFICKING,-0.2187184989984412,-0.42859440722962633,0.9979633401221996,1.0,1.0,13/57,28.42%,GABARAPL2;RAB5C;TRAPPC6A;RAB3IP;AKT1;RAB1A;RAB7A;RAB21;TRAPPC2L;GGA2;TRAPPC3;RAB13;TRAPPC4,KRT8+ DATP,Reactome
prerank,REACTOME_SIGNALING_BY_RHO_GTPASES_MIRO_GTPASES_AND_RHOBTB3,-0.2058650410673329,-0.42402251773241634,1.0,1.0,1.0,58/285,31.70%,RPS27;TMEM59;TMEM87A;ARPC2;MYLK;TAOK3;FILIP1;S100A9;PMF1;ARPC1A;RHOBTB2;RHOT1;ITSN2;C1QBP;PTPN13;EMC3;PPP2R5A;NIPSNAP2;BRK1;DDRGK1;ARHGEF1;HINT2;TOR1AIP1;SLC1A5;ADD3;TFRC;DYNC1LI1;PIN1;RND1;NDUFA5;RAB7A;PDPK1;LMAN1;PPP2R1A;ARMCX3;PGRMC2;TXNL1;NDUFS3;RBMX;DLC1;ATP6AP1;BUB3;ARL13B;ARHGAP31;LAMTOR1;MAPRE1;TRA2B;KTN1;RBBP6;CDKN1B;BAIAP2;PPP1CC;CDC42EP3;COPS2;MYO9A;PLXND1;CYFIP1;ARPC5,KRT8+ DATP,Reactome
prerank,REACTOME_RAC2_GTPASE_CYCLE,-0.20936883561848815,-0.4142344873608086,0.9958932238193019,1.0,1.0,7/40,23.32%,TAOK3;BRK1;TFRC;RAB7A;LMAN1;ARMCX3;PGRMC2,KRT8+ DATP,Reactome
prerank,REACTOME_RHOQ_GTPASE_CYCLE,-0.20117986473389315,-0.38985419293966617,0.9958419958419958,1.0,1.0,7/29,30.85%,SLC1A5;TFRC;RAB7A;DLC1;ARL13B;LAMTOR1;CDC42EP3,KRT8+ DATP,Reactome
prerank,REACTOME_KINESINS,-0.1976744711994853,-0.3628458708012718,0.9978448275862069,1.0,1.0,6/15,57.01%,KIF22;TUBB4B;KIF3A;KIF1C;TUBA1C;KIF13B,KRT8+ DATP,Reactome
prerank,REACTOME_SIGNALING_BY_VEGF,-0.17898513193713242,-0.3470024189859225,0.9958847736625515,1.0,1.0,15/44,42.82%,BRK1;AKT1;PDPK1;AHCYL1;THEM4;BAIAP2;CYFIP1;ACTB;AAMP;MAPK13;MLST8;VEGFB;CALM1;RICTOR;NCK1,KRT8+ DATP,Reactome
prerank,REACTOME_RAC1_GTPASE_CYCLE,-0.16157399426042612,-0.32317741395880595,1.0,1.0,1.0,11/64,31.55%,TAOK3;BRK1;SLC1A5;TFRC;RAB7A;DLC1;ARHGAP31;LAMTOR1;KTN1;BAIAP2;CYFIP1,KRT8+ DATP,Reactome
prerank,REACTOME_REGULATION_OF_MITF_M_DEPENDENT_GENES_INVOLVED_IN_PIGMENTATION,-0.164616615217008,-0.3086349588006931,1.0,1.0,1.0,1/21,8.27%,MLPH,KRT8+ DATP,Reactome
prerank,REACTOME_HCMV_EARLY_EVENTS,-0.1349209603453887,-0.2585136237864545,1.0,0.99996382814026,1.0,2/28,19.07%,NUP58;DYNC1LI1,KRT8+ DATP,Reactome
prerank,HALLMARK_EPITHELIAL_MESENCHYMAL_TRANSITION,0.7941194127742901,2.0488519127805698,0.0,0.0,0.0,48/121,4.99%,COL1A1;IL32;DST;FN1;PDLIM4;ITGA2;CALD1;PMEPA1;LAMC2;DPYSL3;VIM;CRLF1;PRSS2;TNC;ITGAV;FSTL3;TIMP1;TPM1;PLAUR;TPM4;TAGLN;TNFRSF12A;THBS1;CAPG;VCAN;CDH2;FLNA;ITGB1;FSTL1;MMP14;SDC1;GJA1;LGALS1;QSOX1;GADD45A;SPARC;COL6A2;COL4A2;MYL9;FAS;TIMP3;TGFBI;GPC1;IGFBP4;TGFB1;FUCA1;EDIL3;SERPINH1,KRT5-KRT17+ Basaloid,Hallmark
prerank,HALLMARK_OXIDATIVE_PHOSPHORYLATION,-0.7068495712127643,-1.8282740821671069,0.0,0.0,0.0,34/160,6.67%,CYB5A;COX7C;SLC25A5;ATP5F1E;SLC25A6;NDUFA4;GPX4;LDHB;UQCRB;ATP5MG;COX7A2;COX4I1;COX6C;UQCR10;SLC25A3;ATP6V0E1;UQCRQ;COX8A;COX17;ECH1;ATP5PO;COX7B;MTRR;ACAT1;UQCRH;NDUFB1;NDUFC2;MPC1;NDUFB8;SLC25A4;LDHA;MRPS15;ALDH6A1;COX7A2L,KRT5-KRT17+ Basaloid,Hallmark
prerank,HALLMARK_MYC_TARGETS_V1,-0.7084133167798782,-1.8175483383551447,0.0,0.0,0.0,17/155,3.23%,RPS3;RPS6;RPS2;RPLP0;RPL14;RPL18;RPL6;RPL34;RPS5;RACK1;RPL22;RPS10;EEF1B2;NPM1;HNRNPA1;SLC25A3;PABPC1,KRT5-KRT17+ Basaloid,Hallmark
prerank,HALLMARK_APICAL_JUNCTION,0.6860442685422296,1.7736551288989866,0.0,0.001286008230452675,0.002,32/114,5.69%,MDK;LAMB3;ITGA2;LAMC2;CDH3;MYH9;ACTN1;ZYX;CDH1;ITGB4;CD99;VCAN;JUP;ITGB1;AMIGO2;VCL;ADAM9;ITGA3;YWHAH;NECTIN2;MYL9;VASP;GNAI2;TGFBI;FSCN1;NECTIN4;B4GALT1;CAP1;NEXN;ICAM1;TJP1;MPZL1,KRT5-KRT17+ Basaloid,Hallmark
prerank,HALLMARK_ANGIOGENESIS,0.8622364766878573,1.708175202295747,0.0,0.0017146776406035662,0.004,9/22,3.55%,APP;SLCO2A1;ITGAV;TIMP1;TNFRSF21;CCND2;VCAN;FSTL1;PDGFA,KRT5-KRT17+ Basaloid,Hallmark
prerank,HALLMARK_MITOTIC_SPINDLE,0.6232773345060976,1.6286469000044226,0.0,0.008359053497942387,0.026,41/125,15.51%,DST;GSN;PALLD;MYH9;MARCKS;FLNA;NEDD9;SPTAN1;FLNB;VCL;TUBA4A;DYNC1H1;PDLIM5;STK38L;FSCN1;FGD6;CD2AP;NET1;WASF2;CYTH2;MYO1E;CSNK1D;BCAR1;CAPZB;FARP1;CDC42EP1;SYNPO;RALBP1;CTTN;ARF6;ABI1;SUN2;NOTCH2;SPTBN1;ACTN4;CDC42;PXN;HOOK3;ARHGDIA;ARHGAP29;BCR,KRT5-KRT17+ Basaloid,Hallmark
prerank,HALLMARK_COAGULATION,0.6807009064384529,1.5822084003547117,0.004081632653061225,0.018518518518518517,0.07,20/64,5.43%,MMP7;CRIP2;FN1;ITGA2;GSN;CTSE;TIMP1;PRSS23;PLAU;THBS1;MMP14;CTSB;CFH;SPARC;WDR1;ADAM9;TIMP3;GNG12;CAPN2;CSRP1,KRT5-KRT17+ Basaloid,Hallmark
prerank,HALLMARK_MYOGENESIS,0.6745809291229936,1.5762589245982919,0.0,0.017146776406035662,0.078,24/80,7.43%,COL1A1;IGFBP7;CDKN1A;GSN;APP;AGRN;MYH9;TAGLN;PDLIM7;ITGB4;ABLIM1;PLXNB2;ITGB1;SPTAN1;SPARC;COL6A2;TPM3;COL4A2;TGFB1;CKB;SVIL;FLII;CNN3;SYNGR2,KRT5-KRT17+ Basaloid,Hallmark
prerank,HALLMARK_TGF_BETA_SIGNALING,0.7075936854328928,1.5548311926702083,0.0,0.0205761316872428,0.106,19/47,13.77%,PMEPA1;THBS1;CDH1;IFNGR2;SKIL;RAB31;TGFB1;TGIF1;TJP1;CDKN1C;CTNNB1;FKBP1A;SMURF1;TGFBR1;NCOR2;BMPR2;SMAD3;SPTBN1;SERPINE1,KRT5-KRT17+ Basaloid,Hallmark
prerank,HALLMARK_E2F_TARGETS,0.6157551455552814,1.5343835340036511,0.004484304932735426,0.028292181069958847,0.162,5/99,1.26%,CDKN1A;STMN1;JPT1;CDKN2A;HMGB3,KRT5-KRT17+ Basaloid,Hallmark
prerank,HALLMARK_APOPTOSIS,0.6053887577914561,1.528455655841047,0.0,0.02686328303612254,0.174,38/103,11.34%,CDKN1A;GSN;APP;TIMP1;TNFRSF12A;CCND2;BAX;NEDD9;BCL2L1;SPTAN1;GADD45A;CCND1;TIMP2;FAS;TIMP3;TNFSF10;TGFB2;BCL10;BCAP31;IER3;ERBB2;LMNA;CTNNB1;BIK;TAP1;ATF3;EMP1;FDXR;IFNGR1;ADD1;WEE1;DNAJC3;BID;RHOB;DNAJA1;ERBB3;CAV1;VDAC2,KRT5-KRT17+ Basaloid,Hallmark
prerank,HALLMARK_GLYCOLYSIS,0.5707170225134263,1.5130932974208886,0.008438818565400843,0.03009259259259259,0.216,38/129,13.94%,STMN1;AGRN;VCAN;SDC1;DSC2;PKM;QSOX1;DDIT4;AKR1A1;TPBG;TGFBI;GPC1;SOX9;B4GALT1;CHPF;PFKP;PAM;IER3;SLC16A3;BIK;ANGPTL4;PLOD1;PGAM1;IL13RA1;MET;CLDN3;ERO1A;KIF2A;COL5A1;P4HA2;PSMC4;IGFBP3;GFUS;GPR87;MDH1;COPB2;PLOD2;CASP6,KRT5-KRT17+ Basaloid,Hallmark
prerank,HALLMARK_REACTIVE_OXYGEN_SPECIES_PATHWAY,-0.7100991037270281,-1.453698740648169,0.034782608695652174,0.14007782101167315,0.416,8/32,5.52%,MGST1;FTL;GPX4;PRDX6;SOD2;CAT;JUNB;EGLN2,KRT5-KRT17+ Basaloid,Hallmark
prerank,HALLMARK_APICAL_SURFACE,0.7450035912507448,1.4344951799686034,0.03767123287671233,0.06991208380097269,0.446,8/18,15.23%,APP;PLAUR;B4GALT1;CX3CL1;ADAM10;DCBLD2;HSPB1;EPHB4,KRT5-KRT17+ Basaloid,Hallmark
prerank,HALLMARK_BILE_ACID_METABOLISM,-0.6269218712536915,-1.4041658983066871,0.05747126436781609,0.17217898832684828,0.578,12/55,6.26%,ABCA3;PRDX5;DHCR24;HSD17B6;IDI1;ACSL1;CAT;FADS1;HSD17B4;TFCP2L1;ALDH1A1;NPC1,KRT5-KRT17+ Basaloid,Hallmark
prerank,HALLMARK_FATTY_ACID_METABOLISM,-0.5498075925285644,-1.3804978755117623,0.04887218045112782,0.1669260700389105,0.644,21/111,6.19%,FASN;DHCR24;CA2;IDI1;HMGCS1;PRDX6;MAOA;ACSL1;CD36;EPHX1;ERP29;ACAT2;ECH1;HSD17B4;ALDOA;HSDL2;ACADL;XIST;PCBD1;LDHA;ALDH1A1,KRT5-KRT17+ Basaloid,Hallmark
prerank,HALLMARK_PI3K_AKT_MTOR_SIGNALING,0.5869648887482721,1.3759039113627518,0.06382978723404255,0.11616941015089162,0.65,18/67,20.56%,CDKN1A;SFN;ACTR3;AP2M1;TNFRSF1A;GSK3B;ARHGDIA;HRAS;ACTR2;SLC2A1;MYD88;PIN1;EIF4E;CLTC;HSP90B1;CALR;PFN1;UBE2N,KRT5-KRT17+ Basaloid,Hallmark
prerank,HALLMARK_G2M_CHECKPOINT,0.5491741778902558,1.3663125639605036,0.049586776859504134,0.1179170623615068,0.68,17/101,15.90%,STMN1;JPT1;MARCKS;HMGB3;CCND1;TGFB1;PML;SMARCC1;HIF1A;ILF3;SMAD3;NOTCH2;BUB3;HMGA1;KPNB1;MAPK14;SYNCRIP,KRT5-KRT17+ Basaloid,Hallmark
prerank,HALLMARK_TNFA_SIGNALING_VIA_NFKB,0.5093966981532067,1.344754220310837,0.03349282296650718,0.1346634332745444,0.742,35/142,9.03%,LAMB3;CDKN1A;PMEPA1;TNC;PTGS2;PLAUR;PLAU;MARCKS;PHLDA2;IFNGR2;GADD45A;SPSB1;CCND1;FOSL2;PTPRE;CLCF1;PHLDA1;PDLIM5;LITAF;EDN1;B4GALT1;TGIF1;ICAM1;IER3;CCL2;TUBB2A;NINJ1;TAP1;ATF3;TNIP1;FOSL1;PLK2;RELB;KLF2;KLF4,KRT5-KRT17+ Basaloid,Hallmark
prerank,HALLMARK_INFLAMMATORY_RESPONSE,0.5318645780261256,1.3353660883025398,0.046413502109704644,0.1359739368998628,0.77,25/89,10.03%,CDKN1A;TIMP1;PLAUR;IFNGR2;MMP14;CD82;LY6E;ITGB8;PTPRE;TPBG;EDN1;TNFSF10;SRI;ICAM1;CCL2;ATP2A2;HIF1A;CX3CL1;MET;IFITM1;ADRM1;IFNAR1;IRF7;DCBLD2;EMP3,KRT5-KRT17+ Basaloid,Hallmark
prerank,HALLMARK_WNT_BETA_CATENIN_SIGNALING,0.6935426096069098,1.3288383272683661,0.17689530685920576,0.13406635802469136,0.788,7/20,15.57%,CCND2;HDAC2;CTNNB1;NCOR2;CSNK1E;NCSTN;DKK1,KRT5-KRT17+ Basaloid,Hallmark
prerank,HALLMARK_KRAS_SIGNALING_UP,0.540801717247642,1.3264519954804574,0.05714285714285714,0.12829823287339628,0.794,23/90,9.25%,ITGA2;PCSK1N;PTGS2;PLAUR;PLAU;CCND2;TSPAN1;JUP;KCNN4;EPHB2;CFH;PCP4;SEMA3B;ALDH1A3;TSPAN13;SOX9;FUCA1;PSMB8;ANGPTL4;EMP1;ERO1A;KLF4;EVI5,KRT5-KRT17+ Basaloid,Hallmark
prerank,HALLMARK_INTERFERON_GAMMA_RESPONSE,0.5033729035137645,1.3082825000527882,0.06666666666666667,0.1380315500685871,0.832,30/116,9.76%,CDKN1A;IFI27;PTGS2;CFH;LY6E;PIM1;FAS;PLSCR1;PSME2;LGALS3BP;TNFSF10;SRI;PFKP;ICAM1;PML;PSMB8;ISG15;PELI1;CCL2;STAT1;UPP1;TAP1;HIF1A;C1S;RNF213;C1R;PSMB10;PNP;IRF7;MX1,KRT5-KRT17+ Basaloid,Hallmark
prerank,HALLMARK_UV_RESPONSE_DN,0.5180639505792588,1.282265366306611,0.07954545454545454,0.15662226554039418,0.886,25/96,15.66%,COL1A1;FHL2;GJA1;ANXA2;RND3;PDLIM5;SRI;INPP4B;TJP1;ERBB2;MET;LTBP1;MAP1B;MGLL;NFIB;CAV1;RUNX1;BHLHE40;SMAD3;NOTCH2;LAMC1;SERPINE1;ABCC1;MAPK14;ANXA4,KRT5-KRT17+ Basaloid,Hallmark
prerank,HALLMARK_CHOLESTEROL_HOMEOSTASIS,-0.5742613721123953,-1.2632164966700092,0.12547528517110265,0.33730544747081714,0.916,20/54,6.96%,FABP5;FASN;SCD;IDI1;HMGCS1;FDPS;TMEM97;LDLR;LPL;EBP;ACAT2;ECH1;ACSS2;SQLE;MVD;HMGCR;FDFT1;DHCR7;LSS;PCYT2,KRT5-KRT17+ Basaloid,Hallmark
prerank,HALLMARK_ALLOGRAFT_REJECTION,-0.5149279919299331,-1.2373717501970174,0.10566037735849057,0.3504030016675931,0.95,10/75,2.33%,RPS9;RPL9;RPS3A;RPL39;RPS19;B2M;HLA-DRA;CD74;C2;NPM1,KRT5-KRT17+ Basaloid,Hallmark
prerank,HALLMARK_NOTCH_SIGNALING,0.6335225498354135,1.2324282663949215,0.20212765957446807,0.20473251028806586,0.944,7/20,16.31%,CCND1;NOTCH3;LFNG;DTX2;NOTCH2;MAML2;PSENEN,KRT5-KRT17+ Basaloid,Hallmark
prerank,HALLMARK_IL6_JAK_STAT3_SIGNALING,0.559730396567193,1.2315876938062527,0.1626984126984127,0.1959631589261219,0.946,12/44,10.10%,TNFRSF21;TNFRSF12A;IFNGR2;PIM1;FAS;TGFB1;STAT1;IL13RA1;IFNGR1;IFNAR1;TNFRSF1A;LTBR,KRT5-KRT17+ Basaloid,Hallmark
prerank,HALLMARK_P53_PATHWAY,0.45667671110483377,1.2215201293101454,0.1004566210045662,0.20085110362888142,0.952,43/155,7.85%,KRT17;CDKN1A;APP;PERP;TM4SF1;ITGB4;CCND2;ST14;CDKN2A;BAX;PLXNB2;STOM;ZMAT3;PHLDA3;SDC1;EPS8L2;SFN;GADD45A;CDKN2B;MDM2;CD82;DDIT4;PTPRE;RRAD;FAS;PDGFA;TGFB1;TM7SF3;FUCA1;TRAF4;IER3;IP6K2;STEAP3;NINJ1;TAX1BP3;UPP1;TAP1;ATF3;PROCR;SESN1;FDXR;TP63;PLK2,KRT5-KRT17+ Basaloid,Hallmark
prerank,HALLMARK_HYPOXIA,0.4532334240581908,1.2117083487297775,0.10091743119266056,0.20609679728037214,0.964,32/133,11.77%,CDKN1A;PLAUR;MYH9;IDS;TES;ANXA2;DDIT4;PIM1;FOSL2;TPBG;TGFBI;GPC1;EDN2;CSRP2;PFKP;PAM;IER3;CDKN1C;ANGPTL4;ATF3;NAGK;ERO1A;COL5A1;P4HA2;TGM2;GPI;IGFBP3;CAV1;KLF7;CCNG2;BHLHE40;TPST2,KRT5-KRT17+ Basaloid,Hallmark
prerank,HALLMARK_ESTROGEN_RESPONSE_LATE,0.45617743426394974,1.1828350847177511,0.1762295081967213,0.2354466735253772,0.976,35/113,11.82%,MDK;LAMC2;PRSS23;PERP;CDH1;ST14;ALDH3A2;SFN;FLNB;PCP4;LSR;CCND1;KRT19;RAB31;SEMA3B;TPBG;ABHD2;IGFBP4;NBL1;TSPAN13;CXCL14;MYOF;PDLIM3;PLXNB1;CKB;PKP3;FARP1;KLF4;WFS1;ARL3;NCOR2;DYNLT3;CAV1;GFUS;IDH2,KRT5-KRT17+ Basaloid,Hallmark
prerank,HALLMARK_PEROXISOME,-0.5373250630373164,-1.1788580852573203,0.19747899159663865,0.43737840466926076,0.988,13/61,6.19%,PRDX5;DHCR24;IDI1;FDPS;PABPC1;ACSL1;SOD2;CAT;FADS1;ECH1;HSD17B4;SLC25A4;ALDH1A1,KRT5-KRT17+ Basaloid,Hallmark
prerank,HALLMARK_XENOBIOTIC_METABOLISM,-0.4584285662533539,-1.1183292315546252,0.27715355805243447,0.5364785992217899,1.0,21/102,7.85%,CYB5A;DCXR;BLVRB;CA2;DDT;MAOA;PMM1;TMEM97;CD36;CAT;EPHX1;ECH1;SLC1A5;ETS2;ID2;NPC1;FBP1;CES1;HMOX1;RAP1GAP;ASL,KRT5-KRT17+ Basaloid,Hallmark
prerank,HALLMARK_COMPLEMENT,0.43295296982457365,1.1075459313481117,0.26666666666666666,0.33734567901234563,0.994,23/112,10.38%,FN1;TIMP1;PLAUR;MMP14;CTSB;CFH;ADAM9;PIM1;TIMP2;COL4A2;GNAI2;PLSCR1;PPP4C;SPOCK2;CSRP1;ATOX1;C1S;C1R;KIF2A;IRF7;ANXA5;GNB2;LRP1,KRT5-KRT17+ Basaloid,Hallmark
prerank,HALLMARK_MYC_TARGETS_V2,-0.503372662910202,-1.0963501366107464,0.30603448275862066,0.5454280155642023,1.0,3/42,6.05%,NPM1;TMEM97;HK2,KRT5-KRT17+ Basaloid,Hallmark
prerank,HALLMARK_IL2_STAT5_SIGNALING,0.4239232416045409,1.0895890211383341,0.3048780487804878,0.3537511870845204,0.996,29/109,11.29%,ITGAV;PLEC;TNFRSF21;CAPG;CCND2;BCL2L1;PIM1;PHLDA1;AHNAK;PLSCR1;COL6A1;CTSZ;TNFSF10;SERPINB6;CDKN1C;IRF6;WLS;MYO1E;EMP1;SYNGR2;CDCP1;IFNGR1;PLPP1;PNP;RHOB;SNX9;TGM2;BMPR2;BHLHE40,KRT5-KRT17+ Basaloid,Hallmark
prerank,HALLMARK_ESTROGEN_RESPONSE_EARLY,0.3994058722177881,1.0525843415816045,0.35864978902953587,0.4030445054107606,0.998,36/126,13.87%,FHL2;PRSS23;ABLIM1;RHOD;GJA1;SFN;FLNB;KRT15;CCND1;KRT19;RAB31;SEMA3B;TPBG;ABHD2;IGFBP4;NBL1;B4GALT1;MYOF;PDLIM3;KRT8;SVIL;RHOBTB3;FARP1;UGCG;KLF4;WFS1;ARL3;NCOR2;DYNLT3;TGM2;BHLHE40;SLC39A6;CELSR1;ELF1;RASGRP1;BAG1,KRT5-KRT17+ Basaloid,Hallmark
prerank,HALLMARK_ANDROGEN_RESPONSE,-0.450146029821168,-1.0465285365028356,0.39215686274509803,0.620799434029006,1.0,11/75,3.93%,DBI;SAT1;SELENOP;B2M;SCD;DHCR24;IDI1;HMGCS1;INSIG1;VAPA;FADS1,KRT5-KRT17+ Basaloid,Hallmark
prerank,HALLMARK_MTORC1_SIGNALING,-0.4033475196219728,-1.0264184047874678,0.4022140221402214,0.6172178988326849,1.0,23/141,6.08%,NUPR1;SCD;SERP1;DHCR24;IDI1;HMGCS1;INSIG1;TMEM97;LDLR;XBP1;FADS1;EBP;PPA1;SQLE;EIF2S2;ALDOA;SLC1A5;LTA4H;HMGCR;LDHA;DHCR7;HK2;QDPR,KRT5-KRT17+ Basaloid,Hallmark
prerank,HALLMARK_UNFOLDED_PROTEIN_RESPONSE,-0.4384005982812429,-1.0250292342293246,0.40225563909774437,0.5741170308290932,1.0,5/89,3.79%,RPS14;EEF2;SERP1;NPM1;XBP1,KRT5-KRT17+ Basaloid,Hallmark
prerank,HALLMARK_ADIPOGENESIS,-0.39362105031310074,-1.0049361142349071,0.44,0.5785505836575876,1.0,21/139,6.08%,GPX4;UQCR10;CD302;UQCRQ;DDT;CD36;CAT;LPL;COX8A;ECH1;MCCC1;C3;ATP5PO;COX7B;SULT1A1;ALDOA;SLC1A5;ACADL;LIFR;DHCR7;QDPR,KRT5-KRT17+ Basaloid,Hallmark
prerank,HALLMARK_SPERMATOGENESIS,0.44497972491605625,0.9394452201285683,0.6048387096774194,0.6090167548500882,1.0,1/36,0.40%,PCSK1N,KRT5-KRT17+ Basaloid,Hallmark
prerank,HALLMARK_PROTEIN_SECRETION,0.38926102003263097,0.9368380397626236,0.56,0.5936923513551865,1.0,21/78,22.28%,DST;CAV2;PAM;AP2M1;ADAM10;SNAP23;VPS4B;ARFGAP3;AP2B1;SEC31A;RAB22A;COPB2;KIF1B;SCAMP3;TMX1;TMED10;CLTC;IGF2R;LAMP2;RER1;AP3S1,KRT5-KRT17+ Basaloid,Hallmark
prerank,HALLMARK_INTERFERON_ALPHA_RESPONSE,-0.37541323292722434,-0.8782649290830977,0.6934865900383141,0.8300583657587548,1.0,4/63,2.66%,LAMP3;B2M;CD74;TXNIP,KRT5-KRT17+ Basaloid,Hallmark
prerank,HALLMARK_HEME_METABOLISM,0.33358725247183973,0.8717201078132888,0.7434782608695653,0.713477366255144,1.0,33/116,20.87%,CTSE;CTSB;UCP2;MBOAT2;OPTN;PDZK1IP1;LRP10;SEC14L1;RNF19A;BSG;ADD1;SLC25A37;P4HA2;RIOK3;TSPAN5;NARF;RBM38;YPEL5;DAAM1;MFHAS1;VEZF1;GLRX5;PSMD9;TFDP2;SLC2A1;BACH1;HTATIP2;FBXO7;GCLM;KLF3;EIF2AK1;LAMP2;LPIN2,KRT5-KRT17+ Basaloid,Hallmark
prerank,HALLMARK_UV_RESPONSE_UP,-0.34031118600564225,-0.8345473355839459,0.7798507462686567,0.869285019455253,1.0,21/101,7.44%,CA2;NFKBIA;FOS;BTG1;MAOA;SOD2;EPHX1;AQP3;CREG1;SULT1A1;JUNB;AMD1;CXCL2;ALDOA;NUP58;SLC25A4;MRPL23;NR4A1;RAB27A;HMOX1;TST,KRT5-KRT17+ Basaloid,Hallmark
prerank,HALLMARK_KRAS_SIGNALING_DN,-0.3509772553917574,-0.7373492116228222,0.8983739837398373,0.9784847791256581,1.0,2/42,1.92%,SELENOP;FGGY,KRT5-KRT17+ Basaloid,Hallmark
prerank,HALLMARK_DNA_REPAIR,-0.2596422207673273,-0.6355113674144813,0.9960474308300395,0.984192607003891,1.0,5/104,4.83%,AK1;GPX4;COX17;POLR1D;POLR2C,KRT5-KRT17+ Basaloid,Hallmark
prerank,REACTOME_RRNA_PROCESSING,-0.964502113862121,-2.494340604092224,0.0,0.0,0.0,77/162,2.14%,RPS3;RPS27;RPS12;RPL11;RPS4X;RPL10;RPS6;RPL13;RPL19;RPLP1;RPS28;RPS2;RPS13;RPS9;RPS14;RPLP0;RPL14;RPL32;RPL18;RPS8;RPL8;RPS15A;RPL30;RPL28;RPS16;RPS25;RPL18A;RPL24;RPL9;RPS15;RPS23;RPL12;RPL23A;RPL6;RPS3A;RPL37;RPL34;RPS24;RPL3;RPL5;RPL7A;RPL21;RPS5;RPLP2;RPL29;RPL37A;RPS27A;FAU;RPL35A;RPL39;RPL26;RPS7;RPS19;RPL22;RPL36;RPL10A;RPL7;RPL15;RPL35;RPSA;RPL41;RPS11;RPL27;RPS21;RPS29;RPL23;RPS20;UBA52;RPS10;RPL31;RPL13A;RPL4;RPL27A;RPS17;RPL38;RPS26;RPL36AL,KRT5-KRT17+ Basaloid,Reactome
prerank,REACTOME_TRANSLATION,-0.9271529844024002,-2.491054929337864,0.0,0.0,0.0,86/222,3.63%,RPS3;EEF1A1;RPS27;RPS12;RPL11;RPS4X;RPL10;RPS6;RPL13;RPL19;RPLP1;RPS28;RPS2;RPS13;RPS9;RPS14;RPLP0;RPL14;RPL32;RPL18;RPS8;RPL8;RPS15A;RPL30;RPL28;RPS16;RPS25;RPL18A;RPL24;RPL9;RPS15;RPS23;RPL12;RPL23A;RPL6;RPS3A;RPL37;RPL34;RPS24;RPL3;RPL5;RPL7A;RPL21;RPS5;RPLP2;RPL29;RPL37A;RPS27A;FAU;RPL35A;RPL39;RPL26;RPS7;RPS19;RPL22;RPL36;RPL10A;RPL7;RPL15;RPL35;RPSA;RPL41;RPS11;RPL27;RPS21;RPS29;RPL23;RPS20;UBA52;RPS10;RPL31;RPL13A;EEF2;EEF1B2;RPL4;RPL27A;RPS17;RPL38;RPS26;RPL36AL;EEF1D;PABPC1;RPL36A;SSR4;MRPL14;EIF3E,KRT5-KRT17+ Basaloid,Reactome
prerank,REACTOME_METABOLISM_OF_AMINO_ACIDS_AND_DERIVATIVES,-0.9027310389095999,-2.4427253322286004,0.0,0.0,0.0,80/216,2.38%,RPS3;RPS27;RPS12;RPL11;RPS4X;RPL10;RPS6;RPL13;RPL19;RPLP1;RPS28;RPS2;RPS13;RPS9;RPS14;RPLP0;RPL14;RPL32;RPL18;RPS8;RPL8;RPS15A;RPL30;RPL28;RPS16;RPS25;RPL18A;RPL24;RPL9;RPS15;RPS23;RPL12;RPL23A;RPL6;RPS3A;RPL37;RPL34;RPS24;RPL3;RPL5;RPL7A;RPL21;RPS5;RPLP2;RPL29;RPL37A;RPS27A;FAU;RPL35A;RPL39;RPL26;RPS7;RPS19;SAT1;RPL22;RPL36;RPL10A;RPL7;RPL15;RPL35;RPSA;RPL41;RPS11;RPL27;RPS21;RPS29;RPL23;RPS20;UBA52;OAZ1;RPS10;RPL31;RPL13A;RPL4;RPL27A;RPS17;RPL38;RPS26;RPL36AL;DUOX1,KRT5-KRT17+ Basaloid,Reactome
prerank,REACTOME_INFLUENZA_INFECTION,-0.9559962050141843,-2.4255122721053723,0.0,0.0,0.0,79/136,2.58%,RPS3;RPS27;RPS12;RPL11;RPS4X;RPL10;RPS6;RPL13;RPL19;RPLP1;RPS28;RPS2;RPS13;RPS9;RPS14;RPLP0;RPL14;RPL32;RPL18;RPS8;RPL8;RPS15A;RPL30;RPL28;RPS16;RPS25;RPL18A;RPL24;RPL9;RPS15;RPS23;RPL12;RPL23A;RPL6;RPS3A;RPL37;RPL34;RPS24;RPL3;RPL5;RPL7A;RPL21;RPS5;RPLP2;RPL29;RPL37A;RPS27A;FAU;RPL35A;RPL39;RPL26;RPS7;RPS19;RPL22;RPL36;RPL10A;RPL7;RPL15;RPL35;RPSA;RPL41;RPS11;RPL27;RPS21;RPS29;RPL23;RPS20;UBA52;RPS10;RPL31;RPL13A;RPL4;RPL27A;RPS17;RPL38;RPS26;SLC25A6;RPL36AL;POLR2L,KRT5-KRT17+ Basaloid,Reactome
prerank,REACTOME_EUKARYOTIC_TRANSLATION_INITIATION,-0.9696096488276343,-2.414731832606131,0.0,0.0,0.0,77/107,2.14%,RPS3;RPS27;RPS12;RPL11;RPS4X;RPL10;RPS6;RPL13;RPL19;RPLP1;RPS28;RPS2;RPS13;RPS9;RPS14;RPLP0;RPL14;RPL32;RPL18;RPS8;RPL8;RPS15A;RPL30;RPL28;RPS16;RPS25;RPL18A;RPL24;RPL9;RPS15;RPS23;RPL12;RPL23A;RPL6;RPS3A;RPL37;RPL34;RPS24;RPL3;RPL5;RPL7A;RPL21;RPS5;RPLP2;RPL29;RPL37A;RPS27A;FAU;RPL35A;RPL39;RPL26;RPS7;RPS19;RPL22;RPL36;RPL10A;RPL7;RPL15;RPL35;RPSA;RPL41;RPS11;RPL27;RPS21;RPS29;RPL23;RPS20;UBA52;RPS10;RPL31;RPL13A;RPL4;RPL27A;RPS17;RPL38;RPS26;RPL36AL,KRT5-KRT17+ Basaloid,Reactome
prerank,REACTOME_REGULATION_OF_EXPRESSION_OF_SLITS_AND_ROBOS,-0.9421885743665527,-2.404625722429936,0.0,0.0,0.0,77/144,2.14%,RPS3;RPS27;RPS12;RPL11;RPS4X;RPL10;RPS6;RPL13;RPL19;RPLP1;RPS28;RPS2;RPS13;RPS9;RPS14;RPLP0;RPL14;RPL32;RPL18;RPS8;RPL8;RPS15A;RPL30;RPL28;RPS16;RPS25;RPL18A;RPL24;RPL9;RPS15;RPS23;RPL12;RPL23A;RPL6;RPS3A;RPL37;RPL34;RPS24;RPL3;RPL5;RPL7A;RPL21;RPS5;RPLP2;RPL29;RPL37A;RPS27A;FAU;RPL35A;RPL39;RPL26;RPS7;RPS19;RPL22;RPL36;RPL10A;RPL7;RPL15;RPL35;RPSA;RPL41;RPS11;RPL27;RPS21;RPS29;RPL23;RPS20;UBA52;RPS10;RPL31;RPL13A;RPL4;RPL27A;RPS17;RPL38;RPS26;RPL36AL,KRT5-KRT17+ Basaloid,Reactome
prerank,REACTOME_SIGNALING_BY_ROBO_RECEPTORS,-0.9234364475454319,-2.3972335929415376,0.0,0.0,0.0,77/172,2.14%,RPS3;RPS27;RPS12;RPL11;RPS4X;RPL10;RPS6;RPL13;RPL19;RPLP1;RPS28;RPS2;RPS13;RPS9;RPS14;RPLP0;RPL14;RPL32;RPL18;RPS8;RPL8;RPS15A;RPL30;RPL28;RPS16;RPS25;RPL18A;RPL24;RPL9;RPS15;RPS23;RPL12;RPL23A;RPL6;RPS3A;RPL37;RPL34;RPS24;RPL3;RPL5;RPL7A;RPL21;RPS5;RPLP2;RPL29;RPL37A;RPS27A;FAU;RPL35A;RPL39;RPL26;RPS7;RPS19;RPL22;RPL36;RPL10A;RPL7;RPL15;RPL35;RPSA;RPL41;RPS11;RPL27;RPS21;RPS29;RPL23;RPS20;UBA52;RPS10;RPL31;RPL13A;RPL4;RPL27A;RPS17;RPL38;RPS26;RPL36AL,KRT5-KRT17+ Basaloid,Reactome
prerank,REACTOME_CELLULAR_RESPONSE_TO_STARVATION,-0.9593543956980517,-2.3882025697105087,0.0,0.0,0.0,77/123,2.14%,RPS3;RPS27;RPS12;RPL11;RPS4X;RPL10;RPS6;RPL13;RPL19;RPLP1;RPS28;RPS2;RPS13;RPS9;RPS14;RPLP0;RPL14;RPL32;RPL18;RPS8;RPL8;RPS15A;RPL30;RPL28;RPS16;RPS25;RPL18A;RPL24;RPL9;RPS15;RPS23;RPL12;RPL23A;RPL6;RPS3A;RPL37;RPL34;RPS24;RPL3;RPL5;RPL7A;RPL21;RPS5;RPLP2;RPL29;RPL37A;RPS27A;FAU;RPL35A;RPL39;RPL26;RPS7;RPS19;RPL22;RPL36;RPL10A;RPL7;RPL15;RPL35;RPSA;RPL41;RPS11;RPL27;RPS21;RPS29;RPL23;RPS20;UBA52;RPS10;RPL31;RPL13A;RPL4;RPL27A;RPS17;RPL38;RPS26;RPL36AL,KRT5-KRT17+ Basaloid,Reactome
prerank,REACTOME_NONSENSE_MEDIATED_DECAY_NMD,-0.9705682622555964,-2.3770758494185853,0.0,0.0,0.0,77/105,2.14%,RPS3;RPS27;RPS12;RPL11;RPS4X;RPL10;RPS6;RPL13;RPL19;RPLP1;RPS28;RPS2;RPS13;RPS9;RPS14;RPLP0;RPL14;RPL32;RPL18;RPS8;RPL8;RPS15A;RPL30;RPL28;RPS16;RPS25;RPL18A;RPL24;RPL9;RPS15;RPS23;RPL12;RPL23A;RPL6;RPS3A;RPL37;RPL34;RPS24;RPL3;RPL5;RPL7A;RPL21;RPS5;RPLP2;RPL29;RPL37A;RPS27A;FAU;RPL35A;RPL39;RPL26;RPS7;RPS19;RPL22;RPL36;RPL10A;RPL7;RPL15;RPL35;RPSA;RPL41;RPS11;RPL27;RPS21;RPS29;RPL23;RPS20;UBA52;RPS10;RPL31;RPL13A;RPL4;RPL27A;RPS17;RPL38;RPS26;RPL36AL,KRT5-KRT17+ Basaloid,Reactome
prerank,REACTOME_SRP_DEPENDENT_COTRANSLATIONAL_PROTEIN_TARGETING_TO_MEMBRANE,-0.9655232758931636,-2.365005243621048,0.0,0.0,0.0,77/101,2.14%,RPS3;RPS27;RPS12;RPL11;RPS4X;RPL10;RPS6;RPL13;RPL19;RPLP1;RPS28;RPS2;RPS13;RPS9;RPS14;RPLP0;RPL14;RPL32;RPL18;RPS8;RPL8;RPS15A;RPL30;RPL28;RPS16;RPS25;RPL18A;RPL24;RPL9;RPS15;RPS23;RPL12;RPL23A;RPL6;RPS3A;RPL37;RPL34;RPS24;RPL3;RPL5;RPL7A;RPL21;RPS5;RPLP2;RPL29;RPL37A;RPS27A;FAU;RPL35A;RPL39;RPL26;RPS7;RPS19;RPL22;RPL36;RPL10A;RPL7;RPL15;RPL35;RPSA;RPL41;RPS11;RPL27;RPS21;RPS29;RPL23;RPS20;UBA52;RPS10;RPL31;RPL13A;RPL4;RPL27A;RPS17;RPL38;RPS26;RPL36AL,KRT5-KRT17+ Basaloid,Reactome
prerank,REACTOME_RESPONSE_OF_EIF2AK4_GCN2_TO_AMINO_ACID_DEFICIENCY,-0.977200685986714,-2.3639314354501537,0.0,0.0,0.0,77/94,2.14%,RPS3;RPS27;RPS12;RPL11;RPS4X;RPL10;RPS6;RPL13;RPL19;RPLP1;RPS28;RPS2;RPS13;RPS9;RPS14;RPLP0;RPL14;RPL32;RPL18;RPS8;RPL8;RPS15A;RPL30;RPL28;RPS16;RPS25;RPL18A;RPL24;RPL9;RPS15;RPS23;RPL12;RPL23A;RPL6;RPS3A;RPL37;RPL34;RPS24;RPL3;RPL5;RPL7A;RPL21;RPS5;RPLP2;RPL29;RPL37A;RPS27A;FAU;RPL35A;RPL39;RPL26;RPS7;RPS19;RPL22;RPL36;RPL10A;RPL7;RPL15;RPL35;RPSA;RPL41;RPS11;RPL27;RPS21;RPS29;RPL23;RPS20;UBA52;RPS10;RPL31;RPL13A;RPL4;RPL27A;RPS17;RPL38;RPS26;RPL36AL,KRT5-KRT17+ Basaloid,Reactome
prerank,REACTOME_EUKARYOTIC_TRANSLATION_ELONGATION,-0.9834515771925663,-2.360060301456731,0.0,0.0,0.0,81/87,2.18%,RPS3;EEF1A1;RPS27;RPS12;RPL11;RPS4X;RPL10;RPS6;RPL13;RPL19;RPLP1;RPS28;RPS2;RPS13;RPS9;RPS14;RPLP0;RPL14;RPL32;RPL18;RPS8;RPL8;RPS15A;RPL30;RPL28;RPS16;RPS25;RPL18A;RPL24;RPL9;RPS15;RPS23;RPL12;RPL23A;RPL6;RPS3A;RPL37;RPL34;RPS24;RPL3;RPL5;RPL7A;RPL21;RPS5;RPLP2;RPL29;RPL37A;RPS27A;FAU;RPL35A;RPL39;RPL26;RPS7;RPS19;RPL22;RPL36;RPL10A;RPL7;RPL15;RPL35;RPSA;RPL41;RPS11;RPL27;RPS21;RPS29;RPL23;RPS20;UBA52;RPS10;RPL31;RPL13A;EEF2;EEF1B2;RPL4;RPL27A;RPS17;RPL38;RPS26;RPL36AL;EEF1D,KRT5-KRT17+ Basaloid,Reactome
prerank,REACTOME_SELENOAMINO_ACID_METABOLISM,-0.9795012004050366,-2.3510475751187685,0.0,0.0,0.0,77/92,2.14%,RPS3;RPS27;RPS12;RPL11;RPS4X;RPL10;RPS6;RPL13;RPL19;RPLP1;RPS28;RPS2;RPS13;RPS9;RPS14;RPLP0;RPL14;RPL32;RPL18;RPS8;RPL8;RPS15A;RPL30;RPL28;RPS16;RPS25;RPL18A;RPL24;RPL9;RPS15;RPS23;RPL12;RPL23A;RPL6;RPS3A;RPL37;RPL34;RPS24;RPL3;RPL5;RPL7A;RPL21;RPS5;RPLP2;RPL29;RPL37A;RPS27A;FAU;RPL35A;RPL39;RPL26;RPS7;RPS19;RPL22;RPL36;RPL10A;RPL7;RPL15;RPL35;RPSA;RPL41;RPS11;RPL27;RPS21;RPS29;RPL23;RPS20;UBA52;RPS10;RPL31;RPL13A;RPL4;RPL27A;RPS17;RPL38;RPS26;RPL36AL,KRT5-KRT17+ Basaloid,Reactome
prerank,REACTOME_SARS_COV_2_HOST_INTERACTIONS,-0.8633435216396707,-2.1921250529149647,0.0,0.0,0.0,34/136,2.10%,SFTPD;RPS3;RPS27;RPS12;RPS4X;RPS6;RPS28;RPS2;RPS13;RPS9;RPS14;RPS8;RPS15A;RPS16;RPS25;RPS15;RPS23;RPS3A;RPS24;RPS5;RPS27A;FAU;RPS7;RPS19;RPSA;RPS11;RPS21;RPS29;B2M;RPS20;UBA52;RPS10;RPS17;RPS26,KRT5-KRT17+ Basaloid,Reactome
prerank,REACTOME_EXTRACELLULAR_MATRIX_ORGANIZATION,0.8049714007078611,2.1485387746152553,0.0,0.0,0.0,51/129,6.83%,MMP7;COL1A1;DST;LAMB3;FN1;ITGA2;LAMC2;APP;PRSS2;TNC;ITGAV;TIMP1;AGRN;PLEC;THBS1;ACTN1;CDH1;ITGB4;VCAN;PXDN;CEACAM6;ITGB1;MMP14;CD151;CTSB;SDC1;COL18A1;HSPG2;ITGB6;SPARC;ADAM9;COL6A2;ITGA3;ITGB8;TIMP2;COL4A2;MFAP2;LAMA5;PDGFA;LTBP3;COL6A1;TGFB1;COL4A4;TGFB2;SERPINH1;ICAM1;CAPN2;CAPN1;PLOD1;PRSS1;KDR,KRT5-KRT17+ Basaloid,Reactome
prerank,REACTOME_SARS_COV_1_INFECTION,-0.8628819871920645,-2.1399331730950872,0.0,0.0,0.0,38/116,3.31%,SFTPD;RPS3;EEF1A1;RPS27;RPS12;RPS4X;RPS6;RPS28;RPS2;RPS13;RPS9;RPS14;RPS8;RPS15A;RPS16;RPS25;RPS15;RPS23;RPS3A;RPS24;RPS5;RPS27A;FAU;RPS7;RPS19;RPSA;RPS11;RPS21;RPS29;RPS20;UBA52;RPS10;RPS17;RPS26;NPM1;NFKBIA;HNRNPA1;UBB,KRT5-KRT17+ Basaloid,Reactome
prerank,REACTOME_SARS_COV_1_HOST_INTERACTIONS,-0.8898452258225031,-2.110022257344476,0.0,0.0,0.0,38/81,3.31%,SFTPD;RPS3;EEF1A1;RPS27;RPS12;RPS4X;RPS6;RPS28;RPS2;RPS13;RPS9;RPS14;RPS8;RPS15A;RPS16;RPS25;RPS15;RPS23;RPS3A;RPS24;RPS5;RPS27A;FAU;RPS7;RPS19;RPSA;RPS11;RPS21;RPS29;RPS20;UBA52;RPS10;RPS17;RPS26;NPM1;NFKBIA;HNRNPA1;UBB,KRT5-KRT17+ Basaloid,Reactome
prerank,REACTOME_AEROBIC_RESPIRATION_AND_RESPIRATORY_ELECTRON_TRANSPORT,-0.804595824446531,-2.0893103089145897,0.0,0.0,0.0,38/167,5.89%,MT-CO1;MT-CO2;MT-CO3;MT-ND4;MT-ND1;MT-ATP6;RPS27A;MT-CYB;MT-ND2;MT-ND3;COX7C;UBA52;ATP5F1E;NDUFA4;LDHB;UQCRB;ATP5MG;COX7A2;COX4I1;COX6C;MT-ND5;UQCR10;UQCRQ;UBB;COX8A;COX14;COX17;ATP5PO;ATP5MJ;COX7B;ACAT1;UQCRH;NDUFB1;NDUFC2;MPC1;NDUFB8;SLC25A4;LDHA,KRT5-KRT17+ Basaloid,Reactome
prerank,REACTOME_SARS_COV_2_MODULATES_HOST_TRANSLATION_MACHINERY,-0.9744383303966737,-2.0883505375475107,0.0,0.0,0.0,31/40,2.10%,RPS3;RPS27;RPS12;RPS4X;RPS6;RPS28;RPS2;RPS13;RPS9;RPS14;RPS8;RPS15A;RPS16;RPS25;RPS15;RPS23;RPS3A;RPS24;RPS5;RPS27A;FAU;RPS7;RPS19;RPSA;RPS11;RPS21;RPS29;RPS20;RPS10;RPS17;RPS26,KRT5-KRT17+ Basaloid,Reactome
prerank,REACTOME_RESPIRATORY_ELECTRON_TRANSPORT,-0.8424137595521904,-2.0675404380445928,0.0,0.0,0.0,25/107,5.63%,MT-CO1;MT-CO2;MT-CO3;MT-ND4;MT-ND1;MT-CYB;MT-ND2;MT-ND3;COX7C;NDUFA4;UQCRB;COX7A2;COX4I1;COX6C;MT-ND5;UQCR10;UQCRQ;COX8A;COX14;COX17;COX7B;UQCRH;NDUFB1;NDUFC2;NDUFB8,KRT5-KRT17+ Basaloid,Reactome
prerank,REACTOME_ACTIVATION_OF_THE_MRNA_UPON_BINDING_OF_THE_CAP_BINDING_COMPLEX_AND_EIFS_AND_SUBSEQUENT_BINDING_TO_43S,-0.9494587761665844,-2.0640556531938885,0.0,0.0,0.0,33/51,3.63%,RPS3;RPS27;RPS12;RPS4X;RPS6;RPS28;RPS2;RPS13;RPS9;RPS14;RPS8;RPS15A;RPS16;RPS25;RPS15;RPS23;RPS3A;RPS24;RPS5;RPS27A;FAU;RPS7;RPS19;RPSA;RPS11;RPS21;RPS29;RPS20;RPS10;RPS17;RPS26;PABPC1;EIF3E,KRT5-KRT17+ Basaloid,Reactome
prerank,REACTOME_NERVOUS_SYSTEM_DEVELOPMENT,-0.7389752411483007,-2.046896854697417,0.0,0.0,0.0,78/355,2.14%,RPS3;RPS27;RPS12;RPL11;RPS4X;RPL10;RPS6;RPL13;RPL19;RPLP1;RPS28;RPS2;RPS13;RPS9;RPS14;RPLP0;RPL14;RPL32;RPL18;RPS8;RPL8;RPS15A;RPL30;RPL28;RPS16;RPS25;RPL18A;RPL24;RPL9;RPS15;RPS23;RPL12;RPL23A;RPL6;RPS3A;RPL37;RPL34;RPS24;RPL3;RPL5;RPL7A;RPL21;RPS5;RPLP2;RPL29;RPL37A;RPS27A;FAU;RPL35A;RPL39;RPL26;RPS7;RPS19;RPL22;RPL36;RPL10A;RPL7;RPL15;RPL35;RPSA;RPL41;RPS11;RPL27;RPS21;RPS29;RPL23;RPS20;UBA52;RPS10;RPL31;RPL13A;RPL4;RPL27A;RPS17;RPL38;ACTB;RPS26;RPL36AL,KRT5-KRT17+ Basaloid,Reactome
prerank,REACTOME_SARS_COV_2_INFECTION,-0.7579587291476759,-2.023159949264644,0.0,0.0,0.0,36/207,3.31%,SFTPD;RPS3;RPS27;RPS12;RPS4X;RPS6;RPS28;RPS2;RPS13;RPS9;RPS14;RPS8;RPS15A;RPS16;RPS25;RPS15;RPS23;RPS3A;RPS24;RPS5;RPS27A;FAU;RPS7;RPS19;RPSA;RPS11;RPS21;RPS29;B2M;RPS20;UBA52;RPS10;RPS17;RPS26;SDC4;UBB,KRT5-KRT17+ Basaloid,Reactome
prerank,REACTOME_SARS_COV_1_MODULATES_HOST_TRANSLATION_MACHINERY,-0.9742288266270971,-2.021050662333579,0.0,0.0,0.0,33/35,2.75%,RPS3;EEF1A1;RPS27;RPS12;RPS4X;RPS6;RPS28;RPS2;RPS13;RPS9;RPS14;RPS8;RPS15A;RPS16;RPS25;RPS15;RPS23;RPS3A;RPS24;RPS5;RPS27A;FAU;RPS7;RPS19;RPSA;RPS11;RPS21;RPS29;RPS20;RPS10;RPS17;RPS26;HNRNPA1,KRT5-KRT17+ Basaloid,Reactome
prerank,REACTOME_SARS_COV_INFECTIONS,-0.7027105071732335,-1.9273561967644508,0.0,0.0,0.0,41/288,3.31%,SFTPD;RPS3;EEF1A1;RPS27;RPS12;RPS4X;RPS6;RPS28;RPS2;RPS13;RPS9;RPS14;RPS8;RPS15A;RPS16;RPS25;RPS15;RPS23;RPS3A;RPS24;RPS5;RPS27A;FAU;RPS7;RPS19;RPSA;RPS11;RPS21;RPS29;B2M;RPS20;UBA52;RPS10;RPS17;RPS26;NPM1;NFKBIA;ATP1A1;HNRNPA1;SDC4;UBB,KRT5-KRT17+ Basaloid,Reactome
prerank,REACTOME_RRNA_MODIFICATION_IN_THE_NUCLEUS_AND_CYTOSOL,-0.8960817055143616,-1.9123076427407317,0.0,0.0,0.0,5/41,1.18%,RPS6;RPS2;RPS9;RPS14;RPS7,KRT5-KRT17+ Basaloid,Reactome
prerank,REACTOME_DEGRADATION_OF_THE_EXTRACELLULAR_MATRIX,0.7999255902539489,1.8384503504806158,0.0,0.0,0.0,24/60,8.41%,MMP7;COL1A1;LAMB3;FN1;LAMC2;PRSS2;TIMP1;CDH1;MMP14;CTSB;COL18A1;HSPG2;ADAM9;COL6A2;TIMP2;COL4A2;LAMA5;COL6A1;COL4A4;CAPN2;CAPN1;PRSS1;BSG;ADAM10,KRT5-KRT17+ Basaloid,Reactome
prerank,REACTOME_MITOCHONDRIAL_PROTEIN_DEGRADATION,-0.756709110342119,-1.8229352660056457,0.0,7.761987140082455e-05,0.002,15/75,4.50%,MT-CO1;MT-CO2;MT-ND1;MT-ATP6;MT-ND2;SLC25A5;SLC25A6;ATP5MG;COX4I1;MT-ND5;UQCRQ;SMDT1;ECH1;ATP5PO;ACAT1,KRT5-KRT17+ Basaloid,Reactome
prerank,REACTOME_INTEGRIN_CELL_SURFACE_INTERACTIONS,0.8501252804940023,1.8207735306534496,0.0,0.0006613006839738503,0.002,19/38,5.03%,COL1A1;FN1;ITGA2;TNC;ITGAV;AGRN;THBS1;CDH1;ITGB1;COL18A1;HSPG2;ITGB6;COL6A2;ITGA3;ITGB8;COL4A2;COL6A1;COL4A4;ICAM1,KRT5-KRT17+ Basaloid,Reactome
prerank,REACTOME_COMPLEX_I_BIOGENESIS,-0.8358397504884242,-1.8149515349924414,0.0,7.474506134894217e-05,0.002,8/48,5.63%,MT-ND4;MT-ND1;MT-ND2;MT-ND3;MT-ND5;NDUFB1;NDUFC2;NDUFB8,KRT5-KRT17+ Basaloid,Reactome
prerank,REACTOME_NON_INTEGRIN_MEMBRANE_ECM_INTERACTIONS,0.8631881953416534,1.8063093702744952,0.0,0.0009919510259607754,0.004,19/37,4.58%,COL1A1;LAMB3;FN1;ITGA2;LAMC2;TNC;ITGAV;AGRN;THBS1;ACTN1;ITGB4;ITGB1;SDC1;HSPG2;COL4A2;LAMA5;PDGFA;TGFB1;COL4A4,KRT5-KRT17+ Basaloid,Reactome
prerank,REACTOME_ECM_PROTEOGLYCANS,0.8835319207257814,1.8004267071322606,0.0,0.0007935608207686204,0.004,19/31,4.73%,COL1A1;FN1;ITGA2;APP;TNC;ITGAV;AGRN;VCAN;ITGB1;HSPG2;ITGB6;SPARC;COL6A2;COL4A2;LAMA5;COL6A1;TGFB1;COL4A4;TGFB2,KRT5-KRT17+ Basaloid,Reactome
prerank,REACTOME_COLLAGEN_FORMATION,0.827146326525038,1.7957648989773571,0.0,0.0006613006839738503,0.004,17/43,6.31%,MMP7;COL1A1;DST;LAMB3;LAMC2;PLEC;ITGB4;PXDN;CD151;CTSB;COL18A1;COL6A2;COL4A2;COL6A1;COL4A4;SERPINH1;PLOD1,KRT5-KRT17+ Basaloid,Reactome
prerank,REACTOME_REGULATION_OF_INSULIN_LIKE_GROWTH_FACTOR_IGF_TRANSPORT_AND_UPTAKE_BY_INSULIN_LIKE_GROWTH_FACTOR_BINDING_PROTEINS_IGFBPS,0.7929799937930546,1.7864457660870257,0.0,0.0005668291576918717,0.004,30/60,11.03%,FN1;IGFBP7;APP;GAS6;TNC;FSTL3;TIMP1;PRSS23;VCAN;CDH2;MXRA8;FSTL1;LGALS1;MFGE8;QSOX1;SHISA5;GOLM1;IGFBP4;RCN1;TMEM132A;VWA1;LTBP1;ADAM10;MSLN;WFS1;DNAJC3;PNPLA2;CALU;IGFBP2;IGFBP3,KRT5-KRT17+ Basaloid,Reactome
prerank,REACTOME_ASSEMBLY_OF_COLLAGEN_FIBRILS_AND_OTHER_MULTIMERIC_STRUCTURES,0.8797984811492069,1.7856674724328558,0.0,0.0007439632694705815,0.006,15/31,4.58%,MMP7;COL1A1;DST;LAMB3;LAMC2;PLEC;ITGB4;PXDN;CD151;CTSB;COL18A1;COL6A2;COL4A2;COL6A1;COL4A4,KRT5-KRT17+ Basaloid,Reactome
prerank,REACTOME_COMPLEX_IV_ASSEMBLY,-0.8912571613151093,-1.784197455791774,0.0,0.0005766047589775539,0.016,12/31,4.41%,MT-CO1;MT-CO2;MT-CO3;COX7C;NDUFA4;COX7A2;COX4I1;COX6C;COX8A;COX14;COX17;COX7B,KRT5-KRT17+ Basaloid,Reactome
prerank,REACTOME_SURFACTANT_METABOLISM,-0.9450786406056744,-1.7699457870714475,0.0,0.000835082754381285,0.024,10/20,1.46%,SFTPC;SFTPB;SFTPA1;SFTPA2;NAPSA;SFTPD;SLC34A2;CTSH;ABCA3;SFTA3,KRT5-KRT17+ Basaloid,Reactome
prerank,REACTOME_SIGNALING_BY_RHO_GTPASES_MIRO_GTPASES_AND_RHOBTB3,0.5815189109498553,1.7604270620994318,0.0,0.001983902051921551,0.018,114/398,15.95%,IL32;DST;VIM;TUBA1A;DSP;MYH9;TPM4;ACTN1;TMOD3;DSG2;CDH1;TUBB3;RHOC;JUP;FLNA;DBN1;STOM;ITGB1;RHOD;GJA1;SPTAN1;AMIGO2;ANKLE2;ALDH3A2;SFN;RND3;TUBB6;YWHAZ;TUBA4A;TPM3;YWHAH;MYH14;DYNC1H1;CCT2;MYL9;VCP;PLIN3;ACTR3;PAK2;CYBA;HMOX2;NET1;BCAP31;PLXNB1;WASF2;STEAP3;FNBP1L;CTNNB1;PPP2R1A;PLEKHG1;CKB;TUBB2A;TAX1BP3;CDC37;PPP1CB;CCT6A;RHOBTB3;TNFAIP1;EFHD2;NSFL1C;ARPC5;CAPZB;FARP1;NUDC;DYNC1I2;YWHAG;HGS;MSI2;SNAP23;SH3RF1;KIF2A;FLOT1;STK38;BAIAP2L1;DYNC1LI2;CDC42EP3;NCF2;ARFGAP3;CDC42EP1;LIMK2;RHOB;PFN2;SHKBP1;GRB7;CAV1;RALBP1;CTTN;EPHA2;DIAPH1;PLXNA1;YWHAQ;CTNNA1;ABI1;BUB3;SPTBN1;DAAM1;CDC42;CAVIN1;PPP2CA;CKAP4;MYO6;ESYT1;ARHGDIA;TUBB2B;PRAG1;GPS1;STIP1;ARHGAP29;MAPK14;BCR;RCC2;PPP1R12A;ATP6AP1;RHPN2,KRT5-KRT17+ Basaloid,Reactome
prerank,REACTOME_FORMATION_OF_THE_CORNIFIED_ENVELOPE,0.8645337310873774,1.7405391809958675,0.0,0.0021642567839144193,0.024,15/24,8.71%,KRT17;DSP;PERP;DSG2;ST14;JUP;KRT7;DSC2;KRT15;KRT19;KRT8;CAPN1;KRT80;PKP3;PRSS8,KRT5-KRT17+ Basaloid,Reactome
prerank,REACTOME_KERATINIZATION,0.8645337310873774,1.7405391809958675,0.0,0.0021642567839144193,0.024,15/24,8.71%,KRT17;DSP;PERP;DSG2;ST14;JUP;KRT7;DSC2;KRT15;KRT19;KRT8;CAPN1;KRT80;PKP3;PRSS8,KRT5-KRT17+ Basaloid,Reactome
prerank,REACTOME_ACTIVATION_OF_GENE_EXPRESSION_BY_SREBF_SREBP,-0.8656181482423911,-1.739552522692852,0.0,0.00228719887727763,0.052,11/33,6.57%,FASN;SCD;IDI1;HMGCS1;FDPS;SQLE;MVD;HMGCR;FDFT1;DHCR7;LSS,KRT5-KRT17+ Basaloid,Reactome
prerank,REACTOME_LAMININ_INTERACTIONS,0.8920946599374968,1.7234952599794444,0.0,0.003802478932849639,0.044,12/20,4.58%,LAMB3;ITGA2;LAMC2;ITGAV;ITGB4;ITGB1;COL18A1;HSPG2;ITGA3;COL4A2;LAMA5;COL4A4,KRT5-KRT17+ Basaloid,Reactome
prerank,REACTOME_APOPTOTIC_CLEAVAGE_OF_CELLULAR_PROTEINS,0.8507784803030041,1.7218978489863686,0.0,0.0038151962536952908,0.046,12/29,6.09%,GSN;VIM;DSP;PLEC;DSG2;CDH1;SPTAN1;BCAP31;TJP1;LMNA;CTNNB1;STK24,KRT5-KRT17+ Basaloid,Reactome
prerank,REACTOME_CYTOPROTECTION_BY_HMOX1,-0.8113528807997716,-1.7071208748768538,0.0,0.005077841909705554,0.104,12/39,4.41%,MT-CO1;MT-CO2;MT-CO3;COX7C;BLVRB;NDUFA4;COX7A2;COX4I1;COX6C;TXNIP;COX8A;COX7B,KRT5-KRT17+ Basaloid,Reactome
prerank,REACTOME_MET_PROMOTES_CELL_MOTILITY,0.8407682350599545,1.7050463555170237,0.0036231884057971015,0.005384876998072782,0.064,8/27,3.49%,COL1A1;LAMB3;FN1;ITGA2;LAMC2;ITGB1;ITGA3;LAMA5,KRT5-KRT17+ Basaloid,Reactome
prerank,REACTOME_RHO_GTPASE_CYCLE,0.586589541674195,1.703346422851208,0.0,0.005554925745380343,0.066,91/282,19.25%,IL32;DST;VIM;DSP;TPM4;ACTN1;TMOD3;DSG2;RHOC;JUP;DBN1;STOM;ITGB1;RHOD;GJA1;SPTAN1;AMIGO2;ANKLE2;ALDH3A2;RND3;TPM3;CCT2;VCP;PAK2;CYBA;HMOX2;NET1;BCAP31;PLXNB1;WASF2;STEAP3;FNBP1L;PLEKHG1;CKB;CDC37;CCT6A;TNFAIP1;EFHD2;NSFL1C;CAPZB;FARP1;NUDC;HGS;MSI2;SNAP23;SH3RF1;FLOT1;STK38;BAIAP2L1;CDC42EP3;NCF2;ARFGAP3;CDC42EP1;RHOB;SHKBP1;GRB7;CAV1;RALBP1;EPHA2;DIAPH1;PLXNA1;ABI1;SPTBN1;DAAM1;CDC42;CAVIN1;CKAP4;MYO6;ESYT1;ARHGDIA;PRAG1;GPS1;STIP1;ARHGAP29;BCR;ATP6AP1;RHPN2;RHOG;GOPC;ARMCX3;ARHGEF26;PKN2;ARHGAP18;CCT7;EPSTI1;FAM135A;WDR6;ARHGAP21;CLTC;RHOF;PLEKHG3,KRT5-KRT17+ Basaloid,Reactome
prerank,REACTOME_REGULATION_OF_CHOLESTEROL_BIOSYNTHESIS_BY_SREBP_SREBF,-0.7946296427671835,-1.6991769399702878,0.003952569169960474,0.005928217678237975,0.126,12/45,6.57%,FASN;SCD;IDI1;HMGCS1;FDPS;INSIG1;SQLE;MVD;HMGCR;FDFT1;DHCR7;LSS,KRT5-KRT17+ Basaloid,Reactome
prerank,REACTOME_CELL_JUNCTION_ORGANIZATION,0.7332831559255861,1.6910677825353067,0.0,0.008183595964176397,0.1,22/63,6.30%,DST;LAMB3;LAMC2;CLDN1;CDH3;PLEC;ACTN1;CDH1;ITGB4;CDH2;JUP;FLNA;ITGB1;CD151;FBLIM1;LIMS1;NECTIN2;VASP;NECTIN4;ILK;CTNNB1;ANGPTL4,KRT5-KRT17+ Basaloid,Reactome
prerank,REACTOME_TOLL_LIKE_RECEPTOR_TLR1_TLR2_CASCADE,-0.7249135447295383,-1.6826210173211396,0.004081632653061225,0.00825593177626952,0.168,11/71,3.43%,SFTPA1;SFTPA2;SFTPD;RPS27A;UBA52;NFKBIA;FOS;HMGB1;JUN;UBB;CD36,KRT5-KRT17+ Basaloid,Reactome
prerank,REACTOME_CHOLESTEROL_BIOSYNTHESIS,-0.9106438058827773,-1.680658416266382,0.0,0.008072466625685754,0.168,13/23,6.57%,DHCR24;MSMO1;IDI1;HMGCS1;FDPS;EBP;ACAT2;SQLE;MVD;HMGCR;FDFT1;DHCR7;LSS,KRT5-KRT17+ Basaloid,Reactome
prerank,REACTOME_MET_ACTIVATES_PTK2_SIGNALING,0.887562077523039,1.6752877425179082,0.003367003367003367,0.011436611828724234,0.134,8/17,3.49%,COL1A1;LAMB3;FN1;ITGA2;LAMC2;ITGB1;ITGA3;LAMA5,KRT5-KRT17+ Basaloid,Reactome
prerank,REACTOME_APOPTOTIC_EXECUTION_PHASE,0.7814230661597148,1.6748550194588026,0.0038022813688212928,0.01091146128556853,0.136,13/36,6.09%,GSN;VIM;DSP;PLEC;DSG2;CDH1;SPTAN1;PAK2;BCAP31;TJP1;LMNA;CTNNB1;STK24,KRT5-KRT17+ Basaloid,Reactome
prerank,REACTOME_COLLAGEN_DEGRADATION,0.8119259514654298,1.6682078407679495,0.0,0.011694580516590194,0.148,11/30,4.58%,MMP7;COL1A1;PRSS2;MMP14;CTSB;COL18A1;ADAM9;COL6A2;COL4A2;COL6A1;COL4A4,KRT5-KRT17+ Basaloid,Reactome
prerank,REACTOME_HEMOSTASIS,0.5779396909552716,1.6563296811079138,0.0,0.01567282621018025,0.206,75/276,11.66%,COL1A1;FN1;ITGA2;APP;GAS6;TUBA1A;ITGAV;TIMP1;PLAUR;PLAU;THBS1;ACTN1;CD99;TUBB3;FLNA;CEACAM6;ITGB1;SDC1;ANXA2;QSOX1;VCL;SPARC;WDR1;TUBB6;YWHAZ;TUBA4A;ITGA3;PSAP;HDAC2;TIMP3;PDGFA;GNAI2;GPC1;FAM3C;TGFB1;LGALS3BP;TLN1;CAP1;SRI;TGFB2;GNG12;SERPINB6;TNFRSF10B;GNG10;SLC16A3;ATP2A2;PPP2R1A;TUBB2A;MAGED2;GNB1;RAP1B;EPCAM;GLG1;PROCR;RAB27B;BCAR1;BSG;CAPZB;WEE1;KRAS;KIF2A;KIF9;TAGLN2;ANXA5;MANF;GNB2;RHOB;CALU;MGLL;EHD2;GRB7;CAV1;DGKA;JMJD1C;OLA1,KRT5-KRT17+ Basaloid,Reactome
prerank,REACTOME_SYNDECAN_INTERACTIONS,0.869052188458583,1.6409052844277912,0.0,0.020878207308317274,0.284,11/21,3.94%,COL1A1;FN1;ITGA2;TNC;ITGAV;THBS1;ACTN1;ITGB4;ITGB1;SDC1;TGFB1,KRT5-KRT17+ Basaloid,Reactome
prerank,REACTOME_DISEASES_OF_METABOLISM,-0.6493908034721394,-1.6375430748721693,0.0,0.019143277998054785,0.368,18/120,4.47%,SFTPC;SFTPB;SFTPA1;SFTPA2;SFTPD;SLC34A2;MUC1;RPS27A;ABCA3;SFTA3;UBA52;DCXR;SDC4;MAOA;UBB;MCCC1;MTRR;MMAB,KRT5-KRT17+ Basaloid,Reactome
prerank,REACTOME_L1CAM_INTERACTIONS,0.6984880836183505,1.629828878783816,0.00816326530612245,0.026241613504962333,0.35,13/59,6.19%,CD24;ITGA2;TUBA1A;ITGAV;TUBB3;ITGB1;SPTAN1;EPHB2;TUBB6;TUBA4A;LYPLA2;AP2M1;TUBB2A,KRT5-KRT17+ Basaloid,Reactome
prerank,REACTOME_HCMV_EARLY_EVENTS,0.7086703936461476,1.6293500542402695,0.00423728813559322,0.025100673787355275,0.35,12/52,12.05%,TUBA1A;TUBB3;ITGB1;TUBB6;TUBA4A;DYNC1H1;PML;TUBB2A;DYNC1I2;NCOR2;DYNC1LI2;TPR,KRT5-KRT17+ Basaloid,Reactome
prerank,REACTOME_RECRUITMENT_OF_NUMA_TO_MITOTIC_CENTROSOMES,0.7050548980278465,1.6262785766634291,0.00390625,0.026038714431470353,0.362,12/50,8.62%,TUBA1A;TUBB3;TUBB6;TUBA4A;DYNC1H1;DCTN2;ACTR1A;PPP2R1A;TUBB2A;CSNK1D;DYNC1I2;YWHAG,KRT5-KRT17+ Basaloid,Reactome
prerank,REACTOME_HSP90_CHAPERONE_CYCLE_FOR_STEROID_HORMONE_RECEPTORS_SHR_IN_THE_PRESENCE_OF_LIGAND,0.7414861250928891,1.6211204285155518,0.003787878787878788,0.02840947738351661,0.386,15/38,15.37%,TUBA1A;TUBB3;TUBB6;TUBA4A;DYNC1H1;DCTN2;ACTR1A;TUBB2A;CAPZB;DYNC1I2;DYNC1LI2;DNAJA1;DNAJA2;TUBB2B;STIP1,KRT5-KRT17+ Basaloid,Reactome
prerank,REACTOME_SEMAPHORIN_INTERACTIONS,0.775805315879215,1.6199246513867842,0.004201680672268907,0.02800354050212343,0.396,16/37,11.90%,DPYSL3;MYH9;RHOC;ITGB1;MYH14;MYL9;PAK2;TLN1;PLXNB1;ERBB2;MET;LIMK2;RHOB;SEMA7A;GSK3B;PLXNA1,KRT5-KRT17+ Basaloid,Reactome
prerank,REACTOME_DUAL_INCISION_IN_TC_NER,-0.7625990755591926,-1.6145281123932562,0.00851063829787234,0.028646044761982088,0.472,5/39,4.83%,RPS27A;UBA52;POLR2L;UBB;POLR2C,KRT5-KRT17+ Basaloid,Reactome
prerank,REACTOME_SMOOTH_MUSCLE_CONTRACTION,0.826195230859183,1.611800793189993,0.0,0.03210982209961918,0.442,9/24,4.47%,CALD1;TPM1;TPM4;ANXA2;VCL;TPM3;MYL9;PAK2;TLN1,KRT5-KRT17+ Basaloid,Reactome
prerank,REACTOME_MOLECULES_ASSOCIATED_WITH_ELASTIC_FIBRES,0.8196006480724438,1.6004125556891478,0.006644518272425249,0.04066999206439179,0.542,11/20,9.49%,FN1;ITGAV;ITGB1;ITGB6;ITGB8;MFAP2;LTBP3;TGFB1;TGFB2;LTBP1;ITGB5,KRT5-KRT17+ Basaloid,Reactome
prerank,REACTOME_FORMATION_OF_TC_NER_PRE_INCISION_COMPLEX,-0.7485354520266457,-1.5885421914394942,0.01639344262295082,0.04559852769644115,0.596,5/37,4.83%,RPS27A;UBA52;POLR2L;UBB;POLR2C,KRT5-KRT17+ Basaloid,Reactome
prerank,REACTOME_ASSEMBLY_AND_CELL_SURFACE_PRESENTATION_OF_NMDA_RECEPTORS,0.8382242204789615,1.5850649851280116,0.010344827586206896,0.05322330332396437,0.638,5/16,6.19%,TUBA1A;TUBB3;TUBB6;TUBA4A;TUBB2A,KRT5-KRT17+ Basaloid,Reactome
prerank,REACTOME_IRON_UPTAKE_AND_TRANSPORT,-0.7518963285841733,-1.584240963954035,0.007874015748031496,0.04848790808717824,0.63,7/36,3.55%,FTL;FTH1;RPS27A;UBA52;ATP6V0E1;UBB;CYBRD1,KRT5-KRT17+ Basaloid,Reactome
prerank,REACTOME_SIGNALING_BY_RECEPTOR_TYROSINE_KINASES,0.5397087149696038,1.5822353931154627,0.0,0.053962135812266186,0.664,69/310,13.88%,MDK;COL1A1;LAMB3;FN1;ITGA2;LAMC2;STMN1;ITGAV;THBS1;SPINT1;JUP;BAX;ITGB1;SPARC;COL6A2;PTPRF;ITGA3;HDAC2;COL4A2;RRAD;LAMA5;PDGFA;NRG1;COL6A1;PTPRK;PAK2;CYBA;COL4A4;AP2M1;WASF2;TCIRG1;ERBB2;CTNNB1;PPP2R1A;RALA;STAT1;ANOS1;CDC37;KDR;HIF1A;RAP1B;MUC20;FOSL1;MET;CTNND1;BCAR1;ATP6V0C;ADAM10;HGS;KRAS;GIPC1;MXD4;COL5A1;NCF2;AP2B1;ERBB3;GRB7;CAV1;DIAPH1;ARF6;CTNNA1;ABI1;RBFOX2;LAMC1;CDC42;COL4A3;PXN;PPP2CA;HSPB1,KRT5-KRT17+ Basaloid,Reactome
prerank,REACTOME_SEMA4D_IN_SEMAPHORIN_SIGNALING,0.8324672763068474,1.5821557688793026,0.006944444444444444,0.05228541859419055,0.666,9/16,10.34%,MYH9;RHOC;MYH14;MYL9;PLXNB1;ERBB2;MET;LIMK2;RHOB,KRT5-KRT17+ Basaloid,Reactome
prerank,REACTOME_CELL_SURFACE_INTERACTIONS_AT_THE_VASCULAR_WALL,0.6868630993131767,1.5814112642132407,0.012605042016806723,0.05114747477610248,0.67,18/58,8.74%,COL1A1;FN1;GAS6;ITGAV;CD99;CEACAM6;ITGB1;SDC1;ITGA3;GPC1;TGFB1;TNFRSF10B;SLC16A3;EPCAM;GLG1;PROCR;BSG;KRAS,KRT5-KRT17+ Basaloid,Reactome
prerank,REACTOME_NUCLEAR_ENVELOPE_NE_REASSEMBLY,0.6925887807352546,1.580259726349816,0.0,0.05049932495800312,0.676,11/52,7.82%,TUBA1A;TUBB3;ANKLE2;TUBB6;TUBA4A;LMNA;PPP2R1A;TUBB2A;UBE2I;CHMP4B;BANF1,KRT5-KRT17+ Basaloid,Reactome
prerank,REACTOME_GOLGI_TO_ER_RETROGRADE_TRANSPORT,0.6397399380936404,1.5620441655408064,0.0040650406504065045,0.06669411898077449,0.762,30/81,19.11%,TUBA1A;TUBB3;TUBB6;TUBA4A;DYNC1H1;PAFAH1B3;ARF5;DCTN2;ACTR1A;TUBB2A;TMED9;CAPZB;DYNC1I2;KIF2A;KIF9;TMED3;DYNC1LI2;ARFGAP3;RAB6A;RAB18;GALNT2;COPB2;TUBB2B;KIF1B;KLC1;ARF3;GALNT1;ACTR10;STX18;TMED10,KRT5-KRT17+ Basaloid,Reactome
prerank,REACTOME_RHOBTB_GTPASE_CYCLE,0.7514531055624079,1.5619592376106266,0.01171875,0.06484525563995011,0.762,9/30,9.08%,VIM;ACTN1;TMOD3;DBN1;CCT2;CDC37;CCT6A;MSI2;STK38,KRT5-KRT17+ Basaloid,Reactome
prerank,REACTOME_RHO_GTPASES_ACTIVATE_PKNS,0.8055650671652282,1.561300583005116,0.007326007326007326,0.06409105795513231,0.768,11/21,11.97%,MYH9;RHOC;SFN;YWHAZ;YWHAH;MYH14;MYL9;PPP1CB;YWHAG;RHOB;YWHAQ,KRT5-KRT17+ Basaloid,Reactome
prerank,REACTOME_ELASTIC_FIBRE_FORMATION,0.7976226773746965,1.560113777317135,0.006993006993006993,0.06375296053337091,0.774,11/23,9.49%,FN1;ITGAV;ITGB1;ITGB6;ITGB8;MFAP2;LTBP3;TGFB1;TGFB2;LTBP1;ITGB5,KRT5-KRT17+ Basaloid,Reactome
prerank,REACTOME_SEALING_OF_THE_NUCLEAR_ENVELOPE_NE_BY_ESCRT_III,0.8137905819829903,1.5594420567479028,0.003401360544217687,0.06291057822540706,0.776,6/21,6.62%,TUBA1A;TUBB3;TUBB6;TUBA4A;TUBB2A;CHMP4B,KRT5-KRT17+ Basaloid,Reactome
prerank,REACTOME_HDR_THROUGH_HOMOLOGOUS_RECOMBINATION_HRR,-0.8307048713032836,-1.5538816417147654,0.0,0.07580874106813865,0.778,3/22,3.31%,RPS27A;UBA52;UBB,KRT5-KRT17+ Basaloid,Reactome
prerank,REACTOME_JNK_C_JUN_KINASES_PHOSPHORYLATION_AND_ACTIVATION_MEDIATED_BY_ACTIVATED_HUMAN_TAK1,-0.8487820276817399,-1.5486384764853298,0.020942408376963352,0.08006877834352057,0.796,3/15,3.31%,RPS27A;UBA52;UBB,KRT5-KRT17+ Basaloid,Reactome
prerank,REACTOME_CRISTAE_FORMATION,-0.8460317946433197,-1.5486062227180104,0.004975124378109453,0.07811588131075178,0.796,5/20,4.37%,MT-ATP6;ATP5F1E;ATP5MG;ATP5PO;ATP5MJ,KRT5-KRT17+ Basaloid,Reactome
prerank,REACTOME_PROGRAMMED_CELL_DEATH,0.5781400599170795,1.543961577548444,0.0045045045045045045,0.08001738276083589,0.854,42/148,11.08%,GSN;VIM;DSP;PLEC;DSG2;CDH1;CDKN2A;BAX;BCL2L1;SPTAN1;SFN;YWHAZ;YWHAH;FAS;BBC3;PSME2;PAK2;TNFSF10;MAGED1;BCAP31;TNFRSF10B;DAPK3;PSMB8;TJP1;PELI1;LMNA;PSMD2;CTNNB1;STK24;CHMP4B;CDC37;TP63;ADD1;PSMA6;YWHAG;PSMD4;FLOT1;PSMB10;BID;UBE2L3;PSMC4;PSMD1,KRT5-KRT17+ Basaloid,Reactome
prerank,REACTOME_TRANSCRIPTION_COUPLED_NUCLEOTIDE_EXCISION_REPAIR_TC_NER,-0.6986044035181632,-1.5434474206474242,0.02040816326530612,0.08221422855088288,0.822,5/49,4.83%,RPS27A;UBA52;POLR2L;UBB;POLR2C,KRT5-KRT17+ Basaloid,Reactome
prerank,REACTOME_INFECTION_WITH_MYCOBACTERIUM_TUBERCULOSIS,-0.8168513578702461,-1.540560151248188,0.004807692307692308,0.08302438058626802,0.828,4/17,3.31%,RPS27A;B2M;UBA52;UBB,KRT5-KRT17+ Basaloid,Reactome
prerank,REACTOME_APOPTOSIS,0.584964706306791,1.5404065612145494,0.004405286343612335,0.08233193515474437,0.874,35/125,9.33%,GSN;VIM;DSP;PLEC;DSG2;CDH1;CDKN2A;BAX;BCL2L1;SPTAN1;SFN;YWHAZ;YWHAH;FAS;BBC3;PSME2;PAK2;TNFSF10;MAGED1;BCAP31;TNFRSF10B;DAPK3;PSMB8;TJP1;LMNA;PSMD2;CTNNB1;STK24;TP63;ADD1;PSMA6;YWHAG;PSMD4;PSMB10;BID,KRT5-KRT17+ Basaloid,Reactome
prerank,REACTOME_PLATELET_AGGREGATION_PLUG_FORMATION,0.8054510183837429,1.5359321191642887,0.0,0.08579166678187584,0.884,5/19,8.01%,COL1A1;FN1;TLN1;RAP1B;BCAR1,KRT5-KRT17+ Basaloid,Reactome
prerank,REACTOME_INTRINSIC_PATHWAY_FOR_APOPTOSIS,0.7379236939802916,1.535884034180223,0.003816793893129771,0.08374900804897405,0.884,10/35,9.33%,CDKN2A;BAX;BCL2L1;SFN;YWHAZ;YWHAH;BBC3;TP63;YWHAG;BID,KRT5-KRT17+ Basaloid,Reactome
prerank,REACTOME_PROTEIN_LOCALIZATION,-0.6069311581579828,-1.5344239831128093,0.0038022813688212928,0.08847606886902169,0.86,17/110,5.80%,CYB5A;RPS27A;UBA52;SERP1;SLC25A6;TOMM7;UBB;VAPA;CAT;COX17;ECH1;SEC61G;HSD17B4;PXMP4;VAMP2;NDUFB8;SLC25A4,KRT5-KRT17+ Basaloid,Reactome
prerank,REACTOME_AURKA_ACTIVATION_BY_TPX2,0.7056553290943318,1.5269220546490765,0.011811023622047244,0.09365863175350578,0.922,10/39,11.63%,TUBA1A;TUBA4A;DYNC1H1;DCTN2;ACTR1A;PPP2R1A;CSNK1D;DYNC1I2;YWHAG;CSNK1E,KRT5-KRT17+ Basaloid,Reactome
prerank,REACTOME_COMPLEX_III_ASSEMBLY,-0.8545668846886887,-1.5260721475373098,0.04145077720207254,0.09821501061250999,0.89,5/15,4.51%,MT-CYB;UQCRB;UQCR10;UQCRQ;UQCRH,KRT5-KRT17+ Basaloid,Reactome
prerank,REACTOME_FORMATION_OF_TUBULIN_FOLDING_INTERMEDIATES_BY_CCT_TRIC,0.796257713116989,1.5257276295317943,0.006644518272425249,0.09315321907431647,0.926,8/17,8.75%,TUBA1A;TUBB3;TUBB6;TUBA4A;CCT2;TUBB2A;CCT6A;CCT5,KRT5-KRT17+ Basaloid,Reactome
prerank,REACTOME_RECRUITMENT_OF_MITOTIC_CENTROSOME_PROTEINS_AND_COMPLEXES,0.6761208495730567,1.5256515549848753,0.0038314176245210726,0.09117132096386149,0.926,10/45,11.63%,TUBA1A;TUBA4A;DYNC1H1;DCTN2;ACTR1A;PPP2R1A;CSNK1D;DYNC1I2;YWHAG;CSNK1E,KRT5-KRT17+ Basaloid,Reactome
prerank,REACTOME_NUCLEAR_EVENTS_STIMULATED_BY_ALK_SIGNALING_IN_CANCER,-0.8705121051645914,-1.5254402551584008,0.010256410256410256,0.09673798320454939,0.892,4/16,6.50%,RPS6;NPM1;JUNB;STAT3,KRT5-KRT17+ Basaloid,Reactome
prerank,REACTOME_INTRAFLAGELLAR_TRANSPORT,0.7225001056696077,1.5246054052080047,0.014705882352941176,0.09078508302814922,0.928,5/34,6.19%,TUBA1A;TUBB3;TUBB6;TUBA4A;TUBB2A,KRT5-KRT17+ Basaloid,Reactome
prerank,REACTOME_COPI_DEPENDENT_GOLGI_TO_ER_RETROGRADE_TRAFFIC,0.6490890878957388,1.5225152438539185,0.011764705882352941,0.09210370802750689,0.93,18/53,19.11%,TUBA1A;TUBB3;TUBB6;TUBA4A;ARF5;TUBB2A;TMED9;KIF2A;KIF9;TMED3;ARFGAP3;COPB2;TUBB2B;KIF1B;KLC1;ARF3;STX18;TMED10,KRT5-KRT17+ Basaloid,Reactome
prerank,REACTOME_PLATELET_ACTIVATION_SIGNALING_AND_AGGREGATION,0.5817063816043526,1.5218825572816836,0.0,0.09113550051014624,0.932,45/132,13.77%,COL1A1;FN1;APP;GAS6;TIMP1;THBS1;ACTN1;FLNA;QSOX1;VCL;SPARC;WDR1;YWHAZ;TUBA4A;PSAP;TIMP3;PDGFA;GNAI2;FAM3C;TGFB1;LGALS3BP;TLN1;CAP1;TGFB2;GNG12;GNG10;MAGED2;GNB1;RAP1B;RAB27B;BCAR1;TAGLN2;ANXA5;MANF;GNB2;RHOB;CALU;MGLL;DGKA;OLA1;CYB5R1;ACTN4;CDC42;RASGRP1;SERPINE1,KRT5-KRT17+ Basaloid,Reactome
prerank,REACTOME_CONSTITUTIVE_SIGNALING_BY_AKT1_E17K_IN_CANCER,0.8105511885628873,1.5210655544123188,0.025559105431309903,0.09049022624580952,0.934,2/16,2.24%,CDKN1A;MDM2,KRT5-KRT17+ Basaloid,Reactome
prerank,REACTOME_SIGNALING_BY_TGFB_FAMILY_MEMBERS,0.6020735655682459,1.5140463289464443,0.0045662100456621,0.09931413671919286,0.954,30/104,9.89%,PMEPA1;ITGAV;FSTL3;TIMP1;ITGB1;FSTL1;MMP14;SKIL;ITGB6;CDKN2B;ITGB8;TIMP2;UBE2D1;LTBP3;DRAP1;TGFB1;BAMBI;TGIF1;TGFB2;STAT1;FKBP1A;TCF3;PPP1CB;CGN;SMURF1;LTBP1;TGFBR1;GIPC1;ITGB5;NCOR2,KRT5-KRT17+ Basaloid,Reactome
prerank,REACTOME_TOLL_LIKE_RECEPTOR_CASCADES,-0.623809573888001,-1.5112949199730532,0.007874015748031496,0.11425975367526485,0.926,11/101,3.43%,SFTPA1;SFTPA2;SFTPD;RPS27A;UBA52;NFKBIA;FOS;HMGB1;JUN;UBB;CD36,KRT5-KRT17+ Basaloid,Reactome
prerank,REACTOME_COPI_INDEPENDENT_GOLGI_TO_ER_RETROGRADE_TRAFFIC,0.724506575770764,1.510918485580681,0.014925373134328358,0.10187920537220671,0.958,15/37,13.10%,TUBA1A;TUBB3;TUBB6;TUBA4A;DYNC1H1;PAFAH1B3;DCTN2;ACTR1A;TUBB2A;CAPZB;DYNC1I2;DYNC1LI2;RAB6A;RAB18;GALNT2,KRT5-KRT17+ Basaloid,Reactome
prerank,REACTOME_PEROXISOMAL_PROTEIN_IMPORT,-0.7260263984404981,-1.5097740059571854,0.02092050209205021,0.11431789976687273,0.93,6/38,4.18%,RPS27A;UBA52;UBB;CAT;ECH1;HSD17B4,KRT5-KRT17+ Basaloid,Reactome
prerank,REACTOME_SIGNALING_BY_ALK,0.8014951977440802,1.5081357022952158,0.017605633802816902,0.10388779398812276,0.96,3/19,6.96%,MDK;HDAC2;HIF1A,KRT5-KRT17+ Basaloid,Reactome
prerank,REACTOME_ANCHORING_OF_THE_BASAL_BODY_TO_THE_PLASMA_MEMBRANE,0.6565221778061773,1.5077646634928483,0.01195219123505976,0.10237683230198948,0.962,10/53,8.62%,TUBA1A;TUBA4A;DYNC1H1;DCTN2;ACTR1A;RAB11A;PPP2R1A;CSNK1D;DYNC1I2;YWHAG,KRT5-KRT17+ Basaloid,Reactome
prerank,REACTOME_TP53_REGULATES_TRANSCRIPTION_OF_CELL_DEATH_GENES,0.7342902660415002,1.503416019644672,0.015625,0.1068735383155517,0.968,13/33,13.94%,PERP;BAX;TP53I3;FAS;BBC3;TNFRSF10B;STEAP3;TP63;BID;TP53INP1;IGFBP3;TNFRSF10C;CASP6,KRT5-KRT17+ Basaloid,Reactome
prerank,REACTOME_DUAL_INCISION_IN_GG_NER,-0.789472493936184,-1.5027096613040027,0.027522935779816515,0.12326986025855846,0.946,3/24,3.31%,RPS27A;UBA52;UBB,KRT5-KRT17+ Basaloid,Reactome
prerank,REACTOME_DNA_DAMAGE_RECOGNITION_IN_GG_NER,-0.7595217350859661,-1.5025958138646198,0.0044444444444444444,0.12088518771964415,0.946,4/30,3.31%,RPS27A;UBA52;ACTB;UBB,KRT5-KRT17+ Basaloid,Reactome
prerank,REACTOME_RHOV_GTPASE_CYCLE,0.7309339213166663,1.5025471744973617,0.03435114503816794,0.10572394389421938,0.97,9/29,13.24%,DST;TPM4;SPTAN1;TPM3;PAK2;SH3RF1;EPHA2;SPTBN1;CDC42,KRT5-KRT17+ Basaloid,Reactome
prerank,REACTOME_GAMMA_CARBOXYLATION_HYPUSINYLATION_HYDROXYLATION_AND_ARYLSULFATASE_ACTIVATION,-0.728871749259238,-1.501733440319167,0.013333333333333334,0.11982073011066895,0.946,5/36,1.87%,RPS6;RPL8;RPS23;EEF2;RPL27A,KRT5-KRT17+ Basaloid,Reactome
prerank,REACTOME_COLLAGEN_BIOSYNTHESIS_AND_MODIFYING_ENZYMES,0.7429093061214403,1.4995334753537999,0.021052631578947368,0.1082643691191475,0.974,16/28,15.80%,COL1A1;COL18A1;COL6A2;COL4A2;COL6A1;COL4A4;SERPINH1;PLOD1;COL5A1;P4HA2;COL17A1;COL7A1;COL4A3;PLOD2;COL4A1;COL12A1,KRT5-KRT17+ Basaloid,Reactome
prerank,REACTOME_SARS_COV_2_ACTIVATES_MODULATES_INNATE_AND_ADAPTIVE_IMMUNE_RESPONSES,-0.6407139875237264,-1.499039699289434,0.01646090534979424,0.12225129745629867,0.95,5/73,3.31%,SFTPD;RPS27A;B2M;UBA52;UBB,KRT5-KRT17+ Basaloid,Reactome
prerank,REACTOME_TRANSPORT_TO_THE_GOLGI_AND_SUBSEQUENT_MODIFICATION,0.5674968651667819,1.498981855096972,0.01282051282051282,0.10730473729954636,0.974,36/127,19.11%,TUBA1A;TUBB3;SPTAN1;TUBB6;TUBA4A;DYNC1H1;ARF5;DCTN2;CTSZ;FUCA1;B4GALT1;ACTR1A;MGAT4B;TUBB2A;TMED9;CSNK1D;CAPZB;DYNC1I2;LMAN2;TMED3;TFG;DYNC1LI2;ARFGAP3;SEC31A;SPTBN1;COL7A1;COPB2;TRAPPC5;TUBB2B;SEC13;GOLGB1;SPTBN2;ARF3;GOLGA2;ACTR10;TMED10,KRT5-KRT17+ Basaloid,Reactome
prerank,REACTOME_GPCR_LIGAND_BINDING,0.6865531036256766,1.4954374252038223,0.007936507936507936,0.1112011305309821,0.976,17/44,12.68%,APP;ECE1;CXCL16;PSAP;RAMP1;EDN1;GNG12;EDN2;GNG10;CCL2;GNB1;CX3CL1;SCTR;FZD6;GNB2;PTHLH;WNT7A,KRT5-KRT17+ Basaloid,Reactome
prerank,REACTOME_SARS_COV_1_TARGETS_HOST_INTRACELLULAR_SIGNALLING_AND_REGULATORY_PATHWAYS,0.8055075247113517,1.4946769190309537,0.016129032258064516,0.11042600573746394,0.976,9/15,13.77%,SFN;YWHAZ;YWHAH;UBE2I;YWHAG;CAV1;YWHAQ;SMAD3;SERPINE1,KRT5-KRT17+ Basaloid,Reactome
prerank,REACTOME_INTERLEUKIN_17_SIGNALING,-0.6873890645185057,-1.491956888706377,0.04219409282700422,0.13121566034015616,0.956,5/46,3.31%,RPS27A;UBA52;FOS;JUN;UBB,KRT5-KRT17+ Basaloid,Reactome
prerank,REACTOME_TP53_REGULATES_METABOLIC_GENES,-0.6821961159854589,-1.4875455317001847,0.040160642570281124,0.13626024683912158,0.964,11/53,4.41%,MT-CO1;MT-CO2;MT-CO3;COX7C;PRDX5;NDUFA4;COX7A2;COX4I1;COX6C;COX8A;COX7B,KRT5-KRT17+ Basaloid,Reactome
prerank,REACTOME_RAC3_GTPASE_CYCLE,0.626138583245905,1.4867769893220746,0.008264462809917356,0.12111722026981067,0.98,17/62,15.51%,IL32;DSG2;ITGB1;AMIGO2;PAK2;CYBA;WASF2;SNAP23;BAIAP2L1;NCF2;CDC42EP1;CAV1;EPHA2;ABI1;CDC42;ESYT1;BCR,KRT5-KRT17+ Basaloid,Reactome
prerank,REACTOME_DISEASES_OF_MITOTIC_CELL_CYCLE,0.7347954420441078,1.4841052917466826,0.02054794520547945,0.12316454214142482,0.984,5/27,5.70%,CDKN1A;CCND2;CCND1;UBE2D1;CDKN1C,KRT5-KRT17+ Basaloid,Reactome
prerank,REACTOME_COLLAGEN_CHAIN_TRIMERIZATION,0.795381545533204,1.4836495526958684,0.019543973941368076,0.12181798567202168,0.984,12/17,15.80%,COL1A1;COL18A1;COL6A2;COL4A2;COL6A1;COL4A4;COL5A1;COL17A1;COL7A1;COL4A3;COL4A1;COL12A1,KRT5-KRT17+ Basaloid,Reactome
prerank,REACTOME_KINESINS,0.7402174756504937,1.4807381287626296,0.03859649122807018,0.1241355855345199,0.988,7/23,9.17%,TUBA1A;TUBB3;TUBB6;TUBA4A;TUBB2A;KIF2A;KIF9,KRT5-KRT17+ Basaloid,Reactome
prerank,REACTOME_RHO_GTPASE_EFFECTORS,0.5548774631239131,1.480112506106371,0.009433962264150943,0.12337390885387144,0.988,54/149,17.43%,TUBA1A;MYH9;CDH1;TUBB3;RHOC;FLNA;ITGB1;RHOD;SFN;TUBB6;YWHAZ;TUBA4A;YWHAH;MYH14;DYNC1H1;MYL9;ACTR3;PAK2;CYBA;WASF2;CTNNB1;PPP2R1A;TUBB2A;TAX1BP3;PPP1CB;ARPC5;NUDC;DYNC1I2;YWHAG;KIF2A;DYNC1LI2;NCF2;LIMK2;RHOB;PFN2;CTTN;DIAPH1;YWHAQ;CTNNA1;ABI1;BUB3;DAAM1;CDC42;PPP2CA;TUBB2B;MAPK14;RCC2;PPP1R12A;RHPN2;SEC13;RHOG;GOPC;KLC1;ACTR2,KRT5-KRT17+ Basaloid,Reactome
prerank,REACTOME_REGULATION_OF_SIGNALING_BY_CBL,-0.8579807254730307,-1.478756900484435,0.015151515151515152,0.14739590197899852,0.97,3/15,3.31%,RPS27A;UBA52;UBB,KRT5-KRT17+ Basaloid,Reactome
prerank,REACTOME_NUCLEOTIDE_EXCISION_REPAIR,-0.6282359749052081,-1.4763902525204233,0.03187250996015936,0.14811534746235913,0.97,6/74,4.83%,RPS27A;UBA52;ACTB;POLR2L;UBB;POLR2C,KRT5-KRT17+ Basaloid,Reactome
prerank,REACTOME_MITOCHONDRIAL_BIOGENESIS,-0.6710037288936512,-1.4757616826522313,0.02390438247011952,0.14643737703436965,0.97,7/58,4.37%,MT-ATP6;ATP5F1E;ATP5MG;SOD2;ACSS2;ATP5PO;ATP5MJ,KRT5-KRT17+ Basaloid,Reactome
prerank,REACTOME_SARS_COV_1_ACTIVATES_MODULATES_INNATE_IMMUNE_RESPONSES,-0.7620944951479172,-1.474504364874224,0.019801980198019802,0.14600030155766133,0.97,5/28,3.31%,SFTPD;RPS27A;UBA52;NFKBIA;UBB,KRT5-KRT17+ Basaloid,Reactome
prerank,REACTOME_RECOGNITION_OF_DNA_DAMAGE_BY_PCNA_CONTAINING_REPLICATION_COMPLEX,-0.8301571230718862,-1.4734512239238247,0.025906735751295335,0.14568065829998147,0.97,3/16,3.31%,RPS27A;UBA52;UBB,KRT5-KRT17+ Basaloid,Reactome
prerank,REACTOME_FORMATION_OF_INCISION_COMPLEX_IN_GG_NER,-0.7152838180635449,-1.4702865614737464,0.04526748971193416,0.14863429174543893,0.974,3/31,3.31%,RPS27A;UBA52;UBB,KRT5-KRT17+ Basaloid,Reactome
prerank,REACTOME_RHO_GTPASES_ACTIVATE_PAKS,0.7933018809574223,1.4697503426453553,0.04827586206896552,0.1394835750350998,0.992,9/15,15.91%,MYH9;FLNA;MYH14;MYL9;PAK2;PPP1CB;CTTN;CDC42;PPP1R12A,KRT5-KRT17+ Basaloid,Reactome
prerank,REACTOME_NEGATIVE_REGULATION_OF_MET_ACTIVITY,-0.7974425514405662,-1.4676457851950642,0.041474654377880185,0.15036623284320388,0.974,3/17,3.31%,RPS27A;UBA52;UBB,KRT5-KRT17+ Basaloid,Reactome
prerank,REACTOME_ER_TO_GOLGI_ANTEROGRADE_TRANSPORT,0.5750810301524386,1.4674306168541724,0.021645021645021644,0.14103740041842297,0.992,33/110,19.11%,TUBA1A;TUBB3;SPTAN1;TUBB6;TUBA4A;DYNC1H1;ARF5;DCTN2;CTSZ;ACTR1A;TUBB2A;TMED9;CSNK1D;CAPZB;DYNC1I2;LMAN2;TMED3;TFG;DYNC1LI2;ARFGAP3;SEC31A;SPTBN1;COL7A1;COPB2;TRAPPC5;TUBB2B;SEC13;GOLGB1;SPTBN2;ARF3;GOLGA2;ACTR10;TMED10,KRT5-KRT17+ Basaloid,Reactome
prerank,REACTOME_MUSCLE_CONTRACTION,0.6335867906567632,1.4672457798546203,0.021739130434782608,0.13937652176708565,0.992,13/60,5.98%,CALD1;VIM;TPM1;TPM4;TMOD3;ANXA2;VCL;TPM3;MYL9;PAK2;TLN1;SRI;ATP2A2,KRT5-KRT17+ Basaloid,Reactome
prerank,REACTOME_INTRA_GOLGI_AND_RETROGRADE_GOLGI_TO_ER_TRAFFIC,0.5667209222396928,1.4666416411673966,0.004098360655737705,0.13817294291030097,0.992,41/129,21.69%,TUBA1A;TUBB3;TUBB6;TUBA4A;DYNC1H1;PAFAH1B3;ARF5;PLIN3;DCTN2;ACTR1A;TUBB2A;CYTH2;TMED9;RHOBTB3;CAPZB;DYNC1I2;KIF2A;KIF9;TMED3;DYNC1LI2;ARFGAP3;RAB6A;RAB18;GALNT2;COPB2;TUBB2B;CUX1;KIF1B;KLC1;ARF3;GALNT1;ACTR10;STX18;TMED10;IGF2R;RAB3GAP1;KIF21A;TGOLN2;GCC2;RIC1;ARL1,KRT5-KRT17+ Basaloid,Reactome
prerank,REACTOME_GPER1_SIGNALING,0.7721072773104715,1.4661625400876697,0.02867383512544803,0.1372630202300505,0.992,6/20,6.39%,FN1;ITGB1;GNAI2;GNG12;GNG10;GNB1,KRT5-KRT17+ Basaloid,Reactome
prerank,REACTOME_PYRUVATE_METABOLISM,-0.7198613525079511,-1.4650061678504802,0.03829787234042553,0.15233525729116662,0.976,6/32,5.89%,RPS27A;UBA52;LDHB;UBB;MPC1;LDHA,KRT5-KRT17+ Basaloid,Reactome
prerank,REACTOME_NOD1_2_SIGNALING_PATHWAY,-0.7855762953631791,-1.4645008473308136,0.035398230088495575,0.1508141780703513,0.976,3/21,3.31%,RPS27A;UBA52;UBB,KRT5-KRT17+ Basaloid,Reactome
prerank,REACTOME_CILIUM_ASSEMBLY,0.5702425125181336,1.4642633287559463,0.00909090909090909,0.1381646071873937,0.992,19/110,13.66%,TUBA1A;TUBB3;TUBB6;TUBA4A;DYNC1H1;CCT2;DCTN2;ACTR1A;RAB11A;PPP2R1A;TUBB2A;CSNK1D;DYNC1I2;YWHAG;CCT5;ARL3;CSNK1E;IFT22;CCT4,KRT5-KRT17+ Basaloid,Reactome
prerank,REACTOME_SIGNALING_BY_FGFR2,-0.6602383528859858,-1.4635434241978427,0.02032520325203252,0.15009742632134448,0.976,6/47,4.83%,RPS27A;UBA52;POLR2L;HNRNPA1;UBB;POLR2C,KRT5-KRT17+ Basaloid,Reactome
prerank,REACTOME_GLOBAL_GENOME_NUCLEOTIDE_EXCISION_REPAIR_GG_NER,-0.6395016424659434,-1.4602458753057068,0.032,0.15328372204234833,0.98,4/57,3.31%,RPS27A;UBA52;ACTB;UBB,KRT5-KRT17+ Basaloid,Reactome
prerank,REACTOME_DNA_DOUBLE_STRAND_BREAK_RESPONSE,-0.7214537672575948,-1.4591946876305082,0.05188679245283019,0.1529487805366672,0.982,3/30,3.31%,RPS27A;UBA52;UBB,KRT5-KRT17+ Basaloid,Reactome
prerank,REACTOME_RND3_GTPASE_CYCLE,0.7003999304428554,1.4586128733801362,0.021739130434782608,0.1452719263090161,0.992,8/32,11.73%,DST;DSP;TMOD3;RND3;CKB;TNFAIP1;CAV1;EPHA2,KRT5-KRT17+ Basaloid,Reactome
prerank,REACTOME_RHOBTB1_GTPASE_CYCLE,0.7391398242893515,1.4549719859596777,0.039285714285714285,0.1499774842862361,0.992,6/20,15.20%,VIM;DBN1;CCT2;STK38;MYO6;GPS1,KRT5-KRT17+ Basaloid,Reactome
prerank,REACTOME_PI3K_AKT_SIGNALING_IN_CANCER,0.6544835870908189,1.454414275358327,0.04435483870967742,0.14892853759630273,0.992,8/46,10.89%,CDKN1A;MDM2;PDGFA;NRG1;ERBB2;MET;GSK3B;ERBB3,KRT5-KRT17+ Basaloid,Reactome
prerank,REACTOME_APC_C_CDC20_MEDIATED_DEGRADATION_OF_CYCLIN_B,-0.7900534764231721,-1.4540811600594101,0.0392156862745098,0.15801552208338607,0.986,4/17,3.97%,RPS27A;UBA52;UBB;ANAPC16,KRT5-KRT17+ Basaloid,Reactome
prerank,REACTOME_CHONDROITIN_SULFATE_DERMATAN_SULFATE_METABOLISM,0.710209699321455,1.4504606743200117,0.025974025974025976,0.15391326594704896,0.996,8/27,7.81%,AGRN;IDS;VCAN;SDC1;HSPG2;GPC1;CHPF;DSE,KRT5-KRT17+ Basaloid,Reactome
prerank,REACTOME_RHOBTB2_GTPASE_CYCLE,0.7620909570168901,1.4498896221447948,0.021739130434782608,0.15299852624419,0.996,8/20,9.08%,ACTN1;TMOD3;DBN1;CCT2;CDC37;CCT6A;MSI2;STK38,KRT5-KRT17+ Basaloid,Reactome
prerank,REACTOME_COPI_MEDIATED_ANTEROGRADE_TRANSPORT,0.6203499581699122,1.4494112511885593,0.02032520325203252,0.1518207149207334,0.996,25/72,19.11%,TUBA1A;TUBB3;SPTAN1;TUBB6;TUBA4A;DYNC1H1;ARF5;DCTN2;ACTR1A;TUBB2A;TMED9;CAPZB;DYNC1I2;TMED3;DYNC1LI2;ARFGAP3;SPTBN1;COPB2;TUBB2B;GOLGB1;SPTBN2;ARF3;GOLGA2;ACTR10;TMED10,KRT5-KRT17+ Basaloid,Reactome
prerank,REACTOME_ACTIVATION_OF_BH3_ONLY_PROTEINS,0.7496533365281335,1.448914771511612,0.03666666666666667,0.15087961579289091,0.996,8/22,11.97%,SFN;YWHAZ;YWHAH;BBC3;TP63;YWHAG;BID;YWHAQ,KRT5-KRT17+ Basaloid,Reactome
prerank,REACTOME_INTERLEUKIN_10_SIGNALING,0.7706616484976244,1.448626863591236,0.03819444444444445,0.14942851993639886,0.996,5/17,9.40%,PTGS2;TIMP1;ICAM1;CCL2;TNFRSF1A,KRT5-KRT17+ Basaloid,Reactome
prerank,REACTOME_CLASS_A_1_RHODOPSIN_LIKE_RECEPTORS,0.7161998874235485,1.447200510368827,0.02952029520295203,0.14952092173596093,0.996,8/27,7.68%,APP;ECE1;CXCL16;PSAP;EDN1;EDN2;CCL2;CX3CL1,KRT5-KRT17+ Basaloid,Reactome
prerank,REACTOME_SIGNALING_BY_TGFBR3,0.7085726794234559,1.4444178671040446,0.046153846153846156,0.1524628726901712,0.998,11/31,16.31%,TIMP1;MMP14;TIMP2;TGFB1;TGFB2;TCF3;TGFBR1;GIPC1;SMAD3;NCSTN;PSENEN,KRT5-KRT17+ Basaloid,Reactome
prerank,REACTOME_HEPARAN_SULFATE_HEPARIN_HS_GAG_METABOLISM,0.7134256226006108,1.4436198174782484,0.03169014084507042,0.1516093049554864,0.998,6/25,3.65%,AGRN;IDS;VCAN;SDC1;HSPG2;GPC1,KRT5-KRT17+ Basaloid,Reactome
prerank,REACTOME_RAC2_GTPASE_CYCLE,0.6059246174002779,1.441627784212666,0.027237354085603113,0.15278465192542187,0.998,23/59,22.17%,DSG2;ITGB1;ANKLE2;PAK2;CYBA;WASF2;BAIAP2L1;NCF2;CDC42EP1;CAV1;EPHA2;ABI1;CDC42;ESYT1;ARHGDIA;BCR;ARMCX3;ARHGAP21;ABI2;CYFIP1;SWAP70;VAV2;EMD,KRT5-KRT17+ Basaloid,Reactome
prerank,REACTOME_PEPTIDE_LIGAND_BINDING_RECEPTORS,0.741936952985629,1.4409600760388654,0.021505376344086023,0.1520672874015049,0.998,8/23,7.68%,APP;ECE1;CXCL16;PSAP;EDN1;EDN2;CCL2;CX3CL1,KRT5-KRT17+ Basaloid,Reactome
prerank,REACTOME_SIGNALING_BY_PDGF,0.6896469271320238,1.439913709991985,0.029411764705882353,0.15226448248497904,0.998,14/35,16.06%,THBS1;COL6A2;COL4A2;PDGFA;COL6A1;COL4A4;STAT1;BCAR1;KRAS;COL5A1;GRB7;COL4A3;COL4A1;HRAS,KRT5-KRT17+ Basaloid,Reactome
prerank,REACTOME_TNFR1_INDUCED_NF_KAPPA_B_SIGNALING_PATHWAY,-0.770389057917888,-1.4392593495540291,0.03255813953488372,0.1832627993147409,1.0,4/21,3.31%,RACK1;RPS27A;UBA52;UBB,KRT5-KRT17+ Basaloid,Reactome
prerank,REACTOME_SIGNALING_BY_MET,0.6233823054776418,1.4372186029994471,0.03765690376569038,0.15504778036370426,0.998,14/59,8.74%,COL1A1;LAMB3;FN1;ITGA2;LAMC2;SPINT1;ITGB1;ITGA3;LAMA5;RAP1B;MUC20;MET;HGS;KRAS,KRT5-KRT17+ Basaloid,Reactome
prerank,REACTOME_PLASMA_LIPOPROTEIN_ASSEMBLY_REMODELING_AND_CLEARANCE,-0.7007116937331818,-1.433817963394847,0.03375527426160337,0.19025867898581822,1.0,7/33,3.69%,NPC2;RPS27A;UBA52;APOC1;UBB;LDLR;LPL,KRT5-KRT17+ Basaloid,Reactome
prerank,REACTOME_FLT3_SIGNALING,-0.7711949702274734,-1.4335823429649164,0.04090909090909091,0.18811730261642695,1.0,3/23,3.31%,RPS27A;UBA52;UBB,KRT5-KRT17+ Basaloid,Reactome
prerank,REACTOME_PLASMA_LIPOPROTEIN_CLEARANCE,-0.7377532314374374,-1.4321435251553927,0.049107142857142856,0.18862284692975584,1.0,6/24,3.45%,NPC2;RPS27A;UBA52;APOC1;UBB;LDLR,KRT5-KRT17+ Basaloid,Reactome
prerank,REACTOME_SIGNALING_BY_GPCR,0.5334276604742645,1.428871553249947,0.004739336492890996,0.16837791949971395,0.998,32/149,13.86%,FN1;APP;ECE1;RHOC;ITGB1;CXCL16;PSAP;GNAI2;RAMP1;EDN1;GNG12;EDN2;NET1;GNG10;PLXNB1;CCL2;PPP2R1A;GNB1;CX3CL1;KRAS;SCTR;RGS10;FZD6;GNB2;RHOB;MGLL;DGKA;PTHLH;WNT7A;CDC42;RASGRP1;PPP2CA,KRT5-KRT17+ Basaloid,Reactome
prerank,REACTOME_TERMINATION_OF_TRANSLESION_DNA_SYNTHESIS,-0.7830563520017936,-1.4286707752363241,0.06091370558375635,0.19177714115604838,1.0,3/17,3.31%,RPS27A;UBA52;UBB,KRT5-KRT17+ Basaloid,Reactome
prerank,REACTOME_GASTRULATION,0.6050827483853622,1.4262226258074149,0.05726872246696035,0.17152771533970007,1.0,39/64,32.27%,CDH1;PSME2;TEAD2;PSMB8;PSMD2;CTNNB1;PSMA6;PSMD4;PSMB10;PSMC4;PSMD1;LFNG;SMAD3;MAML2;PSMC1;PSMD7;PSMA5;EPHA4;PSMD6;PSMD13;PSMD9;CLDN7;PSMC3;PSMC6;TFAP2A;BMP4;PSMB2;PSMC5;PSMD11;PSMD10;PSMF1;RBPJ;PSMC2;PSME3;PSMD3;PSMD12;SNW1;PSMD14;PSMB4,KRT5-KRT17+ Basaloid,Reactome
prerank,REACTOME_METABOLISM_OF_STEROIDS,-0.5950154942013841,-1.4260745381366675,0.018518518518518517,0.19420917138850144,1.0,18/87,6.59%,FASN;SCD;DHCR24;MSMO1;IDI1;HMGCS1;FDPS;INSIG1;EBP;ACAT2;HSD17B4;SQLE;MVD;HMGCR;FDFT1;DHCR7;LSS;LRP2,KRT5-KRT17+ Basaloid,Reactome
prerank,REACTOME_RHOH_GTPASE_CYCLE,0.70949848855162,1.4257211187862129,0.03461538461538462,0.17034504436726408,1.0,7/28,11.09%,JUP;DBN1;STOM;VCP;PAK2;NSFL1C;CAV1,KRT5-KRT17+ Basaloid,Reactome
prerank,REACTOME_NCAM1_INTERACTIONS,0.7698251373185727,1.4241559672377035,0.0695364238410596,0.171373471631156,1.0,9/15,15.30%,AGRN;COL6A2;COL4A2;COL6A1;COL4A4;COL5A1;CACNB3;COL4A3;COL4A1,KRT5-KRT17+ Basaloid,Reactome
prerank,REACTOME_FORMATION_OF_PARAXIAL_MESODERM,0.6309364438740018,1.4183659351472282,0.029411764705882353,0.17971948254796005,1.0,35/49,33.25%,PSME2;PSMB8;PSMD2;CTNNB1;PSMA6;PSMD4;PSMB10;PSMC4;PSMD1;LFNG;MAML2;PSMC1;PSMD7;PSMA5;EPHA4;PSMD6;PSMD13;PSMD9;PSMC3;PSMC6;BMP4;PSMB2;PSMC5;PSMD11;PSMD10;PSMF1;RBPJ;PSMC2;PSME3;PSMD3;PSMD12;SNW1;PSMD14;PSMB4;PSMB5,KRT5-KRT17+ Basaloid,Reactome
prerank,REACTOME_SOMITOGENESIS,0.6396701505838271,1.4161715832570587,0.055776892430278883,0.18193035849764114,1.0,32/42,33.25%,PSME2;PSMB8;PSMD2;CTNNB1;PSMA6;PSMD4;PSMB10;PSMC4;PSMD1;LFNG;PSMC1;PSMD7;PSMA5;EPHA4;PSMD6;PSMD13;PSMD9;PSMC3;PSMC6;PSMB2;PSMC5;PSMD11;PSMD10;PSMF1;RBPJ;PSMC2;PSME3;PSMD3;PSMD12;PSMD14;PSMB4;PSMB5,KRT5-KRT17+ Basaloid,Reactome
prerank,REACTOME_ER_QUALITY_CONTROL_COMPARTMENT_ERQC,-0.7940112865092409,-1.416044580521569,0.05714285714285714,0.21081137505591513,1.0,3/16,3.31%,RPS27A;UBA52;UBB,KRT5-KRT17+ Basaloid,Reactome
prerank,REACTOME_APC_CDC20_MEDIATED_DEGRADATION_OF_NEK2A,-0.7650269878679932,-1.415410567527502,0.05970149253731343,0.20923833493777477,1.0,4/18,3.97%,RPS27A;UBA52;UBB;ANAPC16,KRT5-KRT17+ Basaloid,Reactome
prerank,REACTOME_RESPONSE_TO_ELEVATED_PLATELET_CYTOSOLIC_CA2,0.5922897851024813,1.4110151938020106,0.05327868852459016,0.19032521206803923,1.0,21/72,4.73%,FN1;APP;GAS6;TIMP1;THBS1;ACTN1;FLNA;QSOX1;VCL;SPARC;WDR1;TUBA4A;PSAP;TIMP3;PDGFA;FAM3C;TGFB1;LGALS3BP;TLN1;CAP1;TGFB2,KRT5-KRT17+ Basaloid,Reactome
prerank,REACTOME_RHOJ_GTPASE_CYCLE,0.6476557169392135,1.4109482922969618,0.04247104247104247,0.18840669809216276,1.0,10/38,13.24%,JUP;STOM;GJA1;PAK2;STEAP3;FNBP1L;SNAP23;CDC42EP1;CAV1;CDC42,KRT5-KRT17+ Basaloid,Reactome
prerank,REACTOME_NCAM_SIGNALING_FOR_NEURITE_OUT_GROWTH,0.7041272580927292,1.4109462402743844,0.040740740740740744,0.1864023715167142,1.0,17/28,21.31%,AGRN;SPTAN1;COL6A2;COL4A2;COL6A1;COL4A4;KRAS;COL5A1;CACNB3;SPTBN1;COL4A3;COL4A1;HRAS;SPTBN2;PTK2;COL3A1;FYN,KRT5-KRT17+ Basaloid,Reactome
prerank,REACTOME_NEUROTRANSMITTER_RECEPTORS_AND_POSTSYNAPTIC_SIGNAL_TRANSMISSION,0.5920744695407454,1.4092381688735989,0.02575107296137339,0.18780243318874218,1.0,15/68,10.40%,TUBA1A;TUBB3;MDM2;TUBB6;TUBA4A;GNAI2;NRG1;GNG12;GNG10;AP2M1;TUBB2A;GNB1;KRAS;GNB2;AP2B1,KRT5-KRT17+ Basaloid,Reactome
prerank,REACTOME_EXTRA_NUCLEAR_ESTROGEN_SIGNALING,0.6362595386785709,1.4064407078594214,0.06692913385826772,0.19146721365680386,1.0,15/43,16.06%,MMP7;CCND1;CAV2;GNAI2;GNG12;GNG10;GNB1;KRAS;GNB2;CAV1;PRMT1;HSPB1;MMP2;HBEGF;HRAS,KRT5-KRT17+ Basaloid,Reactome
prerank,REACTOME_TNF_SIGNALING,-0.6548523071832258,-1.4064333202318924,0.053061224489795916,0.2249403446913948,1.0,4/40,3.31%,RACK1;RPS27A;UBA52;UBB,KRT5-KRT17+ Basaloid,Reactome
prerank,REACTOME_NEGATIVE_REGULATION_OF_MAPK_PATHWAY,-0.7129858896546426,-1.405226449852035,0.06224066390041494,0.22429925124226843,1.0,5/30,5.04%,RPS27A;UBA52;PEBP1;UBB;PPP2R5A,KRT5-KRT17+ Basaloid,Reactome
prerank,REACTOME_CALNEXIN_CALRETICULIN_CYCLE,-0.7426155648637687,-1.404706919357602,0.0625,0.22230331169196152,1.0,3/21,3.31%,RPS27A;UBA52;UBB,KRT5-KRT17+ Basaloid,Reactome
prerank,REACTOME_INTEGRIN_SIGNALING,0.736312509577006,1.4015271962177556,0.06164383561643835,0.19912649873719815,1.0,4/18,8.01%,FN1;TLN1;RAP1B;BCAR1,KRT5-KRT17+ Basaloid,Reactome
prerank,REACTOME_RND1_GTPASE_CYCLE,0.6706449053012489,1.397968043715797,0.05090909090909091,0.20395727727662885,1.0,11/31,18.87%,DST;DSP;ALDH3A2;GRB7;CAV1;EPHA2;PLXNA1;STIP1;EPSTI1;FAM135A;WDR6,KRT5-KRT17+ Basaloid,Reactome
prerank,REACTOME_REGULATION_OF_PYRUVATE_METABOLISM,-0.7189675608712698,-1.3967872461280946,0.06696428571428571,0.2345613561931854,1.0,3/24,3.31%,RPS27A;UBA52;UBB,KRT5-KRT17+ Basaloid,Reactome
prerank,REACTOME_G_ALPHA_S_SIGNALLING_EVENTS,0.6931236437404803,1.3940773442711054,0.046511627906976744,0.2096924350637082,1.0,10/33,11.70%,FN1;ITGB1;GNAI2;RAMP1;GNG12;GNG10;GNB1;SCTR;GNB2;PTHLH,KRT5-KRT17+ Basaloid,Reactome
prerank,REACTOME_TRANSLOCATION_OF_SLC2A4_GLUT4_TO_THE_PLASMA_MEMBRANE,0.6340407272115492,1.3879172056331095,0.05603448275862069,0.2206694252352341,1.0,14/51,9.82%,TUBA1A;MYH9;TUBB3;SFN;TUBB6;YWHAZ;TUBA4A;YWHAH;RAB11A;RALA;TUBB2A;YWHAG;SNAP23;RAB10,KRT5-KRT17+ Basaloid,Reactome
prerank,REACTOME_NEGATIVE_REGULATION_OF_FGFR2_SIGNALING,-0.7894698859288672,-1.3859498294142785,0.05365853658536585,0.25440883100012757,1.0,3/16,3.31%,RPS27A;UBA52;UBB,KRT5-KRT17+ Basaloid,Reactome
prerank,REACTOME_RHOD_GTPASE_CYCLE,0.6360361683814959,1.3856802753076243,0.07053941908713693,0.22286487803071206,1.0,10/39,11.90%,ACTN1;DBN1;RHOD;PLXNB1;STEAP3;EFHD2;CAPZB;CAV1;DIAPH1;PLXNA1,KRT5-KRT17+ Basaloid,Reactome
prerank,REACTOME_CYTOSOLIC_SENSORS_OF_PATHOGEN_ASSOCIATED_DNA,-0.6315842688097217,-1.3838927738653828,0.04081632653061224,0.2558274299769794,1.0,7/43,5.78%,RPS27A;UBA52;NFKBIA;POLR2L;UBB;POLR1D;POLR3H,KRT5-KRT17+ Basaloid,Reactome
prerank,REACTOME_CELLULAR_RESPONSE_TO_CHEMICAL_STRESS,-0.5449452704693409,-1.3830890130764764,0.02888086642599278,0.25467647756889084,1.0,21/145,4.41%,MT-CO1;MT-CO2;MT-CO3;RPS27A;COX7C;UBA52;GSTP1;PRDX5;BLVRB;NDUFA4;SOD3;COX7A2;COX4I1;COX6C;TXNIP;PRDX6;UBB;SOD2;CAT;COX8A;COX7B,KRT5-KRT17+ Basaloid,Reactome
prerank,REACTOME_DISEASES_ASSOCIATED_WITH_GLYCOSAMINOGLYCAN_METABOLISM,0.7099223763254012,1.3822003672106544,0.06930693069306931,0.2276819354881733,1.0,6/20,4.50%,AGRN;VCAN;SDC1;HSPG2;GPC1;B4GALT1,KRT5-KRT17+ Basaloid,Reactome
prerank,REACTOME_SIGNALING_BY_FGFR,-0.608537015345941,-1.38187088384295,0.048582995951417005,0.25435564268463456,1.0,6/54,4.83%,RPS27A;UBA52;POLR2L;HNRNPA1;UBB;POLR2C,KRT5-KRT17+ Basaloid,Reactome
prerank,REACTOME_HCMV_INFECTION,0.5701978679165998,1.3817971696949014,0.06584362139917696,0.2262996622138476,1.0,17/73,15.26%,TUBA1A;TUBB3;ITGB1;TUBB6;TUBA4A;DYNC1H1;VPS37B;PML;TUBB2A;CHMP4B;DYNC1I2;NCOR2;DYNC1LI2;TPR;VPS25;TUBB2B;UBAP1,KRT5-KRT17+ Basaloid,Reactome
prerank,REACTOME_EARLY_SARS_COV_2_INFECTION_EVENTS,0.6894770976982607,1.3799268131174003,0.053763440860215055,0.2279579761582936,1.0,6/26,6.62%,AGRN;SDC1;HSPG2;VCP;GPC1;CHMP4B,KRT5-KRT17+ Basaloid,Reactome
prerank,REACTOME_GAP_JUNCTION_TRAFFICKING_AND_REGULATION,0.7164011421850912,1.3793155776213155,0.07849829351535836,0.2271473377923894,1.0,9/21,6.19%,TUBA1A;TUBB3;CLTB;GJA1;TUBB6;TUBA4A;AP2M1;TJP1;TUBB2A,KRT5-KRT17+ Basaloid,Reactome
prerank,REACTOME_G2_M_DNA_DAMAGE_CHECKPOINT,0.6899509242748242,1.3791415926329778,0.09652509652509653,0.22526646317856405,1.0,10/27,20.56%,SFN;YWHAZ;YWHAH;WEE1;YWHAG;YWHAQ;TP53BP1;HERC2;RBBP8;UBE2N,KRT5-KRT17+ Basaloid,Reactome
prerank,REACTOME_SYNTHESIS_OF_PA,-0.7914332221057678,-1.3782152410059598,0.06666666666666667,0.25944811634160847,1.0,4/15,7.48%,LPCAT1;PLA2G1B;AGPAT2;GPD1L,KRT5-KRT17+ Basaloid,Reactome
prerank,REACTOME_VEGFR2_MEDIATED_VASCULAR_PERMEABILITY,0.7314792933163391,1.3768141931894808,0.06514657980456026,0.2280745714082897,1.0,6/18,12.19%,JUP;PAK2;CTNNB1;CTNND1;CAV1;CTNNA1,KRT5-KRT17+ Basaloid,Reactome
prerank,REACTOME_SIGNALING_BY_FGFR3,-0.7247201748364119,-1.3759958933413328,0.08018867924528301,0.2609780974986406,1.0,3/23,3.31%,RPS27A;UBA52;UBB,KRT5-KRT17+ Basaloid,Reactome
prerank,REACTOME_CLASS_B_2_SECRETIN_FAMILY_RECEPTORS,0.734410798083198,1.3711027234587752,0.08873720136518772,0.2378294432058178,1.0,9/17,12.68%,RAMP1;GNG12;GNG10;GNB1;SCTR;FZD6;GNB2;PTHLH;WNT7A,KRT5-KRT17+ Basaloid,Reactome
prerank,REACTOME_NEURONAL_SYSTEM,0.5231641881976243,1.3697398096936393,0.03524229074889868,0.23810464810309845,1.0,31/111,16.24%,TUBA1A;TUBB3;KCNN4;MDM2;TUBB6;TUBA4A;PTPRF;PDLIM5;GNAI2;NRG1;GNG12;GNG10;HOMER3;AP2M1;TUBB2A;GNB1;KCNS3;KRAS;FLOT1;ARL6IP5;DLGAP4;GNB2;AP2B1;CACNB3;NPTN;MYO6;TUBB2B;COMT;KCNK1;HRAS;PPFIBP1,KRT5-KRT17+ Basaloid,Reactome
prerank,REACTOME_NEGATIVE_REGULATORS_OF_DDX58_IFIH1_SIGNALING,-0.6822632351737727,-1.369451990306439,0.09259259259259259,0.27305587690837047,1.0,3/25,3.31%,RPS27A;UBA52;UBB,KRT5-KRT17+ Basaloid,Reactome
prerank,REACTOME_LYSOSOME_VESICLE_BIOGENESIS,0.6832594173056575,1.3666161012142537,0.09764309764309764,0.2423606888520164,1.0,6/25,8.68%,APP;CLTB;CTSZ;AP1S1;AP1S3;HGS,KRT5-KRT17+ Basaloid,Reactome
prerank,REACTOME_CONSTITUTIVE_SIGNALING_BY_LIGAND_RESPONSIVE_EGFR_CANCER_VARIANTS,-0.7759170739392167,-1.365776741349451,0.07027027027027027,0.2780593604657906,1.0,3/16,3.31%,RPS27A;UBA52;UBB,KRT5-KRT17+ Basaloid,Reactome
prerank,REACTOME_TRANSLATION_OF_SARS_COV_1_STRUCTURAL_PROTEINS,-0.7041683192986304,-1.364014248920768,0.05263157894736842,0.27962382263348406,1.0,3/24,3.31%,RPS27A;UBA52;UBB,KRT5-KRT17+ Basaloid,Reactome
prerank,REACTOME_EVASION_BY_RSV_OF_HOST_INTERFERON_RESPONSES,-0.7781135305144533,-1.3633700403407933,0.09302325581395349,0.27822799296956235,1.0,3/16,3.31%,RPS27A;UBA52;UBB,KRT5-KRT17+ Basaloid,Reactome
prerank,REACTOME_INACTIVATION_OF_CSF3_G_CSF_SIGNALING,-0.7558114804483008,-1.3604178800448385,0.08247422680412371,0.28215513208612175,1.0,4/18,3.31%,RPS27A;UBA52;CSF3R;UBB,KRT5-KRT17+ Basaloid,Reactome
prerank,REACTOME_SIGNALING_BY_FGFR4,-0.7265577427552942,-1.359465125867204,0.08450704225352113,0.2812722368504737,1.0,3/22,3.31%,RPS27A;UBA52;UBB,KRT5-KRT17+ Basaloid,Reactome
prerank,REACTOME_CROSS_PRESENTATION_OF_SOLUBLE_EXOGENOUS_ANTIGENS_ENDOSOMES,0.6211423361884102,1.3590839304772708,0.08527131782945736,0.2556552698259988,1.0,28/39,33.25%,PSME2;PSMB8;PSMD2;PSMA6;PSMD4;PSMB10;PSMC4;PSMD1;PSMC1;PSMD7;PSMA5;PSMD6;PSMD13;PSMD9;PSMC3;PSMC6;PSMB2;PSMC5;PSMD11;PSMD10;PSMF1;PSMC2;PSME3;PSMD3;PSMD12;PSMD14;PSMB4;PSMB5,KRT5-KRT17+ Basaloid,Reactome
prerank,REACTOME_RUNX1_REGULATES_GENES_INVOLVED_IN_MEGAKARYOCYTE_DIFFERENTIATION_AND_PLATELET_FUNCTION,0.6950325489216908,1.3579918604412662,0.0967741935483871,0.2556045232966784,1.0,4/22,11.38%,THBS1;MYL9;RUNX1;PRMT1,KRT5-KRT17+ Basaloid,Reactome
prerank,REACTOME_DETOXIFICATION_OF_REACTIVE_OXYGEN_SPECIES,-0.7175255276376659,-1.3574412500996178,0.10222222222222223,0.2829311808100404,1.0,6/21,3.49%,GSTP1;PRDX5;SOD3;PRDX6;SOD2;CAT,KRT5-KRT17+ Basaloid,Reactome
prerank,REACTOME_CA2_PATHWAY,0.6672428881187713,1.3540039235543546,0.09765625,0.26189262750897147,1.0,7/27,10.14%,GNG12;GNG10;CTNNB1;GNB1;KRAS;FZD6;GNB2,KRT5-KRT17+ Basaloid,Reactome
prerank,REACTOME_INTERLEUKIN_3_INTERLEUKIN_5_AND_GM_CSF_SIGNALING,-0.727229915214135,-1.3523950944946035,0.09051724137931035,0.2918891090916642,1.0,3/23,3.31%,RPS27A;UBA52;UBB,KRT5-KRT17+ Basaloid,Reactome
prerank,REACTOME_RHOU_GTPASE_CYCLE,0.664189709021385,1.3495184090849488,0.08641975308641975,0.26975847111259615,1.0,8/31,14.45%,DST;SPTAN1;PAK2;HGS;EPHA2;SPTBN1;CDC42;MYO6,KRT5-KRT17+ Basaloid,Reactome
prerank,REACTOME_ADHERENS_JUNCTIONS_INTERACTIONS,0.6751017897405901,1.3465649574831875,0.07168458781362007,0.27377848316517406,1.0,12/27,12.46%,CDH3;CDH1;CDH2;JUP;NECTIN2;NECTIN4;CTNNB1;ANGPTL4;CTNND1;CTNNA1;ILF3;AFDN,KRT5-KRT17+ Basaloid,Reactome
prerank,REACTOME_FATTY_ACYL_COA_BIOSYNTHESIS,-0.7370884637158768,-1.3437350240460648,0.11442786069651742,0.30844980854049797,1.0,5/16,7.05%,FASN;SCD;ACSL1;SLC27A3;ACSL4,KRT5-KRT17+ Basaloid,Reactome
prerank,REACTOME_GLUTATHIONE_CONJUGATION,-0.7150200628347023,-1.342308486620924,0.08585858585858586,0.3086868750995781,1.0,3/21,2.93%,MGST1;GSTP1;GSTA4,KRT5-KRT17+ Basaloid,Reactome
prerank,REACTOME_INTERACTIONS_OF_VPR_WITH_HOST_CELLULAR_PROTEINS,-0.6779134803496687,-1.3416031705990852,0.11214953271028037,0.30696395226110257,1.0,4/27,5.80%,SLC25A5;SLC25A6;NUP58;SLC25A4,KRT5-KRT17+ Basaloid,Reactome
prerank,REACTOME_NEGATIVE_REGULATION_OF_FGFR1_SIGNALING,-0.7556471061913718,-1.340800417133446,0.11483253588516747,0.30558863350018645,1.0,3/16,3.31%,RPS27A;UBA52;UBB,KRT5-KRT17+ Basaloid,Reactome
prerank,REACTOME_RHOG_GTPASE_CYCLE,0.5976526683885606,1.340728596876068,0.06274509803921569,0.2848609704897013,1.0,18/52,22.17%,DSG2;ITGB1;ANKLE2;PAK2;ARFGAP3;CDC42EP1;CAV1;EPHA2;CDC42;ESYT1;ARHGDIA;RHOG;ARHGEF26;ARHGAP21;PLEKHG3;CYFIP1;VAV2;EMD,KRT5-KRT17+ Basaloid,Reactome
prerank,REACTOME_B_WICH_COMPLEX_POSITIVELY_REGULATES_RRNA_EXPRESSION,-0.7371933213462769,-1.3392772645984965,0.08837209302325581,0.30617712701708105,1.0,3/19,4.55%,ACTB;POLR2L;POLR1D,KRT5-KRT17+ Basaloid,Reactome
prerank,REACTOME_SIGNALING_BY_EGFR_IN_CANCER,-0.7420431704181537,-1.3350811217275822,0.09313725490196079,0.31221691626010856,1.0,3/20,3.31%,RPS27A;UBA52;UBB,KRT5-KRT17+ Basaloid,Reactome
prerank,REACTOME_INTERLEUKIN_4_AND_INTERLEUKIN_13_SIGNALING,0.5993763359263711,1.3349364813147953,0.08906882591093117,0.29473662791880684,1.0,17/53,7.58%,FN1;CDKN1A;VIM;PTGS2;TIMP1;ITGB1;BCL2L1;PIM1;CCND1;LAMA5;FSCN1;TGFB1;ICAM1;CCL2;STAT1;HIF1A;IL13RA1,KRT5-KRT17+ Basaloid,Reactome
prerank,REACTOME_TP53_REGULATES_TRANSCRIPTION_OF_GENES_INVOLVED_IN_CYTOCHROME_C_RELEASE,0.7460124368819593,1.3340423437321292,0.10596026490066225,0.29407144737423596,1.0,6/15,10.46%,BAX;BBC3;STEAP3;TP63;BID;TP53INP1,KRT5-KRT17+ Basaloid,Reactome
prerank,REACTOME_SUMOYLATION_OF_TRANSCRIPTION_FACTORS,0.732407578162442,1.3326160719713438,0.1157556270096463,0.295134605253506,1.0,3/15,6.59%,CDKN2A;MDM2;UBE2I,KRT5-KRT17+ Basaloid,Reactome
prerank,REACTOME_ACTIVATED_NOTCH1_TRANSMITS_SIGNAL_TO_THE_NUCLEUS,-0.7140166669266245,-1.331406527581792,0.10426540284360189,0.31736902538883544,1.0,3/21,3.31%,RPS27A;UBA52;UBB,KRT5-KRT17+ Basaloid,Reactome
prerank,REACTOME_CASPASE_ACTIVATION_VIA_EXTRINSIC_APOPTOTIC_SIGNALLING_PATHWAY,0.7007962125619712,1.326402927897994,0.09965635738831616,0.3073064278426482,1.0,7/16,16.52%,FAS;TNFSF10;MAGED1;TNFRSF10B;DAPK3;TRADD;TICAM1,KRT5-KRT17+ Basaloid,Reactome
prerank,REACTOME_CELL_DEATH_SIGNALLING_VIA_NRAGE_NRIF_AND_NADE,-0.6506285912969325,-1.3257409567181795,0.09322033898305085,0.32747439487218766,1.0,5/38,4.00%,RPS27A;UBA52;AKAP13;UBB;BEX3,KRT5-KRT17+ Basaloid,Reactome
prerank,REACTOME_GLYCOSAMINOGLYCAN_METABOLISM,0.5745634653108522,1.3252314476717055,0.07317073170731707,0.30745563039366053,1.0,11/60,8.86%,AGRN;IDS;VCAN;SDC1;HSPG2;GPC1;B4GALT1;CHPF;DSE;HYAL2;PAPSS1,KRT5-KRT17+ Basaloid,Reactome
prerank,REACTOME_GPVI_MEDIATED_ACTIVATION_CASCADE,0.7032348611946897,1.321532977051101,0.13310580204778158,0.31363540061812256,1.0,1/17,0.08%,COL1A1,KRT5-KRT17+ Basaloid,Reactome
prerank,REACTOME_SIGNALING_BY_TGF_BETA_RECEPTOR_COMPLEX,0.5498068994382304,1.3204821168964092,0.0728744939271255,0.3130049042243058,1.0,22/72,9.89%,PMEPA1;ITGAV;ITGB1;SKIL;ITGB6;CDKN2B;ITGB8;UBE2D1;LTBP3;TGFB1;BAMBI;TGIF1;TGFB2;STAT1;FKBP1A;PPP1CB;CGN;SMURF1;LTBP1;TGFBR1;ITGB5;NCOR2,KRT5-KRT17+ Basaloid,Reactome
prerank,REACTOME_BACTERIAL_INFECTION_PATHWAYS,-0.6040159439650145,-1.3190843006859592,0.09486166007905138,0.34112107130747077,1.0,6/43,5.02%,RPS27A;B2M;UBA52;EEF2;UBB;VAMP2,KRT5-KRT17+ Basaloid,Reactome
prerank,REACTOME_PINK1_PRKN_MEDIATED_MITOPHAGY,-0.7050284995585173,-1.3179996619687089,0.1091703056768559,0.3408265945480672,1.0,4/26,3.31%,RPS27A;UBA52;TOMM7;UBB,KRT5-KRT17+ Basaloid,Reactome
prerank,REACTOME_SIGNALING_BY_CSF3_G_CSF,-0.712894729304454,-1.3178851849991409,0.10945273631840796,0.33784049027208884,1.0,4/23,3.31%,RPS27A;UBA52;CSF3R;UBB,KRT5-KRT17+ Basaloid,Reactome
prerank,REACTOME_CELL_CELL_COMMUNICATION,0.5392584817107026,1.3177766082091065,0.07531380753138076,0.3171363425257176,1.0,24/87,6.30%,DST;LAMB3;LAMC2;CLDN1;CDH3;PLEC;ACTN1;CDH1;ITGB4;CDH2;JUP;FLNA;ITGB1;CD151;SPTAN1;FBLIM1;LIMS1;NECTIN2;VASP;NECTIN4;CD2AP;ILK;CTNNB1;ANGPTL4,KRT5-KRT17+ Basaloid,Reactome
prerank,REACTOME_EGFR_DOWNREGULATION,-0.6966926982423917,-1.3172890639644572,0.125,0.3360068132148532,1.0,3/24,3.31%,RPS27A;UBA52;UBB,KRT5-KRT17+ Basaloid,Reactome
prerank,REACTOME_MITOPHAGY,-0.6706108814116781,-1.3170990766216768,0.09836065573770492,0.33333194736440136,1.0,4/32,3.31%,RPS27A;UBA52;TOMM7;UBB,KRT5-KRT17+ Basaloid,Reactome
prerank,REACTOME_COOPERATION_OF_PDCL_PHLP1_AND_TRIC_CCT_IN_G_PROTEIN_BETA_FOLDING,0.664105037425182,1.3132793118991908,0.1404109589041096,0.3249155424555039,1.0,12/20,22.32%,CCT2;GNG12;GNG10;GNB1;CCT6A;CCT5;GNB2;CSNK2A1;CCT4;CCT7;GNA15;CCT3,KRT5-KRT17+ Basaloid,Reactome
prerank,REACTOME_RND2_GTPASE_CYCLE,0.6232038465218988,1.304085295579821,0.14855072463768115,0.34449042058723506,1.0,8/32,15.10%,DST;ALDH3A2;TNFAIP1;NUDC;CAV1;EPHA2;CKAP4;PRAG1,KRT5-KRT17+ Basaloid,Reactome
prerank,REACTOME_DISEASES_OF_CARBOHYDRATE_METABOLISM,-0.7004380947878409,-1.3011132532815202,0.13537117903930132,0.36812711121526764,1.0,4/18,3.31%,RPS27A;UBA52;DCXR;UBB,KRT5-KRT17+ Basaloid,Reactome
prerank,REACTOME_SIGNALING_BY_RETINOIC_ACID,-0.6557968842657542,-1.300911906344737,0.12987012987012986,0.36512962468958243,1.0,2/25,2.09%,FABP5;SDR16C5,KRT5-KRT17+ Basaloid,Reactome
prerank,REACTOME_SIGNALING_BY_CSF1_M_CSF_IN_MYELOID_CELLS,-0.7229529423976517,-1.3001098695917999,0.13592233009708737,0.3635757502949339,1.0,3/20,3.31%,RPS27A;UBA52;UBB,KRT5-KRT17+ Basaloid,Reactome
prerank,REACTOME_CYTOKINE_SIGNALING_IN_IMMUNE_SYSTEM,0.4392338193691868,1.2991325110410354,0.0049504950495049506,0.35397811414600266,1.0,65/406,9.46%,IL32;FN1;CDKN1A;IFI27;APP;VIM;CRLF1;TUBA1A;PTGS2;TIMP1;TNFRSF12A;TUBB3;FLNA;IFNGR2;ITGB1;SDC1;BCL2L1;ANXA2;FLNB;IFI6;TUBB6;YWHAZ;TUBA4A;TRIM22;PIM1;CCND1;CLCF1;LAMA5;UBE2D1;FSCN1;TGFB1;LGALS9;PSME2;PAK2;TRIM2;ICAM1;PML;PSMB8;ISG15;PELI1;CCL2;IP6K2;IRF6;PSMD2;PPP2R1A;RALA;TUBB2A;ILF2;STAT1;UBE2I;HIF1A;RAP1B;IL13RA1;TRIM8;IFNGR1;PSMA6;RELB;PSMD4;KRAS;IFITM1;DNAJC3;PSMB10;IFNAR1;TNFRSF1A;IRF7,KRT5-KRT17+ Basaloid,Reactome
prerank,REACTOME_ACTIVATION_OF_NMDA_RECEPTORS_AND_POSTSYNAPTIC_EVENTS,0.5771341289049416,1.2975210987026697,0.11158798283261803,0.35550594816347353,1.0,7/42,8.74%,TUBA1A;TUBB3;TUBB6;TUBA4A;NRG1;TUBB2A;KRAS,KRT5-KRT17+ Basaloid,Reactome
prerank,REACTOME_TP53_REGULATES_TRANSCRIPTION_OF_CELL_CYCLE_GENES,0.6232215949891228,1.2960547877542101,0.11469534050179211,0.3562718987194934,1.0,11/31,17.50%,CDKN1A;BAX;SFN;GADD45A;PLK2;RGCC;PRMT1;TNKS1BP1;PLK3;TFDP2;PCBP4,KRT5-KRT17+ Basaloid,Reactome
prerank,REACTOME_FATTY_ACID_METABOLISM,-0.5432648368209478,-1.2926717068645737,0.10810810810810811,0.3784335661091365,1.0,13/83,5.41%,DBI;FASN;MID1IP1;SCD;GPX4;ALOX15B;ACSL1;FADS1;HSD17B4;ACOXL;SLC27A3;LTA4H;ACADL,KRT5-KRT17+ Basaloid,Reactome
prerank,REACTOME_SYNTHESIS_OF_PC,-0.7253678189561212,-1.2916369742339187,0.18048780487804877,0.3776968956801708,1.0,3/16,5.24%,LPCAT1;MFSD2A;CHPT1,KRT5-KRT17+ Basaloid,Reactome
prerank,REACTOME_SENSORY_PROCESSING_OF_SOUND_BY_OUTER_HAIR_CELLS_OF_THE_COCHLEA,0.6558419484620636,1.2905177424426515,0.16370106761565836,0.36700661882047214,1.0,5/21,4.54%,GSN;MYH9;SPTAN1;EPS8L2;TWF2,KRT5-KRT17+ Basaloid,Reactome
prerank,REACTOME_BIOLOGICAL_OXIDATIONS,-0.5493065499838424,-1.2869023094058256,0.08333333333333333,0.3858927349457279,1.0,16/75,9.31%,MGST1;GSTP1;GSTA4;MAOA;EPHX1;ACSS2;MTRR;SULT1A1;ALDH1A1;ESD;CES1;ABHD14B;CYP1B1;NNMT;PAPSS2;CYP51A1,KRT5-KRT17+ Basaloid,Reactome
prerank,REACTOME_NUCLEAR_SIGNALING_BY_ERBB4,0.6827292035490131,1.2852291335276058,0.13829787234042554,0.3767899469603678,1.0,7/18,16.31%,STMN1;SPARC;NRG1;MXD4;HBEGF;NCSTN;PSENEN,KRT5-KRT17+ Basaloid,Reactome
prerank,REACTOME_PROCESSING_OF_DNA_DOUBLE_STRAND_BREAK_ENDS,-0.658291967753618,-1.2846566887431456,0.14035087719298245,0.38794274345828744,1.0,3/27,3.31%,RPS27A;UBA52;UBB,KRT5-KRT17+ Basaloid,Reactome
prerank,REACTOME_HOMOLOGY_DIRECTED_REPAIR,-0.6027845375916305,-1.2837893297574028,0.11475409836065574,0.38659325914852083,1.0,3/43,3.31%,RPS27A;UBA52;UBB,KRT5-KRT17+ Basaloid,Reactome
prerank,REACTOME_RHO_GTPASES_ACTIVATE_IQGAPS,0.6842836491313393,1.2812124016418163,0.17207792207792208,0.3833439828508415,1.0,7/17,6.19%,TUBA1A;CDH1;TUBB3;TUBB6;TUBA4A;CTNNB1;TUBB2A,KRT5-KRT17+ Basaloid,Reactome
prerank,REACTOME_MITOTIC_G2_G2_M_PHASES,0.48882219523171677,1.2768327831906172,0.06382978723404255,0.3907988711149828,1.0,38/119,17.75%,CDKN1A;TUBA1A;TUBB3;TUBB6;TUBA4A;DYNC1H1;PHLDA1;OPTN;DCTN2;PSME2;PSMB8;ACTR1A;PSMD2;PPP2R1A;TUBB2A;PPP1CB;CSNK1D;PSMA6;DYNC1I2;WEE1;YWHAG;PSMD4;PSMB10;PSMC4;PSMD1;CSNK1E;PSMC1;PSMD7;PPP2CA;PSMA5;TUBB2B;PPME1;PPP1R12A;PSMD6;PSMD13;PSMD9;PSMC3;PSMC6,KRT5-KRT17+ Basaloid,Reactome
prerank,REACTOME_N_GLYCAN_TRIMMING_IN_THE_ER_AND_CALNEXIN_CALRETICULIN_CYCLE,-0.6252383264483882,-1.2745662100148405,0.16355140186915887,0.4067294760511276,1.0,3/29,3.31%,RPS27A;UBA52;UBB,KRT5-KRT17+ Basaloid,Reactome
prerank,REACTOME_HS_GAG_BIOSYNTHESIS,0.6752378023638186,1.2730442292563136,0.1607717041800643,0.3976983352143037,1.0,4/15,3.65%,AGRN;SDC1;HSPG2;GPC1,KRT5-KRT17+ Basaloid,Reactome
prerank,REACTOME_DISEASES_OF_IMMUNE_SYSTEM,-0.7292936791015933,-1.2699455144447074,0.15865384615384615,0.4157320312228163,1.0,6/15,8.50%,NFKBIA;HMGB1;CD36;S100A9;TLR2;FGG,KRT5-KRT17+ Basaloid,Reactome
prerank,REACTOME_NOTCH3_ACTIVATION_AND_TRANSMISSION_OF_SIGNAL_TO_THE_NUCLEUS,-0.6988358036197053,-1.2694051676224536,0.20754716981132076,0.41357592368390456,1.0,3/16,3.31%,RPS27A;UBA52;UBB,KRT5-KRT17+ Basaloid,Reactome
prerank,REACTOME_P75_NTR_RECEPTOR_MEDIATED_SIGNALLING,-0.5902240882383123,-1.267739184602234,0.13765182186234817,0.4146545621604897,1.0,6/52,4.00%,RPS27A;UBA52;AKAP13;NFKBIA;UBB;BEX3,KRT5-KRT17+ Basaloid,Reactome
prerank,REACTOME_DOWNREGULATION_OF_ERBB2_SIGNALING,-0.6588295941229018,-1.2656779756833838,0.19339622641509435,0.4162068822007979,1.0,3/21,3.31%,RPS27A;UBA52;UBB,KRT5-KRT17+ Basaloid,Reactome
prerank,REACTOME_SIGNALING_BY_FGFR1,-0.6456981994822245,-1.2648242018147084,0.15418502202643172,0.4147734258110161,1.0,3/28,3.31%,RPS27A;UBA52;UBB,KRT5-KRT17+ Basaloid,Reactome
prerank,REACTOME_NICOTINATE_METABOLISM,0.6622442182856504,1.2621231841609584,0.1895424836601307,0.4219098363753165,1.0,1/17,0.58%,PTGS2,KRT5-KRT17+ Basaloid,Reactome
prerank,REACTOME_SENSORY_PERCEPTION,0.5238426390243418,1.2521096777251401,0.14342629482071714,0.44483168508305715,1.0,13/65,6.57%,GSN;AGRN;MYH9;RBP1;SDC1;SPTAN1;EPS8L2;HSPG2;GPC1;TWF2;AKR1C3;GNB1;LRP10,KRT5-KRT17+ Basaloid,Reactome
prerank,REACTOME_OVARIAN_TUMOR_DOMAIN_PROTEASES,-0.6240483501834087,-1.251740203201204,0.1574074074074074,0.44423584416351247,1.0,3/27,3.31%,RPS27A;UBA52;UBB,KRT5-KRT17+ Basaloid,Reactome
prerank,REACTOME_CELL_CELL_JUNCTION_ORGANIZATION,0.5831768301048941,1.2512637439622722,0.16845878136200718,0.44384378022916443,1.0,15/41,12.46%,CLDN1;CDH3;CDH1;CDH2;JUP;NECTIN2;NECTIN4;CTNNB1;ANGPTL4;CTNND1;CLDN3;CLDN10;CTNNA1;ILF3;AFDN,KRT5-KRT17+ Basaloid,Reactome
prerank,REACTOME_CELL_CYCLE_MITOTIC,0.43436047808794354,1.247662262150452,0.05970149253731343,0.4502020047679368,1.0,65/280,18.37%,CDKN1A;TUBA1A;CCND2;TUBB3;CDKN2A;ANKLE2;CDKN2B;TUBB6;TUBA4A;CCND1;DYNC1H1;PHLDA1;UBE2D1;OPTN;DCTN2;PSME2;PSMB8;ACTR1A;CDKN1C;LMNA;PSMD2;PPP2R1A;TUBB2A;UBE2I;CHMP4B;PPP1CB;CSNK1D;BANF1;PSMA6;NUDC;DYNC1I2;WEE1;YWHAG;PSMD4;KIF2A;PSMB10;DYNC1LI2;PSMC4;GSK3B;PSMD1;CSNK1E;TPR;POLD4;BUB3;PSMC1;PSMD7;CSNK2A1;PPP2CA;PSMA5;ARPP19;TUBB2B;KPNB1;PPME1;ANAPC15;RCC2;PPP1R12A;PSMD6;PSMD13;SEC13;PSMD9;TFDP2;PSMC3;PSMC6;TYMS;GOLGA2,KRT5-KRT17+ Basaloid,Reactome
prerank,REACTOME_SIGNALING_BY_ERBB2_IN_CANCER,0.6484228573647215,1.2473991389178183,0.21283783783783783,0.44761968454937895,1.0,7/20,16.06%,NRG1;ERBB2;CDC37;KRAS;ERBB3;HBEGF;HRAS,KRT5-KRT17+ Basaloid,Reactome
prerank,REACTOME_MITOCHONDRIAL_PROTEIN_IMPORT,-0.5624949199858424,-1.2451588712157071,0.14741035856573706,0.4580297713086328,1.0,5/47,5.80%,SLC25A6;TOMM7;COX17;NDUFB8;SLC25A4,KRT5-KRT17+ Basaloid,Reactome
prerank,REACTOME_G_ALPHA_Q_SIGNALLING_EVENTS,0.5629911624846374,1.2443785885243155,0.14624505928853754,0.4521737898197483,1.0,15/47,16.35%,APP;EDN1;GNG12;EDN2;GNG10;GNB1;KRAS;GNB2;MGLL;DGKA;RASGRP1;HBEGF;ANXA1;HRAS;DGKH,KRT5-KRT17+ Basaloid,Reactome
prerank,REACTOME_NOTCH_HLH_TRANSCRIPTION_PATHWAY,0.6623100696743911,1.2440488474627538,0.19850187265917604,0.44989551851199705,1.0,6/17,15.99%,HDAC2;NOTCH3;NCOR2;NOTCH2;MAML2;HDAC7,KRT5-KRT17+ Basaloid,Reactome
prerank,REACTOME_BUDDING_AND_MATURATION_OF_HIV_VIRION,-0.6410142222869587,-1.2431464201030713,0.178743961352657,0.4595563368268949,1.0,3/23,3.31%,RPS27A;UBA52;UBB,KRT5-KRT17+ Basaloid,Reactome
prerank,REACTOME_CIRCADIAN_CLOCK,-0.5718970568683761,-1.2428728363650985,0.16334661354581673,0.45687557079889207,1.0,3/51,3.31%,RPS27A;UBA52;UBB,KRT5-KRT17+ Basaloid,Reactome
prerank,REACTOME_DEFECTIVE_INTRINSIC_PATHWAY_FOR_APOPTOSIS,0.6660689588595917,1.2401275694139595,0.19745222929936307,0.45703794242612455,1.0,5/16,5.93%,APP;CDKN2A;CAPN2;CAPN1;LMNA,KRT5-KRT17+ Basaloid,Reactome
prerank,REACTOME_TAK1_DEPENDENT_IKK_AND_NF_KAPPA_B_ACTIVATION,-0.6259366124519873,-1.2388007169242685,0.17567567567567569,0.46402152657766854,1.0,5/28,3.31%,RPS27A;UBA52;NFKBIA;HMGB1;UBB,KRT5-KRT17+ Basaloid,Reactome
prerank,REACTOME_RAB_REGULATION_OF_TRAFFICKING,0.51126987276175,1.2380391378478204,0.13765182186234817,0.4593635023858354,1.0,24/77,26.26%,SYTL1;RAB31;OPTN;RAB32;RAB11A;RAB27B;GDI1;RAB10;RAB11B;ARF6;RAB6A;RAB18;ALS2CL;TRAPPC5;RAB3GAP1;RIC1;RAB7B;TRAPPC3;TBC1D16;RAB8B;RAB4A;TSC2;RAB8A;TBC1D7,KRT5-KRT17+ Basaloid,Reactome
prerank,REACTOME_GOLGI_ASSOCIATED_VESICLE_BIOGENESIS,-0.5733958238552923,-1.2376149732693793,0.17391304347826086,0.4633019238384645,1.0,2/45,1.01%,FTL;FTH1,KRT5-KRT17+ Basaloid,Reactome
prerank,REACTOME_NOTCH1_INTRACELLULAR_DOMAIN_REGULATES_TRANSCRIPTION,-0.6203747794067613,-1.2369870202594817,0.1776061776061776,0.46127472679213793,1.0,3/29,3.31%,RPS27A;UBA52;UBB,KRT5-KRT17+ Basaloid,Reactome
prerank,REACTOME_TRAFFICKING_OF_AMPA_RECEPTORS,0.6627360005781324,1.2366140613177274,0.21543408360128619,0.459989734094144,1.0,5/15,17.99%,MDM2;AP2M1;AP2B1;MYO6;AP2A1,KRT5-KRT17+ Basaloid,Reactome
prerank,REACTOME_SMAD2_SMAD3_SMAD4_HETEROTRIMER_REGULATES_TRANSCRIPTION,-0.6324400429530405,-1.2365115589930433,0.15384615384615385,0.459216138554147,1.0,4/27,4.61%,RPS27A;UBA52;UBB;JUNB,KRT5-KRT17+ Basaloid,Reactome
prerank,REACTOME_TOLL_LIKE_RECEPTOR_9_TLR9_CASCADE,-0.5299836797486683,-1.2338133935752789,0.1606425702811245,0.4618984052778525,1.0,7/68,3.31%,RPS27A;UBA52;NFKBIA;FOS;HMGB1;JUN;UBB,KRT5-KRT17+ Basaloid,Reactome
prerank,REACTOME_TRANSLESION_SYNTHESIS_BY_Y_FAMILY_DNA_POLYMERASES_BYPASSES_LESIONS_ON_DNA_TEMPLATE,-0.6522970399931023,-1.2207968972358099,0.21153846153846154,0.4933829505722012,1.0,3/22,3.31%,RPS27A;UBA52;UBB,KRT5-KRT17+ Basaloid,Reactome
prerank,REACTOME_PKR_MEDIATED_SIGNALING,0.563374010323904,1.2206434427809594,0.22433460076045628,0.4989718891829451,1.0,10/43,6.59%,TUBA1A;TUBB3;TUBB6;TUBA4A;ISG15;PPP2R1A;TUBB2A;ILF2;STAT1;UBE2I,KRT5-KRT17+ Basaloid,Reactome
prerank,REACTOME_DNA_DAMAGE_BYPASS,-0.6196517492733907,-1.219439087570862,0.20704845814977973,0.49354506352498945,1.0,3/27,3.31%,RPS27A;UBA52;UBB,KRT5-KRT17+ Basaloid,Reactome
prerank,REACTOME_PHASE_II_CONJUGATION_OF_COMPOUNDS,-0.5598429408800002,-1.2193670477435625,0.18518518518518517,0.48997426215904744,1.0,5/44,4.58%,MGST1;GSTP1;GSTA4;MTRR;SULT1A1,KRT5-KRT17+ Basaloid,Reactome
prerank,REACTOME_REGULATION_OF_TP53_ACTIVITY_THROUGH_ACETYLATION,0.6113015264943482,1.2170336939559177,0.2152777777777778,0.5050661326566583,1.0,4/25,7.89%,HDAC2;PML;CHD3;MEAF6,KRT5-KRT17+ Basaloid,Reactome
prerank,REACTOME_DISEASES_OF_GLYCOSYLATION,0.507701907881115,1.2162200620863601,0.16129032258064516,0.5039246171203999,1.0,10/67,4.65%,AGRN;THBS1;VCAN;SDC1;HSPG2;NOTCH3;MUC4;GPC1;B4GALT1;CTSA,KRT5-KRT17+ Basaloid,Reactome
prerank,REACTOME_REGULATION_OF_TP53_ACTIVITY_THROUGH_PHOSPHORYLATION,-0.5702616308128421,-1.2138219675909314,0.18032786885245902,0.5004929307925167,1.0,3/44,3.31%,RPS27A;UBA52;UBB,KRT5-KRT17+ Basaloid,Reactome
prerank,REACTOME_SIGNALING_BY_NOTCH,0.4602885518947759,1.2137659516313453,0.14545454545454545,0.5071952833686196,1.0,41/124,17.75%,MDK;YWHAZ;CCND1;HDAC2;NOTCH3;PSME2;B4GALT1;PSMB8;PSMD2;ATP2A2;STAT1;HIF1A;TLE2;PSMA6;ADAM10;PSMD4;PSMB10;NCOR2;PSMC4;PSMD1;RUNX1;LFNG;DTX2;RAB6A;SMAD3;NOTCH2;MAML2;PSMC1;PSMD7;NEURL1B;ACTA2;PSMA5;NCSTN;HDAC7;PSMD6;PSENEN;PSMD13;PSMD9;TFDP2;PSMC3;PSMC6,KRT5-KRT17+ Basaloid,Reactome
prerank,REACTOME_ANTI_INFLAMMATORY_RESPONSE_FAVOURING_LEISHMANIA_PARASITE_INFECTION,0.5734700166181,1.2133976121973857,0.20425531914893616,0.5046833783626473,1.0,7/35,10.14%,MYH9;GNAI2;GNG12;GNG10;GNB1;PLK2;GNB2,KRT5-KRT17+ Basaloid,Reactome
prerank,REACTOME_TRANSCRIPTIONAL_REGULATION_BY_VENTX,0.5932546139952283,1.2128125018343112,0.22021660649819494,0.5030778823262668,1.0,4/29,6.04%,CDKN2A;CCND1;UBE2D1;CTNNB1,KRT5-KRT17+ Basaloid,Reactome
prerank,REACTOME_FOXO_MEDIATED_TRANSCRIPTION,0.5627767276106906,1.2123635165256725,0.2109375,0.500954975746469,1.0,13/39,12.65%,CDKN1A;SFN;GADD45A;YWHAZ;HDAC2;BBC3;FBXO32;YWHAG;KLF4;CAV1;CCNG2;YWHAQ;SMAD3,KRT5-KRT17+ Basaloid,Reactome
prerank,REACTOME_M_DECAY_DEGRADATION_OF_MATERNAL_MRNAS_BY_MATERNALLY_STORED_FACTORS,-0.6123515206001606,-1.2114312715137323,0.20930232558139536,0.5028122588901952,1.0,4/25,7.36%,RPS2;PABPC1;EIF4B;EIF4A2,KRT5-KRT17+ Basaloid,Reactome
prerank,REACTOME_VESICLE_MEDIATED_TRANSPORT,0.40635141410229086,1.2113302224485005,0.03773584905660377,0.5004262406100275,1.0,111/428,19.47%,COL1A1;APP;TUBA1A;MYH9;TUBB3;SYTL1;CLTB;GJA1;SPTAN1;SFN;SPARC;TUBB6;YWHAZ;TUBA4A;SYT8;YWHAH;COL4A2;DYNC1H1;RAB31;PAFAH1B3;ARF5;VPS37B;OPTN;PLIN3;DCTN2;ACTR3;CTSZ;RAB32;AP1S1;AP2M1;ACTR1A;TJP1;SCARB2;RAB11A;FNBP1L;RALA;TUBB2A;CYTH2;CHMP4B;TMED9;RHOBTB3;CSNK1D;RAB27B;AP1S3;ARPC5;CAPZB;DYNC1I2;YWHAG;HGS;SNAP23;GDI1;KIF2A;LMAN2;VPS4B;KIF9;TMED3;TFG;HYOU1;RAB10;DYNC1LI2;ARFGAP3;LRP1;AP2B1;SNX9;RAB11B;SEC31A;CTTN;YWHAQ;ARF6;RAB6A;RAB18;CHMP5;SPTBN1;GALNT2;COL7A1;ALS2CL;COPB2;VPS25;TRAPPC5;NECAP2;MYO6;EPN1;COPS8;TUBB2B;HBEGF;GPS1;UBAP1;COL4A1;SH3D19;TOR1A;CUX1;AP1M2;KIF1B;SEC13;GOLGB1;EXOC7;SPTBN2;KLC1;ACTR2;PUM1;AP2A1;ARF3;GOLGA2;GALNT1;ACTR10;STX18;TMED10;CLTC;AP4M1;HSP90B1;CALR,KRT5-KRT17+ Basaloid,Reactome
prerank,REACTOME_TRANSPORT_OF_SMALL_MOLECULES,-0.440461685929167,-1.2110085550185465,0.09,0.5001939505471209,1.0,44/314,7.88%,SLC34A2;FTL;NPC2;FTH1;RPS27A;ABCA3;UBA52;SLC39A8;SLC25A5;SLC25A6;CA2;ATP1A1;APOC1;ATP6V0E1;UBB;LDLR;CYBRD1;SMDT1;LPL;AQP1;AQP3;SLCO4C1;PRKAR1A;ATP8A1;EIF2S2;SLC1A5;AQP4;SLC25A4;STEAP4;ATP11A;NPC1;SLC26A9;ERLEC1;NEDD4L;AHCYL2;CLN3;MYLIP;HMOX1;PCSK9;ASPH;SLC2A3;ABCC4;ESYT3;ATP2C2,KRT5-KRT17+ Basaloid,Reactome
prerank,REACTOME_GLUCOSE_METABOLISM,0.5325388431815844,1.2095201268280729,0.20078740157480315,0.5019142524560745,1.0,9/49,13.86%,PGM2L1;PKM;PFKP;PPP2R1A;PGAM1;G6PC3;GPI;TPR;PPP2CA,KRT5-KRT17+ Basaloid,Reactome
prerank,REACTOME_TBC_RABGAPS,0.5780006950877761,1.2072128024099547,0.2593984962406015,0.5050705444651709,1.0,15/32,29.68%,SYTL1;OPTN;RAB11A;RAB11B;ARF6;RAB6A;RAB7B;TBC1D16;RAB8B;RAB4A;TSC2;RAB8A;TBC1D7;TBC1D2;RAB5A,KRT5-KRT17+ Basaloid,Reactome
prerank,REACTOME_SIGNALING_BY_VEGF,0.504402574253533,1.2062477246861067,0.1375,0.5044230959111504,1.0,29/71,24.67%,ITGAV;JUP;PAK2;CYBA;WASF2;CTNNB1;KDR;CTNND1;BCAR1;KRAS;NCF2;CAV1;CTNNA1;ABI1;CDC42;PXN;HSPB1;MAPK14;HRAS;PTK2;ABI2;AXL;FYN;CYFIP1;VAV2;NCK2;DOCK1;CYFIP2;NRP2,KRT5-KRT17+ Basaloid,Reactome
prerank,REACTOME_SIGNALING_BY_NOTCH3,-0.6092198464748863,-1.2052574313655697,0.2265625,0.5115035378444631,1.0,3/28,3.31%,RPS27A;UBA52;UBB,KRT5-KRT17+ Basaloid,Reactome
prerank,REACTOME_CELL_CYCLE,0.414620451109854,1.2027926684054144,0.06091370558375635,0.5094558730767776,1.0,83/345,19.40%,CDKN1A;TUBA1A;CCND2;TUBB3;CDKN2A;ANKLE2;SFN;CDKN2B;MDM2;TUBB6;YWHAZ;TUBA4A;CCND1;YWHAH;DYNC1H1;PHLDA1;UBE2D1;OPTN;DCTN2;PSME2;PSMB8;ACTR1A;CDKN1C;LMNA;PSMD2;PPP2R1A;TUBB2A;UBE2I;CHMP4B;PPP1CB;CSNK1D;BANF1;PSMA6;NUDC;DYNC1I2;WEE1;YWHAG;PSMD4;KIF2A;PSMB10;DYNC1LI2;SUN1;SYNE2;PSMC4;GSK3B;PSMD1;CSNK1E;YWHAQ;TPR;SUN2;POLD4;TEN1;BUB3;PSMC1;PSMD7;CSNK2A1;PPP2CA;TP53BP1;PSMA5;ARPP19;TUBB2B;KPNB1;PPME1;ANAPC15;RCC2;PPP1R12A;PSMD6;PSMD13;SEC13;PSMD9;TFDP2;RSF1;PCBP4;PSMC3;PSMC6;TYMS;GOLGA2;REC8;RUVBL2;NUMA1;NEK6;GORASP2;HERC2,KRT5-KRT17+ Basaloid,Reactome
prerank,REACTOME_TRANSMISSION_ACROSS_CHEMICAL_SYNAPSES,0.4773837444489319,1.2027562531979232,0.13901345291479822,0.5063372943980672,1.0,22/88,16.06%,TUBA1A;TUBB3;MDM2;TUBB6;TUBA4A;GNAI2;NRG1;GNG12;GNG10;AP2M1;TUBB2A;GNB1;KRAS;ARL6IP5;GNB2;AP2B1;CACNB3;NPTN;MYO6;TUBB2B;COMT;HRAS,KRT5-KRT17+ Basaloid,Reactome
prerank,REACTOME_RECYCLING_PATHWAY_OF_L1,0.5911411265711874,1.2005528191894912,0.21454545454545454,0.508858319975777,1.0,6/28,6.19%,TUBA1A;TUBB3;TUBB6;TUBA4A;AP2M1;TUBB2A,KRT5-KRT17+ Basaloid,Reactome
prerank,REACTOME_REPRODUCTION,0.5805230527407105,1.200156991179673,0.23461538461538461,0.5066062334095522,1.0,9/29,20.09%,B4GALT1;LMNA;UBE2I;SUN1;SYNE2;SUN2;REC8;RBBP8;BMP4,KRT5-KRT17+ Basaloid,Reactome
prerank,REACTOME_SHC1_EVENTS_IN_ERBB2_SIGNALING,0.6482120115550689,1.1987559070541864,0.26158940397350994,0.5067877791633602,1.0,6/16,16.06%,NRG1;ERBB2;KRAS;ERBB3;HBEGF;HRAS,KRT5-KRT17+ Basaloid,Reactome
prerank,REACTOME_SIGNALING_BY_EGFR,-0.570425857323662,-1.1969854726802929,0.22440944881889763,0.5307352190818103,1.0,3/40,3.31%,RPS27A;UBA52;UBB,KRT5-KRT17+ Basaloid,Reactome
prerank,REACTOME_CDC42_GTPASE_CYCLE,0.48392150688847024,1.1959863240900317,0.1574468085106383,0.5107623605723496,1.0,38/85,31.99%,JUP;STOM;PAK2;STEAP3;FNBP1L;PLEKHG1;FARP1;SNAP23;CDC42EP3;ARFGAP3;CDC42EP1;SHKBP1;CAV1;RALBP1;DAAM1;CDC42;ARHGDIA;ARHGAP29;BCR;ARHGEF26;ARHGAP21;PLEKHG3;VAV2;CDC42BPB;WASL;WIPF1;ARAP2;CDC42BPA;YKT6;ABR;SCRIB;PAK1;VAMP3;ARHGAP42;DOCK7;VANGL1;ARHGAP1;CDC42SE2,KRT5-KRT17+ Basaloid,Reactome
prerank,REACTOME_HOST_INTERACTIONS_OF_HIV_FACTORS,-0.4829267183237054,-1.1942313589384632,0.1828793774319066,0.533996592095861,1.0,7/99,3.31%,RPS27A;B2M;UBA52;SLC25A5;SLC25A6;NPM1;UBB,KRT5-KRT17+ Basaloid,Reactome
prerank,REACTOME_SIGNALING_BY_NOTCH1_PEST_DOMAIN_MUTANTS_IN_CANCER,-0.5791929714144392,-1.193913689921743,0.23938223938223938,0.5309534253621008,1.0,3/36,3.31%,RPS27A;UBA52;UBB,KRT5-KRT17+ Basaloid,Reactome
prerank,REACTOME_PLATELET_HOMEOSTASIS,0.5719333014270243,1.1915456242659472,0.24719101123595505,0.5190598053746601,1.0,9/31,15.47%,SRI;GNG12;GNG10;ATP2A2;PPP2R1A;GNB1;GNB2;PPP2CA;MAPK14,KRT5-KRT17+ Basaloid,Reactome
prerank,REACTOME_RAB_GERANYLGERANYLATION,0.5515155657702644,1.1903862296328276,0.25390625,0.519137265157116,1.0,10/41,12.50%,RAB31;RAB32;RAB11A;RAB34;RAB27B;RAB10;RAB11B;RAB22A;RAB6A;RAB18,KRT5-KRT17+ Basaloid,Reactome
prerank,REACTOME_MTOR_SIGNALLING,-0.6073578970778689,-1.1891067463486265,0.25609756097560976,0.5407976034450477,1.0,1/27,0.40%,RPS6,KRT5-KRT17+ Basaloid,Reactome
prerank,REACTOME_DDX58_IFIH1_MEDIATED_INDUCTION_OF_INTERFERON_ALPHA_BETA,-0.5337199095315618,-1.186901565144933,0.2222222222222222,0.5428161290410146,1.0,5/49,3.31%,RPS27A;UBA52;NFKBIA;HMGB1;UBB,KRT5-KRT17+ Basaloid,Reactome
prerank,REACTOME_SIGNALING_BY_INTERLEUKINS,0.42406658272219816,1.1867559861455648,0.12315270935960591,0.5252017773550369,1.0,32/243,6.98%,IL32;FN1;CDKN1A;APP;VIM;CRLF1;PTGS2;TIMP1;ITGB1;SDC1;BCL2L1;ANXA2;YWHAZ;PIM1;CCND1;CLCF1;LAMA5;FSCN1;TGFB1;LGALS9;PSME2;PAK2;ICAM1;PSMB8;PELI1;CCL2;PSMD2;PPP2R1A;RALA;STAT1;HIF1A;RAP1B,KRT5-KRT17+ Basaloid,Reactome
prerank,REACTOME_METABOLISM_OF_FAT_SOLUBLE_VITAMINS,0.616777586694726,1.1855713556886707,0.2542955326460481,0.5251929795632324,1.0,7/22,6.57%,AGRN;RBP1;SDC1;HSPG2;GPC1;AKR1C3;LRP10,KRT5-KRT17+ Basaloid,Reactome
prerank,REACTOME_RET_SIGNALING,0.6217587299134029,1.1846743664988866,0.2787456445993031,0.5243118489147612,1.0,2/19,11.04%,PDLIM7;GRB7,KRT5-KRT17+ Basaloid,Reactome
prerank,REACTOME_PROTEIN_FOLDING,0.49959684173738445,1.1844740353442087,0.2084942084942085,0.5216712024313237,1.0,16/60,13.66%,TUBA1A;TUBB3;TBCB;TUBB6;TUBA4A;CCT2;GNG12;GNG10;TUBB2A;GNB1;CCT6A;CCT5;GNB2;KIFC3;CSNK2A1;CCT4,KRT5-KRT17+ Basaloid,Reactome
prerank,REACTOME_SIGNALING_BY_PTK6,-0.5755235606731522,-1.1813458770541716,0.24686192468619247,0.5545699299311334,1.0,4/36,3.31%,LRRK2;RPS27A;UBA52;UBB,KRT5-KRT17+ Basaloid,Reactome
prerank,REACTOME_GLYCEROPHOSPHOLIPID_BIOSYNTHESIS,-0.5165132978431107,-1.1768093160141972,0.20384615384615384,0.5634073647388578,1.0,9/61,8.03%,LPCAT1;PLA2G1B;MFSD2A;PLA2G4F;CHPT1;AGPAT2;PCYT2;GPD1L;CPNE3,KRT5-KRT17+ Basaloid,Reactome
prerank,REACTOME_DISEASES_OF_PROGRAMMED_CELL_DEATH,0.5856670908034551,1.1756521067985637,0.24100719424460432,0.5420067641612818,1.0,5/26,5.93%,APP;CDKN2A;CAPN2;CAPN1;LMNA,KRT5-KRT17+ Basaloid,Reactome
prerank,REACTOME_MYD88_INDEPENDENT_TLR4_CASCADE,-0.4993856425134524,-1.174137295688545,0.21912350597609562,0.567329030337474,1.0,7/74,3.31%,RPS27A;UBA52;NFKBIA;FOS;HMGB1;JUN;UBB,KRT5-KRT17+ Basaloid,Reactome
prerank,REACTOME_RNA_POLYMERASE_I_PROMOTER_ESCAPE,-0.6210530385275664,-1.1740464044782266,0.2714285714285714,0.5636530231155545,1.0,2/21,4.55%,POLR2L;POLR1D,KRT5-KRT17+ Basaloid,Reactome
prerank,REACTOME_MEMBRANE_TRAFFICKING,0.3931953457634148,1.1705456858000942,0.07339449541284404,0.5525812863198298,1.0,103/410,19.29%,APP;TUBA1A;MYH9;TUBB3;SYTL1;CLTB;GJA1;SPTAN1;SFN;TUBB6;YWHAZ;TUBA4A;SYT8;YWHAH;DYNC1H1;RAB31;PAFAH1B3;ARF5;VPS37B;OPTN;PLIN3;DCTN2;ACTR3;CTSZ;RAB32;AP1S1;AP2M1;ACTR1A;TJP1;SCARB2;RAB11A;FNBP1L;RALA;TUBB2A;CYTH2;CHMP4B;TMED9;RHOBTB3;CSNK1D;RAB27B;AP1S3;ARPC5;CAPZB;DYNC1I2;YWHAG;HGS;SNAP23;GDI1;KIF2A;LMAN2;VPS4B;KIF9;TMED3;TFG;RAB10;DYNC1LI2;ARFGAP3;AP2B1;SNX9;RAB11B;SEC31A;CTTN;YWHAQ;ARF6;RAB6A;RAB18;CHMP5;SPTBN1;GALNT2;COL7A1;ALS2CL;COPB2;VPS25;TRAPPC5;NECAP2;MYO6;EPN1;COPS8;TUBB2B;HBEGF;GPS1;UBAP1;SH3D19;TOR1A;CUX1;AP1M2;KIF1B;SEC13;GOLGB1;EXOC7;SPTBN2;KLC1;ACTR2;PUM1;AP2A1;ARF3;GOLGA2;GALNT1;ACTR10;STX18;TMED10;CLTC;AP4M1,KRT5-KRT17+ Basaloid,Reactome
prerank,REACTOME_POTENTIAL_THERAPEUTICS_FOR_SARS,0.4915044741184042,1.1698215902254974,0.19665271966527198,0.5511513300479471,1.0,15/64,17.99%,IFNGR2;ITGB1;HDAC2;CHD3;AP2M1;FKBP1A;IFNGR1;IFNAR1;AP2B1;IFNAR2;NFE2L2;COMT;ARID4B;HMG20B;AP2A1,KRT5-KRT17+ Basaloid,Reactome
prerank,REACTOME_REGULATION_OF_ENDOGENOUS_RETROELEMENTS_BY_KRAB_ZFP_PROTEINS,0.5930112626644258,1.169796946691269,0.2651006711409396,0.5479978334529974,1.0,3/19,6.59%,HDAC2;CHD3;UBE2I,KRT5-KRT17+ Basaloid,Reactome
prerank,REACTOME_RHO_GTPASES_ACTIVATE_FORMINS,0.49137376741755007,1.1695993164327205,0.2074688796680498,0.5453769809360854,1.0,21/73,13.86%,TUBA1A;TUBB3;RHOC;ITGB1;RHOD;TUBB6;TUBA4A;DYNC1H1;PPP2R1A;TUBB2A;NUDC;DYNC1I2;KIF2A;DYNC1LI2;RHOB;PFN2;DIAPH1;BUB3;DAAM1;CDC42;PPP2CA,KRT5-KRT17+ Basaloid,Reactome
prerank,REACTOME_PROTEIN_PROTEIN_INTERACTIONS_AT_SYNAPSES,0.5817750984874661,1.1690141962636946,0.2767527675276753,0.5435776945845863,1.0,9/24,23.96%,PTPRF;PDLIM5;HOMER3;FLOT1;DLGAP4;PPFIBP1;STX1A;DBNL;CASK,KRT5-KRT17+ Basaloid,Reactome
prerank,REACTOME_DNA_DOUBLE_STRAND_BREAK_REPAIR,-0.5111667259618482,-1.1661862888370342,0.22406639004149378,0.581659923987768,1.0,3/61,3.31%,RPS27A;UBA52;UBB,KRT5-KRT17+ Basaloid,Reactome
prerank,REACTOME_FACTORS_INVOLVED_IN_MEGAKARYOCYTE_DEVELOPMENT_AND_PLATELET_PRODUCTION,0.48154754360207375,1.1661109525575684,0.1935483870967742,0.5477507958411679,1.0,19/71,18.45%,TUBA1A;TUBB3;TUBB6;TUBA4A;HDAC2;TUBB2A;CAPZB;WEE1;KIF2A;KIF9;EHD2;JMJD1C;CDC42;TUBB2B;KIF1B;MAFF;HMG20B;KLC1;EHD1,KRT5-KRT17+ Basaloid,Reactome
prerank,REACTOME_EPH_EPHRIN_SIGNALING,0.503682006988626,1.1640677803472719,0.23043478260869565,0.5501983902051921,1.0,34/61,24.02%,MYH9;CLTB;EPHB2;MYH14;MYL9;ACTR3;PAK2;AP2M1;ARPC5;ADAM10;EFNB1;LIMK2;AP2B1;EPHA2;CDC42;MMP2;EPHA4;EPHB4;NCSTN;HRAS;PSENEN;ACTR2;AP2A1;EFNA4;CLTC;PTK2;YES1;EFNB2;FYN;VAV2;NCK2;APH1A;PSEN1;WASL,KRT5-KRT17+ Basaloid,Reactome
prerank,REACTOME_G_ALPHA_I_SIGNALLING_EVENTS,0.4881262153684399,1.1629788320474728,0.1782608695652174,0.549732495285012,1.0,11/64,10.14%,APP;CXCL16;PSAP;GNAI2;GNG12;GNG10;PPP2R1A;GNB1;CX3CL1;RGS10;GNB2,KRT5-KRT17+ Basaloid,Reactome
prerank,REACTOME_TRANSPORT_OF_INORGANIC_CATIONS_ANIONS_AND_AMINO_ACIDS_OLIGOPEPTIDES,-0.5507257586816656,-1.1621578904336123,0.21940928270042195,0.5893312497292728,1.0,4/38,6.83%,SLC34A2;SLC1A5;SLC26A9;AHCYL2,KRT5-KRT17+ Basaloid,Reactome
prerank,REACTOME_METABOLISM_OF_LIPIDS,-0.4145838275533204,-1.162090387840915,0.11842105263157894,0.585581092522718,1.0,38/391,5.68%,FABP5;DBI;FASN;LPCAT1;PLA2G1B;MID1IP1;SCD;DHCR24;MFSD2A;GPX4;SPTSSA;MSMO1;ALOX15B;ASAH1;IDI1;HMGCS1;FDPS;INSIG1;ACSL1;CD36;VAPA;PLA2G4F;PIP5K1B;FADS1;EBP;ACAT2;HSD17B4;SQLE;ACAT1;ACOXL;PTPN13;MVD;SLC27A3;CHPT1;LTA4H;ACADL;HMGCR;FDFT1,KRT5-KRT17+ Basaloid,Reactome
prerank,REACTOME_MITOCHONDRIAL_FATTY_ACID_BETA_OXIDATION,-0.6162299970356326,-1.1617884627478037,0.2602040816326531,0.5823146940236704,1.0,2/25,5.41%,DBI;ACADL,KRT5-KRT17+ Basaloid,Reactome
prerank,REACTOME_RHOQ_GTPASE_CYCLE,0.5120776970575642,1.1604384469051496,0.24701195219123506,0.5529034142329841,1.0,10/46,13.24%,JUP;STOM;GJA1;PAK2;STEAP3;SNAP23;CDC42EP3;CDC42EP1;CAV1;CDC42,KRT5-KRT17+ Basaloid,Reactome
prerank,REACTOME_ENDOSOMAL_SORTING_COMPLEX_REQUIRED_FOR_TRANSPORT_ESCRT,-0.5991072262458934,-1.1592041361683563,0.271356783919598,0.5856843619155871,1.0,3/27,3.31%,RPS27A;UBA52;UBB,KRT5-KRT17+ Basaloid,Reactome
prerank,REACTOME_RAC1_GTPASE_CYCLE,0.45882982236477626,1.1588058171194995,0.20600858369098712,0.5538987655862095,1.0,45/100,31.71%,ITGB1;AMIGO2;PAK2;CYBA;WASF2;PLEKHG1;FARP1;SNAP23;BAIAP2L1;NCF2;CDC42EP1;CAV1;RALBP1;EPHA2;ABI1;CDC42;ESYT1;ARHGDIA;ARHGAP29;BCR;PKN2;ARHGAP21;PLEKHG3;ABI2;CYFIP1;SWAP70;VAV2;EMD;NISCH;DOCK1;WASL;CYFIP2;WIPF1;ARAP2;CDC42BPA;YKT6;ABR;VRK2;PAK1;VAMP3;RAC1;ARHGAP42;DOCK7;VANGL1;ARHGAP1,KRT5-KRT17+ Basaloid,Reactome
prerank,REACTOME_MEIOTIC_SYNAPSIS,0.6028798458505871,1.156789104796668,0.30952380952380953,0.5563016519111643,1.0,6/16,18.56%,LMNA;UBE2I;SUN1;SYNE2;SUN2;REC8,KRT5-KRT17+ Basaloid,Reactome
prerank,REACTOME_MTORC1_MEDIATED_SIGNALLING,-0.663138265254092,-1.1523632632008902,0.31363636363636366,0.6003830227798931,1.0,1/16,0.40%,RPS6,KRT5-KRT17+ Basaloid,Reactome
prerank,REACTOME_TRANSCRIPTIONAL_REGULATION_BY_THE_AP_2_TFAP2_FAMILY_OF_TRANSCRIPTION_FACTORS,0.6024505198326885,1.151662699456653,0.2893772893772894,0.5665252742823313,1.0,5/19,10.35%,CDKN1A;KDM5B;ERBB2;UBE2I;KCTD1,KRT5-KRT17+ Basaloid,Reactome
prerank,REACTOME_ADORA2B_MEDIATED_ANTI_INFLAMMATORY_CYTOKINES_PRODUCTION,0.6042721001790188,1.150054797842935,0.2574626865671642,0.567461751558467,1.0,5/19,10.14%,GNAI2;GNG12;GNG10;GNB1;GNB2,KRT5-KRT17+ Basaloid,Reactome
prerank,REACTOME_TRANSCRIPTIONAL_REGULATION_BY_RUNX2,0.4690419063559247,1.1500359167029035,0.26104417670682734,0.5643983326502315,1.0,25/75,17.75%,COL1A1;CDKN1A;BAX;CCND1;PSME2;SOX9;PSMB8;PSMD2;STAT1;SMURF1;PSMA6;PSMD4;PSMB10;PSMC4;GSK3B;PSMD1;RUNX1;PSMC1;PSMD7;PSMA5;PSMD6;PSMD13;PSMD9;PSMC3;PSMC6,KRT5-KRT17+ Basaloid,Reactome
prerank,REACTOME_TP53_REGULATES_TRANSCRIPTION_OF_DNA_REPAIR_GENES,-0.5275433294272477,-1.1491562985897374,0.24401913875598086,0.6053951656766337,1.0,4/40,4.83%,POLR2L;FOS;JUN;POLR2C,KRT5-KRT17+ Basaloid,Reactome
prerank,REACTOME_DEATH_RECEPTOR_SIGNALING,-0.47898308097669884,-1.1463904422645461,0.20446096654275092,0.6086534313327507,1.0,7/92,4.00%,RACK1;RPS27A;UBA52;AKAP13;NFKBIA;UBB;BEX3,KRT5-KRT17+ Basaloid,Reactome
prerank,REACTOME_ION_CHANNEL_TRANSPORT,-0.4917450898240001,-1.1433297363866193,0.22304832713754646,0.6127736029497821,1.0,6/62,4.34%,RPS27A;UBA52;ATP1A1;ATP6V0E1;UBB;ATP8A1,KRT5-KRT17+ Basaloid,Reactome
prerank,REACTOME_STIMULI_SENSING_CHANNELS,-0.5756986228592351,-1.143175029254314,0.2826086956521739,0.6092108280900587,1.0,3/28,3.31%,RPS27A;UBA52;UBB,KRT5-KRT17+ Basaloid,Reactome
prerank,REACTOME_RAS_PROCESSING,-0.63684988442803,-1.142527339461248,0.32019704433497537,0.6069744577092145,1.0,3/17,3.31%,RPS27A;UBA52;UBB,KRT5-KRT17+ Basaloid,Reactome
prerank,REACTOME_DISEASES_OF_SIGNAL_TRANSDUCTION_BY_GROWTH_FACTOR_RECEPTORS_AND_SECOND_MESSENGERS,0.3910117709587265,1.1409413890222189,0.12886597938144329,0.5856739041148079,1.0,77/289,17.75%,FN1;CDKN1A;MYH9;TPM4;BCL2L1;MDM2;VCL;PIM1;TPM3;HDAC2;VCP;PDGFA;NRG1;TGFB1;PSME2;TLN1;PSMB8;ERBB2;LMNA;PSMD2;CTNNB1;PPP2R1A;STAT1;FKBP1A;CDC37;PPP1CB;KDR;RAP1B;RNF213;MET;PSMA6;TGFBR1;ADAM10;PSMD4;KRAS;PAPSS1;PSMB10;TFG;NCOR2;FZD6;PSMC4;GSK3B;ERBB3;PSMD1;SEC31A;TPR;SMAD3;SPTBN1;MAML2;PSMC1;PSMD7;NEURL1B;PPP2CA;OS9;DUSP10;PSMA5;HBEGF;NCSTN;BCR;DKK1;CTBP2;CUX1;HDAC7;HRAS;ETV6;PSMD6;PPFIBP1;PSENEN;PSMD13;TNKS2;CNKSR1;GOLGB1;PSMD9;RHOG;KLC1;PSMC3;PSMC6,KRT5-KRT17+ Basaloid,Reactome
prerank,REACTOME_RNA_POLYMERASE_III_TRANSCRIPTION_INITIATION_FROM_TYPE_1_PROMOTER,-0.615377836587319,-1.14090704921466,0.3062200956937799,0.6079672834316229,1.0,3/19,5.78%,POLR2L;POLR1D;POLR3H,KRT5-KRT17+ Basaloid,Reactome
prerank,REACTOME_TRANSCRIPTIONAL_REGULATION_BY_TP53,-0.41907774886481625,-1.1366223988016162,0.16727272727272727,0.6159854042568373,1.0,19/228,4.83%,MT-CO1;MT-CO2;MT-CO3;RPS27A;COX7C;UBA52;PRDX5;NDUFA4;NPM1;COX7A2;COX4I1;POLR2L;COX6C;FOS;JUN;UBB;COX8A;COX7B;POLR2C,KRT5-KRT17+ Basaloid,Reactome
prerank,REACTOME_RUNX1_INTERACTS_WITH_CO_FACTORS_WHOSE_PRECISE_EFFECT_ON_RUNX1_TARGETS_IS_NOT_KNOWN,0.5411221294404355,1.135272787951881,0.3029197080291971,0.597176081781125,1.0,13/33,29.38%,SMARCC1;SMARCB1;RUNX1;SMARCA4;CSNK2A1;SMARCC2;SMARCE1;ACTL6A;RING1;HIPK2;SMARCD1;ARID1A;PHC2,KRT5-KRT17+ Basaloid,Reactome
prerank,REACTOME_MITOTIC_PROMETAPHASE,0.4500630746246608,1.1348926168490843,0.2217391304347826,0.5950633776277128,1.0,22/101,16.57%,TUBA1A;TUBB3;TUBB6;TUBA4A;DYNC1H1;DCTN2;ACTR1A;PPP2R1A;TUBB2A;CSNK1D;NUDC;DYNC1I2;YWHAG;KIF2A;DYNC1LI2;CSNK1E;BUB3;CSNK2A1;PPP2CA;TUBB2B;RCC2;SEC13,KRT5-KRT17+ Basaloid,Reactome
prerank,REACTOME_SIGNAL_AMPLIFICATION,0.606780488379625,1.1338542755315533,0.34256055363321797,0.5946373085732606,1.0,8/15,22.90%,GNAI2;GNG12;GNG10;GNB1;GNB2;MAPK14;GNA15;GNAI3,KRT5-KRT17+ Basaloid,Reactome
prerank,REACTOME_SIGNALING_BY_ERBB2,-0.5304084506499017,-1.1284374511263147,0.28512396694214875,0.6345390314746978,1.0,3/39,3.31%,RPS27A;UBA52;UBB,KRT5-KRT17+ Basaloid,Reactome
prerank,REACTOME_CARGO_TRAFFICKING_TO_THE_PERICILIARY_MEMBRANE,0.551791482499134,1.1276492362605175,0.3127413127413127,0.6071907280086958,1.0,13/27,30.32%,CCT2;RAB11A;CCT5;ARL3;CCT4;EXOC7;CCT3;ASAP1;RAB8A;PKD2;PDE6D;TCP1;BBS7,KRT5-KRT17+ Basaloid,Reactome
prerank,REACTOME_MICRORNA_MIRNA_BIOGENESIS,-0.6209934060519684,-1.1228124969378352,0.3058252427184466,0.6469199074449947,1.0,2/18,4.83%,POLR2L;POLR2C,KRT5-KRT17+ Basaloid,Reactome
prerank,REACTOME_G_ALPHA_Z_SIGNALLING_EVENTS,0.5882637960932003,1.1224491769350784,0.30633802816901406,0.617257354909826,1.0,5/17,10.14%,GNAI2;GNG12;GNG10;GNB1;GNB2,KRT5-KRT17+ Basaloid,Reactome
prerank,REACTOME_DOWNSTREAM_SIGNAL_TRANSDUCTION,0.561718447447638,1.1217776424239068,0.3274021352313167,0.6157759051421902,1.0,6/21,16.06%,PDGFA;STAT1;BCAR1;KRAS;GRB7;HRAS,KRT5-KRT17+ Basaloid,Reactome
prerank,REACTOME_VISUAL_PHOTOTRANSDUCTION,0.5550264513472006,1.1192101591278603,0.2909090909090909,0.6199380664562438,1.0,8/30,6.57%,AGRN;RBP1;SDC1;HSPG2;GPC1;AKR1C3;GNB1;LRP10,KRT5-KRT17+ Basaloid,Reactome
prerank,REACTOME_SUMOYLATION_OF_DNA_DAMAGE_RESPONSE_AND_REPAIR_PROTEINS,0.4825430162146498,1.1181031927819247,0.2845528455284553,0.61951756012989,1.0,9/56,19.40%,CDKN2A;PML;UBE2I;TPR;TDG;SP100;HDAC7;SEC13;HERC2,KRT5-KRT17+ Basaloid,Reactome
prerank,REACTOME_ADAPTIVE_IMMUNE_SYSTEM,0.3716865331530013,1.1168338994818214,0.11351351351351352,0.6197214034689944,1.0,99/412,17.99%,COL1A1;CTSE;TUBA1A;ITGAV;CDH1;CD99;TUBB3;ITGB1;CTSB;SPSB1;TUBB6;YWHAZ;TUBA4A;UBE2H;DYNC1H1;NECTIN2;VASP;UBE2D1;DCTN2;PSME2;UBE2E3;PAK2;CYBA;CTSA;AP1S1;BCL10;ICAM1;BCAP31;UBE2J1;AP2M1;PSMB8;ACTR1A;PSMD2;PPP2R1A;TUBB2A;FKBP1A;NPDC1;TAP1;UBA1;FBXO32;RAP1B;RNF19A;NPEPPS;SMURF1;RNF213;AP1S3;PSMA6;CAPZB;DYNC1I2;PSMD4;KRAS;IFITM1;SNAP23;SH3RF1;KIF2A;PSMB10;ITGB5;DYNC1LI2;NCF2;UBE2L3;AP2B1;PSMC4;UBR4;PSMD1;CDC34;SEC31A;SEC61A1;FBXO2;COL17A1;UBE2Q2;TNFRSF14;CDC42;PSMC1;PSMD7;RASGRP1;ENAH;PPP2CA;PSMA5;UBE2Z;HLA-A;UBA3;TUBB2B;UBE2A;PPL;HRAS;PSMD6;UBE2L6;AP1M2;PSMD13;SEC13;UBE2V1;PSMD9;FBXW5;SPTBN2;KLC1;PSMC3;PSMC6;MYD88;AP2A1,KRT5-KRT17+ Basaloid,Reactome
prerank,REACTOME_PHASE_I_FUNCTIONALIZATION_OF_COMPOUNDS,-0.5718810628994755,-1.1165542311260819,0.3,0.660262588573558,1.0,7/29,9.31%,MAOA;EPHX1;ACSS2;ALDH1A1;CES1;CYP1B1;CYP51A1,KRT5-KRT17+ Basaloid,Reactome
prerank,REACTOME_SIGNALING_BY_WNT,0.40950975331387185,1.11477968331871,0.25225225225225223,0.621886477923326,1.0,46/157,17.99%,SOX4;CLTB;YWHAZ;PSME2;SOX9;GNG12;GNG10;AP2M1;PSMB8;WLS;PSMD2;CTNNB1;PPP2R1A;GNB1;VPS35;TLE2;SMURF1;PSMA6;PSMD4;KRAS;PSMB10;FZD6;GNB2;AP2B1;PSMC4;GSK3B;PSMD1;CAV1;CSNK1E;SMARCA4;WNT7A;DAAM1;PSMC1;PSMD7;CSNK2A1;PPP2CA;PSMA5;DKK1;CTBP2;PSMD6;PSMD13;TNKS2;PSMD9;PSMC3;PSMC6;AP2A1,KRT5-KRT17+ Basaloid,Reactome
prerank,REACTOME_SUMOYLATION_OF_UBIQUITINYLATION_PROTEINS,0.5512940560568133,1.1142409557076725,0.337037037037037,0.6202148224071657,1.0,5/30,16.57%,MDM2;PML;UBE2I;TPR;SEC13,KRT5-KRT17+ Basaloid,Reactome
prerank,REACTOME_FGFR2_ALTERNATIVE_SPLICING,-0.5863978101380396,-1.113422332445516,0.3076923076923077,0.6652310460055852,1.0,3/23,4.83%,POLR2L;HNRNPA1;POLR2C,KRT5-KRT17+ Basaloid,Reactome
prerank,REACTOME_MHC_CLASS_II_ANTIGEN_PRESENTATION,0.4573523934028819,1.112918490283518,0.24680851063829787,0.6202898677107951,1.0,19/76,10.40%,CTSE;TUBA1A;TUBB3;CTSB;TUBB6;TUBA4A;DYNC1H1;DCTN2;CTSA;AP1S1;AP2M1;ACTR1A;TUBB2A;AP1S3;CAPZB;DYNC1I2;KIF2A;DYNC1LI2;AP2B1,KRT5-KRT17+ Basaloid,Reactome
prerank,REACTOME_OXIDATIVE_STRESS_INDUCED_SENESCENCE,-0.5128857697600431,-1.1126113340130976,0.2863070539419087,0.6634898987789476,1.0,5/46,3.31%,RPS27A;UBA52;FOS;JUN;UBB,KRT5-KRT17+ Basaloid,Reactome
prerank,REACTOME_CONSTITUTIVE_SIGNALING_BY_ABERRANT_PI3K_IN_CANCER,0.5358770922446252,1.1122621441099914,0.3371647509578544,0.618694025620678,1.0,7/29,17.11%,PDGFA;NRG1;ERBB2;MET;ERBB3;HBEGF;RHOG,KRT5-KRT17+ Basaloid,Reactome
prerank,REACTOME_TGF_BETA_RECEPTOR_SIGNALING_ACTIVATES_SMADS,0.5341939569324547,1.111757341435944,0.32936507936507936,0.6169935381476024,1.0,15/38,9.49%,PMEPA1;ITGAV;ITGB1;ITGB6;ITGB8;LTBP3;TGFB1;BAMBI;TGFB2;FKBP1A;PPP1CB;SMURF1;LTBP1;TGFBR1;ITGB5,KRT5-KRT17+ Basaloid,Reactome
prerank,REACTOME_REGULATION_OF_TP53_EXPRESSION_AND_DEGRADATION,-0.5799347869098714,-1.108021544668195,0.3526570048309179,0.6724758478056022,1.0,3/24,3.31%,RPS27A;UBA52;UBB,KRT5-KRT17+ Basaloid,Reactome
prerank,REACTOME_RNA_POLYMERASE_I_TRANSCRIPTION_TERMINATION,-0.5861442483700618,-1.1072030585305765,0.3333333333333333,0.6706629734639802,1.0,2/21,4.55%,POLR2L;POLR1D,KRT5-KRT17+ Basaloid,Reactome
prerank,REACTOME_EGR2_AND_SOX10_MEDIATED_INITIATION_OF_SCHWANN_CELL_MYELINATION,0.5784492185920388,1.1051148943287226,0.33126934984520123,0.6301894927050806,1.0,5/17,13.74%,SCD5;HDAC2;SMARCA4;LAMC1;DAG1,KRT5-KRT17+ Basaloid,Reactome
prerank,REACTOME_ACTIVATION_OF_ANTERIOR_HOX_GENES_IN_HINDBRAIN_DEVELOPMENT_DURING_EARLY_EMBRYOGENESIS,-0.5242354006091035,-1.1030072198810625,0.33191489361702126,0.6787436923374031,1.0,3/39,4.83%,POLR2L;JUN;POLR2C,KRT5-KRT17+ Basaloid,Reactome
prerank,REACTOME_SENSORY_PROCESSING_OF_SOUND,0.5226610072090531,1.1015356996705497,0.33962264150943394,0.6358854697475588,1.0,5/31,4.54%,GSN;MYH9;SPTAN1;EPS8L2;TWF2,KRT5-KRT17+ Basaloid,Reactome
prerank,REACTOME_RNA_POLYMERASE_III_TRANSCRIPTION_TERMINATION,-0.6219290233600923,-1.1014410056219759,0.3910891089108911,0.6793077341761575,1.0,3/15,5.78%,POLR2L;POLR1D;POLR3H,KRT5-KRT17+ Basaloid,Reactome
prerank,REACTOME_GLUCAGON_LIKE_PEPTIDE_1_GLP1_REGULATES_INSULIN_SECRETION,0.5921891874828165,1.1001948154002852,0.3310810810810811,0.6362274685409818,1.0,5/16,10.14%,GNG12;GNG10;GNB1;KCNS3;GNB2,KRT5-KRT17+ Basaloid,Reactome
prerank,REACTOME_DISORDERS_OF_TRANSMEMBRANE_TRANSPORTERS,-0.44800597564059813,-1.0988012722488127,0.26996197718631176,0.6828802236166042,1.0,5/101,3.31%,SLC34A2;RPS27A;ABCA3;UBA52;UBB,KRT5-KRT17+ Basaloid,Reactome
prerank,REACTOME_CHROMOSOME_MAINTENANCE,-0.49857460142585486,-1.0965903117660676,0.2554112554112554,0.6848222130914595,1.0,4/39,5.32%,NPM1;POLR2L;POLR2C;CENPX,KRT5-KRT17+ Basaloid,Reactome
prerank,REACTOME_PRE_NOTCH_EXPRESSION_AND_PROCESSING,0.5218280703913647,1.0963108948918807,0.31275720164609055,0.6427842648225826,1.0,9/36,13.12%,CCND1;NOTCH3;B4GALT1;ATP2A2;RUNX1;LFNG;RAB6A;NOTCH2;MAML2,KRT5-KRT17+ Basaloid,Reactome
prerank,REACTOME_MEIOSIS,0.5459597793614698,1.0950257698868882,0.39097744360902253,0.6430003333628908,1.0,7/25,19.71%,LMNA;UBE2I;SUN1;SYNE2;SUN2;REC8;RBBP8,KRT5-KRT17+ Basaloid,Reactome
prerank,REACTOME_LATE_ENDOSOMAL_MICROAUTOPHAGY,-0.566835985904591,-1.0928049195121174,0.38967136150234744,0.6909200442375537,1.0,4/25,3.31%,RPS27A;UBA52;RNASE1;UBB,KRT5-KRT17+ Basaloid,Reactome
prerank,REACTOME_E3_UBIQUITIN_LIGASES_UBIQUITINATE_TARGET_PROTEINS,-0.5343143459815702,-1.0921590062829312,0.3391304347826087,0.6886026465042203,1.0,3/35,3.31%,RPS27A;UBA52;UBB,KRT5-KRT17+ Basaloid,Reactome
prerank,REACTOME_RESOLUTION_OF_SISTER_CHROMATID_COHESION,0.46733761692353065,1.0841452837442944,0.328,0.6683893060838361,1.0,16/62,16.57%,TUBA1A;TUBB3;TUBB6;TUBA4A;DYNC1H1;PPP2R1A;TUBB2A;NUDC;DYNC1I2;KIF2A;DYNC1LI2;BUB3;PPP2CA;TUBB2B;RCC2;SEC13,KRT5-KRT17+ Basaloid,Reactome
prerank,REACTOME_ASPARAGINE_N_LINKED_GLYCOSYLATION,0.3862035700022027,1.0835278307563976,0.2744186046511628,0.6669314647976865,1.0,49/205,19.47%,TUBA1A;TUBB3;SPTAN1;TUBB6;TUBA4A;TUSC3;DYNC1H1;VCP;ARF5;DCTN2;CTSZ;FUCA1;B4GALT1;CTSA;ACTR1A;MGAT4B;TUBB2A;TMED9;NAGK;CSNK1D;RPN1;CAPZB;DYNC1I2;LMAN2;DDOST;TMED3;TFG;DYNC1LI2;ARFGAP3;SEC31A;GFUS;SPTBN1;COL7A1;COPB2;PSMC1;OS9;TRAPPC5;TUBB2B;EDEM2;SEC13;GOLGB1;GLB1;SPTBN2;ARF3;DERL2;GOLGA2;ACTR10;TMED10;CALR,KRT5-KRT17+ Basaloid,Reactome
prerank,REACTOME_PHOSPHOLIPID_METABOLISM,-0.43619045266752765,-1.0807426039514727,0.3142857142857143,0.7162906141931161,1.0,11/104,8.03%,LPCAT1;PLA2G1B;MFSD2A;PLA2G4F;PIP5K1B;PTPN13;CHPT1;AGPAT2;PCYT2;GPD1L;CPNE3,KRT5-KRT17+ Basaloid,Reactome
prerank,REACTOME_SLC_MEDIATED_TRANSMEMBRANE_TRANSPORT,-0.45227233706717146,-1.0805815147547337,0.30196078431372547,0.7126051571723493,1.0,9/89,6.83%,SLC34A2;SLC39A8;SLC25A5;SLC25A6;SLCO4C1;SLC1A5;SLC25A4;SLC26A9;AHCYL2,KRT5-KRT17+ Basaloid,Reactome
prerank,REACTOME_MITOTIC_G1_PHASE_AND_G1_S_TRANSITION,0.4403180534873483,1.0796270422183425,0.3628691983122363,0.6738202349714236,1.0,27/87,18.15%,CDKN1A;CCND2;CDKN2A;CDKN2B;CCND1;PSME2;PSMB8;CDKN1C;PSMD2;PPP2R1A;PSMA6;WEE1;PSMD4;PSMB10;PSMC4;PSMD1;PSMC1;PSMD7;PPP2CA;PSMA5;PSMD6;PSMD13;PSMD9;TFDP2;PSMC3;PSMC6;TYMS,KRT5-KRT17+ Basaloid,Reactome
prerank,REACTOME_NR1H2_AND_NR1H3_MEDIATED_SIGNALING,-0.5577429946475514,-1.079473018641639,0.35080645161290325,0.7115137034760319,1.0,3/28,2.65%,FASN;SCD;APOC1,KRT5-KRT17+ Basaloid,Reactome
prerank,REACTOME_ABC_TRANSPORTER_DISORDERS,-0.4802788394323038,-1.078920289320792,0.3522267206477733,0.7091315967809547,1.0,4/56,3.31%,RPS27A;ABCA3;UBA52;UBB,KRT5-KRT17+ Basaloid,Reactome
prerank,REACTOME_G_ALPHA_12_13_SIGNALLING_EVENTS,0.5093602800136147,1.0765993809763905,0.36363636363636365,0.6785041323496555,1.0,8/35,10.34%,RHOC;GNG12;NET1;GNG10;PLXNB1;GNB1;GNB2;RHOB,KRT5-KRT17+ Basaloid,Reactome
prerank,REACTOME_LISTERIA_MONOCYTOGENES_ENTRY_INTO_HOST_CELLS,-0.5888688709693265,-1.0759949995982625,0.3972602739726027,0.7133698383292439,1.0,3/17,3.31%,RPS27A;UBA52;UBB,KRT5-KRT17+ Basaloid,Reactome
prerank,REACTOME_TRANSCRIPTIONAL_REGULATION_BY_RUNX3,0.4471259368750482,1.0745373174565798,0.3333333333333333,0.6803250587229531,1.0,28/76,17.75%,CDKN1A;CDKN2A;MDM2;CCND1;TGFB1;PSME2;TEAD2;PSMB8;PSMD2;CTNNB1;SMURF1;PSMA6;PSMD4;KRAS;PSMB10;PSMC4;PSMD1;RUNX1;SMAD3;MAML2;PSMC1;PSMD7;PSMA5;PSMD6;PSMD13;PSMD9;PSMC3;PSMC6,KRT5-KRT17+ Basaloid,Reactome
prerank,REACTOME_SIGNALING_BY_NOTCH1,-0.5018793488539548,-1.0741965124552117,0.36153846153846153,0.7142080641708414,1.0,3/46,3.31%,RPS27A;UBA52;UBB,KRT5-KRT17+ Basaloid,Reactome
prerank,REACTOME_INTERFERON_SIGNALING,0.4034606910834208,1.0730883097308153,0.31140350877192985,0.6807931575000218,1.0,29/154,9.76%,IFI27;TUBA1A;TUBB3;FLNA;IFNGR2;FLNB;IFI6;TUBB6;TUBA4A;TRIM22;TRIM2;ICAM1;PML;PSMB8;ISG15;IP6K2;IRF6;PPP2R1A;TUBB2A;ILF2;STAT1;UBE2I;TRIM8;IFNGR1;IFITM1;DNAJC3;IFNAR1;IRF7;MX1,KRT5-KRT17+ Basaloid,Reactome
prerank,REACTOME_THE_ROLE_OF_GTSE1_IN_G2_M_PROGRESSION_AFTER_G2_CHECKPOINT,0.47126569562567827,1.0718533331619717,0.39919354838709675,0.6806302814781386,1.0,23/54,17.75%,CDKN1A;TUBA1A;TUBB3;TUBB6;TUBA4A;PSME2;PSMB8;PSMD2;TUBB2A;PSMA6;PSMD4;PSMB10;PSMC4;PSMD1;PSMC1;PSMD7;PSMA5;TUBB2B;PSMD6;PSMD13;PSMD9;PSMC3;PSMC6,KRT5-KRT17+ Basaloid,Reactome
prerank,REACTOME_ESR_MEDIATED_SIGNALING,0.4129964230796948,1.0689806584566268,0.33191489361702126,0.6853436874126139,1.0,18/103,16.59%,MMP7;CCND1;CAV2;GNAI2;GNG12;GNG10;GNB1;KRAS;GNB2;CAV1;RUNX1;PRMT1;CXXC5;HSPB1;MMP2;HBEGF;HRAS;NRIP1,KRT5-KRT17+ Basaloid,Reactome
prerank,REACTOME_KSRP_KHSRP_BINDS_AND_DESTABILIZES_MRNA,0.581935451848782,1.0688243674329683,0.4012539184952978,0.6824529034816206,1.0,2/15,15.47%,YWHAZ;MAPK14,KRT5-KRT17+ Basaloid,Reactome
prerank,REACTOME_ERCC6_CSB_AND_EHMT2_G9A_POSITIVELY_REGULATE_RRNA_EXPRESSION,0.5719216342120634,1.0680628442977527,0.4234527687296417,0.6810024534077128,1.0,2/15,5.23%,HDAC2;CHD3,KRT5-KRT17+ Basaloid,Reactome
prerank,REACTOME_NEUTROPHIL_DEGRANULATION,-0.39374980396535547,-1.0656052424992983,0.3102310231023102,0.7345264365332546,1.0,31/285,5.14%,SLPI;FABP5;CTSH;MGST1;FTL;EEF1A1;NPC2;FTH1;B2M;GSTP1;PIGR;EEF2;LPCAT1;CD63;CSTB;BRI3;HMGB1;ASAH1;PRDX6;CD36;VAPA;CAT;CD59;SERPINA1;SLCO4C1;C3;ATP8A1;CREG1;CD44;ALDOA;NDUFC2,KRT5-KRT17+ Basaloid,Reactome
prerank,REACTOME_TNFR1_INDUCED_PROAPOPTOTIC_SIGNALING,0.5807303867413456,1.0655358868070455,0.42033898305084744,0.6845766052309017,1.0,8/17,28.29%,OPTN;TNFRSF1A;TRADD;USP4;RBCK1;BIRC2;FADD;SHARPIN,KRT5-KRT17+ Basaloid,Reactome
prerank,REACTOME_COOPERATION_OF_PREFOLDIN_AND_TRIC_CCT_IN_ACTIN_AND_TUBULIN_FOLDING,0.5366021678400832,1.065452047955008,0.40559440559440557,0.6815816016790857,1.0,8/24,8.75%,TUBA1A;TUBB3;TUBB6;TUBA4A;CCT2;TUBB2A;CCT6A;CCT5,KRT5-KRT17+ Basaloid,Reactome
prerank,REACTOME_DAP12_SIGNALING,-0.6065760970547402,-1.064921858926086,0.4639175257731959,0.7323057608074955,1.0,1/15,1.50%,B2M,KRT5-KRT17+ Basaloid,Reactome
prerank,REACTOME_HSF1_DEPENDENT_TRANSACTIVATION,0.532107359052989,1.0621150608218124,0.38257575757575757,0.6872421256884338,1.0,6/23,17.29%,TNFRSF21;SERPINH1;DNAJB6;HSPB1;HSF1;HSBP1,KRT5-KRT17+ Basaloid,Reactome
prerank,REACTOME_TRANSCRIPTIONAL_REGULATION_OF_BROWN_AND_BEIGE_ADIPOCYTE_DIFFERENTIATION,0.5540517699765126,1.0610397936680955,0.410958904109589,0.6867240213799561,1.0,2/18,5.23%,HDAC2;CHD3,KRT5-KRT17+ Basaloid,Reactome
prerank,REACTOME_INTERLEUKIN_2_FAMILY_SIGNALING,0.5715545069492609,1.0583919177640972,0.4266666666666667,0.6897762304763925,1.0,2/15,6.22%,LGALS9;STAT1,KRT5-KRT17+ Basaloid,Reactome
prerank,REACTOME_KEAP1_NFE2L2_PATHWAY,0.421275125621926,1.0581524361181738,0.36507936507936506,0.687149046946975,1.0,31/93,17.95%,CDKN1A;CDKN2A;ABCC3;BCL2L1;VCP;PDGFA;PSME2;PSMB8;CCL2;PSMD2;SESN1;PSMA6;PSMD4;PSMB10;UFD1;PSMC4;GSK3B;PSMD1;NFE2L2;PSMC1;PSMD7;CSNK2A1;PSMA5;ABCC1;PSMD6;PSMD13;PSMD9;DPP3;PSMC3;PSMC6;BACH1,KRT5-KRT17+ Basaloid,Reactome
prerank,REACTOME_SIGNALING_BY_WNT_IN_CANCER,0.5399297467721298,1.0571028831450102,0.40229885057471265,0.6868739967253322,1.0,9/24,19.81%,CTNNB1;PPP2R1A;FZD6;GSK3B;PPP2CA;DKK1;CTBP2;TNKS2;CSNK1A1,KRT5-KRT17+ Basaloid,Reactome
prerank,REACTOME_TRANSCRIPTIONAL_AND_POST_TRANSLATIONAL_REGULATION_OF_MITF_M_EXPRESSION_AND_ACTIVITY,0.5528134739754323,1.0563452291086113,0.4072727272727273,0.6856996733002856,1.0,5/18,10.84%,CDH1;SOX9;EDN1;CTNNB1;GSK3B,KRT5-KRT17+ Basaloid,Reactome
prerank,REACTOME_FGFR2_MUTANT_RECEPTOR_ACTIVATION,-0.6040669544639299,-1.0550124862332297,0.42391304347826086,0.7552913704249256,1.0,4/15,9.69%,POLR2L;POLR2C;FGF7;FGFR2,KRT5-KRT17+ Basaloid,Reactome
prerank,REACTOME_COMPLEMENT_CASCADE,-0.6106587613088394,-1.053857830571587,0.4467005076142132,0.7543519365019274,1.0,5/17,4.24%,C2;C4BPA;CPB2;CD59;C3,KRT5-KRT17+ Basaloid,Reactome
prerank,REACTOME_DAP12_INTERACTIONS,-0.5897752390832303,-1.0532352026165575,0.46534653465346537,0.7519147828128447,1.0,1/17,1.50%,B2M,KRT5-KRT17+ Basaloid,Reactome
prerank,REACTOME_TRANSCRIPTIONAL_REGULATION_OF_WHITE_ADIPOCYTE_DIFFERENTIATION,-0.46086683013952867,-1.052176194906884,0.3803921568627451,0.7506180886301924,1.0,5/59,4.29%,CEBPD;CD36;LPL;CEBPA;ADIRF,KRT5-KRT17+ Basaloid,Reactome
prerank,REACTOME_CELLULAR_SENESCENCE,0.43026536892508516,1.0517331839327775,0.3682008368200837,0.6936565405159736,1.0,7/87,3.71%,IGFBP7;CDKN1A;CDKN2A;CDKN2B;MDM2;MAP4K4;UBE2D1,KRT5-KRT17+ Basaloid,Reactome
prerank,REACTOME_ATTENUATION_PHASE,0.5513706552167986,1.0487734609254367,0.42066420664206644,0.6980564909087753,1.0,6/18,17.29%,TNFRSF21;SERPINH1;DNAJB6;HSPB1;HSF1;HSBP1,KRT5-KRT17+ Basaloid,Reactome
prerank,REACTOME_RAB_GEFS_EXCHANGE_GTP_FOR_GDP_ON_RABS,0.4553070585603906,1.047876058972694,0.37109375,0.6970257482780341,1.0,14/55,23.04%,RAB31;RAB32;RAB27B;GDI1;RAB10;RAB6A;RAB18;ALS2CL;TRAPPC5;RAB3GAP1;RIC1;RAB7B;TRAPPC3;RAB8B,KRT5-KRT17+ Basaloid,Reactome
prerank,REACTOME_NEUREXINS_AND_NEUROLIGINS,0.5536279292970688,1.0474455168154684,0.43278688524590164,0.6949679741525905,1.0,6/16,23.96%,PDLIM5;HOMER3;DLGAP4;STX1A;DBNL;CASK,KRT5-KRT17+ Basaloid,Reactome
prerank,REACTOME_RIPK1_MEDIATED_REGULATED_NECROSIS,-0.528248334527467,-1.0459394498362615,0.41150442477876104,0.7640545789110339,1.0,3/26,3.31%,RPS27A;UBA52;UBB,KRT5-KRT17+ Basaloid,Reactome
prerank,REACTOME_POST_TRANSLATIONAL_MODIFICATION_SYNTHESIS_OF_GPI_ANCHORED_PROTEINS,0.5285979339887249,1.0421804177890186,0.44280442804428044,0.7047789996095177,1.0,6/26,9.56%,PLAUR;LY6E;LYPD1;PIGT;MSLN;GPAA1,KRT5-KRT17+ Basaloid,Reactome
prerank,REACTOME_MITF_M_REGULATED_MELANOCYTE_DEVELOPMENT,0.4382656061363142,1.0390982148732268,0.41739130434782606,0.709113308647004,1.0,20/73,15.47%,CDKN1A;CDH1;CDKN2A;CCND1;SYTL2;SOX9;EDN1;SMARCC1;CTNNB1;ATP6AP2;MET;SMARCB1;ATP6V0C;GSK3B;DIAPH1;SMARCA4;SMARCC2;ATP6V1D;BCL7C;MAPK14,KRT5-KRT17+ Basaloid,Reactome
prerank,REACTOME_HIV_INFECTION,-0.3949673325227997,-1.0386815234578393,0.4057377049180328,0.7802584430659448,1.0,8/168,3.31%,RPS27A;B2M;UBA52;SLC25A5;SLC25A6;NPM1;POLR2L;UBB,KRT5-KRT17+ Basaloid,Reactome
prerank,REACTOME_INOSITOL_PHOSPHATE_METABOLISM,0.5438169397156994,1.03731682556578,0.46503496503496505,0.7106302191356529,1.0,5/19,17.87%,INPP4B;ISYNA1;IP6K2;INPP1;PLCD1,KRT5-KRT17+ Basaloid,Reactome
prerank,REACTOME_HEDGEHOG_ON_STATE,-0.4575851894220177,-1.034785000073136,0.39316239316239315,0.787130596541665,1.0,4/60,3.31%,RPS27A;UBA52;HHIP;UBB,KRT5-KRT17+ Basaloid,Reactome
prerank,REACTOME_DOWNREGULATION_OF_SMAD2_3_SMAD4_TRANSCRIPTIONAL_ACTIVITY,-0.5248299399730065,-1.0302836302763432,0.41841004184100417,0.795224299171498,1.0,3/25,3.31%,RPS27A;UBA52;UBB,KRT5-KRT17+ Basaloid,Reactome
prerank,REACTOME_EPH_EPHRIN_MEDIATED_REPULSION_OF_CELLS,0.5019458785677268,1.0290133984939813,0.45955882352941174,0.729292835876109,1.0,21/31,23.41%,CLTB;EPHB2;AP2M1;ADAM10;EFNB1;AP2B1;EPHA2;MMP2;EPHA4;EPHB4;NCSTN;PSENEN;AP2A1;EFNA4;CLTC;YES1;EFNB2;FYN;VAV2;APH1A;PSEN1,KRT5-KRT17+ Basaloid,Reactome
prerank,REACTOME_HIV_LIFE_CYCLE,-0.41285500868169583,-1.0236572327893192,0.45021645021645024,0.8091681672574021,1.0,6/103,5.59%,RPS27A;UBA52;POLR2L;UBB;POLR2C;NUP58,KRT5-KRT17+ Basaloid,Reactome
prerank,REACTOME_AUF1_HNRNP_D0_BINDS_AND_DESTABILIZES_MRNA,-0.46072992865685847,-1.0233928943365613,0.4418604651162791,0.8056663384143405,1.0,4/47,3.31%,RPS27A;UBA52;PABPC1;UBB,KRT5-KRT17+ Basaloid,Reactome
prerank,REACTOME_DISEASES_ASSOCIATED_WITH_N_GLYCOSYLATION_OF_PROTEINS,0.5407504678997455,1.019891976412536,0.4723127035830619,0.7491006228190072,1.0,6/15,28.56%,B4GALT1;CTSA;GLB1;MAN1B1;DPAGT1;ALG3,KRT5-KRT17+ Basaloid,Reactome
prerank,REACTOME_AGGREPHAGY,0.5090346072214458,1.0198048229649679,0.47924528301886793,0.7460679307778375,1.0,7/27,3.36%,VIM;TUBA1A;TUBB3;TUBB6;TUBA4A;DYNC1H1;VCP,KRT5-KRT17+ Basaloid,Reactome
prerank,REACTOME_ISG15_ANTIVIRAL_MECHANISM,-0.45647147175606206,-1.0196196642032207,0.4225941422594142,0.8118989525449574,1.0,3/52,3.31%,RPS27A;UBA52;UBB,KRT5-KRT17+ Basaloid,Reactome
prerank,REACTOME_RHOA_GTPASE_CYCLE,0.4019618346523701,1.018724392786467,0.3902439024390244,0.7455950503790886,1.0,25/87,22.45%,JUP;STOM;HMOX2;NET1;BCAP31;FARP1;SNAP23;FLOT1;CAV1;DIAPH1;DAAM1;CAVIN1;ARHGDIA;ARHGAP29;BCR;ATP6AP1;RHPN2;PKN2;ARHGAP18;ARHGAP21;PLEKHG3;PCDH7;RTKN;VAV2;MACO1,KRT5-KRT17+ Basaloid,Reactome
prerank,REACTOME_NETRIN_1_SIGNALING,0.5114040484578662,1.0184912771444699,0.4689655172413793,0.7428858054251415,1.0,13/23,38.04%,ABLIM1;CDC42;PTK2;FYN;DOCK1;WASL;NTN1;RAC1;ROBO1;SRC;TRIO;SIAH1;RGMA,KRT5-KRT17+ Basaloid,Reactome
prerank,REACTOME_ONCOGENE_INDUCED_SENESCENCE,-0.5336403288253069,-1.0173112467215404,0.4660633484162896,0.8135017675979026,1.0,5/23,6.04%,RPS27A;UBA52;UBB;ID1;ETS2,KRT5-KRT17+ Basaloid,Reactome
prerank,REACTOME_TRANSCRIPTIONAL_REGULATION_BY_MECP2,0.4738847974246238,1.0159138182836427,0.4678111587982833,0.7465261643960253,1.0,4/34,12.56%,HDAC2;MET;NCOR2;GAMT,KRT5-KRT17+ Basaloid,Reactome
prerank,REACTOME_NONHOMOLOGOUS_END_JOINING_NHEJ,0.5271765378435715,1.0123831238617957,0.4576271186440678,0.7527890901374633,1.0,5/21,20.56%,XRCC5;TP53BP1;PRKDC;HERC2;UBE2N,KRT5-KRT17+ Basaloid,Reactome
prerank,REACTOME_INSERTION_OF_TAIL_ANCHORED_PROTEINS_INTO_THE_ENDOPLASMIC_RETICULUM_MEMBRANE,-0.5552329353569324,-1.0113815037630811,0.5,0.8256199329614122,1.0,5/17,5.02%,CYB5A;SERP1;VAPA;SEC61G;VAMP2,KRT5-KRT17+ Basaloid,Reactome
prerank,REACTOME_SELECTIVE_AUTOPHAGY,0.4292800456110912,1.0103869933569498,0.41975308641975306,0.7548198568696076,1.0,9/63,3.92%,VIM;TUBA1A;TUBB3;TUBB6;TUBA4A;DYNC1H1;VCP;OPTN;PLIN3,KRT5-KRT17+ Basaloid,Reactome
prerank,REACTOME_CELL_CYCLE_CHECKPOINTS,0.3817961174665407,1.0099063281205822,0.4092827004219409,0.752680669588559,1.0,39/139,17.75%,CDKN1A;CDKN2A;SFN;MDM2;YWHAZ;YWHAH;DYNC1H1;UBE2D1;PSME2;PSMB8;PSMD2;PPP2R1A;PSMA6;NUDC;DYNC1I2;WEE1;YWHAG;PSMD4;KIF2A;PSMB10;DYNC1LI2;PSMC4;PSMD1;YWHAQ;BUB3;PSMC1;PSMD7;PPP2CA;TP53BP1;PSMA5;ANAPC15;RCC2;PSMD6;PSMD13;SEC13;PSMD9;PCBP4;PSMC3;PSMC6,KRT5-KRT17+ Basaloid,Reactome
prerank,REACTOME_DIFFERENTIATION_OF_KERATINOCYTES_IN_INTERFOLLICULAR_EPIDERMIS_IN_MAMMALIAN_SKIN,-0.5472233942713656,-1.0094804024938382,0.44387755102040816,0.8262253243893262,1.0,3/17,3.96%,FABP5;HOPX;AQP3,KRT5-KRT17+ Basaloid,Reactome
prerank,REACTOME_ABC_FAMILY_PROTEINS_MEDIATED_TRANSPORT,-0.4296142074362412,-1.00848523205012,0.4356060606060606,0.824629512738061,1.0,4/67,3.31%,RPS27A;ABCA3;UBA52;UBB,KRT5-KRT17+ Basaloid,Reactome
prerank,REACTOME_TRANSCRIPTIONAL_REGULATION_OF_GRANULOPOIESIS,0.52649707196749,1.0082475828558304,0.47840531561461797,0.7534307514145617,1.0,2/18,5.12%,CDKN1A;PML,KRT5-KRT17+ Basaloid,Reactome
prerank,REACTOME_MAPK_FAMILY_SIGNALING_CASCADES,0.3596259424137168,1.0074050396485479,0.42727272727272725,0.7523239995465367,1.0,49/178,18.05%,FN1;BCL2L1;SPTAN1;VCL;PDGFA;NRG1;PSME2;PAK2;TLN1;PSMB8;ERBB2;PSMD2;PPP2R1A;PPP1CB;RAP1B;MET;PSMA6;PSMD4;KRAS;PSMB10;CDC42EP3;PSMC4;ERBB3;PSMD1;SPTBN1;CDC42;PSMC1;PSMD7;RASGRP1;PPP2CA;HSPB1;DUSP10;MMP2;PSMA5;PEA15;LAMTOR2;MAPK6;HBEGF;ZDHHC9;HRAS;PSMD6;PSMD13;CNKSR1;PSMD9;SPTBN2;PSMC3;DUSP4;PSMC6;DAB2IP,KRT5-KRT17+ Basaloid,Reactome
prerank,REACTOME_MATURATION_OF_SPIKE_PROTEIN,0.4827482496734863,1.0060564022088312,0.45724907063197023,0.7526376529193599,1.0,21/31,42.24%,TUSC3;MGAT4B;RPN1;DDOST;ZDHHC9;EDEM2;MGAT5;ZDHHC5;GOLGA7;MAN1B1;STT3A;RPN2;GANAB;ST6GAL1;MGAT2;PRKCSH;MOGS;ZDHHC20;MAN2A1;ST3GAL4;ST3GAL1,KRT5-KRT17+ Basaloid,Reactome
prerank,REACTOME_NUCLEAR_IMPORT_OF_REV_PROTEIN,-0.5204918923802495,-1.0041932598721555,0.47417840375586856,0.8321264186815864,1.0,2/24,5.59%,NPM1;NUP58,KRT5-KRT17+ Basaloid,Reactome
prerank,REACTOME_HDACS_DEACETYLATE_HISTONES,0.4942661623418388,1.002637772003226,0.48863636363636365,0.7579993764879266,1.0,18/27,43.02%,HDAC2;CHD3;NCOR2;ARID4B;HMG20B;RBBP4;REST;SUDS3;GATAD2A;KDM1A;NCOR1;GPS2;BRMS1;CHD4;HDAC1;MTA3;TBL1XR1;RBBP7,KRT5-KRT17+ Basaloid,Reactome
prerank,REACTOME_BILE_ACID_AND_BILE_SALT_METABOLISM,0.5153200089731692,1.0007420550994317,0.4983388704318937,0.7593734961975407,1.0,3/19,10.44%,ABCC3;AKR1C3;BAAT,KRT5-KRT17+ Basaloid,Reactome
prerank,REACTOME_TCR_SIGNALING,-0.4285402904228485,-0.9990154127910986,0.48616600790513836,0.8431403088149281,1.0,7/78,4.54%,RPS27A;UBA52;HLA-DRA;NFKBIA;UBB;HLA-DRB1;HLA-DRB5,KRT5-KRT17+ Basaloid,Reactome
prerank,REACTOME_CARDIAC_CONDUCTION,-0.4929106943979081,-0.9977733219400768,0.48828125,0.8423024757577844,1.0,6/33,7.49%,CACNA2D2;ATP1A1;SCN1A;CES1;NPR1;ASPH,KRT5-KRT17+ Basaloid,Reactome
prerank,REACTOME_ASSOCIATION_OF_TRIC_CCT_WITH_TARGET_PROTEINS_DURING_BIOSYNTHESIS,0.4896066660822834,0.9975308465977653,0.5019157088122606,0.7642531768197793,1.0,9/28,23.93%,CCT2;CCT6A;CCT5;KIFC3;CCT4;FBXW5;CCT7;CCT3;USP11,KRT5-KRT17+ Basaloid,Reactome
prerank,REACTOME_NS1_MEDIATED_EFFECTS_ON_HOST_PATHWAYS,0.4879922484786147,0.9953234228125765,0.475,0.7666026126392171,1.0,8/29,22.26%,ISG15;TPR;PABPN1;KPNB1;SEC13;EIF2AK2;KPNA4;KPNA2,KRT5-KRT17+ Basaloid,Reactome
prerank,REACTOME_METABOLISM_OF_WATER_SOLUBLE_VITAMINS_AND_COFACTORS,-0.43156285073359735,-0.9952990837200577,0.4691358024691358,0.844795863388053,1.0,5/66,4.47%,CYB5A;FASN;MCCC1;MTRR;MMAB,KRT5-KRT17+ Basaloid,Reactome
prerank,REACTOME_SIGNALLING_TO_RAS,0.5222467897427379,0.9947351833345665,0.5033112582781457,0.7648999407152455,1.0,8/15,35.55%,RALA;KRAS;MAPK14;HRAS;RALB;NRAS;SRC;GRB2,KRT5-KRT17+ Basaloid,Reactome
prerank,REACTOME_CLATHRIN_MEDIATED_ENDOCYTOSIS,-0.40690953789948203,-0.9934625754468932,0.47560975609756095,0.845408335825429,1.0,6/101,3.45%,RPS27A;UBA52;ACTB;ARPC2;UBB;LDLR,KRT5-KRT17+ Basaloid,Reactome
prerank,REACTOME_NUCLEOTIDE_BINDING_DOMAIN_LEUCINE_RICH_REPEAT_CONTAINING_RECEPTOR_NLR_SIGNALING_PATHWAYS,-0.4931120737912605,-0.9925454207979947,0.48917748917748916,0.843825026966214,1.0,4/31,3.31%,RPS27A;UBA52;TXNIP;UBB,KRT5-KRT17+ Basaloid,Reactome
prerank,REACTOME_REGULATION_OF_HSF1_MEDIATED_HEAT_SHOCK_RESPONSE,0.4450034933514063,0.9919562793043705,0.49333333333333335,0.7683531183701232,1.0,15/51,23.44%,TNFRSF21;SERPINH1;DNAJB6;GSK3B;TPR;BAG5;BAG1;HSPB1;HSF1;BAG3;SEC13;HIKESHI;DNAJC2;DNAJC7;DNAJB1,KRT5-KRT17+ Basaloid,Reactome
prerank,REACTOME_UCH_PROTEINASES,-0.42651867597133525,-0.9911709626665227,0.4827586206896552,0.8432615105615291,1.0,4/68,3.31%,RPS27A;UBA52;ACTB;UBB,KRT5-KRT17+ Basaloid,Reactome
prerank,REACTOME_DISASSEMBLY_OF_THE_DESTRUCTION_COMPLEX_AND_RECRUITMENT_OF_AXIN_TO_THE_MEMBRANE,0.5239511130323474,0.9895761045814625,0.5174825174825175,0.7714395064254463,1.0,7/20,19.81%,CTNNB1;PPP2R1A;GSK3B;CAV1;PPP2CA;DVL3;CSNK1A1,KRT5-KRT17+ Basaloid,Reactome
prerank,REACTOME_METABOLISM_OF_CARBOHYDRATES,0.36765366897497914,0.9884865387515639,0.4482758620689655,0.7710471468757616,1.0,22/146,12.05%,AGRN;IDS;VCAN;PGM2L1;SDC1;PKM;HSPG2;AKR1A1;GPC1;AKR1B1;B4GALT1;CHPF;PFKP;PPP2R1A;PGAM1;DSE;HYAL2;PAPSS1;G6PC3;GPI;SLC35B2;TPR,KRT5-KRT17+ Basaloid,Reactome
prerank,REACTOME_MITOTIC_METAPHASE_AND_ANAPHASE,0.3646463718619233,0.9875671701401526,0.4810126582278481,0.7701699756080614,1.0,40/151,17.75%,TUBA1A;TUBB3;ANKLE2;TUBB6;TUBA4A;DYNC1H1;UBE2D1;PSME2;PSMB8;LMNA;PSMD2;PPP2R1A;TUBB2A;UBE2I;CHMP4B;BANF1;PSMA6;NUDC;DYNC1I2;PSMD4;KIF2A;PSMB10;DYNC1LI2;PSMC4;PSMD1;BUB3;PSMC1;PSMD7;PPP2CA;PSMA5;TUBB2B;KPNB1;ANAPC15;RCC2;PSMD6;PSMD13;SEC13;PSMD9;PSMC3;PSMC6,KRT5-KRT17+ Basaloid,Reactome
prerank,REACTOME_M_PHASE,0.35512374078491876,0.9875080610692581,0.5024390243902439,0.7672522080158293,1.0,52/216,19.32%,TUBA1A;TUBB3;ANKLE2;TUBB6;TUBA4A;DYNC1H1;UBE2D1;DCTN2;PSME2;PSMB8;ACTR1A;LMNA;PSMD2;PPP2R1A;TUBB2A;UBE2I;CHMP4B;CSNK1D;BANF1;PSMA6;NUDC;DYNC1I2;YWHAG;PSMD4;KIF2A;PSMB10;DYNC1LI2;PSMC4;PSMD1;CSNK1E;TPR;BUB3;PSMC1;PSMD7;CSNK2A1;PPP2CA;PSMA5;ARPP19;TUBB2B;KPNB1;ANAPC15;RCC2;PSMD6;PSMD13;SEC13;PSMD9;PSMC3;PSMC6;GOLGA2;NUMA1;NEK6;GORASP2,KRT5-KRT17+ Basaloid,Reactome
prerank,REACTOME_SIGNALING_BY_PDGFR_IN_DISEASE,0.5339268813783785,0.9863904861568402,0.5371621621621622,0.766762271851264,1.0,5/15,16.10%,STAT1;KDR;KRAS;HRAS;ETV6,KRT5-KRT17+ Basaloid,Reactome
prerank,REACTOME_SIGNALING_BY_BRAF_AND_RAF1_FUSIONS,0.4687073892319199,0.9839752945515678,0.5149253731343284,0.7694299324637738,1.0,7/37,8.86%,FN1;VCL;TLN1;LMNA;RAP1B;KRAS;PAPSS1,KRT5-KRT17+ Basaloid,Reactome
prerank,REACTOME_ONCOGENIC_MAPK_SIGNALING,0.44840896845064476,0.9839487559313795,0.4666666666666667,0.766423874844122,1.0,8/50,8.86%,FN1;VCL;TLN1;LMNA;PPP1CB;RAP1B;KRAS;PAPSS1,KRT5-KRT17+ Basaloid,Reactome
prerank,REACTOME_POSITIVE_EPIGENETIC_REGULATION_OF_RRNA_EXPRESSION,-0.478588013137381,-0.9837043050681684,0.5081967213114754,0.8600174159310409,1.0,3/34,4.55%,ACTB;POLR2L;POLR1D,KRT5-KRT17+ Basaloid,Reactome
prerank,REACTOME_TRANSCRIPTIONAL_REGULATION_BY_RUNX1,0.38624136294520917,0.9831807675013569,0.4977973568281938,0.7652608108659134,1.0,32/120,17.75%,THBS1;CCND2;CCND1;MYL9;PSME2;PML;SMARCC1;PSMB8;TJP1;PSMD2;TCF3;SMARCB1;PSMA6;PSMD4;PSMB10;PSMC4;PSMD1;RUNX1;PRMT1;SMARCA4;PSMC1;PSMD7;CSNK2A1;ELF1;SMARCC2;PSMA5;PSMD6;PSMD13;SMARCE1;PSMD9;PSMC3;PSMC6,KRT5-KRT17+ Basaloid,Reactome
prerank,REACTOME_DNA_REPAIR,-0.38336874678402816,-0.9828765035660607,0.49808429118773945,0.8580872959722169,1.0,7/150,5.32%,RPS27A;UBA52;ACTB;POLR2L;UBB;POLR2C;CENPX,KRT5-KRT17+ Basaloid,Reactome
prerank,REACTOME_SIGNALING_BY_ALK_IN_CANCER,0.4149214973740472,0.9816312451418525,0.4642857142857143,0.7659111622497137,1.0,7/60,2.86%,FN1;CDKN1A;MYH9;TPM4;MDM2;VCL;TPM3,KRT5-KRT17+ Basaloid,Reactome
prerank,REACTOME_CYCLIN_D_ASSOCIATED_EVENTS_IN_G1,0.4940359013003066,0.9801652538036632,0.5232974910394266,0.7665019527820197,1.0,7/29,6.05%,CDKN1A;CCND2;CDKN2A;CDKN2B;CCND1;CDKN1C;PPP2R1A,KRT5-KRT17+ Basaloid,Reactome
prerank,REACTOME_SIGNALING_BY_NTRK2_TRKB,0.5243135983203415,0.9797299976650451,0.5136054421768708,0.7644610074679742,1.0,9/15,35.55%,KRAS;HRAS;FYN;FRS2;RAC1;NRAS;CDK5;SRC;GRB2,KRT5-KRT17+ Basaloid,Reactome
prerank,REACTOME_SYNTHESIS_OF_ACTIVE_UBIQUITIN_ROLES_OF_E1_AND_E2_ENZYMES,-0.5153960717697317,-0.979435713180464,0.518348623853211,0.8632098288694386,1.0,3/26,3.31%,RPS27A;UBA52;UBB,KRT5-KRT17+ Basaloid,Reactome
prerank,REACTOME_HDMS_DEMETHYLATE_HISTONES,0.5223797909544128,0.9769507202283761,0.5221843003412969,0.768194664571678,1.0,8/17,38.00%,KDM5B;KDM6B;KDM5A;KDM4B;KDM1A;ARID5B;KDM2A;KDM5C,KRT5-KRT17+ Basaloid,Reactome
prerank,REACTOME_SPHINGOLIPID_DE_NOVO_BIOSYNTHESIS,-0.5149689352546274,-0.9759553211661656,0.5344827586206896,0.8686072533952819,1.0,2/22,3.44%,SPTSSA;VAPA,KRT5-KRT17+ Basaloid,Reactome
prerank,REACTOME_FC_EPSILON_RECEPTOR_FCERI_SIGNALING,-0.39944261245267226,-0.9721399084080506,0.47674418604651164,0.874158006080024,1.0,6/91,3.31%,RPS27A;UBA52;NFKBIA;FOS;JUN;UBB,KRT5-KRT17+ Basaloid,Reactome
prerank,REACTOME_REGULATION_OF_MRNA_STABILITY_BY_PROTEINS_THAT_BIND_AU_RICH_ELEMENTS,-0.41273736953961115,-0.9716073398287982,0.5151515151515151,0.8714461706967646,1.0,5/73,3.32%,RPS27A;UBA52;PABPC1;UBB;ZFP36,KRT5-KRT17+ Basaloid,Reactome
prerank,REACTOME_SPHINGOLIPID_METABOLISM,0.4306923691920077,0.9703919371706887,0.5338645418326693,0.7802656012036112,1.0,15/54,16.94%,PLPP2;ALDH3A2;PSAP;CTSA;UGCG;SGPL1;PLPP1;ORMDL2;SPTLC1;ARSA;SPTLC2;ABCC1;SGPP2;B3GNT5;GLB1,KRT5-KRT17+ Basaloid,Reactome
prerank,REACTOME_NEDDYLATION,0.3593720557754739,0.9669210194370115,0.49261083743842365,0.7855869132935226,1.0,36/153,17.75%,CDKN1A;SPSB1;VCP;UBE2D1;PSME2;PSMB8;DDA1;PSMD2;FBXO32;HIF1A;PSMA6;PSMD4;PSMB10;UFD1;PSMC4;PSMD1;NFE2L2;UCHL3;FBXO2;DDB2;PSMC1;PSMD7;COMMD1;PSMA5;UBA3;COPS8;GPS1;SPSB3;PSMD6;PSMD13;PSMD9;FBXW5;DPP3;DDB1;PSMC3;PSMC6,KRT5-KRT17+ Basaloid,Reactome
prerank,REACTOME_MRNA_CAPPING,-0.4999016164052811,-0.9660745424849524,0.5339805825242718,0.8822759707613974,1.0,2/21,4.83%,POLR2L;POLR2C,KRT5-KRT17+ Basaloid,Reactome
prerank,REACTOME_TRANSCRIPTIONAL_ACTIVITY_OF_SMAD2_SMAD3_SMAD4_HETEROTRIMER,-0.45189391931843126,-0.9646364544720846,0.549800796812749,0.881530736433887,1.0,4/40,4.61%,RPS27A;UBA52;UBB;JUNB,KRT5-KRT17+ Basaloid,Reactome
prerank,REACTOME_ORC1_REMOVAL_FROM_CHROMATIN,-0.4429491677059797,-0.9641147825097925,0.5289256198347108,0.8788801937922202,1.0,3/47,3.31%,RPS27A;UBA52;UBB,KRT5-KRT17+ Basaloid,Reactome
prerank,REACTOME_REGULATION_OF_MECP2_EXPRESSION_AND_ACTIVITY,0.48064990161747295,0.9618570730786989,0.5714285714285714,0.794354381589389,1.0,2/22,9.89%,HDAC2;NCOR2,KRT5-KRT17+ Basaloid,Reactome
prerank,REACTOME_ANTIGEN_PROCESSING_CROSS_PRESENTATION,-0.4136436653534151,-0.9616809352617643,0.5402298850574713,0.8807118475826656,1.0,7/72,4.04%,RPS27A;B2M;UBA52;HMGB1;UBB;CD36;SEC61G,KRT5-KRT17+ Basaloid,Reactome
prerank,REACTOME_IMMUNOREGULATORY_INTERACTIONS_BETWEEN_A_LYMPHOID_AND_A_NON_LYMPHOID_CELL,0.4709662227335276,0.9616294980893572,0.5422535211267606,0.7918657626936069,1.0,7/25,6.72%,COL1A1;CDH1;CD99;ITGB1;NECTIN2;ICAM1;NPDC1,KRT5-KRT17+ Basaloid,Reactome
prerank,REACTOME_TRANSCRIPTIONAL_REGULATION_BY_SMALL_RNAS,-0.4764688921690569,-0.9584335566347132,0.5475113122171946,0.8858389791507234,1.0,3/33,5.59%,POLR2L;POLR2C;NUP58,KRT5-KRT17+ Basaloid,Reactome
prerank,REACTOME_SCF_BETA_TRCP_MEDIATED_DEGRADATION_OF_EMI1,-0.4449259209325303,-0.957526378550312,0.5183673469387755,0.8841814383908386,1.0,3/43,3.31%,RPS27A;UBA52;UBB,KRT5-KRT17+ Basaloid,Reactome
prerank,REACTOME_DEGRADATION_OF_DVL,-0.4397058683162013,-0.9566773397807719,0.525,0.8821998924061344,1.0,3/45,3.31%,RPS27A;UBA52;UBB,KRT5-KRT17+ Basaloid,Reactome
prerank,REACTOME_CD28_CO_STIMULATION,0.4958058750608194,0.9565136394824183,0.5473684210526316,0.8011783988763801,1.0,9/21,35.55%,PAK2;CDC42;YES1;FYN;LYN;PAK1;RAC1;SRC;GRB2,KRT5-KRT17+ Basaloid,Reactome
prerank,REACTOME_RNA_POLYMERASE_III_TRANSCRIPTION,-0.4898160936205916,-0.956156596035151,0.5238095238095238,0.8792793473191712,1.0,3/26,5.78%,POLR2L;POLR1D;POLR3H,KRT5-KRT17+ Basaloid,Reactome
prerank,REACTOME_SUMOYLATION_OF_CHROMATIN_ORGANIZATION_PROTEINS,0.4456255696109579,0.9541565650342433,0.5238095238095238,0.8033898107825131,1.0,5/43,16.57%,HDAC2;CHD3;UBE2I;TPR;SEC13,KRT5-KRT17+ Basaloid,Reactome
prerank,REACTOME_LDL_CLEARANCE,-0.5383769486222834,-0.9537275064170282,0.57,0.8815058810187495,1.0,4/16,7.43%,NPC2;LDLR;NPC1;PCSK9,KRT5-KRT17+ Basaloid,Reactome
prerank,REACTOME_SENESCENCE_ASSOCIATED_SECRETORY_PHENOTYPE_SASP,0.4595388944436621,0.9521332527887995,0.5618729096989966,0.8052012157626601,1.0,5/33,3.71%,IGFBP7;CDKN1A;CDKN2A;CDKN2B;UBE2D1,KRT5-KRT17+ Basaloid,Reactome
prerank,REACTOME_REGULATED_NECROSIS,-0.4395567024116002,-0.950406746703015,0.5524193548387096,0.8858788115549499,1.0,4/45,3.31%,RPS27A;UBA52;HMGB1;UBB,KRT5-KRT17+ Basaloid,Reactome
prerank,REACTOME_AZATHIOPRINE_ADME,0.4963157101351545,0.9496603031233546,0.559322033898305,0.808091967496091,1.0,7/15,32.71%,NME2;NME1;VAV2;SLC29A1;GSTM1;RAC1;ABCC5,KRT5-KRT17+ Basaloid,Reactome
prerank,REACTOME_TRANSLATION_OF_SARS_COV_2_STRUCTURAL_PROTEINS,-0.4393161910874456,-0.9492286353579629,0.5577689243027888,0.8848700945139597,1.0,3/49,3.31%,RPS27A;UBA52;UBB,KRT5-KRT17+ Basaloid,Reactome
prerank,REACTOME_VIRAL_MESSENGER_RNA_SYNTHESIS,-0.4716502486565575,-0.9473555399159359,0.5321100917431193,0.8856491123988659,1.0,3/32,5.59%,POLR2L;POLR2C;NUP58,KRT5-KRT17+ Basaloid,Reactome
prerank,REACTOME_INTERLEUKIN_12_FAMILY_SIGNALING,0.4658077187147797,0.9472466867388208,0.5703703703703704,0.8108938597485665,1.0,7/29,6.98%,CRLF1;ANXA2;PSME2;PAK2;RALA;STAT1;RAP1B,KRT5-KRT17+ Basaloid,Reactome
prerank,REACTOME_RHOC_GTPASE_CYCLE,0.4135948382244417,0.9465808206355552,0.5147679324894515,0.8093874551154102,1.0,16/53,22.45%,RHOC;JUP;STOM;FLOT1;CAV1;DIAPH1;DAAM1;CAVIN1;ARHGDIA;BCR;PKN2;ARHGAP18;ARHGAP21;RTKN;VAV2;MACO1,KRT5-KRT17+ Basaloid,Reactome
prerank,REACTOME_DEGRADATION_OF_GLI1_BY_THE_PROTEASOME,-0.4406005913666426,-0.9464584521490791,0.5588235294117647,0.8839626152851775,1.0,3/46,3.31%,RPS27A;UBA52;UBB,KRT5-KRT17+ Basaloid,Reactome
prerank,REACTOME_SWITCHING_OF_ORIGINS_TO_A_POST_REPLICATIVE_STATE,-0.4082866746113229,-0.9463740378460743,0.5670498084291188,0.880154551187891,1.0,4/63,3.97%,RPS27A;UBA52;UBB;ANAPC16,KRT5-KRT17+ Basaloid,Reactome
prerank,REACTOME_NEUROTRANSMITTER_RELEASE_CYCLE,-0.543831324748045,-0.9463073460203882,0.6210526315789474,0.8763080690498081,1.0,4/15,7.45%,MAOA;VAMP2;STXBP1;UNC13B,KRT5-KRT17+ Basaloid,Reactome
prerank,REACTOME_CARGO_RECOGNITION_FOR_CLATHRIN_MEDIATED_ENDOCYTOSIS,-0.4122923937699182,-0.9455231780454313,0.5485232067510548,0.8743965531095936,1.0,5/70,5.02%,RPS27A;UBA52;UBB;LDLR;VAMP2,KRT5-KRT17+ Basaloid,Reactome
prerank,REACTOME_RESOLUTION_OF_ABASIC_SITES_AP_SITES,0.4891652773404336,0.9450287979572435,0.5573248407643312,0.8101056755672945,1.0,6/18,21.88%,POLD4;TDG;MPG;APEX1;POLB;PNKP,KRT5-KRT17+ Basaloid,Reactome
prerank,REACTOME_NEGATIVE_REGULATION_OF_THE_PI3K_AKT_NETWORK,0.42425880042539454,0.9429400366366015,0.5308641975308642,0.8121460741918259,1.0,11/52,17.88%,PDGFA;NRG1;IER3;ERBB2;PPP2R1A;MET;ERBB3;PPP2CA;HBEGF;RHOG;MYD88,KRT5-KRT17+ Basaloid,Reactome
prerank,REACTOME_BRANCHED_CHAIN_AMINO_ACID_CATABOLISM,-0.5274034566248972,-0.9425397058980047,0.6173469387755102,0.8781240006760194,1.0,6/18,10.62%,MCCC1;ACAT1;ALDH6A1;IVD;BCAT2;ACADSB,KRT5-KRT17+ Basaloid,Reactome
prerank,REACTOME_C_TYPE_LECTIN_RECEPTORS_CLRS,-0.3927931583949471,-0.9424517337594439,0.5294117647058824,0.8743647378574715,1.0,5/91,3.31%,MUC1;RPS27A;UBA52;NFKBIA;UBB,KRT5-KRT17+ Basaloid,Reactome
prerank,REACTOME_TRANSCRIPTIONAL_REGULATION_BY_E2F6,0.48567859024838095,0.9424315263866722,0.5934065934065934,0.8102109024340064,1.0,7/22,24.78%,EPC1;TFDP2;EHMT1;RBBP8;RBBP4;RING1;CBX3,KRT5-KRT17+ Basaloid,Reactome
prerank,REACTOME_MATERNAL_TO_ZYGOTIC_TRANSITION_MZT,-0.43782741664199337,-0.9420058900431472,0.5550660792951542,0.8718085361346241,1.0,2/41,3.23%,RPS2;PABPC1,KRT5-KRT17+ Basaloid,Reactome
prerank,REACTOME_MITOTIC_PROPHASE,0.4147625885412619,0.9395344332251657,0.5761316872427984,0.8137658748767513,1.0,13/55,22.17%,LMNA;PPP2R1A;BANF1;TPR;PPP2CA;ARPP19;SEC13;GOLGA2;NUMA1;NEK6;GORASP2;LPIN2;EMD,KRT5-KRT17+ Basaloid,Reactome
prerank,REACTOME_APC_C_CDH1_MEDIATED_DEGRADATION_OF_CDC20_AND_OTHER_APC_C_CDH1_TARGETED_PROTEINS_IN_LATE_MITOSIS_EARLY_G1,-0.41252053786102805,-0.9383193070213082,0.5298804780876494,0.8774362264560083,1.0,4/58,3.97%,RPS27A;UBA52;UBB;ANAPC16,KRT5-KRT17+ Basaloid,Reactome
prerank,REACTOME_DEGRADATION_OF_AXIN,-0.4332076215680042,-0.9376545761808409,0.5653846153846154,0.875358099722799,1.0,3/47,3.31%,RPS27A;UBA52;UBB,KRT5-KRT17+ Basaloid,Reactome
prerank,REACTOME_RMTS_METHYLATE_HISTONE_ARGININES,-0.4689377682020694,-0.9346747222872147,0.5566037735849056,0.878999963077673,1.0,1/26,0.48%,RPS2,KRT5-KRT17+ Basaloid,Reactome
prerank,REACTOME_SIGNALING_BY_NUCLEAR_RECEPTORS,-0.36948761040498784,-0.9342167371190357,0.6035087719298246,0.8763452220003963,1.0,8/144,3.26%,FABP5;FASN;SCD;SDR16C5;POLR2L;APOC1;FOS;JUN,KRT5-KRT17+ Basaloid,Reactome
prerank,REACTOME_DNA_REPLICATION_PRE_INITIATION,-0.39826212047373777,-0.9308182271849702,0.5842696629213483,0.8811569089466073,1.0,4/68,3.97%,RPS27A;UBA52;UBB;ANAPC16,KRT5-KRT17+ Basaloid,Reactome
prerank,REACTOME_INTERACTIONS_OF_REV_WITH_HOST_CELLULAR_PROTEINS,-0.47371332456295956,-0.9298254085579395,0.6009389671361502,0.8799075609784387,1.0,2/27,5.59%,NPM1;NUP58,KRT5-KRT17+ Basaloid,Reactome
prerank,REACTOME_SYNTHESIS_OF_DNA,-0.3929212741000358,-0.9287520905702701,0.6045627376425855,0.8785130310193718,1.0,4/71,3.97%,RPS27A;UBA52;UBB;ANAPC16,KRT5-KRT17+ Basaloid,Reactome
prerank,REACTOME_LEISHMANIA_INFECTION,0.37322498106386737,0.9286445621247148,0.5708154506437768,0.836331415005635,1.0,12/86,8.21%,APP;MYH9;GNAI2;ACTR3;PYCARD;CYBA;GNG12;GNG10;WASF2;GNB1;PLK2;ARPC5,KRT5-KRT17+ Basaloid,Reactome
prerank,REACTOME_NGF_STIMULATED_TRANSCRIPTION,-0.4924555566983376,-0.9262121715154567,0.5876777251184834,0.8815030062086976,1.0,6/23,6.23%,FOS;JUNB;EGR1;ID4;ID1;ID2,KRT5-KRT17+ Basaloid,Reactome
prerank,REACTOME_SIGNALING_BY_MODERATE_KINASE_ACTIVITY_BRAF_MUTANTS,0.45276750964159346,0.9251516705505658,0.5857142857142857,0.8418357706987114,1.0,5/28,8.74%,FN1;VCL;TLN1;RAP1B;KRAS,KRT5-KRT17+ Basaloid,Reactome
prerank,REACTOME_INTRACELLULAR_SIGNALING_BY_SECOND_MESSENGERS,0.3325621229632473,0.9248566858031765,0.6746411483253588,0.8394801887003228,1.0,38/191,17.88%,CDKN1A;MDM2;HDAC2;PDGFA;NRG1;PSME2;PML;IER3;CHD3;PSMB8;ERBB2;PSMD2;PPP2R1A;MET;PSMA6;PSMD4;PSMB10;PSMC4;GSK3B;ERBB3;PSMD1;PSMC1;PSMD7;CSNK2A1;PPP2CA;PSMA5;LAMTOR2;HBEGF;HDAC7;RRAGA;PSMD6;PSMD13;TNKS2;PSMD9;RHOG;PSMC3;PSMC6;MYD88,KRT5-KRT17+ Basaloid,Reactome
prerank,REACTOME_REGULATION_OF_LIPID_METABOLISM_BY_PPARALPHA,0.39037284671098105,0.9243894342515072,0.6334661354581673,0.8374880192928034,1.0,2/81,0.91%,FHL2;TNFRSF21,KRT5-KRT17+ Basaloid,Reactome
prerank,REACTOME_ASYMMETRIC_LOCALIZATION_OF_PCP_PROTEINS,-0.4222511932786793,-0.9236099639433539,0.5725806451612904,0.8842786047307043,1.0,3/46,3.31%,RPS27A;UBA52;UBB,KRT5-KRT17+ Basaloid,Reactome
prerank,REACTOME_APC_C_MEDIATED_DEGRADATION_OF_CELL_CYCLE_PROTEINS,-0.4039667941680452,-0.9230396569470346,0.5697211155378487,0.8816176818944113,1.0,4/60,3.97%,RPS27A;UBA52;UBB;ANAPC16,KRT5-KRT17+ Basaloid,Reactome
prerank,REACTOME_HEDGEHOG_OFF_STATE,0.3838974679553588,0.9227610740492883,0.6126482213438735,0.8383783182096741,1.0,23/71,17.75%,TUBA1A;TUBB3;TUBB6;TUBA4A;PSME2;PSMB8;PSMD2;TUBB2A;PSMA6;PSMD4;PSMB10;PSMC4;GSK3B;PSMD1;PSMC1;PSMD7;PSMA5;TUBB2B;PSMD6;PSMD13;PSMD9;PSMC3;PSMC6,KRT5-KRT17+ Basaloid,Reactome
prerank,REACTOME_TRANSPORT_OF_VITAMINS_NUCLEOSIDES_AND_RELATED_MOLECULES,-0.5070378901967004,-0.9206849411881718,0.6343612334801763,0.8837477597892092,1.0,4/21,5.80%,SLC25A5;SLC25A6;SLCO4C1;SLC25A4,KRT5-KRT17+ Basaloid,Reactome
prerank,REACTOME_ORGANELLE_BIOGENESIS_AND_MAINTENANCE,0.3402929071065566,0.9197625486102681,0.6445497630331753,0.8419909495595717,1.0,18/168,9.62%,TUBA1A;TUBB3;TUBB6;TUBA4A;DYNC1H1;CCT2;DCTN2;GLUD1;ACTR1A;RAB11A;PPP2R1A;TUBB2A;CSNK1D;DYNC1I2;MT-ATP8;YWHAG;CCT5;ARL3,KRT5-KRT17+ Basaloid,Reactome
prerank,REACTOME_MAPK_TARGETS_NUCLEAR_EVENTS_MEDIATED_BY_MAP_KINASES,-0.476438195876671,-0.9182541492626412,0.6084905660377359,0.8861058428405055,1.0,3/23,6.80%,FOS;JUN;RPS6KA2,KRT5-KRT17+ Basaloid,Reactome
prerank,REACTOME_REGULATION_OF_PLK1_ACTIVITY_AT_G2_M_TRANSITION,0.4015695699026189,0.9181251556032097,0.5546218487394958,0.8425731923247255,1.0,11/50,8.62%,TUBA1A;TUBA4A;DYNC1H1;OPTN;DCTN2;ACTR1A;PPP2R1A;PPP1CB;CSNK1D;DYNC1I2;YWHAG,KRT5-KRT17+ Basaloid,Reactome
prerank,REACTOME_DNA_REPLICATION,-0.3852669217530427,-0.9152359508424722,0.6121673003802282,0.8897023493884723,1.0,4/74,3.97%,RPS27A;UBA52;UBB;ANAPC16,KRT5-KRT17+ Basaloid,Reactome
prerank,REACTOME_BINDING_AND_UPTAKE_OF_LIGANDS_BY_SCAVENGER_RECEPTORS,-0.49564574000809686,-0.9143636110960179,0.5990566037735849,0.8880385993806469,1.0,5/20,4.43%,FTL;FTH1;CD36;SCGB3A2;COLEC12,KRT5-KRT17+ Basaloid,Reactome
prerank,REACTOME_G1_S_DNA_DAMAGE_CHECKPOINTS,0.4071696122139642,0.9142282161074062,0.5891472868217055,0.849053192142082,1.0,20/49,17.75%,CDKN1A;CDKN2A;MDM2;PSME2;PSMB8;PSMD2;PSMA6;PSMD4;PSMB10;PSMC4;PSMD1;PSMC1;PSMD7;PSMA5;PSMD6;PSMD13;PSMD9;PCBP4;PSMC3;PSMC6,KRT5-KRT17+ Basaloid,Reactome
prerank,REACTOME_REGULATION_OF_RAS_BY_GAPS,-0.4090081749455511,-0.9141542366563638,0.592,0.88469712296377,1.0,3/52,3.31%,RPS27A;UBA52;UBB,KRT5-KRT17+ Basaloid,Reactome
prerank,REACTOME_REGULATION_OF_PTEN_STABILITY_AND_ACTIVITY,-0.40729821306548786,-0.9141528673024646,0.5907335907335908,0.8810413497283826,1.0,3/58,3.31%,RPS27A;UBA52;UBB,KRT5-KRT17+ Basaloid,Reactome
prerank,REACTOME_FCERI_MEDIATED_NF_KB_ACTIVATION,-0.4047455456445747,-0.9130284414388435,0.6122448979591837,0.8801147923769774,1.0,4/62,3.31%,RPS27A;UBA52;NFKBIA;UBB,KRT5-KRT17+ Basaloid,Reactome
prerank,REACTOME_SIGNALING_BY_FGFR1_IN_DISEASE,0.46567770396094105,0.9127528391032312,0.6245733788395904,0.8493368098855005,1.0,5/22,16.06%,STAT1;KRAS;BCR;CUX1;HRAS,KRT5-KRT17+ Basaloid,Reactome
prerank,REACTOME_ESTROGEN_DEPENDENT_GENE_EXPRESSION,-0.40469157889413315,-0.9106894576927421,0.5977443609022557,0.8824297789901773,1.0,7/62,7.27%,POLR2L;FOS;JUN;POLR2C;KANK1;EBAG9;ERBB4,KRT5-KRT17+ Basaloid,Reactome
prerank,REACTOME_SEPARATION_OF_SISTER_CHROMATIDS,0.34679009603277305,0.9092532976845225,0.6495726495726496,0.8545322731543659,1.0,34/118,17.75%,TUBA1A;TUBB3;TUBB6;TUBA4A;DYNC1H1;UBE2D1;PSME2;PSMB8;PSMD2;PPP2R1A;TUBB2A;PSMA6;NUDC;DYNC1I2;PSMD4;KIF2A;PSMB10;DYNC1LI2;PSMC4;PSMD1;BUB3;PSMC1;PSMD7;PPP2CA;PSMA5;TUBB2B;ANAPC15;RCC2;PSMD6;PSMD13;SEC13;PSMD9;PSMC3;PSMC6,KRT5-KRT17+ Basaloid,Reactome
prerank,REACTOME_DOWNSTREAM_SIGNALING_EVENTS_OF_B_CELL_RECEPTOR_BCR,-0.40254670597998204,-0.9091652594430472,0.6016949152542372,0.8824935836151462,1.0,4/64,3.31%,RPS27A;UBA52;NFKBIA;UBB,KRT5-KRT17+ Basaloid,Reactome
prerank,REACTOME_RHOF_GTPASE_CYCLE,0.4345138471863644,0.909108229231003,0.6007462686567164,0.8518045267539343,1.0,8/28,11.83%,ACTN1;STEAP3;CAPZB;FARP1;SNAP23;BAIAP2L1;CAV1;DIAPH1,KRT5-KRT17+ Basaloid,Reactome
prerank,REACTOME_RHOB_GTPASE_CYCLE,0.4036952696316558,0.9079701257656239,0.625,0.8515566570779737,1.0,17/48,21.89%,JUP;STOM;NET1;SNAP23;FLOT1;RHOB;CAV1;DIAPH1;DAAM1;CAVIN1;BCR;RHPN2;PKN2;ARHGAP21;PCDH7;RTKN;VAV2,KRT5-KRT17+ Basaloid,Reactome
prerank,REACTOME_GENE_SILENCING_BY_RNA,-0.4082267985874376,-0.9069792098762515,0.5806451612903226,0.8841647998474672,1.0,3/47,5.59%,POLR2L;POLR2C;NUP58,KRT5-KRT17+ Basaloid,Reactome
prerank,REACTOME_MAP2K_AND_MAPK_ACTIVATION,0.4529261481198415,0.9061613204311133,0.6172413793103448,0.8528333873550793,1.0,5/25,8.74%,FN1;VCL;TLN1;RAP1B;KRAS,KRT5-KRT17+ Basaloid,Reactome
prerank,REACTOME_DECTIN_1_MEDIATED_NONCANONICAL_NF_KB_SIGNALING,-0.4144748644314529,-0.9057145203708346,0.6260162601626016,0.8838207083336835,1.0,3/48,3.31%,RPS27A;UBA52;UBB,KRT5-KRT17+ Basaloid,Reactome
prerank,REACTOME_SLC_TRANSPORTER_DISORDERS,-0.41692201886174207,-0.9041547470575277,0.6104417670682731,0.8841792225274797,1.0,1/45,0.17%,SLC34A2,KRT5-KRT17+ Basaloid,Reactome
prerank,REACTOME_ANTIVIRAL_MECHANISM_BY_IFN_STIMULATED_GENES,0.36887344817357787,0.9032473632183015,0.6410256410256411,0.8561685928913656,1.0,31/95,20.56%,TUBA1A;TUBB3;FLNA;FLNB;TUBB6;TUBA4A;ISG15;PPP2R1A;TUBB2A;ILF2;STAT1;UBE2I;DNAJC3;MX1;TPR;ILF3;PPP2CA;EIF4E2;TUBB2B;KPNB1;UBE2L6;SEC13;MX2;EIF2AK2;DHX9;PIN1;EIF4E;KPNA4;ADAR;EIF4G1;UBE2N,KRT5-KRT17+ Basaloid,Reactome
prerank,REACTOME_ZBP1_DAI_MEDIATED_INDUCTION_OF_TYPE_I_IFNS,-0.5040114079886132,-0.9031432029608607,0.6633663366336634,0.8832380753019383,1.0,1/15,2.55%,NFKBIA,KRT5-KRT17+ Basaloid,Reactome
prerank,REACTOME_NEGATIVE_REGULATION_OF_NOTCH4_SIGNALING,-0.41689810620595247,-0.9014368917510623,0.6434426229508197,0.8837252113803223,1.0,3/44,3.31%,RPS27A;UBA52;UBB,KRT5-KRT17+ Basaloid,Reactome
prerank,REACTOME_RUNX1_REGULATES_TRANSCRIPTION_OF_GENES_INVOLVED_IN_DIFFERENTIATION_OF_HSCS,-0.40201334284765444,-0.9007446552970413,0.6031746031746031,0.8818928579399564,1.0,3/52,3.31%,RPS27A;UBA52;UBB,KRT5-KRT17+ Basaloid,Reactome
prerank,REACTOME_TCF_DEPENDENT_SIGNALING_IN_RESPONSE_TO_WNT,0.34872719601912894,0.9004085581070259,0.6695278969957081,0.8595290323552425,1.0,31/111,17.75%,SOX4;YWHAZ;PSME2;SOX9;PSMB8;PSMD2;CTNNB1;PPP2R1A;TLE2;PSMA6;PSMD4;PSMB10;FZD6;PSMC4;GSK3B;PSMD1;CAV1;CSNK1E;SMARCA4;PSMC1;PSMD7;CSNK2A1;PPP2CA;PSMA5;DKK1;PSMD6;PSMD13;TNKS2;PSMD9;PSMC3;PSMC6,KRT5-KRT17+ Basaloid,Reactome
prerank,REACTOME_LATE_SARS_COV_2_INFECTION_EVENTS,-0.4139489068788008,-0.899359654843841,0.6341463414634146,0.8813563908960516,1.0,3/53,3.31%,RPS27A;UBA52;UBB,KRT5-KRT17+ Basaloid,Reactome
prerank,REACTOME_MAPK6_MAPK4_SIGNALING,-0.3963318657095263,-0.8976370575020002,0.668,0.8819887695672667,1.0,4/64,3.31%,RPS27A;UBA52;JUN;UBB,KRT5-KRT17+ Basaloid,Reactome
prerank,REACTOME_MITF_M_DEPENDENT_GENE_EXPRESSION,0.3915744789062303,0.8955093628619724,0.632,0.8674075999347455,1.0,18/60,17.39%,CDKN1A;CDKN2A;CCND1;SYTL2;SMARCC1;CTNNB1;ATP6AP2;MET;SMARCB1;ATP6V0C;DIAPH1;SMARCA4;SMARCC2;ATP6V1D;BCL7C;MAPK14;SMARCE1;BCL7A,KRT5-KRT17+ Basaloid,Reactome
prerank,REACTOME_VEGFR2_MEDIATED_CELL_PROLIFERATION,0.4744365536723478,0.8926938009521318,0.6,0.8708778924032295,1.0,3/15,16.06%,KDR;KRAS;HRAS,KRT5-KRT17+ Basaloid,Reactome
prerank,REACTOME_BETA_CATENIN_INDEPENDENT_WNT_SIGNALING,0.3577459902819372,0.8923885207313956,0.6652360515021459,0.8685028923977814,1.0,31/88,19.14%,CLTB;PSME2;GNG12;GNG10;AP2M1;PSMB8;PSMD2;CTNNB1;GNB1;SMURF1;PSMA6;PSMD4;KRAS;PSMB10;FZD6;GNB2;AP2B1;PSMC4;PSMD1;DAAM1;PSMC1;PSMD7;PSMA5;PSMD6;PSMD13;PSMD9;PSMC3;PSMC6;AP2A1;DVL3;CLTC,KRT5-KRT17+ Basaloid,Reactome
prerank,REACTOME_REGULATION_OF_INSULIN_SECRETION,0.4215626168298894,0.8905110681906794,0.6394052044609665,0.8696947722714994,1.0,8/33,11.05%,MARCKS;GNAI2;GNG12;GNG10;GNB1;KCNS3;GNB2;CACNB3,KRT5-KRT17+ Basaloid,Reactome
prerank,REACTOME_REGULATION_OF_RUNX2_EXPRESSION_AND_ACTIVITY,-0.39944221097433386,-0.8882283003998395,0.6516393442622951,0.8994761828352685,1.0,3/52,3.31%,RPS27A;UBA52;UBB,KRT5-KRT17+ Basaloid,Reactome
prerank,REACTOME_CELLULAR_RESPONSE_TO_HYPOXIA,-0.3874002080648173,-0.887838029447351,0.6882591093117408,0.89695392649225,1.0,5/61,5.70%,RPS27A;UBA52;UBB;EGLN2;CITED2,KRT5-KRT17+ Basaloid,Reactome
prerank,REACTOME_COSTIMULATION_BY_THE_CD28_FAMILY,-0.4202569420098023,-0.8855231207841218,0.6313725490196078,0.8987635229763741,1.0,4/39,5.04%,HLA-DRA;HLA-DRB1;HLA-DRB5;PPP2R5A,KRT5-KRT17+ Basaloid,Reactome
prerank,REACTOME_SIGNALING_BY_THE_B_CELL_RECEPTOR_BCR,-0.37861854585977417,-0.8847509066080855,0.6746031746031746,0.8969861067303816,1.0,4/79,3.31%,RPS27A;UBA52;NFKBIA;UBB,KRT5-KRT17+ Basaloid,Reactome
prerank,REACTOME_SUMOYLATION_OF_INTRACELLULAR_RECEPTORS,0.47911542250069417,0.8839924671410402,0.6501650165016502,0.8811115773004985,1.0,1/16,6.59%,UBE2I,KRT5-KRT17+ Basaloid,Reactome
prerank,REACTOME_ROS_AND_RNS_PRODUCTION_IN_PHAGOCYTES,0.4764940337658868,0.8820572616991715,0.6411960132890365,0.8826801468475758,1.0,5/15,14.19%,CYBA;TCIRG1;ATP6V0C;NCF2;ATP6V1D,KRT5-KRT17+ Basaloid,Reactome
prerank,REACTOME_AUTOPHAGY,-0.36042128725770073,-0.8792404867841336,0.6715867158671587,0.9061030901028937,1.0,6/110,3.31%,EEF1A1;RPS27A;UBA52;RNASE1;TOMM7;UBB,KRT5-KRT17+ Basaloid,Reactome
prerank,REACTOME_INSULIN_RECEPTOR_RECYCLING,0.4536005520084029,0.8750045998598927,0.652317880794702,0.8948413903680829,1.0,5/19,15.92%,PTPRF;TCIRG1;ATP6V0C;ATP6V1D;ATP6AP1,KRT5-KRT17+ Basaloid,Reactome
prerank,REACTOME_METABOLISM_OF_POLYAMINES,-0.39993016639200357,-0.8749821874750752,0.6785714285714286,0.9123134000017286,1.0,2/46,1.60%,SAT1;OAZ1,KRT5-KRT17+ Basaloid,Reactome
prerank,REACTOME_DEFECTIVE_CFTR_CAUSES_CYSTIC_FIBROSIS,-0.39572373235825437,-0.8738829542608386,0.689795918367347,0.9115444837698634,1.0,3/50,3.31%,RPS27A;UBA52;UBB,KRT5-KRT17+ Basaloid,Reactome
prerank,REACTOME_SUMOYLATION,0.33094742692543816,0.8738732860125676,0.7201834862385321,0.8943416954130025,1.0,17/118,19.40%,CDKN2A;MDM2;HDAC2;PML;CHD3;UBE2I;NCOR2;TPR;TDG;TP53BP1;SP100;HDAC7;SEC13;NRIP1;EIF2AK2;TFAP2A;HERC2,KRT5-KRT17+ Basaloid,Reactome
prerank,REACTOME_INTERLEUKIN_1_SIGNALING,-0.38023685120928835,-0.8728832280282054,0.728448275862069,0.9103252570005838,1.0,5/78,3.31%,RPS27A;UBA52;NFKBIA;HMGB1;UBB,KRT5-KRT17+ Basaloid,Reactome
prerank,REACTOME_AMYLOID_FIBER_FORMATION,0.42120875582220574,0.8722505163830879,0.6782945736434108,0.8945380726655765,1.0,7/32,5.81%,GSN;APP;MFGE8;HSPG2;TSPAN15;TGFBI;TSPAN14,KRT5-KRT17+ Basaloid,Reactome
prerank,REACTOME_NUCLEAR_ENVELOPE_BREAKDOWN,0.4143175982396495,0.8721510927504941,0.6716981132075471,0.8917371628515489,1.0,7/34,22.17%,LMNA;BANF1;TPR;SEC13;NEK6;LPIN2;EMD,KRT5-KRT17+ Basaloid,Reactome
prerank,REACTOME_S_PHASE,0.342959434205774,0.8714645795060522,0.7372881355932204,0.8901775186776887,1.0,24/101,17.75%,CDKN1A;CCND1;UBE2D1;PSME2;PSMB8;PSMD2;PSMA6;WEE1;PSMD4;PSMB10;PSMC4;GSK3B;PSMD1;POLD4;PSMC1;PSMD7;PSMA5;ANAPC15;PSMD6;PSMD13;PSMD9;TFDP2;PSMC3;PSMC6,KRT5-KRT17+ Basaloid,Reactome
prerank,REACTOME_HEDGEHOG_LIGAND_BIOGENESIS,-0.39681832974024756,-0.8704826876247017,0.6861924686192469,0.9125507572629932,1.0,3/48,3.31%,RPS27A;UBA52;UBB,KRT5-KRT17+ Basaloid,Reactome
prerank,REACTOME_FORMATION_OF_THE_BETA_CATENIN_TCF_TRANSACTIVATING_COMPLEX,0.47147554203114717,0.8701124093262869,0.6733333333333333,0.8900596806431267,1.0,3/20,11.85%,CTNNB1;TLE2;SMARCA4,KRT5-KRT17+ Basaloid,Reactome
prerank,REACTOME_METABOLISM_OF_VITAMINS_AND_COFACTORS,0.35048079336479104,0.8659918895299079,0.7136752136752137,0.8959540530938823,1.0,11/101,7.21%,PTGS2;AGRN;RBP1;SDC1;HSPG2;GPC1;AKR1C3;RFK;LRP10;PRSS1;PDXK,KRT5-KRT17+ Basaloid,Reactome
prerank,REACTOME_RSV_HOST_INTERACTIONS,-0.383787293130493,-0.8644517743272683,0.6899563318777293,0.9224020871424023,1.0,4/55,3.31%,RPS27A;UBA52;SDC4;UBB,KRT5-KRT17+ Basaloid,Reactome
prerank,REACTOME_ABORTIVE_ELONGATION_OF_HIV_1_TRANSCRIPT_IN_THE_ABSENCE_OF_TAT,-0.4660873032152302,-0.8639253742764165,0.6918918918918919,0.9198483987393625,1.0,2/19,4.83%,POLR2L;POLR2C,KRT5-KRT17+ Basaloid,Reactome
prerank,REACTOME_SIGNALING_BY_HEDGEHOG,0.3496952324574399,0.8633435522265419,0.7896825396825397,0.8981058458980462,1.0,27/91,18.20%,TUBA1A;TUBB3;TUBB6;TUBA4A;VCP;PSME2;PSMB8;PSMD2;TUBB2A;SMURF1;PSMA6;PSMD4;PSMB10;PSMC4;GSK3B;PSMD1;PSMC1;PSMD7;OS9;PSMA5;TUBB2B;PSMD6;PSMD13;PSMD9;PSMC3;PSMC6;DERL2,KRT5-KRT17+ Basaloid,Reactome
prerank,REACTOME_ATF4_ACTIVATES_GENES_IN_RESPONSE_TO_ENDOPLASMIC_RETICULUM_STRESS,0.44385871185689973,0.8615557856889657,0.7098976109215017,0.8989317247688523,1.0,2/22,7.02%,CCL2;ATF3,KRT5-KRT17+ Basaloid,Reactome
prerank,REACTOME_FORMATION_OF_THE_EARLY_ELONGATION_COMPLEX,-0.42397322986022207,-0.8609076363739478,0.6908212560386473,0.922972325628878,1.0,2/25,4.83%,POLR2L;POLR2C,KRT5-KRT17+ Basaloid,Reactome
prerank,REACTOME_NR1H3_NR1H2_REGULATE_GENE_EXPRESSION_LINKED_TO_CHOLESTEROL_TRANSPORT_AND_EFFLUX,0.44620885898302076,0.8605576494033849,0.7209302325581395,0.898037569887032,1.0,1/23,0.74%,ARL4C,KRT5-KRT17+ Basaloid,Reactome
prerank,REACTOME_PROTEIN_UBIQUITINATION,-0.39144652339838726,-0.8592659212085175,0.708502024291498,0.9228635036482984,1.0,3/52,3.31%,RPS27A;UBA52;UBB,KRT5-KRT17+ Basaloid,Reactome
prerank,REACTOME_TRANSCRIPTIONAL_REGULATION_BY_NPAS4,0.45024476077848546,0.8572040634933668,0.6838487972508591,0.9014968779498967,1.0,3/20,7.85%,MDM2;MAGED1;PLK2,KRT5-KRT17+ Basaloid,Reactome
prerank,REACTOME_NUCLEOTIDE_CATABOLISM,0.4462361749589055,0.8542764662268686,0.6633333333333333,0.9049073234327173,1.0,3/18,9.31%,UPP1;TYMP;PNP,KRT5-KRT17+ Basaloid,Reactome
prerank,REACTOME_KERATAN_SULFATE_KERATIN_METABOLISM,0.46042855066737404,0.8524353230737715,0.7162629757785467,0.9058756952949463,1.0,4/16,20.01%,B4GALT1;GLB1;HEXB;GNS,KRT5-KRT17+ Basaloid,Reactome
prerank,REACTOME_ANTIGEN_PROCESSING_UBIQUITINATION_PROTEASOME_DEGRADATION,0.304897027253151,0.8516533400249562,0.8590909090909091,0.9044583521350195,1.0,55/197,23.84%,SPSB1;UBE2H;UBE2D1;PSME2;UBE2E3;UBE2J1;PSMB8;PSMD2;UBA1;FBXO32;RNF19A;NPEPPS;SMURF1;RNF213;PSMA6;PSMD4;SH3RF1;PSMB10;UBE2L3;PSMC4;UBR4;PSMD1;CDC34;FBXO2;UBE2Q2;PSMC1;PSMD7;PSMA5;UBE2Z;UBA3;UBE2A;PSMD6;UBE2L6;PSMD13;UBE2V1;PSMD9;FBXW5;PSMC3;PSMC6;FBXO7;HERC2;RNF4;UBE2N;RNF130;HUWE1;RNF144B;UBE2J2;UBE2B;PSMB2;PSMC5;SMURF2;RBCK1;TRIM32;PSMD11;PJA1,KRT5-KRT17+ Basaloid,Reactome
prerank,REACTOME_DEACTIVATION_OF_THE_BETA_CATENIN_TRANSACTIVATING_COMPLEX,-0.43900636962640327,-0.850623138717801,0.6807511737089202,0.9376003698968305,1.0,3/26,3.31%,RPS27A;UBA52;UBB,KRT5-KRT17+ Basaloid,Reactome
prerank,REACTOME_REGULATION_OF_ENDOGENOUS_RETROELEMENTS,0.3839334852007524,0.8486896708411492,0.7086330935251799,0.9075091754315933,1.0,16/44,22.48%,HDAC2;CHD3;SMARCC1;UBE2I;SMARCB1;SMARCA4;SMARCC2;SPOCD1;BCL7C;SMARCE1;PPHLN1;BCL7A;EHMT1;ACTL6A;RBBP4;ATF7IP,KRT5-KRT17+ Basaloid,Reactome
prerank,REACTOME_CLEC7A_DECTIN_1_SIGNALING,-0.3656093531329786,-0.848125608763946,0.6892430278884463,0.9394634247083054,1.0,4/75,3.31%,RPS27A;UBA52;NFKBIA;UBB,KRT5-KRT17+ Basaloid,Reactome
prerank,REACTOME_O_LINKED_GLYCOSYLATION_OF_MUCINS,-0.4326528656069466,-0.8463581996268558,0.7105263157894737,0.939422050125575,1.0,1/27,0.81%,MUC1,KRT5-KRT17+ Basaloid,Reactome
prerank,REACTOME_SIGNALING_BY_ERBB4,-0.4229732744990305,-0.8448339327814495,0.7,0.9391343233187838,1.0,3/32,3.31%,RPS27A;UBA52;UBB,KRT5-KRT17+ Basaloid,Reactome
prerank,REACTOME_CLASS_I_MHC_MEDIATED_ANTIGEN_PROCESSING_PRESENTATION,0.29717965559536985,0.8394704593389452,0.9263157894736842,0.9224822479413795,1.0,71/243,23.84%,ITGAV;SPSB1;UBE2H;UBE2D1;PSME2;UBE2E3;CYBA;BCAP31;UBE2J1;PSMB8;PSMD2;TAP1;UBA1;FBXO32;RNF19A;NPEPPS;SMURF1;RNF213;PSMA6;PSMD4;SNAP23;SH3RF1;PSMB10;ITGB5;NCF2;UBE2L3;PSMC4;UBR4;PSMD1;CDC34;SEC31A;SEC61A1;FBXO2;UBE2Q2;PSMC1;PSMD7;PSMA5;UBE2Z;HLA-A;UBA3;UBE2A;PSMD6;UBE2L6;PSMD13;SEC13;UBE2V1;PSMD9;FBXW5;PSMC3;PSMC6;MYD88;FBXO7;HERC2;CALR;RNF4;UBE2N;ERAP2;RNF130;HUWE1;RNF144B;HLA-E;PDIA3;UBE2J2;UBE2B;PSMB2;PSMC5;SMURF2;RBCK1;TRIM32;PSMD11;PJA1,KRT5-KRT17+ Basaloid,Reactome
prerank,REACTOME_TRANS_GOLGI_NETWORK_VESICLE_BUDDING,-0.3667392146615384,-0.8356288582382521,0.7763713080168776,0.9557681334013028,1.0,2/58,1.01%,FTL;FTH1,KRT5-KRT17+ Basaloid,Reactome
prerank,REACTOME_ARACHIDONIC_ACID_METABOLISM,0.4429532382519954,0.8353174324837729,0.7250859106529209,0.9268931635267267,1.0,3/18,4.75%,PTGS2;PON2;AKR1C3,KRT5-KRT17+ Basaloid,Reactome
prerank,REACTOME_FCERI_MEDIATED_MAPK_ACTIVATION,-0.4440270113469822,-0.8344743735820327,0.6878048780487804,0.9546062762199952,1.0,2/19,3.26%,FOS;JUN,KRT5-KRT17+ Basaloid,Reactome
prerank,REACTOME_BASE_EXCISION_REPAIR,0.42958713452868996,0.8339972586622346,0.7247386759581882,0.9264502598271719,1.0,6/21,21.88%,POLD4;TDG;MPG;APEX1;POLB;PNKP,KRT5-KRT17+ Basaloid,Reactome
prerank,REACTOME_CYCLIN_A_CDK2_ASSOCIATED_EVENTS_AT_S_PHASE_ENTRY,0.3554767988702068,0.8325834580330781,0.7607843137254902,0.9260676163394064,1.0,20/61,17.75%,CDKN1A;CCND1;PSME2;PSMB8;PSMD2;PSMA6;WEE1;PSMD4;PSMB10;PSMC4;PSMD1;PSMC1;PSMD7;PSMA5;PSMD6;PSMD13;PSMD9;TFDP2;PSMC3;PSMC6,KRT5-KRT17+ Basaloid,Reactome
prerank,REACTOME_OPIOID_SIGNALLING,0.3781994403425892,0.8318622743349262,0.7245762711864406,0.9244474869120601,1.0,6/41,10.14%,GNAI2;GNG12;GNG10;PPP2R1A;GNB1;GNB2,KRT5-KRT17+ Basaloid,Reactome
prerank,REACTOME_RAF_ACTIVATION,0.41614623204953954,0.8311637554828712,0.6958174904942965,0.9227743262972872,1.0,5/25,16.06%,PPP2R1A;PPP1CB;KRAS;PPP2CA;HRAS,KRT5-KRT17+ Basaloid,Reactome
prerank,REACTOME_PEROXISOMAL_LIPID_METABOLISM,0.4438064350289384,0.8305774109904546,0.710801393728223,0.9208085511052446,1.0,1/15,1.95%,ALDH3A2,KRT5-KRT17+ Basaloid,Reactome
prerank,REACTOME_INTERLEUKIN_12_SIGNALING,-0.43617545485665465,-0.8293145309162618,0.7181818181818181,0.9617028142875115,1.0,2/24,3.47%,RPLP0;SOD2,KRT5-KRT17+ Basaloid,Reactome
prerank,REACTOME_SIGNALING_BY_INSULIN_RECEPTOR,0.3847536368022486,0.8277710017067549,0.744,0.9228860421468968,1.0,7/40,16.06%,PTPRF;TCIRG1;ATP6V0C;KRAS;ATP6V1D;ATP6AP1;HRAS,KRT5-KRT17+ Basaloid,Reactome
prerank,REACTOME_TP53_REGULATES_TRANSCRIPTION_OF_ADDITIONAL_CELL_CYCLE_GENES_WHOSE_EXACT_ROLE_IN_THE_P53_PATHWAY_REMAIN_UNCERTAIN,-0.4496763640810198,-0.8267670423477639,0.6631578947368421,0.9635181264346105,1.0,1/18,2.33%,NPM1,KRT5-KRT17+ Basaloid,Reactome
prerank,REACTOME_INTERLEUKIN_1_FAMILY_SIGNALING,-0.3443975919815566,-0.8263595002179367,0.8122605363984674,0.960924411303562,1.0,6/97,4.74%,RPS27A;UBA52;NFKBIA;HMGB1;UBB;PTPN13,KRT5-KRT17+ Basaloid,Reactome
prerank,REACTOME_HIV_TRANSCRIPTION_INITIATION,-0.41123793972593,-0.8260987985471676,0.7040358744394619,0.9578522740624608,1.0,2/30,4.83%,POLR2L;POLR2C,KRT5-KRT17+ Basaloid,Reactome
prerank,REACTOME_ADIPOGENESIS,-0.35125063719153127,-0.8232083728980419,0.8112449799196787,0.9598949664867774,1.0,5/75,4.29%,CEBPD;CD36;LPL;CEBPA;ADIRF,KRT5-KRT17+ Basaloid,Reactome
prerank,REACTOME_SIGNALLING_TO_ERKS,0.40132310125267845,0.8215876160855313,0.7678571428571429,0.9318689290085942,1.0,10/25,35.55%,RALA;KRAS;MAPK14;HRAS;RALB;FRS2;RIT1;NRAS;SRC;GRB2,KRT5-KRT17+ Basaloid,Reactome
prerank,REACTOME_SIGNALING_BY_NOTCH2,-0.4375286368490434,-0.8185604942812342,0.7389380530973452,0.9653929624251978,1.0,3/21,3.31%,RPS27A;UBA52;UBB,KRT5-KRT17+ Basaloid,Reactome
prerank,REACTOME_TRAF6_MEDIATED_NF_KB_ACTIVATION,0.4507952328354386,0.8181083781416282,0.7482993197278912,0.9351438369219996,1.0,1/15,0.37%,APP,KRT5-KRT17+ Basaloid,Reactome
prerank,REACTOME_NUCLEAR_EVENTS_MEDIATED_BY_NFE2L2,0.33930427141142666,0.8174897857257946,0.8064516129032258,0.9333884833149024,1.0,25/74,17.95%,CDKN2A;ABCC3;BCL2L1;PDGFA;PSME2;PSMB8;CCL2;PSMD2;PSMA6;PSMD4;PSMB10;PSMC4;GSK3B;PSMD1;NFE2L2;PSMC1;PSMD7;PSMA5;ABCC1;PSMD6;PSMD13;PSMD9;PSMC3;PSMC6;BACH1,KRT5-KRT17+ Basaloid,Reactome
prerank,REACTOME_AMINO_ACIDS_REGULATE_MTORC1,0.40511624165562965,0.8172744687817272,0.7519685039370079,0.9308791822307765,1.0,8/29,16.57%,TCIRG1;SESN1;ATP6V0C;SH3BP4;ATP6V1D;LAMTOR2;RRAGA;SEC13,KRT5-KRT17+ Basaloid,Reactome
prerank,REACTOME_REGULATION_OF_MITF_M_DEPENDENT_GENES_INVOLVED_IN_PIGMENTATION,-0.40657852628428093,-0.8144358777012427,0.7380952380952381,0.9700992733308416,1.0,2/28,2.29%,ACTB;MLPH,KRT5-KRT17+ Basaloid,Reactome
prerank,REACTOME_FGFR1_MUTANT_RECEPTOR_ACTIVATION,0.43936293198220744,0.813959984502481,0.7414965986394558,0.9342504747194195,1.0,3/16,15.98%,STAT1;BCR;CUX1,KRT5-KRT17+ Basaloid,Reactome
prerank,REACTOME_RHO_GTPASES_ACTIVATE_WASPS_AND_WAVES,-0.41363854252237486,-0.8128956202158278,0.725,0.9697194685294755,1.0,3/24,5.92%,ACTB;ARPC2;ARPC1A,KRT5-KRT17+ Basaloid,Reactome
prerank,REACTOME_INTERFERON_ALPHA_BETA_SIGNALING,0.3667197221219609,0.812722483906244,0.8047808764940239,0.9334228252389777,1.0,12/46,10.66%,IFI27;IFI6;PSMB8;ISG15;IP6K2;IRF6;STAT1;IFITM1;IFNAR1;IRF7;MX1;IFNAR2,KRT5-KRT17+ Basaloid,Reactome
prerank,REACTOME_SIGNALING_BY_NTRKS,0.32523746432274453,0.8124152758008802,0.860655737704918,0.9310353750683892,1.0,18/82,22.06%,BAX;RRAD;AP2M1;PPP2R1A;RALA;FOSL1;KRAS;AP2B1;PPP2CA;MAPK14;HRAS;DUSP4;AP2A1;CLTC;DUSP7;FYN;REST;RALB,KRT5-KRT17+ Basaloid,Reactome
prerank,REACTOME_GENE_AND_PROTEIN_EXPRESSION_BY_JAK_STAT_SIGNALING_AFTER_INTERLEUKIN_12_STIMULATION,-0.4408520732897745,-0.8119415822898148,0.7607655502392344,0.9680639870190695,1.0,2/22,3.47%,RPLP0;SOD2,KRT5-KRT17+ Basaloid,Reactome
prerank,REACTOME_SCF_SKP2_MEDIATED_DEGRADATION_OF_P27_P21,0.3666562446969716,0.8117110733524238,0.7649402390438247,0.9293199138138899,1.0,18/44,17.75%,CDKN1A;CCND1;PSME2;PSMB8;PSMD2;PSMA6;PSMD4;PSMB10;PSMC4;PSMD1;PSMC1;PSMD7;PSMA5;PSMD6;PSMD13;PSMD9;PSMC3;PSMC6,KRT5-KRT17+ Basaloid,Reactome
prerank,REACTOME_DISEASES_ASSOCIATED_WITH_O_GLYCOSYLATION_OF_PROTEINS,0.41436732929220216,0.8114015284557707,0.7218045112781954,0.9269476179879386,1.0,8/22,13.92%,THBS1;NOTCH3;MUC4;MUC20;LFNG;NOTCH2;DAG1;C1GALT1C1,KRT5-KRT17+ Basaloid,Reactome
prerank,REACTOME_DOWNREGULATION_OF_TGF_BETA_RECEPTOR_SIGNALING,-0.4371517368170842,-0.8098581640711203,0.7570093457943925,0.9684168938425727,1.0,3/22,3.31%,RPS27A;UBA52;UBB,KRT5-KRT17+ Basaloid,Reactome
prerank,REACTOME_PYROPTOSIS,0.42766638848372474,0.8091186295628278,0.7718120805369127,0.9280449626328778,1.0,3/19,7.80%,BAX;CHMP4B;TP63,KRT5-KRT17+ Basaloid,Reactome
prerank,REACTOME_NOTCH2_ACTIVATION_AND_TRANSMISSION_OF_SIGNAL_TO_THE_NUCLEUS,-0.4550700461149212,-0.8090849940040039,0.7487179487179487,0.9665709111119244,1.0,3/15,3.31%,RPS27A;UBA52;UBB,KRT5-KRT17+ Basaloid,Reactome
prerank,REACTOME_DEGRADATION_OF_BETA_CATENIN_BY_THE_DESTRUCTION_COMPLEX,-0.35113037049505874,-0.8079596463851518,0.8023255813953488,0.965263775557461,1.0,4/67,5.04%,RPS27A;UBA52;UBB;PPP2R5A,KRT5-KRT17+ Basaloid,Reactome
prerank,REACTOME_SIGNALING_BY_FGFR2_IN_DISEASE,-0.41341331776054735,-0.8067960006677459,0.7692307692307693,0.9639799751062319,1.0,4/24,9.69%,POLR2L;POLR2C;FGF7;FGFR2,KRT5-KRT17+ Basaloid,Reactome
prerank,REACTOME_RESPIRATORY_SYNCYTIAL_VIRUS_INFECTION_PATHWAY,-0.3491428417006573,-0.8067480190527904,0.8189655172413793,0.9606799792721689,1.0,5/73,4.78%,RPS27A;UBA52;SDC4;UBB;SEC11C,KRT5-KRT17+ Basaloid,Reactome
prerank,REACTOME_FLT3_SIGNALING_IN_DISEASE,-0.430635553206417,-0.8050527238799116,0.7465437788018433,0.9604407025574168,1.0,3/20,3.31%,RPS27A;UBA52;UBB,KRT5-KRT17+ Basaloid,Reactome
prerank,REACTOME_AQUAPORIN_MEDIATED_TRANSPORT,0.42767852796786615,0.8030710096598215,0.7700348432055749,0.9327251793832275,1.0,6/19,12.79%,GNG12;GNG10;RAB11A;GNB1;GNB2;MYO5B,KRT5-KRT17+ Basaloid,Reactome
prerank,REACTOME_VASOPRESSIN_REGULATES_RENAL_WATER_HOMEOSTASIS_VIA_AQUAPORINS,0.42767852796786615,0.8030710096598215,0.7700348432055749,0.9327251793832275,1.0,6/19,12.79%,GNG12;GNG10;RAB11A;GNB1;GNB2;MYO5B,KRT5-KRT17+ Basaloid,Reactome
prerank,REACTOME_HIV_TRANSCRIPTION_ELONGATION,-0.3792279348955771,-0.8018098392181809,0.7559808612440191,0.9628869023455773,1.0,2/32,4.83%,POLR2L;POLR2C,KRT5-KRT17+ Basaloid,Reactome
prerank,REACTOME_ANTIGEN_PRESENTATION_FOLDING_ASSEMBLY_AND_PEPTIDE_LOADING_OF_CLASS_I_MHC,-0.42101320316651714,-0.8001371728320258,0.7745901639344263,0.9622715406743053,1.0,1/25,1.50%,B2M,KRT5-KRT17+ Basaloid,Reactome
prerank,REACTOME_STABILIZATION_OF_P53,-0.3634557249467356,-0.7991935512744296,0.8158995815899581,0.9606722416172768,1.0,3/47,3.31%,RPS27A;UBA52;UBB,KRT5-KRT17+ Basaloid,Reactome
prerank,REACTOME_TGFBR3_EXPRESSION,0.43091235115019494,0.7989759719029483,0.7508650519031141,0.9366316108178654,1.0,6/16,36.00%,TCF3;SMAD3;TCF4;KLF16;TCF12;RARA,KRT5-KRT17+ Basaloid,Reactome
prerank,REACTOME_INTERCONVERSION_OF_NUCLEOTIDE_DI_AND_TRIPHOSPHATES,-0.4273916566888786,-0.7985932474598014,0.7303921568627451,0.9584736447332691,1.0,1/16,1.85%,AK1,KRT5-KRT17+ Basaloid,Reactome
prerank,REACTOME_INTERFERON_GAMMA_SIGNALING,0.3573342500301297,0.7950663523781791,0.753968253968254,0.9402791211494813,1.0,10/46,9.46%,IFNGR2;TRIM22;TRIM2;ICAM1;PML;IRF6;STAT1;TRIM8;IFNGR1;IRF7,KRT5-KRT17+ Basaloid,Reactome
prerank,REACTOME_HIV_ELONGATION_ARREST_AND_RECOVERY,-0.4066521986147943,-0.7949059018368515,0.7760416666666666,0.9618053707451255,1.0,2/26,4.83%,POLR2L;POLR2C,KRT5-KRT17+ Basaloid,Reactome
prerank,REACTOME_DARPP_32_EVENTS,-0.46023912342205137,-0.7948904367845232,0.7437185929648241,0.9585503096389159,1.0,4/15,8.95%,PDE4D;PRKAR1A;PPP1R1B;PDE4C,KRT5-KRT17+ Basaloid,Reactome
prerank,REACTOME_TELOMERE_MAINTENANCE,-0.3765565235194891,-0.793081935617292,0.7899543378995434,0.9583171094206945,1.0,2/31,4.83%,POLR2L;POLR2C,KRT5-KRT17+ Basaloid,Reactome
prerank,REACTOME_INTEGRATION_OF_ENERGY_METABOLISM,-0.3624810183160508,-0.7925340308998708,0.7751004016064257,0.9559989628303643,1.0,9/48,7.05%,FASN;CACNA2D2;CD36;PRKAR1A;VAMP2;GNAQ;RAP1A;STXBP1;ACSL4,KRT5-KRT17+ Basaloid,Reactome
prerank,REACTOME_SIGNALING_BY_NOTCH4,-0.348442463396553,-0.792085635467684,0.8239700374531835,0.9535464842357755,1.0,3/62,3.31%,RPS27A;UBA52;UBB,KRT5-KRT17+ Basaloid,Reactome
prerank,REACTOME_G2_M_CHECKPOINTS,0.32981140761299593,0.7854150805831634,0.8620689655172413,0.9533491014899018,1.0,23/73,17.75%,SFN;YWHAZ;YWHAH;PSME2;PSMB8;PSMD2;PSMA6;WEE1;YWHAG;PSMD4;PSMB10;PSMC4;PSMD1;YWHAQ;PSMC1;PSMD7;TP53BP1;PSMA5;PSMD6;PSMD13;PSMD9;PSMC3;PSMC6,KRT5-KRT17+ Basaloid,Reactome
prerank,REACTOME_NEF_MEDIATES_DOWN_MODULATION_OF_CELL_SURFACE_RECEPTORS_BY_RECRUITING_THEM_TO_CLATHRIN_ADAPTERS,-0.43200635539266297,-0.7818974468289509,0.7602040816326531,0.9673030189389692,1.0,1/16,1.50%,B2M,KRT5-KRT17+ Basaloid,Reactome
prerank,REACTOME_PTEN_REGULATION,-0.3206671751930146,-0.7808660300007072,0.8772563176895307,0.9658923028146444,1.0,5/108,4.86%,RPS27A;UBA52;JUN;UBB;EGR1,KRT5-KRT17+ Basaloid,Reactome
prerank,REACTOME_REGULATION_OF_TP53_ACTIVITY,-0.320684414876248,-0.7783773118872351,0.8697318007662835,0.9669006137090191,1.0,3/93,3.31%,RPS27A;UBA52;UBB,KRT5-KRT17+ Basaloid,Reactome
prerank,REACTOME_REGULATION_OF_RUNX3_EXPRESSION_AND_ACTIVITY,0.34612457400995156,0.7768993224386566,0.8307086614173228,0.9633252972599377,1.0,20/48,17.75%,CDKN2A;MDM2;TGFB1;PSME2;PSMB8;PSMD2;SMURF1;PSMA6;PSMD4;PSMB10;PSMC4;PSMD1;PSMC1;PSMD7;PSMA5;PSMD6;PSMD13;PSMD9;PSMC3;PSMC6,KRT5-KRT17+ Basaloid,Reactome
prerank,REACTOME_PEPTIDE_HORMONE_METABOLISM,0.3767606816388578,0.7748371222882005,0.8068181818181818,0.9634115193343378,1.0,5/30,9.03%,CTSZ;CTNNB1;ATP6AP2;GNB1;KLF4,KRT5-KRT17+ Basaloid,Reactome
prerank,REACTOME_SIGNALING_BY_SCF_KIT,0.39045408289570327,0.7727032017522265,0.8467153284671532,0.963729572447405,1.0,11/26,35.55%,STAT1;KRAS;GRB7;HRAS;YES1;FYN;LYN;RAC1;NRAS;SRC;GRB2,KRT5-KRT17+ Basaloid,Reactome
prerank,REACTOME_SUMOYLATION_OF_TRANSCRIPTION_COFACTORS,-0.3696054781422202,-0.7694468826366095,0.8333333333333334,0.9775689813150233,1.0,1/34,2.33%,NPM1,KRT5-KRT17+ Basaloid,Reactome
prerank,REACTOME_HSF1_ACTIVATION,-0.4396139410930671,-0.7660108253182468,0.8354978354978355,0.9795375054923684,1.0,2/20,3.31%,EEF1A1;UBB,KRT5-KRT17+ Basaloid,Reactome
prerank,REACTOME_MITOTIC_SPINDLE_CHECKPOINT,-0.33387531887795785,-0.7559327422734288,0.859504132231405,0.9902203452489575,1.0,3/59,5.04%,RPS27;ANAPC16;PPP2R5A,KRT5-KRT17+ Basaloid,Reactome
prerank,REACTOME_UB_SPECIFIC_PROCESSING_PROTEASES,0.29224925394179474,0.7549598700502247,0.9596412556053812,0.9861775146000936,1.0,46/123,24.10%,MDM2;USP22;PSME2;PSMB8;PSMD2;HIF1A;OTUB1;PSMA6;TGFBR1;HGS;PSMD4;PSMB10;ADRM1;UFD1;PSMC4;PSMD1;VDAC2;DDB2;SMAD3;PSMC1;PSMD7;PSMA5;PSMD6;PSMD13;TNKS2;PSMD9;TADA3;PSMC3;PSMC6;TAF10;RCE1;USP14;USP4;POLB;VDAC1;PTRH2;SMAD1;FKBP8;PSMB2;RIGI;USP9X;PSMC5;SMURF2;PSMD11;USP11;BIRC2,KRT5-KRT17+ Basaloid,Reactome
prerank,REACTOME_DEUBIQUITINATION,0.2770777134481834,0.7540710479122754,0.9864864864864865,0.9844240423548284,1.0,53/173,24.10%,MDM2;VCP;UBE2D1;USP22;TGFB1;PSME2;PSMB8;PSMD2;HIF1A;TNIP1;OTUB1;PSMA6;TGFBR1;HGS;PSMD4;PSMB10;ADRM1;UFD1;PSMC4;PSMD1;VDAC2;UCHL3;DDB2;SMAD3;JOSD2;PSMC1;PSMD7;PSMA5;PSMD6;PSMD13;TNKS2;PSMD9;TADA3;PSMC3;PSMC6;TAF10;RCE1;USP14;USP4;POLB;VDAC1;PTRH2;ACTL6A;SMAD1;FKBP8;PSMB2;RIGI;USP9X;PSMC5;SMURF2;PSMD11;USP11;BIRC2,KRT5-KRT17+ Basaloid,Reactome
prerank,REACTOME_POSTMITOTIC_NUCLEAR_PORE_COMPLEX_NPC_REFORMATION,0.3915838962174532,0.7530320717027081,0.7902097902097902,0.9827341476778899,1.0,6/20,30.96%,UBE2I;KPNB1;SEC13;TNPO1;RANGAP1;SUMO1,KRT5-KRT17+ Basaloid,Reactome
prerank,REACTOME_TNFR2_NON_CANONICAL_NF_KB_PATHWAY,-0.3329369925715874,-0.7508641188623068,0.9043824701195219,0.994245485161606,1.0,3/58,3.31%,RPS27A;UBA52;UBB,KRT5-KRT17+ Basaloid,Reactome
prerank,REACTOME_HATS_ACETYLATE_HISTONES,-0.334233959558889,-0.7507514057942454,0.8852459016393442,0.991134265801713,1.0,2/56,3.35%,ACTB;MBIP,KRT5-KRT17+ Basaloid,Reactome
prerank,REACTOME_REGULATION_OF_ENDOGENOUS_RETROELEMENTS_BY_PIWI_INTERACTING_RNAS_PIRNAS,0.36411297596611547,0.7495733625239216,0.8395904436860068,0.9841920262443582,1.0,12/32,21.43%,HDAC2;CHD3;SMARCC1;SMARCB1;SMARCA4;SMARCC2;SPOCD1;BCL7C;SMARCE1;BCL7A;ACTL6A;RBBP4,KRT5-KRT17+ Basaloid,Reactome
prerank,REACTOME_PCP_CE_PATHWAY,-0.3208630027996115,-0.7467678267535408,0.8832684824902723,0.9933765692739362,1.0,3/65,3.31%,RPS27A;UBA52;UBB,KRT5-KRT17+ Basaloid,Reactome
prerank,REACTOME_NUCLEAR_EVENTS_KINASE_AND_TRANSCRIPTION_FACTOR_ACTIVATION,-0.357779595529547,-0.7426365232097668,0.8354430379746836,0.9954657189659983,1.0,7/38,6.80%,FOS;JUNB;EGR1;ID4;ID1;ID2;RPS6KA2,KRT5-KRT17+ Basaloid,Reactome
prerank,REACTOME_TRANSFERRIN_ENDOCYTOSIS_AND_RECYCLING,0.38581751830949346,0.7416232562476099,0.8321678321678322,0.9910471179252847,1.0,5/18,15.92%,TCIRG1;STEAP3;ATP6V0C;ATP6V1D;ATP6AP1,KRT5-KRT17+ Basaloid,Reactome
prerank,REACTOME_COPII_MEDIATED_VESICLE_TRANSPORT,0.3329165178035362,0.7355704755481707,0.8669354838709677,0.9953043471281827,1.0,10/49,19.11%,CTSZ;CSNK1D;LMAN2;TFG;SEC31A;COL7A1;TRAPPC5;SEC13;GOLGA2;TMED10,KRT5-KRT17+ Basaloid,Reactome
prerank,REACTOME_PKMTS_METHYLATE_HISTONE_LYSINES,0.3463773668796555,0.7340850449901445,0.8301886792452831,0.9938649079402763,1.0,7/31,22.62%,NSD3;SMYD2;NSD1;EHMT1;RBBP4;ATF7IP;RELA,KRT5-KRT17+ Basaloid,Reactome
prerank,REACTOME_ION_TRANSPORT_BY_P_TYPE_ATPASES,-0.3908410750284781,-0.7331284438508359,0.851528384279476,1.0,1.0,5/21,8.56%,ATP1A1;ATP8A1;ATP11A;ATP2C2;ATP8A2,KRT5-KRT17+ Basaloid,Reactome
prerank,REACTOME_RETROGRADE_TRANSPORT_AT_THE_TRANS_GOLGI_NETWORK,0.3530246465239586,0.733022692916297,0.8191881918819188,0.9921313806927683,1.0,9/36,23.43%,PLIN3;RHOBTB3;RAB6A;IGF2R;TGOLN2;GCC2;RIC1;ARL1;ARFRP1,KRT5-KRT17+ Basaloid,Reactome
prerank,REACTOME_SIGNALING_BY_HIPPO,0.392084735318746,0.7271339825416063,0.8368794326241135,0.9958782238822693,1.0,1/15,5.49%,TJP1,KRT5-KRT17+ Basaloid,Reactome
prerank,REACTOME_CELLULAR_RESPONSE_TO_HEAT_STRESS,-0.32310239711211747,-0.7267876805125145,0.9073359073359073,1.0,1.0,4/64,5.59%,EEF1A1;UBB;ST13;NUP58,KRT5-KRT17+ Basaloid,Reactome
prerank,REACTOME_TRANSPORT_OF_BILE_SALTS_AND_ORGANIC_ACIDS_METAL_IONS_AND_AMINE_COMPOUNDS,-0.35694905094423035,-0.7165969429807921,0.875,1.0,1.0,1/29,1.56%,SLC39A8,KRT5-KRT17+ Basaloid,Reactome
prerank,REACTOME_GLYCOSPHINGOLIPID_METABOLISM,0.3591361803636507,0.7119825011258953,0.8566433566433567,1.0,1.0,7/24,19.36%,PSAP;CTSA;UGCG;ARSA;B3GNT5;GLB1;HEXB,KRT5-KRT17+ Basaloid,Reactome
prerank,REACTOME_PARASITE_INFECTION,0.33033378860000767,0.7112326272323,0.8937007874015748,1.0,1.0,19/37,26.95%,MYH9;ACTR3;WASF2;ARPC5;ABI1;CDC42;ACTR2;PTK2;YES1;ABI2;FYN;CYFIP1;VAV2;DOCK1;WASL;CYFIP2;WIPF1;LYN;MYO1C,KRT5-KRT17+ Basaloid,Reactome
prerank,REACTOME_CA_DEPENDENT_EVENTS,-0.4013325399339783,-0.7066653175342259,0.8468468468468469,1.0,1.0,4/16,13.22%,PRKAR1A;PRKCA;ADCY7;CAMK2D,KRT5-KRT17+ Basaloid,Reactome
prerank,REACTOME_CHROMATIN_MODIFYING_ENZYMES,0.26323652779469875,0.7054681560194902,0.9870689655172413,1.0,1.0,34/150,22.65%,KDM5B;CCND1;HDAC2;USP22;CHD3;SMARCC1;SMARCB1;MEAF6;VPS72;NCOR2;PRMT1;EPC1;SMARCA4;KDM6B;ENY2;SMARCC2;NSD3;ARID4B;SMARCE1;TADA3;HMG20B;SMYD2;TAF10;RUVBL2;NSD1;MORF4L2;EHMT1;ACTL6A;RBBP4;REST;ATF7IP;RELA;BRWD1;SUPT7L,KRT5-KRT17+ Basaloid,Reactome
prerank,REACTOME_SUMOYLATION_OF_SUMOYLATION_PROTEINS,0.35233477453809575,0.7031279014638784,0.8689655172413793,1.0,1.0,3/25,16.57%,UBE2I;TPR;SEC13,KRT5-KRT17+ Basaloid,Reactome
prerank,REACTOME_O_LINKED_GLYCOSYLATION,0.3275253253291489,0.7028497722430118,0.8764940239043825,1.0,1.0,14/39,21.59%,THBS1;MUC4;MUC20;GALNT5;GALNT2;DAG1;C1GALT1C1;GALNT7;B3GNT5;GALNT18;GALNT1;POMGNT1;GALNT10;SPON2,KRT5-KRT17+ Basaloid,Reactome
prerank,REACTOME_MRNA_SPLICING_MINOR_PATHWAY,-0.33887592656679133,-0.7005441048876884,0.907563025210084,1.0,1.0,3/37,5.36%,POLR2L;POLR2C;SF3B5,KRT5-KRT17+ Basaloid,Reactome
prerank,REACTOME_NEGATIVE_EPIGENETIC_REGULATION_OF_RRNA_EXPRESSION,-0.34191670828190246,-0.6994591514656427,0.8810572687224669,1.0,1.0,2/32,4.55%,POLR2L;POLR1D,KRT5-KRT17+ Basaloid,Reactome
prerank,REACTOME_SUMOYLATION_OF_RNA_BINDING_PROTEINS,0.33350395463146476,0.6990809341173362,0.9219330855018587,1.0,1.0,8/35,32.84%,UBE2I;TPR;SEC13;RING1;PHC2;SUMO1;RAE1;RANBP2,KRT5-KRT17+ Basaloid,Reactome
prerank,REACTOME_HCMV_LATE_EVENTS,-0.3184907924310639,-0.6977393805531426,0.9176954732510288,1.0,1.0,2/42,5.59%,CEBPD;NUP58,KRT5-KRT17+ Basaloid,Reactome
prerank,REACTOME_PERK_REGULATES_GENE_EXPRESSION,0.34424261762693276,0.6912536896184048,0.9061371841155235,1.0,1.0,2/26,7.02%,CCL2;ATF3,KRT5-KRT17+ Basaloid,Reactome
prerank,REACTOME_SUMOYLATION_OF_DNA_REPLICATION_PROTEINS,0.34186132662518015,0.6908371986046475,0.8884758364312267,1.0,1.0,8/29,33.50%,UBE2I;TPR;SEC13;RANGAP1;SUMO1;RAE1;RANBP2;TOP2B,KRT5-KRT17+ Basaloid,Reactome
prerank,REACTOME_FCGAMMA_RECEPTOR_FCGR_DEPENDENT_PHAGOCYTOSIS,0.30087283291067096,0.6879372193188692,0.9421487603305785,1.0,1.0,20/51,26.95%,MYH9;ACTR3;WASF2;ARPC5;ABI1;CDC42;ACTR2;PLPP5;PTK2;YES1;ABI2;FYN;CYFIP1;VAV2;DOCK1;WASL;CYFIP2;WIPF1;LYN;MYO1C,KRT5-KRT17+ Basaloid,Reactome
prerank,REACTOME_TRNA_MODIFICATION_IN_THE_NUCLEUS_AND_CYTOSOL,0.3714316416884962,0.6859884110801254,0.8851351351351351,1.0,1.0,9/16,45.77%,FTSJ1;URM1;TRMT1;TRMT6;QTRT1;NSUN2;TP53RK;THADA;OSGEP,KRT5-KRT17+ Basaloid,Reactome
prerank,REACTOME_INHIBITION_OF_THE_PROTEOLYTIC_ACTIVITY_OF_APC_C_REQUIRED_FOR_THE_ONSET_OF_ANAPHASE_BY_MITOTIC_SPINDLE_CHECKPOINT_COMPONENTS,0.37762616071312427,0.6818737214384545,0.8914473684210527,1.0,1.0,3/15,15.41%,UBE2D1;BUB3;ANAPC15,KRT5-KRT17+ Basaloid,Reactome
prerank,REACTOME_THE_ROLE_OF_NEF_IN_HIV_1_REPLICATION_AND_DISEASE_PATHOGENESIS,-0.369889394584066,-0.6792571029957131,0.85,1.0,1.0,1/19,1.50%,B2M,KRT5-KRT17+ Basaloid,Reactome
prerank,REACTOME_ION_HOMEOSTASIS,-0.3689947256123274,-0.6783712611224587,0.8818181818181818,1.0,1.0,5/20,11.20%,ATP1A1;ASPH;ABCC9;AHCYL1;CLIC2,KRT5-KRT17+ Basaloid,Reactome
prerank,REACTOME_DEADENYLATION_OF_MRNA,-0.3448195984112231,-0.6762481076728446,0.875,1.0,1.0,4/22,9.49%,PABPC1;EIF4B;EIF4A2;EIF4A1,KRT5-KRT17+ Basaloid,Reactome
prerank,REACTOME_DAG_AND_IP3_SIGNALING,-0.3588584549498137,-0.6721011627268454,0.8879310344827587,1.0,1.0,6/21,13.22%,PRKAR1A;PRKCA;AHCYL1;ADCY7;ITPR2;CAMK2D,KRT5-KRT17+ Basaloid,Reactome
prerank,REACTOME_UNFOLDED_PROTEIN_RESPONSE_UPR,0.28174633832182633,0.6708866472434573,0.9625,1.0,1.0,12/75,14.40%,TLN1;CCL2;LMNA;ATF3;ADD1;WFS1;DNAJC3;HYOU1;CREB3L2;SEC31A;ACADVL;CREB3,KRT5-KRT17+ Basaloid,Reactome
prerank,REACTOME_EXTENSION_OF_TELOMERES,0.3422177856066151,0.6698776072363375,0.868421052631579,1.0,1.0,4/20,21.20%,POLD4;TEN1;RUVBL2;GAR1,KRT5-KRT17+ Basaloid,Reactome
prerank,REACTOME_RNA_POLYMERASE_I_TRANSCRIPTION_INITIATION,-0.3239945773388146,-0.667924329514235,0.9427312775330396,1.0,1.0,2/34,4.55%,POLR2L;POLR1D,KRT5-KRT17+ Basaloid,Reactome
prerank,REACTOME_RNA_POLYMERASE_II_TRANSCRIBES_SNRNA_GENES,-0.29909050257436526,-0.6652394693084904,0.9628099173553719,1.0,1.0,2/51,4.83%,POLR2L;POLR2C,KRT5-KRT17+ Basaloid,Reactome
prerank,REACTOME_SIGNALING_BY_FGFR_IN_DISEASE,-0.30761053813806283,-0.6649906333266066,0.9439655172413793,1.0,1.0,4/37,7.90%,POLR2L;POLR2C;STAT3;FGF7,KRT5-KRT17+ Basaloid,Reactome
prerank,REACTOME_ESTROGEN_DEPENDENT_NUCLEAR_EVENTS_DOWNSTREAM_OF_ESR_MEMBRANE_SIGNALING,-0.3860160468576438,-0.6641084284411901,0.8764044943820225,1.0,1.0,1/15,2.69%,FOS,KRT5-KRT17+ Basaloid,Reactome
prerank,REACTOME_EPHB_MEDIATED_FORWARD_SIGNALING,-0.31745393229392715,-0.6515321698037265,0.9372384937238494,1.0,1.0,2/31,2.87%,ACTB;ARPC2,KRT5-KRT17+ Basaloid,Reactome
prerank,REACTOME_DRUG_ADME,-0.319645458371262,-0.649585461957588,0.9612068965517241,1.0,1.0,4/34,7.68%,GSTP1;SULT1A1;CES1;ABCC4,KRT5-KRT17+ Basaloid,Reactome
prerank,REACTOME_SYNTHESIS_OF_BILE_ACIDS_AND_BILE_SALTS,0.33794192837345083,0.6414918099689423,0.9207920792079208,1.0,1.0,3/17,16.98%,AKR1C3;BAAT;OSBPL3,KRT5-KRT17+ Basaloid,Reactome
prerank,REACTOME_NUCLEAR_RECEPTOR_TRANSCRIPTION_PATHWAY,0.3232113887590638,0.6393782454013088,0.9616858237547893,1.0,1.0,2/26,9.89%,NRBP1;NCOR2,KRT5-KRT17+ Basaloid,Reactome
prerank,REACTOME_FORMATION_OF_RNA_POL_II_ELONGATION_COMPLEX,-0.2858838330916199,-0.6369017376683129,0.963963963963964,1.0,1.0,2/46,4.83%,POLR2L;POLR2C,KRT5-KRT17+ Basaloid,Reactome
prerank,REACTOME_ANTIGEN_ACTIVATES_B_CELL_RECEPTOR_BCR_LEADING_TO_GENERATION_OF_SECOND_MESSENGERS,0.34240438276937124,0.6368494434670708,0.8983050847457628,1.0,1.0,6/15,35.55%,ORAI2;FYN;DAPP1;LYN;ITPR3;GRB2,KRT5-KRT17+ Basaloid,Reactome
prerank,REACTOME_TRANSCRIPTION_OF_THE_HIV_GENOME,-0.2790904799152737,-0.625288789336744,0.9736842105263158,1.0,1.0,2/48,4.83%,POLR2L;POLR2C,KRT5-KRT17+ Basaloid,Reactome
prerank,REACTOME_EPIGENETIC_REGULATION_OF_GENE_EXPRESSION,-0.2470907114351764,-0.6250731243581987,0.9964285714285714,1.0,1.0,4/118,4.55%,ACTB;POLR2L;MBIP;POLR1D,KRT5-KRT17+ Basaloid,Reactome
prerank,REACTOME_CTLA4_INHIBITORY_SIGNALING,0.3391744253944091,0.6225283485368961,0.9248366013071896,1.0,1.0,5/15,26.84%,PPP2R1A;PPP2CA;YES1;FYN;LYN,KRT5-KRT17+ Basaloid,Reactome
prerank,REACTOME_GLYCOSPHINGOLIPID_CATABOLISM,0.32929487797389523,0.6221123327783581,0.9543973941368078,1.0,1.0,6/18,22.41%,PSAP;CTSA;ARSA;GLB1;HEXB;ARSJ,KRT5-KRT17+ Basaloid,Reactome
prerank,REACTOME_RNA_POLYMERASE_I_TRANSCRIPTION,-0.2900413933676504,-0.61806532495422,0.9743589743589743,1.0,1.0,2/37,4.55%,POLR2L;POLR1D,KRT5-KRT17+ Basaloid,Reactome
prerank,REACTOME_TRANSCRIPTIONAL_ACTIVATION_OF_MITOCHONDRIAL_BIOGENESIS,-0.31233407613833386,-0.6166497263862535,0.9576271186440678,1.0,1.0,2/35,4.22%,SOD2;ACSS2,KRT5-KRT17+ Basaloid,Reactome
prerank,REACTOME_RORA_ACTIVATES_GENE_EXPRESSION,-0.34686297917495684,-0.6144605486836383,0.8865979381443299,1.0,1.0,16/16,65.40%,RORA;SMARCD3;NCOA1;NCOA2;RXRA;CPT1A;SREBF1;MED1;EP300;CREBBP;NCOA6;CARM1;TGS1;HELZ2;TBL1XR1;CHD9,KRT5-KRT17+ Basaloid,Reactome
prerank,REACTOME_IRE1ALPHA_ACTIVATES_CHAPERONES,-0.2962902356249896,-0.6142050988751698,0.9670781893004116,1.0,1.0,2/42,3.79%,SERP1;XBP1,KRT5-KRT17+ Basaloid,Reactome
prerank,REACTOME_CARGO_CONCENTRATION_IN_THE_ER,-0.3236662909049699,-0.6135545915760752,0.9244444444444444,1.0,1.0,2/23,4.02%,CD59;SERPINA1,KRT5-KRT17+ Basaloid,Reactome
prerank,REACTOME_PROCESSING_OF_CAPPED_INTRONLESS_PRE_MRNA,0.3221803979170966,0.6103778968054484,0.9222972972972973,1.0,1.0,12/21,56.11%,PABPN1;SNRPB;SLBP;SNRPD3;SNRPE;CPSF1;NCBP2;FIP1L1;NUDT21;CPSF3;NCBP1;SYMPK,KRT5-KRT17+ Basaloid,Reactome
prerank,REACTOME_FORMATION_OF_WDR5_CONTAINING_HISTONE_MODIFYING_COMPLEXES,-0.3112032272855665,-0.6080367157220427,0.971830985915493,1.0,1.0,1/30,3.35%,MBIP,KRT5-KRT17+ Basaloid,Reactome
prerank,REACTOME_NRAGE_SIGNALS_DEATH_THROUGH_JNK,-0.30618862391524204,-0.5989746279963559,0.9650655021834061,1.0,1.0,1/28,2.48%,AKAP13,KRT5-KRT17+ Basaloid,Reactome
prerank,REACTOME_METABOLISM_OF_NUCLEOTIDES,-0.2794114843057904,-0.5886613607377887,0.987012987012987,1.0,1.0,3/46,5.65%,AK1;NUDT16;DPYD,KRT5-KRT17+ Basaloid,Reactome
prerank,REACTOME_REGULATION_OF_PTEN_GENE_TRANSCRIPTION,0.2702253197462517,0.5855493544316903,0.9836734693877551,1.0,1.0,8/43,22.37%,HDAC2;CHD3;LAMTOR2;HDAC7;RRAGA;RBBP4;REST;RING1,KRT5-KRT17+ Basaloid,Reactome
prerank,REACTOME_SIGNALING_BY_TYPE_1_INSULIN_LIKE_GROWTH_FACTOR_1_RECEPTOR_IGF1R,0.3022857915411138,0.5788335878949964,0.9672727272727273,1.0,1.0,7/21,36.61%,KRAS;HRAS;IGF1R;FRS2;NRAS;GRB2;IRS1,KRT5-KRT17+ Basaloid,Reactome
prerank,REACTOME_INSULIN_PROCESSING,-0.3359740476555939,-0.5786915051442562,0.9119170984455959,1.0,1.0,3/15,7.61%,VAMP2;RAB27A;PCSK2,KRT5-KRT17+ Basaloid,Reactome
prerank,REACTOME_TRNA_PROCESSING,0.256951237711571,0.5780138057477597,1.0,1.0,1.0,23/56,45.77%,RTCB;TPR;FTSJ1;SEC13;URM1;POP7;RAE1;RANBP2;TRMT10C;POP5;TRMT1;RPP38;TRMT6;QTRT1;CPSF1;RTRAF;NSUN2;RAN;HSD17B10;TP53RK;RPP30;THADA;OSGEP,KRT5-KRT17+ Basaloid,Reactome
prerank,REACTOME_SIALIC_ACID_METABOLISM,0.31535324180937935,0.5769068176274056,0.96,1.0,1.0,3/15,22.79%,CTSA;GLB1;ST6GALNAC1,KRT5-KRT17+ Basaloid,Reactome
prerank,REACTOME_BMAL1_CLOCK_NPAS2_ACTIVATES_CIRCADIAN_GENE_EXPRESSION,0.30486087838474923,0.5633977157448717,0.962457337883959,1.0,1.0,2/18,13.77%,BHLHE40;SERPINE1,KRT5-KRT17+ Basaloid,Reactome
prerank,REACTOME_ENERGY_DEPENDENT_REGULATION_OF_MTOR_BY_LKB1_AMPK,0.3027270557689351,0.56327387213459,0.9436619718309859,1.0,1.0,3/16,25.32%,LAMTOR2;RRAGA;TSC2,KRT5-KRT17+ Basaloid,Reactome
prerank,REACTOME_IRS_MEDIATED_SIGNALLING,0.2922962814835835,0.5632471868293543,0.971830985915493,1.0,1.0,6/19,36.61%,KRAS;HRAS;FRS2;NRAS;GRB2;IRS1,KRT5-KRT17+ Basaloid,Reactome
prerank,REACTOME_SYNTHESIS_OF_SUBSTRATES_IN_N_GLYCAN_BIOSYTHESIS,-0.28001182077617026,-0.562492057204487,0.9566929133858267,1.0,1.0,7/35,9.81%,PMM1;MVD;ST6GALNAC4;DPM3;SLC35A1;ST3GAL6;ST3GAL5,KRT5-KRT17+ Basaloid,Reactome
prerank,REACTOME_ABERRANT_REGULATION_OF_MITOTIC_EXIT_IN_CANCER_DUE_TO_RB1_DEFECTS,0.3030166099852549,0.5593997650062619,0.9577922077922078,1.0,1.0,1/16,3.71%,UBE2D1,KRT5-KRT17+ Basaloid,Reactome
prerank,REACTOME_SNRNP_ASSEMBLY,0.2602928926490836,0.5578538257682161,0.9766536964980544,1.0,1.0,11/36,39.31%,TPR;SNRPB;SEC13;CLNS1A;SNRPD1;RAE1;WDR77;RANBP2;PHAX;SNRPD3;SNRPE,KRT5-KRT17+ Basaloid,Reactome
prerank,REACTOME_CONVERSION_FROM_APC_C_CDC20_TO_APC_C_CDH1_IN_LATE_ANAPHASE,0.3072307744637799,0.5544626813882764,0.9575163398692811,1.0,1.0,1/15,3.71%,UBE2D1,KRT5-KRT17+ Basaloid,Reactome
prerank,REACTOME_SYNTHESIS_OF_PIPS_AT_THE_PLASMA_MEMBRANE,-0.27817805476052676,-0.5457378799124801,0.9822222222222222,1.0,1.0,2/30,4.74%,PIP5K1B;PTPN13,KRT5-KRT17+ Basaloid,Reactome
prerank,REACTOME_CITRIC_ACID_CYCLE_TCA_CYCLE,-0.2737885152356413,-0.5372814352857092,0.9691629955947136,1.0,1.0,5/25,13.57%,ACAT1;SUCLG2;SUCLG1;SDHD;CSKMT,KRT5-KRT17+ Basaloid,Reactome
prerank,REACTOME_MRNA_SPLICING,0.19567897727027186,0.5284207128804291,1.0,1.0,1.0,67/165,40.41%,LSM8;SF3B4;PUF60;SF3B2;CCDC12;RBM42;FAM50A;SF3A2;SF1;SNRNP70;SNRPB;SNRPC;RNPS1;DHX9;LSM7;FAM32A;PRPF40A;RBM17;DDX41;DHX15;PPIH;PLRG1;SNRNP200;HNRNPL;POLR2A;SF3A3;RBM8A;POLR2B;POLR2G;SF3B1;HTATSF1;CCAR1;SNRPD1;PTBP1;MFAP1;SNRPA1;PPIL4;SRRT;TCERG1;DDX42;SRSF2;SNW1;BUD31;SNRNP40;C9orf78;SMU1;WBP4;SF3A1;EFTUD2;GTF2F1;PRCC;SMNDC1;ZMAT2;EIF4A3;SRSF10;BCAS2;DNAJC8;SNRPD3;CDC5L;PRPF8;U2AF2;SNRPE;HNRNPM;PRPF31;SNRPA;PHF5A;GTF2F2,KRT5-KRT17+ Basaloid,Reactome
prerank,REACTOME_INTRA_GOLGI_TRAFFIC,0.26531377157552416,0.5254893382491761,0.9893238434163701,1.0,1.0,5/27,32.01%,CYTH2;CUX1;RIC1;YKT6;CYTH1,KRT5-KRT17+ Basaloid,Reactome
prerank,REACTOME_RNA_POLYMERASE_II_PRE_TRANSCRIPTION_EVENTS,-0.23128336585989923,-0.5252269856723922,0.9911504424778761,1.0,1.0,2/59,4.83%,POLR2L;POLR2C,KRT5-KRT17+ Basaloid,Reactome
prerank,REACTOME_BIOSYNTHESIS_OF_THE_N_GLYCAN_PRECURSOR_DOLICHOL_LIPID_LINKED_OLIGOSACCHARIDE_LLO_AND_TRANSFER_TO_A_NASCENT_PROTEIN,-0.2470918655335718,-0.5187739672407293,0.9882352941176471,1.0,1.0,7/44,9.81%,PMM1;MVD;ST6GALNAC4;DPM3;SLC35A1;ST3GAL6;ST3GAL5,KRT5-KRT17+ Basaloid,Reactome
prerank,REACTOME_PROCESSING_OF_CAPPED_INTRON_CONTAINING_PRE_MRNA,0.18263520633948027,0.5136122982427969,1.0,1.0,1.0,84/218,41.99%,LSM8;SF3B4;PUF60;SF3B2;CCDC12;RBM42;TPR;FAM50A;SF3A2;SF1;SNRNP70;PABPN1;SNRPB;SEC13;SNRPC;RNPS1;DHX9;EIF4E;LSM7;FAM32A;PRPF40A;RBM17;DDX41;DHX15;PPIH;PLRG1;SNRNP200;HNRNPL;POLR2A;SF3A3;RBM8A;POLR2B;POLR2G;SF3B1;HTATSF1;CCAR1;SNRPD1;PTBP1;MFAP1;THOC7;THOC3;SNRPA1;PPIL4;SRRT;TCERG1;RAE1;DDX42;SRSF2;SNW1;BUD31;SARNP;SNRNP40;C9orf78;RANBP2;SMU1;WBP4;NXT1;SF3A1;EFTUD2;GTF2F1;PRCC;SMNDC1;ZMAT2;EIF4A3;SRSF10;BCAS2;DNAJC8;THOC5;SLBP;SNRPD3;CDC5L;PRPF8;U2AF2;SNRPE;HNRNPM;PRPF31;SNRPA;PHF5A;GTF2F2;ACIN1;DDX39A;RBM22;CPSF1;IK,KRT5-KRT17+ Basaloid,Reactome
prerank,REACTOME_G_PROTEIN_MEDIATED_EVENTS,0.24607821240790903,0.5047312178434374,0.979757085020243,1.0,1.0,1/25,3.56%,GNAI2,KRT5-KRT17+ Basaloid,Reactome
prerank,REACTOME_NUCLEAR_PORE_COMPLEX_NPC_DISASSEMBLY,0.24590994121422047,0.4947905761281631,0.9861111111111112,1.0,1.0,6/24,36.73%,TPR;SEC13;NEK6;RAE1;RANBP2;NEK7,KRT5-KRT17+ Basaloid,Reactome
prerank,REACTOME_INTERLEUKIN_37_SIGNALING,-0.28249761501745846,-0.49278576754410125,0.9620853080568721,1.0,1.0,2/15,6.50%,PTPN13;STAT3,KRT5-KRT17+ Basaloid,Reactome
prerank,REACTOME_DEADENYLATION_DEPENDENT_MRNA_DECAY,-0.20957673341474456,-0.46362631138876675,1.0,1.0,1.0,3/44,7.36%,PABPC1;EIF4B;EIF4A2,KRT5-KRT17+ Basaloid,Reactome
prerank,REACTOME_PROCESSING_OF_INTRONLESS_PRE_MRNAS,0.24827020226043314,0.4624839782297778,0.9841772151898734,1.0,1.0,8/16,56.11%,PABPN1;CPSF1;NCBP2;FIP1L1;NUDT21;CPSF3;NCBP1;SYMPK,KRT5-KRT17+ Basaloid,Reactome
prerank,REACTOME_AMINO_ACID_TRANSPORT_ACROSS_THE_PLASMA_MEMBRANE,-0.27098482407818597,-0.46113404607623504,0.9692307692307692,1.0,1.0,5/15,13.67%,SLC1A5;SLC7A8;SLC6A20;SLC6A14;SLC7A2,KRT5-KRT17+ Basaloid,Reactome
prerank,REACTOME_FCGR3A_MEDIATED_IL10_SYNTHESIS,-0.2611176832401573,-0.4582008557280072,0.9665071770334929,1.0,1.0,1/18,4.21%,PRKAR1A,KRT5-KRT17+ Basaloid,Reactome
prerank,REACTOME_MITOCHONDRIAL_CALCIUM_ION_TRANSPORT,-0.25231673298798923,-0.45759048770799265,0.9725274725274725,1.0,1.0,1/16,3.64%,SMDT1,KRT5-KRT17+ Basaloid,Reactome
prerank,REACTOME_TRNA_PROCESSING_IN_THE_NUCLEUS,0.20215508479768823,0.434867172580403,1.0,1.0,1.0,12/38,44.54%,RTCB;TPR;SEC13;POP7;RAE1;RANBP2;POP5;RPP38;CPSF1;RTRAF;RAN;RPP30,KRT5-KRT17+ Basaloid,Reactome
prerank,REACTOME_REGULATION_OF_GLUCOKINASE_BY_GLUCOKINASE_REGULATORY_PROTEIN,0.22124925459329003,0.43178528734118404,0.9965397923875432,1.0,1.0,2/21,16.57%,TPR;SEC13,KRT5-KRT17+ Basaloid,Reactome
prerank,REACTOME_PI_METABOLISM,-0.19964726642154856,-0.429414902839758,1.0,1.0,1.0,2/44,4.74%,PIP5K1B;PTPN13,KRT5-KRT17+ Basaloid,Reactome
prerank,REACTOME_EXPORT_OF_VIRAL_RIBONUCLEOPROTEINS_FROM_NUCLEUS,0.2124922643695999,0.42369551099084857,0.98989898989899,1.0,1.0,5/24,32.84%,TPR;SEC13;HSPA1A;RAE1;RANBP2,KRT5-KRT17+ Basaloid,Reactome
prerank,REACTOME_TRANSPORT_OF_THE_SLBP_DEPENDANT_MATURE_MRNA,0.21058462909981496,0.4178136039100937,0.9927272727272727,1.0,1.0,3/27,18.93%,TPR;SEC13;EIF4E,KRT5-KRT17+ Basaloid,Reactome
prerank,REACTOME_INSULIN_RECEPTOR_SIGNALLING_CASCADE,0.2133355391716468,0.411446215448597,0.9962825278810409,1.0,1.0,6/22,36.61%,KRAS;HRAS;FRS2;NRAS;GRB2;IRS1,KRT5-KRT17+ Basaloid,Reactome
prerank,REACTOME_MITOCHONDRIAL_TRANSLATION,0.16376696297796367,0.40539829937956134,1.0,1.0,1.0,21/74,35.50%,MRPL37;MRPS24;MRPL47;MRPS23;MRPL13;MRPL50;MRPL4;MRPL15;MRPL17;MRPL52;MRPL19;MRPL51;MRPL36;MRPL28;MRPL3;MRPS28;MRPL27;GADD45GIP1;MRPL44;MRPL41;MRPS35,KRT5-KRT17+ Basaloid,Reactome
prerank,REACTOME_HEME_SIGNALING,0.1899533564934629,0.39074445745066494,0.9961685823754789,1.0,1.0,16/32,55.25%,NFE2L2;NRIP1;BACH1;MAFK;NCOR1;CHD9;TBL1XR1;RAI1;HDAC3;ATF2;HELZ2;XPO1;CRTC1;PGRMC2;TGS1;CRTC2,KRT5-KRT17+ Basaloid,Reactome
prerank,REACTOME_RNA_POLYMERASE_II_TRANSCRIPTION_TERMINATION,-0.15190717524673245,-0.34973880716038686,1.0,1.0,1.0,57/57,84.94%,SRSF5;THOC2;ZC3H11A;SRSF7;PCF11;WDR33;LSM10;U2AF1;SRRM1;CSTF3;CSTF1;CPSF2;THOC6;SRSF6;SLU7;SRSF9;SRSF11;CDC40;SRSF4;CPSF6;CPSF7;ALYREF;CHTOP;U2AF1L4;CASC3;UPF3B;PAPOLA;SRSF1;THOC1;SYMPK;NCBP1;POLDIP3;CPSF3;NUDT21;DDX39B;MAGOHB;MAGOH;DHX38;FYTTD1;FIP1L1;NCBP2;CPSF1;DDX39A;SNRPE;U2AF2;SNRPD3;SLBP;THOC5;EIF4A3;SARNP;SRSF2;THOC3;THOC7;RBM8A;RNPS1;SNRPB;PABPN1,KRT5-KRT17+ Basaloid,Reactome
prerank,REACTOME_TRANSPORT_OF_MATURE_TRANSCRIPT_TO_CYTOPLASM,-0.1466738358223222,-0.3421092521002824,1.0,0.9992635034041221,1.0,5/69,8.09%,SRSF5;NUP58;THOC2;ZC3H11A;SRSF7,KRT5-KRT17+ Basaloid,Reactome
prerank,REACTOME_TRANSPORT_OF_MATURE_MRNAS_DERIVED_FROM_INTRONLESS_TRANSCRIPTS,0.1649342089270164,0.3340524316825647,1.0,0.9996547495130422,1.0,3/33,18.93%,TPR;SEC13;EIF4E,KRT5-KRT17+ Basaloid,Reactome
prerank,HALLMARK_OXIDATIVE_PHOSPHORYLATION,-0.7777858336360477,-1.421793857350194,0.0,0.02257664514473853,0.024,101/185,15.74%,COX7C;NDUFA4;SLC25A5;UQCRQ;COX6A1;COX4I1;ATP5F1E;UQCR10;CYB5A;GPX4;COX7A2;ATP5MC2;SLC25A6;ATP5MG;LDHB;UQCRB;COX6C;UQCR11;COX6B1;COX5B;COX8A;ATP6V0E1;NDUFB2;ATP6V1G1;ATP5MF;UQCRH;SLC25A3;COX7B;ATP5F1D;COX17;ATP5PF;COX5A;NDUFA1;ATP5MC3;NDUFB4;NDUFC1;ATP5PD;ATP5ME;LDHA;MGST3;ECH1;NDUFB1;NDUFS8;ATP6V0B;NDUFA3;NDUFB7;NDUFA2;NDUFV2;ISCU;ATP5F1B;ATP1B1;ATP6V1F;MRPS15;ATP5F1A;NDUFA6;SLC25A4;NDUFS6;ATP5MC1;MDH2;TIMM13;COX7A2L;NDUFAB1;NDUFS7;NDUFC2;ATP5PB;UQCRFS1;PHB2;ATP5F1C;CYCS;NDUFB3;NDUFB6;MRPL34;VDAC2;ETFB;CYC1;TIMM8B;POLR2F;MPC1;ECHS1;PRDX3;CYB5R3;NDUFA5;VDAC1;OXA1L;ATP5PO;NDUFB5;ACAT1;SURF1;SDHC;TOMM22;SUCLG1;BAX;ATP6V1E1;NDUFB8;UQCRC1;HADHA;ATP6V0C;NDUFV1;MDH1;ACADVL;SDHD,ECM-high Epithelial,Hallmark
prerank,HALLMARK_REACTIVE_OXYGEN_SPECIES_PATHWAY,-0.7891500635961587,-1.4069877242547515,0.002004008016032064,0.019754564501646213,0.042,14/36,8.35%,GPX4;TXN;MGST1;PRDX1;PRDX6;FTL;NDUFB4;LAMTOR5;PRDX2;SOD1;JUNB;CAT;NDUFA6;SELENOS,ECM-high Epithelial,Hallmark
prerank,HALLMARK_MYC_TARGETS_V1,-0.7399874770136802,-1.3383477812655165,0.0,0.06584854833882071,0.186,92/175,18.09%,RPL34;RPS3;RPL22;RPL14;RPS6;RPS5;RPL18;RPS2;PPIA;RPL6;RACK1;RPLP0;EEF1B2;RPS10;NPM1;HNRNPA1;SNRPD2;SLC25A3;COX5A;LDHA;SNRPG;PCBP1;PSMA7;CNBP;ERH;RAN;HSPE1;PABPC1;HSP90AB1;EIF4G2;LSM7;NDUFAB1;SET;PSMD8;EIF2S2;SNRPD3;YWHAE;C1QBP;ACP1;PHB2;TUFM;PGK1;SERBP1;NHP2;GLO1;SRSF3;SSBP1;PA2G4;CYC1;RSL1D1;SRSF7;SNRPD1;PSMB2;PRDX3;IMPDH2;PSMA4;VDAC1;DEK;SNRPB2;PHB1;YWHAQ;RANBP1;EIF3D;PRDX4;APEX1;CANX;XRCC6;EIF1AX;DDX21;DDX18;PSMA1;FBL;DUT;HNRNPA2B1;SRSF2;HDDC2;TXNL4A;ODC1;CDK4;EIF4H;ILF2;CCT7;CCT3;CBX3;HNRNPA3;SSB;PPM1G;UBE2L3;MRPL23;RNPS1;CCT4;HSPD1,ECM-high Epithelial,Hallmark
prerank,HALLMARK_INTERFERON_ALPHA_RESPONSE,-0.7448763633792159,-1.330713176855187,0.010040160642570281,0.05879334673108992,0.22,14/41,16.81%,CD74;LAMP3;IFITM3;HLA-C;IFITM2;B2M;PSME1;LGALS3BP;PSMA3;TXNIP;PSME2;IFITM1;LY6E;CD47,ECM-high Epithelial,Hallmark
prerank,HALLMARK_ALLOGRAFT_REJECTION,-0.7191798226199352,-1.2917398309704295,0.006012024048096192,0.09406935476974387,0.402,13/64,9.30%,RPS3A;RPL39;RPL9;RPS9;CD74;NPM1;RPS19;HLA-DRA;B2M;HLA-A;C2;EIF5A;HLA-DMA,ECM-high Epithelial,Hallmark
prerank,HALLMARK_UV_RESPONSE_UP,-0.6909061854460498,-1.2610909232779475,0.01,0.13702769344792692,0.594,43/89,21.20%,AQP3;ALDOA;TMBIM6;FOS;NFKBIA;SELENOW;EPHX1;BTG1;EPCAM;JUNB;ATP6V1F;SLC25A4;BTG3;CA2;CXCL2;BSG;AP2S1;SQSTM1;RHOB;CREG1;FOSB;MAOA;RPN1;EIF5;TST;DDX21;PDAP1;GRINA;CLTB;NR4A1;BTG2;AMD1;DNAJA1;PSMC3;POLR2H;MRPL23;DNAJB1;SULT1A1;ACAA1;ICAM1;EIF2S3;BMP2;NUP58,ECM-high Epithelial,Hallmark
prerank,HALLMARK_P53_PATHWAY,-0.6925347094373329,-1.2487787776313748,0.002,0.15212358514192867,0.686,37/124,16.01%,RPS12;RPL18;RACK1;RPL36;LDHB;HINT1;NUPR1;DCXR;AK1;VAMP8;S100A10;FOS;RPS27L;JUN;EPHX1;BTG1;ISCU;PMM1;DRAM1;CD81;TSC22D1;SAT1;SFN;TXNIP;ALOX15B;PERP;TM4SF1;EI24;S100A4;NINJ1;BAX;CTSD;FAM162A;BTG2;TOB1;MKNK2;CEBPA,ECM-high Epithelial,Hallmark
prerank,HALLMARK_CHOLESTEROL_HOMEOSTASIS,-0.6969326685510414,-1.2455141170764452,0.032,0.1406336853807671,0.71,31/56,21.74%,FABP5;S100A11;ACTG1;LGALS3;ECH1;CD9;FASN;SCD;FDPS;PNRC1;TMEM97;ANXA5;EBP;IDI1;MAL2;LGMN;SQLE;ACAT2;TM7SF2;FDFT1;PMVK;MVD;DHCR7;TNFRSF12A;LPL;HMGCS1;CXCL16;SC5D;LDLR;PCYT2;ETHE1,ECM-high Epithelial,Hallmark
prerank,HALLMARK_MTORC1_SIGNALING,-0.6713304078318686,-1.2265527851978089,0.006,0.17350569879752759,0.828,59/143,21.58%,PPIA;SERP1;GAPDH;NUPR1;TPI1;PRDX1;ALDOA;ENO1;PPA1;FKBP2;LDHA;DHCR24;CD9;XBP1;HSPE1;SCD;SEC11A;TMEM97;CALR;ATP5MC1;TCEA1;EIF2S2;EBP;SQSTM1;HSP90B1;PGK1;LTA4H;HSPA5;IDI1;PSMB5;LGMN;SQLE;RPN1;ARPC5L;TM7SF2;PSMA4;PSMA3;FADS1;INSIG1;CANX;PDAP1;CCT6A;QDPR;BTG2;UFM1;DHCR7;SDF2L1;IDH1;HSPD1;SLC1A5;CTSC;HMGCS1;RDH11;CACYBP;SC5D;LDLR;SSR1;EEF1E1;PPP1R15A,ECM-high Epithelial,Hallmark
prerank,HALLMARK_PEROXISOME,-0.6773878553870829,-1.210816625555625,0.028056112224448898,0.20676444178389705,0.898,18/61,13.18%,PRDX5;PRDX1;FIS1;SOD1;ECH1;DHCR24;CNBP;PABPC1;TSPO;CAT;FDPS;SLC25A4;SCP2;IDI1;GSTK1;FADS1;MVP;HSD17B11,ECM-high Epithelial,Hallmark
prerank,HALLMARK_ADIPOGENESIS,-0.6616605800817316,-1.1989511332880043,0.01,0.22559541625689486,0.934,59/145,21.08%,UQCRQ;COX6A1;UQCR10;GPX4;UQCR11;COX8A;COX7B;ALDOA;DDT;TKT;MGST3;SOD1;ECH1;NDUFB7;UBC;CAT;MDH2;DHRS7;CD151;TALDO1;SCP2;NDUFAB1;ALDH2;GHITM;C3;CHCHD10;APLP2;ETFB;DNAJC15;PIM3;CYC1;REEP5;ECHS1;PRDX3;CD302;NDUFA5;ATP5PO;TST;SDHC;QDPR;AK2;SUCLG1;UQCRC1;SQOR;TOB1;NDUFS3;DHCR7;CMPK1;IDH1;LPL;SULT1A1;SLC1A5;RAB34;JAGN1;MCCC1;PHYH;DNAJB9;SLC25A1;HADH,ECM-high Epithelial,Hallmark
prerank,HALLMARK_XENOBIOTIC_METABOLISM,-0.6622309447816499,-1.1958691923190594,0.026,0.21745699177605793,0.946,34/94,20.66%,CYB5A;DCXR;BLVRB;SPINT2;DDT;TMBIM6;ECH1;EPHX1;SSR3;CAT;PMM1;TMEM97;DHRS7;ALDH2;CA2;ACP1;COMT;ADH5;FBP1;MAOA;PGRMC1;NINJ1;CBR1;MT2A;GSTO1;ASL;IDH1;AHCY;PTGES3;ETS2;SLC1A5;CNDP2;SERTAD1;DHPS,ECM-high Epithelial,Hallmark
prerank,HALLMARK_ESTROGEN_RESPONSE_LATE,-0.6661373572301134,-1.1913132204913843,0.032,0.2170831263917166,0.96,38/93,20.93%,FABP5;COX6C;SERPINA1;DCXR;BLVRB;FOS;ZFP36;CD9;XBP1;AGR2;BTG3;CA2;ABCA3;KRT19;AREG;CACNA2D2;CKB;ETFB;SFN;FDFT1;BAG1;PERP;TST;CLIC3;GALE;TSPAN13;S100A9;LSR;IMPA2;TOB1;DHCR7;CD44;ASS1;CISH;CCND1;MAPK13;SCNN1A;TNNC1,ECM-high Epithelial,Hallmark
prerank,HALLMARK_UNFOLDED_PROTEIN_RESPONSE,-0.6664367700368001,-1.188781008993617,0.052,0.2113872786468673,0.966,20/79,12.70%,RPS14;EEF2;NPM1;SERP1;SPCS1;XBP1;SEC11A;CALR;ATF4;HSP90B1;BANF1;EIF4A2;HSPA5;NHP2;ATP6V0D1;PDIA6;YIF1A;HERPUD1;IMP3;LSM4,ECM-high Epithelial,Hallmark
prerank,HALLMARK_HYPOXIA,-0.64813389254114,-1.1723074754625917,0.05,0.25486523852282605,0.986,24/107,13.74%,PRDX5;GAPDH;TPI1;MIF;ALDOA;SELENBP1;ENO1;FOS;LDHA;ZFP36;JUN;BTG1;SDC4;CITED2;PNRC1;MT1E;DUSP1;PGK1;HSPA5;FBP1;EFNA1;BNIP3L;S100A4;F3,ECM-high Epithelial,Hallmark
prerank,HALLMARK_INTERFERON_GAMMA_RESPONSE,-0.6434769777290255,-1.1711429913195082,0.064,0.24399238893402317,0.988,22/91,17.34%,CD74;IFITM3;VAMP8;HLA-DRB1;IFITM2;NFKBIA;B2M;BTG1;PSME1;HLA-A;SRI;HLA-DMA;LGALS3BP;PSMB2;PSMA3;TXNIP;PSME2;MVP;SOCS3;MT2A;LY6E;SERPING1,ECM-high Epithelial,Hallmark
prerank,HALLMARK_DNA_REPAIR,-0.6474125803173638,-1.1665377878513379,0.07,0.2453550112053202,0.996,47/95,25.57%,GPX4;EDF1;AK1;COX17;APRT;DAD1;POLR1D;GUK1;RBX1;VPS28;TMED2;POLR2I;POLR2C;POLR2K;EIF1B;POLR2E;POLR2J;BCAM;POLR2F;GTF2A2;NME3;POLE4;IMPDH2;GTF2H5;BCAP31;SURF1;DUT;MPC2;MRPL40;ADRM1;POLR2H;MPG;NT5C;DGUOK;TAF9;ARL6IP1;POLR2G;POLD4;TAF10;NME4;SUPT4H1;ELOA;SEC61A1;NME1;CETN2;RPA3;SRSF6,ECM-high Epithelial,Hallmark
prerank,HALLMARK_TNFA_SIGNALING_VIA_NFKB,-0.6379053901590684,-1.1567870922074603,0.046,0.2678886180831706,1.0,41/119,22.13%,EIF1;FOS;IER2;ZFP36;NFKBIA;CEBPD;JUN;BTG1;SDC4;JUNB;PNRC1;BTG3;DRAM1;CXCL2;DUSP1;GADD45B;EGR1;AREG;SQSTM1;RHOB;TSC22D1;SAT1;FOSB;EFNA1;F3;NINJ1;NR4A1;SOCS3;BTG2;PHLDA2;MCL1;CD44;TRIB1;ETS2;ICAM1;CEBPB;CCND1;BMP2;LDLR;PPP1R15A;IER3,ECM-high Epithelial,Hallmark
prerank,HALLMARK_PI3K_AKT_MTOR_SIGNALING,-0.639629455408862,-1.1547831247514282,0.118,0.26171084700677166,1.0,17/68,15.96%,PFN1;CFL1;ARPC3;ARF1;YWHAB;CALR;RAC1;PPP1CA;SQSTM1;HSP90B1;CSNK2B;SFN;AP2M1;CDK4;PIN1;ARHGDIA;MKNK2,ECM-high Epithelial,Hallmark
prerank,HALLMARK_ANGIOGENESIS,0.35435948784931914,1.149649388071591,0.3157894736842105,0.6106194690265487,0.046,9/21,11.87%,COL3A1;COL5A2;APP;VCAN;PTK2;LUM;NRP1;ITGAV;VAV2,ECM-high Epithelial,Hallmark
prerank,HALLMARK_GLYCOLYSIS,-0.6337648017096095,-1.1471943436499945,0.086,0.2782571514089024,1.0,30/102,18.00%,PPIA;CYB5A;TXN;TPI1;MIF;ALDOA;ENO1;LDHA;SOD1;CITED2;MDH2;TALDO1;ELF3;PGK1;PGLS;HSPA5;HAX1;CLDN3;GALE;PGAM1;AKR1A1;SDHC;FAM162A;QSOX1;NDUFV3;MDH1;HDLBP;SDC1;CD44;IDH1,ECM-high Epithelial,Hallmark
prerank,HALLMARK_FATTY_ACID_METABOLISM,-0.624281903789602,-1.1221157069180054,0.108,0.3712603868245892,1.0,44/107,24.20%,MIF;ERP29;S100A10;ALDOA;PRDX6;PCBD1;LDHA;ECH1;DHCR24;EPHX1;FASN;PSME1;MDH2;CA2;IDI1;MAOA;ECHS1;ACAT2;OSTC;APEX1;HSD17B11;SDHC;SUCLG1;ODC1;CBR1;MDH1;ACADVL;SDHD;BLVRA;HSD17B4;IDH1;HSD17B10;ACAA1;HMGCS1;RDH11;HADH;SMS;ACAA2;ALDH1A1;IDH3G;ALDH9A1;ECI1;GRHPR;UROS,ECM-high Epithelial,Hallmark
prerank,HALLMARK_COAGULATION,-0.6213285481464614,-1.1186860155848397,0.21285140562248997,0.371060845769017,1.0,16/63,14.09%,CTSH;SERPINA1;CD9;ISCU;C2;APOC1;S100A13;RAC1;GNB2;ARF4;C3;LTA4H;LGMN;DUSP6;F3;CPB2,ECM-high Epithelial,Hallmark
prerank,HALLMARK_MYC_TARGETS_V2,-0.6313719645852749,-1.1019595630477728,0.33601609657947684,0.433946023524775,1.0,9/29,18.09%,NPM1;HSPE1;TMEM97;PA2G4;PHB1;DDX18;CDK4;CBX3;HSPD1,ECM-high Epithelial,Hallmark
prerank,HALLMARK_ANDROGEN_RESPONSE,-0.6138096038359676,-1.0981077897083389,0.224,0.43389489887544364,1.0,27/80,22.40%,DBI;MYL12A;SELENOP;B2M;DHCR24;KRT8;SCD;KRT19;VAPA;IDI1;TSC22D1;SAT1;PA2G4;FADS1;TMEM50A;INSIG1;XRCC6;STEAP4;UBE2I;ADRM1;SPCS3;CCND1;HMGCS1;DNAJB9;SMS;NCOA4;LMAN1,ECM-high Epithelial,Hallmark
prerank,HALLMARK_APOPTOSIS,-0.6069923646766338,-1.0957395864269623,0.216,0.4279779364604267,1.0,25/91,17.94%,GPX4;IFITM3;KRT18;LGALS3;SOD1;JUN;HSPB1;TSPO;BTG3;EBP;GADD45B;SQSTM1;RHOB;VDAC2;SAT1;BCAP31;TXNIP;BNIP3L;BAX;BTG2;MCL1;DNAJA1;TNFRSF12A;LMNA;CD44,ECM-high Epithelial,Hallmark
prerank,HALLMARK_BILE_ACID_METABOLISM,-0.6141094697828623,-1.090454843932101,0.3172690763052209,0.4359752788366975,1.0,11/47,13.18%,PRDX5;SOD1;DHCR24;CAT;SCP2;ABCA3;HSD17B6;IDI1;GSTK1;FADS1;HSD17B11,ECM-high Epithelial,Hallmark
prerank,HALLMARK_PROTEIN_SECRETION,-0.5751740724821368,-1.0411655306681737,0.41282565130260523,0.6655232647450546,1.0,17/76,14.78%,CD63;KRT18;SOD1;CLTA;COPE;ARF1;TMED2;ATP1A1;ERGIC3;AP2S1;GNAS;NAPA;TMED10;BNIP3;AP2M1;RER1;RAB14,ECM-high Epithelial,Hallmark
prerank,HALLMARK_SPERMATOGENESIS,-0.5934700447628855,-1.0400756132441398,0.4716599190283401,0.6481378543635353,1.0,2/30,7.43%,PEBP1;TALDO1,ECM-high Epithelial,Hallmark
prerank,HALLMARK_KRAS_SIGNALING_UP,-0.562917440587834,-1.0182846701187491,0.482,0.7321839571940203,1.0,17/70,22.14%,SLPI;PIGR;MALL;CA2;TFPI;MPZL2;DUSP6;TSPAN13;ETV1;RGS16;GADD45G;ETV5;TRIB1;BMP2;PRELID3B;PPP1R15A;PSMB8,ECM-high Epithelial,Hallmark
prerank,HALLMARK_COMPLEMENT,-0.5507975936855072,-1.0004424067904893,0.568,0.7906215703881073,1.0,28/103,19.84%,CTSH;SERPINA1;PFN1;CALM1;LGALS3;CD59;C2;APOC1;S100A13;GNB2;CA2;ANXA5;C3;LTA4H;HSPA5;LGMN;DUSP6;F3;S100A9;ATOX1;PPP4C;CTSD;USP16;CALM3;SERPING1;FDX1;CTSC;CEBPB,ECM-high Epithelial,Hallmark
prerank,HALLMARK_MITOTIC_SPINDLE,0.3862863289399444,1.0,1.0,0.4690265486725664,0.104,32/124,9.22%,DOCK4;DST;RASAL2;TRIO;AKAP13;PALLD;FGD4;ABR;SSH2;DLG1;MYO1E;CLASP1;NF1;ITSN1;SOS1;FARP1;EPB41L2;RASA2;CCDC88A;ARFGEF1;PDLIM5;RAPGEF6;CDC42BPA;ARHGEF7;RICTOR;MYO9B;ROCK1;RASA1;ARHGAP10;KIF1B;ARHGEF3;FLNB,ECM-high Epithelial,Hallmark
prerank,HALLMARK_UV_RESPONSE_DN,0.3850650789775094,1.0,1.0,0.4690265486725664,0.104,40/102,10.53%,PTPRM;ATXN1;APBB2;RUNX1;PRKCE;COL3A1;COL1A2;CELF2;SIPA1L1;IGF1R;PPARG;AKT3;COL5A2;ABCC1;KCNMA1;DLG1;GRK5;MAGI2;FYN;NFIB;DYRK1A;CDK13;NEK7;NIPBL;RASA2;PDLIM5;CDC42BPA;KALRN;SMAD3;LAMC1;SCAF8;COL1A1;BMPR1A;SERPINE1;LTBP1;INPP4B;PRKCA;NRP1;PTPN21;LPAR1,ECM-high Epithelial,Hallmark
prerank,HALLMARK_HEME_METABOLISM,-0.5455497432931726,-0.992188485555408,0.554,0.8006212439499749,1.0,33/108,24.63%,AQP3;BLVRB;SELENBP1;PRDX2;MGST3;CAT;CA2;TCEA1;BSG;C3;PGLS;RAD23A;ADIPOR1;BCAM;BNIP3L;PDZK1IP1;BTG2;YPEL5;BLVRA;TMEM9B;LRP10;HAGH;HDGF;GDE1;ALDH6A1;ACP5;NCOA4;HEBP1;FBXO9;ARL2BP;UROS;GLRX5;RAP1GAP,ECM-high Epithelial,Hallmark
prerank,HALLMARK_APICAL_JUNCTION,-0.5440917521170496,-0.9806204866367773,0.61,0.8235772010091076,1.0,14/92,13.59%,MYL12B;PFN1;ACTG1;ACTB;CLDN4;CLDN18;CLDN7;ARPC2;CRB3;MPZL2;TSPAN4;ALOX15B;INSIG1;CNN2,ECM-high Epithelial,Hallmark
prerank,HALLMARK_ESTROGEN_RESPONSE_EARLY,-0.542966265869745,-0.9717095921798115,0.614,0.8320862017360072,1.0,18/103,13.19%,AQP3;MUC1;BLVRB;KRT18;FOS;KRT8;FASN;XBP1;CLDN7;MLPH;ABCA3;ELF3;KRT19;AREG;SFN;FDFT1;BAG1;CLIC3,ECM-high Epithelial,Hallmark
prerank,HALLMARK_IL2_STAT5_SIGNALING,-0.5287465200956121,-0.9579146561572306,0.6713426853707415,0.8568611521232258,1.0,20/107,19.55%,GPX4;IFITM3;HOPX;MUC1;XBP1;CA2;SYNGR2;GADD45B;CD81;RNH1;RHOB;SLC39A8;ODC1;ANXA4;GSTO1;RGS16;CD44;AHCY;SLC1A5;CISH,ECM-high Epithelial,Hallmark
prerank,HALLMARK_E2F_TARGETS,-0.5231662020817509,-0.9489469362752926,0.69,0.8616752896908539,1.0,40/88,30.78%,NAA38;RAN;SNRPB;PA2G4;POLE4;CKS2;DEK;RANBP1;KIF22;PRDX4;XRCC6;DUT;AK2;SRSF2;CDK4;RAD21;ANP32E;HMGA1;GSPT1;RFC1;POLD2;HNRNPD;PHF5A;TRA2B;JPT1;NME1;RPA3;CKS1B;MYC;SSRP1;POP7;SMC4;NAP1L1;RBBP7;NUDT21;ILF3;RAD1;IPO7;HMGB2;CBX5,ECM-high Epithelial,Hallmark
prerank,HALLMARK_IL6_JAK_STAT3_SIGNALING,-0.5218058361988342,-0.9347765303344572,0.6935483870967742,0.8804891606448026,1.0,7/45,17.94%,CD9;JUN;CSF3R;HAX1;SOCS3;TNFRSF12A;CD44,ECM-high Epithelial,Hallmark
prerank,HALLMARK_NOTCH_SIGNALING,-0.550166570521643,-0.9161006632102207,0.7004310344827587,0.9053539792839403,1.0,5/15,19.97%,SKP1;RBX1;APH1A;PSENEN;CCND1,ECM-high Epithelial,Hallmark
prerank,HALLMARK_MYOGENESIS,-0.48325425892181983,-0.8684126877332299,0.843687374749499,0.9789154118459873,1.0,10/74,11.89%,AK1;SOD3;GABARAPL2;SCD;FDPS;SYNGR2;GADD45B;EIF4A2;CKB;BAG1,ECM-high Epithelial,Hallmark
prerank,HALLMARK_INFLAMMATORY_RESPONSE,-0.4630481629844782,-0.8465114732164164,0.858,0.9846890613128266,1.0,13/77,21.05%,LAMP3;NFKBIA;SRI;SELENOS;CSF3R;F3;IFITM1;BTG2;LY6E;RGS16;ADRM1;ICAM1;LDLR,ECM-high Epithelial,Hallmark
prerank,HALLMARK_KRAS_SIGNALING_DN,-0.46112799301281526,-0.8184116495147563,0.8421052631578947,0.9923376234660282,1.0,6/32,17.46%,SELENOP;FGGY;BTG2;SCGB1A1;SLC6A14;GPRC5C,ECM-high Epithelial,Hallmark
prerank,HALLMARK_TGF_BETA_SIGNALING,-0.45924719979317297,-0.8148108101602569,0.8657314629258517,0.9718511534967832,1.0,5/43,11.41%,RHOA;JUNB;ID1;PPP1CA;FKBP1A,ECM-high Epithelial,Hallmark
prerank,HALLMARK_APICAL_SURFACE,-0.44946073816278703,-0.7505134521681778,0.8378947368421052,0.9932827965068097,1.0,1/15,6.14%,HSPB1,ECM-high Epithelial,Hallmark
prerank,HALLMARK_G2M_CHECKPOINT,-0.3890048525671656,-0.7056982316032019,0.9919839679358717,0.9872469400113957,1.0,28/101,30.15%,HMGN2;HSPA8;NCL;SQLE;SNRPD1;CKS2;KIF22;SRSF2;ODC1;CDK4;RAD21;AMD1;MT2A;HMGA1;CCND1;GSPT1;HNRNPD;TRA2B;JPT1;SRSF10;KIF5B;CKS1B;EWSR1;MYC;BCL3;SMC4;ILF3;SLC38A1,ECM-high Epithelial,Hallmark
prerank,HALLMARK_EPITHELIAL_MESENCHYMAL_TRANSITION,-0.3642858073157606,-0.6543676299785365,0.996,0.9793047419506563,1.0,13/86,17.94%,PPIB;CD59;JUN;SDC4;GADD45B;AREG;RHOB;SAT1;QSOX1;NNMT;SDC1;TNFRSF12A;CD44,ECM-high Epithelial,Hallmark
prerank,REACTOME_ECM_PROTEOGLYCANS,0.7349139426672325,2.673981842160092,0.0,0.0,0.0,23/37,13.31%,FN1;COL4A1;COL3A1;COL1A2;COL4A2;COL5A2;LAMA2;COL6A3;LAMA3;APP;VCAN;COL4A3;LAMC1;COL1A1;SERPINE1;LAMB1;LUM;ITGA2;ITGAV;ITGAX;COL5A1;DCN;SPARC,ECM-high Epithelial,Reactome
prerank,REACTOME_MET_ACTIVATES_PTK2_SIGNALING,0.7630349842356523,2.5268064480539607,0.0,0.0,0.0,12/18,11.59%,FN1;COL3A1;COL1A2;COL5A2;LAMA2;LAMA3;PTK2;LAMC1;COL1A1;LAMB1;ITGA2;COL5A1,ECM-high Epithelial,Reactome
prerank,REACTOME_LAMININ_INTERACTIONS,0.7456727869251432,2.522871737140894,0.0,0.0,0.0,9/19,11.15%,COL4A1;COL4A2;LAMA2;LAMA3;COL4A3;LAMC1;LAMB1;ITGA2;ITGAV,ECM-high Epithelial,Reactome
prerank,REACTOME_NCAM_SIGNALING_FOR_NEURITE_OUT_GROWTH,0.7147137158580766,2.4904370348035365,0.0,0.0,0.0,10/28,7.07%,COL4A1;COL3A1;COL4A2;COL5A2;CACNA1C;COL6A3;SOS1;FYN;PTK2;COL4A3,ECM-high Epithelial,Reactome
prerank,REACTOME_SIGNALING_BY_PDGF,0.6423343820875007,2.487077472112082,0.0,0.0,0.0,15/35,12.22%,COL4A1;COL3A1;COL4A2;RAPGEF1;COL5A2;COL6A3;SOS1;COL4A3;RASA1;PTPN12;PDGFC;PIK3CB;THBS2;COL5A1;THBS1,ECM-high Epithelial,Reactome
prerank,REACTOME_COLLAGEN_CHAIN_TRIMERIZATION,0.832843577637887,2.37525281477072,0.0,0.0,0.0,11/15,11.59%,COL4A1;COL3A1;COL1A2;COL4A2;COL5A2;COL6A3;COL8A1;COL4A3;COL1A1;COL12A1;COL5A1,ECM-high Epithelial,Reactome
prerank,REACTOME_NCAM1_INTERACTIONS,0.7519603125350471,2.3007881331656996,0.0,0.0013113236655353288,0.002,7/16,7.07%,COL4A1;COL3A1;COL4A2;COL5A2;CACNA1C;COL6A3;COL4A3,ECM-high Epithelial,Reactome
prerank,REACTOME_COLLAGEN_DEGRADATION,0.6326871154396624,2.1182042204021276,0.0,0.0057370410367170626,0.01,11/24,9.39%,COL4A1;COL3A1;COL1A2;COL4A2;COL5A2;COL6A3;COL8A1;COL4A3;COL1A1;ADAM9;COL12A1,ECM-high Epithelial,Reactome
prerank,REACTOME_MET_PROMOTES_CELL_MOTILITY,0.5633810384984566,2.101180701407942,0.0,0.006119510439164867,0.012,15/28,11.59%,FN1;TNS3;COL3A1;COL1A2;RAPGEF1;COL5A2;LAMA2;LAMA3;PTK2;LAMC1;GAB1;COL1A1;LAMB1;ITGA2;COL5A1,ECM-high Epithelial,Reactome
prerank,REACTOME_EGR2_AND_SOX10_MEDIATED_INITIATION_OF_SCHWANN_CELL_MYELINATION,0.6492690135421134,2.010993683439712,0.0,0.00826133909287257,0.016,7/15,10.94%,UTRN;LAMA2;TEAD1;LAMC1;SCD5;LAMB1;ADGRV1,ECM-high Epithelial,Reactome
prerank,REACTOME_SIGNALING_BY_ERYTHROPOIETIN,0.6820705961686129,2.0020755526241043,0.0,0.007510308266247791,0.016,10/16,17.35%,RAPGEF1;LYN;SOS1;PLCG2;JAK2;GAB1;PIK3CB;PIK3R5;STAT5B;PIK3R1,ECM-high Epithelial,Reactome
prerank,REACTOME_HDMS_DEMETHYLATE_HISTONES,0.6458961958660099,1.9429703222209562,0.0,0.01376889848812095,0.03,5/17,9.04%,KDM6A;KDM4C;KDM2A;UTY;ARID5B,ECM-high Epithelial,Reactome
prerank,REACTOME_PROTEIN_PROTEIN_INTERACTIONS_AT_SYNAPSES,0.5398709059558621,1.9268860109810895,0.0,0.014121947167303538,0.032,10/27,11.50%,SIPA1L1;SHANK2;DLG1;PPFIBP1;DLG2;EPB41L2;EPB41L3;PDLIM5;PTPRD;NRXN3,ECM-high Epithelial,Reactome
prerank,REACTOME_ASSEMBLY_OF_COLLAGEN_FIBRILS_AND_OTHER_MULTIMERIC_STRUCTURES,0.6086662804424448,1.9152112766941118,0.0,0.01508022215365628,0.036,12/26,9.39%,DST;COL4A1;COL3A1;COL1A2;COL4A2;COL5A2;COL6A3;LAMA3;COL8A1;COL4A3;COL1A1;COL12A1,ECM-high Epithelial,Reactome
prerank,REACTOME_NOTCH_HLH_TRANSCRIPTION_PATHWAY,0.6665599859720956,1.8980174790686808,0.0,0.01652267818574514,0.038,10/18,16.36%,MAML2;TBL1XR1;MAML3;HDAC4;RBPJ;NCOR1;NCOR2;HDAC9;TBL1X;HDAC8,ECM-high Epithelial,Reactome
prerank,REACTOME_NEUREXINS_AND_NEUROLIGINS,0.5998096953020526,1.8629948863357673,0.043478260869565216,0.02122705183585313,0.056,6/18,6.06%,SIPA1L1;SHANK2;DLG2;EPB41L2;EPB41L3;PDLIM5,ECM-high Epithelial,Reactome
prerank,REACTOME_PLATELET_AGGREGATION_PLUG_FORMATION,0.5667924626751263,1.7847697637650621,0.0,0.035637149028077755,0.102,5/17,8.01%,FN1;COL1A2;SOS1;PTK2;COL1A1,ECM-high Epithelial,Reactome
prerank,REACTOME_SIGNALING_BY_FGFR1_IN_DISEASE,0.5516967210524311,1.7797975546845137,0.0,0.03569714422846172,0.106,10/22,17.35%,CUX1;SOS1;GAB1;GAB2;FRS2;ZMYM2;BCR;LRRFIP1;STAT5B;PIK3R1,ECM-high Epithelial,Reactome
prerank,REACTOME_HEME_SIGNALING,0.5739377672452253,1.7688220533216046,0.0,0.035750824144594746,0.112,7/28,9.48%,RORA;NCOA1;TBL1XR1;NCOA2;BACH1;CHD9;NCOR1,ECM-high Epithelial,Reactome
prerank,REACTOME_EUKARYOTIC_TRANSLATION_ELONGATION,-0.9629328029115585,-1.749971853654003,0.0,0.0,0.0,82/88,2.93%,RPL30;RPL34;RPL12;RPL28;RPS4X;RPS13;RPS14;RPL32;RPS12;RPS15A;RPL37;RPL8;RPL18A;FAU;RPS3;RPL29;RPS8;RPS15;RPL10;RPLP1;RPL22;RPL14;RPS27;RPLP2;RPS3A;RPS6;RPS16;RPL11;RPL24;RPS23;RPS5;RPL26;RPS21;RPL18;RPL39;RPS25;RPL7A;RPS27A;RPL19;RPS26;UBA52;RPS2;RPL35A;RPL9;RPL6;RPSA;RPS28;RPS7;RPL36;RPL23A;RPL5;RPL27;RPS9;RPL10A;RPL13;RPL21;RPLP0;RPL37A;RPL36AL;RPL23;RPL15;RPS11;RPL41;RPL7;EEF1B2;RPL31;RPL35;RPL38;RPS10;RPS24;RPL3;RPS29;RPS20;RPL4;EEF1D;EEF2;RPS19;RPL27A;EEF1A1;RPS17;RPL13A;RPL36A,ECM-high Epithelial,Reactome
prerank,REACTOME_SELENOAMINO_ACID_METABOLISM,-0.9550532932484621,-1.740846130352618,0.0,0.0,0.0,78/95,2.93%,RPL30;RPL34;RPL12;RPL28;RPS4X;RPS13;RPS14;RPL32;RPS12;RPS15A;RPL37;RPL8;RPL18A;FAU;RPS3;RPL29;RPS8;RPS15;RPL10;RPLP1;RPL22;RPL14;RPS27;RPLP2;RPS3A;RPS6;RPS16;RPL11;RPL24;RPS23;RPS5;RPL26;RPS21;RPL18;RPL39;RPS25;RPL7A;RPS27A;RPL19;RPS26;UBA52;RPS2;RPL35A;RPL9;RPL6;RPSA;RPS28;RPS7;RPL36;RPL23A;RPL5;RPL27;RPS9;RPL10A;RPL13;RPL21;RPLP0;RPL37A;RPL36AL;RPL23;RPL15;RPS11;RPL41;RPL7;RPL31;RPL35;RPL38;RPS10;RPS24;RPL3;RPS29;RPS20;RPL4;RPS19;RPL27A;RPS17;RPL13A;RPL36A,ECM-high Epithelial,Reactome
prerank,REACTOME_RESPONSE_OF_EIF2AK4_GCN2_TO_AMINO_ACID_DEFICIENCY,-0.9501566437835579,-1.736806632930685,0.0,0.0,0.0,78/95,2.93%,RPL30;RPL34;RPL12;RPL28;RPS4X;RPS13;RPS14;RPL32;RPS12;RPS15A;RPL37;RPL8;RPL18A;FAU;RPS3;RPL29;RPS8;RPS15;RPL10;RPLP1;RPL22;RPL14;RPS27;RPLP2;RPS3A;RPS6;RPS16;RPL11;RPL24;RPS23;RPS5;RPL26;RPS21;RPL18;RPL39;RPS25;RPL7A;RPS27A;RPL19;RPS26;UBA52;RPS2;RPL35A;RPL9;RPL6;RPSA;RPS28;RPS7;RPL36;RPL23A;RPL5;RPL27;RPS9;RPL10A;RPL13;RPL21;RPLP0;RPL37A;RPL36AL;RPL23;RPL15;RPS11;RPL41;RPL7;RPL31;RPL35;RPL38;RPS10;RPS24;RPL3;RPS29;RPS20;RPL4;RPS19;RPL27A;RPS17;RPL13A;RPL36A,ECM-high Epithelial,Reactome
prerank,REACTOME_BMAL1_CLOCK_NPAS2_ACTIVATES_CIRCADIAN_GENE_EXPRESSION,0.5882854424936508,1.7196192001290183,0.0,0.043601511879049676,0.142,6/16,8.28%,NCOA1;TBL1XR1;NCOA2;CHD9;NAMPT;SERPINE1,ECM-high Epithelial,Reactome
prerank,REACTOME_NONSENSE_MEDIATED_DECAY_NMD,-0.9395564382391117,-1.7128122069553449,0.0,0.0,0.0,78/107,2.93%,RPL30;RPL34;RPL12;RPL28;RPS4X;RPS13;RPS14;RPL32;RPS12;RPS15A;RPL37;RPL8;RPL18A;FAU;RPS3;RPL29;RPS8;RPS15;RPL10;RPLP1;RPL22;RPL14;RPS27;RPLP2;RPS3A;RPS6;RPS16;RPL11;RPL24;RPS23;RPS5;RPL26;RPS21;RPL18;RPL39;RPS25;RPL7A;RPS27A;RPL19;RPS26;UBA52;RPS2;RPL35A;RPL9;RPL6;RPSA;RPS28;RPS7;RPL36;RPL23A;RPL5;RPL27;RPS9;RPL10A;RPL13;RPL21;RPLP0;RPL37A;RPL36AL;RPL23;RPL15;RPS11;RPL41;RPL7;RPL31;RPL35;RPL38;RPS10;RPS24;RPL3;RPS29;RPS20;RPL4;RPS19;RPL27A;RPS17;RPL13A;RPL36A,ECM-high Epithelial,Reactome
prerank,REACTOME_SARS_COV_1_MODULATES_HOST_TRANSLATION_MACHINERY,-0.9585287096036141,-1.703618173789968,0.0,0.0,0.0,34/35,4.07%,RPS4X;RPS13;RPS14;RPS12;RPS15A;FAU;RPS3;RPS8;RPS15;RPS27;RPS3A;RPS6;RPS16;RPS23;RPS5;RPS21;RPS25;RPS27A;RPS26;RPS2;RPSA;RPS28;RPS7;RPS9;RPS11;RPS10;RPS24;RPS29;RPS20;RPS19;EEF1A1;RPS17;HNRNPA1;RPS27L,ECM-high Epithelial,Reactome
prerank,REACTOME_SRP_DEPENDENT_COTRANSLATIONAL_PROTEIN_TARGETING_TO_MEMBRANE,-0.9212572440454512,-1.6802845710497625,0.0,0.0,0.0,85/107,4.21%,RPL30;RPL34;RPL12;RPL28;RPS4X;RPS13;RPS14;RPL32;RPS12;RPS15A;RPL37;RPL8;RPL18A;FAU;RPS3;RPL29;RPS8;RPS15;RPL10;RPLP1;RPL22;RPL14;RPS27;RPLP2;RPS3A;RPS6;RPS16;RPL11;RPL24;RPS23;RPS5;RPL26;RPS21;RPL18;RPL39;RPS25;RPL7A;RPS27A;RPL19;RPS26;UBA52;RPS2;RPL35A;RPL9;RPL6;RPSA;RPS28;RPS7;RPL36;RPL23A;RPL5;RPL27;RPS9;RPL10A;RPL13;RPL21;RPLP0;RPL37A;RPL36AL;RPL23;RPL15;RPS11;RPL41;RPL7;RPL31;RPL35;SSR4;RPL38;RPS10;SRP14;RPS24;RPL3;RPS29;RPS20;RPL4;SEC61B;RPS19;RPL27A;RPS17;SEC61G;RPL13A;RPL36A;SSR2;RPS27L;SPCS1,ECM-high Epithelial,Reactome
prerank,REACTOME_INFLUENZA_INFECTION,-0.9179189783404389,-1.6781319367838232,0.0,0.0,0.0,80/129,2.93%,RPL30;RPL34;RPL12;RPL28;RPS4X;RPS13;RPS14;RPL32;RPS12;RPS15A;RPL37;RPL8;RPL18A;FAU;RPS3;RPL29;RPS8;RPS15;RPL10;RPLP1;RPL22;RPL14;RPS27;RPLP2;RPS3A;RPS6;RPS16;RPL11;RPL24;RPS23;RPS5;RPL26;RPS21;RPL18;RPL39;RPS25;RPL7A;RPS27A;RPL19;RPS26;UBA52;RPS2;RPL35A;RPL9;RPL6;RPSA;RPS28;RPS7;RPL36;RPL23A;RPL5;RPL27;RPS9;RPL10A;RPL13;RPL21;RPLP0;RPL37A;RPL36AL;RPL23;RPL15;POLR2L;RPS11;RPL41;RPL7;RPL31;SLC25A6;RPL35;RPL38;RPS10;RPS24;RPL3;RPS29;RPS20;RPL4;RPS19;RPL27A;RPS17;RPL13A;RPL36A,ECM-high Epithelial,Reactome
prerank,REACTOME_CELLULAR_RESPONSE_TO_STARVATION,-0.9134423364026066,-1.6758108170712531,0.0,0.0,0.0,83/124,4.24%,RPL30;RPL34;RPL12;RPL28;RPS4X;RPS13;RPS14;RPL32;RPS12;RPS15A;RPL37;RPL8;RPL18A;FAU;RPS3;RPL29;RPS8;RPS15;RPL10;RPLP1;RPL22;RPL14;RPS27;RPLP2;RPS3A;RPS6;RPS16;RPL11;RPL24;RPS23;RPS5;RPL26;RPS21;RPL18;RPL39;RPS25;RPL7A;RPS27A;RPL19;RPS26;UBA52;RPS2;RPL35A;RPL9;RPL6;RPSA;RPS28;RPS7;RPL36;RPL23A;RPL5;RPL27;RPS9;RPL10A;RPL13;RPL21;RPLP0;RPL37A;RPL36AL;RPL23;RPL15;RPS11;RPL41;RPL7;RPL31;RPL35;RPL38;RPS10;RPS24;RPL3;RPS29;RPS20;RPL4;RPS19;RPL27A;ATP6V0E1;RPS17;RPL13A;ATP6V1G1;RPL36A;LAMTOR5;RPS27L;LAMTOR4,ECM-high Epithelial,Reactome
prerank,REACTOME_RRNA_PROCESSING,-0.9214701792945242,-1.6752093041604823,0.0,0.0,0.0,82/142,4.58%,RPL30;RPL34;RPL12;RPL28;RPS4X;RPS13;RPS14;RPL32;RPS12;RPS15A;RPL37;RPL8;RPL18A;FAU;RPS3;RPL29;RPS8;RPS15;RPL10;RPLP1;RPL22;RPL14;RPS27;RPLP2;RPS3A;RPS6;RPS16;RPL11;RPL24;RPS23;RPS5;RPL26;RPS21;RPL18;RPL39;RPS25;RPL7A;RPS27A;RPL19;RPS26;UBA52;RPS2;RPL35A;RPL9;RPL6;RPSA;RPS28;RPS7;RPL36;RPL23A;RPL5;RPL27;RPS9;RPL10A;RPL13;RPL21;RPLP0;RPL37A;RPL36AL;RPL23;RPL15;RPS11;RPL41;RPL7;RPL31;RPL35;RPL38;RPS10;RPS24;RPL3;RPS29;RPS20;RPL4;RPS19;RPL27A;RPS17;RPL13A;RPL36A;TRMT112;RPS27L;NOP10;SNU13,ECM-high Epithelial,Reactome
prerank,REACTOME_RHOB_GTPASE_CYCLE,0.4184189858963962,1.6709451051173208,0.0,0.05988378072611334,0.192,22/44,17.64%,AKAP13;ARHGAP26;ABR;ARHGAP21;ERBIN;ROCK2;STARD13;ARHGEF10;MYO9B;ROCK1;ARHGEF3;MYO9A;VAV2;DAAM1;OPHN1;ARHGEF11;PREX1;TJP2;BCR;PIK3R1;ARHGAP32;STK10,ECM-high Epithelial,Reactome
prerank,REACTOME_EUKARYOTIC_TRANSLATION_INITIATION,-0.9052275223661082,-1.6525610038225478,0.0,0.0,0.0,86/113,6.42%,RPL30;RPL34;RPL12;RPL28;RPS4X;RPS13;RPS14;RPL32;RPS12;RPS15A;RPL37;RPL8;RPL18A;FAU;RPS3;RPL29;RPS8;RPS15;RPL10;RPLP1;RPL22;RPL14;RPS27;RPLP2;RPS3A;RPS6;RPS16;RPL11;RPL24;RPS23;RPS5;RPL26;RPS21;RPL18;RPL39;RPS25;RPL7A;RPS27A;RPL19;RPS26;UBA52;RPS2;RPL35A;RPL9;RPL6;RPSA;RPS28;RPS7;RPL36;RPL23A;RPL5;RPL27;RPS9;RPL10A;RPL13;RPL21;RPLP0;RPL37A;RPL36AL;RPL23;RPL15;RPS11;RPL41;RPL7;RPL31;RPL35;RPL38;RPS10;RPS24;RPL3;RPS29;RPS20;RPL4;RPS19;RPL27A;RPS17;RPL13A;RPL36A;EIF3K;RPS27L;EIF3F;EIF3L;EIF3E;PABPC1;EIF3G;RPL17,ECM-high Epithelial,Reactome
prerank,REACTOME_SARS_COV_2_MODULATES_HOST_TRANSLATION_MACHINERY,-0.9139341038657155,-1.6318022634758917,0.0,0.0,0.0,34/41,4.09%,RPS4X;RPS13;RPS14;RPS12;RPS15A;FAU;RPS3;RPS8;RPS15;RPS27;RPS3A;RPS6;RPS16;RPS23;RPS5;RPS21;RPS25;RPS27A;RPS26;RPS2;RPSA;RPS28;RPS7;RPS9;RPS11;RPS10;RPS24;RPS29;RPS20;RPS19;RPS17;SNRPD2;RPS27L;SNRPG,ECM-high Epithelial,Reactome
prerank,REACTOME_NRAGE_SIGNALS_DEATH_THROUGH_JNK,0.4764549747497972,1.621494305257858,0.0,0.07468584331435303,0.248,18/30,14.63%,TRIO;AKAP13;FGD4;ABR;ITSN1;SOS1;ARHGEF26;ARHGEF10;ARHGEF7;KALRN;VAV3;ARHGEF3;ARHGEF18;VAV2;TIAM2;ARHGEF11;PREX1;GNA13,ECM-high Epithelial,Reactome
prerank,REACTOME_REGULATION_OF_EXPRESSION_OF_SLITS_AND_ROBOS,-0.8862216887382884,-1.612096176157331,0.0,0.0001538608231337332,0.002,90/151,6.42%,RPL30;RPL34;RPL12;RPL28;RPS4X;RPS13;RPS14;RPL32;RPS12;RPS15A;RPL37;RPL8;RPL18A;FAU;RPS3;RPL29;RPS8;RPS15;RPL10;RPLP1;RPL22;RPL14;RPS27;RPLP2;RPS3A;RPS6;RPS16;RPL11;RPL24;RPS23;RPS5;RPL26;RPS21;RPL18;RPL39;RPS25;RPL7A;RPS27A;RPL19;RPS26;UBA52;RPS2;RPL35A;RPL9;RPL6;RPSA;RPS28;RPS7;RPL36;RPL23A;RPL5;RPL27;RPS9;RPL10A;RPL13;RPL21;RPLP0;RPL37A;RPL36AL;RPL23;RPL15;RPS11;RPL41;RPL7;RPL31;RPL35;RPL38;RPS10;RPS24;RPL3;RPS29;RPS20;RPL4;RPS19;RPL27A;RPS17;RPL13A;ELOB;UBB;RPL36A;RPS27L;SEM1;PSMA7;PSME1;UBC;PSMB1;PABPC1;RBX1;PSMB6;RPL17,ECM-high Epithelial,Reactome
prerank,REACTOME_SARS_COV_1_HOST_INTERACTIONS,-0.895006257250743,-1.6105094337196952,0.0,0.00014202537520036914,0.002,43/80,5.32%,RPS4X;RPS13;RPS14;RPS12;RPS15A;FAU;RPS3;RPS8;RPS15;RPS27;RPS3A;RPS6;RPS16;RPS23;RPS5;RPS21;RPS25;RPS27A;RPS26;UBA52;RPS2;PPIA;RPSA;RPS28;RPS7;RPS9;RPS11;SFTPD;RPS10;RPS24;RPS29;RPS20;NPM1;RPS19;EEF1A1;RPS17;UBB;PPIB;HNRNPA1;PCBP2;RPS27L;NFKBIA;UBC,ECM-high Epithelial,Reactome
prerank,REACTOME_SIGNALING_BY_ROBO_RECEPTORS,-0.8738252562085833,-1.5959562662390523,0.0,0.0001318807055431999,0.002,92/178,6.42%,RPL30;RPL34;RPL12;RPL28;RPS4X;RPS13;RPS14;RPL32;RPS12;RPS15A;RPL37;RPL8;RPL18A;FAU;RPS3;RPL29;RPS8;RPS15;RPL10;RPLP1;RPL22;RPL14;RPS27;RPLP2;RPS3A;RPS6;RPS16;RPL11;RPL24;RPS23;RPS5;RPL26;RPS21;RPL18;RPL39;RPS25;RPL7A;RPS27A;RPL19;RPS26;UBA52;RPS2;RPL35A;RPL9;RPL6;RPSA;RPS28;RPS7;RPL36;RPL23A;RPL5;RPL27;RPS9;RPL10A;RPL13;RPL21;RPLP0;RPL37A;RPL36AL;RPL23;RPL15;RPS11;RPL41;RPL7;RPL31;RPL35;RPL38;RPS10;RPS24;RPL3;RPS29;RPS20;RPL4;RPS19;RPL27A;RPS17;RPL13A;ELOB;UBB;PFN1;RPL36A;RPS27L;SEM1;PSMA7;RHOA;PSME1;UBC;PSMB1;PABPC1;RBX1;PSMB6;RPL17,ECM-high Epithelial,Reactome
prerank,REACTOME_RHOC_GTPASE_CYCLE,0.32684505378751316,1.587006217090358,0.0,0.08460888346323597,0.294,12/52,7.32%,FMNL2;AKAP13;ARHGAP26;ABR;ARHGAP21;ERBIN;ROCK2;STARD13;ARHGEF10;MYO9B;ROCK1;ARHGAP18,ECM-high Epithelial,Reactome
prerank,REACTOME_INTEGRIN_CELL_SURFACE_INTERACTIONS,0.4277441845112106,1.5762107248221575,0.0,0.08682055435565154,0.304,17/38,12.22%,FN1;COL4A1;COL3A1;COL1A2;COL4A2;COL5A2;COL6A3;COL8A1;COL4A3;COL1A1;LUM;FBN1;ITGA2;ITGAV;ITGAX;COL5A1;THBS1,ECM-high Epithelial,Reactome
prerank,REACTOME_NEPHRIN_FAMILY_INTERACTIONS,0.5667931690025464,1.5726594527518771,0.05,0.08371490280777537,0.306,11/15,23.67%,MAGI2;FYN;PIK3CB;KIRREL1;ACTN1;PIK3R1;SPTBN1;PIK3CA;NCK2;CD2AP;CASK,ECM-high Epithelial,Reactome
prerank,REACTOME_RHOU_GTPASE_CYCLE,0.4838498039019129,1.5603972985180508,0.0,0.08367253696627347,0.314,2/26,1.00%,DST;PEAK1,ECM-high Epithelial,Reactome
prerank,REACTOME_MAP3K8_TPL2_DEPENDENT_MAPK1_3_ACTIVATION,-0.9211647267371552,-1.5593842761615297,0.0,0.0008616206095489061,0.01,5/15,5.32%,RPS27A;UBA52;SKP1;UBB;UBC,ECM-high Epithelial,Reactome
prerank,REACTOME_ACTIVATION_OF_THE_MRNA_UPON_BINDING_OF_THE_CAP_BINDING_COMPLEX_AND_EIFS_AND_SUBSEQUENT_BINDING_TO_43S,-0.866768406473311,-1.5545200745777434,0.0,0.0008077693214520995,0.01,42/57,9.39%,RPS4X;RPS13;RPS14;RPS12;RPS15A;FAU;RPS3;RPS8;RPS15;RPS27;RPS3A;RPS6;RPS16;RPS23;RPS5;RPS21;RPS25;RPS27A;RPS26;RPS2;RPSA;RPS28;RPS7;RPS9;RPS11;RPS10;RPS24;RPS29;RPS20;RPS19;RPS17;EIF3K;RPS27L;EIF3F;EIF3L;EIF3E;PABPC1;EIF3G;EIF2S2;EIF3H;EIF4B;EIF4A2,ECM-high Epithelial,Reactome
prerank,REACTOME_METABOLISM_OF_AMINO_ACIDS_AND_DERIVATIVES,-0.8480652885314507,-1.5526951322412683,0.0,0.0010860763985910582,0.016,90/218,6.42%,RPL30;RPL34;RPL12;RPL28;RPS4X;RPS13;RPS14;RPL32;RPS12;RPS15A;RPL37;RPL8;RPL18A;FAU;RPS3;RPL29;RPS8;RPS15;RPL10;RPLP1;RPL22;RPL14;RPS27;RPLP2;RPS3A;RPS6;RPS16;RPL11;RPL24;RPS23;RPS5;RPL26;RPS21;RPL18;RPL39;RPS25;RPL7A;RPS27A;RPL19;RPS26;UBA52;RPS2;RPL35A;RPL9;RPL6;RPSA;RPS28;RPS7;RPL36;RPL23A;RPL5;RPL27;RPS9;RPL10A;RPL13;RPL21;RPLP0;RPL37A;RPL36AL;RPL23;RPL15;RPS11;RPL41;RPL7;RPL31;RPL35;OAZ1;RPL38;RPS10;RPS24;RPL3;RPS29;RPS20;RPL4;RPS19;RPL27A;RPS17;RPL13A;TSTD1;RPL36A;PCBD1;RPS27L;SEM1;PSMA7;ADI1;MPST;PSME1;PSMB1;PSMB6;RPL17,ECM-high Epithelial,Reactome
prerank,REACTOME_RND3_GTPASE_CYCLE,0.46226506182933175,1.5486580873516265,0.0,0.08805295576353891,0.326,6/26,7.28%,DST;RASAL2;PICALM;ARHGAP21;CCDC88A;ROCK1,ECM-high Epithelial,Reactome
prerank,REACTOME_SIGNALING_BY_TYPE_1_INSULIN_LIKE_GROWTH_FACTOR_1_RECEPTOR_IGF1R,0.4605741841982307,1.5460144474284614,0.0,0.08589170009256403,0.33,7/22,11.17%,IGF1R;SOS1;GAB1;GAB2;PIK3CB;PDE3B;FRS2,ECM-high Epithelial,Reactome
prerank,REACTOME_FGFR1_MUTANT_RECEPTOR_ACTIVATION,0.5436216590161115,1.534957419238825,0.07142857142857142,0.08894391896924109,0.34,7/17,17.35%,CUX1;GAB2;ZMYM2;BCR;LRRFIP1;STAT5B;PIK3R1,ECM-high Epithelial,Reactome
prerank,REACTOME_SARS_COV_2_HOST_INTERACTIONS,-0.8476152783580931,-1.534786506511059,0.0,0.0016411821134264877,0.028,54/121,11.21%,RPS4X;RPS13;RPS14;RPS12;RPS15A;FAU;RPS3;RPS8;RPS15;RPS27;RPS3A;RPS6;RPS16;RPS23;RPS5;RPS21;RPS25;RPS27A;RPS26;UBA52;RPS2;RPSA;RPS28;RPS7;RPS9;RPS11;SFTPD;RPS10;RPS24;RPS29;RPS20;RPS19;RPS17;UBB;SNRPD2;HLA-C;RPS27L;SNRPG;B2M;CNBP;UBC;SNRPF;HLA-A;YWHAB;HSP90AB1;SNRPD3;YWHAE;SNRPE;TUFM;MAP1LC3B;SNRPB;CRB3;SNRPD1;SFN,ECM-high Epithelial,Reactome
prerank,REACTOME_SIGNALING_BY_CYTOSOLIC_FGFR1_FUSION_MUTANTS,0.571321153711439,1.5323960709725128,0.0625,0.08720302375809935,0.346,7/15,17.35%,CUX1;GAB2;ZMYM2;BCR;LRRFIP1;STAT5B;PIK3R1,ECM-high Epithelial,Reactome
prerank,REACTOME_FORMATION_OF_THE_BETA_CATENIN_TCF_TRANSACTIVATING_COMPLEX,0.5406329423842845,1.5295879569516684,0.07692307692307693,0.08646276039852296,0.358,3/16,7.49%,TCF4;TRRAP;TCF7L2,ECM-high Epithelial,Reactome
prerank,REACTOME_DEGRADATION_OF_THE_EXTRACELLULAR_MATRIX,0.398007870601683,1.5241171744852964,0.0,0.08748987580993521,0.376,17/50,10.05%,FN1;COL4A1;COL3A1;COL1A2;COL4A2;COL5A2;COL6A3;LAMA3;A2M;COL8A1;COL4A3;LAMC1;COL1A1;ADAM9;LAMB1;COL12A1;FBN1,ECM-high Epithelial,Reactome
prerank,REACTOME_SARS_COV_1_INFECTION,-0.8413564082147534,-1.522225686960356,0.0,0.0020406803910368826,0.036,42/114,4.28%,RPS4X;RPS13;RPS14;RPS12;RPS15A;FAU;RPS3;RPS8;RPS15;RPS27;RPS3A;RPS6;RPS16;RPS23;RPS5;RPS21;RPS25;RPS27A;RPS26;UBA52;RPS2;PPIA;RPSA;RPS28;RPS7;RPS9;RPS11;SFTPD;RPS10;RPS24;RPS29;RPS20;NPM1;RPS19;EEF1A1;RPS17;UBB;PPIB;HNRNPA1;PCBP2;RPS27L;NFKBIA,ECM-high Epithelial,Reactome
prerank,REACTOME_APC_C_CDC20_MEDIATED_DEGRADATION_OF_CYCLIN_B,-0.9011068964611386,-1.5205776614847941,0.0,0.0022155958531257583,0.04,6/15,5.32%,RPS27A;UBA52;UBB;ANAPC11;ANAPC16;UBC,ECM-high Epithelial,Reactome
prerank,REACTOME_TRANSLATION,-0.8257760611920917,-1.5151897507743137,0.0,0.002549693640501865,0.05,124/242,10.53%,RPL30;RPL34;RPL12;RPL28;RPS4X;RPS13;RPS14;RPL32;RPS12;RPS15A;RPL37;RPL8;RPL18A;FAU;RPS3;RPL29;RPS8;RPS15;RPL10;RPLP1;RPL22;RPL14;RPS27;RPLP2;RPS3A;RPS6;RPS16;RPL11;RPL24;RPS23;RPS5;RPL26;RPS21;RPL18;RPL39;RPS25;RPL7A;RPS27A;RPL19;RPS26;UBA52;RPS2;RPL35A;RPL9;RPL6;RPSA;RPS28;RPS7;RPL36;RPL23A;RPL5;RPL27;RPS9;RPL10A;RPL13;RPL21;RPLP0;RPL37A;RPL36AL;RPL23;RPL15;RPS11;RPL41;RPL7;EEF1B2;RPL31;RPL35;SSR4;RPL38;RPS10;SRP14;RPS24;RPL3;RPS29;RPS20;RPL4;EEF1D;EEF2;SEC61B;RPS19;RPL27A;EEF1A1;RPS17;SEC61G;RPL13A;MRPL14;RPL36A;TRMT112;PPA1;SSR2;EIF3K;RPS27L;SPCS1;EIF3F;MRPL57;SEC11C;MRPL33;MRPS21;EIF3L;AURKAIP1;SSR3;EIF3E;PABPC1;SEC11A;EIF3G;RPL17;MRPS15;MRPL20;MRPL54;MRPL41;MRPL51;EIF2S2;SPCS2;SRP9;TUFM;EIF3H;MRPL52;EIF4B;EIF4A2;MRPL34;RPL22L1;EIF3I;GADD45GIP1;RPN2,ECM-high Epithelial,Reactome
prerank,REACTOME_SARS_COV_1_ACTIVATES_MODULATES_INNATE_IMMUNE_RESPONSES,-0.8579945696398346,-1.506601984794692,0.0,0.0037765838405552704,0.082,9/27,5.32%,RPS27A;UBA52;PPIA;SFTPD;UBB;PPIB;PCBP2;NFKBIA;UBC,ECM-high Epithelial,Reactome
prerank,REACTOME_APC_CDC20_MEDIATED_DEGRADATION_OF_NEK2A,-0.8936105519026061,-1.5039886649093874,0.0,0.004013760603488693,0.084,6/16,5.32%,RPS27A;UBA52;UBB;ANAPC11;ANAPC16;UBC,ECM-high Epithelial,Reactome
prerank,REACTOME_CRISTAE_FORMATION,-0.8581983669415564,-1.5031078517811585,0.0,0.003923450989910197,0.086,16/29,8.79%,ATP5F1E;ATP5MC2;ATP5MG;ATP5MK;ATP5MJ;ATP5MF;ATP5F1D;ATP5PF;ATP5MC3;ATP5PD;ATP5ME;ATP5F1B;ATP5F1A;ATP5MC1;ATP5PB;ATP5F1C,ECM-high Epithelial,Reactome
prerank,REACTOME_FORMATION_OF_ATP_BY_CHEMIOSMOTIC_COUPLING,-0.8812530021550039,-1.5030826646410966,0.0,0.003766512950313789,0.086,16/19,8.79%,ATP5F1E;ATP5MC2;ATP5MG;ATP5MK;ATP5MJ;ATP5MF;ATP5F1D;ATP5PF;ATP5MC3;ATP5PD;ATP5ME;ATP5F1B;ATP5F1A;ATP5MC1;ATP5PB;ATP5F1C,ECM-high Epithelial,Reactome
prerank,REACTOME_CHAPERONE_MEDIATED_AUTOPHAGY,-0.8897147879550521,-1.501359635109794,0.0,0.003976710505610336,0.096,9/17,7.08%,RPS27A;UBA52;RNASE1;EEF1A1;UBB;PARK7;UBC;HSPA8;HSP90AB1,ECM-high Epithelial,Reactome
prerank,REACTOME_DISEASES_OF_CARBOHYDRATE_METABOLISM,-0.8690606516488044,-1.4891377065361717,0.0,0.005607372220873833,0.134,6/18,7.43%,RPS27A;UBA52;UBB;DCXR;UBC;TALDO1,ECM-high Epithelial,Reactome
prerank,REACTOME_OVARIAN_TUMOR_DOMAIN_PROTEASES,-0.8577292047970312,-1.4871111735874374,0.0,0.006000572102215595,0.146,5/23,5.32%,RPS27A;UBA52;UBB;RHOA;UBC,ECM-high Epithelial,Reactome
prerank,REACTOME_EVASION_BY_RSV_OF_HOST_INTERFERON_RESPONSES,-0.8748206327301201,-1.4868394958005822,0.0,0.005793655822828851,0.146,7/18,9.36%,RPS27A;UBA52;ELOB;UBB;UBC;RBX1;ELOC,ECM-high Epithelial,Reactome
prerank,REACTOME_NUCLEAR_EVENTS_STIMULATED_BY_ALK_SIGNALING_IN_CANCER,-0.8773482418699337,-1.479221501594106,0.0021231422505307855,0.007385319510419194,0.184,5/15,6.12%,RPS6;NPM1;SKP1;RBX1;JUNB,ECM-high Epithelial,Reactome
prerank,REACTOME_ER_QUALITY_CONTROL_COMPARTMENT_ERQC,-0.8750208072643285,-1.4755929169215858,0.00641025641025641,0.008100027850137182,0.206,4/15,5.32%,RPS27A;UBA52;UBB;UBC,ECM-high Epithelial,Reactome
prerank,REACTOME_TNFR1_INDUCED_NF_KAPPA_B_SIGNALING_PATHWAY,-0.8778191765260185,-1.4724997849115258,0.0,0.008596973492597344,0.22,5/20,5.32%,RPS27A;UBA52;RACK1;UBB;UBC,ECM-high Epithelial,Reactome
prerank,REACTOME_TAK1_DEPENDENT_IKK_AND_NF_KAPPA_B_ACTIVATION,-0.844079383469276,-1.4711556143389672,0.0,0.008784054266180405,0.232,6/26,5.32%,RPS27A;UBA52;UBB;NFKBIA;HMGB1;UBC,ECM-high Epithelial,Reactome
prerank,REACTOME_NEGATIVE_REGULATION_OF_MET_ACTIVITY,-0.8588130641236926,-1.4696687299978428,0.0,0.009014434108305783,0.244,4/17,5.32%,RPS27A;UBA52;UBB;UBC,ECM-high Epithelial,Reactome
prerank,REACTOME_NERVOUS_SYSTEM_DEVELOPMENT,-0.8018849713497467,-1.467514686554069,0.0,0.009811924492414073,0.266,105/347,7.40%,RPL30;RPL34;RPL12;RPL28;RPS4X;RPS13;RPS14;RPL32;RPS12;RPS15A;RPL37;RPL8;RPL18A;FAU;RPS3;RPL29;RPS8;RPS15;RPL10;RPLP1;RPL22;RPL14;RPS27;RPLP2;RPS3A;RPS6;RPS16;RPL11;RPL24;RPS23;RPS5;RPL26;RPS21;RPL18;RPL39;RPS25;RPL7A;RPS27A;RPL19;RPS26;UBA52;RPS2;RPL35A;RPL9;RPL6;RPSA;RPS28;RPS7;RPL36;RPL23A;RPL5;RPL27;RPS9;RPL10A;RPL13;RPL21;RPLP0;RPL37A;RPL36AL;RPL23;RPL15;RPS11;RPL41;RPL7;RPL31;RPL35;RPL38;RPS10;RPS24;RPL3;MYL12B;RPS29;RPS20;RPL4;RPS19;RPL27A;MYL6;RPS17;RPL13A;ELOB;MYL12A;UBB;PFN1;RPL36A;ACTG1;CFL1;ACTB;RPS27L;SEM1;CLTA;PSMA7;RHOA;ARPC3;PSME1;UBC;TUBB4B;PSMB1;PABPC1;RBX1;PSMB6;HSPA8;RPL17;HSP90AB1;ARPC2;RAC1,ECM-high Epithelial,Reactome
prerank,REACTOME_JNK_C_JUN_KINASES_PHOSPHORYLATION_AND_ACTIVATION_MEDIATED_BY_ACTIVATED_HUMAN_TAK1,-0.8753630293830185,-1.4657263530118323,0.002079002079002079,0.010103527385781816,0.272,4/16,5.32%,RPS27A;UBA52;UBB;UBC,ECM-high Epithelial,Reactome
prerank,REACTOME_CELLULAR_RESPONSES_TO_STIMULI,-0.7953096796569136,-1.4623964817937096,0.0,0.010878376035617462,0.294,159/495,10.03%,RPL30;RPL34;RPL12;RPL28;RPS4X;RPS13;RPS14;RPL32;RPS12;RPS15A;RPL37;RPL8;RPL18A;FAU;RPS3;RPL29;RPS8;RPS15;RPL10;RPLP1;RPL22;RPL14;RPS27;RPLP2;RPS3A;RPS6;RPS16;RPL11;RPL24;RPS23;RPS5;RPL26;GSTP1;RPS21;RPL18;RPL39;RPS25;RPL7A;RPS27A;RPL19;RPS26;UBA52;RPS2;RPL35A;RPL9;COX7C;RPL6;RPSA;NDUFA4;RPS28;RPS7;RPL36;RPL23A;RPL5;RPL27;RPS9;RPL10A;RPL13;RPL21;RPLP0;RPL37A;PRDX5;RPL36AL;RPL23;COX6A1;RPL15;RPS11;COX4I1;RPL41;RPL7;COX7A2;RPL31;RPL35;RPL38;RPS10;RPS24;RPL3;RPS29;COX6C;RPS20;RPL4;COX6B1;COX5B;SERP1;RPS19;RPL27A;TXN;COX8A;EEF1A1;ATP6V0E1;RPS17;RPL13A;ELOB;SKP1;UBB;PRDX1;ATP6V1G1;RPL36A;BLVRB;COX7B;PRDX6;COX5A;FOS;LAMTOR5;TKT;RPS27L;ANAPC11;LAMTOR4;PRDX2;SOD1;SEM1;JUN;DYNLL1;PSMA7;ATP6V0B;SOD3;ANAPC16;ST13;XBP1;PSME1;UBC;TUBB4B;HSBP1;PSMB1;RBX1;HSPB1;PSMB6;CITED2;HSPA8;RPL17;ATP6V1F;CAT;ID1;LAMTOR1;MT1E;CALR;MYDGF;HSP90AB1;COX7A2L;TALDO1;P4HB;PSMD8;EIF2S2;RPS19BP1;YWHAE;AREG;PHB2;SQSTM1;ATF4;HSP90B1;MAP1LC3B;CYCS;ELOC;HSPA5;TUBA1B;ATP6V0D1;RPL22L1;PDIA6;PSMB5,ECM-high Epithelial,Reactome
prerank,REACTOME_SIGNALING_BY_TGFBR3,0.46164760018253237,1.4619188875993485,0.0,0.11599253877871588,0.488,8/24,12.65%,TCF12;TCF4;TNRC6A;SMAD3;TNRC6B;AGO3;AGO4;TIMP2,ECM-high Epithelial,Reactome
prerank,REACTOME_SENESCENCE_ASSOCIATED_SECRETORY_PHENOTYPE_SASP,-0.8360659995514761,-1.4579404582025672,0.0,0.011806793690999106,0.32,8/31,5.32%,RPS27A;UBA52;UBB;FOS;ANAPC11;JUN;ANAPC16;UBC,ECM-high Epithelial,Reactome
prerank,REACTOME_DOWNSTREAM_SIGNAL_TRANSDUCTION,0.44547952158424414,1.45420834332559,0.09523809523809523,0.11771058315334773,0.506,8/19,20.80%,RAPGEF1;SOS1;RASA1;PIK3CB;STAT5B;PIK3R1;PIK3CA;NCK2,ECM-high Epithelial,Reactome
prerank,REACTOME_NEGATIVE_REGULATION_OF_FGFR2_SIGNALING,-0.8361241956503401,-1.453284224029291,0.008368200836820083,0.013255701685367785,0.356,4/17,5.32%,RPS27A;UBA52;UBB;UBC,ECM-high Epithelial,Reactome
prerank,REACTOME_NEGATIVE_REGULATION_OF_FGFR1_SIGNALING,-0.8366321105384854,-1.4492032144909592,0.00631578947368421,0.01486295551471863,0.39,4/17,5.32%,RPS27A;UBA52;UBB;UBC,ECM-high Epithelial,Reactome
prerank,REACTOME_AMYLOID_FIBER_FORMATION,-0.8350429106066182,-1.4484542831822622,0.0,0.014905736328955815,0.398,7/26,5.32%,RPS27A;UBA52;CST3;UBB;ITM2B;B2M;UBC,ECM-high Epithelial,Reactome
prerank,REACTOME_INFECTION_WITH_MYCOBACTERIUM_TUBERCULOSIS,-0.8377013196454441,-1.4476205119693653,0.0,0.014946479961562655,0.404,7/21,9.10%,RPS27A;UBA52;UBB;ENO1;B2M;UBC;PGK1,ECM-high Epithelial,Reactome
prerank,REACTOME_RESPONSE_OF_MTB_TO_PHAGOCYTOSIS,-0.8417047374967594,-1.4439147349497328,0.0,0.016273465665400437,0.434,6/18,9.10%,RPS27A;UBA52;UBB;ENO1;UBC;PGK1,ECM-high Epithelial,Reactome
prerank,REACTOME_NEGATIVE_REGULATION_OF_FGFR4_SIGNALING,-0.8441156417652373,-1.4438707331443406,0.008565310492505354,0.01555020052471597,0.434,4/15,5.32%,RPS27A;UBA52;UBB;UBC,ECM-high Epithelial,Reactome
prerank,REACTOME_NEGATIVE_REGULATION_OF_FGFR3_SIGNALING,-0.8441156417652373,-1.4438707331443406,0.008565310492505354,0.01555020052471597,0.434,4/15,5.32%,RPS27A;UBA52;UBB;UBC,ECM-high Epithelial,Reactome
prerank,REACTOME_SURFACTANT_METABOLISM,-0.8518415563121862,-1.4380727289243702,0.0020833333333333333,0.018222473139838668,0.488,9/16,7.65%,SFTPC;NAPSA;SFTPA2;CTSH;SFTPD;SFTPA1;SLC34A2;SFTA3;ABCA3,ECM-high Epithelial,Reactome
prerank,REACTOME_COMPLEX_IV_ASSEMBLY,-0.8140631300514286,-1.4370748718172028,0.0,0.01826688070396237,0.498,18/32,9.37%,COX7C;NDUFA4;COX6A1;COX4I1;COX7A2;COX6C;COX6B1;COX5B;COX8A;COX7B;COX17;COX5A;COX14;HIGD2A;COX7A2L;COA3;PET100;PNKD,ECM-high Epithelial,Reactome
prerank,REACTOME_SARS_COV_2_INFECTION,-0.7885707079992411,-1.4365238834069645,0.0,0.018040181512430222,0.502,61/189,11.21%,RPS4X;RPS13;RPS14;RPS12;RPS15A;FAU;RPS3;RPS8;RPS15;RPS27;RPS3A;RPS6;RPS16;RPS23;RPS5;RPS21;RPS25;RPS27A;RPS26;UBA52;RPS2;RPSA;RPS28;RPS7;RPS9;RPS11;SFTPD;RPS10;RPS24;RPS29;RPS20;RPS19;RPS17;UBB;SNRPD2;HLA-C;RPS27L;SNRPG;B2M;DAD1;CNBP;UBC;SDC4;SNRPF;ISCU;HLA-A;YWHAB;HSP90AB1;SNRPD3;CHMP2A;YWHAE;SNRPE;TUFM;MAP1LC3B;SUMO1;SNRPB;CRB3;RPN2;SNRPD1;RPN1;SFN,ECM-high Epithelial,Reactome
prerank,REACTOME_INTERLEUKIN_2_FAMILY_SIGNALING,0.47185032458333465,1.4350035043993203,0.08695652173913043,0.12982104288799753,0.542,8/19,17.35%,SOS1;JAK2;GAB2;PIK3CB;HAVCR2;STAT5B;IL3RA;PIK3R1,ECM-high Epithelial,Reactome
prerank,REACTOME_GAMMA_CARBOXYLATION_HYPUSINYLATION_HYDROXYLATION_AND_ARYLSULFATASE_ACTIVATION,-0.8029556944192802,-1.4316183704552938,0.0,0.0204226692584041,0.558,7/31,7.16%,RPL8;RPS6;RPS23;EEF2;RPL27A;RWDD1;EIF5A,ECM-high Epithelial,Reactome
prerank,REACTOME_REGULATION_OF_PYRUVATE_METABOLISM,-0.820867207429261,-1.427987120597954,0.0,0.022229811726361775,0.592,5/23,5.32%,RPS27A;UBA52;UBB;LDHA;UBC,ECM-high Epithelial,Reactome
prerank,REACTOME_DETOXIFICATION_OF_REACTIVE_OXYGEN_SPECIES,-0.8248287020607592,-1.426150621960021,0.004282655246252677,0.02280760437041222,0.612,14/20,14.75%,GSTP1;PRDX5;TXN;PRDX1;PRDX6;PRDX2;SOD1;SOD3;CAT;P4HB;CYCS;PRDX3;TXN2;ATOX1,ECM-high Epithelial,Reactome
prerank,REACTOME_NEGATIVE_REGULATORS_OF_DDX58_IFIH1_SIGNALING,-0.8151328693982001,-1.4249178616303542,0.0,0.023079123470059987,0.62,5/27,5.32%,RPS27A;UBA52;UBB;PCBP2;UBC,ECM-high Epithelial,Reactome
prerank,REACTOME_TP53_REGULATES_METABOLIC_GENES,-0.7868459304604901,-1.4227926143932104,0.0,0.02400228840886238,0.638,26/58,13.45%,COX7C;NDUFA4;PRDX5;COX6A1;COX4I1;COX7A2;COX6C;COX6B1;COX5B;TXN;COX8A;PRDX1;COX7B;COX5A;LAMTOR5;LAMTOR4;PRDX2;YWHAB;LAMTOR1;COX7A2L;YWHAE;CYCS;SFN;LAMTOR2;YWHAQ;RHEB,ECM-high Epithelial,Reactome
prerank,REACTOME_AEROBIC_RESPIRATION_AND_RESPIRATORY_ELECTRON_TRANSPORT,-0.7790473986134381,-1.4224171766195504,0.0,0.02383133193871379,0.64,108/195,16.26%,RPS27A;UBA52;COX7C;NDUFA4;UQCRQ;COX6A1;COX4I1;ATP5F1E;UQCR10;COX7A2;ATP5MC2;ATP5MG;LDHB;UQCRB;COX6C;UQCR11;COX6B1;COX5B;COX8A;UBB;ATP5MK;NDUFB2;ATP5MJ;NDUFB11;ATP5MF;UQCRH;NDUFS5;COX7B;ATP5F1D;COX17;ATP5PF;COX5A;NDUFA1;COX14;ATP5MC3;NDUFB4;NDUFB9;NDUFC1;ATP5PD;ATP5ME;LDHA;NDUFB1;NDUFS8;NDUFA3;NDUFB7;NDUFB10;NDUFAF3;HIGD2A;UBC;MT-CYB;NDUFA2;NDUFV2;ISCU;NDUFA11;NDUFA13;ATP5F1B;ATP5F1A;NDUFA6;SLC25A4;NDUFS6;ATP5MC1;MDH2;COX7A2L;COA3;NDUFAB1;PET100;NDUFS7;NDUFC2;ATP5PB;UQCRFS1;ATP5F1C;PYURF;CYCS;NDUFB3;PNKD;NDUFB6;GLO1;NDUFA12;ETFB;CYC1;MPC1;MT-ND1;NDUFA5;MT-ND5;VDAC1;OXA1L;ATP5PO;NDUFB5;ACAT1;SURF1;SDHC;UQCC5;HIGD1A;SUCLG1;RAB5IF;MPC2;NDUFB8;COX20;UQCRC1;MT-ND2;NDUFV3;NDUFV1;MDH1;UQCC2;SDHD;NDUFS3;NDUFAF8;MT-CO3,ECM-high Epithelial,Reactome
prerank,REACTOME_NR1H3_NR1H2_REGULATE_GENE_EXPRESSION_LINKED_TO_CHOLESTEROL_TRANSPORT_AND_EFFLUX,0.4238356751534412,1.4210651323770294,0.10714285714285714,0.13386429085673146,0.564,9/18,11.14%,ABCA1;NCOA1;TBL1XR1;TNRC6A;TNRC6B;NCOR1;AGO3;NCOR2;AGO4,ECM-high Epithelial,Reactome
prerank,REACTOME_RAS_PROCESSING,-0.8421753192596962,-1.4202130436026434,0.00423728813559322,0.024774389994042575,0.662,5/17,5.32%,RPS27A;UBA52;UBB;CALM1;UBC,ECM-high Epithelial,Reactome
prerank,REACTOME_IRON_UPTAKE_AND_TRANSPORT,-0.8037147804915926,-1.4187263918912618,0.0,0.025255155111522782,0.674,17/36,15.47%,RPS27A;UBA52;FTH1;ATP6V0E1;SKP1;UBB;ATP6V1G1;FTL;ATP6V0B;NEDD8;UBC;ATP6V1F;ATP6V0D1;STEAP4;ATP6V1E1;CYBRD1;ATP6V0C,ECM-high Epithelial,Reactome
prerank,REACTOME_FLT3_SIGNALING_IN_DISEASE,-0.8253588309343263,-1.4185537342857637,0.002074688796680498,0.024909257471545442,0.676,4/21,5.32%,RPS27A;UBA52;UBB;UBC,ECM-high Epithelial,Reactome
prerank,REACTOME_RESPIRATORY_ELECTRON_TRANSPORT,-0.780780536476586,-1.4170411097927433,0.0,0.02565761864395634,0.684,78/125,16.26%,COX7C;NDUFA4;UQCRQ;COX6A1;COX4I1;UQCR10;COX7A2;UQCRB;COX6C;UQCR11;COX6B1;COX5B;COX8A;NDUFB2;NDUFB11;UQCRH;NDUFS5;COX7B;COX17;COX5A;NDUFA1;COX14;NDUFB4;NDUFB9;NDUFC1;NDUFB1;NDUFS8;NDUFA3;NDUFB7;NDUFB10;NDUFAF3;HIGD2A;MT-CYB;NDUFA2;NDUFV2;ISCU;NDUFA11;NDUFA13;NDUFA6;NDUFS6;MDH2;COX7A2L;COA3;NDUFAB1;PET100;NDUFS7;NDUFC2;UQCRFS1;PYURF;CYCS;NDUFB3;PNKD;NDUFB6;NDUFA12;ETFB;CYC1;MT-ND1;NDUFA5;MT-ND5;OXA1L;NDUFB5;SURF1;SDHC;UQCC5;HIGD1A;RAB5IF;NDUFB8;COX20;UQCRC1;MT-ND2;NDUFV3;NDUFV1;MDH1;UQCC2;SDHD;NDUFS3;NDUFAF8;MT-CO3,ECM-high Epithelial,Reactome
prerank,REACTOME_SHC1_EVENTS_IN_ERBB2_SIGNALING,0.48946265556137125,1.4154761393412494,0.11538461538461539,0.13396766096550114,0.574,5/15,11.47%,PRKCE;SOS1;PTPN12;PRKCA;NRG1,ECM-high Epithelial,Reactome
prerank,REACTOME_RET_SIGNALING,0.46695712260745,1.4135248546999648,0.03125,0.13092531544844832,0.574,7/16,11.17%,SOS1;GAB1;GAB2;PIK3CB;PRKCA;GRB10;FRS2,ECM-high Epithelial,Reactome
prerank,REACTOME_SARS_COV_INFECTIONS,-0.7704334229005627,-1.4100471641747776,0.0,0.030354914936892453,0.758,77/269,11.69%,RPS4X;RPS13;RPS14;RPS12;RPS15A;FAU;RPS3;RPS8;RPS15;RPS27;RPS3A;RPS6;RPS16;RPS23;RPS5;RPS21;RPS25;RPS27A;RPS26;UBA52;RPS2;PPIA;RPSA;RPS28;RPS7;RPS9;RPS11;SFTPD;RPS10;RPS24;RPS29;RPS20;NPM1;RPS19;EEF1A1;RPS17;UBB;PPIB;HNRNPA1;SNRPD2;PCBP2;HLA-C;RPS27L;SNRPG;SAP18;NFKBIA;B2M;DAD1;FXYD3;CNBP;UBC;SDC4;SNRPF;ISCU;RBX1;HLA-A;YWHAB;ATP1B1;HSP90AB1;ATP1A1;SNRPD3;CHMP2A;YWHAE;COMT;AP2S1;SNRPE;TUFM;MAP1LC3B;SUMO1;SNRPB;CRB3;RPN2;SNRPD1;RPN1;SFN;FKBP1A;IMPDH2,ECM-high Epithelial,Reactome
prerank,REACTOME_REGULATION_OF_SIGNALING_BY_CBL,-0.8306748872974478,-1.409912605615665,0.002109704641350211,0.029972088346451233,0.76,4/17,5.32%,RPS27A;UBA52;UBB;UBC,ECM-high Epithelial,Reactome
prerank,REACTOME_CONSTITUTIVE_SIGNALING_BY_LIGAND_RESPONSIVE_EGFR_CANCER_VARIANTS,-0.8474011130334012,-1.4070879468977924,0.004201680672268907,0.03202322968042421,0.778,4/16,5.32%,RPS27A;UBA52;UBB;UBC,ECM-high Epithelial,Reactome
prerank,REACTOME_VASOPRESSIN_REGULATES_RENAL_WATER_HOMEOSTASIS_VIA_AQUAPORINS,-0.8306739801871474,-1.4062639800620664,0.004301075268817204,0.03173928980073011,0.794,7/16,12.41%,GNG5;AQP3;GNB2;AQP1;PRKAR1A;GNAS;AQP4,ECM-high Epithelial,Reactome
prerank,REACTOME_AQUAPORIN_MEDIATED_TRANSPORT,-0.8306739801871474,-1.4062639800620664,0.004301075268817204,0.03173928980073011,0.794,7/16,12.41%,GNG5;AQP3;GNB2;AQP1;PRKAR1A;GNAS;AQP4,ECM-high Epithelial,Reactome
prerank,REACTOME_DEACTIVATION_OF_THE_BETA_CATENIN_TRANSACTIVATING_COMPLEX,-0.8157275153620052,-1.4056621120269326,0.004158004158004158,0.03179149258000763,0.796,4/24,5.32%,RPS27A;UBA52;UBB;UBC,ECM-high Epithelial,Reactome
prerank,REACTOME_SARS_COV_2_ACTIVATES_MODULATES_INNATE_AND_ADAPTIVE_IMMUNE_RESPONSES,-0.7841847077040986,-1.403702884050638,0.0,0.0327794565962452,0.806,10/59,7.08%,RPS27A;UBA52;SFTPD;UBB;HLA-C;B2M;CNBP;UBC;HLA-A;HSP90AB1,ECM-high Epithelial,Reactome
prerank,REACTOME_TOLL_LIKE_RECEPTOR_TLR1_TLR2_CASCADE,-0.7846006313605182,-1.4030028192746844,0.0,0.03273039328481234,0.81,12/70,5.32%,SFTPA2;RPS27A;UBA52;SFTPD;SFTPA1;SKP1;UBB;FOS;NFKBIA;HMGB1;JUN;UBC,ECM-high Epithelial,Reactome
prerank,REACTOME_CYTOPROTECTION_BY_HMOX1,-0.7865757177249,-1.3996466372658476,0.004056795131845842,0.03527316781095735,0.834,12/41,3.52%,COX7C;NDUFA4;COX6A1;COX4I1;COX7A2;COX6C;COX6B1;COX5B;COX8A;BLVRB;COX7B;COX5A,ECM-high Epithelial,Reactome
prerank,REACTOME_SMAD2_SMAD3_SMAD4_HETEROTRIMER_REGULATES_TRANSCRIPTION,-0.8121673439569257,-1.3964625972572111,0.002044989775051125,0.03795837013075748,0.854,6/28,6.12%,RPS27A;UBA52;UBB;YBX1;UBC;JUNB,ECM-high Epithelial,Reactome
prerank,REACTOME_DDX58_IFIH1_MEDIATED_INDUCTION_OF_INTERFERON_ALPHA_BETA,-0.7795426605370909,-1.3954886333322947,0.0,0.03813072573314258,0.862,8/46,7.08%,RPS27A;UBA52;UBB;PCBP2;NFKBIA;HMGB1;UBC;HSP90AB1,ECM-high Epithelial,Reactome
prerank,REACTOME_BACTERIAL_INFECTION_PATHWAYS,-0.7789807191379791,-1.3954574003984312,0.0,0.03761237722092061,0.862,11/45,9.10%,RPS27A;UBA52;EEF2;UBB;ENO1;CALM1;B2M;CD9;UBC;HSP90AB1;PGK1,ECM-high Epithelial,Reactome
prerank,REACTOME_SIGNALING_BY_CSF1_M_CSF_IN_MYELOID_CELLS,-0.8024645250624697,-1.3904752311777064,0.0,0.04194549426164142,0.886,4/22,5.32%,RPS27A;UBA52;UBB;UBC,ECM-high Epithelial,Reactome
prerank,REACTOME_RUNX1_REGULATES_GENES_INVOLVED_IN_MEGAKARYOCYTE_DIFFERENTIATION_AND_PLATELET_FUNCTION,0.454538236687465,1.3902999758208872,0.14705882352941177,0.14286703217588748,0.618,7/16,12.22%,RUNX1;KMT2C;TNRC6A;TNRC6B;AGO3;AGO4;THBS1,ECM-high Epithelial,Reactome
prerank,REACTOME_SIGNALING_BY_FGFR4,-0.7960062350038248,-1.3893443099134597,0.008247422680412371,0.04241430024386579,0.898,4/22,5.32%,RPS27A;UBA52;UBB;UBC,ECM-high Epithelial,Reactome
prerank,REACTOME_LATE_ENDOSOMAL_MICROAUTOPHAGY,-0.7998503672674777,-1.386245199785451,0.0,0.045197143716161306,0.92,9/27,8.13%,RPS27A;UBA52;RNASE1;UBB;PARK7;UBC;HSPA8;VPS28;CHMP2A,ECM-high Epithelial,Reactome
prerank,REACTOME_INACTIVATION_OF_CSF3_G_CSF_SIGNALING,-0.8130708858859644,-1.385191803215592,0.008281573498964804,0.0455843876538374,0.922,8/20,9.36%,RPS27A;UBA52;ELOB;UBB;UBC;RNF7;CSF3R;ELOC,ECM-high Epithelial,Reactome
prerank,REACTOME_RRNA_MODIFICATION_IN_THE_NUCLEUS_AND_CYTOSOL,-0.7838784102498423,-1.3848979299243036,0.002008032128514056,0.04517353767206408,0.926,8/35,4.58%,RPS14;RPS6;RPS2;RPS7;RPS9;TRMT112;NOP10;SNU13,ECM-high Epithelial,Reactome
prerank,REACTOME_RHO_GTPASES_ACTIVATE_CIT,-0.8211101848758752,-1.384834308978925,0.01072961373390558,0.04462773664684231,0.926,5/15,8.98%,MYL12B;MYL6;RHOA;RAC1;RHOB,ECM-high Epithelial,Reactome
prerank,REACTOME_INTERLEUKIN_17_SIGNALING,-0.7807205947261118,-1.3845771253923014,0.002008032128514056,0.044287938752416406,0.928,7/44,5.32%,RPS27A;UBA52;SKP1;UBB;FOS;JUN;UBC,ECM-high Epithelial,Reactome
prerank,REACTOME_INTEGRIN_SIGNALING,0.4637783069378216,1.384244123488009,0.12903225806451613,0.14480291576673865,0.634,3/15,6.42%,FN1;SOS1;PTK2,ECM-high Epithelial,Reactome
prerank,REACTOME_SIGNALING_BY_CSF3_G_CSF,-0.7966888993374468,-1.3817616033477749,0.01020408163265306,0.046797361128521626,0.932,8/25,9.36%,RPS27A;UBA52;ELOB;UBB;UBC;RNF7;CSF3R;ELOC,ECM-high Epithelial,Reactome
prerank,REACTOME_MITOCHONDRIAL_BIOGENESIS,-0.7713129502762258,-1.3805419387704314,0.0,0.04763063658934911,0.942,19/64,10.29%,ATP5F1E;ATP5MC2;ATP5MG;ATP5MK;ATP5MJ;ATP5MF;ATP5F1D;ATP5PF;ATP5MC3;CALM1;ATP5PD;ATP5ME;ATP5F1B;ATP5F1A;ATP5MC1;ATP5PB;ATP5F1C;CYCS;SSBP1,ECM-high Epithelial,Reactome
prerank,REACTOME_COMPLEX_III_ASSEMBLY,-0.796381226023143,-1.3776647989703374,0.01882845188284519,0.050543280399431366,0.952,12/20,15.56%,UQCRQ;UQCR10;UQCRB;UQCR11;UQCRH;MT-CYB;ISCU;UQCRFS1;CYC1;UQCC5;UQCRC1;UQCC2,ECM-high Epithelial,Reactome
prerank,REACTOME_NOD1_2_SIGNALING_PATHWAY,-0.8112185711033754,-1.376182251612125,0.012474012474012475,0.05178841335701361,0.96,4/20,5.32%,RPS27A;UBA52;UBB;UBC,ECM-high Epithelial,Reactome
prerank,REACTOME_SYNTHESIS_OF_ACTIVE_UBIQUITIN_ROLES_OF_E1_AND_E2_ENZYMES,-0.781892058071862,-1.3754123331307078,0.004073319755600814,0.052305174459462776,0.964,4/25,5.32%,RPS27A;UBA52;UBB;UBC,ECM-high Epithelial,Reactome
prerank,REACTOME_DOWNREGULATION_OF_SMAD2_3_SMAD4_TRANSCRIPTIONAL_ACTIVITY,-0.8024039375399293,-1.3745774783409417,0.0,0.05265376891916336,0.966,4/27,5.32%,RPS27A;UBA52;UBB;UBC,ECM-high Epithelial,Reactome
prerank,REACTOME_SIGNALING_BY_EGFR_IN_CANCER,-0.8182687453130035,-1.3737650177589733,0.006172839506172839,0.05306000386354743,0.97,5/18,8.68%,RPS27A;UBA52;UBB;UBC;AREG,ECM-high Epithelial,Reactome
prerank,REACTOME_PLASMA_LIPOPROTEIN_CLEARANCE,-0.7896989697015806,-1.3732431138254442,0.006147540983606557,0.052978806723271814,0.97,8/24,8.62%,NPC2;RPS27A;UBA52;UBB;CLTA;UBC;APOC1;AP2S1,ECM-high Epithelial,Reactome
prerank,REACTOME_REGULATION_OF_MITF_M_DEPENDENT_GENES_INVOLVED_IN_LYSOSOME_BIOGENESIS_AND_AUTOPHAGY,-0.807869567596676,-1.3727371722260455,0.013071895424836602,0.05296390474477952,0.97,9/16,16.83%,ATP6V0E1;ATP6V1G1;ASAH1;ATP6V0B;ATP6V1F;ATP6V0D1;ATP6V1E1;ATP6V0C;ATP6AP2,ECM-high Epithelial,Reactome
prerank,REACTOME_SIGNALING_BY_FGFR3,-0.784093314343632,-1.3721794593806056,0.014344262295081968,0.05290690097550303,0.972,4/23,5.32%,RPS27A;UBA52;UBB;UBC,ECM-high Epithelial,Reactome
prerank,REACTOME_CYTOSOLIC_SENSORS_OF_PATHOGEN_ASSOCIATED_DNA,-0.7768206304702332,-1.368265321914217,0.0,0.05662777658699263,0.98,11/36,13.28%,RPS27A;UBA52;POLR2L;UBB;NFKBIA;UBC;POLR1D;POLR2K;POLR2E;POLR2F;XRCC6,ECM-high Epithelial,Reactome
prerank,REACTOME_INSULIN_RECEPTOR_RECYCLING,-0.790120404138787,-1.3650512937061277,0.012474012474012475,0.06061770676810361,0.986,8/20,15.47%,ATP6V0E1;ATP6V1G1;ATP6V0B;ATP6V1F;ATP6V0D1;ATP6V1E1;CTSD;ATP6V0C,ECM-high Epithelial,Reactome
prerank,REACTOME_COMPLEX_I_BIOGENESIS,-0.755868720777914,-1.3642150482830817,0.002,0.06076476774961571,0.986,42/61,19.76%,NDUFB2;NDUFB11;NDUFS5;NDUFA1;NDUFB4;NDUFB9;NDUFC1;NDUFB1;NDUFS8;NDUFA3;NDUFB7;NDUFB10;NDUFAF3;NDUFA2;NDUFV2;NDUFA11;NDUFA13;NDUFA6;NDUFS6;NDUFAB1;NDUFS7;NDUFC2;PYURF;NDUFB3;NDUFB6;NDUFA12;MT-ND1;NDUFA5;MT-ND5;OXA1L;NDUFB5;NDUFB8;MT-ND2;NDUFV3;NDUFV1;NDUFS3;NDUFAF8;NDUFA8;TMEM126B;MT-ND3;DMAC1;LYRM2,ECM-high Epithelial,Reactome
prerank,REACTOME_TRANSFERRIN_ENDOCYTOSIS_AND_RECYCLING,-0.7913380847389039,-1.3618074676887786,0.023404255319148935,0.06348534271456499,0.99,8/17,15.47%,ATP6V0E1;ATP6V1G1;ATP6V0B;ATP6V1F;ATP6V0D1;STEAP4;ATP6V1E1;ATP6V0C,ECM-high Epithelial,Reactome
prerank,REACTOME_TOLL_LIKE_RECEPTOR_9_TLR9_CASCADE,-0.7585830626726742,-1.3586298321761778,0.0,0.0677322101838717,0.992,9/63,5.32%,RPS27A;UBA52;SKP1;UBB;FOS;NFKBIA;HMGB1;JUN;UBC,ECM-high Epithelial,Reactome
prerank,REACTOME_OXIDATIVE_STRESS_INDUCED_SENESCENCE,-0.7639954652566873,-1.358017883399963,0.002004008016032064,0.06779802722602568,0.992,7/41,5.32%,RPS27A;UBA52;TXN;UBB;FOS;JUN;UBC,ECM-high Epithelial,Reactome
prerank,REACTOME_GENE_AND_PROTEIN_EXPRESSION_BY_JAK_STAT_SIGNALING_AFTER_INTERLEUKIN_12_STIMULATION,-0.7693701775585298,-1.3572961450677423,0.018404907975460124,0.06813742920650048,0.992,13/26,14.13%,PPIA;RPLP0;MIF;CFL1;SOD1;ARF1;TALDO1;HNRNPF;HNRNPDL;PSME2;CNN2;CDC42;HNRNPA2B1,ECM-high Epithelial,Reactome
prerank,REACTOME_ROS_AND_RNS_PRODUCTION_IN_PHAGOCYTES,-0.7988798569696396,-1.3561893459200103,0.021929824561403508,0.06909160752510589,0.992,7/16,15.47%,ATP6V0E1;ATP6V1G1;ATP6V0B;ATP6V1F;ATP6V0D1;ATP6V1E1;ATP6V0C,ECM-high Epithelial,Reactome
prerank,REACTOME_INTERLEUKIN_12_SIGNALING,-0.7630828499418554,-1.355823680462467,0.018367346938775512,0.06892964876391248,0.992,14/29,14.13%,PPIA;RPLP0;MIF;CFL1;SOD1;ARF1;TALDO1;P4HB;HNRNPF;HNRNPDL;PSME2;CNN2;CDC42;HNRNPA2B1,ECM-high Epithelial,Reactome
prerank,REACTOME_ONCOGENE_INDUCED_SENESCENCE,-0.7957010500943826,-1.3524729962300348,0.014522821576763486,0.07391029809009725,0.996,5/19,6.66%,RPS27A;UBA52;UBB;UBC;ID1,ECM-high Epithelial,Reactome
prerank,REACTOME_AGGREPHAGY,-0.7860267761099387,-1.3512891435725776,0.006122448979591836,0.07483288034537,0.996,9/26,10.32%,RPS27A;UBA52;UBB;PARK7;DYNLL1;UBC;TUBB4B;TUBA1B;TUBA1C,ECM-high Epithelial,Reactome
prerank,REACTOME_PROCESSING_OF_DNA_DOUBLE_STRAND_BREAK_ENDS,-0.7825172873103198,-1.3484630138543645,0.006160164271047228,0.07845969489983222,0.998,5/28,5.32%,RPS27A;UBA52;UBB;SUMO2;UBC,ECM-high Epithelial,Reactome
prerank,REACTOME_GAP_JUNCTION_TRAFFICKING_AND_REGULATION,-0.7973253130501258,-1.3470854802564634,0.023706896551724137,0.07966913421864706,0.998,8/15,14.57%,ACTG1;ACTB;CLTA;TUBB4B;TUBA1B;TUBA1C;AP2M1;CLTB,ECM-high Epithelial,Reactome
prerank,REACTOME_MITOPHAGY,-0.7593251850332929,-1.3470816515962003,0.004024144869215292,0.07888033090955154,0.998,14/33,14.40%,RPS27A;UBA52;TOMM7;UBB;UBC;TOMM20;SQSTM1;MAP1LC3B;VDAC2;MAP1LC3A;CSNK2B;VDAC1;TOMM22;TOMM5,ECM-high Epithelial,Reactome
prerank,REACTOME_RHOV_GTPASE_CYCLE,0.4307216343747128,1.346505263636141,0.0,0.16992835695095612,0.678,2/25,1.00%,DST;PEAK1,ECM-high Epithelial,Reactome
prerank,REACTOME_INTERLEUKIN_12_FAMILY_SIGNALING,-0.7560878324249308,-1.344661632972957,0.012145748987854251,0.08187205918045594,0.998,15/33,14.13%,PPIA;RPLP0;MIF;CFL1;SOD1;ARF1;TALDO1;P4HB;HNRNPF;HNRNPDL;PSME2;CANX;CNN2;CDC42;HNRNPA2B1,ECM-high Epithelial,Reactome
prerank,REACTOME_DUAL_INCISION_IN_TC_NER,-0.7608339543034357,-1.3444684042656356,0.006012024048096192,0.08132814227857255,0.998,15/43,11.90%,RPS27A;UBA52;POLR2L;UBB;UBC;RBX1;TCEA1;POLR2I;POLR2C;POLR2K;POLR2E;POLR2J;POLR2F;POLE4;GTF2H5,ECM-high Epithelial,Reactome
prerank,REACTOME_FORMATION_OF_TC_NER_PRE_INCISION_COMPLEX,-0.7642887691323671,-1.3429681035434686,0.004032258064516129,0.0828718064294154,0.998,14/40,11.90%,RPS27A;UBA52;POLR2L;UBB;UBC;RBX1;TCEA1;POLR2I;POLR2C;POLR2K;POLR2E;POLR2J;POLR2F;GTF2H5,ECM-high Epithelial,Reactome
prerank,REACTOME_INTERFERON_ALPHA_BETA_SIGNALING,-0.7641143680570964,-1.3422726039804134,0.008032128514056224,0.0832606854329402,0.998,9/38,8.53%,RPS27A;UBA52;IFITM3;UBB;HLA-C;IFITM2;UBC;HLA-A;EGR1,ECM-high Epithelial,Reactome
prerank,REACTOME_PINK1_PRKN_MEDIATED_MITOPHAGY,-0.7611119153890399,-1.3411235423761176,0.006072874493927126,0.0843389553524758,0.998,13/29,14.40%,RPS27A;UBA52;TOMM7;UBB;UBC;TOMM20;SQSTM1;MAP1LC3B;VDAC2;MAP1LC3A;VDAC1;TOMM22;TOMM5,ECM-high Epithelial,Reactome
prerank,REACTOME_CALNEXIN_CALRETICULIN_CYCLE,-0.7784911236568746,-1.3406714850574706,0.035269709543568464,0.08422370217372918,0.998,7/20,13.12%,RPS27A;UBA52;UBB;UBC;CALR;PDIA3;CANX,ECM-high Epithelial,Reactome
prerank,REACTOME_RHO_GTPASES_ACTIVATE_WASPS_AND_WAVES,-0.7604345791113194,-1.3397187667719024,0.02263374485596708,0.0853243742511625,0.998,9/27,13.61%,ACTG1;ACTB;BRK1;ARPC3;ARPC2;RAC1;ARPC1B;ARPC5;CDC42,ECM-high Epithelial,Reactome
prerank,REACTOME_MRNA_SPLICING_MINOR_PATHWAY,-0.7555167464335684,-1.3381384898995925,0.00404040404040404,0.08742117888365473,0.998,22/46,14.64%,POLR2L;SNRPD2;YBX1;SNRPG;SF3B5;SNRPF;SF3B6;SNRPD3;SNRPE;POLR2I;POLR2C;POLR2K;SNRPB;POLR2E;POLR2J;SRSF7;POLR2F;SNRPD1;SRSF2;SF3B2;ZCRB1;TXNL4A,ECM-high Epithelial,Reactome
prerank,REACTOME_MYD88_INDEPENDENT_TLR4_CASCADE,-0.748325572278181,-1.3380639890925017,0.002,0.08671036497914901,0.998,9/67,5.32%,RPS27A;UBA52;SKP1;UBB;FOS;NFKBIA;HMGB1;JUN;UBC,ECM-high Epithelial,Reactome
prerank,REACTOME_EGFR_DOWNREGULATION,-0.7796841731411959,-1.337193819461415,0.010101010101010102,0.0875925507699718,0.998,5/23,8.68%,RPS27A;UBA52;UBB;UBC;AREG,ECM-high Epithelial,Reactome
prerank,REACTOME_STIMULI_SENSING_CHANNELS,-0.7698422272737874,-1.3370893209274957,0.016359918200409,0.08697532530574034,0.998,6/28,7.94%,RPS27A;UBA52;UBB;CALM1;UBC;SRI,ECM-high Epithelial,Reactome
prerank,REACTOME_ACTIVATED_NOTCH1_TRANSMITS_SIGNAL_TO_THE_NUCLEUS,-0.8006844854818866,-1.3368397950715787,0.020876826722338204,0.08659777302040207,0.998,4/15,5.32%,RPS27A;UBA52;UBB;UBC,ECM-high Epithelial,Reactome
prerank,REACTOME_RHO_GTPASES_ACTIVATE_ROCKS,-0.8005648489304119,-1.3364760843793675,0.027837259100642397,0.0865183702295161,0.998,5/17,8.98%,MYL12B;MYL6;CFL1;RHOA;RHOB,ECM-high Epithelial,Reactome
prerank,REACTOME_PYRUVATE_METABOLISM,-0.7471597645988861,-1.3302089937265615,0.034274193548387094,0.09661924524717982,1.0,9/29,12.01%,RPS27A;UBA52;LDHB;UBB;LDHA;UBC;GLO1;MPC1;VDAC1,ECM-high Epithelial,Reactome
prerank,REACTOME_CELLULAR_RESPONSE_TO_CHEMICAL_STRESS,-0.7312849502464432,-1.3295209375710957,0.0,0.09713923485363866,1.0,53/149,13.76%,GSTP1;RPS27A;UBA52;COX7C;NDUFA4;PRDX5;COX6A1;COX4I1;COX7A2;COX6C;COX6B1;COX5B;TXN;COX8A;SKP1;UBB;PRDX1;BLVRB;COX7B;PRDX6;COX5A;TKT;PRDX2;SOD1;SEM1;PSMA7;SOD3;PSME1;UBC;PSMB1;RBX1;PSMB6;CAT;COX7A2L;TALDO1;P4HB;PSMD8;AREG;SQSTM1;ATF4;MAP1LC3B;CYCS;PSMB5;CSNK2B;PSMB2;PRDX3;PSMA4;PSMA3;TXNIP;PSME2;PSMC5;PSMA1;TXN2,ECM-high Epithelial,Reactome
prerank,REACTOME_TNF_SIGNALING,-0.7657744634073511,-1.3269810848501589,0.014198782961460446,0.1006013074335948,1.0,5/33,5.32%,RPS27A;UBA52;RACK1;UBB;UBC,ECM-high Epithelial,Reactome
prerank,REACTOME_INTERACTIONS_OF_VPR_WITH_HOST_CELLULAR_PROTEINS,-0.7715201661694744,-1.326922265709823,0.03125,0.09984263516098493,1.0,4/20,9.03%,SLC25A5;SLC25A6;SLC25A4;BANF1,ECM-high Epithelial,Reactome
prerank,REACTOME_ANTIGEN_PRESENTATION_FOLDING_ASSEMBLY_AND_PEPTIDE_LOADING_OF_CLASS_I_MHC,-0.7844614892045322,-1.32678909418982,0.027253668763102725,0.0992673828312227,1.0,9/18,14.04%,HLA-C;B2M;HLA-A;CALR;HSPA5;PDIA3;BCAP31;CANX;HLA-E,ECM-high Epithelial,Reactome
prerank,REACTOME_RECYCLING_PATHWAY_OF_L1,-0.7546161629960734,-1.3266686642053873,0.03285420944558522,0.09864017371103638,1.0,8/22,13.89%,ACTG1;ACTB;CLTA;TUBB4B;AP2S1;TUBA1B;TUBA1C;AP2M1,ECM-high Epithelial,Reactome
prerank,REACTOME_NUCLEOTIDE_BINDING_DOMAIN_LEUCINE_RICH_REPEAT_CONTAINING_RECEPTOR_NLR_SIGNALING_PATHWAYS,-0.754933711901465,-1.3265112792242422,0.014084507042253521,0.09806910845757058,1.0,6/33,7.08%,RPS27A;UBA52;TXN;UBB;UBC;HSP90AB1,ECM-high Epithelial,Reactome
prerank,REACTOME_SEMA4D_INDUCED_CELL_MIGRATION_AND_GROWTH_CONE_COLLAPSE,-0.7824915892183094,-1.3264496078415524,0.052742616033755275,0.09737120026646946,1.0,4/17,8.98%,MYL12B;MYL6;RHOA;RHOB,ECM-high Epithelial,Reactome
prerank,REACTOME_NEGATIVE_REGULATION_OF_MAPK_PATHWAY,-0.7701700377293339,-1.325480188125246,0.01026694045174538,0.0985760024896806,1.0,7/27,8.22%,RPS27A;UBA52;PEBP1;UBB;UBC;YWHAB;DUSP1,ECM-high Epithelial,Reactome
prerank,REACTOME_INTERLEUKIN_3_INTERLEUKIN_5_AND_GM_CSF_SIGNALING,-0.7473357428729436,-1.3252612432801087,0.012195121951219513,0.09824261719706824,1.0,4/29,5.32%,RPS27A;UBA52;UBB;UBC,ECM-high Epithelial,Reactome
prerank,REACTOME_FLT3_SIGNALING,-0.7553613699514866,-1.3246452080374551,0.02434077079107505,0.09837245587878368,1.0,4/26,5.32%,RPS27A;UBA52;UBB;UBC,ECM-high Epithelial,Reactome
prerank,REACTOME_SEMA4D_IN_SEMAPHORIN_SIGNALING,-0.7670668494415434,-1.3245716475552378,0.03941908713692946,0.09773825621923815,1.0,5/21,8.98%,MYL12B;MYL6;RHOA;RAC1;RHOB,ECM-high Epithelial,Reactome
prerank,REACTOME_SNRNP_ASSEMBLY,-0.7444414565614006,-1.3217146701305258,0.0326530612244898,0.10170806160411947,1.0,7/28,10.94%,SNRPD2;SNRPG;SNRPF;SNRPD3;SNRPE;SNRPB;SNRPD1,ECM-high Epithelial,Reactome
prerank,REACTOME_HOST_INTERACTIONS_OF_HIV_FACTORS,-0.7294496555414195,-1.3215469698384565,0.0,0.10114425860753788,1.0,35/98,13.89%,RPS27A;UBA52;PPIA;SLC25A5;SLC25A6;NPM1;ELOB;SKP1;UBB;B2M;SEM1;PSMA7;PSME1;UBC;RAN;PSMB1;RBX1;HLA-A;PSMB6;ARF1;SLC25A4;RAC1;PSMD8;AP2S1;BANF1;ELOC;PSMB5;PSMB2;PSMA4;PSMA3;PSME2;PSMC5;RANBP1;PSMA1;AP2M1,ECM-high Epithelial,Reactome
prerank,REACTOME_RESPIRATORY_SYNCYTIAL_VIRUS_RSV_GENOME_REPLICATION_TRANSCRIPTION_AND_TRANSLATION,-0.7883234081248608,-1.3213315561032213,0.07264957264957266,0.10081819889804808,1.0,8/16,10.97%,SPCS1;SEC11C;SEC11A;HSPA8;HSP90AB1;PPP1CA;SPCS2;CSNK2B,ECM-high Epithelial,Reactome
prerank,REACTOME_TERMINATION_OF_TRANSLESION_DNA_SYNTHESIS,-0.7747699099837589,-1.3199701666106582,0.05919661733615222,0.10286897925762736,1.0,4/17,5.32%,RPS27A;UBA52;UBB;UBC,ECM-high Epithelial,Reactome
prerank,REACTOME_SMOOTH_MUSCLE_CONTRACTION,-0.7567593100875467,-1.3198288588994191,0.026584867075664622,0.10245016702526169,1.0,5/25,7.59%,MYL12B;MYL6;MYL12A;CALM1;ALDH2,ECM-high Epithelial,Reactome
prerank,REACTOME_BUDDING_AND_MATURATION_OF_HIV_VIRION,-0.7675440007657509,-1.319045200413938,0.0205761316872428,0.1031427008898317,1.0,7/25,8.13%,RPS27A;UBA52;PPIA;UBB;UBC;VPS28;CHMP2A,ECM-high Epithelial,Reactome
prerank,REACTOME_MICRORNA_MIRNA_BIOGENESIS,-0.7767956426593121,-1.317388334939993,0.04365904365904366,0.10560173969127597,1.0,8/19,10.91%,POLR2L;RAN;POLR2I;POLR2C;POLR2K;POLR2E;POLR2J;POLR2F,ECM-high Epithelial,Reactome
prerank,REACTOME_RHO_GTPASES_ACTIVATE_PAKS,-0.784484665407612,-1.3173867862028195,0.049145299145299144,0.10481366700701272,1.0,4/16,7.40%,MYL12B;MYL6;CALM1;RAC1,ECM-high Epithelial,Reactome
prerank,REACTOME_DNA_DOUBLE_STRAND_BREAK_RESPONSE,-0.7562629555065259,-1.3167198680641663,0.024390243902439025,0.10521344998824975,1.0,6/27,9.94%,RPS27A;UBA52;UBB;UBC;UBXN1;SUMO1,ECM-high Epithelial,Reactome
prerank,REACTOME_DNA_DAMAGE_RECOGNITION_IN_GG_NER,-0.7523270063218973,-1.315476041502358,0.018329938900203666,0.10678846189146579,1.0,7/29,9.79%,RPS27A;UBA52;UBB;ACTB;UBC;RBX1;RAD23A,ECM-high Epithelial,Reactome
prerank,REACTOME_CYCLIN_D_ASSOCIATED_EVENTS_IN_G1,-0.7571876726234537,-1.315454373026082,0.02857142857142857,0.10606289150912238,1.0,5/29,5.32%,RPS27A;UBA52;SKP1;UBB;UBC,ECM-high Epithelial,Reactome
prerank,REACTOME_SIGNALING_BY_FGFR1,-0.7417493525289298,-1.315074777949449,0.02636916835699797,0.10620410556831081,1.0,4/29,5.32%,RPS27A;UBA52;UBB;UBC,ECM-high Epithelial,Reactome
prerank,REACTOME_DUAL_INCISION_IN_GG_NER,-0.7567989817410954,-1.3124799172636719,0.03497942386831276,0.11050085073233325,1.0,7/22,11.90%,RPS27A;UBA52;UBB;UBC;RBX1;POLE4;GTF2H5,ECM-high Epithelial,Reactome
prerank,REACTOME_SIGNALING_BY_FGFR2,-0.7353734423360919,-1.31099792297755,0.002008032128514056,0.11230960884058903,1.0,13/50,11.60%,RPS27A;UBA52;POLR2L;UBB;HNRNPA1;UBC;POLR2I;POLR2C;POLR2K;POLR2E;POLR2J;POLR2F;HNRNPF,ECM-high Epithelial,Reactome
prerank,REACTOME_REGULATION_OF_PLK1_ACTIVITY_AT_G2_M_TRANSITION,-0.7333748619007011,-1.310123866675292,0.012048192771084338,0.11317609313573244,1.0,9/45,10.36%,RPS27A;UBA52;SKP1;UBB;DYNLL1;UBC;TUBB4B;YWHAE;SSNA1,ECM-high Epithelial,Reactome
prerank,REACTOME_INHIBITION_OF_DNA_RECOMBINATION_AT_TELOMERE,-0.7641383322089795,-1.3096710557831497,0.07966457023060797,0.11332824798030582,1.0,7/17,10.91%,POLR2L;POLR2I;POLR2C;POLR2K;POLR2E;POLR2J;POLR2F,ECM-high Epithelial,Reactome
prerank,REACTOME_ION_CHANNEL_TRANSPORT,-0.728262320129489,-1.3079835894516818,0.004008016032064128,0.11618966831164743,1.0,14/64,9.66%,RPS27A;UBA52;ATP6V0E1;UBB;ATP6V1G1;CALM1;FXYD3;ATP6V0B;UBC;ATP1B1;ATP6V1F;ATP1A1;SRI;ATP6V0D1,ECM-high Epithelial,Reactome
prerank,REACTOME_AMINO_ACIDS_REGULATE_MTORC1,-0.735361600296233,-1.3051229228505106,0.0389344262295082,0.1209858939241589,1.0,12/29,15.47%,ATP6V0E1;ATP6V1G1;LAMTOR5;LAMTOR4;ATP6V0B;ATP6V1F;LAMTOR1;ATP6V0D1;LAMTOR2;RHEB;ATP6V1E1;ATP6V0C,ECM-high Epithelial,Reactome
prerank,REACTOME_TRANSCRIPTIONAL_ACTIVITY_OF_SMAD2_SMAD3_SMAD4_HETEROTRIMER,-0.7500976480947408,-1.304737493274175,0.010101010101010102,0.12096644025686612,1.0,6/42,6.12%,RPS27A;UBA52;UBB;YBX1;UBC;JUNB,ECM-high Epithelial,Reactome
prerank,REACTOME_SIGNALING_BY_ALK_IN_CANCER,-0.7260394826016698,-1.3033766302983814,0.008016032064128256,0.1227935829557712,1.0,12/60,10.17%,RPS6;RPS27A;UBA52;NPM1;SKP1;UBB;JUN;UBC;RBX1;JUNB;SQSTM1;PRKAR1A,ECM-high Epithelial,Reactome
prerank,REACTOME_B_WICH_COMPLEX_POSITIVELY_REGULATES_RRNA_EXPRESSION,-0.7574584787310412,-1.3030908116034574,0.060291060291060294,0.1225360155504246,1.0,10/18,17.98%,POLR2L;ACTB;POLR1D;POLR2K;POLR2E;POLR2F;DEK;DDX21;POLR2H;SMARCA5,ECM-high Epithelial,Reactome
prerank,REACTOME_REGULATION_OF_TP53_EXPRESSION_AND_DEGRADATION,-0.7563424004248638,-1.3024374568067472,0.047325102880658436,0.12298054009073044,1.0,4/23,5.32%,RPS27A;UBA52;UBB;UBC,ECM-high Epithelial,Reactome
prerank,REACTOME_HIV_ELONGATION_ARREST_AND_RECOVERY,-0.7455163376297897,-1.3022896529515822,0.04048582995951417,0.12248973718203648,1.0,10/27,10.91%,POLR2L;ELOB;TCEA1;POLR2I;POLR2C;ELOC;POLR2K;POLR2E;POLR2J;POLR2F,ECM-high Epithelial,Reactome
prerank,REACTOME_ATTENUATION_PHASE,-0.7586193979326954,-1.3008669326015614,0.052742616033755275,0.1245780312749211,1.0,8/18,18.43%,UBB;HSBP1;HSPB1;HSPA8;HSP90AB1;MRPL18;DNAJB1;PTGES3,ECM-high Epithelial,Reactome
prerank,REACTOME_TP53_REGULATES_TRANSCRIPTION_OF_DNA_REPAIR_GENES,-0.7397268374208699,-1.300695059122939,0.018072289156626505,0.12422987785738249,1.0,13/40,11.90%,POLR2L;ELOB;FOS;JUN;TCEA1;POLR2I;POLR2C;ELOC;POLR2K;POLR2E;POLR2J;POLR2F;GTF2H5,ECM-high Epithelial,Reactome
prerank,REACTOME_MITOCHONDRIAL_PROTEIN_IMPORT,-0.7160574461601908,-1.296674022430936,0.012,0.13185467645657956,1.0,24/50,18.09%,SLC25A6;TOMM7;CHCHD2;COX17;TOMM20;ATP5F1B;ATP5F1A;SLC25A4;ATP5MC1;TIMM13;CHCHD10;CHCHD5;CYC1;TIMM8B;DNAJC19;VDAC1;TOMM22;CHCHD7;TOMM5;NDUFB8;COA4;TIMM17B;TIMM10;HSPD1,ECM-high Epithelial,Reactome
prerank,REACTOME_RHO_GTPASES_ACTIVATE_PKNS,-0.73860787339098,-1.2961617933905414,0.03469387755102041,0.13212722764637216,1.0,9/27,12.76%,MYL12B;MYL6;RHOA;YWHAB;RAC1;YWHAE;RHOB;SFN;YWHAQ,ECM-high Epithelial,Reactome
prerank,REACTOME_SELECTIVE_AUTOPHAGY,-0.7232590904151136,-1.2945016953526332,0.004,0.13502186416613793,1.0,20/62,14.40%,RPS27A;UBA52;TOMM7;UBB;PARK7;DYNLL1;UBC;TOMM20;TUBB4B;HSPA8;SQSTM1;MAP1LC3B;TUBA1B;VDAC2;TUBA1C;MAP1LC3A;CSNK2B;VDAC1;TOMM22;TOMM5,ECM-high Epithelial,Reactome
prerank,REACTOME_EPH_EPHRIN_SIGNALING,-0.7182016759770781,-1.2944668478950208,0.004,0.13423413800469985,1.0,19/57,14.57%,MYL12B;MYL6;MYL12A;ACTG1;CFL1;ACTB;CLTA;RHOA;ARPC3;ARPC2;RAC1;AP2S1;ARPC1B;EFNA1;ARPC5;APH1A;CDC42;AP2M1;CLTB,ECM-high Epithelial,Reactome
prerank,REACTOME_PROTEIN_LOCALIZATION,-0.7155924543438508,-1.291642093143247,0.0,0.13961094382196287,1.0,45/105,19.13%,RPS27A;UBA52;CYB5A;SLC25A6;TOMM7;CHCHD2;SEC61B;SERP1;SEC61G;UBB;COX17;FIS1;ECH1;UBC;TOMM20;ATP5F1B;CAT;ATP5F1A;SLC25A4;ATP5MC1;TIMM13;SCP2;CHCHD10;VAPA;CHCHD5;CYC1;TIMM8B;GSTK1;DNAJC19;VDAC1;TOMM22;VAMP2;CHCHD7;EMD;TOMM5;NDUFB8;COA4;TIMM17B;TIMM10;PXMP4;HSD17B4;IDH1;HSPD1;CAMLG;ACAA1,ECM-high Epithelial,Reactome
prerank,REACTOME_RNA_POLYMERASE_I_PROMOTER_ESCAPE,-0.7662575498988299,-1.2897791084903518,0.04722792607802875,0.14273188359547415,1.0,8/17,17.55%,POLR2L;POLR1D;POLR2K;POLR2E;POLR2F;GTF2H5;CBX3;POLR2H,ECM-high Epithelial,Reactome
prerank,REACTOME_FGFR2_ALTERNATIVE_SPLICING,-0.7422735331185157,-1.2880501974360434,0.049281314168377825,0.14578994653795865,1.0,9/26,11.60%,POLR2L;HNRNPA1;POLR2I;POLR2C;POLR2K;POLR2E;POLR2J;POLR2F;HNRNPF,ECM-high Epithelial,Reactome
prerank,REACTOME_MITOCHONDRIAL_PROTEIN_DEGRADATION,-0.7140335348732535,-1.2855868265222499,0.0,0.15052813964396858,1.0,36/80,18.95%,SLC25A5;UQCRQ;COX4I1;SLC25A6;ATP5MG;CHCHD2;COX5B;SMDT1;ATP5PF;COX5A;ATP5PD;ECH1;NDUFA2;NDUFA13;ATP5F1B;ATP5F1A;MDH2;ALDH2;PRELID1;ATP5F1C;NDUFB6;SSBP1;MT-ND1;MT-ND5;ATP5PO;CLPP;ACAT1;MT-ND2;NDUFV3;NDUFV1;NDUFS3;TIMM10;HSPD1;MRPL32;MT-ATP6;HSD17B10,ECM-high Epithelial,Reactome
prerank,REACTOME_NOTCH1_INTRACELLULAR_DOMAIN_REGULATES_TRANSCRIPTION,-0.7253801595430619,-1.285270852173952,0.03024193548387097,0.15045280590132104,1.0,6/34,6.05%,RPS27A;UBA52;SKP1;UBB;UBC;RBX1,ECM-high Epithelial,Reactome
prerank,REACTOME_PLASMA_LIPOPROTEIN_ASSEMBLY_REMODELING_AND_CLEARANCE,-0.7289545400287276,-1.283436540362149,0.018218623481781375,0.15334859082814514,1.0,9/34,8.62%,NPC2;RPS27A;UBA52;UBB;CLTA;UBC;APOC1;P4HB;AP2S1,ECM-high Epithelial,Reactome
prerank,REACTOME_UPTAKE_AND_ACTIONS_OF_BACTERIAL_TOXINS,-0.7599127904805437,-1.2830581451806258,0.0824295010845987,0.15337074791930727,1.0,4/15,7.08%,EEF2;CALM1;CD9;HSP90AB1,ECM-high Epithelial,Reactome
prerank,REACTOME_RIPK1_MEDIATED_REGULATED_NECROSIS,-0.7462277240205147,-1.2825891797007136,0.0778688524590164,0.15368713975056386,1.0,4/21,5.32%,RPS27A;UBA52;UBB;UBC,ECM-high Epithelial,Reactome
prerank,REACTOME_RND1_GTPASE_CYCLE,0.36985937094130983,1.2825252949463206,0.1,0.216805512701841,0.784,2/27,0.31%,DST;RASAL2,ECM-high Epithelial,Reactome
prerank,REACTOME_SIGNALING_BY_NOTCH3,-0.7460247508089931,-1.2819419623696802,0.0389344262295082,0.1544049650692062,1.0,5/25,5.32%,RPS27A;UBA52;UBB;YBX1;UBC,ECM-high Epithelial,Reactome
prerank,REACTOME_GLUTATHIONE_CONJUGATION,-0.7692769544081395,-1.2814378014384435,0.05982905982905983,0.1548679121578813,1.0,11/16,20.50%,GSTP1;MGST1;MGST3;ESD;GSTA4;GSTK1;AKR1A1;GSTO1;CNDP2;GGCT;MGST2,ECM-high Epithelial,Reactome
prerank,REACTOME_HIV_TRANSCRIPTION_ELONGATION,-0.7278674736520204,-1.2809411243765971,0.05432595573440644,0.15514732206451412,1.0,11/32,11.90%,POLR2L;ELOB;TCEA1;POLR2I;POLR2C;ELOC;POLR2K;POLR2E;POLR2J;POLR2F;GTF2H5,ECM-high Epithelial,Reactome
prerank,REACTOME_RNA_POLYMERASE_III_TRANSCRIPTION_INITIATION_FROM_TYPE_1_PROMOTER,-0.7632713180650267,-1.28059983782098,0.07488986784140969,0.1550253745136197,1.0,9/15,19.67%,POLR2L;POLR1D;POLR2K;POLR2E;POLR2F;GTF3C6;GTF3A;POLR2H;POLR3H,ECM-high Epithelial,Reactome
prerank,REACTOME_HSF1_ACTIVATION,-0.736620860607683,-1.2803212485853608,0.06846473029045644,0.15482794830771668,1.0,10/21,20.45%,EEF1A1;UBB;HSBP1;HSPB1;HSP90AB1;YWHAE;MRPL18;DNAJB1;PTGES3;VCP,ECM-high Epithelial,Reactome
prerank,REACTOME_RECOGNITION_OF_DNA_DAMAGE_BY_PCNA_CONTAINING_REPLICATION_COMPLEX,-0.7562168490447542,-1.280081935385967,0.05439330543933055,0.1546000834200326,1.0,5/18,6.05%,RPS27A;UBA52;UBB;UBC;RBX1,ECM-high Epithelial,Reactome
prerank,REACTOME_N_GLYCAN_TRIMMING_IN_THE_ER_AND_CALNEXIN_CALRETICULIN_CYCLE,-0.7322542794735805,-1.2795690418472905,0.04878048780487805,0.15486363367509898,1.0,12/28,20.45%,RPS27A;UBA52;UBB;UBC;CALR;UBXN1;PDIA3;CANX;MLEC;PRKCSH;OS9;VCP,ECM-high Epithelial,Reactome
prerank,REACTOME_SYNDECAN_INTERACTIONS,0.38695507902514553,1.27945558568183,0.10526315789473684,0.21453865086141946,0.786,10/20,12.22%,FN1;COL3A1;COL1A2;COL5A2;COL1A1;PRKCA;ITGA2;ITGAV;COL5A1;THBS1,ECM-high Epithelial,Reactome
prerank,REACTOME_SIGNALING_BY_FGFR2_IIIA_TM,-0.7593663462741295,-1.2788372904302845,0.09071729957805907,0.15570715301133806,1.0,7/16,10.91%,POLR2L;POLR2I;POLR2C;POLR2K;POLR2E;POLR2J;POLR2F,ECM-high Epithelial,Reactome
prerank,REACTOME_TOLL_LIKE_RECEPTOR_CASCADES,-0.7135986837789536,-1.2777998199760694,0.006,0.15734594968564616,1.0,12/90,5.32%,SFTPA2;RPS27A;UBA52;SFTPD;SFTPA1;SKP1;UBB;FOS;NFKBIA;HMGB1;JUN;UBC,ECM-high Epithelial,Reactome
prerank,REACTOME_CARGO_CONCENTRATION_IN_THE_ER,-0.7345571792598299,-1.276555418559031,0.08641975308641975,0.1597448879074487,1.0,8/22,11.47%,SERPINA1;FOLR1;CD59;TMED2;AREG;TMED10;LMAN2;CNIH1,ECM-high Epithelial,Reactome
prerank,REACTOME_PHASE_II_CONJUGATION_OF_COMPOUNDS,-0.7237661723108408,-1.2753322653487629,0.03643724696356275,0.16169180847667772,1.0,18/36,20.50%,GSTP1;MGST1;TRMT112;MGST3;ESD;COMT;GSTA4;GSTK1;AKR1A1;ABHD14B;GSTO1;NNMT;AHCY;SULT1A1;MTRR;CNDP2;GGCT;MGST2,ECM-high Epithelial,Reactome
prerank,REACTOME_TRANSCRIPTION_COUPLED_NUCLEOTIDE_EXCISION_REPAIR_TC_NER,-0.7189132835672651,-1.2742152083992013,0.014028056112224449,0.16322611163670767,1.0,15/51,11.90%,RPS27A;UBA52;POLR2L;UBB;UBC;RBX1;TCEA1;POLR2I;POLR2C;POLR2K;POLR2E;POLR2J;POLR2F;POLE4;GTF2H5,ECM-high Epithelial,Reactome
prerank,REACTOME_NUCLEAR_EVENTS_MEDIATED_BY_NFE2L2,-0.7045970487165778,-1.2729949037836426,0.004,0.16539339119498445,1.0,27/80,13.64%,RPS27A;UBA52;TXN;SKP1;UBB;PRDX1;TKT;SEM1;PSMA7;SOD3;PSME1;UBC;PSMB1;RBX1;PSMB6;TALDO1;PSMD8;AREG;SQSTM1;ATF4;PSMB5;PSMB2;PSMA4;PSMA3;PSME2;PSMC5;PSMA1,ECM-high Epithelial,Reactome
prerank,REACTOME_RNA_POLYMERASE_I_TRANSCRIPTION_TERMINATION,-0.7549812124408474,-1.2719213186364355,0.06860706860706861,0.16718151948232832,1.0,6/17,11.90%,POLR2L;POLR1D;POLR2K;POLR2E;POLR2F;GTF2H5,ECM-high Epithelial,Reactome
prerank,REACTOME_NEF_MEDIATES_DOWN_MODULATION_OF_CELL_SURFACE_RECEPTORS_BY_RECRUITING_THEM_TO_CLATHRIN_ADAPTERS,-0.7309647792167513,-1.2717429160959306,0.13537117903930132,0.16675055681109405,1.0,5/16,13.89%,B2M;HLA-A;ARF1;AP2S1;AP2M1,ECM-high Epithelial,Reactome
prerank,REACTOME_ANTIGEN_PROCESSING_CROSS_PRESENTATION,-0.7127646295850718,-1.2716047895178357,0.006012024048096192,0.16625220652086117,1.0,28/72,14.42%,RPS27A;UBA52;SEC61B;SEC61G;UBB;VAMP8;HLA-C;B2M;HMGB1;SEM1;PSMA7;PSME1;UBC;PSMB1;HLA-A;PSMB6;CALR;PSMD8;PSMB5;PDIA3;PSMB2;PSMA4;PSMA3;PSME2;PSMC5;PSMA1;HLA-E;S100A9,ECM-high Epithelial,Reactome
prerank,REACTOME_FGFR2_MUTANT_RECEPTOR_ACTIVATION,-0.7569123023122875,-1.2715371309393029,0.08668076109936575,0.16554398830368802,1.0,7/17,10.91%,POLR2L;POLR2I;POLR2C;POLR2K;POLR2E;POLR2J;POLR2F,ECM-high Epithelial,Reactome
prerank,REACTOME_TRANSCRIPTIONAL_REGULATION_BY_TP53,-0.6959047729817359,-1.270829025068592,0.0,0.16613908683176443,1.0,48/208,12.76%,RPS27A;UBA52;COX7C;NDUFA4;PRDX5;COX6A1;POLR2L;COX4I1;COX7A2;COX6C;NPM1;COX6B1;COX5B;TXN;COX8A;ELOB;UBB;PRDX1;COX7B;COX5A;FOS;LAMTOR5;LAMTOR4;PRDX2;JUN;UBC;YWHAB;LAMTOR1;TMEM219;COX7A2L;TCEA1;YWHAE;PRELID1;CYCS;POLR2I;POLR2C;ELOC;POLR2K;POLR2E;POLR2J;POLR2F;CSNK2B;SFN;LAMTOR2;GTF2H5;PERP;BNIP3L;YWHAQ,ECM-high Epithelial,Reactome
prerank,REACTOME_DOWNREGULATION_OF_ERBB2_SIGNALING,-0.7475688723486846,-1.2703701929995186,0.081419624217119,0.1662609910113464,1.0,4/21,5.32%,RPS27A;UBA52;UBB;UBC,ECM-high Epithelial,Reactome
prerank,REACTOME_MTORC1_MEDIATED_SIGNALLING,-0.7441063573580864,-1.2699154850952143,0.07547169811320754,0.16657325835658593,1.0,9/20,13.45%,RPS6;LAMTOR5;LAMTOR4;YWHAB;LAMTOR1;EIF4B;FKBP1A;LAMTOR2;RHEB,ECM-high Epithelial,Reactome
prerank,REACTOME_VIRAL_MESSENGER_RNA_SYNTHESIS,-0.7316043703886888,-1.268300305127298,0.05165289256198347,0.16963155750494088,1.0,11/26,21.20%,POLR2L;POLR2I;POLR2C;POLR2K;POLR2E;POLR2J;POLR2F;POLR2H;SEC13;POLR2G;NUP58,ECM-high Epithelial,Reactome
prerank,REACTOME_TRANSCRIPTIONAL_REGULATION_BY_SMALL_RNAS,-0.7292970420652718,-1.2676541570311146,0.0577319587628866,0.17047113859117605,1.0,12/28,21.20%,POLR2L;RAN;POLR2I;POLR2C;POLR2K;POLR2E;POLR2J;POLR2F;POLR2H;SEC13;POLR2G;NUP58,ECM-high Epithelial,Reactome
prerank,REACTOME_DOWNSTREAM_SIGNALING_EVENTS_OF_B_CELL_RECEPTOR_BCR,-0.7092662043835711,-1.2669217720863122,0.014028056112224449,0.1713513244473873,1.0,22/68,13.64%,RPS27A;UBA52;PPIA;SKP1;UBB;CALM1;NFKBIA;SEM1;PSMA7;PSME1;UBC;PSMB1;PSMB6;PSMD8;PSMB5;PSMB2;FKBP1A;PSMA4;PSMA3;PSME2;PSMC5;PSMA1,ECM-high Epithelial,Reactome
prerank,REACTOME_PROCESSING_OF_CAPPED_INTRONLESS_PRE_MRNA,-0.7359165396662468,-1.2658277497919963,0.10548523206751055,0.17331804637152212,1.0,5/19,10.26%,SNRPG;SNRPF;SNRPD3;SNRPE;SNRPB,ECM-high Epithelial,Reactome
prerank,REACTOME_ION_TRANSPORT_BY_P_TYPE_ATPASES,-0.7281563679926311,-1.265043181090373,0.06391752577319587,0.17432103897598497,1.0,5/23,7.94%,CALM1;FXYD3;ATP1B1;ATP1A1;SRI,ECM-high Epithelial,Reactome
prerank,REACTOME_HDR_THROUGH_HOMOLOGOUS_RECOMBINATION_HRR,-0.7276536119734827,-1.2640409915855817,0.061601642710472276,0.17585070966541788,1.0,5/26,5.32%,RPS27A;UBA52;UBB;SEM1;UBC,ECM-high Epithelial,Reactome
prerank,REACTOME_GLUCAGON_LIKE_PEPTIDE_1_GLP1_REGULATES_INSULIN_SECRETION,-0.7507531038597809,-1.2639055506753156,0.11228813559322035,0.175226422910367,1.0,4/15,10.56%,GNG5;GNB2;PRKAR1A;GNAS,ECM-high Epithelial,Reactome
prerank,REACTOME_FORMATION_OF_INCISION_COMPLEX_IN_GG_NER,-0.728215765232084,-1.2639052753881368,0.03621730382293763,0.17430900708361116,1.0,10/31,14.36%,RPS27A;UBA52;UBB;SUMO2;UBC;RBX1;RAD23A;SUMO1;GTF2H5;SUMO3,ECM-high Epithelial,Reactome
prerank,REACTOME_TRANSLESION_SYNTHESIS_BY_Y_FAMILY_DNA_POLYMERASES_BYPASSES_LESIONS_ON_DNA_TEMPLATE,-0.7208965905824887,-1.2630698475534217,0.10612244897959183,0.17553596659269788,1.0,4/23,5.32%,RPS27A;UBA52;UBB;UBC,ECM-high Epithelial,Reactome
prerank,REACTOME_DOWNREGULATION_OF_TGF_BETA_RECEPTOR_SIGNALING,-0.7398108972616805,-1.2629417954806172,0.06570841889117043,0.17490388161786807,1.0,6/22,11.00%,RPS27A;UBA52;UBB;UBC;PPP1CA;STUB1,ECM-high Epithelial,Reactome
prerank,REACTOME_AUTOPHAGY,-0.6941016788522428,-1.2622965458813713,0.0,0.1759152652456036,1.0,33/111,15.05%,RPS27A;UBA52;RNASE1;TOMM7;EEF1A1;UBB;LAMTOR5;PARK7;LAMTOR4;DYNLL1;UBC;TOMM20;TUBB4B;GABARAPL2;HSPA8;LAMTOR1;GABARAP;VPS28;HSP90AB1;CHMP2A;SQSTM1;MAP1LC3B;TUBA1B;VDAC2;TUBA1C;MAP1LC3A;CSNK2B;LAMTOR2;VDAC1;RHEB;TOMM22;TOMM5;CHMP4B,ECM-high Epithelial,Reactome
prerank,REACTOME_SIGNALING_BY_FGFR,-0.7024550600910564,-1.2606156045399282,0.014,0.17933070708633272,1.0,13/58,11.60%,RPS27A;UBA52;POLR2L;UBB;HNRNPA1;UBC;POLR2I;POLR2C;POLR2K;POLR2E;POLR2J;POLR2F;HNRNPF,ECM-high Epithelial,Reactome
prerank,REACTOME_MRNA_CAPPING,-0.7359343261590284,-1.2580616934341606,0.08713692946058091,0.1850568900282973,1.0,8/23,11.90%,POLR2L;POLR2I;POLR2C;POLR2K;POLR2E;POLR2J;POLR2F;GTF2H5,ECM-high Epithelial,Reactome
prerank,REACTOME_RESPONSE_TO_ELEVATED_PLATELET_CYTOSOLIC_CA2,-0.6924134136860755,-1.2562711070608248,0.01603206412825651,0.18905668168042639,1.0,16/69,9.82%,PPIA;CD63;SERPINA1;PFN1;TMSB4X;SELENOP;ALDOA;CFL1;CALM1;SOD1;CD9;TAGLN2;ANXA5;HSPA5;APLP2;LGALS3BP,ECM-high Epithelial,Reactome
prerank,REACTOME_NEUTROPHIL_DEGRANULATION,-0.6864111758507832,-1.2560007222012164,0.0,0.18879189243427655,1.0,86/271,16.98%,SLPI;NPC2;GSTP1;PPIA;CST3;CTSH;FABP5;CSTB;S100A11;SRP14;CD63;FTH1;EEF2;SERPINA1;EEF1A1;MGST1;MIF;VAMP8;PIGR;ALDOA;PRDX6;FTL;APRT;HLA-C;BRI3;LGALS3;CD59;ASAH1;B2M;AGPAT2;HMGB1;DYNLL1;RHOA;TRAPPC1;TUBB4B;PSMB1;HSPA8;CAT;LAMTOR1;HSP90AB1;LPCAT1;RAC1;DYNLT1;NDUFC2;C3;LTA4H;VAPA;CREG1;SERPINB1;PA2G4;TMEM179B;CSNK2B;CPNE3;NME2;IMPDH2;CYB5R3;PGRMC1;ARPC5;LAMTOR2;MVP;PRDX4;DPP7;XRCC6;PGAM1;RAB5C;CNN2;PDAP1;CCT8;S100A9;RAB14;MLEC;HEBP2;CTSD;GDI2;LAMP1;QSOX1;ILF2;ATP6V0C;YPEL5;DDOST;GRN;SURF4;CD47;ATP6AP2;SVIP;PSMC3,ECM-high Epithelial,Reactome
prerank,REACTOME_SWITCHING_OF_ORIGINS_TO_A_POST_REPLICATIVE_STATE,-0.7047461719584099,-1.2548682359519925,0.01603206412825651,0.19080288408513912,1.0,21/61,13.64%,RPS27A;UBA52;SKP1;UBB;ANAPC11;SEM1;PSMA7;ANAPC16;PSME1;UBC;PSMB1;RBX1;PSMB6;PSMD8;PSMB5;PSMB2;PSMA4;PSMA3;PSME2;PSMC5;PSMA1,ECM-high Epithelial,Reactome
prerank,REACTOME_EPH_EPHRIN_MEDIATED_REPULSION_OF_CELLS,-0.7116095142973332,-1.2545404271968066,0.09690721649484536,0.19086435109739605,1.0,9/25,14.57%,ACTG1;ACTB;CLTA;RAC1;AP2S1;EFNA1;APH1A;AP2M1;CLTB,ECM-high Epithelial,Reactome
prerank,REACTOME_TRAF6_MEDIATED_NF_KB_ACTIVATION,-0.7296502438570107,-1.2530609468052527,0.13390928725701945,0.1936533655704695,1.0,2/16,4.57%,NFKBIA;HMGB1,ECM-high Epithelial,Reactome
prerank,REACTOME_EPHB_MEDIATED_FORWARD_SIGNALING,-0.7033414349762622,-1.25215109916592,0.08024691358024691,0.19534535714935522,1.0,10/30,13.61%,ACTG1;CFL1;ACTB;RHOA;ARPC3;ARPC2;RAC1;ARPC1B;ARPC5;CDC42,ECM-high Epithelial,Reactome
prerank,REACTOME_NUCLEAR_IMPORT_OF_REV_PROTEIN,-0.7312453874379675,-1.2519455364986374,0.13118279569892474,0.19500153978249696,1.0,2/17,5.66%,NPM1;RAN,ECM-high Epithelial,Reactome
prerank,REACTOME_PKMTS_METHYLATE_HISTONE_LYSINES,0.4368780579973306,1.2511176932897896,0.3125,0.24137296289024152,0.828,9/23,14.69%,SMYD3;KMT2C;MECOM;ASH1L;SETD2;EHMT1;NSD1;AEBP2;KMT2A,ECM-high Epithelial,Reactome
prerank,REACTOME_GPER1_SIGNALING,-0.7344723758236662,-1.251035534648874,0.1257995735607676,0.1963626128652633,1.0,4/16,10.56%,GNG5;GNB2;PRKAR1A;GNAS,ECM-high Epithelial,Reactome
prerank,REACTOME_INTERFERON_GAMMA_SIGNALING,-0.7031181572671735,-1.250368516961427,0.026262626262626262,0.197161011466569,1.0,14/44,19.64%,HLA-DRA;YBX1;HLA-DRB1;HLA-C;B2M;HLA-A;HLA-DRB5;HLA-DQB1;SUMO1;HLA-E;SOCS3;MT2A;CD44;ICAM1,ECM-high Epithelial,Reactome
prerank,REACTOME_CELLULAR_SENESCENCE,-0.6931701144616094,-1.2487239638115135,0.004,0.20039849385128977,1.0,10/78,6.66%,RPS27A;UBA52;TXN;UBB;FOS;ANAPC11;JUN;ANAPC16;UBC;ID1,ECM-high Epithelial,Reactome
prerank,REACTOME_ORC1_REMOVAL_FROM_CHROMATIN,-0.7058832676887323,-1.2476236705934256,0.02404809619238477,0.20240056803192316,1.0,19/50,13.64%,RPS27A;UBA52;SKP1;UBB;SEM1;PSMA7;PSME1;UBC;PSMB1;RBX1;PSMB6;PSMD8;PSMB5;PSMB2;PSMA4;PSMA3;PSME2;PSMC5;PSMA1,ECM-high Epithelial,Reactome
prerank,REACTOME_TRANSPORT_OF_VITAMINS_NUCLEOSIDES_AND_RELATED_MOLECULES,-0.7420526670843338,-1.2470458710893075,0.1148936170212766,0.2031939289819781,1.0,4/15,11.93%,SLC25A5;SLC25A6;SLC25A4;ARL2,ECM-high Epithelial,Reactome
prerank,REACTOME_LYSOSOME_VESICLE_BIOGENESIS,-0.6975325569348545,-1.2467668189723409,0.09836065573770492,0.2030432818510464,1.0,8/25,14.57%,VAMP8;CLTA;ARF1;HSPA8;CHMP2A;BLOC1S1;VAMP2;CLTB,ECM-high Epithelial,Reactome
prerank,REACTOME_EPHA_MEDIATED_GROWTH_CONE_COLLAPSE,-0.7377577570987076,-1.2461466091477131,0.1522198731501057,0.20375569006424382,1.0,4/15,11.14%,MYL12B;MYL6;RHOA;EFNA1,ECM-high Epithelial,Reactome
prerank,REACTOME_NEGATIVE_EPIGENETIC_REGULATION_OF_RRNA_EXPRESSION,-0.7106986172617606,-1.2457394896879987,0.07707910750507099,0.20376131530760824,1.0,9/26,17.98%,POLR2L;SAP18;POLR1D;POLR2K;POLR2E;POLR2F;GTF2H5;POLR2H;SMARCA5,ECM-high Epithelial,Reactome
prerank,REACTOME_MHC_CLASS_II_ANTIGEN_PRESENTATION,-0.6908487372264207,-1.245397572173412,0.022,0.20363625093469528,1.0,20/67,14.94%,CTSH;CD74;HLA-DRA;HLA-DRB1;CLTA;DYNLL1;TUBB4B;HLA-DRB5;ARF1;HLA-DQB1;AP2S1;HLA-DMA;TUBA1B;TUBA1C;LGMN;KIF22;CANX;DCTN3;AP2M1;CTSD,ECM-high Epithelial,Reactome
prerank,REACTOME_INSULIN_RECEPTOR_SIGNALLING_CASCADE,0.38802883317490683,1.244339920015717,0.15384615384615385,0.2437604991600672,0.834,9/24,17.35%,SOS1;GAB1;GAB2;PIK3CB;PDE3B;GRB10;FRS2;PIK3C3;PIK3R1,ECM-high Epithelial,Reactome
prerank,REACTOME_ENDOSOMAL_SORTING_COMPLEX_REQUIRED_FOR_TRANSPORT_ESCRT,-0.7148836654805788,-1.2430676000718477,0.10728744939271255,0.20883464512326202,1.0,9/28,16.20%,RPS27A;UBA52;UBB;UBC;VPS28;CHMP2A;CHMP4B;CHMP5;CHMP2B,ECM-high Epithelial,Reactome
prerank,REACTOME_POSITIVE_EPIGENETIC_REGULATION_OF_RRNA_EXPRESSION,-0.7035408250221434,-1.2426095615250545,0.09090909090909091,0.20892861829942902,1.0,12/30,17.98%,POLR2L;ACTB;POLR1D;POLR2K;POLR2E;POLR2F;DEK;DDX21;CBX3;POLR2H;RBBP4;SMARCA5,ECM-high Epithelial,Reactome
prerank,REACTOME_PEROXISOMAL_PROTEIN_IMPORT,-0.7186675561287574,-1.2425891713002455,0.05220883534136546,0.20799120760738707,1.0,13/33,20.23%,RPS27A;UBA52;UBB;ECH1;UBC;CAT;SCP2;GSTK1;HSD17B4;IDH1;ACAA1;MPV17;PHYH,ECM-high Epithelial,Reactome
prerank,REACTOME_INTERCONVERSION_OF_NUCLEOTIDE_DI_AND_TRIPHOSPHATES,-0.7177116179279937,-1.2400205328262857,0.12240663900414937,0.21431103097827553,1.0,8/17,16.65%,TXN;AK1;GUK1;NME3;NME2;DUT;AK2;CMPK1,ECM-high Epithelial,Reactome
prerank,REACTOME_TRANSLATION_OF_SARS_COV_1_STRUCTURAL_PROTEINS,-0.717473155631259,-1.2387336185380318,0.10493827160493827,0.21705011602625995,1.0,8/23,17.76%,RPS27A;UBA52;UBB;UBC;SUMO1;CANX;UBE2I;PRKCSH,ECM-high Epithelial,Reactome
prerank,REACTOME_PCP_CE_PATHWAY,-0.6908451767663977,-1.2377708979625746,0.022,0.21911192781428326,1.0,24/64,14.57%,RPS27A;UBA52;UBB;PFN1;SEM1;CLTA;PSMA7;RHOA;PSME1;UBC;PSMB1;PSMB6;RAC1;PSMD8;AP2S1;PSMB5;PSMB2;PSMA4;PSMA3;PSME2;PSMC5;PSMA1;AP2M1;CLTB,ECM-high Epithelial,Reactome
prerank,REACTOME_SIGNALING_BY_NOTCH2,-0.7416509995584307,-1.2356026981761807,0.07261410788381743,0.22473797053566721,1.0,4/18,5.32%,RPS27A;UBA52;UBB;UBC,ECM-high Epithelial,Reactome
prerank,REACTOME_SIGNALING_BY_EGFR,-0.7042544049523538,-1.2354694922364764,0.046,0.22412766232415343,1.0,5/38,8.68%,RPS27A;UBA52;UBB;UBC;AREG,ECM-high Epithelial,Reactome
prerank,REACTOME_HIV_INFECTION,-0.678292829634988,-1.2345640031761318,0.002,0.22586211873776352,1.0,48/167,13.89%,RPS27A;UBA52;PPIA;SLC25A5;POLR2L;SLC25A6;NPM1;ELOB;SKP1;UBB;B2M;SEM1;PSMA7;PSME1;UBC;RAN;PSMB1;RBX1;HLA-A;PSMB6;ARF1;SLC25A4;VPS28;RAC1;TCEA1;PSMD8;CHMP2A;AP2S1;BANF1;POLR2I;POLR2C;ELOC;POLR2K;PSMB5;POLR2E;POLR2J;POLR2F;GTF2A2;PSMB2;PSMA4;GTF2H5;PSMA3;PSME2;PSMC5;RANBP1;XRCC6;PSMA1;AP2M1,ECM-high Epithelial,Reactome
prerank,REACTOME_SCF_BETA_TRCP_MEDIATED_DEGRADATION_OF_EMI1,-0.6978054493126042,-1.2333099378778705,0.0321285140562249,0.22846253035046762,1.0,18/48,13.64%,RPS27A;UBA52;SKP1;UBB;SEM1;PSMA7;PSME1;UBC;PSMB1;PSMB6;PSMD8;PSMB5;PSMB2;PSMA4;PSMA3;PSME2;PSMC5;PSMA1,ECM-high Epithelial,Reactome
prerank,REACTOME_SYNTHESIS_OF_PC,-0.735683125664137,-1.2323259944783889,0.13859275053304904,0.23056768803380465,1.0,4/17,10.97%,MFSD2A;LPCAT1;STARD10;CSNK2B,ECM-high Epithelial,Reactome
prerank,REACTOME_RNA_POLYMERASE_III_TRANSCRIPTION_INITIATION_FROM_TYPE_3_PROMOTER,-0.7396952898455119,-1.2315969268172189,0.13695652173913042,0.23187100797723478,1.0,7/15,19.67%,POLR2L;POLR1D;POLR2K;POLR2E;POLR2F;POLR2H;POLR3H,ECM-high Epithelial,Reactome
prerank,REACTOME_DNA_DAMAGE_BYPASS,-0.7024507014750458,-1.2315082955904806,0.10183299389002037,0.23112767703385229,1.0,5/28,6.05%,RPS27A;UBA52;UBB;UBC;RBX1,ECM-high Epithelial,Reactome
prerank,REACTOME_COMPLEMENT_CASCADE,-0.7225146594932156,-1.2307881277551342,0.13978494623655913,0.2321964061118743,1.0,7/17,17.34%,CD59;C2;C4BPA;CD81;C3;CPB2;SERPING1,ECM-high Epithelial,Reactome
prerank,REACTOME_THE_ROLE_OF_GTSE1_IN_G2_M_PROGRESSION_AFTER_G2_CHECKPOINT,-0.6960901140389788,-1.2291381050183918,0.03413654618473896,0.2360618151441589,1.0,21/54,13.64%,RPS27A;UBA52;UBB;SEM1;PSMA7;PSME1;UBC;TUBB4B;PSMB1;PSMB6;HSP90AB1;PSMD8;TUBA1B;PSMB5;TUBA1C;PSMB2;PSMA4;PSMA3;PSME2;PSMC5;PSMA1,ECM-high Epithelial,Reactome
prerank,REACTOME_SEMAPHORIN_INTERACTIONS,-0.6932533443398008,-1.2287648278228602,0.058704453441295545,0.23607109031550483,1.0,7/41,8.98%,MYL12B;MYL6;CFL1;RHOA;HSP90AB1;RAC1;RHOB,ECM-high Epithelial,Reactome
prerank,REACTOME_SCF_SKP2_MEDIATED_DEGRADATION_OF_P27_P21,-0.692871463974488,-1.2273431770133527,0.036,0.23991807060212225,1.0,34/51,26.02%,RPS27A;UBA52;SKP1;UBB;SEM1;PSMA7;PSME1;UBC;PSMB1;PSMB6;PSMD8;PSMB5;PSMB2;PSMA4;PSMA3;PSME2;PSMC5;PSMA1;CDK4;PSMB4;PSMC3;PSMA5;PSMB7;CCND1;PSMD4;PSMA2;PSMB8;PSMC1;PSMD3;PSMD6;PSMC4;PSMF1;CKS1B;PSMD13,ECM-high Epithelial,Reactome
prerank,REACTOME_CIRCADIAN_CLOCK,-0.6959968575403137,-1.2269743463605949,0.03206412825651302,0.23998274648258897,1.0,6/50,8.34%,RPS27A;UBA52;SKP1;UBB;UBC;PPP1CA,ECM-high Epithelial,Reactome
prerank,REACTOME_HEDGEHOG_OFF_STATE,-0.689287089431413,-1.2263696488990117,0.01002004008016032,0.24087011771211347,1.0,25/70,14.07%,RPS27A;UBA52;SKP1;UBB;SEM1;PSMA7;PSME1;UBC;TUBB4B;PSMB1;RBX1;PSMB6;PSMD8;TUBA1B;PSMB5;PRKAR1A;TUBA1C;GNAS;PSMB2;PSMA4;PSMA3;PSME2;PSMC5;PSMA1;IFT57,ECM-high Epithelial,Reactome
prerank,REACTOME_APC_C_MEDIATED_DEGRADATION_OF_CELL_CYCLE_PROTEINS,-0.6888675829710172,-1.2260727329211263,0.026052104208416832,0.2407311744296015,1.0,20/63,13.64%,RPS27A;UBA52;SKP1;UBB;ANAPC11;SEM1;PSMA7;ANAPC16;PSME1;UBC;PSMB1;PSMB6;PSMD8;PSMB5;PSMB2;PSMA4;PSMA3;PSME2;PSMC5;PSMA1,ECM-high Epithelial,Reactome
prerank,REACTOME_SIGNALING_BY_MODERATE_KINASE_ACTIVITY_BRAF_MUTANTS,-0.6931237938587417,-1.2258657263297768,0.11316872427983539,0.24036362307891143,1.0,5/30,6.41%,PEBP1;ACTG1;CALM1;ACTB;YWHAB,ECM-high Epithelial,Reactome
prerank,REACTOME_CELLULAR_RESPONSE_TO_HYPOXIA,-0.6860430461652058,-1.225591317134783,0.032,0.2400544452831128,1.0,32/62,22.94%,RPS27A;UBA52;ELOB;UBB;SEM1;PSMA7;PSME1;UBC;PSMB1;RBX1;PSMB6;CITED2;PSMD8;ELOC;PSMB5;PSMB2;PSMA4;PSMA3;PSME2;PSMC5;PSMA1;HIGD1A;PSMB4;PSMC3;EGLN2;PSMA5;PSMB7;PSMD4;PSMA2;PSMB8;UBE2D2;PSMC1,ECM-high Epithelial,Reactome
prerank,REACTOME_SYNTHESIS_OF_DNA,-0.6833969473978319,-1.225015904472402,0.03,0.24073784587101552,1.0,40/71,26.02%,RPS27A;UBA52;SKP1;UBB;ANAPC11;SEM1;PSMA7;ANAPC16;PSME1;UBC;PSMB1;RBX1;PSMB6;PSMD8;PSMB5;PSMB2;POLE4;PSMA4;PSMA3;PSME2;PSMC5;PSMA1;PSMB4;PSMC3;PSMA5;PSMB7;PSMD4;RFC1;POLD2;CDC26;POLD4;PSMA2;PSMB8;PSMC1;PSMD3;PSMD6;PSMC4;RPA3;PSMF1;PSMD13,ECM-high Epithelial,Reactome
prerank,REACTOME_AUF1_HNRNP_D0_BINDS_AND_DESTABILIZES_MRNA,-0.6956488749656645,-1.2246146604914345,0.04408817635270541,0.24091475530068715,1.0,20/51,13.64%,RPS27A;UBA52;UBB;SEM1;PSMA7;PSME1;UBC;PSMB1;PABPC1;HSPB1;PSMB6;HSPA8;PSMD8;PSMB5;PSMB2;PSMA4;PSMA3;PSME2;PSMC5;PSMA1,ECM-high Epithelial,Reactome
prerank,REACTOME_KEAP1_NFE2L2_PATHWAY,-0.6779830143960618,-1.2242426724490254,0.008,0.2408876208667425,1.0,29/99,13.64%,RPS27A;UBA52;TXN;SKP1;UBB;PRDX1;TKT;SEM1;PSMA7;SOD3;PSME1;UBC;PSMB1;RBX1;PSMB6;TALDO1;PSMD8;AREG;SQSTM1;ATF4;MAP1LC3B;PSMB5;CSNK2B;PSMB2;PSMA4;PSMA3;PSME2;PSMC5;PSMA1,ECM-high Epithelial,Reactome
prerank,REACTOME_HSF1_DEPENDENT_TRANSACTIVATION,-0.6991624853451958,-1.2239824282371892,0.11608961303462322,0.24054264922223526,1.0,8/24,18.43%,UBB;HSBP1;HSPB1;HSPA8;HSP90AB1;MRPL18;DNAJB1;PTGES3,ECM-high Epithelial,Reactome
prerank,REACTOME_G_PROTEIN_BETA_GAMMA_SIGNALLING,-0.7203184175552568,-1.2236077759593695,0.19181034482758622,0.24064090245769656,1.0,4/15,13.61%,GNG5;RHOA;GNB2;CDC42,ECM-high Epithelial,Reactome
prerank,REACTOME_DEGRADATION_OF_GLI1_BY_THE_PROTEASOME,-0.689869199905186,-1.223353683010909,0.04417670682730924,0.2404536943933983,1.0,19/51,13.64%,RPS27A;UBA52;SKP1;UBB;SEM1;PSMA7;PSME1;UBC;PSMB1;RBX1;PSMB6;PSMD8;PSMB5;PSMB2;PSMA4;PSMA3;PSME2;PSMC5;PSMA1,ECM-high Epithelial,Reactome
prerank,REACTOME_MTOR_SIGNALLING,-0.7001715376235539,-1.2231579576955218,0.09109311740890688,0.24012247864633696,1.0,9/30,13.45%,RPS6;LAMTOR5;LAMTOR4;YWHAB;LAMTOR1;EIF4B;FKBP1A;LAMTOR2;RHEB,ECM-high Epithelial,Reactome
prerank,REACTOME_SIGNALING_BY_NOTCH1_PEST_DOMAIN_MUTANTS_IN_CANCER,-0.6927379916194949,-1.2231007397291724,0.08617234468937876,0.23920653162207955,1.0,6/38,6.05%,RPS27A;UBA52;SKP1;UBB;UBC;RBX1,ECM-high Epithelial,Reactome
prerank,REACTOME_ABORTIVE_ELONGATION_OF_HIV_1_TRANSCRIPT_IN_THE_ABSENCE_OF_TAT,-0.7155082809320621,-1.2223488762055585,0.15384615384615385,0.24045597381300027,1.0,7/20,10.91%,POLR2L;POLR2I;POLR2C;POLR2K;POLR2E;POLR2J;POLR2F,ECM-high Epithelial,Reactome
prerank,REACTOME_DECTIN_1_MEDIATED_NONCANONICAL_NF_KB_SIGNALING,-0.6883430967588113,-1.2219760238500457,0.050200803212851405,0.2405071673352087,1.0,18/54,13.64%,RPS27A;UBA52;SKP1;UBB;SEM1;PSMA7;PSME1;UBC;PSMB1;PSMB6;PSMD8;PSMB5;PSMB2;PSMA4;PSMA3;PSME2;PSMC5;PSMA1,ECM-high Epithelial,Reactome
prerank,REACTOME_NEGATIVE_REGULATION_OF_NOTCH4_SIGNALING,-0.6918842087273479,-1.2217213538329694,0.04819277108433735,0.2402263571771762,1.0,34/50,26.02%,RPS27A;UBA52;SKP1;UBB;SEM1;PSMA7;PSME1;UBC;PSMB1;RBX1;PSMB6;PSMD8;PSMB5;PSMB2;PSMA4;PSMA3;PSME2;PSMC5;PSMA1;PSMB4;PSMC3;PSMA5;PSMB7;PSMD4;PSMA2;PSMB8;PSMC1;YWHAZ;AKT1;PSMD3;PSMD6;PSMC4;PSMF1;PSMD13,ECM-high Epithelial,Reactome
prerank,REACTOME_TCR_SIGNALING,-0.681006180883106,-1.220993748606161,0.018036072144288578,0.24123125445567414,1.0,23/84,13.64%,RPS27A;UBA52;HLA-DRA;SKP1;UBB;HLA-DRB1;NFKBIA;SEM1;PSMA7;PSME1;UBC;PSMB1;PSMB6;HLA-DRB5;HLA-DQB1;PSMD8;PSMB5;PSMB2;PSMA4;PSMA3;PSME2;PSMC5;PSMA1,ECM-high Epithelial,Reactome
prerank,REACTOME_SIGNALING_BY_PTK6,-0.6836361092224333,-1.2207867761760278,0.10344827586206896,0.2409049364188156,1.0,7/36,8.70%,RPS27A;UBA52;UBB;RHOA;UBC;RAC1;LRRK2,ECM-high Epithelial,Reactome
prerank,REACTOME_SIGNALING_BY_RETINOIC_ACID,-0.7172094859418509,-1.2200832738703427,0.19742489270386265,0.24200322177992575,1.0,2/16,3.77%,FABP5;SDR16C5,ECM-high Epithelial,Reactome
prerank,REACTOME_DNA_REPLICATION,-0.679937814392371,-1.219965361152714,0.03,0.2413724103445438,1.0,40/74,26.02%,RPS27A;UBA52;SKP1;UBB;ANAPC11;SEM1;PSMA7;ANAPC16;PSME1;UBC;PSMB1;RBX1;PSMB6;PSMD8;PSMB5;PSMB2;POLE4;PSMA4;PSMA3;PSME2;PSMC5;PSMA1;PSMB4;PSMC3;PSMA5;PSMB7;PSMD4;RFC1;POLD2;CDC26;POLD4;PSMA2;PSMB8;PSMC1;PSMD3;PSMD6;PSMC4;RPA3;PSMF1;PSMD13,ECM-high Epithelial,Reactome
prerank,REACTOME_SUMOYLATION_OF_SUMOYLATION_PROTEINS,-0.7138899631810115,-1.219008680355708,0.1740976645435244,0.2430360944488749,1.0,5/17,21.20%,SUMO2;SUMO1;UBE2I;SEC13;NUP58,ECM-high Epithelial,Reactome
prerank,REACTOME_HIV_TRANSCRIPTION_INITIATION,-0.6905731002023779,-1.2178719049809585,0.1016260162601626,0.24567956805626565,1.0,13/31,22.01%,POLR2L;POLR2I;POLR2C;POLR2K;POLR2E;POLR2J;POLR2F;GTF2A2;GTF2H5;POLR2H;TAF9;POLR2G;TAF10,ECM-high Epithelial,Reactome
prerank,REACTOME_DISEASES_OF_METABOLISM,-0.675834323616076,-1.21776237084236,0.012,0.24503435089926545,1.0,21/106,11.53%,SFTPC;SFTPA2;RPS27A;UBA52;SFTPD;SFTPA1;UBB;DCXR;MUC1;APRT;SLC34A2;UBC;SDC4;SFTA3;TALDO1;ABCA3;DPM3;DPM2;MMAB;MAOA;SFTPB,ECM-high Epithelial,Reactome
prerank,REACTOME_FORMATION_OF_THE_EARLY_ELONGATION_COMPLEX,-0.7064100922823143,-1.2174424421340808,0.147239263803681,0.24496345850419082,1.0,8/25,11.90%,POLR2L;POLR2I;POLR2C;POLR2K;POLR2E;POLR2J;POLR2F;GTF2H5,ECM-high Epithelial,Reactome
prerank,REACTOME_APC_C_CDH1_MEDIATED_DEGRADATION_OF_CDC20_AND_OTHER_APC_C_CDH1_TARGETED_PROTEINS_IN_LATE_MITOSIS_EARLY_G1,-0.6829724260583743,-1.2159050508856746,0.04408817635270541,0.24857124604162872,1.0,19/58,13.64%,RPS27A;UBA52;UBB;ANAPC11;SEM1;PSMA7;ANAPC16;PSME1;UBC;PSMB1;PSMB6;PSMD8;PSMB5;PSMB2;PSMA4;PSMA3;PSME2;PSMC5;PSMA1,ECM-high Epithelial,Reactome
prerank,REACTOME_THE_ROLE_OF_NEF_IN_HIV_1_REPLICATION_AND_DISEASE_PATHOGENESIS,-0.680121362229353,-1.2154300646878435,0.17584745762711865,0.24905903972490145,1.0,6/20,13.89%,B2M;HLA-A;ARF1;RAC1;AP2S1;AP2M1,ECM-high Epithelial,Reactome
prerank,REACTOME_DEGRADATION_OF_DVL,-0.6898789970514735,-1.2149787178835472,0.05220883534136546,0.2494925369374328,1.0,18/48,13.64%,RPS27A;UBA52;UBB;SEM1;PSMA7;PSME1;UBC;PSMB1;RBX1;PSMB6;PSMD8;PSMB5;PSMB2;PSMA4;PSMA3;PSME2;PSMC5;PSMA1,ECM-high Epithelial,Reactome
prerank,REACTOME_SULFUR_AMINO_ACID_METABOLISM,-0.7206103952843073,-1.2135463516264215,0.1891304347826087,0.253090876490815,1.0,9/15,21.74%,TSTD1;ADI1;MPST;TST;TXN2;SQOR;AHCY;MTRR;ETHE1,ECM-high Epithelial,Reactome
prerank,REACTOME_DNA_REPLICATION_PRE_INITIATION,-0.6779398694361563,-1.213318936816248,0.052,0.25292572427979226,1.0,20/66,13.64%,RPS27A;UBA52;UBB;ANAPC11;SEM1;PSMA7;ANAPC16;PSME1;UBC;PSMB1;PSMB6;PSMD8;PSMB5;PSMB2;POLE4;PSMA4;PSMA3;PSME2;PSMC5;PSMA1,ECM-high Epithelial,Reactome
prerank,REACTOME_LEISHMANIA_INFECTION,-0.6702174809485709,-1.2133087290314324,0.034,0.25197769182894525,1.0,19/83,13.61%,GNG5;TXN;ACTG1;CALM1;ACTB;JUN;BRK1;ARPC3;HSP90AB1;ARPC2;RAC1;GNB2;C3;ARPC1B;PRKAR1A;GNAS;ARPC5;TXNIP;CDC42,ECM-high Epithelial,Reactome
prerank,REACTOME_REGULATED_NECROSIS,-0.691732109917825,-1.211574474959437,0.11088709677419355,0.2559865362611453,1.0,13/36,18.91%,RPS27A;UBA52;UBB;HMGB1;UBC;CHMP2A;CYCS;STUB1;BAX;CHMP4B;CHMP2B;UBE2L3;CHMP3,ECM-high Epithelial,Reactome
prerank,REACTOME_INTERLEUKIN_1_SIGNALING,-0.6740839023246911,-1.211284572522051,0.022,0.2557272991395152,1.0,22/84,13.64%,RPS27A;UBA52;SKP1;UBB;NFKBIA;HMGB1;SEM1;PSMA7;PSME1;UBC;PSMB1;RBX1;PSMB6;PSMD8;SQSTM1;PSMB5;PSMB2;PSMA4;PSMA3;PSME2;PSMC5;PSMA1,ECM-high Epithelial,Reactome
prerank,REACTOME_HIV_LIFE_CYCLE,-0.6736048686547617,-1.2112100757682212,0.01,0.25496265256389933,1.0,33/98,21.20%,RPS27A;UBA52;PPIA;POLR2L;ELOB;UBB;UBC;RAN;VPS28;TCEA1;CHMP2A;BANF1;POLR2I;POLR2C;ELOC;POLR2K;POLR2E;POLR2J;POLR2F;GTF2A2;GTF2H5;RANBP1;XRCC6;CHMP4B;CHMP5;CHMP2B;POLR2H;HMGA1;CHMP3;TAF9;SEC13;POLR2G;NUP58,ECM-high Epithelial,Reactome
prerank,REACTOME_REGULATION_OF_RUNX2_EXPRESSION_AND_ACTIVITY,-0.6808318995854981,-1.2111295265428927,0.056112224448897796,0.25414765866558525,1.0,20/59,13.64%,RPS27A;UBA52;SKP1;UBB;SEM1;PSMA7;PSME1;UBC;PSMB1;RBX1;PSMB6;PSMD8;PSMB5;STUB1;PSMB2;PSMA4;PSMA3;PSME2;PSMC5;PSMA1,ECM-high Epithelial,Reactome
prerank,REACTOME_DEFECTIVE_CFTR_CAUSES_CYSTIC_FIBROSIS,-0.6836852492787026,-1.2103122603315315,0.04609218436873747,0.2556817196793706,1.0,33/53,26.02%,RPS27A;UBA52;UBB;SEM1;PSMA7;PSME1;UBC;PSMB1;ERLEC1;PSMB6;PSMD8;PSMB5;PSMB2;PSMA4;PSMA3;PSME2;PSMC5;PSMA1;PSMB4;PSMC3;OS9;PSMA5;PSMB7;PSMD4;VCP;PSMA2;PSMB8;PSMC1;PSMD3;PSMD6;PSMC4;PSMF1;PSMD13,ECM-high Epithelial,Reactome
prerank,REACTOME_E3_UBIQUITIN_LIGASES_UBIQUITINATE_TARGET_PROTEINS,-0.6912823775006341,-1.2094444450315356,0.0963855421686747,0.25737141765555194,1.0,7/36,8.41%,RPS27A;UBA52;UBB;UBC;HLA-A;SELENOS;RNF181,ECM-high Epithelial,Reactome
prerank,REACTOME_SIGNALING_BY_FGFR2_IN_DISEASE,-0.6950731523422131,-1.2091875160663912,0.15071283095723015,0.2571812579887707,1.0,7/25,10.91%,POLR2L;POLR2I;POLR2C;POLR2K;POLR2E;POLR2J;POLR2F,ECM-high Epithelial,Reactome
prerank,REACTOME_SIGNALING_BY_ERBB4,-0.6991850760319307,-1.2091185910434075,0.11020408163265306,0.25646006056452875,1.0,4/30,5.32%,RPS27A;UBA52;UBB;UBC,ECM-high Epithelial,Reactome
prerank,REACTOME_TGF_BETA_RECEPTOR_SIGNALING_ACTIVATES_SMADS,-0.6958340351905064,-1.208832829562242,0.08484848484848485,0.25641939568824856,1.0,8/36,11.41%,RPS27A;UBA52;UBB;NEDD8;UBC;PPP1CA;STUB1;FKBP1A,ECM-high Epithelial,Reactome
prerank,REACTOME_ION_HOMEOSTASIS,-0.7106815468691087,-1.2086045251362616,0.129979035639413,0.2562280321965232,1.0,5/21,7.94%,CALM1;FXYD3;ATP1B1;ATP1A1;SRI,ECM-high Epithelial,Reactome
prerank,REACTOME_TRANSLOCATION_OF_SLC2A4_GLUT4_TO_THE_PLASMA_MEMBRANE,-0.6756806171621508,-1.2080846260194888,0.09456740442655935,0.2568313242336335,1.0,14/46,14.78%,ACTG1;CALM1;ACTB;TUBB4B;YWHAB;RAC1;YWHAE;TUBA1B;TUBA1C;SFN;RAB13;YWHAQ;VAMP2;RAB14,ECM-high Epithelial,Reactome
prerank,REACTOME_HEDGEHOG_LIGAND_BIOGENESIS,-0.6792387988781646,-1.207962572524128,0.056112224448897796,0.25625832356586453,1.0,34/54,26.02%,RPS27A;UBA52;UBB;SEM1;PSMA7;PSME1;UBC;PSMB1;ERLEC1;PSMB6;P4HB;PSMD8;PSMB5;PSMB2;PSMA4;PSMA3;PSME2;PSMC5;PSMA1;PSMB4;PSMC3;OS9;PSMA5;PSMB7;PSMD4;VCP;PSMA2;PSMB8;PSMC1;PSMD3;PSMD6;PSMC4;PSMF1;PSMD13,ECM-high Epithelial,Reactome
prerank,REACTOME_COOPERATION_OF_PREFOLDIN_AND_TRIC_CCT_IN_ACTIN_AND_TUBULIN_FOLDING,-0.7061344400310052,-1.2077948759949966,0.17805383022774326,0.2558863874855445,1.0,15/20,23.54%,PFDN5;ACTB;TUBB4B;PFDN2;TUBA1B;TUBA1C;CCT6A;CCT8;CCT7;CCT3;CCT4;PFDN6;CCT2;CCT5;PFDN4,ECM-high Epithelial,Reactome
prerank,REACTOME_RESPIRATORY_SYNCYTIAL_VIRUS_INFECTION_PATHWAY,-0.6756826238850839,-1.2070259269003294,0.04,0.25721471760097325,1.0,18/74,11.92%,RPS27A;UBA52;ELOB;UBB;SPCS1;UBC;SEC11C;SDC4;RBX1;SEC11A;HSPA8;HSP90AB1;NCL;PPP1CA;SPCS2;ELOC;CSNK2B;BCAP31,ECM-high Epithelial,Reactome
prerank,REACTOME_FORMATION_OF_RNA_POL_II_ELONGATION_COMPLEX,-0.6842746698475871,-1.207016402810484,0.096,0.2563096699067654,1.0,11/45,11.90%,POLR2L;ELOB;TCEA1;POLR2I;POLR2C;ELOC;POLR2K;POLR2E;POLR2J;POLR2F;GTF2H5,ECM-high Epithelial,Reactome
prerank,REACTOME_FORMATION_OF_THE_CORNIFIED_ENVELOPE,-0.7093545139948825,-1.2054106698669276,0.16561844863731656,0.25928893498536953,1.0,7/20,14.19%,KRT18;KRT8;KRT10;KRT19;PRSS8;PERP;CAPNS1,ECM-high Epithelial,Reactome
prerank,REACTOME_KERATINIZATION,-0.7093545139948825,-1.2054106698669276,0.16561844863731656,0.25928893498536953,1.0,7/20,14.19%,KRT18;KRT8;KRT10;KRT19;PRSS8;PERP;CAPNS1,ECM-high Epithelial,Reactome
prerank,REACTOME_NUCLEOTIDE_EXCISION_REPAIR,-0.6766485355706917,-1.2042841608396113,0.03,0.2617255919640073,1.0,29/74,21.80%,RPS27A;UBA52;POLR2L;UBB;SUMO2;ACTB;UBC;RBX1;TCEA1;POLR2I;POLR2C;POLR2K;RAD23A;SUMO1;POLR2E;POLR2J;POLR2F;POLE4;GTF2H5;SUMO3;COPS6;UBE2I;POLR2H;UBE2N;RFC1;POLR2G;POLD2;XAB2;POLD4,ECM-high Epithelial,Reactome
prerank,REACTOME_CHROMOSOME_MAINTENANCE,-0.6611089915779671,-1.2042450560168567,0.09619238476953908,0.260890396590186,1.0,18/47,21.80%,POLR2L;NPM1;NOP10;CENPX;POLR2I;POLR2C;NHP2;POLR2K;POLR2E;POLR2J;POLR2F;POLR2H;RBBP4;SMARCA5;RFC1;POLR2G;POLD2;POLD4,ECM-high Epithelial,Reactome
prerank,REACTOME_TRANSMISSION_ACROSS_CHEMICAL_SYNAPSES,-0.6620381218803854,-1.2030691721246363,0.044,0.2633501701766415,1.0,18/77,13.89%,GNG5;CALM1;TUBB4B;HSPA8;RAC1;GNB2;ALDH2;COMT;NRGN;AP2S1;TUBA1B;CACNA2D2;PRKAR1A;TUBA1C;MAOA;ARL6IP5;VAMP2;AP2M1,ECM-high Epithelial,Reactome
prerank,REACTOME_CHOLESTEROL_BIOSYNTHESIS,-0.6935430124615659,-1.2027193086363146,0.14867617107942974,0.26337895704032455,1.0,14/25,20.90%,DHCR24;FDPS;MSMO1;EBP;IDI1;SQLE;ACAT2;TM7SF2;FDFT1;PMVK;MVD;DHCR7;HMGCS1;SC5D,ECM-high Epithelial,Reactome
prerank,REACTOME_SIGNALING_BY_HEDGEHOG,-0.6710503605256929,-1.2022832959740297,0.024,0.26376234973910834,1.0,28/87,14.07%,RPS27A;UBA52;SKP1;UBB;SEM1;PSMA7;PSME1;UBC;TUBB4B;PSMB1;ERLEC1;RBX1;PSMB6;P4HB;PSMD8;HHIP;TUBA1B;PSMB5;PRKAR1A;TUBA1C;GNAS;PSMB2;PSMA4;PSMA3;PSME2;PSMC5;PSMA1;IFT57,ECM-high Epithelial,Reactome
prerank,REACTOME_RNA_POLYMERASE_III_TRANSCRIPTION,-0.6887692164815093,-1.2015806224229488,0.16632016632016633,0.2650007155888448,1.0,10/23,19.67%,POLR2L;POLR1D;POLR2K;POLR2E;POLR2F;GTF3C6;GTF3A;SSB;POLR2H;POLR3H,ECM-high Epithelial,Reactome
prerank,REACTOME_SIGNALING_BY_THE_B_CELL_RECEPTOR_BCR,-0.6691113939601931,-1.2003620965155553,0.032,0.2677178322526958,1.0,22/83,13.64%,RPS27A;UBA52;PPIA;SKP1;UBB;CALM1;NFKBIA;SEM1;PSMA7;PSME1;UBC;PSMB1;PSMB6;PSMD8;PSMB5;PSMB2;FKBP1A;PSMA4;PSMA3;PSME2;PSMC5;PSMA1,ECM-high Epithelial,Reactome
prerank,REACTOME_COPI_MEDIATED_ANTEROGRADE_TRANSPORT,-0.6750094572384675,-1.198694190641354,0.048,0.2718265663465206,1.0,19/59,13.58%,FOLR1;CD59;DYNLL1;TUBB4B;KDELR1;COPE;ARF1;TMED2;ARF4;TUBA1B;KDELR2;ARF5;TUBA1C;COPZ1;NAPA;TMED10;TMED9;RAB1B;DCTN3,ECM-high Epithelial,Reactome
prerank,REACTOME_MITOCHONDRIAL_TRANSLATION,-0.6612460870852598,-1.198081939772234,0.038,0.27262194354163205,1.0,50/84,25.38%,MRPL14;MRPL57;MRPL33;MRPS21;AURKAIP1;MRPS15;MRPL20;MRPL54;MRPL41;MRPL51;TUFM;MRPL52;MRPL34;GADD45GIP1;MRPS34;MRPS6;MRPL43;OXA1L;MRPS33;MRPL55;MRPL18;MRPS26;CHCHD1;MRPL27;MRPL40;MRPS18C;MRPS23;MRPS7;MRPS16;MRPL23;MRPL11;MRPS12;MRPL21;MRPL32;MRPS25;MRPL4;MRPL36;MRPL22;MRPL13;MRPL3;MRPL47;MTIF3;MRPS5;MRPL28;MRPL17;MRPL16;MRPS24;MRPL37;MRPS35;MRPL42,ECM-high Epithelial,Reactome
prerank,REACTOME_TNFR2_NON_CANONICAL_NF_KB_PATHWAY,-0.6740251223405928,-1.1978938678079551,0.050200803212851405,0.27219808727038014,1.0,33/60,26.02%,RPS27A;UBA52;SKP1;UBB;SEM1;PSMA7;PSME1;UBC;PSMB1;PSMB6;PSMD8;PSMB5;PSMB2;PSMA4;PSMA3;PSME2;PSMC5;PSMA1;PSMB4;PSMC3;TNFRSF12A;PSMA5;PSMB7;PSMD4;PSMA2;PSMB8;LTBR;PSMC1;PSMD3;PSMD6;PSMC4;PSMF1;PSMD13,ECM-high Epithelial,Reactome
prerank,REACTOME_SIGNALING_BY_ERBB2,-0.6814276291163572,-1.1968960626822938,0.12449799196787148,0.27417033701658994,1.0,5/37,5.32%,RPS27A;UBA52;UBB;RHOA;UBC,ECM-high Epithelial,Reactome
prerank,REACTOME_SIGNALING_BY_INSULIN_RECEPTOR,-0.6558203252022526,-1.1964604065880289,0.11670020120724346,0.2746287475584527,1.0,8/43,15.47%,ATP6V0E1;ATP6V1G1;ATP6V0B;ATP6V1F;ATP6V0D1;ATP6V1E1;CTSD;ATP6V0C,ECM-high Epithelial,Reactome
prerank,REACTOME_DEFECTIVE_INTRINSIC_PATHWAY_FOR_APOPTOSIS,-0.7016099144417461,-1.1958735916482262,0.2425531914893617,0.27534592178162365,1.0,5/15,8.25%,PRDX1;PRDX2;JUN;YWHAE;C1QBP,ECM-high Epithelial,Reactome
prerank,REACTOME_IMMUNOREGULATORY_INTERACTIONS_BETWEEN_A_LYMPHOID_AND_A_NON_LYMPHOID_CELL,-0.6966032725171145,-1.1946646936777805,0.18200836820083682,0.27791084650802433,1.0,9/21,15.30%,SFTPD;HLA-C;B2M;HLA-A;CD81;C3;HLA-E;IFITM1;CXADR,ECM-high Epithelial,Reactome
prerank,REACTOME_FCERI_MEDIATED_NF_KB_ACTIVATION,-0.6706727984274085,-1.1944663849317363,0.06224899598393574,0.2775522353808313,1.0,19/66,13.64%,RPS27A;UBA52;SKP1;UBB;NFKBIA;SEM1;PSMA7;PSME1;UBC;PSMB1;PSMB6;PSMD8;PSMB5;PSMB2;PSMA4;PSMA3;PSME2;PSMC5;PSMA1,ECM-high Epithelial,Reactome
prerank,REACTOME_DEGRADATION_OF_AXIN,-0.6735818914797612,-1.1929422722043208,0.09437751004016064,0.28126180005348167,1.0,30/50,26.02%,RPS27A;UBA52;UBB;SEM1;PSMA7;PSME1;UBC;PSMB1;PSMB6;PSMD8;PSMB5;PSMB2;PSMA4;PSMA3;PSME2;PSMC5;PSMA1;PSMB4;PSMC3;PSMA5;PSMB7;PSMD4;PSMA2;PSMB8;PSMC1;PSMD3;PSMD6;PSMC4;PSMF1;PSMD13,ECM-high Epithelial,Reactome
prerank,REACTOME_RNA_POLYMERASE_I_TRANSCRIPTION_INITIATION,-0.6850065401157093,-1.192229622297022,0.15510204081632653,0.282570390346602,1.0,8/27,17.79%,POLR2L;POLR1D;POLR2K;POLR2E;POLR2F;GTF2H5;POLR2H;RBBP4,ECM-high Epithelial,Reactome
prerank,REACTOME_M_DECAY_DEGRADATION_OF_MATERNAL_MRNAS_BY_MATERNALLY_STORED_FACTORS,-0.6949559912839505,-1.1921051417924284,0.1652892561983471,0.28194210835056954,1.0,13/24,27.05%,RPS2;PABPC1;EIF4B;ELOC;EIF4A2;PAIP2;CNOT7;PAIP1;CNOT8;EIF4E;EIF4A1;EIF4A3;EIF4G1,ECM-high Epithelial,Reactome
prerank,REACTOME_INTERACTIONS_OF_REV_WITH_HOST_CELLULAR_PROTEINS,-0.6922157847485608,-1.19123022900652,0.21841541755888652,0.28371518536170554,1.0,5/19,21.20%,NPM1;RAN;RANBP1;SEC13;NUP58,ECM-high Epithelial,Reactome
prerank,REACTOME_SYNTHESIS_OF_PA,-0.6993098593124509,-1.19019024664984,0.24086021505376345,0.2858817261837268,1.0,3/16,7.26%,PLA2G1B;AGPAT2;LPCAT1,ECM-high Epithelial,Reactome
prerank,REACTOME_REGULATION_OF_RUNX3_EXPRESSION_AND_ACTIVITY,-0.6725229605006275,-1.190117870999967,0.08048289738430583,0.28511809261436527,1.0,30/50,26.02%,RPS27A;UBA52;UBB;SEM1;PSMA7;PSME1;UBC;PSMB1;PSMB6;PSMD8;PSMB5;PSMB2;PSMA4;PSMA3;PSME2;PSMC5;PSMA1;PSMB4;PSMC3;PSMA5;PSMB7;PSMD4;PSMA2;PSMB8;PSMC1;PSMD3;PSMD6;PSMC4;PSMF1;PSMD13,ECM-high Epithelial,Reactome
prerank,REACTOME_GLUCOSE_METABOLISM,-0.6677027349437082,-1.1884096066169396,0.15090543259557343,0.28913030224263603,1.0,11/36,21.20%,GAPDH;TPI1;ALDOA;ENO1;PGK1;FBP1;PGAM1;PPP2R1A;SEC13;PKM;NUP58,ECM-high Epithelial,Reactome
prerank,REACTOME_HEDGEHOG_ON_STATE,-0.6689972172647793,-1.1880796809867067,0.07615230460921844,0.28925011413633445,1.0,19/58,13.64%,RPS27A;UBA52;UBB;SEM1;PSMA7;PSME1;UBC;PSMB1;RBX1;PSMB6;PSMD8;HHIP;PSMB5;PSMB2;PSMA4;PSMA3;PSME2;PSMC5;PSMA1,ECM-high Epithelial,Reactome
prerank,REACTOME_BIOLOGICAL_OXIDATIONS,-0.6581829461276553,-1.1880756833797765,0.08,0.28829210152213863,1.0,29/66,22.43%,GSTP1;MGST1;TRMT112;MGST3;EPHX1;ESD;HSP90AB1;ALDH2;COMT;ADH5;GSTA4;MAOA;GSTK1;CYB5R3;AKR1A1;ABHD14B;GSTO1;NNMT;AHCY;PTGES3;SULT1A1;FDX1;AKR7A2;MTRR;CNDP2;GGCT;MGST2;AIP;ALDH1A1,ECM-high Epithelial,Reactome
prerank,REACTOME_RUNX1_INTERACTS_WITH_CO_FACTORS_WHOSE_PRECISE_EFFECT_ON_RUNX1_TARGETS_IS_NOT_KNOWN,0.346909278648434,1.1878035873574058,0.16666666666666666,0.30710630106113246,0.888,6/30,11.71%,ARID1B;RUNX1;AUTS2;HIPK2;ARID2;SCMH1,ECM-high Epithelial,Reactome
prerank,REACTOME_FOXO_MEDIATED_TRANSCRIPTION,-0.6622739457148272,-1.1877942510985502,0.15060240963855423,0.2881133367146093,1.0,8/38,12.76%,TXN;BTG1;CITED2;YWHAB;CAT;SFN;TXNIP;YWHAQ,ECM-high Epithelial,Reactome
prerank,REACTOME_SENSORY_PROCESSING_OF_SOUND_BY_OUTER_HAIR_CELLS_OF_THE_COCHLEA,-0.6913752096161688,-1.1873864224240709,0.251063829787234,0.2884737591880213,1.0,2/16,3.97%,ACTG1;ACTB,ECM-high Epithelial,Reactome
prerank,REACTOME_ABC_TRANSPORTER_DISORDERS,-0.6692494494274618,-1.1870945985310941,0.07414829659318638,0.288338229301589,1.0,34/58,26.02%,RPS27A;UBA52;UBB;SEM1;PSMA7;PSME1;UBC;PSMB1;ERLEC1;PSMB6;ABCA3;PSMD8;PSMB5;PSMB2;PSMA4;PSMA3;PSME2;PSMC5;PSMA1;PSMB4;PSMC3;OS9;PSMA5;PSMB7;PSMD4;VCP;PSMA2;PSMB8;PSMC1;PSMD3;PSMD6;PSMC4;PSMF1;PSMD13,ECM-high Epithelial,Reactome
prerank,REACTOME_ASYMMETRIC_LOCALIZATION_OF_PCP_PROTEINS,-0.6727039969304385,-1.186804470596506,0.096579476861167,0.2881732237914227,1.0,30/48,26.02%,RPS27A;UBA52;UBB;SEM1;PSMA7;PSME1;UBC;PSMB1;PSMB6;PSMD8;PSMB5;PSMB2;PSMA4;PSMA3;PSME2;PSMC5;PSMA1;PSMB4;PSMC3;PSMA5;PSMB7;PSMD4;PSMA2;PSMB8;PSMC1;PSMD3;PSMD6;PSMC4;PSMF1;PSMD13,ECM-high Epithelial,Reactome
prerank,REACTOME_COPI_DEPENDENT_GOLGI_TO_ER_RETROGRADE_TRAFFIC,-0.6663242713551077,-1.1867265746505824,0.1111111111111111,0.2875129099568522,1.0,18/46,16.48%,TUBB4B;KDELR1;COPE;ARF1;TMED2;ARF4;TUBA1B;KDELR2;ARF5;TUBA1C;COPZ1;NAPA;TMED10;TMED9;KIF22;RAB1B;TMED3;SURF4,ECM-high Epithelial,Reactome
prerank,REACTOME_TRANSCRIPTION_OF_THE_HIV_GENOME,-0.663103663140164,-1.1854021966927906,0.10420841683366733,0.2908572933004553,1.0,12/49,11.90%,POLR2L;ELOB;TCEA1;POLR2I;POLR2C;ELOC;POLR2K;POLR2E;POLR2J;POLR2F;GTF2A2;GTF2H5,ECM-high Epithelial,Reactome
prerank,REACTOME_SUMOYLATION_OF_DNA_REPLICATION_PROTEINS,-0.6928844938801868,-1.184949918329236,0.2063157894736842,0.2914675283004527,1.0,6/20,21.20%,SUMO2;SUMO1;SUMO3;UBE2I;SEC13;NUP58,ECM-high Epithelial,Reactome
prerank,REACTOME_INTERFERON_SIGNALING,-0.6536036127155305,-1.1843065463845814,0.022,0.2925173994723421,1.0,40/133,20.53%,RPS27A;UBA52;NPM1;IFITM3;HLA-DRA;UBB;YBX1;HLA-DRB1;HLA-C;IFITM2;B2M;UBC;TUBB4B;HLA-A;HLA-DRB5;HSPA8;HLA-DQB1;EIF4G2;EIF2S2;CENPX;EGR1;EIF4A2;TUBA1B;SUMO1;TUBA1C;FAAP20;HLA-E;IFITM1;SOCS3;PIN1;ILF2;MT2A;UBE2I;CD44;PPP2R1A;ICAM1;UBE2N;EIF4E2;SEC13;EIF2S3,ECM-high Epithelial,Reactome
prerank,REACTOME_G2_M_CHECKPOINTS,-0.6605276639127183,-1.1840955226995695,0.064,0.2922160604021446,1.0,37/74,26.02%,RPS27A;UBA52;UBB;SEM1;PSMA7;PSME1;UBC;PSMB1;PSMB6;YWHAB;PSMD8;YWHAE;PSMB5;PSMB2;SFN;PSMA4;PSMA3;PSME2;YWHAQ;PSMC5;PSMA1;PSMB4;PSMC3;PSMA5;PSMB7;UBE2N;PSMD4;PSMA2;PSMB8;PSMC1;YWHAZ;PSMD3;PSMD6;PSMC4;RPA3;PSMF1;PSMD13,ECM-high Epithelial,Reactome
prerank,REACTOME_ABC_FAMILY_PROTEINS_MEDIATED_TRANSPORT,-0.6614847572694694,-1.1823267648666798,0.050100200400801605,0.29673499084524607,1.0,28/69,20.53%,RPS27A;UBA52;UBB;SEM1;PSMA7;PSME1;UBC;PSMB1;ERLEC1;PSMB6;ABCA3;PSMD8;EIF2S2;PSMB5;PSMB2;PSMA4;PSMA3;PSME2;PSMC5;PSMA1;PSMB4;PSMC3;OS9;PSMA5;PSMB7;PSMD4;VCP;EIF2S3,ECM-high Epithelial,Reactome
prerank,REACTOME_STABILIZATION_OF_P53,-0.6705061190962424,-1.1813608052965836,0.0925553319919517,0.2989095273553827,1.0,30/49,26.02%,RPS27A;UBA52;UBB;SEM1;PSMA7;PSME1;UBC;PSMB1;PSMB6;PSMD8;PSMB5;PSMB2;PSMA4;PSMA3;PSME2;PSMC5;PSMA1;PSMB4;PSMC3;PSMA5;PSMB7;PSMD4;PSMA2;PSMB8;PSMC1;PSMD3;PSMD6;PSMC4;PSMF1;PSMD13,ECM-high Epithelial,Reactome
prerank,REACTOME_MITOCHONDRIAL_CALCIUM_ION_TRANSPORT,-0.6943943806474142,-1.1798778991403385,0.21894736842105264,0.30215898573878536,1.0,6/18,13.92%,SMDT1;PHB2;VDAC2;VDAC1;PHB1;STOML2,ECM-high Epithelial,Reactome
prerank,REACTOME_RNA_POLYMERASE_I_TRANSCRIPTION,-0.6745128777705314,-1.1792237398621601,0.16835699797160245,0.30319332069970945,1.0,9/30,17.79%,POLR2L;POLR1D;POLR2K;POLR2E;POLR2F;GTF2H5;CBX3;POLR2H;RBBP4,ECM-high Epithelial,Reactome
prerank,REACTOME_CYCLIN_A_CDK2_ASSOCIATED_EVENTS_AT_S_PHASE_ENTRY,-0.6627951353392381,-1.178895580078316,0.064,0.30319794206628614,1.0,36/67,26.02%,RPS27A;UBA52;SKP1;UBB;SEM1;PSMA7;PSME1;UBC;PSMB1;PSMB6;PSMD8;PSMB5;PSMB2;PSMA4;PSMA3;PSME2;PSMC5;PSMA1;CDK4;PSMB4;PSMC3;RBBP4;PSMA5;PSMB7;CCND1;PSMD4;PSMA2;PSMB8;PSMC1;AKT1;PSMD3;PSMD6;PSMC4;PSMF1;CKS1B;PSMD13,ECM-high Epithelial,Reactome
prerank,REACTOME_G1_S_DNA_DAMAGE_CHECKPOINTS,-0.666917652347274,-1.1787727947660596,0.0963855421686747,0.3025812294336271,1.0,30/51,26.02%,RPS27A;UBA52;UBB;SEM1;PSMA7;PSME1;UBC;PSMB1;PSMB6;PSMD8;PSMB5;PSMB2;PSMA4;PSMA3;PSME2;PSMC5;PSMA1;PSMB4;PSMC3;PSMA5;PSMB7;PSMD4;PSMA2;PSMB8;PSMC1;PSMD3;PSMD6;PSMC4;PSMF1;PSMD13,ECM-high Epithelial,Reactome
prerank,REACTOME_RNA_POLYMERASE_III_TRANSCRIPTION_TERMINATION,-0.691670879516541,-1.1784660227077874,0.2291220556745182,0.30264034389334105,1.0,8/16,19.67%,POLR2L;POLR1D;POLR2K;POLR2E;POLR2F;SSB;POLR2H;POLR3H,ECM-high Epithelial,Reactome
prerank,REACTOME_HOMOLOGY_DIRECTED_REPAIR,-0.6700178553114785,-1.178033301777424,0.1350806451612903,0.3030543728439523,1.0,6/42,5.32%,RPS27A;UBA52;UBB;SUMO2;SEM1;UBC,ECM-high Epithelial,Reactome
prerank,REACTOME_REGULATION_OF_PTEN_STABILITY_AND_ACTIVITY,-0.6615417250761811,-1.177907166525556,0.09036144578313253,0.30246715400572954,1.0,19/61,13.64%,RPS27A;UBA52;UBB;SEM1;PSMA7;PSME1;UBC;PSMB1;PSMB6;PSMD8;PSMB5;CSNK2B;STUB1;PSMB2;PSMA4;PSMA3;PSME2;PSMC5;PSMA1,ECM-high Epithelial,Reactome
prerank,REACTOME_MITOTIC_G2_G2_M_PHASES,-0.6516795064546683,-1.1777903993159924,0.028,0.30187782892236203,1.0,28/109,13.64%,RPS27A;UBA52;SKP1;UBB;SEM1;DYNLL1;PSMA7;PSME1;UBC;TUBB4B;PSMB1;MZT2B;RBX1;PSMB6;HSP90AB1;PSMD8;YWHAE;TUBA1B;PSMB5;TUBA1C;SSNA1;PSMB2;PSMA4;PSMA3;PSME2;PSMC5;DCTN3;PSMA1,ECM-high Epithelial,Reactome
prerank,REACTOME_DISORDERS_OF_TRANSMEMBRANE_TRANSPORTERS,-0.6542855325523683,-1.1775464519905798,0.034,0.30174223002843176,1.0,35/90,22.14%,RPS27A;UBA52;UBB;SLC34A2;SEM1;PSMA7;PSME1;UBC;PSMB1;ERLEC1;PSMB6;ABCA3;PSMD8;BSG;PSMB5;PSMB2;PSMA4;PSMA3;PSME2;PSMC5;PSMA1;PSMB4;SLC6A14;PSMC3;OS9;SLC3A2;PSMA5;PSMB7;PSMD4;SEC13;VCP;NUP58;SLC39A4;PSMA2;PSMB8,ECM-high Epithelial,Reactome
prerank,REACTOME_NUCLEAR_ENVELOPE_NE_REASSEMBLY,-0.6650378953180924,-1.1767703130283218,0.14829659318637275,0.3029994131537171,1.0,16/40,21.20%,TUBB4B;RAN;CHMP2A;BANF1;TUBA1B;SUMO1;TUBA1C;EMD;CHMP4B;CHMP2B;UBE2I;LMNA;PPP2R1A;CHMP3;SEC13;NUP58,ECM-high Epithelial,Reactome
prerank,REACTOME_BETA_CATENIN_INDEPENDENT_WNT_SIGNALING,-0.6533423752630815,-1.1761493142178219,0.042,0.30403663177054924,1.0,27/92,14.57%,RPS27A;UBA52;GNG5;UBB;PFN1;CALM1;SEM1;CLTA;PSMA7;RHOA;PSME1;UBC;PSMB1;PSMB6;RAC1;GNB2;PSMD8;AP2S1;PSMB5;PSMB2;PSMA4;PSMA3;PSME2;PSMC5;PSMA1;AP2M1;CLTB,ECM-high Epithelial,Reactome
prerank,REACTOME_DISEASES_OF_PROGRAMMED_CELL_DEATH,-0.6705516494707054,-1.175308017037604,0.24173553719008264,0.3057648033528121,1.0,8/20,17.79%,PRDX1;PRDX2;JUN;YWHAE;C1QBP;CAPNS1;LMNA;RBBP4,ECM-high Epithelial,Reactome
prerank,REACTOME_EXTRA_NUCLEAR_ESTROGEN_SIGNALING,-0.6596708930592111,-1.1736394153077192,0.15757575757575756,0.3101264339475567,1.0,6/41,8.68%,GNG5;CALM1;FOS;HSPB1;GNB2;AREG,ECM-high Epithelial,Reactome
prerank,REACTOME_REGULATION_OF_MRNA_STABILITY_BY_PROTEINS_THAT_BIND_AU_RICH_ELEMENTS,-0.6639208915354089,-1.1734994170707091,0.05,0.3096437230118448,1.0,23/76,13.64%,RPS27A;UBA52;UBB;ZFP36;SEM1;PSMA7;PSME1;UBC;PSMB1;PABPC1;HSPB1;PSMB6;HSPA8;YWHAB;SET;PSMD8;PSMB5;PSMB2;PSMA4;PSMA3;PSME2;PSMC5;PSMA1,ECM-high Epithelial,Reactome
prerank,REACTOME_MITF_M_DEPENDENT_GENE_EXPRESSION,-0.6530074474458264,-1.1730852885089844,0.10261569416498995,0.31023439173484063,1.0,9/57,9.66%,HINT1;ATP6V0E1;ATP6V1G1;ACTB;ASAH1;ATP6V0B;MLPH;ATP6V1F;ATP6V0D1,ECM-high Epithelial,Reactome
prerank,REACTOME_METABOLISM_OF_POLYAMINES,-0.6614453312373674,-1.1725803808783297,0.10821643286573146,0.31070287616158065,1.0,31/50,26.02%,OAZ1;SEM1;PSMA7;PSME1;PSMB1;PSMB6;PSMD8;PSMB5;SAT1;PSMB2;PSMA4;PSMA3;PSME2;PSMC5;PSMA1;ODC1;AMD1;PSMB4;PSMC3;PSMA5;PSMB7;PSMD4;SMS;PSMA2;PSMB8;PSMC1;PSMD3;PSMD6;PSMC4;PSMF1;PSMD13,ECM-high Epithelial,Reactome
prerank,REACTOME_RSV_HOST_INTERACTIONS,-0.6588441731705632,-1.1724168619999347,0.10642570281124498,0.31023970998265515,1.0,9/52,11.92%,RPS27A;UBA52;ELOB;UBB;UBC;SDC4;RBX1;ELOC;BCAP31,ECM-high Epithelial,Reactome
prerank,REACTOME_TRANSLATION_OF_SARS_COV_2_STRUCTURAL_PROTEINS,-0.6512328251276878,-1.171084965841088,0.1623246492985972,0.31350007888339476,1.0,13/47,17.76%,RPS27A;UBA52;UBB;DAD1;UBC;SUMO1;RPN2;RPN1;CANX;DDOST;PRMT1;UBE2I;PRKCSH,ECM-high Epithelial,Reactome
prerank,REACTOME_UCH_PROTEINASES,-0.6569487271793346,-1.170596546464096,0.09819639278557114,0.31408309193666845,1.0,29/69,22.94%,RPS27A;UBA52;UBB;ACTB;SEM1;PSMA7;NEDD8;PSME1;UBC;PSMB1;PSMB6;PSMD8;PSMB5;PSMB2;PSMA4;PSMA3;PSME2;PSMC5;PSMA1;PSMB4;PSMC3;ADRM1;PSMA5;PSMB7;PSMD4;PSMA2;PSMB8;YY1;PSMC1,ECM-high Epithelial,Reactome
prerank,REACTOME_NEUROTRANSMITTER_RECEPTORS_AND_POSTSYNAPTIC_SIGNAL_TRANSMISSION,-0.6482573482498437,-1.1703440397903484,0.126,0.3139318595516558,1.0,12/55,15.84%,GNG5;CALM1;TUBB4B;RAC1;GNB2;NRGN;AP2S1;TUBA1B;PRKAR1A;TUBA1C;AP2M1;KCNJ15,ECM-high Epithelial,Reactome
prerank,REACTOME_DEGRADATION_OF_BETA_CATENIN_BY_THE_DESTRUCTION_COMPLEX,-0.6548589741216685,-1.1697362397546833,0.086,0.31491603005761126,1.0,19/68,13.64%,RPS27A;UBA52;SKP1;UBB;SEM1;PSMA7;PSME1;UBC;PSMB1;RBX1;PSMB6;PSMD8;PSMB5;PSMB2;PSMA4;PSMA3;PSME2;PSMC5;PSMA1,ECM-high Epithelial,Reactome
prerank,REACTOME_MAP2K_AND_MAPK_ACTIVATION,-0.6685971008649991,-1.1696254975462332,0.23076923076923078,0.31427528565283847,1.0,5/26,11.81%,PEBP1;ACTG1;ACTB;YWHAB;LAMTOR2,ECM-high Epithelial,Reactome
prerank,REACTOME_MAPK6_MAPK4_SIGNALING,-0.6571457144464081,-1.1694683664869547,0.064,0.3138760791928158,1.0,21/67,13.64%,RPS27A;UBA52;UBB;SEM1;JUN;PSMA7;PSME1;UBC;PSMB1;HSPB1;PSMB6;RAC1;PSMD8;PSMB5;PSMB2;PSMA4;PSMA3;PSME2;PSMC5;CDC42;PSMA1,ECM-high Epithelial,Reactome
prerank,REACTOME_ISG15_ANTIVIRAL_MECHANISM,-0.6561558666761638,-1.1680298569038703,0.14228456913827656,0.3174309531362638,1.0,6/43,9.39%,RPS27A;UBA52;UBB;UBC;EIF4G2;EIF4A2,ECM-high Epithelial,Reactome
prerank,REACTOME_CELLULAR_RESPONSE_TO_HEAT_STRESS,-0.6452575876781894,-1.1673235468469467,0.142570281124498,0.31875566529791416,1.0,17/57,21.20%,EEF1A1;UBB;ST13;HSBP1;HSPB1;HSPA8;HSP90AB1;RPS19BP1;YWHAE;HSPA5;BAG1;MRPL18;DNAJB1;PTGES3;SEC13;VCP;NUP58,ECM-high Epithelial,Reactome
prerank,REACTOME_ORGANELLE_BIOGENESIS_AND_MAINTENANCE,-0.6437136254839052,-1.1665041760052908,0.03,0.32037932419197573,1.0,27/152,10.36%,ATP5F1E;ATP5MC2;ATP5MG;ATP5MK;ATP5MJ;ATP5MF;ATP5F1D;ATP5PF;ATP5MC3;CALM1;ATP5PD;ATP5ME;DYNLL1;TUBB4B;DYNLRB1;ATP5F1B;ATP5F1A;ATP5MC1;ARF4;YWHAE;ATP5PB;ATP5F1C;CYCS;TUBA1B;SSBP1;TUBA1C;SSNA1,ECM-high Epithelial,Reactome
prerank,REACTOME_REGULATION_OF_TP53_ACTIVITY_THROUGH_PHOSPHORYLATION,-0.6526319847017541,-1.1659791627970975,0.13682092555331993,0.32108113572701913,1.0,4/45,5.32%,RPS27A;UBA52;UBB;UBC,ECM-high Epithelial,Reactome
prerank,REACTOME_NGF_STIMULATED_TRANSCRIPTION,-0.6743529229542177,-1.165125162512927,0.25308641975308643,0.3227700517300684,1.0,10/22,18.16%,FOS;JUNB;ID1;EGR1;FOSB;JUND;F3;ID3;ID4;TRIB1,ECM-high Epithelial,Reactome
prerank,REACTOME_SIGNALING_BY_NOTCH1,-0.6542711564650032,-1.164948628587773,0.154,0.3223637662478049,1.0,6/45,6.05%,RPS27A;UBA52;SKP1;UBB;UBC;RBX1,ECM-high Epithelial,Reactome
prerank,REACTOME_FCERI_MEDIATED_MAPK_ACTIVATION,-0.6684508704786369,-1.1645756333773079,0.24173553719008264,0.32252838166909864,1.0,3/21,7.40%,FOS;JUN;RAC1,ECM-high Epithelial,Reactome
prerank,REACTOME_POSTMITOTIC_NUCLEAR_PORE_COMPLEX_NPC_REFORMATION,-0.6901670302926155,-1.1644797733174517,0.27429805615550756,0.32190383512263554,1.0,5/15,21.20%,RAN;SUMO1;UBE2I;SEC13;NUP58,ECM-high Epithelial,Reactome
prerank,REACTOME_PROTEIN_UBIQUITINATION,-0.656155166352155,-1.1640874289230971,0.132,0.32205806582243474,1.0,7/51,8.41%,RPS27A;UBA52;UBB;UBC;HLA-A;SELENOS;RNF181,ECM-high Epithelial,Reactome
prerank,REACTOME_INTERLEUKIN_1_FAMILY_SIGNALING,-0.6458138255016295,-1.1637440568592499,0.058,0.3222436032602166,1.0,22/98,13.64%,RPS27A;UBA52;SKP1;UBB;NFKBIA;HMGB1;SEM1;PSMA7;PSME1;UBC;PSMB1;RBX1;PSMB6;PSMD8;SQSTM1;PSMB5;PSMB2;PSMA4;PSMA3;PSME2;PSMC5;PSMA1,ECM-high Epithelial,Reactome
prerank,REACTOME_CLATHRIN_MEDIATED_ENDOCYTOSIS,-0.6499766501402805,-1.1634092042640078,0.076,0.3224120100762351,1.0,19/89,14.57%,RPS27A;UBA52;UBB;VAMP8;ACTG1;ACTB;CLTA;ARPC3;NEDD8;UBC;HSPA8;ARPC2;AP2S1;AREG;ARPC5;RAB5C;VAMP2;AP2M1;CLTB,ECM-high Epithelial,Reactome
prerank,REACTOME_RNA_POLYMERASE_II_TRANSCRIBES_SNRNA_GENES,-0.6523909711911816,-1.1614241625554929,0.1529175050301811,0.32775557055596627,1.0,9/45,11.03%,POLR2L;SSU72;POLR2I;POLR2C;POLR2K;POLR2E;POLR2J;POLR2F;GTF2A2,ECM-high Epithelial,Reactome
prerank,REACTOME_NEUROTRANSMITTER_RELEASE_CYCLE,-0.6753629464127133,-1.1600290595444314,0.2694736842105263,0.3312007191970845,1.0,4/16,13.88%,HSPA8;MAOA;ARL6IP5;VAMP2,ECM-high Epithelial,Reactome
prerank,REACTOME_MITOTIC_METAPHASE_AND_ANAPHASE,-0.6411117578936206,-1.1594051121498485,0.024,0.33223326705635775,1.0,48/136,22.14%,RPS27;RPS27A;UBA52;UBB;ANAPC11;SEM1;DYNLL1;PSMA7;ANAPC16;PSME1;UBC;TUBB4B;RAN;PSMB1;PSMB6;PSMD8;CHMP2A;BANF1;TUBA1B;SUMO1;PSMB5;TUBA1C;PSMB2;PSMA4;PSMA3;PSME2;PSMC5;NUDC;PSMA1;EMD;RAD21;CHMP4B;CHMP2B;UBE2I;PSMB4;PSMC3;LMNA;PPP2R1A;PPP1CC;CHMP3;PSMA5;PSMB7;PSMD4;SEC13;NUP58;CDC26;PSMA2;PSMB8,ECM-high Epithelial,Reactome
prerank,REACTOME_CLEC7A_DECTIN_1_SIGNALING,-0.6477559714483141,-1.1585585130578084,0.07429718875502007,0.3340217071983146,1.0,20/81,13.64%,RPS27A;UBA52;SKP1;UBB;CALM1;NFKBIA;SEM1;PSMA7;PSME1;UBC;PSMB1;PSMB6;PSMD8;PSMB5;PSMB2;PSMA4;PSMA3;PSME2;PSMC5;PSMA1,ECM-high Epithelial,Reactome
prerank,REACTOME_ARACHIDONIC_ACID_METABOLISM,-0.6783467126306717,-1.1584263086069657,0.2673684210526316,0.33351047863408734,1.0,7/16,18.43%,GPX4;LTA4H;PON2;ALOX15B;CBR1;PON3;PTGES3,ECM-high Epithelial,Reactome
prerank,REACTOME_FC_EPSILON_RECEPTOR_FCERI_SIGNALING,-0.644123418954112,-1.1580230285880726,0.048,0.3337596317208674,1.0,23/101,13.64%,RPS27A;UBA52;SKP1;UBB;CALM1;FOS;NFKBIA;SEM1;JUN;PSMA7;PSME1;UBC;PSMB1;PSMB6;RAC1;PSMD8;PSMB5;PSMB2;PSMA4;PSMA3;PSME2;PSMC5;PSMA1,ECM-high Epithelial,Reactome
prerank,REACTOME_TELOMERE_MAINTENANCE,-0.6469432702457417,-1.1577224105766517,0.19959677419354838,0.3338709925264223,1.0,17/37,25.51%,POLR2L;NOP10;POLR2I;POLR2C;NHP2;POLR2K;POLR2E;POLR2J;POLR2F;POLR2H;RFC1;POLR2G;POLD2;POLD4;PPP6C;TERF2IP;RPA3,ECM-high Epithelial,Reactome
prerank,REACTOME_ACTIVATION_OF_BH3_ONLY_PROTEINS,-0.665214235095511,-1.1576501378097506,0.25,0.333171010973224,1.0,6/21,12.76%,DYNLL1;YWHAB;YWHAE;BAD;SFN;YWHAQ,ECM-high Epithelial,Reactome
prerank,REACTOME_TRANSPORT_OF_SMALL_MOLECULES,-0.6308698635737461,-1.1561989538970694,0.0,0.33681959651367316,1.0,88/299,21.05%,NPC2;RPS27A;UBA52;SLC25A5;GNG5;SLC25A6;FTH1;ATP6V0E1;SKP1;UBB;AQP3;ATP6V1G1;SMDT1;FTL;SLC34A2;CALM1;SEM1;CLTA;PSMA7;FXYD3;ATP6V0B;NEDD8;PSME1;UBC;PSMB1;ERLEC1;PSMB6;ARF1;ATP1B1;ATP6V1F;APOC1;SLC25A4;ATP1A1;GNB2;CA2;ABCA3;P4HB;PSMD8;EIF2S2;SRI;BSG;AP2S1;PHB2;ATP6V0D1;AQP1;PSMB5;SLC39A8;PRKAR1A;VDAC2;GNAS;PSMB2;PSMA4;ARL2;PSMA3;VDAC1;PSME2;AQP4;PHB1;PSMC5;TSC22D3;PSMA1;AP2M1;STOML2;STEAP4;LSR;ATP6V1E1;CYBRD1;ATP6V0C;SLC50A1;HDLBP;PSMB4;SLC6A14;PSMC3;LPL;SLC1A5;OS9;SLC3A2;PSMA5;PSMB7;SLCO4C1;SLC25A11;PSMD4;VCP;EIF2S3;ATP6AP1;SLC25A1;SCNN1A;LDLR,ECM-high Epithelial,Reactome
prerank,REACTOME_INTRINSIC_PATHWAY_FOR_APOPTOSIS,-0.64685284665101,-1.1558583417198196,0.23493975903614459,0.33691619569363057,1.0,9/33,14.52%,DYNLL1;YWHAB;YWHAE;C1QBP;CYCS;BAD;SFN;YWHAQ;BAX,ECM-high Epithelial,Reactome
prerank,REACTOME_INTRAFLAGELLAR_TRANSPORT,-0.6668479324761816,-1.155845747123113,0.2413793103448276,0.33602166508431147,1.0,8/26,20.39%,DYNLL1;TUBB4B;DYNLRB1;TUBA1B;TUBA1C;IFT57;IFT20;DYNC2I2,ECM-high Epithelial,Reactome
prerank,REACTOME_GENE_SILENCING_BY_RNA,-0.6583152039665574,-1.1550842265546424,0.1643002028397566,0.3375784036439721,1.0,12/38,21.20%,POLR2L;RAN;POLR2I;POLR2C;POLR2K;POLR2E;POLR2J;POLR2F;POLR2H;SEC13;POLR2G;NUP58,ECM-high Epithelial,Reactome
prerank,REACTOME_ACTIVATION_OF_NMDA_RECEPTORS_AND_POSTSYNAPTIC_EVENTS,-0.6539422055166018,-1.1550056249259177,0.2125506072874494,0.3368417410502855,1.0,7/33,10.32%,CALM1;TUBB4B;RAC1;NRGN;TUBA1B;PRKAR1A;TUBA1C,ECM-high Epithelial,Reactome
prerank,REACTOME_C_TYPE_LECTIN_RECEPTORS_CLRS,-0.6422968433521554,-1.1548303950212655,0.07414829659318638,0.3365463357401193,1.0,21/92,13.64%,RPS27A;UBA52;SKP1;UBB;MUC1;CALM1;NFKBIA;SEM1;PSMA7;PSME1;UBC;PSMB1;PSMB6;PSMD8;PSMB5;PSMB2;PSMA4;PSMA3;PSME2;PSMC5;PSMA1,ECM-high Epithelial,Reactome
prerank,REACTOME_GOLGI_ASSOCIATED_VESICLE_BIOGENESIS,-0.6379524522819549,-1.1544540945185156,0.18072289156626506,0.33685775747489105,1.0,11/45,15.33%,FTH1;VAMP8;FTL;CLTA;ARF1;HSPA8;NAPA;BLOC1S1;RAB5C;VAMP2;SNX5,ECM-high Epithelial,Reactome
prerank,REACTOME_P75_NTR_RECEPTOR_MEDIATED_SIGNALLING,-0.6410907585113328,-1.1542738527378948,0.13654618473895583,0.336548600930827,1.0,11/55,10.35%,RPS27A;UBA52;UBB;BEX3;NFKBIA;RHOA;UBC;RAC1;YWHAE;SQSTM1;BAD,ECM-high Epithelial,Reactome
prerank,REACTOME_METABOLISM_OF_STEROIDS,-0.6419726152960793,-1.1542323468425848,0.108,0.33573111655617643,1.0,25/78,17.50%,SUMO2;DHCR24;FASN;RAN;SCD;TSPO;FDPS;MSMO1;SCP2;EBP;IDI1;LGMN;SQLE;ACAT2;TM7SF2;FDFT1;INSIG1;PMVK;HSD17B11;HSD17B12;STARD3NL;MVD;DHCR7;UBE2I;HSD17B4,ECM-high Epithelial,Reactome
prerank,REACTOME_PYROPTOSIS,-0.6802496539075014,-1.1505568341749315,0.2957446808510638,0.34615379104758176,1.0,7/15,18.91%,HMGB1;CHMP2A;CYCS;BAX;CHMP4B;CHMP2B;CHMP3,ECM-high Epithelial,Reactome
prerank,REACTOME_MRNA_SPLICING,-0.630401736416174,-1.1504716831177864,0.032,0.34543614649626925,1.0,55/178,17.82%,POLR2L;UBL5;HNRNPA1;SNRPD2;PCBP2;YBX1;SNRPG;SAP18;PCBP1;SNU13;SF3B5;SNRPF;SF3B6;HSPA8;LSM7;HNRNPK;RBM8A;SNRPD3;SRSF5;LSM3;SNRPE;POLR2I;POLR2C;POLR2K;SRSF9;LSM5;SNRPB;SRSF3;POLR2E;POLR2J;SRSF7;SRRM1;POLR2F;SNRPD1;HNRNPF;SNRPB2;DNAJC8;LSM4;SNRPC;SYF2;SNRPN;BUD31;MAGOH;HNRNPA2B1;SRSF2;SF3B2;ZCRB1;TXNL4A;RBMX;HNRNPA3;FUS;SF1;POLR2H;RNPS1;PQBP1,ECM-high Epithelial,Reactome
prerank,REACTOME_SOMITOGENESIS,-0.6508718444266764,-1.1504045561029266,0.17706237424547283,0.3447629017480347,1.0,26/42,26.02%,SEM1;PSMA7;PSME1;PSMB1;PSMB6;PSMD8;PSMB5;PSMB2;PSMA4;PSMA3;PSME2;PSMC5;PSMA1;PSMB4;PSMC3;PSMA5;PSMB7;PSMD4;PSMA2;PSMB8;PSMC1;PSMD3;PSMD6;PSMC4;PSMF1;PSMD13,ECM-high Epithelial,Reactome
prerank,REACTOME_GLOBAL_GENOME_NUCLEOTIDE_EXCISION_REPAIR_GG_NER,-0.6488836149846047,-1.1495374534104401,0.136,0.3464794398457114,1.0,14/55,16.54%,RPS27A;UBA52;UBB;SUMO2;ACTB;UBC;RBX1;RAD23A;SUMO1;POLE4;GTF2H5;SUMO3;COPS6;UBE2I,ECM-high Epithelial,Reactome
prerank,REACTOME_S_PHASE,-0.637077869212909,-1.149464604232797,0.076,0.34588751519063415,1.0,46/102,26.02%,RPS27A;UBA52;SKP1;UBB;ANAPC11;SEM1;PSMA7;ANAPC16;PSME1;UBC;PSMB1;RBX1;PSMB6;PSMD8;PSMB5;PSMB2;POLE4;PSMA4;PSMA3;PSME2;PSMC5;PSMA1;CDK4;RAD21;PSMB4;PSMC3;RBBP4;PSMA5;PSMB7;CCND1;PSMD4;RFC1;POLD2;CDC26;POLD4;PSMA2;PSMB8;PSMC1;AKT1;PSMD3;PSMD6;PSMC4;RPA3;PSMF1;CKS1B;PSMD13,ECM-high Epithelial,Reactome
prerank,REACTOME_TRANSCRIPTIONAL_REGULATION_BY_RUNX2,-0.6415605055358915,-1.1483918127331012,0.11623246492985972,0.34844960959111654,1.0,30/79,20.57%,RPS27A;UBA52;SKP1;UBB;LGALS3;SEM1;PSMA7;PSME1;UBC;PSMB1;RBX1;PSMB6;PSMD8;PSMB5;STUB1;PSMB2;PSMA4;PSMA3;PSME2;PSMC5;PSMA1;BAX;CDK4;PSMB4;PSMC3;PSMA5;PSMB7;CCND1;PSMD4;BMP2,ECM-high Epithelial,Reactome
prerank,REACTOME_DNA_DOUBLE_STRAND_BREAK_REPAIR,-0.6456683234652913,-1.1481109986039821,0.15030060120240482,0.34841595763483724,1.0,17/56,21.80%,RPS27A;UBA52;UBB;SUMO2;SEM1;UBC;UBXN1;SUMO1;POLE4;XRCC6;PPP4C;UBE2I;SMARCA5;UBE2N;RFC1;POLD2;POLD4,ECM-high Epithelial,Reactome
prerank,REACTOME_BINDING_AND_UPTAKE_OF_LIGANDS_BY_SCAVENGER_RECEPTORS,-0.6513381821992636,-1.1478491341827803,0.29132231404958675,0.34820783475476447,1.0,5/21,8.95%,FTH1;FTL;SCGB3A2;CALR;HSP90B1,ECM-high Epithelial,Reactome
prerank,REACTOME_CELL_DEATH_SIGNALLING_VIA_NRAGE_NRIF_AND_NADE,-0.6420695070668568,-1.147249381651751,0.1706827309236948,0.3492698745823719,1.0,9/42,10.35%,RPS27A;UBA52;UBB;BEX3;UBC;RAC1;YWHAE;SQSTM1;BAD,ECM-high Epithelial,Reactome
prerank,REACTOME_SEPARATION_OF_SISTER_CHROMATIDS,-0.6364071451698002,-1.1468544396654268,0.056,0.3497206877306165,1.0,37/108,22.14%,RPS27;RPS27A;UBA52;UBB;ANAPC11;SEM1;DYNLL1;PSMA7;ANAPC16;PSME1;UBC;TUBB4B;PSMB1;PSMB6;PSMD8;TUBA1B;PSMB5;TUBA1C;PSMB2;PSMA4;PSMA3;PSME2;PSMC5;NUDC;PSMA1;RAD21;PSMB4;PSMC3;PPP2R1A;PPP1CC;PSMA5;PSMB7;PSMD4;SEC13;CDC26;PSMA2;PSMB8,ECM-high Epithelial,Reactome
prerank,REACTOME_RHOBTB2_GTPASE_CYCLE,-0.6515488138763925,-1.1466174427593667,0.2898550724637681,0.3496790389909807,1.0,12/22,26.20%,ACTG1;HSP90AB1;SRRM1;RHOBTB2;CCT6A;RBMX;CCT7;TXNL1;CDC37;CCT2;TRA2B;TWF1,ECM-high Epithelial,Reactome
prerank,REACTOME_REGULATION_OF_HSF1_MEDIATED_HEAT_SHOCK_RESPONSE,-0.6423512952102477,-1.1465431291309724,0.19838056680161945,0.3490205241090419,1.0,14/43,23.81%,UBB;ST13;HSPB1;HSPA8;RPS19BP1;YWHAE;HSPA5;BAG1;MRPL18;DNAJB1;SEC13;NUP58;HSPA9;HIKESHI,ECM-high Epithelial,Reactome
prerank,REACTOME_ENERGY_DEPENDENT_REGULATION_OF_MTOR_BY_LKB1_AMPK,-0.6700591486764064,-1.1459400372118393,0.25625,0.3500542977011893,1.0,6/19,18.24%,LAMTOR5;LAMTOR4;LAMTOR1;LAMTOR2;RHEB;RRAGA,ECM-high Epithelial,Reactome
prerank,REACTOME_ACTIVATION_OF_ANTERIOR_HOX_GENES_IN_HINDBRAIN_DEVELOPMENT_DURING_EARLY_EMBRYOGENESIS,-0.6466345800758169,-1.1455614147552566,0.23790322580645162,0.3504147510525426,1.0,11/34,17.79%,POLR2L;JUN;POLR2I;POLR2C;POLR2K;POLR2E;POLR2J;POLR2F;DPY30;POLR2H;RBBP4,ECM-high Epithelial,Reactome
prerank,REACTOME_PROTEIN_FOLDING,-0.6438714782122659,-1.1439060962229357,0.1646586345381526,0.3546814387159012,1.0,15/52,15.99%,GNG5;PFDN5;ACTB;TBCA;TUBB4B;GNB2;PFDN2;TUBA1B;TUBA1C;CSNK2B;ARL2;CCT6A;CCT8;CCT7;CCT3,ECM-high Epithelial,Reactome
prerank,REACTOME_CROSS_PRESENTATION_OF_SOLUBLE_EXOGENOUS_ANTIGENS_ENDOSOMES,-0.6490878703793223,-1.143567487259033,0.16901408450704225,0.35472979108775377,1.0,26/43,26.02%,SEM1;PSMA7;PSME1;PSMB1;PSMB6;PSMD8;PSMB5;PSMB2;PSMA4;PSMA3;PSME2;PSMC5;PSMA1;PSMB4;PSMC3;PSMA5;PSMB7;PSMD4;PSMA2;PSMB8;PSMC1;PSMD3;PSMD6;PSMC4;PSMF1;PSMD13,ECM-high Epithelial,Reactome
prerank,REACTOME_SIGNALING_BY_NOTCH4,-0.6397990885244116,-1.140457348319342,0.148,0.3639851797760426,1.0,36/64,26.02%,RPS27A;UBA52;SKP1;UBB;SEM1;PSMA7;PSME1;UBC;PSMB1;RBX1;PSMB6;PSMD8;PSMB5;PSMB2;PSMA4;PSMA3;PSME2;PSMC5;APH1A;PSMA1;PSMB4;PSMC3;PSENEN;PSMA5;PSMB7;PSMD4;PSMA2;PSMB8;PSMC1;YWHAZ;AKT1;PSMD3;PSMD6;PSMC4;PSMF1;PSMD13,ECM-high Epithelial,Reactome
prerank,REACTOME_REGULATION_OF_RAS_BY_GAPS,-0.6447387357419055,-1.1396093303051702,0.1566265060240964,0.3657579487535106,1.0,18/56,13.64%,RPS27A;UBA52;UBB;SEM1;PSMA7;PSME1;UBC;PSMB1;RBX1;PSMB6;PSMD8;PSMB5;PSMB2;PSMA4;PSMA3;PSME2;PSMC5;PSMA1,ECM-high Epithelial,Reactome
prerank,REACTOME_RHO_GTPASES_ACTIVATE_FORMINS,-0.6419926894534769,-1.1390998669735353,0.15461847389558234,0.3663680614348504,1.0,13/60,13.61%,RPS27;PFN1;ACTG1;ACTB;DYNLL1;RHOA;TUBB4B;RAC1;RHOB;TUBA1B;TUBA1C;NUDC;CDC42,ECM-high Epithelial,Reactome
prerank,REACTOME_TP53_REGULATES_TRANSCRIPTION_OF_CELL_DEATH_GENES,-0.6650887389790807,-1.1388179422002347,0.302713987473904,0.36628381443592795,1.0,7/19,22.26%,TMEM219;PRELID1;PERP;BNIP3L;BAX;TP53I3;RABGGTB,ECM-high Epithelial,Reactome
prerank,REACTOME_ANTIVIRAL_MECHANISM_BY_IFN_STIMULATED_GENES,-0.6340086076056934,-1.1382323222793596,0.132,0.36728466591339953,1.0,24/79,21.20%,RPS27A;UBA52;NPM1;UBB;UBC;TUBB4B;HSPA8;EIF4G2;EIF2S2;CENPX;EIF4A2;TUBA1B;SUMO1;TUBA1C;FAAP20;PIN1;ILF2;UBE2I;PPP2R1A;UBE2N;EIF4E2;SEC13;EIF2S3;NUP58,ECM-high Epithelial,Reactome
prerank,REACTOME_L1CAM_INTERACTIONS,-0.632888866176716,-1.1374218048183722,0.19879518072289157,0.3689967190804757,1.0,11/53,13.89%,ACTG1;ACTB;CLTA;TUBB4B;HSPA8;RAC1;AP2S1;TUBA1B;TUBA1C;CSNK2B;AP2M1,ECM-high Epithelial,Reactome
prerank,REACTOME_PARASITE_INFECTION,-0.6352742048938704,-1.1368378844472993,0.2150101419878296,0.37003807710613995,1.0,9/40,13.61%,ACTG1;ACTB;BRK1;ARPC3;ARPC2;RAC1;ARPC1B;ARPC5;CDC42,ECM-high Epithelial,Reactome
prerank,REACTOME_ANTI_INFLAMMATORY_RESPONSE_FAVOURING_LEISHMANIA_PARASITE_INFECTION,-0.644140714017523,-1.1361631269877372,0.2697768762677485,0.3712223198731369,1.0,5/30,10.56%,GNG5;CALM1;GNB2;PRKAR1A;GNAS,ECM-high Epithelial,Reactome
prerank,REACTOME_RNA_POLYMERASE_II_PRE_TRANSCRIPTION_EVENTS,-0.6360856773372228,-1.1353143909017809,0.182,0.3727200913643341,1.0,12/58,11.90%,POLR2L;ELOB;TCEA1;POLR2I;POLR2C;ELOC;POLR2K;POLR2E;POLR2J;POLR2F;GTF2A2;GTF2H5,ECM-high Epithelial,Reactome
prerank,REACTOME_CARGO_RECOGNITION_FOR_CLATHRIN_MEDIATED_ENDOCYTOSIS,-0.6392954850800805,-1.1342609106987678,0.182,0.3753141334447631,1.0,12/62,14.57%,RPS27A;UBA52;UBB;VAMP8;CLTA;NEDD8;UBC;AP2S1;AREG;VAMP2;AP2M1;CLTB,ECM-high Epithelial,Reactome
prerank,REACTOME_PLATELET_ACTIVATION_SIGNALING_AND_AGGREGATION,-0.6190835427428193,-1.1331389309498305,0.1,0.37814639506080183,1.0,21/128,9.82%,PPIA;GNG5;CD63;SERPINA1;PFN1;TMSB4X;SELENOP;ALDOA;CFL1;CALM1;SOD1;CD9;RHOA;TAGLN2;RAC1;GNB2;ANXA5;RHOB;HSPA5;APLP2;LGALS3BP,ECM-high Epithelial,Reactome
prerank,REACTOME_MITOTIC_G1_PHASE_AND_G1_S_TRANSITION,-0.6300425521263446,-1.1330915135902773,0.128,0.37737089026572745,1.0,40/87,26.04%,RPS27A;UBA52;SKP1;UBB;SEM1;PSMA7;PSME1;UBC;PSMB1;PSMB6;PSMD8;PSMB5;PSMB2;POLE4;PSMA4;PSMA3;PSME2;PSMC5;PSMA1;CDK4;PSMB4;PSMC3;RBBP4;PPP2R1A;PSMA5;PSMB7;CCND1;PSMD4;PSMA2;PSMB8;PSMC1;AKT1;PSMD3;PSMD6;PSMC4;RPA3;PSMF1;CKS1B;PSMD13;PPP2CB,ECM-high Epithelial,Reactome
prerank,REACTOME_ER_TO_GOLGI_ANTEROGRADE_TRANSPORT,-0.6262667413515532,-1.132662498077253,0.102,0.3777232052160754,1.0,28/99,16.16%,SERPINA1;FOLR1;CD59;DYNLL1;TRAPPC1;TUBB4B;KDELR1;COPE;ARF1;TMED2;ARF4;AREG;TUBA1B;KDELR2;TRAPPC2L;ARF5;TUBA1C;COPZ1;NAPA;TMED10;LMAN2;CNIH1;TMED9;RAB1B;DCTN3;TMED3;MCFD2;TRAPPC3,ECM-high Epithelial,Reactome
prerank,REACTOME_COOPERATION_OF_PDCL_PHLP1_AND_TRIC_CCT_IN_G_PROTEIN_BETA_FOLDING,-0.6656701476192171,-1.1322934723230973,0.29324894514767935,0.37801720233879066,1.0,10/20,23.46%,GNG5;GNB2;CSNK2B;CCT6A;CCT8;CCT7;CCT3;CCT4;CCT2;CCT5,ECM-high Epithelial,Reactome
prerank,REACTOME_RUNX1_REGULATES_TRANSCRIPTION_OF_GENES_INVOLVED_IN_DIFFERENTIATION_OF_HSCS,-0.6390164057446241,-1.1320654382354327,0.19,0.37783520121243847,1.0,17/54,13.64%,RPS27A;UBA52;UBB;SEM1;PSMA7;PSME1;UBC;PSMB1;PSMB6;PSMD8;PSMB5;PSMB2;PSMA4;PSMA3;PSME2;PSMC5;PSMA1,ECM-high Epithelial,Reactome
prerank,REACTOME_IRE1ALPHA_ACTIVATES_CHAPERONES,-0.6393186632702624,-1.1305377400930134,0.26104417670682734,0.3818810009791123,1.0,13/34,21.13%,SERP1;XBP1;MYDGF;HSPA5;ATP6V0D1;PDIA6;YIF1A;ACADVL;LMNA;HDGF;SRPRA;DNAJB9;SSR1,ECM-high Epithelial,Reactome
prerank,REACTOME_RHO_GTPASE_EFFECTORS,-0.6247270467459183,-1.128704019876484,0.078,0.38715434119588016,1.0,27/134,14.42%,RPS27;MYL12B;MYL6;PFN1;ACTG1;CFL1;CALM1;ACTB;DYNLL1;BRK1;RHOA;ARPC3;TUBB4B;YWHAB;ARPC2;RAC1;YWHAE;ARPC1B;RHOB;TUBA1B;TUBA1C;SFN;ARPC5;YWHAQ;NUDC;CDC42;S100A9,ECM-high Epithelial,Reactome
prerank,REACTOME_LATE_SARS_COV_2_INFECTION_EVENTS,-0.626424996731248,-1.127883992065172,0.2545090180360721,0.388801637609758,1.0,13/51,17.76%,RPS27A;UBA52;UBB;DAD1;UBC;SUMO1;RPN2;RPN1;CANX;DDOST;PRMT1;UBE2I;PRKCSH,ECM-high Epithelial,Reactome
prerank,REACTOME_ASPARAGINE_N_LINKED_GLYCOSYLATION,-0.6207696635098853,-1.1268677188744158,0.046,0.39115684386827915,1.0,46/182,16.16%,RPS27A;UBA52;SERPINA1;UBB;FOLR1;CD59;DAD1;DYNLL1;UBC;TRAPPC1;TUBB4B;KDELR1;COPE;ARF1;PMM1;CALR;TMED2;DPM3;ARF4;UBXN1;AREG;TUBA1B;KDELR2;TRAPPC2L;ARF5;TUBA1C;PDIA3;RPN2;DPM2;COPZ1;RPN1;NAPA;TMED10;LMAN2;CNIH1;NUDT14;TMED9;CANX;RAB1B;DCTN3;MLEC;MVD;TMED3;MCFD2;DDOST;TRAPPC3,ECM-high Epithelial,Reactome
prerank,REACTOME_APOPTOSIS,-0.6268692970280272,-1.1249327333213968,0.094,0.3964645485671832,1.0,28/114,14.52%,RPS27A;UBA52;UBB;HMGB1;SEM1;DYNLL1;PSMA7;PSME1;UBC;PSMB1;PSMB6;YWHAB;PSMD8;YWHAE;C1QBP;CYCS;PSMB5;BAD;PSMB2;SFN;PSMA4;BCAP31;PSMA3;PSME2;YWHAQ;PSMC5;PSMA1;BAX,ECM-high Epithelial,Reactome
prerank,REACTOME_COPII_MEDIATED_VESICLE_TRANSPORT,-0.6245799445249848,-1.1238767777442864,0.23742454728370221,0.3990663875805459,1.0,14/51,16.16%,SERPINA1;FOLR1;CD59;TRAPPC1;TMED2;AREG;TRAPPC2L;NAPA;TMED10;LMAN2;CNIH1;RAB1B;MCFD2;TRAPPC3,ECM-high Epithelial,Reactome
prerank,REACTOME_FATTY_ACID_METABOLISM,-0.630339733900824,-1.1234237928390618,0.17,0.39961040705939455,1.0,29/73,21.98%,DBI;GPX4;MID1IP1;FASN;SCD;SCP2;NDUFAB1;TECR;LTA4H;PON2;ECHS1;ALOX15B;FADS1;HSD17B12;SLC27A3;CBR1;HADHA;ACADVL;PON3;HSD17B4;PTGES3;HACD3;ACAA1;PHYH;HACD1;ACOT13;HADH;ELOVL1;ACAA2,ECM-high Epithelial,Reactome
prerank,REACTOME_METABOLISM_OF_CARBOHYDRATES,-0.6221320922957064,-1.1230672745616397,0.092,0.39987545438957994,1.0,20/121,13.43%,RPS27A;UBA52;GAPDH;TPI1;UBB;DCXR;ALDOA;ENO1;CALM1;TKT;UBC;SDC4;TALDO1;PGK1;PGLS;FBP1;CHP1;GALE;PGAM1;AKR1A1,ECM-high Epithelial,Reactome
prerank,REACTOME_RNA_POLYMERASE_II_TRANSCRIPTION_TERMINATION,-0.6294890848764529,-1.1229142822035143,0.2429718875502008,0.39929868962458603,1.0,15/52,17.62%,SNRPG;SNRPF;RBM8A;SNRPD3;SRSF5;SNRPE;SRSF9;SNRPB;SRSF3;SRSF7;SRRM1;MAGOH;SRSF2;THOC7;RNPS1,ECM-high Epithelial,Reactome
prerank,REACTOME_M_PHASE,-0.6159729669167375,-1.1221352986558002,0.048,0.40077728296057713,1.0,59/196,22.14%,RPS27;RPS27A;UBA52;UBB;ANAPC11;SEM1;DYNLL1;PSMA7;ANAPC16;PSME1;UBC;TUBB4B;RAN;PSMB1;MZT2B;PSMB6;SET;PSMD8;ENSA;CHMP2A;YWHAE;BANF1;TUBA1B;SUMO1;PSMB5;TUBA1C;SSNA1;CSNK2B;PSMB2;PSMA4;PSMA3;PSME2;PSMC5;NUDC;RAB1B;DCTN3;PSMA1;EMD;RAD21;CHMP4B;CHMP2B;RAB2A;UBE2I;PSMB4;PSMC3;LMNA;PPP2R1A;PPP1CC;CHMP3;MZT2A;PSMA5;PSMB7;PSMD4;SEC13;CTDNEP1;NUP58;CDC26;PSMA2;PSMB8,ECM-high Epithelial,Reactome
prerank,REACTOME_CELL_CYCLE_CHECKPOINTS,-0.6197206567503967,-1.1205797640354282,0.112,0.40500891109706644,1.0,50/127,27.17%,RPS27;RPS27A;UBA52;UBB;ANAPC11;SEM1;DYNLL1;PSMA7;ANAPC16;PSME1;UBC;PSMB1;PSMB6;YWHAB;PSMD8;YWHAE;PSMB5;PSMB2;SFN;PSMA4;PSMA3;PSME2;YWHAQ;PSMC5;NUDC;PSMA1;PSMB4;PSMC3;PPP2R1A;PPP1CC;PSMA5;PSMB7;UBE2N;PSMD4;SEC13;CDC26;PSMA2;PSMB8;PSMC1;YWHAZ;PSMD3;PSMD6;PSMC4;RPA3;PSMF1;PSMD13;PPP2CB;PPP2R5A;ANAPC15;YWHAH,ECM-high Epithelial,Reactome
prerank,REACTOME_DAP12_INTERACTIONS,-0.6475970884249223,-1.1177631278035134,0.3298538622129436,0.4132770091960134,1.0,4/18,14.04%,HLA-C;B2M;RAC1;HLA-E,ECM-high Epithelial,Reactome
prerank,REACTOME_SUMOYLATION_OF_RNA_BINDING_PROTEINS,-0.6359617388077592,-1.1164260673009776,0.30578512396694213,0.4165247442107851,1.0,6/26,21.20%,SUMO2;HNRNPK;SUMO1;UBE2I;SEC13;NUP58,ECM-high Epithelial,Reactome
prerank,REACTOME_PKR_MEDIATED_SIGNALING,-0.6290400329214194,-1.11582167575586,0.3192771084337349,0.41764707661347866,1.0,12/39,18.13%,NPM1;TUBB4B;HSPA8;EIF2S2;CENPX;TUBA1B;SUMO1;TUBA1C;FAAP20;ILF2;UBE2I;PPP2R1A,ECM-high Epithelial,Reactome
prerank,REACTOME_PROCESSING_OF_CAPPED_INTRON_CONTAINING_PRE_MRNA,-0.6090893591696755,-1.1148175844480517,0.052,0.4201848573415706,1.0,83/217,26.28%,POLR2L;UBL5;HNRNPA1;SNRPD2;PCBP2;YBX1;SNRPG;SAP18;PCBP1;SNU13;SF3B5;SNRPF;SF3B6;HSPA8;LSM7;HNRNPK;RBM8A;SNRPD3;SRSF5;LSM3;SNRPE;POLR2I;POLR2C;POLR2K;SRSF9;LSM5;SNRPB;SRSF3;POLR2E;POLR2J;SRSF7;SRRM1;POLR2F;SNRPD1;HNRNPF;SNRPB2;DNAJC8;LSM4;SNRPC;SYF2;SNRPN;BUD31;MAGOH;HNRNPA2B1;SRSF2;SF3B2;ZCRB1;TXNL4A;RBMX;HNRNPA3;THOC7;FUS;SF1;POLR2H;RNPS1;PQBP1;LSM8;CWC15;PUF60;SEC13;POLR2G;LSM6;NUP58;XAB2;PRPF8;IK;EIF4E;ZMAT2;DDX46;PRPF6;HNRNPD;HNRNPR;PHF5A;TRA2B;SRSF8;SRSF10;HNRNPH2;SRSF6;ZC3H11A;FAM50A;CCDC12;PTBP1;EIF4A3,ECM-high Epithelial,Reactome
prerank,REACTOME_PTEN_REGULATION,-0.6160770180805368,-1.1146021415961695,0.12,0.41985270561494353,1.0,34/112,20.24%,RPS27A;UBA52;UBB;LAMTOR5;LAMTOR4;SEM1;JUN;PSMA7;PSME1;UBC;PSMB1;PSMB6;LAMTOR1;PSMD8;EGR1;PSMB5;CSNK2B;STUB1;PSMB2;LAMTOR2;PSMA4;PSMA3;PSME2;PSMC5;RHEB;PSMA1;PSMB4;PSMC3;MAF1;RBBP4;RRAGA;PSMA5;PSMB7;PSMD4,ECM-high Epithelial,Reactome
prerank,REACTOME_MUSCLE_CONTRACTION,-0.6239846647820934,-1.113862712773915,0.232,0.42133698131301894,1.0,10/62,9.96%,MYL12B;MYL6;MYL12A;CALM1;FXYD3;ATP1B1;ATP1A1;ALDH2;SRI;CACNA2D2,ECM-high Epithelial,Reactome
prerank,REACTOME_RAC2_GTPASE_CYCLE,0.3090085314237658,1.1127813226752465,0.0,0.4158012039887873,0.946,9/57,6.08%,DOCK4;TRIO;ARHGAP26;DOCK1;ABR;ARHGAP21;DOCK10;ERBIN;ARHGAP42,ECM-high Epithelial,Reactome
prerank,REACTOME_MITF_M_REGULATED_MELANOCYTE_DEVELOPMENT,-0.6155462020723409,-1.1122649584820126,0.21442885771543085,0.4259316813022418,1.0,10/68,9.66%,HINT1;ATP6V0E1;ATP6V1G1;ACTB;ASAH1;ATP6V0B;MLPH;ATP6V1F;ID1;ATP6V0D1,ECM-high Epithelial,Reactome
prerank,REACTOME_CELL_SURFACE_INTERACTIONS_AT_THE_VASCULAR_WALL,-0.6232261738677503,-1.1119892841048455,0.26452905811623245,0.4257806990318193,1.0,13/49,19.54%,PPIA;CD74;MIF;SDC4;EPCAM;ATP1B1;BSG;CXADR;CD47;SDC1;CD44;ESAM;SLC3A2,ECM-high Epithelial,Reactome
prerank,REACTOME_TRANS_GOLGI_NETWORK_VESICLE_BUDDING,-0.6136794014146347,-1.1119434366407388,0.24,0.42487939846866846,1.0,13/57,15.33%,FTH1;VAMP8;FTL;CLTA;ARF1;HSPA8;CHMP2A;NAPA;BLOC1S1;RAB5C;VAMP2;CLTB;SNX5,ECM-high Epithelial,Reactome
prerank,REACTOME_IRS_MEDIATED_SIGNALLING,0.3787828131163943,1.1079831010835968,0.36363636363636365,0.41765658747300216,0.95,8/20,17.35%,SOS1;GAB1;GAB2;PIK3CB;PDE3B;FRS2;PIK3C3;PIK3R1,ECM-high Epithelial,Reactome
prerank,REACTOME_COSTIMULATION_BY_THE_CD28_FAMILY,-0.615994741046215,-1.107434627249878,0.3299595141700405,0.4389314803955118,1.0,5/33,7.40%,HLA-DRA;HLA-DRB1;HLA-DRB5;HLA-DQB1;RAC1,ECM-high Epithelial,Reactome
prerank,REACTOME_METABOLISM_OF_NUCLEOTIDES,-0.6187216573428252,-1.1062454357570355,0.2655935613682093,0.44219378119252084,1.0,15/44,18.63%,TXN;AK1;APRT;GUK1;NME3;NME2;NUDT16;IMPDH2;DNPH1;DUT;AK2;NUDT5;CMPK1;NT5C;DGUOK,ECM-high Epithelial,Reactome
prerank,REACTOME_DEATH_RECEPTOR_SIGNALING,-0.6130525445907339,-1.1045565211291426,0.198,0.44696273234151174,1.0,13/83,11.00%,RPS27A;UBA52;RACK1;UBB;BEX3;NFKBIA;RHOA;UBC;RAC1;YWHAE;SQSTM1;BAD;STUB1,ECM-high Epithelial,Reactome
prerank,REACTOME_TP53_REGULATES_TRANSCRIPTION_OF_CELL_CYCLE_GENES,-0.6365970480312818,-1.1029210083581522,0.32854209445585214,0.4514210135999934,1.0,7/25,22.32%,NPM1;SFN;BAX;BTG2;PRMT1;CNOT7;CNOT8,ECM-high Epithelial,Reactome
prerank,REACTOME_INTEGRATION_OF_ENERGY_METABOLISM,-0.6180850605529125,-1.1028332851242393,0.276,0.4507518453344844,1.0,12/44,18.13%,GNG5;TKT;FASN;TALDO1;GNB2;ADIPOR1;CACNA2D2;PRKAR1A;GNAS;VAMP2;MLX;PPP2R1A,ECM-high Epithelial,Reactome
prerank,REACTOME_SIGNALING_BY_BMP,0.4221122964035475,1.102670984449223,0.3333333333333333,0.41943624101908583,0.956,4/15,8.04%,BMPR2;SMURF1;SMURF2;BMPR1A,ECM-high Epithelial,Reactome
prerank,REACTOME_PEPTIDE_HORMONE_METABOLISM,-0.6179401443491218,-1.102522840691625,0.3813387423935091,0.450861417868473,1.0,10/27,18.19%,SPCS1;SEC11C;SEC11A;P4HB;SPCS2;VAMP2;CPB2;CTSD;ATP6AP2;SPCS3,ECM-high Epithelial,Reactome
prerank,REACTOME_CYTOKINE_SIGNALING_IN_IMMUNE_SYSTEM,-0.6007601824790986,-1.1015134271310345,0.034,0.4534014696340032,1.0,85/376,17.37%,RPS27A;UBA52;PPIA;RPLP0;NPM1;IFITM3;ELOB;HLA-DRA;SKP1;UBB;MIF;MUC1;YBX1;HLA-DRB1;HLA-C;CFL1;IFITM2;FOS;NFKBIA;SOD1;B2M;CEBPD;HMGB1;SEM1;JUN;PSMA7;PSME1;UBC;TUBB4B;PSMB1;RBX1;HLA-A;JUNB;PSMB6;HLA-DRB5;ARF1;HSPA8;HLA-DQB1;TALDO1;EIF4G2;P4HB;PSMD8;EIF2S2;CXCL2;RNF7;CENPX;EGR1;SQSTM1;HSP90B1;CSF3R;ELOC;EIF4A2;TUBA1B;SUMO1;PSMB5;TUBA1C;MAOA;PSMB2;HNRNPF;HNRNPDL;PSMA4;PSMA3;PSME2;FAAP20;PSMC5;CANX;DUSP6;CNN2;CDC42;PSMA1;VAMP2;HLA-E;IFITM1;HNRNPA2B1;SOCS3;PIN1;ILF2;MCL1;MT2A;GSTO1;UBE2I;PSMB4;PSMC3;SDC1;TNFRSF12A,ECM-high Epithelial,Reactome
prerank,REACTOME_NUCLEAR_EVENTS_KINASE_AND_TRANSCRIPTION_FACTOR_ACTIVATION,-0.6189593413070843,-1.1014699463721251,0.33468559837728196,0.4524341460646591,1.0,12/34,18.16%,FOS;JUNB;ID1;EGR1;FOSB;DUSP6;JUND;F3;ID3;ID4;PPP2R1A;TRIB1,ECM-high Epithelial,Reactome
prerank,REACTOME_SIGNALING_BY_WNT,-0.6065804193339716,-1.100071095322457,0.12,0.45621411215043883,1.0,33/153,14.57%,RPS27A;UBA52;GNG5;SKP1;UBB;PFN1;CALM1;SEM1;CLTA;PSMA7;RHOA;WIF1;PSME1;UBC;PSMB1;RBX1;PSMB6;RAC1;GNB2;PSMD8;AP2S1;SNX3;PSMB5;CSNK2B;PSMB2;PSMA4;PSMA3;PSME2;PSMC5;PSMA1;AP2M1;VPS29;CLTB,ECM-high Epithelial,Reactome
prerank,REACTOME_GOLGI_TO_ER_RETROGRADE_TRANSPORT,-0.6123953148707382,-1.0980470450530868,0.22645290581162325,0.46208442669652955,1.0,20/70,16.48%,DYNLL1;TUBB4B;KDELR1;COPE;ARF1;TMED2;ARF4;TUBA1B;KDELR2;ARF5;TUBA1C;COPZ1;NAPA;TMED10;TMED9;KIF22;RAB1B;DCTN3;TMED3;SURF4,ECM-high Epithelial,Reactome
prerank,REACTOME_NETRIN_1_SIGNALING,0.3655325174074376,1.097411022703413,0.3,0.41839092872570194,0.958,7/20,8.94%,TRIO;DOCK1;FYN;SLIT2;PTK2;ROBO1;ABLIM1,ECM-high Epithelial,Reactome
prerank,REACTOME_RECRUITMENT_OF_NUMA_TO_MITOTIC_CENTROSOMES,-0.612488168622729,-1.0964679547338032,0.3192771084337349,0.4665379491198654,1.0,10/40,19.07%,DYNLL1;TUBB4B;MZT2B;YWHAE;TUBA1B;TUBA1C;SSNA1;DCTN3;PPP2R1A;MZT2A,ECM-high Epithelial,Reactome
prerank,REACTOME_SIGNALING_BY_INTERLEUKINS,-0.598143209427145,-1.0942612659935755,0.116,0.47314266658780285,1.0,63/239,20.24%,RPS27A;UBA52;PPIA;RPLP0;SKP1;UBB;MIF;MUC1;CFL1;FOS;NFKBIA;SOD1;CEBPD;HMGB1;SEM1;JUN;PSMA7;PSME1;UBC;PSMB1;RBX1;JUNB;PSMB6;ARF1;HSPA8;TALDO1;P4HB;PSMD8;CXCL2;SQSTM1;HSP90B1;CSF3R;PSMB5;MAOA;PSMB2;HNRNPF;HNRNPDL;PSMA4;PSMA3;PSME2;PSMC5;CANX;DUSP6;CNN2;CDC42;PSMA1;VAMP2;HNRNPA2B1;SOCS3;MCL1;GSTO1;PSMB4;PSMC3;SDC1;PPP2R1A;STXBP2;CISH;PSMA5;ICAM1;PSMB7;CCND1;UBE2N;PSMD4,ECM-high Epithelial,Reactome
prerank,REACTOME_SARS_COV_1_TARGETS_HOST_INTRACELLULAR_SIGNALLING_AND_REGULATORY_PATHWAYS,-0.6417643236397224,-1.0939678624551765,0.4008438818565401,0.4731718733747096,1.0,5/16,16.54%,YWHAB;YWHAE;SFN;YWHAQ;UBE2I,ECM-high Epithelial,Reactome
prerank,REACTOME_SIGNALING_BY_TGF_BETA_RECEPTOR_COMPLEX,-0.6176479855843807,-1.092148058367568,0.2545090180360721,0.47822538204499565,1.0,11/73,11.41%,RPS27A;UBA52;UBB;YBX1;RHOA;NEDD8;UBC;JUNB;PPP1CA;STUB1;FKBP1A,ECM-high Epithelial,Reactome
prerank,REACTOME_TRANSPORT_TO_THE_GOLGI_AND_SUBSEQUENT_MODIFICATION,-0.6022029770651255,-1.0903988223104748,0.228,0.4835356767543091,1.0,28/113,16.16%,SERPINA1;FOLR1;CD59;DYNLL1;TRAPPC1;TUBB4B;KDELR1;COPE;ARF1;TMED2;ARF4;AREG;TUBA1B;KDELR2;TRAPPC2L;ARF5;TUBA1C;COPZ1;NAPA;TMED10;LMAN2;CNIH1;TMED9;RAB1B;DCTN3;TMED3;MCFD2;TRAPPC3,ECM-high Epithelial,Reactome
prerank,REACTOME_FATTY_ACYL_COA_BIOSYNTHESIS,-0.6366755061867683,-1.0901664298859797,0.38253638253638256,0.48318754162864974,1.0,8/18,21.40%,FASN;SCD;TECR;HSD17B12;SLC27A3;HACD3;HACD1;ELOVL1,ECM-high Epithelial,Reactome
prerank,REACTOME_DNA_REPAIR,-0.6050269532358291,-1.089805225100551,0.18,0.48342068744189265,1.0,40/141,21.80%,RPS27A;UBA52;POLR2L;UBB;SUMO2;ACTB;SEM1;UBC;RBX1;TCEA1;CENPX;UBXN1;POLR2I;POLR2C;POLR2K;RAD23A;SUMO1;POLR2E;POLR2J;POLR2F;POLE4;GTF2H5;FAAP20;APEX1;XRCC6;SUMO3;PPP4C;COPS6;UBE2I;POLR2H;SMARCA5;MPG;UBE2B;UBE2N;VCP;RFC1;POLR2G;POLD2;XAB2;POLD4,ECM-high Epithelial,Reactome
prerank,REACTOME_PROGRAMMED_CELL_DEATH,-0.6053799384246693,-1.089643765648739,0.172,0.48289451381206716,1.0,52/138,25.54%,RPS27A;UBA52;UBB;HMGB1;SEM1;DYNLL1;PSMA7;PSME1;UBC;PSMB1;PSMB6;YWHAB;PSMD8;CHMP2A;YWHAE;C1QBP;CYCS;PSMB5;BAD;STUB1;PSMB2;SFN;PSMA4;BCAP31;PSMA3;PSME2;YWHAQ;PSMC5;PSMA1;BAX;CHMP4B;CHMP2B;PSMB4;PSMC3;UBE2L3;LMNA;CHMP3;PSMA5;PSMB7;PSMD4;CDC37;PSMA2;PSMB8;OCLN;PSMC1;YWHAZ;VIM;AKT1;PSMD3;PSMD6;PSMC4;PSMF1,ECM-high Epithelial,Reactome
prerank,REACTOME_UNFOLDED_PROTEIN_RESPONSE_UPR,-0.6109121697126045,-1.088857793273376,0.264,0.4845333755186482,1.0,21/64,21.13%,SERP1;XBP1;CALR;MYDGF;EIF2S2;ATF4;HSP90B1;HSPA5;ATP6V0D1;PDIA6;YIF1A;HERPUD1;ACADVL;CREB3L1;LMNA;HDGF;CEBPB;SRPRA;EIF2S3;DNAJB9;SSR1,ECM-high Epithelial,Reactome
prerank,REACTOME_HCMV_LATE_EVENTS,-0.6148372725306268,-1.0885378739986147,0.3724696356275304,0.48436524200175957,1.0,11/34,23.78%,CEBPD;VPS28;HNRNPK;CHMP2A;CHMP4B;CHMP2B;CHMP3;SEC13;NUP58;SNF8;VPS25,ECM-high Epithelial,Reactome
prerank,REACTOME_SIGNALING_BY_FGFR_IN_DISEASE,-0.6137744664894379,-1.0847603889330881,0.3588709677419355,0.49646278890922213,1.0,7/39,10.91%,POLR2L;POLR2I;POLR2C;POLR2K;POLR2E;POLR2J;POLR2F,ECM-high Epithelial,Reactome
prerank,REACTOME_UB_SPECIFIC_PROCESSING_PROTEASES,-0.6003427003708932,-1.084430094326456,0.218,0.49639109313967544,1.0,42/112,26.02%,RPS27A;UBA52;UBB;NFKBIA;SEM1;PSMA7;PSME1;UBC;TOMM20;PSMB1;PSMB6;PSMD8;SNX3;PSMB5;VDAC2;FKBP8;PSMB2;PSMA4;PSMA3;VDAC1;PSME2;PSMC5;PSMA1;USP16;PSMB4;PSMC3;ADRM1;OTUB1;PSMA5;PSMB7;PSMD4;PSMA2;TAF10;PSMB8;PSMC1;PSMD3;VDAC3;PSMD6;PSMC4;PSMF1;MAT2B;PSMD13,ECM-high Epithelial,Reactome
prerank,REACTOME_ESTROGEN_DEPENDENT_GENE_EXPRESSION,-0.6023694307012764,-1.084263710399238,0.312,0.4958496743772961,1.0,21/63,20.72%,POLR2L;FOS;JUN;HSP90AB1;POLR2I;POLR2C;POLR2K;POLR2E;POLR2J;FOSB;POLR2F;GTF2A2;JUND;EBAG9;CTSD;RAD21;PRMT1;POLR2H;PTGES3;CCND1;POLR2G,ECM-high Epithelial,Reactome
prerank,REACTOME_CELL_CYCLE,-0.590108460791909,-1.080828312508791,0.106,0.5066760135286048,1.0,87/319,22.14%,RPS27;RPS27A;UBA52;POLR2L;NPM1;SKP1;UBB;ANAPC11;NOP10;SEM1;DYNLL1;PSMA7;ANAPC16;PSME1;UBC;TUBB4B;RAN;PSMB1;MZT2B;RBX1;PSMB6;YWHAB;HSP90AB1;SET;PSMD8;ENSA;CHMP2A;YWHAE;CENPX;BANF1;POLR2I;POLR2C;NHP2;POLR2K;TUBA1B;SUMO1;PSMB5;POLR2E;TUBA1C;SSNA1;POLR2J;POLR2F;CSNK2B;PSMB2;SFN;POLE4;PSMA4;PSMA3;PSME2;YWHAQ;PSMC5;NUDC;RAB1B;DCTN3;PSMA1;EMD;CDK4;RAD21;CHMP4B;CHMP2B;RAB2A;UBE2I;PSMB4;PSMC3;POLR2H;LMNA;RBBP4;SMARCA5;PPP2R1A;PPP1CC;CHMP3;MZT2A;PSMA5;PSMB7;CCND1;UBE2N;PSMD4;SEC13;CTDNEP1;RFC1;POLR2G;NUP58;POLD2;CDC26;POLD4;PSMA2;PSMB8,ECM-high Epithelial,Reactome
prerank,REACTOME_FCGAMMA_RECEPTOR_FCGR_DEPENDENT_PHAGOCYTOSIS,-0.6010883275557977,-1.0808272261493148,0.321285140562249,0.5055234343421869,1.0,12/57,13.61%,ACTG1;CFL1;ACTB;BRK1;ARPC3;PLD3;HSP90AB1;ARPC2;RAC1;ARPC1B;ARPC5;CDC42,ECM-high Epithelial,Reactome
prerank,REACTOME_MATERNAL_TO_ZYGOTIC_TRANSITION_MZT,-0.6110689640935741,-1.0777583403483506,0.3797979797979798,0.5152143568709409,1.0,14/37,27.23%,RPS2;PABPC1;EIF4B;ELOC;EIF4A2;PAIP2;CNOT7;PAIP1;CNOT8;EIF4E;EIF4A1;EIF4A3;EIF4G1;METTL23,ECM-high Epithelial,Reactome
prerank,REACTOME_DRUG_ADME,-0.6063126833825931,-1.0771409244748775,0.36863543788187375,0.5163093654551129,1.0,9/30,19.88%,GSTP1;GUK1;RAC1;BSG;NME2;IMPDH2;PON3;SULT1A1;CNDP2,ECM-high Epithelial,Reactome
prerank,REACTOME_CARDIAC_CONDUCTION,-0.6177105435515301,-1.0767980393223862,0.35294117647058826,0.5161894548742142,1.0,6/33,9.96%,CALM1;FXYD3;ATP1B1;ATP1A1;SRI;CACNA2D2,ECM-high Epithelial,Reactome
prerank,REACTOME_DEADENYLATION_OF_MRNA,-0.6314424478805262,-1.0764676021814132,0.4095634095634096,0.5162162894672475,1.0,10/21,27.05%,PABPC1;EIF4B;EIF4A2;CNOT7;PAIP1;CNOT8;EIF4E;EIF4A1;EIF4A3;EIF4G1,ECM-high Epithelial,Reactome
prerank,REACTOME_SIGNALING_BY_BRAF_AND_RAF1_FUSIONS,-0.5978999793738488,-1.0752489104830367,0.3793103448275862,0.5193313334736422,1.0,5/43,6.41%,PEBP1;ACTG1;CALM1;ACTB;YWHAB,ECM-high Epithelial,Reactome
prerank,REACTOME_G_ALPHA_Z_SIGNALLING_EVENTS,-0.6365065849442643,-1.0738993891887787,0.4069264069264069,0.5226485825827908,1.0,3/17,10.56%,GNG5;GNB2;GNAS,ECM-high Epithelial,Reactome
prerank,REACTOME_TCF_DEPENDENT_SIGNALING_IN_RESPONSE_TO_WNT,-0.5930309802068001,-1.0686666793186095,0.296,0.5396511053045973,1.0,38/106,26.04%,RPS27A;UBA52;UBB;SEM1;PSMA7;WIF1;PSME1;UBC;PSMB1;RBX1;PSMB6;PSMD8;PSMB5;CSNK2B;PSMB2;PSMA4;PSMA3;PSME2;PSMC5;PSMA1;PSMB4;PSMC3;PPP2R1A;PSMA5;PSMB7;CTNNBIP1;PSMD4;PSMA2;PSMB8;PSMC1;YWHAZ;AKT1;PSMD3;PSMD6;PSMC4;PSMF1;PSMD13;PPP2CB,ECM-high Epithelial,Reactome
prerank,REACTOME_CELL_CYCLE_MITOTIC,-0.5847305785966928,-1.067893001904526,0.158,0.5411278250024917,1.0,69/254,22.14%,RPS27;RPS27A;UBA52;SKP1;UBB;ANAPC11;SEM1;DYNLL1;PSMA7;ANAPC16;PSME1;UBC;TUBB4B;RAN;PSMB1;MZT2B;RBX1;PSMB6;HSP90AB1;SET;PSMD8;ENSA;CHMP2A;YWHAE;BANF1;TUBA1B;SUMO1;PSMB5;TUBA1C;SSNA1;CSNK2B;PSMB2;POLE4;PSMA4;PSMA3;PSME2;PSMC5;NUDC;RAB1B;DCTN3;PSMA1;EMD;CDK4;RAD21;CHMP4B;CHMP2B;RAB2A;UBE2I;PSMB4;PSMC3;LMNA;RBBP4;PPP2R1A;PPP1CC;CHMP3;MZT2A;PSMA5;PSMB7;CCND1;PSMD4;SEC13;CTDNEP1;RFC1;NUP58;POLD2;CDC26;POLD4;PSMA2;PSMB8,ECM-high Epithelial,Reactome
prerank,REACTOME_ADAPTIVE_IMMUNE_SYSTEM,-0.5822784551970308,-1.0674110943771213,0.136,0.5415818364469485,1.0,71/367,15.30%,RPS27A;UBA52;PPIA;CTSH;SFTPD;CD74;SEC61B;SEC61G;ELOB;HLA-DRA;SKP1;UBB;VAMP8;HLA-DRB1;HLA-C;CALM1;ANAPC11;NFKBIA;B2M;HMGB1;SEM1;CLTA;DYNLL1;PSMA7;PSME1;UBC;TUBB4B;PSMB1;RBX1;HLA-A;PSMB6;HLA-DRB5;ARF1;YWHAB;CALR;HLA-DQB1;RAC1;PSMD8;RNF7;CD81;C3;AP2S1;HLA-DMA;ELOC;HSPA5;TUBA1B;PSMB5;TUBA1C;PDIA3;LGMN;STUB1;PSMB2;FKBP1A;PSMA4;BCAP31;PSMA3;PSME2;PSMC5;KIF22;CANX;DCTN3;CDC42;PSMA1;AP2M1;HLA-E;IFITM1;ANAPC13;S100A9;CTSD;SOCS3;CXADR,ECM-high Epithelial,Reactome
prerank,REACTOME_SUMOYLATION_OF_TRANSCRIPTION_COFACTORS,-0.6037959909710334,-1.0671348971782668,0.42424242424242425,0.541357932438691,1.0,6/32,16.54%,NPM1;SUMO2;PARK7;SUMO1;SUMO3;UBE2I,ECM-high Epithelial,Reactome
prerank,REACTOME_CELL_CELL_COMMUNICATION,-0.5872511312418252,-1.0657463683690582,0.3246492985971944,0.5449263757693379,1.0,9/73,7.32%,SFTPA2;SFTPD;SFTPA1;ACTG1;ACTB;CLDN4;CLDN18;CLDN7;CD151,ECM-high Epithelial,Reactome
prerank,REACTOME_SIGNALING_BY_NUCLEAR_RECEPTORS,-0.5856673004006611,-1.06464513925169,0.278,0.5478224865064781,1.0,26/131,15.00%,POLR2L;GNG5;FABP5;CALM1;SDR16C5;FOS;JUN;FASN;SCD;HSPB1;APOC1;HSP90AB1;GNB2;AREG;POLR2I;POLR2C;POLR2K;POLR2E;POLR2J;FOSB;POLR2F;GTF2A2;JUND;EBAG9;CTSD;RAD21,ECM-high Epithelial,Reactome
prerank,REACTOME_TRANSCRIPTIONAL_AND_POST_TRANSLATIONAL_REGULATION_OF_MITF_M_EXPRESSION_AND_ACTIVITY,-0.6188652657482906,-1.0612993848215628,0.43776824034334766,0.5584390516057494,1.0,2/16,6.66%,HINT1;ID1,ECM-high Epithelial,Reactome
prerank,REACTOME_MAPK_TARGETS_NUCLEAR_EVENTS_MEDIATED_BY_MAP_KINASES,-0.6130904021904883,-1.0593772771620575,0.4602510460251046,0.5638903855836992,1.0,4/20,18.13%,FOS;JUN;DUSP6;PPP2R1A,ECM-high Epithelial,Reactome
prerank,REACTOME_ESR_MEDIATED_SIGNALING,-0.5830872040652187,-1.056506875383972,0.34,0.5729899327002054,1.0,24/101,18.43%,POLR2L;GNG5;CALM1;FOS;JUN;HSPB1;HSP90AB1;GNB2;AREG;POLR2I;POLR2C;POLR2K;POLR2E;POLR2J;FOSB;POLR2F;GTF2A2;JUND;EBAG9;CTSD;RAD21;PRMT1;POLR2H;PTGES3,ECM-high Epithelial,Reactome
prerank,REACTOME_REGULATION_OF_CHOLESTEROL_BIOSYNTHESIS_BY_SREBP_SREBF,-0.5926767846208819,-1.0554614544582108,0.4386317907444668,0.5753432307805808,1.0,12/43,16.27%,FASN;RAN;SCD;FDPS;IDI1;SQLE;TM7SF2;FDFT1;INSIG1;PMVK;MVD;DHCR7,ECM-high Epithelial,Reactome
prerank,REACTOME_EXPORT_OF_VIRAL_RIBONUCLEOPROTEINS_FROM_NUCLEUS,-0.6217231885910641,-1.053768878026988,0.4672489082969432,0.5801493104863308,1.0,3/16,21.20%,RAN;SEC13;NUP58,ECM-high Epithelial,Reactome
prerank,REACTOME_MITOTIC_SPINDLE_CHECKPOINT,-0.5946470316139708,-1.053238125219178,0.41935483870967744,0.5807355300111866,1.0,4/48,5.00%,RPS27;ANAPC11;DYNLL1;ANAPC16,ECM-high Epithelial,Reactome
prerank,REACTOME_RHOH_GTPASE_CYCLE,-0.5966239721228358,-1.0522589263661462,0.4444444444444444,0.5830927919369588,1.0,10/27,24.93%,TMEM59;LAMTOR1;TUBA1B;ARHGDIA;SLC1A5;VCP;VAMP3;ARHGDIB;RAB7A;NIPSNAP2,ECM-high Epithelial,Reactome
prerank,REACTOME_POTENTIAL_THERAPEUTICS_FOR_SARS,-0.5788601856342029,-1.04964249368148,0.396,0.5909464994718066,1.0,11/65,13.89%,SAP18;FXYD3;RBX1;ATP1B1;HSP90AB1;ATP1A1;COMT;AP2S1;FKBP1A;IMPDH2;AP2M1,ECM-high Epithelial,Reactome
prerank,REACTOME_SIGNALING_BY_NOTCH,-0.5817600040198618,-1.0495765215107233,0.344,0.5898963621369632,1.0,24/116,13.64%,RPS27A;UBA52;SKP1;UBB;YBX1;SEM1;JUN;PSMA7;PSME1;UBC;PSMB1;RBX1;PSMB6;TMED2;PSMD8;ELF3;PSMB5;PSMB2;PSMA4;PSMA3;PSME2;PSMC5;APH1A;PSMA1,ECM-high Epithelial,Reactome
prerank,REACTOME_MAPK_FAMILY_SIGNALING_CASCADES,-0.5772828827613027,-1.0467511247286576,0.306,0.5982710867530071,1.0,33/169,13.64%,RPS27A;UBA52;PEBP1;UBB;ACTG1;CALM1;ACTB;SEM1;JUN;PSMA7;PSME1;UBC;PSMB1;RBX1;HSPB1;PSMB6;YWHAB;RAC1;PSMD8;DUSP1;AREG;PSMB5;PSMB2;LAMTOR2;PSMA4;ARL2;PSMA3;PSME2;PHB1;PSMC5;DUSP6;CDC42;PSMA1,ECM-high Epithelial,Reactome
prerank,REACTOME_NEDDYLATION,-0.5787341297412824,-1.0466827402523253,0.328,0.5971895915830236,1.0,41/145,23.37%,RPS27A;UBA52;ELOB;SKP1;UBB;COMMD6;SEM1;PSMA7;NEDD8;PSME1;UBC;PSMB1;RBX1;PSMB6;PSMD8;RNF7;SQSTM1;ELOC;PSMB5;PSMB2;PSMA4;PSMA3;PSME2;PSMC5;PSMA1;SOCS3;COPS6;PSMB4;PSMC3;CISH;PSMA5;PSMB7;PSMD4;VCP;COMMD4;FBXL15;PSMA2;PSMB8;UBE2D2;PSMC1;FBXO9,ECM-high Epithelial,Reactome
prerank,REACTOME_DEUBIQUITINATION,-0.5757693441437802,-1.0464041721227457,0.324,0.5968561058233747,1.0,27/160,13.64%,RPS27A;UBA52;UBB;ACTB;NFKBIA;SEM1;PSMA7;RHOA;NEDD8;PSME1;UBC;TOMM20;PSMB1;PSMB6;PSMD8;SNX3;RAD23A;PSMB5;VDAC2;FKBP8;PSMB2;PSMA4;PSMA3;VDAC1;PSME2;PSMC5;PSMA1,ECM-high Epithelial,Reactome
prerank,REACTOME_DISEASES_OF_MITOTIC_CELL_CYCLE,-0.6002239998950482,-1.0455446096923169,0.47401247401247404,0.5983664027310532,1.0,5/23,21.78%,ANAPC11;ANAPC16;CDK4;CCND1;CDC26,ECM-high Epithelial,Reactome
prerank,REACTOME_CLASS_I_MHC_MEDIATED_ANTIGEN_PROCESSING_PRESENTATION,-0.5742288849924478,-1.0455201572064847,0.292,0.5971564031509262,1.0,39/216,14.42%,RPS27A;UBA52;SEC61B;SEC61G;ELOB;SKP1;UBB;VAMP8;HLA-C;ANAPC11;B2M;HMGB1;SEM1;PSMA7;PSME1;UBC;PSMB1;RBX1;HLA-A;PSMB6;CALR;PSMD8;RNF7;ELOC;HSPA5;PSMB5;PDIA3;STUB1;PSMB2;PSMA4;BCAP31;PSMA3;PSME2;PSMC5;CANX;PSMA1;HLA-E;ANAPC13;S100A9,ECM-high Epithelial,Reactome
prerank,REACTOME_SENSORY_PROCESSING_OF_SOUND,-0.5930366357877165,-1.0441289076465765,0.4876543209876543,0.6007004477273058,1.0,4/24,13.88%,ACTG1;ACTB;CACNA2D2;VAMP2,ECM-high Epithelial,Reactome
prerank,REACTOME_REGULATION_OF_PTEN_GENE_TRANSCRIPTION,-0.5824873197114063,-1.042356789295794,0.4738955823293173,0.6053743233025588,1.0,10/45,18.24%,LAMTOR5;LAMTOR4;JUN;LAMTOR1;EGR1;LAMTOR2;RHEB;MAF1;RBBP4;RRAGA,ECM-high Epithelial,Reactome
prerank,REACTOME_TBC_RABGAPS,-0.5901478141050461,-1.0420864695998697,0.48140495867768596,0.6050031602791262,1.0,5/26,13.51%,GABARAPL2;GABARAP;MAP1LC3B;RAB11B;RAB5C,ECM-high Epithelial,Reactome
prerank,REACTOME_GLYCEROPHOSPHOLIPID_BIOSYNTHESIS,-0.5859761127495643,-1.039629431248251,0.4589178356713427,0.6122832279367247,1.0,20/60,26.94%,PLA2G1B;AGPAT2;MFSD2A;PLD3;LPCAT1;STARD10;CSNK2B;CPNE3;PLA2G4F;HADHA;PLA2G10;PTPMT1;PNPLA2;PCYT2;CHPT1;CDS1;CDIPT;PLA2G12A;CRLS1;STARD7,ECM-high Epithelial,Reactome
prerank,REACTOME_ACTIVATION_OF_GENE_EXPRESSION_BY_SREBF_SREBP,-0.589007033843224,-1.0392010642869025,0.4707070707070707,0.6124973006548883,1.0,12/32,20.90%,FASN;SCD;FDPS;IDI1;SQLE;TM7SF2;FDFT1;PMVK;MVD;DHCR7;HMGCS1;SC5D,ECM-high Epithelial,Reactome
prerank,REACTOME_PHASE_I_FUNCTIONALIZATION_OF_COMPOUNDS,-0.5853430259169559,-1.0383875703915828,0.4530612244897959,0.6141207441828898,1.0,12/29,24.75%,EPHX1;HSP90AB1;ALDH2;ADH5;MAOA;CYB5R3;PTGES3;FDX1;AIP;ALDH1A1;CYP4B1;POR,ECM-high Epithelial,Reactome
prerank,REACTOME_RHOJ_GTPASE_CYCLE,0.2875316991771981,1.037500990140233,0.4444444444444444,0.515658747300216,0.986,7/38,6.80%,TRIO;ARHGAP26;FNBP1;ARHGAP21;CDC42BPA;ARHGEF7;DOCK8,ECM-high Epithelial,Reactome
prerank,REACTOME_FORMATION_OF_PARAXIAL_MESODERM,-0.5820436248376675,-1.036863648294476,0.4228456913827655,0.6182970678022286,1.0,26/48,26.02%,SEM1;PSMA7;PSME1;PSMB1;PSMB6;PSMD8;PSMB5;PSMB2;PSMA4;PSMA3;PSME2;PSMC5;PSMA1;PSMB4;PSMC3;PSMA5;PSMB7;PSMD4;PSMA2;PSMB8;PSMC1;PSMD3;PSMD6;PSMC4;PSMF1;PSMD13,ECM-high Epithelial,Reactome
prerank,REACTOME_ADHERENS_JUNCTIONS_INTERACTIONS,-0.5975590130366226,-1.0363586810311807,0.48643006263048016,0.6187200065055691,1.0,2/19,3.97%,ACTG1;ACTB,ECM-high Epithelial,Reactome
prerank,REACTOME_SLC_MEDIATED_TRANSMEMBRANE_TRANSPORT,-0.5688649105002793,-1.0352639239191612,0.45,0.6211123970287483,1.0,19/75,22.74%,SLC25A5;SLC25A6;SLC34A2;CALM1;SLC25A4;SRI;BSG;SLC39A8;ARL2;SLC50A1;SLC6A14;SLC1A5;SLC3A2;SLCO4C1;SLC25A11;SLC25A1;SLC39A4;SLC39A1;SLC39A7,ECM-high Epithelial,Reactome
prerank,REACTOME_DEADENYLATION_DEPENDENT_MRNA_DECAY,-0.5918072684992555,-1.03410666802375,0.4738955823293173,0.6238920045697953,1.0,18/41,28.51%,PABPC1;LSM7;LSM3;EIF4B;EIF4A2;LSM5;LSM4;CNOT7;LSM6;PAIP1;CNOT8;EIF4E;LSM1;EIF4A1;EIF4A3;EXOSC7;EIF4G1;EXOSC4,ECM-high Epithelial,Reactome
prerank,REACTOME_NEURONAL_SYSTEM,-0.5689180021850581,-1.033349007592835,0.414,0.6250817823310748,1.0,18/103,13.89%,GNG5;CALM1;TUBB4B;HSPA8;RAC1;GNB2;ALDH2;COMT;NRGN;AP2S1;TUBA1B;CACNA2D2;PRKAR1A;TUBA1C;MAOA;ARL6IP5;VAMP2;AP2M1,ECM-high Epithelial,Reactome
prerank,REACTOME_RECRUITMENT_OF_MITOTIC_CENTROSOME_PROTEINS_AND_COMPLEXES,-0.5783201951276645,-1.0317321860645898,0.482897384305835,0.6290981173510284,1.0,8/38,19.07%,DYNLL1;TUBB4B;MZT2B;YWHAE;SSNA1;DCTN3;PPP2R1A;MZT2A,ECM-high Epithelial,Reactome
prerank,REACTOME_TRANSPORT_OF_INORGANIC_CATIONS_ANIONS_AND_AMINO_ACIDS_OLIGOPEPTIDES,-0.5758249670797879,-1.0312675050025373,0.4979757085020243,0.6293894697865264,1.0,8/35,20.68%,SLC34A2;CALM1;SRI;SLC6A14;SLC1A5;SLC3A2;SLC25A11;SLC25A1,ECM-high Epithelial,Reactome
prerank,REACTOME_TRANSCRIPTIONAL_REGULATION_BY_THE_AP_2_TFAP2_FAMILY_OF_TRANSCRIPTION_FACTORS,-0.610902002144139,-1.0304121883044415,0.5010660980810234,0.6310044800528768,1.0,6/18,18.09%,NPM1;CITED2;SUMO1;DEK;UBE2I;HSPD1,ECM-high Epithelial,Reactome
prerank,REACTOME_SIGNALING_BY_NTRKS,-0.5649388252805871,-1.0298496374155088,0.45,0.6315951456256566,1.0,19/75,18.16%,FOS;CLTA;RHOA;JUNB;YWHAB;ID1;RAC1;EGR1;AP2S1;FOSB;DUSP6;JUND;F3;AP2M1;BAX;ID3;ID4;PPP2R1A;TRIB1,ECM-high Epithelial,Reactome
prerank,REACTOME_REGULATION_OF_INSULIN_SECRETION,-0.5874148434954964,-1.0295769283203633,0.4757085020242915,0.6312140269061406,1.0,6/30,13.88%,GNG5;GNB2;CACNA2D2;PRKAR1A;GNAS;VAMP2,ECM-high Epithelial,Reactome
prerank,REACTOME_BRANCHED_CHAIN_AMINO_ACID_CATABOLISM,-0.6070409027744428,-1.0289465060808176,0.4817987152034261,0.6320704974964536,1.0,7/18,23.94%,ECHS1;ACAT1;BCAT2;HSD17B10;MCCC1;ALDH6A1;IVD,ECM-high Epithelial,Reactome
prerank,REACTOME_REGULATION_OF_INSULIN_LIKE_GROWTH_FACTOR_IGF_TRANSPORT_AND_UPTAKE_BY_INSULIN_LIKE_GROWTH_FACTOR_BINDING_PROTEINS_IGFBPS,-0.5704827307218486,-1.0269600176050884,0.4939759036144578,0.6372442858476746,1.0,12/47,19.37%,CST3;SERPINA1;P4HB;C3;HSP90B1;APLP2;PDIA6;QSOX1;PRKCSH;NUCB1;PNPLA2;KTN1,ECM-high Epithelial,Reactome
prerank,REACTOME_SIGNALING_BY_MET,-0.5698571916425204,-1.0268624446332488,0.468,0.6362116366861272,1.0,6/58,7.40%,RPS27A;UBA52;UBB;SPINT2;UBC;RAC1,ECM-high Epithelial,Reactome
prerank,REACTOME_SIGNAL_TRANSDUCTION_BY_L1,-0.6069302052349332,-1.0267615680153093,0.5245202558635395,0.6352862524109817,1.0,2/15,10.97%,RAC1;CSNK2B,ECM-high Epithelial,Reactome
prerank,REACTOME_GPCR_LIGAND_BINDING,-0.581943719600292,-1.0258790037517167,0.5060728744939271,0.636865794936118,1.0,5/31,10.56%,GNG5;GNB2;CXCL2;C3;GNAS,ECM-high Epithelial,Reactome
prerank,REACTOME_MITOCHONDRIAL_FATTY_ACID_BETA_OXIDATION,-0.5928558254526981,-1.0255716478870425,0.5238095238095238,0.6365279238532593,1.0,9/24,23.96%,DBI;NDUFAB1;ECHS1;HADHA;ACADVL;ACOT13;HADH;ACAA2;ECI1,ECM-high Epithelial,Reactome
prerank,REACTOME_HSP90_CHAPERONE_CYCLE_FOR_STEROID_HORMONE_RECEPTORS_SHR_IN_THE_PRESENCE_OF_LIGAND,-0.5881164911775542,-1.0246188608104996,0.515274949083503,0.6383903547646029,1.0,15/33,26.85%,DYNLL1;TUBB4B;HSPA8;HSP90AB1;TUBA1B;TUBA1C;DCTN3;DNAJA1;DNAJB1;PTGES3;CAPZA2;DCTN6;DNAJA2;TUBA1A;DCTN2,ECM-high Epithelial,Reactome
prerank,REACTOME_HEMOSTASIS,-0.5592435356066301,-1.024429643931925,0.37,0.6376837484034852,1.0,37/249,10.56%,PPIA;GNG5;CD74;CD63;SERPINA1;PFN1;MIF;TMSB4X;S100A10;SELENOP;ALDOA;CFL1;CALM1;ACTB;SOD1;CD9;RHOA;SDC4;TUBB4B;TAGLN2;EPCAM;ATP1B1;RAC1;GNB2;ANXA5;SRI;BSG;C1QBP;RHOB;HSPA5;TUBA1B;TFPI;APLP2;LGALS3BP;PRKAR1A;TUBA1C;GNAS,ECM-high Epithelial,Reactome
prerank,REACTOME_SLC_TRANSPORTER_DISORDERS,-0.5771835820879386,-1.0200062186249086,0.5010224948875256,0.6507878610098992,1.0,7/32,21.83%,SLC34A2;BSG;SLC6A14;SLC3A2;SEC13;NUP58;SLC39A4,ECM-high Epithelial,Reactome
prerank,REACTOME_SIGNALING_BY_SCF_KIT,0.3396040785508819,1.0199098153203108,0.5714285714285714,0.5405175278285429,0.994,13/25,18.42%,FER;LYN;SOS1;FYN;JAK2;GAB2;PRKCA;GRB10;CBL;SH2B3;STAT5B;PIK3R1;TEC,ECM-high Epithelial,Reactome
prerank,REACTOME_HEPARAN_SULFATE_HEPARIN_HS_GAG_METABOLISM,0.31299015653934203,1.0197102275447965,0.5384615384615384,0.5304922775989241,0.994,4/24,5.96%,EXT1;GPC5;GPC6;VCAN,ECM-high Epithelial,Reactome
prerank,REACTOME_CELL_CELL_JUNCTION_ORGANIZATION,-0.5724843459284992,-1.0181763942826378,0.5010141987829615,0.6556392755777808,1.0,7/33,12.82%,ACTG1;ACTB;CLDN4;CLDN18;CLDN7;CRB3;CLDN3,ECM-high Epithelial,Reactome
prerank,REACTOME_TRANSCRIPTIONAL_REGULATION_BY_RUNX3,-0.5678795821850928,-1.0177400958480813,0.48697394789579157,0.6557516945743186,1.0,26/72,22.14%,RPS27A;UBA52;UBB;SEM1;PSMA7;PSME1;UBC;PSMB1;PSMB6;PSMD8;PSMB5;PSMB2;PSMA4;PSMA3;PSME2;PSMC5;PSMA1;PSMB4;PSMC3;PSMA5;PSMB7;CCND1;PSMD4;BRD2;PSMA2;PSMB8,ECM-high Epithelial,Reactome
prerank,REACTOME_VISUAL_PHOTOTRANSDUCTION,-0.575304769741785,-1.0175385270272934,0.5173116089613035,0.6550868470613904,1.0,9/28,21.05%,CALM1;SDC4;HSD17B6;METAP2;LRP10;SDC1;LPL;RDH11;LDLR,ECM-high Epithelial,Reactome
prerank,REACTOME_HCMV_INFECTION,-0.5691994437942246,-1.0175250954363533,0.532,0.6538105017697577,1.0,17/61,23.78%,CEBPD;DYNLL1;TUBB4B;VPS28;HNRNPK;CHMP2A;TUBA1B;TUBA1C;CHMP4B;CHMP2B;RBBP4;CHMP3;SEC13;TRIM28;NUP58;SNF8;VPS25,ECM-high Epithelial,Reactome
prerank,REACTOME_RHOBTB_GTPASE_CYCLE,-0.5725858771141414,-1.0141174601921872,0.5203252032520326,0.6633145648338293,1.0,13/32,26.20%,ACTG1;HSP90AB1;SRRM1;RHOBTB2;CCT6A;RBMX;CCT7;TXNL1;CDC37;CCT2;VIM;TRA2B;TWF1,ECM-high Epithelial,Reactome
prerank,REACTOME_MEMBRANE_TRAFFICKING,-0.5511075664894978,-1.012855944137604,0.416,0.6663162080918054,1.0,73/383,16.48%,RPS27A;UBA52;FTH1;SERPINA1;UBB;VAMP8;ACTG1;FTL;CALM1;ACTB;FOLR1;CD59;CLTA;DYNLL1;NAA38;ARPC3;NEDD8;UBC;TRAPPC1;TUBB4B;GABARAPL2;KDELR1;COPE;ARF1;HSPA8;YWHAB;GABARAP;VPS28;ARPC2;TMED2;RAC1;CHMP2A;ARF4;YWHAE;AP2S1;AREG;MAP1LC3B;TUBA1B;KDELR2;TRAPPC2L;ARF5;TUBA1C;COPZ1;NAPA;SFN;TMED10;LMAN2;CNIH1;RAB13;ARPC5;BLOC1S1;RAB11B;TMED9;YWHAQ;KIF22;RAB1B;RAB5C;DCTN3;VAMP2;AP2M1;CLTB;STX10;RAB14;GDI2;CHMP4B;SNX5;TMED3;MCFD2;CHMP5;TRAPPC3;CHMP2B;COPS6;SURF4,ECM-high Epithelial,Reactome
prerank,REACTOME_PLATELET_HOMEOSTASIS,-0.5709967311887345,-1.010898829933801,0.524390243902439,0.6713158651550045,1.0,5/31,10.56%,GNG5;CALM1;GNB2;SRI;GNAS,ECM-high Epithelial,Reactome
prerank,REACTOME_EARLY_SARS_COV_2_INFECTION_EVENTS,-0.5727193668380841,-1.0091519889470717,0.5282258064516129,0.6754261047021353,1.0,10/27,20.45%,SDC4;ISCU;CHMP2A;MAP1LC3B;ZCRB1;CHMP4B;CHMP2B;SDC1;CHMP3;VCP,ECM-high Epithelial,Reactome
prerank,REACTOME_GASTRULATION,-0.5623222705122022,-1.008171820119754,0.52,0.6771618738049873,1.0,29/60,26.02%,SEM1;PSMA7;PSME1;CLDN7;PSMB1;PSMB6;PSMD8;PSMB5;PSMB2;PSMA4;PSMA3;PSME2;PSMC5;PSMA1;PSMB4;PSMC3;PSMA5;PSMB7;PSMD4;FOXA2;PSMA2;PSMB8;OCLN;PSMC1;PSMD3;PSMD6;PSMC4;PSMF1;PSMD13,ECM-high Epithelial,Reactome
prerank,REACTOME_KINESINS,-0.5895391767248733,-1.0049957255749136,0.5469728601252609,0.685939299979245,1.0,7/17,25.89%,TUBB4B;TUBA1B;TUBA1C;KIF22;KIF1C;KIF5B;TUBA1A,ECM-high Epithelial,Reactome
prerank,REACTOME_CDC42_GTPASE_CYCLE,0.45355820552028636,1.0,1.0,0.5252755641617636,0.994,39/84,14.63%,FMNL2;TRIO;ARHGAP26;ARHGAP24;FGD4;ABR;ITSN1;FNBP1;ARAP2;ARHGAP21;ARHGEF26;DOCK10;FARP1;PLEKHG1;ARHGAP42;STARD13;ARHGEF10;CDC42BPA;DOCK11;ARHGEF7;DOCK8;MYO9B;VAV3;SRGAP1;ARHGAP10;IQGAP2;WIPF1;ARHGAP44;DOCK9;VAV2;SRGAP2;CPNE8;DAAM1;OPHN1;ARHGEF11;DOCK7;PREX1;CDC42BPB;GNA13,ECM-high Epithelial,Reactome
prerank,REACTOME_RAC1_GTPASE_CYCLE,0.34613669489744364,1.0,1.0,0.5252755641617636,0.994,36/105,12.20%,DOCK4;TRIO;ARHGAP26;ARHGAP24;DOCK1;ABR;DOCK5;SOS1;ARAP2;ARHGAP21;DOCK10;FARP1;ERBIN;PLEKHG1;ARHGAP42;ARHGEF10;CDC42BPA;DOCK11;ARHGEF7;KALRN;DOCK8;MYO9B;VAV3;SRGAP1;ARHGAP15;ARHGAP10;IQGAP2;ARHGEF18;WIPF1;ABI2;ARHGAP44;DOCK9;DOCK2;VAV2;TIAM2;SRGAP2,ECM-high Epithelial,Reactome
prerank,REACTOME_NON_INTEGRIN_MEMBRANE_ECM_INTERACTIONS,0.49256914689503006,1.0,1.0,0.5252755641617636,0.994,18/37,12.22%,FN1;COL4A1;COL3A1;COL1A2;COL4A2;COL5A2;LAMA2;LAMA3;COL4A3;DMD;LAMC1;COL1A1;LAMB1;PRKCA;ITGA2;ITGAV;COL5A1;THBS1,ECM-high Epithelial,Reactome
prerank,REACTOME_RHOA_GTPASE_CYCLE,0.2748623231194477,1.0,1.0,0.5252755641617636,0.994,24/86,9.30%,TRIO;AKAP13;ARHGAP26;ARHGAP24;ABR;ARAP2;ARHGAP21;FARP1;ERBIN;ROCK2;ARHGAP42;STARD13;ARHGEF10;ARHGEF7;KALRN;MYO9B;VAV3;ROCK1;SRGAP1;ARHGAP18;ARHGAP10;ARHGEF3;ARHGEF18;ARHGAP6,ECM-high Epithelial,Reactome
prerank,REACTOME_REGULATION_OF_LIPID_METABOLISM_BY_PPARALPHA,0.25212759850686817,1.0,1.0,0.5252755641617636,0.994,7/71,2.74%,MED13L;ABCA1;RORA;NCOA1;TBL1XR1;PPARG;NCOA2,ECM-high Epithelial,Reactome
prerank,REACTOME_VESICLE_MEDIATED_TRANSPORT,-0.5422002733755362,-0.9965568155679395,0.514,0.7107299157449465,1.0,76/402,16.48%,RPS27A;UBA52;FTH1;SERPINA1;UBB;VAMP8;ACTG1;FTL;CALM1;ACTB;FOLR1;CD59;CLTA;DYNLL1;NAA38;ARPC3;NEDD8;UBC;TRAPPC1;TUBB4B;GABARAPL2;KDELR1;SCGB3A2;COPE;ARF1;HSPA8;YWHAB;GABARAP;VPS28;CALR;ARPC2;TMED2;RAC1;CHMP2A;ARF4;YWHAE;AP2S1;AREG;HSP90B1;MAP1LC3B;TUBA1B;KDELR2;TRAPPC2L;ARF5;TUBA1C;COPZ1;NAPA;SFN;TMED10;LMAN2;CNIH1;RAB13;ARPC5;BLOC1S1;RAB11B;TMED9;YWHAQ;KIF22;RAB1B;RAB5C;DCTN3;VAMP2;AP2M1;CLTB;STX10;RAB14;GDI2;CHMP4B;SNX5;TMED3;MCFD2;CHMP5;TRAPPC3;CHMP2B;COPS6;SURF4,ECM-high Epithelial,Reactome
prerank,REACTOME_TRANSCRIPTIONAL_REGULATION_BY_RUNX1,-0.550180560513001,-0.992284542895924,0.56,0.7220550231321968,1.0,38/111,26.02%,RPS27A;UBA52;UBB;LGALS3;SEM1;PSMA7;PSME1;UBC;PSMB1;PSMB6;PSMD8;PSMB5;CSNK2B;PSMB2;PSMA4;PSMA3;PSME2;PSMC5;DPY30;PSMA1;SOCS3;PRMT1;PSMB4;PSMC3;PSMA5;PSMB7;CCND1;PSMD4;PSMA2;PSMB8;OCLN;PSMC1;PSMD3;SMARCB1;PSMD6;PSMC4;PSMF1;PSMD13,ECM-high Epithelial,Reactome
prerank,REACTOME_NUCLEAR_ENVELOPE_BREAKDOWN,-0.5697668679194855,-0.9906085972720264,0.5734989648033126,0.725898199787791,1.0,6/25,21.20%,BANF1;EMD;LMNA;SEC13;CTDNEP1;NUP58,ECM-high Epithelial,Reactome
prerank,REACTOME_G2_M_DNA_DAMAGE_CHECKPOINT,-0.565343251578892,-0.9893357563707351,0.5770020533880903,0.7284744085674917,1.0,10/27,30.05%,YWHAB;YWHAE;SFN;YWHAQ;UBE2N;YWHAZ;RPA3;YWHAH;RAD1;UBE2V2,ECM-high Epithelial,Reactome
prerank,REACTOME_G_ALPHA_S_SIGNALLING_EVENTS,-0.5636986018219293,-0.9893126230893725,0.5637860082304527,0.7270986265419105,1.0,4/28,10.56%,GNG5;GNB2;PRKAR1A;GNAS,ECM-high Epithelial,Reactome
prerank,REACTOME_AURKA_ACTIVATION_BY_TPX2,-0.5600695107897237,-0.9888390907989681,0.5723014256619144,0.727051800911862,1.0,6/32,18.13%,DYNLL1;TUBB4B;YWHAE;SSNA1;DCTN3;PPP2R1A,ECM-high Epithelial,Reactome
prerank,REACTOME_MITOTIC_PROPHASE,-0.5514188568394713,-0.9874401634681944,0.5774647887323944,0.7298074950392455,1.0,16/45,29.90%,SET;ENSA;BANF1;RAB1B;EMD;RAB2A;LMNA;PPP2R1A;SEC13;CTDNEP1;NUP58;GORASP2;PPP2CB;SMC4;PPP2CA;ARPP19,ECM-high Epithelial,Reactome
prerank,REACTOME_SIGNALING_BY_VEGF,-0.5412904834345097,-0.9820207476125283,0.576,0.744573492002366,1.0,7/65,7.40%,ACTG1;CALM1;ACTB;BRK1;RHOA;HSPB1;RAC1,ECM-high Epithelial,Reactome
prerank,REACTOME_INTRACELLULAR_SIGNALING_BY_SECOND_MESSENGERS,-0.5386387842900464,-0.9818425806287031,0.614,0.7435875511595341,1.0,38/185,18.24%,RPS27A;UBA52;UBB;CALM1;LAMTOR5;LAMTOR4;SEM1;JUN;PSMA7;PSME1;UBC;PSMB1;PSMB6;LAMTOR1;RAC1;PSMD8;EGR1;AREG;PSMB5;PRKAR1A;BAD;CSNK2B;STUB1;PSMB2;LAMTOR2;PSMA4;PSMA3;PSME2;PSMC5;RHEB;PSMA1;NR4A1;PSMB4;PSMC3;MAF1;RBBP4;PPP2R1A;RRAGA,ECM-high Epithelial,Reactome
prerank,REACTOME_REGULATION_OF_ENDOGENOUS_RETROELEMENTS_BY_KRAB_ZFP_PROTEINS,-0.5705818906239138,-0.9806248906108381,0.5601659751037344,0.7456561001177856,1.0,7/18,30.78%,SUMO2;UBE2I;RBBP4;TRIM28;RBBP7;HDAC2;CBX5,ECM-high Epithelial,Reactome
prerank,REACTOME_OPIOID_SIGNALLING,-0.5506223874079005,-0.9794237455582133,0.5967741935483871,0.7476332712621125,1.0,5/41,10.17%,GNG5;CALM1;GNB2;PPP1CA;PRKAR1A,ECM-high Epithelial,Reactome
prerank,REACTOME_DISEASES_OF_SIGNAL_TRANSDUCTION_BY_GROWTH_FACTOR_RECEPTORS_AND_SECOND_MESSENGERS,-0.5349300351436127,-0.9783514424563488,0.628,0.7493281030463875,1.0,45/289,13.64%,RPS6;RPS27A;UBA52;POLR2L;PEBP1;NPM1;SKP1;UBB;ACTG1;CALM1;ACTB;SEM1;JUN;PSMA7;PSME1;UBC;PSMB1;ERLEC1;RBX1;JUNB;PSMB6;YWHAB;RAC1;PSMD8;AREG;SQSTM1;POLR2I;POLR2C;POLR2K;PSMB5;PRKAR1A;POLR2E;BAD;POLR2J;POLR2F;PSMB2;FKBP1A;PSMA4;PSMA3;PSME2;PHB1;PSMC5;DUSP6;APH1A;PSMA1,ECM-high Epithelial,Reactome
prerank,REACTOME_SENSORY_PERCEPTION,-0.5432206601636376,-0.9779734175923596,0.616,0.7488995260382354,1.0,14/55,21.05%,ACTG1;CALM1;ACTB;SDC4;HSD17B6;CACNA2D2;METAP2;VAMP2;LRP10;SDC1;LPL;RDH11;SCNN1A;LDLR,ECM-high Epithelial,Reactome
prerank,REACTOME_COPI_INDEPENDENT_GOLGI_TO_ER_RETROGRADE_TRAFFIC,-0.5632417222914606,-0.9763031733306529,0.6129032258064516,0.7521040952299267,1.0,5/29,13.58%,DYNLL1;TUBB4B;TUBA1B;TUBA1C;DCTN3,ECM-high Epithelial,Reactome
prerank,REACTOME_PERK_REGULATES_GENE_EXPRESSION,-0.5586680152429127,-0.9742908927836995,0.5679513184584178,0.7563630434785542,1.0,9/24,28.51%,EIF2S2;ATF4;HSPA5;HERPUD1;CEBPB;EIF2S3;DDIT3;EXOSC7;EXOSC4,ECM-high Epithelial,Reactome
prerank,REACTOME_DAP12_SIGNALING,-0.5598693040929881,-0.973020740952367,0.6058700209643606,0.7583181541380377,1.0,3/17,14.04%,B2M;RAC1;HLA-E,ECM-high Epithelial,Reactome
prerank,REACTOME_TRANSCRIPTIONAL_REGULATION_BY_NPAS4,-0.5723548705947042,-0.9727674081344647,0.5836909871244635,0.7574639886047236,1.0,1/16,3.83%,FOS,ECM-high Epithelial,Reactome
prerank,REACTOME_NR1H2_AND_NR1H3_MEDIATED_SIGNALING,-0.5508552569506309,-0.9717761134317954,0.5904365904365905,0.7585951642960466,1.0,3/23,6.59%,FASN;SCD;APOC1,ECM-high Epithelial,Reactome
prerank,REACTOME_RESOLUTION_OF_SISTER_CHROMATID_COHESION,-0.5470543453512288,-0.9700731502866629,0.6345381526104418,0.761703747440199,1.0,10/51,20.41%,RPS27;DYNLL1;TUBB4B;TUBA1B;TUBA1C;NUDC;RAD21;PPP2R1A;PPP1CC;SEC13,ECM-high Epithelial,Reactome
prerank,REACTOME_MITOTIC_PROMETAPHASE,-0.5340220028297441,-0.9690116875401174,0.642,0.7630892056567672,1.0,16/86,20.41%,RPS27;DYNLL1;TUBB4B;MZT2B;YWHAE;TUBA1B;TUBA1C;SSNA1;CSNK2B;NUDC;DCTN3;RAD21;PPP2R1A;PPP1CC;MZT2A;SEC13,ECM-high Epithelial,Reactome
prerank,REACTOME_RAB_GERANYLGERANYLATION,-0.5440291065076823,-0.967405738919891,0.6108870967741935,0.7658931395742705,1.0,16/37,29.44%,RAB25;RAB13;PTP4A2;RAB11B;RAB1B;RAB5C;RAB14;RAB2A;RAB17;RAB34;RABGGTB;RAB7A;RAB5B;RAB4A;RAB27A;RAB20,ECM-high Epithelial,Reactome
prerank,REACTOME_DARPP_32_EVENTS,-0.5665220197833469,-0.9664465365173165,0.6059957173447538,0.7671730989705222,1.0,3/15,10.17%,CALM1;PPP1CA;PRKAR1A,ECM-high Epithelial,Reactome
prerank,REACTOME_CA2_PATHWAY,-0.5503991684653401,-0.9662906699026532,0.6244897959183674,0.7661207882934854,1.0,3/31,7.58%,GNG5;CALM1;GNB2,ECM-high Epithelial,Reactome
prerank,REACTOME_TRANSCRIPTIONAL_REGULATION_OF_BROWN_AND_BEIGE_ADIPOCYTE_DIFFERENTIATION,0.32199048327720636,0.9638842658798141,0.4411764705882353,0.5817165135263755,0.996,2/16,2.14%,NCOA1;PPARG,ECM-high Epithelial,Reactome
prerank,REACTOME_RND2_GTPASE_CYCLE,0.31632420348581536,0.9635107649868299,0.46153846153846156,0.5727861771058316,0.996,2/24,3.58%,DST;FNBP1,ECM-high Epithelial,Reactome
prerank,REACTOME_CITRIC_ACID_CYCLE_TCA_CYCLE,-0.5433454427875675,-0.961612715005772,0.6089613034623218,0.7770436386801427,1.0,15/29,35.02%,ISCU;MDH2;ACAT1;SDHC;SUCLG1;SDHD;IDH3G;ISCA2;SDHB;IDH3B;CS;ISCA1;SDHAF3;FH;IDH2,ECM-high Epithelial,Reactome
prerank,REACTOME_TRNA_PROCESSING_IN_THE_NUCLEUS,-0.5444048196626233,-0.9605194243405245,0.6252587991718427,0.778252708122528,1.0,6/27,23.34%,RAN;RTRAF;TSEN34;SEC13;NUP58;POP5,ECM-high Epithelial,Reactome
prerank,REACTOME_VEGFR2_MEDIATED_VASCULAR_PERMEABILITY,-0.5505701902813434,-0.9560410021900269,0.625,0.7881437140578641,1.0,2/19,7.40%,CALM1;RAC1,ECM-high Epithelial,Reactome
prerank,REACTOME_RESOLUTION_OF_ABASIC_SITES_AP_SITES,-0.5584007066688066,-0.9484829770178203,0.6382536382536382,0.8055193262970715,1.0,10/17,33.18%,POLE4;APEX1;MPG;RFC1;POLD2;POLD4;RPA3;PARP1;NTHL1;PCNA,ECM-high Epithelial,Reactome
prerank,REACTOME_TRANSPORT_OF_MATURE_TRANSCRIPT_TO_CYTOPLASM,-0.5273896266907643,-0.9482674787131787,0.655310621242485,0.8045303613537206,1.0,16/55,26.28%,RBM8A;SRSF5;SRSF9;SRSF3;SRSF7;SRRM1;MAGOH;SRSF2;THOC7;RNPS1;SEC13;NUP58;EIF4E;SRSF6;ZC3H11A;EIF4A3,ECM-high Epithelial,Reactome
prerank,REACTOME_TRANSCRIPTIONAL_REGULATION_BY_VENTX,-0.5368739864896478,-0.9418925876879656,0.650103519668737,0.8182598321203085,1.0,2/22,5.00%,ANAPC11;ANAPC16,ECM-high Epithelial,Reactome
prerank,REACTOME_SIGNALING_BY_ERBB2_IN_CANCER,0.35217912904045634,0.9408283304952539,0.5238095238095238,0.6056810537124242,0.996,8/18,17.35%,SOS1;ERBIN;GAB1;PTPN12;HSP90AA1;NRG1;EGFR;PIK3R1,ECM-high Epithelial,Reactome
prerank,REACTOME_HCMV_EARLY_EVENTS,-0.5307545962788355,-0.9400803932781607,0.6713709677419355,0.8207686704674853,1.0,8/40,21.20%,DYNLL1;TUBB4B;TUBA1B;TUBA1C;RBBP4;SEC13;TRIM28;NUP58,ECM-high Epithelial,Reactome
prerank,REACTOME_ONCOGENIC_MAPK_SIGNALING,-0.5205222931201748,-0.9399590945104671,0.6706827309236948,0.8194778397891367,1.0,7/52,13.39%,PEBP1;ACTG1;CALM1;ACTB;YWHAB;PHB1;DUSP6,ECM-high Epithelial,Reactome
prerank,REACTOME_SIGNALING_BY_RECEPTOR_TYROSINE_KINASES,-0.5112450413366796,-0.9389451760206349,0.816,0.8202955048495971,1.0,54/299,18.39%,RPS27A;UBA52;POLR2L;ATP6V0E1;UBB;HNRNPA1;ATP6V1G1;ACTG1;SPINT2;CALM1;FOS;ACTB;CLTA;BRK1;RHOA;ATP6V0B;UBC;JUNB;HSPB1;YWHAB;ATP6V1F;ID1;RAC1;EGR1;AP2S1;AREG;POLR2I;POLR2C;POLR2K;ATP6V0D1;POLR2E;POLR2J;FOSB;POLR2F;STUB1;HNRNPF;DUSP6;APH1A;JUND;CDC42;F3;AP2M1;BAX;ATP6V1E1;CTSD;ATP6V0C;FLRT3;ID3;POLR2H;ID4;SPINT1;PPP2R1A;TRIB1;PSENEN,ECM-high Epithelial,Reactome
prerank,REACTOME_DISEASES_ASSOCIATED_WITH_O_GLYCOSYLATION_OF_PROTEINS,-0.5531849151823984,-0.9385119075325264,0.6639004149377593,0.8198017005604751,1.0,1/16,2.87%,MUC1,ECM-high Epithelial,Reactome
prerank,REACTOME_ANTIGEN_PROCESSING_UBIQUITINATION_PROTEASOME_DEGRADATION,-0.5160476208283304,-0.9382911390992812,0.77,0.8187624318959621,1.0,47/178,25.54%,RPS27A;UBA52;ELOB;SKP1;UBB;ANAPC11;SEM1;PSMA7;PSME1;UBC;PSMB1;RBX1;PSMB6;PSMD8;RNF7;ELOC;PSMB5;STUB1;PSMB2;PSMA4;PSMA3;PSME2;PSMC5;PSMA1;ANAPC13;SOCS3;PSMB4;PSMC3;UBE2L3;UBE2B;PSMA5;PSMB7;UBE2N;PSMD4;FBXL15;CDC26;PSMA2;PSMB8;UBE2D2;PSMC1;FBXO9;RBCK1;SPSB2;PSMD3;PSMD6;PSMC4;PSMF1,ECM-high Epithelial,Reactome
prerank,REACTOME_METABOLISM_OF_LIPIDS,-0.515466280796014,-0.9376425255218028,0.85,0.8187401167735228,1.0,106/351,27.59%,DBI;FABP5;GPX4;SUMO2;SPTSSA;PLA2G1B;MID1IP1;ASAH1;AGPAT2;DHCR24;MFSD2A;FASN;RAN;SCD;TSPO;ARF1;FDPS;MSMO1;PLD3;LPCAT1;SCP2;NDUFAB1;EBP;TECR;PPP1CA;LTA4H;VAPA;IDI1;STARD10;CERS2;LGMN;SQLE;PON2;CSNK2B;CPNE3;ECHS1;ACAT2;TM7SF2;FDFT1;ALOX15B;FADS1;INSIG1;PMVK;HSD17B11;ACAT1;HSD17B12;STARD3NL;SLC27A3;RAB14;CBR1;PLA2G4F;HADHA;MVD;ACADVL;PLA2G10;ORMDL2;DHCR7;UBE2I;PTPMT1;PON3;HSD17B4;PTGES3;PPP1CC;PNPLA2;BDH2;HACD3;ACAA1;FDX1;GDE1;HMGCS1;PHYH;HACD1;SC5D;ACOT13;HADH;PCYT2;ELOVL1;CHPT1;ACAA2;CDS1;ARF3;PLIN2;HMGCR;PSAP;CYP4B1;MED11;ECI1;NR1H2;MED10;CDIPT;CD36;ORMDL1;SUMF2;MED28;CTSA;PTPN13;CCNC;PLA2G12A;M6PR;CRLS1;STARD7;MED8;LSS;HACD2;ACADL;RAB4A,ECM-high Epithelial,Reactome
prerank,REACTOME_NUCLEAR_SIGNALING_BY_ERBB4,0.3445947467099123,0.9358271448835024,0.4827586206896552,0.6065717968368982,0.996,1/15,0.33%,WWOX,ECM-high Epithelial,Reactome
prerank,REACTOME_SPHINGOLIPID_DE_NOVO_BIOSYNTHESIS,-0.5348109323901707,-0.9354860452415866,0.66875,0.8224588600016786,1.0,4/21,16.07%,SPTSSA;VAPA;CERS2;ORMDL2,ECM-high Epithelial,Reactome
prerank,REACTOME_FORMATION_OF_WDR5_CONTAINING_HISTONE_MODIFYING_COMPLEXES,0.2778336933763939,0.9353615896675702,0.5294117647058824,0.597672186225102,0.996,3/24,2.50%,KMT2C;KANSL1;KDM6A,ECM-high Epithelial,Reactome
prerank,REACTOME_G_ALPHA_I_SIGNALLING_EVENTS,-0.5190675304189374,-0.9349757500525365,0.688,0.8221576048452995,1.0,8/58,10.56%,GNG5;CALM1;GNB2;CXCL2;PPP1CA;C3;PRKAR1A;GNAS,ECM-high Epithelial,Reactome
prerank,REACTOME_ESTROGEN_DEPENDENT_NUCLEAR_EVENTS_DOWNSTREAM_OF_ESR_MEMBRANE_SIGNALING,-0.5553354525453219,-0.9345735615492279,0.6652360515021459,0.8215308397670216,1.0,2/16,8.68%,FOS;AREG,ECM-high Epithelial,Reactome
prerank,REACTOME_DISEASES_OF_DNA_REPAIR,-0.5511464597882526,-0.933073028964681,0.6595744680851063,0.8233704657338679,1.0,1/16,4.67%,SEM1,ECM-high Epithelial,Reactome
prerank,REACTOME_INTRA_GOLGI_AND_RETROGRADE_GOLGI_TO_ER_TRAFFIC,-0.5158441762768949,-0.9327489563975229,0.76,0.8225793534109573,1.0,37/113,26.88%,DYNLL1;NAA38;TUBB4B;KDELR1;COPE;ARF1;TMED2;ARF4;TUBA1B;KDELR2;ARF5;TUBA1C;COPZ1;NAPA;TMED10;TMED9;KIF22;RAB1B;DCTN3;STX10;TMED3;SURF4;ARL1;KIF1C;SCOC;VPS51;ARF3;VAMP3;CAPZA2;KIF5B;DCTN6;COPB2;TUBA1A;ARCN1;GOLIM4;DCTN2;M6PR,ECM-high Epithelial,Reactome
prerank,REACTOME_SUMOYLATION_OF_INTRACELLULAR_RECEPTORS,-0.5456346790385505,-0.932509618380145,0.6484210526315789,0.8214902877462256,1.0,4/15,16.54%,SUMO2;SUMO1;SUMO3;UBE2I,ECM-high Epithelial,Reactome
prerank,REACTOME_SUMOYLATION_OF_CHROMATIN_ORGANIZATION_PROTEINS,-0.5213545456707709,-0.9292641147686629,0.693089430894309,0.827237692592204,1.0,6/33,21.20%,SUMO2;SUMO1;SUMO3;UBE2I;SEC13;NUP58,ECM-high Epithelial,Reactome
prerank,REACTOME_GPVI_MEDIATED_ACTIVATION_CASCADE,-0.5265103627892878,-0.9267632051665787,0.6708860759493671,0.8311379985007505,1.0,4/20,13.61%,RHOA;RAC1;RHOB;CDC42,ECM-high Epithelial,Reactome
prerank,REACTOME_BASE_EXCISION_REPAIR,-0.5388626539181247,-0.9256874453720939,0.6714579055441479,0.8321405358125642,1.0,11/20,33.18%,POLE4;APEX1;MPG;RFC1;POLD2;POLD4;TERF2IP;RPA3;PARP1;NTHL1;PCNA,ECM-high Epithelial,Reactome
prerank,REACTOME_MATURATION_OF_TCA_ENZYMES_AND_REGULATION_OF_TCA_CYCLE,-0.5515555561481247,-0.9243495772200145,0.6838709677419355,0.8334414523237956,1.0,10/16,35.02%,ISCU;ACAT1;SDHC;SDHD;ISCA2;SDHB;CS;ISCA1;SDHAF3;IDH2,ECM-high Epithelial,Reactome
prerank,REACTOME_SIGNALING_BY_WNT_IN_CANCER,0.3068984685385966,0.9167222207385587,0.6086956521739131,0.6233295086393089,1.0,4/19,7.49%,TNKS;GSK3B;CTBP2;TCF7L2,ECM-high Epithelial,Reactome
prerank,REACTOME_EPIGENETIC_REGULATION_OF_GENE_EXPRESSION,-0.5086214499877554,-0.9128248492116607,0.808,0.8547965291511288,1.0,18/103,17.98%,POLR2L;SUMO2;ACTB;SAP18;POLR1D;MBIP;POLR2K;POLR2E;POLR2F;GTF2H5;DEK;DPY30;DDX21;UBE2I;CBX3;POLR2H;RBBP4;SMARCA5,ECM-high Epithelial,Reactome
prerank,REACTOME_ANCHORING_OF_THE_BASAL_BODY_TO_THE_PLASMA_MEMBRANE,-0.5114936871275025,-0.9114194287910207,0.7168674698795181,0.855963265436758,1.0,5/43,13.58%,DYNLL1;TUBB4B;YWHAE;SSNA1;DCTN3,ECM-high Epithelial,Reactome
prerank,REACTOME_TRANSCRIPTIONAL_ACTIVATION_OF_MITOCHONDRIAL_BIOGENESIS,-0.5227010898011084,-0.9110593666923209,0.7122448979591837,0.8551106371711965,1.0,4/32,10.29%,CALM1;ATP5F1B;CYCS;SSBP1,ECM-high Epithelial,Reactome
prerank,REACTOME_REGULATION_OF_MITF_M_DEPENDENT_GENES_INVOLVED_IN_PIGMENTATION,-0.5167153920627692,-0.9083440153671923,0.7016460905349794,0.8588028226493255,1.0,2/26,5.94%,ACTB;MLPH,ECM-high Epithelial,Reactome
prerank,REACTOME_EXTENSION_OF_TELOMERES,-0.5127518663681226,-0.9063892244619841,0.6983471074380165,0.8608571908199147,1.0,8/23,25.51%,NOP10;NHP2;RFC1;POLD2;POLD4;PPP6C;TERF2IP;RPA3,ECM-high Epithelial,Reactome
prerank,REACTOME_METABOLISM_OF_VITAMINS_AND_COFACTORS,-0.5025757651223267,-0.9057342292431375,0.816,0.8605374293540445,1.0,32/89,29.15%,CYB5A;CALM1;FASN;SDC4;NAXE;MMAB;CYB5R3;GCHFR;PPCS;MMADHC;GSTO1;NNMT;MTHFS;LRP10;SDC1;IDH1;LPL;MTRR;MCCC1;RDH11;LDLR;ACP5;COQ4;CD320;AKT1;VKORC1;MOCS2;SHMT2;STARD7;FPGS;NUDT8;PTS,ECM-high Epithelial,Reactome
prerank,REACTOME_CELL_JUNCTION_ORGANIZATION,-0.504590171231896,-0.9041186933134776,0.7464788732394366,0.8619780357805052,1.0,8/49,12.82%,ACTG1;ACTB;CLDN4;CLDN18;CLDN7;CD151;CRB3;CLDN3,ECM-high Epithelial,Reactome
prerank,REACTOME_INTERLEUKIN_4_AND_INTERLEUKIN_13_SIGNALING,-0.5060721256765831,-0.9030708509681221,0.75,0.8625437744877084,1.0,9/49,15.69%,MUC1;FOS;CEBPD;JUNB;HSPA8;HSP90B1;MAOA;SOCS3;MCL1,ECM-high Epithelial,Reactome
prerank,REACTOME_TRANSCRIPTIONAL_REGULATION_OF_GRANULOPOIESIS,-0.5170371464333916,-0.9011879602432473,0.6729559748427673,0.8644730167076169,1.0,6/19,19.84%,CSF3R;DEK;CDK4;KLF5;CEBPA;CEBPB,ECM-high Epithelial,Reactome
prerank,REACTOME_SIGNALING_BY_TGFB_FAMILY_MEMBERS,-0.507085392403704,-0.9000392295661132,0.846,0.8649855513053831,1.0,11/99,11.41%,RPS27A;UBA52;UBB;YBX1;RHOA;NEDD8;UBC;JUNB;PPP1CA;STUB1;FKBP1A,ECM-high Epithelial,Reactome
prerank,REACTOME_SYNTHESIS_OF_SUBSTRATES_IN_N_GLYCAN_BIOSYTHESIS,-0.5119825570104143,-0.8967596591115456,0.7213114754098361,0.8693153140658428,1.0,10/31,26.31%,PMM1;DPM3;DPM2;NUDT14;MVD;ALG5;NANS;GFUS;ST6GALNAC4;CTSA,ECM-high Epithelial,Reactome
prerank,REACTOME_POST_TRANSLATIONAL_MODIFICATION_SYNTHESIS_OF_GPI_ANCHORED_PROTEINS,-0.5120732143910292,-0.8945553026655949,0.7133891213389121,0.8714909473897945,1.0,7/21,21.92%,DPM3;ALPL;DPM2;PIGP;LY6E;GPAA1;MSLN,ECM-high Epithelial,Reactome
prerank,REACTOME_RAF_ACTIVATION,-0.5143131339230707,-0.8912531910122793,0.7293388429752066,0.8756642078399635,1.0,8/24,26.79%,CALM1;YWHAB;PHB1;PPP2R1A;PPP1CC;MAP2K2;PPP2CB;PPP2R5A,ECM-high Epithelial,Reactome
prerank,REACTOME_REGULATION_OF_TP53_ACTIVITY,-0.4890663873318599,-0.889127607149631,0.8356713426853707,0.8776188263199083,1.0,23/85,30.62%,RPS27A;UBA52;UBB;UBC;CSNK2B;PIN1;RBBP4;PPP2R1A;MEAF6;TAF9;TAF10;CCNG1;AKT1;TAF7;RPA3;PPP2CB;SSRP1;PPP2CA;RBBP7;RAD1;PRKAB1;HDAC2;TAF12,ECM-high Epithelial,Reactome
prerank,REACTOME_METABOLISM_OF_WATER_SOLUBLE_VITAMINS_AND_COFACTORS,-0.49213047330936904,-0.88104041747103,0.792,0.8892472974551298,1.0,18/58,28.42%,CYB5A;FASN;NAXE;MMAB;CYB5R3;PPCS;MMADHC;GSTO1;NNMT;MTHFS;MTRR;MCCC1;ACP5;CD320;MOCS2;SHMT2;FPGS;NUDT8,ECM-high Epithelial,Reactome
prerank,REACTOME_TRNA_PROCESSING,-0.4903612018239178,-0.8802691000883593,0.7645875251509054,0.8888330941318658,1.0,9/42,23.34%,TRMT112;RAN;RTRAF;TSEN34;HSD17B10;LAGE3;SEC13;NUP58;POP5,ECM-high Epithelial,Reactome
prerank,REACTOME_RMTS_METHYLATE_HISTONE_ARGININES,-0.4977459550386927,-0.8795030229157498,0.7116564417177914,0.8884269497504944,1.0,1/21,0.76%,RPS2,ECM-high Epithelial,Reactome
prerank,REACTOME_DISEASES_ASSOCIATED_WITH_GLYCOSAMINOGLYCAN_METABOLISM,0.3158893019848244,0.8792387803424211,0.7777777777777778,0.678700780860608,1.0,4/21,5.96%,EXT1;GPC5;GPC6;VCAN,ECM-high Epithelial,Reactome
prerank,REACTOME_PHOSPHOLIPID_METABOLISM,-0.4886066588684049,-0.8761402489732715,0.848,0.8920795770552523,1.0,26/99,27.59%,PLA2G1B;AGPAT2;MFSD2A;ARF1;PLD3;LPCAT1;STARD10;CSNK2B;CPNE3;RAB14;PLA2G4F;HADHA;PLA2G10;PTPMT1;PNPLA2;GDE1;PCYT2;CHPT1;CDS1;ARF3;CDIPT;PTPN13;PLA2G12A;CRLS1;STARD7;RAB4A,ECM-high Epithelial,Reactome
prerank,REACTOME_BIOSYNTHESIS_OF_THE_N_GLYCAN_PRECURSOR_DOLICHOL_LIPID_LINKED_OLIGOSACCHARIDE_LLO_AND_TRANSFER_TO_A_NASCENT_PROTEIN,-0.49430288979516623,-0.8747742351830214,0.7596741344195519,0.8926365465632821,1.0,16/35,34.44%,PMM1;DPM3;DPM2;NUDT14;MVD;ALG5;NANS;GFUS;ST6GALNAC4;CTSA;MPDU1;ALG2;GMPPB;ST3GAL5;ALG3;SRD5A3,ECM-high Epithelial,Reactome
prerank,REACTOME_O_LINKED_GLYCOSYLATION_OF_MUCINS,-0.4980932449762052,-0.8738529729726149,0.7351129363449692,0.892458246866348,1.0,1/22,2.87%,MUC1,ECM-high Epithelial,Reactome
prerank,REACTOME_SUMOYLATION_OF_UBIQUITINYLATION_PROTEINS,-0.4996230319638401,-0.8679404101375925,0.7316561844863732,0.8997770044059082,1.0,4/20,21.20%,SUMO1;UBE2I;SEC13;NUP58,ECM-high Epithelial,Reactome
prerank,REACTOME_ATF4_ACTIVATES_GENES_IN_RESPONSE_TO_ENDOPLASMIC_RETICULUM_STRESS,-0.5070476894201542,-0.867386717220179,0.7407407407407407,0.8989767125790078,1.0,9/19,36.91%,ATF4;HERPUD1;CEBPB;DDIT3;EXOSC7;EXOSC4;CEBPG;EXOSC8;CXCL8,ECM-high Epithelial,Reactome
prerank,REACTOME_TRANSCRIPTIONAL_REGULATION_BY_E2F6,-0.49566374718893164,-0.8603000691927142,0.7412008281573499,0.9072578462942874,1.0,3/19,17.79%,UXT;CBX3;RBBP4,ECM-high Epithelial,Reactome
prerank,REACTOME_RESPIRATORY_SYNCYTIAL_VIRUS_RSV_ATTACHMENT_AND_ENTRY,-0.5045503179454268,-0.8550554716795628,0.7367303609341825,0.9127533285947089,1.0,4/15,17.22%,SDC4;NCL;RAB5C;SDC1,ECM-high Epithelial,Reactome
prerank,REACTOME_INOSITOL_PHOSPHATE_METABOLISM,-0.49283435483472504,-0.8538466220374478,0.7775510204081633,0.9127132190558879,1.0,2/21,15.53%,CALM1;IMPA2,ECM-high Epithelial,Reactome
prerank,REACTOME_NUCLEAR_RECEPTOR_TRANSCRIPTION_PATHWAY,0.2893162989262957,0.8534867988545812,0.6,0.711532168335624,1.0,10/23,18.24%,RORA;PPARG;NR6A1;NCOR1;NCOR2;NR3C2;ESR2;NR2C2;PPARD;THRB,ECM-high Epithelial,Reactome
prerank,REACTOME_CILIUM_ASSEMBLY,-0.4722816970219576,-0.8514210411056139,0.89,0.9141341182782551,1.0,17/88,20.39%,DYNLL1;TUBB4B;DYNLRB1;ARF4;YWHAE;TUBA1B;TUBA1C;SSNA1;DCTN3;IFT57;CCT8;CCT3;CCT4;PPP2R1A;IFT20;MKKS;DYNC2I2,ECM-high Epithelial,Reactome
prerank,REACTOME_AMINO_ACID_TRANSPORT_ACROSS_THE_PLASMA_MEMBRANE,-0.49334026317668034,-0.8477748217741191,0.7302631578947368,0.917244395884896,1.0,3/15,19.54%,SLC6A14;SLC1A5;SLC3A2,ECM-high Epithelial,Reactome
prerank,REACTOME_FCGR3A_MEDIATED_IL10_SYNTHESIS,-0.5069744663906062,-0.8477448897876002,0.7758620689655172,0.9156860116583253,1.0,2/15,10.17%,CALM1;PRKAR1A,ECM-high Epithelial,Reactome
prerank,REACTOME_G_ALPHA_12_13_SIGNALLING_EVENTS,-0.47521654882834735,-0.8476812667525097,0.8169014084507042,0.9141685111963391,1.0,4/38,8.98%,GNG5;RHOA;GNB2;RHOB,ECM-high Epithelial,Reactome
prerank,REACTOME_REPRODUCTION,-0.48236303917258616,-0.8469350268529836,0.7820773930753564,0.9135472971054686,1.0,7/28,25.51%,CD9;CDK4;RAD21;UBE2I;LMNA;TERF2IP;RPA3,ECM-high Epithelial,Reactome
prerank,REACTOME_MATURATION_OF_SPIKE_PROTEIN,-0.47710165630555856,-0.8420366871806014,0.7983539094650206,0.9179213619500017,1.0,7/30,20.75%,DAD1;RPN2;RPN1;CANX;DDOST;PRKCSH;ZDHHC3,ECM-high Epithelial,Reactome
prerank,REACTOME_METABOLISM_OF_FAT_SOLUBLE_VITAMINS,-0.4817584343285769,-0.8295765349479369,0.7852631578947369,0.9308291310547484,1.0,6/19,21.05%,SDC4;LRP10;SDC1;LPL;RDH11;LDLR,ECM-high Epithelial,Reactome
prerank,REACTOME_RAB_REGULATION_OF_TRAFFICKING,-0.45160550492693585,-0.8196965129111957,0.894,0.9400794963986194,1.0,13/78,16.16%,TRAPPC1;GABARAPL2;GABARAP;YWHAE;MAP1LC3B;TRAPPC2L;RAB13;RAB11B;RAB1B;RAB5C;RAB14;GDI2;TRAPPC3,ECM-high Epithelial,Reactome
prerank,REACTOME_RHOBTB1_GTPASE_CYCLE,-0.4740253870560597,-0.8128941242884018,0.8199152542372882,0.9453752011535865,1.0,7/20,24.15%,SRRM1;RBMX;CCT7;TXNL1;CCT2;VIM;TRA2B,ECM-high Epithelial,Reactome
prerank,REACTOME_APOPTOTIC_EXECUTION_PHASE,-0.46929275531933135,-0.8088423889798199,0.8510204081632653,0.9478305028840455,1.0,5/27,23.60%,HMGB1;BCAP31;LMNA;OCLN;VIM,ECM-high Epithelial,Reactome
prerank,REACTOME_REGULATION_OF_ENDOGENOUS_RETROELEMENTS,-0.45402419608092737,-0.8024605093191794,0.8709677419354839,0.9524833839278135,1.0,2/40,3.97%,SUMO2;ACTB,ECM-high Epithelial,Reactome
prerank,REACTOME_REGULATION_OF_MECP2_EXPRESSION_AND_ACTIVITY,-0.4621398111696046,-0.7999756193276518,0.8185567010309278,0.9530653137049527,1.0,1/21,3.68%,CALM1,ECM-high Epithelial,Reactome
prerank,REACTOME_ASSOCIATION_OF_TRIC_CCT_WITH_TARGET_PROTEINS_DURING_BIOSYNTHESIS,-0.4601513653225915,-0.797234328586211,0.819672131147541,0.953978344474522,1.0,9/24,29.73%,CCT6A;CCT8;CCT7;CCT3;CCT4;CCT2;CCT5;FBXW5;TCP1,ECM-high Epithelial,Reactome
prerank,REACTOME_DAG_AND_IP3_SIGNALING,-0.47208564691527044,-0.7948498486470298,0.8123667377398721,0.954552546721681,1.0,2/16,10.17%,CALM1;PRKAR1A,ECM-high Epithelial,Reactome
prerank,REACTOME_SUMOYLATION_OF_DNA_DAMAGE_RESPONSE_AND_REPAIR_PROTEINS,-0.4374203734061808,-0.7943627863877524,0.8717434869739479,0.9533416831204435,1.0,7/47,21.20%,SUMO2;SUMO1;SUMO3;RAD21;UBE2I;SEC13;NUP58,ECM-high Epithelial,Reactome
prerank,REACTOME_SPHINGOLIPID_METABOLISM,-0.44644338907539166,-0.7943061294107548,0.8971774193548387,0.951762537128856,1.0,4/45,10.47%,SPTSSA;ASAH1;VAPA;CERS2,ECM-high Epithelial,Reactome
prerank,REACTOME_CONSTITUTIVE_SIGNALING_BY_AKT1_E17K_IN_CANCER,0.27690205203021356,0.7900935618056838,0.85,0.7942119854292253,1.0,6/19,7.61%,AKT3;GSK3B;FOXO1;MDM2;RICTOR;FOXO3,ECM-high Epithelial,Reactome
prerank,REACTOME_CLASS_A_1_RHODOPSIN_LIKE_RECEPTORS,-0.45923094060648173,-0.7875972100532155,0.8183716075156576,0.9562192847852525,1.0,8/17,30.89%,CXCL2;C3;CXCL16;HEBP1;PSAP;ANXA1;EDNRB;CXCL3,ECM-high Epithelial,Reactome
prerank,REACTOME_TRANSPORT_OF_BILE_SALTS_AND_ORGANIC_ACIDS_METAL_IONS_AND_AMINE_COMPOUNDS,-0.44128669394110104,-0.7771481891444308,0.8439425051334702,0.9633784438878803,1.0,6/25,22.74%,BSG;SLC39A8;SLC6A14;SLC39A4;SLC39A1;SLC39A7,ECM-high Epithelial,Reactome
prerank,REACTOME_SUMOYLATION,-0.4254805386585761,-0.7756015477553484,0.962,0.9629866318428485,1.0,9/102,16.54%,NPM1;SUMO2;PARK7;NFKBIA;HNRNPK;SUMO1;SUMO3;RAD21;UBE2I,ECM-high Epithelial,Reactome
prerank,REACTOME_GLYCOSPHINGOLIPID_METABOLISM,-0.45069378568615726,-0.7704114782494669,0.8375527426160337,0.965473791702284,1.0,7/18,33.12%,ASAH1;PSAP;SUMF2;CTSA;M6PR;HEXB;ST3GAL5,ECM-high Epithelial,Reactome
prerank,REACTOME_G_PROTEIN_MEDIATED_EVENTS,-0.44349002294122664,-0.7694579876607622,0.8251028806584362,0.9644914343340077,1.0,2/23,10.17%,CALM1;PRKAR1A,ECM-high Epithelial,Reactome
prerank,REACTOME_ANTIGEN_ACTIVATES_B_CELL_RECEPTOR_BCR_LEADING_TO_GENERATION_OF_SECOND_MESSENGERS,-0.4553024650309663,-0.7674118300167931,0.8326180257510729,0.9644121357127482,1.0,1/16,3.68%,CALM1,ECM-high Epithelial,Reactome
prerank,REACTOME_CONSTITUTIVE_SIGNALING_BY_ABERRANT_PI3K_IN_CANCER,-0.43025744443421415,-0.7590779033489842,0.8536585365853658,0.9689146228810899,1.0,2/25,8.68%,RAC1;AREG,ECM-high Epithelial,Reactome
prerank,REACTOME_SIGNALING_BY_RHO_GTPASES_MIRO_GTPASES_AND_RHOBTB3,-0.4125685462413089,-0.7545013728938509,1.0,0.9704969907405918,1.0,45/375,15.51%,RPS27;MYL12B;MYL6;PFN1;ACTG1;CFL1;CALM1;ACTB;DYNLL1;BRK1;RHOA;ARPC3;TUBB4B;HSPE1;TMEM59;YWHAB;LAMTOR1;HSP90AB1;ARPC2;RAC1;YWHAE;C1QBP;ARPC1B;RHOB;TUBA1B;DDRGK1;HINT2;CKB;TUBA1C;SRRM1;SFN;ARPC5;NDUFA5;BCAP31;RHOBTB2;YWHAQ;NUDC;CDC42;CCT6A;EMD;S100A9;RBMX;PIN1;ARHGDIA;CCT7,ECM-high Epithelial,Reactome
prerank,REACTOME_PRE_NOTCH_EXPRESSION_AND_PROCESSING,-0.4267669064115291,-0.7443489310848841,0.8790983606557377,0.9753812613846939,1.0,3/26,8.06%,JUN;TMED2;ELF3,ECM-high Epithelial,Reactome
prerank,REACTOME_RHOF_GTPASE_CYCLE,-0.43286223954946196,-0.743782811148369,0.8884297520661157,0.9740957157454708,1.0,1/24,3.97%,ACTB,ECM-high Epithelial,Reactome
prerank,REACTOME_RETROGRADE_TRANSPORT_AT_THE_TRANS_GOLGI_NETWORK,-0.41481089640611873,-0.7318186340959337,0.8906882591093117,0.9801347482808427,1.0,11/32,30.77%,NAA38;NAPA;STX10;ARL1;SCOC;VPS51;VAMP3;M6PR;TGOLN2;ARFIP2;SYS1,ECM-high Epithelial,Reactome
prerank,REACTOME_FCERI_MEDIATED_CA_2_MOBILIZATION,-0.4287952707386393,-0.7293358800542802,0.8659574468085106,0.9798754094316108,1.0,1/18,3.68%,CALM1,ECM-high Epithelial,Reactome
prerank,REACTOME_NONHOMOLOGOUS_END_JOINING_NHEJ,-0.4184144006802746,-0.7164341518135487,0.8477801268498943,0.9856036162519008,1.0,5/17,36.40%,XRCC6;UBE2N;UBE2V2;BABAM1;XRCC5,ECM-high Epithelial,Reactome
prerank,REACTOME_GLYCOSAMINOGLYCAN_METABOLISM,0.21282279402659787,0.7162982690385985,1.0,0.8767548596112311,1.0,19/56,17.28%,EXT1;CHST11;GPC5;GPC6;VCAN;UST;LUM;CEMIP;CHSY1;CSGALNACT1;HS2ST1;DCN;CHSY3;DSE;HS6ST2;XYLT1;ABCC5;PAPSS2;ST3GAL3,ECM-high Epithelial,Reactome
prerank,REACTOME_HATS_ACETYLATE_HISTONES,-0.4015800099887553,-0.7113925755085905,0.9435483870967742,0.9866306018739901,1.0,8/50,22.01%,ACTB;MBIP;ENY2;MORF4L1;MEAF6;TAF9;MORF4L2;TAF10,ECM-high Epithelial,Reactome
prerank,REACTOME_MEIOSIS,-0.4000549685471543,-0.701666952284044,0.8813905930470347,0.9900943968655733,1.0,6/24,25.51%,CDK4;RAD21;UBE2I;LMNA;TERF2IP;RPA3,ECM-high Epithelial,Reactome
prerank,REACTOME_O_LINKED_GLYCOSYLATION,-0.39499519136421035,-0.698441622915096,0.9186991869918699,0.9902195847898867,1.0,1/31,2.87%,MUC1,ECM-high Epithelial,Reactome
prerank,REACTOME_FACTORS_INVOLVED_IN_MEGAKARYOCYTE_DEVELOPMENT_AND_PLATELET_PRODUCTION,-0.38408886218902355,-0.6892014386862706,0.976,0.9931291865896429,1.0,8/63,13.61%,ACTB;TUBB4B;RAC1;TUBA1B;PRKAR1A;TUBA1C;KIF22;CDC42,ECM-high Epithelial,Reactome
prerank,REACTOME_COLLAGEN_BIOSYNTHESIS_AND_MODIFYING_ENZYMES,-0.3891217900372088,-0.6695609532909618,0.9248434237995825,1.0,1.0,2/22,7.73%,PPIB;P4HB,ECM-high Epithelial,Reactome
prerank,REACTOME_TRANSPORT_OF_THE_SLBP_DEPENDANT_MATURE_MRNA,-0.3862399911710519,-0.6656883231938786,0.9050632911392406,1.0,1.0,9/19,50.20%,SEC13;NUP58;EIF4E;NCBP2;SLBP;TPR;ALYREF;NXF1;SEH1L,ECM-high Epithelial,Reactome
prerank,REACTOME_DISEASES_OF_GLYCOSYLATION,-0.3702491350806973,-0.6633470254686535,0.963855421686747,0.9994076815002517,1.0,5/53,13.22%,MUC1;SDC4;DPM3;DPM2;GALE,ECM-high Epithelial,Reactome
prerank,REACTOME_RAB_GEFS_EXCHANGE_GTP_FOR_GDP_ON_RABS,-0.36615764227219383,-0.6613250496963593,0.976,0.998535414895118,1.0,9/60,16.16%,TRAPPC1;YWHAE;TRAPPC2L;RAB13;RAB1B;RAB5C;RAB14;GDI2;TRAPPC3,ECM-high Epithelial,Reactome
prerank,REACTOME_COLLAGEN_FORMATION,-0.3585433452398725,-0.6330917855791861,0.9574036511156186,1.0,1.0,3/32,7.73%,PPIB;CD151;P4HB,ECM-high Epithelial,Reactome
prerank,REACTOME_TRANSCRIPTIONAL_REGULATION_BY_MECP2,-0.35419212433728997,-0.6281647445177895,0.9391480730223124,1.0,1.0,1/29,3.68%,CALM1,ECM-high Epithelial,Reactome
prerank,REACTOME_APOPTOTIC_CLEAVAGE_OF_CELLULAR_PROTEINS,-0.3640264725193823,-0.6251714981251573,0.9423868312757202,1.0,1.0,4/21,23.60%,BCAP31;LMNA;OCLN;VIM,ECM-high Epithelial,Reactome
prerank,REACTOME_BILE_ACID_AND_BILE_SALT_METABOLISM,-0.36415775222592905,-0.6249979020202633,0.9276595744680851,1.0,1.0,2/16,17.50%,SCP2;HSD17B4,ECM-high Epithelial,Reactome
prerank,REACTOME_MEIOTIC_SYNAPSIS,-0.36225462908964173,-0.6197645643229927,0.9349240780911063,1.0,1.0,4/16,25.27%,RAD21;UBE2I;LMNA;TERF2IP,ECM-high Epithelial,Reactome
prerank,REACTOME_TRANSPORT_OF_MATURE_MRNAS_DERIVED_FROM_INTRONLESS_TRANSCRIPTS,-0.3558036309774518,-0.6184250562483293,0.9476987447698745,1.0,1.0,6/22,39.54%,SEC13;NUP58;EIF4E;NCBP2;SLBP;TPR,ECM-high Epithelial,Reactome
prerank,REACTOME_HDACS_DEACETYLATE_HISTONES,-0.3478078712882301,-0.6129030864380411,0.944558521560575,1.0,1.0,1/27,4.12%,SAP18,ECM-high Epithelial,Reactome
prerank,REACTOME_REGULATION_OF_ENDOGENOUS_RETROELEMENTS_BY_PIWI_INTERACTING_RNAS_PIRNAS,-0.3460762178341914,-0.6112943547253213,0.9570552147239264,1.0,1.0,1/28,3.97%,ACTB,ECM-high Epithelial,Reactome
prerank,REACTOME_NUCLEOTIDE_CATABOLISM,-0.35669586890570826,-0.6087622514486491,0.9191489361702128,1.0,1.0,4/15,18.45%,NUDT16;DNPH1;NUDT5;NT5C,ECM-high Epithelial,Reactome
prerank,REACTOME_NS1_MEDIATED_EFFECTS_ON_HOST_PATHWAYS,-0.3507363657729451,-0.6055710597164647,0.9302325581395349,1.0,1.0,2/19,21.20%,SEC13;NUP58,ECM-high Epithelial,Reactome
prerank,REACTOME_SIGNALING_BY_GPCR,-0.33298086889802275,-0.6040571577114451,1.0,1.0,1.0,10/133,10.56%,GNG5;CALM1;RHOA;GNB2;CXCL2;PPP1CA;C3;RHOB;PRKAR1A;GNAS,ECM-high Epithelial,Reactome
prerank,REACTOME_G_ALPHA_Q_SIGNALLING_EVENTS,-0.3355710676716581,-0.5983999876339491,0.974,1.0,1.0,2/45,7.58%,GNG5;GNB2,ECM-high Epithelial,Reactome
prerank,REACTOME_CD28_CO_STIMULATION,-0.33920294057244205,-0.5963814681524563,0.9363057324840764,0.9991418606801852,1.0,2/20,13.61%,RAC1;CDC42,ECM-high Epithelial,Reactome
prerank,REACTOME_INTRA_GOLGI_TRAFFIC,-0.33496208301968905,-0.5876293152257801,0.9604989604989606,0.9998769672654633,1.0,2/24,11.15%,ARF1;NAPA,ECM-high Epithelial,Reactome
prerank,REACTOME_DISASSEMBLY_OF_THE_DESTRUCTION_COMPLEX_AND_RECRUITMENT_OF_AXIN_TO_THE_MEMBRANE,-0.34279442748531297,-0.5844383043305007,0.9395248380129589,0.9990844773283872,1.0,5/16,31.95%,PPP2R1A;PPP2CB;PPP2R5A;PPP2CA;FZD5,ECM-high Epithelial,Reactome
prerank,REACTOME_CARGO_TRAFFICKING_TO_THE_PERICILIARY_MEMBRANE,-0.3328761898482579,-0.5833120375366058,0.9484536082474226,0.997727575772745,1.0,7/25,23.46%,ARF4;CCT8;CCT3;CCT4;MKKS;CCT2;CCT5,ECM-high Epithelial,Reactome
prerank,REACTOME_CHROMATIN_MODIFYING_ENZYMES,-0.31219988216725086,-0.5668315834810741,1.0,1.0,1.0,14/133,19.97%,RPS2;ACTB;SAP18;MBIP;ENY2;MORF4L1;DPY30;CDK4;PRMT1;RBBP4;MEAF6;TAF9;MORF4L2;CCND1,ECM-high Epithelial,Reactome
prerank,REACTOME_TRANSCRIPTIONAL_REGULATION_OF_WHITE_ADIPOCYTE_DIFFERENTIATION,-0.31767575188421726,-0.5637813008068255,0.994,0.9993053342197139,1.0,13/55,26.98%,CEBPD;ADIRF;CDK4;KLF5;CEBPA;LPL;CEBPB;MED11;MED10;CD36;MED28;CCNC;MED8,ECM-high Epithelial,Reactome
prerank,REACTOME_NEGATIVE_REGULATION_OF_THE_PI3K_AKT_NETWORK,-0.3038998167888747,-0.5493825963996204,0.9879759519038076,1.0,1.0,9/47,26.79%,RAC1;AREG;PPP2R1A;IER3;MET;AKT1;ERBB3;PPP2CB;PPP2R5A,ECM-high Epithelial,Reactome
prerank,REACTOME_ADIPOGENESIS,-0.30201140653211545,-0.5414023120360204,1.0,1.0,1.0,22/69,34.71%,CEBPD;ADIRF;CDK4;KLF5;CEBPA;RBBP4;LPL;CEBPB;MED11;MED10;CD36;MED28;CCNC;MED8;RBBP7;HDAC2;SMARCD3;MED21;MED31;MED29;MED30;CHD4,ECM-high Epithelial,Reactome
prerank,REACTOME_SIGNALLING_TO_ERKS,-0.3075562082908693,-0.5394425051102745,0.9733606557377049,0.9995711929239491,1.0,1/22,6.41%,YWHAB,ECM-high Epithelial,Reactome
prerank,REACTOME_RHOG_GTPASE_CYCLE,-0.29836378706510547,-0.5368354176849292,0.992,0.998438161503539,1.0,13/54,24.49%,HSPE1;LAMTOR1;NDUFA5;CDC42;EMD;ARHGDIA;NDUFS3;CDC42EP1;KTN1;LMAN1;VAMP3;ARHGDIB;RAB7A,ECM-high Epithelial,Reactome
prerank,REACTOME_PI3K_AKT_SIGNALING_IN_CANCER,-0.29816194973850296,-0.5333137411928158,0.9819277108433735,0.9975024652735306,1.0,4/45,14.73%,RAC1;AREG;BAD;NR4A1,ECM-high Epithelial,Reactome
prerank,REACTOME_NUCLEAR_PORE_COMPLEX_NPC_DISASSEMBLY,-0.31571467753494903,-0.5324355488196457,0.971677559912854,0.9960656621443348,1.0,2/15,21.20%,SEC13;NUP58,ECM-high Epithelial,Reactome
prerank,REACTOME_RHO_GTPASE_CYCLE,-0.2884163917058126,-0.5266717046487847,1.0,0.995490742153644,1.0,33/273,19.37%,ACTG1;ACTB;BRK1;RHOA;HSPE1;TMEM59;LAMTOR1;HSP90AB1;RAC1;C1QBP;RHOB;TUBA1B;DDRGK1;HINT2;CKB;SRRM1;NDUFA5;BCAP31;RHOBTB2;NUDC;CDC42;CCT6A;EMD;RBMX;ARHGDIA;CCT7;NDUFS3;TXNL1;EMC3;CDC42EP1;SLC1A5;TMEM87A;KTN1,ECM-high Epithelial,Reactome
prerank,REACTOME_REGULATION_OF_TP53_ACTIVITY_THROUGH_ACETYLATION,-0.29320629646689683,-0.5205161320227076,0.9734151329243353,0.9949147201219782,1.0,10/23,37.33%,PIN1;RBBP4;MEAF6;AKT1;RBBP7;HDAC2;BRD7;CHD4;ING2;PIP4P1,ECM-high Epithelial,Reactome
prerank,REACTOME_EXTRACELLULAR_MATRIX_ORGANIZATION,-0.27251170005297626,-0.4923246946060346,1.0,0.997831919113308,1.0,14/103,20.57%,PPIB;SDC4;CD151;P4HB;BSG;CAPNS1;CTSD;CD47;SDC1;CD44;CRTAP;ITGB6;ICAM1;BMP2,ECM-high Epithelial,Reactome
prerank,REACTOME_RAC3_GTPASE_CYCLE,-0.2729880138615697,-0.488672030721844,0.9979919678714859,0.9967414756441741,1.0,10/58,24.49%,BRK1;LAMTOR1;CDC42;EMD;CDC42EP1;SLC1A5;LMAN1;VAMP3;ARHGDIB;RAB7A,ECM-high Epithelial,Reactome
prerank,REACTOME_SYNTHESIS_OF_PIPS_AT_THE_PLASMA_MEMBRANE,-0.25946689480036567,-0.4576739012981362,0.9918367346938776,0.9989778604223482,1.0,2/29,14.78%,ARF1;RAB14,ECM-high Epithelial,Reactome
prerank,REACTOME_CHONDROITIN_SULFATE_DERMATAN_SULFATE_METABOLISM,-0.2484679340227552,-0.43640517462947237,0.9939024390243902,0.9995321616959085,1.0,1/26,5.46%,SDC4,ECM-high Epithelial,Reactome
prerank,REACTOME_RHOD_GTPASE_CYCLE,-0.2480997318514962,-0.43451737691200787,0.993963782696177,0.9981282506147902,1.0,5/33,24.49%,HINT2;EMD;LMAN1;VAMP3;RAB7A,ECM-high Epithelial,Reactome
prerank,REACTOME_RHOQ_GTPASE_CYCLE,-0.24466973161572403,-0.4342473293695128,0.9959919839679359,0.9965753620080435,1.0,6/42,24.49%,LAMTOR1;CDC42;CDC42EP1;SLC1A5;VAMP3;RAB7A,ECM-high Epithelial,Reactome
prerank,REACTOME_PI_METABOLISM,-0.225603046702851,-0.4013291655680265,0.9959839357429718,0.9972637333425795,1.0,6/40,27.59%,ARF1;RAB14;GDE1;ARF3;PTPN13;RAB4A,ECM-high Epithelial,Reactome
