gene,spearman_r,pval
MDK,0.5864454912876398,0.0
AQP5,0.578714311942992,0.0
PRSS23,0.5397080201376412,0.0
VMO1,0.5236305216864108,0.0
SERPINB3,0.49483536176380283,0.0
LY6E,0.4917304768951333,0.0
KRT19,0.48854040533690085,0.0
LCN2,0.4833377867785923,0.0
KLK11,0.47860228944758454,0.0
BPIFB1,0.47487983004006734,0.0
FAM3D,0.4712396002148882,0.0
PERP,0.46855966091123924,0.0
TACSTD2,0.4674721206422999,0.0
S100A2,0.45869796161003823,0.0
TSPAN8,0.45866807436206647,0.0
SERPINF1,0.45776776473236963,0.0
ALDH1A1,0.4566525816589532,0.0
ADH1C,0.45620757193225264,0.0
S100P,0.4486787263567407,0.0
MSMB,0.44206252405781526,0.0
ALDH3A1,0.43844479572585043,0.0
CYP2F1,0.43406910923524783,0.0
CYBA,0.4295426889974844,0.0
GLUL,0.42935060180673273,0.0
TIMP1,0.4200365069467377,0.0
WFDC2,0.413387193442628,0.0
LY6D,0.41047330805460147,0.0
AKR1C2,0.39967608185911446,0.0
DDIT4,0.3974526675708708,0.0
CP,0.39718481724596777,0.0
KRT5,0.3901011368750383,0.0
AGR2,0.3895166142601559,0.0
ADH7,0.38751301730325244,0.0
KRT17,0.38232250173717175,0.0
FXYD3,0.38179196410114463,0.0
PKM,0.37810544725637624,0.0
PLPP2,0.3772653159540215,0.0
HSPB1,0.36948253625171523,0.0
PI3,0.36826097134158503,0.0
NTS,0.36688750404549264,0.0
LYPD2,0.3636635562476604,0.0
TSPAN1,0.35785327103184095,0.0
CLU,0.35248098402672495,0.0
NDRG2,0.34934882044577165,0.0
AQP3,0.3473270539881752,0.0
SERPINB4,0.34443384498917656,0.0
MT1X,0.34407875621437856,0.0
KRT15,0.341896644524264,0.0
CXCL1,0.33884057499045905,0.0
HLA-A,0.3314542236088421,0.0
ALDOA,0.3309245443933253,0.0
FMO2,0.3305318723503951,0.0
TMEM45A,0.3288154936223565,0.0
BPIFA1,0.3273136198135586,0.0
CXCL6,0.3263985828404674,0.0
PSCA,0.32516712338821724,0.0
RARRES1,0.3199287164628077,0.0
BTF3,0.31827251760089814,0.0
SOX4,0.3169970144339822,0.0
MUC5AC,0.31493180867589227,0.0
PABPC1,0.31336488002514046,0.0
CLEC2B,0.3108772045269421,0.0
BBLN,0.31082744422814096,0.0
SAA1,0.3080720052553469,0.0
MUC5B,0.30464820285650485,0.0
HES1,0.3024153227236484,0.0
GSTA1,0.30240364342109155,0.0
LGALS7B,0.3014417770814684,0.0
LYNX1,0.3003016154114846,0.0
KRT4,0.29869294966763954,0.0
CEACAM5,0.2967560045620833,0.0
ADIRF,0.2962583936498843,0.0
KRT6A,0.28835715883091995,0.0
MMP10,0.28457818560780906,0.0
SCGB1A1,0.2780456764267462,0.0
RPL7,0.27548779029060866,0.0
FBLN1,0.2749370670196633,0.0
MUC16,0.2718109445979541,0.0
TCN1,0.2717307412022844,0.0
C15orf48,0.26751812145232856,0.0
SCGB3A1,0.2664752570205116,0.0
TMEM59,0.2631667441554724,0.0
ELF3,0.26179300745260786,0.0
RPL31,0.26043457673163467,0.0
CHST9,0.2553956317871506,0.0
SPARCL1,0.2547573311317123,0.0
KRT18,0.2536412244848808,0.0
GSN,0.2531991435592557,0.0
PSME2,0.25085312277982036,0.0
ANXA1,0.2507694964900772,0.0
S100A9,0.25020766083268287,0.0
RPL27A,0.24958776225511967,0.0
EID1,0.24817843653726712,0.0
S100A4,0.24732036646548666,0.0
SAA2,0.24393024516214842,0.0
RIMS1,0.2436126634744658,0.0
DHRS9,0.2435458681164984,0.0
ANKRD36C,0.24342489346483234,0.0
EIF3K,0.24340816400670504,0.0
FCGBP,0.24265915040420685,0.0
DUSP23,0.24254689265115892,0.0
IGFBP2,0.241781941062527,0.0
EPAS1,0.24100990492057775,0.0
EEF1D,0.23838667197135013,0.0
TFF3,0.23733846210436288,0.0
RPS17,0.23662579430602795,0.0
S100A8,0.23609481908168045,0.0
MMP7,0.2352886861253047,0.0
PRKAR2B,0.23527754957502192,0.0
F3,0.2316773045536329,0.0
LTF,0.231553732816889,0.0
SLC25A6,0.2310882125205788,0.0
C19orf33,0.23005631872565843,0.0
HIGD2A,0.22969101887656174,0.0
RPL27,0.2294490562747386,0.0
RPS29,0.22896274134124225,0.0
RPL4,0.22869368615349497,0.0
ATP5MC3,0.22845358966191587,0.0
FTH1,0.22833718339259387,0.0
CHCHD10,0.22785860772187583,0.0
CXCL8,0.22593098115793486,0.0
UQCRH,0.2231313994441604,0.0
TPI1,0.2224037019724756,0.0
DUSP2,0.21845043566808675,0.0
POMP,0.2176520074357382,0.0
COX6B1,0.21656201016016516,0.0
KRT10,0.21385830333908493,0.0
DLK2,0.21212156401095592,0.0
ATP5F1B,0.2116627688870093,0.0
RPS11,0.2113676772090542,0.0
KRT14,0.20948859304459247,0.0
KRT13,0.2094492853766503,0.0
YBX1,0.20899214572589822,0.0
ATP6V1G1,0.208798285723917,0.0
IFI27,0.2087215909041334,0.0
PSME1,0.20828783867171677,0.0
SPRR3,0.2082195163485331,0.0
CFL1,0.20797462006515366,0.0
HCAR3,0.20667566574487709,2.25116641627932e-309
SCPEP1,0.20666000422854855,2.511849128757643e-309
CYP26A1,0.20582875428382252,8.318325741770852e-307
NDUFA1,0.2044510441941684,1.1815158021729627e-302
SH3BGRL3,0.20262630813409457,3.354179959167034e-297
PRDX2,0.2025266252006535,6.636778557492128e-297
KRT7,0.20187068297459765,5.864367809589519e-295
ATP5F1A,0.20127666315276657,3.3485098074206266e-293
MT-CO3,0.20096462583529662,2.788430765976855e-292
CXCL17,0.2006085373805378,3.118386090675514e-291
XBP1,0.20044334557121837,9.543003303691815e-291
ITM2C,0.20032549049148568,2.1182608449885704e-290
COX7B,0.19970728800064846,1.3766982526398906e-288
GUK1,0.19914065303443151,6.239584773638817e-287
NDUFB7,0.19799457879224935,1.3479430600109992e-283
NUCB2,0.19720021556545006,2.683396123993773e-281
S100A13,0.19700169296168046,1.0038817107485844e-280
IFITM1,0.19631582602768952,9.473605623876361e-279
COMMD6,0.1949802298647841,6.321491649869972e-275
CCDC80,0.19357924106154914,6.055478391385189e-271
RPS20,0.19309498244471385,1.4162100087600065e-269
HLA-E,0.19275438393131242,1.29352864133414e-268
RAC1,0.1914230690402909,7.066763178105109e-265
RPL26,0.19125077535518228,2.142259225818518e-264
ARPC3,0.19043473620494789,4.034625645669018e-262
S100A14,0.19039126215863908,5.329739006123306e-262
COX5A,0.19004581267472925,4.856895290698612e-261
HMGN1,0.18755705091823552,3.5064471886867036e-254
PDIA3,0.18691073398246127,2.0423868787071473e-252
LGALS3BP,0.18614469090600982,2.47723179266963e-250
RPL38,0.18521583366045927,8.098594864728082e-248
FER1L6,0.18509088015892106,1.7604994486180682e-247
PIGR,0.184574235695038,4.338909519067242e-246
PSMB1,0.18427670318631956,2.7352158156995063e-245
TSC22D1,0.18380482811229343,5.038689928571844e-244
MT-CO1,0.18269235650820118,4.695518579412679e-241
EEF2,0.18008128923093394,3.6773385504152656e-234
UQCRB,0.17933658640637612,3.253513995579616e-232
COX8A,0.17862112928903576,2.369348729111917e-230
EEF1B2,0.17767392459333073,6.728886586015051e-228
STATH,0.17668141586709066,2.419469295563228e-225
EPHX1,0.1755356205034848,2.066846042526786e-222
NDUFB4,0.1734377589258822,4.269424983337276e-217
SOD1,0.17270528888522918,2.952374687180113e-215
NPM1,0.17232833433828196,2.5928808891998375e-214
MDH2,0.1719213085156469,2.6928844225096006e-213
MGP,0.17191007295677876,2.8723630861005927e-213
BCAP31,0.17131315547555834,8.793695300301248e-212
YWHAZ,0.16965797282874195,1.0861435494139078e-207
PSMB6,0.16861246030305835,3.9702737972852125e-205
MT-CYB,0.16844617241850054,1.01136993959224e-204
MT-CO2,0.167635838135077,9.50085178099993e-203
ANXA11,0.16744102249663365,2.822059452742422e-202
ATP5F1D,0.16730342388096525,6.083569641374287e-202
ATP5PF,0.16684452899717703,7.84522407730897e-201
EDF1,0.16582940418301442,2.1857656430972936e-198
SEM1,0.16548095080815248,1.4970988820905346e-197
SYT8,0.16452120468861375,2.9329059785707236e-195
ATP5F1C,0.16405864003067347,3.689529485925314e-194
SIX3,0.16388791383001722,9.376077961922484e-194
APP,0.16380252566944262,1.4943048110956534e-193
RPL23,0.16354201016968176,6.184736655451409e-193
EIF3F,0.1626047291088582,1.0050530697688181e-190
SPOCK3,0.1620188741746506,2.3840773605007413e-189
CENPW,0.16124054941401642,1.570901897389566e-187
PSMA7,0.1603240775426203,2.118398542458616e-185
TXNDC17,0.15991531838630899,1.8700012675360113e-184
ALDH2,0.15952132370036015,1.51744429676734e-183
HNRNPA1,0.159463640015778,2.0608149523960058e-183
RBM8A,0.1594138403927121,2.683839978712087e-183
SPCS2,0.15915003272895129,1.0860065108987772e-182
NCL,0.15890040332341196,4.067330392126615e-182
SNRPD2,0.15869135471341037,1.2269670172370825e-181
FOSL1,0.15855994892538353,2.454241639312371e-181
C12orf57,0.15854880494727783,2.6027892302903107e-181
SAP18,0.1583511981022511,7.373625822931053e-181
TMED2,0.15785377873412054,1.0079848581488807e-179
CRIP2,0.15650185476393863,1.1787401838182332e-176
CEACAM6,0.15640623806839477,1.9380146146548663e-176
ATP6V1B1,0.1546466121873,1.7242204085587873e-172
HNRNPK,0.15452680701869081,3.1899090419249736e-172
SPRR2A,0.15422561534417153,1.494613888710075e-171
BRK1,0.1537609417816724,1.6094114517781183e-170
APRT,0.1533376042504873,1.3936502332528616e-169
JTB,0.15322323273984878,2.4944072889725515e-169
NDUFB10,0.15296815356001459,9.122190948748576e-169
TALDO1,0.15295176436852906,9.91397056543903e-169
UQCRQ,0.15189660899673088,2.065428497186378e-166
ID1,0.15111078839775732,1.0739939939202119e-164
TMED10,0.15088801098428728,3.2793578464059467e-164
PARK7,0.1508409805660277,4.149888898116379e-164
APOD,0.15068236201385943,9.175711948243631e-164
EIF3H,0.1505224429543328,2.0402593419362173e-163
NDUFS5,0.15028831764627584,6.562581679886761e-163
SLC22A18AS,0.15022858523944949,8.838794582717949e-163
SPCS1,0.15021285320364963,9.559680044820142e-163
IL19,0.14986123877474766,5.501796353069123e-162
P2RY1,0.14965025898635922,1.5691818372258654e-161
LSM7,0.14890397648727247,6.314517037578152e-160
EGFL6,0.14860650325036004,2.7393006837348674e-159
POSTN,0.14763526293437157,3.2296443131796463e-157
ZFP36L1,0.14625718663750922,2.6553132837730618e-154
ERH,0.14625377435965078,2.6995926062798676e-154
NDUFB11,0.14527800855497253,3.006226065527708e-152
KLK14,0.14489482445589782,1.896156974005202e-151
PDLIM1,0.144553528140804,9.737361499880757e-151
LINC03078,0.1435600232210651,1.1142133823288129e-148
RPL36AL,0.14354581859073948,1.192046410999973e-148
NCCRP1,0.14316740954841958,7.184407734350365e-148
PAX7,0.14242265600385426,2.4292271614223117e-146
ITM2A,0.1419692970237272,2.052197154447596e-145
CLDN22,0.14166358691605146,8.618198235272633e-145
RPL36A,0.14150311452889539,1.8280381073502246e-144
AURKAIP1,0.14097865850633898,2.1212838610367513e-143
SRP9,0.14045014828666302,2.484811565058096e-142
YWHAB,0.14039049597332007,3.2783421142116295e-142
TUFM,0.14004778106040497,1.607402786952138e-141
DUOXA2,0.13986919541187606,3.6747613671567235e-141
ATP1B1,0.1380627622274281,1.482368701190532e-137
OST4,0.13648953188647944,1.86921450569214e-134
PDIA6,0.13566762113201994,7.532742339502448e-133
ZFAS1,0.135245022365657,4.9938761542787265e-132
ATP5ME,0.13409088535032157,8.481135529100282e-130
MT-ND1,0.13271023407678326,3.717105374570019e-127
TMPRSS11A,0.1322032521193193,3.413365770574034e-126
LINC00342,0.13210155506198337,5.319752491235577e-126
PADI1,0.13206883463303046,6.13566641660689e-126
FKBP2,0.1320029351366978,8.177544447085553e-126
ATP6V1F,0.13195135480753373,1.0238354303882002e-125
ATP5MJ,0.13183042754478946,1.733447413750583e-125
SRI,0.13167056113918665,3.4745240835469347e-125
NDUFB9,0.13126725879682474,2.000074322805225e-124
ACTB,0.13060222441318736,3.5421010198968434e-123
PRDM1,0.13048990311520442,5.7468974435785717e-123
CD24,0.1293670824954218,7.082385151921932e-121
MRPL52,0.128405274263946,4.2297074264860464e-119
ATP5MF,0.12777075653885642,6.1741194043596135e-118
NDUFC1,0.12768968933711144,8.687522542260236e-118
TMEM14C,0.12678042826760175,3.943182977068717e-116
CPA4,0.1266088226491868,8.076030753940481e-116
CLTA,0.12652039587115896,1.168059255819878e-115
CLDN7,0.12624829264502146,3.6300202594511104e-115
LAPTM4A,0.12597114476561708,1.1491108022645166e-114
MT2A,0.1258312014500618,2.0541459640414213e-114
MUCL1,0.12562891685024993,4.750844888003785e-114
SCAND1,0.12518303228093747,3.001208050491796e-113
UQCR11,0.12471218462340078,2.086715647867179e-112
P4HB,0.12416656715529004,1.95562730404395e-111
LYZ,0.12407122389465806,2.888396083419486e-111
SSR4,0.12384028091606859,7.41919715230164e-111
MT-ATP6,0.12285806414613247,4.018685573080444e-109
UBE2S,0.12258109302398017,1.2314263058725537e-108
GAS1,0.12257734462823025,1.2502083159410935e-108
HSP90B1,0.12227157274302951,4.2909342119367535e-108
TWIST1,0.12219099379790707,5.935536242457865e-108
ARID5A,0.12185716896476637,2.2709249592771817e-107
SNRPG,0.12133014369284792,1.87446542069349e-106
ISLR,0.12127933344955369,2.296350472278081e-106
UXT,0.12109169470147163,4.856031999484197e-106
CDH11,0.12048796029219562,5.3611732509363015e-105
KISS1,0.11994653478159259,4.5714207921133043e-104
SLC26A4,0.11940630574858953,3.8415235359001587e-103
COPE,0.11922816122714845,7.734121128676873e-103
CYP2A6,0.11915343278436584,1.0369464168599023e-102
NDUFB2,0.11853778277569377,1.1528640361944096e-101
SERPINB7,0.11818914062032602,4.484130601086714e-101
BCL2,0.11815259248011703,5.1690938985120306e-101
UBXN4,0.11801867387099076,8.698796940101758e-101
TMEM50A,0.11782775659308638,1.8249868002593175e-100
TECR,0.11763298437567626,3.8815781121885837e-100
COPS9,0.11701627595559036,4.198557246336782e-99
ARF5,0.11634557820744648,5.51324294444743e-98
CHMP2A,0.11553101950610482,1.2323760491095477e-96
PSAP,0.115338406725514,2.5609070184569024e-96
BSG,0.11524174782798814,3.6948450735586694e-96
HSBP1,0.11493440931147064,1.1827493179620414e-95
MAFB,0.11465722234362426,3.368480140623063e-95
ANAPC11,0.1144862677920941,6.415230438249638e-95
SLC25A5,0.11417052764710627,2.102907124030559e-94
B3GALT5-AS1,0.11368519492289371,1.2958003303323892e-93
NDUFV2,0.11352036582962129,2.3986175518415395e-93
TOMM7,0.11295453282675556,1.9722769284015975e-92
WDR83OS,0.1129388172001531,2.090811836829379e-92
TRIAP1,0.11283833106438974,3.035984688351509e-92
TRIR,0.11216310000785024,3.6894435280718535e-91
REEP5,0.11210119223163911,4.635261390671076e-91
LGR6,0.11189229309494808,1.0002447074246848e-90
PRR4,0.11134839519493053,7.35906378781812e-90
RUNX3,0.11133954665655338,7.6012906166556315e-90
BCL11B,0.11033579199546682,2.9441357967454424e-88
GRAMD1B,0.1094786020316035,6.509324379716086e-87
SNU13,0.10941345040745691,8.2280116669183e-87
CCNI,0.10929855667284881,1.2433535514888014e-86
SLC25A3,0.10904369031688604,3.102031913455364e-86
LAMTOR5,0.10896230902067602,4.151736133152383e-86
CRISP3,0.10883080207329897,6.64625501662499e-86
ADRA2A,0.10881384220781187,7.061751869767465e-86
PHYHIP,0.10876592628650779,8.380968151715155e-86
ROMO1,0.10864598224434341,1.286298079140479e-85
SF3B6,0.10847916742451634,2.332080409026076e-85
MT-ND5,0.10698365564183772,4.6374799829593145e-83
AZGP1,0.10689694636530639,6.288604184651003e-83
HSPE1,0.10595745993547827,1.6776967551150317e-81
MAP7-AS1,0.10581139748086703,2.7879741253465214e-81
CYP3A5,0.1055359844561355,7.250366508411846e-81
PRDX3,0.10504321538904635,3.983459335777119e-80
SFN,0.10407035639718329,1.1237953361155751e-78
HSP90AA1,0.10352937870237053,7.100552368094103e-78
ENSG00000272512,0.10310639280298824,2.98074791689556e-77
RNF125,0.10306821917062335,3.391761235164951e-77
IL1R2,0.10282404213124194,7.740500639300803e-77
LAMTOR4,0.10280614751994681,8.222359609357508e-77
PROM1,0.1026935753027212,1.2019398913143987e-76
FBLN2,0.10242676823198792,2.9508462582959626e-76
CDT1,0.10197517108634903,1.342208834158369e-75
SCP2,0.10164011910617422,4.1115644036968407e-75
MT-ND2,0.10160939375346321,4.555234353716942e-75
ARL6IP4,0.1014189493915956,8.591164885215045e-75
BPIFB2,0.10098242080119148,3.6614835416841875e-74
CUTA,0.10047994138883043,1.927399138671247e-73
ATP5PD,0.10021488964901609,4.613025357768425e-73
AKAP12,0.09990983659636034,1.2558671034424007e-72
PGLYRP4,0.09949038826244327,4.952400420105927e-72
SELENOH,0.09941537562661351,6.325741678989985e-72
GNB2,0.09939017934283768,6.867478207249715e-72
TMEM219,0.09934906010968043,7.852633365909769e-72
KRT24,0.09883858955999404,4.127849134466207e-71
SUB1,0.09868878407436361,6.706758929831506e-71
PRSS21,0.09824878616844154,2.7781348905295298e-70
HNRNPA3,0.09823658937775644,2.8895053292537504e-70
RBP7,0.09801173400013294,5.958514420735516e-70
SYNGR2,0.09750445675957063,3.0307955090814495e-69
SARAF,0.09686274631420183,2.3434966887371977e-68
PSMD8,0.09586361346116484,5.509663786833696e-67
ST13,0.09552832815782619,1.577841179200723e-66
ATP5MK,0.0953244044576848,2.9866562502718967e-66
CD99,0.09523540662233818,3.9440370776352215e-66
MMP3,0.09470728199289934,2.042555381077199e-65
CNBP,0.09465633800293341,2.3925321232283512e-65
FYB1,0.09429731231367405,7.2752059022485845e-65
LINC01116,0.094117679651739,1.2670789232735631e-64
IVL,0.0941013021339777,1.3327518151724003e-64
SSR2,0.09397144327025635,1.988938861133048e-64
CALR,0.09373114953416638,4.1659898275094375e-64
LINC02983,0.09353581015188063,7.588074158325993e-64
SKAP1,0.09345745612055617,9.647917987607282e-64
SRRM1,0.09340239064340539,1.1420415500422901e-63
ERGIC3,0.09340168832410209,1.1445001416458696e-63
MRPL41,0.09297601198440293,4.201221984760668e-63
SEC62,0.09294328687638269,4.6417877284971307e-63
ENSG00000263272,0.09289716741904219,5.341895133571319e-63
TMEM258,0.09219359105541451,4.514845058124401e-62
RAN,0.0921440530041532,5.243725872475612e-62
C11orf58,0.09178423798147346,1.5512500360465605e-61
NDUFS8,0.09172828950581724,1.8355152709992008e-61
SEC61B,0.09142221369458298,4.5997864022601284e-61
ANAPC16,0.090843813833462,2.588360360405001e-60
POLR2L,0.0907582693117105,3.338744082861229e-60
ENSG00000257764,0.08990078294283024,4.226666209365195e-59
KRTCAP2,0.08955960286388816,1.1526435658229589e-58
NUCKS1,0.08905755504002354,5.009411628226942e-58
EMSY-DT,0.08885490410651012,9.043298848617557e-58
RPS10,0.08866487628438856,1.571635589906865e-57
AGAP2-AS1,0.08794819164970141,1.2500821286310212e-56
CALHM6,0.08783053111082148,1.7542316722280855e-56
C19orf53,0.08774372142988018,2.2517773621924333e-56
KDELR1,0.08700532054618733,1.8643726260887496e-55
LSM10,0.08665403735924246,5.064280498828013e-55
SF3B2,0.08647145812576017,8.499294561839738e-55
MYL12A,0.08551941853206066,1.242169580859319e-53
LTBP2,0.08505036413255687,4.605589584675511e-53
CYP4B1,0.08490268571388229,6.947231127241462e-53
TMEM179B,0.08442635970596964,2.6032089004882004e-52
FKBP1A,0.08417411400197725,5.224012930207649e-52
CBFA2T3,0.08373111297024033,1.7662482658628412e-51
PPA1,0.08366870816257847,2.0958114166992664e-51
ATP6V0B,0.08314337664192119,8.802680965487913e-51
HCAR1,0.08282802865114361,2.0742168269608626e-50
RGS2,0.08258100049751962,4.0500006785132187e-50
PTTG1IP,0.08235598282912389,7.4371075641468885e-50
CD14,0.08128898139548416,1.29766589658385e-48
SMDT1,0.08006914334682719,3.2573957426612637e-47
CIRBP,0.0794447133093636,1.6640113799020925e-46
CDH7,0.07884409294519493,7.891987074312356e-46
CD74,0.07845565107417717,2.1461428143471055e-45
GATA3,0.07838505540679304,2.572698171227532e-45
FTL,0.07828821465201115,3.298167492383387e-45
SLX1A,0.07805024466310313,6.064728625921811e-45
IFT25,0.07803968008937769,6.230698497499453e-45
RNF113A,0.07793640007175251,8.111121725202532e-45
CXCL3,0.07753886108361709,2.2313021830089156e-44
CAMK1D,0.07721286528005945,5.096412566993127e-44
JUNB,0.07701377573318684,8.425312458274306e-44
HNRNPF,0.07604005221966871,9.665788799080204e-43
TM4SF1,0.0752994467603874,6.055637187353855e-42
SNRPD3,0.07524736361481597,6.885090900228604e-42
SERPINB1,0.07521179162921737,7.515601888919147e-42
GABARAPL2,0.07518269794932192,8.07372823854832e-42
HDLBP,0.0750874508742125,1.0205614438403048e-41
SMO,0.07482149316445869,1.9602589093764529e-41
CST1,0.0745676555495827,3.646957888257697e-41
NDUFAB1,0.07428571927977458,7.249683734243089e-41
COMT,0.07349681998626328,4.889298220434354e-40
CAPS,0.07343632682861335,5.655145390141265e-40
RBBP8NL,0.07171103001459739,3.411693981534642e-38
NDUFA13,0.07133203373263827,8.287702388918613e-38
FAM83C,0.07062157590389259,4.320379401218873e-37
LSAMP,0.07024831082389049,1.0218791092943609e-36
ENTPD8,0.07002898199400914,1.6910877610874274e-36
TOMM20,0.06985346629301069,2.5277862101042872e-36
NEDD8,0.06949447417602478,5.7338424867025485e-36
TMSB4X,0.06926477743340965,9.66230211576869e-36
ZNF574,0.06923293341681232,1.0385827103948718e-35
ENSG00000255446,0.06917756886845408,1.1774181075443367e-35
CLDN4,0.068847987732992,2.4797276681447386e-35
NTRK2,0.06870492856612498,3.4224146545849657e-35
BDKRB1,0.0686519352873563,3.855605786177978e-35
NEUROD2,0.06863519500580613,4.0034558515692e-35
CDC42,0.06829746621713027,8.536673374312984e-35
RPL17,0.0681982702256642,1.0655424020938643e-34
FXYD6,0.06765103632677114,3.59934083431208e-34
DCN,0.06756466880527363,4.3578287116806035e-34
CLCN1,0.06716674903274283,1.0484005512403507e-33
LDHB,0.06701945938045985,1.4490404085273115e-33
TP53AIP1,0.0670106587483355,1.4773006809378017e-33
PET100,0.06671986837975555,2.792682031593285e-33
TM9SF2,0.06652607856268879,4.2624377309132894e-33
FABP5,0.06652548153600135,4.267985865881188e-33
LINC00920,0.06646107263575307,4.910650359819255e-33
ARF4,0.0662118835201688,8.438428762200906e-33
DNAJA1,0.0660004840519182,1.3336398523938134e-32
MYBL2,0.06584776814951834,1.854566472187566e-32
COL14A1,0.06579189083027724,2.0919768277431533e-32
NR2C2AP,0.06514895482593194,8.304608218942546e-32
IL6,0.06511189315029871,8.987857449380526e-32
SELL,0.06488762013580215,1.4488614575843165e-31
IGFL2-AS1,0.06485645712982523,1.5480499474518283e-31
DYNLT1,0.06442602110684022,3.8512222153253098e-31
FAM111B,0.06437647618781318,4.275532110453473e-31
GNG11,0.06423579514046758,5.750277510511275e-31
RBX1,0.0641781562490612,6.491387436325114e-31
BCAM,0.06414932488067399,6.896919554715815e-31
MRPL57,0.06403086429069216,8.844313192891835e-31
RPS4Y1,0.06391358168365428,1.1308463014780014e-30
PHPT1,0.06365807658721767,1.9287094464814517e-30
NDUFB1,0.06342120103737663,3.157912138107138e-30
MRPS21,0.0629609195688296,8.188848545337003e-30
VPS28,0.06292637768417282,8.793413150229728e-30
IFITM3,0.06286906419557683,9.895744476754056e-30
SMIM26,0.06282024980146117,1.0942003842649056e-29
SCAMP1-AS1,0.06272268182763853,1.3373293819952686e-29
FBN1,0.06260016386906471,1.7197812398143166e-29
PRKCB,0.0625614001680236,1.8620445868664515e-29
COTL1,0.06230000187556182,3.1783102294559617e-29
DYNLL1,0.06208255586883131,4.950207780605667e-29
SLC1A3,0.061927739475189564,6.779850038541966e-29
OSR1,0.06134189681770278,2.213371531865051e-28
ISCU,0.06105594857060537,3.927318609441366e-28
PAX1,0.06074096998436459,7.363528123530128e-28
NEU4,0.06068187907155579,8.282161738828057e-28
UFC1,0.06050414405016665,1.1787440223758903e-27
CNTNAP2,0.06045457686214177,1.3004269814416507e-27
CPLX1,0.0603652342000645,1.5520398219787272e-27
SERPINE1,0.0600064010986735,3.149877620074888e-27
MSLN,0.05936063595739225,1.1140584165864405e-26
CAPN14,0.05901574761188101,2.175213893090021e-26
ENSG00000272944,0.05845031940857462,6.460858549706831e-26
NETO2,0.058384993710751,7.321880950021187e-26
SNX3,0.0581754485323179,1.092695222118481e-25
ENSG00000267688,0.058074415843685535,1.3246859680609985e-25
MT-ND6,0.05774357312434637,2.482616668193774e-25
CDH6,0.057646680786525635,2.9820198159239846e-25
CANX,0.05710010034746854,8.338189975604202e-25
DEPDC7,0.056974906157233704,1.0538155794398194e-24
ENSG00000234862,0.0566810113154498,1.8223129321131636e-24
SEC61G,0.056440700180847785,2.8458435710640228e-24
ENSG00000271933,0.05635492623184133,3.335119430820635e-24
ENSG00000260658,0.055207059443069924,2.7240102846377657e-23
BANF1,0.054953783126606294,4.3049444230099014e-23
IRF2BP1,0.05492263358160154,4.5535478987830383e-23
PPM1N,0.05465624905258947,7.350313264563456e-23
MT-ND3,0.05446943934200114,1.0269420503983977e-22
S100A7,0.05422530692738002,1.5871350502142514e-22
LINC00987,0.05349149862543388,5.805904301820721e-22
KHDC1L,0.05347215379157756,6.006427645994425e-22
PNKD,0.0531277958706156,1.0970782412214636e-21
CD151,0.052884407623227096,1.6754998840055035e-21
GJC3,0.05284738491261235,1.7866780333876387e-21
MYBPC3,0.052593199664491816,2.7739056461016873e-21
EIF4G2,0.051671461752398846,1.3435829212803498e-20
ABHD1,0.05149253883832894,1.8192206419897526e-20
CILP,0.05115414992278901,3.218005269639589e-20
KRT222,0.05111146487571156,3.457150291695117e-20
MIR9-2HG,0.05100813140833885,4.1112771045682923e-20
NRCAM,0.05083606383981972,5.48229782827268e-20
LINC03051,0.05082738986614911,5.562271839495218e-20
DNASE1L3,0.05078681785651082,5.951923988347932e-20
DST,0.05026841675783957,1.407167382516733e-19
NICOL1,0.049962286743976,2.3294350425092627e-19
ADAMTS10,0.049391514382730435,5.914095938319155e-19
MORF4L1,0.04857955458194199,2.1860072912085068e-18
XYLT1,0.04842453967763774,2.7989614199405973e-18
TRAC,0.04831343144385027,3.3398787846263536e-18
POLR2I,0.04828564009333724,3.49057537333382e-18
SPRY3,0.0478499293055337,6.949804875104567e-18
NOP10,0.04780772588230877,7.426776361551891e-18
IL18R1,0.04779424081462278,7.585885622893688e-18
AOX1,0.04730042353602228,1.6419973733545753e-17
C5AR2,0.047185232326424506,1.963866148663453e-17
UBE2QL1,0.04704873766982481,2.426544902522029e-17
ZNF416,0.0467870951669558,3.633921942135112e-17
ENSG00000272434,0.045979709627032156,1.2461266500340907e-16
S100A1,0.045941536442988165,1.3202020021370662e-16
ESPL1,0.045931391386886795,1.340608123637485e-16
TMEM14B,0.04589685881289283,1.4124266318764477e-16
C19orf73,0.045823159077762694,1.578628838613085e-16
SLITRK5,0.04569317076410554,1.9200366205703532e-16
EIF4A2,0.04551051099937582,2.5257735959128114e-16
KCNJ18,0.04543206638211501,2.840490711334343e-16
CSF3,0.04529883452025702,3.4658851655491476e-16
DAD1,0.045225706421531765,3.8649454982962124e-16
OCIAD1,0.04511327916994049,4.568375575805603e-16
LDLRAD3,0.04511252616271948,4.573488430997171e-16
HMGN2,0.04499645098412261,5.432953459432553e-16
CXCL10,0.04498876039154911,5.495212230142526e-16
COX14,0.04471754173826063,8.202976783319629e-16
ENSG00000274092,0.04468788956235612,8.569019884142541e-16
CAPN2,0.043892714003811666,2.733975969609522e-15
PRB4,0.04337803652945758,5.730880800918286e-15
KLK6,0.04296062412453202,1.0379907806598534e-14
IK,0.04280801191294758,1.2879710469582801e-14
B3GAT1,0.042362724748724004,2.4070449648944862e-14
LINC02395,0.042280467886966364,2.6999152720913415e-14
ZNF648,0.04186811636673026,4.7852816562257345e-14
LINC01554,0.04162497243857795,6.688997675374069e-14
SLC45A3,0.041589545251256514,7.022401385652997e-14
EPHA7,0.04149339030155318,8.011856251910329e-14
SQSTM1,0.04147230927997526,8.246447701392966e-14
NAP1L1,0.04129441641539214,1.0514468053632439e-13
ENSG00000224746,0.04106864870541339,1.4291305655025956e-13
IGHG4,0.04051495436524111,3.012673438018139e-13
NR1I3,0.04042852322945538,3.381621413226978e-13
RAB2A,0.04042058491080112,3.417652816192352e-13
CRX,0.04034504170628457,3.779959393810523e-13
MAF,0.03997653354233772,6.163292677879878e-13
TFF2,0.039969735923707936,6.218873194043735e-13
RPN1,0.039816293019334585,7.612919203269275e-13
ENSG00000273456,0.039300096877749956,1.495037295571648e-12
PIF1,0.039141747366886435,1.835790244443394e-12
ENSG00000223911,0.03903711908844574,2.1016058748126105e-12
RPTN,0.038636210736872074,3.5170357481833035e-12
CDC20B,0.03857649811807721,3.795714800303803e-12
PRB3,0.03836731368480621,4.953565362179591e-12
C1orf220,0.03829884369528773,5.402964636502299e-12
VWF,0.038202253623275964,6.105549893896069e-12
ENSG00000214546,0.038095562124403494,6.985855337251984e-12
C17orf99,0.03800080337254928,7.87118013342862e-12
CST4,0.03798852952362675,7.993608784973961e-12
ARHGEF25,0.03794461160787579,8.447153774461896e-12
C6orf58,0.037914442362091204,8.773225757790235e-12
ENSG00000273162,0.037831732103098925,9.731728623718166e-12
CALB1,0.037462119110873326,1.542636732833367e-11
SIVA1,0.03736919069422611,1.7308869339940865e-11
FDCSP,0.037349519072687944,1.7735307204667076e-11
MAL,0.037328265933978096,1.820759125676289e-11
ATP8B3,0.037317055376082583,1.8461649036453254e-11
GSTA2,0.03706537896344069,2.517190837043492e-11
ENSG00000226816,0.03695578427876677,2.8792191096467173e-11
MAP10,0.03693619596712298,2.94908896080761e-11
PCBP1,0.03693511425511716,2.952995311593855e-11
SLCO4A1-AS1,0.0368230747167698,3.3862522841899395e-11
IGKC,0.036686546573749305,3.9988631350899593e-11
SERP1,0.03663005731051548,4.282933985202502e-11
RAB42,0.03650088260492356,5.008764168056412e-11
APBA2,0.036467119362752334,5.217510338887439e-11
ENSG00000242317,0.036341473274960116,6.071767954505061e-11
ACSL6,0.03626399043999699,6.66523603468622e-11
MUC7,0.03625394214008484,6.746238799464505e-11
SEMA3D,0.03625389791536413,6.746597429196812e-11
LRRC4C,0.03623884599691622,6.869746639398595e-11
HOXA3,0.036214855792179625,7.070583481337539e-11
SPINK4,0.03616121262982614,7.540662700539244e-11
SLC2A4,0.03602350100846114,8.891825705762574e-11
RCN3,0.03595836909139829,9.610692429366355e-11
FIS1,0.035869326976213485,1.0686078062074352e-10
MTDH,0.03572232111808118,1.2724134821749933e-10
MT1H,0.035625602866473094,1.4267317470594496e-10
GALNT4,0.035316764208337965,2.0522154796928733e-10
SON,0.035231968710115996,2.266420659712246e-10
SLC13A5,0.03514793174920407,2.5001979919808207e-10
MEGF10,0.03513752644469205,2.5307338087260523e-10
SLC5A12,0.034808471615198885,3.708496407634359e-10
GRP,0.03464931608135108,4.455824685406522e-10
TGM5,0.03457999748312469,4.825524441680513e-10
RABAC1,0.0343817231717712,6.056099714016067e-10
TRAPPC1,0.03430842115610522,6.584549347921685e-10
DPYS,0.033992392291299064,9.425864160897755e-10
ERVMER34-1,0.03398753702008362,9.47772219496009e-10
NPY2R-AS1,0.03352612279125345,1.5909893489951008e-09
CD3D,0.03348137970599261,1.6723446992951374e-09
CREG2,0.033472195214619076,1.6895391885008144e-09
COA3,0.03338336458283959,1.864983645999094e-09
FBXL22,0.033275934236755164,2.100973436541606e-09
CALCA,0.03320926087922191,2.2618036792749874e-09
LMOD3,0.03316570506473548,2.373279985734353e-09
ANKRD62,0.03308167581958867,2.6036623377546544e-09
GLRA3,0.032681416082250815,4.0355860116368795e-09
NLRX1,0.032348530533468006,5.787796310245344e-09
PRR19,0.03212014492440095,7.397349902908085e-09
VCAN,0.03211550883660521,7.434159880891919e-09
SMIM22,0.03204843901373353,7.987036065657209e-09
ZBTB8B,0.0317447838431904,1.103212077092392e-08
CXCL11,0.03171960451795174,1.1330098765747996e-08
ENSG00000271781,0.0317009968182709,1.1555317292728303e-08
SLFN12L,0.031587583344839104,1.3025067148984177e-08
KCNMA1,0.03153506106501777,1.3765774775621146e-08
ENSG00000261216,0.031500254085947345,1.4279023478203957e-08
GRIN1,0.031155985683498946,2.0466553598711276e-08
RBFOX3,0.031047417656974084,2.2909330405457003e-08
ENSG00000269318,0.030975134481190086,2.469020726813028e-08
CRISPLD2,0.03060558154206951,3.610990553425152e-08
NCF4,0.030595814170485652,3.647242323531968e-08
NID1,0.030355627306064614,4.6583726174511095e-08
OXER1,0.03033717948895523,4.746392784845644e-08
SMR3A,0.030283710859034436,5.010712597994785e-08
YBX3,0.03011659188994853,5.9321116518693803e-08
TAX1BP1,0.029901879284366776,7.359280602323486e-08
ENO1,0.029892166375329092,7.43114568641412e-08
KIF21B,0.029853292283250562,7.725636187156535e-08
CRIP1,0.029537187409408173,1.0578241953883569e-07
LINC01750,0.029496007442769836,1.1017736331726544e-07
KIF20A,0.02947969425538584,1.1196681773312522e-07
MMP2,0.02944620364865107,1.1572908633861553e-07
ZNF578,0.029374697739827448,1.241757244644134e-07
SDK1-AS1,0.029222796644129034,1.4414389288205255e-07
LINC02303,0.02920468727519732,1.4672215716494839e-07
DAZAP2,0.029069941639013653,1.673570048189894e-07
PRDX6,0.029029251487281516,1.741215626956655e-07
ITGA2B,0.02841263243858684,3.1540104225487295e-07
PABPC3,0.028099746112902727,4.2442151208315404e-07
GABRA1,0.028030416891499408,4.530913320878406e-07
C4orf3,0.027828676228724866,5.475450316952437e-07
ENSG00000261177,0.027792804108892708,5.662184343702995e-07
NDUFA3,0.02775393430795894,5.87145075171573e-07
ENSG00000272021,0.027545890798261176,7.124515621743157e-07
KMO,0.027470368268564263,7.640223960332113e-07
ZMAT4,0.027453001583996304,7.763800430964207e-07
GLYCTK,0.027444096082794713,7.827914004941019e-07
CTRC,0.02727330684186787,9.160823503576563e-07
HSPD1,0.026929500866603066,1.2537105985776958e-06
MYO1A,0.02675234854286546,1.4715704280753564e-06
ARSF,0.02674777378153754,1.4776525197861525e-06
ENSG00000267582,0.026715533937168044,1.5212055115365974e-06
EPHA5,0.02649626615768937,1.8518812666756985e-06
FAM25A,0.026436444017406344,1.953466297405462e-06
LINC02109,0.026312092379925028,2.1820306490117663e-06
BEST3,0.026271717898523197,2.261612099960447e-06
BNC2,0.02612544337188011,2.5739243102450982e-06
HBB,0.026110520896669404,2.60801750602719e-06
ALDH1L1-AS2,0.026101120128972515,2.6297173965876837e-06
FOXI1,0.02568239468123999,3.7929614126650646e-06
TMC5,0.025673737212620493,3.821573289127833e-06
RIPOR3-AS1,0.02550111891290137,4.437159976282312e-06
RASAL2-AS1,0.025459466314653324,4.599344064044003e-06
ADGRB3-DT,0.02541912156595055,4.761839401366198e-06
ENSG00000273312,0.025403467820259377,4.826356372553373e-06
ENSG00000231703,0.025394187383783923,4.865000130735164e-06
CD8B,0.025289238991695735,5.323146917656715e-06
CRNN,0.025175696289971163,5.8652518385850986e-06
ICMT-DT,0.025152999580257508,5.979776682449007e-06
TBXAS1,0.025141266540070508,6.03981618167948e-06
TULP1,0.025004166951934345,6.785525634629838e-06
SALRNA2,0.024986326862401924,6.888804605312805e-06
LPO,0.02485299741832308,7.709689478651613e-06
AQP4-AS1,0.02476351644219161,8.312187594304217e-06
FAM209B,0.024568295507290314,9.786646428866865e-06
FARP1-AS1,0.02456342643923765,9.826437811294116e-06
PHLDA1-AS1,0.02439339831627819,1.1317005318749805e-05
CD300LF,0.024287212855870863,1.2354871298446662e-05
SPINK7,0.024269358178012096,1.2538071797948181e-05
PSORS1C2,0.02406487142888885,1.4829828065314233e-05
GDF15,0.023817414463529384,1.8138703872440806e-05
NME2,0.02370521209607236,1.986070734776218e-05
SYNE2,0.023686219078965582,2.016718892324511e-05
IGFL2,0.023652950154213898,2.0714916556200134e-05
PNRC1,0.023462436525721185,2.413455615193721e-05
CPNE5,0.023397105477704735,2.5426202282066392e-05
GPR35,0.023321240119362017,2.700862140868429e-05
ENSG00000167046,0.02330092877770394,2.7447914211593926e-05
DDT,0.02324719613468476,2.8643034422379115e-05
ASIC4,0.023225178014132656,2.9146910731683283e-05
TMEM272,0.02319542197327445,2.9841266221170327e-05
CACNB2,0.023134613672550625,3.1309417580997546e-05
ENSG00000248514,0.023051037475600344,3.343959712286748e-05
LCN15,0.02302144111837072,3.4226421572765155e-05
ENSG00000274220,0.02286541113006794,3.867367695877962e-05
ENSG00000259523,0.022779284334554308,4.1358074257999577e-05
ENSG00000260975,0.02270590766798888,4.37836380026807e-05
ENSG00000273355,0.0224972778256569,5.143888842167572e-05
ENSG00000253154,0.02248607489578939,5.1883918246062315e-05
CHRM1,0.022477737329714708,5.221748870273752e-05
LINC00426,0.022393710719831383,5.569462435833652e-05
TRMT112,0.022353413174992544,5.7438962211307046e-05
CAST,0.022251300896060595,6.209362030973116e-05
ANKS4B,0.022232231537878663,6.300153353239513e-05
TRABD-AS1,0.022098989175821357,6.970492532834651e-05
NPFFR2,0.022080865552422137,7.066722037220812e-05
TIPARP-AS1,0.022069421542711798,7.128131193766519e-05
LINC00520,0.022055941948876,7.20111083375799e-05
IGHG3,0.022007251743054686,7.470653897879264e-05
SPINK8,0.021907974871224315,8.050074718419272e-05
ENSG00000268472,0.021812076137753173,8.64991383584972e-05
OLFM4,0.021798019643387036,8.741306387840666e-05
PDGFRA,0.021769571530837584,8.929069104032539e-05
AGMO,0.02175239057197782,9.04430503291678e-05
CTSL,0.021688669981337415,9.484074812876126e-05
GLI1,0.021664186072632978,9.658360451260619e-05
PCAT5,0.021647587439771576,9.778230944156744e-05
PLEK,0.02157182348143652,0.00010343433536931665
SAMD3,0.021542904049892238,0.00010567195156472148
TTC12-DT,0.021476081841707156,0.00011101820956213795
MCOLN2,0.021445847446167673,0.00011352011565255048
RET,0.02140850479314153,0.00011668365487853323
TBX10,0.021381964149037702,0.00011898242916221874
TRAPPC12-AS1,0.021346762256124918,0.00012209731069851598
CD34,0.02132244921370916,0.00012429339076338005
ENSG00000272588,0.021299172935574318,0.0001264306662190239
STAP1,0.021239688559368242,0.0001320510909735217
FMNL1,0.021197000099524525,0.00013622874386509735
PNLIPRP1,0.021092326143895494,0.00014700556748758006
ENSG00000278158,0.021021805011933674,0.00015471335569555424
LINC01098,0.02099064566555272,0.0001582387797359406
CCL19,0.020975088540820003,0.00016002710414403352
KLK7,0.02090227662213758,0.00016865269695910928
GP2,0.0207651328611843,0.0001860994259997884
GFRA1,0.020720078168581228,0.00019219190192812388
LINC01299,0.020683033791309945,0.00019734109180454226
ZBP1,0.02062954193857398,0.00020500562382012183
ONECUT3,0.020585697998521377,0.0002114953688871635
ENSG00000255118,0.020561469112622497,0.00021516398009425045
UBE2D3,0.020450755293454637,0.0002327009392806228
LINC01871,0.020408805290208477,0.00023968950146355207
CHL1-AS1,0.0203505468902262,0.00024972202196185336
IER2,0.020218132627671928,0.000274008219395944
ENSG00000250049,0.020192757335437468,0.00027890809548232546
HIGD1B,0.020086807879035055,0.0003002672296154049
C8G,0.02001624394437085,0.00031533244592519123
ENSG00000235078,0.019979459459712783,0.00032346361703391606
RAB40AL,0.019974834239481872,0.00032449979362168287
TFRC,0.01997351581361301,0.00032479572575657984
PCDH11X,0.01985148476584339,0.0003533068863896733
SCG2,0.019819589012459907,0.0003611357802967693
IGFBP5,0.019758355270076737,0.0003766223872513878
ENSG00000249426,0.019704618259155555,0.00039072222324752033
BPI,0.019696812118097085,0.0003928110055637269
YWHAE,0.019637828341600713,0.0004089345503765741
LINC01980,0.019582785435536886,0.0004245364888804171
ENSG00000259828,0.01944742934974105,0.0004652986670222746
ENSG00000275759,0.019338234200212426,0.0005008131175643694
ENSG00000279571,0.019337784755126694,0.0005009643818018274
DOK6,0.019332629907665346,0.0005027023343261887
ARPC2,0.019292104603320752,0.0005165624907533205
ENSG00000272991,0.019241644408076825,0.0005343183728817846
SCGN,0.019197929087595374,0.0005501589382070389
SGCA,0.01914388547354043,0.0005703466768935726
SPNS3,0.01913714053048838,0.0005729140808623532
SEC11A,0.019120631137117417,0.0005792437129665595
HBA1,0.01909944590630033,0.0005874614312054746
CTNNA1,0.018938315715178407,0.0006536075471464029
IL4I1,0.018879055647919588,0.0006796299383989715
NPY2R,0.01887073636239877,0.0006833592633851686
PTPRS-AS1,0.01876708408770667,0.0007314468370433218
ENSG00000249094,0.018737744530974175,0.0007456184915422724
ENSG00000234793,0.018737487148438172,0.0007457439336502599
ENSG00000267666,0.018728642476355816,0.0007500665432118808
ENSG00000261158,0.018720198331544667,0.0007542151047765696
ARF1,0.01851401152209184,0.0008623697270863612
DHRS2,0.01849172881365492,0.0008748817517890606
PTH2R,0.018413402642162072,0.0009202107504865827
ASCL3,0.01826616639168346,0.0010113617198227018
PTPRN,0.01825970607979409,0.0010155463802949754
ADGRB3,0.01823793565811582,0.001029766433638727
ESM1,0.018193464336852025,0.0010593886956128601
COL6A1,0.018125994932703903,0.0011058381283678682
PRADX,0.018022904526464517,0.001180459108058736
ENSG00000250240,0.017934375873197864,0.0012482243883570956
UPK3B,0.01790811444310834,0.001269006768754479
SOX10,0.017877682004349405,0.0012934892788167578
RIPPLY3,0.017864799538985104,0.0013039837891144442
DLX6-AS1,0.017860566866545358,0.00130744898652531
ITGA4,0.01782764774270394,0.0013346906042580016
ENSG00000261000,0.01780285711666949,0.001355550255915119
CTAGE4,0.01764123071695613,0.001499088568495263
HOXB7,0.01759161569947108,0.0015458830886217042
ENSG00000259869,0.01749098714086747,0.0016449481238729317
GARIN4,0.017404669786427164,0.0017345438098658936
ARSI,0.017359596500282775,0.001783092157860825
ATP6V1G3,0.017330235112761116,0.0018153857655641237
JPH2,0.017326756257444793,0.0018192474485795888
LINC02267,0.01728453626406686,0.001866719036721405
PDE3B,0.017238198101145227,0.0019201289725080022
TMPRSS11B,0.01720328527501692,0.001961292895919842
ENSG00000260894,0.017193634688664628,0.001972813469099216
EMX2,0.017183251625563778,0.0019852777924632354
ENSG00000273295,0.017183009345130024,0.001985569498495832
MRPL33,0.017164769958312006,0.002007643043855139
TRHDE,0.0171549362390745,0.0020196371594378617
FBXO43,0.01715265564478943,0.002022428159922813
ENSG00000233928,0.01711552569931716,0.002068368625809233
TMEM221,0.017000404774350796,0.0022169594104387035
ATP1A4,0.016994177643106078,0.002225269274119974
REG4,0.016903560520981405,0.002349468107226748
ENSG00000248965,0.016847482755078014,0.0024294742282060956
ENSG00000272836,0.016838389115883777,0.002442680603379193
PCDHB12,0.016833842765794308,0.002449307711509058
AP1AR-DT,0.016733977877332797,0.0025990920932195383
DPY30,0.016716493742149337,0.0026261616338299357
ZNF683,0.016703070080350928,0.002647119227795238
TRPM8,0.016693446428824293,0.002662238041642614
ENSG00000272707,0.016658725087552437,0.002717443799107805
ROBO2,0.016642037346832703,0.002744347148647899
FGF23,0.016602190323086956,0.0028095739510478374
RAET1E-AS1-1,0.01655829354231975,0.002883066419478655
ROR2,0.016474022697905474,0.003029092032120909
RPL3L,0.01646507188943361,0.003044991982430795
ENSG00000236347,0.016451898551492723,0.0030685311854483574
TEX101,0.01643044335359764,0.0031072245327900955
ENSG00000203593,0.016364366866164836,0.003229201279335418
RHOB,0.016319284885912902,0.0033149091803425976
ENSG00000268707,0.01630395235235724,0.003344527567972675
ENSG00000257431,0.016244063887286327,0.0034625394062620203
ENSG00000250493,0.016105825395248276,0.0037495437228780687
ENSG00000260626,0.016040668574993124,0.0038921769612549023
ABCB11,0.01600241811062291,0.003978188552224225
CYP19A1,0.015998615007343536,0.0039868340092751985
ROPN1,0.01595223919943102,0.004093639377250369
ENSG00000269068,0.015918354037309203,0.004173312869099658
PRH2,0.015857178664080634,0.004320724001830513
PIK3CG,0.01585476512456548,0.004326635411024459
CSMD3,0.01583853318880776,0.00436658265004822
MFAP4,0.01577444753933763,0.004527585573707801
THEMIS,0.0157390916038217,0.004618694574342692
ENSG00000274767,0.015723354154974382,0.004659779916760524
ENSG00000240915,0.015712620574476338,0.004687991293459351
ENSG00000248605,0.015708929547461024,0.004697728194504353
ENSG00000271208,0.01551319807864611,0.005241047505858443
PHF21B,0.015511262891060223,0.005246691643211852
CACNA1I,0.015490082172382779,0.005308826891767476
ENSG00000229229,0.015426144631589188,0.005500444153827698
ENSG00000273261,0.015419344124011612,0.005521187846042606
SMR3B,0.015336522629476327,0.005779545808401963
EPHA3,0.01526153485368034,0.006022815891147171
ITGA8,0.015259093637684714,0.006030888312099447
ENSG00000250920,0.015256244144275155,0.006040323120035758
BOLL,0.015242311759185093,0.006086645619606128
ENSG00000257002,0.015161392165327338,0.006362069541728946
ENSG00000276241,0.015142641726295654,0.006427469126218538
ENSG00000273348,0.015126175131332308,0.006485401041079996
ENSG00000273965,0.015093333468322537,0.006602347359794678
COL5A3,0.015084868642320058,0.006632795611017785
ENSG00000254249,0.015034717665113908,0.0068157940559220856
TBX18,0.014988325169112336,0.006989104110888142
TDO2,0.014878281210939636,0.00741612774433283
ENSG00000253865,0.014856100993503011,0.007504979453733355
COL6A2,0.014846545345682392,0.007543551736271275
ENSG00000261117,0.014844405936410995,0.007552211979765051
ENSG00000233423,0.01481981798002929,0.007652384869368473
ADAM7-AS1,0.014805085410084344,0.007712975291613983
ENSG00000275441,0.014774210392772082,0.007841351041669617
ENSG00000233542,0.014738684676138073,0.007991429673548536
THTPA,0.01471555121943018,0.008090534737426696
VCAM1,0.014704455116173258,0.008138460356944155
ANO1-AS1,0.01466541470084682,0.008309107569022983
TMEM26-AS1,0.014632104288780708,0.008457231971207986
NAA38,0.014619651122937855,0.00851321214695465
CABP4,0.014529359678256635,0.008929102669028114
LINC01553,0.014492911807900846,0.009102062059743362
LINC00102,0.014471726759784002,0.009203962144543363
ENSG00000260377,0.014411217633488809,0.009500640669284136
SCGB1D2,0.014329059846180658,0.00991710595879293
ACKR1,0.014234769941602037,0.010415049640582305
TENM3,0.014225417318736801,0.010465633401758986
ENSG00000260633,0.01421559184719403,0.010519009872196929
SEMA6B,0.014194097839823503,0.010636620262027165
ENSG00000255491,0.01415869206261633,0.010832903759625234
ENSG00000273474,0.014053465141571743,0.01143540036939397
IL17REL,0.01403232647482659,0.011559960748905538
ENSG00000253854,0.014011131494897409,0.011686060214651928
PIP,0.014006093001152674,0.01171621563887061
TCF23,0.013962385098975674,0.011980717688821422
LHFPL4,0.013956263061978214,0.012018185270723453
SLITRK4,0.013928891924559518,0.012186973063725402
SLC6A11,0.01385688164490896,0.012641107197146041
IGHE,0.013846371899258962,0.012708624828785953
TOX2,0.013807448884540576,0.012961465603023222
PTPN22,0.013771975291129284,0.01319576434886622
ENSG00000261693,0.013770809447701699,0.013203527754008975
ENSG00000267038,0.013748821347316625,0.013350705719686204
OR2AE1,0.01367000829627382,0.013890225306478878
ENSG00000273442,0.013615813538258656,0.014272301286720463
SLC25A19,0.013530985927870639,0.01488896331517352
LINC01506,0.013515521917654786,0.01500387603608431
LINC00942,0.013501619336513771,0.01510785195705294
LINC01010,0.013462699353687305,0.01540231260371686
DRP2,0.01342798962174956,0.015669168588705443
LINC01567,0.01335589830557335,0.01623645048896264
ENSG00000224478,0.013348707113885123,0.016294015483304093
ENSG00000272264,0.013334969880324211,0.01640447974436778
FCAMR,0.013236882126549498,0.017212522116397327
CA10,0.013200075500847808,0.017524622854700637
ENSG00000226022,0.013168256885922004,0.017798414701942947
SLC36A2,0.013119328318863643,0.018226747241968728
ERP29,0.01309261368181194,0.01846440150284421
ENSG00000273367,0.013085389932807426,0.018529128188334982
ENSG00000250696,0.013063332782311907,0.01872799631104903
ENSG00000267026,0.01304419096001483,0.018902090387118934
ENSG00000266088,0.0130327923038812,0.01900643159871631
GPR84-AS1,0.013021297236054205,0.019112164987043014
IL1RL1,0.012967388621129906,0.019614913314370826
KRT9,0.012959047659178427,0.019693723649484542
ST18,0.012935819892901764,0.019914652287358656
LINC02533,0.012931473493845696,0.01995623207853526
COMP,0.012871447248541838,0.020538269851973077
CIDEC,0.012862502397629394,0.020626257898429104
ENSG00000268603,0.01279089449630558,0.021342569886842477
CDH20,0.012777438645267597,0.021479563583647946
GNB3,0.012776624582021567,0.021487876046902103
ENSG00000271868,0.01276664028995181,0.021590054479140978
ENSG00000234640,0.01276252626899781,0.021632279922358538
ZNF479,0.01273583378728202,0.021907996111097748
ZNF217-AS1,0.012719717338933543,0.02207594481308602
SLC2A5,0.012627073636650723,0.023063265475796225
NOD2,0.01260282875734242,0.02332789410112675
ENSG00000253500,0.012556371333752595,0.02384233974098792
NEFH,0.012518287294248876,0.02427137442839913
PRB1,0.012499898452745805,0.024480918231920504
FER1L6-AS1,0.01239775689951731,0.02567360006539239
ENSG00000255438,0.012387634537336817,0.025794488894676445
CXCR3,0.012386887818698568,0.02580342623172583
BMP6,0.012374236016134889,0.025955260862177216
LINC00896,0.012371525797474902,0.025987886540662128
AHSP,0.012365660468533542,0.02605861492393683
LINC01361,0.012329465530047743,0.02649877195940853
CCKBR,0.012278719223279735,0.027126690847336658
PRB2,0.012269456677181245,0.027242678058358564
ENSG00000272130,0.012242757073683504,0.02757941281232802
ENSG00000273454,0.012165000154688663,0.028580607221438084
ENSG00000244491,0.012150720668157183,0.028767831910567997
LINC02354,0.012144047959767389,0.028855682163044644
XACT,0.012067094595066266,0.029885625109820495
CTCFL,0.012034224563357456,0.030335098099749817
HLA-DRA,0.012034197745882536,0.030335467166625888
CSN3,0.01202630757529289,0.0304442207659924
DPT,0.011994550119713888,0.030885340615761286
F2RL2,0.011974816540521911,0.03116220046547038
PPIAL4G,0.011853479146841765,0.0329117814676744
KLF17,0.011787361074956289,0.0339000667272716
ENSG00000273198,0.011784287504294656,0.033946618875608806
ENSG00000214803,0.011760069690283172,0.03431533607278216
SPAG11A,0.011723007736698559,0.03488622953108816
DDX25,0.011708521604434556,0.035111564552016444
ARMS2,0.011659164332745876,0.035888678867698115
PPP1R13B-DT,0.011631023047793738,0.03633828447711234
ENSG00000229047,0.01160375407221501,0.03677852393472164
TMEM145,0.011598650721414366,0.03686141679800316
PTGER3,0.011540284497631812,0.0378208198831119
RGS1,0.011484390681095432,0.03875941066409483
KCNA2,0.011468156306987337,0.03903570565420168
NEUROD1,0.011462472902639038,0.03913282677065684
RPEL1,0.011451906936303448,0.0393139291767568
ENSG00000258793,0.01143081830150805,0.039677519955442976
CLCNKB,0.011410024630443868,0.040038815328196795
ENSG00000261076,0.011399838263392071,0.04021682205078017
S100B,0.011389470086321867,0.040398694682378986
SIRPG,0.01134975495526254,0.041101819846799524
CRYBB3,0.011331285897477424,0.041432315219917464
INSIG1-DT,0.011327866988681705,0.04149374123412568
ENSG00000273659,0.01125955924767666,0.04273725078599117
FAM9C,0.011244551724311602,0.043014637131824116
ENSG00000258745,0.01123886989511994,0.043120051614992286
ENSG00000233179,0.011219715749568556,0.043477026689687746
ENSG00000253171,0.011204549301280224,0.04376145118375608
IGKV1-12,0.011186616177860176,0.044099786376827654
ENSG00000204876,0.011142594431070667,0.04493969598554904
PSPC1-AS2,0.01113015859539727,0.04517939390726132
ENSG00000227716,0.01107182880445159,0.04631811861797964
HOXB-AS3,0.01098334858490899,0.04809151289545353
ENSG00000254606,0.010976893860052654,0.0482230868580324
TEX11,0.010958235894509455,0.048605114743273295
TEX36,0.010953607553652652,0.048700273917758455
FCN2,0.010918860974013097,0.04941967386815397
SPACA4,0.010903460596462418,0.04974136597900797
TAGAP,0.010895431707206348,0.04990977333096696
ENSG00000275527,0.010894085562312762,0.04993805569629566
ENSG00000264304,0.010800815269282749,0.05193063265604388
ENSG00000255237,0.01078193185612845,0.05234203995086931
CERS1,0.010735246033750563,0.053370880173641395
HTN1,0.01072856131358469,0.053519568096533646
ENSG00000232719,0.010712931001100606,0.05386858279879942
ENSG00000267139,0.010696834742630099,0.05422998535689088
CHRNB2,0.01065405271777566,0.05520039802830151
ENSG00000254038,0.010622078945615841,0.05593506437925219
GRAP,0.01061047488123965,0.056203698893166204
FCAR,0.010580193756546162,0.05690977072908229
FOSB,0.010574957362942013,0.057032614186264166
CHRNA1,0.010479748862756641,0.05930490105492984
ENSG00000253519,0.010415345566922828,0.06088418302077694
CHGA,0.010396486487538614,0.0613531817493563
LINC01829,0.010370763168948614,0.061997703545459054
SARDH,0.010350804611665272,0.06250163501688062
GUCY1A2,0.01029110500009251,0.06402924055426391
ENSG00000272329,0.010234599738352619,0.06550337993147551
DENND5B-AS1,0.010210038036659961,0.06615282689481528
ENSG00000266744,0.010157526209246436,0.06755911890193432
DNPEP-AS1,0.01015546391327003,0.0676148462950011
PLA2G2C,0.010113056251399695,0.06876919566314925
BPIFB3,0.010106917025766812,0.0689376413254274
MGAM2,0.010088208902976284,0.06945303889060915
ENSG00000253852,0.010086069953136408,0.06951216671086852
TRBV18,0.010034651512712194,0.0709460302623217
CMC4,0.009998558666716456,0.07196693693598288
LINC01882,0.009888201145862403,0.07516332250808237
FNDC1-AS1,0.009813067112318448,0.07740511480359288
SSPOP,0.009771603324686804,0.07866542036958207
IGLC7,0.009762807753474084,0.07893489970884074
ENSG00000255351,0.009757325284090948,0.07910325157239284
TRGV8,0.009732931346076426,0.07985586739479877
GNAO1,0.009646177389925709,0.08257972462561927
LINC02091,0.009636339754842443,0.08289330020082107
IGKV3OR2-268,0.009612548030697268,0.08365565313872213
ENSG00000279070,0.00960419868983606,0.08392453117670128
ENSG00000269288,0.009603321353337331,0.08395282505909599
SALL1,0.009589336655151175,0.0844048714584909
ENSG00000272682,0.00958577521307947,0.08452030689175087
LPAR4,0.009584802118837098,0.08455186956913026
ENSG00000228739,0.009580380181446602,0.08469541691072731
ENSG00000267943,0.009532010414826469,0.08627852960100572
MT-ND4L,0.009510580811221468,0.08698750621322772
ENSG00000230848,0.00945882043603493,0.08871935034577527
CA7,0.009450588060881933,0.0889973400759234
MYBPC1,0.009438222785407537,0.089416207170204
HBG1,0.009420564539343724,0.09001712160622194
CRABP1,0.00942016493734433,0.09003075767642882
ADAM11,0.009411758903707056,0.09031799176810208
TUSC7,0.009385632179856641,0.09121545155503741
LINC01993,0.009334496782632084,0.09299270692897876
BLK,0.009330385549464835,0.09313679519735456
AQP2,0.009261760976100883,0.09556846913525535
TUBA3D,0.009227995655230269,0.0967834455018004
ENSG00000237718,0.009200671495699132,0.09777566637352761
KLRC4,0.009197592781109388,0.0978879712533498
LINC02418,0.009124262054207929,0.10059350715971259
TRGV3,0.009087230387933883,0.1019822596528141
TSTD1,0.009085129042201694,0.10206151907544747
HPSE2,0.009073013043446218,0.10251947199338182
TRAV21,0.009059662547799384,0.10302597710086299
SIM2,0.009032866443541657,0.10404859972900081
ENSG00000231713,0.009024397336132344,0.10437347898475338
ENSG00000250379,0.009003153117258772,0.10519196348689597
ENSG00000258976,0.00896620438366711,0.10662762755645427
LINC01781,0.008928719353765276,0.10809995467589402
ENSG00000273464,0.008878677244500935,0.11009052182154139
BFSP2,0.008868934898507666,0.11048139830788284
TRBV7-6,0.00885529343182012,0.11103055387760621
ENSG00000271964,0.008840086611059809,0.11164526229890955
ENSG00000272416,0.0088373204792548,0.11175736629480126
LINC00968,0.008819017553875198,0.1125013746355894
TXNDC11-AS1,0.008796903056448252,0.11340552530241844
XKR7,0.008796451948722528,0.11342402822660659
ENSG00000275450,0.008794570543770348,0.11350122278196505
ENSG00000272855,0.00879412635409477,0.11351945404164068
PCK1,0.00871091787190386,0.11697552705175275
ENSG00000276651,0.008709578990845632,0.11703180556009189
ENSG00000272024,0.00867414726859267,0.1185288814212147
MIR548XHG,0.008654029008159408,0.11938558620921859
EMILIN3,0.008606628931317433,0.12142322426127274
ENSG00000266401,0.008582488090786596,0.12247139450078609
ENSG00000279851,0.00855165080133404,0.1238205854133443
ENSG00000271811,0.008546157869636433,0.12406212430269396
ENSG00000261653,0.008520227244835433,0.12520733059255126
CD3E,0.008519981467748572,0.12521822443676725
ENSG00000253604,0.008512155965211288,0.12556546905855828
ENSG00000272936,0.008486789460844977,0.12669622840473063
LINC01148,0.008483827751810634,0.12682876725944334
TMEM150B,0.00848298415376234,0.12686653868890535
ZNF835,0.008459452476169896,0.12792368300219442
LINC01497,0.008446725036966543,0.12849830175556312
DNPH1,0.008438507100773705,0.1288703898306108
CREB3L3,0.008432676702572821,0.12913488325439496
CXXC5-AS1,0.00841789977702575,0.1298071205075124
LINC02093,0.008408341982764501,0.13024337188715016
SLC14A1,0.008407583511991971,0.13027803982943753
ENSG00000260786,0.00840744842786989,0.1302842149629249
ENSG00000234173,0.008377384624012342,0.13166418767368313
ENSG00000273680,0.00836786388811398,0.1321035571409721
ENSG00000258985,0.008361980644295225,0.13237562841659709
SCPPPQ1,0.008334371097361785,0.1336582361365433
CD300LD-AS1,0.008311907947188318,0.13470884286446147
ENSG00000260756,0.008307272027980319,0.13492645836631736
KRT85,0.008299047292159066,0.13531320556178697
LINC01812,0.008297959236396403,0.13536443268098705
GAGE10,0.00813346834002073,0.14328258430116472
ZC3H12D,0.00812643639059867,0.14362883986008282
ENSG00000275898,0.00812046515163057,0.14392336920051468
UNC80,0.00807919383065411,0.14597173914267803
LINC02943,0.008053499430634265,0.14725822266322663
ENSG00000231193,0.008043466446723916,0.14776290701240855
ENSG00000260447,0.007925412430475598,0.15380099895282665
PRR13,0.007903053932296927,0.15496539931802483
ACSM2A,0.007897751510394891,0.15524252181774695
ENSG00000228573,0.007847570748085508,0.15788379465943544
BRINP1,0.007835937038450006,0.15850096953300827
LINC01419,0.0078102064151480115,0.15987247830003806
ENSG00000249655,0.0077932041512536005,0.16078365467846245
ENSG00000278936,0.007783502435019188,0.16130533919131976
ENSG00000260176,0.0077564139050584355,0.16276872127591643
LINC00927,0.0077489654710869394,0.1631728519892168
APOF,0.007721710828433713,0.16465806096329128
ENSG00000226994,0.007705715652525754,0.1655344261806842
LINC02333,0.007703326578996138,0.16566562264256096
ENSG00000261113,0.00769397157796275,0.16618010741826708
ZNF32-AS1,0.00769181056337909,0.1662991245710191
LINC02574,0.007677126859139696,0.1671095225509636
CPLX2,0.007639056521037806,0.16922445218104093
ENSG00000273090,0.007593882552671948,0.17175998028881426
ENSG00000225588,0.007591235083381066,0.1719094548695079
ENSG00000269482,0.007573832542489433,0.17289441582670392
ENSG00000268906,0.007563760691332442,0.17346639363794855
LINC01346,0.007561032141800711,0.17362159040896127
CDH19,0.007545154822742179,0.17452673293640322
LINC00681,0.007535797817727335,0.17506180927975667
GRK7,0.007503489805470262,0.17691874055855758
LINC01653,0.007500885667405436,0.17706905235158518
ENSG00000261447,0.007458311513107724,0.1795399557537149
LY6L,0.007436201665386203,0.18083322717283024
ENSG00000261670,0.007421892543350052,0.18167388970884
LRFN5,0.007366100013673198,0.1849794085748031
SCRG1,0.007364337227549047,0.18508456808791043
HTN3,0.007361093593982638,0.1852781835262574
LINC03013,0.007350780869385745,0.1858947546998189
ENSG00000278765,0.007324579061299797,0.18746811346005887
DNM1P35,0.007316370403192007,0.1879630412704196
BRINP2,0.007241895609704709,0.19249750197377852
LINC02432,0.007151033933564966,0.1981379429961536
FAM225B,0.007119654638813423,0.2001136949363407
FOXS1,0.007108807472766657,0.20080000570228107
C19orf84,0.007103699368202797,0.20112379465033314
ENSG00000235749,0.007103325377456034,0.20114751586829363
CRYGD,0.007089460229692365,0.2020283854588103
KTN1,0.007078471362347514,0.20272851628027327
PDZRN3,0.007055531556133467,0.20419576680928603
KCNB2,0.007029437046818262,0.2058741698640049
ENSG00000180458,0.007026961557297013,0.20603391270762095
ENSG00000271141,0.007024770287547644,0.2061753900084836
ENSG00000275479,0.007016265722948878,0.20672514764024244
CGA,0.00699394777916406,0.2081728973765502
ZIC1,0.0069477648229727745,0.2111920682317283
ENSG00000235122,0.006925002930337371,0.21269170141247012
SIRPG-AS1,0.006917031471857455,0.21321870275230503
CDK5R2,0.006911899084447617,0.21355850855716896
OBP2A,0.006909488569634472,0.21371823904406748
LIN37,0.006908800815855555,0.21376382819890097
PCDHA5,0.006908732012677272,0.21376838934320272
ACSBG2,0.006892996027203916,0.21481341446891633
ENSG00000261066,0.006880410684285607,0.2156518520679783
CLC,0.006874292284360921,0.21606031125737896
ENSG00000248491,0.006850748541410207,0.2176372667471831
LINC02476,0.006817310403713355,0.21989114395616002
ENSG00000267356,0.006812084351182465,0.22024491074823502
ATP6V0D2,0.006777444005327375,0.22260014164778708
LINC01967,0.006772544268483184,0.22293472951532256
LINC03079,0.006762482664949699,0.22362293328189428
PPP3R2,0.006761222834486764,0.22370921136209648
ENSG00000231252,0.006741329136794535,0.2250747658655451
SAMMSON,0.006710915259044583,0.2271739443072886
TGFB3-AS1,0.006691817306901799,0.2284992061866533
GPR61,0.006688018250433524,0.22876348882536698
TMEM229A,0.006617592267575781,0.23370214924546237
MYO7B,0.006608358311123394,0.23435524724694504
PTPRN2,0.006599739800250007,0.23496598164772117
ENSG00000232969,0.006596683525657359,0.2351828291558126
ENSG00000253348,0.006585301091868143,0.23599167692627568
IKZF1,0.0065679153046573945,0.2372309241200402
TXNDC2,0.00643067073170245,0.2471751693516562
ARL6IP5,0.006424864124220272,0.24760223724054328
CD82-AS1,0.006420439724263111,0.24792799223305606
LINC02908,0.0063922825545781005,0.25000814623420764
ENSG00000260612,0.006373264649728764,0.25142000210101223
VPS13A-AS1,0.0063299580784992844,0.2546557320073835
ADGRG3,0.00632776475704546,0.2548203771753746
ENSG00000260484,0.006318115820339641,0.2555455690999224
ENSG00000275236,0.006291755612609648,0.25753404902062854
ENSG00000226957,0.006282137786926477,0.25826223451833463
ENSG00000226097,0.006274483630468626,0.258842765649139
HCRTR2,0.00627199820994654,0.25903146722113796
ENSG00000228222,0.006244525332503376,0.26112365123025894
ENSG00000231985,0.006226743520563721,0.26248402931270226
KLHL10,0.006221649608254412,0.2628746337581189
LINC01537,0.0061942908827894005,0.264979382330466
POU4F1,0.006181225043821198,0.2659886431199186
SCML4,0.006123513954277574,0.27047812910659597
CLDN10-AS1,0.006111080817002497,0.27145209478946936
DLK1,0.006096221175234217,0.2726192913533746
ACOT12,0.006071453956996117,0.2745723306271311
LINC00398,0.006062521436878967,0.2752790506574215
IGSF22-AS1,0.006062069016040055,0.2753148781339571
ENSG00000258711,0.006055638275190321,0.27582447643978913
TRBV4-2,0.006040347464026031,0.27703876565570734
ENSG00000272361,0.0060241106834446456,0.27833215901406866
FCER1A,0.006021768810765241,0.27851904701684427
ENSG00000249574,0.0060108995704491654,0.27938756050212826
ENSG00000224000,0.005997170936552404,0.28048718469999756
MLC1,0.005974725349578007,0.2822913358960274
NCF2,0.005973668657798636,0.28237646509514885
TRBV6-5,0.005921995508420928,0.28656059993927785
GZMK,0.0059030944854873025,0.2881014799851475
HS3ST2,0.005899301196428907,0.28841139461481285
ENSG00000215692,0.005888201264959042,0.28931955817935867
PIRT,0.005886793334727184,0.2894348883691535
MIR7-3HG,0.005876899479537675,0.29024621382348864
IGSF21,0.005842039706809057,0.29311700558441717
ENSG00000253141,0.00577304060117295,0.2988552776497634
ELOVL2,0.0057217618560833055,0.30316809821737833
TRAV27,0.0057153376931105325,0.30371130684811165
HAPLN1,0.0056906829914205904,0.30580203676374706
LINC00861,0.005685988891045446,0.30620117744484043
LINC02179,0.005661341291710892,0.3083026339670815
DCX,0.005647240122806152,0.3095091808190014
ENSG00000273387,0.005635769949304922,0.3104929079224417
RFX8,0.005629621941047157,0.31102103382107793
ATP13A5-AS1,0.005605858509910113,0.3130679278099745
KHDC3L,0.005586599425248094,0.3147333261153868
ENSG00000255893,0.005576288593000369,0.3156273277102375
IGLV7-46,0.0055718778901125724,0.31601026687564443
SRL,0.005536400466434161,0.3191015211171061
ENSG00000270096,0.005518722639448328,0.3206492061925813
ENSG00000228933,0.005489455163368196,0.32322232493777747
IGLV3-25,0.005480135555131196,0.32404449769190913
ENSG00000257000,0.005472955549440523,0.32467884353447163
ENSG00000227407,0.0054656762551445436,0.3253227859801553
MS4A8,0.005456909622938312,0.32609940357753653
ENSG00000230534,0.005452782207050124,0.3264654595966787
HCP5B,0.005450074256834622,0.3267057697409037
ENSG00000267387,0.005434004340736556,0.32813421709022994
CES5A,0.005429940460994615,0.3284960943087014
ARHGAP44-AS1,0.005417338618742034,0.32961989817404524
IGHV1-3,0.005415659343452513,0.3297698399614649
LACRT,0.005413804948196559,0.3299354694507356
ENSG00000273447,0.005412627465044837,0.3300406669658714
LINC01965,0.005411280050926998,0.33016107292245245
ENSG00000260177,0.005410391906594153,0.33024045372691624
ENSG00000261335,0.0053812138051076335,0.3328552106926478
ENSG00000261195,0.005356968443947821,0.33503806609107434
ENSG00000274560,0.005341225241354233,0.3364603829300187
TDRG1,0.0053254322477796975,0.3378910948088083
XPNPEP2,0.005324610746159656,0.33796562268956687
ENSG00000273287,0.005252805280349927,0.3445206996776281
ENSG00000248571,0.005251610333914096,0.34463046735935343
PRRT4,0.005230668832112615,0.3465577728022321
HOXD-AS2,0.0052256805353172965,0.347017869901757
ENSG00000262213,0.005213626573571364,0.34813127456913884
SALL3,0.005205843371579041,0.3488514013200822
ENSG00000267255,0.005198087487964151,0.3495699410092049
IGHA1,0.005159598625263772,0.3531496052608514
MEX3B,0.005132199807685474,0.35571191058099316
RYR2,0.005130349681343691,0.3558853538222202
SLITRK2,0.005101670936903364,0.35858070879830417
EPC1-AS2,0.005085282261482695,0.3601267371984188
CD79B,0.005076152622554479,0.3609897953626182
GLYATL1B,0.005058126069976394,0.3626977173379359
CD2,0.005038732882712807,0.3645407599856473
TRAV4,0.005018614889299266,0.36645885776955767
TAF1L,0.004992821261893975,0.36892727313218454
ENSG00000274029,0.004988432821455245,0.36934826808327426
LINC01623,0.004978169078646949,0.37033406225398324
DPM3,0.0049747722792979066,0.37066067170719386
HOXD9,0.004943676112137657,0.373658940406428
LINC01634,0.004933568752469441,0.3746367074497444
ENSG00000228079,0.004907220190929472,0.3771930449965215
ENSG00000233535,0.004896038473924246,0.37828113771754146
ENSG00000278254,0.004886957804925922,0.37916619815840047
LINC00870,0.004840498204616847,0.3837143527588093
LINC01215,0.004818537607457713,0.38587575662574625
KCNE2,0.004792853070022576,0.388413090121723
ENSG00000256314,0.004787682459076213,0.38892511229312554
CBR4-DT,0.004762007397811886,0.3914736768553433
ENSG00000260122,0.004753389771182622,0.3923313488980097
ENSG00000260137,0.004751461156325309,0.39252345082930806
LINC01566,0.0047339087210071665,0.394274401497668
ABCC11,0.004706210521043278,0.3970470415641383
LINC01979,0.0047014008203636855,0.3975296970189798
TCL1A,0.0046865500387287,0.39902220981955094
PLSCR5,0.004683706467473938,0.39930837473921776
SEMA4A,0.004683086503511647,0.3993707816679052
ZNF454-DT,0.004671090591118569,0.4005794713682812
ELAVL4,0.0046642890240209,0.4012657621059639
ENSG00000277482,0.0046431677379385515,0.40340143414719576
ENSG00000230163,0.004640366272441439,0.4036852138984135
ENSG00000225606,0.004630190457569992,0.40471699742256906
ENSG00000273267,0.004604656265305321,0.4073129880521432
LGALS1,0.004580998995181409,0.4097269953335203
SMIM32,0.004572199264041423,0.41062709337222913
SEZ6L,0.004550491485299947,0.41285253328361504
TCEA1,0.004535405994935481,0.414403268715
TMIGD2,0.004514146092757634,0.41659455051259997
TRBV16,0.004494375138915901,0.41863848577119156
SMARCA5-AS1,0.004485589234515766,0.4195486695672743
ENSG00000273972,0.0044623961696547785,0.42195695820782253
ENSG00000260235,0.004460522334014085,0.42215188408883675
CD96,0.004445540660124711,0.4237122505144948
ALX1,0.004433710518855535,0.42494676018380817
ENSG00000267044,0.004431651900330994,0.42516179744416094
GZMB,0.004428687951801867,0.42547151441724496
NPPB,0.004419483746003991,0.42643414455811735
LINC01447,0.0044010580858431245,0.42836502035980195
ENSG00000267646,0.004398203184402054,0.4286646478346715
KIRREL3,0.004375180814378459,0.43108534145144006
ENSG00000226375,0.0043743111598031565,0.43117693664314805
ENSG00000270094,0.004372020487652993,0.43141825259205635
CFHR1,0.004369761339902618,0.4316563241979624
LINC01363,0.0043654452339565025,0.4321113720574239
LIPF,0.004361829260984505,0.4324928185766108
ENSG00000268108,0.004348752986031631,0.43387385199314366
ITK,0.0043418535824217685,0.4346035493728604
LINC01977,0.004327546253086641,0.43611898314058917
PCDH15,0.004303769280981601,0.43864416776799153
ENSG00000256195,0.00427903988530468,0.44127939430991314
ENSG00000183562,0.004273989494628461,0.4418186896271572
BARX1,0.004273463740579515,0.44187485283890904
GAP43,0.004273103286352703,0.44191336040442286
TMEM114,0.00427205500464371,0.4420253599538697
FUT7,0.00426947096769285,0.44230151061772416
ADH1A,0.004263770211627854,0.44291108752273467
ENSG00000250603,0.004228131947524668,0.44673272541763676
IGKV1-5,0.004203281042356496,0.4494086565445512
LINC02274,0.00419252110183951,0.45057009481144294
IL23R,0.004157860099786969,0.45432297102135644
ENSG00000212930,0.004132994449309226,0.45702608595544014
SALRNA1,0.0041273638672846055,0.45763943183422984
IGHV2-70,0.004123065280620145,0.4581079927364039
DBX2,0.004110408156208808,0.4594892249890181
ENSG00000278484,0.004098710725867583,0.46076779969375925
IQSEC3,0.004084594704351896,0.46231338080258044
ENSG00000250126,0.004056914304128874,0.4653525241055204
STYXL2,0.004043456715768173,0.46683408940255633
LINC01102,0.004037894267833785,0.46744723076098293
CRYBA4,0.0040337286464464375,0.46790669391499873
MSC-AS1,0.004025579626082971,0.4688062443007722
ASCL1,0.0040230135852272605,0.46908970123825544
ENSG00000258943,0.004022440488344026,0.46915302116240953
TRPM2,0.004020965393402398,0.46931602215246626
ABCG5,0.004016148924469773,0.4698484697601071
CDC42EP3-AS1,0.003987238325535547,0.47305146300164136
MS4A10,0.003984266752702383,0.4733813619199976
LIPJ,0.0039600271882234625,0.47607711742832337
SHOX,0.0039564664926431525,0.47647382074917155
TRPA1,0.003951238868673913,0.4770565674194128
KIF4B,0.003938518510344616,0.478476190986756
HNRNPU,0.003925195573682021,0.47996553508444817
TECRL,0.003922168878004461,0.48030423528555677
ENSG00000274718,0.0038934819267546056,0.4835208872778427
ENSG00000229209,0.0038904889865468526,0.483857156197688
ENSG00000253629,0.0038819745444069196,0.4848144815575355
ANTXRL,0.0038607701798357777,0.4872030576950772
ENSG00000259821,0.0038605040631096905,0.4872330748692998
SPINT3,0.003845715916710366,0.4889027023721926
ENSG00000260701,0.003839372639003803,0.48961982162338125
IGHJ6,0.003834617629930031,0.4901577552205618
ENSG00000248544,0.0038165330104671827,0.49220656630841386
ENSG00000236308,0.0038102482084269493,0.4929196471019611
FOXCUT,0.003762911016733022,0.49830831906270545
LINC03098,0.0037544388401840835,0.49927605185531143
ENSG00000253331,0.003731976677371412,0.5018466122275438
LILRA2,0.0037193226288542345,0.5032978146021871
TM4SF20,0.003696226038234054,0.5059523014860956
SLC35G3,0.0036938004591582888,0.5062314996703051
ENSG00000275516,0.0036862113739583396,0.5071055704312126
SLC25A34-AS1,0.0036775196908328356,0.5081076057230637
LDHAL6B,0.0036709827256113433,0.5088619145326401
ENSG00000274515,0.0036451871558737716,0.5118442153179339
ENSG00000256218,0.0036347367686858684,0.5130550055837451
CYP4F2,0.00362445915178938,0.5142472320269722
LINC01360,0.003621847607371547,0.5145504063705115
FNDC5,0.003590173593199582,0.5182348271977468
ENSG00000250348,0.003578227269211771,0.5196279949706127
ENSG00000233706,0.0035770125920109503,0.5197697575002331
ENSG00000261728,0.0035439160874191707,0.5236400467189897
IGLV10-54,0.0035285478656147365,0.5254422113211161
PRORY,0.00351441033871963,0.5271028549668182
LINC02583,0.003491497697388231,0.5297999302828207
LINC00620,0.0034586289367840527,0.5336811620467501
LINC02390,0.0034296464821057015,0.5371153665470851
LINC02125,0.0034281219967666433,0.5372963136908241
GPR25,0.0034177311948592926,0.5385304540284244
LINC01630,0.0034150963238346356,0.5388436297587258
NAV3,0.0033932959994310507,0.5414382720199223
SLC7A14,0.003382598781737173,0.5427137164699546
IER3-AS1,0.0033622956152058636,0.5451386018705895
FAM151A,0.0033480453598488035,0.5468437710442071
ENSG00000230928,0.0032910004963354837,0.5536960230780426
ENSG00000278816,0.003283756094672925,0.5545692233987836
IGKV2D-40,0.003283036577372476,0.5546559868078764
ENSG00000261707,0.003276570018162515,0.5554360583434986
ENSG00000277550,0.0032669884217484953,0.5565928860688545
ENSG00000272558,0.0032514123640973195,0.5584759539430231
USP26,0.0032372696150374204,0.5601884193927045
DCXR,0.003226757222850564,0.5614629520543606
GNG13,0.0032166678539726212,0.5626875143449077
ENSG00000242593,0.003214258005650705,0.5629801919632449
DSC1,0.003146557447610325,0.5712323364466656
GDF10,0.003143358185830422,0.5716237203006194
ETNPPL,0.003092112390854192,0.577910223285123
NKX6-3,0.003090283858869433,0.5781351355331015
SIGLEC8,0.0030702229693804015,0.5806053549137501
TRBC1,0.0030639828666704744,0.5813747433865254
CLEC10A,0.0030463696531444805,0.5835489753266085
ENSG00000260834,0.002996793123880808,0.5896891116776901
ENSG00000229308,0.0029659066399276525,0.5935294474248978
ENSG00000226043,0.0029588120071795,0.5944131878478998
ENSG00000267727,0.0029311449453372127,0.5978652572587112
TNFRSF10A-AS1,0.0029236465450574027,0.5988024122870003
IGLV9-49,0.0028640478107885008,0.6062746661521188
HEPACAM,0.002856967103706691,0.6071651821614108
ENSG00000259276,0.0028551915333212908,0.6073885810538585
ENSG00000228427,0.002854128082927755,0.6075223999251005
PROX2,0.0028405091586382594,0.6092372935847512
ENSG00000272678,0.0028377826286384877,0.6095808764824925
GJD3,0.0028363400379908385,0.6097626989613283
ISLR2,0.0028347932845013556,0.6099576767705335
CTAGE15,0.0028282697486634437,0.6107803131572449
ENSG00000273450,0.002800099910071705,0.614338244322008
PMP2,0.0027902987621028492,0.6155782945849766
KRT36,0.002761903552538139,0.6191770745599334
TRBV6-6,0.0027433430474993505,0.621534364178483
SERPINB12,0.0027427486713651286,0.6216099177119015
LINC00858,0.0027352426368803954,0.6225643828606934
DSG1,0.0027102184463154194,0.6257510299627427
PTGDR2,0.002692649520231477,0.6279924929127281
LINC02044,0.0026669717986479873,0.6312746615334521
ITIH3,0.00263532219862149,0.6353301853074738
ENSG00000248223,0.002623669665921569,0.6368260881728558
IGHV1-69D,0.0026070944768843145,0.6389564924042261
GTSF1,0.0025857061357105293,0.6417099359945329
CPSF4L,0.002570526051891092,0.6436671514536222
PLA2G5,0.0025636058537277903,0.6445602160442573
FASLG,0.002563328319114941,0.6445960431189923
NCR1,0.002546793504009205,0.6467320171448909
SLAMF6,0.002500646670363097,0.6527086548003336
IBSP,0.0025004114975803434,0.6527391704333889
GFI1,0.002499337464572917,0.652878542574016
ENSG00000264622,0.002492516318857876,0.6537639727580389
ENSG00000255655,0.0024866572044740937,0.6545249142082562
ENSG00000272911,0.002440741137699878,0.660500557066839
ENSG00000272791,0.002439875867401316,0.6606133753109278
ENSG00000279182,0.0024224601430171706,0.6628857609982197
GADL1,0.0024085247382947513,0.664706276441926
ENSG00000256339,0.0024071855162068156,0.6648813362733493
TCP10L3,0.002399548912489609,0.6658799233951771
LINGO1,0.002393643614709478,0.666652525794093
ENSG00000228587,0.002385528614698005,0.6677148050156776
ENSG00000233271,0.0023518640985055266,0.672128689611585
ENSG00000258260,0.0023373717467717204,0.6740323344567941
ENSG00000260657,0.0023168011749251888,0.6767379696030628
ENSG00000231393,0.0023105651056963272,0.6775590229279849
ENSG00000247049,0.0023035919666362908,0.678477574094885
IGKV1-33,0.002297624186126767,0.679264071903999
SLC7A3,0.0022880509286856785,0.6805264672122839
ELFN1-AS1,0.0022880509286856785,0.6805264672122839
ENSG00000231964,0.002281756055480476,0.6813570406496711
MS4A1,0.002273278541621878,0.6824762117945677
QRFPR,0.002244661470887509,0.6862592824396148
IGHV2-26,0.002231919880923268,0.687946212862353
FLT4,0.0022113164350021737,0.6906773036708146
FAM180B,0.0022102372241827343,0.6908204699282492
RIMBP3C,0.0021834407290626935,0.6943787816947566
ENSG00000228142,0.002174538772983568,0.6955623708511436
LINC00334,0.0021703711293735335,0.6961167489782965
LRRTM4,0.0021307581184106307,0.7013941247591067
LINC02324,0.0021159549480863505,0.7033699715046887
MAFA-AS1,0.0021146767468789626,0.7035406730706208
COL1A2,0.0021136210681636652,0.7036816684084478
ENSG00000230113,0.0021135414525293036,0.7036923022019514
ENSG00000276188,0.0020996305099095615,0.7055511931354735
ENSG00000237531,0.0020690279418356552,0.709646729039578
ENSG00000228005,0.002064775987545296,0.7102164348113148
ICOS,0.0020545771735156425,0.7115836010312379
FAM180A,0.0020461740449765477,0.7127107504048591
TRBV27,0.0020308929196310634,0.7147620835948048
GABRA6,0.0019997785035882495,0.7189452333682913
CALY,0.0019934387753283303,0.7197986108519339
KCNS2,0.0019908628615749263,0.7201454490357913
ENSG00000232072,0.0019897764252671027,0.7202917513307154
SCHLAP1,0.0019756478845055535,0.7221952676587131
MS4A12,0.001970751273487416,0.7228553826590502
ENSG00000267366,0.0019568897382531685,0.724725181527115
ENSG00000266897,0.001956008137582421,0.7248441573657873
ENSG00000230285,0.0019393428208592728,0.7270944611293915
LINC01104,0.0019389924506571035,0.7271417966774304
ENSG00000260695,0.001938557761763434,0.7272005252565461
ENSG00000255931,0.0019333344739425465,0.7279063420240519
LCNL1,0.0019159714686630173,0.7302542406374152
OTP,0.00189762825823927,0.7327374352798284
LINC01864,0.001893418782112073,0.7333076850552492
TBXA2R,0.0018592684842163906,0.7379393770616045
ENSG00000255299,0.0018535619745697594,0.7387142658777639
MPZ,0.001852948592591404,0.7387975730309313
ENSG00000249022,0.0018139163120000712,0.7441050521384145
LINC00629,0.001797742438344328,0.7463079047358373
SHD,0.0017573685400431535,0.7518157759805594
OC90,0.0017299317386516866,0.7555659941235249
LINC02073,0.0016918893799533357,0.7607753665464179
ENSG00000260378,0.001680571813445935,0.7623272577475309
OR1K1,0.0016804277177706558,0.7623470226602398
ENSG00000256084,0.0016485653109579185,0.7667212203058222
LINC01485,0.001570502007238924,0.7774692627501623
IGLV1-40,0.0015648423778236553,0.7782501870300513
OR2K2,0.0015636984767252616,0.7784080514799945
TRBV5-4,0.001540981648101399,0.781544980856707
IGKV2-24,0.0015065955327182702,0.7863000558648224
ENSG00000248516,0.0014793524018866721,0.7900730417179123
CNBD1,0.0014533936930237509,0.7936727294481889
LINC00399,0.0014529524601044658,0.793733953349484
SVEP1,0.0014497005672118107,0.7941852135520384
DCDC2C,0.0014175773502503653,0.7986465819410768
SLC17A7,0.001410755416762441,0.7995948846908196
ENSG00000257264,0.0013768092388766887,0.8043180405728991
OLIG2,0.0013144628208308555,0.8130112235325394
ENSG00000269972,0.001311316843054014,0.8134504993096108
NLRP6,0.0012975092438202481,0.8153791593623515
GNRH2,0.0012740028054601866,0.818665132028838
ENSG00000223446,0.001271581132937314,0.819003840507154
DLX2,0.0012612975744072054,0.8204425312480325
ENSG00000257359,0.001250505678097796,0.8219529893473444
OTOG,0.001232888672414665,0.8244201212408013
ENSG00000249713,0.0012146076302816428,0.8269820814315825
PLCL2-AS1,0.0012077840512645709,0.8279388320028271
NAMPT-AS1,0.0011934271895532715,0.8299526746454216
IGLV2-18,0.0011465379916696754,0.8365375591836853
MEIOB,0.0011415092485572772,0.8372444598899795
IGHV3-20,0.0011401490045226178,0.8374356947805972
FCRL3,0.0011386775734290942,0.8376425721247135
IGHA2,0.0011353206646702598,0.8381145821019279
HNRNPDL,0.0011222525613706934,0.8399526220851707
ENSG00000269752,0.0011135636874639871,0.8411752035364114
ASTL,0.0011084737552012267,0.8418915684662394
LRRN2,0.0011046451528450173,0.8424304981650738
FOLR2,0.001088546286569053,0.8446974451652813
SLC6A5,0.0010880055136924624,0.8447736160395054
ENSG00000229728,0.0010698196032660303,0.8473360435497935
SLEAR,0.0010573652642971586,0.8490918155740517
TRGV2,0.0010438592724408636,0.8509966923167017
ENSG00000260855,0.0010303049384681917,0.8529092617022478
GFRA2,0.001006580130938125,0.8562590002620912
ENSG00000261393,0.0009832269485111607,0.8595587996823373
TMOD4,0.0009758622214922879,0.8605999456969555
ENSG00000258690,0.0009583543171873183,0.8630759947195923
TBX21,0.0009513528363827232,0.8640665546149027
CLEC17A,0.0009453552414793016,0.864915256088061
ENSG00000257964,0.000906720792754904,0.8703859931819864
ENSG00000270574,0.0008962306627074787,0.8718725051892348
ENSG00000273747,0.0008763559594817741,0.874690102324325
ENSG00000225798,0.0008698694724331707,0.8756100244531098
IGLV2-11,0.0008670194885004832,0.8760142661507988
ENSG00000226842,0.0008553219186937348,0.8776737870793285
ZNF534,0.0008449051691025513,0.8791520523751183
SEPTIN14P23,0.0008352802739018182,0.8805183184125163
LINC02092,0.0008012926127562453,0.8853457287998996
ENSG00000271803,0.000785510397203617,0.8875888020081756
SLC22A2,0.0007841277907795509,0.8877853503721664
IGLV3-21,0.0007694239132015898,0.8898760466094355
IGKV2D-28,0.0007691397959132898,0.8899164519074709
ADCYAP1,0.0007611070967652235,0.8910589276422747
ENSG00000259390,0.0007579591857486796,0.8915067109449051
ENSG00000255240,0.0007441547432285362,0.8934707686803954
LINC01525,0.0007128624777201196,0.8979253461732231
LINC01744,0.0007113604151663161,0.8981392527790107
BHLHE22,0.0006923133768871195,0.9008523513815218
ENSG00000249892,0.0006669841285054895,0.9044620903972603
NUTM2A,0.0006553273956674507,0.9061239907847679
ENSG00000223989,0.0006421558148409657,0.9080023574373084
LINC01046,0.0006340883110180073,0.9091530990144299
CSNK1A1L,0.0006049352105855051,0.9133130431185091
ENSG00000217455,0.0006040621287533282,0.9134376630201323
LINC00345,0.0005781780311066556,0.9171332001584199
LINC02906,0.000524987577254117,0.9247328690373877
GZMA,0.0005121165009704427,0.9265729034049246
PROZ,0.0004983734251283095,0.9285380311965867
LINC01702,0.0004823161953014163,0.930834612096525
TRAV1-2,0.00048211362993262895,0.9308635876721302
ENSG00000236304,0.00045480770906346896,0.9347703339889679
ENSG00000231724,0.0004475537697183523,0.9358084465586834
LINC03022,0.00044370891038567284,0.9363587294394424
LINC00544,0.0004365200297249975,0.9373876957599931
MOXD1,0.00042241739680238974,0.939406550614946
LINC-ROR,0.00041525265385769516,0.9404323655647049
ENSG00000234699,0.0004121117306001608,0.9408820997749712
ENSG00000273093,0.0003941067099646482,0.9434605144501598
ENSG00000268636,0.00036991116983397035,0.9469263727116985
ENSG00000229672,0.00036129244503711473,0.9481611966481895
IGLV1-47,0.0003459768929763081,0.9503557953160306
SHCBP1L,0.0003410839073994044,0.95105700200018
ENSG00000258515,0.00033788418037444774,0.9515155707786973
LINC01850,0.00031856061120388786,0.9542852633213623
ENSG00000261240,0.0003151552421381514,0.9547734210421092
PCSK6-AS1,0.0003014994226594151,0.9567311435868789
LINC03095,0.0002944684077500502,0.9577392249176098
ENSG00000233183,0.00028256345749380515,0.9594462666194197
ENSG00000278642,0.00025978873218940616,0.9627124285674172
RAB5C-AS1,0.0002464090407220875,0.9646315281313875
UBXN7-AS1,0.00022375330366583538,0.9678815872263539
IGLV7-43,0.0001878575761959412,0.9730320485140221
LINC00254,0.00018098753287044785,0.974017924399418
ENSG00000225096,0.0001580750713193286,0.9773062233966071
IGDCC4,0.00015312983059787735,0.9780159958255348
LINC01303,0.00015209648758558023,0.9781643100098902
ENSG00000260473,0.00014456630273118777,0.9792451287009916
LINC02388,0.00013348719755446967,0.9808353979333518
ENSG00000258749,0.00011088062053582,0.9840805233679673
NTSR1,0.00010803176233974874,0.9844894906243471
ENSG00000283075,9.965502033033069e-05,0.9856920353215755
ENSG00000254533,6.352712292587745e-05,0.9908788062261877
ENSG00000250945,2.0564629605117843e-05,0.9970472827945374
SPACA3,-1.9016292611176701e-06,0.9997269590431903
KCNMA1-AS3,-4.966759132492851e-06,0.9992868596737419
LINC02566,-7.078953395198256e-06,0.9989835854113431
CD1A,-2.1367872041703717e-05,0.9969319519405888
ENSG00000276473,-4.01203890599515e-05,0.9942394584000238
SDS,-4.64077089521838e-05,0.9933367357763918
CD8A,-9.5464886150222e-05,0.9862935731553075
AIRE,-0.00011042441122636524,0.9841460141236751
PPP1R3B-DT,-0.0001231749734813483,0.9823156593850851
CLEC4M,-0.00012680980106755864,0.9817938932289711
ENSG00000256658,-0.00013676290428479458,0.9803652023218641
MSMP,-0.00016382160802484602,0.9764814664745963
LINC00488,-0.00019220983685163924,0.9724075047055056
XCR1,-0.00021933099794809596,0.9685160491807934
C4orf50,-0.00022062498962697243,0.9683303999421797
ENSG00000229679,-0.00022083943263208496,0.9682996339279084
COQ4,-0.0002547778930422238,0.9634311274049825
ENSG00000243243,-0.00025945481556905424,0.9627603209046467
NKAIN1,-0.0002613981671009975,0.9624815955877315
TBC1D10C,-0.0002637773342522949,0.9621403696339024
ENSG00000260051,-0.00026912861209881027,0.9613729017511736
WDFY4,-0.00030785432494874254,0.9558200603147782
ENSG00000229192,-0.0003266096857547163,0.9531315015548397
ENSG00000259929,-0.0003269073235269884,0.953088839750359
LILRB5,-0.0003348120295008975,0.9519558710940513
ENSG00000275063,-0.0003401550749329261,0.9511901159334041
MBD3L1,-0.0003764237608027919,0.945993383664731
SLC39A5,-0.00042474992857484514,0.9390726110505067
ENSG00000255146,-0.0004714371033938708,0.9323909197430396
LINC01798,-0.0005118078943167109,0.926617026320634
ENSG00000250258,-0.000513888568002478,0.9263195471887334
TRBV20-1,-0.0005206889187067508,0.9253473560646486
OR52N1,-0.0005231936519726144,0.9249893026253737
PRSS57,-0.0005247771577816773,0.924762947154634
TPTE,-0.0005297134727138485,0.9240573609447427
FLJ40288,-0.0005343521132796354,0.9233943781033037
LINC00702,-0.0005607362403067038,0.9196244232066149
PRG2,-0.0005858877228516381,0.9160322773440548
ENSG00000257543,-0.0006103289606822755,0.9125432100714809
ENSG00000235872,-0.000612984865543193,0.9121641712014663
LINC01659,-0.0006147551073322612,0.9119115412988497
PTGES3,-0.000662136992658148,0.9051530961502681
CYTIP,-0.000685333825724652,0.9018468245082767
SIT1,-0.000694773170694041,0.900501907559455
ENSG00000229495,-0.0007098040066718242,0.8983609065211404
TIFAB,-0.0007207609122352618,0.8968006636732323
ENSG00000253784,-0.0007753294491069856,0.8890362649246644
ENSG00000234961,-0.0007962524376315467,0.8860619729706833
ENSG00000230684,-0.0007988519497038198,0.8856925524456464
EBF1,-0.0008077047076379313,0.8844346606792899
ENSG00000266106,-0.0008339790303780398,0.8807030589615885
ENSG00000236326,-0.0008452536626963175,0.8791025899933512
ITGAD,-0.0008456905838897536,0.8790405775748809
ENSG00000250735,-0.0008516061519765382,0.8782010515602917
TRAV3,-0.0008657088394936201,0.8762001794598485
TRAV13-1,-0.0008736615976590263,0.87507219977489
CHUK-DT,-0.0008835603274528012,0.8736685678956474
ENSG00000260650,-0.0009025680566121137,0.8709744054208862
C5orf46,-0.0009051878259552943,0.8706031949922478
CCDC39-AS1,-0.0009255048599353784,0.8677253295601691
ENSG00000261573,-0.0009640107354106001,0.862275889522746
CADM3-AS1,-0.0009677225243099516,0.8617509305223108
NHS-AS1,-0.0009679934630152444,0.8617126139987165
MORC1,-0.0009796948839695967,0.8600580946824941
TRAV38-2DV8,-0.0010002377870379968,0.8571549260347271
ENSG00000230536,-0.00101507162208728,0.8550597739822473
ENSG00000254639,-0.0010346363095018656,0.8522979937785152
LINC02252,-0.001036533095566553,0.8520303363548872
PIK3R6,-0.0010980710194911374,0.8433560720680757
ABCB1,-0.001118422263014599,0.8404915227413361
ENSG00000231868,-0.0011231122623284163,0.8398316774689009
ENSG00000227061,-0.0011504680113465643,0.8359852001181297
LINC01449,-0.0011606863463786085,0.8345494057782135
MUSTN1,-0.001168821559354709,0.8334067081628869
ENSG00000275345,-0.001189340554539667,0.8305261134520886
TRAV20,-0.0012137205797435983,0.8271064424507635
ENSG00000275197,-0.001231579557943782,0.8246035226577801
RHO,-0.0012391952402883704,0.8235367321599952
PI15,-0.0012444367958671426,0.8228026941478066
SLC35F4,-0.001257276039289455,0.8210053168386959
KCNT1,-0.0012581156729190301,0.8208878083894285
ENSG00000275431,-0.001270133534204312,0.8192063257853677
BFSP2-AS1,-0.001312069711962808,0.8133453701832132
ENSG00000260545,-0.001322390402812324,0.8119045491084766
LINC02202,-0.0013498362854992383,0.8080760741142778
IGLV6-57,-0.0013840584427354044,0.8033088046338314
ENSG00000248469,-0.0013942836268026327,0.8018858097323082
LINC02208,-0.001409606962725545,0.7997545579970624
ASTN1,-0.0014156540551665698,0.7989139051833821
LINC01780,-0.0014207085818890475,0.7982114152982125
IGFN1,-0.0014237007265886928,0.7977956369946597
LINC01531,-0.0014294561833037014,0.7969960395548683
ENSG00000228417,-0.0014339916311797614,0.796366086228982
ITIH1,-0.0014440368180911433,0.794971327756815
ENSG00000229855,-0.001452548235672289,0.7937900432010936
IGHV3-66,-0.0014661641863017217,0.7919012938412184
MEP1A,-0.0014726848967307235,0.7909971989711336
SCGB2A2,-0.0014804830389622582,0.7899163576929211
CRCT1,-0.001490318783605851,0.788553676195878
CCDC26,-0.0015188719397971804,0.7846014909958439
ENSG00000254287,-0.0015285022975904028,0.7832697509986566
IFNG-AS1,-0.0015642793335529377,0.7783278889979837
ADORA3,-0.0015993296456880493,0.7734950847903184
IGKV3D-20,-0.0016101492669454934,0.7720050168527013
ENSG00000261448,-0.0016140861698412923,0.7714630385839277
NFIA-AS2,-0.0016282616345514233,0.7695124823316707
ENSG00000254054,-0.0016302155180969206,0.7692437402787204
ENSG00000261020,-0.0016553578199403568,0.7657880887399805
ENSG00000240687,-0.001667366640531624,0.7641391901564524
ENSG00000254400,-0.0016693836781637766,0.7638623408334864
ENSG00000264151,-0.0016750391119512036,0.7630862630358997
SLAMF1,-0.001683161493087058,0.7619720702457192
ENSG00000269652,-0.0017202172811505278,0.7568952084975459
ENSG00000253356,-0.0017220879262379247,0.7566391949421398
ENSG00000250977,-0.0017304277160960404,0.7554981496596282
NOL4L-DT,-0.0017361563115219718,0.7547146752307055
SIRPD,-0.0017369392655858524,0.7546076136780948
HOXA5,-0.0017430717693246766,0.7537692151078844
SELE,-0.0017604449300157531,0.7513956407721172
IL2RA,-0.0017645179832669147,0.750839507010888
ENSG00000232739,-0.001768467265609651,0.7503003964731121
OTOGL,-0.0017870659633182923,0.7477631595212372
ENSG00000260620,-0.0017906213116481236,0.7472784483600652
POTEC,-0.0017920012164363665,0.7470903487611211
RIPPLY1,-0.0017994737463556025,0.7460720042198385
ENSG00000253660,-0.0018010690835868401,0.7458546515592221
ENSG00000257386,-0.001803219561644892,0.7455616971546885
HTR1E,-0.0018036038062579126,0.7455093563163282
SMIM28,-0.0018100069537066354,0.7446373086660018
NETO1,-0.0018194008856592617,0.7433585371323208
ENSG00000267437,-0.0018650592582092386,0.737153318075161
ENSG00000260467,-0.0018891469733111955,0.7338865294020664
ENSG00000235480,-0.001890620161033925,0.7336868904442316
IFNG,-0.0019202859137038557,0.7296705861577341
FCGR3B,-0.0019271218097248353,0.7287461525946143
ENSG00000248475,-0.0019288294956918252,0.7285152798889745
ENSG00000234136,-0.0019321657506372607,0.728064301859922
LINC02496,-0.0019353408196845009,0.7276351995376646
MS4A3,-0.0019384532081873132,0.727214651191185
ENSG00000254691,-0.0019407747012174926,0.7269010227393727
MEPE,-0.00196592815215352,0.7235057921628552
IGKV1D-13,-0.0019688709446087312,0.7231089257448082
MYB-AS1,-0.0019787123425185475,0.7217822514380106
LINC02129,-0.001988032546922143,0.720526607865365
ENSG00000241884,-0.00200199473671637,0.7186469934671365
CYLD-AS1,-0.0020037324751773456,0.7184131748647113
GFAP,-0.0020156363774985653,0.7168121743133602
FRMD4A-AS1,-0.0020234768265585926,0.7157583616740323
ENSG00000260810,-0.002051045037295991,0.7120573057064601
P2RY8,-0.0020798311627228602,0.7081999705787619
FYN,-0.0020809069976553255,0.7080559531841092
ENSG00000268184,-0.002130970723913328,0.7013657619960737
SLC14A2-AS1,-0.002131382757182679,0.7013107956383595
IGLV2-23,-0.0021567730892383978,0.6979266823304944
ENSG00000259575,-0.0021585286111774175,0.697692921072092
MMP9,-0.0021691925691389984,0.696273550012663
RUVBL2,-0.002185505784647678,0.6941043216904876
LINC01801,-0.0022025827780913386,0.6918362127384141
LINC00678,-0.002207676859169953,0.6911601677941537
MPO,-0.002212129639830133,0.6905694326210501
TRPC4,-0.0022131427074143146,0.6904350587070232
ENSG00000233288,-0.002227874636465274,0.688482110818966
ENSG00000248747,-0.0022351397782454097,0.6875197655855808
IGKV3-11,-0.0022796898573823263,0.6816297482476554
LINC02112,-0.00228239923168406,0.68127215939581
ENSG00000274294,-0.0023101812651156626,0.6776095726726012
CNMD,-0.0023158438658712308,0.6768639858935698
ENSG00000258820,-0.0023357863076285627,0.674240717008614
TBC1D3I,-0.002367714771578533,0.6700490270347014
ENSG00000250230,-0.002380170858679852,0.6684165174529622
RGS13,-0.0023914397653600874,0.6669409506664417
KRT79,-0.002395205149080494,0.6664481925725991
ENSG00000254839,-0.0024128699168721943,0.6641384112841395
ENSG00000243433,-0.0024191651018204965,0.6633160445959018
ENSG00000260304,-0.002425865388693839,0.6624412031740867
RSPO3,-0.0024329237605013963,0.6615201053292357
NLRP2B,-0.0024513370922738574,0.6591196302142056
NFE4,-0.002521103486830079,0.650056440576299
MEIOSIN,-0.0025451066928597133,0.6469500841737341
ENSG00000249412,-0.002600177824277539,0.6398463707768767
JPH4,-0.002673954705653726,0.6303813712692876
ABRA,-0.0026743759723357953,0.6303274978742706
CFAP298,-0.002683062447248491,0.6292170725411126
TM6SF2,-0.002693415452224744,0.6278947027011366
FCRL5,-0.0027149586166008008,0.6251468646760727
CASC6,-0.0027318643589030137,0.6229941709183131
ACVRL1,-0.002732488144202273,0.6229148026263176
HP,-0.002733948758054127,0.6227289762918735
LINC00161,-0.0027453337076836686,0.6212813524389332
LEFTY2,-0.002760038523906408,0.6194137674248849
ENSG00000262171,-0.002760837334563231,0.6193123846410291
ENSG00000233633,-0.0027907869851516655,0.6155164981307308
ENSG00000228137,-0.0028035083054105247,0.6139072690011673
RAB39B,-0.002817312200291909,0.6121631971382495
ENSG00000269506,-0.002826862144481829,0.6109578805554365
SRSF5,-0.002828773579972415,0.6107167610691264
ENSG00000236154,-0.0028516224398742835,0.6078377485540509
ENSG00000280241,-0.0028958056678017254,0.6022877966615661
IGFBP7-AS1,-0.0029072411139052286,0.6008550931088157
BRINP3,-0.0029164213411028094,0.5997060526701052
HOXA9,-0.002932566470048982,0.5976876693049901
UTS2B,-0.002952684623388276,0.5951769269103039
BSN-DT,-0.00296070780561536,0.5941769795075507
GPR171,-0.0029804327538043604,0.5917218863268752
ENSG00000234826,-0.0030034708883701594,0.5888603260291232
DIRAS1,-0.003048081247126782,0.5833375245325285
FAM162B,-0.0030856988629880348,0.5786992780382478
SLC12A1,-0.003110982636804179,0.5755915621007621
ENSG00000271398,-0.0031141473044966174,0.5752031376451063
ASB5,-0.0031365020966347963,0.5724628938051819
ENSG00000262006,-0.003140980681293536,0.5719146564969355
CPA5,-0.003143358185830422,0.5716237203006194
ENSG00000260111,-0.00316134364711625,0.5694251153050016
ENSG00000268981,-0.0031717128754185997,0.5681593819793943
TRIM58,-0.0031791549051008,0.5672517912514424
DNTT,-0.0032010541303871694,0.5645851133077326
IDH2-DT,-0.003207048183669317,0.5638562677314666
LINC02391,-0.0032275570501786913,0.5613659309386997
ENSG00000272498,-0.0032487096703008823,0.558803011121386
LINGO4,-0.0032499510454441056,0.5586527788336775
CABP5,-0.003250785483784413,0.5585518054174647
ENSG00000253722,-0.003266808082304936,0.5566146704884537
WFDC11,-0.0032846715978193737,0.5544588365198804
DBET,-0.0032944056195126073,0.5532858210211933
GABRG1,-0.003295453998768761,0.5531595568066614
ENSG00000226239,-0.0033814567029173603,0.5428499765490464
ENSG00000237471,-0.0033939047524183083,0.5413657345684715
LINC03066,-0.0033985066556681577,0.5408175405727336
SOST,-0.003462607854972497,0.5332105575026911
LINC00159,-0.003482167542859835,0.5309002003093555
COL15A1,-0.0034862731562409293,0.5304158979658633
TBC1D3E,-0.003494227236133595,0.5294782652923395
ENSG00000282143,-0.003498379243472366,0.5289891586726516
IL2,-0.0035024443686593847,0.528510509607554
LINC01522,-0.003515502344151985,0.5269744887894477
LINC03070,-0.0035213444870504135,0.5262880109806451
MX1-AS1,-0.0035309136214176483,0.5251645829465755
ENSG00000267448,-0.0035498713939715217,0.5229425470608677
ENSG00000264449,-0.003559769831336347,0.5217842748236242
ENSG00000227713,-0.003564766216461861,0.5212001209923185
LINC00635,-0.003568645701371409,0.5207467821586071
NANOGP11,-0.0035997793968346194,0.5171160107215564
ENSG00000234162,-0.0036233383268657678,0.514377337278753
LINC03017,-0.0036292102674894376,0.513695913032225
COL5A2,-0.0036332636800091743,0.5132257987153377
TNFRSF4,-0.0036460428756252307,0.5117451370230492
RIT2,-0.0036504236558360767,0.5112380714332188
VIM,-0.0036641285007159457,0.5096534621018162
MAST3-AS1,-0.003670865051926194,0.5088754984248968
ENSG00000225284,-0.00369196735771687,0.5064425540023108
NAV2-AS5,-0.0037118012472918604,0.5041614371595233
KCNC2,-0.003720929382069575,0.503113424793093
PROK2,-0.0037289693472104574,0.5021913006978445
TMEM119,-0.0037429097863369044,0.5005945576408274
ENSG00000269495,-0.0037595341583214112,0.4986939204748737
ENSG00000258807,-0.0037687030926798386,0.4976472948659941
LINC01625,-0.0037937874047240935,0.49478992917404685
NTN3,-0.0037973725632035934,0.49438225945784764
SLC38A8,-0.0038086600997172403,0.4930999232946345
ENSG00000275248,-0.0038160543677760363,0.4922608541818163
ANO2,-0.0038336885918965804,0.4902628942886862
LLPH-DT,-0.003835596341934566,0.49004700767653875
CST5,-0.003863273722120618,0.4869207144762794
SLC8A1-AS1,-0.003870568513173499,0.4860985304923441
FAM167B,-0.00387426721722671,0.48568194263103637
PRAME,-0.0038787604100529015,0.4851761308971301
IGKV1D-33,-0.003880020762680651,0.4850343005952361
PP12613,-0.0038955571164511938,0.4832878058099036
ENSG00000255321,-0.003913451559327317,0.481280468053393
DPPA2,-0.0039147923165042744,0.48113024944557514
ENSG00000253821,-0.003917983284847831,0.4807728356332225
ENSG00000272784,-0.003919277579899699,0.4806279055392185
STAB1,-0.003928073466591042,0.47964360737769307
IGHV4-39,-0.0039349172391850915,0.4788785206063575
FFAR1,-0.003935067196613465,0.47886176386022394
MS4A4E,-0.003998854734445219,0.47176304395102286
ENSG00000248268,-0.004029218570931669,0.4684044318966848
ENSG00000250597,-0.00402937881168863,0.4683867424910835
ADAMTS20,-0.00403195050649157,0.46810289682984874
ENSG00000248964,-0.004034328011028456,0.46784056929949847
NLRP9,-0.0040413181196592,0.46706977124762794
POU3F4,-0.004043243653041779,0.4668575668079038
CEMP1,-0.004047286263869518,0.46641222277115413
TNFRSF13B,-0.00411395910625071,0.4591014857774597
ENSG00000273341,-0.004124619568939631,0.45793853884757996
CD55,-0.004139697178548811,0.4562965522244521
CLECL1P,-0.004141544772239661,0.45609557291028047
ENSG00000267724,-0.004143868213049832,0.4558429021262873
ENSG00000234789,-0.004154369566975469,0.4547018780724055
AMELY,-0.004171287005309118,0.4528671032283278
CAMK2A,-0.00417331541357597,0.452647393947022
ENSG00000269151,-0.004178956392426285,0.45203670173368227
RNF182,-0.004202831028330102,0.44945719744374135
ENSG00000237414,-0.004233112080489479,0.4461975601365784
ENSG00000261821,-0.004233207671699134,0.4461872914732796
NOVA2,-0.004260944301413593,0.4432134376116993
PSMA8,-0.00427982611305631,0.4411954725710804
ENSG00000226087,-0.00428099410673038,0.44107081812254967
TRAV12-2,-0.004321411683857443,0.43676968919162074
LINC00458,-0.00432440763934078,0.4364518323525015
LINC00355,-0.0043261379235954535,0.43626831803413113
SNAI1,-0.004389743000089917,0.42955327617222694
CDH10,-0.004392142443829802,0.42930113828057825
MLIP-AS1,-0.004392163397214821,0.4292989368398492
TPSB2,-0.004394076782690458,0.42909793708494626
ENSG00000258811,-0.004394832295618101,0.42901858606804855
ENSG00000235495,-0.0044022983370492616,0.428234891551853
ENSG00000248629,-0.004428993764151535,0.4254395525484701
ENSG00000278341,-0.004447466137826837,0.4235115200339019
WNT8B,-0.00444789222616511,0.42346710797127574
ENSG00000269321,-0.004449875122887169,0.4232604624305768
TCF21,-0.004460766791044531,0.4221264514364328
ENSG00000259627,-0.004517724827925705,0.4162252085646745
ATP1A1,-0.004518192868841673,0.4161769188807867
DDX24,-0.004518497698419462,0.41614547015224956
APOBR,-0.004519063818224781,0.41608706829444586
ENSG00000247324,-0.004522230021443038,0.415760526723154
ZNF536,-0.0045231531636864275,0.4156653483458641
ENSG00000255843,-0.0045395477251167346,0.4139771706999591
VRTN,-0.00454896961985994,0.4130088196022115
IGKV1-39,-0.004571190593957382,0.41073034218095017
KIR3DL2,-0.004596807926868364,0.4081128973761352
CAMK1G,-0.004599530677238293,0.40783528639149746
ENSG00000237798,-0.004621056906170958,0.40564444163169955
C12orf50,-0.004630856392938344,0.40464942627402667
IGHV3-43,-0.004635502776255908,0.4041781547190133
P2RX5,-0.004646559324680491,0.4030580368718789
TBX5,-0.004648583682346668,0.40285315467707383
ENSG00000232057,-0.004663589542321354,0.4013363811148898
THEM5,-0.004669865166564487,0.4007030668686451
LINC00316,-0.004725809182791521,0.39508396543763136
WDR64,-0.0047455735604708385,0.3931102443438952
PANDAR,-0.004749489805657606,0.39271986843392737
LINC02327,-0.004753861114267345,0.3922844088909183
CHRD,-0.0048235361574001335,0.3853831373392832
CHIT1,-0.004842069092822187,0.3835600274992891
GDPD4,-0.004849682791517433,0.38281259049450966
LINC02965,-0.004870547012185419,0.3807689278635421
AGBL5-AS1,-0.004870672273640448,0.38075667869957475
ENSG00000234396,-0.00489897365920013,0.37799532795384383
OR10H1,-0.004927242117760047,0.3752495383845209
IGLJ2,-0.0049449122486558,0.37353946735245136
LINC02033,-0.004971868001476276,0.3709400659443931
CYP7A1,-0.0049889081934378155,0.3693026499448736
GRPR,-0.005021007051947369,0.3662304541000908
CTSG,-0.005051239010369614,0.36335156387780054
ENSG00000203364,-0.00508233257248943,0.3604054403252337
PTPN5,-0.0051076209705347665,0.3580204456164031
NODAL,-0.005144145271874536,0.3545933464175405
TBX20,-0.005165425794451978,0.3526061641166369
C7orf33,-0.005182662702344402,0.3510017516746867
ENSG00000270117,-0.005196095018410241,0.3497546838419605
GML,-0.005235162047527891,0.34614367233882837
LINC00559,-0.00524067760217646,0.3456357828816272
SLC1A6,-0.005284807234813551,0.3415893035805695
ZPBP,-0.0053129506407459575,0.33902458356620735
CXCR4,-0.005318767341795558,0.338496049875455
KCNIP4-IT1,-0.005323212294353176,0.33809251665494067
CD209,-0.005366065599864089,0.3342179534993124
ENSG00000267232,-0.00536878177079013,0.33397334062203243
ENSG00000254662,-0.005370047559780948,0.3338593856667017
CLVS2,-0.005387506147881099,0.33229020331131853
PRKD3-DT,-0.005387873191827746,0.33225726452445936
ENSG00000249588,-0.00538813435197133,0.3322338291103415
ENSG00000275358,-0.005411203696138162,0.33016789689606785
RGR,-0.0054131063358220455,0.32999788155498877
ENSG00000272609,-0.00544299281131181,0.327334737583151
LINC01416,-0.005448048737842221,0.3268855943646566
CYLD-AS2,-0.005450684420950986,0.3266516122544194
THOC7-AS1,-0.0054951319315404475,0.3227221892993066
EOMES,-0.0055019359975280015,0.32212340161036696
HHLA1,-0.005510568716507123,0.32136472854323256
ENSG00000253376,-0.005511703970685919,0.32126504538327083
TRAV12-3,-0.005524160272846666,0.3201726225372127
KLRC2,-0.0055246209061836525,0.3201322714242862
KCNQ1-AS1,-0.005542454575066821,0.3185726126774872
LINC01099,-0.005612357850016474,0.31250721958750455
CT55,-0.005617151656460321,0.3120940745882635
ENSG00000275649,-0.005637459795427008,0.3103478506094079
ENSG00000253619,-0.0056380726573183534,0.3102952532663185
ENSG00000276523,-0.005653401055504388,0.3089816459960013
GRM8,-0.005660094286046683,0.30840920670470495
ENSG00000228622,-0.005673023013077142,0.3073054630273208
USP29,-0.005689146692334386,0.3059326307158636
ENSG00000253809,-0.005690976345061776,0.30577710427888727
LINC01606,-0.0056978559600064935,0.3051927838365865
CLEC4F,-0.0056993674152523875,0.30506450762755205
CD33,-0.005713911949802617,0.30383195120313145
ENSG00000277693,-0.005723660898518608,0.30300764443343275
UBE2Q1-AS1,-0.0057446338595317364,0.30123935343198777
ENSG00000260681,-0.00580660483669012,0.29605462585620973
IGHV3-30,-0.005824822862594501,0.29454186358176954
LINC00603,-0.005871299512831385,0.29070610534582214
PGR,-0.005905545408419735,0.2879013571662493
TVP23A,-0.005908907649956297,0.2876269759027165
PREX1,-0.005947028311492795,0.28452841596601786
C5orf67,-0.005948249410098656,0.28442953620433903
TNN,-0.005955750985722501,0.28382259834636514
SCN10A,-0.005969628555662206,0.2827021042624589
ENSG00000275963,-0.00597350746645059,0.28238945252176884
ENSG00000237768,-0.005990219766745568,0.2810450729249349
TXNDC8,-0.006014965833607901,0.2790624278591933
RPS27L,-0.006033418122474676,0.2775902430236662
PDZRN4,-0.006074035770768101,0.2743682946095885
ENSG00000270937,-0.006077544934660573,0.2740911378920694
OR10AD1,-0.006115808534278534,0.2710814603582563
ENSG00000257202,-0.006118986697501106,0.27083249983796215
ENSG00000278831,-0.006120127918596827,0.2707431408513244
ENSG00000260188,-0.006153266346726653,0.26815717198163697
RHAG,-0.00615439220420981,0.26806961435084115
SLC1A3-AS1,-0.006191974260898893,0.2651581353185246
PLA2G7,-0.006192900301615689,0.26508667107642625
SLN,-0.00619605279700706,0.2648434867709745
LINC01423,-0.006212102248203692,0.26360781183801046
TIMD4,-0.006219451106656159,0.26304334016724157
RAG2,-0.006232899135803618,0.26201254788295286
ENSG00000249776,-0.006313867480956173,0.25586531888497444
ENSG00000269292,-0.006346271294406219,0.2534334761916748
LINC01310,-0.006353058130127486,0.25292618264696165
ENSG00000254578,-0.006362312360686244,0.25223560005347495
MMP2-AS1,-0.006372211514562903,0.25149834720961733
LINC01366,-0.006459941388362648,0.24503020818474783
SMCO3,-0.006469487032933957,0.24433353330776555
ENSG00000260569,-0.00650817241711399,0.24152437993231693
IGKV6-21,-0.006513875278157923,0.24111219496153188
ENSG00000250623,-0.006520909291048321,0.24060448103055807
ENSG00000248100,-0.006524855996252009,0.24031993853102748
MMP24OS,-0.006544819255722465,0.23888429615727386
LINC01733,-0.006557634156406153,0.23796591730481234
ALPK2,-0.006586662755056338,0.23589481221488312
PHACTR2-AS1,-0.0065957028790772304,0.2352524375890919
HEPN1,-0.006666741400043698,0.2302476425566385
ENSG00000230790,-0.006682273688985256,0.22916352436222912
LAMC3,-0.006691061833072404,0.2285517436511645
ENSG00000251408,-0.006696977788525367,0.2281405638983857
NDFIP2-AS1,-0.006710803743427888,0.22718166675809692
ENSG00000249451,-0.0067420099743207085,0.22502793325377007
OVCH1-AS1,-0.006742191579162535,0.22501544241999238
TBX22,-0.006753004448957614,0.22427262248986063
IGHV3-64D,-0.006759542586434052,0.22382431831351077
ENSG00000249175,-0.006764536556881211,0.22348232581873556
CCL20,-0.0067733078920678156,0.2228825603628663
KCNK15-AS1,-0.0067899087959646266,0.2217505804771811
C10orf90,-0.006819345757550546,0.21975347527865513
XKR3,-0.006868230397945703,0.21646554667945828
CDO1,-0.0068943667239095546,0.21472224050920066
DCTN1-AS1,-0.006913538287281373,0.21344993754736288
ENSG00000269729,-0.006936280834455196,0.21194771524820707
ENSG00000267934,-0.007005760006608697,0.20740573321023947
LINC02196,-0.007006945174933202,0.20732887390957386
ENSG00000223754,-0.007011081094417437,0.20706081746013133
SNX10,-0.007012590899492152,0.20696302694326113
ENOX1-AS2,-0.007026814949753598,0.20604337608614087
UPK1A,-0.007027318726950373,0.20601085906515473
LINC02515,-0.007046626259263037,0.20476743435447603
ENSG00000235782,-0.007062080038752796,0.20377613429353567
ENSG00000262115,-0.007062837823510646,0.20372761532670292
GRIN3A,-0.0070904808716084206,0.20196344712812092
CD180,-0.007095909648749967,0.20161829693236402
SPX,-0.007103080400602428,0.20116305519141287
OR2C1,-0.007116762643101174,0.20029650665825813
GPBAR1,-0.0071414246948540835,0.19874145333807336
SPP1,-0.007154225709967945,0.1979377796316356
ENSG00000262921,-0.007174654732179293,0.19666013279346803
MYREM,-0.0071921570520611395,0.19557033659285497
ZFHX4-AS1,-0.007211368114604629,0.19437924768736242
ENSG00000282142,-0.007220693365245906,0.19380300344496593
CCL8,-0.007240340630901458,0.19259302763757224
IGKV1OR2-108,-0.00724167202748122,0.192511234962496
ARHGAP15,-0.007245068556598826,0.19230268911778992
ENSG00000223623,-0.0072598898973145354,0.1913946067272044
ENSG00000261063,-0.007273757236427801,0.19054783504034895
ANKRD30A,-0.007277408922512007,0.19032531415304196
ADAMTS2,-0.00728406713053101,0.18992007905260216
SYT10,-0.007285995538711288,0.18980283012108456
ENSG00000259094,-0.0073074190073532,0.18850384951422008
ADAMTS16,-0.0073298998245165245,0.18714782092383206
ENSG00000259607,-0.007346786207044896,0.1861339923642298
SPRN,-0.007362574947440494,0.18518974161360255
ENSG00000270760,-0.007370937217918101,0.18469107084759231
ENSG00000225886,-0.007370968147779763,0.18468922824055706
KCNMB1,-0.007385207178786761,0.18384240013615646
ENSG00000273664,-0.007387636784758838,0.18369819348966895
FGF13-AS1,-0.0074110396419214105,0.18231343000094383
SPATA46,-0.007446740607394135,0.18021591265042766
ENSG00000250893,-0.00746092596408984,0.17938748437283364
IGHV1-69,-0.007472776171034269,0.17869760256098371
FCER2,-0.007474405310482296,0.17860291370447703
S100Z,-0.007476919756910885,0.1784568422996934
F13A1,-0.007505294097413649,0.17681465193791612
KIR3DL1,-0.007560370853121937,0.17365921936522724
MSC,-0.007626006487020415,0.16995402477211116
LINC01649,-0.007627626245208772,0.1698633429527264
ENSG00000234504,-0.007636722805847985,0.16935474763394828
ENSG00000264491,-0.007641516544797299,0.1690871861123081
LINC01726,-0.007646946154826756,0.1687845166894614
IGKV3-15,-0.007660592191022,0.16802562383371683
LINC01736,-0.007667154943390288,0.167661565065858
RAB3C,-0.007723780772656781,0.16454490586406012
ENSG00000278385,-0.007738567243251697,0.16373829473888135
ENSG00000282740,-0.007740334207813339,0.16364210539221039
GCSAML,-0.007742812683910292,0.1635072548228091
ENSG00000268170,-0.0077505543248251015,0.1630865819161983
LINC03025,-0.007757299652012495,0.16272071344977457
NOTO,-0.007765227005536835,0.1622915232757686
SEL1L2,-0.007775648389289267,0.16172860554058133
PLPP7,-0.007813784726202016,0.15968120965097388
ZNF679,-0.00782668038631849,0.15899334356553435
ENSG00000204684,-0.007865418950106581,0.15694047840020794
SLC5A4,-0.007877091760934735,0.15632585981278516
ENSG00000273618,-0.007878270397232746,0.15626390167749718
ADAM19,-0.007879821348010798,0.15618240023049249
PSTPIP1,-0.007880711955744722,0.15613561395458364
LINC02507,-0.007883571802744255,0.15598544956205287
IGHV2-5,-0.007925430874306456,0.15380004117606882
CD5L,-0.007944585876177019,0.15280777918240168
FAM174A,-0.007997562187253997,0.15008887861042858
LINC02412,-0.008000757352069014,0.14992608063801885
PIWIL3,-0.008003609063747998,0.14978089584412801
TRBC2,-0.008019903128356206,0.14895339757431458
ENSG00000263424,-0.00807644327212689,0.1461090433459802
KLC2-AS2,-0.008087336716026709,0.14556583610655782
LINC02355,-0.008088162217126119,0.14552473517506176
CALHM5,-0.008107149042286455,0.14458184936569862
INHBC,-0.008110760781321807,0.14440302152251308
XIST,-0.008153042108607279,0.1423221373685414
ARC,-0.008194236491894703,0.14031696605135602
COX4I2,-0.00819637673099637,0.14021338494995578
KCNK9,-0.008200403807029728,0.14001864611139123
CCL13,-0.00822228297482864,0.1389642613165397
ENSG00000271893,-0.008250319598247007,0.1376220911526538
NPC1L1,-0.008302432978036785,0.13515389875098185
LINC02331,-0.008330116776805474,0.1338567235787138
SEMA5A-AS1,-0.00834159560317995,0.13332169498389382
ENSG00000250615,-0.008348271715852274,0.13301128313054694
TAC1,-0.008353311684333453,0.13277731609557353
IDI2,-0.008358633952287479,0.1325305901127832
CMKLR1,-0.00839371503395276,0.13091319907060395
ENSG00000261229,-0.00839431302539831,0.13088576234467278
LIPN,-0.00839761421760424,0.13073437905279114
CLEC4G,-0.008427468432064657,0.129371510524476
TAS2R46,-0.008446834233665247,0.1284933632227793
ENSG00000224330,-0.008475321503685792,0.12721002878628812
ENSG00000253628,-0.008487705469595097,0.1266552581155719
MPL,-0.008505540468109377,0.1258596064351847
ENSG00000235140,-0.008527288377136656,0.12489466775125498
CELA2A,-0.008542709858712848,0.12421393027236338
ENSG00000277856,-0.008561096649259428,0.12340608459714328
ADAMTS5,-0.008575683447946259,0.12276811868830052
TM4SF19,-0.008577492888596123,0.12268916121590638
ANGPT4,-0.008590453319164908,0.12212477386409518
ENSG00000277621,-0.008592718425311584,0.12202634402245748
LINC02086,-0.008617540548014724,0.12095176140441788
IGLV3-27,-0.00862820565098096,0.12049233506747242
ULBP3,-0.008655903785982457,0.11930554729579267
CEP295NL,-0.008710974114978995,0.1169731633962509
ENSG00000253557,-0.00871170580114219,0.11694241717864734
TRGV9,-0.008724116268156196,0.11642188243730701
RSPO2,-0.008779827563199678,0.11410756475326975
NUDC,-0.008840298937757424,0.11163666092796451
LINC01219,-0.008854171967809871,0.11107579560165741
ENSG00000224789,-0.008857362656192247,0.11094711610604636
ENSG00000248187,-0.008894840235390774,0.10944445098343983
ENSG00000231188,-0.008928279349402712,0.10811733211826395
CFAP20DC-AS1,-0.008946124572796438,0.1074143281090636
MYL6B-AS1,-0.008975483220924119,0.10626564093220595
ENSG00000236031,-0.008979560769755045,0.10610687578536922
PM20D1,-0.009021571826038546,0.10448204603295115
RHOA,-0.00904089558342321,0.10374134018503707
LYZL4,-0.009045057622559841,0.10358235104242418
CD300LB,-0.009047688515934248,0.10348195132623848
MSLNL,-0.009093903472652402,0.10173088627459753
FBXW7-AS1,-0.00912866146814267,0.10042952784034526
AGXT2,-0.009163298825716402,0.09914592063284851
NXPE4,-0.009181704911043859,0.09846916569526311
PTPRN2-AS1,-0.009203459051560356,0.09767407116602399
CSNK1G2-AS1,-0.009249224982393387,0.0960181182415513
PRKCG,-0.009306733471058926,0.09396922400824269
A3GALT2,-0.00931176923665452,0.0937914934676231
FAP,-0.009316957924585461,0.09360864784026184
GNAS,-0.00933975338627186,0.09280873701414398
ENSG00000269667,-0.009349833779371363,0.09245676213873948
PADI6,-0.009363414493744318,0.09198426299892916
ENSG00000234156,-0.009389371490764613,0.09108656735236334
ALX4,-0.009427261036966925,0.0897888566921624
ENSG00000256072,-0.009461576492605006,0.08862644069111693
NKX6-1,-0.009513775434184914,0.0868815180810879
CEBPD,-0.00951758530148293,0.08675525428291096
FBXO40,-0.00952160848216138,0.08662208187070673
EPX,-0.009530522902762201,0.08632759121096008
LINC01795,-0.009535279133248474,0.0861707987762506
RNF113B,-0.009558366817131039,0.08541296284442987
PRSS1,-0.009592690745319408,0.08429627350606034
SLC18A2,-0.009593813304860385,0.08425995279807728
FCRL1,-0.009601345007908643,0.0840165899935791
CNTN2,-0.009620790239545119,0.08339090970811243
ENSG00000228629,-0.009647309822348233,0.0825436900248292
C1QTNF5,-0.009659078012123644,0.08216997394194166
ENSG00000238207,-0.009661656307956882,0.08208827988713599
ENSG00000231873,-0.009725534469997145,0.08008522650317006
ENSG00000264215,-0.009782082977911782,0.07834532176514908
ENSG00000266957,-0.00988554173803909,0.07524175694029868
C5orf47,-0.009893712182089733,0.07500099694460972
LINC02458,-0.00990055033870688,0.07479997962366591
FOLR3,-0.009903936318749192,0.07470060694389402
LINC02426,-0.009908002452925937,0.07458141544364234
CYP1A2,-0.009946895482714038,0.0734491678649414
ENSG00000275532,-0.00997938495926946,0.07251415119379326
ENSG00000264659,-0.009987639865481965,0.07227814149372659
DSCAS,-0.010046315569488389,0.0706186556668927
ENSG00000266718,-0.010060026570853598,0.07023541483952686
IL10RA,-0.010096214769252466,0.06923209608660726
HDC,-0.01012712729389007,0.06838439561686958
HBZ,-0.010140392684328908,0.06802325025120695
IGHV1-46,-0.010147559339775566,0.06782879416015693
NHEG1,-0.01017880852153014,0.06698623208500006
AUTS2,-0.010186394656864736,0.06678299436600313
SCARA5,-0.010277597559475986,0.06437911478758149
IGLV8-61,-0.010282440438709394,0.06425349188392748
ENSG00000145063,-0.010300706699411785,0.06378149002639391
IGKV5-2,-0.01031599478820787,0.0633886491677985
OPN1SW,-0.010334114036369087,0.0629256502026295
LINC01117,-0.010334310580984444,0.06292064328985787
NRP2-AS1,-0.01036441341664059,0.06215766182354379
LAMA2,-0.010421387928044298,0.06073454772814476
IRGM,-0.010422477081538777,0.060707607962869586
C14orf180,-0.010425645810769458,0.0606292870459801
TTC23-AS1,-0.01049284154235922,0.058988039242352096
MICALL2-DT,-0.010553754712457767,0.05753227583849404
SNX20,-0.010698781721718287,0.05418616337684868
SMIM18,-0.010719712269411704,0.05371692886000379
ENSG00000254298,-0.010721597153309878,0.05367483933054245
LVRN,-0.010728155034784782,0.05352861607659258
LINC01166,-0.010739483000713921,0.05327681626768243
GOLGA7B-DT,-0.010760697050169011,0.05280792812388836
ENSG00000269836,-0.010805962832167263,0.05181895458903906
SAMD14,-0.01087586574762308,0.0503221756280055
ENSG00000232019,-0.010890236303492534,0.050019002380877704
ENSG00000230433,-0.01097018674035746,0.04836012589768361
BANCR,-0.010974824074121616,0.048265341624246325
ENSG00000275392,-0.01101451405862041,0.0474604682236404
ENSG00000267723,-0.011083180764054344,0.04609462917639693
ENSG00000283078,-0.011099828217879993,0.045768528544561864
ENSG00000259548,-0.011099936545179278,0.04576641294345291
ECH1,-0.01110054547274111,0.04575452229573029
SCN7A,-0.011113664651126237,0.045498972914165825
DPP6,-0.011115468168240258,0.045463936298480286
SPACA5,-0.0111513846876697,0.04477091343118758
MACROD2-AS1,-0.01117230395169164,0.04437138976000654
LINC03084,-0.011204011983158972,0.04377155654830957
ENSG00000268505,-0.011213577783430514,0.043591946581889605
EDDM3B,-0.01125879270902669,0.04275138209669464
RLN2,-0.011320465363341085,0.041626987156852494
SLA,-0.011391690898313338,0.04035967988922928
ENSG00000257548,-0.011448882212256496,0.039365904271338105
ENSG00000268069,-0.011450939754092495,0.03933054233190729
TET2-AS1,-0.011467030137968435,0.03905493396517725
LINC00844,-0.01149098737129827,0.03864761638890839
CD244,-0.011535412092310418,0.03790186271231513
TRAV8-5,-0.011594268779918595,0.03693271884462634
LINC02384,-0.011604404213050982,0.03676797521758116
TMEM132C,-0.011669501181906364,0.03572472531689658
ENSG00000237655,-0.011686306809066275,0.03545953362777344
TRIM74,-0.011711559491773313,0.03506420686023909
ARGLU1-DT,-0.011749932748749676,0.03447068438601322
ENSG00000280486,-0.011757881082473085,0.03434882568792506
ENSG00000282849,-0.011819685263757016,0.03341378256062188
MPEG1,-0.01185390278922133,0.032905529550937396
ANGPTL3,-0.011936287901570447,0.03170889499789661
CTSS,-0.01195626052638953,0.03142447936095546
ADH1B,-0.011982435373239788,0.031055057744802547
SNX30-DT,-0.012019118739710746,0.030543598967416423
DCSTAMP,-0.012023613187638739,0.03048143529408112
FOXD4L1,-0.012036314245525596,0.030306351379754067
CCR2,-0.012056662276128132,0.030027655008289748
GPR4,-0.012094036988823149,0.029521489130955092
ENSG00000258422,-0.012102338859005956,0.029410058286925618
CD22,-0.012106900831442873,0.0293489799433481
BCAS3-AS1,-0.012133170734426582,0.028999382533223095
CCL2,-0.012217998569527034,0.027894868243211784
NXF5,-0.012252421839208041,0.0274571087634226
C16orf54,-0.01225935057272866,0.02736971639226807
CR2,-0.012321725210619604,0.026593729098158762
ENSG00000267124,-0.012338634496257056,0.02638666749169026
ENSG00000223842,-0.012350206193974811,0.02624577109072109
RTN1,-0.012407728176828165,0.025554995031077266
HOXC4,-0.012422582799528716,0.025379183357618698
LINC01756,-0.012478416616030021,0.02472769082256036
ENSG00000229066,-0.012489830908719713,0.024596302183575027
CHRDL1,-0.012494596235350286,0.02454162826113805
ASPN,-0.012532715915801658,0.024108048164767828
CA4,-0.012542345454797323,0.023999576543865576
ENSG00000253778,-0.012556039152807823,0.023846053292653997
WASHC5-AS1,-0.012611907724691942,0.023228491647242708
CD247,-0.012744929190003031,0.02181370496267872
PPFIA2-AS1,-0.012767545150097707,0.021580776817195828
LILRB1,-0.012782728355941986,0.02142561810668606
ENSG00000248837,-0.012786652530399687,0.02138567488402013
LINC02227,-0.012794151171204245,0.021309528345291744
ENSG00000259846,-0.012883878084613283,0.020416534704976782
VSTM2B,-0.012891664880756697,0.02034059962526097
ENSG00000232518,-0.012902424212306439,0.02023608248918382
CLMAT3,-0.012955424942160947,0.019728039261955727
KIR2DL1,-0.013055444165836051,0.018799572310973244
ENSG00000259774,-0.01315292219361662,0.017931699453824695
ENSG00000227107,-0.013273295413037086,0.01690856496824677
ADGRL4,-0.013330518704996554,0.01644041351669322
C8orf48,-0.01333382403328936,0.016413723421144225
ENSG00000272183,-0.013423934416069785,0.015700609720483927
LINC02054,-0.013438214213857543,0.01559014025700303
ENSG00000250990,-0.013459245787882428,0.015428683975512326
LUM,-0.01353169007366004,0.014883749331199628
FCGR2B,-0.013548021599971649,0.014763269892194172
TMEM72,-0.013549131934688543,0.014755110123014416
ENSG00000228613,-0.013622403659754994,0.014225350698608268
ACTG2,-0.013630473777982053,0.014168041676156748
SLC9A3,-0.013659527842678749,0.01396340093252244
PLN,-0.01371824341866429,0.013557789740522293
ENSG00000267601,-0.013735607965574683,0.01343984569283401
LAIR2,-0.013764796237717536,0.013243634158294508
LINC01478,-0.013829615085856315,0.012816935665266304
ENSG00000253690,-0.013863661832260647,0.012597718001000043
SLC22A10,-0.01395806120523177,0.012007169665377342
CALCR,-0.01399433224253038,0.011786872611898001
DNM3OS,-0.014033265411403695,0.011554402583376608
PRSS2,-0.014051988497638465,0.011444062687434375
CDH5,-0.014083970082164606,0.011257748895724352
MANSC4,-0.014093389952153429,0.011203387867181917
FLI1,-0.014098197280791508,0.011175735247496873
ENSG00000235052,-0.014115178997800149,0.011078537995093254
LINC02100,-0.014202504783281668,0.010590480824125123
CACNA1S,-0.014373372462018287,0.009690503894981401
LINC01500,-0.014373728455050793,0.009688702290851222
PIEZO2,-0.014433375692412728,0.009391023413327865
ENSG00000255847,-0.014434990271215921,0.009383080268621023
SGIP1,-0.014442416836635037,0.009346621378947222
CACNA1C,-0.014465947143366912,0.009231938293631746
ENSG00000255921,-0.014492102794465944,0.00910593484261162
ENSG00000248172,-0.014588482497378232,0.008654778102381256
PEBP1,-0.014650369730125179,0.00837571956525158
AOC3,-0.014688204777885584,0.00820910643284173
ENSG00000237076,-0.014716024104293872,0.008088497906011046
APLNR,-0.014787539109761744,0.007785698376976917
PKLR,-0.014813237641620005,0.007679394812274393
F10,-0.014831318745027296,0.007605382719725569
SPIN4-AS1,-0.01491942936834695,0.0072537876429389
AOAH,-0.014921323131960743,0.007246393606817895
FHL5,-0.014923558900026368,0.007237672950378295
P2RX7,-0.014954741230922733,0.007117023528942131
ENSG00000225750,-0.014970996570306554,0.007054847659149096
ENSG00000267417,-0.014980020250183705,0.007020543449598069
PGLYRP1,-0.01511601154777412,0.006521392023130962
CD48,-0.015227372572531497,0.006136670800405069
ENSG00000227719,-0.015332719062347028,0.0057916685026367975
LINC01019,-0.01538849295566948,0.005616183033217417
CD93,-0.015438877134252573,0.005461795045285524
LINC01942,-0.01555330043488568,0.005125313423600992
NSG2,-0.015712026876473315,0.00468955623022614
ADAMTSL1,-0.015718653602201305,0.0046721155427271975
GLRA1,-0.015842192877943924,0.00435754697545972
CCR1,-0.015881187313623087,0.00426231781484547
ENSG00000223946,-0.015943902345139063,0.00411311257718869
PCBP2,-0.016022569167389266,0.003932663279762558
ENSG00000228487,-0.01614016832070097,0.003676291805548141
ENSG00000258851,-0.016184407485975327,0.0035838496815934822
ENSG00000231628,-0.01624517702375217,0.003460311810212283
LINC00973,-0.016276866048937435,0.00339744063315919
CLEC3A,-0.0163457067021444,0.003264429248546182
GIMAP4,-0.01635512288233239,0.0032466091965623195
ENSG00000234255,-0.01639683527719445,0.0031687298466516957
ENSG00000254865,-0.01650049922124313,0.002982502194087891
ENSG00000234021,-0.016612164072131848,0.0027931161155466525
PTPRT,-0.016723217174775575,0.002615721832548627
ENSG00000229261,-0.016732120066901758,0.002601956258014843
ERICH4,-0.016761881175811486,0.0025564192521551634
IL7R,-0.016783162246327855,0.0025243055902303842
TIE1,-0.017043840837075764,0.0021597821090336483
HIRIP3,-0.017068998781775233,0.0021272867547381773
CDH4,-0.01707125904525079,0.0021243893350678766
KCNAB2,-0.017076121389993742,0.00211816858287771
LILRA6,-0.017156235651281295,0.0020180485145264494
ITGAL,-0.01716531076838095,0.002006985321900284
WDR88,-0.017178875863510114,0.00199055228170699
ANXA5,-0.017199631037017292,0.0019656479281687845
KRTAP5-11,-0.017244880049564117,0.0019123416585389772
ENSG00000249856,-0.017251836838366726,0.0019042648633491315
GIMAP6,-0.017261250891659655,0.0018933850733197039
PTH1R,-0.017360332702009786,0.001782289262593732
LINC02150,-0.01739428876849233,0.001745616205551485
EEF1G,-0.017446042306013633,0.0016910544114073544
ENSG00000253214,-0.017464197191286217,0.0016722891122620163
ENSG00000255164,-0.017467033881820214,0.001669374409744234
ENSG00000256250,-0.017487409566196998,0.0016485753347630836
CLDN6,-0.01754016526820545,0.0015958263536430572
MEP1B,-0.017575990285778973,0.0015608964567253817
LINC01714,-0.017604741364574496,0.0015333744479854915
ENSG00000242553,-0.017892594550126727,0.0012814383651985346
ENSG00000264012,-0.017936250043741886,0.001246753315535302
ABI3,-0.017936475627408487,0.0012465763585166744
ENSG00000255084,-0.01822280808690509,0.001039755757567178
SORCS3,-0.01829450940259977,0.0009931904997460656
ENSG00000253858,-0.01833251941006867,0.0009692958816337736
NES,-0.01833581305566687,0.0009672506284657312
ENSG00000223720,-0.018349359621242445,0.0009588805765904169
TRPC5,-0.01845578287174772,0.0008954211011937676
APC2,-0.018538996433052225,0.0008485378107938497
PIK3R5,-0.018659763020053035,0.0007845343261797061
PCSK1N,-0.018674512224220126,0.0007770323157585723
CYP4A11,-0.01869858407015805,0.0007649313357637589
PNLIPRP3,-0.018781457184439042,0.0007245959941836671
PRR16,-0.018795010489905766,0.000718190547969192
HTR2A,-0.018829576576052564,0.0007020916153827204
ENSG00000272154,-0.018867061208316785,0.0006850127917436735
MIR3681HG,-0.01891641564706546,0.0006631144734744318
ENSG00000250027,-0.01911030842415247,0.000583234415257568
RFX4,-0.019170488781951923,0.0005603244583921897
RGL4,-0.01919834013680059,0.0005500079754401729
TESC,-0.019245087081099215,0.0005330891205327928
ENSG00000237126,-0.019350988565028912,0.0004965382456200209
ENSG00000265205,-0.019392752464078337,0.0004827771879001879
HTR3C,-0.01944429055152935,0.00046628585435393643
TRAV39,-0.019681873409216285,0.0003968374534162389
PSENEN,-0.019690738902321443,0.00039444329974731575
OR5P3,-0.01972807019889539,0.00038450916626818325
PLCXD3,-0.019816901178905076,0.00036180287326241967
PRF1,-0.01998259392917255,0.00032276317087831513
EPCAM,-0.020005017281479208,0.0003177935729426041
HAND1,-0.02001512766045637,0.00031557635826703293
ENSG00000254707,-0.020086001581923238,0.0003004354987875411
GRIA3,-0.020177922057651294,0.000281810642116243
PCBD1,-0.020203228435420276,0.00027687629737474653
HLA-DRB1,-0.020212382285647357,0.00027511146767023124
EGR1,-0.020441974612141894,0.0002341477203768428
TEX48,-0.02048562378786537,0.00022703809401901796
BMP8A,-0.02066595963300329,0.0001997577977111456
HLX,-0.020842607330829845,0.0001760454646541744
PACRG-AS3,-0.020867208745888332,0.0001729612793582414
ZNF45-AS1,-0.020892581890045992,0.00016983362406376094
ROBO4,-0.021170473963905274,0.00013888708049617507
ZSWIM8-AS1,-0.02132927568126795,0.00012367305837446038
RASAL3,-0.021342795521580558,0.00012245309185149452
TMEM74B,-0.021343825283815572,0.00012236063744052868
ENSG00000253879,-0.02148957074894838,0.00010991885955082796
DPF1,-0.021492786042974308,0.00010965833208522013
ATP6V0E1,-0.021531443375764448,0.00010657128585998788
ENSG00000230773,-0.021542677348162946,0.00010568967151243765
A2M,-0.02174754786759625,9.077038868414738e-05
TUBB4B,-0.02175360653214934,9.036103387367808e-05
WDFY3-AS1,-0.02177867486194262,8.868574863457516e-05
ENSG00000261265,-0.02182074503431091,8.594001245165426e-05
SIGLEC1,-0.021820974895145544,8.592523347951372e-05
PORCN-DT,-0.021855997555172972,8.370128374347479e-05
ENSG00000241169,-0.022011309078408623,7.447833592500326e-05
ADGRA2,-0.022162575780910722,6.642585043989173e-05
ENSG00000226526,-0.022350058887031597,5.7586466793284345e-05
ENSG00000273262,-0.022444016984786975,5.358742029377794e-05
LINC02277,-0.02248095189199506,5.2088640063605165e-05
BCL6B,-0.02248499065543335,5.192718217206597e-05
ENSG00000241720,-0.022578415927557844,4.8322049429524787e-05
ENSG00000257342,-0.022623302193798336,4.667558841713349e-05
SOX18,-0.02266534392197576,4.518182698534923e-05
DLX4,-0.022863296520692272,3.873755741656794e-05
CETP,-0.02313466776304255,3.130808163668153e-05
PLA2G2A,-0.023405722250860555,2.525215370871802e-05
PTGDS,-0.02345026965249022,2.4370274705020157e-05
CCL21,-0.023501456742158897,2.3393133009561523e-05
FLVCR2-AS1,-0.023541005597218674,2.2663810329380422e-05
LINC02974,-0.023570767930186164,2.2129285777689122e-05
JUN,-0.023572716293530877,2.209471535370085e-05
SLC5A10,-0.023612044599485203,2.1407793943519476e-05
ENSG00000254571,-0.02363966240580342,2.093761500044432e-05
ENSG00000249453,-0.023693300962143136,2.0052389014935293e-05
ENSG00000265399,-0.023733416164925622,1.941376218051148e-05
ECSCR,-0.023763726187208317,1.8944128605057895e-05
CCDC102B,-0.023848027406867447,1.7694166957405214e-05
CRNDE,-0.02408633344363685,1.4571720486450232e-05
ENSG00000259005,-0.024133944651242776,1.4014342680161906e-05
DYNLRB1,-0.024227774562009738,1.2974847707030573e-05
BGN,-0.024401417831280168,1.124209809847345e-05
ITGAX,-0.024424722721458837,1.102709287400752e-05
HLX-AS1,-0.024456809285445254,1.07374848463777e-05
IFI30,-0.024524932243199918,1.0146508569497224e-05
TTR,-0.02487573573921843,7.5633740615984035e-06
NRIP3-DT,-0.0250176768916891,6.708301765565409e-06
LINC01705,-0.025059925699042026,6.4721925510728646e-06
TEX41,-0.025175427429227126,5.866596108136219e-06
LINC01732,-0.025344451422744406,5.0772023970615306e-06
LINC00332,-0.02538972574255713,4.883683721941149e-06
ARG1,-0.025390285792483883,4.881334688114392e-06
PODN,-0.025436624618572958,4.690678756560782e-06
ENSG00000223901,-0.025724397137429772,3.6570385127409864e-06
C12orf75,-0.025735305404287825,3.622509846279212e-06
CCR3,-0.0259499594231417,3.003364113641258e-06
EMCN,-0.026557793843241227,1.7527031310314594e-06
ENSG00000228033,-0.026853334367767403,1.3432817396137658e-06
ENSG00000226398,-0.026970071062822072,1.2083746424033254e-06
BTK,-0.027083923124644076,1.0894147550898394e-06
HELT,-0.02718873056545994,9.89929888716321e-07
ENSG00000226900,-0.02728520504976661,9.061289524027883e-07
C7,-0.02731632610355407,8.805846502227267e-07
SLC11A1,-0.02758572761760845,6.866169740218175e-07
ENSG00000229313,-0.027830139107487044,5.467962633989981e-07
LINC02250,-0.027845956856957767,5.387628045803526e-07
ENSG00000260999,-0.027905694979195834,5.094373271886239e-07
ZMYM4-AS1,-0.02797034424636344,4.794361530657698e-07
ENSG00000249207,-0.02803312932135496,4.519353606077244e-07
HTT-AS,-0.02814764918055343,4.0564311887705e-07
RAMP3,-0.02822876996765904,3.7565668637330077e-07
SYNPO2L-AS1,-0.028576605898026637,2.696243398211166e-07
KCNA4,-0.028601646348431056,2.63224663505525e-07
DPP9-AS1,-0.028742052786956192,2.2996982553980993e-07
ENSG00000231496,-0.028966238405963646,1.851217086297801e-07
LINC00165,-0.02903522791691882,1.731117016570652e-07
KLK5,-0.029286584628001832,1.3540669802028705e-07
ENSG00000198358,-0.029334606725142036,1.2916928233776633e-07
ARAP1-AS2,-0.02938346952290155,1.2310832253177575e-07
PAPOLB,-0.02949663282697852,1.1010931635559066e-07
CLDN5,-0.029748900963946598,8.573473504572241e-08
GIMAP5,-0.02978083227749155,8.305005660466353e-08
GJA5,-0.029808984632828512,8.075076661368203e-08
DDX5,-0.029863266830937815,7.649013819883614e-08
NBAT1,-0.029946310306425982,7.0390314304352e-08
TMEM100,-0.030066338671136308,6.23991944136363e-08
CMTM2,-0.03010773191646563,5.985290384962464e-08
FOXF1,-0.030260254175969885,5.1311213980925014e-08
RHD,-0.03037187264403115,4.582173015594538e-08
C1orf127,-0.030502848011981176,4.010429637046587e-08
LINC02343,-0.030519574454552573,3.942595514650139e-08
MAP9-AS1,-0.03055113273141632,3.817627979161382e-08
ENSG00000260555,-0.03071077572487504,3.242055770006128e-08
SPATA24,-0.030823355756696178,2.8877538092030752e-08
NRG1,-0.031126771750936935,2.1097794170525082e-08
TTC3-AS1,-0.031171074020673747,2.014775155053003e-08
PPP1R14A,-0.03145222964007628,1.501778997408642e-08
ADAMTS3,-0.03154264708890392,1.3656316927231851e-08
TMPRSS6,-0.03196200490139119,8.758764739731537e-09
XAGE2,-0.03201469581701074,8.280105808527194e-09
ENSG00000262873,-0.03251736220076825,4.822548174274382e-09
COL4A2-AS2,-0.033250400722649245,2.161204207665478e-09
ADORA2A,-0.03331447358246692,2.0131482480623543e-09
KCNIP4,-0.033375347919868355,1.8816631056007105e-09
S1PR1,-0.03366503347490704,1.3622280927266234e-09
MED4-AS1,-0.0338638499345879,1.0896717657598044e-09
ENSG00000233367,-0.03390668492465625,1.0383304766910295e-09
ENSG00000256469,-0.034165137332074956,7.750548188988931e-10
NDUFAF3,-0.034236093853483515,7.149955309598553e-10
KCNA3,-0.034395740676828594,5.959867816161603e-10
ENSG00000254263,-0.03448516240318839,5.380170044134645e-10
ALCAM,-0.034772955985232536,3.863847722540398e-10
LDB2,-0.035018768805989794,2.906107030942461e-10
ENSG00000275443,-0.03508765225351254,2.682226884952689e-10
ENSG00000257452,-0.03509143946257509,2.670419089431934e-10
LINC02211,-0.03530465671937599,2.0815438257022588e-10
LINC02201,-0.03554998303144671,1.5599891323752958e-10
ENSG00000250137,-0.035739941254743016,1.2461130128129183e-10
LRRC32,-0.03574950582626005,1.2320598400683969e-10
MUC3A,-0.03575259153687907,1.2275591595637234e-10
GGTLC2,-0.036087536879228346,8.236414781040019e-11
OCIAD1-AS1,-0.03610643304509492,8.052206814426966e-11
SLCO2B1,-0.036273114404840226,6.592509119743385e-11
FENDRR,-0.036396589841909716,5.681396961174027e-11
HEPHL1,-0.03651888726553724,4.9008108455925915e-11
RBP2,-0.037125615257645246,2.337598075621898e-11
GRM3,-0.03731963508876442,1.8402880938298535e-11
S1PR4,-0.0374153481607456,1.63473059344705e-11
ENSG00000259986,-0.03764025909054776,1.236151466393146e-11
APLP2,-0.03784293340306984,9.596151925008153e-12
PARAL1,-0.03808478287823235,7.081424923502371e-12
MPP1,-0.038189505782197965,6.204720598362827e-12
CYGB,-0.03847334744772383,4.328971834419342e-12
LMNTD1,-0.03854485786831013,3.952039775289375e-12
CLEC3B,-0.03886368514391432,2.627639798426573e-12
P4HA2-AS1,-0.039005021755266114,2.1904693242024606e-12
FGR,-0.03952229770912092,1.1192775549520295e-12
ENSG00000231104,-0.0399664655767945,6.245788094284644e-13
CCNA1,-0.040330304489645176,3.8549129844043375e-13
AMBP,-0.04058087419360876,2.7581386268813237e-13
DOCK4-AS1,-0.04142871342528305,8.753208980179696e-14
FOS,-0.041703560148120385,6.003966577307254e-14
TSHR,-0.042105670541096825,3.443526757933485e-14
NGF,-0.0422213764516973,2.931666358806981e-14
GABARAP,-0.04224939782040277,2.8194278996125882e-14
RGS6,-0.04240757430438418,2.260766620845699e-14
TBCA,-0.0428495746466003,1.2145526621187406e-14
FCN3,-0.043029466528196496,9.414866533623011e-15
PPP1R15B-AS1,-0.04336676780235531,5.823949928489457e-15
ENSG00000274565,-0.04341580829786103,5.429472544275038e-15
ANGPTL7,-0.04374412713503468,3.388202093997307e-15
ENSG00000263624,-0.04409444476537625,2.0408096149653065e-15
CHD9NB,-0.04412478908892678,1.952770687979824e-15
C10orf67-AS1,-0.04412612417401706,1.948984292534911e-15
HCST,-0.04459668715870765,9.798718902874733e-16
TIMP3,-0.0447369750046362,7.971483561261026e-16
ENSG00000250519,-0.045090439534892786,4.72598896781973e-16
ENSG00000235096,-0.0451275696244335,4.472405470147776e-16
ENSG00000259437,-0.04544688906744926,2.7781988609709023e-16
FAM229B,-0.04562196525210474,2.136915212846915e-16
CD163,-0.04590166837225567,1.402201208542488e-16
IGFBP7,-0.04599433018545079,1.2188540159328868e-16
MORN2,-0.04620963971046353,8.791787651759122e-17
HMGCLL1,-0.046573087835916016,5.0480108499936413e-17
CCDC89,-0.04679882203344216,3.568906595446653e-17
SOX5-AS1,-0.04810642586718707,4.636952900484933e-18
RGS7,-0.048498638774432126,2.4872900790209816e-18
ENSG00000255139,-0.048780787720849476,1.5841610762452325e-18
CHST7,-0.04973779119891237,3.364702189851753e-19
ENSG00000261460,-0.04976368048793963,3.2252706487193035e-19
LRRFIP1,-0.05003949579306329,2.051938867607602e-19
ENSG00000271554,-0.050394314431107284,1.1427175723667013e-19
GRIK1,-0.051199037269430196,2.984155723478584e-20
GGTLC3,-0.05140478234846987,2.1099759575404898e-20
CETN2,-0.05147832343839806,1.8634742050547913e-20
ENSG00000250501,-0.051677696803085184,1.329442917506328e-20
ZNF277-AS1,-0.051887637182368024,9.303376421281082e-21
SRRM2,-0.05196425271363894,8.16413878978487e-21
RABGAP1L-AS1,-0.05227653004163388,4.78444756258422e-21
ENSG00000265987,-0.052721824811076234,2.2209075742431932e-21
SERPIND1,-0.053046430056777845,1.2641861464780476e-21
ENSG00000270050,-0.05316799606311919,1.0227791775992053e-21
COX17,-0.05337009921275479,7.183307616215544e-22
ENSG00000269043,-0.05398509056208869,2.431261743831074e-22
MGST1,-0.05432640848517255,1.3256153983245663e-22
IFITM2,-0.05448924036441031,9.9122980228593e-23
ENSG00000236065,-0.054610337059750914,7.980806490300016e-23
ENSG00000257181,-0.054895820729443545,4.7788873465692796e-23
ACSM6,-0.05529309496926503,2.3307038155112328e-23
ENSG00000263990,-0.056074551981893525,5.59252378219575e-24
ENSG00000250354,-0.0563065164276943,3.647138425047741e-24
C1QC,-0.05672732198816805,1.6719487266277662e-24
GPRC5D-AS1,-0.057543772901597005,3.6216679419333857e-25
NEK5,-0.057616051040843316,3.1597051815362786e-25
ENSG00000239300,-0.05822609224512663,9.920477786182059e-26
ENSG00000236733,-0.058303682194232966,8.553951203172043e-26
FKBP6,-0.05888126927451073,2.8206919215951355e-26
NEK10,-0.059233989600299096,1.4249896253892048e-26
CFAP70,-0.060144325446708356,2.400805708041869e-27
SPARC,-0.06067592465920049,8.380808378298754e-28
ENSG00000227479,-0.06068229761197781,8.275271265715632e-28
ATP6V0C,-0.06087934333410642,5.588961365499383e-28
FAM227A,-0.0609115805785825,5.24074067036172e-28
PGM5P4-AS1,-0.06099180282328659,4.464823937247655e-28
GNMT,-0.06198365111112372,6.05239847469053e-29
WDR54,-0.06226300521522259,3.4275462861569507e-29
ENSG00000272234,-0.06228095500213744,3.304291468170708e-29
MRPS24,-0.06238511954985129,2.671100466235373e-29
EPPIN,-0.06295949340025814,8.212973182247765e-30
MT-ATP8,-0.06307879375371196,6.419947341107168e-30
HS6ST3,-0.063217472168024,4.8187537186885395e-30
FCER1G,-0.06366743886383625,1.8914162156660678e-30
HLA-DRB5,-0.06394920506415297,1.04954999785052e-30
EFHC1,-0.06395360545817606,1.0399192251891858e-30
DNAH3,-0.06399156872256684,9.603927240065089e-31
THSD4-AS1,-0.06467710345222001,2.2648040981311724e-31
LINC02016,-0.06482731870435678,1.6468813512397909e-31
SPMIP6,-0.06500493003094084,1.1288773718193947e-31
CFAP47,-0.06524557075110998,6.756390529124852e-32
TRAM1,-0.06526577549780115,6.470823915801967e-32
TMEM190,-0.06586326405637918,1.7936046544720542e-32
PCM1,-0.06599656516739225,1.3449851340261086e-32
TMEM35B,-0.06602348216659824,1.2689494253456255e-32
DUSP1,-0.06692655221461134,1.776562389683583e-33
RTN4,-0.06750848772751648,4.934403537538885e-34
IL32,-0.06764761740459525,3.6267069659089596e-34
KIF9,-0.0682029794718085,1.0543941300849034e-34
RNASEK,-0.068217781214502,1.020102724996208e-34
PIERCE1,-0.06828259378797054,8.825373571991884e-35
AKAP9,-0.06830415357744984,8.409936772771837e-35
CIMAP1B,-0.06836510752611696,7.337605761510541e-35
ENSG00000254733,-0.06847778380417066,5.700471816360387e-35
PICSAR,-0.06879926346958565,2.7675444953709143e-35
ENSG00000254459,-0.06916895698498873,1.200611762774984e-35
CIMIP1,-0.06934838537072799,7.992337051397008e-36
ALPP,-0.06957822183121241,4.7383629398361605e-36
FGF14,-0.07008907942877693,1.4732981562946887e-36
MGST3,-0.0704352135164953,6.644116710505179e-37
KCNIP1,-0.07079383223928687,2.8994529597039726e-37
CFAP54,-0.07090227744146409,2.2545354993843545e-37
LINC01811,-0.07115710032956822,1.2464215537172709e-37
RSPH1,-0.07122528901116008,1.0632427189019877e-37
SLC6A4,-0.07176297465994055,3.019812770894859e-38
MRPL14,-0.0719170556079011,2.1017095977134408e-38
VAPA,-0.07224103956658849,9.783505209964123e-39
SERTM1,-0.07252228271194057,5.023609320050151e-39
ENSG00000255422,-0.072535394553202,4.8695928679658264e-39
S100A10,-0.07311201692910195,1.2312991395557302e-39
SBSPON,-0.07342198415812096,5.853558245041485e-40
TEK,-0.07366501593569286,3.2603083270393794e-40
BLVRB,-0.07392868362371931,1.724116971098899e-40
SLC5A9,-0.07397871165695613,1.5274109771028877e-40
CCDC146,-0.07451423565670524,4.1548439251580137e-41
PRSS48,-0.07501725742050049,1.2127002582222082e-41
ZBBX,-0.07575396069628437,1.9679283412997253e-42
TAGLN,-0.07578567257420332,1.819033942918733e-42
CFAP144,-0.07641213520272451,3.818680453249229e-43
FRMD4B,-0.07642161884948782,3.72913097295263e-43
DTHD1,-0.07676421581306626,1.5792675503484695e-43
CCDC170,-0.07696309678449581,9.57349126929498e-44
TMEM132D,-0.07796725287902992,7.496854760383368e-45
C6,-0.0781072111937756,5.242738361515896e-45
ENSG00000250421,-0.07861839327007226,1.4121907028509152e-45
LDLRAD1,-0.07933512330668284,2.2125314424552724e-46
HYDIN,-0.0796089039483645,1.0850639740623071e-46
SPAG6,-0.07979116228050023,6.743249498092943e-47
HOATZ,-0.08007859188002087,3.1776817455540267e-47
FABP6,-0.0804295592284737,1.2633422763090862e-47
CCBE1,-0.08105177769644026,2.4378508659065124e-48
SAXO2,-0.08138859512614599,9.952275053475579e-49
ENSG00000227227,-0.08184281567018688,2.9556284134897267e-49
ENSG00000258752,-0.08199730592344012,1.952725892664457e-49
CFAP276,-0.0820810310808905,1.559351926578459e-49
FOLR1,-0.08214587079563503,1.3098308222868545e-49
DRC3,-0.08216712315735869,1.2370311543394192e-49
PRR29,-0.08219287428793226,1.154198110171692e-49
DNAH9,-0.08227539694954468,9.241798118045405e-50
DNAH7,-0.08248288673218605,5.279987969930852e-50
RSPH4A,-0.08328204842292881,6.032198738545882e-51
AKAP14,-0.08337681811583522,4.657394267720623e-51
DRC1,-0.08342778655471854,4.0520599597901636e-51
LINC02489,-0.08353055300837726,3.059457572881352e-51
TSPAN19,-0.08362483174458013,2.3635185939593482e-51
DNAH5,-0.08366979371933607,2.0895857192583718e-51
CFAP299,-0.08372493009327248,1.796452321929304e-51
DNAH6,-0.08419381496343374,4.947792236563474e-52
CDHR4,-0.08436812191922613,3.057941042364549e-52
ARMC3,-0.08477197940714956,9.989885014154443e-53
AGBL4,-0.08543465202830693,1.574930492541893e-53
SPAG17,-0.08546648627608669,1.4406594915696868e-53
CFAP45,-0.08622284822578324,1.7171319764392364e-54
CFAP157,-0.08630311527330577,1.368646385364534e-54
CTSE,-0.08631526468837468,1.32242829654543e-54
PRKAR1A,-0.08635030705077266,1.197648311688403e-54
CFAP95,-0.08660909668180962,5.7532220697115925e-55
CCDC78,-0.08666048404197822,4.972436761365134e-55
ZFP36,-0.08677234448524891,3.618722821323224e-55
CLXN,-0.08740763393948785,5.90651040368406e-56
NALF1,-0.08748292592373824,4.760459104933001e-56
RBMS3,-0.08784437993075885,1.6856898442346787e-56
TUBA4B,-0.08843149223896382,3.093366905524066e-57
C22orf15,-0.08843495359290397,3.0624965244990874e-57
SNTN,-0.08852161670369739,2.3821064221225608e-57
RNF145,-0.0886725466905894,1.536998222443746e-57
FABP4,-0.08883634942487584,9.545225798314867e-58
CXCL2,-0.08883932555877806,9.462888226175658e-58
CAPSL,-0.08907398133669761,4.7749243953351266e-58
DNAI4,-0.08924885771923723,2.8646516927451357e-58
CFAP43,-0.08965434832829978,8.72709801079952e-59
LRRIQ1,-0.09044243090049,8.528341883830225e-60
SCUBE1,-0.09046459558108264,7.986002512292459e-60
TEKT1,-0.09046929974499653,7.875394535642709e-60
TEKT2,-0.09082356482900567,2.74918651165721e-60
CFAP53,-0.09119201967529936,9.160431636471695e-61
LRRC46,-0.09144891305087734,4.246076329548484e-61
DBI,-0.09178631251976331,1.5415986268957415e-61
SEMA3B,-0.09196794144162083,8.92121647692447e-62
ATF7IP2,-0.09206249153347687,6.707752680891006e-62
FOXJ1,-0.09223570045835082,3.9752536498777194e-62
CFAP210,-0.0923017737409294,3.2551986856409913e-62
CFAP126,-0.09239057416841745,2.4879356727941817e-62
NFKBIA,-0.09264007036988858,1.1674569683335142e-62
ZMYND10,-0.09334244912724796,1.3720398812768574e-63
MORN5,-0.09370833773573041,4.468458041465243e-64
DNAH12,-0.09372162228988834,4.289750430335129e-64
ROPN1L,-0.09373454376253056,4.122763227478004e-64
DYNLRB2,-0.09393559035442066,2.221177568073649e-64
RSPH9,-0.09444256371574396,4.641582443790448e-65
LRRN4,-0.09444561352295704,4.5979546521250225e-65
MUC1,-0.09476555393505313,1.7043718534092347e-65
C11orf97,-0.0951347711217061,5.399452429157276e-66
CFAP90,-0.09520449927536703,4.343607697229551e-66
FAM216B,-0.0952166763665043,4.181579902043448e-66
CIBAR2,-0.09559504055123261,1.2801900978233974e-66
ENSG00000248551,-0.09693037633311084,1.890276651277749e-68
ENSG00000231698,-0.0969901758337537,1.562926909895012e-68
WDR38,-0.09749418039973558,3.1320508713670014e-69
RP1,-0.09915594409117451,1.4726819723901463e-71
CIMIP2B,-0.09921379330065579,1.2199960678650306e-71
LINC01610,-0.10133167206771838,1.1485569379511874e-74
GPRC5A,-0.10151705780887449,6.196850303325817e-75
TCIM,-0.10310083206439163,3.0373765196158474e-77
GADD45B,-0.10538069371613372,1.241399147093064e-80
CD46,-0.10549819142647805,8.26478330463074e-81
DNALI1,-0.10633376640162392,4.5186697150402075e-82
CDHR3,-0.10741884015834383,1.0017818072330876e-83
ANXA4,-0.10788571633829541,1.9219461825300455e-84
MS4A15,-0.10886640659665052,5.85162287930161e-86
ENSG00000259351,-0.10904562367012516,3.080618231099542e-86
ENSG00000258234,-0.11021431997857337,4.572435311067936e-88
RFX2,-0.11045337292367381,1.921710288551125e-88
STOM,-0.11068406719539096,8.310034880687473e-89
LMO7,-0.11219991738669226,3.2209971998133477e-91
CHRDL2,-0.11246366446444289,1.2160967293637049e-91
STAT3,-0.11356006684888828,2.0681655266671553e-93
ENSG00000254604,-0.11370625454803229,1.1976829306564613e-93
TUBA1A,-0.11419253091326036,1.9361349813550525e-94
DNAH11,-0.11423759510142383,1.634631101904446e-94
CIMAP3,-0.11791768112602609,1.2875198134057593e-100
TSPAN3,-0.11870615101806001,5.973969121795045e-102
DLGAP1,-0.12007567630822201,2.7442764303572064e-104
DDX17,-0.1206794896757032,2.5058965509588317e-105
ENSG00000237654,-0.1256334312924821,4.6628432755463606e-114
UNC13D,-0.12620042847066232,4.430159831517369e-115
NUPR1,-0.126660700151794,6.503097450194403e-116
ANKUB1,-0.12696155244083282,1.848227064389995e-116
NEAT1,-0.1275309030064364,1.69485035250348e-117
JUND,-0.12761942352730268,1.1678207658447847e-117
CD83,-0.12785136009099318,4.395480128177451e-118
KLF6,-0.12873988375616274,1.0231745260234691e-119
SELENOP,-0.12909299802818147,2.2788244633025032e-120
TPPP3,-0.13107466300753295,4.604740776139608e-124
CKB,-0.13252138937120242,8.498597843960338e-127
SCGB3A2,-0.13318278783727455,4.668683473960924e-128
HMOX1,-0.1343815379208071,2.337317411967495e-130
C16orf89,-0.13506491030231044,1.1162207427481839e-131
NRG3,-0.1350946462072527,9.774914113833129e-132
ATP13A4-AS1,-0.13719974443092833,7.523940425631618e-136
PKDCC,-0.13827931239867308,5.511545186349273e-138
ODAM,-0.13944121215249203,2.653964754081223e-140
SAMD4A,-0.14008679565571786,1.3415596023871377e-141
ITLN2,-0.14116551276241765,8.866791179714043e-144
LHFPL3,-0.14221505252483785,6.459953704196096e-146
ENSG00000255580,-0.14265462009135088,8.130240954641663e-147
DMKN,-0.14437672951356884,2.26905390280827e-150
CYSTM1,-0.1452388005538058,3.6304857120304664e-152
LRRC23,-0.14555805445534495,7.799526267507646e-153
NPC2,-0.14741220969611152,9.613837337966091e-157
KCNT2,-0.14797177000605122,6.2092085815150935e-158
ABCA8,-0.14888006074733404,7.106009192096024e-160
ENSG00000233635,-0.15359082553871303,3.8345697695090775e-170
COL12A1,-0.1543424064410849,8.214837599514297e-172
BRI3,-0.15451352073432242,3.415038342973323e-172
LIMASI,-0.15953330992165735,1.423919328450961e-183
ANKRD1,-0.16064668298559154,3.7821182486089094e-186
DHCR24,-0.16149081382886482,4.095649817787696e-188
DMBT1,-0.1620800985702645,1.7133945325774504e-189
AGR3,-0.16230132265084254,5.188035109326435e-190
RTKN2,-0.164536810648964,2.692406431972505e-195
NCKAP5,-0.16950770425750486,2.542615833257216e-207
ENSG00000235584,-0.17074059192385038,2.3138684691635185e-210
EMP2,-0.1718725448110524,3.5630419969488195e-213
CD47,-0.17197035256300025,2.0317887317240936e-213
FN1,-0.1724220404691044,1.511529971699495e-214
FAM177A1,-0.18100543474221573,1.3729689416102724e-236
ST6GALNAC5,-0.18380778581108453,4.947632126009587e-244
SPOCK2,-0.18386793570770427,3.4142577132120397e-244
AREG,-0.18762724929791738,2.252906321367328e-254
DLG2,-0.18787131259177703,4.832513487705155e-255
TNNC1,-0.1888704074291399,8.661849206980316e-258
PTPRG,-0.1904822782271793,2.975455457949832e-262
CLIC3,-0.19178666211593706,6.780429079477425e-266
COL4A1,-0.19395091984093896,5.3570359171655997e-272
CLIC5,-0.19982048338508238,6.4172677162805375e-289
ERBB4,-0.20043217439809888,1.0292452279030312e-290
NTM,-0.2021573023477352,8.291380276224068e-296
CAV1,-0.2045039461649857,8.195071485222849e-303
SCEL,-0.20540188774075088,1.6212381900264647e-305
FGG,-0.20561091716604424,3.789758749099336e-306
SFTA1P,-0.2080984718844379,0.0
COL4A2,-0.22619156574084193,0.0
NNMT,-0.23050551457120233,0.0
NEDD4L,-0.25373198821226955,0.0
NDNF,-0.25565617309750227,0.0
PEG10,-0.2557974667805314,0.0
AK1,-0.25737184382477263,0.0
RNASE1,-0.26382435070106813,0.0
CHI3L2,-0.2653032964504782,0.0
TFPI,-0.2767653406281151,0.0
GPC5,-0.27770111086349286,0.0
AFF3,-0.27962649087753333,0.0
WSB1,-0.28337519187068666,0.0
ICAM1,-0.29402259094704125,0.0
SOD3,-0.3013033096681196,0.0
SERPINA1,-0.30467201331163113,0.0
ACOXL,-0.3054079985493862,0.0
AQP4,-0.3163063375077804,0.0
SUSD2,-0.3251983367903315,0.0
CA2,-0.32970820311571314,0.0
TMEM163,-0.33384731459125405,0.0
SCD,-0.3363220288864683,0.0
CTSH,-0.33968405221669623,0.0
C11orf96,-0.3408922116880133,0.0
SLC22A31,-0.3422843301628098,0.0
AGER,-0.3429911465706062,0.0
GKN2,-0.3504979856593172,0.0
HSD17B6,-0.35584183300993394,0.0
COL8A1,-0.3723172758081817,0.0
WIF1,-0.3908426654565829,0.0
AQP1,-0.39398147417253115,0.0
TTN,-0.4065098495832559,0.0
C4BPA,-0.4065600433765252,0.0
HHIP,-0.40688966684026817,0.0
HOPX,-0.4260577908976874,0.0
PLA2G1B,-0.4286264935304806,0.0
SFTA3,-0.4363671551283464,0.0
SFTA2,-0.45059505442020314,0.0
SFTPA2,-0.46611433005577446,0.0
SLC34A2,-0.46776775235539947,0.0
SLC39A8,-0.47909269180310476,0.0
LPCAT1,-0.4798631686777976,0.0
PGC,-0.49168617658248265,0.0
SFTPA1,-0.4927379607750835,0.0
LAMP3,-0.4978003174106816,0.0
SFTPB,-0.508431978452142,0.0
SFTPD,-0.5104271452955356,0.0
LRRK2,-0.5152249635433088,0.0
CLDN18,-0.5164264348746088,0.0
ABCA3,-0.5304911092113487,0.0
SFTPC,-0.5421123777430507,0.0
NAPSA,-0.5421265458072287,0.0
PEBP4,-0.5483327015784067,0.0
