gene,spearman_r,pval
PEBP4,0.5503500725818562,0.0
NAPSA,0.5445075361252089,0.0
SFTPC,0.5427145804000503,0.0
ABCA3,0.5321258235296478,0.0
CLDN18,0.5178053781528013,0.0
LRRK2,0.5167831128406507,0.0
SFTPD,0.5125094200291073,0.0
SFTPB,0.510962131938096,0.0
LAMP3,0.49967853877662904,0.0
SFTPA1,0.4946524230227645,0.0
PGC,0.4935184850163619,0.0
LPCAT1,0.4819454460410581,0.0
SLC39A8,0.4810683535599099,0.0
SLC34A2,0.471290942500781,0.0
SFTPA2,0.46806982216860976,0.0
SFTA2,0.4529144042645401,0.0
SFTA3,0.43872287184823916,0.0
PLA2G1B,0.43014182040518567,0.0
HOPX,0.4290549776034807,0.0
C4BPA,0.40842510108471763,0.0
HHIP,0.4081849248049565,0.0
TTN,0.4077547921770052,0.0
WIF1,0.39245712575092695,0.0
AQP1,0.3887967879154922,0.0
COL8A1,0.3735384654485238,0.0
HSD17B6,0.3573334668000947,0.0
GKN2,0.3519465090282068,0.0
AGER,0.3440337476237443,0.0
SLC22A31,0.34401319651764495,0.0
CTSH,0.34278004626567843,0.0
C11orf96,0.34196164824682784,0.0
SCD,0.33685632331690807,0.0
TMEM163,0.3349649549171846,0.0
CA2,0.3307086328328837,0.0
SUSD2,0.3270942574319257,0.0
AQP4,0.31830492375026576,0.0
SERPINA1,0.3070663757846887,0.0
ACOXL,0.3063441119643853,0.0
SOD3,0.3032178178327115,0.0
ICAM1,0.2884375023730699,0.0
WSB1,0.2816852206820135,0.0
AFF3,0.2791337482619223,0.0
GPC5,0.2780818986254238,0.0
TFPI,0.2712208761904929,0.0
CHI3L2,0.26639047803528093,0.0
RNASE1,0.26038050979932065,0.0
AK1,0.2585114038091632,0.0
PEG10,0.2573335687221531,0.0
NDNF,0.25677088440686613,0.0
NEDD4L,0.2547462020144704,0.0
NNMT,0.2281668203000626,0.0
COL4A2,0.2137268610289775,0.0
SFTA1P,0.21003921840488643,0.0
SCEL,0.20656023427903938,5.04710647686177e-309
FGG,0.20631868780773835,2.7294502176320763e-308
NTM,0.20291876472907638,4.5202296838848806e-298
ERBB4,0.20128271732860448,3.213486632360027e-293
CLIC5,0.19875830492651628,8.126688207137359e-286
CAV1,0.19770563697278867,9.269787679584733e-283
CLIC3,0.19159851284943785,2.2818334651212538e-265
TNNC1,0.19028951667799618,1.022227387404652e-261
PTPRG,0.19013144990211717,2.8095344561454496e-261
DLG2,0.18863218940197696,3.925561976718393e-257
AREG,0.18797353380442205,2.5344206542806127e-255
ST6GALNAC5,0.18411574560549027,7.395822172951848e-245
SPOCK2,0.18035752398234955,6.937606371974701e-235
FAM177A1,0.1802779589447638,1.1219175631809026e-234
COL4A1,0.17668853020296632,2.3198203682921783e-225
CD47,0.17246594143989002,1.17373712574162e-214
ENSG00000235584,0.17155512776511064,2.2002848868413688e-212
FN1,0.17114971975187296,2.2390559531123275e-211
EMP2,0.16904386359056658,3.493993807953397e-206
NCKAP5,0.16832935922638942,1.9495079798533784e-204
AGR3,0.16571537443464643,4.104583932340009e-198
RTKN2,0.16520726270378244,6.765489233549642e-197
DHCR24,0.16485763751683166,4.62843978913669e-196
DMBT1,0.1632972778474525,2.3436257875845483e-192
ANKRD1,0.16128252614630612,1.2539799463632398e-187
LIMASI,0.1596634236860824,7.13579469231657e-184
BRI3,0.1545976894453897,2.2167914329145744e-172
ENSG00000233635,0.1540152872647471,4.386474814762183e-171
COL12A1,0.1538823934080258,8.653899265799035e-171
NPC2,0.1500793154692607,1.859181245028572e-162
ABCA8,0.1496479800112486,1.5870342239725968e-161
KCNT2,0.1483605852079536,9.193600392618012e-159
LRRC23,0.14777735607311226,1.610550824651226e-157
DMKN,0.14774640289914276,1.8742449190975878e-157
CYSTM1,0.14601572900253296,8.54922046481821e-154
ENSG00000255580,0.142858384181109,3.1036032163071186e-147
LHFPL3,0.14249523986354143,1.7250757153063694e-146
ITLN2,0.14135729206391656,3.61749229893654e-144
ODAM,0.14006111510876218,1.5111000596716492e-141
PKDCC,0.13912396296159463,1.1445489239906562e-139
SAMD4A,0.13893814332253912,2.6897933376625363e-139
ATP13A4-AS1,0.13775199592687756,6.114570554845294e-137
C16orf89,0.13750586913610255,1.873920855378976e-136
CKB,0.13559920440570303,1.0235931298677379e-132
NRG3,0.1349266164904645,2.068391723883866e-131
HMOX1,0.13459792535242462,8.936907574329887e-131
SCGB3A2,0.1342087362900809,5.03093359150998e-130
TPPP3,0.13293574167179312,1.3824382939254694e-127
SELENOP,0.13088724441582675,1.0353864207299498e-123
NUPR1,0.1287343256925011,1.0476140893910882e-119
ANKUB1,0.12849889917762447,2.84457188409244e-119
JUND,0.1278052612514749,5.3384557125633884e-118
NEAT1,0.1275965955590168,1.2855862295208953e-117
UNC13D,0.12685675574186345,2.8656522375105035e-116
KLF6,0.12661628009377002,7.828465417194175e-116
CD83,0.12597442613871332,1.133556747858044e-114
ENSG00000237654,0.1257705100339545,2.6420880633918576e-114
TSPAN3,0.12187124778476728,2.146145034530619e-107
DLGAP1,0.12062614733100259,3.097470995689595e-105
DDX17,0.12023730024532739,1.4478251938866918e-104
CIMAP3,0.11997225522068038,4.129820128160997e-104
DNAH11,0.11590020792166507,3.0225608812755427e-97
LMO7,0.11483808029474549,1.7020946962470516e-95
ENSG00000254604,0.11413020081507551,2.4466371217927505e-94
TUBA1A,0.11341309107196118,3.5792613787483644e-93
CHRDL2,0.1120554168540117,5.48686109487232e-91
RFX2,0.11121939510884059,1.1796566023322106e-89
STAT3,0.11101567747966595,2.4825238929436782e-89
ENSG00000258234,0.11041881547797537,2.1785135786363877e-88
MS4A15,0.10981527498674325,1.935126940113726e-87
ANXA4,0.10972447495940281,2.6850716843584593e-87
CDHR3,0.10934642698278281,1.0469187781966634e-86
ENSG00000259351,0.10900227543044626,3.598127452207807e-86
DNALI1,0.10851745774401489,2.0345401390590154e-85
STOM,0.10643193000493165,3.2067087087152584e-82
CD46,0.10541308529705334,1.1097485386572865e-80
GPRC5A,0.10411515854135767,9.642583705161053e-79
LINC01610,0.10177979605025274,2.579420699305968e-75
GADD45B,0.10164698731990728,4.018436219027048e-75
CIMIP2B,0.10095138276555564,4.058058469828134e-74
RP1,0.10083615753851928,5.942869650080769e-74
WDR38,0.09923544157347945,1.1369815002586536e-71
TCIM,0.09854451926258112,1.069545147322163e-70
MUC1,0.09838319061036266,1.8009584962488065e-70
CIBAR2,0.09754969330756644,2.622481307435985e-69
CFAP90,0.0972862370365737,6.085560696134675e-69
ENSG00000231698,0.0972624926283338,6.56448437360423e-69
FAM216B,0.09700694252330849,1.4817454642092465e-68
C11orf97,0.09691101141208475,2.0102887135692384e-68
ENSG00000248551,0.09689889052109048,2.0892405271108477e-68
RSPH9,0.09628624626962033,1.4549181093281744e-67
DYNLRB2,0.09599502792809876,3.644073116678241e-67
DNAH12,0.09570403464330661,9.095080519368513e-67
ROPN1L,0.09565080123418211,1.0748320561909629e-66
MORN5,0.09562960520515588,1.1487095827526342e-66
ZMYND10,0.09539629015624461,2.385418600201177e-66
LRRN4,0.09498888908861201,8.508047375096566e-66
CFAP126,0.09417688723269044,1.0554416522847324e-64
FOXJ1,0.09408950115466964,1.3821653955727092e-64
CFAP210,0.09397788330021785,1.949864325617674e-64
LRRC46,0.09328532033149672,1.6340460310216455e-63
CFAP53,0.09308307106500985,3.030972185480851e-63
DBI,0.09301258458504104,3.757991874802484e-63
ATF7IP2,0.09277514305268358,7.74408768636936e-63
TEKT2,0.09244782148206974,2.0918034249296597e-62
LRRIQ1,0.09244606736025182,2.1029522228221483e-62
TEKT1,0.09225043670173934,3.802018351188951e-62
CFAP43,0.09147120516225198,3.971606555715243e-61
SEMA3B,0.09112268980695169,1.1268686506233987e-60
CAPSL,0.0910419172132577,1.434137516612867e-60
DNAI4,0.09067521488691374,4.2738839605683374e-60
SNTN,0.09058993076842145,5.506025063091315e-60
RNF145,0.09017358724906228,1.8898022985722637e-59
TUBA4B,0.09000363079140528,3.1212631543748245e-59
C22orf15,0.08998019890702845,3.344580411484582e-59
FABP4,0.08939062241958463,1.8917743246447946e-58
CXCL2,0.08936475170424434,2.0406855634250617e-58
CLXN,0.08934022515229352,2.1926244465461594e-58
SCUBE1,0.0891669112186794,3.640035217039941e-58
CCDC78,0.08863533393970698,1.712459812803703e-57
CFAP95,0.08841305173257953,3.263130217476318e-57
CFAP157,0.08822667675387386,5.595887922886055e-57
CFAP45,0.08786996562171771,1.5659992554411043e-56
CTSE,0.08785862401178748,1.6179738471167303e-56
NFKBIA,0.08783841471327755,1.7148801630697423e-56
NALF1,0.08777467408600478,2.0600286784423037e-56
RBMS3,0.08771408476745661,2.452005321649305e-56
PRKAR1A,0.08766702159808126,2.8070186688061585e-56
SPAG17,0.08717508637503155,1.1485910949651708e-55
ARMC3,0.0864646322391115,8.665236125027044e-55
AGBL4,0.08645674626003048,8.860969991917683e-55
CDHR4,0.08594626001394615,3.7458966855509097e-54
DNAH6,0.08582975621447247,5.1989561189649576e-54
DNAH5,0.08578800195006304,5.84641895256023e-54
FOLR1,0.08540551087069707,1.7087353320359184e-53
TSPAN19,0.08531961926813945,2.1726146695751605e-53
CFAP299,0.08524876022608432,2.6482279383740828e-53
DRC1,0.08502741319099114,4.909653196362807e-53
AKAP14,0.08493682726057374,6.317805037965335e-53
RSPH4A,0.0848711018844831,7.584946232784874e-53
CFAP276,0.08416942428709749,5.29199676074756e-52
LINC02489,0.0840927830167724,6.536465606778397e-52
DNAH7,0.08407676867914197,6.831218010111553e-52
DNAH9,0.08399448837398356,8.567574793678736e-52
DRC3,0.08398125571051036,8.885205825840573e-52
ENSG00000258752,0.0838291389085355,1.3496699298259524e-51
PRR29,0.08371133614431628,1.864680696729216e-51
SAXO2,0.0830147052505322,1.2493133042205963e-50
ZFP36,0.08246690768618775,5.5128737492562405e-50
HOATZ,0.08212804169214688,1.3741828619655412e-49
FABP6,0.0819318524142206,2.3278118004661083e-49
SPAG6,0.08159764454891874,5.696626374641921e-49
HYDIN,0.08137198481442201,1.0402752153248431e-48
LDLRAD1,0.08113846296281131,1.936532884932165e-48
CCBE1,0.08107540871858655,2.2896120211518416e-48
ENSG00000227227,0.08053755007734426,9.5040344869977e-48
C6,0.07934358434987271,2.1644251415810776e-46
CCDC170,0.07895124744712805,5.983501343253203e-46
ENSG00000250421,0.07865340860088017,1.2904336408367937e-45
CFAP144,0.07856367560615697,1.6257327232326096e-45
DTHD1,0.07840799067558647,2.4255966899621306e-45
TMEM132D,0.07802402224784545,6.485031171313426e-45
FRMD4B,0.07728233462844163,4.2751528193900654e-44
ZBBX,0.07725734986922109,4.554132132587986e-44
BLVRB,0.0765765725513755,2.529538185902046e-43
CCDC146,0.07654011860137891,2.7715864714076764e-43
PRSS48,0.07538684118673476,4.8811939128317015e-42
MRPL14,0.07441313365659522,5.316301470364763e-41
SLC5A9,0.07435724996002317,6.091459135448905e-41
SBSPON,0.07405435465428346,1.2715695368230959e-40
RSPH1,0.0734199748584348,5.881901652017421e-40
SERTM1,0.07293220916976233,1.892661329048127e-39
ENSG00000255422,0.07277360325653538,2.7630274513981377e-39
CFAP54,0.07231390217397367,8.233910329676275e-39
TAGLN,0.07190813062801861,2.1463451599606887e-38
CIMIP1,0.07155143488439532,4.960636377333153e-38
VAPA,0.07147430238214741,5.942602967260601e-38
LINC01811,0.07131507236141492,8.622581202747677e-38
FGF14,0.07122281419407692,1.0693971327300667e-37
KCNIP1,0.07083949006383962,2.6081704247105643e-37
AKAP9,0.07034502451934666,8.179314061745308e-37
PIERCE1,0.07017359927618795,1.2133782641576859e-36
MGST3,0.07014109996845051,1.3074371987241338e-36
ALPP,0.07001111104490133,1.7618187016493376e-36
S100A10,0.069848307331067,2.5577907757520868e-36
KIF9,0.06954766951141038,5.0798724897741435e-36
ENSG00000254459,0.06934554689698258,8.04401945582334e-36
PICSAR,0.06923203894959228,1.0406909212368187e-35
ENSG00000254733,0.06886477833009488,2.3876012055088096e-35
CIMAP1B,0.06858784319719931,4.4528692726066577e-35
TMEM190,0.06788962198891628,2.119631455672209e-34
SPMIP6,0.06721600317780674,9.407131493743264e-34
PCM1,0.06679185139238221,2.3860220518457502e-33
CFAP47,0.06647360212937715,4.778521987684089e-33
RNASEK,0.06601576729812675,1.290295198437532e-32
EFHC1,0.06597771289494009,1.4009167790478542e-32
TRAM1,0.06543840570580113,4.471767314384424e-32
DNAH3,0.06542355236521345,4.6164031504944726e-32
DUSP1,0.0653151045347755,5.822981098356162e-32
LINC02016,0.06498590790844375,1.175531093450212e-31
THSD4-AS1,0.06479166251438072,1.776377711857008e-31
RTN4,0.06428050603374755,5.233792096464852e-31
WDR54,0.06413469675715693,7.112190793168652e-31
EPPIN,0.06404745049163811,8.541875499630336e-31
FCER1G,0.06374252583849543,1.617088290239085e-30
HS6ST3,0.06339225030603751,3.353643134692427e-30
MRPS24,0.06316313449061552,5.3924636976729684e-30
ENSG00000272234,0.06272383730764731,1.3341577147445203e-29
GNMT,0.06261225211421877,1.6776639475045668e-29
TMEM35B,0.062381603359987034,2.6903661235143977e-29
FAM227A,0.06213351341478941,4.462609103917327e-29
CFAP70,0.06166720234140471,1.1490308910585968e-28
HLA-DRB5,0.061347245127123626,2.1897034670277063e-28
PGM5P4-AS1,0.06129772196107083,2.4188171164753057e-28
ENSG00000227479,0.061060181227611185,3.8941994203853536e-28
NEK10,0.06062165970121247,9.335247391285233e-28
MT-ATP8,0.0598589485278226,4.2080515751378625e-27
FKBP6,0.05978655816327479,4.849789625016859e-27
ATP6V0C,0.05908576476350881,1.8995160074084814e-26
NEK5,0.05905376306844056,2.0209396318270427e-26
MGST1,0.058578138472537414,5.056001111635223e-26
ENSG00000239300,0.058478776162971785,6.117915791642133e-26
ENSG00000236733,0.05839946063832324,7.121893424624197e-26
GPRC5D-AS1,0.05834201649134904,7.949406746250779e-26
IL32,0.05798672730797851,1.5651889101915124e-25
C1QC,0.05717069836739258,7.305149193009654e-25
ENSG00000250354,0.0564085276145152,3.0204154694197417e-24
ENSG00000263990,0.056210414491617476,4.354722174029842e-24
ENSG00000257181,0.05541240543652379,1.8767278387723264e-23
COX17,0.05509373328871535,3.343897973548007e-23
ENSG00000236065,0.05483616462742903,5.32061892458968e-23
ENSG00000269043,0.054016474739948195,2.2997419779515697e-22
ACSM6,0.05364599319844449,4.424982908475525e-22
CETN2,0.05355399896700137,5.202242104120298e-22
ENSG00000270050,0.053476242972292025,5.963476959074657e-22
ENSG00000265987,0.05296440613787751,1.458103662973722e-21
SRRM2,0.052779208519051844,2.010835780295848e-21
RABGAP1L-AS1,0.05261047296755267,2.6923889777097376e-21
ZNF277-AS1,0.05202861154075856,7.314624623028548e-21
SERPIND1,0.05197569098057678,8.006336029466874e-21
ENSG00000250501,0.05181434968882966,1.053973034746805e-20
GGTLC3,0.051784605777081764,1.1086659514029514e-20
GRIK1,0.0511764748465745,3.099519180458791e-20
ENSG00000271554,0.05058578316732629,8.318018346166109e-20
IFITM2,0.05050418869938659,9.524823393670615e-20
CHST7,0.05032790109951623,1.2754336061529295e-19
ENSG00000261460,0.05001028612762123,2.1528531150864763e-19
LRRFIP1,0.04912565855188797,9.095033826740573e-19
ENSG00000255139,0.04905637845414238,1.017069741487111e-18
MORN2,0.04876569856796126,1.6229517029261249e-18
RGS7,0.04862026519600905,2.0483511896679185e-18
SOX5-AS1,0.04817706304709832,4.146423443131074e-18
FAM229B,0.047786012821263324,7.684614781791082e-18
CCDC89,0.04754091300304096,1.1284302946769584e-17
HMGCLL1,0.046891703286365036,3.092916817529817e-17
SLC6A4,0.046406262011380886,6.515544054882033e-17
CHD9NB,0.04610049526043434,1.0377122852262796e-16
ENSG00000259437,0.045455046872501216,2.744492412664663e-16
ENSG00000235096,0.04532255223728344,3.345398111836242e-16
ENSG00000250519,0.04524517276381779,3.7544978534433754e-16
CD163,0.04516903579929262,4.2050369411983944e-16
HCST,0.045162866481234944,4.2437946833388085e-16
C10orf67-AS1,0.04448639162316175,1.1519789763547379e-15
TBCA,0.04434151885438704,1.423944464988187e-15
ENSG00000263624,0.044329543210507825,1.4490687010908411e-15
ANGPTL7,0.04387805163031418,2.792561442308697e-15
ENSG00000274565,0.04357349940411109,4.330973754874053e-15
PPP1R15B-AS1,0.0434151478285945,5.434606376993317e-15
SPARC,0.04298798301981248,9.985257893803588e-15
RGS6,0.04246065941800112,2.098897413156628e-14
NGF,0.04238977603197048,2.3177390392223553e-14
TSHR,0.04225519820760179,2.7967282200335124e-14
GABARAP,0.041956023322123094,4.237574728357728e-14
IGFBP7,0.041862172009789374,4.824733681581226e-14
FOS,0.0417134493444889,5.922807059881096e-14
CCNA1,0.04135222416344201,9.71730547635851e-14
AMBP,0.04081879952636074,2.0033057891483535e-13
ENSG00000231104,0.04021746729430643,4.479256724744166e-13
DOCK4-AS1,0.03936671334291615,1.3709905218448374e-12
LMNTD1,0.03930526294704016,1.4850360890945674e-12
APLP2,0.03923862311310748,1.6192389385951854e-12
P4HA2-AS1,0.03922090720782774,1.6568738112786068e-12
CYGB,0.03920186281255626,1.6982880105406318e-12
PARAL1,0.03820855895152088,6.0570740146602816e-12
TEK,0.03806355977181567,7.273349837617699e-12
S1PR4,0.03788716643152969,9.078620417072246e-12
ENSG00000259986,0.037777254755465166,1.0418322704227873e-11
ALCAM,0.03767917831109665,1.1775994466936326e-11
GRM3,0.037471641087189235,1.5245199523375527e-11
RBP2,0.03747017724409548,1.5272914855749778e-11
TIMP3,0.037138156636081915,2.3018157987739175e-11
HEPHL1,0.03642855314044528,5.466373790609939e-11
GGTLC2,0.036376944655746084,5.817635779534172e-11
OCIAD1-AS1,0.03621905931359968,7.034983039635118e-11
MUC3A,0.03613544043408958,7.777242568954535e-11
ENSG00000250137,0.03595642469529182,9.633003828369098e-11
LINC02201,0.03539503634860198,1.872122692255696e-10
ENSG00000257452,0.035316710459144904,2.0523447816790361e-10
ENSG00000275443,0.03518481599604353,2.39482721387479e-10
LINC02211,0.03486122987684302,3.4889202102846036e-10
ENSG00000254263,0.034670701772974516,4.347454976769763e-10
NDUFAF3,0.03454965813503018,4.996599822549152e-10
KCNA3,0.03454593203148579,5.01801410487307e-10
ENSG00000256469,0.03440118921472997,5.92286699792998e-10
MED4-AS1,0.03411695610650797,8.186126627663293e-10
MPP1,0.0340875638747623,8.463473735714097e-10
ENSG00000233367,0.03395523177533469,9.829920124927954e-10
COL4A2-AS2,0.03331364097145894,2.0150072774200133e-09
SLCO2B1,0.03310046171084949,2.5503386910201543e-09
ENSG00000262873,0.032709296539369576,3.914902982535991e-09
XAGE2,0.03258228904638648,4.4946977739112904e-09
TMPRSS6,0.03227624987482878,6.2562832199273435e-09
NRG1,0.031896324673080456,9.393191816088567e-09
KCNIP4,0.031784968732991144,1.0572272882173098e-08
ADAMTS3,0.031779139565538524,1.0637803615423956e-08
SPATA24,0.031185043982315884,1.9856881441408452e-08
TTC3-AS1,0.0311451963071764,2.069752011541798e-08
MAP9-AS1,0.030790373020854776,2.9874662600871084e-08
ENSG00000260555,0.030757026323096192,3.091671685422353e-08
ADORA2A,0.030722079926654565,3.204657909895451e-08
LINC02343,0.03064789403649015,3.4579424822024615e-08
C1orf127,0.030643644515896316,3.473024562077803e-08
RHD,0.030514736509243967,3.962100604598177e-08
CMTM2,0.030027019224002256,6.491491699666334e-08
NBAT1,0.030009648484531894,6.605736271071372e-08
PAPOLB,0.02977308380626046,8.369394265786878e-08
ENSG00000198358,0.02953651789752653,1.0585249732027696e-07
ARAP1-AS2,0.029470688262227856,1.1296673441285641e-07
KLK5,0.029388435666784063,1.2250795422807166e-07
LINC00165,0.02908484566020766,1.6494343240898345e-07
ENSG00000231496,0.028956747071906618,1.8683575372575863e-07
DPP9-AS1,0.028915616959442527,1.9444238722869452e-07
KCNA4,0.02876400463040014,2.2515208788458676e-07
SYNPO2L-AS1,0.02873662834776813,2.3117557864801587e-07
HTT-AS,0.028322973043730455,3.4351570636803045e-07
ZMYM4-AS1,0.028297965234189988,3.517793566470706e-07
ENSG00000260999,0.028146045184544867,4.062587184621377e-07
LINC02250,0.027992431004793313,4.695827071398847e-07
ENSG00000249207,0.02798945948060955,4.7089691469101005e-07
C12orf75,0.027869023864130617,5.272512770678577e-07
ENSG00000229313,0.027751064238799816,5.887194681555024e-07
FGR,0.02763976723690038,6.530105717372273e-07
SLC11A1,0.027459897817194,7.714500023508884e-07
ENSG00000226900,0.027391539511991858,8.216798300764985e-07
HELT,0.027374430962779927,8.347356821010764e-07
CRNDE,0.02728306783330491,9.079091268707466e-07
ENSG00000228033,0.027203060080874607,9.770272888253796e-07
ENSG00000226398,0.026896103169704783,1.2922551268160734e-06
DDX5,0.026455700007990343,1.920196920443304e-06
CCR3,0.026096254531903552,2.641016652096797e-06
ENSG00000223901,0.02578944025370464,3.4557268740988404e-06
LINC01732,0.02576989780633686,3.515067254771925e-06
LINC00332,0.025769873521910788,3.515141598313368e-06
PODN,0.025607647844832878,4.046910764947618e-06
ARG1,0.025451721646230375,4.630119286143497e-06
TEX41,0.025306802635205735,5.243698152107129e-06
DYNLRB1,0.025294801056730598,5.297863170973677e-06
LINC01705,0.025226287673556502,5.617480511214951e-06
IFI30,0.025206879552727983,5.711323510072951e-06
NRIP3-DT,0.0251403569712022,6.04449458009258e-06
TTR,0.02501546292357581,6.720899122284066e-06
BTK,0.024818487422308792,7.936934138227376e-06
HLX-AS1,0.024628440426493807,9.307645159660078e-06
C7,0.024287799079292627,1.2348899793500086e-05
CCDC102B,0.024253293553634682,1.2705117975361264e-05
ENSG00000259005,0.024201729282474257,1.3255768757724158e-05
ENSG00000265399,0.023929272157826253,1.65641681960625e-05
ENSG00000249453,0.023888219476002615,1.712627103917425e-05
ENSG00000254571,0.02386530718219531,1.7447846949405432e-05
LINC02974,0.023796103121433227,1.845442995717364e-05
PLA2G2A,0.02371650936230326,1.9680517631340777e-05
FLVCR2-AS1,0.023660571932599062,2.058819762131886e-05
EPCAM,0.023634609871790165,2.1022890470298392e-05
SLC5A10,0.023464621675838557,2.409245191503104e-05
DLX4,0.0232069691399623,2.9569967504343637e-05
ITGAX,0.022932193752746213,3.670691393597796e-05
TUBB4B,0.022907425195949644,3.742500844247186e-05
ENSG00000257342,0.022707261573903802,4.37376856170481e-05
CCL21,0.022699654207948235,4.3996479082859576e-05
LINC02277,0.02265559195527848,4.552422536702512e-05
ENSG00000273262,0.022618115484412556,4.686308642124901e-05
ENSG00000241720,0.022573793945904152,4.849467918364559e-05
PCBD1,0.02255109355421367,4.93510532924066e-05
ENSG00000226526,0.02245469293549894,5.3150054615183176e-05
JUN,0.0222717588272758,6.113337382454338e-05
PORCN-DT,0.02225831918745178,6.176260075140992e-05
ENSG00000241169,0.02199378607542689,7.546865750942431e-05
ATP6V0E1,0.021941057483542307,7.85242863898986e-05
ENSG00000261265,0.02190804505478302,8.049650485505164e-05
DPF1,0.021827091606890836,8.55328386750539e-05
WDFY3-AS1,0.02177100226024209,8.919535750361111e-05
TMEM74B,0.02168103440190435,9.53810650725361e-05
ENSG00000230773,0.021543904290339592,0.00010559380208784237
ENSG00000253879,0.021516457544106617,0.0001077581427284262
ZSWIM8-AS1,0.02144592815072147,0.00011351336709164907
BGN,0.02135619180576336,0.00012125547086624188
PSENEN,0.021166557867087717,0.0001392836496515502
ZNF45-AS1,0.0210780675523066,0.00014853422402719181
PACRG-AS3,0.02087518931445834,0.00017197175125837355
BMP8A,0.020787225301624124,0.00018317877337148395
EGR1,0.020718312215097796,0.0001924344767853866
TEX48,0.020547452386750136,0.00021731351517242106
PCSK1N,0.020488465781862357,0.0002265822844054032
GRIA3,0.020463232916317922,0.00023065944285666296
PRF1,0.0201964387473807,0.0002781921720209525
ENSG00000254707,0.02008760148518084,0.0003001016951583024
HAND1,0.020079794527963584,0.0003017338318816442
PLCXD3,0.01990079110760571,0.0003415162224212476
TRAV39,0.01975137560361861,0.00037842649375993405
TESC,0.01974378050311135,0.0003803988532814017
ENSG00000237126,0.0195591784091584,0.00043139674667175374
ENSG00000265205,0.019454432101453305,0.00046310324641593245
OR5P3,0.019409446124015073,0.00047737685068525423
RFX4,0.019238649763390722,0.0005353897980755962
RGL4,0.019178114218710518,0.0005574821303842593
ENSG00000250027,0.019174155797190968,0.0005589559238251487
SIGLEC1,0.019140982443893867,0.0005714503738850183
MIR3681HG,0.018984270591816208,0.0006340689105982026
PRR16,0.018970851199814728,0.0006397175269212341
ENSG00000272154,0.01895683230196584,0.0006456684546090856
CYP4A11,0.018939107300286803,0.000653266301388365
HTR2A,0.01890776907747329,0.0006669032699722731
PNLIPRP3,0.018874584439828628,0.0006816319097003094
RASAL3,0.01884975588025401,0.0006928489211111694
PPP1R14A,0.018753382510233382,0.0007380335735473725
APC2,0.018654598373322714,0.0007871771162742301
TRPC5,0.018590615071607218,0.0008206104301371804
ENSG00000253858,0.018314042525439184,0.0009808439042806327
FCN3,0.01830344570542708,0.0009875242482973842
ENSG00000255084,0.018297129205746714,0.0009915262474532104
SORCS3,0.018294896926670984,0.0009929441589049657
ENSG00000223720,0.018282820846355186,0.0010006473109961333
ENSG00000264012,0.018156601364097958,0.0010845385005575187
PTPRT,0.017938533976194215,0.0012449627767601845
ENSG00000242553,0.017873050081686517,0.0012972535980882857
LINC01714,0.017783154059343154,0.0013723430896582754
ENSG00000256250,0.01770416681049861,0.0014416079933924533
CLDN6,0.01767025030515199,0.0014723271002700983
KCNAB2,0.017600022672702925,0.0015378605470395016
ENSG00000253214,0.01753624886329455,0.0015996882188172095
ENSG00000255164,0.017515810776683037,0.0016199816372407926
LINC02150,0.017510035492406734,0.0016257588261451743
PTH1R,0.01747451041364938,0.0016617146429369605
MEP1B,0.01740350943728651,0.0017357782248277492
KRTAP5-11,0.01728419291607579,0.001867109714590364
WDR88,0.01727928040186998,0.0018727076407950005
CDH4,0.01718759923257812,0.001980049947917213
PEBP1,0.017113494730218618,0.002070908922150449
PIK3R5,0.017107642893773096,0.0020782442952600676
HLA-DRB1,0.017034723975780368,0.002171669830692538
HLX,0.017025213505838493,0.002184134683512151
ENSG00000249856,0.017020731111203044,0.0021900322207796833
ERICH4,0.016871142498261833,0.00239541960048592
ENSG00000229261,0.01678939231728251,0.0025149743254753443
HIRIP3,0.016767639538982054,0.0025476930707856557
ENSG00000234021,0.01666619076145199,0.002705486114438401
ENSG00000258851,0.016475043896746002,0.0030272828256781713
CLEC3A,0.016452399671595085,0.0030676327153384407
ITGAL,0.016422297462110137,0.0031220313643253025
EEF1G,0.01639255857396355,0.003176635617045861
LINC00973,0.01636598913413182,0.0032261550731079417
ENSG00000254865,0.016332259252029916,0.003290032963801478
ENSG00000231628,0.01619065739767469,0.0035709617111118327
ENSG00000234255,0.01612649781151071,0.003705293078595544
CCR1,0.016073204210685442,0.003820349194171517
ENSG00000228487,0.01604776165884935,0.00387641406337399
ENSG00000223946,0.015978676625440544,0.004032438985640782
ANXA5,0.015922379043103903,0.004163775882769793
ADAMTSL1,0.015914516328449525,0.004182424518226729
NSG2,0.015858558259438348,0.004317348290711728
GLRA1,0.015853709358643758,0.0043292235709670515
LINC01942,0.01578588943171921,0.004498451445557865
LINC01019,0.015562271126093343,0.0050997425434693025
CD48,0.015489799155069617,0.005309661625128569
ENSG00000227719,0.015389786106078348,0.005612171816653235
PGLYRP1,0.015153382951094875,0.006389931234389589
ENSG00000267417,0.015149937452094616,0.006401950845856845
FHL5,0.01508187856494745,0.0066435811521361595
SPIN4-AS1,0.015075427771216282,0.006666903602125769
AOAH,0.01501874571340552,0.006875020217544909
F10,0.014914056687139566,0.007274801675469536
AOC3,0.014904518196227816,0.007312243948532573
PKLR,0.014867250124390346,0.007460198543483821
ENSG00000248172,0.014786546912828812,0.007789828967409787
ENSG00000237076,0.014771853880824916,0.007851227399211307
PIEZO2,0.01475985367606829,0.00790169441559767
ADGRA2,0.014744988220183594,0.007964614056819752
ENSG00000255847,0.014669895480739218,0.008289360602815867
ENSG00000225750,0.014659518721813121,0.008335155488036417
ENSG00000255921,0.014582219453917956,0.008683477026471556
SGIP1,0.014539163292316313,0.008883084444925976
PCBP2,0.014495983870805619,0.009087369348865783
LINC01500,0.014411136038384072,0.009501046425003046
LINC02100,0.014360478948664046,0.00975595677991456
SLC9A3,0.014327993476623248,0.00992261675480965
PRSS2,0.014317289883675009,0.009978082189432153
MANSC4,0.014215943165548027,0.01051709718317127
ENSG00000235052,0.014214547838534134,0.010524695613991365
LILRA6,0.014179857432727507,0.010715183181998263
CACNA1S,0.014082624255791201,0.011265534602546201
SLC22A10,0.014065268033852728,0.011366370914575557
CALCR,0.014039632233017924,0.01151677581652316
DNM3OS,0.014036131207615153,0.011537452766171801
LINC01478,0.013998039594661693,0.011764558685501775
ENSG00000253690,0.013904674225587839,0.012338062673168743
P2RX7,0.013896513905747301,0.012389345802426096
ENSG00000228613,0.01385716352939484,0.012639300670714147
ENSG00000267601,0.013848170101938487,0.012697050072903514
LAIR2,0.01384756338992584,0.012700954342021252
CTSS,0.013800230828144978,0.013008839563387822
LUM,0.013785940447329784,0.01310308296675728
ACTG2,0.013756545601944083,0.01329883880861339
PLN,0.013691841003721974,0.013738873436169039
TMEM72,0.013610050627422108,0.014313470486380216
ENSG00000250990,0.013556359510686795,0.014702092267538795
ENSG00000272183,0.013477316370961247,0.015291136102233588
LINC02054,0.013345684244002579,0.01631826683275602
ENSG00000259774,0.013260001165881859,0.01701898730617426
KIR2DL1,0.013106220409252307,0.018343018888756772
VSTM2B,0.013049692222897686,0.018851912292058532
ENSG00000232518,0.01303757522325598,0.018962588466596413
CD247,0.012989417726807465,0.01940809234133685
ENSG00000227107,0.0129723798723107,0.019567884876172767
ENSG00000259846,0.012946792635593991,0.01981001792815148
LILRB1,0.012940848002095849,0.01986664528804205
LINC02227,0.01291939577122327,0.02007217161332061
CLMAT3,0.012879482551079357,0.020459508039549563
ENSG00000248837,0.012845488061375204,0.020794530731618053
PPFIA2-AS1,0.012810983189914648,0.021139463420843777
RTN1,0.012778664573922526,0.021467050813357102
WASHC5-AS1,0.012680398194505978,0.02249039399975833
C16orf54,0.012660113560692802,0.022706839702628094
HOXC4,0.012629602885428234,0.023035809915262467
ENSG00000229066,0.012603645979415557,0.023318931523145316
ASPN,0.01260294233528034,0.023326648298609365
ENSG00000253778,0.012587611184766105,0.023495334251359176
CHRDL1,0.012575599169042126,0.023628239024599235
LINC01756,0.012482878567479082,0.024676257603887582
C8orf48,0.012420283685803439,0.02540632583601329
CR2,0.012406843201411435,0.025565502318318275
NXF5,0.012400429204515201,0.025641767275782254
ENSG00000223842,0.012400307897740041,0.02564321155532017
CACNA1C,0.012369641610946513,0.026010589310831934
ECH1,0.01235171163827986,0.026227488757684735
ADH1B,0.01228576606056683,0.02703873482371036
BCAS3-AS1,0.01221329931493682,0.027955092779671894
ENSG00000258422,0.012158811377730396,0.028661621785388326
CCR2,0.012134679288274225,0.028979416125096465
SNX30-DT,0.012092645480592551,0.029540201970317592
DCSTAMP,0.012081075904452303,0.0296961836796535
MPEG1,0.012017577249173184,0.030564944715015037
FOXD4L1,0.012014347362888901,0.030609712024965034
ENSG00000282849,0.011942435464919281,0.03162111779516653
CD22,0.011937911961001031,0.03168568578835211
ENSG00000280486,0.011862106330657415,0.032784665823180986
ENSG00000237655,0.011838115014787933,0.03313920635257022
ARGLU1-DT,0.011837160061524661,0.033153386169116124
ANGPTL3,0.011833131397910906,0.03321326376776041
RLN2,0.011822259642678537,0.03337531153555544
AUTS2,0.011820986620943559,0.03339433058937772
TMEM132C,0.011774113460182825,0.03410110449578388
ENSG00000268069,0.011698146202899216,0.03527371877871842
LINC02384,0.011694213518563893,0.035335348404710996
TRAV8-5,0.011664459324182502,0.035804614626821316
ENSG00000257548,0.011575145836651023,0.03724525967914489
LINC00844,0.011568432684235004,0.03735551044621843
CD244,0.011546823016333628,0.03771229621390915
TET2-AS1,0.011546191710773689,0.0377227627991471
DPP6,0.011346770276511382,0.04115507753056367
MACROD2-AS1,0.011313162659656083,0.041758807108750726
EDDM3B,0.011291155295862937,0.04215819735139241
ENSG00000283078,0.0112751109062921,0.04245140421524886
BANCR,0.01121513430407038,0.04356277990859732
SCN7A,0.011214444756765083,0.043575698872940494
FCGR2B,0.011208061188887732,0.04369545147126864
ENSG00000267723,0.011208009043167495,0.04369643084263825
LINC03084,0.01113056203023854,0.04517160091026324
PTGDS,0.011126989241101644,0.04524065455036077
ENSG00000259548,0.011126835453192954,0.04524362890665476
SPACA5,0.011093654103680035,0.045889243460006585
ENSG00000275392,0.01106753755455676,0.04640283901973142
ENSG00000232019,0.010994181331253206,0.04787137465191418
ENSG00000269836,0.01091923343429655,0.049411915366003395
SMIM18,0.01091763355599076,0.049445248727904734
GOLGA7B-DT,0.01089083844905076,0.05000633251194026
LINC01166,0.010859096209069642,0.050677905342937125
SNX20,0.010796897147407529,0.052015772483908644
LVRN,0.010771107882431248,0.05257908493874781
ENSG00000254298,0.010760530728663446,0.05281159082413016
LAMA2,0.010749349856982072,0.053058301130297705
ENSG00000230433,0.010702192666830776,0.05410946214914044
MICALL2-DT,0.010663642624011907,0.054981623532140825
TTC23-AS1,0.010639284792661878,0.05553871733257648
C14orf180,0.010563353410807651,0.05730562385703526
GNAS,0.010540879382039873,0.057837468112514355
NUDC,0.010467070160448809,0.0596130888756822
NRP2-AS1,0.010455760556923151,0.059889117302192735
IRGM,0.01045219680155443,0.05997631559335239
OPN1SW,0.010446340330731847,0.06011984090385092
LINC01117,0.010379470694895178,0.061778903931263944
ENSG00000145063,0.010354740446089054,0.0624019922939784
ENSG00000275532,0.010354179192870717,0.06241619339062161
IGKV5-2,0.010350312238315819,0.06251410958859513
IGLV8-61,0.010342031995122703,0.06272420313668771
IL10RA,0.010300282279873124,0.06379242448023079
HDC,0.010291592422805751,0.06401664457631552
IGHV1-46,0.010280422055259834,0.06430582355838829
SLA,0.010279999666848451,0.06431677949242383
SCARA5,0.010268822657572828,0.06460724966302545
NHEG1,0.010238587405709381,0.06539843787574398
ENSG00000266718,0.01020181346536949,0.06637147855965529
HBZ,0.0101661307877827,0.06732701344227503
DSCAS,0.010158822211407759,0.06752411765063443
CYP1A2,0.010047096402585118,0.070596784376993
ENSG00000264659,0.010034301032403395,0.07095588640236533
ENSG00000266957,0.010033754729047122,0.07097125167932679
FOLR3,0.010018597331208334,0.07139865623189977
C5orf47,0.009974371126217914,0.07265780554335688
LINC02458,0.009958895167653213,0.0731026862728535
LINC02426,0.009933640354608723,0.0738334593963244
TRIM74,0.009921756842499635,0.07417938110746836
FAM174A,0.009840330704153655,0.07658542849579703
ENSG00000264215,0.00983546476598397,0.07673120302025105
ENSG00000228629,0.009806257643269293,0.07761095470141556
ENSG00000231873,0.009759508636422087,0.0790361717466862
PRSS1,0.009756756092062932,0.07912074664636809
CNTN2,0.009730118560497903,0.07994302204058994
RNF113B,0.009713623262927388,0.08045568871512643
ENSG00000238207,0.00968911017138419,0.08122247456727545
FCRL1,0.00965207044242,0.0823923439614895
EPX,0.00962245334774866,0.0833375722931502
ENSG00000256072,0.009581640534998099,0.08465448255418606
NKX6-1,0.009560853641534653,0.08533165710207895
ALX4,0.009531012029424184,0.08631145618940769
ENSG00000269667,0.009507937893867875,0.08707526924871731
PADI6,0.009450493087112183,0.08900055122707638
A3GALT2,0.009400389761537105,0.09070764776321211
CSNK1G2-AS1,0.00937250175277049,0.09166918448693116
ENSG00000234156,0.009369305703464075,0.09177990067078098
PTPRN2-AS1,0.009301439980313091,0.09415634165003388
NXPE4,0.00927901096591819,0.09495249324038771
PRKCG,0.009264692508469282,0.09546356264639089
FBXW7-AS1,0.009228689033676562,0.09675837204172619
MSLNL,0.009214413328627751,0.09727564863052146
AGXT2,0.00919777396865739,0.09788135906883806
CFAP20DC-AS1,0.009162157161145957,0.09918801930601785
FBXO40,0.009137641559802318,0.10009547430003864
PM20D1,0.00913097992240223,0.10034319787976091
LINC01795,0.009074043313020592,0.10248046702696421
LYZL4,0.009063970686579362,0.1028623134119691
MYL6B-AS1,0.009060351156107036,0.10299980337664445
ENSG00000236031,0.009045630381632273,0.1035604869158976
ENSG00000231188,0.008970013721518344,0.10647889933615402
MMP24OS,0.008965682499957685,0.10664801631276606
LINC01219,0.008935868717303062,0.10781790884380316
ENSG00000224789,0.008858738159510911,0.11089167879016973
CEP295NL,0.008845305320428385,0.1114340034364062
RSPO2,0.008803784307839983,0.11312357413596279
TRGV9,0.00877331965483797,0.11437602870796894
ENSG00000253557,0.008761807786122115,0.1148521329451544
LINC02086,0.008735587058363983,0.11594238107506753
TM4SF19,0.008716365582338152,0.11674675717137457
ENSG00000248187,0.008685604274464442,0.11804316127189916
IGLV3-27,0.008677184432527225,0.11839996835875857
ENSG00000277621,0.008660392443024348,0.11911408624261066
MPL,0.008647675991257245,0.11965712511920878
ANGPT4,0.00862580013098705,0.12059583945396385
ADAMTS5,0.008608719550885149,0.12133278284036307
CELA2A,0.00858699384190562,0.12227522467102121
ENSG00000277856,0.00857952236608232,0.12260064933416194
ENSG00000253628,0.00856083533822233,0.12341753680815347
ENSG00000235140,0.008527972852555157,0.12486439197013215
TAS2R46,0.008524530664180463,0.12501670515664076
ENSG00000261229,0.008509559507815043,0.12568084848946837
SEMA5A-AS1,0.008508539296821173,0.1257262064606001
LINC02331,0.008506959499740141,0.12579646845841802
ENSG00000224330,0.008497597304365659,0.12621348317393513
LIPN,0.00847975785591533,0.12701107437494932
IDI2,0.008472232937542179,0.12734868296204074
CMKLR1,0.008468084637521968,0.12753509646057273
CLEC4G,0.008464531133102004,0.1276949501622817
XIST,0.008459882547353486,0.12790430109315787
NPC1L1,0.008423241730782278,0.12956378957695053
TAC1,0.008412526458269454,0.130052237883328
COX4I2,0.008348845644852155,0.13298462392330085
CCL13,0.008298111751643366,0.1353572511566791
TRBC2,0.008285460467917368,0.13595396642317178
ENSG00000271893,0.008275885795013706,0.13640691777065245
KCNK9,0.008270318761433516,0.1366708137169684
ENSG00000263424,0.008210945280269864,0.13950987336346787
ENSG00000250615,0.008197488322529664,0.14015961049278136
INHBC,0.008148279790432476,0.14255535884205783
LINC02355,0.00813166649064143,0.14337124689088154
KLC2-AS2,0.008112554324776124,0.1443142809155911
PSTPIP1,0.00809034033761721,0.14541633123481815
ENSG00000278385,0.008084726188076164,0.14569587035750417
LINC02412,0.008061597920697295,0.1468518102432785
IGHV2-5,0.008033117111825815,0.14828488841646262
CD5L,0.007998731805484074,0.15002926934343075
PIWIL3,0.007997303786893029,0.15010205034836932
ENSG00000273618,0.007959898420436267,0.15201807204259668
LINC02507,0.007951874128292099,0.1524315169769335
SLC5A4,0.007939545379153572,0.15306841216625877
ENSG00000204684,0.007911477035602911,0.1545259520309188
LINC03025,0.007895468797015966,0.15536193992393196
PLPP7,0.007879403833800388,0.15620433715612772
IGKV3-15,0.007872513548285921,0.15656670243725251
ZNF679,0.007863236125986904,0.15705561555707132
ENSG00000268170,0.007849178764423368,0.15779863186820334
SEL1L2,0.007839225048872576,0.15832635385997498
GCSAML,0.007825721321788829,0.15904442362317564
NOTO,0.007790190854623154,0.16094555019493384
CEBPD,0.00779019009947363,0.1609455907823135
RAB3C,0.00778714346237314,0.16110940278342345
ENSG00000282740,0.007777053815263752,0.16165280348756703
ENSG00000264491,0.007742957068841705,0.16349940161448512
MSC,0.007724103409188982,0.1645272739653756
LINC01736,0.007696873800934083,0.16602036925557329
LINC01726,0.007680231269065968,0.16693794235545187
ENSG00000234504,0.007668244832899981,0.16760116249804666
F13A1,0.00764621958971831,0.16882499492591926
ARC,0.0076286860388254845,0.16980403026337104
SPP1,0.007620239290509874,0.1702771946617679
LINC01649,0.007608759443250298,0.170921848137308
ENSG00000250893,0.007598678237928596,0.1714894663827732
KIR3DL1,0.007588530580486406,0.17206225001705205
SPATA46,0.0075741309800505885,0.17287748917048373
SYT10,0.007554961877521082,0.17396723218762736
IGHV1-69,0.007544759816047025,0.17454929651342904
FCER2,0.007518086039568338,0.1760779999401134
S100Z,0.007514239763572999,0.1762992551888359
ENSG00000261063,0.0074504473857508096,0.17999916208744798
ARHGAP15,0.007440971328443774,0.18055365175707697
FGF13-AS1,0.0074391992904338,0.18065748286449784
SNX10,0.007430864785356335,0.18114643110123643
ENSG00000270760,0.007429850502682324,0.1812060015234077
MYREM,0.00741244201246086,0.1822306972443209
SPRN,0.007400319546442573,0.18294678176040496
ADAMTS16,0.007392474223360603,0.18341132202576016
ANKRD30A,0.007381452798210227,0.18406540219280138
ENSG00000259094,0.007370867871299727,0.18469520213332355
ENSG00000259607,0.007365211915848078,0.18503238277947676
ENSG00000273664,0.007364452138297006,0.18507771170701148
ENSG00000282142,0.007336234242111071,0.1867670368247259
IGKV1OR2-108,0.007315794971288618,0.18799777213930244
SLC18A2,0.007306701375243272,0.18854725567375827
ENSG00000223623,0.007296742734128601,0.1891503677263282
ENSG00000225886,0.007260491473215067,0.19135781576716654
GPBAR1,0.007257334349126622,0.19155095602454908
ZFHX4-AS1,0.007236628877387752,0.1928211893963227
SPX,0.007230913562632597,0.19317289847704178
ENSG00000262921,0.007220034349038444,0.19384368544171077
GRIN3A,0.007161304448846666,0.19749438413859105
OR2C1,0.007137565854937791,0.19898418640985563
CCL20,0.007122100229926149,0.19995919688140582
ENSG00000262115,0.007099096126878451,0.20141590779917112
ENOX1-AS2,0.007095973680099759,0.20161422852225228
ENSG00000223754,0.007083225511506602,0.20242539980315932
ENSG00000235782,0.007082288874090124,0.20248509207756674
LINC02515,0.007066835094498304,0.20347181971816597
LINC02196,0.007027049232953208,0.20602825347764264
ENSG00000267934,0.007022417088438457,0.20632740068275654
DCTN1-AS1,0.007019464944838737,0.20651821671950213
CDO1,0.0069741688653563085,0.20946207360192085
C10orf90,0.006949650975804687,0.2110681457606272
KCNK15-AS1,0.006903024741385284,0.21414698392675183
ENSG00000269729,0.006833695209176488,0.21878465210051343
ENSG00000249451,0.006825061240949421,0.21936721818723257
ENSG00000249175,0.006806325345849512,0.22063522730724544
IGHV3-64D,0.006776185162944438,0.22268606976617983
OVCH1-AS1,0.006771194887022384,0.22302693777300864
TBX22,0.006770241401562969,0.22309210943606897
ENSG00000251408,0.0067665241632276565,0.2233463164225161
LAMC3,0.006748418041258037,0.2245874840897216
XKR3,0.006746403482972302,0.22472588538331476
NDFIP2-AS1,0.00672685194347824,0.22607225350240584
ENSG00000230790,0.00669772751270904,0.22808849306954998
HEPN1,0.0066955676210798025,0.22823852764104258
PHACTR2-AS1,0.006668400434042683,0.23013167214493635
ALPK2,0.006625269461216306,0.23316014072704402
LINC01733,0.00658999710152362,0.23565773539294343
IGKV6-21,0.006548053394480924,0.23865228629358257
ENSG00000260569,0.0065429966014741185,0.23901511937637665
ENSG00000250623,0.006539611851648796,0.23925819795851233
FAP,0.00651373375155734,0.24112241806483375
SMCO3,0.006481968974561693,0.243424656894163
MMP2-AS1,0.006429476178804435,0.2472629848817984
ENSG00000269292,0.006407429483087468,0.2488876335924348
ENSG00000254578,0.00640324976907558,0.24919648169495434
LINC01310,0.006385659494229458,0.2504992008000674
PLA2G7,0.00636060296437878,0.2523630620311272
ENSG00000249776,0.006345954031087836,0.2534572078980293
RAG2,0.006305647829200086,0.2564847570507414
ENSG00000248100,0.006277707998196449,0.2585981026635449
ENSG00000278831,0.006273889657247305,0.25888785345060417
ULBP3,0.006268473353367242,0.25929924970042745
LINC01423,0.006266745218830411,0.25943060567208925
TIMD4,0.006262515330730675,0.2597523150201411
SLN,0.006251336463265834,0.26060386668586977
SLC1A3-AS1,0.0062378392447905474,0.2616345900420983
ENSG00000260188,0.006228416486650996,0.2623558326861473
RPS27L,0.006209997315299584,0.2637696472568148
RHAG,0.006201445003173026,0.26442788705120185
OR10AD1,0.006165143491860814,0.2672344789979577
PDZRN4,0.006149242505757447,0.2684702655819595
ENSG00000257202,0.006132332344272332,0.26978878310503424
TXNDC8,0.00612511116547318,0.27035318338997116
ENSG00000270937,0.006102762582047215,0.27210505390701517
PGR,0.006098250771460053,0.2724596682821909
CLDN5,0.006097659823528978,0.2725061383756385
TVP23A,0.006071190104845237,0.2745931882143152
ENSG00000275963,0.006065365764239902,0.2750538795616237
ENSG00000237768,0.006057076063433322,0.2757104843872818
SCN10A,0.006038975827566857,0.27714786917449
ENSG00000260681,0.006031883542881156,0.27771247485382583
ENSG00000267124,0.006030239308505063,0.27784348153676425
C5orf67,0.005986794662108223,0.2813202424147805
TNN,0.005940587573827791,0.28505034640930044
CD33,0.005914202463948767,0.28719524164185906
IGHV3-30,0.005912036604642167,0.28737179092546494
LINC00603,0.0058960965664834365,0.2886733904152611
ENSG00000275649,0.0058070733020197905,0.2960156610850236
UBE2Q1-AS1,0.005794341831748967,0.29707582670449395
LINC01606,0.005779736820833595,0.2982951272969099
GRM8,0.005775826577648419,0.29862214066860837
ENSG00000276523,0.005771715454486362,0.2989662116264761
ENSG00000253809,0.005760743636482381,0.2998857674612618
ENSG00000277693,0.005728992477028107,0.30255747081463835
CLEC4F,0.005727527078415606,0.3026811578846183
ADAM19,0.005727384945444546,0.302693156416438
LINC01099,0.0057205359348044445,0.30327170868010983
USP29,0.005718567301978498,0.30343813969176786
RHOA,0.005710513202712645,0.3041196766959816
ENSG00000228622,0.005693231839240675,0.30558545209070914
CYLD-AS2,0.005676325249424408,0.30702396626737055
KLRC2,0.005660650112041972,0.30836170118625794
CT55,0.0056379548583930066,0.3103053626083713
LDB2,0.00562229424155529,0.3116512711268191
ENSG00000253619,0.005608347500547618,0.31285312049143277
ZPBP,0.005589666986757083,0.31446767450002155
ENSG00000253376,0.005585109651502009,0.31486239410405187
ENSG00000272609,0.005571659670342035,0.3160292207272486
TRAV12-3,0.005567224607243505,0.316414597434733
EOMES,0.005556178200839814,0.3173757947865647
KCNQ1-AS1,0.005532784698412691,0.31941768142745613
CLVS2,0.005530402315478918,0.3196261073513986
THOC7-AS1,0.005522451109402494,0.32032237295024235
ENSG00000249588,0.00550122988010324,0.32218550930835305
ENSG00000254662,0.005492309260775027,0.3229708096223417
HHLA1,0.0054664721459868615,0.325252339295679
CD55,0.005445492943489886,0.32711258829904477
ENSG00000275358,0.005444148439766855,0.3272320420286807
RGR,0.005441266074960545,0.32748822393615296
PRKD3-DT,0.005437526001350822,0.32782083220190394
CD209,0.0054080471405351105,0.3304500842191116
ENSG00000267232,0.005401383213162519,0.3310463332817175
KCNIP4-IT1,0.005369077302479665,0.33394673260008023
ENSG00000270117,0.005319347767214421,0.3384433386444733
SLC1A6,0.005309184133459535,0.33936710898641087
LINC01416,0.00529493019545687,0.3406653678142437
LINC00559,0.005281279402353804,0.34191166988238564
NODAL,0.0052692737254603555,0.3430101822941336
GML,0.005207843226040387,0.3486662781209655
TBX20,0.00518147398429614,0.3511122488571591
ENSG00000203364,0.005160356470973498,0.3530788987073369
C7orf33,0.00513630139779697,0.3553275901822215
PTPN5,0.005129476156600739,0.35596726241566623
CTSG,0.005112896903246728,0.35752411766572256
GRPR,0.00510926685467487,0.35786556425095417
LINC02033,0.005057938656293679,0.3627155003399738
CYP7A1,0.005015386702317285,0.3667672258289456
ENSG00000234396,0.0049715610597660985,0.3709696016586962
IGLJ2,0.004965715446148792,0.3715323791257389
OR10H1,0.004961076132670157,0.3719793986073784
CHIT1,0.004956150355555818,0.3724543849975689
CHRD,0.004949651566232003,0.373081629681862
AGBL5-AS1,0.0049113444664926,0.37679219939049013
CXCR4,0.004889754581926184,0.37889347061150946
ADAMTS2,0.00482974518332775,0.38477175810842945
WDR64,0.004828196789579585,0.38492416703408305
PANDAR,0.00482682230295561,0.3850594891394996
LINC02965,0.004820794365977699,0.38565329996993625
LINC02327,0.004806451938454162,0.3870684167712243
GDPD4,0.004766291300969785,0.39104774382871976
APOBR,0.004764786417063487,0.391197336927812
THEM5,0.004764511430758963,0.3912246757163237
LINC00316,0.004754635899634498,0.39220725714395177
TPSB2,0.004712291079553974,0.39643736118245687
IGKV1-39,0.004707450708204431,0.39692264561695056
P2RX5,0.0047049258034550226,0.39717592889413944
ENSG00000232057,0.004698936582521896,0.3977771212881861
TBX5,0.004683356116604574,0.3993436411031295
IGHV3-43,0.004662004184160293,0.40149646498621727
ATP1A1,0.004658619804746237,0.4018383358843157
ENSG00000237798,0.004652972059543748,0.4024092279711413
ZNF536,0.004643976739155081,0.403319507075385
KIR3DL2,0.004643314089801618,0.4033866124427059
CAMK1G,0.004636746805642408,0.4040520315523315
C12orf50,0.004599523603377757,0.40783600749481785
VRTN,0.0045904388558651865,0.40876272583898876
ENSG00000278341,0.004575654862009015,0.4102734906760198
ENSG00000259627,0.004556535949242721,0.4122321496642035
ENSG00000247324,0.0045301860450228295,0.4149406624362818
TCF21,0.004526081419637958,0.41536352266189125
WNT8B,0.004514998497283717,0.41650656090402227
ENSG00000255843,0.004506857067499338,0.4173474091223096
ENSG00000258811,0.004494312883111678,0.4186449311274425
ENSG00000269321,0.004480556099878902,0.4200706054471367
ENSG00000248629,0.00444979695823723,0.4232686071614361
ENSG00000261821,0.004403960131615518,0.4280605699172576
PSMA8,0.0044004425827550014,0.42842960830417676
CDH10,0.0043998693626328845,0.42848976437146546
LINC00355,0.004396995937468841,0.4287913874164475
LINC00458,0.004352567293423305,0.43347074589330736
TRAV12-2,0.004345781134061512,0.4341880752911558
RNF182,0.004323899597260063,0.4365057238503476
ENSG00000226087,0.004305363556667518,0.43847458861909383
ENSG00000237414,0.004285686017390462,0.4405702760553397
ENSG00000235495,0.004285277132023214,0.44061388377607513
MLIP-AS1,0.00428210544720237,0.4409522287402575
CAMK2A,0.004236892633416226,0.44579154561912115
CST5,0.004231818220540926,0.4463365632672053
CLECL1P,0.004231802094116221,0.44633829593135765
ENSG00000267724,0.004230638256251197,0.4464633517459078
AMELY,0.004226770472358412,0.44687909313739427
ENSG00000269151,0.00420501466695804,0.4492216863923678
ENSG00000273341,0.00420447889373869,0.4492794644327692
ENSG00000234789,0.004190331043905421,0.45080669978242927
TNFRSF13B,0.004169977961377372,0.453008925732998
CEMP1,0.004126252670754136,0.4577605303345832
ENSG00000250597,0.004086247662459169,0.4621322469192488
NLRP9,0.004084116614756714,0.4623657780359316
ENSG00000248268,0.004064404468831584,0.46452905445915005
POU3F4,0.004061074963889117,0.4648950005157205
ENSG00000248964,0.004052159321816912,0.465875708188484
ADAMTS20,0.0040497818172643245,0.4661374241685654
MS4A4E,0.0040443306415085785,0.4667377982817237
IGHV4-39,0.003996402239377083,0.4720348981039817
CFAP298,0.003993728925022806,0.47233132793171184
ENSG00000255321,0.003993505571498396,0.47235609907450027
PP12613,0.003979617736394487,0.47389774149741826
ENSG00000272784,0.003968539728838642,0.4751294545391668
FFAR1,0.003949926626055635,0.47720291021798733
DPPA2,0.003941691073243732,0.47812190919617015
IGKV1D-33,0.003912279084979169,0.4814118531526207
COL5A2,0.003911374668076972,0.48151321361209387
SLC8A1-AS1,0.003887394715103934,0.4842049434216633
RUVBL2,0.0038740795822542994,0.4857030714485351
ENSG00000253821,0.0038654440961528036,0.48667601668553706
LLPH-DT,0.0038650482458230857,0.48672064168778384
ENSG00000269495,0.0038604318849866535,0.4872412165187966
ENSG00000275248,0.003855284998412024,0.48782197162295693
LINC01625,0.003851793333459382,0.4882161703500907
SLC38A8,0.003845332964968488,0.4889459797170461
NTN3,0.0038330629198522126,0.49033370831575296
TMEM119,0.0038269056517948627,0.4910308857912359
ENSG00000258807,0.0038064507761112407,0.49335077622532164
PROK2,0.003789905100960676,0.4952315899293491
NAV2-AS5,0.003787296720219673,0.49552844418196795
C1QTNF5,0.0037570363401435796,0.4989792468379247
KCNC2,0.003726076950362306,0.502522934069085
MX1-AS1,0.00371403191433638,0.5039052252548607
ENSG00000234162,0.003712572848932936,0.5040728040904116
ENSG00000225284,0.003711581794658703,0.504186646954264
CD180,0.0036953381260633666,0.5060544959114812
RIT2,0.003684981105335136,0.5072473409182731
MAST3-AS1,0.0036847295569434444,0.5072763307589244
HP,0.0036745000781713646,0.5084559697937232
NANOGP11,0.0036466147509823044,0.5116789288277375
ENSG00000227713,0.0036395858596043125,0.512493000548145
ENSG00000264449,0.0036360570953564222,0.5129019491775642
ENSG00000267448,0.0036065423364577812,0.5163290620277927
LINC00635,0.003603753835020926,0.5166534621938386
LINC03017,0.003598006218700834,0.5173224438706743
LINC01522,0.003574153394265046,0.520103527441059
TRIM58,0.0035736374331427063,0.5201637701996782
TBC1D3E,0.003572414142623507,0.5203066139305342
PRAME,0.0035712750825022993,0.5204396402470596
LINC00159,0.0035465159827995254,0.5233354821166647
IL2,0.003542252491306625,0.523834976280288
LINC03070,0.003534386259865294,0.524757194664098
ENSG00000282143,0.0035333829961940633,0.5248748746757574
LINC03066,0.003435226382792779,0.536453327574527
DDX24,0.00343238484848006,0.5367904160410065
ENSG00000237471,0.0034195426889456672,0.5383151962727819
ENSG00000226239,0.003406254051589048,0.5398952721434904
LINGO4,0.0033768826648745004,0.5433958704033004
GABRG1,0.003359083624686436,0.5455227144374177
WFDC11,0.0033588175366037667,0.5455545411557184
ENSG00000253722,0.0033294181711436477,0.5490766534574494
DBET,0.003320043555382841,0.5502021084564783
ENSG00000272498,0.0032924396802763776,0.5535226319682495
CABP5,0.003277263981184742,0.555352318799577
LINC02391,0.003260546520997377,0.5573713043974298
IDH2-DT,0.003250486475056056,0.5585879867391517
ASB5,0.0032452966041486963,0.5592161644406568
DNTT,0.0032339987746483924,0.5605848289682698
ENSG00000260111,0.00323098731313875,0.5609499231974906
DIRAS1,0.003205929401430678,0.563992271398355
ENSG00000268981,0.0031993520704689526,0.5647921575083059
ENSG00000271398,0.0031642495993772263,0.5690702607587439
SLC12A1,0.0031628935079600603,0.5692358440059071
CPA5,0.0031617838668727637,0.5693713519629326
ENSG00000262006,0.0031594063623201756,0.5696617416209492
GPR171,0.0030947542385426786,0.5775853446787762
BSN-DT,0.0030758964891548423,0.5799062387844478
UTS2B,0.003057409259789084,0.582185767429383
ENSG00000234826,0.0030367588534953387,0.5847369589098323
IGFBP7-AS1,0.003000596343622215,0.5892170234375605
TMEM100,0.002966342447211522,0.5934751808583826
HOXA9,0.0029657694339378232,0.5935465327356322
BRINP3,0.002951081661848568,0.5953767996658106
ENSG00000280241,0.0029491073854514722,0.5956230136296645
ENSG00000233633,0.0029011483737309916,0.601618237766878
ENSG00000236154,0.002860884252379651,0.6066724637531143
ENSG00000228137,0.002846838615508637,0.6084400211482774
ENSG00000269506,0.002844903193707545,0.608683761847511
ENSG00000262171,0.0028104697012441,0.6130274481253337
FCRL5,0.002779591633333541,0.6169342259670219
LINC00161,0.0027713919208367365,0.6179735068904467
CASC6,0.0027678257897308218,0.6184257386349221
ABRA,0.002713718740491006,0.6253048705890749
TM6SF2,0.0027118411302955135,0.6255441801039243
LEFTY2,0.0027103905966089116,0.6257290838959368
CD300LB,0.0027091706008450208,0.6258846185685913
NFE4,0.002642849209721334,0.634364689521492
ENSG00000249412,0.002638723037759004,0.6348938800189792
MEIOSIN,0.002573266361146424,0.643313651475706
A2M,0.002549294484549513,0.6464087520211836
RSPO3,0.0025292170724900078,0.649005743134599
RGS13,0.0025263759636891658,0.649373583235903
NLRP2B,0.0025007652640262365,0.6526932665022911
CNMD,0.002496212642168421,0.6532841047606093
ENSG00000260304,0.0024849244410850755,0.6547500224239591
KRT79,0.0024701918298782504,0.6566652440508837
ENSG00000243433,0.002454829172742089,0.6586647760068438
ENSG00000258820,0.002433884601170532,0.6613947578711765
ENSG00000254839,0.0024318899692282944,0.6616549802302576
LINC01801,0.002386502803724311,0.6675872453646468
ENSG00000250230,0.002377750256038574,0.6687336420869088
ENSG00000274294,0.002376160931881154,0.6689418925676667
LINC02112,0.0023470966021487054,0.6727546934911992
IGLV2-23,0.0023452356578042123,0.6729991094049854
TRPC4,0.0022955687166833286,0.6795350445149977
MMP9,0.0022824995019741657,0.681258926887996
ENSG00000233288,0.0022784262593695827,0.6817965450028652
ENSG00000259575,0.002272656662656817,0.6825583375689238
ENSG00000248747,0.0022586762766191727,0.6844055876287809
MPO,0.002258479851070301,0.6844315551264191
COQ4,0.0022580092384498363,0.6844937717283588
LINC00678,0.002245158949030509,0.6861934501511895
ENSG00000260810,0.0021824162560488526,0.6945149560364119
P2RY8,0.002181051575000698,0.6946963666048309
SLC14A2-AS1,0.0021576995147917187,0.6978033180643187
TBC1D3I,0.0021266755925659145,0.7019388371996925
CYLD-AS1,0.0021028982470266524,0.7051143736428163
ENSG00000268184,0.002096142394030486,0.7060175791759529
GFAP,0.0020911940956812717,0.7066793914777625
MEPE,0.002066298459156415,0.7100124250723316
FRMD4A-AS1,0.002064367277205053,0.7102712051423367
ENSG00000241884,0.0020481022972730478,0.7124520496851846
IFNG,0.002024850341923149,0.7155738070112816
FCGR3B,0.002016456526305974,0.7167019151323702
LINC02129,0.0020157719306206612,0.7167939504129344
MYB-AS1,0.0020047705506085925,0.7182735108719479
IGKV1D-13,0.0019884853701706605,0.7204656214321946
LINC02496,0.001976837383789433,0.722034941759929
ENSG00000254691,0.0019732916378928395,0.7225128888645251
ENSG00000234136,0.00196545366630173,0.7235697885185535
MS4A3,0.001965352029740216,0.7235834970175032
ENSG00000257386,0.001954903990377337,0.7249931761965347
ENSG00000248475,0.0019540470378131202,0.725108840118805
ENSG00000235480,0.0019427415863965812,0.7266353368079946
ENSG00000260467,0.0019232035852284068,0.7292759747394204
ENSG00000267437,0.0018976607834055082,0.732733029730848
NETO1,0.0018605811414593408,0.7377611685350352
IL2RA,0.0018563514049110095,0.7383354550063004
ENSG00000253660,0.0018384755498864053,0.7407641330933407
SMIM28,0.0018373261331861715,0.7409203857137866
OTOGL,0.0018362070039735353,0.7410725312963722
ENSG00000264151,0.0018306572986780346,0.7418271630487454
ENSG00000260620,0.0018239091627996074,0.742745088145313
RIPPLY1,0.0018184937946606299,0.7434819862615308
NOL4L-DT,0.0018025640548555613,0.7456509913574827
POTEC,0.001781072523049788,0.7485804886608403
HTR1E,0.0017775190051029757,0.7490652175827669
ENSG00000269652,0.0017691958922013598,0.7502009460769098
ENSG00000250977,0.001767875066890279,0.7503812288574986
SIRPD,0.0017663596933965746,0.7505880828022613
ENSG00000254400,0.001763923422030515,0.7509206802060653
ENSG00000232739,0.0017583611301589621,0.7516802122827833
SLAMF1,0.0017581286901534317,0.7517119572542427
ENSG00000253356,0.0017353647733769162,0.7548229153656307
ENSG00000261020,0.001709055469939803,0.7584233501015593
ENSG00000240687,0.0017006544272909134,0.7595741434348334
CLEC3B,0.0016997546815925389,0.7596974241966992
IGKV3D-20,0.0016855766962162548,0.7616408582460847
NFIA-AS2,0.001672296989608985,0.7634625263759505
ENSG00000254054,0.00166914894163936,0.7638945581395062
ENSG00000261448,0.0016422331091596083,0.7675914212781094
CCDC26,0.001625642746758452,0.7698727341610556
IFNG-AS1,0.0016205236362150338,0.7705770577277157
CRCT1,0.0016189898728652045,0.7707881206428991
MEP1A,0.0015765923081233458,0.7766291648282343
ENSG00000254287,0.001565652472747242,0.7781383951460817
IGHV3-66,0.0015589542569637578,0.779062876636736
LINC02208,0.0015337916833433292,0.782538574785343
SCGB2A2,0.001508222367398186,0.7860749082039021
ASTN1,0.0014960851358400448,0.7877550842491
ENSG00000228417,0.0014789261521992879,0.790132113730567
IGLV6-57,0.001469622033871957,0.7914218292028965
LINC01531,0.0014677356908777664,0.7916833794777528
ENSG00000229855,0.0014669014954627956,0.7917990520518251
ITIH1,0.0014630568640487465,0.7923322218499114
LINC01780,0.0014611145777075787,0.7926016131994761
ENSG00000248469,0.0014553780010083707,0.793397409691971
IGFN1,0.001454171945446893,0.7935647450253764
LINC02202,0.0013952157290134143,0.8017561256721519
RHO,0.0013668559730075798,0.8057042678296152
ENSG00000260545,0.0013631618647755124,0.806218915262035
KCNT1,0.0013571933485873027,0.8070506007806404
BFSP2-AS1,0.0013372871981002516,0.8098260043615593
ENSG00000275431,0.001317454666102703,0.8125935239840445
PI15,0.0013118982929969263,0.8133693064932045
SLC35F4,0.0013021532401047784,0.814730355581228
ENSG00000275197,0.0012752936995002208,0.8184845942893112
TRAV20,0.0012431412896069156,0.8229841050575024
ENSG00000275345,0.0012398921844599031,0.8234391217789356
MUSTN1,0.001228686613621699,0.8250088459048351
LINC01449,0.001181701048380661,0.8315983348829834
ENSG00000227061,0.0011735841178265752,0.8327379073199942
PIK3R6,0.0011678976850245223,0.8335364607952989
ENSG00000231868,0.0011578848935476077,0.8349429876656302
ENSG00000230536,0.001146386012760903,0.8365589212386644
NHS-AS1,0.0010672481858298292,0.8476984918163425
ENSG00000254639,0.001061955509815878,0.8484446101629524
LINC02252,0.001060910069976648,0.8485920038376791
SOX18,0.001038969010799698,0.851686626859889
UPK1A,0.0010333442649303577,0.8524803252524022
TRAV38-2DV8,0.0010279772161233538,0.8532377997477156
ENSG00000261573,0.001001758137657723,0.8569401429867131
CADM3-AS1,0.000991794750533642,0.8583478831402207
CHUK-DT,0.0009842633418546873,0.8594123050734249
CCDC39-AS1,0.0009602770860676016,0.8628040016180888
MORC1,0.0009491483090907568,0.8643784924151787
ENSG00000260650,0.0009415016405324324,0.8654606497685886
ENSG00000236326,0.0009017258011562159,0.8710937555607037
TRAV13-1,0.0009001400793600365,0.8713184650877484
ENSG00000266106,0.0008912443188282717,0.8725792579380718
ENSG00000250735,0.000884207649286899,0.8735767919822454
TRAV3,0.0008835401293554588,0.8736714315662991
TIFAB,0.0008413850937775421,0.879651690003195
COL15A1,0.0008360238305949345,0.8804127568696922
ITGAD,0.0008120555709042722,0.8838165513924785
ENSG00000253784,0.0008091301228605158,0.8842321500231956
SIT1,0.000795055305708971,0.8862321075000683
ENSG00000230684,0.0007833161358178476,0.887900736715937
LINC01659,0.0007451733972600141,0.8933258149383099
PTGES3,0.000743838162880501,0.8935158185630792
ENSG00000229495,0.000738804380387455,0.8942321798102766
ENSG00000235872,0.0006844491828928787,0.9019728828324474
ENSG00000257543,0.0006578816619991616,0.9057597936106243
TPTE,0.0006261485755050238,0.9102858019774873
LINC00702,0.0006063585826707398,0.9131098817517492
SRSF5,0.0005921858080777772,0.9151330474663197
LINC01798,0.0005847834356147882,0.9161899566986533
TRBV20-1,0.0005719149682063657,0.9180276654337598
ENSG00000250258,0.0005634629084405778,0.9192349186551545
FLJ40288,0.0005595697500124665,0.9197910622440885
PRG2,0.0005592858454659428,0.9198316199774925
GIMAP4,0.0005586176143105807,0.9199270822552301
PRSS57,0.000554197577586877,0.9205585495933521
OR52N1,0.0005500924641786708,0.9211450703715354
CCL2,0.0005488210233379912,0.9213267370319713
SLC39A5,0.0005370290087987866,0.9230118040308328
ANO2,0.0005087787568602987,0.9270501280223759
ENSG00000255146,0.00050129329240616,0.9281204813617705
RAB39B,0.0004962618982869384,0.9288399981748519
TBC1D10C,0.0004571413579067123,0.9344363885743928
WDFY4,0.00044919804139502775,0.9355731249132642
ENSG00000243243,0.0004254335804999364,0.9389747372725648
MBD3L1,0.0004242792433450859,0.9391399963759033
LILRB5,0.0004129177871495573,0.9407666824783019
ENSG00000275063,0.00039269682287925437,0.9436624431414281
ENSG00000259929,0.00036138266506162295,0.9481482699738699
ENSG00000229192,0.0003450353481943114,0.9504907237666893
ENSG00000260051,0.00032976194970319204,0.9526796797648636
IGKV3-11,0.00032491384583694413,0.9533745767265149
NKAIN1,0.00032198074624001176,0.9537950061670707
MSMP,0.0002883531292030929,0.9586160663151482
ENSG00000229679,0.00026151157835886766,0.9624653297121295
C4orf50,0.00025480311944842067,0.963427509135945
PPP1R3B-DT,0.0002465049021802606,0.9646177776192231
XCR1,0.0002462298081473421,0.9646572375504892
LINC00488,0.000219663722510475,0.9684683129595608
CD8A,0.00021427050947834782,0.9692420947387801
ENSG00000256658,0.0001679917015949852,0.975882980196701
AIRE,0.000154707769764105,0.9777895180338823
SPACA3,8.807981947312896e-05,0.9873537959107183
CD1A,6.0598128895581937e-05,0.991299332709496
ENSG00000276473,5.9140425745622696e-05,0.9915086214389132
LINC02566,3.178736250224762e-05,0.9954359112533817
NTSR1,2.9594835473837985e-05,0.9957507152836771
ENSG00000254533,1.743278273097688e-05,0.9974969590234954
ENSG00000258749,-6.2580321788461305e-06,0.9991014553672535
ENSG00000250945,-6.274611636835902e-06,0.9990990748463098
KCNMA1-AS3,-6.1259811702763e-05,0.9912043322512114
LINC01303,-6.457332424895178e-05,0.9907285998489885
ENSG00000225096,-6.919873694576743e-05,0.9900645189755943
ENSG00000283075,-7.695925492620245e-05,0.9889503397013812
IGLV7-43,-9.223696727426022e-05,0.9867569801926566
LINC02388,-9.706914708216753e-05,0.9860632636856301
ENSG00000260473,-0.00010355503596781929,0.9851321543575304
IGDCC4,-0.00011553679092977008,0.9834121168330019
LINC00254,-0.0001613731215069001,0.9768328761908645
UBXN7-AS1,-0.00018600882818128848,0.9732973465032021
ENSG00000233183,-0.0001926910785717793,0.9723384481691826
IGLV1-47,-0.00021581072542869523,0.9690211119713803
RAB5C-AS1,-0.000222031996919123,0.9681285382794542
ENSG00000278642,-0.0002232328990969476,0.9679562478871112
LINC03095,-0.0002567192683266427,0.9631526746455574
MOXD1,-0.0002593996184448168,0.9627682376223229
SHCBP1L,-0.00026043490428824263,0.9626197510468887
PCSK6-AS1,-0.0002706638585909993,0.9611527268285778
GZMA,-0.00027237707563998963,0.9609070320414007
ENSG00000261240,-0.0002759243818339294,0.9603983198636961
LINC01850,-0.0002912415496032508,0.9582019028205861
ENSG00000258515,-0.0003037060542415803,0.956414778971426
ENSG00000229672,-0.0003243423266489736,0.9534564970671308
ENSG00000268636,-0.00034091649167718326,0.9510809947787111
LINC03022,-0.0003544097152888945,0.94914739026546
CALHM5,-0.0003546015156345072,0.9491199070437849
CYTIP,-0.00035840756496987816,0.9485745478152243
ENSG00000273093,-0.0003652801752843881,0.9475898499787277
LINC-ROR,-0.00036793174289716213,0.9472099584572913
LINC00544,-0.0003690843244967292,0.947044831207206
ENSG00000236304,-0.00041825178549036645,0.9400029515638426
ENSG00000231724,-0.0004430928732933983,0.9364469005601186
ENSG00000234699,-0.00044390884680723536,0.936330113443316
LINC01702,-0.0004442744738057968,0.9362777831167177
TRAV1-2,-0.0004501711939040693,0.9354338538331191
LINC02906,-0.0004985090788349699,0.9285186318703273
PROZ,-0.0005151153922283604,0.9261441498784844
LINC00345,-0.000536974428640433,0.9230196042897556
CSNK1A1L,-0.0005474124769311961,0.9215279984724625
ENSG00000217455,-0.0005553080404316225,0.9203998988956412
IGLV3-21,-0.0005949830715636783,0.9147336937113643
LINC01046,-0.0006021731499664952,0.913707294912182
ENSG00000255240,-0.0006579665946823296,0.905747683920126
ENSG00000249892,-0.0006592771949379178,0.9055608214924319
BHLHE22,-0.0006621140429335761,0.9051563680250843
LINC01525,-0.0006630533867873919,0.9050224498474706
ENSG00000234961,-0.0006734652178971866,0.9035382619942599
LINC01744,-0.0006882441912060292,0.901432125696477
ENSG00000270574,-0.0006936681485456448,0.9006593363213805
ENSG00000223989,-0.0007002130125247305,0.8997269688968861
ENSG00000259390,-0.000716462459596622,0.8974127080595806
IGLV2-11,-0.0007193137241928951,0.8970067178043796
IGKV2D-28,-0.000727532003019871,0.8958366720861741
ENSG00000271803,-0.000740373512184168,0.8940088662409111
SLC22A2,-0.0007504967404273388,0.8925683650737064
NAMPT-AS1,-0.0007659626978909574,0.8903682974099666
LINC02092,-0.0007815389221707158,0.8881533969286817
ENSG00000226842,-0.0007946914607833783,0.8862838176151666
SEPTIN14P23,-0.0007967351487745523,0.8859933722980553
ENSG00000258690,-0.0008038989488580421,0.8849753868973846
FAM162B,-0.0008075088049818176,0.8844624934233168
ENSG00000273747,-0.0008160167650039433,0.8832538622929786
ENSG00000229728,-0.0008274923547968141,0.8816240839290064
TBX21,-0.0008413409391951743,0.8796579575859726
ENSG00000225798,-0.0008502550656192289,0.8783927830973113
ADCYAP1,-0.0008531819762904388,0.8779774366729408
ENSG00000257964,-0.0008894838907369284,0.8728288012315537
ENSG00000260855,-0.0008909837242388137,0.872616196808841
TMOD4,-0.0008996638838742299,0.8713859478452004
CLEC17A,-0.0009251464590257462,0.867776081231864
ENSG00000261393,-0.000951998095019577,0.8639752553463309
GFRA2,-0.0009610511861637217,0.8626945027264723
LRRN2,-0.0009613973952792915,0.8626455312125043
FOLR2,-0.0009977953736515035,0.8574999929172754
IGHA2,-0.0010078772650634004,0.8560757885868916
SLEAR,-0.0010101837434778591,0.8557500328237642
TRGV2,-0.0010173806995826711,0.8547337280780368
MEIOB,-0.001055618526093486,0.8493381250957802
ENSG00000269752,-0.0010594754662469595,0.8487942732696883
FCRL3,-0.0010715716650373684,0.8470891041770268
ASTL,-0.0010731067166976482,0.846872763015988
SLC6A5,-0.0010737404935624866,0.8467834455935832
IGHV3-20,-0.0010738739114903907,0.8467646434138716
SNAI1,-0.0010740289677125332,0.8467427919252669
IGLV2-18,-0.0011081034427140306,0.8419436919326206
PLCL2-AS1,-0.001170931270373847,0.8331104288644067
DCXR,-0.0011942449451646717,0.8298379376054289
ENSG00000257359,-0.0011994951395464097,0.8291013838070179
DLX2,-0.001199826668573905,0.8290548783801477
ENSG00000249713,-0.0012021257394022303,0.8287323913739231
OTOG,-0.0012043088000805715,0.8284262036385233
NLRP6,-0.0012376183016779962,0.8237576000659073
GNRH2,-0.0012395275112059415,0.823490195680354
ENSG00000223446,-0.0012421604135324756,0.8231214643125634
SVEP1,-0.0012497702927269892,0.8220559396277408
ENSG00000269972,-0.0012831765349145103,0.8173823510113383
OLIG2,-0.0012960371692294504,0.8155848465172134
ENSG00000257264,-0.0013008474449847551,0.8149127728840779
ABI3,-0.0013070977080643805,0.8140397131226631
SLC17A7,-0.0013470872477193902,0.8084593368809518
FLI1,-0.0013813031175401375,0.8036923631467618
DCDC2C,-0.0013822733090737168,0.8035573010159115
CNBD1,-0.001412096027395698,0.7994085058241603
IGLV1-40,-0.0014228813530723454,0.7979094886687518
LINC00399,-0.0014351211855558395,0.7962092168209645
ENSG00000248516,-0.0014546441085601437,0.7934992331698296
IGKV2-24,-0.0014691481115337978,0.7914875385434403
C5orf46,-0.0014996927975356566,0.7872555664173877
LINC01485,-0.0015149372195202657,0.7851457879949307
TRBV5-4,-0.0015161843319391349,0.7849732612842094
OR2K2,-0.0015431041774461726,0.7812517328479096
OR1K1,-0.0015496707893813619,0.7803446888600383
HNRNPDL,-0.001564925342618824,0.7782387378018354
ENSG00000260378,-0.0015949682580078941,0.7740959674262776
MPZ,-0.0016474672524271592,0.7668720996270979
ENSG00000256084,-0.0016496233209817549,0.7665758522371903
LINC02073,-0.0016599741623097152,0.7651541052786421
SHD,-0.0016976317446142902,0.7599883275661055
OC90,-0.0017150723466230584,0.7575994736888855
LINC00629,-0.001732947717609356,0.7551534692675241
ENSG00000249022,-0.001762956210345173,0.7510527358462044
VIM,-0.0018186166983560357,0.7434652594892647
ENSG00000255299,-0.0018357307026668917,0.74113728751641
EBF1,-0.0018447323735957765,0.7399137631643027
OTP,-0.001864639169989751,0.7372103330145091
LINC01864,-0.0018740854056036797,0.7359286271012213
ENSG00000230285,-0.0018775183664941286,0.7354630099980434
ENSG00000255931,-0.001893726185789528,0.7332660366743482
LCNL1,-0.0018981401971723225,0.7326680939333793
LINC01104,-0.0018991945321404572,0.7325252927472361
CALY,-0.0019173293563564445,0.7300705298727921
ENSG00000260695,-0.0019207264904219073,0.7296109941166016
KCNMB1,-0.001928597797729593,0.7285466031366834
ENSG00000267366,-0.0019295706615173212,0.7284150847248723
ENSG00000232072,-0.001942819556732098,0.7266248052886953
SCHLAP1,-0.0019488804455744324,0.7258063141240689
ICOS,-0.0019576971130209108,0.7246162286269205
ENSG00000237531,-0.0019616991122046405,0.7240762527257925
KCNS2,-0.00197303159057884,0.7225479460813198
MS4A12,-0.0019774770528571675,0.7219487294216281
FAM180A,-0.001978224927438215,0.7218479380042127
GABRA6,-0.0019819472326510442,0.7213463529941532
TRBV27,-0.0020044144311574174,0.7183214225768598
ZNF534,-0.0020212103168158664,0.7160629413182036
ENSG00000228005,-0.0020270315425731994,0.7152807605377043
MAFA-AS1,-0.0020312880233809534,0.7147090189660339
ENSG00000276188,-0.0020449410787874776,0.7128761865628728
ENSG00000266897,-0.002055867146952233,0.7114106268223894
ENSG00000230113,-0.0020805968221747156,0.7080974739705805
LINC02324,-0.002083680088050099,0.7076847796504916
ENSG00000228142,-0.0021091003137527127,0.7042855707825957
RIMBP3C,-0.0021650150832003084,0.6968294463294025
FAM180B,-0.002171304119663491,0.6959926289003879
ENSG00000260657,-0.0021739620637561885,0.6956390747684023
LRRTM4,-0.0021778184202874687,0.6951262279625217
LINC00334,-0.002198111812040393,0.6924297653829672
IGHV2-26,-0.0021983364279201654,0.6923999415123181
QRFPR,-0.0022262358254294457,0.6886992585446263
FYN,-0.002244818593652251,0.6862384898092769
ENSG00000233271,-0.002247244662866736,0.6859174693450243
ENSG00000231964,-0.00225990089226113,0.6842437016053975
IGKV1-33,-0.0022663955108577125,0.6833853989677412
SLC7A3,-0.002271408411928615,0.6827231937828651
ELFN1-AS1,-0.002271408411928615,0.6827231937828651
ENSG00000231393,-0.002274009322855325,0.6823797091146933
ENSG00000272791,-0.0022742728782446002,0.6823449068111596
ENSG00000247049,-0.0022810040000552,0.6814562960288078
ENSG00000258260,-0.0022985608020586247,0.6791406115326968
LINGO1,-0.002341133956275904,0.6735379476945959
ENSG00000268505,-0.002350357179505759,0.6723265335219417
GADL1,-0.002354628300199624,0.6717658356564971
ENSG00000228587,-0.0023676973463084222,0.6700513119054659
SLAMF6,-0.0023684155547881907,0.6699571400815478
TCP10L3,-0.002372650171496883,0.6694020007003495
ENSG00000256339,-0.0023756135618779317,0.6690136208164023
ENSG00000279182,-0.0023773232837948984,0.6687895861162241
ENSG00000272911,-0.002386369895492734,0.667604647712809
GFI1,-0.002388177520755788,0.6673679814970384
IBSP,-0.00242590232374055,0.6624363819227774
GTSF1,-0.002429714134732823,0.6619388891338331
ENSG00000255655,-0.002437902781716847,0.660870664877028
ENSG00000248223,-0.002448697819612097,0.6594634872627528
ENSG00000264622,-0.0024746850511748754,0.6560808908718258
NCR1,-0.0024953026655926943,0.6534022274075817
IGHV1-69D,-0.002502801714735476,0.6524290468581857
FASLG,-0.0025045384789029812,0.6522037445460762
SDS,-0.0025095125812280095,0.6515586531064349
PLA2G5,-0.002521870818773899,0.6499570423798686
CPSF4L,-0.0025278573402306988,0.6491817778316762
DSG1,-0.0025886549576057145,0.6413300232316732
ITIH3,-0.0025957136688597978,0.640420992631399
LINC02044,-0.0026126785486105153,0.6382384393298631
PTGDR2,-0.0026703740788167197,0.6308393565420274
ENSG00000273450,-0.0026730594176483393,0.6304958710755852
KRT36,-0.0026918102398340656,0.6280996553660783
LINC00858,-0.0026995784348167236,0.6271080830260926
SERPINB12,-0.002724917405334746,0.623878373179366
TRBV6-6,-0.0027255117814728932,0.6238027002724961
PROX2,-0.002751379250957795,0.6205132419938904
CTAGE15,-0.002768225404491785,0.6183750550977072
PMP2,-0.0027730618725246505,0.6177617850654572
ENSG00000272678,-0.002773428396923442,0.617715320176071
ENSG00000228427,-0.002789496212838028,0.6156798825602304
ISLR2,-0.0027933239987630075,0.6151954215016389
COL1A2,-0.0028006561576467974,0.6142679003719399
ENSG00000259276,-0.002815051231085149,0.6124487122601654
IGLV9-49,-0.00282364162985574,0.6113642302491196
HEPACAM,-0.0028338510496483996,0.610076464850841
TRBC1,-0.0028404956963833695,0.609238989815349
TNFRSF10A-AS1,-0.0028700642770740936,0.6055184553890364
ENSG00000267727,-0.002899916231866688,0.6017726225280166
ENSG00000226043,-0.002926553581697829,0.5984390098629779
ENSG00000229308,-0.0029373267271284227,0.5970931554539674
CLEC10A,-0.0029504088251706925,0.5954607045776579
ENSG00000260834,-0.002965221194638616,0.593614803421863
IER3-AS1,-0.003052676431059999,0.5827700109567787
ETNPPL,-0.0030612267886883475,0.5817147123962545
SIGLEC8,-0.0030630785516213396,0.5814862826327178
NKX6-3,-0.003066747421621826,0.5810338221045579
DSC1,-0.003105885800196299,0.5762173971108475
GDF10,-0.0031255269224457986,0.5738074527205574
ENSG00000242593,-0.003153252528441552,0.5704137021072462
GNG13,-0.003166790330277684,0.5687600910498494
ENSG00000261707,-0.0031957359183074447,0.5652321594003388
ENSG00000230928,-0.0032001969741490294,0.5646893760641868
ENSG00000272558,-0.003217387419888602,0.5626001368447747
USP26,-0.0032194383522730183,0.5623511263293679
ENSG00000278816,-0.003230652518740675,0.5609905190698754
NAV3,-0.003248503456010087,0.5588279692527705
ENSG00000277550,-0.0032491571591803667,0.5587488533703739
IGKV2D-40,-0.003265205314910335,0.5568082978475279
FAM151A,-0.0032873691258821476,0.5541336443195428
SLC7A14,-0.0033023011093224384,0.5523352552042868
DPM3,-0.0033427371811700596,0.5474796159379514
MS4A8,-0.00336166816298622,0.5452136264961644
LINC01630,-0.0033738422795131016,0.5437588798254673
GPR25,-0.0033817698229991868,0.5428126168650472
LINC02125,-0.003382133695424028,0.5427692033132273
LINC02390,-0.003391367055871737,0.5416681520536815
SEMA4A,-0.003407635692422961,0.5397308810752913
LINC00620,-0.0034249977133605997,0.5376672428269876
LINC02583,-0.0034303186107419955,0.5370355986930322
ADORA3,-0.0034609359104912384,0.5334082803317572
FNDC5,-0.0034739266409657492,0.531872982183467
IGLV10-54,-0.003483896462150962,0.5306962278816606
ENSG00000261728,-0.003486581107939837,0.5303795807152105
PRORY,-0.0034875115272239737,0.5302698625087343
ENSG00000250348,-0.00349895104633707,0.528921818288993
ENSG00000274515,-0.0035355752425269746,0.5246177478317748
ENSG00000233706,-0.003541348468921499,0.523940919447444
LINC01360,-0.0035858862919206625,0.5187345855279785
LILRA2,-0.0035870834428335394,0.518595012052344
CYP4F2,-0.003598400954749265,0.5172764850642675
ENSG00000256218,-0.003609939440396179,0.5159340028520791
ENSG00000253331,-0.003621653040978886,0.514572997312279
LDHAL6B,-0.0036353185113738883,0.5129875652161184
ENSG00000275516,-0.0036363338533644245,0.512869869537921
SLC35G3,-0.0036557593461915136,0.5106208317167804
SLC25A34-AS1,-0.0036615493001278536,0.5099514831428937
LINC03098,-0.0037068745226977945,0.504727558610121
SPINT3,-0.0037076437849745112,0.5046391419352582
ENSG00000248544,-0.003717170190351285,0.5035448827733011
FOXCUT,-0.003725463647157454,0.5025932684144032
TM4SF20,-0.0037672629585680556,0.497811607433877
ENSG00000236308,-0.00379241694944669,0.4949458116101372
NOVA2,-0.003809259863238581,0.49303183622056257
ENSG00000259821,-0.0038110871221360663,0.492824430995505
IGHJ6,-0.0038167863711107155,0.49217783132790016
ENSG00000253629,-0.0038217401222792008,0.49161618084276515
STAB1,-0.0038221062089357927,0.49157468802414284
ENSG00000260701,-0.0038221357563540384,0.49157133915679685
ANTXRL,-0.0038459108018799168,0.48888067920760914
ENSG00000278484,-0.0038598502368764063,0.48730682876212694
ENSG00000274718,-0.0038665831956283124,0.4865476160515224
ENSG00000229209,-0.003874440856510971,0.48566239025464353
LIPJ,-0.0038829545392678193,0.4847042431376969
TRPM2,-0.003883177924655084,0.4846791166904276
KIF4B,-0.0038842953814891713,0.48455343544755913
MS4A10,-0.0038947407676638694,0.48337948931719366
ASCL1,-0.003915961027455543,0.48099932774543697
TRPA1,-0.00391676353703986,0.4809094400031535
SHOX,-0.003917123751863914,0.480869095924337
TECRL,-0.003918052449910388,0.480765090198229
CDC42EP3-AS1,-0.003929344899139004,0.4795014195380948
MSC-AS1,-0.003954086642650328,0.4767390649271154
ABCG5,-0.003962556210999733,0.47579546456569044
ENSG00000258943,-0.004004609230765155,0.4711255085316136
CRYBA4,-0.004009351679566758,0.4706004543942548
STYXL2,-0.004013600577766474,0.47013031756160906
LINC01102,-0.0040200630103569765,0.4694157527498104
IQSEC3,-0.004034013593257647,0.4678752566465255
ENSG00000250126,-0.004038488670639532,0.46738168922328893
IL23R,-0.00404187078371813,0.46700885913583223
ENSG00000183562,-0.004059081636583145,0.4651141639211557
NUTM2A,-0.00406186821103811,0.46480780013609946
SALRNA1,-0.004081774916112487,0.46262246927026673
IGHV2-70,-0.004084785661969882,0.46229245332734026
DBX2,-0.0040907937707964645,0.46163428116769023
SMARCA5-AS1,-0.004110976703999567,0.45942713117113554
ENSG00000212930,-0.004116351944736784,0.4588403077635209
LINC02274,-0.004129042133594424,0.45745656800754586
GZMB,-0.004158156772271137,0.45429077460553846
CD96,-0.00416437432941606,0.4536163094839307
ADH1A,-0.004187327050305531,0.45113135344087696
TMEM114,-0.004199549690936391,0.44981122976070287
ITK,-0.004214862623279077,0.448160429088606
FUT7,-0.0042211663623284434,0.4474818597750432
GAP43,-0.004223924309334616,0.4471851628819148
LINC01977,-0.004225524374142291,0.44701308096924053
ENSG00000256195,-0.004238374927144158,0.4456324113405481
PCDH15,-0.004253637323264096,0.4439957731548726
ENSG00000250603,-0.004254683553996617,0.4438837081294843
BARX1,-0.004256231628603482,0.44371791868032073
ALX1,-0.004294831789868696,0.43959552412031
TCEA1,-0.004295225360798466,0.43955360532428156
ENSG00000273972,-0.004302122406368364,0.4388193813025384
CFHR1,-0.004317089823851109,0.4372284531048918
ENSG00000270094,-0.0043248390303490414,0.4364060747679862
ENSG00000267646,-0.00432775685118725,0.43609665450365365
LINC01363,-0.004330672694046743,0.4357875703662204
ENSG00000268108,-0.004330921730607838,0.4357611779378793
LIPF,-0.0043439980056470704,0.43437667418751
ENSG00000226375,-0.00435588552841001,0.4331202422598234
ENSG00000267044,-0.004383122233668752,0.43024944435465395
LINC01447,-0.004383821206902917,0.43017591698119506
NPPB,-0.004401652491047326,0.4283026517037052
ENSG00000260235,-0.0044174580327267735,0.426646175996802
TMIGD2,-0.004442093150571839,0.4240717913748344
TRBV16,-0.004475949508315696,0.4205486430212665
SEZ6L,-0.0045244103898207785,0.4155357457436921
SMIM32,-0.004526819455010546,0.41528747118252873
ENSG00000277482,-0.004552017504030759,0.41269585563539113
ENSG00000273267,-0.00455587872194192,0.412299578488315
ELAVL4,-0.004560967970994569,0.41177761315387984
ABCC11,-0.004576248544746838,0.4102127588253176
ENSG00000225606,-0.004580987075835993,0.4097282137335171
LINC01366,-0.004603467948582811,0.4074340422117164
ENSG00000230163,-0.004615148617973608,0.40624506006629535
ZNF454-DT,-0.004639148494218798,0.403808608309595
LINC01979,-0.004645324173904612,0.4031830752846183
TCL1A,-0.0046546350739828084,0.4022410746768631
ARL6IP5,-0.004659482553551951,0.40175116928948496
PLSCR5,-0.00465974968197489,0.4017241826507493
LINC01215,-0.004678385636199168,0.3998441721627868
ENSG00000260122,-0.004697511813336985,0.3979202190021799
KCNE2,-0.004715120746507561,0.3961538312736169
LINC01566,-0.004716077468127068,0.39605799639083084
ENSG00000260137,-0.004722341893491096,0.39543083441215876
CBR4-DT,-0.004731121764289132,0.394552849679485
ENSG00000256314,-0.004740950366143876,0.39357139224222104
CETP,-0.004745633653679864,0.3931042524068601
LINC00870,-0.0047917439361526825,0.3885228880233258
ENSG00000228079,-0.004803864140524336,0.3873240825336899
TSTD1,-0.004836735645074969,0.3840841440113142
CD2,-0.004840965301215365,0.38366846086115447
ENSG00000233535,-0.004849930958924479,0.38278824292266456
KIRREL3,-0.004860475474235043,0.38175460305536846
ENSG00000278254,-0.004861220076223203,0.3816816772571485
HOXD9,-0.004893573703976564,0.3785212441781437
LINC01634,-0.0048966184180333034,0.3782246558843074
TAF1L,-0.004930011631289953,0.37498119263686935
GIMAP6,-0.004938067511039115,0.37420131079354535
MEX3B,-0.004942345893890375,0.37378753290762523
ENSG00000274029,-0.004951579918703403,0.37289544236348116
LINC01623,-0.004952951452365363,0.3727630523412855
ENSG00000261335,-0.004958262221114394,0.37225069449431325
HNRNPU,-0.0049639783867878665,0.37169971385496803
CD79B,-0.0049788389748295185,0.3702696714239664
EPC1-AS2,-0.004996796375781364,0.36854618745385115
TRAV4,-0.005003755518990198,0.3678796192836884
GLYATL1B,-0.005025961586787481,0.36575767765110445
RYR2,-0.005028805677237528,0.3654864582420929
HOXA5,-0.00504113017060786,0.3643126158727784
PREX1,-0.005059435950323633,0.3625734428017362
SLITRK2,-0.005069755805357256,0.3615952821830388
PRRT4,-0.005184897474371512,0.3507940783082555
ENSG00000262213,-0.005187148054206988,0.3505850146881533
SALL3,-0.005188606497953903,0.350449577339467
HOXD-AS2,-0.005193079247685175,0.3500344255410537
ENSG00000273287,-0.005227587681837413,0.3468419177714579
ENSG00000248571,-0.005233779084453072,0.34627109439146586
ENSG00000274560,-0.005274452776506609,0.3425360258391894
ENSG00000261195,-0.005281017989841829,0.3419355649795017
XPNPEP2,-0.005299559134866907,0.34024341235161937
IGLV3-25,-0.005299815876414528,0.3402200186340536
HCP5B,-0.005302824976770116,0.3399459129551451
TDRG1,-0.005304417692435264,0.33980088623380267
ARHGAP44-AS1,-0.005313635138761754,0.33896235927977136
ENSG00000270096,-0.005329854666137998,0.3374900676686987
ENSG00000260177,-0.005336893569977837,0.3368524073931728
ENSG00000273447,-0.005339204852176181,0.3366431954430096
ENSG00000230534,-0.005343314214110713,0.3362714318763369
IGHV1-3,-0.005352208881059484,0.3354676588918405
LINC01965,-0.0053724534119187015,0.333642863592175
LACRT,-0.005389007631656428,0.33215547241577914
CES5A,-0.0053997412007153935,0.3311933576927205
ENSG00000267387,-0.005414390358668387,0.32988317637860365
ENSG00000257000,-0.005422179012149405,0.32918794860021416
ENSG00000228933,-0.005436067421314584,0.3279506044863417
ENSG00000227407,-0.00544256024427032,0.32737318327075315
ENSG00000267255,-0.005449522576281861,0.32675474131215665
SRL,-0.005458692768910924,0.3259413408613321
IGHA1,-0.005480943091333934,0.3239732032627156
MS4A1,-0.005499063640930633,0.32237609312308113
IGLV7-46,-0.005508606235884305,0.3215370955326904
ENSG00000255893,-0.005519023689514957,0.3206228084168717
KHDC3L,-0.005557086556028507,0.31729668256864096
LINC00861,-0.005581751309233009,0.3151534749105572
ATP13A5-AS1,-0.005588621638926808,0.3145581853270535
ENSG00000273387,-0.005590147423071457,0.3144260819481454
DCX,-0.005601631529802631,0.3134329512353915
RFX8,-0.0056252904428653605,0.3113934735855844
LINC02179,-0.005637804897398688,0.31031823236960093
IGKV1-5,-0.005638335680944491,0.3102726817245314
HAPLN1,-0.005648215430911263,0.3094256296576027
DNPH1,-0.0056569700295581015,0.30867632174562265
TRAV27,-0.005692688258751259,0.3056316335237377
ELOVL2,-0.00570571373814176,0.30452628989224945
NCF2,-0.005735746721634177,0.3019878129445556
ENSG00000253141,-0.005747823006096242,0.30097107042769805
IGSF21,-0.005792251224074218,0.29725015660976833
HS3ST2,-0.005795185270800493,0.2970055140463175
GZMK,-0.005807580821069196,0.2959734518803575
MIR7-3HG,-0.0058173923517228455,0.29515824092016446
MLC1,-0.005818603161438077,0.295057742691089
ENSG00000215692,-0.005836506725601167,0.29357440720658584
PIRT,-0.005840346655017948,0.293256916322977
TRBV6-5,-0.005870689435034315,0.29075623695224595
ENSG00000249574,-0.005873001255891622,0.29056629962634567
ENSG00000272361,-0.005876870626230289,0.29024858211622845
FCER1A,-0.005877509548585861,0.2901961421198393
ENSG00000224000,-0.0059554359735238885,0.2838480677177438
CLDN10-AS1,-0.005972675688391132,0.2824564765534993
ENSG00000258711,-0.005994202968354953,0.2807252963409761
LINC00398,-0.005997137146764542,0.2804898947863293
SCML4,-0.0060092377582712155,0.27952051075502315
TRBV4-2,-0.006023110595912237,0.27841195835857435
ACOT12,-0.0060331745482095295,0.27760964167457103
DLK1,-0.0060644208119288705,0.27512867273412833
ENSG00000275236,-0.006091864665145206,0.2729621368713107
HTR3C,-0.006106542407856031,0.2718082145752585
POU4F1,-0.006133144722590659,0.26972533902418133
ENSG00000228222,-0.006155582848581072,0.2679770396336596
KLHL10,-0.0061677273780257605,0.2670340355694078
ENSG00000231985,-0.006175423410635872,0.2664376331321888
LINC01537,-0.006177054015692301,0.2663113874957329
ENSG00000226097,-0.006228861498095023,0.26232173947717113
ADGRG3,-0.006229599043771132,0.2622652413795659
ENSG00000226957,-0.006231137330340285,0.2621474312989532
VPS13A-AS1,-0.006238271414903131,0.2616015435057574
PTPRN2,-0.006239699146133303,0.26149239040290234
HCRTR2,-0.006246780618165115,0.26095146206490033
LINC02908,-0.006285493956848699,0.25800796997270437
ENSG00000260484,-0.00628572085294001,0.25799078651613694
IKZF1,-0.006310662057827596,0.25610675785733533
PRR13,-0.00632096116386642,0.2553315706545321
ENSG00000260612,-0.00634778561659969,0.2533202242517527
CD82-AS1,-0.006385667216278944,0.2504986278711496
TXNDC2,-0.0063917370677372244,0.25004856492105043
ENSG00000253348,-0.006488613855248214,0.24294177799525998
MYO7B,-0.006546852596754515,0.23873841026418685
ENSG00000232969,-0.006579446661217794,0.23640846441027533
ABCB1,-0.006579799949996074,0.23638329839730673
TMEM229A,-0.006587736188959984,0.2358184711147154
SAMMSON,-0.006602261380835564,0.2347871781304017
TGFB3-AS1,-0.0066670199988020885,0.2302281649402287
GPR61,-0.006674985004921008,0.2296718045904404
ATP6V0D2,-0.006679760785817889,0.22933867249125375
ENSG00000231252,-0.006709757168704328,0.22725415112510933
LINC01967,-0.006719817870918925,0.226558042616562
PPP3R2,-0.00673726611461889,0.22535439276318814
LINC03079,-0.006738105612270492,0.22529659620463746
LINC02476,-0.006780759318466958,0.22237395316501407
ENSG00000267356,-0.006785605790464271,0.2220435969740102
ENSG00000248491,-0.0068080383842252954,0.22051907434762283
OBP2A,-0.006849144742801455,0.21774498914911697
ENSG00000261066,-0.00684986819618782,0.21769639218347342
CLC,-0.006849915310285989,0.2176932276305314
PCDHA5,-0.00685012069836744,0.21767943253988395
CDK5R2,-0.006856813336455017,0.21723025884128494
ACSBG2,-0.0068610810134519485,0.2169441837244195
ENSG00000271141,-0.006870301175322341,0.2163270543166935
ENSG00000235122,-0.006887406875194206,0.21518547421150447
SIRPG-AS1,-0.00689433572552227,0.21472430210537785
SELE,-0.006918053226500222,0.2131511008872289
ZIC1,-0.006924228385245976,0.21274286609243784
ENSG00000275479,-0.00693374905306945,0.2121145690998954
ENSG00000180458,-0.006942544038373136,0.2115353542757255
CGA,-0.006949538763144551,0.21107551679362863
KCNB2,-0.006957264385493332,0.21056847025042505
PDZRN3,-0.006966842420997408,0.2099410707145782
ENSG00000235749,-0.006971899898283711,0.209610332193994
CRYGD,-0.007058231458913834,0.2040226785640474
FAM225B,-0.007060146943622968,0.20389994338363104
C19orf84,-0.007077275052187906,0.2028048430269292
LIN37,-0.007078534078780891,0.2027245154360158
FOXS1,-0.007083589886511801,0.20240218150410272
LINC02432,-0.007086408221191424,0.20222266026410798
BRINP2,-0.0071813174053756545,0.1962447529414781
JPH4,-0.007181844598189066,0.19621191292436405
DNM1P35,-0.007195876232521372,0.1953393301797715
SCRG1,-0.007201263830988976,0.19500504958378043
ENSG00000278765,-0.007237909333370323,0.19274245724439235
LINC03013,-0.007245533464484302,0.19227415684313948
KTN1,-0.007271807808877784,0.19066670468153268
LRFN5,-0.007289411437666848,0.18959527133793155
ENSG00000261670,-0.007314870222786005,0.1880535963414342
HTN3,-0.007337136929987076,0.18671281970741718
LY6L,-0.007396160924072263,0.1831929149728831
ENSG00000261447,-0.007408433698306696,0.1824672414331733
ENSG00000268906,-0.007415648033123653,0.18204166285837373
ENSG00000269482,-0.007441751078509268,0.18050797698877313
LINC01653,-0.0074713728532138845,0.1787791961441877
ENSG00000273090,-0.007503148441438779,0.17693843879843743
LINC00681,-0.0075197497117662875,0.1759823621320205
LINC01346,-0.007534553637939381,0.17513304928109114
ENSG00000225588,-0.007543737680211205,0.17460769307732954
CPLX2,-0.007557190271718463,0.17384028742200838
ZNF32-AS1,-0.007612778133963579,0.17069597002097994
CDH19,-0.007635758381017322,0.16940861514538771
LINC02574,-0.007645554897229808,0.1688620325076006
ENSG00000261113,-0.007653324469877636,0.16842948190468654
APOF,-0.0076557735496357695,0.16829330833234585
ENSG00000249655,-0.007664648711499638,0.1678005245084158
ENSG00000226994,-0.007670831791018877,0.1674578566046178
LINC02333,-0.007672440943706111,0.1673687631976148
ENSG00000260176,-0.007680180242011673,0.166940761541242
LINC00927,-0.007710951968550629,0.16524714628717654
ENSG00000278936,-0.00775604839010735,0.16278853544062755
LINC01419,-0.007775730980523805,0.16172415021666692
ENSG00000228573,-0.007821512552980947,0.15926873070833486
ACSM2A,-0.007842296333598094,0.1581633793985096
FLT4,-0.007896643643388771,0.15530047018185272
ZC3H12D,-0.007945769329556452,0.1527466343891769
ENSG00000231193,-0.007977529081743023,0.15111266632474163
GAGE10,-0.007991735608755773,0.150386097688026
UNC80,-0.00800158789494401,0.14988378541699002
ENSG00000275898,-0.00801441565390749,0.14923168973881784
LINC02943,-0.008048150098578937,0.14752714328626737
ENSG00000273680,-0.008187134568128088,0.14066109939038424
ENSG00000260756,-0.008249233716342078,0.13767388780424744
CD300LD-AS1,-0.008259992740688607,0.13716134431335839
ZNF835,-0.008260067390998464,0.1371577932347195
LINC01812,-0.008268446342698087,0.13675966108132318
KRT85,-0.008268676495707583,0.13674873778482557
SCPPPQ1,-0.00830999410697442,0.13479864787281004
GJD3,-0.008326080845134183,0.1340452326541662
ENSG00000234173,-0.008329333341528957,0.1338932999882007
CD3E,-0.00833371598929245,0.13368878568865503
ENSG00000272936,-0.008343166669017032,0.13324859647366213
ENSG00000258985,-0.00834474379151427,0.13317524736133066
CXXC5-AS1,-0.00837970553734679,0.13155725245513256
ENSG00000260786,-0.00838223085019169,0.1314409760894833
LINC02093,-0.008390510754151585,0.13106029212576398
TMEM150B,-0.008399508479919522,0.1306475749102143
CREB3L3,-0.00840872004565435,0.13022609418180958
LINC01497,-0.008410763698319588,0.13013272879607246
ENSG00000261653,-0.008423699272319342,0.12954296461469225
CLEC4M,-0.008429044159238803,0.12929988503768933
LINC01148,-0.008465996523696251,0.1276290109825264
ENSG00000271811,-0.008470066226605432,0.1274460226897263
ENSG00000253604,-0.008481270335263039,0.12694330050453834
ENSG00000266401,-0.008485258194691448,0.12676474032547472
ENSG00000279851,-0.008515392160600172,0.12542177699346557
ENSG00000276651,-0.00851551258542597,0.1254164324195424
EMILIN3,-0.008540850597922822,0.12429584827677229
ENSG00000272024,-0.008541371228253894,0.12427290534458633
TXNDC11-AS1,-0.008562020252097213,0.12336561345040575
MIR548XHG,-0.008605724251380295,0.12146237758309175
PCK1,-0.008657417248956464,0.11924096448592189
ENSG00000275450,-0.008664011059715836,0.11895991163112304
ENSG00000271964,-0.008736896665565224,0.11588773580523112
ENSG00000272416,-0.008750650216477921,0.11531507070346957
LINC00968,-0.008753143133317995,0.11521151021614724
XKR7,-0.008756045708471407,0.1150910239205376
ENSG00000272855,-0.008768068139286296,0.11459302620777188
ENSG00000273464,-0.008786504919628239,0.11383262658624849
BFSP2,-0.008803972685373213,0.11311586336261605
ENSG00000260447,-0.008805136507977476,0.11306823431448466
TRBV7-6,-0.008814089851186082,0.11270234996946546
LINC01781,-0.008864021961962072,0.11067892747655624
IL7R,-0.008920513572278618,0.1084243961528466
ENSG00000258976,-0.008937034604623707,0.10777196932904418
SIM2,-0.00895388393393841,0.1071097833160207
ENSG00000250379,-0.008955072759166176,0.1070631839675251
ENSG00000231713,-0.008973435858407468,0.10634542888954086
TRAV21,-0.009028090658598402,0.10423170234001711
FAM167B,-0.009044428047328072,0.10360638826393717
HPSE2,-0.009044758675432123,0.1035937643096744
TRGV3,-0.00907378140694758,0.10249038140725779
LINC02418,-0.009087111674099655,0.10198673604398284
ENSG00000237718,-0.00909563900451554,0.1016655901311936
KLRC4,-0.009162770347437347,0.09916540640027137
LINC01993,-0.009187494020292286,0.09825707591684739
TUBA3D,-0.009204459284473438,0.09763763726797366
AQP2,-0.009211741574044129,0.09737270412522646
BLK,-0.00927284515555779,0.09517230045971524
IGSF22-AS1,-0.00928651720599336,0.09468544969121322
ENSG00000230848,-0.009318841754816192,0.09354233381064418
ADAM11,-0.00932286672193896,0.09340077439331868
CRABP1,-0.009344140285138188,0.0926554286598611
TUSC7,-0.009351157104357808,0.09241063558850167
MYBPC1,-0.009381173236421516,0.09136933120025614
HBG1,-0.009402733317415863,0.0906272163484403
CA7,-0.009406664389650701,0.09049242981089638
ENSG00000267943,-0.00947393641368447,0.08821073826665904
ENSG00000279070,-0.009499110281564959,0.08736892479641475
ENSG00000228739,-0.009537184848601213,0.08610804013394016
LPAR4,-0.00954112115773281,0.08597852727738318
GNAO1,-0.009542660794024318,0.0859279128395031
ENSG00000269288,-0.009545785766468787,0.08582525563379445
ENSG00000272682,-0.00954643249306174,0.08580402266205515
SALL1,-0.00955148044609812,0.08563843687766308
LINC02091,-0.009566111670066867,0.08515995393715899
IGKV3OR2-268,-0.009597688690728065,0.08413466099238248
SSPOP,-0.009651983524185809,0.08239510518319927
IGLC7,-0.009681910470497842,0.08144880949402841
ENSG00000255351,-0.009687971823269175,0.0812582264767771
TRGV8,-0.009700329812706247,0.08087078375936085
FNDC1-AS1,-0.00974974254881038,0.0793365780821932
LINC01882,-0.009801030092926306,0.07776927792542612
TRBV18,-0.010005138672869026,0.07177992603612494
ENSG00000253852,-0.010038663873568847,0.07083327538246235
LGALS1,-0.010058021459788704,0.07029135361609226
BPIFB3,-0.01006420675521079,0.07011891310909951
ENSG00000266744,-0.010066740416666468,0.07004837718582219
CCL8,-0.01007009310962831,0.06995512933342357
DNPEP-AS1,-0.010070415264225337,0.06994617467235192
PLA2G2C,-0.010071055190553914,0.06992838996739065
LINC01829,-0.01008407334267682,0.06956739707957059
MGAM2,-0.010093845556119165,0.0692974204942823
DENND5B-AS1,-0.01015063511654405,0.06774547805893082
GUCY1A2,-0.010162440784614394,0.0674264694820009
ENSG00000272329,-0.010186968999764907,0.06676762802626938
SARDH,-0.010197122757390188,0.06649644819874388
CMC4,-0.010203707507644228,0.06632107242642571
CHGA,-0.010281176987359072,0.06428624592506361
ENSG00000253519,-0.01036721748199707,0.062086981828303814
CHRNA1,-0.010407184241579626,0.0610867778669402
FCAR,-0.010514416446820853,0.05846896193703545
ERP29,-0.010535013250050773,0.05797696235498807
GRK7,-0.010579593729121949,0.056923835928223046
CHRNB2,-0.010599743414476588,0.05645308795063665
ENSG00000254038,-0.010600223733657637,0.0564419061329708
ENSG00000232719,-0.010630979546344838,0.05572974056315204
ENSG00000267139,-0.010639836890513711,0.055526038273369514
CERS1,-0.010655801963866328,0.05516043846666164
ENSG00000255237,-0.010680853446429918,0.05459080595592122
HTN1,-0.010689484479869409,0.05439568934156436
BCL6B,-0.01070550661561542,0.054035028854518455
ENSG00000264304,-0.010759075645450861,0.05284364344128812
SPACA4,-0.010819435941979682,0.05152760190625471
ENSG00000275527,-0.010842637958510816,0.051029077593473166
FCN2,-0.010883493835117079,0.050161055914166634
HOXB-AS3,-0.010906977090899089,0.04966775709467217
ENSG00000254606,-0.010912424949082336,0.049553900419508676
TEX36,-0.010917943405865802,0.04943879155315647
TEX11,-0.010925543911926966,0.049280620735825745
RAMP3,-0.010969308982269072,0.048378084322879975
INSIG1-DT,-0.010971879162365552,0.04832551572310619
EMCN,-0.011019104989023615,0.047368101094515294
ENSG00000227716,-0.011048292368006201,0.04678439496262314
PSPC1-AS2,-0.01106272224803736,0.04649806093798342
ENSG00000204876,-0.011064289584997833,0.04646704906100464
IGKV1-12,-0.011110562069832448,0.045559299465401985
BRINP1,-0.011143060740028887,0.044930728885191916
ENSG00000258745,-0.011154800561018767,0.04470546932721757
ENSG00000253171,-0.01116086854569408,0.044589412881520116
CLCNKB,-0.011161922190144719,0.04456928676869948
FAM9C,-0.011167624981857523,0.0444604882527021
ENSG00000233179,-0.011168855668838178,0.04443703848555989
S100B,-0.011199706491434536,0.04385260128871014
ENSG00000273659,-0.011211326490709364,0.04363416133605449
CRYBB3,-0.011218349633457884,0.043502582038849914
SIRPG,-0.011297641557789331,0.04204014997509862
PTGER3,-0.011360350063645197,0.04091323526425418
ENSG00000261076,-0.011370668458035742,0.040730281195023935
RPEL1,-0.01137876735201621,0.040587166931328696
NEUROD1,-0.011406265881605867,0.040104421487533334
KCNA2,-0.01142690215100253,0.039745351826541146
PPP1R13B-DT,-0.011461629583224305,0.03914725534194391
ENSG00000258793,-0.011472211472977103,0.038966533974640206
ENSG00000229047,-0.01148063938116833,0.038823106496116463
TMEM145,-0.011489609524577447,0.038670944127166276
DDX25,-0.011506666172795225,0.03838300638636971
FOSB,-0.011583106068104325,0.037114887072759124
ARMS2,-0.011620087423094998,0.03651429052587518
ENSG00000214803,-0.011654344045510922,0.03596535290768966
ENSG00000273198,-0.011676603510239268,0.03561244537060394
FENDRR,-0.011685794569543384,0.03546759184781972
SPAG11A,-0.011696927006479976,0.03529281515149197
KLF17,-0.011743680173357078,0.034566804180602706
PPIAL4G,-0.011744816615446038,0.03454931684146381
DPT,-0.01188277128722134,0.03248189016605615
F2RL2,-0.01191372253600705,0.03203288494845226
RGS1,-0.011922306006760128,0.03190931199731726
CSN3,-0.011969309709818963,0.031239839714058262
CTCFL,-0.011980632850297034,0.03108037781355487
XACT,-0.012017091462357892,0.030571674288907575
ENSG00000244491,-0.012032128750482367,0.030363952682356195
LINC02354,-0.012090215519321901,0.029572904267122897
S1PR1,-0.012096600078353911,0.029487047688196093
ENSG00000273454,-0.012116662648211134,0.029218649554291896
ENSG00000272130,-0.012157018666669041,0.028685126286683505
PRB2,-0.012173191963926038,0.02847367519139612
LINC00896,-0.012177235319710213,0.028421022271853502
CCKBR,-0.012188578297272677,0.028273760521857753
MT-ND4L,-0.012216604331445105,0.02791272478839027
TAGAP,-0.012226592057950523,0.02778502538487044
LINC01361,-0.012266627289098452,0.027278193366568674
FER1L6-AS1,-0.012295929118955396,0.026912316852525837
NOD2,-0.01230454094227118,0.026805594361237858
AHSP,-0.012305505532349251,0.026793663414537816
CXCR3,-0.012315817558801305,0.026666400959506877
ENSG00000255438,-0.01233274327941795,0.026458649358509338
PRB1,-0.012363242359994928,0.02608782263318721
NEFH,-0.012432353638713579,0.02526411220189395
ENSG00000253500,-0.012484839976462112,0.02465367764680252
SLC2A5,-0.012510124091847942,0.024364202772150085
GNB3,-0.012589234861402438,0.023477419242653595
ZNF217-AS1,-0.012642333784316081,0.02289804376712255
ZNF479,-0.012672024787975932,0.022579523507237655
HLA-DRA,-0.012681467595673391,0.02247903296630543
ENSG00000234640,-0.012711205088689299,0.022165101664373008
PIP,-0.012714585929870499,0.02212965349685704
ENSG00000268603,-0.012720667597649513,0.02206601123571515
ENSG00000271868,-0.012723930021975274,0.022031936900141373
CDH20,-0.012724136456001464,0.022029782344003268
COMP,-0.01277569199901646,0.021497402166596666
CIDEC,-0.012787377160821586,0.02137830614292938
ST18,-0.012836482293022453,0.020884081694331494
ENSG00000267026,-0.012855276820263717,0.020697573717547855
SLC25A19,-0.012859799642013904,0.02065290874007425
LINC02533,-0.012863653860025285,0.020614912878748167
ENSG00000266088,-0.012877065120638782,0.020483175875228226
KRT9,-0.012920768361545092,0.020058965957208432
ENSG00000273367,-0.012969490629307873,0.019595095808007962
GPR84-AS1,-0.012979315247343297,0.01950270207771314
ENSG00000250696,-0.013021327388098788,0.019111886972711798
SLC36A2,-0.013083366845892614,0.018547291129834022
ENSG00000226022,-0.013086325770232375,0.01852073166023298
CA10,-0.013122195549616425,0.018201400105087806
ENSG00000272264,-0.013165489335495311,0.017822405068133537
FCAMR,-0.013172184678416155,0.017764415414389615
ENSG00000224478,-0.01330526893183811,0.016645563155424557
LINC01567,-0.013308267407227943,0.016621084064742657
LINC01010,-0.013349507254351117,0.01628760155979162
DRP2,-0.013384794014590772,0.016006940230598083
LINC01506,-0.013406297015076571,0.01583800385053704
SLC14A1,-0.013417198547330032,0.01575295743337114
LINC00942,-0.01344691658691027,0.015523154001758294
NAA38,-0.01355536583576131,0.014709371396512284
PTPN22,-0.013568023702856064,0.014616883734714333
ENSG00000273442,-0.013577268415456681,0.01454965938946407
OR2AE1,-0.013629343025516055,0.014176059293878098
ENSG00000261693,-0.01367800394989181,0.013834626691152813
ENSG00000267038,-0.013685507058272877,0.013782631847222313
SOST,-0.013691103412910759,0.013743962803254559
DPY30,-0.013717111846332076,0.013565507283061874
SLC6A11,-0.013788765234093453,0.013084406090389675
IGHE,-0.013801720474020248,0.012999050111439507
SLITRK4,-0.013811582142579115,0.01293440673686297
LHFPL4,-0.013816572673155596,0.012901802236475659
THTPA,-0.01384599881191261,0.012711027504504443
TCF23,-0.013893746811216844,0.012406778284988578
ENSG00000273474,-0.013910531639648784,0.012301368052806894
ENSG00000253854,-0.013961112007397487,0.011988500619383832
IL17REL,-0.013978939207116552,0.011879922668884418
ENSG00000260633,-0.014038801426606627,0.011521679555786127
ENSG00000255491,-0.014050077577308025,0.011455281211138191
TENM3,-0.014095627616384531,0.011190508869455999
ENSG00000275441,-0.014271062614408612,0.010220814073337445
SCGB1D2,-0.014275484334869862,0.010197371103158359
ENSG00000260377,-0.014367631066124861,0.009719601135187094
CABP4,-0.01437700989568928,0.009672109680142017
LINC00102,-0.014412692575407114,0.009493308749525588
LINC01553,-0.014426498903148165,0.009424921952989192
SAMD14,-0.014464380279975762,0.009239535736425856
TMEM26-AS1,-0.014608425370658677,0.008563958473894668
ANO1-AS1,-0.014646806157700866,0.008391567173198182
ENSG00000233542,-0.014678105705286954,0.008253286753784606
ENSG00000261117,-0.01476552228232469,0.007877818922979658
ENSG00000233423,-0.014779827903972042,0.00781785241013628
ENSG00000253865,-0.014798389597612155,0.0077406548854287785
TDO2,-0.014804062671571392,0.007717197408386033
GJA5,-0.014959379721273404,0.007099231565158407
TBX18,-0.014961477259547004,0.007091199108826181
ENSG00000254249,-0.01501385007484108,0.006893266263017181
COL5A3,-0.01505095947887669,0.006756037746705269
ENSG00000273965,-0.015053565334621176,0.0067464943287021
ENSG00000273348,-0.015101149735476894,0.006574343662981178
ITGA8,-0.015147394741357099,0.006410834125077268
BOLL,-0.015155088022635795,0.0063839906119465386
ENSG00000250920,-0.015178137568177735,0.006304170159012859
ENSG00000276241,-0.015206903749308099,0.006205813627852161
EPHA3,-0.015207832111436304,0.006202662538203814
SMR3B,-0.015276802474094804,0.0059725505571603405
ENSG00000273261,-0.015308760920291185,0.005868556084190967
ENSG00000229229,-0.015373801307069966,0.005661936934623408
FOXF1,-0.015391340713018384,0.005607353010823979
CACNA1I,-0.015433442674598764,0.005478261090910691
PHF21B,-0.015439935844920804,0.00545859242758099
ENSG00000271208,-0.015440604198087432,0.0054565715208511585
MFAP4,-0.015492720649113377,0.0053010506498601525
ENSG00000240915,-0.01560870097375145,0.004969228315922942
THEMIS,-0.01561467038559451,0.004952669287541541
ENSG00000274767,-0.015637801364849425,0.004888974696522655
ENSG00000248605,-0.015649240104464005,0.004857751053200064
PRH2,-0.015694603118365926,0.004735694875373645
CSMD3,-0.015727261457006408,0.004649548464179282
PIK3CG,-0.015740760279964027,0.004614357496544647
ROPN1,-0.01582613983088603,0.004397307800028305
ABCB11,-0.015830411766665678,0.004386694915986197
ENSG00000269068,-0.015840118363003676,0.0043626668144334324
CYP19A1,-0.01597148535374103,0.004049003401689969
ENSG00000260626,-0.015973786124826018,0.00404369708579877
ENSG00000250493,-0.01598998004958381,0.004006526915250409
RAET1E-AS1-1,-0.016069459801870186,0.003828553820414657
ENSG00000257431,-0.016138815026428617,0.0036791535171370603
ENSG00000268707,-0.016154342146134017,0.00364644082851558
ENSG00000203593,-0.016231612036804427,0.003487547015488989
ROR2,-0.01631275946807087,0.0033274852343424376
ROBO2,-0.0163481201427098,0.0032598533574448862
TEX101,-0.016379519268134447,0.003200850728429195
NES,-0.016384733769305725,0.0031911468389552037
RPL3L,-0.016399133991352264,0.0031644879343326916
MRPL33,-0.016408983856696546,0.003146370112043091
ENSG00000236347,-0.016412795510574212,0.003139384375423847
AP1AR-DT,-0.016475228465637554,0.0030269559394745476
ADAM7-AS1,-0.01650143783155406,0.00298086261692303
FGF23,-0.01653025379329274,0.002930924912988769
TRPM8,-0.016582025794636836,0.002843118547944337
ENSG00000272707,-0.016586917098555892,0.002834948221890791
ZNF683,-0.016629079878401815,0.0027654042566398643
TBXA2R,-0.016685643943859744,0.002674553675650475
PCDHB12,-0.016726082125866182,0.002611284822168089
ENSG00000272836,-0.016727919947180182,0.0026084421731272056
ENSG00000248965,-0.016801424805044415,0.0024970415863849607
REG4,-0.01680824082391247,0.0024869352380813975
TNFRSF4,-0.01685792763548176,0.0024143861418575202
TMEM221,-0.01690837499881273,0.002342712997309212
ATP1A4,-0.016914012648990236,0.002334825516257695
FBXO43,-0.01694686461955709,0.0022893449509981427
UPK3B,-0.01701286362849341,0.0022004188599471955
ENSG00000273295,-0.01704441789229714,0.00215903168234097
ENSG00000233928,-0.017045375956277052,0.0021577863038108876
TRHDE,-0.017049627150786912,0.002152268155823689
ENSG00000260894,-0.017104820366343157,0.0020817908927772935
EMX2,-0.017108559566206296,0.002077093659297784
TMPRSS11B,-0.017113028335083602,0.002071492683957743
LINC02267,-0.017199488029606247,0.0019658185412903544
SEC11A,-0.017210469431982234,0.0019527568056309905
ATP6V1G3,-0.017225356360359025,0.0019351768793166673
JPH2,-0.017238300725537944,0.0019200091515584462
ARSI,-0.017285337448530176,0.001865807702511926
IL1RL1,-0.017364166350413032,0.0017781136867675794
ENSG00000259869,-0.017423510627037047,0.0017146129786371745
HOXB7,-0.01749021293270685,0.0016457324504087982
COL6A2,-0.017499086983433332,0.0016367630197762675
CTAGE4,-0.01750391241467033,0.0016319046261079476
RIPPLY3,-0.017680979021859364,0.0014625451926917016
ENSG00000261000,-0.017707990235195224,0.0014381823177395006
SOX10,-0.017777637926914766,0.0013770787252307473
ENSG00000250240,-0.017788493119723584,0.0013677737799314567
DLX6-AS1,-0.017796428404170082,0.0013610084734728303
PRADX,-0.017932906575543393,0.0012493787891585007
ADGRB3,-0.01811666625398697,0.0011124066521255873
ASCL3,-0.01812757122146271,0.001104731777885016
PTPRN,-0.01817800468624626,0.0010698696421505072
GARIN4,-0.018235404602762975,0.001031431577264701
ECSCR,-0.01823642897087945,0.0010307573608107803
GRAP,-0.01825676278386742,0.0010174582061388473
PTH2R,-0.018283743488124338,0.001000056825328088
DHRS2,-0.018300330462465736,0.0009894961268574255
IGFBP5,-0.018337828051757796,0.0009660013486935147
TFRC,-0.018505660438494942,0.0008670393990547942
ACKR1,-0.01851161963700984,0.0008637048078132181
ENSG00000267666,-0.01860436953732704,0.0008133140360996812
ENSG00000234793,-0.018614334715516528,0.0008080654155658242
ENSG00000261158,-0.01862981807592919,0.000799972708521611
ENSG00000249094,-0.01866636901896473,0.0007811659881712802
PTPRS-AS1,-0.018682282609544975,0.000773106835322024
SPNS3,-0.018694801654361288,0.0007668211075681692
IL4I1,-0.018726579844130217,0.0007510779425800824
NPY2R,-0.018772690421057333,0.000728767489093349
HBA1,-0.018833678794621334,0.0007002034549424531
GIMAP5,-0.018841087410789693,0.000696805384199997
SGCA,-0.018995481889081994,0.0006293853547651735
SCGN,-0.019096558516833825,0.0005885898116377659
ENSG00000272991,-0.01913205991668005,0.0005748550736162344
ENSG00000279571,-0.01919164811038407,0.0005524705087245101
ENSG00000275759,-0.019199722261720686,0.0005495006563805018
DOK6,-0.019236337712423793,0.0005362183735875318
ENSG00000259828,-0.019391034182318672,0.0004833362679955306
LRRC32,-0.01943380980742636,0.00046959633934115416
LINC01980,-0.01943633219464747,0.00046879761172736886
VCAM1,-0.019482285970554417,0.000454466145815459
ARPC2,-0.019557045705861958,0.0004320215859154209
BPI,-0.019581020869012446,0.00042504573251111864
ENSG00000249426,-0.019600543615852905,0.00041944320045663103
COL6A1,-0.019608503139527805,0.0004171788702852157
SCG2,-0.01963699346943486,0.0004091671419024432
ENSG00000235078,-0.01965179353182948,0.00040506217677051867
PCDH11X,-0.01971745455767874,0.000387310012319687
RAB40AL,-0.019748626037383425,0.00037913941778998963
C8G,-0.019894052076943933,0.0003431057262215572
HIGD1B,-0.019963469732035385,0.00032705896454851736
YWHAE,-0.01996816111534545,0.00032600023226332875
ENSG00000250049,-0.02007909490472846,0.0003018805015147826
CHL1-AS1,-0.02017146006459696,0.0002830837699947079
LINC01871,-0.02027177591138907,0.00026391422337980957
ENSG00000255118,-0.020406560493143364,0.00024006896327229696
CTNNA1,-0.02044157905805004,0.0002342130935573912
DDT,-0.020460015792149126,0.0002311841907716449
ONECUT3,-0.02047689883946828,0.0002284428162907004
ZBP1,-0.02047866235106449,0.0002281582337286932
SEMA6B,-0.02060026992228912,0.0002093173374605526
LINC01299,-0.020605708492730444,0.000208509858652862
GFRA1,-0.020608799275241896,0.00020805226673652292
GP2,-0.02066275333162389,0.0002002147128565748
FMNL1,-0.0207436264466843,0.00018898460545627426
ARF1,-0.020785417717702905,0.00018341611042874207
CA4,-0.020820909605623033,0.00017880847328503071
KLK7,-0.020835168823329368,0.0001769881368122446
CCL19,-0.02086774446850311,0.00017289468663597243
ENSG00000278158,-0.020911698770954116,0.0001675123783192602
LINC01098,-0.020957169660301138,0.00016211048109648638
ENSG00000272588,-0.021020884062937815,0.00015481648473823482
PNLIPRP1,-0.02102555356504647,0.00015429425477623017
STAP1,-0.02107014085133526,0.0001493905015344909
TRAPPC12-AS1,-0.02123434185006692,0.00013256764742885588
RET,-0.021240543242273976,0.0001319686943400779
MCOLN2,-0.021245950266964214,0.00013144854586185538
IER2,-0.021247276180860045,0.0001313212899950585
TBX10,-0.02131127942022686,0.0001253147382115519
TTC12-DT,-0.021328211664010513,0.00012376955500863023
SAMD3,-0.021388752471868003,0.00011839043923742198
TRMT112,-0.02152369803285147,0.00010718315754270288
PCAT5,-0.021555397325080994,0.00010469974808359866
TRABD-AS1,-0.021567178665390305,0.00010379068413342399
RHOB,-0.0215784364849522,0.00010292897964481612
GLI1,-0.021589776678320592,0.00010206779931855944
ENSG00000268472,-0.02162847553623828,9.917990931779221e-05
ITGA4,-0.021641371864502844,9.823478395411517e-05
AGMO,-0.021681631160519157,9.533873212562403e-05
OLFM4,-0.021723262407112375,9.242888861992843e-05
IGHG3,-0.021730251685390063,9.194866765673789e-05
TIPARP-AS1,-0.021803223080847926,8.707368829765082e-05
ADGRL4,-0.021808059603387317,8.675936001843206e-05
SPINK8,-0.021827752045478193,8.549057212815216e-05
ENSG00000257002,-0.021861036839630147,8.338580011237123e-05
PDE3B,-0.021945577205960007,7.825785295371226e-05
NPFFR2,-0.02198329188748805,7.606768980031378e-05
LINC00520,-0.02198408992501343,7.602197850715697e-05
CAST,-0.022124521136987742,6.83702901278075e-05
ANKS4B,-0.022127072187335305,6.823827555420323e-05
ENSG00000273355,-0.022218780283838297,6.364950546690298e-05
LINC00426,-0.022230070788546486,6.310519817532732e-05
ENSG00000253154,-0.02240900787036584,5.5045700112966555e-05
PLEK,-0.022427271567129037,5.4280311595880326e-05
ENSG00000259523,-0.02256359945359531,4.887750981456728e-05
GDF15,-0.022579602457077422,4.827782694035711e-05
ENSG00000260975,-0.022603391752530948,4.739924377681736e-05
ENSG00000274220,-0.02266839315736877,4.5075268369684905e-05
LCN15,-0.022926574660039063,3.6868667238452946e-05
TMC5,-0.022976624969923694,3.54514185494006e-05
CACNB2,-0.022981584055005718,3.531384668194946e-05
ENSG00000248514,-0.02298835771026534,3.512675506481741e-05
GPR35,-0.023085114631134225,3.255493176952476e-05
ASIC4,-0.023102239307052626,3.211880227569343e-05
TMEM272,-0.023110470791799027,3.191114445862372e-05
ENSG00000167046,-0.02322236297383478,2.921193601773499e-05
CD93,-0.023240482643950656,2.879578591589126e-05
UBE2D3,-0.02324435159698474,2.8707661673940233e-05
CPNE5,-0.02325420570117295,2.848436845232303e-05
ESM1,-0.023268346492583736,2.816682200564194e-05
CTSL,-0.02335917205200599,2.6206070987962033e-05
IGFL2,-0.02339997318362656,2.5368151744357268e-05
PNRC1,-0.023712897602985176,1.9737954675149793e-05
NME2,-0.02378703375019078,1.8590373967966267e-05
PSORS1C2,-0.02398404172225653,1.5841577576132588e-05
AQP4-AS1,-0.02402580738400235,1.5310849667608418e-05
SPINK7,-0.024147226905305245,1.3862513817578858e-05
PHLDA1-AS1,-0.024288628969094856,1.2340450914904318e-05
FARP1-AS1,-0.024433575806603866,1.0946449978890602e-05
FAM209B,-0.024434585564242824,1.0937287934582087e-05
LPO,-0.024625228716658277,9.332647197836633e-06
SALRNA2,-0.024882402598812484,7.520980305817129e-06
TULP1,-0.0248855917539574,7.5007812817350344e-06
BMP6,-0.02493514520497839,7.193513703197089e-06
TIE1,-0.025008323241518377,6.761677854280008e-06
HSPD1,-0.025043461389268964,6.5632427965381945e-06
ICMT-DT,-0.02506597796003398,6.439027338014186e-06
CD8B,-0.02509124384500212,6.30232310250042e-06
CRNN,-0.02509285944729151,6.293676807696609e-06
ENSG00000231703,-0.02525448559409691,5.4837625652255915e-06
ENSG00000273312,-0.025257852730982563,5.468000366132284e-06
SYNE2,-0.02528249666227684,5.3539507613857e-06
HBB,-0.0252925395346681,5.308129578943383e-06
ADGRB3-DT,-0.025296791551403693,5.2888428512588005e-06
RASAL2-AS1,-0.02530758838096147,5.240170512438666e-06
RIPOR3-AS1,-0.02540635801499748,4.814381749196058e-06
PDGFRA,-0.025439615052309697,4.678623139879051e-06
CD300LF,-0.02553702674418816,4.301755163251134e-06
FOXI1,-0.02554342928334173,4.278031479835288e-06
BNC2,-0.02575270191435386,3.5680893391370277e-06
ALDH1L1-AS2,-0.025986676672989855,2.9081803484467906e-06
BEST3,-0.026159201359440328,2.498369140211553e-06
LINC02109,-0.026212043236214674,2.3843590592943404e-06
PRDX6,-0.026280666890917258,2.2437360452044716e-06
FAM25A,-0.026311373075075563,2.183424634695617e-06
EPHA5,-0.026377488868539103,2.058803887799592e-06
CHRM1,-0.026493639699617037,1.856232729912113e-06
MYO1A,-0.026567367598813948,1.7377373376820948e-06
ENSG00000267582,-0.026616569702417853,1.6627411697757855e-06
ARSF,-0.026651915700512487,1.6107957114142145e-06
NDUFA3,-0.02676734285359991,1.451803941436686e-06
TBXAS1,-0.027033782676444643,1.1403460836661335e-06
CTRC,-0.027153880907960896,1.0219973920555456e-06
KMO,-0.027182026180453144,9.960228311020442e-07
ZMAT4,-0.02732939869195776,8.700626840856834e-07
ENSG00000272021,-0.02743687726235787,7.880258559945507e-07
ENSG00000261177,-0.02762521655700488,6.619001154206366e-07
PABPC3,-0.02787509158138191,5.242628197351016e-07
GABRA1,-0.027927886044408684,4.989408264361561e-07
ITGA2B,-0.028271264162967158,3.6081425847256106e-07
TAX1BP1,-0.028363010893332565,3.306742306401759e-07
C4orf3,-0.02838241636946492,3.2461820374911324e-07
ROBO4,-0.02845035932262076,3.042470153562748e-07
ENO1,-0.0286507722691553,2.5109295725225e-07
SMIM22,-0.028719182963713414,2.350949172495355e-07
GLYCTK,-0.02894543534381796,1.8889858546817523e-07
SDK1-AS1,-0.029056282552030976,1.6959893238121144e-07
LINC02303,-0.0290948091436654,1.6334874224930904e-07
KIF20A,-0.029131624850417807,1.5758456778969862e-07
ZNF578,-0.029203004435169166,1.469639984196967e-07
CRIP1,-0.02921461915793639,1.4530266415101222e-07
LINC01750,-0.029297007396153582,1.3402864627772538e-07
GPR4,-0.02929909896467971,1.3375374748108838e-07
KIF21B,-0.029764067694638834,8.444925299991333e-08
OXER1,-0.030144233440685293,5.7691290465298435e-08
SMR3A,-0.03015119468094818,5.7287725376285134e-08
DAZAP2,-0.030176680740299163,5.58334282970995e-08
NCF4,-0.030198683636719018,5.460671841008332e-08
CRISPLD2,-0.030248352691749095,5.1932822554346174e-08
YBX3,-0.030685280102045697,3.327964034629854e-08
ENSG00000269318,-0.030750920827917853,3.1111289637030394e-08
ACVRL1,-0.030870510946995635,2.7507840861743583e-08
RBFOX3,-0.030894390260463808,2.6838485610543325e-08
GRIN1,-0.03092147245184693,2.6098471773678697e-08
KCNMA1,-0.03109459876275548,2.181484201065154e-08
COA3,-0.0311748808610502,2.0068081444061814e-08
MMP2,-0.03133983173137061,1.6894885782193137e-08
SLFN12L,-0.03135929781913299,1.655423791949653e-08
ENSG00000261216,-0.03142411267947275,1.5467408704965253e-08
ZBTB8B,-0.03159365670654015,1.294195598135419e-08
NLRX1,-0.03161538370248557,1.2648829551923482e-08
ENSG00000271781,-0.031626100128839894,1.2506636077726849e-08
VCAN,-0.03211656099000884,7.425790317609202e-09
GLRA3,-0.03248889227353754,4.97354054915575e-09
TRAPPC1,-0.032830199889732924,3.4309783623963987e-09
FBXL22,-0.03284312278156843,3.3828378389158563e-09
LMOD3,-0.032864794637921954,3.30357772020878e-09
ANKRD62,-0.032933684945241556,3.0634492278330845e-09
CALCA,-0.03308750939355953,2.586988594294405e-09
PRR19,-0.03324551017042566,2.172930890684019e-09
CD3D,-0.033255900871673766,2.1480894651781575e-09
CREG2,-0.03339704824343849,1.836845638961582e-09
NPY2R-AS1,-0.033435108178937405,1.7607397880772776e-09
SERP1,-0.033687474030179056,1.3284151634306695e-09
CDH5,-0.033696730847193296,1.3147067915477665e-09
ERVMER34-1,-0.0337498013256053,1.2387362931238275e-09
DPYS,-0.033888099814181956,1.06030988059502e-09
TGM5,-0.03448136462418111,5.403630664299639e-10
GRP,-0.03449017779226008,5.349339938447116e-10
RABAC1,-0.0345435852923071,5.031546984141411e-10
SLC5A12,-0.03467976164201085,4.302324751823831e-10
GALNT4,-0.034917898039147466,3.267209632404255e-10
SLC13A5,-0.03502411805836979,2.8880868751242043e-10
MEGF10,-0.0350810902243762,2.7028068608231896e-10
NID1,-0.0351309627417029,2.5501829348350964e-10
TOX2,-0.03518003534133673,2.4082358870303815e-10
MT1H,-0.03532446087540977,2.0337818818975522e-10
RCN3,-0.03561618058877432,1.4427083724292994e-10
GSTA2,-0.03569100285210718,1.3205057234262883e-10
MTDH,-0.03574639918895596,1.2366073343286133e-10
FIS1,-0.035787906103014626,1.1771815117954377e-10
SLC2A4,-0.035837740641965765,1.1095129941042428e-10
SPINK4,-0.03602380196884765,8.888629216216678e-11
ACSL6,-0.03604654260259405,8.650323814541461e-11
SEMA3D,-0.0360741474957143,8.36942794349674e-11
HOXA3,-0.03608112326395658,8.299869131034225e-11
MUC7,-0.03609737418191355,8.140008208535524e-11
SIVA1,-0.03610906936986655,8.026829141874027e-11
APBA2,-0.03622294448660664,7.00223466951704e-11
ENSG00000242317,-0.03623455781500904,6.905231489291518e-11
SON,-0.03652614137818158,4.857962476248401e-11
IGKC,-0.0365597090262863,4.6644107562392595e-11
MAP10,-0.036568278779290184,4.6162189556315056e-11
SLCO4A1-AS1,-0.036678806631346164,4.036666731989194e-11
ENSG00000226816,-0.03679191417128759,3.517422603327018e-11
MAL,-0.037150716980395966,2.2665169886844656e-11
ATP8B3,-0.037156563597311586,2.250267298433459e-11
FDCSP,-0.03720269813268344,2.1259828652642085e-11
LRRC4C,-0.03720340261713899,2.1241380999619308e-11
CALB1,-0.03736139837663987,1.747657529635318e-11
ENSG00000273162,-0.03766563930023027,1.1976533036478775e-11
C6orf58,-0.03767566354342494,1.1827736526707322e-11
ARHGEF25,-0.03774727599982759,1.081616684762265e-11
RAB42,-0.03781398300920351,9.950409067188198e-12
C17orf99,-0.03784912550796077,9.522000796867147e-12
APLNR,-0.03787352390951794,9.235251996912491e-12
CST4,-0.03789018787581416,9.044284471279895e-12
ENSG00000214546,-0.03796023913462988,8.28294899155071e-12
PRB3,-0.038138318225211895,6.619070745231474e-12
C1orf220,-0.03815453771646177,6.484926581565159e-12
PCBP1,-0.03815953136717508,6.444165367045528e-12
CDC20B,-0.038232763983839416,5.874462412858467e-12
RPTN,-0.038494935891477705,4.211611770193306e-12
ENSG00000223911,-0.038870524912844706,2.6046402093325003e-12
PIF1,-0.038950094064384884,2.351164556971007e-12
ENSG00000273456,-0.03905204229724951,2.0615036656246054e-12
RAB2A,-0.0395007838880131,1.151170362418861e-12
SQSTM1,-0.03966010944835306,9.345960170370743e-13
TFF2,-0.03984646302240651,7.316544228108607e-13
IGHG4,-0.04007704528969021,5.396191811632122e-13
CRX,-0.04024351095243394,4.326881523536625e-13
NR1I3,-0.04027203193082406,4.1658485080461854e-13
CXCL11,-0.04064685332249812,2.5245569428102805e-13
IK,-0.04078304039863566,2.1021749511580086e-13
ENSG00000224746,-0.040933982479145,1.7148900043515538e-13
SLC45A3,-0.04107439585850041,1.4180377729247144e-13
NAP1L1,-0.04117947060981814,1.229519619316538e-13
RPN1,-0.041254462293597104,1.1102641115543314e-13
LINC01554,-0.041437557327633275,8.64799149138255e-14
ZNF648,-0.041730093088799214,5.788642151257946e-14
LINC02395,-0.04215937725179663,3.1958515426303304e-14
B3GAT1,-0.042216841444143616,2.9502396557411335e-14
COX14,-0.04253398620749002,1.8939107685006066e-14
KLK6,-0.042818572371745224,1.268912927810275e-14
HMGN2,-0.042858858932891986,1.1987238907563707e-14
PRB4,-0.04313814747658315,8.068185891614433e-15
TMEM14B,-0.04386157453261455,2.8598737498863656e-15
EIF4A2,-0.0440130260749678,2.296809212796387e-15
ENSG00000274092,-0.04430891585476401,1.4933713954863387e-15
EPHA7,-0.04445700027818691,1.2026596465945969e-15
CAPN2,-0.044464474956409,1.1895662682824609e-15
MAF,-0.044799077321420785,7.274015361531679e-16
LDLRAD3,-0.04487692591378877,6.484115275072689e-16
C19orf73,-0.04527368186695786,3.598335284543657e-16
KCNJ18,-0.045309502718683024,3.4111700589297744e-16
OCIAD1,-0.04532647644775638,3.325864962748186e-16
SLITRK5,-0.045475195756095384,2.6629587441957336e-16
S100A1,-0.04565906846547,2.0210536592623368e-16
ESPL1,-0.045704879209590786,1.8865152224835962e-16
ENSG00000272434,-0.045778200732687194,1.6893335176857222e-16
DAD1,-0.04583765451985179,1.5444842465542875e-16
ZNF416,-0.046423525112035686,6.345999207577774e-17
POLR2I,-0.04643779702256634,6.209123015999281e-17
C5AR2,-0.04689540168473195,3.0753202344720314e-17
UBE2QL1,-0.046895648715048935,3.074148415596483e-17
NOP10,-0.04704482642868409,2.4412778183895062e-17
AOX1,-0.047096188824450706,2.2546432293570668e-17
NICOL1,-0.04762387113072783,9.910480672359385e-18
CD34,-0.04768196880363425,9.048010027032967e-18
TRAC,-0.04803907771553619,5.1578143056078475e-18
XYLT1,-0.04815460259393849,4.2965661280962795e-18
MORF4L1,-0.04852590482313623,2.3814487551972525e-18
DST,-0.04950879031936324,4.887877500695563e-19
LINC03051,-0.05065025682793746,7.472440947373523e-20
NRCAM,-0.050670499826486824,7.224914408911436e-20
MIR9-2HG,-0.05088416773713408,5.058978897728611e-20
CILP,-0.05096081209586902,4.4503049316702177e-20
KRT222,-0.050963137985563185,4.43301292260317e-20
SPRY3,-0.05100546122118569,4.129709300271594e-20
CSF3,-0.05120294050038362,2.964633458361394e-20
ABHD1,-0.051241425720672217,2.778781089223208e-20
PNKD,-0.051889613758502706,9.272099123558116e-21
VWF,-0.05214307695749386,6.014215722094383e-21
MYBPC3,-0.052448786723572664,3.558183826506203e-21
GJC3,-0.05258433567657539,2.8166798503334567e-21
EIF4G2,-0.05287669825094241,1.698071998173077e-21
BANF1,-0.05306147351124981,1.2314986059780596e-21
KHDC1L,-0.053343090515223957,7.5312217423052315e-22
CD151,-0.05385222636538768,3.0755864377594744e-22
S100A7,-0.05408045711503997,2.0530369352134317e-22
PPM1N,-0.05422344797254935,1.592393274379937e-22
LINC00987,-0.05455879558273846,8.752553641461055e-23
ADAMTS10,-0.05475744652174661,6.129463087628348e-23
IRF2BP1,-0.05497660790373172,4.131357302763586e-23
ENSG00000260658,-0.05500750031401097,3.9074037321713586e-23
MT-ND3,-0.05520592465232706,2.7296142841374026e-23
IL18R1,-0.05530993584141055,2.2605746437916027e-23
SEC61G,-0.055707398156527824,1.0962681881311245e-23
ENSG00000271933,-0.056155993891292985,4.814054866141451e-24
ENSG00000234862,-0.05647004287573803,2.695360788188858e-24
DEPDC7,-0.05674473526648013,1.6186478333051393e-24
CXCL10,-0.05721661240201057,6.702442270744954e-25
CDH6,-0.05741490988319527,4.617247091392744e-25
MSLN,-0.05748866211878512,4.018328746846673e-25
MT-ND6,-0.0574984363834687,3.9449660068397983e-25
CANX,-0.05777168750322813,2.3538991706526914e-25
ENSG00000267688,-0.057929959327298754,1.7434693471891032e-25
ENSG00000272944,-0.058145736816694896,1.1563868923376856e-25
UFC1,-0.05874276673770408,3.684003454821821e-26
CAPN14,-0.05884746335759796,3.0108239320680436e-26
SNX3,-0.058861695503408314,2.929278326622007e-26
NETO2,-0.05905747999482941,2.0064507307173012e-26
ISCU,-0.06003209717118179,2.9946202665743275e-27
CNTNAP2,-0.060182162823938484,2.2282096396681198e-27
DNASE1L3,-0.06035687882058364,1.5779057707503684e-27
NEU4,-0.06048299704068534,1.2292116721524588e-27
PAX1,-0.06054189873207376,1.0936988526416396e-27
SMIM26,-0.06089411554050428,5.426634623019009e-28
OSR1,-0.061089979146080615,3.668751278578606e-28
SLC1A3,-0.061520517017699186,1.5449074970716212e-28
PHPT1,-0.061597636412916386,1.3223445307140614e-28
MRPL57,-0.06164455049664206,1.2028349681657713e-28
CPLX1,-0.06178606469971938,9.034938045723069e-29
DYNLL1,-0.06179913046030398,8.799060137402261e-29
SCAMP1-AS1,-0.06202141809449679,5.605399515563818e-29
NDUFB1,-0.062461933059830534,2.282773241002465e-29
MRPS21,-0.06259439999041153,1.7402312221583835e-29
RPS4Y1,-0.06286449105048914,9.989392394909605e-30
DYNLT1,-0.06301113573873551,7.382793650609003e-30
FBN1,-0.0631112081678255,6.0038911400390226e-30
LDHB,-0.06316983187394627,5.318242983551673e-30
PRKCB,-0.06322616121182974,4.732808616244193e-30
VPS28,-0.06348715863613152,2.753307159152068e-30
RBX1,-0.06385691927841977,1.2732176416716789e-30
FAM111B,-0.06401345384560461,9.173218414224497e-31
NR2C2AP,-0.06457863251231792,2.7897313225835333e-31
IGFL2-AS1,-0.06466783917502567,2.309690735550029e-31
FABP5,-0.06498258000997609,1.1838876281429612e-31
BCAM,-0.06521444598939463,7.220963795096889e-32
CLDN4,-0.065238234359198,6.863147926340896e-32
MYBL2,-0.06555325670271916,3.495247295326061e-32
PET100,-0.06578543448293495,2.1212834281481232e-32
SELL,-0.06592819918475279,1.559057881010721e-32
TP53AIP1,-0.06615943296366021,9.454517454097817e-33
TM9SF2,-0.06620432017321137,8.577964510749645e-33
ARF4,-0.06657407540235181,3.8390648862819544e-33
COL14A1,-0.06675995540320641,2.5583995994654083e-33
CLCN1,-0.06698232255865608,1.5720644247961614e-33
LINC00920,-0.06753960676795848,4.606264995147124e-34
IFITM3,-0.06758780384048274,4.140329389792571e-34
COTL1,-0.06763007546638747,3.770402543369998e-34
DCN,-0.06774438709295556,2.926457147268506e-34
DNAJA1,-0.06834718198684096,7.638021074613312e-35
NEUROD2,-0.06836442627905102,7.348805243109634e-35
NEDD8,-0.06840364298396957,6.730949843266419e-35
BDKRB1,-0.06844022919773878,6.201183922712472e-35
RPL17,-0.06883721452012694,2.540689281277454e-35
TOMM20,-0.06889409131228454,2.2348452746217653e-35
ENSG00000255446,-0.06892809563518508,2.069771197198227e-35
CDC42,-0.0689782929916338,1.8479816690625656e-35
ZNF574,-0.06941704956796818,6.837886484068449e-36
ENTPD8,-0.06970180684403951,3.574656396363197e-36
LSAMP,-0.06997562896574733,1.911081505366045e-36
NDUFA13,-0.0703726967187677,7.674129974154488e-37
FAM83C,-0.07042054844450546,6.872660970175379e-37
CAPS,-0.0707180193312164,3.4561990531326285e-37
IL6,-0.07128050439454162,9.347282341519848e-38
RBBP8NL,-0.07133000580106684,8.327050543464723e-38
TMSB4X,-0.07198219273142027,1.8027187409015895e-38
COMT,-0.07234945220089845,7.569032346155917e-39
HDLBP,-0.07315973740077827,1.0983336426970854e-39
NDUFAB1,-0.07337378029080587,6.5725135345740435e-40
NTRK2,-0.07406689903169793,1.2334712652172609e-40
CST1,-0.07436102783708523,6.035685952630723e-41
SMO,-0.07452237909540307,4.073103656509713e-41
SNRPD3,-0.07485532866518226,1.8042857883868394e-41
GABARAPL2,-0.07550537101755804,3.6421709356094957e-42
CAMK1D,-0.07564264444007252,2.5931967301066983e-42
IFT25,-0.07588075621624539,1.436499820362206e-42
CXCL3,-0.07663483772817835,2.1855915208172206e-43
SMDT1,-0.07703789834702836,7.927992703270734e-44
HNRNPF,-0.07717881550137376,5.554482065331696e-44
RNF113A,-0.07725812629197924,4.545195885645195e-44
CIRBP,-0.07763687252217064,1.7394678384258274e-44
SLX1A,-0.07766081374918922,1.6367403378732056e-44
FTL,-0.07771068794339835,1.4417201842271923e-44
FXYD6,-0.0778855287265567,9.235164262135021e-45
SERPINB1,-0.07815456144194764,4.6445890925422913e-45
CDH7,-0.07855567590601722,1.659535409229806e-45
GATA3,-0.07956574183870858,1.2142533388384739e-46
CD74,-0.08002082912860434,3.697188006784307e-47
JUNB,-0.08036987502087257,1.47831794263778e-47
SERPINE1,-0.08059880191553359,8.085769478544474e-48
TM4SF1,-0.08071259273127351,5.986730186291552e-48
CYP4B1,-0.0812677117155022,1.3732539818897603e-48
ATP6V0B,-0.08236269771238923,7.303615188788579e-50
HCAR1,-0.0824431578185327,5.878038344710015e-50
RGS2,-0.08263680849908421,3.482406830481197e-50
CBFA2T3,-0.0834154859873162,4.1905615054095655e-51
GNG11,-0.08346272965536666,3.6829781945624635e-51
TMEM179B,-0.08411636809080471,6.1252748381441904e-52
LTBP2,-0.08471677441594759,1.1644307139378895e-52
PTTG1IP,-0.08482693777524712,8.575536918239154e-53
RPS10,-0.08577111237429194,6.130582009746818e-54
PPA1,-0.08584053877111901,5.043693707646382e-54
SF3B2,-0.08590718317930186,4.1814500122990317e-54
C19orf53,-0.08617684593363541,1.9553345338384065e-54
KDELR1,-0.08676063292732114,3.7412221659163595e-55
LSM10,-0.08686593654293928,2.7729575548847348e-55
NUCKS1,-0.0873523773486069,6.918824946830795e-56
CALHM6,-0.08750265813367847,4.498664178700908e-56
AGAP2-AS1,-0.08813792777231222,7.231575499592065e-57
EMSY-DT,-0.08825320191574752,5.182780320674893e-57
ANAPC16,-0.08884464757939046,9.317409308547596e-58
FKBP1A,-0.08908898284069632,4.57034317980681e-58
NDUFS8,-0.08912026149526908,4.171438919661113e-58
POLR2L,-0.08912172610380328,4.1536351565715816e-58
MYL12A,-0.0893834351507727,1.932022938860074e-58
ENSG00000257764,-0.08944517511242876,1.6123097155325148e-58
SEC61B,-0.08998725526262459,3.2757049871220744e-59
TMEM258,-0.09045125015463343,8.308285277281602e-60
C11orf58,-0.09110430585984113,1.190461557070564e-60
CD14,-0.09129316735914883,6.769400775994695e-61
KRTCAP2,-0.09134048542571666,5.875506897247658e-61
ERGIC3,-0.09164695901058832,2.34372295485819e-61
MRPL41,-0.09173638684798816,1.7913670190711042e-61
ENSG00000263272,-0.09240316808543458,2.3948251854462946e-62
SKAP1,-0.09297990154007879,4.151710093980021e-63
SEC62,-0.09300444798921602,3.852386349534419e-63
SRRM1,-0.09302409796915358,3.628347445392004e-63
LINC02983,-0.09304402991631992,3.4143562893766426e-63
SSR2,-0.09345157963631823,9.823191348262879e-64
RAN,-0.09355290649032433,7.200485854868584e-64
LINC01116,-0.09374194197903221,4.0300871108965355e-64
FYB1,-0.0937927669261302,3.4471493560514905e-64
IVL,-0.09379318761199802,3.442693066110492e-64
ST13,-0.0938868760066012,2.580600133901408e-64
ATP5MK,-0.09394155832230781,2.1807253834502192e-64
MMP3,-0.09436957945765596,5.818023269325843e-65
CALR,-0.09547367001506785,1.8724046032992115e-66
PSMD8,-0.09580001239230893,6.728640017778342e-67
CNBP,-0.09612866068744928,2.3920111434484186e-67
SARAF,-0.09703492175242948,1.355526883289998e-68
TMEM219,-0.09738037113194678,4.505980214425725e-69
PRSS21,-0.09782185991590328,1.0964418363585049e-69
RBP7,-0.09838345233763095,1.7994379251732487e-70
CUTA,-0.09851896985745084,1.1616190321853584e-70
KRT24,-0.09854550091761517,1.0661564777899821e-70
SYNGR2,-0.09861731186985198,8.452124940140316e-71
CD99,-0.09896924066342908,2.7016072472124207e-71
ATP5PD,-0.0990796920528297,1.8870869984216393e-71
PGLYRP4,-0.09924376459080146,1.1065855966824116e-71
HNRNPA3,-0.09958692217916199,3.613299672298539e-72
SCP2,-0.09992022242303954,1.2138282357754644e-72
ARL6IP4,-0.10011415581887587,6.423403645430967e-73
SUB1,-0.10011755518890618,6.352074999966642e-73
MT-ND2,-0.10049824707182917,1.8145031366108746e-73
GNB2,-0.1006466350349395,1.1119512838243113e-73
BPIFB2,-0.10068259196185822,9.874243102682593e-74
LAMTOR4,-0.1010897428927412,2.5652042280231727e-74
PROM1,-0.10109014277539191,2.5618036311889598e-74
SELENOH,-0.10110098427632264,2.4713008942703077e-74
SFN,-0.10185308558753649,2.0191283386211475e-75
FBLN2,-0.10203580698801816,1.0956176389416233e-75
CDT1,-0.10207647052226045,9.561076589682879e-76
IL1R2,-0.10233713523118874,3.9880085875085014e-76
RNF125,-0.10264416065476148,1.419721681510096e-76
ENSG00000272512,-0.10276561620102934,9.427237709492648e-77
HSPE1,-0.10358136678054065,5.950287651533141e-78
HSP90AA1,-0.1036494105482835,4.720851396436293e-78
PRDX3,-0.1041848794637006,7.597280500431679e-79
CYP3A5,-0.10495308734969518,5.435107435879836e-80
MAP7-AS1,-0.10542466020509883,1.0661614550763426e-80
AZGP1,-0.10610845443939683,9.916643437340365e-82
ROMO1,-0.1070102043525395,4.2243609144161804e-83
LAMTOR5,-0.10708508212162293,3.246539479694151e-83
SF3B6,-0.10733726574150546,1.3357673421435423e-83
MT-ND5,-0.1076059220067155,5.174061818725143e-84
CCNI,-0.10811811919399497,8.426257450432552e-85
ADRA2A,-0.10835559204657165,3.6216397781917984e-85
PHYHIP,-0.10837126435703236,3.425103230980947e-85
CRISP3,-0.10849262791249138,2.2228377458806143e-85
SNU13,-0.10910199838695815,2.5170539001934496e-86
GRAMD1B,-0.10913565800453497,2.2309015812988276e-86
SLC25A3,-0.10916227749820803,2.0277712769058803e-86
BCL11B,-0.10986614839369718,1.610494538590787e-87
PRR4,-0.11063218477574241,1.003579908303852e-88
TOMM7,-0.11065904269913461,9.101947590499491e-89
RUNX3,-0.11091980630488334,3.5217265108222795e-89
REEP5,-0.11136920310425621,6.819363799384702e-90
LGR6,-0.11147973976606762,4.549000827301419e-90
TRIAP1,-0.11170142445672095,2.0172116938198945e-90
TRIR,-0.11242297958065214,1.413476117098019e-91
NDUFV2,-0.1124248132309806,1.4039286394000287e-91
WDR83OS,-0.11252199436816725,9.801132504033922e-92
ANAPC11,-0.11273098326167671,4.520460105750028e-92
HSBP1,-0.11316090024803718,9.157831612409658e-93
B3GALT5-AS1,-0.11342633300678773,3.4067849674151727e-93
SLC25A5,-0.11353385051778989,2.2808566477049656e-93
MAFB,-0.11357549669230821,1.952357752545999e-93
AKAP12,-0.11417034345225704,2.104362045694273e-94
CHMP2A,-0.11511452665306103,5.983129283527536e-96
BSG,-0.11538217098886121,2.1690363284256036e-96
TECR,-0.11539678651003292,2.051979671176769e-96
COPS9,-0.11613653117166256,1.2263754569497266e-97
ARF5,-0.1162828365569251,7.00946467046846e-98
PSAP,-0.11672244964645316,1.299658564946283e-98
NDUFB2,-0.11699324960752135,4.587781731945051e-99
UBXN4,-0.11742462988709755,8.689559368814428e-100
SERPINB7,-0.11784559441338478,1.7030044670306807e-100
BCL2,-0.11818175562279642,4.614815843921488e-101
COPE,-0.1182877111042959,3.055470395839157e-101
CYP2A6,-0.11857406407832147,1.0006637078424669e-101
UXT,-0.11895957788569327,2.216790813287633e-102
SLC26A4,-0.11896899787493144,2.1365019064193955e-102
TMEM50A,-0.11927053172299681,6.548935678511653e-103
KISS1,-0.11939086562807395,4.0818978404902123e-103
CDH11,-0.12062879234642943,3.0650965801041756e-105
ISLR,-0.12081752747009956,1.4473725032266453e-105
SNRPG,-0.1209196531407116,9.639082178052527e-106
UQCR11,-0.12176274131872898,3.316989040482361e-107
TWIST1,-0.1218251253535461,2.5825801726238255e-107
UBE2S,-0.12187120481558472,2.146515262326608e-107
GAS1,-0.12220799668764883,5.542873991386387e-108
SSR4,-0.1224293335034147,2.2719572538230605e-108
MT-ATP6,-0.12259395249821142,1.169105877302737e-108
CLDN7,-0.12285070300311335,4.1402235328978913e-109
LYZ,-0.12326494576279153,7.719878238068038e-110
P4HB,-0.12342730085554356,3.99063612606487e-110
HSP90B1,-0.12362805694005767,1.7626159162960996e-110
SCAND1,-0.12469289352531555,2.258905945580418e-112
MUCL1,-0.12503138817868076,5.609004114220589e-113
TMEM14C,-0.12518162664820362,3.018666248888771e-113
ATP5MF,-0.12523552211604055,2.4166273054608183e-113
NDUFC1,-0.125560257314353,6.312920823454328e-114
CPA4,-0.12629419459168909,2.998565667574269e-115
CLTA,-0.12640546541316183,1.8862340206890996e-115
CD24,-0.12652795932569977,1.1317778375725326e-115
LAPTM4A,-0.12813217105412641,1.3432295069094826e-118
MRPL52,-0.12911672574000022,2.059763354724157e-120
SRI,-0.12981255501137492,1.0541848355171178e-121
ATP5MJ,-0.12987830306066528,7.953740893587884e-122
MT2A,-0.13014011916309465,2.586694949028847e-122
NDUFB9,-0.13088500659878885,1.045444673908817e-123
ATP6V1F,-0.1311036978544558,4.0610924774196724e-124
LINC00342,-0.13116328954884468,3.1377553207241582e-124
FKBP2,-0.13126351243452164,2.032806601567868e-124
PADI1,-0.13173130738965622,2.6680338208341044e-125
TMPRSS11A,-0.1318686656507087,1.4676536192799083e-125
MT-ND1,-0.1325628408025105,7.088603894123145e-127
ZFAS1,-0.1326484237492952,4.873186941410734e-127
ARID5A,-0.13340942429715047,1.7214603560745954e-128
ATP5ME,-0.1335574629943373,8.963070043105721e-129
OST4,-0.1345505122488665,1.103399109558817e-130
ATP1B1,-0.13476070498576134,4.3314985553019884e-131
ACTB,-0.1348189674914428,3.3416307430130144e-131
PRDM1,-0.13511111718344637,9.082001997685191e-132
PDIA6,-0.13516373540576435,7.1803668521877e-132
TUFM,-0.1392486009692524,6.4482583962424e-140
DUOXA2,-0.1394173845573335,2.9622415903089013e-140
SRP9,-0.13964738528373577,1.0246817115071497e-140
AURKAIP1,-0.14001775698393487,1.8472730443427313e-141
RPL36A,-0.14081443689931464,4.561580810222674e-143
CLDN22,-0.1412387377625872,6.297476585347517e-144
YWHAB,-0.1414195857759841,2.702826246182236e-144
PAX7,-0.1420372214868209,1.4912967941961394e-145
NCCRP1,-0.14280059321548055,4.0789499783826146e-147
LINC03078,-0.14320601424592022,5.982801714569767e-148
RPL36AL,-0.14361974656157572,8.38763145917871e-149
NDUFB11,-0.14438827405963045,2.1471800781798075e-150
KLK14,-0.14442573345275803,1.7949693173435362e-150
ERH,-0.14523754136034522,3.65254867923897e-152
ZFP36L1,-0.14696061305065694,8.704769905931465e-156
LSM7,-0.1472320183606002,2.3177136656340778e-156
EGFL6,-0.14798401392646976,5.8472008881590304e-158
PDLIM1,-0.14861638407199526,2.609111268978437e-159
PARK7,-0.14863541916613032,2.375468257315695e-159
NDUFS5,-0.14881992299412455,9.562005857980986e-160
APOD,-0.1489088824326144,6.163375424641387e-160
ITM2A,-0.14929228428796715,9.256341831138395e-161
SPCS1,-0.14937745675945446,6.0705285351792935e-161
EIF3H,-0.14944917809097436,4.254647605091458e-161
IL19,-0.14950281352796538,3.261187104299041e-161
SLC22A18AS,-0.14976791401048598,8.748352793211094e-162
UQCRQ,-0.14986104409125842,5.507123685711754e-162
P2RY1,-0.1498794645897115,5.025192053761317e-162
TMED10,-0.1504006172204642,3.748049440467243e-163
POSTN,-0.1504581557674234,2.8124753773148383e-163
NDUFB10,-0.1508336233734909,4.305549127915806e-164
TALDO1,-0.1511303103871465,9.738327531398033e-165
APRT,-0.15124925425085325,5.361784628447121e-165
JTB,-0.1528565893214168,1.6072683524015115e-168
ID1,-0.15314372166824491,3.7377233117341966e-169
SPRR2A,-0.15379388876630015,1.3601668166449632e-170
CEACAM6,-0.1538761203218624,8.935829885160015e-171
ATP6V1B1,-0.15417816271129342,1.9058147758473528e-171
BRK1,-0.1543739855743598,6.986845989366381e-172
HNRNPK,-0.15588234615642046,2.9379951698216323e-175
C12orf57,-0.1569037740260087,1.4528435574976071e-177
SAP18,-0.15731246754684966,1.7186565964705344e-178
SNRPD2,-0.15738202541631194,1.1944306359234825e-178
TMED2,-0.1574723325077006,7.445321261071109e-179
TXNDC17,-0.15843118108374366,4.838421462608684e-181
NCL,-0.1584927812517004,3.497153229423228e-181
ALDH2,-0.15866337882801276,1.422180624298168e-181
SPCS2,-0.1586754091399338,1.3346956533373575e-181
HNRNPA1,-0.1591786306527374,9.334127143935966e-183
CENPW,-0.1604686211610303,9.793522992850043e-186
RPL23,-0.16062639459596423,4.2154108548191615e-186
CRIP2,-0.16072181786950132,2.53066914045927e-186
FOSL1,-0.16102484744552928,4.995548272730219e-187
SPOCK3,-0.1613367790803615,9.370731548663118e-188
RBM8A,-0.16144849934627012,5.14164979035053e-188
EIF3F,-0.16159434209150172,2.34709071957144e-188
PSMA7,-0.16177774258798489,8.745675106653785e-189
SYT8,-0.16258829716022172,1.0985746763878148e-190
SIX3,-0.16327378472764548,2.663053766403687e-192
ATP5F1C,-0.1642491262281392,1.3017143986347933e-194
SEM1,-0.16446840774510113,3.91723136744572e-195
EDF1,-0.16516538174548148,8.519945837274956e-197
ANXA11,-0.16521081244983674,6.634535355479005e-197
ATP5PF,-0.16567540918692575,5.118429408603311e-198
ATP5F1D,-0.16659678702039707,3.110003281722793e-200
PSMB6,-0.1674260384209889,3.0683677172305937e-202
APP,-0.1674495403770018,2.6909523307262123e-202
MT-CO2,-0.16830733298255365,2.2061950951175653e-204
MT-CYB,-0.16938037060821476,5.224254577665858e-207
YWHAZ,-0.1704404364333993,1.2788647188888174e-209
MDH2,-0.1708167787863263,1.4985026323538633e-210
SOD1,-0.1710806845031162,3.321935598897211e-211
NPM1,-0.17137367775937942,6.219564131837037e-212
NDUFB4,-0.17226677238551386,3.6955579136832846e-214
BCAP31,-0.17227580692455502,3.508313563454602e-214
EPHX1,-0.173888994430492,3.110695490194349e-218
EEF1B2,-0.17600404131847894,1.316050023122833e-223
STATH,-0.17618206397388408,4.611403309223774e-224
MGP,-0.17703059308871583,3.064080398020305e-226
UQCRB,-0.17720386799000876,1.0971537351821635e-226
COX8A,-0.17746760904632375,2.293361953924862e-227
EEF2,-0.17943353618614113,1.8171496736859366e-232
PIGR,-0.18121383157260215,3.8756089028913354e-237
MT-CO1,-0.18267117503534924,5.346057850638195e-241
LGALS3BP,-0.18316997959974712,2.507195763532195e-242
RPL38,-0.18356919943684602,2.1520643248197323e-243
TSC22D1,-0.18403194444542625,1.2409125243340033e-244
FER1L6,-0.18456061351450445,4.720847474562031e-246
HMGN1,-0.18540335987053067,2.5226366919012256e-248
PSMB1,-0.18666904563321524,9.302075604581317e-252
S100A14,-0.1876132266151389,2.4610906739507332e-254
COX5A,-0.18863526372613987,3.8497960658970365e-257
PDIA3,-0.18868351563055463,2.8351302395637595e-257
RPS20,-0.1901269815446899,2.8909536383536247e-261
RPL26,-0.19048561952458234,2.9124433216177027e-262
ARPC3,-0.19191460281882092,2.9686819057059246e-266
CCDC80,-0.19197779758640957,1.9737696721551372e-266
COMMD6,-0.19316129074026325,9.202267070950792e-270
RAC1,-0.19410747446206703,1.925953087614574e-272
NUCB2,-0.19610387746102934,3.848408850184471e-278
CXCL17,-0.19679678934947162,3.9124132427919244e-280
NDUFB7,-0.19681809402198344,3.3966566175564764e-280
S100A13,-0.1973279552882568,1.1472524553205955e-281
HLA-E,-0.19814271406727935,5.0100304220574266e-284
KRT7,-0.1986059729711655,2.2563226228465318e-285
ITM2C,-0.19898786581558592,1.7413794114967435e-286
COX7B,-0.19901977134236995,1.405541091877787e-286
XBP1,-0.1994285632854936,8.999287855454567e-288
GUK1,-0.1995802745349664,3.240046623598341e-288
IFITM1,-0.19959762551258797,2.8826218142151935e-288
ATP5F1A,-0.20049865383893162,6.5629097844126e-291
PRDX2,-0.20107593065128593,1.3097509404009967e-292
MT-CO3,-0.20115145762486825,7.841387649734842e-293
NDUFA1,-0.2038595685513755,7.012135346430483e-301
SCPEP1,-0.20435590592745945,2.2806955407644857e-302
SH3BGRL3,-0.20480414656816107,1.0258402412829686e-303
CYP26A1,-0.20517240216250784,7.980920465346234e-305
ATP6V1G1,-0.20644752993656332,1.1096546695201636e-308
HCAR3,-0.20652305981667898,6.54513086212824e-309
SPRR3,-0.20769199662064394,0.0
YBX1,-0.2083938238200617,0.0
RPS11,-0.20869604882225082,0.0
KRT13,-0.20875141871371503,0.0
KRT14,-0.20882015739672735,0.0
ATP5F1B,-0.21027709209898218,0.0
PSME1,-0.21035093515849207,0.0
CFL1,-0.21059083365641734,0.0
DLK2,-0.2113109397781867,0.0
KRT10,-0.2123770825496153,0.0
IFI27,-0.2143235337298133,0.0
COX6B1,-0.21507378194108823,0.0
DUSP2,-0.21757618664966838,0.0
POMP,-0.2197319955131463,0.0
UQCRH,-0.22061957378856453,0.0
TPI1,-0.22179972440973933,0.0
CHCHD10,-0.22501375258680775,0.0
CXCL8,-0.22541806843106277,0.0
RPL4,-0.22680777211407827,0.0
C19orf33,-0.22714949001058204,0.0
HIGD2A,-0.22729946428547515,0.0
FTH1,-0.2274611600658906,0.0
ATP5MC3,-0.22753260404560158,0.0
RPL27,-0.22774007703542726,0.0
RPS29,-0.22778960118481573,0.0
SLC25A6,-0.228592999572315,0.0
F3,-0.2290274020872642,0.0
LTF,-0.23059783817579116,0.0
MMP7,-0.23364859517198794,0.0
PRKAR2B,-0.23440070580068284,0.0
RPS17,-0.23448180779708222,0.0
TFF3,-0.23517171502293757,0.0
S100A8,-0.23659725020740663,0.0
EEF1D,-0.2376865439581233,0.0
IGFBP2,-0.2390540601669803,0.0
DUSP23,-0.24078452527163058,0.0
FCGBP,-0.2417642034352504,0.0
DHRS9,-0.2422579820515014,0.0
ANKRD36C,-0.2422870135040846,0.0
SAA2,-0.2425795823431806,0.0
RIMS1,-0.2427925334117613,0.0
EIF3K,-0.24340081663045304,0.0
EPAS1,-0.24609253968440506,0.0
RPL27A,-0.24675350983774041,0.0
S100A4,-0.24799187824192065,0.0
EID1,-0.24884334939919395,0.0
S100A9,-0.2491013135309338,0.0
KRT18,-0.2492717234886137,0.0
ANXA1,-0.25218516657154644,0.0
CHST9,-0.2527424923766602,0.0
PSME2,-0.2530148792274637,0.0
GSN,-0.2551647848351517,0.0
RPL31,-0.2572767861837763,0.0
SPARCL1,-0.2578176931545488,0.0
ELF3,-0.2578396217968337,0.0
TMEM59,-0.262619953783695,0.0
SCGB3A1,-0.26453196993836164,0.0
C15orf48,-0.26630882277651613,0.0
MUC16,-0.27000905465674085,0.0
TCN1,-0.27104429852218065,0.0
RPL7,-0.272204072916598,0.0
FBLN1,-0.27398991795499894,0.0
SCGB1A1,-0.27676602072347867,0.0
MMP10,-0.28362874895182016,0.0
KRT6A,-0.2874355727406052,0.0
ADIRF,-0.2956646764544754,0.0
CEACAM5,-0.295691674333067,0.0
KRT4,-0.2975667542875511,0.0
GSTA1,-0.29980338220053765,0.0
LYNX1,-0.30009075952735176,0.0
LGALS7B,-0.3003320443810472,0.0
HES1,-0.3015390353735133,0.0
MUC5B,-0.3035348855882911,0.0
SAA1,-0.3063941681264984,0.0
BBLN,-0.30989867594402803,0.0
PABPC1,-0.3121337393023796,0.0
MUC5AC,-0.31392805659679734,0.0
SOX4,-0.315287260564493,0.0
CLEC2B,-0.31540772195373556,0.0
RARRES1,-0.3181700448133531,0.0
BTF3,-0.3182916941170543,0.0
PSCA,-0.32339486493850284,0.0
CXCL6,-0.32538286277522827,0.0
BPIFA1,-0.3265196543799172,0.0
TMEM45A,-0.327506456358263,0.0
FMO2,-0.32867642161861865,0.0
ALDOA,-0.3302661468055661,0.0
HLA-A,-0.3357365376994076,0.0
CXCL1,-0.33876374374143364,0.0
KRT15,-0.34021711269429405,0.0
SERPINB4,-0.3434413319984353,0.0
AQP3,-0.3437493537069001,0.0
MT1X,-0.34553383265871124,0.0
NDRG2,-0.3491455494990848,0.0
CLU,-0.35137608464247655,0.0
TSPAN1,-0.35466157482983596,0.0
LYPD2,-0.3628988762317919,0.0
NTS,-0.36572013285217025,0.0
PI3,-0.36712547793794764,0.0
HSPB1,-0.3682003094076589,0.0
PLPP2,-0.374615285252295,0.0
PKM,-0.3764825915713254,0.0
FXYD3,-0.3776427287992757,0.0
KRT17,-0.38068746087044414,0.0
AGR2,-0.3856405822657062,0.0
ADH7,-0.38642000561407064,0.0
KRT5,-0.3887259630654089,0.0
CP,-0.39492658196636293,0.0
DDIT4,-0.3976091296167794,0.0
AKR1C2,-0.39812819517004217,0.0
WFDC2,-0.4091259888846863,0.0
LY6D,-0.4093393423957737,0.0
TIMP1,-0.42427563759189185,0.0
CYBA,-0.42879704887048975,0.0
GLUL,-0.4297250319462407,0.0
CYP2F1,-0.4328440247260859,0.0
ALDH3A1,-0.43642801203450937,0.0
MSMB,-0.44056862568383387,0.0
S100P,-0.44697644345275983,0.0
ALDH1A1,-0.4532658222289451,0.0
ADH1C,-0.45448666176279184,0.0
SERPINF1,-0.4554421859393316,0.0
S100A2,-0.4566837752803085,0.0
TSPAN8,-0.4570993683838915,0.0
TACSTD2,-0.4635275526697785,0.0
PERP,-0.46465849539731385,0.0
FAM3D,-0.47016963561659436,0.0
BPIFB1,-0.47324368311931153,0.0
KLK11,-0.4767147386019529,0.0
LCN2,-0.48099862381367764,0.0
KRT19,-0.48439329256165015,0.0
SERPINB3,-0.4933076147980968,0.0
LY6E,-0.4939252162976066,0.0
VMO1,-0.5220365778436629,0.0
PRSS23,-0.5420486631375193,0.0
AQP5,-0.5767680003172223,0.0
MDK,-0.5852889739934093,0.0
