gene,spearman_r,pval
PEBP4,0.5491100994305415,0.0
NAPSA,0.5456698378079055,0.0
SFTPC,0.5452161482689726,0.0
ABCA3,0.5318688399595055,0.0
LRRK2,0.5185247836025704,0.0
CLDN18,0.5174298298049385,0.0
SFTPD,0.5142664510868931,0.0
SFTPB,0.504882278186177,0.0
LAMP3,0.5015360579168873,0.0
SFTPA1,0.4966031347869794,0.0
PGC,0.4953612111411227,0.0
LPCAT1,0.48048505745582304,0.0
SLC39A8,0.47654635467538675,0.0
SLC34A2,0.47318512955810027,0.0
SFTPA2,0.470437182129429,0.0
SFTA2,0.45476284494751795,0.0
SFTA3,0.4351359367252894,0.0
PLA2G1B,0.4315430727272421,0.0
HOPX,0.4288017183580446,0.0
HHIP,0.40956306307915996,0.0
TTN,0.40845048159406305,0.0
C4BPA,0.4076782084624413,0.0
WIF1,0.39381574008266357,0.0
AQP1,0.3900178999540756,0.0
COL8A1,0.3668597614109424,0.0
HSD17B6,0.35823900986738183,0.0
GKN2,0.35329191401107857,0.0
CTSH,0.3468573042218338,0.0
SLC22A31,0.3449744227771521,0.0
AGER,0.3439679041746645,0.0
C11orf96,0.34333063627462673,0.0
SCD,0.3389307437343791,0.0
TMEM163,0.33560807882799887,0.0
CA2,0.33204043729846394,0.0
SUSD2,0.32827597499592964,0.0
AQP4,0.31838604192702014,0.0
SERPINA1,0.30976549962604394,0.0
ACOXL,0.3071187159467849,0.0
SOD3,0.30494924334520107,0.0
ICAM1,0.288512929916392,0.0
AFF3,0.28007617392558304,0.0
WSB1,0.278587646865999,0.0
TFPI,0.27381499121418096,0.0
CHI3L2,0.26741779832102586,0.0
GPC5,0.2629758593526936,0.0
RNASE1,0.2628594578758893,0.0
AK1,0.26132003465903736,0.0
PEG10,0.258291442595928,0.0
NDNF,0.25431178734954335,0.0
NEDD4L,0.248921504993393,0.0
NNMT,0.22979007144514935,0.0
SFTA1P,0.2099526147133072,0.0
FGG,0.2070349769502348,1.81802125508347e-310
COL4A2,0.20554462377942392,6.010110951034936e-306
ERBB4,0.2004509378081154,9.065028991894926e-291
SCEL,0.19820047078762124,3.405325643370752e-284
CAV1,0.19369599570008225,2.8283672647676535e-271
CLIC3,0.1932514197975105,5.120225793089284e-270
TNNC1,0.1911879547087094,3.2090232532302376e-264
AREG,0.189721907429983,3.841165446227186e-260
NTM,0.1896291558456141,6.939626097757564e-260
PTPRG,0.18776889972564326,9.222085760818072e-255
CLIC5,0.18675154034295438,5.545472316912806e-252
DLG2,0.18606756038505123,4.01119209203719e-250
FAM177A1,0.18280638307803426,2.3346048715800338e-241
SPOCK2,0.1769533141144119,4.842582134205489e-226
ENSG00000235584,0.1721840149395914,5.949382171386825e-214
FN1,0.1712268963169402,1.4402822495598894e-211
CD47,0.16925287907216388,1.073759067275172e-206
ST6GALNAC5,0.16877596027121525,1.5817087286906126e-205
AGR3,0.16781295590909914,3.527009926339145e-203
COL4A1,0.16724502441038921,8.426629941891224e-202
DHCR24,0.1658915025313261,1.5505553480105588e-198
DMBT1,0.16470124216194099,1.0924621030888998e-195
EMP2,0.16363548331821395,3.716228470450949e-193
ANKRD1,0.15748169413708804,7.089186704259022e-179
BRI3,0.15675994337559726,3.075142562506753e-177
RTKN2,0.15594331394845973,2.1422070057045674e-175
LIMASI,0.15527951001092513,6.630228357311936e-174
NPC2,0.15517414930420878,1.1416129346145688e-173
NCKAP5,0.15303811235038944,6.393674701819031e-169
ENSG00000233635,0.15075345574490023,6.430332402017742e-164
DMKN,0.15025159292191886,7.881133099106372e-163
LRRC23,0.1491342007795297,2.023955648393349e-160
CYSTM1,0.14852590055252338,4.0746682252659464e-159
COL12A1,0.14618979085800063,3.680815270036177e-154
LHFPL3,0.1432379533006997,5.14192637077876e-148
ABCA8,0.14147799395007493,2.056231541857112e-144
ODAM,0.14059859536015176,1.2460651775064359e-142
ITLN2,0.14015047112149132,9.98660476145049e-142
C16orf89,0.13993411958886187,2.7210277388925965e-141
KCNT2,0.13937377324309097,3.6220094018876983e-140
CKB,0.13875785972051827,6.155406660838092e-139
ENSG00000255580,0.13838045154958578,3.470181824490728e-138
ATP13A4-AS1,0.1383467457581731,4.04881962706922e-138
SCGB3A2,0.13624234834516982,5.695003696801653e-134
HMOX1,0.13574522458178895,5.318787837477438e-133
TPPP3,0.13556053070294352,1.2172383009786597e-132
SELENOP,0.13447126274018054,1.5691822901117138e-130
PKDCC,0.13225200336521198,2.758979405503593e-126
NUPR1,0.132141578100819,4.4675447896784417e-126
JUND,0.12979156401947095,1.1533570871292907e-121
SAMD4A,0.1294138988534473,5.799322090869027e-121
ANKUB1,0.12813415455991659,1.3320158889148785e-118
CD83,0.12643482041562148,1.6689921792263715e-115
KLF6,0.12643039492681982,1.7000690582024096e-115
UNC13D,0.1240653580303507,2.9585075500587126e-111
TSPAN3,0.12369645080574163,1.3338895818503087e-110
CIMAP3,0.12254118935286025,1.4467087402094227e-108
NEAT1,0.12219629952750263,5.810115730434206e-108
NRG3,0.12217471005449784,6.337583651696011e-108
DLGAP1,0.11953033614056231,2.3585117612643627e-103
DDX17,0.11945983458509409,3.112394173453608e-103
TUBA1A,0.11613101195014773,1.2525121233132792e-97
DNAH11,0.11432548134466336,1.1747906210155351e-94
ENSG00000237654,0.1142971201076745,1.30697616445872e-94
CHRDL2,0.11248302477969592,1.1320778532018502e-91
STAT3,0.11236470596867897,1.753096578294457e-91
ENSG00000254604,0.11140508327599176,5.979841793719177e-90
CDHR3,0.11105642441830535,2.1394828225082605e-89
DNALI1,0.11092473472594838,3.459012686960635e-89
ANXA4,0.11079270700454952,5.5959986309488594e-89
RFX2,0.1103980074345561,2.3493692379317456e-88
ENSG00000258234,0.10983149599345335,1.8250936871725493e-87
STOM,0.10842250749793413,2.853774667508739e-85
LMO7,0.10812289980053694,8.284381934933501e-85
CD46,0.10667941998355158,1.3486627721871567e-82
MS4A15,0.10666438336501174,1.421617163470158e-82
ENSG00000259351,0.10559216836845235,5.967264462632205e-81
GADD45B,0.10441545818834995,3.449435806765346e-79
CIMIP2B,0.10293653169665984,5.294091202724823e-77
MUC1,0.10152822019181187,5.970621296829448e-75
WDR38,0.1012102246980517,1.7196474971656123e-74
LINC01610,0.10107580053515566,2.6866260952208126e-74
RP1,0.10088987100847081,4.9749367886843004e-74
TCIM,0.10060720477244607,1.2665690943911012e-73
GPRC5A,0.10018310670111119,5.1211335634940076e-73
CIBAR2,0.09978504058987349,1.8901472915070793e-72
CFAP90,0.09965073368094883,2.933105813775479e-72
FAM216B,0.09904507996039341,2.1117540248771863e-71
C11orf97,0.09893627046291367,3.0067966738751497e-71
RSPH9,0.09836299227879548,1.922253019238776e-70
DYNLRB2,0.09833618782784605,2.0958800200499438e-70
DNAH12,0.09801322388555135,5.930041835006224e-70
ROPN1L,0.0978467381171237,1.0123102380605043e-69
MORN5,0.09783513561143228,1.0507146532385283e-69
ZMYND10,0.09774910050072098,1.3846399553687412e-69
DBI,0.09727626794575456,6.282242026951376e-69
FOXJ1,0.09623435079312416,1.7139002983020424e-67
CFAP126,0.09621582652772478,1.8170727506760648e-67
CFAP210,0.09560993290829026,1.221796047383213e-66
LRRC46,0.0953755165173573,2.545556911714584e-66
CFAP53,0.09525021331214006,3.7658117410387146e-66
LRRN4,0.0945687048877779,3.1399262998449355e-65
LRRIQ1,0.09449629289795228,3.929989443944466e-65
TEKT2,0.09429355154844597,7.360286546916025e-65
TEKT1,0.09427771827750797,7.729496523964518e-65
CFAP43,0.09355366713372437,7.183707497268253e-64
CAPSL,0.09331378762863735,1.4977881222552272e-63
SNTN,0.09296582832855335,4.33365880898288e-63
DNAI4,0.092238727357887,3.939039904378163e-62
TUBA4B,0.09181349649903893,1.4205232523793532e-61
C22orf15,0.09172332632186876,1.8631096353588967e-61
NFKBIA,0.09164144701743872,2.3828505034959214e-61
CLXN,0.09154913312658691,3.143818789462392e-61
CXCL2,0.09152393237775783,3.390732018601381e-61
RNF145,0.09089916851186318,2.194966570949134e-60
CCDC78,0.09089543444961314,2.2195197021242925e-60
CFAP95,0.09049499570867635,7.297605179913048e-60
CFAP157,0.09043530380275859,8.710410865315594e-60
FABP4,0.09003953090602229,2.807596477038195e-59
CFAP45,0.08979029697992136,5.851601715988743e-59
SCUBE1,0.08966937210355093,8.350236674545596e-59
PRKAR1A,0.0891977436243144,3.326397512041499e-58
SEMA3B,0.0890317628860927,5.400951627883652e-58
FOLR1,0.0886580210209312,1.6032494007350066e-57
SPAG17,0.088567724204949,2.0838427104928364e-57
CTSE,0.08839960708106802,3.392721501074969e-57
ARMC3,0.08839627328483544,3.4256408854570097e-57
ENSG00000248551,0.08837117142747952,3.6839407895587307e-57
ENSG00000231698,0.08794426992346996,1.264288904212915e-56
CDHR4,0.08774452381187271,2.2465890939407794e-56
AGBL4,0.08746831919316678,4.9639755411910015e-56
TSPAN19,0.08725595718013844,9.116081553912688e-56
DNAH6,0.0870278207727053,1.7485378954694468e-55
CFAP299,0.08701909871637012,1.7925642950530536e-55
DRC1,0.08685354644624829,2.8724708470871676e-55
ATF7IP2,0.0868321563877666,3.0527099377763604e-55
AKAP14,0.08671960966410332,4.203800838470687e-55
CFAP276,0.08659281422638081,6.025229196327251e-55
RSPH4A,0.08647321223925568,8.457164571198314e-55
DNAH5,0.0864075293533728,1.018602777429284e-54
DRC3,0.08605900337425613,2.726499178990858e-54
DNAH9,0.08598403723403376,3.3678493601115036e-54
DNAH7,0.0856303755966489,9.101140460172547e-54
PRR29,0.08543771733216976,1.5614770828087834e-53
ENSG00000258752,0.08534947513901876,1.998652614494522e-53
ZFP36,0.08524116833668863,2.704968877076253e-53
SAXO2,0.08517098716717034,3.2902885758511547e-53
NALF1,0.08494741947096167,6.134323154320236e-53
LINC02489,0.08464447602462453,1.4230102963534979e-52
HOATZ,0.08450119209562289,2.1163830003236304e-52
SPAG6,0.08369007348556938,1.9766076748819686e-51
FABP6,0.08364232968517278,2.252901549813335e-51
HYDIN,0.08341905903154608,4.1498511736924247e-51
LDLRAD1,0.0829686252025461,1.416017217666706e-50
CCDC170,0.08125046120633667,1.4377649543660715e-48
CFAP144,0.08105331878146198,2.4278988712536168e-48
C6,0.08073835975905269,5.592502077565278e-48
DTHD1,0.08030592908776095,1.7491674132540698e-47
BLVRB,0.07984884446852629,5.799477888892485e-47
ENSG00000227227,0.0792088035650701,3.0711346129050346e-46
CCBE1,0.07909635296275397,4.110371430510984e-46
ZBBX,0.07900314023528521,5.232040238014828e-46
CCDC146,0.0782717144681403,3.4406550785014875e-45
FRMD4B,0.07798314161965343,7.198804351690308e-45
TMEM132D,0.07709473100822563,6.868764883431541e-44
MRPL14,0.07706782469693797,7.351429677264902e-44
RBMS3,0.0767404694100537,1.6763854744752287e-43
RSPH1,0.07595368488595021,1.1983242839842735e-42
ENSG00000250421,0.07550096850080507,3.6820287696633125e-42
SLC5A9,0.07468354513217126,2.747581989155662e-41
CIMIP1,0.0740967445378391,1.1473299326913448e-40
CFAP54,0.07392032294664518,1.7593634593424034e-40
S100A10,0.0736164424404749,3.665419667001797e-40
MGST3,0.07357812325952887,4.020008669759634e-40
SERTM1,0.07302806974975654,1.505185725474401e-39
SBSPON,0.07287252388171994,2.182466199225515e-39
PIERCE1,0.07265866003233422,3.6327915874306416e-39
FGF14,0.07253211865458072,4.907627104889239e-39
TAGLN,0.07235140821884684,7.534040218700407e-39
KIF9,0.07215191592652231,1.207795506517494e-38
LINC01811,0.07172901055092339,3.2706344283982627e-38
CIMAP1B,0.07165956547210316,3.8497503460193457e-38
VAPA,0.07158684835417436,4.565576583927171e-38
PRSS48,0.07147667579500545,5.909685247249556e-38
ENSG00000255422,0.07124983150444975,1.0040840059093826e-37
KCNIP1,0.07118552100624258,1.1665425488344683e-37
TMEM190,0.07024884370914256,1.0206272753623214e-36
ALPP,0.07014410312231965,1.2984499464782257e-36
SPMIP6,0.06977563374931584,3.0200595374990546e-36
PICSAR,0.06929992573254061,8.92173527806693e-36
RNASEK,0.06872010585527469,3.307510384370137e-35
AKAP9,0.06855131776216201,4.833469521830973e-35
EFHC1,0.06821110460711736,1.0354311456489244e-34
DUSP1,0.06820686808615628,1.0452759577994588e-34
CFAP47,0.06792360452845997,1.9653522692520437e-34
PCM1,0.06744541043036016,5.672441472297417e-34
DNAH3,0.06708631929157687,1.2511706587624676e-33
ENSG00000254459,0.06685667811346095,2.070424691414378e-33
TRAM1,0.06679853464500438,2.351392127249266e-33
WDR54,0.06646683683990172,4.849419916032722e-33
RTN4,0.0662878786948217,7.155655882537513e-33
EPPIN,0.06528758480817556,6.176017147213058e-32
MRPS24,0.06525770326125262,6.583447412027905e-32
ENSG00000254733,0.06462655411558371,2.5207024045764013e-31
FCER1G,0.06435235705352495,4.498573814760361e-31
HLA-DRB5,0.06411096360134726,7.4757296951468926e-31
TMEM35B,0.06378926141273715,1.4666813452999534e-30
MT-ATP8,0.06342512356209305,3.132279978836845e-30
GNMT,0.06328841250243444,4.159994525241082e-30
ENSG00000272234,0.06317067201411926,5.30900436660053e-30
CFAP70,0.06283902119053372,1.0527276365644308e-29
LINC02016,0.06260198588221842,1.7133665578774928e-29
FAM227A,0.06252126162312971,2.0216631680841748e-29
NEK10,0.06225105071915884,3.512153311264015e-29
THSD4-AS1,0.06188733135372842,7.358970213983267e-29
ATP6V0C,0.06186686259718058,7.670786711419966e-29
PGM5P4-AS1,0.06159186670580119,1.3378329465993807e-28
ENSG00000227479,0.060952911568689934,4.825603970572182e-28
FKBP6,0.060818325385432914,6.312076082262061e-28
MGST1,0.06052585839202637,1.1290607349425823e-27
NEK5,0.06042648958211188,1.3748254748966484e-27
HS6ST3,0.059327174578324454,1.1889815066351268e-26
COX17,0.0588286661372826,3.12198387487331e-26
IL32,0.058647332342804996,4.426569954254638e-26
C1QC,0.057770932356008886,2.3572684799099463e-25
ENSG00000239300,0.05693808583095692,1.1288365778770368e-24
CETN2,0.056619842835710234,2.0416237368130183e-24
ENSG00000257181,0.055899351336255176,7.714896135455866e-24
ENSG00000263990,0.055250551243810654,2.517606145371362e-23
ENSG00000250354,0.0549743250395777,4.1484023179502394e-23
ENSG00000236733,0.05398227105341695,2.44343546855676e-22
ACSM6,0.05396235950474637,2.5311414780245488e-22
IFITM2,0.053682871463357255,4.1467235833068833e-22
ENSG00000270050,0.05367388743345208,4.212872572438158e-22
ENSG00000236065,0.05355652024032865,5.179239780974669e-22
RABGAP1L-AS1,0.052781615639860904,2.002467072787875e-21
ENSG00000269043,0.05263314195486378,2.588994626607441e-21
SERPIND1,0.05240898368415138,3.8104961636629336e-21
GGTLC3,0.051967164530394266,8.123677814057039e-21
SRRM2,0.05182079895673669,1.0424708563415495e-20
MORN2,0.051712650493589044,1.2528563094071939e-20
CHST7,0.05101221666771963,4.083233996289007e-20
GPRC5D-AS1,0.05059478395463347,8.194524748031359e-20
ZNF277-AS1,0.05028309720659245,1.3734574163300215e-19
FAM229B,0.05027795807795118,1.3851663593889066e-19
ENSG00000261460,0.05001053707513268,2.1519655930994184e-19
GRIK1,0.04969776262601657,3.5920883042352496e-19
ENSG00000250501,0.049116229039170685,9.234550918302038e-19
RGS7,0.04901885594345588,1.0804774573221649e-18
CHD9NB,0.04841617788954672,2.8364671451117333e-18
CCDC89,0.048399443632536066,2.913022867943454e-18
LRRFIP1,0.048347382108012114,3.164477074682656e-18
ENSG00000265987,0.048230447425451156,3.810032028864322e-18
TBCA,0.04757724551126031,1.0660909933105563e-17
ENSG00000271554,0.04755046835889003,1.1116949371855163e-17
SOX5-AS1,0.046727870459947016,3.9805493592341875e-17
ENSG00000255139,0.04602064222420855,1.1712471642882632e-16
HCST,0.04574893623507179,1.7654704089923923e-16
GABARAP,0.045747926726580276,1.768156317589602e-16
SLC6A4,0.04534451698510071,3.237502904071886e-16
ENSG00000250519,0.04527888687113707,3.570523378205746e-16
FOS,0.045024710303745205,5.210093721775054e-16
C10orf67-AS1,0.044758486215080974,7.722738519440009e-16
CD163,0.0445384964349649,1.0672518161964214e-15
HMGCLL1,0.04452625236344617,1.0865924869560438e-15
ANGPTL7,0.044109694391358624,1.996087542327866e-15
PPP1R15B-AS1,0.043755519410870275,3.333008535084434e-15
ENSG00000274565,0.04370005596380058,3.61032182616183e-15
SPARC,0.04368168507104827,3.707089946652528e-15
ENSG00000235096,0.043380422799579425,5.711361087822236e-15
IGFBP7,0.04309595595611994,8.566840148913687e-15
NGF,0.04263022367138735,1.654509309975403e-14
CCNA1,0.042542132692852,1.8723903108336372e-14
ENSG00000259437,0.04210399106538366,3.451568767396298e-14
AMBP,0.041040837686979345,1.4840257646124285e-13
APLP2,0.040610290423166696,2.651486786472863e-13
ENSG00000231104,0.040317916601354,3.919045362361513e-13
ENSG00000263624,0.04031211287081807,3.9494506862393435e-13
LMNTD1,0.04020813945437915,4.5351031880512755e-13
CYGB,0.040054958980421114,5.556277237788564e-13
DOCK4-AS1,0.03956332034324061,1.060848930095746e-12
P4HA2-AS1,0.03918203034276255,1.7424951856505432e-12
PARAL1,0.038336971771747906,5.1480015187126845e-12
NDUFAF3,0.038213679200212784,6.0179868190681635e-12
TSHR,0.03768984458961105,1.1620326253598882e-11
GRM3,0.037675712837210815,1.182700931921126e-11
RGS6,0.037489571324109225,1.4909692137571267e-11
S1PR4,0.037346994810848015,1.779076699450811e-11
HEPHL1,0.03683975769155604,3.318005375707164e-11
TEK,0.03666226903494949,4.1186155457841773e-11
GGTLC2,0.03660970899147691,4.3900223961427216e-11
MUC3A,0.03645681075450462,5.282923752063511e-11
OCIAD1-AS1,0.03642775112423326,5.471670434736023e-11
RBP2,0.03600143581306542,9.129266544256914e-11
LINC02201,0.03582244847800564,1.1298627752184165e-10
LINC02211,0.035698520525511035,1.308802074051912e-10
ENSG00000275443,0.0356136194839505,1.4470811728505637e-10
ENSG00000259986,0.03554891965182286,1.5619471328510598e-10
KCNA3,0.034775063207076906,3.8544557173264266e-10
MPP1,0.034629055238435534,4.5609240757463867e-10
ENSG00000256469,0.034454181278568516,5.574493668355949e-10
ALCAM,0.03395591368151853,9.822355679262431e-10
COL4A2-AS2,0.033444138812264754,1.7431379181945657e-09
ENSG00000257452,0.03340495527475774,1.8207752569892433e-09
SLCO2B1,0.03337448160052222,1.8834742462854946e-09
XAGE2,0.032986625664246295,2.890548781577949e-09
ENSG00000262873,0.032922488121108144,3.101286613670764e-09
TIMP3,0.03275362069728744,3.730238515719001e-09
ADAMTS3,0.032302794828117924,6.0800981888199265e-09
SPATA24,0.03212169551990551,7.385077959555926e-09
ENSG00000250137,0.03212165822658391,7.385372879189309e-09
KCNIP4,0.03211683781255771,7.423589800537972e-09
TTC3-AS1,0.03153210717399185,1.3808626257994977e-08
ENSG00000233367,0.03142431486949313,1.5464129285336998e-08
MED4-AS1,0.031282081342937675,1.794603178294589e-08
ENSG00000260555,0.031022535397414848,2.3507817527176325e-08
RHD,0.030924834053595848,2.600800998470771e-08
LINC02343,0.030923406823586554,2.6046379975556395e-08
MAP9-AS1,0.030873838163515473,2.7413614461996875e-08
ADORA2A,0.030853137903317455,2.8004970595060387e-08
C1orf127,0.030828619402348212,2.872142643169564e-08
C12orf75,0.030381460174952423,4.537770657352671e-08
CRNDE,0.029781942646560963,8.295818046685175e-08
PAPOLB,0.02971215105413454,8.892859791436546e-08
ENSG00000254263,0.029690559379564895,9.085849144651524e-08
KLK5,0.029645401722205002,9.502669434021103e-08
ENSG00000198358,0.02928813889903878,1.3520033322731917e-07
LINC00165,0.029242970780978924,1.4132325859826473e-07
DYNLRB1,0.029184693624313408,1.4962049247474987e-07
ENSG00000231496,0.029166842042830224,1.522550348740941e-07
KCNA4,0.028908079609775362,1.9586843037312308e-07
ZMYM4-AS1,0.028537177492160736,2.800068482393085e-07
ENSG00000260999,0.028199252769324716,3.863114488653074e-07
ENSG00000229313,0.028076303357616305,4.3391421339555823e-07
LINC02250,0.028027892585775385,4.5416969146064763e-07
CMTM2,0.027929443996573603,4.982117938434416e-07
FGR,0.027903452989200998,5.105095673291721e-07
DDX5,0.02782040018516639,5.517997411469748e-07
EPCAM,0.02756017481744026,7.030823353320856e-07
ENSG00000226900,0.02750538634655054,7.396781748770367e-07
NBAT1,0.027475735603569834,7.602416314758055e-07
SLC11A1,0.02746714218842221,7.663035628164296e-07
HELT,0.027385004071561025,8.266437632552602e-07
ENSG00000226398,0.027194030213119464,9.851389758417281e-07
TUBB4B,0.027148785205743133,1.0267692715048645e-06
ENSG00000228033,0.02694176817262147,1.239832465645942e-06
ENSG00000249207,0.026646752287321503,1.6182855101554058e-06
TMPRSS6,0.02660719762289998,1.6767824167790418e-06
ARAP1-AS2,0.026521092334211762,1.8112310353391227e-06
LINC01732,0.026244737439840165,2.3163383638525333e-06
PCBD1,0.026213693579617357,2.3808800230525415e-06
LINC00332,0.02618806195408254,2.435467269517471e-06
SYNPO2L-AS1,0.02599183266503372,2.895048238897967e-06
ENSG00000223901,0.025988048170801917,2.9046816289535374e-06
JUN,0.0259272979670177,3.06359427301893e-06
IFI30,0.025887038793370946,3.173464864461071e-06
PODN,0.02580785019847213,3.4007048629966253e-06
ATP6V0E1,0.02575673019045444,3.5556001431493066e-06
ARG1,0.025615512325564797,4.019443253768929e-06
LINC01705,0.025456622829616325,4.610620472713018e-06
DPP9-AS1,0.025390444129241505,4.880670767841734e-06
TEX41,0.025354862778326104,5.0320608854208694e-06
NRIP3-DT,0.02525078497009282,5.5011360493649775e-06
TTR,0.02513615134033881,6.066171509304071e-06
BTK,0.024886668928004414,7.493970553972685e-06
HLX-AS1,0.024702874468665616,8.745812627039971e-06
C7,0.024613187371494663,9.426957278699207e-06
PSENEN,0.02441546318255328,1.1112044858920275e-05
ENSG00000259005,0.024355968901586696,1.167296505800637e-05
ENSG00000265399,0.024104635323943947,1.4355006821342903e-05
PLA2G2A,0.024045670575615328,1.506443172910402e-05
ENSG00000254571,0.024043457756670515,1.5091695111673575e-05
SLC5A10,0.02395473703258943,1.6224380098551405e-05
ENSG00000249453,0.02387642750607164,1.7291060350120905e-05
FLVCR2-AS1,0.023758632082645243,1.9022294507616836e-05
LINC02974,0.023717706049404593,1.966152209975644e-05
CCDC102B,0.02371360440400645,1.9726702020517575e-05
DLX4,0.023602862878381037,2.1566321875724858e-05
ITGAX,0.023222795667097076,2.9201932172731407e-05
CCL21,0.0230509144560043,3.344283177306586e-05
CCR3,0.022922947296674625,3.6973445045223716e-05
ENSG00000241720,0.022750228498967053,4.230289915256473e-05
NRG1,0.022747609244799426,4.238906974395237e-05
ENSG00000226526,0.022734167813487364,4.283390432247066e-05
PORCN-DT,0.022728254636771236,4.303099605108453e-05
ENSG00000273262,0.022722773411165496,4.321445848311904e-05
LINC02277,0.02268531873753227,4.448810671399119e-05
EGR1,0.022517566572485947,5.06421229373785e-05
PCSK1N,0.02236917146036514,5.6750769329423826e-05
DPF1,0.02228850334556288,6.035790628141411e-05
WDFY3-AS1,0.022162343366442513,6.643756545314373e-05
TMEM74B,0.02206386204410021,7.158145604389605e-05
ENSG00000261265,0.02200374274225524,7.490443425361468e-05
PEBP1,0.02192603249128791,7.941617263364909e-05
ENSG00000230773,0.021789443691556977,8.797512811394175e-05
ENSG00000253879,0.021641388044315826,9.823360355229875e-05
BGN,0.021574052751515103,0.00010326371686488667
ZSWIM8-AS1,0.021521486728282836,0.00010735845496207937
PACRG-AS3,0.021166266965219907,0.00013931315076186958
BMP8A,0.020890198253555092,0.000170125166636298
HLA-DRB1,0.020819688559640052,0.00017896516793958903
TEX48,0.02068716603534027,0.00019676034961094724
HTT-AS,0.02066084865327446,0.00020048660441761407
PRF1,0.020433124113524895,0.000235614543471865
TESC,0.020311832689440985,0.0002566052727767072
ENSG00000257342,0.020254283711433698,0.0002671667658964187
ENSG00000254707,0.02020961312254559,0.0002756442371305963
PLCXD3,0.020153716436457532,0.0002866073499562023
HAND1,0.020135061411821642,0.0002903561994382733
OR5P3,0.01988096142458939,0.00034621315451556305
ENSG00000237126,0.019825249292325292,0.00035973471578586933
TRAV39,0.019821908643858507,0.0003605609960970671
ENSG00000241169,0.019715122252834196,0.0003879279201027698
RGL4,0.019586817482939094,0.0004233750007747384
ANXA5,0.0195797287627654,0.00042541898852589346
PTPRT,0.019429581407481723,0.00047093813354856046
ENSG00000250027,0.01937515126317587,0.0004885327809809334
RFX4,0.019334302711513252,0.0005021377347812245
RASAL3,0.01929546209635562,0.0005154007930246029
SIGLEC1,0.01926139895735185,0.0005273004863101135
MIR3681HG,0.019149440125979855,0.000568240395230251
PRR16,0.019136118600336812,0.0005733040071080296
CYP4A11,0.019088706956292115,0.0005916683811509305
PNLIPRP3,0.019060665495639537,0.0006027861189332729
PPP1R14A,0.019042671273677286,0.0006100224607428567
HTR2A,0.01901203193165879,0.0006225303114416386
EEF1G,0.018914371224431785,0.0006640084977539788
APC2,0.01883046463174315,0.0007016824621887406
FCN3,0.018766022918202462,0.0007319550140458818
SORCS3,0.018670397568296835,0.0007791184622577389
ENSG00000255084,0.018506666563104575,0.000866475565234094
ENSG00000253858,0.018484500120941456,0.0008789767728690705
ENSG00000242553,0.018198143238060814,0.00105623538560555
KCNAB2,0.018184801102833978,0.0010652502186628064
ZNF45-AS1,0.018107769939116367,0.0011187043265184703
ENSG00000264012,0.01806802232906583,0.0011472462100256251
CLDN6,0.017765713275496624,0.0013873676641371925
LINC01714,0.017751936535431702,0.001399342876614428
MEP1B,0.017724574061704235,0.0014234103772918694
HIRIP3,0.017686427487512858,0.0014576005170918566
ENSG00000256250,0.017655343780957962,0.0014860182132330464
ENSG00000253214,0.01761754058211893,0.0015212667400214446
ENSG00000255164,0.01757672267200803,0.0015601897697384375
LINC02150,0.017562990909826482,0.0015734888312443286
PTH1R,0.017511432513069934,0.001624359608864226
WDR88,0.01750987940911665,0.0016259152237215685
CDH4,0.017418057178632006,0.0017203601555268802
ENSG00000249856,0.01740211127379514,0.0017372667070300971
KRTAP5-11,0.017365731451617586,0.001776411578823161
HLX,0.017237160308228548,0.0019213410520948278
ENSG00000229261,0.01701269795801193,0.002200638062425855
ERICH4,0.016979113067440717,0.002245490543249735
GRIA3,0.01683750753566983,0.0024439643783872186
PCBP2,0.016825064351129022,0.0024621503761508884
ITGAL,0.01681965916091524,0.002470088692434621
ENSG00000234021,0.016818785088098996,0.002471374594233519
CTSS,0.016799114587056872,0.002500475543050876
ENSG00000234255,0.016765888987121252,0.0025503429580859267
ENSG00000254865,0.01674716903666206,0.002578838186502252
LINC00973,0.016448249974917267,0.003075080042265551
CLEC3A,0.016440217162232682,0.0030895431369784886
ENSG00000231628,0.01637496419182097,0.003209349462241078
CCR1,0.016204218468637923,0.003543142231313847
ENSG00000223946,0.0161474931219365,0.0036608376796912266
GLRA1,0.016089641071473558,0.0037845219360180984
LINC01942,0.016034583239586012,0.0039057467243111548
NSG2,0.015794732308316333,0.004476051579817803
CD48,0.01577290873926796,0.004531516783700057
LINC01019,0.015585524095373294,0.005033996112543673
ENSG00000227719,0.015450449008421074,0.005426881800616278
ECH1,0.015447307072088476,0.005436341286909214
AOAH,0.015369162614758194,0.005676452799545211
ENSG00000267417,0.015342121812315796,0.005761741770577078
PGLYRP1,0.015231524180454283,0.006122731757484683
ADGRA2,0.015216919503871381,0.00617189367164481
PIEZO2,0.015155232266427726,0.006383488281672763
AOC3,0.015102011882496023,0.006571261359152442
SLC9A3,0.015098120833548976,0.006585182747756112
SPIN4-AS1,0.015079371879169452,0.006652635193456771
ENSG00000225750,0.015073828447606429,0.006672697233188869
FHL5,0.015049189796909227,0.006762525763671587
F10,0.015002014786508363,0.006937556213363531
ENSG00000248172,0.014996686770514222,0.006957577989621293
ENSG00000255847,0.014960741354823656,0.007094016302994758
PKLR,0.014945223200430765,0.007153657452676325
ENSG00000237076,0.014836710999737148,0.007583434512050758
ENSG00000265205,0.014787367182913916,0.007786413980784099
SGIP1,0.014755958518683948,0.00791813789932552
ENSG00000223720,0.014596800965481958,0.008616791759119205
ENSG00000255921,0.014588068147544675,0.008656674141086264
CACNA1S,0.01457625511514024,0.008710886236338136
PRSS2,0.014559089712462808,0.008790202059857463
LINC01500,0.014532389069217586,0.008914860010319702
LINC02100,0.014409640112179913,0.009508488098456579
P2RX7,0.014317019248179817,0.009979488180183809
LILRA6,0.01430046989661134,0.010065800495854977
DNM3OS,0.014238169545398804,0.010396716823434692
ENSG00000235052,0.014223627547820016,0.010475338273431237
MANSC4,0.014222977823644178,0.010478863324477897
SLC22A10,0.014202446961163559,0.010590797557692957
TRPC5,0.01418436054415092,0.010690284364795268
CALCR,0.014166806487139187,0.010787636595987386
LUM,0.014094738183151262,0.011195626475327432
ENSG00000253690,0.013975293590206224,0.011902055393090038
LINC01478,0.01395337734479554,0.01203588218699342
LAIR2,0.013937398059461422,0.012134295266842888
ACTG2,0.013898675947359555,0.01237574020734803
ENSG00000267601,0.01389244378737679,0.012414994755650516
ENSG00000228613,0.01382727607843544,0.012832119065936494
PIK3R5,0.013813216802479392,0.01292371903849452
TMEM72,0.01376996468264752,0.013209155606279487
ENSG00000272183,0.013553396777055242,0.014723805047555622
LINC02054,0.013532050936052243,0.014881077879205824
GNAS,0.013395550651569622,0.015922234681201092
ENSG00000227107,0.01336786139778928,0.016141082644315644
AUTS2,0.013314431704364143,0.01657085896711377
ENSG00000258851,0.013227217822763336,0.017293994676512298
RTN1,0.013191548760802665,0.017597628942223303
KIR2DL1,0.013165085645944841,0.01782590679658137
CD247,0.013147070827573814,0.017982787847893363
C16orf54,0.013135278477909636,0.018086134591939314
LILRB1,0.013078860150856264,0.018587807511816618
ENSG00000259846,0.01304991750065138,0.01884985997483988
ENSG00000232518,0.01304509462759816,0.018893839849998345
VSTM2B,0.012969839926736615,0.01959180436453818
NUDC,0.012941014266142165,0.019865059571924304
ENSG00000248837,0.012893050558043297,0.02032711266500914
PPFIA2-AS1,0.01287602038819893,0.0204934117078652
HOXC4,0.012866542273821195,0.02058647812761762
LINC02227,0.012866441711042483,0.02058746753469329
ASPN,0.01282676196089318,0.020981115068142278
WASHC5-AS1,0.012796766779798975,0.02128302319532858
CACNA1C,0.012765304562471306,0.021603756231600043
C8orf48,0.012758715808769595,0.021671453787281497
ADAMTSL1,0.012730969975101852,0.021958564143061757
CHRDL1,0.012665371272524914,0.022650564607021806
LINC01756,0.01261725351604511,0.02317013461604605
ADH1B,0.012537866347803676,0.024049978537797813
ENSG00000223842,0.012480742120148073,0.024700873003487243
BCAS3-AS1,0.012461034685676567,0.02492893995066684
CR2,0.012436267164302255,0.025218149424193887
FAM174A,0.012388434581595905,0.02578491628379037
ENSG00000229066,0.01237406989328079,0.025957259633921818
CD22,0.012359748659338983,0.026130072118016004
NXF5,0.012325827926444717,0.02654336102146389
RLN2,0.012324847140232364,0.02655539440204776
FOXD4L1,0.012249434539859818,0.02749486188194875
CCR2,0.012248306223956899,0.02750913304407665
ENSG00000258422,0.012235497230251446,0.0276715922283872
MPEG1,0.012183014608440818,0.028345909515459705
SNX30-DT,0.012174461485947032,0.02845713432702943
DCSTAMP,0.012153007211471605,0.028737781203594593
ENSG00000253778,0.012145573756362885,0.028835573783925136
ANGPTL3,0.012058110764790018,0.03000790006798957
CEBPD,0.012033981631346278,0.030338441514250452
ENSG00000237655,0.012026905483026937,0.030435967836179544
ARGLU1-DT,0.011952962153026507,0.03147129769487791
ENSG00000268069,0.011944079894884326,0.03159767336582935
ENSG00000280486,0.011892624008136288,0.03233837683409585
LINC02384,0.011815106798692701,0.033482295999571726
TMEM132C,0.011783326013914993,0.033961192778484375
CD244,0.011736371290137377,0.034679452560622444
TET2-AS1,0.01168708093320183,0.0354473585729341
ENSG00000228487,0.011673070778825958,0.03566825625914292
TRAV8-5,0.011670762931206892,0.03570475643118228
LINC00844,0.011648898847493618,0.03605213507115499
DPP6,0.011622014596108877,0.036483220555227173
ENSG00000257548,0.011528633535089101,0.03801485625547031
ENSG00000283078,0.011527696808003049,0.03803049331022797
BANCR,0.011411504796693523,0.040013005125041017
SPACA5,0.011378723995773717,0.040587931936226694
FCGR2B,0.01134958026530916,0.0411049353508586
SCN7A,0.011341106116242623,0.0412563077940344
PTGDS,0.01133916887665299,0.041290978639504074
EDDM3B,0.011325619508855175,0.04153416269718804
LAMA2,0.011323803004542762,0.04156685732128805
LINC03084,0.011313142117173916,0.04175917841565528
MMP24OS,0.011298865518179086,0.042017905783387814
ENSG00000267723,0.011226303711648171,0.04335396646701158
ENSG00000259548,0.011160459101564964,0.04459723591706843
ENSG00000275392,0.011128424668956397,0.045212900407997504
ENSG00000232019,0.011104869308046052,0.04567016474761116
SMIM18,0.011098889241206174,0.04578686994218888
ENSG00000230433,0.011075189951125785,0.046251851844126605
ENSG00000269836,0.010987144731043405,0.048014272700465425
GOLGA7B-DT,0.010980028728383776,0.04815914756897728
LINC01166,0.010972084289608395,0.048321322267459624
SNX20,0.010929154861204035,0.0492056237479886
ENSG00000254298,0.01080065327884664,0.051934150356870656
ENSG00000275532,0.0107682646464858,0.0526415004055733
MICALL2-DT,0.010693920750579216,0.05429562780036938
NRP2-AS1,0.01061064433263884,0.05619976837243455
SLA,0.010586997458341157,0.05675048782200253
IL10RA,0.010572899693800323,0.05708094651714836
IRGM,0.010548195292877706,0.057663889708231046
C14orf180,0.010528522339785113,0.05813163928732212
OPN1SW,0.010522579824469358,0.058273548582241826
HDC,0.010510556642120552,0.05856154652838613
LVRN,0.010497806965325781,0.05886823694758052
LINC01117,0.010452263570777751,0.059974680910672803
SCARA5,0.010446320023562881,0.060120339069330196
RPS27L,0.010431623526418056,0.060481764879100654
IGLV8-61,0.01041572084453181,0.06087488061864645
ENSG00000145063,0.01041203344618402,0.06096633512608063
IGKV5-2,0.010386345792759611,0.061606600768743774
IGHV1-46,0.010330517651215848,0.0630173251593688
NHEG1,0.010307954278940814,0.0635950071545757
HBZ,0.010300998400874242,0.06377397572763534
DSCAS,0.01028789337880531,0.06411228644691438
TRIM74,0.010261375100010909,0.0648013984960026
ENSG00000266957,0.010176280822949824,0.06705406383031703
FOLR3,0.01017390873603308,0.06711777109397642
PLN,0.010091802898053219,0.0693537816894637
ENSG00000264659,0.010079475661992304,0.06969471543881597
CYP1A2,0.010078814096560954,0.06971305115296002
LINC02458,0.010054492443157374,0.07038989522985786
C5orf47,0.010022901588807451,0.07127707193342704
LINC02426,0.009972728179709215,0.07270492923161301
ENSG00000264215,0.009904401217294344,0.07468697139596413
PRSS1,0.009897444820300633,0.07489121613722638
ENSG00000231873,0.009790394594651267,0.07809219985939551
CNTN2,0.009790289597944625,0.07809539327112129
ENSG00000238207,0.00974573463157893,0.07946013061455955
FCRL1,0.009742827767828078,0.0795498386804515
ENSG00000234156,0.009715449197898355,0.080398808341274
EPX,0.009677153541325005,0.0815986322934147
RNF113B,0.009665497073948752,0.08196670624915023
NKX6-1,0.009612543949223007,0.0836557844058902
ALX4,0.009601605039814881,0.08400819806863177
ENSG00000228629,0.00958543545238844,0.08453132607414972
LINC01795,0.009562026284665018,0.08529333971185613
PRKCG,0.009550255427208892,0.08567859688298358
FBXO40,0.009549544385552168,0.0857019140642089
A3GALT2,0.009528317748483242,0.08640036378967304
PADI6,0.00945822187180049,0.08873953896542516
ENSG00000256072,0.009416404128348443,0.09015917347341212
PTPRN2-AS1,0.009410857551042026,0.09034883470141998
ENSG00000269667,0.009408677238421441,0.09042347676506321
CSNK1G2-AS1,0.009373698092838174,0.09162776899834878
NXPE4,0.009316389485973287,0.09362866525101152
CFAP20DC-AS1,0.009278208639876844,0.0949810726151541
MSLNL,0.009273039760680977,0.09516535668755167
AGXT2,0.009257215153326084,0.09573132640821863
PM20D1,0.009244903112681734,0.09617352976751872
FBXW7-AS1,0.009203053455942968,0.0976888482499086
ENSG00000224789,0.009194702583562364,0.09799349320010729
ENSG00000236031,0.00911959860296206,0.10076756083676221
LYZL4,0.009113565961070645,0.1009930726256925
ENSG00000231188,0.009032750853022057,0.1040530284262059
LINC01219,0.009030601201318827,0.10413541676700669
ENSG00000248187,0.008981921327324473,0.10601505012474986
CEP295NL,0.008940459986513985,0.10763708848823957
RSPO2,0.008843712467961937,0.11149845031138658
TRGV9,0.00883780172051059,0.11173785648312541
ADAMTS5,0.008824049393254492,0.11229644377306584
MPL,0.008813317890284039,0.1127338598579986
TM4SF19,0.008796073581703253,0.1134395494049177
ENSG00000253557,0.008755963430828616,0.11509443791151786
ENSG00000277621,0.008746560443838158,0.11548512614153146
IGLV3-27,0.00874099248880463,0.11571696225573994
LINC02086,0.008702304304583677,0.11733796126845869
ENSG00000259774,0.008672562110401365,0.11859620749062887
ANGPT4,0.008659431672514215,0.119155047081997
CMKLR1,0.008653322228452989,0.11941577130483513
CELA2A,0.008636626722306966,0.12013054206335166
ENSG00000261229,0.008633164682675838,0.12027917796610839
ENSG00000235140,0.00861205319121471,0.12118867662030194
ENSG00000277856,0.00860508068601323,0.12149023622976692
TAS2R46,0.008598566207772293,0.1217725162240017
TRBC2,0.00858872724202693,0.1221998219354734
ENSG00000253628,0.008566300069763298,0.12317821232015189
IDI2,0.008540993969184752,0.12428952991887873
ENSG00000224330,0.008538785912712371,0.12438686654638995
NPC1L1,0.008529488673261316,0.12479736441443376
CLEC4G,0.008507084979431444,0.1257908865895194
ENSG00000278385,0.00850631490758571,0.12582514569325687
LIPN,0.008498098577966172,0.1261911279977565
ENSG00000250615,0.008490043586516307,0.1265507280077517
TAC1,0.00848471410494642,0.12678909093510485
COX4I2,0.008475359378911243,0.12720832919323438
PSTPIP1,0.008446112722696282,0.1285259970298006
SEMA5A-AS1,0.008443409438101238,0.12864832336919982
CCL13,0.008378393323355906,0.13161770395285763
ENSG00000263424,0.008370024671351891,0.13200374031986228
KCNK9,0.008306204818621755,0.13497659287711888
INHBC,0.008234557667659067,0.13837541151306465
LINC02355,0.008231919324790912,0.1385018173941158
LINC02412,0.008163992259730975,0.1417869950594119
IGHV2-5,0.008152133619781418,0.1423666054905327
KLC2-AS2,0.008148279586142887,0.1425553688528692
SLC5A4,0.008100850118255095,0.14489413364971995
PIWIL3,0.008091030927376652,0.14538197385004029
ARC,0.008079785114561528,0.14594223594111583
ENSG00000273618,0.008067188396366425,0.14657176017122844
LINC03025,0.008058238217740408,0.14702030842451078
CD5L,0.008055126278210542,0.14717651244657007
IGKV3-15,0.00804377094958895,0.14774757032786717
CCL20,0.008036370676583677,0.14812063931878544
LINC02507,0.008008266491261101,0.14954401007259124
RHOA,0.007987898882999642,0.15058205745994918
ENSG00000204684,0.00798135170375773,0.15091690232947794
PLPP7,0.007969767937828148,0.1515107248996959
ZNF679,0.007906628131732263,0.15477881162806462
SNX10,0.007900758191314647,0.15508533635742494
SYT10,0.007874011995082296,0.1564878438057235
GCSAML,0.007872227476922481,0.15658176091559053
ENSG00000268170,0.007867520395090104,0.15682969420238257
RAB3C,0.007864394265551352,0.1569945193401901
ENSG00000282740,0.007807939761052071,0.1599937255721976
ARHGAP15,0.007805220041068322,0.1601392998684748
MSC,0.00779841756615033,0.160503843952505
NOTO,0.007789596610640398,0.16097749169916606
ENSG00000264491,0.0077504752372631195,0.16309087532409042
LINC01649,0.007736083601280918,0.16387357032765004
S100Z,0.00771734582174113,0.16489686947312918
LINC01736,0.007702817692998683,0.16569357832496082
ENSG00000234504,0.00769052065616994,0.1663701963179855
LINC01726,0.007686769536996449,0.16657700653383592
ENSG00000250893,0.00764825073159914,0.16871185467015595
SLC18A2,0.007633900369101346,0.16951242977819939
KIR3DL1,0.00761921220241532,0.17033479671368615
FCER2,0.007585550165570884,0.1722307509083068
SPATA46,0.007575029623697312,0.17282652775993743
ENSG00000270760,0.007550843432182303,0.17420202957420233
ENSG00000273664,0.0075449674061410935,0.17453743827816387
ENSG00000282849,0.007536127144063478,0.17504295613257784
MACROD2-AS1,0.007532545526794085,0.17524807655783947
ADAMTS16,0.007521537705389779,0.17587962077484512
ENSG00000282142,0.007500101795694777,0.17711431633334918
ENSG00000225886,0.007492129003599068,0.17757518794650132
FGF13-AS1,0.007466098407538528,0.17908611784737613
ENSG00000261063,0.007461957673211338,0.1793273429346381
SPRN,0.007448763764536981,0.180097586316533
ENSG00000259094,0.0074370101440271045,0.18078581531256652
GPBAR1,0.007429136874895494,0.1812479227230278
ANKRD30A,0.00741191828645021,0.18226159116748591
SPX,0.007398165173562141,0.18307426037196783
ENSG00000259607,0.007393742095918602,0.1833361891288287
TTC23-AS1,0.007370599522530724,0.18471118950442159
ENSG00000250990,0.0073694760766676885,0.18477813197455983
ENSG00000223623,0.007351428840651245,0.18585596956869285
IGKV1OR2-108,0.00733844590303699,0.18663422099957339
ZFHX4-AS1,0.0073159855895682715,0.1879862666245226
SPP1,0.007313700669888133,0.18812421614157604
ENSG00000262921,0.00727560711071373,0.1904350862900766
MYREM,0.00727226816062899,0.19063862903270745
LINC02196,0.007229541194527875,0.1932574213947958
ENSG00000266718,0.007227797787927019,0.19336483540968105
GRIN3A,0.007226878905979903,0.19342146680989605
ENSG00000267934,0.007224560595057851,0.19356440022439125
ENSG00000223754,0.0071739462394522155,0.1967043411392581
OR2C1,0.007159557893515617,0.1976037166375715
ENOX1-AS2,0.007152952164847766,0.1980176287227214
ENSG00000262115,0.0071421921750502914,0.19869320225572323
ENSG00000235782,0.0071048752878783705,0.20104922255276744
LINC02515,0.007089421508024368,0.2020308494241331
DCTN1-AS1,0.0070727014628683875,0.20309683926199223
ENSG00000269729,0.00705249438337251,0.20439060477437299
CDO1,0.0070186879072110155,0.20656846295501116
XKR3,0.006955053876789791,0.2107134598465996
KCNK15-AS1,0.006940111909178014,0.21169541348207446
OVCH1-AS1,0.0068993959441612795,0.21438795327321886
ENSG00000249175,0.0068854114994479415,0.21531841517552866
ENSG00000249451,0.006813733081310719,0.2201332593244904
IGHV3-64D,0.006808875966059372,0.22046229788480964
LAMC3,0.006804593460522259,0.22075270278008077
TBX22,0.00680293220457706,0.22086542952812563
ENSG00000251408,0.0067995128287560574,0.22109758573623212
ENSG00000248100,0.006798893842375764,0.22113963008845383
PHACTR2-AS1,0.006791570654832346,0.22163748909006062
FAP,0.006787299838446231,0.2219282063849463
C10orf90,0.00677711978555824,0.22262227050043304
NDFIP2-AS1,0.0067595427457562045,0.22382430739699175
HEPN1,0.006754938353571987,0.22413995256441488
CFAP298,0.00673713002183006,0.22536376328613625
ENSG00000230790,0.006728040809899965,0.22599022116303472
ALPK2,0.006688072587746359,0.22875970729860345
LINC01733,0.00663959197066843,0.23215135814095
ENSG00000260569,0.00660945325291078,0.23427773685933637
IGKV6-21,0.006600658589051816,0.23490081981484867
ATP1A1,0.006596401090020643,0.23520287555837116
PLA2G7,0.00658153701934369,0.23625958834033456
SMCO3,0.006520603534167373,0.24062653484483318
MMP2-AS1,0.006497245166129668,0.242315552512679
CLDN5,0.006474904634369042,0.24393875678974225
ENSG00000269292,0.006457239246369557,0.24522767292350076
ENSG00000254578,0.00645482190267088,0.24540442000608836
ENSG00000278831,0.006436407165758424,0.24675376940409674
ULBP3,0.006433276408041496,0.24698369325955302
LINC01310,0.006427870258620298,0.24738107580299176
RAG2,0.00639513094171113,0.24979716473742206
ENSG00000249776,0.006388164900768683,0.25031336293636136
ENSG00000260188,0.006349413021595369,0.25319855445888456
LINC01423,0.006327064507522954,0.25487295810799065
SLN,0.00632168024544152,0.25527750821363077
TIMD4,0.00630823858888372,0.2562894034775027
SLC1A3-AS1,0.006300933923275461,0.2568404694561885
ENSG00000257202,0.006278668169359075,0.2585252764626724
PGR,0.006274181386378481,0.2588657079589407
TXNDC8,0.006267351063129177,0.2593845500388942
RHAG,0.006257003459694433,0.2601719414495667
TVP23A,0.006252987946282918,0.2604779433217456
ENSG00000272154,0.0062450186566726535,0.2610859796331503
PDZRN4,0.006237229829781635,0.26168119477805063
LINC02331,0.006229226394621019,0.2622937863142975
ENSG00000260681,0.0062229323421578,0.2627762351240417
TNN,0.006197982178914317,0.2646947296118234
OR10AD1,0.006187433596761662,0.26550873868823816
RUVBL2,0.006162800549063457,0.2674163207995879
ENSG00000270937,0.006146893894836071,0.2686531261343423
ENSG00000275963,0.006142799479791591,0.26897211776885366
ENSG00000237768,0.006116225409631254,0.27104879561328316
DDX24,0.00609765930042151,0.27250617951339573
ENSG00000267124,0.006054906895860414,0.27588247466438337
C5orf67,0.006048733499316962,0.27637235512618186
ADAM19,0.006048174097016998,0.27641677492920236
ENSG00000275649,0.006047456030525891,0.2764738007273026
SCN10A,0.00604107821708258,0.27698065161404317
IGHV3-30,0.0060254383709300785,0.27822624374734983
LINC00603,0.0059469526559336894,0.2845345430206411
ZPBP,0.005924367472274256,0.2863676226018262
ENSG00000277693,0.005911504815913362,0.2874151506987523
LDB2,0.005892599987337551,0.2889594375755178
GRM8,0.0058868782260787485,0.2894279336420818
ENSG00000253619,0.005884762173450585,0.28960132489406515
MYL6B-AS1,0.0058407581180722,0.29322290963873665
UBE2Q1-AS1,0.005833686766086786,0.2938077123086168
ENSG00000276523,0.005828187371505379,0.29426305406908726
LINC01606,0.005808442401960272,0.2959018053824684
ENSG00000253809,0.005769991393824947,0.2991105816151938
CLEC4F,0.005754846421441677,0.30038079569243564
USP29,0.005747147305914239,0.301027899575856
KCNQ1-AS1,0.005733498929893086,0.3021773140285593
KLRC2,0.005733025143078008,0.3022172669308561
ENSG00000272609,0.0057212349980639825,0.30321262348107625
ENSG00000228622,0.00571046884412862,0.30412343312726514
EOMES,0.005691723766971097,0.30571358606839205
CYLD-AS2,0.005690198861700441,0.3058431864887104
ENSG00000253376,0.005675834780406213,0.3070657651442231
LINC01416,0.00566332313882875,0.30813330966242847
ENSG00000254662,0.005656609830922463,0.3087071275357094
CT55,0.005655191862343144,0.30882841826909013
TRAV12-3,0.005617466741869404,0.3120669321698573
HHLA1,0.005576529453697353,0.31560642485758894
THOC7-AS1,0.00555481371612282,0.317494657416036
LINC01099,0.005547260582043423,0.3181531518129677
ENSG00000270117,0.005545764329544366,0.31828370361486985
XIST,0.005542541042937328,0.31856506269762025
PRKD3-DT,0.005498638096481284,0.3224135407903719
ENSG00000249588,0.005496852380150451,0.3225707137403636
ENSG00000275358,0.005485672501449542,0.32355586603071307
CD209,0.005476482742097859,0.3243671188890874
RGR,0.0054719476604597715,0.32476795410174675
CLVS2,0.005456854624597321,0.3261042795660347
ENSG00000267232,0.005439475980910942,0.3276473913447252
F13A1,0.0054376567622306795,0.32780919981730616
KCNIP4-IT1,0.005425377531065272,0.32890271884573863
LINC00559,0.005393134464910352,0.3317853459298793
CXCR4,0.005389013027552286,0.33215498829579204
SLC1A6,0.005370968399253758,0.3337765011785666
GML,0.005370918513200278,0.3337809910673929
C7orf33,0.005284301145847046,0.3416355370284492
TBX20,0.005207626622725257,0.3486863257149405
PTPN5,0.005189999368955185,0.3503202603379316
ENSG00000203364,0.0051894737401743446,0.35036905723640654
LINC02033,0.00518854796114593,0.3504550126795778
CTSG,0.005181325236247642,0.351126077270675
ADAMTS2,0.005176396587603012,0.3515844659539481
CHIT1,0.005129352325546354,0.3559788747572836
TPSB2,0.005116427995976446,0.35719217582623386
ENSG00000234396,0.005088156382979037,0.35985530430004353
NODAL,0.005085090128167754,0.3601448869087568
CHRD,0.005080197615685248,0.36060724741969885
GRPR,0.005075225225354357,0.36107753814048615
OR10H1,0.005061331106453161,0.36239368759054746
APOBR,0.005050683955228461,0.36340429202919045
CYP7A1,0.00504816981494871,0.36364318584924993
WDR64,0.0049863712318965435,0.36954614501442873
IGLJ2,0.00498532994328689,0.36964611574856676
GDPD4,0.004981422599845154,0.3700213969430387
AGBL5-AS1,0.004967965972924413,0.371315650455207
LINC02965,0.004939681312048979,0.37404520099329575
LINC02327,0.004925837307267721,0.37538569965954394
COQ4,0.0049092615403900225,0.3769946097979997
C12orf50,0.004889366112427834,0.3789313449711603
PANDAR,0.004828504624587713,0.3848938637900605
P2RX5,0.0048196886423680346,0.3857622852600868
LINC00316,0.004805768710772309,0.38713590737403625
ENSG00000235495,0.0047876812058534725,0.38892523644387333
ENSG00000247324,0.00478348827708887,0.3893407447652809
ZNF536,0.00478145413199134,0.38954242050272203
IGHV3-43,0.0047734865992675,0.3903329748797558
THEM5,0.004769845944730366,0.3906945321528277
IGKV1-39,0.0047480407547644595,0.392864284131199
ENSG00000232057,0.004737372109516661,0.39392853594898336
TBX5,0.004736258619032074,0.39403971279334726
HP,0.0047338124943847835,0.3942840136324144
KIR3DL2,0.004717010988913857,0.3959644990335647
CAMK1G,0.004704268088919402,0.3972419228654007
TCF21,0.004701647920162643,0.3975048918355918
ENSG00000237798,0.004692094187722615,0.3984646252964562
VRTN,0.0046446684658280534,0.4032494642310607
ENSG00000278341,0.004633823349328658,0.40434845706465483
ENSG00000255843,0.004618599859828409,0.4058941529595941
ENSG00000259627,0.00461687965379173,0.4060690333180569
WNT8B,0.004601067761631027,0.40767861533665994
RNF182,0.004590716312796572,0.40873440442524955
MLIP-AS1,0.004573345025596655,0.4105098304027668
ENSG00000258811,0.004562916574013771,0.4115778636755735
ENSG00000269321,0.004552848672284546,0.41261053370375333
LINC00355,0.004484852427619494,0.41962505258666216
ENSG00000248629,0.00446525081358483,0.4216601051184603
CDH10,0.0044444476483967476,0.4238262214245352
COL5A2,0.004415394638088655,0.42686221471981
PSMA8,0.004397106160115344,0.4287798150836448
LINC00458,0.004382408220753786,0.43032456133548214
ENSG00000261821,0.004363198538458185,0.4323483515029406
CLECL1P,0.004359291283058331,0.4327606645273181
TRAV12-2,0.00435588560231034,0.433120234455592
ENSG00000267724,0.004346307404529093,0.4341324214736363
ENSG00000237414,0.0043380347155670615,0.43500774634638995
CST5,0.004318920160993415,0.437034129610431
ENSG00000226087,0.004315468024230637,0.4374006781118134
SLC8A1-AS1,0.004306927650486806,0.43830825646546134
PRAME,0.0042919428047471725,0.4399032969029071
AMELY,0.004287299600832819,0.44039821115245226
CAMK2A,0.004275453080169485,0.441662364918165
ENSG00000273341,0.004259953203358011,0.44331950521241914
TNFRSF13B,0.0042510006675601205,0.4442782651785515
ENSG00000234789,0.004242341372661555,0.44520674575052477
ENSG00000269151,0.004237797687975145,0.44569437802954137
ENSG00000255321,0.004219965409027072,0.4476110919709192
CEMP1,0.004219681503804091,0.44764164554709374
LLPH-DT,0.004211938393757538,0.4484754076591374
IGHV4-39,0.00418975152568861,0.4508693203456643
ENSG00000253821,0.0041533533304999055,0.45481222682248057
CD33,0.004148477793330011,0.4553418501887184
ENSG00000250597,0.004147478215435872,0.45545047592637833
ENSG00000248268,0.004144005302274244,0.45582799633458326
NLRP9,0.004132231923972311,0.45710912168899775
POU3F4,0.004085444454865269,0.46222025878848694
ENSG00000248964,0.004077717564938267,0.4630674142147596
ADAMTS20,0.0040753400603453435,0.463328251442081
SLC38A8,0.0040384795144665035,0.46738269878564365
ENSG00000272784,0.004014890997660698,0.4699875851184038
MX1-AS1,0.004004210608225256,0.4711696562335326
DPPA2,0.003979938131033477,0.47386214441501695
FFAR1,0.0039784567481837025,0.4740267440860432
C1QTNF5,0.0039606571751405065,0.47600694833701873
IGKV1D-33,0.003951400988664445,0.4770384893176507
PROK2,0.003929325898582344,0.4795035442539253
LINC01625,0.003923670728161638,0.48013615554408384
TMEM119,0.003914138310352313,0.4812035211904636
ENSG00000275248,0.0039043227891852094,0.48230393497855584
PP12613,0.003903541170047497,0.4823916207197916
ENSG00000258807,0.0038718454584654913,0.48595468533128094
NTN3,0.0038680660793118187,0.486380491093132
LINC03017,0.003863103529649078,0.4869399055556477
MAST3-AS1,0.0038507736121250143,0.48833132629757425
ENSG00000269495,0.003839836604232739,0.4895673503141764
KCNC2,0.00382010687491165,0.491801318485101
NAV2-AS5,0.003810424230977768,0.49289966785112904
CD180,0.003805599530446204,0.49344744733138046
LINC00635,0.0037894470784894806,0.49528370961440504
ENSG00000234162,0.003785855448165493,0.4956925130241725
RIT2,0.0037700483349757457,0.4974938350951571
ENSG00000225284,0.0037335737751125605,0.5016636100216879
NANOGP11,0.003702672331017877,0.5052106898832815
LINC00159,0.0037002012882453882,0.5054949024816198
ENSG00000264449,0.003695503178446087,0.5060354983534296
ENSG00000227713,0.0036795759710901155,0.5078704502371464
ENSG00000267448,0.0036725262629866916,0.5086837508679021
LINC01522,0.0036596895956695374,0.5101664245245757
TBC1D3E,0.003619371418698637,0.5148379530369898
LINC03070,0.0036157164819935524,0.5152625339730759
IL2,0.0035762268872938183,0.5198614661398939
ENSG00000282143,0.003566670938415949,0.5209775185278452
LINGO4,0.0035567564210073,0.5221367512893513
LINC03066,0.0034664551108539664,0.5327557248576642
ENSG00000237471,0.003450224188234522,0.5346759187830746
ENSG00000226239,0.0034466025048758638,0.5351048567981279
GABRG1,0.0034338275218531783,0.5366192597841423
ENSG00000272498,0.003422578478680609,0.5379545536870836
WFDC11,0.003405546735860888,0.5399794400276988
ENSG00000260111,0.0033623008849073314,0.5451379717927125
ENSG00000253722,0.0033575688433740824,0.5457039092934779
DBET,0.0033557685797099557,0.5459192917402692
IDH2-DT,0.003319404865888575,0.550278826653003
LINC02391,0.003318500889121722,0.5503874196672215
DIRAS1,0.003314869117337613,0.5508238038331283
CABP5,0.0033134093895234246,0.550999248842879
DNTT,0.003271405094396399,0.5560594961135397
ASB5,0.003270452256378667,0.5561745467583594
ENSG00000268981,0.0032602796305878116,0.5574035659969037
GPR171,0.003245923460032947,0.5591402721165233
SLC12A1,0.0032286764737646956,0.5612301555923441
BSN-DT,0.003227086284590291,0.5614230350356455
ENSG00000271398,0.003221990729134814,0.5620413081284661
TMEM100,0.0032139494993678828,0.5630176655504767
CPA5,0.0031825870857024926,0.5668334547248098
ENSG00000262006,0.0031802095811095687,0.5671232247302217
UTS2B,0.0031793859534495826,0.5672236249314189
IGFBP7-AS1,0.0031075914717478854,0.5760079238172782
A2M,0.0030986532619233934,0.5771060232770288
ENSG00000269506,0.0030932554904927845,0.5777696411856473
ENSG00000236154,0.003080871269219568,0.5792935494225953
ENSG00000234826,0.0030762237466106504,0.5798659247207085
ENSG00000280241,0.003036292160690885,0.5847946750675305
BRINP3,0.0029974101783713796,0.5896125057366046
HOXA9,0.002988465795762231,0.5907233793348694
ENSG00000233633,0.002927640699242886,0.5983031373397951
SRSF5,0.002927018111941139,0.5983809492062674
ENSG00000228137,0.0028973462544146494,0.6020946927323892
LEFTY2,0.0028797922087747552,0.6042966444571165
FCRL5,0.0028756355881934003,0.6048185732166742
ENSG00000262171,0.0028544556945779764,0.6074811736370441
CASC6,0.0028201334521993516,0.6118070121224259
LINC00161,0.002803754584704749,0.6138761333238063
CD300LB,0.0027752574967223093,0.6174834651079865
ABRA,0.00277299886590434,0.6177697726704177
NFE4,0.002744185532167034,0.6214272794094458
TM6SF2,0.0027356162222328365,0.6225168628351683
ENSG00000249412,0.002700927450680389,0.626935956262653
RSPO3,0.0026736387081539854,0.6304217836784768
RGS13,0.002609966542427412,0.6385871325647737
MEIOSIN,0.002600165162100002,0.6398480003351156
IGLV2-23,0.002590993783607056,0.6410287663251313
ENSG00000260304,0.0025690771883496418,0.6438540874898583
NLRP2B,0.0025643483751401175,0.6444643676617039
CD55,0.002524482841843402,0.64961873435917
ENSG00000243433,0.002517242096223416,0.6505567296136466
CNMD,0.0025163751777889736,0.6506690708537612
KRT79,0.0025129011008367752,0.6511193451911862
ENSG00000250230,0.0024966531289825123,0.6532269289715325
TBC1D3I,0.002481544352414838,0.6551892296685158
ENSG00000254839,0.0024550706802678388,0.6586333235756135
MMP9,0.0024438819595247645,0.6600911059456429
LINC02112,0.002426037749668811,0.6624187044572873
ENSG00000258820,0.0024197879627267526,0.6632346996648926
P2RY8,0.0024050564997725125,0.6651596737050841
ENSG00000274294,0.0024026114128235542,0.6654793896247226
TRPC4,0.00236651143338972,0.6702068206993834
ENSG00000260810,0.0023508378063204025,0.6722634293980573
ENSG00000233288,0.002341784526334646,0.67345247147306
MPO,0.002318419961200551,0.6765248997200346
LINC00678,0.0023105531780720796,0.6775605937102354
ENSG00000268184,0.0023080183172946244,0.6778944484228802
ENSG00000248747,0.002302386957766363,0.6786363548443861
SLC14A2-AS1,0.0022757293808460506,0.6821525888518258
LINC01801,0.0022672381357815583,0.6832740710057745
ENSG00000259575,0.0022616587006185768,0.6840113564183816
MEPE,0.002194722812170317,0.6928798051908959
GFAP,0.0021916962036823257,0.6932818131385042
CYLD-AS1,0.002184594494322045,0.6942254334619322
FRMD4A-AS1,0.002157379759326948,0.6978458962965903
IFNG,0.0021476458548067966,0.6991425053033989
TRIM58,0.0021453214776351315,0.6994522549748423
ENSG00000260467,0.00213843589740198,0.7003701301746975
ENSG00000241884,0.002106829022459147,0.7045890503264802
ENSG00000257386,0.0020944772049448124,0.7062402658210436
FCGR3B,0.0020875315009509883,0.7071693896613018
DCXR,0.0020568557790571177,0.7112780699169783
ENSG00000254691,0.002053617761170255,0.711712259502579
LINC02496,0.0020460001107420094,0.7127340876240149
LINC02129,0.0020451926152555734,0.7128424349646476
MYB-AS1,0.0020367129205541732,0.7139805646952029
IGKV1D-13,0.0020098829452428755,0.717585820170648
ENSG00000234136,0.0020035459307101893,0.7184382737925845
MS4A3,0.001996874170011384,0.719336136182084
ENSG00000235480,0.0019952823016824656,0.7195504215857491
ENSG00000253356,0.001992842012310851,0.7198789578691636
ENSG00000248475,0.0019897722725627925,0.7202923105641621
ENSG00000264151,0.001985947450543011,0.7208074524933034
HTR1E,0.0019384749133418257,0.7272117186622118
ENSG00000267437,0.001937812089617412,0.7273012729145544
OTOGL,0.0019366699176441811,0.7274556007482453
IL2RA,0.0019329353238286358,0.7279602882128214
POTEC,0.001905061834506257,0.7317307831220821
NETO1,0.0018890657449572297,0.7338975375817416
ENSG00000254400,0.001881183571330279,0.7349660005952798
IFNG-AS1,0.0018799610188937814,0.7351317689265899
SMIM28,0.0018696886514307583,0.7365251064550233
ENSG00000232739,0.001867732831788743,0.7367904909757015
CLEC3B,0.001867590082084436,0.7368098618655509
ENSG00000260620,0.001864747006146008,0.7371956972080547
ENSG00000253660,0.0018565477902511283,0.7383087878306243
SLAMF1,0.0018558117938235962,0.73840873044511
RIPPLY1,0.001840485742997062,0.7404908915469526
ENSG00000269652,0.0018321053577578248,0.7416302364867845
NOL4L-DT,0.0018277813556948571,0.7422183225975717
ENSG00000250977,0.0018130498866011033,0.7442230048466214
SIRPD,0.0017919980012857772,0.7470907870119273
CRCT1,0.0017745613411878148,0.7494687427578499
IGKV3D-20,0.0017745318261770697,0.7494727699472208
NFIA-AS2,0.001765317054569199,0.7507304171741794
ENSG00000261020,0.001755561035684019,0.752062656834003
ENSG00000240687,0.0017408059632804758,0.7540789485646685
ENSG00000261448,0.0017303282904716773,0.7555117498814192
ENSG00000254054,0.0017143237780289564,0.7577019584062533
HNRNPDL,0.001698679517228209,0.7598447483642294
CCDC26,0.0016850544812435722,0.7617124691730875
LINC02208,0.0016299597142959902,0.7692789226001024
ENSG00000254287,0.001611718775246362,0.7717889353352778
ASTN1,0.001607894969963694,0.7723154073530141
ENSG00000229855,0.0015902515680176295,0.7747459535727577
IGHV3-66,0.0015901790548969682,0.7747559475180565
IGLV6-57,0.0015800969916601553,0.7761458460643911
MEP1A,0.001564107004951546,0.7783516713568003
ENSG00000228417,0.0015577877774061958,0.7792239050567311
SCGB2A2,0.0015384837609863358,0.7818901279639332
CCL2,0.0015344294176193522,0.7824504307941923
LINC01531,0.0015288764539798795,0.783218023333976
ENSG00000248469,0.0015236181889193578,0.7839450739119065
LINC01780,0.0015134832623396408,0.7853469431315706
ITIH1,0.001486831934799661,0.7890366837154981
ENSG00000260545,0.0014594194039922578,0.7928367507410956
LINC02202,0.0014553985637149433,0.7933945567820035
PI15,0.0014248833118340072,0.797631324756587
KCNT1,0.0013772034845903932,0.8042631451847191
BFSP2-AS1,0.0013767951063638738,0.8043200084239456
ENSG00000275431,0.0013725410699196514,0.8049124087916368
ENSG00000275197,0.001361673253471779,0.8064263259880851
SLC35F4,0.0013404926757361304,0.809378919930517
MUSTN1,0.0013192063579582814,0.8123489903190808
ENSG00000275345,0.0012994306448573182,0.8151107087427134
ENSG00000230536,0.001284695273123425,0.817170029875776
RHO,0.0012831205231146599,0.8173901817738205
TRAV20,0.0012679384038601655,0.8195133962877521
PIK3R6,0.0012605647527645543,0.8205450776104364
LINC01449,0.0012254116074351604,0.8254677551917021
PTGES3,0.0012239862789863978,0.8256674975608657
ENSG00000227061,0.0012135122263632427,0.8271356534094342
ENSG00000231868,0.001209895115795221,0.8276428071773239
MORC1,0.0011931579699142455,0.8299904489057854
NHS-AS1,0.001190079802986816,0.8304223750197102
SOX18,0.0011506528044915969,0.8359592296746184
SEL1L2,0.0011356525025075228,0.8380679202768442
CHUK-DT,0.0011205067992022765,0.8401982313603275
LINC02252,0.0010991569750710055,0.8432031651531222
ENSG00000254639,0.0010955787797886246,0.843707011760988
ENSG00000253784,0.001094906194134103,0.8438017258695161
COL15A1,0.0010832603885038256,0.8454420555342592
ENSG00000261573,0.0010759252611943872,0.8464755639744679
CADM3-AS1,0.0010720422740203438,0.847022778086614
ITGAD,0.0010656737362423115,0.8479204306628256
TRAV38-2DV8,0.0010590789557540197,0.848850180326532
UPK1A,0.0010533631745358262,0.8496561765105922
CCDC39-AS1,0.0010149633971014247,0.8550750561528743
ENSG00000260650,0.000983704207584202,0.859491338322864
ENSG00000236326,0.0009748441289740107,0.8607438917891213
SIT1,0.0009646409438908662,0.862186754725629
ENSG00000266106,0.0009588133002444626,0.8630110659263238
CLMAT3,0.0009437917390848683,0.8651365282187149
LINC01659,0.0009348821798996096,0.8663976403659857
TRAV13-1,0.0009337636840061586,0.866555983045443
ENSG00000250735,0.0009229862853879926,0.8680819860264991
TRAV3,0.0009073151902745084,0.8703017772768122
ENSG00000230684,0.0009024718965682762,0.8709880314407701
ENSG00000235872,0.0008445292862721726,0.8792054026938131
IGHV1-69,0.000811660314254634,0.8838727009677618
PRG2,0.000795785304513728,0.8861283605794512
TIFAB,0.0007854868637154235,0.8875921474205938
ENSG00000229495,0.0007631812051680937,0.8907639093367352
RAB39B,0.0007607928869188891,0.8911036217318806
VIM,0.0007076213872174449,0.8986717545757001
ENSG00000257543,0.0007063254720443105,0.8988563258123861
ENSG00000250258,0.0007022365096541265,0.8994387337334415
LINC01798,0.0006922479824049674,0.9008616683176146
TBC1D10C,0.0006879981292769858,0.9014671860919394
TPTE,0.0006690102046482696,0.904173275198423
LINC00702,0.0006624157514572999,0.9051133544557026
ANO2,0.0006381592308804869,0.9085724026447454
TRBV20-1,0.000630329284761408,0.9096893484327004
FLJ40288,0.0005957150343779137,0.9146291979520875
WDFY4,0.0005943741115559667,0.9148206305873845
OR52N1,0.0005816145285285066,0.9166424580050614
PRSS57,0.0005798358649109889,0.9168964525583616
SLC39A5,0.0005770151747022529,0.9172992667049371
ENSG00000255146,0.0005517397261176019,0.9209097115684932
IGKV3-11,0.0005414795701908591,0.9223757822842465
LILRB5,0.0005411111386750901,0.9224284322926755
CD8A,0.0005376670527707933,0.922920619278859
MBD3L1,0.0004912324829239641,0.9295592901591192
ENSG00000275063,0.0004597399744257643,0.9340645398330869
MSMP,0.0004453617561479003,0.9361221675704774
ENSG00000259929,0.0004142847821508387,0.9405709486001449
PPP1R3B-DT,0.0004139127396080928,0.9406242193468165
ENSG00000243243,0.00041321780660678604,0.9407237237320795
NKAIN1,0.0004021008932099966,0.9423156301722191
ENSG00000229192,0.0003688103999772895,0.9470840754268314
ENSG00000229679,0.000321854077313839,0.9538131631358213
C4orf50,0.0003160272900157687,0.9546484118510699
LINC00488,0.0002869259867891463,0.958820704884582
XCR1,0.0002781721482581765,0.9600759804508385
ENSG00000260051,0.0002696795914551836,0.9612938835873814
ENSG00000256658,0.00021329077658049404,0.9693826633268683
AIRE,0.00019542410320239035,0.9719462724562551
SPACA3,0.00017007512479474656,0.975583975137405
KCNMA1-AS3,0.00015973370412205714,0.9770681698538908
ENSG00000254533,0.00012726004638023233,0.9817292627047869
LINC02566,0.00011964011670759698,0.9828230823554688
CD1A,0.00010161308499022785,0.985410937312308
NTSR1,9.670226694047931e-05,0.986115933301885
ENSG00000276473,7.994359193705953e-05,0.9885218833978071
LINC01303,6.766794413203137e-05,0.990284297593252
ENSG00000250945,6.433447691714992e-05,0.9907628918743763
CYTIP,4.060421861011242e-05,0.9941699907051109
ENSG00000225096,2.229435802920854e-05,0.9967989256571447
IGDCC4,1.6251127891565194e-05,0.9976666233731684
ENSG00000258749,4.730828156125213e-06,0.9993207352548429
GZMA,-2.604638833364837e-06,0.9996260190765952
LINC02388,-2.263425913476461e-05,0.9967501221555997
ENSG00000260473,-3.4878437179410126e-05,0.9949920945602847
ENSG00000283075,-3.5770221035999337e-05,0.9948640524610037
IGLV1-47,-5.1757967014162965e-05,0.9925685615576948
MOXD1,-6.484508234925551e-05,0.990689582747023
IGLV7-43,-8.424915249085694e-05,0.9879037470913051
LINC00254,-0.00013581494987076654,0.9805012711974597
UBXN7-AS1,-0.0001375648672697624,0.9802500894247315
ENSG00000233183,-0.00016191316066005857,0.9767553687362281
PCSK6-AS1,-0.0001741654361147284,0.9749969590643983
ENSG00000278642,-0.00017686961782204018,0.974608879119145
RAB5C-AS1,-0.00017958220060736117,0.9742195995650336
LINC03095,-0.0002294371336851065,0.9670661660735458
ENSG00000261240,-0.00022956115651413553,0.9670483737269046
ENSG00000234961,-0.00023275104497850332,0.9665907571770237
ENSG00000234699,-0.000246846451568967,0.9645687853452487
ENSG00000258515,-0.00024783198510274884,0.9644274199258398
ENSG00000229672,-0.00025549165166025586,0.9633287520073367
SHCBP1L,-0.00025769227315638066,0.9630131175985271
LINC01850,-0.0002609803422758312,0.9625415217540729
LINC03022,-0.0002716345892129309,0.9610135125753034
LINC00544,-0.0002846647862445474,0.9591449449612616
NAMPT-AS1,-0.00030297652269591595,0.956519371100809
ENSG00000273093,-0.00030968580980729487,0.9555574964879798
ENSG00000231724,-0.00031371567039267865,0.9549797879462771
LINC-ROR,-0.0003143008888173118,0.9548958947744706
ENSG00000236304,-0.00036713320467809187,0.9473243641994877
TSTD1,-0.000372746461110435,0.9465201819237379
CALHM5,-0.0003794590269285886,0.9455585788711379
ENSG00000268636,-0.0003890051145248827,0.944191198939129
LINC01702,-0.00039820780162443825,0.9428731632409604
TRAV1-2,-0.0004396644122335751,0.9369376177757263
LINC02906,-0.0004674073131915359,0.9329674669914617
CSNK1A1L,-0.00047108976745560243,0.9324406121483639
ENSG00000223989,-0.0004772736975666111,0.9315559337009327
LINC00345,-0.00048301111275341857,0.9307352096561166
ENSG00000270574,-0.0004904539168220561,0.9296706435193818
ENSG00000217455,-0.0004921741624282187,0.9294246095687433
IGLV3-21,-0.0004965730034547646,0.928795506744837
ENSG00000249892,-0.0005197103599137058,0.9254872458666588
IGLV2-11,-0.0005242909538838504,0.924832447302219
ENSG00000258690,-0.0005605171909242599,0.9196557152496848
LINC01046,-0.0005616785427984284,0.9194898131073057
GIMAP4,-0.0005861988824375304,0.915987847975893
LINC01525,-0.0005905452384759414,0.9153672747853919
ENSG00000255240,-0.000602548814434035,0.9136536719608588
BHLHE22,-0.0006137263540227606,0.9120583528444741
ENSG00000229728,-0.0006216468760507568,0.9109281070856677
ADCYAP1,-0.0006295418225487522,0.9098016902333038
ENSG00000259390,-0.0006463299454353069,0.9074070387813518
LINC01744,-0.0006478961188483381,0.9071836829714104
ZNF534,-0.0006549032355114476,0.9061844710939249
ENSG00000271803,-0.0006799480044695843,0.9026143222881295
ENSG00000226842,-0.0006840134395996866,0.9020349755451914
IGKV2D-28,-0.0006880034273911652,0.9014664311824852
DPM3,-0.0007107024370203665,0.8982329568491282
SLC22A2,-0.0007110316360597449,0.8981860747348579
FAM162B,-0.0007133544596464853,0.8978552853340109
ENSG00000273747,-0.0007201373595988071,0.8968894457521237
TBX21,-0.0007218859928747092,0.8966404767804522
LINC02092,-0.0007285815154743605,0.8956872680604449
SEPTIN14P23,-0.0007332012525928683,0.8950296664400381
GFRA2,-0.0007655200292650101,0.8904312563795103
ENSG00000260855,-0.0007716849763224256,0.8895545032402867
SNAI1,-0.0007987694170560044,0.8857042809015179
ENSG00000225798,-0.0008270744102633333,0.8816834322104782
TMOD4,-0.0008281066799917769,0.8815368507260604
IGHA2,-0.0008398508476928836,0.8798694750868816
ENSG00000257964,-0.0008657088598983435,0.8762001765654204
LRRN2,-0.000874647628873597,0.874932363644733
MS4A8,-0.000890942290886253,0.8726220699466063
CLEC17A,-0.0009049376856815846,0.8706386375998768
ENSG00000261393,-0.0009087582939162598,0.8700973204331801
FOLR2,-0.0009118635290666075,0.8696574046527715
SVEP1,-0.0009335859837589607,0.8665811401202584
SLEAR,-0.000936490991708712,0.8661698942865856
MEIOB,-0.0009485806924522106,0.8644588128692688
ENSG00000257359,-0.0009518170183575525,0.8640008761557303
TRGV2,-0.000982916851144164,0.8596026330075828
FCRL3,-0.0010011647079918393,0.8570239767523471
ASTL,-0.0010210964772390373,0.8542091056676749
SLC6A5,-0.0010398610713300046,0.8515607634824784
FLI1,-0.0010621692301562525,0.8484144789747858
IGLV2-18,-0.001069666573133919,0.8473576126594544
ABI3,-0.0010784958430724008,0.8461133426874949
ENSG00000269752,-0.0010808730255579386,0.8457784022912278
IGHV3-20,-0.0011024029753730444,0.8427461505075015
PLCL2-AS1,-0.0011224863534248196,0.8399197313320468
ENSG00000249713,-0.0011397162642328004,0.8374965351737573
DLX2,-0.0011421136151225821,0.8371594958868628
NLRP6,-0.001147176268498992,0.8364478447306783
TCEA1,-0.0011563457446561022,0.8351592434719153
OTOG,-0.0011723662769367725,0.8329089158760465
GNRH2,-0.0011800863017216619,0.831825008314109
IGLV1-40,-0.0011817447978780446,0.8315921936508037
ENSG00000223446,-0.0012156822956449005,0.8268314233596183
ENSG00000269972,-0.0012323870424230266,0.8244903963551002
DCDC2C,-0.0012561633468704664,0.8211610466143753
ENSG00000257264,-0.0012586275828819326,0.8208161675119711
CNBD1,-0.001263347205482212,0.8201557353184978
SLC17A7,-0.0012664326411642676,0.8197240491293898
OLIG2,-0.0012734508975847587,0.818742321934057
C5orf46,-0.0013221702664877176,0.8119352746339573
MPZ,-0.001367183003705444,0.8056587113560361
ENSG00000248516,-0.001396990337142116,0.801509238248657
LINC01485,-0.001413490993324036,0.799214582322749
LINC00399,-0.001414318044715488,0.7990996142481263
IGKV2-24,-0.0014242706311722996,0.7977164514805111
TRBV5-4,-0.0014825607423321894,0.7896284510840003
KCNMB1,-0.0014881043014967044,0.7888604227090453
OR2K2,-0.0014985528432344371,0.7874133953562426
ENSG00000256084,-0.0015512719130790298,0.780123571432126
FYN,-0.0015533525406594797,0.7798362604181462
EBF1,-0.0015795371485273057,0.7762230462796227
LINC02073,-0.0016187935645203373,0.7708151360824884
OC90,-0.0016847591921605595,0.7617529628351517
LINC00629,-0.0017091691402137178,0.7584077829594508
ENSG00000249022,-0.0017100524886041666,0.7582868117503956
SHD,-0.001724971975014167,0.756244540879545
LINC01864,-0.0017799396830398306,0.7487350065293527
ICOS,-0.0017833777660827244,0.748266087761178
OTP,-0.001807278595054802,0.7450088451602395
ENSG00000255299,-0.001807795054844361,0.7449385112667763
ENSG00000230285,-0.001816093729550711,0.7438086511633866
ENSG00000228142,-0.0018216363887586676,0.7430543280081846
LINC01104,-0.001822993018113803,0.7428697363102803
ENSG00000237531,-0.0018243001887916068,0.7426918882612406
CALY,-0.0018270829592036814,0.7423133221742586
ENSG00000255931,-0.0018363065182945672,0.7410590019172378
ENSG00000266897,-0.0018379508818967465,0.7408354555511715
OR1K1,-0.0018599247706970834,0.7378502767582966
LCNL1,-0.0018713933027050698,0.7362938285154885
ENSG00000232072,-0.0018715983999589812,0.7362660036301312
MS4A12,-0.0018858512266302257,0.7343332174753361
SCHLAP1,-0.0018939724546153092,0.7332326716742066
ENSG00000260695,-0.001894573972486076,0.7331511789315117
ENSG00000267366,-0.0018980486911470908,0.7326804881245819
FAM180A,-0.0019326038054762668,0.7280050948155605
KCNS2,-0.0019486622019750904,0.7258357813469787
GABRA6,-0.0019546059634573997,0.7250334005382706
ENSG00000276188,-0.0019704371224867814,0.7228977405869748
LRRTM4,-0.0019717153798290274,0.722725394592648
TRBV27,-0.001972051744492824,0.7226800452620294
ENSG00000228005,-0.0019791817779762637,0.7217189898376517
LINC02324,-0.0019878236691585737,0.7205547402131336
ENSG00000230113,-0.002040445477492813,0.7134795088753856
MAFA-AS1,-0.0020415804539783288,0.7133271749182896
SEMA4A,-0.0020653984197592542,0.7101330269797994
LINC00334,-0.002075383748260615,0.708795437507118
FAM180B,-0.002113348008321582,0.70371813965206
ENSG00000272791,-0.0021140675398762113,0.7036220368730741
RIMBP3C,-0.0021400513217054483,0.7001547483497246
IGHV2-26,-0.002140381234723035,0.7001107645622466
DNPH1,-0.0021860549543861497,0.6940313400281053
ENSG00000231964,-0.002195595043428585,0.6927639675006059
QRFPR,-0.0022012720649732336,0.6920101996638451
ENSG00000247049,-0.0022090822948319854,0.690973693126016
IGKV1-33,-0.002225900635226046,0.6887436754840028
LINGO1,-0.0022275961230918268,0.6885190129251892
ENSG00000231393,-0.0022276458010672784,0.6885124307024559
ENSG00000248223,-0.002229747277914865,0.6882340112408262
ENSG00000233271,-0.002235548793469279,0.6874656022024099
GTSF1,-0.002237665290185216,0.6871853531199241
ENSG00000258260,-0.0022379512858020454,0.6871474872284946
GFI1,-0.002240537761268101,0.6868050728810726
ELFN1-AS1,-0.0022446615237940912,0.6862592754382533
SLC7A3,-0.0022446615237940912,0.6862592754382533
COL1A2,-0.0022486169631395865,0.6857359099743803
SLAMF6,-0.0022721170616860293,0.6826296006990406
GADL1,-0.0022793306239469904,0.6816771659953287
MS4A4E,-0.002279918997963645,0.6815995030275853
ENSG00000279182,-0.002319567275846787,0.6763739021354351
ENSG00000268505,-0.0023291321506323675,0.6751155800235669
SDS,-0.002330088553227478,0.6749898088326542
ENSG00000256339,-0.0023347759381281558,0.6743735281906188
ENSG00000272911,-0.002335369645159515,0.6742954852817391
TCP10L3,-0.0023390266223757006,0.6738148521794547
ENSG00000228587,-0.0023421392121039633,0.6734058722736267
ENSG00000255655,-0.0023731972591017328,0.6693302931200316
IGHV1-69D,-0.0023976818638126816,0.6661241549779922
IBSP,-0.002400550490094307,0.6657489200481076
FASLG,-0.002413842481271075,0.6640113346283741
CPSF4L,-0.0024222037638383445,0.6629192363352379
NCR1,-0.0024259477389640747,0.6624304537456898
ENSG00000264622,-0.0024491269187855297,0.6594075772719408
PLA2G5,-0.00247189451956465,0.6564437808274054
ITIH3,-0.002533243416735328,0.6484845964756396
LINC02044,-0.0025387688190114353,0.6477697006202248
DSG1,-0.0026183826737872532,0.6375052988149063
TRBC1,-0.0026265956853488187,0.6364503186572477
PTGDR2,-0.0026266631957858493,0.6364416498371718
KRT36,-0.0026306534355807366,0.635929363133861
LINC00858,-0.0026502430486840768,0.6334168811667213
PROX2,-0.0026739982103464247,0.6303758076110899
CTAGE15,-0.002685596276349782,0.6288933212004544
ENSG00000272678,-0.0026891681181286393,0.6284370625064837
ARL6IP5,-0.0026943345967439343,0.627777359734873
ENSG00000228427,-0.002698479690414017,0.6272482915728441
SERPINB12,-0.00269935927719075,0.6271360482116392
TRBV6-6,-0.0026999536533389807,0.6270602052352057
ISLR2,-0.002739626402920129,0.6220068672638583
PMP2,-0.0027469093690492235,0.6210811185480737
ENSG00000273450,-0.0027474592595301143,0.621011245474008
IER3-AS1,-0.002749595967089655,0.6207397723613125
PRR13,-0.002752319256946388,0.6203938476133233
TNFRSF10A-AS1,-0.002752496861602225,0.620371290372044
IGLV9-49,-0.0027625009231432127,0.6191012699362402
ENSG00000259276,-0.0027642788601216707,0.6188756787833622
ENSG00000271893,-0.0027772274528504066,0.6172337978412701
HEPACAM,-0.0027947636228433867,0.61501325987281
NAV3,-0.0028399714093674594,0.6093050510865726
ENSG00000267727,-0.0028556466668287783,0.6073313135241851
ENSG00000226043,-0.0028860593742406904,0.6035100862317709
CLEC10A,-0.0028883746416724916,0.603219625932034
ENSG00000229308,-0.0029192537631744153,0.5993517342985673
ENSG00000260834,-0.002921981194570896,0.5990106392549157
SIGLEC8,-0.0029996133301582115,0.589339026787188
ETNPPL,-0.0030179868750203303,0.5870605862328586
NKX6-3,-0.0030230368048685054,0.5864350770553204
DSC1,-0.0030476685990691406,0.5833884999205216
ENSG00000242593,-0.0030549829663235888,0.582485246790245
ENSG00000272558,-0.0030715100079725752,0.5804467257319361
GDF10,-0.003099374424950163,0.5770173885733587
GNG13,-0.0031056792413595487,0.5762427670136399
ENSG00000230928,-0.0031517028793000513,0.5706031341820897
ENSG00000278816,-0.0031519854654616956,0.5705685880752257
ENSG00000261707,-0.0031696076960880323,0.5684162445280971
FAM151A,-0.0031821753348851515,0.5668836337885973
SLC7A14,-0.0031872984961069475,0.5662594382967934
USP26,-0.0031938802325188797,0.565458017292475
ENSG00000277550,-0.0032235990399304263,0.5618461269890416
IGKV2D-40,-0.0032396471959326616,0.559900353712907
LINC01630,-0.003302496399088508,0.5523117537434636
LINC02390,-0.0033296946669370774,0.5490434764335135
GPR25,-0.003330948338297651,0.5488930594854582
LINC02125,-0.0033358790732077783,0.5483016615279832
ADORA3,-0.003386181015123833,0.5422864350172816
FNDC5,-0.0033864680939347026,0.5422522001066281
LINC00620,-0.003388278723139643,0.542036302602247
ENSG00000261728,-0.0034104469608995077,0.5393964667304162
ENSG00000274515,-0.003420403037619803,0.5382129771520345
LILRA2,-0.003428266773056179,0.5372791283090028
IGLV10-54,-0.003431843847995011,0.536854606473129
PRORY,-0.0034572504260338447,0.5338442536444417
ENSG00000233706,-0.0034741791513310956,0.5318431616630657
ENSG00000250348,-0.003494149342424165,0.5294874433711314
LINC01360,-0.003517529232244042,0.5267362686495956
TM4SF20,-0.003542484357449254,0.5238078054560454
ENSG00000278484,-0.003555748645732338,0.5222546573527013
CYP4F2,-0.003565618092077283,0.5211005573066867
ENSG00000256218,-0.0035712725412717565,0.5204399370468948
ENSG00000275516,-0.0035743240075199905,0.5200836077139013
ENSG00000248544,-0.003580156790656549,0.5194028454288655
LDHAL6B,-0.0035859830493480435,0.5187233040485846
SLC35G3,-0.0035980999020852043,0.5173115361969047
SMARCA5-AS1,-0.003605635741050449,0.5164345191701383
STAB1,-0.0036223264976666205,0.514494805013247
SLC25A34-AS1,-0.003628764206372905,0.513747660833212
ENSG00000253331,-0.0036298979377496756,0.5136161413332367
SPINT3,-0.003647071757291812,0.5116260226750258
LINC03098,-0.003648634003003707,0.511445188071898
TRPM2,-0.003650865218019326,0.5111869761509553
FOXCUT,-0.0036796945169656806,0.5078567798423911
NOVA2,-0.0037169687250193893,0.5035680112967817
ENSG00000253629,-0.0037343890765893237,0.5015702029562882
MSC-AS1,-0.003753668912650716,0.49936404613761265
ENSG00000236308,-0.0037662644632652613,0.4979255480265985
ENSG00000259821,-0.003767846945684451,0.49774497375449356
ENSG00000183562,-0.00377213017016395,0.4972563974811909
ASCL1,-0.0037777340462006675,0.4966175638422238
LIPJ,-0.003780657294220798,0.4962844915906033
IGHJ6,-0.0037888507568980367,0.4953515711411023
ENSG00000260701,-0.0037947945183803462,0.49467539175914377
GZMB,-0.00381396425317897,0.4924979535609
ANTXRL,-0.003814408931271967,0.4924475048364152
IQSEC3,-0.003824553562228334,0.49129734957752524
CDC42EP3-AS1,-0.0038271753386442896,0.49100033843929736
TECRL,-0.0038281381978284615,0.49089128398618354
KIF4B,-0.0038336471907876083,0.4902675799270467
ENSG00000274718,-0.003843677523031219,0.48913308481626183
ENSG00000229209,-0.003846505243276437,0.48881350715304794
SHOX,-0.003857312096342,0.4875931970306896
TRPA1,-0.0038629698778368856,0.4869549765588431
SALRNA1,-0.003866369757168164,0.48657167369198795
MS4A10,-0.0038846457204212244,0.484514036191236
ABCG5,-0.003904131494362925,0.4823253945380409
CD96,-0.003933317702223524,0.4790572781541804
NUTM2A,-0.003935554666841468,0.4788072945138043
IL23R,-0.003937687262915612,0.4785690405379167
ITK,-0.003945054526380086,0.4777464672356774
STYXL2,-0.003966585874138121,0.47534687682405175
CRYBA4,-0.003973206342939515,0.4746103809960266
ENSG00000258943,-0.003979645500480164,0.47389465674205256
ENSG00000250603,-0.003992930615447549,0.47241986817614656
LINC01102,-0.003995099280334168,0.4721793636014221
ENSG00000250126,-0.004014713693225788,0.47000719521923573
IGHV2-70,-0.0040225822331821336,0.4691373597187304
LINC02274,-0.004035224400963316,0.4677416851637527
ADH1A,-0.004054650482069734,0.4656015685590055
ENSG00000273972,-0.004057375737000944,0.4653017706773487
DBX2,-0.004066424418121879,0.46430711986599915
ENSG00000212930,-0.004087821959458193,0.46195976968135855
ALX1,-0.004125108618345971,0.4578852282644086
TMEM114,-0.004136288911917991,0.4566674305303663
PCDH15,-0.004142078145448336,0.4560375623909575
ENSG00000256195,-0.004144682730666397,0.4557543431740494
FUT7,-0.004150168253118174,0.4551581783960894
GAP43,-0.004150366161600293,0.45513667797699164
CFHR1,-0.004176579265843622,0.4522939925959506
LINC01977,-0.004202561550983825,0.449486266122486
BARX1,-0.0042066370732481585,0.44904675103011427
ENSG00000270094,-0.004258335177476989,0.44349269797446966
LINC01363,-0.0042777707299760815,0.44141488290053776
ENSG00000268108,-0.004307146758155404,0.4382849585541114
ENSG00000267044,-0.004317742680792272,0.4371591347902203
LIPF,-0.004320223033416485,0.4368958363680223
ENSG00000226375,-0.004332110556381103,0.4356352011122612
ENSG00000267646,-0.004342115461107118,0.43457583952559264
LINC01447,-0.00435647997845857,0.43305746809693624
TMIGD2,-0.004364598564237847,0.43220066919203826
ENSG00000260235,-0.004368279664617371,0.43181250618871403
NPPB,-0.0043760943913501915,0.43098913234706127
ENSG00000260657,-0.004427034184316115,0.42564438162335494
ENSG00000277482,-0.004435262369303586,0.4247847004400208
TRBV16,-0.004453957666768442,0.42283519023637994
ENSG00000261335,-0.00446521732516692,0.42166358685330685
SMIM32,-0.004467850701603622,0.42138985057249245
SEZ6L,-0.004469845573997281,0.4211825554243329
ENSG00000250623,-0.004479354390250675,0.420195279084453
ELAVL4,-0.004480235301697604,0.4201038851342903
LINC01215,-0.004491648025247148,0.4189208791591077
ENSG00000273267,-0.00450419090168503,0.4176229884937388
CD2,-0.004509173291090663,0.4171080873914448
ENSG00000225606,-0.00451965089303883,0.41602650979327516
HNRNPU,-0.004546554287616901,0.413256931459417
LINC01366,-0.00457343999905272,0.4105001112370785
LINC01979,-0.004578153433882574,0.4100179308171408
ENSG00000230163,-0.0045811050076685796,0.40971615879177514
ENSG00000260137,-0.004618959734435688,0.40585757291573876
ZNF454-DT,-0.004619814638522759,0.40577068268421357
MEX3B,-0.0046204003026569474,0.4057111637161439
PLSCR5,-0.0046223436693650964,0.4055137036181291
TCL1A,-0.004627352388769232,0.4050050463152117
ENSG00000260122,-0.004628752669321107,0.40486290997033103
KCNE2,-0.004632481798890033,0.40448452787186395
CETP,-0.00464268069219461,0.4034507617860045
ENSG00000256314,-0.004670403125859493,0.4006488058334797
ENSG00000228079,-0.004680526071166823,0.39962858254444156
CBR4-DT,-0.004686852442246041,0.39899178447841643
LINC01566,-0.004689924997616121,0.39868272854258424
RYR2,-0.00471470269194731,0.3961957122286436
LINC00870,-0.004727487551485717,0.3949161268681304
ENSG00000278254,-0.004780572232793865,0.3896298763241709
ENSG00000233535,-0.004785621618526509,0.38912930244624155
NCF2,-0.004821869217023934,0.3855473756544139
HOXD9,-0.004832013865459959,0.3845485176001199
LINC01634,-0.004837072739970364,0.38405100481598686
TAF1L,-0.00484609362500042,0.3831648278059099
CD79B,-0.004847807493416955,0.3829966056677401
IGHA1,-0.004876128764678699,0.3802233300345307
ENSG00000274029,-0.0049004612129109285,0.37785053019144543
LINC01623,-0.004918067208093085,0.37613936773018575
HOXA5,-0.00492482404007795,0.3754839295377924
PTPRN2,-0.004934719434570391,0.3745253128987669
GLYATL1B,-0.0049565786594741555,0.37241306928544227
EPC1-AS2,-0.0049650659458244,0.37159494144310934
TRAV4,-0.004972848044174041,0.37084577031346366
SLITRK2,-0.005026859163168972,0.36567206901377747
PRRT4,-0.005087701117726003,0.3598982911218136
ENSG00000267255,-0.005088157257072228,0.35985522176996676
ENSG00000270096,-0.0051338709651153796,0.3555552909196804
HCP5B,-0.00514096280360915,0.3548911330607055
IGLV3-25,-0.005149010758646181,0.35413838320046165
ENSG00000262213,-0.00515310447956157,0.3537558722716273
HOXD-AS2,-0.005157045427126599,0.35338788302156476
SALL3,-0.005162454035459707,0.35288324387761716
ENSG00000274560,-0.0051683837500124475,0.3523305080963093
ENSG00000261195,-0.005172132438706865,0.3519813585660806
ENSG00000273287,-0.005192703338403377,0.35006930468415665
ENSG00000230534,-0.005200574429735599,0.3493394373705677
XPNPEP2,-0.00520758897860036,0.34868980991974097
ENSG00000248571,-0.005207626622725257,0.3486863257149405
ARHGAP44-AS1,-0.00523614797450262,0.3460528502351178
ENSG00000273447,-0.005241110042681833,0.345595982500256
TDRG1,-0.005241793252517278,0.34553310809939575
IGHV1-3,-0.00527656949101327,0.34234235545756675
LINC01965,-0.0052918836549867435,0.3409432609848104
ENSG00000260177,-0.005295152947949388,0.3406450549210508
PREX1,-0.005319950168082869,0.3383886372899142
ENSG00000267387,-0.005337412999194915,0.3368053825731434
ENSG00000228933,-0.005345271037953416,0.3360944958540144
LACRT,-0.005351181298592169,0.3355604538659138
CES5A,-0.0053527265417965125,0.335420918231894
IGKV1-5,-0.0053686050948156105,0.3339892481925152
ENSG00000257000,-0.005372078147077874,0.33367663074330334
MS4A1,-0.005377176372787769,0.333218069713481
RFX8,-0.005387310390471621,0.3323077715840428
ENSG00000227407,-0.00540305242507578,0.3308969167289345
IGLV7-46,-0.005432251464982454,0.3282902740878447
LINC00861,-0.005447175309706912,0.3269631567367456
ENSG00000255893,-0.005454426257066997,0.3263196186104166
ENSG00000260378,-0.005474301968819551,0.3245598272856819
KHDC3L,-0.005505610343348126,0.3218003447009545
HS3ST2,-0.005522551829531443,0.3203135469654939
DCX,-0.005530858811630142,0.3195861632926319
ENSG00000273387,-0.00553190668056262,0.31949448563123867
ATP13A5-AS1,-0.005547015403365115,0.31817454186709565
HAPLN1,-0.005581966243431377,0.3151348404195366
LINC02179,-0.005597036420454917,0.31383008231765913
MLC1,-0.005634242596240765,0.31062405523889486
TRAV27,-0.005639496412363446,0.31017308575739366
GZMK,-0.005675752860591317,0.30707274690302055
IGSF21,-0.005676329245241093,0.30702362575032777
ELOVL2,-0.00567837253212415,0.30684953290685313
ENSG00000253141,-0.005712098239432303,0.30398547077768684
MIR7-3HG,-0.005733508160791201,0.30217653565182484
ENSG00000215692,-0.005736682583788848,0.30190893799164215
ENSG00000272361,-0.0057394460897808005,0.30167610828273134
PIRT,-0.005744088978436369,0.30128520680392995
FCER1A,-0.005750084582711515,0.30078091457882516
CLDN10-AS1,-0.005796239028179423,0.29691768399695756
ENSG00000275236,-0.005839022834086608,0.2933663457059022
SCML4,-0.00586450721786043,0.2912645731021733
TRBV6-5,-0.005871227300527527,0.29071203890662
ENSG00000258711,-0.005893632266604131,0.28887496930303236
ENSG00000224000,-0.005902269614276175,0.28816885348217425
IKZF1,-0.0059324760320773355,0.2857085924993006
ACOT12,-0.005968311921640514,0.28280828219213955
LINC00398,-0.00597722456926039,0.2820900630231356
TRBV4-2,-0.0059969581475759265,0.28050425158785486
DLK1,-0.006004385666051233,0.27990893962123087
ENSG00000228222,-0.006030750351208802,0.2778027589858485
POU4F1,-0.006066192371248775,0.2749884648263403
HTR3C,-0.006067108218285462,0.27491600035614394
ADGRG3,-0.006097098304146766,0.27255029933471864
ENSG00000231985,-0.0060977470342292355,0.2724992800878842
KLHL10,-0.006100325624012263,0.27229655202558656
VPS13A-AS1,-0.006129705919486368,0.2699939683052983
LINC01537,-0.0061497128176712735,0.2684336578311037
ENSG00000226957,-0.0061675552969770765,0.2670473814396631
ENSG00000226097,-0.006170377547646397,0.26682855767324026
HCRTR2,-0.006210635449273672,0.2637205778006124
ENSG00000260484,-0.006228361013745519,0.26236008278992584
ENSG00000260612,-0.00623591255797355,0.2617819521438824
LINC02908,-0.006257684671915672,0.2601200544200868
ERP29,-0.006278059290738054,0.25857145649286367
MYO7B,-0.006322479290288516,0.25521744325841567
CD82-AS1,-0.006334548461401767,0.25431138712349444
ENSG00000253348,-0.00633923993812838,0.25395979362689985
TXNDC2,-0.006351169845476684,0.2530672546034078
SAMMSON,-0.006355614493894349,0.25273528643380805
LINC01967,-0.006391868187061259,0.25003884901631745
LIN37,-0.006422922183925606,0.2477451794343241
KTN1,-0.006478497991688155,0.24367715879473026
ATP6V0D2,-0.006486578762900781,0.24308959516743234
TMEM229A,-0.0065414078342692005,0.23912919629109533
ENSG00000232969,-0.006552105470023611,0.23836182395783656
GPR61,-0.006563179038230391,0.23756931749347776
ABCB1,-0.006579095090248945,0.2364335099381929
TGFB3-AS1,-0.0066304545561240505,0.23279457864802874
ENSG00000231252,-0.006665144791175335,0.2303592885329772
PPP3R2,-0.006697758602897957,0.2280863339357434
LINC03079,-0.0067011199937033784,0.22785297985140734
LINC02476,-0.006704995724685739,0.2275841305022694
PDZRN3,-0.006707755834599018,0.22739280675565726
KCNB2,-0.006720474980873414,0.22651262959606458
ENSG00000248491,-0.006726744779999994,0.22607964887645998
ENSG00000267356,-0.006751562216982409,0.22437159916948976
SELE,-0.006767639228229884,0.22327003986306354
PCDHA5,-0.006767671531366389,0.2232678304292228
CDK5R2,-0.006785479883960462,0.22205217484862125
ENSG00000261066,-0.00680594208391619,0.22066122047509742
ENSG00000271141,-0.0068062154591376905,0.22064267969801415
CLC,-0.006812509256967881,0.2202161323933654
ENSG00000275479,-0.006817627041894979,0.21986972289886442
OBP2A,-0.0068188403440361,0.21978765501515055
ACSBG2,-0.0068202431055245875,0.21969279948326115
ENSG00000235122,-0.006840449248241134,0.21832970709574298
SIRPG-AS1,-0.00685230627141598,0.21753267532289078
ENSG00000180458,-0.00686941062182346,0.21638660618807593
MT-ND4L,-0.006881845385081582,0.21555615320917645
ZIC1,-0.006884720928607539,0.21536443791058793
CGA,-0.006888628406855683,0.21510411943347774
SCRG1,-0.006905367709789195,0.21399150352274723
ENSG00000235749,-0.006934651387593504,0.21205509100289013
FAM225B,-0.006973575154418209,0.20950086045780586
LINC02432,-0.006979269310412143,0.20912907814495973
CRYGD,-0.007013619108489654,0.20689644873453142
C19orf84,-0.007023739928308518,0.20624193858038253
FOXS1,-0.007046604195940194,0.20476885213345952
BRINP2,-0.007090534720814791,0.2019600213955703
JPH4,-0.007097728313883629,0.20150276627333535
LRFN5,-0.007130057820370128,0.1994570859769957
ENSG00000278765,-0.007131132902538895,0.19938932074526786
LINC03013,-0.007148146139395872,0.19831917049182582
ENSG00000269482,-0.0072009291191221635,0.19502580498919778
KIRREL3,-0.007225959816736228,0.19347812316989846
ENSG00000261670,-0.007257176372921263,0.1915606241444388
GIMAP6,-0.007267075692432944,0.19095548056095826
HTN3,-0.007295948226912603,0.18919854560320454
LY6L,-0.007325543419457405,0.18741003224877958
ENSG00000261447,-0.00734642429107664,0.18615567850727754
ENSG00000268906,-0.007380057721709038,0.18414831772731508
LINC01653,-0.007423671648670342,0.1815692094997673
CDH19,-0.007428513269565921,0.1812845615556733
CPLX2,-0.0074413260035601095,0.18053287518496394
ENSG00000225588,-0.007464504673774193,0.17917893477214525
LINC00681,-0.00748943665578378,0.17773102210124836
LINC01346,-0.007498828823722599,0.17718784134202273
ZNF32-AS1,-0.007517200340969174,0.17612893098597787
ENSG00000273090,-0.007519059687811898,0.17602202412558027
ENSG00000249655,-0.007541542556726367,0.1747331539486796
APOF,-0.007560759455466947,0.1736371061955002
ENSG00000260176,-0.007566678244485003,0.17330056126891394
ENSG00000261113,-0.007574939299692443,0.1728316494590459
ENSG00000226994,-0.007580031749249305,0.17254306620379042
LINC02574,-0.0076023152520723345,0.17128452326974197
PROZ,-0.0076077256393314715,0.17097999122647708
LINC02333,-0.007628514845389942,0.16981361026882663
LINC00927,-0.007650874531466416,0.1685657859444956
FLT4,-0.007677239443336778,0.16710329772722116
ENSG00000278936,-0.007681924776745981,0.1668443983099495
LINC01419,-0.007723126579576595,0.16458066150290376
ZC3H12D,-0.0077618557740366115,0.16247393863047382
ACSM2A,-0.007767664254690307,0.16215974143364215
ENSG00000228573,-0.007785367462716384,0.16120495306276805
UNC80,-0.007871729510164533,0.15660797595154194
ENSG00000231193,-0.007885213580445052,0.1558992928807171
GAGE10,-0.007936219356365707,0.153240578553983
ENSG00000273680,-0.007963361792362015,0.15183988869454282
LINC02943,-0.007967909455109676,0.15160616237981261
ENSG00000275898,-0.008006409561880685,0.14963842280559353
CD3E,-0.008016432961593637,0.14912933776724266
ZNF835,-0.008062689831153507,0.14679707979447762
ENSG00000234173,-0.00813043872965041,0.1434316847403044
ENSG00000260756,-0.008146680424339721,0.14263374918358873
TXNDC11-AS1,-0.008173164494261415,0.14133993164176292
LGALS1,-0.008179491173760503,0.1410321951005291
CD300LD-AS1,-0.008179544124941082,0.14102962167282027
ENSG00000272936,-0.008190240209120785,0.14051053158704904
LINC01812,-0.008221088601008442,0.13902166147872788
KRT85,-0.00822234814834228,0.1389611296814282
GJD3,-0.008240360837780649,0.13809768809535672
TMEM150B,-0.008260719337934727,0.13712678345234533
SCPPPQ1,-0.008271327261634088,0.13662297825044198
ENSG00000276651,-0.008275613496546154,0.13641981647144988
ENSG00000261653,-0.008295367301641507,0.1354865247844632
CXXC5-AS1,-0.008295676940909201,0.13547193487202536
ENSG00000258985,-0.008318591382565924,0.13439559214507538
ENSG00000260786,-0.008346085717529499,0.13311286142258344
ENSG00000271811,-0.00835936309500823,0.13249681669381017
LINC01497,-0.008361130959466076,0.13241495802831368
LINC02093,-0.008364952722127934,0.1322381301462858
CREB3L3,-0.008369632791296334,0.132021838778167
ENSG00000266401,-0.008369906068629267,0.13200921762574033
ENSG00000249574,-0.00837789919353526,0.13164047326409492
CLEC4M,-0.00838132875872951,0.13148250314689017
ENSG00000272024,-0.008388432784358609,0.13115575019434622
EMILIN3,-0.008436302441072014,0.1289703537094644
ENSG00000253604,-0.008437001203999931,0.12893866381930047
LINC01148,-0.008439249740656801,0.1288367305435074
ENSG00000279851,-0.00846575960705898,0.12763966988690884
ENSG00000260447,-0.008477152041013064,0.1271279064181872
IL7R,-0.008499342969087616,0.12613564552032416
ENSG00000275450,-0.008518673181797295,0.12527622544654046
MIR548XHG,-0.008539894714771172,0.12433798036086798
ENSG00000271964,-0.008563436388579612,0.12330358020729565
PCK1,-0.008580139196725567,0.12257375730204904
HLA-DRA,-0.008593670509923042,0.12198498984596134
LINC00968,-0.008608682711325623,0.12133437608500612
ENSG00000272416,-0.00865126414698231,0.11950370175379575
ABCC11,-0.0086724989911456,0.11859888896127244
XKR7,-0.008700487850455985,0.11741450487428233
ENSG00000273464,-0.008715443763091682,0.11678544311654986
BFSP2,-0.008715760002750159,0.11677217036732943
SIM2,-0.008723752906423549,0.1164370970827429
ENSG00000272855,-0.008734444880354368,0.11599005664892525
TRBV7-6,-0.00876065821983257,0.11489976183799874
LINC01781,-0.00878353678866525,0.11395477402853585
FAM167B,-0.008791670488871202,0.11362029386743296
HPSE2,-0.008819986560531583,0.11246188716229036
ENSG00000250379,-0.008887446545059123,0.10973962037401101
ENSG00000258976,-0.008890363179542825,0.10962310803639569
LINC02583,-0.008893975271640616,0.10947894943790733
ENSG00000231713,-0.008924901519945848,0.10825080907277634
LINC01993,-0.00895418324936116,0.10709804929296458
DNM1P35,-0.008976263159481865,0.10623525835989296
TRAV21,-0.008985880282867861,0.10586118828441181
TRGV3,-0.009017881966878522,0.10462395972501852
MYBPC1,-0.009031555450623905,0.10409883746389044
LINC02418,-0.00904520749766068,0.10357662945495312
KLRC4,-0.009060315412082999,0.10300116186246931
ENSG00000237718,-0.00906474028725972,0.102833098508703
ENSG00000230848,-0.009132844295597917,0.10027381900091291
AQP2,-0.009134190018080121,0.10022376442689722
BLK,-0.009163027858613814,0.09915591120467564
TUBA3D,-0.009164531507738483,0.09910048171844746
IGSF22-AS1,-0.009195270016477254,0.09797276889460742
ADAM11,-0.00920657299352923,0.09756068026545996
CRABP1,-0.009274982701762738,0.0950960521880998
TUSC7,-0.00927952944478403,0.0949340283511061
CA7,-0.009347210015805992,0.09254827216491544
GNAO1,-0.009365823488025685,0.09190065238017735
ENSG00000279070,-0.009373609895842884,0.0916308217317918
HBG1,-0.009377175302565202,0.09150747860467469
ENSG00000267943,-0.00938611148796935,0.09119892287891099
ENSG00000269288,-0.009452939764031117,0.08891785657916082
SALL1,-0.009462416760744503,0.08859812994388024
ENSG00000228739,-0.009475788698110034,0.08814857586802863
LINC02091,-0.009476184263003222,0.0881353053449167
LPAR4,-0.009479968271043034,0.08800843976187224
ENSG00000272682,-0.009487152739812788,0.08776797292916241
FOSB,-0.009520119259114326,0.08667135779917658
SSPOP,-0.009528043052383979,0.0864094325399984
IGLC7,-0.009565577779386292,0.08517737561254055
IGKV3OR2-268,-0.009587881647113064,0.08445201656309802
LINC01882,-0.0095894335206966,0.08440173358167981
ENSG00000255351,-0.009628329810965902,0.0831493299705652
SRL,-0.00963297938833506,0.08300063303286374
CMC4,-0.00964099545954869,0.08274477910437188
TRGV8,-0.009659492503959418,0.0821568362017855
FNDC1-AS1,-0.009665997437903102,0.08195087874196663
MGAM2,-0.009736140035895752,0.07975653989368105
LINC01829,-0.009781139763932998,0.07837408853740002
NAA38,-0.009817309535431697,0.07727709780984592
DNPEP-AS1,-0.00994309090447682,0.07355930211846384
ENSG00000266744,-0.009948651969881858,0.07339836690923357
TRBV18,-0.009959496660229637,0.07308535389518249
GUCY1A2,-0.009959906836910979,0.07307353633063687
ENSG00000253852,-0.009971036567865337,0.07275347489344165
SARDH,-0.00999413786468743,0.07209280489880977
BPIFB3,-0.009999170994053501,0.0719495171066172
PLA2G2C,-0.010022940597563038,0.07127597081201285
CCL8,-0.010054229288654565,0.07039724789705172
DENND5B-AS1,-0.010079764656292275,0.0696867070172864
ENSG00000272329,-0.010119791557702673,0.06858478417924536
CHGA,-0.010143483684016614,0.06793932461477804
ENSG00000253519,-0.01028167946610907,0.06427321788498055
CHRNA1,-0.010342142746203481,0.06272138921646633
FCAR,-0.010416698731126477,0.06085064624314625
GRK7,-0.010454384910880613,0.059922764267870854
CHRNB2,-0.010482161453940202,0.0592464069306044
ENSG00000232719,-0.010505608243004025,0.058680421153045614
DPY30,-0.010508356285566888,0.05861438063678648
ENSG00000255237,-0.010533016137489365,0.058024516630110025
ENSG00000267139,-0.0105493210888249,0.057637217389125146
ENSG00000254038,-0.010554832198915442,0.05750679630624367
INSIG1-DT,-0.010558045608139296,0.057430863899194516
CERS1,-0.01058764296651253,0.056735394979333414
ENSG00000275527,-0.01062219768228231,0.05593232115775905
BCL6B,-0.01062329321557465,0.05590701589236293
HTN1,-0.010630204598266147,0.05574759249171576
ENSG00000264304,-0.010692341306025173,0.05433123507131129
SPACA4,-0.010706834998124278,0.054005216581003226
RAMP3,-0.010740507049210535,0.05325410239855896
HOXB-AS3,-0.01080818170017006,0.05177087752898596
BRINP1,-0.010810149118167743,0.05172827995339351
FCN2,-0.010832078551204914,0.05125545662432531
ENSG00000254606,-0.010836418187772413,0.05116231928546464
EMCN,-0.010839989843089136,0.05108577071043866
TEX11,-0.010849755581787504,0.050876958484548034
TEX36,-0.010865636012292377,0.05053892769846233
CLCNKB,-0.010881746732540443,0.050197919816453454
ENSG00000204876,-0.01095594094869223,0.04865227953789206
S100B,-0.01097603276574234,0.04824066235796725
PSPC1-AS2,-0.010977974107045239,0.048201045915026074
ENSG00000258745,-0.010984627722771664,0.04806547462047827
IGKV1-12,-0.010997426349858497,0.047805595893273316
ENSG00000227716,-0.011009625621033385,0.04755898746984787
FAM9C,-0.011047727129467949,0.04679564119590456
CRYBB3,-0.011056135830680864,0.04662857258667442
ENSG00000253171,-0.011094861546549666,0.04586561473163824
ENSG00000233179,-0.011099920728996359,0.04576672182383635
PIP,-0.011114898304264702,0.04547500448962452
ENSG00000273659,-0.011133038863817576,0.04512378169135203
PTGER3,-0.011140274346502584,0.04498433354387968
SIRPG,-0.011218382039554617,0.043501975684983527
RPEL1,-0.011232336352822668,0.043241537632385176
DDX25,-0.011257357729488032,0.04277784688402315
TMEM145,-0.011269473411666906,0.04255483653789821
ENSG00000258793,-0.011274309326379314,0.04246609799433936
PPP1R13B-DT,-0.011286590162732441,0.042241449000687686
ENSG00000261076,-0.011299974948836514,0.041997751655142086
NEUROD1,-0.011324680061244574,0.041551068765726534
ENSG00000229047,-0.011340220315540087,0.04127215793966938
KCNA2,-0.011358468723318344,0.04094666800421549
RGS1,-0.011409278774519261,0.040051826442418795
ENSG00000214803,-0.011553185445346349,0.037606949634847946
ARMS2,-0.011563200269120706,0.037441635428601495
FENDRR,-0.01157806256882784,0.03719744428365876
PPIAL4G,-0.01159624620091419,0.03690052812996982
ENSG00000273198,-0.011614791043235729,0.03659979514436737
SPAG11A,-0.011663468360922495,0.03582033455341204
KLF17,-0.011680828479212155,0.03554579619193704
DPT,-0.011751377456545939,0.03444850763840095
F2RL2,-0.011799212719005352,0.03372107295546049
CSN3,-0.011877897880463893,0.03255307694252064
S1PR1,-0.011880549877590227,0.032514322162949895
ENSG00000244491,-0.011905365711138205,0.032153588800904784
NOD2,-0.011909922586280684,0.03208772222323573
XACT,-0.011915765152552228,0.032003441048436616
CTCFL,-0.011920312910748273,0.03193796935266578
PRB2,-0.011923577140415607,0.03189104675599905
TAGAP,-0.011940263231001672,0.031652109925235435
LINC02354,-0.01197842515790194,0.031111413440703686
LINC00896,-0.011987453439291319,0.03098466211475347
ENSG00000273454,-0.012044573586396295,0.03019296067391415
CCKBR,-0.012057157660037073,0.030020897550666673
SLC25A19,-0.01208167206720508,0.02968812890608707
ENSG00000272130,-0.012114477653846508,0.0292477781588296
PRB1,-0.012117057228694455,0.029213391983321117
FER1L6-AS1,-0.012120427642223543,0.02916851621453939
IGFN1,-0.012122371010713607,0.029142667977792296
CXCR3,-0.012212507204332385,0.027965255312847128
AHSP,-0.012236328308747216,0.027661026440097377
ENSG00000255438,-0.012246458138550718,0.027532521796304475
NEFH,-0.012271506722591566,0.027216970222858152
ZNF217-AS1,-0.012286784654195491,0.027026041498672496
ENSG00000253500,-0.01238874929281218,0.025781151574107673
GNB3,-0.012403556145832486,0.025604562159962454
SLC2A5,-0.012423250034982026,0.02537131092407003
ENSG00000267026,-0.01253617407218078,0.024069045062294615
ZNF479,-0.012565013893113304,0.023745898086983807
COMP,-0.012623151501400198,0.023105897332073567
ENSG00000268603,-0.012625245453663,0.023083128500475798
ENSG00000234640,-0.012632144184815952,0.023008252135479596
ENSG00000271868,-0.012656953396281494,0.022740722450253034
CDH20,-0.012656965436991704,0.022740593268472463
ENSG00000266088,-0.012666263426926961,0.022641027609282015
CIDEC,-0.012681107210924688,0.022482861040558584
ST18,-0.01270262015588918,0.022255336794470712
LINC02533,-0.012742710640466339,0.021836671825416185
ENSG00000273367,-0.012820310705243436,0.021045731511521563
ENSG00000250696,-0.012823743164738308,0.021011330090787164
KRT9,-0.012859096183531671,0.020659850197689202
THTPA,-0.012900322856375275,0.020256458356798318
GPR84-AS1,-0.012914279205945923,0.020121464834052933
ENSG00000226022,-0.012920841103611306,0.020058266319279056
MRPL33,-0.013000736894317022,0.01930256489161676
CA10,-0.013004340764681512,0.019269071774321057
SLC36A2,-0.013030762498285327,0.019025064795915356
ENSG00000272264,-0.013062607457450201,0.018734567454982847
FCAMR,-0.01310371784215273,0.018365291177573077
SLC14A1,-0.01318490669814345,0.017654682965244414
PTPN22,-0.013205694269770108,0.017476660114093212
LINC01506,-0.013229709429135775,0.017272957503316144
LINC01010,-0.013230166810928368,0.01726909816871814
ENSG00000224478,-0.013242660123293335,0.01716397309890797
LINC01567,-0.013243336895664606,0.017158294455723408
DRP2,-0.013303498993350324,0.01666002751343922
LINC00942,-0.013363450516414126,0.016176188029650998
ENSG00000273442,-0.013516127743439276,0.014999359496783724
OR2AE1,-0.013539920888180968,0.014822921871878114
ENSG00000261693,-0.013545262850267034,0.014783560960740644
ENSG00000267038,-0.0135897120276871,0.014459604202164805
LHFPL4,-0.013600036934786496,0.014385255697155338
SLC6A11,-0.013633077984556258,0.0141495917260537
SOST,-0.013648837401439943,0.014038393086748738
SLITRK4,-0.013656279095625576,0.01398615301070229
ENSG00000275441,-0.01371503907834143,0.013579654028503012
ENSG00000273474,-0.013731733059545668,0.01346608608147082
IGHE,-0.01374008200134544,0.013409604284049834
TCF23,-0.013803022120715581,0.01299050146184
TENM3,-0.01381288536598548,0.012925885397836099
ENSG00000260633,-0.013824863914460115,0.01284779402153391
ENSG00000253854,-0.013880408756105916,0.01249111208885843
IL17REL,-0.01388889417476992,0.01243740197938792
ENSG00000255491,-0.013919831218801835,0.012243308059310171
CABP4,-0.014187850984787472,0.010671020259934367
SCGB1D2,-0.014190515541220484,0.010656335078357618
ENSG00000260377,-0.014293263908845071,0.010103590261326222
LINC00102,-0.014318650823937996,0.009971014580969379
LINC01553,-0.014325444327611668,0.009935801330740311
SAMD14,-0.014376549375530633,0.009674436772193989
TMEM26-AS1,-0.014550772373413696,0.008828865385376477
ANO1-AS1,-0.014554033088950697,0.008813689812354813
TDO2,-0.014590650975978052,0.008644861333953388
ENSG00000233542,-0.014592129987186111,0.008638103427235583
ENSG00000261117,-0.014645638777960802,0.008396764471129947
ENSG00000253865,-0.014721692914147853,0.008064116657036758
ENSG00000233423,-0.014734780188552314,0.008008080092473127
COL5A3,-0.014752168605756733,0.007934166500457966
GJA5,-0.01484554908817671,0.00754758343862763
ITGA8,-0.01485092482870915,0.007525851526710604
ENSG00000273348,-0.01485198936391102,0.007521554709009493
ENSG00000276241,-0.014876814221360599,0.007421975088178601
TBX18,-0.014882525065236837,0.007399235221947527
ENSG00000254249,-0.014907315028221867,0.007301247423535173
ENSG00000273965,-0.014955387017284182,0.007114544075198859
BOLL,-0.015007452636514554,0.006917175078002389
ENSG00000250920,-0.015053456419159252,0.006746892966739127
EPHA3,-0.015070114297911255,0.006686169393367569
SEC11A,-0.015113488376148112,0.006530354792595054
ENSG00000273261,-0.015130078648063127,0.006471625579652359
SMR3B,-0.015183103291138419,0.006287091939397882
MFAP4,-0.015201317527037125,0.006224805089107455
FOXF1,-0.015261676883884943,0.006022346536619776
ENSG00000229229,-0.0152716958427717,0.00598932080694376
PHF21B,-0.01532180241685695,0.005826589361763492
CACNA1I,-0.015343644496182515,0.005756908567411447
THEMIS,-0.015359357582543053,0.005707246214125235
ENSG00000271208,-0.015393764658552987,0.005599846968622891
RAET1E-AS1-1,-0.015426045350614322,0.0055007464854671
ENSG00000248605,-0.015453849281493398,0.005416661279469248
ENSG00000274767,-0.015466923444474586,0.005377524701759427
PRH2,-0.015507840112605868,0.005256687910166493
ENSG00000240915,-0.01553307930907951,0.005183379059554606
PIK3CG,-0.015577534351522834,0.005056499733670796
ABCB11,-0.01559251295252097,0.005014385834768863
CSMD3,-0.015595400056361817,0.005006304988995764
ROPN1,-0.015649220409560478,0.0048578046578048786
ENSG00000269068,-0.015718419772913227,0.004672729950411554
CYP19A1,-0.015754989145021298,0.004577524601681103
ENSG00000250493,-0.015807591100904832,0.004443659309160738
ENSG00000260626,-0.015863355090699773,0.00430562959915207
UPK3B,-0.015920051425018525,0.00416928860686952
ROR2,-0.015935185338082705,0.00413356359636461
ENSG00000257431,-0.016021327484163624,0.003935454753485294
ENSG00000203593,-0.01604403992573151,0.0038846775927017293
ENSG00000268707,-0.016094698802344237,0.0037735592412122382
AP1AR-DT,-0.016149570389675853,0.0036564657504503948
IGFBP5,-0.016182012064966687,0.0035888004948220666
NES,-0.01622592856589668,0.003499015922089843
ADAM7-AS1,-0.016243140609245657,0.0034643880498996756
TEX101,-0.016286585183304506,0.0033783672688220425
ENSG00000236347,-0.016291174301192406,0.0033693952599472858
RPL3L,-0.016301420604464614,0.0033494413501679856
TRPM8,-0.01633144833700374,0.0032915827643613857
FGF23,-0.016433499220778195,0.00310168640076499
ARPC2,-0.016444942974896674,0.003081026809092373
ENSG00000272707,-0.016482520520098295,0.003014066864457581
YWHAE,-0.01648575321723114,0.0030083689411321748
ZNF683,-0.016513051535666,0.0029606435642920547
PCDHB12,-0.016558108411719622,0.0028833800489038125
ENSG00000272836,-0.01656564269220417,0.002870641362814142
TBXA2R,-0.016578728275405467,0.002848638777172882
TNFRSF4,-0.016621582484759697,0.0027776555236000582
REG4,-0.016656464271222342,0.002721074436506596
FBXO43,-0.01667130919834201,0.00269731577325262
TFRC,-0.016687173675183943,0.0026721350146902477
ENSG00000248965,-0.016729304968967417,0.0026063017611733024
ATP1A4,-0.016799810526136418,0.0024994406301497994
ENSG00000273295,-0.016806268068930867,0.00248985645570148
TRHDE,-0.016877749844698246,0.002385987684097398
TMEM221,-0.01689103197733069,0.002367130364779213
ENSG00000260894,-0.016973343897382535,0.0022532790164042594
TMPRSS11B,-0.01697834167275267,0.0022465305081094612
ROBO2,-0.016989260593011705,0.002231851041845498
ENSG00000233928,-0.016989624322126216,0.0022313635582361263
ATP6V1G3,-0.017005379161825502,0.0022103417265424935
EMX2,-0.017009642767235142,0.002204684045905289
COL6A2,-0.01706683144440019,0.0021300684556106913
LINC02267,-0.017076501240459115,0.0021176833166032544
IL1RL1,-0.017080620825497286,0.0021124270118177664
JPH2,-0.017092624744793432,0.002097178991571457
ARF1,-0.017137718697089938,0.0020407957294856552
ARSI,-0.01717113613136487,0.0019999131624548767
TRMT112,-0.017267602942647363,0.0018860763168419613
LINC01361,-0.01730957474251213,0.0018384306279351878
ENSG00000259869,-0.01731456720541901,0.001832837469633751
DDT,-0.017322022335759007,0.001824514435865988
CTAGE4,-0.01733416302300137,0.0018110346666251234
HOXB7,-0.017357984830551402,0.0017848509916730717
RIPPLY3,-0.01745427111419191,0.001682525058773368
SOX10,-0.017546447358617163,0.0015896496672152545
ENSG00000250240,-0.01756002221019473,0.0015763776709292786
ENSG00000261000,-0.01758372112613411,0.0015534517320186484
DLX6-AS1,-0.017701622147916138,0.0014438921027046475
ADGRB3,-0.017758045247607854,0.001394021262993655
PRADX,-0.017773958441299736,0.0013802459618627806
GARIN4,-0.01778975907510046,0.0013666924016830103
ASCL3,-0.01787243750232666,0.0012977521917553424
PTPRN,-0.018048325247614197,0.001161638293947791
ECSCR,-0.01806149181493498,0.001151999502224063
GRAP,-0.018086199185953507,0.0011341113035528974
RHOB,-0.018097072330143665,0.0011263207762544547
PTH2R,-0.018105294259314456,0.0011204627063426877
DHRS2,-0.018129686422396412,0.0011032487890172615
ACKR1,-0.01813291573694818,0.0011009882339985293
SPNS3,-0.018157256920081907,0.0010840864647032812
IER2,-0.018288963992823,0.00099672180267932
ENSG00000234793,-0.018405269349978996,0.00092504032527329
HBA1,-0.018411896029996516,0.000921103614743215
ENSG00000267666,-0.01842093432023291,0.0009157592616040679
ENSG00000261158,-0.018514271505446347,0.0008622247272921224
IL4I1,-0.018551721268467974,0.0008415725519140027
ENSG00000249094,-0.01855332145629212,0.0008407004122283103
PTPRS-AS1,-0.018557686258675442,0.0008383257530984079
GIMAP5,-0.01872638251105483,0.0007511747700178514
COL6A1,-0.01877506088116706,0.000727637356488079
NPY2R,-0.0188030352847135,0.0007144227743026456
SGCA,-0.01881470864982255,0.0007089747139589828
SCGN,-0.018948869467055485,0.0006490715105758151
ENSG00000279571,-0.018979100318292617,0.0006362397139714015
ENSG00000272991,-0.01898101165431847,0.0006354364117139318
ENSG00000275759,-0.01900224049351493,0.0006265774950877771
DOK6,-0.019046224399103546,0.0006085872042803995
LINC01980,-0.019214597525832575,0.0005440681038435817
VCAM1,-0.019274954052203953,0.0005225347754145892
ENSG00000235078,-0.019282086184998784,0.0005200434007501881
LRRC32,-0.019306003518634273,0.0005117692498865915
ENSG00000259828,-0.01930813355302667,0.0005110383510427012
RAB40AL,-0.019362157699599758,0.0004928226611568345
SCG2,-0.019402757063519786,0.0004795339362319155
BPI,-0.019406248145722296,0.00047840700182200086
ENSG00000249426,-0.019436811892933222,0.0004686458561611934
PCDH11X,-0.01952251216542505,0.0004422575559528114
C8G,-0.019715608710669675,0.0003877989647073593
HIGD1B,-0.019810443607342448,0.00036341028919081305
ENSG00000250049,-0.019880928106096946,0.00034622109706068503
CHL1-AS1,-0.019942664864998037,0.00033179301435362326
LINC01871,-0.020044898424522277,0.0003091314117200784
ENSG00000255118,-0.020190102794515368,0.0002794253943977366
FMNL1,-0.020223275327389448,0.0002730250656333551
ZBP1,-0.020257177007846964,0.00026662619843139973
ONECUT3,-0.020302187537873353,0.00025834761891245424
SEMA6B,-0.020311573809548095,0.0002566518938249158
KLK7,-0.02037414008608703,0.0002456125584356045
CTNNA1,-0.020434133804406802,0.00023544676932781664
GFRA1,-0.0204498614536468,0.00023284783165531168
LINC01299,-0.020474532757806193,0.00022882516054161206
PNRC1,-0.020509395215245804,0.0002232519021934114
GP2,-0.020515239687312867,0.00022233014445441031
ENSG00000272588,-0.020534494087468134,0.00021931865595802886
CA4,-0.020600412275754217,0.00020929616449193451
CCL19,-0.020714316780047655,0.00019298435989251596
STAP1,-0.02075979180238188,0.00018681206284130457
ENSG00000278158,-0.020804344226441004,0.0001809453163055643
NME2,-0.0208271327619006,0.00017801186880767421
LINC01098,-0.020843258763269378,0.00017596313471956524
CAST,-0.020896702171420645,0.00016933078038680114
TRAPPC12-AS1,-0.020913834711255713,0.00016725488582050322
PNLIPRP1,-0.020920712629180188,0.0001664282645691679
TRABD-AS1,-0.02095955439546983,0.00016183175000150735
TIPARP-AS1,-0.020966681861581318,0.00016100136754161745
MCOLN2,-0.02096776615272678,0.00016087539455595499
RET,-0.021020675417732077,0.0001548398580823904
CTSL,-0.021092330255584837,0.00014700512881949147
GDF15,-0.021126210355291962,0.00014343207380326252
SAMD3,-0.021133759407997072,0.00014264715693261255
TTC12-DT,-0.021135701829830444,0.00014244584787499354
TBX10,-0.02125921690748253,0.00013018048570816006
ITGA4,-0.021312903711831054,0.00012516572572025936
ENSG00000268472,-0.021376180353313318,0.00011948901819715626
PCAT5,-0.021389555711836226,0.00011832057505712681
IGHG3,-0.0214098705555105,0.0001165665020787756
PDE3B,-0.02141172369079647,0.00011640772059804196
AGMO,-0.021469231535159325,0.00011158047482097941
GLI1,-0.021477669916574106,0.00011088824437324394
OLFM4,-0.021568382100899442,0.00010369824591466019
ADGRL4,-0.021619119586021113,9.987093872150465e-05
ENSG00000257002,-0.021738830718570284,9.136243860684745e-05
NPFFR2,-0.021804022136544105,8.702168313861669e-05
LINC00520,-0.021829711216358762,8.536530578338836e-05
ENSG00000273355,-0.021892788025011174,8.1423721456616e-05
LINC00426,-0.021973140115727156,7.665145226703451e-05
ANKS4B,-0.021974233304896708,7.6588387144335e-05
PLEK,-0.022020772204079272,7.39486456528305e-05
ENSG00000253154,-0.022279132774606615,6.0790718387207935e-05
ENSG00000274220,-0.02234892426182793,5.7636443006338714e-05
CACNB2,-0.02246355046286723,5.278975432217856e-05
ENSG00000260975,-0.022504893498782343,5.1138428311784474e-05
GPR35,-0.022710122348649855,4.364073959722528e-05
LCN15,-0.02279028518509889,4.100560654250404e-05
ENSG00000248514,-0.02287530701766633,3.837605755023874e-05
CD93,-0.022929958333292574,3.677118268886749e-05
ASIC4,-0.02293227001328111,3.6704723312702234e-05
TMEM272,-0.02299666869853567,3.489848738729014e-05
PRDX6,-0.02305525600032992,3.332885580689156e-05
CPNE5,-0.023075248443626073,3.280875105066645e-05
ENSG00000167046,-0.023104791582484165,3.2054278431604455e-05
IGFL2,-0.023161071634145824,3.066237666485017e-05
ESM1,-0.023174368797442994,3.0342006368041164e-05
HSPD1,-0.02320362096560934,2.964839001578319e-05
NDUFA3,-0.02322105352559905,2.9242230239445567e-05
ENSG00000259523,-0.023783091844721844,1.864975750654133e-05
HBB,-0.02379402402531386,1.848551034960017e-05
PSORS1C2,-0.023863767869623888,1.746965631092771e-05
UBE2D3,-0.024013469930806153,1.5465834741902108e-05
AQP4-AS1,-0.024049353638624545,1.5019158067336406e-05
SPINK7,-0.024088507373797967,1.4545816510108367e-05
PHLDA1-AS1,-0.02409746656151751,1.4439523846201778e-05
C4orf3,-0.024111924341689735,1.4269555834964515e-05
FARP1-AS1,-0.02424626957484076,1.2778821317871544e-05
FAM209B,-0.02424727213205598,1.2768276479238606e-05
LPO,-0.02433418833190501,1.188499406462159e-05
BMP6,-0.024465345393510834,1.0661670999303892e-05
TULP1,-0.024723613137139826,8.595142451874918e-06
SALRNA2,-0.024734420620658087,8.517610536032053e-06
TIE1,-0.0248492972860863,7.733753455275994e-06
CRNN,-0.024916869256995405,7.305409881397684e-06
SMIM22,-0.024920744982253783,7.281542218550656e-06
CD8B,-0.024921921673613828,7.274310634466881e-06
ICMT-DT,-0.024938661224576237,7.172175379297124e-06
TMC5,-0.02499553957121635,6.835284528078948e-06
RASAL2-AS1,-0.025003619532263786,6.78867258525373e-06
ENSG00000231703,-0.02505849878736514,6.480035522975753e-06
ENSG00000273312,-0.025062496785391887,6.458083580355881e-06
ENO1,-0.02507863576824227,6.370189849780521e-06
ADGRB3-DT,-0.025098646681587528,6.262798042255861e-06
PDGFRA,-0.025152141068848437,5.9841503592131536e-06
RIPOR3-AS1,-0.025153702318708608,5.976198866315369e-06
BNC2,-0.025186228784793426,5.812822068794777e-06
CD300LF,-0.025203766891915433,5.726512919155837e-06
FOXI1,-0.02532552006800336,5.160280315012328e-06
SPINK8,-0.02561132042026321,4.034061603075549e-06
ALDH1L1-AS2,-0.02581421671278872,3.381873429093235e-06
BEST3,-0.025935018886605668,3.0429444580972295e-06
LINC02109,-0.025997255811798074,2.8812970947609982e-06
TAX1BP1,-0.02615514391985274,2.5073364219619656e-06
DAZAP2,-0.026156950953827744,2.503338916227674e-06
FAM25A,-0.026180220129199253,2.4524065136403406e-06
EPHA5,-0.026181399912229487,2.449850838491472e-06
MYO1A,-0.026292119430572223,2.221056875535261e-06
CRIP1,-0.026334253003538085,2.1395005411453112e-06
CHRM1,-0.026374163664541244,2.064904898921371e-06
ENSG00000267582,-0.026458810360443844,1.9148743577364245e-06
TBXAS1,-0.02648662012711699,1.8679108850066299e-06
ARSF,-0.026511681094389783,1.8265390017984123e-06
KMO,-0.02691006842357816,1.276001048382954e-06
CTRC,-0.02699665850238079,1.1795239582914157e-06
ZMAT4,-0.027138642166198813,1.0363316444014487e-06
YBX3,-0.02717150266610605,1.0056594565086512e-06
ENSG00000272021,-0.02728474217611307,9.065142133502373e-07
ENSG00000261177,-0.02741387127805314,8.049336660323658e-07
PABPC3,-0.02757836412381565,6.913232622122833e-07
COA3,-0.027702296078800988,6.161018019662287e-07
GABRA1,-0.027766904864163954,5.800804752767985e-07
ITGA2B,-0.028070886643839745,4.36136563568983e-07
SYNE2,-0.028212335042770948,3.8155366894170343e-07
GLYCTK,-0.02828030976156346,3.5772868025837956e-07
ROBO4,-0.02828364542325008,3.5659728004002467e-07
KIF20A,-0.028714757734900478,2.360992658057908e-07
SDK1-AS1,-0.028865411086031478,2.041337456167089e-07
LINC02303,-0.028905153476300276,1.964247651279432e-07
ZNF578,-0.02895663407756752,1.8685625154524315e-07
LINC01750,-0.02902224687938489,1.7531240921706596e-07
GPR4,-0.029220803010088017,1.444255694321513e-07
TRAPPC1,-0.029288165848880623,1.3519675770810677e-07
SERP1,-0.029345004348526212,1.278558543979856e-07
KIF21B,-0.02937282599698983,1.2440464544608854e-07
CRISPLD2,-0.02974509955927272,8.60598870021816e-08
NCF4,-0.029752002925545622,8.547029132437249e-08
OXER1,-0.029818040210569084,8.002436150544918e-08
SMR3A,-0.0299563538309397,6.968533032464449e-08
ENSG00000269318,-0.030498889020368538,4.026650203530043e-08
ACVRL1,-0.030541985377233034,3.8534497015696244e-08
GRIN1,-0.03061343930738484,3.582080199198394e-08
RBFOX3,-0.030644477302839562,3.470063879474728e-08
RABAC1,-0.03065602411701557,3.429264637497178e-08
NLRX1,-0.030760668892244686,3.0801196532985267e-08
MMP2,-0.030913135356899442,2.632414532007748e-08
ENSG00000261216,-0.030937163153654558,2.567882708930019e-08
SLFN12L,-0.031018056161420327,2.3617155360213905e-08
KCNMA1,-0.03116853450070187,2.020106964379444e-08
ENSG00000271781,-0.03134285027051665,1.684162029656652e-08
ZBTB8B,-0.03136292131817411,1.6491568926369436e-08
FIS1,-0.03185512081428484,9.813760664716838e-09
FBXL22,-0.032222342114952326,6.6294946104466e-09
VCAN,-0.03246048421839203,5.128785551034383e-09
SIVA1,-0.03248372117613011,5.001455117590087e-09
LMOD3,-0.03248457585019737,4.99683093216469e-09
ANKRD62,-0.03269667524899007,3.9690937853315044e-09
CD3D,-0.032847193357529995,3.367810727947889e-09
PRR19,-0.03286517526167561,3.3022019552270372e-09
CALCA,-0.032899144179421476,3.1816416248476237e-09
CREG2,-0.033198487959309055,2.2888914308290582e-09
NPY2R-AS1,-0.03330811412245423,2.0273899280429844e-09
ERVMER34-1,-0.03338552508202375,1.8605132121156485e-09
CDH5,-0.03347477729884032,1.68468788082942e-09
DPYS,-0.03369534037615354,1.3167570968417992e-09
PCBP1,-0.033737980728055554,1.2552779627210276e-09
GSTA2,-0.03409025765923809,8.437678241895934e-10
TGM5,-0.03423633369450898,7.148004335557343e-10
GLRA3,-0.03426293872931357,6.934780475365022e-10
GRP,-0.034265217736567495,6.916806813137305e-10
GALNT4,-0.03434951819557255,6.282969266534645e-10
SLC5A12,-0.034486043613874126,5.374740625524696e-10
SON,-0.03465989294197519,4.40190206875039e-10
MEGF10,-0.03477443958230085,3.8572329235165966e-10
NID1,-0.034793446221693905,3.7734612755725047e-10
MT1H,-0.034963636892368144,3.098346577469329e-10
TOX2,-0.034979747754137924,3.0409209970959496e-10
MTDH,-0.03507260275704312,2.7296542706142676e-10
RCN3,-0.03520237990207512,2.3461875548939164e-10
SLC2A4,-0.035579470704907065,1.5066387985654397e-10
SEMA3D,-0.035843660674917156,1.1017315857045104e-10
SPINK4,-0.03586634022023232,1.0724117522458116e-10
MUC7,-0.035867580642736666,1.070830340094415e-10
HOXA3,-0.0358694889422577,1.0684019029642964e-10
APBA2,-0.03592087928118831,1.0049915999092032e-10
SQSTM1,-0.03598600321116593,9.299007295398592e-11
ENSG00000242317,-0.036057386700680365,8.53889637965381e-11
MAP10,-0.036116244312358485,7.958157425221288e-11
IGKC,-0.0361958322646892,7.233912553878125e-11
SLCO4A1-AS1,-0.03647275887152411,5.182060733051536e-11
ENSG00000226816,-0.03656362037626548,4.6423546244622534e-11
LRRC4C,-0.03674859726690158,3.708057804084504e-11
MAL,-0.036877550447927177,3.1683424406982406e-11
ATP8B3,-0.03692779388502865,2.97956454318799e-11
FDCSP,-0.036981736598939,2.7891397125695376e-11
CALB1,-0.037097757266552345,2.4190400424231763e-11
IK,-0.03712779846309637,2.331330184468395e-11
C6orf58,-0.037331290322626415,1.813963984896939e-11
ACSL6,-0.037396714756323675,1.6729015831678485e-11
ENSG00000273162,-0.03742833906771883,1.608624337777125e-11
RAB42,-0.03753357839618617,1.4116593019532642e-11
SLC13A5,-0.03753537136312962,1.4085171636035356e-11
ARHGEF25,-0.037559040405063235,1.367674175532415e-11
C17orf99,-0.037619940143799664,1.2678436965818029e-11
CST4,-0.037734185187551915,1.0994526259191335e-11
ENSG00000214546,-0.0377441477684624,1.0858528822741598e-11
CDC20B,-0.037800695134939354,1.0117268290644244e-11
APLNR,-0.03780256131326264,1.009366982324768e-11
PRB3,-0.03781429963125334,9.946466229216794e-12
C1orf220,-0.037852418922207164,9.48279078132934e-12
RPN1,-0.03793651322916286,8.533497081971905e-12
RPTN,-0.038232480260628456,5.876571343239369e-12
HMGN2,-0.038525923851966806,4.048587554663715e-12
ENSG00000223911,-0.03857883376734157,3.784418393370524e-12
PIF1,-0.03867145788888949,3.362059562862482e-12
NAP1L1,-0.03867985422024861,3.3261413738361054e-12
ENSG00000273456,-0.03872305727162088,3.1471916485833556e-12
COX14,-0.03874759749011549,3.0497849855303408e-12
RAB2A,-0.039066377832420396,2.023687909024213e-12
TFF2,-0.03965538446005169,9.404015704357584e-13
IGHG4,-0.039712299087697356,8.727652477243115e-13
CRX,-0.039898192813385865,6.834515976610214e-13
NR1I3,-0.04003643962495898,5.694095097931242e-13
SLC45A3,-0.040419628438166176,3.4220195393327634e-13
CXCL11,-0.040429144989170974,3.3788151010317893e-13
ENSG00000224746,-0.040710436968088536,2.3178872627567445e-13
LINC01554,-0.04115984636395584,1.2627507209485612e-13
ZNF648,-0.04149558020614197,7.98786621359663e-14
EIF4A2,-0.041639831484997905,6.553837394236912e-14
DAD1,-0.041911161925338086,4.508905136938503e-14
LINC02395,-0.04194922151872274,4.277655898081681e-14
B3GAT1,-0.042010380384603974,3.9302566486741036e-14
TMEM14B,-0.042143749385408304,3.266055578410026e-14
POLR2I,-0.04247861628471791,2.0467667638534388e-14
KLK6,-0.04259874317796918,1.7293454148973897e-14
OCIAD1,-0.042672454078350505,1.55910134163358e-14
PRB4,-0.04280320893372267,1.2967317334901231e-14
NOP10,-0.043294020361291215,6.4616099814518414e-15
CAPN2,-0.04377354095909556,3.2475000064876655e-15
ENSG00000274092,-0.04382693290500793,3.0066447537680456e-15
MAF,-0.04406807551020619,2.1204816660247786e-15
EPHA7,-0.04413976694232535,1.910704503383983e-15
LDLRAD3,-0.04424445505274387,1.6405943081855875e-15
MORF4L1,-0.04458608318240342,9.952519530284094e-16
C19orf73,-0.044638984882946105,9.208186741764551e-16
NICOL1,-0.04498951637878765,5.489061151739085e-16
KCNJ18,-0.04510409788900505,4.631101888303642e-16
SLITRK5,-0.0451632021190391,4.2416770674723985e-16
S100A1,-0.04526561024427127,3.6418871948261714e-16
ESPL1,-0.04537777667300667,3.0806210666693846e-16
ENSG00000272434,-0.04547013448771497,2.683212089722991e-16
ZNF416,-0.04600481874399625,1.199652430984142e-16
C5AR2,-0.046500301288953425,5.643177225894861e-17
UBE2QL1,-0.04666205204531996,4.404109638128073e-17
AOX1,-0.046793708249644975,3.597115804777949e-17
CD34,-0.047370418989541994,1.472461074762001e-17
TRAC,-0.04761056139945954,1.011921356683457e-17
XYLT1,-0.04770088235883968,8.783552540929174e-18
PNKD,-0.04848667189133884,2.535197145926914e-18
BANF1,-0.049332407117650044,6.509244891034954e-19
EIF4G2,-0.04975388567618966,3.2773379975925226e-19
CSF3,-0.050187822794226275,1.6073243714426403e-19
NRCAM,-0.050251047021911896,1.448109814681394e-19
LINC03051,-0.05027369684581925,1.394949872313282e-19
MIR9-2HG,-0.0506382025429505,7.623800032594978e-20
SPRY3,-0.050708333493706376,6.78382443923097e-20
KRT222,-0.05072341584109959,6.615500858258927e-20
CILP,-0.050744571539530825,6.386332147428994e-20
ABHD1,-0.05087602673813891,5.1282773752969493e-20
CD151,-0.05100107580532253,4.1601590579351687e-20
SEC61G,-0.05122681932136815,2.8479212465120985e-20
MT-ND3,-0.05137617431123414,2.2143464836808276e-20
MYBPC3,-0.05220108504665888,5.445357867010605e-21
GJC3,-0.05220570511721189,5.402409469896225e-21
VWF,-0.05250597527137637,3.224337423364986e-21
KHDC1L,-0.053096208205039026,1.1591844451455578e-21
PPM1N,-0.053662791323197366,4.296015534110639e-22
S100A7,-0.05377306075656873,3.5370639562271166e-22
IRF2BP1,-0.05390126333071569,2.8201717575394547e-22
CANX,-0.05397565278039265,2.4722485390546303e-22
LINC00987,-0.05418863894571812,1.6940998594435268e-22
ADAMTS10,-0.05446739608626473,1.0306988906806102e-22
ENSG00000260658,-0.05452925817483099,9.227660316997714e-23
UFC1,-0.054616974577229395,7.886449556247893e-23
MT-ND6,-0.05467198283200998,7.145799373630061e-23
IL18R1,-0.054909938940319696,4.658893147098385e-23
ENSG00000271933,-0.05578594587199662,9.495997392179303e-24
SNX3,-0.05591665733576121,7.47390879036987e-24
ENSG00000234862,-0.05616226044265418,4.758809207560863e-24
DEPDC7,-0.05640977642131104,3.0134455392859003e-24
DST,-0.05669834106864313,1.7645386210664172e-24
ISCU,-0.05670119136721279,1.755211575275378e-24
DYNLL1,-0.05686713343037815,1.2886341244090612e-24
CXCL10,-0.05690068336058047,1.2104593128838908e-24
MSLN,-0.0569249268161356,1.1569118120716975e-24
CDH6,-0.057010493237753576,9.860078158626964e-25
SMIM26,-0.05748305796274862,4.0609999578550524e-25
MRPL57,-0.05752034062494835,3.785344051181703e-25
ENSG00000267688,-0.057563372675018126,3.490163021070117e-25
ENSG00000272944,-0.05775646170827062,2.422764642500743e-25
PHPT1,-0.058221780077576626,1.0002471438722238e-25
NDUFB1,-0.05822511883532861,9.938928262963204e-26
LDHB,-0.05827277177116243,9.074424722996882e-26
NETO2,-0.058539617525309076,5.444052353402987e-26
CAPN14,-0.05854137250717451,5.425747877733572e-26
DYNLT1,-0.0587421053419611,3.688698412383687e-26
MRPS21,-0.05877775884704774,3.4438768723979435e-26
CNTNAP2,-0.05979260784844167,4.792634409461386e-27
RPS4Y1,-0.059952939520882105,3.498932640566649e-27
DNASE1L3,-0.06003054180373102,3.003798253607148e-27
RBX1,-0.06012766140847318,2.480963572235778e-27
NEU4,-0.06014686081553224,2.38883720772281e-27
PAX1,-0.060242987444982035,1.9761881387436978e-27
OSR1,-0.06070833874996946,7.85755082879576e-28
VPS28,-0.06075247001813402,7.196868535674378e-28
SLC1A3,-0.06088752543685371,5.498465053866839e-28
CLDN4,-0.06088867351176539,5.485883850265749e-28
FABP5,-0.06131089159615728,2.3556652439603606e-28
CPLX1,-0.06142208193460385,1.8836979678057069e-28
SCAMP1-AS1,-0.06169632434266527,1.0833528178318462e-28
PET100,-0.062142683679667285,4.3800652428784904e-29
IFITM3,-0.06243883067491274,2.3932693680595913e-29
FBN1,-0.06247963285619201,2.2015553624548574e-29
PRKCB,-0.0627047687348821,1.3874668438065648e-29
BCAM,-0.06308375172694344,6.354503433172157e-30
TM9SF2,-0.06321396844074531,4.8538463944022046e-30
NR2C2AP,-0.06343908954041756,3.042682856749231e-30
FAM111B,-0.0635303307969283,2.5167860227289497e-30
IGFL2-AS1,-0.0643325690459585,4.690159282276342e-31
ARF4,-0.06435182460989738,4.50362571319923e-31
NEDD8,-0.06486816954510823,1.5100037633898102e-31
RPL17,-0.06488792247147641,1.4479307395810735e-31
DNAJA1,-0.06502612801018609,1.0790501880387384e-31
TP53AIP1,-0.06505000477045418,1.025537197741054e-31
MYBL2,-0.06511117449539362,9.00164342393803e-32
TOMM20,-0.06538534030035455,5.010195925714627e-32
SELL,-0.06550444857297107,3.881261990233927e-32
CDC42,-0.0659465162394085,1.498589379253265e-32
COL14A1,-0.06621871698170323,8.314298124550105e-33
NDUFA13,-0.06646941300877914,4.822300218570596e-33
TMSB4X,-0.06656869941238212,3.8843275998287326e-33
CLCN1,-0.06663243755440595,3.3801608815564e-33
DCN,-0.06701399121033305,1.466535772547609e-33
COTL1,-0.06710566713032255,1.1990928352494453e-33
LINC00920,-0.06711369069374601,1.1781330096767357e-33
CAPS,-0.0675418042721209,4.583930102914619e-34
NEUROD2,-0.06797998331451563,1.7336216353879203e-34
BDKRB1,-0.06804756274578312,1.4913660508215536e-34
ZNF574,-0.06844584478907047,6.123623025728329e-35
ENSG00000255446,-0.0686213034680681,4.130412337916537e-35
COMT,-0.06871258994409707,3.3639246084192776e-35
NDUFAB1,-0.06920446919885692,1.1077988634177367e-35
ENTPD8,-0.06923100530927448,1.0431324521798868e-35
LSAMP,-0.06936098231529002,7.766926959751943e-36
FAM83C,-0.07007838145195322,1.5099162690574466e-36
HDLBP,-0.07039824981558769,7.2352252947995234e-37
IL6,-0.0707235356399769,3.412329875523597e-37
RBBP8NL,-0.0708421860030467,2.5919109247508975e-37
SNRPD3,-0.07125679240443489,9.879088308829345e-38
GABARAPL2,-0.07148841251531507,5.74954972849291e-38
FTL,-0.07178469854962227,2.869508805489331e-38
IFT25,-0.07270383188312249,3.2625232416443956e-39
SMDT1,-0.07271682036110536,3.1631817673412186e-39
HNRNPF,-0.07330165180276414,7.815415118633824e-40
NTRK2,-0.0735387752135151,4.419623942056194e-40
CST1,-0.07397715376564024,1.533185716291703e-40
SMO,-0.07409464323833227,1.1531939360502299e-40
CIRBP,-0.07414569773343882,1.0188053328027683e-40
CD74,-0.07427034826058052,7.525832295394964e-41
SERPINB1,-0.07471360879919828,2.552797634154612e-41
CXCL3,-0.07525671929961773,6.72818914597248e-42
RNF113A,-0.07594005014622235,1.2396517523137964e-42
CAMK1D,-0.07601178062071683,1.0370556734753823e-42
JUNB,-0.0762195134879609,6.179511390997463e-43
SLX1A,-0.07717368238012935,5.627003010055296e-44
FXYD6,-0.07729140279338494,4.178160116882354e-44
CDH7,-0.07810783509304257,5.234379154951689e-45
ATP6V0B,-0.07816849995802731,4.48181696283489e-45
TM4SF1,-0.0791059061275371,4.00990766681719e-46
GATA3,-0.07911727844056653,3.893494404416607e-46
CYP4B1,-0.07991705222039072,4.851753956976863e-47
TMEM179B,-0.0806150098569317,7.747118503277386e-48
SERPINE1,-0.0807612995225543,5.263330883991177e-48
RGS2,-0.08161367611047704,5.4577059205863115e-49
HCAR1,-0.08196637639922773,2.121812327311509e-49
RPS10,-0.08200683017202304,1.90341148893551e-49
C19orf53,-0.08207425642316984,1.588009414167967e-49
SF3B2,-0.08257400595815476,4.1273442085069308e-50
PTTG1IP,-0.08274712792658771,2.582978835592251e-50
GNG11,-0.08285035035822529,1.952325350716554e-50
CBFA2T3,-0.08291115465488207,1.655272755972622e-50
NUCKS1,-0.08351219262245568,3.2170499732512116e-51
KDELR1,-0.08362904787177249,2.336380728725792e-51
PPA1,-0.08380674400122633,1.435255498486317e-51
POLR2L,-0.0838501391644792,1.2740376500629246e-51
LTBP2,-0.08406054577527546,7.143302492533573e-52
ANAPC16,-0.08500005003600809,5.298395214192035e-53
MYL12A,-0.08504708015010685,4.64791943569399e-53
SEC61B,-0.08506350151152552,4.440056612131156e-53
LSM10,-0.0851354525640179,3.6331320764223025e-53
NDUFS8,-0.08547902177296281,1.390971697983737e-53
FKBP1A,-0.08580955742485645,5.502727882620004e-54
TMEM258,-0.08660477469894201,5.824207524023181e-55
CALHM6,-0.08703227618000003,1.726465567815229e-55
KRTCAP2,-0.08729744081653636,8.096408078530109e-56
EMSY-DT,-0.08740284206967976,5.988120235400827e-56
AGAP2-AS1,-0.0874493496832835,5.241265412961892e-56
C11orf58,-0.08785382517248265,1.6404792162538185e-56
ERGIC3,-0.08798888603144256,1.111729709539471e-56
MRPL41,-0.08803463193692534,9.743349060442301e-57
ENSG00000257764,-0.08876573079459303,1.1722671591107073e-57
SEC62,-0.08906680517174415,4.875988990633161e-58
RAN,-0.08928777131987654,2.5564422628074017e-58
SRRM1,-0.0896476688271183,8.90004456819669e-59
ATP5MK,-0.08997484996738264,3.3977497546741992e-59
SSR2,-0.09013062668933512,2.1455494182632737e-59
ST13,-0.09037462559644097,1.0425920596069075e-59
CD14,-0.0903924875521139,9.888640661972427e-60
ENSG00000263272,-0.0917406960722288,1.7683052985697974e-61
CALR,-0.09180053989778074,1.4770012231276331e-61
CNBP,-0.09204571202440921,7.0561071634680344e-62
SKAP1,-0.09225621148956574,3.736201557438248e-62
LINC02983,-0.09231412749206863,3.1357675933066577e-62
PSMD8,-0.09251933619819688,1.684089867780398e-62
LINC01116,-0.09318424610304434,2.2255113326199868e-63
IVL,-0.09333162003089521,1.4182642820413284e-63
TMEM219,-0.09363597043570886,5.580501008813295e-64
FYB1,-0.09380863505964002,3.2829750424568315e-64
MMP3,-0.09385372074002751,2.8578149009523637e-64
SARAF,-0.09424339146948336,8.594551928445173e-65
CUTA,-0.094287092651039,7.508727741799725e-65
ATP5PD,-0.09494166733998582,9.855716497846284e-66
MT-ND2,-0.09495845789876255,9.353752867510081e-66
SYNGR2,-0.09508429198117978,6.320011997684508e-66
ARL6IP4,-0.0961927366385937,1.9543806555704484e-67
SCP2,-0.09628106061179911,1.4789369619526936e-67
SUB1,-0.09645739833172849,8.470703750684172e-68
SELENOH,-0.0965744369518759,5.848332566038361e-68
LAMTOR4,-0.09674680755401384,3.3862790590410187e-68
GNB2,-0.09693563742832108,1.858923640839098e-68
CD99,-0.09704446102114378,1.314991381462796e-68
PRSS21,-0.09726235237157654,6.567422145572623e-69
RBP7,-0.09773236949805342,1.4609378639375105e-69
HNRNPA3,-0.09794968106550883,7.273615325486593e-70
KRT24,-0.09800573388350411,6.074566251523878e-70
PGLYRP4,-0.09880494794917322,4.6035047638181805e-71
PROM1,-0.09906242974600933,1.995988595314223e-71
SFN,-0.09932403728472432,8.519842139134473e-72
HSPE1,-0.1000638237780134,7.577922879645032e-73
BPIFB2,-0.10019832578768884,4.8712210827723664e-73
HSP90AA1,-0.10059318818343117,1.3265490297273172e-73
PRDX3,-0.10063196701635232,1.167138439939331e-73
CDT1,-0.10135709515154755,1.0554362106347031e-74
FBLN2,-0.10159525470980706,4.775134405811438e-75
IL1R2,-0.10162104385749907,4.3816525092242427e-75
MT-ND5,-0.10189041687010959,1.7822090641398689e-75
RNF125,-0.10206258578609638,1.0016298602313305e-75
ENSG00000272512,-0.10227941535155068,4.840947235803166e-76
ROMO1,-0.10235272940428546,3.7844821437641663e-76
LAMTOR5,-0.10289818002117956,6.0264105943288415e-77
SF3B6,-0.10344361136533922,9.502366408267953e-78
CYP3A5,-0.10404502317832073,1.225386378498002e-78
CCNI,-0.10427703204346442,5.542477143557594e-79
AZGP1,-0.10468765800752505,1.3550287086726963e-79
MAP7-AS1,-0.1047972661200395,9.29479387225561e-80
SNU13,-0.10507518455291433,3.567508398236675e-80
SLC25A3,-0.10561682432101152,5.478244147027279e-81
TOMM7,-0.10563501282526966,5.143305733787604e-81
PHYHIP,-0.10775232801357061,3.0826420175201865e-84
ADRA2A,-0.10780986253216653,2.514510734921907e-84
REEP5,-0.10799343511978936,1.3117659155159135e-84
NDUFV2,-0.10801198741334674,1.2282001439992037e-84
CRISP3,-0.1080162847017974,1.2096138366274382e-84
WDR83OS,-0.10816024206980375,7.255112129531863e-85
TRIR,-0.10819905237693968,6.320357041592812e-85
ANAPC11,-0.10833528670591232,3.893093574533607e-85
HSBP1,-0.10834675664914357,3.737355752039641e-85
SLC25A5,-0.1084717897500822,2.3942111705261703e-85
GRAMD1B,-0.10854170590299626,1.8660215621002426e-85
BCL11B,-0.10910967562456042,2.4487225262135874e-86
PRR4,-0.10963152308157328,3.7536099882700894e-87
TRIAP1,-0.10997968117319076,1.0686786891743912e-87
RUNX3,-0.110296073541555,3.4001333497078306e-88
LGR6,-0.11080116501985972,5.426264232843331e-89
TECR,-0.1112732854492376,9.686645803494353e-90
BSG,-0.11129276694818373,9.020379908006468e-90
CHMP2A,-0.11157150599507258,3.249455712704581e-90
NDUFB2,-0.11199651024965368,6.816184821681212e-91
MAFB,-0.11217647591081271,3.511873977049156e-91
COPS9,-0.11237632182871612,1.6794562092394135e-91
PSAP,-0.1125230922820583,9.76140363328621e-92
ARF5,-0.11287018812921004,2.6975010173416194e-92
B3GALT5-AS1,-0.11289349061012138,2.474002190475172e-92
AKAP12,-0.11341255189460545,3.586465812982901e-93
UBXN4,-0.11365311660447093,1.4608775922702175e-93
COPE,-0.11473542133002639,2.507922072019956e-95
UXT,-0.11519731912852152,4.372470868578519e-96
TMEM50A,-0.11551182630908419,1.325623939529874e-96
SNRPG,-0.11658929617011252,2.166694724788195e-98
UQCR11,-0.1166320400164303,1.838956547120545e-98
BCL2,-0.11725266993687927,1.6880062944704122e-99
SSR4,-0.11728253887167865,1.504232577812648e-99
SERPINB7,-0.1173086196298269,1.3601727520772965e-99
MT-ATP6,-0.11738752604381775,1.0028994242459096e-99
CYP2A6,-0.11780594965121129,1.986014740305907e-100
SLC26A4,-0.11819816393299817,4.3294556825510865e-101
KISS1,-0.11859657355421227,9.164930147667356e-102
CLDN7,-0.11861249030253973,8.612752256760698e-102
P4HB,-0.11896198440662153,2.1959975367390072e-102
HSP90B1,-0.11919621171862457,8.767310676613675e-103
CDH11,-0.1198133229477027,7.73398992549851e-104
ISLR,-0.12010500359030538,2.443793112481613e-104
UBE2S,-0.12012074186831842,2.2963181925038856e-104
ATP5MF,-0.12031925055293473,1.0465452225747224e-104
SCAND1,-0.12066062940495127,2.7009215727198434e-105
NDUFC1,-0.12100656845873328,6.818120753886283e-106
TWIST1,-0.12122466712149643,2.8565859552831643e-106
GAS1,-0.12161611021467106,5.970229566315437e-107
TMEM14C,-0.1216248884825213,5.763936749847657e-107
CLTA,-0.12200077928532933,1.2755846334884946e-107
LYZ,-0.12210275872959979,8.46538976233626e-108
CD24,-0.12311031039280969,1.4460815444312651e-109
LAPTM4A,-0.12312061843388673,1.3868621352282243e-109
MUCL1,-0.12418440224978033,1.81797727533598e-111
ATP5MJ,-0.12510406641879204,4.1568429689834746e-113
SRI,-0.125545699730097,6.704988043374679e-114
CPA4,-0.12562640577617806,4.8005095470730886e-114
MRPL52,-0.12574599812912332,2.924705867723812e-114
MT2A,-0.12591598195651885,1.4448933827681466e-114
NDUFB9,-0.1264595579042928,1.5054358205266166e-115
MT-ND1,-0.126616610904941,7.817660644655663e-116
FKBP2,-0.12716644539906571,7.83239380290964e-117
ATP6V1F,-0.12724924597633355,5.534008920049481e-117
ATP5ME,-0.1287871303165418,8.371186974565203e-120
ACTB,-0.12905009940283124,2.7355667386724178e-120
ZFAS1,-0.12965122822226768,2.1030347422317775e-121
OST4,-0.1299102327558503,6.936381483249323e-122
ATP1B1,-0.13075954452875446,1.797108990767968e-123
PADI1,-0.13107904866007203,4.518189729773097e-124
TMPRSS11A,-0.13119133720834683,2.7789154967855477e-124
PDIA6,-0.13126106160820025,2.054508443582519e-124
ARID5A,-0.13244498020566134,1.1871653713132377e-126
LINC00342,-0.13331361778460235,2.6251770063444067e-128
PRDM1,-0.13425755700213493,4.051653365093545e-130
TUFM,-0.13497411271885654,1.6736397241586812e-131
AURKAIP1,-0.13587813114411754,2.929248810832193e-133
SRP9,-0.13593968017215174,2.2217664856940668e-133
RPL36A,-0.13669112542060619,7.522980146876704e-135
YWHAB,-0.13769761608658504,7.832611669457912e-137
RPL36AL,-0.13873970651570308,6.690101492680762e-139
DUOXA2,-0.1392350606821459,6.863174933747905e-140
NDUFB11,-0.14000203930037133,1.9867747670454127e-141
CLDN22,-0.14062017742583638,1.1270253625219765e-142
ERH,-0.14076477590310366,5.748969286355429e-143
PAX7,-0.14125272758285287,5.898846237772004e-144
NCCRP1,-0.14211629920875873,1.0281466625541289e-145
LINC03078,-0.14243185402107716,2.326129553879504e-146
ZFP36L1,-0.14329241353791058,3.971269703970182e-148
LSM7,-0.14344697197464076,1.9066627543816104e-148
NDUFS5,-0.14387484518195887,2.490342825629298e-149
PARK7,-0.14394945094164707,1.745172987760498e-149
KLK14,-0.14397808834077686,1.5224465705115605e-149
UQCRQ,-0.1443975659186145,2.0538521694653526e-150
PDLIM1,-0.14455353552258182,9.737017347383568e-151
SPCS1,-0.1449714443246124,1.3125470458365903e-151
EIF3H,-0.14635871267705639,1.623061779757609e-154
TMED10,-0.14677134943089473,2.187093242371052e-155
NDUFB10,-0.14681796421865279,1.7432987376559395e-155
APOD,-0.14686927542071562,1.3580486030102391e-155
TALDO1,-0.146960200382305,8.722285046614e-156
EGFL6,-0.14708745492943873,4.691465972838983e-156
APRT,-0.1470910102967718,4.610844759393058e-156
ITM2A,-0.14825938060261534,1.5122637132407657e-158
JTB,-0.14884637217166713,8.391777898534407e-160
SLC22A18AS,-0.14901435598309767,3.660393382718884e-160
P2RY1,-0.1490909935631863,2.5061032389426773e-160
POSTN,-0.14950419276776347,3.238958367427275e-161
IL19,-0.1496590108093443,1.5024684039723555e-161
ID1,-0.1496664972779854,1.4476529783705675e-161
BRK1,-0.15055290626781115,1.7522884274969995e-163
SAP18,-0.15263292385666918,4.996729916692445e-168
SNRPD2,-0.1526591982077578,4.373797921633882e-168
C12orf57,-0.15271256832648894,3.3370638089769453e-168
HNRNPK,-0.1528011399738592,2.129509056348482e-168
SPRR2A,-0.15305715055354724,5.804090496890028e-169
ATP6V1B1,-0.15344182162650005,8.196223144723467e-170
NCL,-0.15392463575072657,6.973324694161838e-171
TMED2,-0.15419091957926892,1.7852875617083205e-171
HNRNPA1,-0.15451535941419817,3.382961280515638e-172
CEACAM6,-0.15461959279649032,1.9809314849538913e-172
TXNDC17,-0.15498065528018296,3.0936878078569527e-173
ALDH2,-0.1553917653955142,3.714588039048143e-174
SPCS2,-0.15549663244530085,2.1611335923877215e-174
RPL23,-0.1557911657106446,4.7110786007183533e-175
RBM8A,-0.15748770715546145,6.869465662137135e-179
PSMA7,-0.157684138189635,2.4543842713947923e-179
EIF3F,-0.15787055509937917,9.230156886799667e-180
CRIP2,-0.1583190247632185,8.734877950558904e-181
CENPW,-0.15937635098076747,3.274099069628486e-183
SEM1,-0.159717599686754,5.351018707609613e-184
FOSL1,-0.15980363620669064,3.387068814919836e-184
SYT8,-0.1600452451421078,9.364341623293778e-185
SPOCK3,-0.16025277013809364,3.098771846609848e-185
EDF1,-0.16074494377350199,2.236189076077277e-186
ATP5F1C,-0.16116467564746798,2.3602730270178486e-187
ATP5PF,-0.16126547669935853,1.374169898213999e-187
ATP5F1D,-0.16199462453997276,2.717234415143019e-189
SIX3,-0.16219807841942524,9.062383906377196e-190
ANXA11,-0.16255590006899642,1.309184966757711e-190
PSMB6,-0.16345796993401987,9.774666810855678e-193
MT-CYB,-0.16354135228774194,6.206942483501699e-193
MT-CO2,-0.1635980249483136,4.5579490568715315e-193
SOD1,-0.16607603634463067,5.584961128976325e-199
NPM1,-0.166419561213872,8.319261187166327e-200
MDH2,-0.16680836656131004,9.593463944986341e-201
YWHAZ,-0.16717911226978194,1.2169958624866021e-201
APP,-0.16728397037698994,6.781065771601512e-202
NDUFB4,-0.1675852404260489,1.2607104498831523e-202
BCAP31,-0.16804059121374937,9.85371725192145e-204
EPHX1,-0.16913807893174973,2.0531931938158169e-206
EEF1B2,-0.17066602733999198,3.5392882430706434e-210
UQCRB,-0.17183230062381794,4.489017850257035e-213
COX8A,-0.1723996360575965,1.7197451377194249e-214
EEF2,-0.1739454249038717,2.2406933585551122e-218
STATH,-0.17525725486929286,1.0579527200643982e-221
MGP,-0.17571237018285274,7.318201657210741e-223
PIGR,-0.17689241785252477,6.94463262633632e-226
MT-CO1,-0.17709256482377328,2.122413157496907e-226
RPL38,-0.17861522590370543,2.4544945020558703e-230
LGALS3BP,-0.17968201856260108,4.077409050824457e-233
TSC22D1,-0.18050654819930492,2.8181060464494443e-235
HMGN1,-0.18136897233977303,1.5099453406356119e-237
PSMB1,-0.18272426668762484,3.8616971669286156e-241
FER1L6,-0.18350306575685238,3.233496599681567e-243
S100A14,-0.18369041863281604,1.0199596696786919e-243
COX5A,-0.1837636172430787,6.496200582053884e-244
RPL26,-0.1847082996904868,1.8907603144655807e-246
PDIA3,-0.18478087798773632,1.2056560662868226e-246
RPS20,-0.18506006362749902,2.131898703642875e-247
ARPC3,-0.1874358342475424,7.523862360753008e-254
COMMD6,-0.18888230059748817,8.031961832667042e-258
CCDC80,-0.18968663562540722,4.810200991449982e-260
RAC1,-0.19159303766240146,2.363808131876883e-265
CXCL17,-0.1920007904125309,1.7013117211491155e-266
NUCB2,-0.1924061695626006,1.2360020253278764e-267
NDUFB7,-0.19294445831528426,3.7661848893805003e-269
S100A13,-0.1934797472841195,1.1580156933171175e-270
HLA-E,-0.19406957931280822,2.4672998645393555e-272
COX7B,-0.19414601608907514,1.4969629965974414e-272
MT-CO3,-0.19522232087900862,1.287394520695365e-275
XBP1,-0.19522570972538464,1.2590147224120636e-275
GUK1,-0.19531208969605462,7.131974511040861e-276
IFITM1,-0.1965985571706008,1.4566025627566813e-279
PRDX2,-0.1967730441007258,4.579966337188524e-280
ATP5F1A,-0.1968365505519906,3.005108685395974e-280
ITM2C,-0.19732636537003492,1.1594544114069148e-281
KRT7,-0.1979361878917654,1.9906913062758316e-283
NDUFA1,-0.19917549081013852,4.937067128984711e-287
SH3BGRL3,-0.20050667912920572,6.215851229133472e-291
SCPEP1,-0.2006376559816204,2.5601193322359312e-291
ATP6V1G1,-0.2012574433272728,3.8158794294673e-293
RPS11,-0.20336716438087554,2.0795244768763322e-299
CYP26A1,-0.20407231852289734,1.6166206475384402e-301
YBX1,-0.2042301791214195,5.436354749545962e-302
CFL1,-0.205476225648224,9.670262011623849e-306
HCAR3,-0.20549996736119364,8.198776090948848e-306
PSME1,-0.20583267567832775,8.09419437253349e-307
ATP5F1B,-0.20608486832218778,1.395629163270184e-307
SPRR3,-0.20662979440312235,3.102930151623286e-309
KRT13,-0.2075157319281358,0.0
KRT14,-0.20772206899070625,0.0
KRT10,-0.20808659136729807,0.0
COX6B1,-0.20960762748145884,0.0
DLK2,-0.21007859373935725,0.0
IFI27,-0.21088138221970615,0.0
POMP,-0.21530235857948654,0.0
DUSP2,-0.21632932930549756,0.0
TPI1,-0.2165436048338849,0.0
UQCRH,-0.2166078230026081,0.0
FTH1,-0.22106291952188242,0.0
RPL4,-0.2212239844756101,0.0
CHCHD10,-0.22179186583209812,0.0
RPL27,-0.22192381585193124,0.0
RPS29,-0.22219094509443466,0.0
ATP5MC3,-0.22275712847394838,0.0
HIGD2A,-0.22286947432422652,0.0
CXCL8,-0.22353530843107072,0.0
C19orf33,-0.22357105344052375,0.0
SLC25A6,-0.22404544331265336,0.0
F3,-0.22658553086899502,0.0
LTF,-0.229238372431754,0.0
RPS17,-0.22963166841192476,0.0
MMP7,-0.23189285384690933,0.0
TFF3,-0.23247940867115255,0.0
PRKAR2B,-0.23283894717114498,0.0
EEF1D,-0.23294198545288697,0.0
S100A8,-0.2347346454376227,0.0
IGFBP2,-0.23538477392162982,0.0
DUSP23,-0.2375745906811419,0.0
EIF3K,-0.23850884611268802,0.0
DHRS9,-0.2403056323913385,0.0
FCGBP,-0.2403787029876388,0.0
SAA2,-0.2407240184261404,0.0
RPL27A,-0.24146934880257795,0.0
RIMS1,-0.24191250643052278,0.0
ANKRD36C,-0.2424716537679687,0.0
KRT18,-0.24372479737172772,0.0
EID1,-0.24443257696783666,0.0
S100A4,-0.24486000999145427,0.0
EPAS1,-0.2459762122934902,0.0
S100A9,-0.24675097381420402,0.0
ANXA1,-0.24878547962390624,0.0
CHST9,-0.24918605388027382,0.0
PSME2,-0.24920734057979732,0.0
RPL31,-0.25136386325798543,0.0
GSN,-0.25273755071385623,0.0
ELF3,-0.25366712383582113,0.0
SPARCL1,-0.2562916992398791,0.0
TMEM59,-0.25792179057224063,0.0
SCGB3A1,-0.26009712143795716,0.0
C15orf48,-0.2645277064791635,0.0
RPL7,-0.26638151537041105,0.0
MUC16,-0.2673583757752514,0.0
TCN1,-0.26971046113512614,0.0
FBLN1,-0.2725132655177963,0.0
SCGB1A1,-0.2731508878624914,0.0
MMP10,-0.2820732963742171,0.0
KRT6A,-0.28588937676747295,0.0
ADIRF,-0.2917196025283863,0.0
CEACAM5,-0.29398229850107016,0.0
KRT4,-0.29583870929998185,0.0
GSTA1,-0.2964386526082665,0.0
LYNX1,-0.298380792464905,0.0
LGALS7B,-0.2986085041842964,0.0
HES1,-0.29879209616579555,0.0
MUC5B,-0.30194784492778515,0.0
SAA1,-0.30411447708680106,0.0
BBLN,-0.3059157319482738,0.0
PABPC1,-0.3076250788167639,0.0
MUC5AC,-0.3122061033578354,0.0
SOX4,-0.3122106310295695,0.0
BTF3,-0.3128300575929591,0.0
CLEC2B,-0.31374045826612973,0.0
RARRES1,-0.3155954791556488,0.0
PSCA,-0.3206227158689072,0.0
CXCL6,-0.32393295508918785,0.0
BPIFA1,-0.3247323940064063,0.0
ALDOA,-0.32532100330223307,0.0
TMEM45A,-0.3259935692037044,0.0
FMO2,-0.32878739660682765,0.0
HLA-A,-0.3304284999367128,0.0
CXCL1,-0.33646409871391947,0.0
AQP3,-0.33832726973305927,0.0
KRT15,-0.33871283556233334,0.0
SERPINB4,-0.3417149001854355,0.0
MT1X,-0.3422210587719914,0.0
NDRG2,-0.34678600871737403,0.0
CLU,-0.34724390392383864,0.0
TSPAN1,-0.35038260716786146,0.0
LYPD2,-0.36088153748189566,0.0
HSPB1,-0.36327684230429114,0.0
NTS,-0.36380913824608635,0.0
PI3,-0.36512774712135787,0.0
PLPP2,-0.37097180704778027,0.0
PKM,-0.3714429791629736,0.0
FXYD3,-0.3721915434731557,0.0
KRT17,-0.37852080235194047,0.0
AGR2,-0.3802481250691094,0.0
ADH7,-0.3841214970456775,0.0
KRT5,-0.3865486349421915,0.0
CP,-0.3919606153011611,0.0
DDIT4,-0.3943175761755151,0.0
AKR1C2,-0.3958756015163177,0.0
WFDC2,-0.40346078957967635,0.0
LY6D,-0.40726347130488283,0.0
TIMP1,-0.420876509080952,0.0
CYBA,-0.42454357293342504,0.0
GLUL,-0.42500913011106545,0.0
CYP2F1,-0.43087141294721387,0.0
ALDH3A1,-0.4332082100052351,0.0
MSMB,-0.4381146722743416,0.0
S100P,-0.4441062012812734,0.0
ALDH1A1,-0.44861146689820647,0.0
ADH1C,-0.45175215025277526,0.0
SERPINF1,-0.452741708610289,0.0
S100A2,-0.4538473016871056,0.0
TSPAN8,-0.4550412075956087,0.0
TACSTD2,-0.4587540037936927,0.0
PERP,-0.4593645465583185,0.0
FAM3D,-0.4678120230516204,0.0
BPIFB1,-0.47026074363551085,0.0
KLK11,-0.47486346352305203,0.0
LCN2,-0.4770818014853526,0.0
KRT19,-0.4794508157702721,0.0
LY6E,-0.4897474497667408,0.0
SERPINB3,-0.49056529139181926,0.0
VMO1,-0.5193531502745632,0.0
PRSS23,-0.5389531180353875,0.0
AQP5,-0.5736690683157836,0.0
MDK,-0.5818498292539608,0.0
